Time,dun_laoghaire_peoples_park_total,dun_laoghaire_peoples_park_in,dun_laoghaire_peoples_park_out,dun_laoghaire_seapoint_beach_total,dun_laoghaire_seapoint_beach_in,dun_laoghaire_seapoint_beach_out,dun_laoghaire_york_road_total,dun_laoghaire_york_road_in,dun_laoghaire_york_road_out,glenageary_total,glenageary_in,glenageary_out,n11_totem_inbound_total,n11_totem_inbound_in,n11_totem_inbound_out,rock_road_park_total,rock_road_park_in,rock_road_park_out,wyattville_road_bicycles_towards_n11_total,wyattville_road_bicycles_towards_n11_in,wyattville_road_bicycles_towards_n11_out,wyattville_road_park_gates_total,wyattville_road_park_gates_in,wyattville_road_park_gates_out,wyattville_road_steps_total,wyattville_road_steps_in,wyattville_road_steps_out
01/01/2025 00:00,5,1,4,0,0,0,22,12,10,7,2,5,,,,2,1,1,,,,,,,,,
01/01/2025 01:00,11,7,4,3,3,0,9,2,7,0,0,0,,,,0,0,0,,,,,,,,,
01/01/2025 02:00,3,2,1,1,0,1,0,0,0,2,0,2,,,,5,5,0,,,,,,,,,
01/01/2025 03:00,2,2,0,2,2,0,1,1,0,2,2,0,,,,0,0,0,,,,,,,,,
01/01/2025 04:00,3,3,0,1,1,0,1,1,0,0,0,0,,,,1,1,0,,,,,,,,,
01/01/2025 05:00,2,2,0,0,0,0,2,2,0,0,0,0,,,,2,1,1,,,,,,,,,
01/01/2025 06:00,4,2,2,2,0,2,1,0,1,0,0,0,,,,0,0,0,,,,,,,,,
01/01/2025 07:00,16,7,9,4,3,1,6,4,2,2,1,1,,,,3,3,0,,,,,,,,,
01/01/2025 08:00,48,25,23,21,11,10,9,3,6,8,3,5,,,,5,3,2,,,,,,,,,
01/01/2025 09:00,123,68,55,41,27,14,19,11,8,17,8,9,,,,29,25,4,,,,,,,,,
01/01/2025 10:00,230,121,109,54,27,27,48,28,20,31,19,12,,,,70,42,28,,,,,,,,,
01/01/2025 11:00,526,266,260,75,51,24,71,49,22,42,18,24,,,,88,55,33,,,,,,,,,
01/01/2025 12:00,835,463,372,106,56,50,71,43,28,52,28,24,,,,180,113,67,,,,,,,,,
01/01/2025 13:00,927,453,474,119,66,53,135,60,75,50,29,21,,,,201,111,90,,,,,,,,,
01/01/2025 14:00,1088,554,534,153,77,76,130,72,58,56,28,28,,,,206,125,81,,,,,,,,,
01/01/2025 15:00,1020,492,528,157,82,75,103,59,44,61,22,39,,,,180,100,80,,,,,,,,,
01/01/2025 16:00,709,333,376,88,46,42,100,50,50,45,19,26,,,,126,61,65,,,,,,,,,
01/01/2025 17:00,281,151,130,38,16,22,36,17,19,21,9,12,,,,46,16,30,,,,,,,,,
01/01/2025 18:00,74,46,28,25,11,14,12,5,7,13,8,5,,,,12,6,6,,,,,,,,,
01/01/2025 19:00,81,40,41,15,8,7,14,4,10,11,7,4,,,,17,8,9,,,,,,,,,
01/01/2025 20:00,70,36,34,15,6,9,7,6,1,7,6,1,,,,11,4,7,,,,,,,,,
01/01/2025 21:00,28,12,16,9,4,5,9,4,5,13,7,6,,,,4,1,3,,,,,,,,,
01/01/2025 22:00,6,2,4,2,1,1,4,1,3,2,2,0,,,,1,0,1,,,,,,,,,
01/01/2025 23:00,2,0,2,5,3,2,1,0,1,0,0,0,,,,0,0,0,,,,,,,,,
02/01/2025 00:00,0,0,0,4,4,0,0,0,0,2,0,2,,,,0,0,0,,,,,,,,,
02/01/2025 01:00,1,0,1,0,0,0,0,0,0,0,0,0,,,,1,1,0,,,,,,,,,
02/01/2025 02:00,0,0,0,0,0,0,0,0,0,0,0,0,,,,1,1,0,,,,,,,,,
02/01/2025 03:00,0,0,0,2,2,0,0,0,0,0,0,0,,,,0,0,0,,,,,,,,,
02/01/2025 04:00,0,0,0,0,0,0,0,0,0,0,0,0,,,,0,0,0,,,,,,,,,
02/01/2025 05:00,2,1,1,2,1,1,0,0,0,1,1,0,,,,2,1,1,,,,,,,,,
02/01/2025 06:00,15,3,12,3,0,3,2,0,2,2,1,1,,,,4,3,1,,,,,,,,,
02/01/2025 07:00,38,24,14,14,10,4,14,9,5,7,2,5,,,,14,6,8,,,,,,,,,
02/01/2025 08:00,90,42,48,27,14,13,24,14,10,15,7,8,,,,25,14,11,,,,,,,,,
02/01/2025 09:00,103,47,56,24,14,10,29,15,14,26,14,12,,,,33,19,14,,,,,,,,,
02/01/2025 10:00,194,98,96,36,18,18,30,15,15,28,17,11,,,,64,41,23,,,,,,,,,
02/01/2025 11:00,411,222,189,41,30,11,46,31,15,37,20,17,,,,86,53,33,,,,,,,,,
02/01/2025 12:00,560,289,271,70,45,25,68,36,32,28,16,12,,,,121,66,55,,,,,,,,,
02/01/2025 13:00,516,267,249,68,27,41,53,31,22,40,24,16,,,,134,86,48,,,,,,,,,
02/01/2025 14:00,459,221,238,66,28,38,47,20,27,36,22,14,,,,87,55,32,,,,,,,,,
02/01/2025 15:00,452,231,221,69,25,44,52,35,17,56,21,35,,,,94,58,36,,,,,,,,,
02/01/2025 16:00,358,180,178,55,28,27,36,20,16,36,16,20,,,,105,39,66,,,,,,,,,
02/01/2025 17:00,162,88,74,52,24,28,44,20,24,20,7,13,,,,61,29,32,,,,,,,,,
02/01/2025 18:00,124,68,56,54,22,32,30,19,11,21,13,8,,,,33,16,17,,,,,,,,,
02/01/2025 19:00,113,64,49,19,10,9,26,13,13,12,7,5,,,,17,9,8,,,,,,,,,
02/01/2025 20:00,66,35,31,20,9,11,17,11,6,4,2,2,,,,16,9,7,,,,,,,,,
02/01/2025 21:00,44,22,22,15,6,9,5,4,1,7,3,4,,,,10,5,5,,,,,,,,,
02/01/2025 22:00,22,8,14,11,4,7,7,1,6,4,1,3,,,,3,1,2,,,,,,,,,
02/01/2025 23:00,4,3,1,4,0,4,4,1,3,4,2,2,,,,2,0,2,,,,,,,,,
03/01/2025 00:00,0,0,0,0,0,0,0,0,0,0,0,0,,,,1,0,1,,,,,,,,,
03/01/2025 01:00,4,1,3,1,1,0,1,0,1,0,0,0,,,,1,1,0,,,,,,,,,
03/01/2025 02:00,0,0,0,0,0,0,0,0,0,0,0,0,,,,0,0,0,,,,,,,,,
03/01/2025 03:00,0,0,0,0,0,0,0,0,0,0,0,0,,,,0,0,0,,,,,,,,,
03/01/2025 04:00,0,0,0,0,0,0,0,0,0,0,0,0,,,,0,0,0,,,,,,,,,
03/01/2025 05:00,2,1,1,2,0,2,0,0,0,1,1,0,,,,1,1,0,,,,,,,,,
03/01/2025 06:00,17,4,13,6,4,2,1,1,0,7,4,3,,,,4,2,2,,,,,,,,,
03/01/2025 07:00,34,20,14,10,5,5,6,3,3,11,6,5,,,,24,12,12,,,,,,,,,
03/01/2025 08:00,75,43,32,23,8,15,16,10,6,23,8,15,,,,26,15,11,,,,,,,,,
03/01/2025 09:00,140,72,68,30,16,14,23,18,5,20,14,6,,,,29,15,14,,,,,,,,,
03/01/2025 10:00,212,105,107,43,24,19,42,18,24,22,16,6,,,,53,32,21,,,,,,,,,
03/01/2025 11:00,286,140,146,46,18,28,39,25,14,40,23,17,,,,82,49,33,,,,,,,,,
03/01/2025 12:00,410,190,220,70,42,28,55,31,24,39,16,23,,,,108,68,40,,,,,,,,,
03/01/2025 13:00,517,282,235,89,53,36,50,32,18,38,22,16,,,,94,51,43,,,,,,,,,
03/01/2025 14:00,443,196,247,80,29,51,61,43,18,46,23,23,,,,106,65,41,,,,,,,,,
03/01/2025 15:00,409,200,209,56,33,23,36,18,18,42,23,19,,,,111,59,52,,,,,,,,,
03/01/2025 16:00,285,159,126,64,38,26,56,26,30,47,21,26,,,,69,42,27,,,,,,,,,
03/01/2025 17:00,154,96,58,52,23,29,36,19,17,22,9,13,,,,62,27,35,,,,,,,,,
03/01/2025 18:00,115,66,49,49,24,25,24,12,12,15,10,5,,,,27,15,12,,,,,,,,,
03/01/2025 19:00,63,31,32,20,8,12,22,11,11,7,2,5,,,,15,5,10,,,,,,,,,
03/01/2025 20:00,59,27,32,10,6,4,11,5,6,6,3,3,,,,10,7,3,,,,,,,,,
03/01/2025 21:00,39,21,18,5,1,4,15,6,9,4,2,2,,,,6,1,5,,,,,,,,,
03/01/2025 22:00,17,11,6,12,5,7,7,5,2,7,4,3,,,,5,2,3,,,,,,,,,
03/01/2025 23:00,5,4,1,1,0,1,1,1,0,2,0,2,,,,1,1,0,,,,,,,,,
04/01/2025 00:00,0,0,0,0,0,0,4,4,0,2,2,0,,,,1,0,1,,,,,,,,,
04/01/2025 01:00,0,0,0,1,1,0,0,0,0,2,0,2,,,,0,0,0,,,,,,,,,
04/01/2025 02:00,3,3,0,0,0,0,4,2,2,0,0,0,,,,0,0,0,,,,,,,,,
04/01/2025 03:00,0,0,0,0,0,0,0,0,0,0,0,0,,,,0,0,0,,,,,,,,,
04/01/2025 04:00,0,0,0,0,0,0,0,0,0,0,0,0,,,,0,0,0,,,,,,,,,
04/01/2025 05:00,2,1,1,0,0,0,1,1,0,0,0,0,,,,0,0,0,,,,,,,,,
04/01/2025 06:00,6,3,3,4,1,3,3,2,1,0,0,0,,,,2,1,1,,,,,,,,,
04/01/2025 07:00,22,9,13,11,6,5,6,3,3,3,2,1,,,,10,5,5,,,,,,,,,
04/01/2025 08:00,68,35,33,23,14,9,20,14,6,15,10,5,,,,28,14,14,,,,,,,,,
04/01/2025 09:00,129,62,67,43,21,22,23,13,10,22,12,10,,,,51,31,20,,,,,,,,,
04/01/2025 10:00,280,134,146,78,42,36,57,25,32,43,24,19,,,,102,68,34,,,,,,,,,
04/01/2025 11:00,351,174,177,87,48,39,50,26,24,38,22,16,,,,157,93,64,,,,,,,,,
04/01/2025 12:00,410,206,204,78,42,36,75,40,35,53,30,23,,,,150,72,78,,,,,,,,,
04/01/2025 13:00,478,244,234,70,30,40,60,33,27,52,28,24,,,,118,74,44,,,,,,,,,
04/01/2025 14:00,395,186,209,71,29,42,52,27,25,35,14,21,,,,110,52,58,,,,,,,,,
04/01/2025 15:00,168,80,88,52,24,28,42,23,19,19,12,7,,,,73,33,40,,,,,,,,,
04/01/2025 16:00,174,73,101,33,17,16,37,24,13,23,13,10,,,,55,26,29,,,,,,,,,
04/01/2025 17:00,82,51,31,26,13,13,42,15,27,11,5,6,,,,22,9,13,,,,,,,,,
04/01/2025 18:00,53,31,22,20,9,11,13,4,9,7,5,2,,,,16,9,7,,,,,,,,,
04/01/2025 19:00,50,21,29,13,7,6,18,11,7,6,3,3,,,,5,3,2,,,,,,,,,
04/01/2025 20:00,20,13,7,8,3,5,0,0,0,4,4,0,,,,1,0,1,,,,,,,,,
04/01/2025 21:00,3,0,3,0,0,0,2,1,1,1,0,1,,,,6,3,3,,,,,,,,,
04/01/2025 22:00,4,3,1,0,0,0,1,0,1,5,0,5,,,,0,0,0,,,,,,,,,
04/01/2025 23:00,1,0,1,1,1,0,1,0,1,1,0,1,,,,2,2,0,,,,,,,,,
05/01/2025 00:00,0,0,0,0,0,0,0,0,0,3,2,1,,,,2,2,0,,,,,,,,,
05/01/2025 01:00,0,0,0,0,0,0,0,0,0,0,0,0,,,,0,0,0,,,,,,,,,
05/01/2025 02:00,2,2,0,0,0,0,1,0,1,0,0,0,,,,0,0,0,,,,,,,,,
05/01/2025 03:00,1,1,0,0,0,0,0,0,0,0,0,0,,,,0,0,0,,,,,,,,,
05/01/2025 04:00,2,1,1,0,0,0,0,0,0,0,0,0,,,,0,0,0,,,,,,,,,
05/01/2025 05:00,0,0,0,0,0,0,0,0,0,0,0,0,,,,1,1,0,,,,,,,,,
05/01/2025 06:00,1,1,0,0,0,0,1,1,0,0,0,0,,,,0,0,0,,,,,,,,,
05/01/2025 07:00,12,7,5,3,1,2,4,1,3,1,0,1,,,,4,3,1,,,,,,,,,
05/01/2025 08:00,34,13,21,20,9,11,9,5,4,10,3,7,,,,30,17,13,,,,,,,,,
05/01/2025 09:00,49,31,18,20,7,13,24,12,12,2,1,1,,,,57,29,28,,,,,,,,,
05/01/2025 10:00,83,51,32,27,12,15,27,15,12,12,5,7,,,,43,24,19,,,,,,,,,
05/01/2025 11:00,96,44,52,36,21,15,35,15,20,25,10,15,,,,51,31,20,,,,,,,,,
05/01/2025 12:00,107,60,47,42,20,22,23,15,8,33,21,12,,,,60,36,24,,,,,,,,,
05/01/2025 13:00,45,26,19,21,12,9,20,8,12,2,1,1,,,,16,7,9,,,,,,,,,
05/01/2025 14:00,29,19,10,8,7,1,3,2,1,5,1,4,,,,23,9,14,,,,,,,,,
05/01/2025 15:00,21,14,7,8,4,4,9,4,5,9,4,5,,,,16,9,7,,,,,,,,,
05/01/2025 16:00,32,15,17,20,6,14,6,2,4,11,4,7,,,,16,6,10,,,,,,,,,
05/01/2025 17:00,17,11,6,3,2,1,5,4,1,2,1,1,,,,4,2,2,,,,,,,,,
05/01/2025 18:00,10,7,3,8,3,5,4,2,2,3,2,1,,,,7,6,1,,,,,,,,,
05/01/2025 19:00,4,1,3,6,2,4,4,2,2,6,3,3,,,,11,7,4,,,,,,,,,
05/01/2025 20:00,10,6,4,4,0,4,4,3,1,1,1,0,,,,7,5,2,,,,,,,,,
05/01/2025 21:00,3,2,1,0,0,0,4,4,0,2,1,1,,,,4,2,2,,,,,,,,,
05/01/2025 22:00,3,1,2,3,3,0,1,0,1,0,0,0,,,,0,0,0,,,,,,,,,
05/01/2025 23:00,4,4,0,0,0,0,1,1,0,0,0,0,,,,0,0,0,,,,,,,,,
06/01/2025 00:00,0,0,0,0,0,0,0,0,0,0,0,0,,,,0,0,0,,,,,,,,,
06/01/2025 01:00,0,0,0,0,0,0,0,0,0,0,0,0,,,,0,0,0,,,,,,,,,
06/01/2025 02:00,0,0,0,0,0,0,0,0,0,0,0,0,,,,0,0,0,,,,,,,,,
06/01/2025 03:00,0,0,0,0,0,0,0,0,0,0,0,0,,,,0,0,0,,,,,,,,,
06/01/2025 04:00,0,0,0,0,0,0,0,0,0,0,0,0,,,,0,0,0,,,,,,,,,
06/01/2025 05:00,3,1,2,1,0,1,1,0,1,2,2,0,,,,0,0,0,,,,,,,,,
06/01/2025 06:00,24,8,16,11,4,7,18,8,10,6,5,1,,,,16,11,5,,,,,,,,,
06/01/2025 07:00,42,22,20,36,15,21,9,5,4,8,3,5,,,,21,13,8,,,,,,,,,
06/01/2025 08:00,76,33,43,29,16,13,22,13,9,29,11,18,,,,44,31,13,,,,,,,,,
06/01/2025 09:00,114,48,66,23,12,11,19,11,8,29,13,16,,,,45,18,27,,,,,,,,,
06/01/2025 10:00,144,79,65,35,21,14,17,11,6,21,12,9,,,,40,26,14,,,,,,,,,
06/01/2025 11:00,192,83,109,40,20,20,33,21,12,31,19,12,,,,66,41,25,,,,,,,,,
06/01/2025 12:00,221,104,117,42,23,19,42,24,18,33,16,17,,,,60,38,22,,,,,,,,,
06/01/2025 13:00,259,138,121,55,25,30,48,29,19,36,25,11,,,,72,43,29,,,,,,,,,
06/01/2025 14:00,188,91,97,26,13,13,21,9,12,30,18,12,,,,86,48,38,,,,,,,,,
06/01/2025 15:00,155,78,77,28,16,12,22,9,13,30,12,18,,,,66,38,28,,,,,,,,,
06/01/2025 16:00,117,61,56,42,25,17,31,19,12,33,15,18,,,,63,35,28,,,,,,,,,
06/01/2025 17:00,86,42,44,45,27,18,40,20,20,33,15,18,,,,65,25,40,,,,,,,,,
06/01/2025 18:00,83,45,38,40,24,16,31,19,12,25,14,11,,,,48,34,14,,,,,,,,,
06/01/2025 19:00,75,36,39,43,17,26,34,20,14,19,12,7,,,,34,14,20,,,,,,,,,
06/01/2025 20:00,56,32,24,26,10,16,19,10,9,9,4,5,,,,22,10,12,,,,,,,,,
06/01/2025 21:00,33,20,13,19,8,11,16,7,9,6,4,2,,,,16,7,9,,,,,,,,,
06/01/2025 22:00,15,6,9,8,2,6,7,2,5,2,1,1,,,,6,3,3,,,,,,,,,
06/01/2025 23:00,1,0,1,0,0,0,0,0,0,3,2,1,,,,4,2,2,,,,,,,,,
07/01/2025 00:00,0,0,0,0,0,0,0,0,0,0,0,0,,,,0,0,0,,,,,,,,,
07/01/2025 01:00,0,0,0,0,0,0,0,0,0,0,0,0,,,,0,0,0,,,,,,,,,
07/01/2025 02:00,0,0,0,0,0,0,0,0,0,0,0,0,,,,0,0,0,,,,,,,,,
07/01/2025 03:00,0,0,0,0,0,0,0,0,0,0,0,0,,,,0,0,0,,,,,,,,,
07/01/2025 04:00,0,0,0,0,0,0,0,0,0,0,0,0,,,,0,0,0,,,,,,,,,
07/01/2025 05:00,11,5,6,2,0,2,1,1,0,1,1,0,,,,1,1,0,,,,,,,,,
07/01/2025 06:00,20,11,9,11,7,4,6,4,2,5,4,1,,,,7,4,3,,,,,,,,,
07/01/2025 07:00,45,23,22,22,7,15,12,5,7,14,7,7,,,,32,21,11,,,,,,,,,
07/01/2025 08:00,81,41,40,25,10,15,18,11,7,33,9,24,,,,69,39,30,,,,,,,,,
07/01/2025 09:00,94,36,58,33,18,15,23,13,10,28,14,14,,,,63,34,29,,,,,,,,,
07/01/2025 10:00,126,75,51,19,12,7,31,16,15,24,12,12,,,,60,37,23,,,,,,,,,
07/01/2025 11:00,172,91,81,36,14,22,17,12,5,26,17,9,,,,76,29,47,,,,,,,,,
07/01/2025 12:00,257,140,117,66,34,32,50,30,20,35,14,21,,,,87,62,25,,,,,,,,,
07/01/2025 13:00,295,137,158,53,24,29,43,21,22,22,13,9,,,,124,68,56,,,,,,,,,
07/01/2025 14:00,211,108,103,47,27,20,46,27,19,29,9,20,,,,98,49,49,,,,,,,,,
07/01/2025 15:00,182,92,90,44,19,25,23,13,10,26,16,10,,,,55,30,25,,,,,,,,,
07/01/2025 16:00,171,77,94,41,18,23,24,12,12,24,11,13,,,,74,39,35,,,,,,,,,
07/01/2025 17:00,100,57,43,35,20,15,43,26,17,29,15,14,,,,65,28,37,,,,,,,,,
07/01/2025 18:00,74,38,36,55,38,17,37,20,17,17,7,10,,,,56,36,20,,,,,,,,,
07/01/2025 19:00,73,41,32,36,13,23,38,23,15,15,6,9,,,,39,17,22,,,,,,,,,
07/01/2025 20:00,54,28,26,24,11,13,19,9,10,13,10,3,,,,26,10,16,,,,,,,,,
07/01/2025 21:00,27,20,7,8,7,1,14,8,6,38,18,20,,,,14,8,6,,,,,,,,,
07/01/2025 22:00,12,3,9,12,4,8,8,3,5,1,1,0,,,,3,2,1,,,,,,,,,
07/01/2025 23:00,3,2,1,2,2,0,2,1,1,1,1,0,,,,8,7,1,,,,,,,,,
08/01/2025 00:00,0,0,0,0,0,0,0,0,0,1,1,0,,,,6,0,6,,,,,,,,,
08/01/2025 01:00,0,0,0,0,0,0,0,0,0,0,0,0,,,,0,0,0,,,,,,,,,
08/01/2025 02:00,0,0,0,0,0,0,0,0,0,0,0,0,,,,0,0,0,,,,,,,,,
08/01/2025 03:00,0,0,0,0,0,0,0,0,0,0,0,0,,,,0,0,0,,,,,,,,,
08/01/2025 04:00,0,0,0,0,0,0,0,0,0,2,2,0,,,,1,1,0,,,,,,,,,
08/01/2025 05:00,6,1,5,1,0,1,1,1,0,3,2,1,,,,13,6,7,,,,,,,,,
08/01/2025 06:00,13,7,6,9,4,5,9,5,4,4,3,1,,,,7,5,2,,,,,,,,,
08/01/2025 07:00,28,19,9,28,11,17,12,7,5,8,1,7,,,,26,15,11,,,,,,,,,
08/01/2025 08:00,45,22,23,23,11,12,16,11,5,25,14,11,,,,62,34,28,,,,,,,,,
08/01/2025 09:00,107,47,60,15,11,4,12,7,5,28,14,14,,,,47,23,24,,,,,,,,,
08/01/2025 10:00,135,76,59,21,8,13,14,4,10,16,7,9,,,,32,19,13,,,,,,,,,
08/01/2025 11:00,123,57,66,31,18,13,18,14,4,33,13,20,,,,27,14,13,,,,,,,,,
08/01/2025 12:00,161,80,81,43,30,13,21,13,8,36,20,16,,,,57,32,25,,,,,,,,,
08/01/2025 13:00,193,85,108,34,11,23,36,21,15,37,20,17,,,,94,44,50,,,,,,,,,
08/01/2025 14:00,143,65,78,26,18,8,23,11,12,29,17,12,,,,54,32,22,,,,,,,,,
08/01/2025 15:00,83,46,37,29,11,18,15,6,9,32,17,15,,,,37,18,19,,,,,,,,,
08/01/2025 16:00,62,37,25,11,5,6,13,9,4,19,9,10,,,,25,12,13,,,,,,,,,
08/01/2025 17:00,54,29,25,30,13,17,16,11,5,18,9,9,,,,36,16,20,,,,,,,,,
08/01/2025 18:00,51,25,26,36,18,18,20,6,14,14,8,6,,,,41,20,21,,,,,,,,,
08/01/2025 19:00,50,31,19,16,8,8,21,13,8,12,3,9,,,,14,5,9,,,,,,,,,
08/01/2025 20:00,28,23,5,5,2,3,12,7,5,8,4,4,,,,16,9,7,,,,,,,,,
08/01/2025 21:00,16,9,7,2,2,0,17,6,11,3,0,3,,,,1,1,0,,,,,,,,,
08/01/2025 22:00,6,1,5,2,1,1,1,0,1,3,2,1,,,,1,1,0,,,,,,,,,
08/01/2025 23:00,0,0,0,2,1,1,1,1,0,3,2,1,,,,2,1,1,,,,,,,,,
09/01/2025 00:00,0,0,0,0,0,0,0,0,0,0,0,0,,,,0,0,0,,,,,,,,,
09/01/2025 01:00,0,0,0,0,0,0,2,0,2,0,0,0,,,,0,0,0,,,,,,,,,
09/01/2025 02:00,0,0,0,0,0,0,1,1,0,0,0,0,,,,0,0,0,,,,,,,,,
09/01/2025 03:00,0,0,0,0,0,0,0,0,0,0,0,0,,,,0,0,0,,,,,,,,,
09/01/2025 04:00,1,0,1,0,0,0,0,0,0,0,0,0,,,,0,0,0,,,,,,,,,
09/01/2025 05:00,2,1,1,3,1,2,2,1,1,2,2,0,,,,3,1,2,,,,,,,,,
09/01/2025 06:00,9,3,6,1,1,0,1,1,0,3,1,2,,,,3,2,1,,,,,,,,,
09/01/2025 07:00,15,6,9,9,2,7,6,1,5,5,2,3,,,,9,4,5,,,,,,,,,
09/01/2025 08:00,27,15,12,18,4,14,18,11,7,26,14,12,,,,38,20,18,,,,,,,,,
09/01/2025 09:00,69,35,34,14,8,6,5,5,0,20,6,14,,,,25,10,15,,,,,,,,,
09/01/2025 10:00,61,30,31,16,11,5,19,12,7,16,8,8,,,,26,16,10,,,,,,,,,
09/01/2025 11:00,146,67,79,31,23,8,18,10,8,14,9,5,,,,53,27,26,,,,,,,,,
09/01/2025 12:00,210,103,107,43,24,19,19,14,5,16,10,6,,,,56,38,18,,,,,,,,,
09/01/2025 13:00,243,101,142,48,22,26,48,37,11,34,20,14,,,,92,53,39,,,,,,,,,
09/01/2025 14:00,192,91,101,46,17,29,36,19,17,35,14,21,,,,92,54,38,,,,,,,,,
09/01/2025 15:00,195,101,94,33,24,9,27,16,11,28,10,18,,,,102,46,56,,,,,,,,,
09/01/2025 16:00,123,66,57,51,24,27,41,19,22,37,26,11,,,,69,33,36,,,,,,,,,
09/01/2025 17:00,104,57,47,38,24,14,24,14,10,16,7,9,,,,45,20,25,,,,,,,,,
09/01/2025 18:00,84,41,43,32,22,10,22,16,6,13,9,4,,,,44,23,21,,,,,,,,,
09/01/2025 19:00,67,32,35,14,9,5,14,5,9,6,2,4,,,,36,17,19,,,,,,,,,
09/01/2025 20:00,52,27,25,8,5,3,13,12,1,12,8,4,,,,21,12,9,,,,,,,,,
09/01/2025 21:00,29,15,14,7,6,1,3,0,3,4,2,2,,,,5,1,4,,,,,,,,,
09/01/2025 22:00,11,7,4,0,0,0,5,3,2,5,2,3,,,,1,0,1,,,,,,,,,
09/01/2025 23:00,2,2,0,0,0,0,0,0,0,1,0,1,,,,0,0,0,,,,,,,,,
10/01/2025 00:00,0,0,0,1,0,1,4,3,1,2,2,0,,,,1,1,0,,,,,,,,,
10/01/2025 01:00,0,0,0,0,0,0,0,0,0,0,0,0,,,,0,0,0,,,,,,,,,
10/01/2025 02:00,0,0,0,0,0,0,0,0,0,0,0,0,,,,0,0,0,,,,,,,,,
10/01/2025 03:00,0,0,0,0,0,0,0,0,0,0,0,0,,,,0,0,0,,,,,,,,,
10/01/2025 04:00,0,0,0,0,0,0,0,0,0,2,1,1,,,,0,0,0,,,,,,,,,
10/01/2025 05:00,2,1,1,0,0,0,0,0,0,0,0,0,,,,1,1,0,,,,,,,,,
10/01/2025 06:00,13,3,10,5,3,2,1,1,0,1,1,0,,,,8,6,2,,,,,,,,,
10/01/2025 07:00,67,39,28,8,1,7,9,6,3,3,1,2,,,,21,11,10,,,,,,,,,
10/01/2025 08:00,98,54,44,25,13,12,27,20,7,18,9,9,,,,53,31,22,,,,,,,,,
10/01/2025 09:00,89,38,51,25,9,16,15,7,8,31,11,20,,,,35,15,20,,,,,,,,,
10/01/2025 10:00,138,68,70,24,10,14,18,13,5,17,9,8,,,,39,24,15,,,,,,,,,
10/01/2025 11:00,182,80,102,21,9,12,26,17,9,20,13,7,,,,42,21,21,,,,,,,,,
10/01/2025 12:00,214,105,109,29,13,16,32,14,18,47,26,21,,,,71,38,33,,,,,,,,,
10/01/2025 13:00,189,102,87,26,12,14,23,11,12,21,10,11,,,,93,43,50,,,,,,,,,
10/01/2025 14:00,155,72,83,35,17,18,31,17,14,26,17,9,,,,106,70,36,,,,,,,,,
10/01/2025 15:00,179,73,106,49,24,25,20,12,8,28,15,13,,,,81,37,44,,,,,,,,,
10/01/2025 16:00,179,95,84,31,17,14,29,15,14,34,18,16,,,,73,40,33,,,,,,,,,
10/01/2025 17:00,126,56,70,41,20,21,48,23,25,24,15,9,,,,64,33,31,,,,,,,,,
10/01/2025 18:00,97,54,43,50,29,21,53,25,28,36,21,15,,,,42,23,19,,,,,,,,,
10/01/2025 19:00,89,43,46,23,9,14,24,14,10,9,1,8,,,,22,10,12,,,,,,,,,
10/01/2025 20:00,61,31,30,24,8,16,14,7,7,7,4,3,,,,27,16,11,,,,,,,,,
10/01/2025 21:00,39,19,20,8,4,4,8,4,4,3,1,2,,,,10,4,6,,,,,,,,,
10/01/2025 22:00,12,9,3,5,4,1,9,4,5,4,4,0,,,,5,3,2,,,,,,,,,
10/01/2025 23:00,9,4,5,3,1,2,2,1,1,3,0,3,,,,2,1,1,,,,,,,,,
11/01/2025 00:00,0,0,0,1,0,1,5,1,4,0,0,0,,,,5,4,1,,,,,,,,,
11/01/2025 01:00,0,0,0,1,0,1,0,0,0,1,1,0,,,,0,0,0,,,,,,,,,
11/01/2025 02:00,0,0,0,1,1,0,0,0,0,1,1,0,,,,0,0,0,,,,,,,,,
11/01/2025 03:00,0,0,0,0,0,0,0,0,0,0,0,0,,,,0,0,0,,,,,,,,,
11/01/2025 04:00,1,0,1,2,1,1,0,0,0,0,0,0,,,,0,0,0,,,,,,,,,
11/01/2025 05:00,3,2,1,0,0,0,0,0,0,1,1,0,,,,0,0,0,,,,,,,,,
11/01/2025 06:00,11,4,7,1,1,0,1,0,1,1,0,1,,,,3,3,0,,,,,,,,,
11/01/2025 07:00,42,20,22,24,11,13,13,9,4,1,0,1,,,,17,11,6,,,,,,,,,
11/01/2025 08:00,113,71,42,24,14,10,28,19,9,11,4,7,,,,56,29,27,,,,,,,,,
11/01/2025 09:00,148,70,78,78,55,23,37,19,18,32,12,20,,,,95,62,33,,,,,,,,,
11/01/2025 10:00,196,99,97,110,50,60,62,36,26,32,19,13,,,,99,61,38,,,,,,,,,
11/01/2025 11:00,302,161,141,73,38,35,66,41,25,44,24,20,,,,124,62,62,,,,,,,,,
11/01/2025 12:00,382,186,196,77,37,40,59,35,24,35,21,14,,,,148,87,61,,,,,,,,,
11/01/2025 13:00,400,208,192,91,63,28,62,41,21,48,23,25,,,,101,54,47,,,,,,,,,
11/01/2025 14:00,411,199,212,96,49,47,76,42,34,37,16,21,,,,122,64,58,,,,,,,,,
11/01/2025 15:00,530,248,282,83,33,50,65,34,31,37,10,27,,,,103,54,49,,,,,,,,,
11/01/2025 16:00,407,196,211,78,41,37,57,32,25,39,20,19,,,,126,69,57,,,,,,,,,
11/01/2025 17:00,262,137,125,58,21,37,45,15,30,20,13,7,,,,58,20,38,,,,,,,,,
11/01/2025 18:00,121,55,66,33,17,16,34,12,22,14,8,6,,,,29,15,14,,,,,,,,,
11/01/2025 19:00,112,68,44,33,15,18,23,12,11,6,2,4,,,,16,9,7,,,,,,,,,
11/01/2025 20:00,67,27,40,17,9,8,17,5,12,10,3,7,,,,19,6,13,,,,,,,,,
11/01/2025 21:00,50,30,20,10,5,5,7,1,6,8,4,4,,,,6,4,2,,,,,,,,,
11/01/2025 22:00,16,8,8,7,5,2,11,6,5,3,1,2,,,,7,4,3,,,,,,,,,
11/01/2025 23:00,12,4,8,2,0,2,6,4,2,2,1,1,,,,2,0,2,,,,,,,,,
12/01/2025 00:00,0,0,0,0,0,0,2,0,2,0,0,0,,,,1,0,1,,,,,,,,,
12/01/2025 01:00,0,0,0,2,0,2,3,1,2,0,0,0,,,,0,0,0,,,,,,,,,
12/01/2025 02:00,0,0,0,0,0,0,0,0,0,0,0,0,,,,0,0,0,,,,,,,,,
12/01/2025 03:00,1,1,0,0,0,0,0,0,0,4,2,2,,,,0,0,0,,,,,,,,,
12/01/2025 04:00,0,0,0,0,0,0,0,0,0,0,0,0,,,,0,0,0,,,,,,,,,
12/01/2025 05:00,0,0,0,2,0,2,0,0,0,0,0,0,,,,0,0,0,,,,,,,,,
12/01/2025 06:00,10,5,5,4,2,2,3,2,1,2,2,0,,,,1,0,1,,,,,,,,,
12/01/2025 07:00,24,9,15,4,1,3,3,0,3,3,1,2,,,,13,10,3,,,,,,,,,
12/01/2025 08:00,76,41,35,35,22,13,19,13,6,6,1,5,,,,51,35,16,,,,,,,,,
12/01/2025 09:00,210,100,110,76,43,33,53,35,18,23,9,14,,,,99,47,52,,,,,,,,,
12/01/2025 10:00,390,209,181,105,62,43,92,48,44,29,15,14,,,,166,98,68,,,,,,,,,
12/01/2025 11:00,637,301,336,139,68,71,102,61,41,49,29,20,,,,194,118,76,,,,,,,,,
12/01/2025 12:00,733,397,336,115,69,46,123,70,53,62,35,27,,,,153,88,65,,,,,,,,,
12/01/2025 13:00,744,392,352,102,67,35,124,63,61,55,21,34,,,,178,98,80,,,,,,,,,
12/01/2025 14:00,745,339,406,113,64,49,89,56,33,61,27,34,,,,167,87,80,,,,,,,,,
12/01/2025 15:00,680,348,332,91,41,50,63,38,25,47,22,25,,,,130,73,57,,,,,,,,,
12/01/2025 16:00,466,201,265,96,53,43,67,27,40,35,18,17,,,,108,48,60,,,,,,,,,
12/01/2025 17:00,216,102,114,58,29,29,31,12,19,14,8,6,,,,63,22,41,,,,,,,,,
12/01/2025 18:00,156,82,74,44,25,19,28,15,13,10,7,3,,,,34,15,19,,,,,,,,,
12/01/2025 19:00,93,48,45,18,5,13,15,5,10,10,5,5,,,,11,6,5,,,,,,,,,
12/01/2025 20:00,62,35,27,7,3,4,13,6,7,5,2,3,,,,14,8,6,,,,,,,,,
12/01/2025 21:00,39,21,18,6,4,2,7,3,4,1,0,1,,,,9,6,3,,,,,,,,,
12/01/2025 22:00,15,11,4,8,5,3,2,0,2,1,1,0,,,,6,3,3,,,,,,,,,
12/01/2025 23:00,5,5,0,2,0,2,2,1,1,2,2,0,,,,3,2,1,,,,,,,,,
13/01/2025 00:00,0,0,0,0,0,0,0,0,0,1,1,0,,,,2,1,1,,,,,,,,,
13/01/2025 01:00,1,0,1,0,0,0,0,0,0,0,0,0,,,,0,0,0,,,,,,,,,
13/01/2025 02:00,0,0,0,0,0,0,0,0,0,0,0,0,,,,0,0,0,,,,,,,,,
13/01/2025 03:00,0,0,0,1,1,0,0,0,0,0,0,0,,,,0,0,0,,,,,,,,,
13/01/2025 04:00,0,0,0,1,0,1,0,0,0,1,1,0,,,,0,0,0,,,,,,,,,
13/01/2025 05:00,8,1,7,0,0,0,0,0,0,3,2,1,,,,2,2,0,,,,,,,,,
13/01/2025 06:00,33,18,15,19,13,6,24,16,8,10,5,5,,,,18,9,9,,,,,,,,,
13/01/2025 07:00,87,43,44,31,13,18,11,6,5,25,8,17,,,,53,31,22,,,,,,,,,
13/01/2025 08:00,109,49,60,36,18,18,17,11,6,45,17,28,,,,80,49,31,,,,,,,,,
13/01/2025 09:00,121,55,66,29,17,12,23,15,8,31,17,14,,,,66,33,33,,,,,,,,,
13/01/2025 10:00,169,101,68,31,17,14,34,19,15,18,9,9,,,,53,30,23,,,,,,,,,
13/01/2025 11:00,171,84,87,29,16,13,40,20,20,22,7,15,,,,51,23,28,,,,,,,,,
13/01/2025 12:00,243,116,127,38,17,21,31,18,13,36,17,19,,,,68,43,25,,,,,,,,,
13/01/2025 13:00,220,118,102,38,21,17,39,19,20,34,20,14,,,,118,68,50,,,,,,,,,
13/01/2025 14:00,184,80,104,44,21,23,23,14,9,41,20,21,,,,81,52,29,,,,,,,,,
13/01/2025 15:00,177,85,92,36,19,17,25,9,16,29,16,13,,,,76,30,46,,,,,,,,,
13/01/2025 16:00,173,75,98,34,19,15,23,13,10,23,14,9,,,,95,45,50,,,,,,,,,
13/01/2025 17:00,155,66,89,57,28,29,42,25,17,29,16,13,,,,99,47,52,,,,,,,,,
13/01/2025 18:00,163,85,78,59,28,31,37,19,18,20,8,12,,,,83,45,38,,,,,,,,,
13/01/2025 19:00,163,80,83,52,32,20,53,38,15,13,5,8,,,,85,39,46,,,,,,,,,
13/01/2025 20:00,138,68,70,38,17,21,28,14,14,20,9,11,,,,37,17,20,,,,,,,,,
13/01/2025 21:00,61,30,31,20,9,11,18,6,12,12,4,8,,,,10,4,6,,,,,,,,,
13/01/2025 22:00,23,13,10,4,1,3,4,2,2,3,3,0,,,,4,1,3,,,,,,,,,
13/01/2025 23:00,6,3,3,2,2,0,1,0,1,1,0,1,,,,3,2,1,,,,,,,,,
14/01/2025 00:00,0,0,0,0,0,0,3,1,2,0,0,0,,,,1,1,0,,,,,,,,,
14/01/2025 01:00,0,0,0,0,0,0,0,0,0,0,0,0,,,,0,0,0,,,,,,,,,
14/01/2025 02:00,0,0,0,0,0,0,0,0,0,0,0,0,,,,0,0,0,,,,,,,,,
14/01/2025 03:00,2,0,2,0,0,0,0,0,0,0,0,0,,,,1,1,0,,,,,,,,,
14/01/2025 04:00,1,1,0,0,0,0,1,1,0,0,0,0,,,,0,0,0,,,,,,,,,
14/01/2025 05:00,10,2,8,1,0,1,2,2,0,2,2,0,,,,4,3,1,,,,,,,,,
14/01/2025 06:00,28,19,9,19,15,4,21,14,7,5,4,1,,,,13,6,7,,,,,,,,,
14/01/2025 07:00,84,44,40,37,12,25,27,17,10,16,5,11,,,,50,28,22,,,,,,,,,
14/01/2025 08:00,127,54,73,35,20,15,28,12,16,41,16,25,,,,89,43,46,,,,,,,,,
14/01/2025 09:00,144,69,75,48,22,26,35,24,11,32,16,16,,,,74,36,38,,,,,,,,,
14/01/2025 10:00,206,110,96,42,21,21,36,25,11,22,15,7,,,,45,29,16,,,,,,,,,
14/01/2025 11:00,263,134,129,27,21,6,33,10,23,26,17,9,,,,49,29,20,,,,,,,,,
14/01/2025 12:00,308,150,158,49,17,32,34,18,16,37,21,16,,,,102,55,47,,,,,,,,,
14/01/2025 13:00,400,188,212,68,40,28,60,27,33,34,12,22,,,,140,77,63,,,,,,,,,
14/01/2025 14:00,278,144,134,45,23,22,43,25,18,36,15,21,,,,141,79,62,,,,,,,,,
14/01/2025 15:00,256,124,132,60,27,33,35,20,15,36,16,20,,,,100,50,50,,,,,,,,,
14/01/2025 16:00,208,121,87,50,28,22,34,17,17,30,18,12,,,,88,51,37,,,,,,,,,
14/01/2025 17:00,176,90,86,57,32,25,59,35,24,39,27,12,,,,87,44,43,,,,,,,,,
14/01/2025 18:00,140,58,82,66,41,25,41,23,18,20,10,10,,,,92,56,36,,,,,,,,,
14/01/2025 19:00,148,85,63,59,28,31,41,20,21,21,8,13,,,,56,34,22,,,,,,,,,
14/01/2025 20:00,158,84,74,36,14,22,33,19,14,4,2,2,,,,45,22,23,,,,,,,,,
14/01/2025 21:00,65,35,30,18,6,12,17,5,12,8,2,6,,,,21,7,14,,,,,,,,,
14/01/2025 22:00,35,23,12,7,1,6,8,4,4,5,1,4,,,,5,1,4,,,,,,,,,
14/01/2025 23:00,7,3,4,0,0,0,2,0,2,1,1,0,,,,7,5,2,,,,,,,,,
15/01/2025 00:00,0,0,0,0,0,0,0,0,0,0,0,0,,,,0,0,0,,,,,,,,,
15/01/2025 01:00,4,2,2,0,0,0,2,1,1,0,0,0,,,,1,1,0,,,,,,,,,
15/01/2025 02:00,0,0,0,0,0,0,0,0,0,0,0,0,,,,0,0,0,,,,,,,,,
15/01/2025 03:00,0,0,0,0,0,0,0,0,0,0,0,0,,,,1,1,0,,,,,,,,,
15/01/2025 04:00,0,0,0,1,1,0,0,0,0,0,0,0,,,,0,0,0,,,,,,,,,
15/01/2025 05:00,11,2,9,1,0,1,1,0,1,3,2,1,,,,2,1,1,,,,,,,,,
15/01/2025 06:00,41,18,23,18,10,8,18,8,10,5,3,2,,,,21,14,7,,,,,,,,,
15/01/2025 07:00,68,37,31,35,12,23,11,6,5,14,6,8,,,,61,35,26,,,,,,,,,
15/01/2025 08:00,117,65,52,32,12,20,22,12,10,43,25,18,,,,108,61,47,,,,,,,,,
15/01/2025 09:00,136,54,82,49,22,27,21,13,8,31,15,16,,,,56,31,25,,,,,,,,,
15/01/2025 10:00,183,99,84,29,14,15,20,9,11,26,14,12,,,,71,41,30,,,,,,,,,
15/01/2025 11:00,270,126,144,41,22,19,43,22,21,24,10,14,,,,84,48,36,,,,,,,,,
15/01/2025 12:00,355,191,164,47,22,25,46,29,17,40,17,23,,,,106,60,46,,,,,,,,,
15/01/2025 13:00,380,193,187,62,21,41,84,34,50,42,23,19,,,,168,86,82,,,,,,,,,
15/01/2025 14:00,281,129,152,48,15,33,43,18,25,43,30,13,,,,114,64,50,,,,,,,,,
15/01/2025 15:00,269,128,141,59,27,32,31,13,18,28,16,12,,,,99,58,41,,,,,,,,,
15/01/2025 16:00,202,97,105,39,19,20,22,9,13,22,10,12,,,,155,73,82,,,,,,,,,
15/01/2025 17:00,148,64,84,57,32,25,33,17,16,28,9,19,,,,92,35,57,,,,,,,,,
15/01/2025 18:00,132,69,63,71,34,37,48,28,20,25,12,13,,,,60,34,26,,,,,,,,,
15/01/2025 19:00,143,79,64,54,25,29,47,26,21,12,5,7,,,,55,36,19,,,,,,,,,
15/01/2025 20:00,123,60,63,24,10,14,32,21,11,10,4,6,,,,35,15,20,,,,,,,,,
15/01/2025 21:00,50,28,22,8,4,4,9,2,7,9,3,6,,,,18,11,7,,,,,,,,,
15/01/2025 22:00,26,13,13,7,2,5,5,1,4,2,1,1,,,,8,3,5,,,,,,,,,
15/01/2025 23:00,7,3,4,0,0,0,1,0,1,2,1,1,,,,2,1,1,,,,,,,,,
16/01/2025 00:00,0,0,0,0,0,0,0,0,0,1,1,0,,,,0,0,0,,,,,,,,,
16/01/2025 01:00,1,1,0,1,0,1,2,1,1,0,0,0,,,,0,0,0,,,,,,,,,
16/01/2025 02:00,0,0,0,0,0,0,0,0,0,0,0,0,,,,0,0,0,,,,,,,,,
16/01/2025 03:00,0,0,0,0,0,0,0,0,0,2,1,1,,,,0,0,0,,,,,,,,,
16/01/2025 04:00,2,1,1,0,0,0,0,0,0,1,1,0,,,,0,0,0,,,,,,,,,
16/01/2025 05:00,8,1,7,2,2,0,0,0,0,0,0,0,,,,3,2,1,,,,,,,,,
16/01/2025 06:00,42,21,21,21,17,4,19,12,7,6,3,3,,,,18,9,9,,,,,,,,,
16/01/2025 07:00,46,23,23,33,11,22,22,11,11,13,4,9,,,,50,27,23,,,,,,,,,
16/01/2025 08:00,126,60,66,36,12,24,28,16,12,46,16,30,,,,76,38,38,,,,,,,,,
16/01/2025 09:00,139,61,78,43,20,23,32,15,17,27,16,11,,,,63,37,26,,,,,,,,,
16/01/2025 10:00,213,125,88,53,26,27,35,23,12,19,12,7,,,,76,41,35,,,,,,,,,
16/01/2025 11:00,268,128,140,28,14,14,32,15,17,21,10,11,,,,83,46,37,,,,,,,,,
16/01/2025 12:00,335,162,173,33,13,20,46,22,24,43,18,25,,,,104,69,35,,,,,,,,,
16/01/2025 13:00,336,158,178,53,29,24,51,29,22,43,27,16,,,,114,60,54,,,,,,,,,
16/01/2025 14:00,252,116,136,56,24,32,29,15,14,37,16,21,,,,116,62,54,,,,,,,,,
16/01/2025 15:00,200,99,101,48,21,27,33,25,8,33,17,16,,,,135,61,74,,,,,,,,,
16/01/2025 16:00,172,69,103,31,22,9,28,15,13,37,24,13,,,,112,61,51,,,,,,,,,
16/01/2025 17:00,131,67,64,49,28,21,36,19,17,30,13,17,,,,111,45,66,,,,,,,,,
16/01/2025 18:00,106,55,51,41,26,15,40,21,19,24,13,11,,,,79,46,33,,,,,,,,,
16/01/2025 19:00,142,67,75,48,29,19,30,13,17,13,6,7,,,,74,34,40,,,,,,,,,
16/01/2025 20:00,100,59,41,26,13,13,27,14,13,5,3,2,,,,43,24,19,,,,,,,,,
16/01/2025 21:00,59,33,26,19,9,10,20,10,10,4,1,3,,,,19,8,11,,,,,,,,,
16/01/2025 22:00,20,11,9,10,5,5,9,5,4,8,2,6,,,,8,3,5,,,,,,,,,
16/01/2025 23:00,4,2,2,4,1,3,2,1,1,1,0,1,,,,14,13,1,,,,,,,,,
17/01/2025 00:00,0,0,0,0,0,0,1,1,0,0,0,0,,,,0,0,0,,,,,,,,,
17/01/2025 01:00,0,0,0,1,1,0,1,1,0,3,0,3,,,,1,1,0,,,,,,,,,
17/01/2025 02:00,0,0,0,1,1,0,1,1,0,0,0,0,,,,0,0,0,,,,,,,,,
17/01/2025 03:00,0,0,0,0,0,0,0,0,0,0,0,0,,,,1,1,0,,,,,,,,,
17/01/2025 04:00,1,0,1,0,0,0,0,0,0,2,2,0,,,,0,0,0,,,,,,,,,
17/01/2025 05:00,6,1,5,2,2,0,0,0,0,1,1,0,,,,3,3,0,,,,,,,,,
17/01/2025 06:00,36,16,20,12,7,5,12,8,4,5,1,4,,,,15,6,9,,,,,,,,,
17/01/2025 07:00,79,41,38,24,8,16,13,7,6,11,4,7,,,,61,36,25,,,,,,,,,
17/01/2025 08:00,119,62,57,41,18,23,26,14,12,39,23,16,,,,106,59,47,,,,,,,,,
17/01/2025 09:00,155,73,82,46,22,24,27,18,9,29,12,17,,,,107,55,52,,,,,,,,,
17/01/2025 10:00,188,85,103,26,15,11,28,18,10,25,10,15,,,,60,31,29,,,,,,,,,
17/01/2025 11:00,233,122,111,51,24,27,36,19,17,21,11,10,,,,57,36,21,,,,,,,,,
17/01/2025 12:00,311,164,147,60,21,39,41,25,16,34,16,18,,,,107,64,43,,,,,,,,,
17/01/2025 13:00,325,157,168,41,19,22,59,27,32,40,15,25,,,,164,85,79,,,,,,,,,
17/01/2025 14:00,274,132,142,48,24,24,28,16,12,32,13,19,,,,159,91,68,,,,,,,,,
17/01/2025 15:00,283,151,132,69,36,33,58,37,21,24,8,16,,,,169,79,90,,,,,,,,,
17/01/2025 16:00,217,107,110,54,19,35,44,21,23,27,21,6,,,,122,60,62,,,,,,,,,
17/01/2025 17:00,162,85,77,46,25,21,50,26,24,37,13,24,,,,88,38,50,,,,,,,,,
17/01/2025 18:00,144,77,67,58,28,30,44,23,21,23,12,11,,,,52,25,27,,,,,,,,,
17/01/2025 19:00,119,65,54,34,16,18,51,21,30,10,3,7,,,,42,27,15,,,,,,,,,
17/01/2025 20:00,96,43,53,34,15,19,38,19,19,9,7,2,,,,23,10,13,,,,,,,,,
17/01/2025 21:00,60,31,29,8,6,2,19,9,10,12,8,4,,,,7,2,5,,,,,,,,,
17/01/2025 22:00,33,19,14,8,2,6,15,7,8,6,2,4,,,,6,5,1,,,,,,,,,
17/01/2025 23:00,19,16,3,5,4,1,6,2,4,3,3,0,,,,9,8,1,,,,,,,,,
18/01/2025 00:00,0,0,0,2,2,0,5,1,4,1,1,0,,,,3,1,2,,,,,,,,,
18/01/2025 01:00,7,5,2,0,0,0,1,1,0,0,0,0,,,,0,0,0,,,,,,,,,
18/01/2025 02:00,2,1,1,0,0,0,0,0,0,0,0,0,,,,0,0,0,,,,,,,,,
18/01/2025 03:00,0,0,0,0,0,0,0,0,0,2,0,2,,,,1,1,0,,,,,,,,,
18/01/2025 04:00,1,1,0,0,0,0,0,0,0,0,0,0,,,,0,0,0,,,,,,,,,
18/01/2025 05:00,3,1,2,0,0,0,0,0,0,1,1,0,,,,1,1,0,,,,,,,,,
18/01/2025 06:00,9,2,7,8,0,8,6,1,5,2,1,1,,,,7,3,4,,,,,,,,,
18/01/2025 07:00,73,35,38,20,13,7,20,12,8,2,1,1,,,,29,19,10,,,,,,,,,
18/01/2025 08:00,128,68,60,34,19,15,30,20,10,18,7,11,,,,63,34,29,,,,,,,,,
18/01/2025 09:00,227,128,99,75,39,36,75,41,34,28,19,9,,,,117,73,44,,,,,,,,,
18/01/2025 10:00,382,188,194,97,53,44,73,41,32,44,20,24,,,,154,94,60,,,,,,,,,
18/01/2025 11:00,486,273,213,135,70,65,96,53,43,56,30,26,,,,231,153,78,,,,,,,,,
18/01/2025 12:00,633,339,294,148,90,58,102,60,42,57,27,30,,,,224,122,102,,,,,,,,,
18/01/2025 13:00,662,343,319,130,71,59,107,57,50,34,17,17,,,,190,105,85,,,,,,,,,
18/01/2025 14:00,693,316,377,127,61,66,124,58,66,30,19,11,,,,175,82,93,,,,,,,,,
18/01/2025 15:00,627,281,346,96,49,47,111,62,49,35,18,17,,,,157,84,73,,,,,,,,,
18/01/2025 16:00,444,204,240,66,27,39,66,34,32,48,25,23,,,,141,74,67,,,,,,,,,
18/01/2025 17:00,258,126,132,49,28,21,57,33,24,21,8,13,,,,75,33,42,,,,,,,,,
18/01/2025 18:00,83,38,45,24,8,16,31,11,20,11,7,4,,,,24,13,11,,,,,,,,,
18/01/2025 19:00,68,38,30,17,8,9,19,9,10,21,9,12,,,,15,7,8,,,,,,,,,
18/01/2025 20:00,59,33,26,27,6,21,35,18,17,15,10,5,,,,17,12,5,,,,,,,,,
18/01/2025 21:00,37,19,18,9,4,5,5,4,1,4,3,1,,,,17,6,11,,,,,,,,,
18/01/2025 22:00,13,4,9,4,1,3,10,5,5,3,0,3,,,,6,3,3,,,,,,,,,
18/01/2025 23:00,13,5,8,0,0,0,1,1,0,2,1,1,,,,4,4,0,,,,,,,,,
19/01/2025 00:00,0,0,0,0,0,0,2,1,1,2,1,1,,,,3,1,2,,,,,,,,,
19/01/2025 01:00,2,0,2,1,0,1,0,0,0,2,0,2,,,,1,1,0,,,,,,,,,
19/01/2025 02:00,0,0,0,0,0,0,0,0,0,0,0,0,,,,2,2,0,,,,,,,,,
19/01/2025 03:00,2,2,0,0,0,0,0,0,0,0,0,0,,,,1,0,1,,,,,,,,,
19/01/2025 04:00,2,0,2,2,0,2,1,0,1,0,0,0,,,,0,0,0,,,,,,,,,
19/01/2025 05:00,0,0,0,2,0,2,0,0,0,0,0,0,,,,3,1,2,,,,,,,,,
19/01/2025 06:00,15,5,10,4,2,2,4,3,1,1,1,0,,,,2,2,0,,,,,,,,,
19/01/2025 07:00,37,15,22,12,6,6,11,9,2,6,3,3,,,,21,14,7,,,,,,,,,
19/01/2025 08:00,114,58,56,35,21,14,19,13,6,17,8,9,,,,52,33,19,,,,,,,,,
19/01/2025 09:00,226,113,113,226,124,102,55,30,25,20,15,5,,,,132,71,61,,,,,,,,,
19/01/2025 10:00,358,208,150,101,46,55,90,48,42,37,16,21,,,,202,132,70,,,,,,,,,
19/01/2025 11:00,650,334,316,112,75,37,79,51,28,50,30,20,,,,216,136,80,,,,,,,,,
19/01/2025 12:00,628,312,316,111,48,63,95,58,37,59,15,44,,,,188,102,86,,,,,,,,,
19/01/2025 13:00,600,302,298,89,51,38,96,52,44,70,32,38,,,,146,83,63,,,,,,,,,
19/01/2025 14:00,554,255,299,70,27,43,69,35,34,38,18,20,,,,142,93,49,,,,,,,,,
19/01/2025 15:00,517,238,279,80,41,39,89,40,49,37,16,21,,,,136,81,55,,,,,,,,,
19/01/2025 16:00,354,160,194,60,29,31,61,18,43,31,15,16,,,,117,56,61,,,,,,,,,
19/01/2025 17:00,209,91,118,64,26,38,40,16,24,24,10,14,,,,64,23,41,,,,,,,,,
19/01/2025 18:00,107,61,46,29,13,16,30,12,18,17,10,7,,,,40,24,16,,,,,,,,,
19/01/2025 19:00,75,41,34,26,15,11,19,11,8,18,7,11,,,,27,13,14,,,,,,,,,
19/01/2025 20:00,69,40,29,18,10,8,25,12,13,9,6,3,,,,20,12,8,,,,,,,,,
19/01/2025 21:00,31,15,16,9,4,5,7,4,3,7,2,5,,,,13,7,6,,,,,,,,,
19/01/2025 22:00,16,11,5,6,3,3,4,2,2,4,3,1,,,,2,1,1,,,,,,,,,
19/01/2025 23:00,6,2,4,0,0,0,0,0,0,4,1,3,,,,2,2,0,,,,,,,,,
20/01/2025 00:00,0,0,0,0,0,0,0,0,0,3,3,0,,,,1,1,0,,,,,,,,,
20/01/2025 01:00,0,0,0,0,0,0,0,0,0,1,1,0,,,,0,0,0,,,,,,,,,
20/01/2025 02:00,0,0,0,0,0,0,0,0,0,6,5,1,,,,0,0,0,,,,,,,,,
20/01/2025 03:00,0,0,0,0,0,0,0,0,0,0,0,0,,,,0,0,0,,,,,,,,,
20/01/2025 04:00,1,0,1,0,0,0,1,0,1,1,1,0,,,,0,0,0,,,,,,,,,
20/01/2025 05:00,6,2,4,0,0,0,0,0,0,2,1,1,,,,6,5,1,,,,,,,,,
20/01/2025 06:00,40,19,21,11,6,5,18,10,8,8,6,2,,,,20,11,9,,,,,,,,,
20/01/2025 07:00,83,44,39,22,10,12,8,5,3,7,0,7,,,,42,23,19,,,,,,,,,
20/01/2025 08:00,91,43,48,28,7,21,18,10,8,37,15,22,,,,72,34,38,,,,,,,,,
20/01/2025 09:00,123,62,61,17,8,9,12,7,5,23,12,11,,,,60,26,34,,,,,,,,,
20/01/2025 10:00,149,84,65,28,14,14,28,21,7,19,9,10,,,,51,32,19,,,,,,,,,
20/01/2025 11:00,156,83,73,40,17,23,33,12,21,24,10,14,,,,37,19,18,,,,,,,,,
20/01/2025 12:00,214,95,119,32,14,18,28,16,12,40,19,21,,,,55,45,10,,,,,,,,,
20/01/2025 13:00,213,107,106,31,15,16,50,30,20,29,12,17,,,,105,61,44,,,,,,,,,
20/01/2025 14:00,148,74,74,28,15,13,17,6,11,32,13,19,,,,91,60,31,,,,,,,,,
20/01/2025 15:00,193,81,112,38,15,23,32,15,17,19,8,11,,,,88,38,50,,,,,,,,,
20/01/2025 16:00,104,41,63,19,9,10,14,5,9,27,9,18,,,,90,53,37,,,,,,,,,
20/01/2025 17:00,107,59,48,35,21,14,36,25,11,23,10,13,,,,96,50,46,,,,,,,,,
20/01/2025 18:00,112,61,51,62,31,31,45,24,21,22,8,14,,,,84,49,35,,,,,,,,,
20/01/2025 19:00,174,94,80,50,29,21,41,23,18,33,14,19,,,,94,51,43,,,,,,,,,
20/01/2025 20:00,133,73,60,36,21,15,31,12,19,19,15,4,,,,37,23,14,,,,,,,,,
20/01/2025 21:00,75,45,30,27,12,15,12,4,8,8,4,4,,,,21,12,9,,,,,,,,,
20/01/2025 22:00,21,12,9,12,4,8,12,5,7,5,3,2,,,,10,6,4,,,,,,,,,
20/01/2025 23:00,6,4,2,3,0,3,3,2,1,1,0,1,,,,6,6,0,,,,,,,,,
21/01/2025 00:00,0,0,0,2,0,2,2,0,2,1,1,0,,,,2,2,0,,,,,,,,,
21/01/2025 01:00,0,0,0,0,0,0,0,0,0,0,0,0,,,,3,3,0,,,,,,,,,
21/01/2025 02:00,1,1,0,1,0,1,0,0,0,0,0,0,,,,2,0,2,,,,,,,,,
21/01/2025 03:00,1,0,1,0,0,0,1,0,1,0,0,0,,,,0,0,0,,,,,,,,,
21/01/2025 04:00,0,0,0,0,0,0,0,0,0,0,0,0,,,,0,0,0,,,,,,,,,
21/01/2025 05:00,11,2,9,2,1,1,2,2,0,1,1,0,,,,1,1,0,,,,,,,,,
21/01/2025 06:00,44,25,19,19,9,10,14,8,6,4,2,2,,,,22,15,7,,,,,,,,,
21/01/2025 07:00,71,38,33,37,14,23,13,8,5,31,14,17,,,,39,20,19,,,,,,,,,
21/01/2025 08:00,125,61,64,42,22,20,30,16,14,50,18,32,,,,100,57,43,,,,,,,,,
21/01/2025 09:00,118,49,69,44,22,22,28,16,12,46,26,20,,,,63,33,30,,,,,,,,,
21/01/2025 10:00,201,115,86,38,24,14,24,13,11,23,11,12,,,,54,31,23,,,,,,,,,
21/01/2025 11:00,211,108,103,39,14,25,38,22,16,32,15,17,,,,68,52,16,,,,,,,,,
21/01/2025 12:00,194,107,87,41,22,19,50,27,23,47,19,28,,,,83,51,32,,,,,,,,,
21/01/2025 13:00,299,160,139,45,16,29,39,22,17,36,16,20,,,,111,54,57,,,,,,,,,
21/01/2025 14:00,192,86,106,37,19,18,20,9,11,21,14,7,,,,92,58,34,,,,,,,,,
21/01/2025 15:00,195,76,119,40,28,12,25,11,14,26,15,11,,,,100,48,52,,,,,,,,,
21/01/2025 16:00,231,113,118,64,38,26,26,8,18,24,10,14,,,,140,83,57,,,,,,,,,
21/01/2025 17:00,144,76,68,68,47,21,58,30,28,23,9,14,,,,104,56,48,,,,,,,,,
21/01/2025 18:00,133,63,70,59,35,24,54,25,29,27,13,14,,,,98,62,36,,,,,,,,,
21/01/2025 19:00,143,77,66,56,23,33,33,17,16,14,7,7,,,,71,45,26,,,,,,,,,
21/01/2025 20:00,142,80,62,36,17,19,28,15,13,11,6,5,,,,44,18,26,,,,,,,,,
21/01/2025 21:00,58,29,29,22,8,14,19,7,12,10,4,6,,,,16,7,9,,,,,,,,,
21/01/2025 22:00,17,9,8,5,3,2,7,1,6,3,2,1,,,,8,4,4,,,,,,,,,
21/01/2025 23:00,6,4,2,1,0,1,1,0,1,3,2,1,,,,1,1,0,,,,,,,,,
22/01/2025 00:00,0,0,0,0,0,0,0,0,0,0,0,0,,,,19,19,0,,,,,,,,,
22/01/2025 01:00,1,1,0,0,0,0,0,0,0,0,0,0,,,,9,9,0,,,,,,,,,
22/01/2025 02:00,0,0,0,0,0,0,0,0,0,0,0,0,,,,3,3,0,,,,,,,,,
22/01/2025 03:00,0,0,0,0,0,0,0,0,0,0,0,0,,,,1,1,0,,,,,,,,,
22/01/2025 04:00,1,0,1,1,1,0,1,1,0,1,1,0,,,,0,0,0,,,,,,,,,
22/01/2025 05:00,11,4,7,2,1,1,3,2,1,2,1,1,,,,3,3,0,,,,,,,,,
22/01/2025 06:00,27,14,13,23,11,12,13,9,4,8,5,3,,,,20,10,10,,,,,,,,,
22/01/2025 07:00,80,33,47,28,12,16,18,10,8,10,2,8,,,,54,33,21,,,,,,,,,
22/01/2025 08:00,104,59,45,41,17,24,32,20,12,47,25,22,,,,102,49,53,,,,,,,,,
22/01/2025 09:00,127,59,68,41,14,27,23,13,10,40,13,27,,,,72,36,36,,,,,,,,,
22/01/2025 10:00,160,63,97,34,23,11,23,12,11,24,12,12,,,,73,41,32,,,,,,,,,
22/01/2025 11:00,174,93,81,46,28,18,41,19,22,35,20,15,,,,64,38,26,,,,,,,,,
22/01/2025 12:00,235,130,105,57,31,26,46,31,15,25,12,13,,,,80,47,33,,,,,,,,,
22/01/2025 13:00,229,113,116,44,25,19,39,17,22,44,31,13,,,,113,56,57,,,,,,,,,
22/01/2025 14:00,182,94,88,38,21,17,34,25,9,46,28,18,,,,88,44,44,,,,,,,,,
22/01/2025 15:00,163,83,80,40,20,20,38,19,19,32,17,15,,,,74,38,36,,,,,,,,,
22/01/2025 16:00,136,78,58,48,27,21,31,21,10,36,14,22,,,,107,57,50,,,,,,,,,
22/01/2025 17:00,161,76,85,64,40,24,61,36,25,27,10,17,,,,100,46,54,,,,,,,,,
22/01/2025 18:00,147,67,80,46,23,23,52,33,19,28,15,13,,,,81,47,34,,,,,,,,,
22/01/2025 19:00,173,99,74,55,33,22,49,23,26,25,15,10,,,,57,31,26,,,,,,,,,
22/01/2025 20:00,138,74,64,45,27,18,36,19,17,12,5,7,,,,36,18,18,,,,,,,,,
22/01/2025 21:00,71,35,36,20,9,11,15,8,7,10,4,6,,,,16,10,6,,,,,,,,,
22/01/2025 22:00,33,18,15,16,8,8,10,3,7,1,0,1,,,,12,6,6,,,,,,,,,
22/01/2025 23:00,6,4,2,4,1,3,4,2,2,4,2,2,,,,1,1,0,,,,,,,,,
23/01/2025 00:00,1,1,0,1,0,1,0,0,0,1,1,0,,,,0,0,0,,,,,,,,,
23/01/2025 01:00,2,0,2,0,0,0,0,0,0,0,0,0,,,,0,0,0,,,,,,,,,
23/01/2025 02:00,2,1,1,0,0,0,0,0,0,0,0,0,,,,0,0,0,,,,,,,,,
23/01/2025 03:00,0,0,0,0,0,0,0,0,0,0,0,0,,,,0,0,0,,,,,,,,,
23/01/2025 04:00,0,0,0,0,0,0,0,0,0,0,0,0,,,,0,0,0,,,,,,,,,
23/01/2025 05:00,9,2,7,2,1,1,1,0,1,2,2,0,,,,5,4,1,,,,,,,,,
23/01/2025 06:00,40,20,20,15,10,5,16,13,3,5,4,1,,,,21,10,11,,,,,,,,,
23/01/2025 07:00,52,25,27,25,6,19,15,8,7,15,4,11,,,,25,11,14,,,,,,,,,
23/01/2025 08:00,41,22,19,29,9,20,24,10,14,25,7,18,,,,52,31,21,,,,,,,,,
23/01/2025 09:00,71,30,41,12,6,6,19,12,7,22,8,14,,,,29,16,13,,,,,,,,,
23/01/2025 10:00,109,54,55,30,12,18,23,11,12,20,11,9,,,,33,19,14,,,,,,,,,
23/01/2025 11:00,134,66,68,24,11,13,26,16,10,26,11,15,,,,21,16,5,,,,,,,,,
23/01/2025 12:00,92,47,45,11,6,5,16,9,7,25,9,16,,,,37,20,17,,,,,,,,,
23/01/2025 13:00,154,77,77,35,22,13,32,19,13,38,20,18,,,,65,36,29,,,,,,,,,
23/01/2025 14:00,100,48,52,29,11,18,19,8,11,39,18,21,,,,70,44,26,,,,,,,,,
23/01/2025 15:00,135,61,74,28,16,12,28,18,10,28,16,12,,,,113,57,56,,,,,,,,,
23/01/2025 16:00,128,80,48,45,25,20,19,11,8,32,17,15,,,,99,48,51,,,,,,,,,
23/01/2025 17:00,106,53,53,37,27,10,37,24,13,26,13,13,,,,91,52,39,,,,,,,,,
23/01/2025 18:00,106,51,55,46,22,24,34,24,10,18,12,6,,,,63,32,31,,,,,,,,,
23/01/2025 19:00,84,40,44,40,20,20,35,17,18,23,8,15,,,,79,46,33,,,,,,,,,
23/01/2025 20:00,82,44,38,30,12,18,29,12,17,11,6,5,,,,31,17,14,,,,,,,,,
23/01/2025 21:00,33,19,14,17,8,9,15,9,6,5,1,4,,,,16,11,5,,,,,,,,,
23/01/2025 22:00,5,3,2,2,2,0,9,2,7,4,3,1,,,,7,6,1,,,,,,,,,
23/01/2025 23:00,5,3,2,2,1,1,3,1,2,5,3,2,,,,5,2,3,,,,,,,,,
24/01/2025 00:00,1,1,0,0,0,0,0,0,0,3,2,1,,,,7,4,3,,,,,,,,,
24/01/2025 01:00,0,0,0,0,0,0,0,0,0,0,0,0,,,,3,1,2,,,,,,,,,
24/01/2025 02:00,0,0,0,0,0,0,0,0,0,0,0,0,,,,4,4,0,,,,,,,,,
24/01/2025 03:00,1,1,0,0,0,0,0,0,0,0,0,0,,,,0,0,0,,,,,,,,,
24/01/2025 04:00,2,1,1,0,0,0,0,0,0,0,0,0,,,,0,0,0,,,,,,,,,
24/01/2025 05:00,4,2,2,0,0,0,0,0,0,0,0,0,,,,2,1,1,,,,,,,,,
24/01/2025 06:00,3,2,1,0,0,0,0,0,0,0,0,0,,,,0,0,0,,,,,,,,,
24/01/2025 07:00,7,1,6,0,0,0,2,0,2,0,0,0,,,,0,0,0,,,,,,,,,
24/01/2025 08:00,2,2,0,6,3,3,3,2,1,0,0,0,,,,0,0,0,,,,,,,,,
24/01/2025 09:00,9,3,6,6,3,3,3,2,1,1,0,1,,,,3,2,1,,,,,,,,,
24/01/2025 10:00,31,12,19,5,2,3,2,0,2,3,3,0,,,,0,0,0,,,,,,,,,
24/01/2025 11:00,35,21,14,19,11,8,5,3,2,3,2,1,,,,13,9,4,,,,,,,,,
24/01/2025 12:00,67,32,35,21,11,10,17,11,6,14,11,3,,,,37,23,14,,,,,,,,,
24/01/2025 13:00,216,108,108,35,15,20,44,23,21,26,15,11,,,,61,39,22,,,,,,,,,
24/01/2025 14:00,181,84,97,55,25,30,33,26,7,40,28,12,,,,75,40,35,,,,,,,,,
24/01/2025 15:00,221,105,116,40,21,19,34,22,12,27,15,12,,,,64,46,18,,,,,,,,,
24/01/2025 16:00,249,125,124,64,38,26,43,29,14,48,15,33,,,,112,61,51,,,,,,,,,
24/01/2025 17:00,108,71,37,45,20,25,18,6,12,38,20,18,,,,48,23,25,,,,,,,,,
24/01/2025 18:00,84,35,49,43,25,18,30,17,13,19,6,13,,,,33,16,17,,,,,,,,,
24/01/2025 19:00,89,48,41,30,17,13,24,11,13,15,10,5,,,,35,15,20,,,,,,,,,
24/01/2025 20:00,62,39,23,11,5,6,17,11,6,7,4,3,,,,18,9,9,,,,,,,,,
24/01/2025 21:00,23,11,12,13,6,7,12,9,3,10,5,5,,,,6,4,2,,,,,,,,,
24/01/2025 22:00,16,10,6,11,5,6,4,2,2,4,2,2,,,,3,2,1,,,,,,,,,
24/01/2025 23:00,9,5,4,8,5,3,2,1,1,1,1,0,,,,0,0,0,,,,,,,,,
25/01/2025 00:00,0,0,0,0,0,0,1,0,1,1,1,0,,,,1,0,1,,,,,,,,,
25/01/2025 01:00,1,0,1,0,0,0,2,1,1,0,0,0,,,,0,0,0,,,,,,,,,
25/01/2025 02:00,0,0,0,0,0,0,0,0,0,0,0,0,,,,0,0,0,,,,,,,,,
25/01/2025 03:00,0,0,0,0,0,0,0,0,0,0,0,0,,,,0,0,0,,,,,,,,,
25/01/2025 04:00,0,0,0,0,0,0,0,0,0,0,0,0,,,,0,0,0,,,,,,,,,
25/01/2025 05:00,5,2,3,0,0,0,0,0,0,1,1,0,,,,1,1,0,,,,,,,,,
25/01/2025 06:00,17,7,10,2,2,0,4,3,1,5,2,3,,,,1,1,0,,,,,,,,,
25/01/2025 07:00,60,28,32,12,6,6,23,14,9,4,1,3,,,,18,11,7,,,,,,,,,
25/01/2025 08:00,128,64,64,51,24,27,32,15,17,19,5,14,,,,63,33,30,,,,,,,,,
25/01/2025 09:00,274,137,137,91,46,45,67,35,32,27,13,14,,,,119,78,41,,,,,,,,,
25/01/2025 10:00,470,257,213,136,73,63,81,44,37,47,23,24,,,,202,129,73,,,,,,,,,
25/01/2025 11:00,467,238,229,142,68,74,134,80,54,50,20,30,,,,201,110,91,,,,,,,,,
25/01/2025 12:00,605,320,285,160,83,77,111,62,49,40,25,15,,,,246,138,108,,,,,,,,,
25/01/2025 13:00,633,321,312,125,63,62,76,38,38,42,21,21,,,,196,91,105,,,,,,,,,
25/01/2025 14:00,516,261,255,119,64,55,84,45,39,58,23,35,,,,156,89,67,,,,,,,,,
25/01/2025 15:00,469,212,257,82,45,37,80,43,37,34,12,22,,,,144,73,71,,,,,,,,,
25/01/2025 16:00,329,175,154,64,39,25,49,28,21,36,14,22,,,,102,47,55,,,,,,,,,
25/01/2025 17:00,89,42,47,46,21,25,31,20,11,13,6,7,,,,37,23,14,,,,,,,,,
25/01/2025 18:00,67,32,35,25,12,13,20,8,12,8,3,5,,,,22,8,14,,,,,,,,,
25/01/2025 19:00,61,31,30,14,4,10,13,8,5,11,7,4,,,,12,9,3,,,,,,,,,
25/01/2025 20:00,41,24,17,15,8,7,13,7,6,15,7,8,,,,6,5,1,,,,,,,,,
25/01/2025 21:00,37,18,19,7,3,4,12,5,7,9,4,5,,,,11,10,1,,,,,,,,,
25/01/2025 22:00,20,6,14,7,2,5,6,4,2,6,5,1,,,,13,6,7,,,,,,,,,
25/01/2025 23:00,11,8,3,5,3,2,10,6,4,4,2,2,,,,3,2,1,,,,,,,,,
26/01/2025 00:00,0,0,0,0,0,0,1,1,0,1,1,0,,,,5,3,2,,,,,,,,,
26/01/2025 01:00,1,1,0,2,2,0,1,0,1,1,1,0,,,,0,0,0,,,,,,,,,
26/01/2025 02:00,4,3,1,0,0,0,0,0,0,1,0,1,,,,0,0,0,,,,,,,,,
26/01/2025 03:00,0,0,0,1,1,0,0,0,0,1,0,1,,,,0,0,0,,,,,,,,,
26/01/2025 04:00,0,0,0,0,0,0,0,0,0,0,0,0,,,,0,0,0,,,,,,,,,
26/01/2025 05:00,0,0,0,0,0,0,1,0,1,0,0,0,,,,1,1,0,,,,,,,,,
26/01/2025 06:00,14,7,7,3,1,2,1,1,0,35,34,1,,,,0,0,0,,,,,,,,,
26/01/2025 07:00,31,11,20,9,6,3,11,7,4,63,62,1,,,,19,12,7,,,,,,,,,
26/01/2025 08:00,77,44,33,30,17,13,27,14,13,16,5,11,,,,36,23,13,,,,,,,,,
26/01/2025 09:00,142,77,65,50,31,19,52,31,21,20,10,10,,,,63,36,27,,,,,,,,,
26/01/2025 10:00,35,15,20,33,18,15,24,9,15,17,11,6,,,,34,17,17,,,,,,,,,
26/01/2025 11:00,13,7,6,16,11,5,18,8,10,7,3,4,,,,17,10,7,,,,,,,,,
26/01/2025 12:00,35,23,12,8,2,6,12,7,5,8,3,5,,,,6,2,4,,,,,,,,,
26/01/2025 13:00,44,20,24,9,5,4,13,6,7,13,9,4,,,,13,6,7,,,,,,,,,
26/01/2025 14:00,70,39,31,10,3,7,9,6,3,8,3,5,,,,16,10,6,,,,,,,,,
26/01/2025 15:00,69,33,36,31,18,13,17,11,6,8,3,5,,,,24,12,12,,,,,,,,,
26/01/2025 16:00,209,99,110,73,33,40,54,33,21,32,20,12,,,,69,42,27,,,,,,,,,
26/01/2025 17:00,292,137,155,91,51,40,56,22,34,29,17,12,,,,120,70,50,,,,,,,,,
26/01/2025 18:00,132,72,60,60,43,17,33,14,19,15,11,4,,,,56,23,33,,,,,,,,,
26/01/2025 19:00,59,38,21,28,15,13,28,16,12,9,5,4,,,,26,16,10,,,,,,,,,
26/01/2025 20:00,69,32,37,19,5,14,13,8,5,8,7,1,,,,20,8,12,,,,,,,,,
26/01/2025 21:00,41,23,18,15,6,9,11,8,3,6,5,1,,,,7,4,3,,,,,,,,,
26/01/2025 22:00,13,5,8,39,27,12,3,0,3,1,0,1,,,,11,6,5,,,,,,,,,
26/01/2025 23:00,3,0,3,50,39,11,4,1,3,2,2,0,,,,1,1,0,,,,,,,,,
27/01/2025 00:00,0,0,0,0,0,0,1,1,0,0,0,0,,,,0,0,0,,,,,,,,,
27/01/2025 01:00,0,0,0,1,1,0,0,0,0,3,3,0,,,,1,1,0,,,,,,,,,
27/01/2025 02:00,1,1,0,0,0,0,0,0,0,0,0,0,,,,0,0,0,,,,,,,,,
27/01/2025 03:00,0,0,0,0,0,0,0,0,0,1,0,1,,,,0,0,0,,,,,,,,,
27/01/2025 04:00,0,0,0,0,0,0,0,0,0,1,0,1,,,,0,0,0,,,,,,,,,
27/01/2025 05:00,4,1,3,1,1,0,0,0,0,3,1,2,,,,5,4,1,,,,,,,,,
27/01/2025 06:00,22,8,14,8,4,4,9,4,5,4,3,1,,,,14,6,8,,,,,,,,,
27/01/2025 07:00,37,20,17,20,6,14,7,5,2,11,3,8,,,,31,19,12,,,,,,,,,
27/01/2025 08:00,56,33,23,23,9,14,17,7,10,16,6,10,,,,40,18,22,,,,,,,,,
27/01/2025 09:00,106,44,62,24,9,15,12,7,5,25,12,13,,,,52,34,18,,,,,,,,,
27/01/2025 10:00,140,69,71,38,17,21,25,17,8,15,9,6,,,,61,34,27,,,,,,,,,
27/01/2025 11:00,165,81,84,1870,1232,638,35,14,21,15,5,10,,,,82,41,41,,,,,,,,,
27/01/2025 12:00,192,105,87,2169,1544,625,34,22,12,25,17,8,,,,88,50,38,,,,,,,,,
27/01/2025 13:00,222,100,122,1121,832,289,37,14,23,52,25,27,,,,67,40,27,,,,,,,,,
27/01/2025 14:00,153,72,81,452,303,149,24,13,11,24,11,13,,,,77,48,29,,,,,,,,,
27/01/2025 15:00,185,90,95,83,44,39,34,14,20,37,18,19,,,,107,57,50,,,,,,,,,
27/01/2025 16:00,138,69,69,50,24,26,38,24,14,28,17,11,,,,127,67,60,,,,,,,,,
27/01/2025 17:00,160,80,80,45,27,18,51,24,27,30,11,19,,,,82,36,46,,,,,,,,,
27/01/2025 18:00,127,69,58,55,32,23,49,30,19,15,6,9,,,,65,39,26,,,,,,,,,
27/01/2025 19:00,141,64,77,66,31,35,55,30,25,25,13,12,,,,49,22,27,,,,,,,,,
27/01/2025 20:00,119,62,57,46,22,24,36,19,17,10,3,7,,,,35,19,16,,,,,,,,,
27/01/2025 21:00,42,21,21,19,10,9,14,5,9,7,5,2,,,,20,14,6,,,,,,,,,
27/01/2025 22:00,8,5,3,5,3,2,9,3,6,4,3,1,,,,11,6,5,,,,,,,,,
27/01/2025 23:00,6,3,3,0,0,0,1,0,1,0,0,0,,,,5,2,3,,,,,,,,,
28/01/2025 00:00,0,0,0,0,0,0,2,0,2,3,1,2,,,,1,0,1,,,,,,,,,
28/01/2025 01:00,4,4,0,1,0,1,0,0,0,0,0,0,,,,1,1,0,,,,,,,,,
28/01/2025 02:00,1,1,0,0,0,0,1,1,0,0,0,0,,,,0,0,0,,,,,,,,,
28/01/2025 03:00,0,0,0,0,0,0,0,0,0,0,0,0,,,,0,0,0,,,,,,,,,
28/01/2025 04:00,1,1,0,0,0,0,0,0,0,0,0,0,,,,0,0,0,,,,,,,,,
28/01/2025 05:00,6,1,5,1,1,0,2,2,0,2,2,0,,,,4,3,1,,,,,,,,,
28/01/2025 06:00,29,17,12,9,5,4,18,9,9,6,3,3,,,,15,9,6,,,,,,,,,
28/01/2025 07:00,50,27,23,30,10,20,17,7,10,14,5,9,,,,35,19,16,,,,,,,,,
28/01/2025 08:00,32,17,15,26,12,14,16,8,8,22,5,17,,,,51,27,24,,,,,,,,,
28/01/2025 09:00,17,6,11,13,7,6,8,4,4,10,6,4,,,,20,13,7,,,,,,,,,
28/01/2025 10:00,25,21,4,10,6,4,3,2,1,5,1,4,,,,10,5,5,,,,,,,,,
28/01/2025 11:00,56,29,27,13,2,11,13,5,8,17,6,11,,,,19,12,7,,,,,,,,,
28/01/2025 12:00,149,70,79,39,25,14,19,9,10,34,10,24,,,,70,45,25,,,,,,,,,
28/01/2025 13:00,224,108,116,42,22,20,46,23,23,40,19,21,,,,95,50,45,,,,,,,,,
28/01/2025 14:00,141,63,78,37,24,13,27,12,15,35,10,25,,,,99,50,49,,,,,,,,,
28/01/2025 15:00,117,58,59,37,24,13,20,14,6,37,19,18,,,,63,34,29,,,,,,,,,
28/01/2025 16:00,148,76,72,55,29,26,33,21,12,24,14,10,,,,79,40,39,,,,,,,,,
28/01/2025 17:00,117,68,49,43,29,14,35,23,12,22,11,11,,,,87,40,47,,,,,,,,,
28/01/2025 18:00,121,70,51,103,69,34,66,43,23,21,10,11,,,,96,56,40,,,,,,,,,
28/01/2025 19:00,127,77,50,76,38,38,64,38,26,19,10,9,,,,80,41,39,,,,,,,,,
28/01/2025 20:00,104,56,48,34,20,14,46,25,21,5,2,3,,,,39,22,17,,,,,,,,,
28/01/2025 21:00,55,28,27,27,13,14,22,11,11,14,11,3,,,,22,12,10,,,,,,,,,
28/01/2025 22:00,22,13,9,5,1,4,7,2,5,5,4,1,,,,10,4,6,,,,,,,,,
28/01/2025 23:00,6,3,3,2,2,0,2,0,2,0,0,0,,,,5,3,2,,,,,,,,,
29/01/2025 00:00,0,0,0,0,0,0,0,0,0,0,0,0,,,,1,1,0,,,,,,,,,
29/01/2025 01:00,0,0,0,0,0,0,0,0,0,0,0,0,,,,0,0,0,,,,,,,,,
29/01/2025 02:00,2,2,0,0,0,0,0,0,0,0,0,0,,,,1,0,1,,,,,,,,,
29/01/2025 03:00,1,1,0,0,0,0,0,0,0,0,0,0,,,,0,0,0,,,,,,,,,
29/01/2025 04:00,1,0,1,0,0,0,0,0,0,0,0,0,,,,0,0,0,,,,,,,,,
29/01/2025 05:00,9,4,5,0,0,0,3,2,1,2,1,1,,,,1,1,0,,,,,,,,,
29/01/2025 06:00,30,13,17,25,12,13,20,9,11,8,7,1,,,,14,8,6,,,,,,,,,
29/01/2025 07:00,72,34,38,29,12,17,9,4,5,11,4,7,,,,43,23,20,,,,,,,,,
29/01/2025 08:00,94,43,51,34,14,20,37,22,15,38,17,21,,,,116,49,67,,,,,,,,,
29/01/2025 09:00,160,83,77,46,26,20,26,15,11,34,17,17,,,,59,34,25,,,,,,,,,
29/01/2025 10:00,178,94,84,46,24,22,18,9,9,22,10,12,,,,56,30,26,,,,,,,,,
29/01/2025 11:00,221,110,111,39,14,25,26,15,11,38,15,23,,,,54,32,22,,,,,,,,,
29/01/2025 12:00,261,137,124,49,30,19,48,32,16,26,14,12,,,,115,70,45,,,,,,,,,
29/01/2025 13:00,242,133,109,57,38,19,47,23,24,65,33,32,,,,116,50,66,,,,,,,,,
29/01/2025 14:00,215,81,134,45,20,25,41,25,16,39,21,18,,,,93,54,39,,,,,,,,,
29/01/2025 15:00,226,126,100,56,32,24,29,17,12,27,8,19,,,,58,34,24,,,,,,,,,
29/01/2025 16:00,140,62,78,28,14,14,27,13,14,37,19,18,,,,79,42,37,,,,,,,,,
29/01/2025 17:00,114,58,56,93,52,41,38,20,18,22,8,14,,,,96,46,50,,,,,,,,,
29/01/2025 18:00,140,68,72,46,33,13,40,29,11,19,8,11,,,,79,41,38,,,,,,,,,
29/01/2025 19:00,132,62,70,41,16,25,65,29,36,19,8,11,,,,60,31,29,,,,,,,,,
29/01/2025 20:00,117,59,58,25,12,13,31,15,16,5,3,2,,,,40,17,23,,,,,,,,,
29/01/2025 21:00,38,23,15,21,10,11,18,3,15,6,4,2,,,,17,11,6,,,,,,,,,
29/01/2025 22:00,16,10,6,6,4,2,4,3,1,2,0,2,,,,11,8,3,,,,,,,,,
29/01/2025 23:00,2,2,0,3,3,0,1,1,0,1,0,1,,,,9,8,1,,,,,,,,,
30/01/2025 00:00,0,0,0,1,1,0,1,1,0,0,0,0,,,,1,0,1,,,,,,,,,
30/01/2025 01:00,1,1,0,0,0,0,1,0,1,0,0,0,,,,1,0,1,,,,,,,,,
30/01/2025 02:00,1,1,0,1,0,1,0,0,0,0,0,0,,,,0,0,0,,,,,,,,,
30/01/2025 03:00,0,0,0,0,0,0,0,0,0,0,0,0,,,,0,0,0,,,,,,,,,
30/01/2025 04:00,0,0,0,0,0,0,0,0,0,0,0,0,,,,0,0,0,,,,,,,,,
30/01/2025 05:00,8,3,5,0,0,0,0,0,0,0,0,0,,,,2,2,0,,,,,,,,,
30/01/2025 06:00,39,15,24,12,9,3,14,10,4,4,3,1,,,,25,13,12,,,,,,,,,
30/01/2025 07:00,71,42,29,40,17,23,33,18,15,10,4,6,,,,47,25,22,,,,,,,,,
30/01/2025 08:00,117,45,72,28,17,11,21,10,11,64,29,35,,,,81,44,37,,,,,,,,,
30/01/2025 09:00,145,78,67,54,27,27,34,19,15,35,18,17,,,,62,29,33,,,,,,,,,
30/01/2025 10:00,205,106,99,45,23,22,44,27,17,27,15,12,,,,62,33,29,,,,,,,,,
30/01/2025 11:00,258,122,136,39,19,20,27,9,18,35,15,20,,,,46,23,23,,,,,,,,,
30/01/2025 12:00,194,107,87,41,27,14,32,15,17,40,18,22,,,,70,40,30,,,,,,,,,
30/01/2025 13:00,234,117,117,45,24,21,49,23,26,30,15,15,,,,87,42,45,,,,,,,,,
30/01/2025 14:00,218,111,107,34,19,15,25,12,13,32,15,17,,,,67,48,19,,,,,,,,,
30/01/2025 15:00,197,89,108,35,20,15,21,10,11,26,12,14,,,,116,57,59,,,,,,,,,
30/01/2025 16:00,174,98,76,43,26,17,37,17,20,42,27,15,,,,78,39,39,,,,,,,,,
30/01/2025 17:00,137,67,70,63,38,25,54,32,22,28,15,13,,,,92,39,53,,,,,,,,,
30/01/2025 18:00,120,68,52,46,18,28,41,18,23,20,9,11,,,,81,36,45,,,,,,,,,
30/01/2025 19:00,96,47,49,41,25,16,35,22,13,8,5,3,,,,84,40,44,,,,,,,,,
30/01/2025 20:00,82,52,30,30,14,16,25,13,12,14,6,8,,,,40,16,24,,,,,,,,,
30/01/2025 21:00,29,12,17,13,6,7,8,3,5,4,3,1,,,,9,6,3,,,,,,,,,
30/01/2025 22:00,11,7,4,3,1,2,5,4,1,2,1,1,,,,6,3,3,,,,,,,,,
30/01/2025 23:00,6,3,3,0,0,0,1,0,1,0,0,0,,,,3,2,1,,,,,,,,,
31/01/2025 00:00,0,0,0,3,0,3,3,1,2,1,1,0,,,,4,4,0,,,,,,,,,
31/01/2025 01:00,0,0,0,0,0,0,1,0,1,0,0,0,,,,0,0,0,,,,,,,,,
31/01/2025 02:00,1,0,1,0,0,0,0,0,0,0,0,0,,,,4,4,0,,,,,,,,,
31/01/2025 03:00,0,0,0,0,0,0,0,0,0,0,0,0,,,,1,1,0,,,,,,,,,
31/01/2025 04:00,2,2,0,2,0,2,4,1,3,2,1,1,,,,2,1,1,,,,,,,,,
31/01/2025 05:00,8,1,7,2,1,1,1,0,1,1,1,0,,,,1,0,1,,,,,,,,,
31/01/2025 06:00,33,18,15,14,7,7,7,3,4,2,0,2,,,,15,9,6,,,,,,,,,
31/01/2025 07:00,68,35,33,44,22,22,14,11,3,9,3,6,,,,46,24,22,,,,,,,,,
31/01/2025 08:00,134,67,67,38,14,24,22,8,14,31,14,17,,,,89,48,41,,,,,,,,,
31/01/2025 09:00,162,79,83,41,26,15,29,15,14,38,20,18,,,,74,40,34,,,,,,,,,
31/01/2025 10:00,214,101,113,31,16,15,27,20,7,21,18,3,,,,65,39,26,,,,,,,,,
31/01/2025 11:00,261,128,133,51,22,29,38,15,23,33,10,23,,,,54,30,24,,,,,,,,,
31/01/2025 12:00,298,155,143,62,37,25,63,30,33,23,10,13,,,,113,62,51,,,,,,,,,
31/01/2025 13:00,361,172,189,53,26,27,48,24,24,21,12,9,,,,133,76,57,,,,,,,,,
31/01/2025 14:00,339,168,171,63,36,27,41,26,15,35,13,22,,,,148,89,59,,,,,,,,,
31/01/2025 15:00,315,161,154,58,25,33,41,22,19,21,13,8,,,,159,69,90,,,,,,,,,
31/01/2025 16:00,249,105,144,56,35,21,41,22,19,29,16,13,,,,119,59,60,,,,,,,,,
31/01/2025 17:00,189,94,95,82,42,40,33,11,22,37,15,22,,,,84,35,49,,,,,,,,,
31/01/2025 18:00,126,63,63,34,19,15,40,17,23,17,9,8,,,,55,31,24,,,,,,,,,
31/01/2025 19:00,78,35,43,29,12,17,42,13,29,16,8,8,,,,28,11,17,,,,,,,,,
31/01/2025 20:00,58,45,13,13,2,11,23,12,11,6,2,4,,,,16,8,8,,,,,,,,,
31/01/2025 21:00,42,19,23,2,1,1,3,3,0,1,1,0,,,,13,6,7,,,,,,,,,
31/01/2025 22:00,33,10,23,6,1,5,15,12,3,6,3,3,,,,1,1,0,,,,,,,,,
31/01/2025 23:00,13,6,7,5,0,5,9,7,2,5,3,2,,,,1,0,1,,,,,,,,,
01/02/2025 00:00,2,2,0,2,2,0,2,1,1,3,3,0,,,,3,3,0,,,,,,,,,
01/02/2025 01:00,0,0,0,0,0,0,1,1,0,0,0,0,,,,0,0,0,,,,,,,,,
01/02/2025 02:00,3,0,3,0,0,0,0,0,0,2,2,0,,,,0,0,0,,,,,,,,,
01/02/2025 03:00,2,1,1,3,1,2,2,1,1,0,0,0,,,,3,3,0,,,,,,,,,
01/02/2025 04:00,3,3,0,0,0,0,0,0,0,0,0,0,,,,1,1,0,,,,,,,,,
01/02/2025 05:00,3,1,2,0,0,0,2,0,2,1,1,0,,,,2,2,0,,,,,,,,,
01/02/2025 06:00,17,9,8,3,2,1,3,3,0,2,0,2,,,,3,1,2,,,,,,,,,
01/02/2025 07:00,67,36,31,24,12,12,19,11,8,10,4,6,,,,29,20,9,,,,,,,,,
01/02/2025 08:00,123,68,55,39,24,15,26,16,10,16,10,6,,,,83,57,26,,,,,,,,,
01/02/2025 09:00,169,78,91,82,37,45,67,34,33,28,11,17,,,,117,71,46,,,,,,,,,
01/02/2025 10:00,291,153,138,88,53,35,79,52,27,60,29,31,,,,143,81,62,,,,,,,,,
01/02/2025 11:00,327,174,153,97,44,53,75,41,34,48,30,18,,,,177,107,70,,,,,,,,,
01/02/2025 12:00,362,178,184,67,35,32,69,50,19,40,20,20,,,,148,76,72,,,,,,,,,
01/02/2025 13:00,385,234,151,73,44,29,68,39,29,45,16,29,,,,113,63,50,,,,,,,,,
01/02/2025 14:00,319,151,168,47,24,23,55,32,23,37,14,23,,,,81,34,47,,,,,,,,,
01/02/2025 15:00,254,120,134,35,16,19,41,18,23,34,17,17,,,,86,47,39,,,,,,,,,
01/02/2025 16:00,149,57,92,41,24,17,36,21,15,23,9,14,,,,52,21,31,,,,,,,,,
01/02/2025 17:00,85,36,49,16,8,8,34,10,24,13,5,8,,,,36,24,12,,,,,,,,,
01/02/2025 18:00,53,30,23,13,5,8,21,7,14,4,3,1,,,,7,3,4,,,,,,,,,
01/02/2025 19:00,61,39,22,17,9,8,24,11,13,11,2,9,,,,24,14,10,,,,,,,,,
01/02/2025 20:00,26,11,15,23,12,11,29,13,16,4,3,1,,,,21,10,11,,,,,,,,,
01/02/2025 21:00,12,7,5,7,4,3,6,5,1,4,2,2,,,,9,3,6,,,,,,,,,
01/02/2025 22:00,14,6,8,6,2,4,7,4,3,3,3,0,,,,3,2,1,,,,,,,,,
01/02/2025 23:00,5,5,0,6,1,5,2,1,1,6,2,4,,,,4,3,1,,,,,,,,,
02/02/2025 00:00,1,1,0,0,0,0,3,1,2,0,0,0,,,,0,0,0,,,,,,,,,
02/02/2025 01:00,3,3,0,0,0,0,0,0,0,0,0,0,,,,0,0,0,,,,,,,,,
02/02/2025 02:00,1,1,0,0,0,0,0,0,0,0,0,0,,,,1,0,1,,,,,,,,,
02/02/2025 03:00,1,1,0,0,0,0,2,1,1,0,0,0,,,,0,0,0,,,,,,,,,
02/02/2025 04:00,3,2,1,0,0,0,0,0,0,1,0,1,,,,0,0,0,,,,,,,,,
02/02/2025 05:00,1,0,1,0,0,0,0,0,0,1,1,0,,,,0,0,0,,,,,,,,,
02/02/2025 06:00,12,4,8,5,3,2,2,1,1,1,1,0,,,,2,1,1,,,,,,,,,
02/02/2025 07:00,30,15,15,13,7,6,5,2,3,3,0,3,,,,16,10,6,,,,,,,,,
02/02/2025 08:00,67,36,31,17,7,10,15,10,5,13,3,10,,,,36,24,12,,,,,,,,,
02/02/2025 09:00,176,95,81,43,27,16,31,21,10,20,11,9,,,,85,55,30,,,,,,,,,
02/02/2025 10:00,245,127,118,65,37,28,55,26,29,30,16,14,,,,108,67,41,,,,,,,,,
02/02/2025 11:00,292,136,156,69,37,32,70,42,28,24,11,13,,,,109,63,46,,,,,,,,,
02/02/2025 12:00,497,251,246,88,52,36,90,50,40,40,20,20,,,,116,78,38,,,,,,,,,
02/02/2025 13:00,430,211,219,77,41,36,67,32,35,30,17,13,,,,86,50,36,,,,,,,,,
02/02/2025 14:00,505,238,267,72,34,38,64,34,30,24,11,13,,,,116,61,55,,,,,,,,,
02/02/2025 15:00,658,324,334,64,32,32,71,40,31,35,16,19,,,,121,69,52,,,,,,,,,
02/02/2025 16:00,606,306,300,82,43,39,75,34,41,40,21,19,,,,146,74,72,,,,,,,,,
02/02/2025 17:00,385,169,216,61,35,26,69,25,44,27,14,13,,,,151,63,88,,,,,,,,,
02/02/2025 18:00,126,75,51,45,15,30,39,25,14,14,6,8,,,,41,15,26,,,,,,,,,
02/02/2025 19:00,106,54,52,25,16,9,25,13,12,5,5,0,,,,14,7,7,,,,,,,,,
02/02/2025 20:00,74,39,35,17,6,11,15,3,12,4,2,2,,,,17,8,9,,,,,,,,,
02/02/2025 21:00,53,29,24,20,9,11,9,4,5,5,2,3,,,,5,2,3,,,,,,,,,
02/02/2025 22:00,17,13,4,4,2,2,6,5,1,2,1,1,,,,8,4,4,,,,,,,,,
02/02/2025 23:00,13,7,6,2,2,0,4,1,3,3,1,2,,,,2,1,1,,,,,,,,,
03/02/2025 00:00,1,0,1,0,0,0,2,1,1,1,0,1,,,,6,3,3,,,,,,,,,
03/02/2025 01:00,1,1,0,1,0,1,1,1,0,0,0,0,,,,10,6,4,,,,,,,,,
03/02/2025 02:00,2,2,0,0,0,0,0,0,0,0,0,0,,,,0,0,0,,,,,,,,,
03/02/2025 03:00,1,0,1,0,0,0,0,0,0,1,0,1,,,,0,0,0,,,,,,,,,
03/02/2025 04:00,0,0,0,0,0,0,0,0,0,1,0,1,,,,0,0,0,,,,,,,,,
03/02/2025 05:00,2,0,2,1,1,0,2,1,1,2,1,1,,,,2,2,0,,,,,,,,,
03/02/2025 06:00,14,7,7,4,1,3,0,0,0,1,1,0,,,,3,2,1,,,,,,,,,
03/02/2025 07:00,49,29,20,15,8,7,11,8,3,1,0,1,,,,8,4,4,,,,,,,,,
03/02/2025 08:00,97,40,57,26,12,14,25,13,12,14,4,10,,,,34,25,9,,,,,,,,,
03/02/2025 09:00,173,82,91,54,32,22,49,30,19,26,10,16,,,,81,46,35,,,,,,,,,
03/02/2025 10:00,288,154,134,77,42,35,58,39,19,37,19,18,,,,123,74,49,,,,,,,,,
03/02/2025 11:00,573,271,302,87,44,43,79,45,34,52,21,31,,,,149,89,60,,,,,,,,,
03/02/2025 12:00,635,292,343,103,55,48,68,45,23,46,21,25,,,,139,64,75,,,,,,,,,
03/02/2025 13:00,704,391,313,97,51,46,73,35,38,56,22,34,,,,139,74,65,,,,,,,,,
03/02/2025 14:00,861,412,449,106,51,55,84,52,32,48,22,26,,,,191,94,97,,,,,,,,,
03/02/2025 15:00,725,333,392,89,42,47,71,27,44,40,21,19,,,,160,82,78,,,,,,,,,
03/02/2025 16:00,497,223,274,90,50,40,51,31,20,44,25,19,,,,114,58,56,,,,,,,,,
03/02/2025 17:00,276,122,154,52,26,26,55,28,27,44,19,25,,,,86,44,42,,,,,,,,,
03/02/2025 18:00,140,75,65,43,14,29,35,14,21,16,9,7,,,,22,11,11,,,,,,,,,
03/02/2025 19:00,84,50,34,14,4,10,15,4,11,12,4,8,,,,9,5,4,,,,,,,,,
03/02/2025 20:00,73,45,28,19,11,8,25,13,12,12,6,6,,,,14,11,3,,,,,,,,,
03/02/2025 21:00,36,18,18,8,5,3,6,2,4,6,3,3,,,,8,5,3,,,,,,,,,
03/02/2025 22:00,13,8,5,6,2,4,5,4,1,0,0,0,,,,2,1,1,,,,,,,,,
03/02/2025 23:00,1,1,0,3,1,2,2,1,1,1,0,1,,,,3,3,0,,,,,,,,,
04/02/2025 00:00,0,0,0,1,0,1,3,1,2,1,0,1,,,,1,1,0,,,,,,,,,
04/02/2025 01:00,1,1,0,0,0,0,0,0,0,0,0,0,,,,0,0,0,,,,,,,,,
04/02/2025 02:00,1,1,0,0,0,0,0,0,0,0,0,0,,,,0,0,0,,,,,,,,,
04/02/2025 03:00,0,0,0,0,0,0,0,0,0,0,0,0,,,,0,0,0,,,,,,,,,
04/02/2025 04:00,0,0,0,0,0,0,0,0,0,0,0,0,,,,0,0,0,,,,,,,,,
04/02/2025 05:00,8,1,7,2,2,0,0,0,0,1,1,0,,,,0,0,0,,,,,,,,,
04/02/2025 06:00,20,10,10,10,5,5,15,12,3,3,2,1,,,,10,7,3,,,,,,,,,
04/02/2025 07:00,34,25,9,23,11,12,14,7,7,11,3,8,,,,34,15,19,,,,,,,,,
04/02/2025 08:00,36,15,21,18,6,12,9,5,4,22,6,16,,,,43,22,21,,,,,,,,,
04/02/2025 09:00,80,30,50,20,7,13,14,7,7,28,14,14,,,,37,23,14,,,,,,,,,
04/02/2025 10:00,149,87,62,29,9,20,21,12,9,34,14,20,,,,38,21,17,,,,,,,,,
04/02/2025 11:00,143,63,80,38,17,21,18,8,10,35,13,22,,,,38,22,16,,,,,,,,,
04/02/2025 12:00,221,101,120,44,20,24,36,18,18,39,18,21,,,,74,42,32,,,,,,,,,
04/02/2025 13:00,298,162,136,52,30,22,45,28,17,42,19,23,,,,111,60,51,,,,,,,,,
04/02/2025 14:00,226,98,128,36,20,16,19,9,10,15,8,7,,,,105,55,50,,,,,,,,,
04/02/2025 15:00,176,89,87,29,18,11,17,12,5,20,12,8,,,,73,41,32,,,,,,,,,
04/02/2025 16:00,145,67,78,33,22,11,41,24,17,22,7,15,,,,79,39,40,,,,,,,,,
04/02/2025 17:00,86,53,33,42,22,20,54,29,25,26,16,10,,,,84,36,48,,,,,,,,,
04/02/2025 18:00,80,43,37,59,39,20,45,27,18,13,7,6,,,,76,42,34,,,,,,,,,
04/02/2025 19:00,83,39,44,56,30,26,49,24,25,7,3,4,,,,66,32,34,,,,,,,,,
04/02/2025 20:00,93,53,40,38,19,19,30,18,12,11,6,5,,,,35,16,19,,,,,,,,,
04/02/2025 21:00,58,32,26,19,12,7,19,8,11,7,2,5,,,,13,7,6,,,,,,,,,
04/02/2025 22:00,29,13,16,2,1,1,3,1,2,1,1,0,,,,6,3,3,,,,,,,,,
04/02/2025 23:00,7,5,2,3,0,3,3,0,3,2,2,0,,,,11,11,0,,,,,,,,,
05/02/2025 00:00,1,0,1,0,0,0,0,0,0,0,0,0,,,,1,1,0,,,,,,,,,
05/02/2025 01:00,2,2,0,0,0,0,0,0,0,0,0,0,,,,1,1,0,,,,,,,,,
05/02/2025 02:00,0,0,0,0,0,0,2,1,1,2,1,1,,,,0,0,0,,,,,,,,,
05/02/2025 03:00,0,0,0,0,0,0,0,0,0,0,0,0,,,,0,0,0,,,,,,,,,
05/02/2025 04:00,1,0,1,0,0,0,0,0,0,0,0,0,,,,0,0,0,,,,,,,,,
05/02/2025 05:00,6,2,4,0,0,0,1,0,1,2,1,1,,,,3,2,1,,,,,,,,,
05/02/2025 06:00,40,19,21,24,11,13,16,9,7,5,2,3,,,,16,8,8,,,,,,,,,
05/02/2025 07:00,84,49,35,34,12,22,21,13,8,11,6,5,,,,55,34,21,,,,,,,,,
05/02/2025 08:00,116,58,58,44,22,22,33,16,17,39,21,18,,,,95,49,46,,,,,,,,,
05/02/2025 09:00,153,77,76,39,17,22,29,16,13,32,18,14,,,,75,35,40,,,,,,,,,
05/02/2025 10:00,177,97,80,34,14,20,21,12,9,23,11,12,,,,65,38,27,,,,,,,,,
05/02/2025 11:00,221,121,100,53,28,25,22,13,9,31,17,14,,,,58,37,21,,,,,,,,,
05/02/2025 12:00,346,157,189,59,32,27,39,16,23,44,27,17,,,,94,47,47,,,,,,,,,
05/02/2025 13:00,354,148,206,53,19,34,55,26,29,46,21,25,,,,132,73,59,,,,,,,,,
05/02/2025 14:00,346,163,183,40,23,17,42,24,18,31,15,16,,,,118,48,70,,,,,,,,,
05/02/2025 15:00,336,178,158,64,35,29,48,24,24,26,17,9,,,,89,49,40,,,,,,,,,
05/02/2025 16:00,219,101,118,53,31,22,49,29,20,34,11,23,,,,120,64,56,,,,,,,,,
05/02/2025 17:00,188,96,92,74,45,29,48,28,20,27,12,15,,,,135,63,72,,,,,,,,,
05/02/2025 18:00,144,75,69,60,24,36,70,37,33,13,9,4,,,,103,51,52,,,,,,,,,
05/02/2025 19:00,146,67,79,47,26,21,58,29,29,17,7,10,,,,52,33,19,,,,,,,,,
05/02/2025 20:00,108,59,49,34,24,10,39,23,16,4,3,1,,,,36,19,17,,,,,,,,,
05/02/2025 21:00,54,26,28,19,9,10,25,16,9,4,2,2,,,,6,2,4,,,,,,,,,
05/02/2025 22:00,16,8,8,3,2,1,12,8,4,2,1,1,,,,15,9,6,,,,,,,,,
05/02/2025 23:00,8,7,1,2,2,0,5,3,2,0,0,0,,,,2,1,1,,,,,,,,,
06/02/2025 00:00,1,1,0,0,0,0,0,0,0,0,0,0,,,,0,0,0,,,,,,,,,
06/02/2025 01:00,4,3,1,0,0,0,2,1,1,0,0,0,,,,0,0,0,,,,,,,,,
06/02/2025 02:00,1,1,0,0,0,0,0,0,0,0,0,0,,,,0,0,0,,,,,,,,,
06/02/2025 03:00,1,0,1,0,0,0,0,0,0,0,0,0,,,,0,0,0,,,,,,,,,
06/02/2025 04:00,0,0,0,0,0,0,0,0,0,0,0,0,,,,0,0,0,,,,,,,,,
06/02/2025 05:00,8,0,8,0,0,0,2,0,2,1,0,1,,,,4,4,0,,,,,,,,,
06/02/2025 06:00,37,21,16,25,12,13,21,14,7,4,3,1,,,,22,14,8,,,,,,,,,
06/02/2025 07:00,89,50,39,37,17,20,22,12,10,10,5,5,,,,60,39,21,,,,,,,,,
06/02/2025 08:00,148,72,76,46,18,28,29,18,11,44,17,27,,,,83,39,44,,,,,,,,,
06/02/2025 09:00,147,64,83,40,23,17,28,13,15,36,21,15,,,,58,28,30,,,,,,,,,
06/02/2025 10:00,211,102,109,35,20,15,40,25,15,21,14,7,,,,59,36,23,,,,,,,,,
06/02/2025 11:00,253,137,116,52,26,26,36,17,19,16,7,9,,,,99,49,50,,,,,,,,,
06/02/2025 12:00,299,143,156,47,30,17,52,33,19,35,19,16,,,,97,51,46,,,,,,,,,
06/02/2025 13:00,330,171,159,70,36,34,58,36,22,44,19,25,,,,113,61,52,,,,,,,,,
06/02/2025 14:00,325,159,166,42,18,24,42,26,16,29,20,9,,,,130,69,61,,,,,,,,,
06/02/2025 15:00,248,118,130,49,23,26,29,10,19,27,17,10,,,,163,76,87,,,,,,,,,
06/02/2025 16:00,258,108,150,40,17,23,43,26,17,32,20,12,,,,94,51,43,,,,,,,,,
06/02/2025 17:00,195,97,98,70,34,36,64,30,34,32,19,13,,,,89,48,41,,,,,,,,,
06/02/2025 18:00,139,75,64,62,41,21,34,13,21,19,12,7,,,,94,48,46,,,,,,,,,
06/02/2025 19:00,119,71,48,43,16,27,29,12,17,20,6,14,,,,83,41,42,,,,,,,,,
06/02/2025 20:00,83,38,45,26,11,15,26,10,16,8,4,4,,,,28,12,16,,,,,,,,,
06/02/2025 21:00,48,19,29,12,5,7,15,9,6,9,5,4,,,,6,2,4,,,,,,,,,
06/02/2025 22:00,13,9,4,8,3,5,8,4,4,3,3,0,,,,1,1,0,,,,,,,,,
06/02/2025 23:00,3,3,0,5,2,3,4,1,3,2,1,1,,,,3,3,0,,,,,,,,,
07/02/2025 00:00,1,1,0,0,0,0,2,1,1,2,2,0,,,,2,2,0,,,,,,,,,
07/02/2025 01:00,1,1,0,1,1,0,0,0,0,0,0,0,,,,1,0,1,,,,,,,,,
07/02/2025 02:00,2,1,1,0,0,0,0,0,0,1,0,1,,,,0,0,0,,,,,,,,,
07/02/2025 03:00,0,0,0,0,0,0,0,0,0,0,0,0,,,,1,1,0,,,,,,,,,
07/02/2025 04:00,0,0,0,0,0,0,0,0,0,0,0,0,,,,0,0,0,,,,,,,,,
07/02/2025 05:00,6,2,4,3,1,2,4,2,2,2,2,0,,,,3,2,1,,,,,,,,,
07/02/2025 06:00,34,16,18,14,6,8,21,14,7,6,3,3,,,,14,8,6,,,,,,,,,
07/02/2025 07:00,83,49,34,24,13,11,13,7,6,8,2,6,,,,52,29,23,,,,,,,,,
07/02/2025 08:00,107,49,58,44,21,23,22,14,8,25,14,11,,,,124,61,63,,,,,,,,,
07/02/2025 09:00,120,65,55,43,24,19,35,21,14,30,19,11,,,,67,32,35,,,,,,,,,
07/02/2025 10:00,140,62,78,25,8,17,26,18,8,21,11,10,,,,36,22,14,,,,,,,,,
07/02/2025 11:00,161,91,70,28,9,19,19,13,6,22,10,12,,,,52,33,19,,,,,,,,,
07/02/2025 12:00,145,77,68,30,15,15,26,11,15,31,19,12,,,,56,29,27,,,,,,,,,
07/02/2025 13:00,166,79,87,31,9,22,28,14,14,38,22,16,,,,82,47,35,,,,,,,,,
07/02/2025 14:00,138,69,69,26,16,10,28,14,14,40,15,25,,,,81,47,34,,,,,,,,,
07/02/2025 15:00,127,73,54,17,10,7,17,9,8,30,13,17,,,,65,34,31,,,,,,,,,
07/02/2025 16:00,134,64,70,25,11,14,15,7,8,30,19,11,,,,101,57,44,,,,,,,,,
07/02/2025 17:00,130,76,54,39,27,12,31,20,11,37,18,19,,,,79,36,43,,,,,,,,,
07/02/2025 18:00,87,47,40,54,26,28,55,18,37,27,13,14,,,,48,26,22,,,,,,,,,
07/02/2025 19:00,78,45,33,33,15,18,35,19,16,14,4,10,,,,23,14,9,,,,,,,,,
07/02/2025 20:00,40,23,17,28,12,16,27,11,16,6,4,2,,,,16,7,9,,,,,,,,,
07/02/2025 21:00,37,24,13,10,3,7,10,4,6,2,0,2,,,,7,3,4,,,,,,,,,
07/02/2025 22:00,17,10,7,1,1,0,10,5,5,3,2,1,,,,11,6,5,,,,,,,,,
07/02/2025 23:00,9,7,2,0,0,0,7,7,0,6,4,2,,,,7,5,2,,,,,,,,,
08/02/2025 00:00,0,0,0,0,0,0,3,1,2,2,1,1,,,,5,5,0,,,,,,,,,
08/02/2025 01:00,2,0,2,0,0,0,1,0,1,0,0,0,,,,2,1,1,,,,,,,,,
08/02/2025 02:00,4,2,2,0,0,0,0,0,0,0,0,0,,,,0,0,0,,,,,,,,,
08/02/2025 03:00,0,0,0,0,0,0,0,0,0,0,0,0,,,,0,0,0,,,,,,,,,
08/02/2025 04:00,2,1,1,2,2,0,0,0,0,0,0,0,,,,0,0,0,,,,,,,,,
08/02/2025 05:00,2,0,2,0,0,0,0,0,0,1,1,0,,,,0,0,0,,,,,,,,,
08/02/2025 06:00,10,4,6,1,1,0,2,1,1,1,0,1,,,,5,3,2,,,,,,,,,
08/02/2025 07:00,63,33,30,27,18,9,15,15,0,4,2,2,,,,27,18,9,,,,,,,,,
08/02/2025 08:00,96,60,36,47,22,25,31,17,14,12,6,6,,,,63,35,28,,,,,,,,,
08/02/2025 09:00,111,55,56,133,82,51,73,29,44,18,11,7,,,,101,53,48,,,,,,,,,
08/02/2025 10:00,180,83,97,217,108,109,88,30,58,28,18,10,,,,144,92,52,,,,,,,,,
08/02/2025 11:00,254,135,119,60,32,28,53,28,25,30,20,10,,,,110,59,51,,,,,,,,,
08/02/2025 12:00,206,103,103,81,44,37,40,25,15,49,26,23,,,,112,56,56,,,,,,,,,
08/02/2025 13:00,232,111,121,64,39,25,46,26,20,44,19,25,,,,76,40,36,,,,,,,,,
08/02/2025 14:00,204,85,119,49,32,17,42,21,21,34,12,22,,,,47,22,25,,,,,,,,,
08/02/2025 15:00,241,128,113,48,20,28,40,24,16,26,12,14,,,,71,34,37,,,,,,,,,
08/02/2025 16:00,202,91,111,43,25,18,47,28,19,22,9,13,,,,65,37,28,,,,,,,,,
08/02/2025 17:00,167,90,77,39,22,17,29,10,19,26,7,19,,,,42,21,21,,,,,,,,,
08/02/2025 18:00,87,48,39,19,7,12,34,12,22,8,5,3,,,,34,17,17,,,,,,,,,
08/02/2025 19:00,66,32,34,12,5,7,16,9,7,11,8,3,,,,28,17,11,,,,,,,,,
08/02/2025 20:00,54,31,23,26,12,14,17,6,11,12,4,8,,,,25,11,14,,,,,,,,,
08/02/2025 21:00,23,11,12,12,9,3,7,6,1,6,2,4,,,,5,3,2,,,,,,,,,
08/02/2025 22:00,22,14,8,7,6,1,3,2,1,8,5,3,,,,5,3,2,,,,,,,,,
08/02/2025 23:00,5,3,2,0,0,0,2,0,2,6,3,3,,,,7,4,3,,,,,,,,,
09/02/2025 00:00,0,0,0,0,0,0,1,0,1,0,0,0,,,,5,4,1,,,,,,,,,
09/02/2025 01:00,6,3,3,2,0,2,5,1,4,0,0,0,,,,11,0,11,,,,,,,,,
09/02/2025 02:00,3,1,2,0,0,0,0,0,0,0,0,0,,,,0,0,0,,,,,,,,,
09/02/2025 03:00,1,1,0,0,0,0,0,0,0,0,0,0,,,,2,2,0,,,,,,,,,
09/02/2025 04:00,0,0,0,0,0,0,0,0,0,2,1,1,,,,0,0,0,,,,,,,,,
09/02/2025 05:00,3,1,2,2,1,1,1,0,1,0,0,0,,,,1,1,0,,,,,,,,,
09/02/2025 06:00,11,5,6,4,4,0,4,4,0,3,1,2,,,,3,2,1,,,,,,,,,
09/02/2025 07:00,34,13,21,11,5,6,6,2,4,1,0,1,,,,17,12,5,,,,,,,,,
09/02/2025 08:00,90,45,45,32,21,11,22,16,6,14,6,8,,,,47,30,17,,,,,,,,,
09/02/2025 09:00,216,123,93,84,50,34,67,37,30,17,7,10,,,,137,75,62,,,,,,,,,
09/02/2025 10:00,304,153,151,109,62,47,74,35,39,48,24,24,,,,155,91,64,,,,,,,,,
09/02/2025 11:00,452,232,220,117,60,57,109,60,49,45,24,21,,,,187,107,80,,,,,,,,,
09/02/2025 12:00,509,261,248,129,70,59,88,52,36,38,19,19,,,,166,100,66,,,,,,,,,
09/02/2025 13:00,432,216,216,104,61,43,101,63,38,47,27,20,,,,126,67,59,,,,,,,,,
09/02/2025 14:00,367,187,180,70,46,24,72,25,47,44,17,27,,,,96,51,45,,,,,,,,,
09/02/2025 15:00,318,138,180,48,23,25,44,22,22,13,7,6,,,,73,43,30,,,,,,,,,
09/02/2025 16:00,279,144,135,43,18,25,58,25,33,19,9,10,,,,65,32,33,,,,,,,,,
09/02/2025 17:00,163,79,84,55,28,27,40,28,12,25,7,18,,,,80,42,38,,,,,,,,,
09/02/2025 18:00,134,68,66,47,22,25,35,15,20,17,8,9,,,,41,19,22,,,,,,,,,
09/02/2025 19:00,93,49,44,19,10,9,19,8,11,7,3,4,,,,24,13,11,,,,,,,,,
09/02/2025 20:00,74,33,41,14,5,9,19,9,10,12,6,6,,,,18,11,7,,,,,,,,,
09/02/2025 21:00,33,15,18,22,8,14,14,8,6,5,1,4,,,,12,4,8,,,,,,,,,
09/02/2025 22:00,13,5,8,3,1,2,3,1,2,7,3,4,,,,5,2,3,,,,,,,,,
09/02/2025 23:00,4,3,1,1,0,1,0,0,0,4,2,2,,,,2,1,1,,,,,,,,,
10/02/2025 00:00,0,0,0,0,0,0,2,1,1,0,0,0,,,,1,0,1,,,,,,,,,
10/02/2025 01:00,0,0,0,0,0,0,0,0,0,0,0,0,,,,0,0,0,,,,,,,,,
10/02/2025 02:00,0,0,0,0,0,0,0,0,0,0,0,0,,,,0,0,0,,,,,,,,,
10/02/2025 03:00,0,0,0,0,0,0,0,0,0,1,1,0,,,,0,0,0,,,,,,,,,
10/02/2025 04:00,0,0,0,1,0,1,0,0,0,2,0,2,,,,0,0,0,,,,,,,,,
10/02/2025 05:00,8,2,6,0,0,0,0,0,0,3,3,0,,,,6,6,0,,,,,,,,,
10/02/2025 06:00,27,11,16,11,4,7,14,8,6,7,4,3,,,,58,48,10,,,,,,,,,
10/02/2025 07:00,83,49,34,25,16,9,13,7,6,14,5,9,,,,50,32,18,,,,,,,,,
10/02/2025 08:00,54,31,23,29,11,18,19,15,4,32,15,17,,,,77,36,41,,,,,,,,,
10/02/2025 09:00,49,25,24,13,7,6,15,4,11,23,14,9,,,,53,29,24,,,,,,,,,
10/02/2025 10:00,61,28,33,20,7,13,11,7,4,12,7,5,,,,27,12,15,,,,,,,,,
10/02/2025 11:00,77,42,35,21,11,10,11,6,5,17,6,11,,,,30,13,17,,,,,,,,,
10/02/2025 12:00,67,33,34,15,5,10,18,7,11,11,6,5,,,,29,18,11,,,,,,,,,
10/02/2025 13:00,99,48,51,15,4,11,26,16,10,16,6,10,,,,32,18,14,,,,,,,,,
10/02/2025 14:00,53,28,25,9,6,3,13,8,5,35,19,16,,,,16,8,8,,,,,,,,,
10/02/2025 15:00,56,26,30,18,8,10,15,8,7,23,9,14,,,,31,21,10,,,,,,,,,
10/02/2025 16:00,32,14,18,13,4,9,9,4,5,14,3,11,,,,26,12,14,,,,,,,,,
10/02/2025 17:00,49,24,25,25,19,6,20,12,8,23,13,10,,,,52,20,32,,,,,,,,,
10/02/2025 18:00,64,37,27,44,24,20,30,16,14,25,11,14,,,,57,31,26,,,,,,,,,
10/02/2025 19:00,73,32,41,33,20,13,24,15,9,19,7,12,,,,42,23,19,,,,,,,,,
10/02/2025 20:00,70,36,34,28,14,14,20,11,9,14,5,9,,,,56,31,25,,,,,,,,,
10/02/2025 21:00,31,19,12,15,10,5,12,4,8,9,8,1,,,,15,6,9,,,,,,,,,
10/02/2025 22:00,9,7,2,8,5,3,8,5,3,5,4,1,,,,4,3,1,,,,,,,,,
10/02/2025 23:00,4,2,2,3,0,3,2,1,1,3,2,1,,,,1,1,0,,,,,,,,,
11/02/2025 00:00,0,0,0,0,0,0,0,0,0,0,0,0,,,,1,0,1,,,,,,,,,
11/02/2025 01:00,1,0,1,1,0,1,1,0,1,0,0,0,,,,0,0,0,,,,,,,,,
11/02/2025 02:00,1,0,1,0,0,0,0,0,0,0,0,0,,,,0,0,0,,,,,,,,,
11/02/2025 03:00,0,0,0,0,0,0,0,0,0,0,0,0,,,,0,0,0,,,,,,,,,
11/02/2025 04:00,0,0,0,0,0,0,0,0,0,0,0,0,,,,1,1,0,,,,,,,,,
11/02/2025 05:00,15,5,10,4,2,2,0,0,0,1,1,0,,,,2,2,0,,,,,,,,,
11/02/2025 06:00,28,15,13,17,9,8,11,7,4,7,5,2,,,,21,15,6,,,,,,,,,
11/02/2025 07:00,53,26,27,29,15,14,26,20,6,19,11,8,,,,36,17,19,,,,,,,,,
11/02/2025 08:00,70,32,38,19,11,8,16,6,10,35,13,22,,,,67,29,38,,,,,,,,,
11/02/2025 09:00,92,35,57,20,5,15,19,10,9,31,16,15,,,,39,22,17,,,,,,,,,
11/02/2025 10:00,113,59,54,20,13,7,31,21,10,27,15,12,,,,33,19,14,,,,,,,,,
11/02/2025 11:00,120,66,54,27,14,13,32,15,17,18,11,7,,,,47,25,22,,,,,,,,,
11/02/2025 12:00,118,58,60,41,24,17,26,12,14,31,12,19,,,,92,59,33,,,,,,,,,
11/02/2025 13:00,188,97,91,28,15,13,41,14,27,35,15,20,,,,71,37,34,,,,,,,,,
11/02/2025 14:00,153,56,97,27,13,14,31,12,19,45,24,21,,,,75,38,37,,,,,,,,,
11/02/2025 15:00,121,61,60,28,9,19,19,12,7,35,8,27,,,,41,17,24,,,,,,,,,
11/02/2025 16:00,124,55,69,53,29,24,29,10,19,28,6,22,,,,52,22,30,,,,,,,,,
11/02/2025 17:00,117,70,47,43,20,23,37,21,16,30,16,14,,,,77,42,35,,,,,,,,,
11/02/2025 18:00,120,61,59,69,36,33,48,26,22,22,9,13,,,,79,47,32,,,,,,,,,
11/02/2025 19:00,94,46,48,79,43,36,41,26,15,21,7,14,,,,99,55,44,,,,,,,,,
11/02/2025 20:00,93,48,45,50,18,32,25,11,14,16,4,12,,,,38,22,16,,,,,,,,,
11/02/2025 21:00,47,29,18,20,10,10,15,7,8,6,2,4,,,,19,10,9,,,,,,,,,
11/02/2025 22:00,23,11,12,9,4,5,3,0,3,15,10,5,,,,4,3,1,,,,,,,,,
11/02/2025 23:00,6,3,3,2,1,1,2,0,2,5,2,3,,,,3,3,0,,,,,,,,,
12/02/2025 00:00,0,0,0,2,1,1,0,0,0,0,0,0,,,,0,0,0,,,,,,,,,
12/02/2025 01:00,4,2,2,0,0,0,0,0,0,0,0,0,,,,0,0,0,,,,,,,,,
12/02/2025 02:00,1,1,0,0,0,0,0,0,0,0,0,0,,,,0,0,0,,,,,,,,,
12/02/2025 03:00,2,2,0,0,0,0,0,0,0,0,0,0,,,,0,0,0,,,,,,,,,
12/02/2025 04:00,5,3,2,0,0,0,0,0,0,3,3,0,,,,0,0,0,,,,,,,,,
12/02/2025 05:00,7,3,4,2,0,2,1,0,1,2,1,1,,,,1,1,0,,,,,,,,,
12/02/2025 06:00,36,22,14,23,14,9,17,11,6,7,4,3,,,,19,11,8,,,,,,,,,
12/02/2025 07:00,65,31,34,46,17,29,27,15,12,21,8,13,,,,50,25,25,,,,,,,,,
12/02/2025 08:00,121,58,63,42,18,24,31,19,12,38,20,18,,,,102,51,51,,,,,,,,,
12/02/2025 09:00,149,69,80,27,11,16,23,10,13,40,25,15,,,,51,21,30,,,,,,,,,
12/02/2025 10:00,146,69,77,36,17,19,22,14,8,25,15,10,,,,57,33,24,,,,,,,,,
12/02/2025 11:00,185,104,81,27,16,11,32,13,19,42,16,26,,,,39,18,21,,,,,,,,,
12/02/2025 12:00,197,81,116,39,11,28,29,13,16,32,16,16,,,,89,42,47,,,,,,,,,
12/02/2025 13:00,200,106,94,39,20,19,56,31,25,45,19,26,,,,100,48,52,,,,,,,,,
12/02/2025 14:00,171,85,86,25,18,7,18,11,7,26,16,10,,,,88,44,44,,,,,,,,,
12/02/2025 15:00,125,58,67,31,16,15,23,9,14,23,13,10,,,,64,35,29,,,,,,,,,
12/02/2025 16:00,115,55,60,44,24,20,36,23,13,34,11,23,,,,98,46,52,,,,,,,,,
12/02/2025 17:00,143,75,68,49,29,20,47,25,22,26,14,12,,,,79,39,40,,,,,,,,,
12/02/2025 18:00,111,54,57,60,32,28,50,30,20,11,2,9,,,,98,47,51,,,,,,,,,
12/02/2025 19:00,114,57,57,45,19,26,33,20,13,15,6,9,,,,56,33,23,,,,,,,,,
12/02/2025 20:00,93,48,45,40,19,21,29,11,18,10,4,6,,,,30,16,14,,,,,,,,,
12/02/2025 21:00,45,25,20,19,11,8,17,8,9,9,5,4,,,,16,6,10,,,,,,,,,
12/02/2025 22:00,24,11,13,5,5,0,5,2,3,2,2,0,,,,5,2,3,,,,,,,,,
12/02/2025 23:00,6,3,3,4,2,2,3,0,3,2,1,1,,,,2,1,1,,,,,,,,,
13/02/2025 00:00,2,0,2,1,1,0,1,1,0,1,0,1,,,,2,2,0,,,,,,,,,
13/02/2025 01:00,0,0,0,0,0,0,0,0,0,0,0,0,,,,0,0,0,,,,,,,,,
13/02/2025 02:00,2,0,2,1,0,1,1,0,1,0,0,0,,,,0,0,0,,,,,,,,,
13/02/2025 03:00,1,1,0,0,0,0,0,0,0,0,0,0,,,,0,0,0,,,,,,,,,
13/02/2025 04:00,0,0,0,1,1,0,2,1,1,1,1,0,,,,0,0,0,,,,,,,,,
13/02/2025 05:00,7,1,6,3,1,2,2,2,0,1,0,1,,,,3,3,0,,,,,,,,,
13/02/2025 06:00,56,28,28,22,10,12,28,18,10,4,4,0,,,,27,15,12,,,,,,,,,
13/02/2025 07:00,77,49,28,37,15,22,18,11,7,17,6,11,,,,50,24,26,,,,,,,,,
13/02/2025 08:00,93,45,48,26,9,17,18,8,10,54,26,28,,,,98,51,47,,,,,,,,,
13/02/2025 09:00,101,47,54,34,14,20,25,17,8,31,19,12,,,,75,41,34,,,,,,,,,
13/02/2025 10:00,121,62,59,32,21,11,21,15,6,25,16,9,,,,50,29,21,,,,,,,,,
13/02/2025 11:00,156,73,83,28,11,17,17,5,12,25,10,15,,,,34,15,19,,,,,,,,,
13/02/2025 12:00,117,51,66,44,20,24,43,18,25,23,8,15,,,,44,29,15,,,,,,,,,
13/02/2025 13:00,147,82,65,33,19,14,56,38,18,67,21,46,,,,55,26,29,,,,,,,,,
13/02/2025 14:00,127,56,71,24,13,11,27,9,18,34,19,15,,,,64,43,21,,,,,,,,,
13/02/2025 15:00,97,39,58,33,17,16,17,8,9,29,7,22,,,,87,48,39,,,,,,,,,
13/02/2025 16:00,66,35,31,23,14,9,23,9,14,34,20,14,,,,60,24,36,,,,,,,,,
13/02/2025 17:00,79,37,42,30,16,14,24,9,15,39,17,22,,,,86,43,43,,,,,,,,,
13/02/2025 18:00,79,38,41,42,35,7,45,27,18,21,9,12,,,,49,27,22,,,,,,,,,
13/02/2025 19:00,67,35,32,30,13,17,20,7,13,10,4,6,,,,64,27,37,,,,,,,,,
13/02/2025 20:00,61,34,27,23,13,10,14,8,6,8,4,4,,,,23,11,12,,,,,,,,,
13/02/2025 21:00,25,14,11,17,9,8,18,6,12,12,6,6,,,,7,4,3,,,,,,,,,
13/02/2025 22:00,26,11,15,2,1,1,2,0,2,4,2,2,,,,2,1,1,,,,,,,,,
13/02/2025 23:00,7,7,0,3,2,1,1,0,1,0,0,0,,,,1,0,1,,,,,,,,,
14/02/2025 00:00,0,0,0,0,0,0,0,0,0,5,4,1,,,,0,0,0,,,,,,,,,
14/02/2025 01:00,1,1,0,0,0,0,0,0,0,0,0,0,,,,0,0,0,,,,,,,,,
14/02/2025 02:00,0,0,0,0,0,0,0,0,0,0,0,0,,,,0,0,0,,,,,,,,,
14/02/2025 03:00,1,1,0,1,0,1,2,0,2,0,0,0,,,,0,0,0,,,,,,,,,
14/02/2025 04:00,0,0,0,0,0,0,1,0,1,0,0,0,,,,0,0,0,,,,,,,,,
14/02/2025 05:00,3,1,2,2,2,0,2,1,1,1,1,0,,,,2,2,0,,,,,,,,,
14/02/2025 06:00,23,11,12,17,10,7,13,9,4,6,3,3,,,,10,7,3,,,,,,,,,
14/02/2025 07:00,55,23,32,29,15,14,13,7,6,16,4,12,,,,48,20,28,,,,,,,,,
14/02/2025 08:00,75,26,49,28,11,17,17,8,9,28,18,10,,,,62,37,25,,,,,,,,,
14/02/2025 09:00,84,40,44,20,8,12,13,8,5,27,15,12,,,,50,26,24,,,,,,,,,
14/02/2025 10:00,72,34,38,17,7,10,13,8,5,20,10,10,,,,32,19,13,,,,,,,,,
14/02/2025 11:00,59,29,30,15,5,10,12,6,6,14,5,9,,,,30,14,16,,,,,,,,,
14/02/2025 12:00,67,29,38,6,3,3,16,9,7,26,13,13,,,,47,22,25,,,,,,,,,
14/02/2025 13:00,59,25,34,26,12,14,19,9,10,17,10,7,,,,29,17,12,,,,,,,,,
14/02/2025 14:00,66,24,42,8,3,5,16,7,9,12,8,4,,,,32,13,19,,,,,,,,,
14/02/2025 15:00,47,17,30,7,2,5,12,4,8,10,5,5,,,,29,15,14,,,,,,,,,
14/02/2025 16:00,47,20,27,17,9,8,23,12,11,20,9,11,,,,45,28,17,,,,,,,,,
14/02/2025 17:00,55,33,22,22,12,10,34,18,16,32,18,14,,,,66,30,36,,,,,,,,,
14/02/2025 18:00,60,29,31,40,21,19,43,24,19,15,8,7,,,,34,17,17,,,,,,,,,
14/02/2025 19:00,38,21,17,20,12,8,32,10,22,14,9,5,,,,30,15,15,,,,,,,,,
14/02/2025 20:00,45,23,22,17,12,5,28,8,20,5,0,5,,,,20,13,7,,,,,,,,,
14/02/2025 21:00,38,20,18,15,6,9,17,10,7,6,3,3,,,,10,4,6,,,,,,,,,
14/02/2025 22:00,18,9,9,5,0,5,10,6,4,11,7,4,,,,3,2,1,,,,,,,,,
14/02/2025 23:00,19,10,9,3,2,1,12,6,6,4,2,2,,,,2,1,1,,,,,,,,,
15/02/2025 00:00,0,0,0,3,0,3,12,3,9,0,0,0,,,,2,2,0,,,,,,,,,
15/02/2025 01:00,3,1,2,3,2,1,2,2,0,0,0,0,,,,0,0,0,,,,,,,,,
15/02/2025 02:00,1,1,0,1,0,1,1,1,0,2,1,1,,,,0,0,0,,,,,,,,,
15/02/2025 03:00,1,1,0,0,0,0,3,2,1,0,0,0,,,,0,0,0,,,,,,,,,
15/02/2025 04:00,0,0,0,1,0,1,1,0,1,0,0,0,,,,0,0,0,,,,,,,,,
15/02/2025 05:00,3,1,2,0,0,0,1,1,0,1,1,0,,,,1,1,0,,,,,,,,,
15/02/2025 06:00,17,8,9,9,7,2,7,5,2,5,2,3,,,,5,4,1,,,,,,,,,
15/02/2025 07:00,38,17,21,17,10,7,15,10,5,2,0,2,,,,34,18,16,,,,,,,,,
15/02/2025 08:00,110,57,53,47,29,18,33,17,16,15,6,9,,,,56,36,20,,,,,,,,,
15/02/2025 09:00,152,84,68,54,26,28,39,26,13,30,17,13,,,,76,43,33,,,,,,,,,
15/02/2025 10:00,223,125,98,82,41,41,62,33,29,38,22,16,,,,121,65,56,,,,,,,,,
15/02/2025 11:00,345,217,128,93,52,41,79,41,38,36,17,19,,,,118,67,51,,,,,,,,,
15/02/2025 12:00,277,128,149,68,41,27,68,39,29,46,20,26,,,,125,70,55,,,,,,,,,
15/02/2025 13:00,367,176,191,58,33,25,58,31,27,46,22,24,,,,104,57,47,,,,,,,,,
15/02/2025 14:00,366,180,186,46,21,25,44,20,24,62,35,27,,,,79,45,34,,,,,,,,,
15/02/2025 15:00,245,108,137,49,29,20,80,50,30,36,17,19,,,,74,37,37,,,,,,,,,
15/02/2025 16:00,304,144,160,39,26,13,42,21,21,41,16,25,,,,65,30,35,,,,,,,,,
15/02/2025 17:00,180,76,104,34,18,16,35,16,19,37,22,15,,,,39,25,14,,,,,,,,,
15/02/2025 18:00,69,35,34,19,8,11,27,11,16,22,8,14,,,,16,8,8,,,,,,,,,
15/02/2025 19:00,57,31,26,9,6,3,14,7,7,20,12,8,,,,17,7,10,,,,,,,,,
15/02/2025 20:00,51,26,25,15,8,7,14,4,10,13,3,10,,,,18,10,8,,,,,,,,,
15/02/2025 21:00,42,23,19,7,5,2,6,0,6,7,4,3,,,,6,2,4,,,,,,,,,
15/02/2025 22:00,26,11,15,5,2,3,10,4,6,2,2,0,,,,0,0,0,,,,,,,,,
15/02/2025 23:00,13,8,5,2,2,0,5,2,3,3,1,2,,,,3,3,0,,,,,,,,,
16/02/2025 00:00,0,0,0,0,0,0,2,0,2,5,3,2,,,,0,0,0,,,,,,,,,
16/02/2025 01:00,4,1,3,2,0,2,1,0,1,1,1,0,,,,4,1,3,,,,,,,,,
16/02/2025 02:00,1,1,0,1,0,1,1,0,1,0,0,0,,,,0,0,0,,,,,,,,,
16/02/2025 03:00,0,0,0,0,0,0,1,1,0,0,0,0,,,,0,0,0,,,,,,,,,
16/02/2025 04:00,2,1,1,0,0,0,0,0,0,0,0,0,,,,2,1,1,,,,,,,,,
16/02/2025 05:00,2,2,0,0,0,0,0,0,0,3,1,2,,,,0,0,0,,,,,,,,,
16/02/2025 06:00,7,2,5,4,2,2,7,3,4,1,1,0,,,,0,0,0,,,,,,,,,
16/02/2025 07:00,30,13,17,9,4,5,6,4,2,2,1,1,,,,13,9,4,,,,,,,,,
16/02/2025 08:00,118,58,60,35,16,19,25,16,9,19,10,9,,,,36,20,16,,,,,,,,,
16/02/2025 09:00,221,106,115,59,24,35,44,22,22,34,15,19,,,,108,63,45,,,,,,,,,
16/02/2025 10:00,353,176,177,97,56,41,69,39,30,42,29,13,,,,172,103,69,,,,,,,,,
16/02/2025 11:00,626,352,274,104,58,46,102,51,51,46,21,25,,,,220,135,85,,,,,,,,,
16/02/2025 12:00,665,332,333,144,87,57,179,105,74,74,43,31,,,,186,88,98,,,,,,,,,
16/02/2025 13:00,693,350,343,114,56,58,101,49,52,55,33,22,,,,151,71,80,,,,,,,,,
16/02/2025 14:00,624,292,332,87,42,45,95,44,51,64,22,42,,,,129,62,67,,,,,,,,,
16/02/2025 15:00,610,309,301,83,47,36,74,43,31,46,20,26,,,,121,63,58,,,,,,,,,
16/02/2025 16:00,431,213,218,70,32,38,64,27,37,50,28,22,,,,120,53,67,,,,,,,,,
16/02/2025 17:00,268,132,136,49,24,25,51,26,25,24,13,11,,,,80,36,44,,,,,,,,,
16/02/2025 18:00,121,67,54,33,19,14,34,13,21,12,8,4,,,,36,18,18,,,,,,,,,
16/02/2025 19:00,70,38,32,22,6,16,22,15,7,12,7,5,,,,16,10,6,,,,,,,,,
16/02/2025 20:00,70,37,33,14,7,7,21,15,6,9,1,8,,,,14,8,6,,,,,,,,,
16/02/2025 21:00,24,14,10,7,5,2,10,5,5,6,2,4,,,,8,5,3,,,,,,,,,
16/02/2025 22:00,12,5,7,8,6,2,4,1,3,6,3,3,,,,6,2,4,,,,,,,,,
16/02/2025 23:00,10,6,4,2,2,0,6,2,4,7,5,2,,,,6,4,2,,,,,,,,,
17/02/2025 00:00,1,1,0,0,0,0,0,0,0,1,1,0,,,,1,1,0,,,,,,,,,
17/02/2025 01:00,3,1,2,0,0,0,2,0,2,1,0,1,,,,0,0,0,,,,,,,,,
17/02/2025 02:00,1,0,1,2,1,1,4,2,2,0,0,0,,,,0,0,0,,,,,,,,,
17/02/2025 03:00,0,0,0,0,0,0,0,0,0,0,0,0,,,,0,0,0,,,,,,,,,
17/02/2025 04:00,0,0,0,0,0,0,0,0,0,0,0,0,,,,0,0,0,,,,,,,,,
17/02/2025 05:00,8,2,6,1,0,1,2,0,2,2,2,0,,,,3,2,1,,,,,,,,,
17/02/2025 06:00,34,18,16,12,8,4,13,9,4,5,2,3,,,,14,8,6,,,,,,,,,
17/02/2025 07:00,64,33,31,35,14,21,19,13,6,15,4,11,,,,45,25,20,,,,,,,,,
17/02/2025 08:00,108,46,62,31,15,16,23,11,12,31,20,11,,,,73,37,36,,,,,,,,,
17/02/2025 09:00,104,49,55,21,9,12,19,7,12,37,17,20,,,,51,30,21,,,,,,,,,
17/02/2025 10:00,140,78,62,41,21,20,19,13,6,24,12,12,,,,59,37,22,,,,,,,,,
17/02/2025 11:00,150,68,82,31,19,12,24,10,14,27,12,15,,,,37,24,13,,,,,,,,,
17/02/2025 12:00,188,83,105,25,14,11,27,13,14,38,14,24,,,,63,37,26,,,,,,,,,
17/02/2025 13:00,190,88,102,27,15,12,32,18,14,45,19,26,,,,71,37,34,,,,,,,,,
17/02/2025 14:00,153,73,80,24,11,13,22,12,10,26,11,15,,,,55,31,24,,,,,,,,,
17/02/2025 15:00,142,72,70,38,22,16,39,20,19,38,18,20,,,,60,38,22,,,,,,,,,
17/02/2025 16:00,138,55,83,20,10,10,21,7,14,28,12,16,,,,81,34,47,,,,,,,,,
17/02/2025 17:00,143,78,65,40,29,11,53,27,26,43,22,21,,,,62,30,32,,,,,,,,,
17/02/2025 18:00,140,74,66,60,32,28,38,22,16,17,10,7,,,,79,45,34,,,,,,,,,
17/02/2025 19:00,90,53,37,39,20,19,30,20,10,18,7,11,,,,67,35,32,,,,,,,,,
17/02/2025 20:00,83,45,38,85,27,58,25,10,15,8,4,4,,,,44,23,21,,,,,,,,,
17/02/2025 21:00,26,12,14,18,8,10,24,12,12,6,1,5,,,,17,10,7,,,,,,,,,
17/02/2025 22:00,13,10,3,2,1,1,5,2,3,6,3,3,,,,10,7,3,,,,,,,,,
17/02/2025 23:00,4,2,2,1,1,0,6,1,5,4,1,3,,,,4,3,1,,,,,,,,,
18/02/2025 00:00,2,2,0,0,0,0,1,1,0,2,1,1,,,,1,0,1,,,,,,,,,
18/02/2025 01:00,5,3,2,1,0,1,0,0,0,0,0,0,,,,0,0,0,,,,,,,,,
18/02/2025 02:00,0,0,0,0,0,0,0,0,0,0,0,0,,,,0,0,0,,,,,,,,,
18/02/2025 03:00,1,1,0,0,0,0,0,0,0,0,0,0,,,,0,0,0,,,,,,,,,
18/02/2025 04:00,0,0,0,0,0,0,0,0,0,0,0,0,,,,0,0,0,,,,,,,,,
18/02/2025 05:00,9,3,6,0,0,0,0,0,0,0,0,0,,,,3,2,1,,,,,,,,,
18/02/2025 06:00,28,15,13,5,2,3,8,6,2,6,4,2,,,,8,5,3,,,,,,,,,
18/02/2025 07:00,83,41,42,34,14,20,14,11,3,23,8,15,,,,41,28,13,,,,,,,,,
18/02/2025 08:00,97,40,57,34,20,14,29,18,11,24,9,15,,,,90,42,48,,,,,,,,,
18/02/2025 09:00,102,45,57,26,9,17,24,13,11,38,18,20,,,,54,30,24,,,,,,,,,
18/02/2025 10:00,141,79,62,34,22,12,21,15,6,20,9,11,,,,65,36,29,,,,,,,,,
18/02/2025 11:00,119,47,72,25,17,8,23,11,12,23,14,9,,,,62,34,28,,,,,,,,,
18/02/2025 12:00,202,97,105,44,23,21,36,21,15,36,15,21,,,,52,31,21,,,,,,,,,
18/02/2025 13:00,251,110,141,30,11,19,29,12,17,28,7,21,,,,70,34,36,,,,,,,,,
18/02/2025 14:00,183,94,89,35,19,16,27,15,12,34,18,16,,,,61,32,29,,,,,,,,,
18/02/2025 15:00,167,85,82,40,26,14,42,25,17,29,11,18,,,,58,41,17,,,,,,,,,
18/02/2025 16:00,143,60,83,35,21,14,32,20,12,29,12,17,,,,94,49,45,,,,,,,,,
18/02/2025 17:00,127,68,59,51,37,14,44,26,18,36,19,17,,,,82,46,36,,,,,,,,,
18/02/2025 18:00,128,65,63,46,28,18,50,31,19,35,13,22,,,,95,56,39,,,,,,,,,
18/02/2025 19:00,106,54,52,67,45,22,52,24,28,11,5,6,,,,109,58,51,,,,,,,,,
18/02/2025 20:00,172,99,73,26,13,13,34,14,20,13,6,7,,,,44,24,20,,,,,,,,,
18/02/2025 21:00,50,22,28,24,7,17,9,4,5,11,4,7,,,,17,8,9,,,,,,,,,
18/02/2025 22:00,20,14,6,6,5,1,0,0,0,6,5,1,,,,8,6,2,,,,,,,,,
18/02/2025 23:00,5,3,2,3,1,2,6,1,5,2,0,2,,,,7,3,4,,,,,,,,,
19/02/2025 00:00,0,0,0,0,0,0,0,0,0,5,2,3,,,,2,0,2,,,,,,,,,
19/02/2025 01:00,0,0,0,0,0,0,0,0,0,0,0,0,,,,0,0,0,,,,,,,,,
19/02/2025 02:00,0,0,0,0,0,0,0,0,0,0,0,0,,,,0,0,0,,,,,,,,,
19/02/2025 03:00,0,0,0,0,0,0,4,2,2,0,0,0,,,,0,0,0,,,,,,,,,
19/02/2025 04:00,2,1,1,0,0,0,0,0,0,0,0,0,,,,0,0,0,,,,,,,,,
19/02/2025 05:00,4,1,3,0,0,0,0,0,0,2,1,1,,,,9,8,1,,,,,,,,,
19/02/2025 06:00,13,6,7,5,3,2,4,2,2,3,2,1,,,,12,7,5,,,,,,,,,
19/02/2025 07:00,48,24,24,22,7,15,8,6,2,12,3,9,,,,45,23,22,,,,,,,,,
19/02/2025 08:00,94,42,52,35,15,20,20,8,12,40,24,16,,,,69,43,26,,,,,,,,,
19/02/2025 09:00,113,54,59,29,15,14,23,13,10,26,16,10,,,,66,37,29,,,,,,,,,
19/02/2025 10:00,217,114,103,43,23,20,32,17,15,25,19,6,,,,69,42,27,,,,,,,,,
19/02/2025 11:00,311,157,154,63,34,29,49,28,21,38,16,22,,,,77,53,24,,,,,,,,,
19/02/2025 12:00,367,182,185,63,31,32,54,30,24,33,22,11,,,,100,53,47,,,,,,,,,
19/02/2025 13:00,325,156,169,68,24,44,72,36,36,42,21,21,,,,114,58,56,,,,,,,,,
19/02/2025 14:00,296,150,146,51,27,24,39,16,23,49,20,29,,,,82,41,41,,,,,,,,,
19/02/2025 15:00,205,81,124,38,22,16,32,17,15,20,9,11,,,,69,37,32,,,,,,,,,
19/02/2025 16:00,165,93,72,22,10,12,31,16,15,34,16,18,,,,76,28,48,,,,,,,,,
19/02/2025 17:00,109,55,54,44,31,13,39,21,18,30,15,15,,,,78,40,38,,,,,,,,,
19/02/2025 18:00,40,14,26,30,18,12,17,5,12,20,9,11,,,,55,32,23,,,,,,,,,
19/02/2025 19:00,30,13,17,24,13,11,19,9,10,15,4,11,,,,53,30,23,,,,,,,,,
19/02/2025 20:00,33,19,14,16,5,11,5,3,2,6,4,2,,,,10,5,5,,,,,,,,,
19/02/2025 21:00,14,6,8,4,2,2,7,3,4,1,1,0,,,,9,5,4,,,,,,,,,
19/02/2025 22:00,19,10,9,3,1,2,4,2,2,5,2,3,,,,4,2,2,,,,,,,,,
19/02/2025 23:00,7,3,4,2,2,0,4,1,3,5,4,1,,,,3,3,0,,,,,,,,,
20/02/2025 00:00,0,0,0,0,0,0,1,0,1,5,2,3,,,,2,2,0,,,,,,,,,
20/02/2025 01:00,3,2,1,0,0,0,0,0,0,0,0,0,,,,0,0,0,,,,,,,,,
20/02/2025 02:00,2,1,1,0,0,0,0,0,0,0,0,0,,,,0,0,0,,,,,,,,,
20/02/2025 03:00,1,1,0,0,0,0,0,0,0,0,0,0,,,,0,0,0,,,,,,,,,
20/02/2025 04:00,0,0,0,0,0,0,0,0,0,0,0,0,,,,0,0,0,,,,,,,,,
20/02/2025 05:00,5,2,3,1,1,0,1,1,0,0,0,0,,,,0,0,0,,,,,,,,,
20/02/2025 06:00,22,14,8,6,4,2,8,6,2,3,1,2,,,,12,7,5,,,,,,,,,
20/02/2025 07:00,62,23,39,28,12,16,19,11,8,15,5,10,,,,15,10,5,,,,,,,,,
20/02/2025 08:00,107,54,53,34,11,23,22,9,13,22,11,11,,,,16,8,8,,,,,,,,,
20/02/2025 09:00,88,37,51,27,7,20,22,12,10,17,6,11,,,,25,13,12,,,,,,,,,
20/02/2025 10:00,162,72,90,35,21,14,23,14,9,30,19,11,,,,51,32,19,,,,,,,,,
20/02/2025 11:00,302,153,149,54,24,30,40,22,18,31,19,12,,,,75,51,24,,,,,,,,,
20/02/2025 12:00,139,68,71,18,10,8,19,14,5,58,52,6,,,,17,8,9,,,,,,,,,
20/02/2025 13:00,156,62,94,15,9,6,25,14,11,18,9,9,,,,38,21,17,,,,,,,,,
20/02/2025 14:00,245,103,142,32,16,16,22,11,11,24,9,15,,,,59,37,22,,,,,,,,,
20/02/2025 15:00,337,207,130,30,18,12,41,31,10,36,18,18,,,,94,55,39,,,,,,,,,
20/02/2025 16:00,299,133,166,40,20,20,34,16,18,40,18,22,,,,100,55,45,,,,,,,,,
20/02/2025 17:00,265,135,130,67,37,30,60,25,35,28,10,18,,,,113,53,60,,,,,,,,,
20/02/2025 18:00,202,113,89,54,29,25,59,36,23,33,16,17,,,,75,32,43,,,,,,,,,
20/02/2025 19:00,151,79,72,51,24,27,37,17,20,14,7,7,,,,56,29,27,,,,,,,,,
20/02/2025 20:00,114,63,51,45,19,26,30,21,9,13,6,7,,,,36,18,18,,,,,,,,,
20/02/2025 21:00,69,32,37,18,11,7,25,11,14,5,3,2,,,,11,5,6,,,,,,,,,
20/02/2025 22:00,26,16,10,6,3,3,8,4,4,6,4,2,,,,5,1,4,,,,,,,,,
20/02/2025 23:00,5,3,2,7,3,4,5,2,3,3,1,2,,,,1,0,1,,,,,,,,,
21/02/2025 00:00,0,0,0,0,0,0,1,1,0,5,5,0,,,,2,2,0,,,,,,,,,
21/02/2025 01:00,1,0,1,0,0,0,0,0,0,0,0,0,,,,0,0,0,,,,,,,,,
21/02/2025 02:00,0,0,0,0,0,0,0,0,0,0,0,0,,,,0,0,0,,,,,,,,,
21/02/2025 03:00,1,1,0,0,0,0,0,0,0,0,0,0,,,,0,0,0,,,,,,,,,
21/02/2025 04:00,0,0,0,0,0,0,0,0,0,0,0,0,,,,0,0,0,,,,,,,,,
21/02/2025 05:00,2,0,2,0,0,0,0,0,0,1,1,0,,,,0,0,0,,,,,,,,,
21/02/2025 06:00,14,6,8,7,2,5,7,4,3,2,0,2,,,,6,4,2,,,,,,,,,
21/02/2025 07:00,27,15,12,23,14,9,12,7,5,7,1,6,,,,23,17,6,,,,,,,,,
21/02/2025 08:00,43,28,15,20,10,10,12,7,5,14,5,9,,,,21,11,10,,,,,,,,,
21/02/2025 09:00,31,17,14,7,3,4,9,1,8,10,6,4,,,,18,9,9,,,,,,,,,
21/02/2025 10:00,56,30,26,12,10,2,13,8,5,6,5,1,,,,29,20,9,,,,,,,,,
21/02/2025 11:00,64,31,33,25,20,5,27,15,12,19,11,8,,,,51,32,19,,,,,,,,,
21/02/2025 12:00,178,90,88,46,22,24,26,19,7,24,13,11,,,,59,31,28,,,,,,,,,
21/02/2025 13:00,124,68,56,21,12,9,28,22,6,24,11,13,,,,27,15,12,,,,,,,,,
21/02/2025 14:00,257,130,127,54,30,24,27,16,11,27,14,13,,,,65,44,21,,,,,,,,,
21/02/2025 15:00,438,234,204,75,38,37,48,25,23,28,13,15,,,,116,58,58,,,,,,,,,
21/02/2025 16:00,416,186,230,70,41,29,69,35,34,42,17,25,,,,145,75,70,,,,,,,,,
21/02/2025 17:00,394,199,195,59,28,31,68,36,32,33,15,18,,,,159,84,75,,,,,,,,,
21/02/2025 18:00,194,95,99,66,37,29,56,27,29,25,13,12,,,,88,45,43,,,,,,,,,
21/02/2025 19:00,147,75,72,47,20,27,49,18,31,13,8,5,,,,25,11,14,,,,,,,,,
21/02/2025 20:00,96,55,41,22,12,10,39,11,28,11,4,7,,,,23,13,10,,,,,,,,,
21/02/2025 21:00,36,16,20,11,2,9,8,5,3,2,1,1,,,,14,3,11,,,,,,,,,
21/02/2025 22:00,20,11,9,4,0,4,8,2,6,8,5,3,,,,16,7,9,,,,,,,,,
21/02/2025 23:00,8,5,3,1,0,1,14,10,4,3,2,1,,,,5,4,1,,,,,,,,,
22/02/2025 00:00,2,0,2,2,2,0,2,0,2,5,4,1,,,,0,0,0,,,,,,,,,
22/02/2025 01:00,3,3,0,2,0,2,1,0,1,0,0,0,,,,1,1,0,,,,,,,,,
22/02/2025 02:00,2,2,0,0,0,0,0,0,0,0,0,0,,,,0,0,0,,,,,,,,,
22/02/2025 03:00,0,0,0,0,0,0,0,0,0,1,0,1,,,,0,0,0,,,,,,,,,
22/02/2025 04:00,1,0,1,0,0,0,1,0,1,0,0,0,,,,0,0,0,,,,,,,,,
22/02/2025 05:00,6,3,3,1,1,0,2,2,0,3,1,2,,,,0,0,0,,,,,,,,,
22/02/2025 06:00,20,8,12,6,4,2,4,2,2,2,0,2,,,,5,2,3,,,,,,,,,
22/02/2025 07:00,60,35,25,31,23,8,14,11,3,4,2,2,,,,32,26,6,,,,,,,,,
22/02/2025 08:00,182,97,85,72,36,36,33,15,18,13,6,7,,,,101,52,49,,,,,,,,,
22/02/2025 09:00,336,194,142,112,61,51,84,50,34,38,23,15,,,,160,99,61,,,,,,,,,
22/02/2025 10:00,605,360,245,185,106,79,157,103,54,53,27,26,,,,259,164,95,,,,,,,,,
22/02/2025 11:00,773,407,366,156,78,78,120,75,45,59,31,28,,,,294,158,136,,,,,,,,,
22/02/2025 12:00,894,444,450,196,91,105,117,69,48,63,37,26,,,,248,142,106,,,,,,,,,
22/02/2025 13:00,849,459,390,165,100,65,123,59,64,46,15,31,,,,163,88,75,,,,,,,,,
22/02/2025 14:00,803,450,353,131,70,61,93,45,48,39,19,20,,,,140,71,69,,,,,,,,,
22/02/2025 15:00,923,454,469,85,50,35,89,57,32,23,6,17,,,,123,62,61,,,,,,,,,
22/02/2025 16:00,773,321,452,68,28,40,71,34,37,27,20,7,,,,143,78,65,,,,,,,,,
22/02/2025 17:00,552,252,300,92,42,50,121,53,68,33,14,19,,,,112,54,58,,,,,,,,,
22/02/2025 18:00,258,120,138,35,22,13,41,26,15,12,4,8,,,,55,20,35,,,,,,,,,
22/02/2025 19:00,117,55,62,16,9,7,22,13,9,11,5,6,,,,27,14,13,,,,,,,,,
22/02/2025 20:00,72,32,40,16,11,5,12,6,6,6,4,2,,,,19,6,13,,,,,,,,,
22/02/2025 21:00,40,25,15,22,6,16,17,6,11,13,7,6,,,,11,7,4,,,,,,,,,
22/02/2025 22:00,24,14,10,15,2,13,14,10,4,6,2,4,,,,7,4,3,,,,,,,,,
22/02/2025 23:00,7,5,2,4,1,3,8,5,3,1,1,0,,,,1,1,0,,,,,,,,,
23/02/2025 00:00,0,0,0,0,0,0,4,0,4,3,3,0,,,,1,0,1,,,,,,,,,
23/02/2025 01:00,7,7,0,0,0,0,3,0,3,1,0,1,,,,0,0,0,,,,,,,,,
23/02/2025 02:00,2,1,1,0,0,0,0,0,0,0,0,0,,,,1,0,1,,,,,,,,,
23/02/2025 03:00,0,0,0,0,0,0,1,0,1,3,1,2,,,,0,0,0,,,,,,,,,
23/02/2025 04:00,0,0,0,0,0,0,0,0,0,1,0,1,,,,2,0,2,,,,,,,,,
23/02/2025 05:00,1,1,0,0,0,0,0,0,0,0,0,0,,,,1,1,0,,,,,,,,,
23/02/2025 06:00,12,3,9,4,3,1,3,1,2,2,0,2,,,,3,1,2,,,,,,,,,
23/02/2025 07:00,24,10,14,11,4,7,3,1,2,5,2,3,,,,18,12,6,,,,,,,,,
23/02/2025 08:00,41,22,19,19,13,6,26,16,10,10,3,7,,,,28,13,15,,,,,,,,,
23/02/2025 09:00,72,35,37,75,42,33,19,9,10,15,6,9,,,,38,19,19,,,,,,,,,
23/02/2025 10:00,106,65,41,43,12,31,17,6,11,11,8,3,,,,43,21,22,,,,,,,,,
23/02/2025 11:00,98,48,50,25,13,12,21,13,8,15,7,8,,,,35,25,10,,,,,,,,,
23/02/2025 12:00,190,96,94,40,20,20,27,12,15,21,10,11,,,,60,38,22,,,,,,,,,
23/02/2025 13:00,260,128,132,34,17,17,44,26,18,36,19,17,,,,62,31,31,,,,,,,,,
23/02/2025 14:00,473,226,247,90,44,46,73,43,30,49,22,27,,,,136,85,51,,,,,,,,,
23/02/2025 15:00,624,287,337,87,57,30,81,46,35,57,34,23,,,,176,89,87,,,,,,,,,
23/02/2025 16:00,504,261,243,87,44,43,67,31,36,37,21,16,,,,87,42,45,,,,,,,,,
23/02/2025 17:00,316,147,169,50,20,30,60,23,37,25,11,14,,,,61,34,27,,,,,,,,,
23/02/2025 18:00,215,107,108,51,20,31,38,16,22,26,14,12,,,,51,27,24,,,,,,,,,
23/02/2025 19:00,103,56,47,26,9,17,27,14,13,13,4,9,,,,18,7,11,,,,,,,,,
23/02/2025 20:00,61,34,27,18,8,10,17,7,10,10,4,6,,,,27,14,13,,,,,,,,,
23/02/2025 21:00,36,18,18,20,9,11,12,7,5,9,6,3,,,,8,4,4,,,,,,,,,
23/02/2025 22:00,6,1,5,1,1,0,5,2,3,6,4,2,,,,14,8,6,,,,,,,,,
23/02/2025 23:00,1,1,0,2,1,1,4,1,3,0,0,0,,,,6,3,3,,,,,,,,,
24/02/2025 00:00,0,0,0,0,0,0,0,0,0,1,1,0,,,,1,0,1,,,,,,,,,
24/02/2025 01:00,0,0,0,0,0,0,4,2,2,0,0,0,,,,1,0,1,,,,,,,,,
24/02/2025 02:00,0,0,0,0,0,0,0,0,0,0,0,0,,,,1,1,0,,,,,,,,,
24/02/2025 03:00,0,0,0,1,0,1,0,0,0,0,0,0,,,,0,0,0,,,,,,,,,
24/02/2025 04:00,0,0,0,0,0,0,0,0,0,0,0,0,,,,0,0,0,,,,,,,,,
24/02/2025 05:00,7,1,6,0,0,0,1,0,1,4,3,1,,,,2,2,0,,,,,,,,,
24/02/2025 06:00,42,23,19,15,10,5,16,7,9,5,5,0,,,,16,7,9,,,,,,,,,
24/02/2025 07:00,99,47,52,33,13,20,14,6,8,18,6,12,,,,30,20,10,,,,,,,,,
24/02/2025 08:00,154,72,82,34,17,17,16,12,4,45,21,24,,,,111,64,47,,,,,,,,,
24/02/2025 09:00,170,88,82,42,19,23,26,18,8,25,14,11,,,,79,37,42,,,,,,,,,
24/02/2025 10:00,248,118,130,45,24,21,39,24,15,25,13,12,,,,62,32,30,,,,,,,,,
24/02/2025 11:00,291,159,132,54,24,30,47,28,19,41,22,19,,,,78,47,31,,,,,,,,,
24/02/2025 12:00,361,174,187,78,49,29,56,32,24,47,23,24,,,,106,65,41,,,,,,,,,
24/02/2025 13:00,415,204,211,76,34,42,75,39,36,42,17,25,,,,135,75,60,,,,,,,,,
24/02/2025 14:00,319,173,146,29,13,16,48,26,22,45,31,14,,,,119,64,55,,,,,,,,,
24/02/2025 15:00,145,74,71,33,21,12,23,11,12,63,48,15,,,,37,13,24,,,,,,,,,
24/02/2025 16:00,105,46,59,25,11,14,17,7,10,27,12,15,,,,54,30,24,,,,,,,,,
24/02/2025 17:00,179,84,95,65,38,27,68,40,28,25,14,11,,,,113,59,54,,,,,,,,,
24/02/2025 18:00,165,81,84,106,56,50,53,25,28,22,11,11,,,,126,67,59,,,,,,,,,
24/02/2025 19:00,146,71,75,56,30,26,33,20,13,11,5,6,,,,73,33,40,,,,,,,,,
24/02/2025 20:00,105,63,42,53,19,34,19,8,11,15,8,7,,,,46,21,25,,,,,,,,,
24/02/2025 21:00,59,30,29,18,7,11,13,6,7,0,0,0,,,,15,5,10,,,,,,,,,
24/02/2025 22:00,15,9,6,3,2,1,9,6,3,5,1,4,,,,5,2,3,,,,,,,,,
24/02/2025 23:00,3,3,0,2,2,0,1,1,0,2,1,1,,,,1,1,0,,,,,,,,,
25/02/2025 00:00,0,0,0,0,0,0,0,0,0,3,2,1,,,,0,0,0,,,,,,,,,
25/02/2025 01:00,2,1,1,0,0,0,3,1,2,0,0,0,,,,0,0,0,,,,,,,,,
25/02/2025 02:00,1,1,0,0,0,0,0,0,0,2,2,0,,,,0,0,0,,,,,,,,,
25/02/2025 03:00,0,0,0,1,0,1,0,0,0,0,0,0,,,,0,0,0,,,,,,,,,
25/02/2025 04:00,0,0,0,1,1,0,1,1,0,0,0,0,,,,0,0,0,,,,,,,,,
25/02/2025 05:00,12,5,7,0,0,0,1,0,1,1,1,0,,,,2,2,0,,,,,,,,,
25/02/2025 06:00,44,21,23,22,15,7,6,5,1,4,3,1,,,,14,7,7,,,,,,,,,
25/02/2025 07:00,94,47,47,37,19,18,14,7,7,20,8,12,,,,57,33,24,,,,,,,,,
25/02/2025 08:00,147,70,77,35,19,16,31,19,12,39,16,23,,,,115,58,57,,,,,,,,,
25/02/2025 09:00,181,81,100,47,15,32,33,19,14,38,25,13,,,,73,44,29,,,,,,,,,
25/02/2025 10:00,244,144,100,71,36,35,37,19,18,17,7,10,,,,81,43,38,,,,,,,,,
25/02/2025 11:00,260,124,136,35,20,15,36,17,19,36,24,12,,,,67,36,31,,,,,,,,,
25/02/2025 12:00,326,147,179,45,24,21,36,22,14,52,22,30,,,,73,42,31,,,,,,,,,
25/02/2025 13:00,381,201,180,68,29,39,52,33,19,34,20,14,,,,81,52,29,,,,,,,,,
25/02/2025 14:00,313,140,173,48,25,23,35,17,18,45,26,19,,,,134,58,76,,,,,,,,,
25/02/2025 15:00,227,109,118,41,27,14,37,25,12,20,10,10,,,,93,49,44,,,,,,,,,
25/02/2025 16:00,189,105,84,37,21,16,54,28,26,43,24,19,,,,89,43,46,,,,,,,,,
25/02/2025 17:00,216,96,120,57,33,24,41,20,21,34,19,15,,,,109,57,52,,,,,,,,,
25/02/2025 18:00,186,91,95,85,48,37,49,23,26,35,19,16,,,,113,55,58,,,,,,,,,
25/02/2025 19:00,125,65,60,43,24,19,42,22,20,10,4,6,,,,64,32,32,,,,,,,,,
25/02/2025 20:00,98,57,41,30,8,22,28,8,20,11,5,6,,,,29,17,12,,,,,,,,,
25/02/2025 21:00,68,39,29,17,6,11,17,7,10,4,2,2,,,,16,8,8,,,,,,,,,
25/02/2025 22:00,25,5,20,13,3,10,7,2,5,9,4,5,,,,4,2,2,,,,,,,,,
25/02/2025 23:00,6,2,4,4,0,4,1,0,1,4,1,3,,,,5,3,2,,,,,,,,,
26/02/2025 00:00,0,0,0,0,0,0,1,0,1,0,0,0,,,,4,3,1,,,,,,,,,
26/02/2025 01:00,1,1,0,0,0,0,1,0,1,0,0,0,,,,0,0,0,,,,,,,,,
26/02/2025 02:00,0,0,0,2,1,1,1,0,1,0,0,0,,,,0,0,0,,,,,,,,,
26/02/2025 03:00,0,0,0,2,0,2,1,0,1,0,0,0,,,,0,0,0,,,,,,,,,
26/02/2025 04:00,1,1,0,0,0,0,0,0,0,2,2,0,,,,0,0,0,,,,,,,,,
26/02/2025 05:00,5,1,4,1,1,0,1,1,0,2,1,1,,,,2,1,1,,,,,,,,,
26/02/2025 06:00,39,24,15,17,10,7,12,5,7,8,6,2,,,,16,8,8,,,,,,,,,
26/02/2025 07:00,110,52,58,32,10,22,11,7,4,28,8,20,,,,55,26,29,,,,,,,,,
26/02/2025 08:00,125,59,66,35,22,13,19,11,8,46,26,20,,,,105,53,52,,,,,,,,,
26/02/2025 09:00,142,67,75,46,24,22,24,15,9,40,23,17,,,,54,27,27,,,,,,,,,
26/02/2025 10:00,147,80,67,50,19,31,25,16,9,19,13,6,,,,59,30,29,,,,,,,,,
26/02/2025 11:00,121,74,47,46,24,22,18,9,9,42,18,24,,,,40,26,14,,,,,,,,,
26/02/2025 12:00,165,89,76,36,18,18,62,52,10,23,8,15,,,,59,33,26,,,,,,,,,
26/02/2025 13:00,229,118,111,42,23,19,40,23,17,42,21,21,,,,99,59,40,,,,,,,,,
26/02/2025 14:00,216,104,112,46,25,21,16,11,5,23,12,11,,,,113,66,47,,,,,,,,,
26/02/2025 15:00,197,105,92,36,19,17,17,8,9,28,15,13,,,,78,29,49,,,,,,,,,
26/02/2025 16:00,52,25,27,16,9,7,20,10,10,20,7,13,,,,26,12,14,,,,,,,,,
26/02/2025 17:00,47,22,25,26,19,7,17,10,7,19,9,10,,,,49,23,26,,,,,,,,,
26/02/2025 18:00,68,40,28,41,30,11,33,20,13,26,8,18,,,,73,46,27,,,,,,,,,
26/02/2025 19:00,74,30,44,40,20,20,35,20,15,17,11,6,,,,36,23,13,,,,,,,,,
26/02/2025 20:00,46,27,19,37,18,19,23,14,9,9,4,5,,,,20,10,10,,,,,,,,,
26/02/2025 21:00,23,16,7,18,7,11,12,6,6,7,4,3,,,,6,3,3,,,,,,,,,
26/02/2025 22:00,16,12,4,2,1,1,4,0,4,4,2,2,,,,1,1,0,,,,,,,,,
26/02/2025 23:00,5,5,0,1,1,0,1,1,0,1,0,1,,,,0,0,0,,,,,,,,,
27/02/2025 00:00,0,0,0,0,0,0,0,0,0,1,1,0,,,,0,0,0,,,,,,,,,
27/02/2025 01:00,2,2,0,1,0,1,2,1,1,0,0,0,,,,0,0,0,,,,,,,,,
27/02/2025 02:00,0,0,0,0,0,0,1,0,1,1,0,1,,,,0,0,0,,,,,,,,,
27/02/2025 03:00,0,0,0,1,0,1,1,1,0,0,0,0,,,,1,1,0,,,,,,,,,
27/02/2025 04:00,2,1,1,0,0,0,0,0,0,0,0,0,,,,0,0,0,,,,,,,,,
27/02/2025 05:00,6,1,5,2,2,0,2,1,1,1,1,0,,,,2,2,0,,,,,,,,,
27/02/2025 06:00,50,27,23,17,8,9,17,10,7,3,2,1,,,,25,15,10,,,,,,,,,
27/02/2025 07:00,89,44,45,37,18,19,24,9,15,14,6,8,,,,66,36,30,,,,,,,,,
27/02/2025 08:00,138,72,66,42,16,26,25,16,9,47,21,26,,,,126,63,63,,,,,,,,,
27/02/2025 09:00,169,73,96,47,19,28,40,23,17,30,16,14,,,,88,45,43,,,,,,,,,
27/02/2025 10:00,232,127,105,42,22,20,52,28,24,32,17,15,,,,53,33,20,,,,,,,,,
27/02/2025 11:00,291,157,134,54,16,38,47,26,21,31,15,16,,,,73,48,25,,,,,,,,,
27/02/2025 12:00,323,153,170,65,37,28,47,27,20,42,13,29,,,,119,62,57,,,,,,,,,
27/02/2025 13:00,408,214,194,66,40,26,49,28,21,47,27,20,,,,120,67,53,,,,,,,,,
27/02/2025 14:00,320,174,146,50,28,22,44,29,15,38,14,24,,,,120,76,44,,,,,,,,,
27/02/2025 15:00,279,127,152,54,31,23,36,24,12,27,8,19,,,,160,77,83,,,,,,,,,
27/02/2025 16:00,239,124,115,60,31,29,41,22,19,41,16,25,,,,115,49,66,,,,,,,,,
27/02/2025 17:00,192,94,98,54,24,30,58,31,27,26,7,19,,,,104,48,56,,,,,,,,,
27/02/2025 18:00,199,94,105,72,39,33,48,31,17,36,21,15,,,,111,60,51,,,,,,,,,
27/02/2025 19:00,139,81,58,40,21,19,46,23,23,16,8,8,,,,80,28,52,,,,,,,,,
27/02/2025 20:00,106,61,45,28,11,17,21,14,7,8,6,2,,,,29,13,16,,,,,,,,,
27/02/2025 21:00,54,25,29,10,5,5,17,10,7,6,4,2,,,,16,7,9,,,,,,,,,
27/02/2025 22:00,33,15,18,18,7,11,11,0,11,5,1,4,,,,11,8,3,,,,,,,,,
27/02/2025 23:00,8,6,2,4,1,3,4,1,3,6,2,4,,,,6,5,1,,,,,,,,,
28/02/2025 00:00,1,1,0,1,1,0,1,1,0,2,1,1,,,,3,1,2,,,,,,,,,
28/02/2025 01:00,0,0,0,0,0,0,0,0,0,0,0,0,,,,1,0,1,,,,,,,,,
28/02/2025 02:00,0,0,0,0,0,0,0,0,0,0,0,0,,,,0,0,0,,,,,,,,,
28/02/2025 03:00,0,0,0,0,0,0,0,0,0,0,0,0,,,,0,0,0,,,,,,,,,
28/02/2025 04:00,0,0,0,0,0,0,1,1,0,0,0,0,,,,0,0,0,,,,,,,,,
28/02/2025 05:00,8,1,7,6,2,4,3,2,1,1,1,0,,,,2,1,1,,,,,,,,,
28/02/2025 06:00,54,22,32,16,11,5,11,5,6,7,5,2,,,,21,13,8,,,,,,,,,
28/02/2025 07:00,133,68,65,35,25,10,15,6,9,11,4,7,,,,50,26,24,,,,,,,,,
28/02/2025 08:00,182,97,85,55,25,30,24,14,10,47,26,21,,,,103,51,52,,,,,,,,,
28/02/2025 09:00,222,101,121,46,23,23,36,18,18,22,13,9,,,,66,34,32,,,,,,,,,
28/02/2025 10:00,289,143,146,56,28,28,53,33,20,24,10,14,,,,70,36,34,,,,,,,,,
28/02/2025 11:00,376,183,193,63,41,22,49,25,24,19,7,12,,,,74,43,31,,,,,,,,,
28/02/2025 12:00,364,187,177,83,40,43,51,27,24,38,15,23,,,,94,57,37,,,,,,,,,
28/02/2025 13:00,266,140,126,52,34,18,43,27,16,25,15,10,,,,154,81,73,,,,,,,,,
28/02/2025 14:00,306,159,147,43,18,25,48,16,32,37,18,19,,,,122,66,56,,,,,,,,,
28/02/2025 15:00,258,117,141,40,25,15,34,21,13,35,16,19,,,,107,52,55,,,,,,,,,
28/02/2025 16:00,192,101,91,47,29,18,44,28,16,33,15,18,,,,99,51,48,,,,,,,,,
28/02/2025 17:00,179,100,79,52,30,22,41,22,19,37,18,19,,,,113,54,59,,,,,,,,,
28/02/2025 18:00,137,69,68,54,33,21,39,24,15,24,9,15,,,,77,38,39,,,,,,,,,
28/02/2025 19:00,125,79,46,37,21,16,40,24,16,19,9,10,,,,48,18,30,,,,,,,,,
28/02/2025 20:00,80,35,45,25,11,14,34,18,16,13,10,3,,,,36,19,17,,,,,,,,,
28/02/2025 21:00,62,36,26,9,2,7,16,5,11,6,3,3,,,,15,5,10,,,,,,,,,
28/02/2025 22:00,22,10,12,3,2,1,16,6,10,3,3,0,,,,1,0,1,,,,,,,,,
28/02/2025 23:00,10,6,4,8,2,6,8,6,2,2,1,1,,,,4,1,3,,,,,,,,,
01/03/2025 00:00,1,0,1,1,1,0,2,2,0,1,1,0,,,,0,0,0,,,,,,,,,
01/03/2025 01:00,11,6,5,0,0,0,3,2,1,0,0,0,,,,1,1,0,,,,,,,,,
01/03/2025 02:00,3,2,1,0,0,0,1,0,1,0,0,0,,,,0,0,0,,,,,,,,,
01/03/2025 03:00,0,0,0,0,0,0,0,0,0,0,0,0,,,,2,2,0,,,,,,,,,
01/03/2025 04:00,0,0,0,0,0,0,0,0,0,0,0,0,,,,0,0,0,,,,,,,,,
01/03/2025 05:00,5,1,4,0,0,0,0,0,0,2,2,0,,,,2,1,1,,,,,,,,,
01/03/2025 06:00,26,11,15,7,4,3,8,5,3,3,0,3,,,,7,4,3,,,,,,,,,
01/03/2025 07:00,99,55,44,34,24,10,25,20,5,11,5,6,,,,43,29,14,,,,,,,,,
01/03/2025 08:00,141,61,80,67,28,39,43,20,23,31,19,12,,,,96,53,43,,,,,,,,,
01/03/2025 09:00,252,125,127,94,46,48,70,41,29,30,14,16,,,,127,67,60,,,,,,,,,
01/03/2025 10:00,366,201,165,111,70,41,82,51,31,41,20,21,,,,240,154,86,,,,,,,,,
01/03/2025 11:00,471,232,239,109,52,57,93,57,36,56,29,27,,,,206,114,92,,,,,,,,,
01/03/2025 12:00,470,240,230,102,61,41,111,56,55,78,59,19,,,,186,99,87,,,,,,,,,
01/03/2025 13:00,467,231,236,81,46,35,69,42,27,89,63,26,,,,174,94,80,,,,,,,,,
01/03/2025 14:00,592,295,297,83,47,36,64,44,20,73,52,21,,,,140,68,72,,,,,,,,,
01/03/2025 15:00,546,279,267,80,45,35,48,22,26,31,11,20,,,,160,90,70,,,,,,,,,
01/03/2025 16:00,492,272,220,77,42,35,61,35,26,48,23,25,,,,118,60,58,,,,,,,,,
01/03/2025 17:00,328,117,211,65,24,41,48,22,26,33,16,17,,,,113,55,58,,,,,,,,,
01/03/2025 18:00,208,106,102,44,20,24,40,12,28,20,12,8,,,,68,35,33,,,,,,,,,
01/03/2025 19:00,132,82,50,28,17,11,30,16,14,6,2,4,,,,29,12,17,,,,,,,,,
01/03/2025 20:00,76,39,37,17,6,11,25,10,15,16,11,5,,,,8,7,1,,,,,,,,,
01/03/2025 21:00,62,33,29,13,0,13,19,11,8,6,4,2,,,,16,10,6,,,,,,,,,
01/03/2025 22:00,28,18,10,7,2,5,10,6,4,8,1,7,,,,10,5,5,,,,,,,,,
01/03/2025 23:00,8,4,4,7,4,3,10,7,3,6,4,2,,,,8,4,4,,,,,,,,,
02/03/2025 00:00,0,0,0,1,0,1,3,1,2,1,1,0,,,,0,0,0,,,,,,,,,
02/03/2025 01:00,1,0,1,1,0,1,2,0,2,0,0,0,,,,0,0,0,,,,,,,,,
02/03/2025 02:00,1,1,0,0,0,0,0,0,0,0,0,0,,,,0,0,0,,,,,,,,,
02/03/2025 03:00,1,1,0,0,0,0,3,2,1,2,2,0,,,,0,0,0,,,,,,,,,
02/03/2025 04:00,0,0,0,1,1,0,1,0,1,0,0,0,,,,0,0,0,,,,,,,,,
02/03/2025 05:00,3,1,2,0,0,0,1,1,0,1,0,1,,,,0,0,0,,,,,,,,,
02/03/2025 06:00,20,8,12,5,4,1,3,1,2,1,0,1,,,,0,0,0,,,,,,,,,
02/03/2025 07:00,90,48,42,19,12,7,13,11,2,2,0,2,,,,30,23,7,,,,,,,,,
02/03/2025 08:00,150,81,69,67,41,26,34,22,12,11,1,10,,,,79,52,27,,,,,,,,,
02/03/2025 09:00,317,144,173,96,51,45,65,38,27,29,15,14,,,,136,68,68,,,,,,,,,
02/03/2025 10:00,457,259,198,125,77,48,102,63,39,30,17,13,,,,156,109,47,,,,,,,,,
02/03/2025 11:00,670,361,309,132,67,65,118,56,62,68,36,32,,,,185,106,79,,,,,,,,,
02/03/2025 12:00,763,408,355,109,59,50,93,53,40,84,47,37,,,,146,84,62,,,,,,,,,
02/03/2025 13:00,809,456,353,72,45,27,97,62,35,44,20,24,,,,151,85,66,,,,,,,,,
02/03/2025 14:00,759,358,401,117,67,50,112,55,57,50,19,31,,,,127,74,53,,,,,,,,,
02/03/2025 15:00,747,349,398,88,40,48,85,44,41,58,29,29,,,,129,75,54,,,,,,,,,
02/03/2025 16:00,628,296,332,86,61,25,90,39,51,47,22,25,,,,114,59,55,,,,,,,,,
02/03/2025 17:00,402,203,199,91,48,43,68,22,46,37,19,18,,,,111,52,59,,,,,,,,,
02/03/2025 18:00,199,85,114,54,12,42,53,24,29,23,15,8,,,,77,31,46,,,,,,,,,
02/03/2025 19:00,148,60,88,30,19,11,20,13,7,11,4,7,,,,26,13,13,,,,,,,,,
02/03/2025 20:00,81,45,36,21,13,8,21,10,11,9,2,7,,,,14,8,6,,,,,,,,,
02/03/2025 21:00,56,30,26,15,8,7,14,8,6,5,1,4,,,,12,6,6,,,,,,,,,
02/03/2025 22:00,14,10,4,4,0,4,6,3,3,4,4,0,,,,7,5,2,,,,,,,,,
02/03/2025 23:00,4,1,3,3,0,3,5,2,3,4,2,2,,,,6,6,0,,,,,,,,,
03/03/2025 00:00,0,0,0,0,0,0,0,0,0,0,0,0,,,,0,0,0,,,,,,,,,
03/03/2025 01:00,0,0,0,0,0,0,2,1,1,0,0,0,,,,0,0,0,,,,,,,,,
03/03/2025 02:00,0,0,0,1,0,1,1,0,1,0,0,0,,,,0,0,0,,,,,,,,,
03/03/2025 03:00,0,0,0,0,0,0,0,0,0,0,0,0,,,,0,0,0,,,,,,,,,
03/03/2025 04:00,0,0,0,0,0,0,0,0,0,0,0,0,,,,0,0,0,,,,,,,,,
03/03/2025 05:00,11,2,9,1,1,0,2,1,1,3,2,1,,,,2,2,0,,,,,,,,,
03/03/2025 06:00,49,27,22,17,6,11,20,13,7,8,6,2,,,,13,7,6,,,,,,,,,
03/03/2025 07:00,99,51,48,34,11,23,17,7,10,20,6,14,,,,51,24,27,,,,,,,,,
03/03/2025 08:00,133,62,71,34,12,22,27,17,10,35,16,19,,,,87,49,38,,,,,,,,,
03/03/2025 09:00,184,76,108,35,22,13,27,13,14,31,19,12,,,,71,42,29,,,,,,,,,
03/03/2025 10:00,206,115,91,30,18,12,33,16,17,21,8,13,,,,75,46,29,,,,,,,,,
03/03/2025 11:00,206,106,100,52,25,27,37,19,18,29,19,10,,,,83,57,26,,,,,,,,,
03/03/2025 12:00,359,183,176,53,19,34,52,36,16,29,12,17,,,,72,48,24,,,,,,,,,
03/03/2025 13:00,394,201,193,67,41,26,60,31,29,30,14,16,,,,153,77,76,,,,,,,,,
03/03/2025 14:00,307,140,167,43,28,15,48,25,23,44,32,12,,,,93,42,51,,,,,,,,,
03/03/2025 15:00,229,107,122,38,21,17,30,17,13,32,16,16,,,,117,74,43,,,,,,,,,
03/03/2025 16:00,201,101,100,51,23,28,21,13,8,33,25,8,,,,123,57,66,,,,,,,,,
03/03/2025 17:00,206,101,105,44,33,11,39,25,14,29,13,16,,,,99,53,46,,,,,,,,,
03/03/2025 18:00,200,93,107,64,38,26,47,26,21,31,15,16,,,,97,52,45,,,,,,,,,
03/03/2025 19:00,166,87,79,109,25,84,48,26,22,21,6,15,,,,79,44,35,,,,,,,,,
03/03/2025 20:00,110,62,48,70,38,32,33,21,12,7,3,4,,,,33,18,15,,,,,,,,,
03/03/2025 21:00,92,51,41,32,10,22,18,7,11,6,3,3,,,,17,6,11,,,,,,,,,
03/03/2025 22:00,17,8,9,10,5,5,15,8,7,4,2,2,,,,0,0,0,,,,,,,,,
03/03/2025 23:00,10,6,4,2,0,2,5,2,3,1,1,0,,,,2,2,0,,,,,,,,,
04/03/2025 00:00,0,0,0,2,1,1,1,0,1,0,0,0,,,,0,0,0,,,,,,,,,
04/03/2025 01:00,0,0,0,1,1,0,0,0,0,0,0,0,,,,0,0,0,,,,,,,,,
04/03/2025 02:00,0,0,0,0,0,0,0,0,0,0,0,0,,,,0,0,0,,,,,,,,,
04/03/2025 03:00,3,1,2,0,0,0,0,0,0,0,0,0,,,,0,0,0,,,,,,,,,
04/03/2025 04:00,0,0,0,0,0,0,0,0,0,0,0,0,,,,0,0,0,,,,,,,,,
04/03/2025 05:00,15,5,10,1,0,1,1,0,1,0,0,0,,,,2,2,0,,,,,,,,,
04/03/2025 06:00,90,44,46,14,6,8,22,12,10,8,4,4,,,,23,15,8,,,,,,,,,
04/03/2025 07:00,131,66,65,36,11,25,15,9,6,19,10,9,,,,77,45,32,,,,,,,,,
04/03/2025 08:00,154,78,76,32,17,15,27,10,17,50,18,32,,,,114,63,51,,,,,,,,,
04/03/2025 09:00,147,65,82,46,17,29,37,20,17,40,22,18,,,,65,32,33,,,,,,,,,
04/03/2025 10:00,186,101,85,37,19,18,36,20,16,28,8,20,,,,74,42,32,,,,,,,,,
04/03/2025 11:00,221,92,129,33,23,10,44,21,23,30,17,13,,,,60,41,19,,,,,,,,,
04/03/2025 12:00,206,96,110,62,31,31,43,24,19,36,26,10,,,,87,47,40,,,,,,,,,
04/03/2025 13:00,360,188,172,68,39,29,53,33,20,37,18,19,,,,135,82,53,,,,,,,,,
04/03/2025 14:00,321,168,153,79,38,41,41,23,18,31,13,18,,,,137,72,65,,,,,,,,,
04/03/2025 15:00,219,108,111,51,20,31,31,21,10,31,15,16,,,,94,42,52,,,,,,,,,
04/03/2025 16:00,153,76,77,46,28,18,30,13,17,48,26,22,,,,90,41,49,,,,,,,,,
04/03/2025 17:00,127,68,59,50,31,19,55,28,27,55,33,22,,,,115,57,58,,,,,,,,,
04/03/2025 18:00,189,83,106,66,35,31,43,30,13,19,15,4,,,,143,78,65,,,,,,,,,
04/03/2025 19:00,123,55,68,77,39,38,43,17,26,11,4,7,,,,136,68,68,,,,,,,,,
04/03/2025 20:00,91,55,36,39,25,14,20,8,12,7,4,3,,,,18,11,7,,,,,,,,,
04/03/2025 21:00,39,18,21,8,3,5,11,5,6,4,0,4,,,,2,1,1,,,,,,,,,
04/03/2025 22:00,15,7,8,9,6,3,10,2,8,11,6,5,,,,4,2,2,,,,,,,,,
04/03/2025 23:00,6,2,4,1,0,1,6,1,5,3,1,2,,,,0,0,0,,,,,,,,,
05/03/2025 00:00,0,0,0,2,1,1,0,0,0,0,0,0,,,,0,0,0,,,,,,,,,
05/03/2025 01:00,1,1,0,0,0,0,0,0,0,0,0,0,,,,0,0,0,,,,,,,,,
05/03/2025 02:00,0,0,0,0,0,0,1,0,1,0,0,0,,,,1,1,0,,,,,,,,,
05/03/2025 03:00,0,0,0,0,0,0,1,0,1,0,0,0,,,,2,1,1,,,,,,,,,
05/03/2025 04:00,0,0,0,1,1,0,0,0,0,1,1,0,,,,1,1,0,,,,,,,,,
05/03/2025 05:00,9,2,7,2,2,0,4,3,1,2,1,1,,,,3,3,0,,,,,,,,,
05/03/2025 06:00,36,16,20,38,18,20,24,16,8,7,7,0,,,,29,18,11,,,,,,,,,
05/03/2025 07:00,103,39,64,45,20,25,25,16,9,22,9,13,,,,58,31,27,,,,,,,,,
05/03/2025 08:00,122,53,69,64,21,43,41,22,19,38,22,16,,,,107,57,50,,,,,,,,,
05/03/2025 09:00,143,74,69,38,23,15,29,17,12,28,20,8,,,,74,36,38,,,,,,,,,
05/03/2025 10:00,140,62,78,49,29,20,37,18,19,30,17,13,,,,86,50,36,,,,,,,,,
05/03/2025 11:00,222,111,111,58,28,30,40,22,18,27,14,13,,,,80,41,39,,,,,,,,,
05/03/2025 12:00,212,113,99,45,21,24,47,30,17,40,17,23,,,,104,60,44,,,,,,,,,
05/03/2025 13:00,278,125,153,61,33,28,54,33,21,55,28,27,,,,121,63,58,,,,,,,,,
05/03/2025 14:00,250,132,118,43,21,22,36,14,22,31,19,12,,,,137,76,61,,,,,,,,,
05/03/2025 15:00,274,130,144,73,45,28,36,28,8,34,18,16,,,,119,61,58,,,,,,,,,
05/03/2025 16:00,248,103,145,82,43,39,52,22,30,52,36,16,,,,114,53,61,,,,,,,,,
05/03/2025 17:00,207,88,119,84,48,36,50,30,20,40,21,19,,,,146,80,66,,,,,,,,,
05/03/2025 18:00,193,100,93,81,44,37,51,27,24,21,12,9,,,,125,62,63,,,,,,,,,
05/03/2025 19:00,142,66,76,58,27,31,42,23,19,13,3,10,,,,58,29,29,,,,,,,,,
05/03/2025 20:00,97,48,49,34,17,17,24,11,13,16,8,8,,,,39,22,17,,,,,,,,,
05/03/2025 21:00,39,22,17,18,7,11,19,11,8,6,5,1,,,,21,11,10,,,,,,,,,
05/03/2025 22:00,17,10,7,6,2,4,3,1,2,5,3,2,,,,6,1,5,,,,,,,,,
05/03/2025 23:00,4,1,3,3,2,1,9,6,3,3,0,3,,,,8,6,2,,,,,,,,,
06/03/2025 00:00,0,0,0,0,0,0,2,1,1,0,0,0,,,,0,0,0,,,,,,,,,
06/03/2025 01:00,0,0,0,1,0,1,1,1,0,0,0,0,,,,4,3,1,,,,,,,,,
06/03/2025 02:00,0,0,0,0,0,0,0,0,0,0,0,0,,,,3,2,1,,,,,,,,,
06/03/2025 03:00,0,0,0,0,0,0,0,0,0,0,0,0,,,,1,0,1,,,,,,,,,
06/03/2025 04:00,0,0,0,0,0,0,0,0,0,0,0,0,,,,0,0,0,,,,,,,,,
06/03/2025 05:00,15,4,11,0,0,0,0,0,0,1,1,0,,,,4,3,1,,,,,,,,,
06/03/2025 06:00,53,22,31,14,10,4,21,15,6,8,6,2,,,,41,22,19,,,,,,,,,
06/03/2025 07:00,73,38,35,53,26,27,19,10,9,18,7,11,,,,88,44,44,,,,,,,,,
06/03/2025 08:00,108,43,65,53,23,30,30,15,15,50,23,27,,,,97,48,49,,,,,,,,,
06/03/2025 09:00,136,64,72,50,23,27,41,32,9,40,16,24,,,,72,38,34,,,,,,,,,
06/03/2025 10:00,136,63,73,39,21,18,32,13,19,22,17,5,,,,65,40,25,,,,,,,,,
06/03/2025 11:00,174,86,88,36,17,19,36,19,17,24,10,14,,,,72,42,30,,,,,,,,,
06/03/2025 12:00,181,93,88,70,36,34,41,24,17,34,17,17,,,,85,45,40,,,,,,,,,
06/03/2025 13:00,198,78,120,65,43,22,51,26,25,40,20,20,,,,101,56,45,,,,,,,,,
06/03/2025 14:00,151,76,75,43,21,22,51,21,30,36,17,19,,,,156,44,112,,,,,,,,,
06/03/2025 15:00,144,78,66,40,19,21,29,12,17,24,10,14,,,,92,45,47,,,,,,,,,
06/03/2025 16:00,112,34,78,46,24,22,25,14,11,30,16,14,,,,94,49,45,,,,,,,,,
06/03/2025 17:00,87,49,38,55,38,17,40,19,21,36,16,20,,,,123,58,65,,,,,,,,,
06/03/2025 18:00,109,48,61,66,44,22,37,20,17,20,9,11,,,,103,52,51,,,,,,,,,
06/03/2025 19:00,110,51,59,47,28,19,35,22,13,18,9,9,,,,72,40,32,,,,,,,,,
06/03/2025 20:00,78,43,35,29,16,13,35,20,15,14,6,8,,,,32,16,16,,,,,,,,,
06/03/2025 21:00,54,25,29,20,6,14,29,15,14,6,2,4,,,,11,6,5,,,,,,,,,
06/03/2025 22:00,25,16,9,10,6,4,6,2,4,5,4,1,,,,6,5,1,,,,,,,,,
06/03/2025 23:00,17,7,10,4,2,2,6,3,3,3,2,1,,,,1,1,0,,,,,,,,,
07/03/2025 00:00,1,1,0,0,0,0,1,0,1,0,0,0,,,,2,2,0,,,,,,,,,
07/03/2025 01:00,0,0,0,0,0,0,0,0,0,0,0,0,,,,0,0,0,,,,,,,,,
07/03/2025 02:00,1,0,1,0,0,0,0,0,0,0,0,0,,,,0,0,0,,,,,,,,,
07/03/2025 03:00,0,0,0,0,0,0,0,0,0,0,0,0,,,,0,0,0,,,,,,,,,
07/03/2025 04:00,0,0,0,0,0,0,0,0,0,2,2,0,,,,2,1,1,,,,,,,,,
07/03/2025 05:00,7,3,4,5,3,2,3,3,0,1,1,0,,,,2,2,0,,,,,,,,,
07/03/2025 06:00,40,15,25,22,14,8,16,10,6,7,5,2,,,,25,17,8,,,,,,,,,
07/03/2025 07:00,88,43,45,32,12,20,19,11,8,15,6,9,,,,61,34,27,,,,,,,,,
07/03/2025 08:00,140,55,85,54,22,32,33,18,15,33,17,16,,,,103,50,53,,,,,,,,,
07/03/2025 09:00,153,78,75,40,21,19,40,19,21,30,17,13,,,,91,52,39,,,,,,,,,
07/03/2025 10:00,154,70,84,38,17,21,31,20,11,31,17,14,,,,54,27,27,,,,,,,,,
07/03/2025 11:00,177,87,90,45,22,23,27,9,18,31,11,20,,,,69,41,28,,,,,,,,,
07/03/2025 12:00,201,91,110,36,19,17,43,20,23,28,15,13,,,,71,34,37,,,,,,,,,
07/03/2025 13:00,138,58,80,47,23,24,30,15,15,29,14,15,,,,76,34,42,,,,,,,,,
07/03/2025 14:00,89,39,50,28,12,16,18,9,9,30,16,14,,,,72,45,27,,,,,,,,,
07/03/2025 15:00,66,33,33,27,14,13,16,10,6,22,6,16,,,,50,25,25,,,,,,,,,
07/03/2025 16:00,60,23,37,21,10,11,19,11,8,18,14,4,,,,67,30,37,,,,,,,,,
07/03/2025 17:00,35,14,21,26,15,11,22,12,10,14,8,6,,,,51,24,27,,,,,,,,,
07/03/2025 18:00,67,32,35,34,20,14,34,18,16,21,11,10,,,,60,33,27,,,,,,,,,
07/03/2025 19:00,80,42,38,25,12,13,20,10,10,16,8,8,,,,39,20,19,,,,,,,,,
07/03/2025 20:00,51,28,23,15,8,7,19,12,7,8,4,4,,,,17,11,6,,,,,,,,,
07/03/2025 21:00,38,17,21,15,8,7,9,3,6,4,2,2,,,,13,3,10,,,,,,,,,
07/03/2025 22:00,20,11,9,5,1,4,9,2,7,8,3,5,,,,5,1,4,,,,,,,,,
07/03/2025 23:00,8,7,1,6,2,4,7,2,5,9,6,3,,,,5,2,3,,,,,,,,,
08/03/2025 00:00,2,1,1,2,2,0,1,0,1,2,1,1,,,,2,2,0,,,,,,,,,
08/03/2025 01:00,4,3,1,1,1,0,0,0,0,0,0,0,,,,0,0,0,,,,,,,,,
08/03/2025 02:00,0,0,0,0,0,0,0,0,0,0,0,0,,,,0,0,0,,,,,,,,,
08/03/2025 03:00,1,0,1,0,0,0,0,0,0,1,0,1,,,,0,0,0,,,,,,,,,
08/03/2025 04:00,0,0,0,0,0,0,0,0,0,0,0,0,,,,1,1,0,,,,,,,,,
08/03/2025 05:00,5,2,3,0,0,0,0,0,0,1,1,0,,,,3,2,1,,,,,,,,,
08/03/2025 06:00,25,8,17,10,7,3,11,8,3,3,1,2,,,,6,3,3,,,,,,,,,
08/03/2025 07:00,120,66,54,19,13,6,22,9,13,3,1,2,,,,32,22,10,,,,,,,,,
08/03/2025 08:00,150,71,79,63,34,29,43,24,19,34,17,17,,,,87,54,33,,,,,,,,,
08/03/2025 09:00,226,121,105,111,57,54,88,47,41,30,16,14,,,,187,99,88,,,,,,,,,
08/03/2025 10:00,298,145,153,179,106,73,136,79,57,36,13,23,,,,180,104,76,,,,,,,,,
08/03/2025 11:00,325,162,163,126,70,56,93,52,41,53,25,28,,,,208,106,102,,,,,,,,,
08/03/2025 12:00,347,160,187,108,52,56,70,35,35,65,41,24,,,,182,94,88,,,,,,,,,
08/03/2025 13:00,298,154,144,103,47,56,80,56,24,61,30,31,,,,162,76,86,,,,,,,,,
08/03/2025 14:00,239,125,114,75,42,33,50,32,18,40,18,22,,,,85,40,45,,,,,,,,,
08/03/2025 15:00,208,93,115,35,18,17,41,25,16,32,14,18,,,,107,53,54,,,,,,,,,
08/03/2025 16:00,289,143,146,40,25,15,54,29,25,29,13,16,,,,101,55,46,,,,,,,,,
08/03/2025 17:00,263,113,150,59,25,34,61,30,31,30,17,13,,,,114,53,61,,,,,,,,,
08/03/2025 18:00,183,97,86,44,26,18,50,14,36,18,11,7,,,,89,40,49,,,,,,,,,
08/03/2025 19:00,129,68,61,26,15,11,41,20,21,6,3,3,,,,24,12,12,,,,,,,,,
08/03/2025 20:00,68,42,26,18,10,8,26,12,14,6,3,3,,,,20,10,10,,,,,,,,,
08/03/2025 21:00,33,15,18,13,10,3,13,10,3,6,5,1,,,,8,6,2,,,,,,,,,
08/03/2025 22:00,14,4,10,2,1,1,21,17,4,9,4,5,,,,7,4,3,,,,,,,,,
08/03/2025 23:00,7,3,4,1,0,1,8,4,4,2,1,1,,,,12,9,3,,,,,,,,,
09/03/2025 00:00,1,1,0,0,0,0,1,0,1,2,0,2,,,,1,0,1,,,,,,,,,
09/03/2025 01:00,2,2,0,0,0,0,2,0,2,0,0,0,,,,1,0,1,,,,,,,,,
09/03/2025 02:00,1,1,0,0,0,0,0,0,0,2,0,2,,,,1,0,1,,,,,,,,,
09/03/2025 03:00,2,1,1,1,1,0,0,0,0,4,1,3,,,,0,0,0,,,,,,,,,
09/03/2025 04:00,0,0,0,2,0,2,0,0,0,0,0,0,,,,1,0,1,,,,,,,,,
09/03/2025 05:00,3,1,2,0,0,0,0,0,0,0,0,0,,,,1,1,0,,,,,,,,,
09/03/2025 06:00,20,6,14,6,2,4,1,0,1,4,2,2,,,,2,2,0,,,,,,,,,
09/03/2025 07:00,69,38,31,20,11,9,8,5,3,3,2,1,,,,36,25,11,,,,,,,,,
09/03/2025 08:00,130,72,58,50,33,17,42,27,15,27,16,11,,,,76,45,31,,,,,,,,,
09/03/2025 09:00,269,136,133,90,48,42,81,42,39,36,16,20,,,,150,91,59,,,,,,,,,
09/03/2025 10:00,372,200,172,136,82,54,129,59,70,57,35,22,,,,258,153,105,,,,,,,,,
09/03/2025 11:00,622,339,283,184,100,84,149,89,60,62,32,30,,,,261,149,112,,,,,,,,,
09/03/2025 12:00,668,344,324,223,113,110,207,149,58,88,43,45,,,,272,135,137,,,,,,,,,
09/03/2025 13:00,730,382,348,145,61,84,151,77,74,45,30,15,,,,208,105,103,,,,,,,,,
09/03/2025 14:00,883,416,467,151,87,64,130,79,51,58,26,32,,,,203,125,78,,,,,,,,,
09/03/2025 15:00,875,407,468,122,67,55,121,59,62,47,19,28,,,,216,115,101,,,,,,,,,
09/03/2025 16:00,696,321,375,132,68,64,134,60,74,43,21,22,,,,175,100,75,,,,,,,,,
09/03/2025 17:00,417,188,229,80,44,36,86,40,46,35,21,14,,,,117,49,68,,,,,,,,,
09/03/2025 18:00,250,122,128,66,25,41,59,34,25,25,13,12,,,,73,33,40,,,,,,,,,
09/03/2025 19:00,123,59,64,40,24,16,40,17,23,20,11,9,,,,28,11,17,,,,,,,,,
09/03/2025 20:00,62,37,25,21,8,13,24,9,15,16,7,9,,,,12,6,6,,,,,,,,,
09/03/2025 21:00,33,15,18,15,6,9,15,7,8,5,1,4,,,,8,4,4,,,,,,,,,
09/03/2025 22:00,9,6,3,2,0,2,7,5,2,0,0,0,,,,0,0,0,,,,,,,,,
09/03/2025 23:00,2,0,2,1,0,1,0,0,0,4,2,2,,,,1,1,0,,,,,,,,,
10/03/2025 00:00,0,0,0,1,1,0,0,0,0,0,0,0,,,,0,0,0,,,,,,,,,
10/03/2025 01:00,1,0,1,1,0,1,3,2,1,0,0,0,,,,2,0,2,,,,,,,,,
10/03/2025 02:00,0,0,0,0,0,0,0,0,0,0,0,0,,,,0,0,0,,,,,,,,,
10/03/2025 03:00,0,0,0,0,0,0,0,0,0,0,0,0,,,,0,0,0,,,,,,,,,
10/03/2025 04:00,0,0,0,0,0,0,0,0,0,0,0,0,,,,0,0,0,,,,,,,,,
10/03/2025 05:00,13,2,11,3,2,1,1,1,0,1,1,0,,,,2,2,0,,,,,,,,,
10/03/2025 06:00,40,19,21,26,12,14,18,8,10,9,5,4,,,,20,14,6,,,,,,,,,
10/03/2025 07:00,75,39,36,33,9,24,20,9,11,20,8,12,,,,59,35,24,,,,,,,,,
10/03/2025 08:00,96,39,57,43,20,23,30,16,14,47,31,16,,,,102,57,45,,,,,,,,,
10/03/2025 09:00,95,42,53,31,10,21,32,21,11,26,14,12,,,,78,38,40,,,,,,,,,
10/03/2025 10:00,182,79,103,53,23,30,39,19,20,19,9,10,,,,70,38,32,,,,,,,,,
10/03/2025 11:00,189,108,81,58,19,39,39,15,24,35,17,18,,,,66,37,29,,,,,,,,,
10/03/2025 12:00,241,122,119,89,50,39,56,36,20,38,18,20,,,,88,54,34,,,,,,,,,
10/03/2025 13:00,269,121,148,77,44,33,65,42,23,31,23,8,,,,146,82,64,,,,,,,,,
10/03/2025 14:00,232,108,124,35,22,13,25,14,11,33,17,16,,,,97,48,49,,,,,,,,,
10/03/2025 15:00,137,61,76,47,16,31,39,15,24,43,21,22,,,,79,45,34,,,,,,,,,
10/03/2025 16:00,157,78,79,40,21,19,34,17,17,39,17,22,,,,69,34,35,,,,,,,,,
10/03/2025 17:00,146,74,72,58,42,16,37,19,18,33,13,20,,,,101,52,49,,,,,,,,,
10/03/2025 18:00,126,66,60,91,56,35,31,16,15,32,21,11,,,,110,61,49,,,,,,,,,
10/03/2025 19:00,104,48,56,52,30,22,42,23,19,17,7,10,,,,74,38,36,,,,,,,,,
10/03/2025 20:00,67,25,42,39,18,21,29,16,13,14,6,8,,,,26,15,11,,,,,,,,,
10/03/2025 21:00,34,14,20,9,5,4,12,9,3,4,3,1,,,,13,8,5,,,,,,,,,
10/03/2025 22:00,14,9,5,5,3,2,1,0,1,1,1,0,,,,4,2,2,,,,,,,,,
10/03/2025 23:00,2,1,1,4,2,2,1,0,1,0,0,0,,,,1,1,0,,,,,,,,,
11/03/2025 00:00,0,0,0,0,0,0,0,0,0,0,0,0,,,,0,0,0,,,,,,,,,
11/03/2025 01:00,0,0,0,0,0,0,0,0,0,0,0,0,,,,0,0,0,,,,,,,,,
11/03/2025 02:00,1,1,0,0,0,0,1,0,1,0,0,0,,,,0,0,0,,,,,,,,,
11/03/2025 03:00,0,0,0,0,0,0,0,0,0,0,0,0,,,,0,0,0,,,,,,,,,
11/03/2025 04:00,0,0,0,1,1,0,2,1,1,0,0,0,,,,1,0,1,,,,,,,,,
11/03/2025 05:00,13,2,11,1,0,1,1,0,1,0,0,0,,,,3,3,0,,,,,,,,,
11/03/2025 06:00,29,16,13,23,13,10,22,13,9,4,4,0,,,,30,18,12,,,,,,,,,
11/03/2025 07:00,66,30,36,31,11,20,19,14,5,19,10,9,,,,73,39,34,,,,,,,,,
11/03/2025 08:00,104,48,56,52,26,26,34,21,13,50,28,22,,,,108,50,58,,,,,,,,,
11/03/2025 09:00,97,43,54,31,12,19,28,16,12,39,23,16,,,,70,37,33,,,,,,,,,
11/03/2025 10:00,177,106,71,37,25,12,38,26,12,40,19,21,,,,64,42,22,,,,,,,,,
11/03/2025 11:00,188,106,82,24,13,11,27,14,13,22,13,9,,,,65,38,27,,,,,,,,,
11/03/2025 12:00,144,76,68,33,17,16,38,26,12,37,15,22,,,,85,44,41,,,,,,,,,
11/03/2025 13:00,205,103,102,57,32,25,33,18,15,21,12,9,,,,133,48,85,,,,,,,,,
11/03/2025 14:00,180,85,95,51,22,29,48,25,23,27,15,12,,,,89,43,46,,,,,,,,,
11/03/2025 15:00,162,87,75,35,18,17,24,11,13,27,16,11,,,,58,26,32,,,,,,,,,
11/03/2025 16:00,155,77,78,50,27,23,32,18,14,29,9,20,,,,105,59,46,,,,,,,,,
11/03/2025 17:00,116,56,60,57,39,18,53,26,27,44,19,25,,,,116,60,56,,,,,,,,,
11/03/2025 18:00,165,77,88,64,34,30,41,21,20,21,11,10,,,,126,72,54,,,,,,,,,
11/03/2025 19:00,102,50,52,62,26,36,41,18,23,20,8,12,,,,58,30,28,,,,,,,,,
11/03/2025 20:00,54,29,25,30,10,20,25,12,13,13,7,6,,,,30,18,12,,,,,,,,,
11/03/2025 21:00,42,17,25,11,5,6,8,6,2,14,9,5,,,,14,6,8,,,,,,,,,
11/03/2025 22:00,15,8,7,1,0,1,5,0,5,7,4,3,,,,10,6,4,,,,,,,,,
11/03/2025 23:00,7,3,4,1,1,0,0,0,0,0,0,0,,,,2,0,2,,,,,,,,,
12/03/2025 00:00,0,0,0,3,1,2,1,1,0,1,1,0,,,,2,1,1,,,,,,,,,
12/03/2025 01:00,3,2,1,0,0,0,1,0,1,0,0,0,,,,0,0,0,,,,,,,,,
12/03/2025 02:00,0,0,0,0,0,0,0,0,0,0,0,0,,,,0,0,0,,,,,,,,,
12/03/2025 03:00,0,0,0,0,0,0,0,0,0,0,0,0,,,,0,0,0,,,,,,,,,
12/03/2025 04:00,0,0,0,0,0,0,1,1,0,0,0,0,,,,0,0,0,,,,,,,,,
12/03/2025 05:00,8,2,6,4,2,2,6,1,5,3,2,1,,,,3,3,0,,,,,,,,,
12/03/2025 06:00,26,13,13,29,18,11,10,5,5,16,8,8,,,,22,15,7,,,,,,,,,
12/03/2025 07:00,71,35,36,31,13,18,17,8,9,13,5,8,,,,59,31,28,,,,,,,,,
12/03/2025 08:00,88,43,45,38,14,24,27,15,12,64,38,26,,,,131,64,67,,,,,,,,,
12/03/2025 09:00,121,57,64,50,22,28,34,17,17,38,21,17,,,,98,54,44,,,,,,,,,
12/03/2025 10:00,130,72,58,75,36,39,33,18,15,24,19,5,,,,76,42,34,,,,,,,,,
12/03/2025 11:00,165,92,73,48,32,16,25,18,7,25,11,14,,,,75,34,41,,,,,,,,,
12/03/2025 12:00,212,109,103,62,30,32,32,17,15,46,22,24,,,,84,49,35,,,,,,,,,
12/03/2025 13:00,196,86,110,88,41,47,50,25,25,47,23,24,,,,123,70,53,,,,,,,,,
12/03/2025 14:00,221,109,112,46,25,21,29,12,17,31,11,20,,,,118,60,58,,,,,,,,,
12/03/2025 15:00,144,65,79,30,12,18,31,13,18,37,19,18,,,,63,35,28,,,,,,,,,
12/03/2025 16:00,125,61,64,43,13,30,26,12,14,34,17,17,,,,77,40,37,,,,,,,,,
12/03/2025 17:00,99,52,47,62,29,33,49,24,25,29,15,14,,,,126,88,38,,,,,,,,,
12/03/2025 18:00,120,52,68,89,62,27,65,43,22,29,14,15,,,,129,77,52,,,,,,,,,
12/03/2025 19:00,123,61,62,77,51,26,49,31,18,31,11,20,,,,75,44,31,,,,,,,,,
12/03/2025 20:00,82,46,36,27,14,13,31,14,17,12,8,4,,,,32,12,20,,,,,,,,,
12/03/2025 21:00,34,24,10,17,10,7,12,7,5,7,4,3,,,,12,6,6,,,,,,,,,
12/03/2025 22:00,18,16,2,3,0,3,7,2,5,4,1,3,,,,1,0,1,,,,,,,,,
12/03/2025 23:00,4,2,2,0,0,0,2,0,2,3,0,3,,,,3,1,2,,,,,,,,,
13/03/2025 00:00,0,0,0,0,0,0,2,2,0,0,0,0,,,,3,2,1,,,,,,,,,
13/03/2025 01:00,0,0,0,1,1,0,0,0,0,0,0,0,,,,0,0,0,,,,,,,,,
13/03/2025 02:00,0,0,0,0,0,0,1,1,0,0,0,0,,,,0,0,0,,,,,,,,,
13/03/2025 03:00,0,0,0,0,0,0,0,0,0,0,0,0,,,,0,0,0,,,,,,,,,
13/03/2025 04:00,0,0,0,1,1,0,1,1,0,1,1,0,,,,0,0,0,,,,,,,,,
13/03/2025 05:00,8,2,6,5,2,3,5,1,4,3,1,2,,,,3,3,0,,,,,,,,,
13/03/2025 06:00,49,27,22,23,15,8,20,15,5,2,2,0,,,,38,18,20,,,,,,,,,
13/03/2025 07:00,88,47,41,34,14,20,23,13,10,25,9,16,,,,60,25,35,,,,,,,,,
13/03/2025 08:00,110,46,64,42,15,27,30,16,14,45,26,19,,,,94,49,45,,,,,,,,,
13/03/2025 09:00,115,56,59,33,18,15,27,18,9,37,18,19,,,,61,32,29,,,,,,,,,
13/03/2025 10:00,170,81,89,22,13,9,31,22,9,27,18,9,,,,49,27,22,,,,,,,,,
13/03/2025 11:00,164,79,85,48,30,18,32,12,20,39,16,23,,,,63,39,24,,,,,,,,,
13/03/2025 12:00,152,82,70,46,25,21,39,25,14,42,15,27,,,,75,45,30,,,,,,,,,
13/03/2025 13:00,174,84,90,50,29,21,39,19,20,40,21,19,,,,73,45,28,,,,,,,,,
13/03/2025 14:00,129,57,72,28,8,20,32,17,15,32,19,13,,,,90,56,34,,,,,,,,,
13/03/2025 15:00,117,52,65,20,7,13,31,12,19,23,12,11,,,,124,56,68,,,,,,,,,
13/03/2025 16:00,114,57,57,41,17,24,27,17,10,39,20,19,,,,90,44,46,,,,,,,,,
13/03/2025 17:00,111,48,63,52,36,16,40,24,16,38,16,22,,,,99,48,51,,,,,,,,,
13/03/2025 18:00,133,65,68,55,31,24,42,26,16,25,9,16,,,,103,60,43,,,,,,,,,
13/03/2025 19:00,113,57,56,48,17,31,39,22,17,14,6,8,,,,60,29,31,,,,,,,,,
13/03/2025 20:00,81,43,38,17,6,11,18,9,9,14,5,9,,,,34,20,14,,,,,,,,,
13/03/2025 21:00,36,19,17,13,7,6,7,3,4,8,4,4,,,,5,3,2,,,,,,,,,
13/03/2025 22:00,13,7,6,0,0,0,5,1,4,2,1,1,,,,6,3,3,,,,,,,,,
13/03/2025 23:00,9,4,5,2,0,2,5,3,2,3,2,1,,,,2,2,0,,,,,,,,,
14/03/2025 00:00,0,0,0,2,0,2,1,1,0,3,2,1,,,,0,0,0,,,,,,,,,
14/03/2025 01:00,0,0,0,1,1,0,1,0,1,3,1,2,,,,0,0,0,,,,,,,,,
14/03/2025 02:00,0,0,0,0,0,0,0,0,0,1,0,1,,,,0,0,0,,,,,,,,,
14/03/2025 03:00,1,1,0,0,0,0,0,0,0,0,0,0,,,,0,0,0,,,,,,,,,
14/03/2025 04:00,1,0,1,0,0,0,0,0,0,0,0,0,,,,0,0,0,,,,,,,,,
14/03/2025 05:00,7,1,6,3,2,1,1,0,1,1,1,0,,,,6,4,2,,,,,,,,,
14/03/2025 06:00,39,20,19,27,17,10,13,8,5,15,8,7,,,,23,14,9,,,,,,,,,
14/03/2025 07:00,66,41,25,40,16,24,23,12,11,14,4,10,,,,52,30,22,,,,,,,,,
14/03/2025 08:00,73,32,41,39,20,19,26,14,12,27,9,18,,,,85,44,41,,,,,,,,,
14/03/2025 09:00,91,46,45,36,17,19,25,15,10,28,14,14,,,,68,35,33,,,,,,,,,
14/03/2025 10:00,123,54,69,24,11,13,39,24,15,33,12,21,,,,54,29,25,,,,,,,,,
14/03/2025 11:00,155,78,77,32,21,11,19,11,8,32,16,16,,,,38,19,19,,,,,,,,,
14/03/2025 12:00,145,68,77,44,18,26,38,16,22,30,12,18,,,,121,67,54,,,,,,,,,
14/03/2025 13:00,125,69,56,39,20,19,29,13,16,34,20,14,,,,98,42,56,,,,,,,,,
14/03/2025 14:00,123,65,58,44,25,19,20,10,10,19,9,10,,,,70,31,39,,,,,,,,,
14/03/2025 15:00,150,82,68,62,32,30,42,24,18,34,11,23,,,,90,52,38,,,,,,,,,
14/03/2025 16:00,186,88,98,70,35,35,38,10,28,37,22,15,,,,123,63,60,,,,,,,,,
14/03/2025 17:00,180,82,98,53,35,18,56,27,29,33,14,19,,,,111,54,57,,,,,,,,,
14/03/2025 18:00,151,77,74,66,35,31,54,27,27,29,18,11,,,,97,56,41,,,,,,,,,
14/03/2025 19:00,92,52,40,50,26,24,46,23,23,13,7,6,,,,41,19,22,,,,,,,,,
14/03/2025 20:00,60,26,34,27,14,13,23,14,9,13,7,6,,,,12,9,3,,,,,,,,,
14/03/2025 21:00,36,18,18,14,10,4,11,7,4,7,6,1,,,,12,7,5,,,,,,,,,
14/03/2025 22:00,18,7,11,12,5,7,11,8,3,7,1,6,,,,2,2,0,,,,,,,,,
14/03/2025 23:00,7,3,4,5,4,1,9,2,7,2,1,1,,,,3,1,2,,,,,,,,,
15/03/2025 00:00,1,0,1,5,3,2,2,1,1,0,0,0,,,,0,0,0,,,,,,,,,
15/03/2025 01:00,2,2,0,1,1,0,6,3,3,0,0,0,,,,0,0,0,,,,,,,,,
15/03/2025 02:00,1,1,0,1,1,0,0,0,0,0,0,0,,,,0,0,0,,,,,,,,,
15/03/2025 03:00,3,2,1,0,0,0,0,0,0,1,0,1,,,,0,0,0,,,,,,,,,
15/03/2025 04:00,1,1,0,0,0,0,0,0,0,0,0,0,,,,0,0,0,,,,,,,,,
15/03/2025 05:00,3,0,3,0,0,0,1,0,1,2,2,0,,,,1,1,0,,,,,,,,,
15/03/2025 06:00,25,10,15,6,2,4,6,4,2,3,0,3,,,,8,2,6,,,,,,,,,
15/03/2025 07:00,85,34,51,27,17,10,15,11,4,7,4,3,,,,40,24,16,,,,,,,,,
15/03/2025 08:00,149,81,68,72,36,36,58,26,32,16,7,9,,,,97,55,42,,,,,,,,,
15/03/2025 09:00,211,105,106,98,47,51,93,60,33,38,26,12,,,,162,101,61,,,,,,,,,
15/03/2025 10:00,292,148,144,116,77,39,83,44,39,50,28,22,,,,238,145,93,,,,,,,,,
15/03/2025 11:00,368,185,183,128,54,74,124,52,72,47,23,24,,,,210,119,91,,,,,,,,,
15/03/2025 12:00,371,180,191,162,95,67,110,62,48,43,27,16,,,,191,99,92,,,,,,,,,
15/03/2025 13:00,419,193,226,135,53,82,101,70,31,38,21,17,,,,143,74,69,,,,,,,,,
15/03/2025 14:00,403,214,189,77,41,36,78,47,31,25,17,8,,,,131,55,76,,,,,,,,,
15/03/2025 15:00,403,203,200,57,33,24,56,33,23,28,14,14,,,,115,73,42,,,,,,,,,
15/03/2025 16:00,348,151,197,79,44,35,70,44,26,32,21,11,,,,114,56,58,,,,,,,,,
15/03/2025 17:00,234,101,133,63,31,32,48,27,21,26,14,12,,,,118,48,70,,,,,,,,,
15/03/2025 18:00,153,72,81,46,23,23,37,15,22,29,19,10,,,,58,27,31,,,,,,,,,
15/03/2025 19:00,104,48,56,26,14,12,19,9,10,10,7,3,,,,20,9,11,,,,,,,,,
15/03/2025 20:00,36,24,12,21,7,14,19,12,7,7,3,4,,,,15,8,7,,,,,,,,,
15/03/2025 21:00,19,13,6,9,6,3,9,6,3,1,0,1,,,,12,8,4,,,,,,,,,
15/03/2025 22:00,17,8,9,6,4,2,11,2,9,6,4,2,,,,5,3,2,,,,,,,,,
15/03/2025 23:00,10,3,7,1,1,0,11,7,4,1,0,1,,,,3,2,1,,,,,,,,,
16/03/2025 00:00,1,0,1,4,3,1,4,1,3,0,0,0,,,,1,0,1,,,,,,,,,
16/03/2025 01:00,2,1,1,0,0,0,1,1,0,2,1,1,,,,0,0,0,,,,,,,,,
16/03/2025 02:00,0,0,0,1,1,0,0,0,0,1,1,0,,,,0,0,0,,,,,,,,,
16/03/2025 03:00,1,1,0,1,0,1,0,0,0,0,0,0,,,,1,1,0,,,,,,,,,
16/03/2025 04:00,0,0,0,2,2,0,0,0,0,0,0,0,,,,0,0,0,,,,,,,,,
16/03/2025 05:00,4,2,2,1,1,0,4,3,1,0,0,0,,,,0,0,0,,,,,,,,,
16/03/2025 06:00,18,8,10,7,2,5,1,0,1,2,1,1,,,,2,1,1,,,,,,,,,
16/03/2025 07:00,51,19,32,8,4,4,7,4,3,6,2,4,,,,22,16,6,,,,,,,,,
16/03/2025 08:00,130,55,75,52,34,18,37,21,16,21,9,12,,,,61,37,24,,,,,,,,,
16/03/2025 09:00,269,151,118,122,86,36,90,65,25,33,19,14,,,,144,85,59,,,,,,,,,
16/03/2025 10:00,382,211,171,135,57,78,85,46,39,35,21,14,,,,201,117,84,,,,,,,,,
16/03/2025 11:00,505,261,244,179,117,62,96,52,44,47,24,23,,,,206,120,86,,,,,,,,,
16/03/2025 12:00,613,312,301,130,64,66,121,73,48,62,31,31,,,,194,102,92,,,,,,,,,
16/03/2025 13:00,667,342,325,129,77,52,103,53,50,54,32,22,,,,163,94,69,,,,,,,,,
16/03/2025 14:00,814,426,388,110,53,57,100,43,57,41,19,22,,,,153,85,68,,,,,,,,,
16/03/2025 15:00,687,328,359,87,30,57,93,56,37,49,25,24,,,,132,71,61,,,,,,,,,
16/03/2025 16:00,570,229,341,99,53,46,79,36,43,53,34,19,,,,157,79,78,,,,,,,,,
16/03/2025 17:00,273,125,148,69,42,27,81,44,37,34,20,14,,,,61,26,35,,,,,,,,,
16/03/2025 18:00,140,56,84,32,22,10,54,35,19,21,13,8,,,,47,27,20,,,,,,,,,
16/03/2025 19:00,98,48,50,34,16,18,37,20,17,13,7,6,,,,10,5,5,,,,,,,,,
16/03/2025 20:00,49,27,22,42,10,32,14,7,7,10,7,3,,,,1,0,1,,,,,,,,,
16/03/2025 21:00,34,18,16,16,4,12,13,7,6,7,4,3,,,,0,0,0,,,,,,,,,
16/03/2025 22:00,16,5,11,11,7,4,9,2,7,4,3,1,,,,1,0,1,,,,,,,,,
16/03/2025 23:00,6,5,1,1,1,0,5,1,4,14,1,13,,,,0,0,0,,,,,,,,,
17/03/2025 00:00,2,0,2,1,1,0,3,2,1,2,0,2,,,,1,1,0,,,,,,,,,
17/03/2025 01:00,3,3,0,1,1,0,0,0,0,0,0,0,,,,0,0,0,,,,,,,,,
17/03/2025 02:00,2,1,1,2,1,1,0,0,0,0,0,0,,,,0,0,0,,,,,,,,,
17/03/2025 03:00,2,1,1,0,0,0,0,0,0,0,0,0,,,,0,0,0,,,,,,,,,
17/03/2025 04:00,0,0,0,0,0,0,0,0,0,0,0,0,,,,0,0,0,,,,,,,,,
17/03/2025 05:00,6,2,4,0,0,0,1,0,1,0,0,0,,,,0,0,0,,,,,,,,,
17/03/2025 06:00,19,12,7,6,2,4,2,1,1,2,2,0,,,,4,3,1,,,,,,,,,
17/03/2025 07:00,64,36,28,20,12,8,12,6,6,3,2,1,,,,20,13,7,,,,,,,,,
17/03/2025 08:00,114,54,60,50,24,26,60,40,20,33,14,19,,,,61,33,28,,,,,,,,,
17/03/2025 09:00,219,141,78,85,40,45,64,38,26,31,21,10,,,,170,60,110,,,,,,,,,
17/03/2025 10:00,742,468,274,73,37,36,138,108,30,111,88,23,,,,649,78,571,,,,,,,,,
17/03/2025 11:00,1028,382,646,96,49,47,143,98,45,95,61,34,,,,406,123,283,,,,,,,,,
17/03/2025 12:00,911,498,413,115,75,40,215,67,148,117,22,95,,,,241,148,93,,,,,,,,,
17/03/2025 13:00,372,184,188,264,233,31,205,157,48,79,29,50,,,,375,318,57,,,,,,,,,
17/03/2025 14:00,327,154,173,368,317,51,271,218,53,86,64,22,,,,341,296,45,,,,,,,,,
17/03/2025 15:00,319,180,139,320,273,47,227,191,36,52,30,22,,,,216,156,60,,,,,,,,,
17/03/2025 16:00,184,90,94,99,71,28,101,62,39,57,33,24,,,,112,62,50,,,,,,,,,
17/03/2025 17:00,129,76,53,46,32,14,65,39,26,47,24,23,,,,83,41,42,,,,,,,,,
17/03/2025 18:00,81,41,40,37,11,26,33,20,13,15,9,6,,,,59,33,26,,,,,,,,,
17/03/2025 19:00,71,36,35,27,15,12,17,10,7,9,4,5,,,,33,16,17,,,,,,,,,
17/03/2025 20:00,40,25,15,27,12,15,22,10,12,10,5,5,,,,12,6,6,,,,,,,,,
17/03/2025 21:00,25,11,14,5,2,3,7,6,1,7,5,2,,,,7,4,3,,,,,,,,,
17/03/2025 22:00,8,2,6,9,2,7,13,5,8,4,3,1,,,,2,0,2,,,,,,,,,
17/03/2025 23:00,0,0,0,1,0,1,3,1,2,1,0,1,,,,0,0,0,,,,,,,,,
18/03/2025 00:00,1,1,0,0,0,0,1,0,1,0,0,0,,,,1,1,0,,,,,,,,,
18/03/2025 01:00,2,1,1,2,0,2,0,0,0,1,1,0,,,,0,0,0,,,,,,,,,
18/03/2025 02:00,4,4,0,0,0,0,0,0,0,1,1,0,,,,0,0,0,,,,,,,,,
18/03/2025 03:00,0,0,0,0,0,0,1,0,1,1,0,1,,,,2,2,0,,,,,,,,,
18/03/2025 04:00,1,0,1,1,0,1,0,0,0,0,0,0,,,,0,0,0,,,,,,,,,
18/03/2025 05:00,8,2,6,0,0,0,2,0,2,0,0,0,,,,2,2,0,,,,,,,,,
18/03/2025 06:00,36,18,18,19,11,8,7,4,3,5,4,1,,,,19,10,9,,,,,,,,,
18/03/2025 07:00,69,42,27,19,9,10,13,7,6,15,8,7,,,,56,30,26,,,,,,,,,
18/03/2025 08:00,80,41,39,40,23,17,31,16,15,31,10,21,,,,71,33,38,,,,,,,,,
18/03/2025 09:00,103,45,58,26,16,10,22,15,7,41,19,22,,,,44,24,20,,,,,,,,,
18/03/2025 10:00,123,73,50,31,19,12,32,19,13,23,15,8,,,,44,26,18,,,,,,,,,
18/03/2025 11:00,233,148,85,32,21,11,49,22,27,24,11,13,,,,67,39,28,,,,,,,,,
18/03/2025 12:00,274,188,86,49,24,25,50,22,28,44,23,21,,,,73,38,35,,,,,,,,,
18/03/2025 13:00,311,164,147,58,32,26,47,22,25,38,20,18,,,,98,57,41,,,,,,,,,
18/03/2025 14:00,201,113,88,48,26,22,51,26,25,32,19,13,,,,111,60,51,,,,,,,,,
18/03/2025 15:00,236,114,122,49,26,23,63,34,29,34,19,15,,,,115,59,56,,,,,,,,,
18/03/2025 16:00,183,112,71,40,26,14,42,26,16,46,23,23,,,,105,55,50,,,,,,,,,
18/03/2025 17:00,183,99,84,69,37,32,61,27,34,41,23,18,,,,121,63,58,,,,,,,,,
18/03/2025 18:00,229,104,125,77,48,29,63,45,18,46,21,25,,,,161,94,67,,,,,,,,,
18/03/2025 19:00,142,73,69,62,35,27,61,35,26,19,13,6,,,,71,32,39,,,,,,,,,
18/03/2025 20:00,84,42,42,29,22,7,28,17,11,19,11,8,,,,39,18,21,,,,,,,,,
18/03/2025 21:00,54,25,29,16,7,9,24,8,16,11,5,6,,,,7,2,5,,,,,,,,,
18/03/2025 22:00,7,3,4,10,3,7,6,2,4,1,1,0,,,,2,1,1,,,,,,,,,
18/03/2025 23:00,9,5,4,1,1,0,1,1,0,0,0,0,,,,2,2,0,,,,,,,,,
19/03/2025 00:00,0,0,0,0,0,0,0,0,0,3,3,0,,,,1,1,0,,,,,,,,,
19/03/2025 01:00,0,0,0,1,1,0,0,0,0,2,0,2,,,,0,0,0,,,,,,,,,
19/03/2025 02:00,0,0,0,0,0,0,2,1,1,0,0,0,,,,0,0,0,,,,,,,,,
19/03/2025 03:00,0,0,0,0,0,0,0,0,0,0,0,0,,,,0,0,0,,,,,,,,,
19/03/2025 04:00,2,0,2,0,0,0,0,0,0,0,0,0,,,,0,0,0,,,,,,,,,
19/03/2025 05:00,6,4,2,4,2,2,4,3,1,4,3,1,,,,2,2,0,,,,,,,,,
19/03/2025 06:00,68,30,38,29,19,10,27,15,12,9,7,2,,,,27,15,12,,,,,,,,,
19/03/2025 07:00,74,36,38,39,13,26,21,11,10,22,7,15,,,,85,47,38,,,,,,,,,
19/03/2025 08:00,103,49,54,42,20,22,30,15,15,50,26,24,,,,121,59,62,,,,,,,,,
19/03/2025 09:00,131,61,70,55,24,31,36,14,22,30,17,13,,,,84,48,36,,,,,,,,,
19/03/2025 10:00,164,83,81,47,23,24,37,23,14,34,26,8,,,,85,55,30,,,,,,,,,
19/03/2025 11:00,265,132,133,71,41,30,67,39,28,58,40,18,,,,80,35,45,,,,,,,,,
19/03/2025 12:00,226,111,115,83,43,40,32,23,9,79,49,30,,,,102,51,51,,,,,,,,,
19/03/2025 13:00,299,152,147,67,37,30,59,26,33,69,41,28,,,,173,94,79,,,,,,,,,
19/03/2025 14:00,282,147,135,32,18,14,45,27,18,31,20,11,,,,124,65,59,,,,,,,,,
19/03/2025 15:00,235,107,128,73,34,39,25,12,13,40,22,18,,,,93,45,48,,,,,,,,,
19/03/2025 16:00,209,100,109,67,34,33,57,28,29,38,20,18,,,,93,47,46,,,,,,,,,
19/03/2025 17:00,185,91,94,64,27,37,55,29,26,44,19,25,,,,158,83,75,,,,,,,,,
19/03/2025 18:00,182,94,88,69,33,36,62,29,33,32,15,17,,,,130,74,56,,,,,,,,,
19/03/2025 19:00,180,99,81,59,25,34,44,26,18,20,8,12,,,,49,29,20,,,,,,,,,
19/03/2025 20:00,81,46,35,57,17,40,34,15,19,18,9,9,,,,38,21,17,,,,,,,,,
19/03/2025 21:00,50,26,24,8,3,5,7,5,2,5,4,1,,,,2,0,2,,,,,,,,,
19/03/2025 22:00,17,6,11,8,6,2,5,3,2,1,0,1,,,,0,0,0,,,,,,,,,
19/03/2025 23:00,4,1,3,2,0,2,0,0,0,1,0,1,,,,0,0,0,,,,,,,,,
20/03/2025 00:00,0,0,0,0,0,0,1,0,1,0,0,0,,,,2,2,0,,,,,,,,,
20/03/2025 01:00,0,0,0,0,0,0,3,0,3,0,0,0,,,,0,0,0,,,,,,,,,
20/03/2025 02:00,1,1,0,0,0,0,0,0,0,0,0,0,,,,0,0,0,,,,,,,,,
20/03/2025 03:00,0,0,0,0,0,0,0,0,0,0,0,0,,,,0,0,0,,,,,,,,,
20/03/2025 04:00,2,1,1,0,0,0,0,0,0,0,0,0,,,,0,0,0,,,,,,,,,
20/03/2025 05:00,9,3,6,3,1,2,5,3,2,3,2,1,,,,5,4,1,,,,,,,,,
20/03/2025 06:00,52,24,28,24,12,12,14,11,3,8,6,2,,,,27,14,13,,,,,,,,,
20/03/2025 07:00,86,39,47,30,13,17,14,7,7,24,8,16,,,,72,42,30,,,,,,,,,
20/03/2025 08:00,103,41,62,39,18,21,23,13,10,43,25,18,,,,110,60,50,,,,,,,,,
20/03/2025 09:00,125,53,72,33,14,19,33,23,10,24,20,4,,,,78,39,39,,,,,,,,,
20/03/2025 10:00,134,69,65,32,16,16,42,27,15,29,12,17,,,,66,42,24,,,,,,,,,
20/03/2025 11:00,180,103,77,60,33,27,44,31,13,60,48,12,,,,74,34,40,,,,,,,,,
20/03/2025 12:00,258,122,136,63,42,21,49,18,31,49,29,20,,,,101,57,44,,,,,,,,,
20/03/2025 13:00,283,132,151,50,23,27,58,31,27,36,22,14,,,,114,58,56,,,,,,,,,
20/03/2025 14:00,238,128,110,43,24,19,36,22,14,32,13,19,,,,123,74,49,,,,,,,,,
20/03/2025 15:00,208,105,103,58,32,26,32,16,16,28,17,11,,,,134,77,57,,,,,,,,,
20/03/2025 16:00,253,123,130,71,29,42,44,23,21,48,24,24,,,,126,54,72,,,,,,,,,
20/03/2025 17:00,235,115,120,60,34,26,72,34,38,45,20,25,,,,144,69,75,,,,,,,,,
20/03/2025 18:00,194,95,99,84,54,30,71,42,29,41,22,19,,,,128,76,52,,,,,,,,,
20/03/2025 19:00,141,56,85,56,26,30,41,16,25,16,10,6,,,,80,35,45,,,,,,,,,
20/03/2025 20:00,115,64,51,40,15,25,27,13,14,11,9,2,,,,30,21,9,,,,,,,,,
20/03/2025 21:00,46,23,23,13,7,6,9,2,7,17,11,6,,,,4,2,2,,,,,,,,,
20/03/2025 22:00,12,9,3,13,4,9,11,3,8,2,0,2,,,,2,0,2,,,,,,,,,
20/03/2025 23:00,6,3,3,4,1,3,6,3,3,2,0,2,,,,1,1,0,,,,,,,,,
21/03/2025 00:00,0,0,0,0,0,0,0,0,0,0,0,0,,,,0,0,0,,,,,,,,,
21/03/2025 01:00,1,0,1,0,0,0,0,0,0,0,0,0,,,,0,0,0,,,,,,,,,
21/03/2025 02:00,0,0,0,0,0,0,0,0,0,0,0,0,,,,0,0,0,,,,,,,,,
21/03/2025 03:00,2,1,1,0,0,0,0,0,0,0,0,0,,,,0,0,0,,,,,,,,,
21/03/2025 04:00,3,2,1,1,1,0,1,1,0,0,0,0,,,,0,0,0,,,,,,,,,
21/03/2025 05:00,6,1,5,4,2,2,5,2,3,1,1,0,,,,0,0,0,,,,,,,,,
21/03/2025 06:00,54,22,32,20,9,11,18,9,9,10,6,4,,,,6,5,1,,,,,,,,,
21/03/2025 07:00,86,44,42,34,14,20,23,13,10,17,8,9,,,,44,22,22,,,,,,,,,
21/03/2025 08:00,116,54,62,56,23,33,27,12,15,54,31,23,,,,113,61,52,,,,,,,,,
21/03/2025 09:00,144,66,78,42,24,18,40,24,16,38,24,14,,,,73,41,32,,,,,,,,,
21/03/2025 10:00,185,85,100,47,28,19,30,22,8,33,18,15,,,,68,31,37,,,,,,,,,
21/03/2025 11:00,170,90,80,39,17,22,39,17,22,28,13,15,,,,68,36,32,,,,,,,,,
21/03/2025 12:00,175,87,88,59,28,31,50,22,28,33,8,25,,,,81,42,39,,,,,,,,,
21/03/2025 13:00,157,80,77,37,18,19,51,30,21,25,13,12,,,,77,31,46,,,,,,,,,
21/03/2025 14:00,129,64,65,22,10,12,36,19,17,28,14,14,,,,117,61,56,,,,,,,,,
21/03/2025 15:00,88,48,40,26,14,12,18,8,10,27,19,8,,,,49,24,25,,,,,,,,,
21/03/2025 16:00,73,31,42,35,17,18,37,18,19,20,10,10,,,,81,41,40,,,,,,,,,
21/03/2025 17:00,112,59,53,87,74,13,31,16,15,30,15,15,,,,60,29,31,,,,,,,,,
21/03/2025 18:00,108,56,52,89,32,57,41,24,17,19,7,12,,,,49,25,24,,,,,,,,,
21/03/2025 19:00,33,19,14,28,16,12,23,8,15,11,7,4,,,,25,11,14,,,,,,,,,
21/03/2025 20:00,29,18,11,6,3,3,8,3,5,3,3,0,,,,19,12,7,,,,,,,,,
21/03/2025 21:00,25,8,17,11,7,4,11,11,0,7,3,4,,,,9,3,6,,,,,,,,,
21/03/2025 22:00,7,3,4,4,3,1,14,8,6,1,1,0,,,,5,2,3,,,,,,,,,
21/03/2025 23:00,0,0,0,0,0,0,7,5,2,2,0,2,,,,1,1,0,,,,,,,,,
22/03/2025 00:00,0,0,0,0,0,0,2,2,0,1,1,0,,,,0,0,0,,,,,,,,,
22/03/2025 01:00,1,1,0,0,0,0,0,0,0,0,0,0,,,,8,2,6,,,,,,,,,
22/03/2025 02:00,4,0,4,0,0,0,0,0,0,1,1,0,,,,0,0,0,,,,,,,,,
22/03/2025 03:00,0,0,0,0,0,0,0,0,0,0,0,0,,,,0,0,0,,,,,,,,,
22/03/2025 04:00,0,0,0,0,0,0,0,0,0,0,0,0,,,,0,0,0,,,,,,,,,
22/03/2025 05:00,2,1,1,1,1,0,1,1,0,1,1,0,,,,1,1,0,,,,,,,,,
22/03/2025 06:00,24,10,14,7,4,3,4,3,1,2,1,1,,,,12,7,5,,,,,,,,,
22/03/2025 07:00,73,33,40,31,18,13,29,20,9,6,2,4,,,,40,23,17,,,,,,,,,
22/03/2025 08:00,131,67,64,64,32,32,35,18,17,16,11,5,,,,94,53,41,,,,,,,,,
22/03/2025 09:00,341,174,167,73,50,23,73,46,27,27,18,9,,,,116,67,49,,,,,,,,,
22/03/2025 10:00,389,203,186,91,52,39,80,41,39,50,25,25,,,,180,116,64,,,,,,,,,
22/03/2025 11:00,306,157,149,127,55,72,83,48,35,54,23,31,,,,195,104,91,,,,,,,,,
22/03/2025 12:00,290,154,136,122,61,61,90,43,47,42,28,14,,,,172,97,75,,,,,,,,,
22/03/2025 13:00,255,134,121,83,36,47,68,35,33,65,43,22,,,,143,74,69,,,,,,,,,
22/03/2025 14:00,303,139,164,60,36,24,53,34,19,30,18,12,,,,123,67,56,,,,,,,,,
22/03/2025 15:00,248,112,136,77,44,33,67,33,34,32,15,17,,,,99,53,46,,,,,,,,,
22/03/2025 16:00,260,116,144,64,37,27,39,19,20,26,19,7,,,,74,38,36,,,,,,,,,
22/03/2025 17:00,119,57,62,34,15,19,39,14,25,20,7,13,,,,41,23,18,,,,,,,,,
22/03/2025 18:00,66,36,30,22,8,14,20,14,6,23,15,8,,,,29,16,13,,,,,,,,,
22/03/2025 19:00,46,19,27,17,8,9,22,12,10,12,7,5,,,,12,9,3,,,,,,,,,
22/03/2025 20:00,26,14,12,3,3,0,7,5,2,7,4,3,,,,1,1,0,,,,,,,,,
22/03/2025 21:00,18,5,13,1,0,1,6,4,2,16,7,9,,,,1,1,0,,,,,,,,,
22/03/2025 22:00,4,4,0,0,0,0,6,4,2,2,2,0,,,,0,0,0,,,,,,,,,
22/03/2025 23:00,1,1,0,0,0,0,7,7,0,0,0,0,,,,0,0,0,,,,,,,,,
23/03/2025 00:00,0,0,0,0,0,0,0,0,0,3,0,3,,,,0,0,0,,,,,,,,,
23/03/2025 01:00,0,0,0,1,0,1,2,2,0,0,0,0,,,,0,0,0,,,,,,,,,
23/03/2025 02:00,1,1,0,0,0,0,4,2,2,4,0,4,,,,0,0,0,,,,,,,,,
23/03/2025 03:00,1,1,0,0,0,0,0,0,0,0,0,0,,,,0,0,0,,,,,,,,,
23/03/2025 04:00,0,0,0,0,0,0,0,0,0,0,0,0,,,,0,0,0,,,,,,,,,
23/03/2025 05:00,1,1,0,0,0,0,0,0,0,0,0,0,,,,1,1,0,,,,,,,,,
23/03/2025 06:00,22,8,14,2,2,0,1,0,1,3,1,2,,,,6,2,4,,,,,,,,,
23/03/2025 07:00,52,25,27,19,8,11,14,9,5,6,2,4,,,,26,15,11,,,,,,,,,
23/03/2025 08:00,112,57,55,34,16,18,37,17,20,13,4,9,,,,66,37,29,,,,,,,,,
23/03/2025 09:00,198,100,98,71,34,37,52,32,20,34,15,19,,,,91,51,40,,,,,,,,,
23/03/2025 10:00,278,154,124,178,112,66,154,44,110,42,23,19,,,,159,100,59,,,,,,,,,
23/03/2025 11:00,381,175,206,147,62,85,94,56,38,60,32,28,,,,179,103,76,,,,,,,,,
23/03/2025 12:00,380,207,173,105,61,44,118,64,54,50,29,21,,,,139,75,64,,,,,,,,,
23/03/2025 13:00,382,208,174,87,51,36,71,42,29,61,27,34,,,,125,64,61,,,,,,,,,
23/03/2025 14:00,410,212,198,68,45,23,72,47,25,41,24,17,,,,76,54,22,,,,,,,,,
23/03/2025 15:00,390,177,213,73,28,45,62,25,37,38,13,25,,,,120,77,43,,,,,,,,,
23/03/2025 16:00,319,164,155,93,56,37,67,41,26,53,23,30,,,,157,83,74,,,,,,,,,
23/03/2025 17:00,248,115,133,61,30,31,51,17,34,32,17,15,,,,84,37,47,,,,,,,,,
23/03/2025 18:00,147,67,80,49,23,26,41,19,22,28,9,19,,,,78,33,45,,,,,,,,,
23/03/2025 19:00,98,55,43,32,16,16,28,16,12,26,14,12,,,,33,19,14,,,,,,,,,
23/03/2025 20:00,60,30,30,23,12,11,29,11,18,7,5,2,,,,17,11,6,,,,,,,,,
23/03/2025 21:00,28,13,15,12,4,8,15,5,10,5,2,3,,,,6,4,2,,,,,,,,,
23/03/2025 22:00,11,7,4,10,4,6,8,5,3,4,2,2,,,,6,3,3,,,,,,,,,
23/03/2025 23:00,1,1,0,0,0,0,1,0,1,1,1,0,,,,2,2,0,,,,,,,,,
24/03/2025 00:00,0,0,0,0,0,0,0,0,0,0,0,0,,,,1,1,0,,,,,,,,,
24/03/2025 01:00,0,0,0,4,1,3,0,0,0,0,0,0,,,,2,2,0,,,,,,,,,
24/03/2025 02:00,1,1,0,0,0,0,0,0,0,0,0,0,,,,0,0,0,,,,,,,,,
24/03/2025 03:00,0,0,0,0,0,0,0,0,0,0,0,0,,,,0,0,0,,,,,,,,,
24/03/2025 04:00,0,0,0,0,0,0,0,0,0,0,0,0,,,,0,0,0,,,,,,,,,
24/03/2025 05:00,9,1,8,2,2,0,2,1,1,4,2,2,,,,0,0,0,,,,,,,,,
24/03/2025 06:00,32,15,17,22,14,8,13,7,6,8,7,1,,,,26,19,7,,,,,,,,,
24/03/2025 07:00,77,38,39,36,16,20,18,11,7,22,10,12,,,,73,41,32,,,,,,,,,
24/03/2025 08:00,110,45,65,49,27,22,31,19,12,54,36,18,,,,112,58,54,,,,,,,,,
24/03/2025 09:00,149,77,72,45,15,30,33,24,9,147,131,16,,,,97,49,48,,,,,,,,,
24/03/2025 10:00,218,105,113,44,25,19,46,26,20,68,56,12,,,,107,65,42,,,,,,,,,
24/03/2025 11:00,195,101,94,58,26,32,53,31,22,50,33,17,,,,94,49,45,,,,,,,,,
24/03/2025 12:00,293,146,147,66,36,30,49,23,26,63,34,29,,,,93,52,41,,,,,,,,,
24/03/2025 13:00,378,197,181,93,48,45,64,42,22,48,26,22,,,,158,94,64,,,,,,,,,
24/03/2025 14:00,252,127,125,55,29,26,56,33,23,129,97,32,,,,111,60,51,,,,,,,,,
24/03/2025 15:00,277,132,145,64,33,31,44,23,21,107,86,21,,,,104,52,52,,,,,,,,,
24/03/2025 16:00,282,147,135,77,41,36,49,25,24,54,27,27,,,,134,75,59,,,,,,,,,
24/03/2025 17:00,220,108,112,96,60,36,62,29,33,50,25,25,,,,184,96,88,,,,,,,,,
24/03/2025 18:00,251,140,111,124,67,57,70,41,29,37,19,18,,,,186,109,77,,,,,,,,,
24/03/2025 19:00,200,93,107,96,52,44,60,22,38,19,8,11,,,,134,63,71,,,,,,,,,
24/03/2025 20:00,131,67,64,40,16,24,30,16,14,13,9,4,,,,35,23,12,,,,,,,,,
24/03/2025 21:00,60,38,22,23,11,12,21,11,10,4,3,1,,,,8,7,1,,,,,,,,,
24/03/2025 22:00,21,14,7,7,4,3,13,4,9,4,2,2,,,,7,5,2,,,,,,,,,
24/03/2025 23:00,4,2,2,0,0,0,1,0,1,1,1,0,,,,2,2,0,,,,,,,,,
25/03/2025 00:00,0,0,0,0,0,0,0,0,0,0,0,0,,,,1,0,1,,,,,,,,,
25/03/2025 01:00,0,0,0,0,0,0,2,2,0,0,0,0,,,,2,1,1,,,,,,,,,
25/03/2025 02:00,0,0,0,0,0,0,1,0,1,0,0,0,,,,0,0,0,,,,,,,,,
25/03/2025 03:00,0,0,0,2,2,0,0,0,0,0,0,0,,,,0,0,0,,,,,,,,,
25/03/2025 04:00,0,0,0,0,0,0,0,0,0,0,0,0,,,,0,0,0,,,,,,,,,
25/03/2025 05:00,14,5,9,3,1,2,2,1,1,1,1,0,,,,0,0,0,,,,,,,,,
25/03/2025 06:00,50,21,29,18,8,10,13,8,5,10,6,4,,,,0,0,0,,,,,,,,,
25/03/2025 07:00,80,37,43,47,19,28,23,14,9,22,10,12,,,,24,14,10,,,,,,,,,
25/03/2025 08:00,107,48,59,45,18,27,24,13,11,56,27,29,,,,124,69,55,,,,,,,,,
25/03/2025 09:00,118,59,59,36,21,15,41,13,28,40,20,20,,,,77,42,35,,,,,,,,,
25/03/2025 10:00,114,61,53,37,20,17,39,25,14,28,10,18,,,,54,30,24,,,,,,,,,
25/03/2025 11:00,121,62,59,40,19,21,23,15,8,20,8,12,,,,65,34,31,,,,,,,,,
25/03/2025 12:00,119,54,65,38,18,20,27,15,12,47,22,25,,,,74,47,27,,,,,,,,,
25/03/2025 13:00,185,91,94,45,16,29,64,32,32,28,13,15,,,,108,59,49,,,,,,,,,
25/03/2025 14:00,183,98,85,35,14,21,33,15,18,33,14,19,,,,65,32,33,,,,,,,,,
25/03/2025 15:00,156,67,89,48,25,23,35,19,16,32,17,15,,,,77,39,38,,,,,,,,,
25/03/2025 16:00,171,77,94,70,35,35,48,24,24,38,21,17,,,,139,81,58,,,,,,,,,
25/03/2025 17:00,183,86,97,59,35,24,63,40,23,47,27,20,,,,137,67,70,,,,,,,,,
25/03/2025 18:00,206,101,105,73,41,32,72,36,36,42,24,18,,,,168,98,70,,,,,,,,,
25/03/2025 19:00,157,74,83,73,42,31,59,26,33,24,11,13,,,,88,37,51,,,,,,,,,
25/03/2025 20:00,116,67,49,49,18,31,32,17,15,19,10,9,,,,38,20,18,,,,,,,,,
25/03/2025 21:00,55,27,28,19,11,8,10,4,6,7,3,4,,,,20,11,9,,,,,,,,,
25/03/2025 22:00,19,9,10,11,5,6,11,6,5,5,1,4,,,,2,0,2,,,,,,,,,
25/03/2025 23:00,9,8,1,1,1,0,3,1,2,1,0,1,,,,3,2,1,,,,,,,,,
26/03/2025 00:00,0,0,0,1,1,0,4,3,1,0,0,0,,,,0,0,0,,,,,,,,,
26/03/2025 01:00,2,2,0,0,0,0,0,0,0,0,0,0,,,,0,0,0,,,,,,,,,
26/03/2025 02:00,1,1,0,0,0,0,0,0,0,0,0,0,,,,0,0,0,,,,,,,,,
26/03/2025 03:00,0,0,0,1,0,1,2,0,2,0,0,0,,,,0,0,0,,,,,,,,,
26/03/2025 04:00,0,0,0,0,0,0,0,0,0,0,0,0,,,,0,0,0,,,,,,,,,
26/03/2025 05:00,12,1,11,0,0,0,3,1,2,3,2,1,,,,6,6,0,,,,,,,,,
26/03/2025 06:00,60,29,31,19,11,8,20,14,6,10,6,4,,,,42,24,18,,,,,,,,,
26/03/2025 07:00,102,53,49,45,18,27,19,13,6,21,9,12,,,,88,48,40,,,,,,,,,
26/03/2025 08:00,149,64,85,44,25,19,33,18,15,56,32,24,,,,123,75,48,,,,,,,,,
26/03/2025 09:00,121,54,67,56,25,31,35,16,19,64,52,12,,,,94,46,48,,,,,,,,,
26/03/2025 10:00,204,117,87,49,17,32,48,25,23,255,249,6,,,,88,56,32,,,,,,,,,
26/03/2025 11:00,205,112,93,77,47,30,36,16,20,157,136,21,,,,110,38,72,,,,,,,,,
26/03/2025 12:00,280,125,155,79,40,39,44,25,19,30,19,11,,,,94,49,45,,,,,,,,,
26/03/2025 13:00,277,147,130,70,29,41,49,22,27,32,18,14,,,,152,79,73,,,,,,,,,
26/03/2025 14:00,229,110,119,43,22,21,45,30,15,30,12,18,,,,156,84,72,,,,,,,,,
26/03/2025 15:00,218,108,110,47,24,23,32,13,19,31,17,14,,,,102,57,45,,,,,,,,,
26/03/2025 16:00,228,91,137,56,33,23,50,30,20,35,16,19,,,,101,55,46,,,,,,,,,
26/03/2025 17:00,230,110,120,80,48,32,68,41,27,63,45,18,,,,135,65,70,,,,,,,,,
26/03/2025 18:00,184,88,96,74,43,31,58,26,32,34,17,17,,,,152,92,60,,,,,,,,,
26/03/2025 19:00,182,83,99,63,36,27,50,31,19,22,13,9,,,,81,43,38,,,,,,,,,
26/03/2025 20:00,115,66,49,51,24,27,40,17,23,11,9,2,,,,39,20,19,,,,,,,,,
26/03/2025 21:00,87,54,33,8,4,4,25,16,9,11,6,5,,,,16,7,9,,,,,,,,,
26/03/2025 22:00,15,9,6,13,3,10,9,2,7,2,2,0,,,,0,0,0,,,,,,,,,
26/03/2025 23:00,18,10,8,2,2,0,5,1,4,2,1,1,,,,2,2,0,,,,,,,,,
27/03/2025 00:00,0,0,0,0,0,0,0,0,0,1,0,1,,,,2,2,0,,,,,,,,,
27/03/2025 01:00,1,0,1,0,0,0,2,0,2,0,0,0,,,,0,0,0,,,,,,,,,
27/03/2025 02:00,4,4,0,0,0,0,0,0,0,0,0,0,,,,0,0,0,,,,,,,,,
27/03/2025 03:00,0,0,0,0,0,0,0,0,0,0,0,0,,,,0,0,0,,,,,,,,,
27/03/2025 04:00,0,0,0,0,0,0,0,0,0,0,0,0,,,,2,2,0,,,,,,,,,
27/03/2025 05:00,11,4,7,3,2,1,0,0,0,1,1,0,,,,5,4,1,,,,,,,,,
27/03/2025 06:00,69,31,38,14,7,7,18,13,5,9,6,3,,,,30,16,14,,,,,,,,,
27/03/2025 07:00,89,42,47,54,18,36,27,13,14,32,14,18,,,,74,38,36,,,,,,,,,
27/03/2025 08:00,117,57,60,41,18,23,30,13,17,51,20,31,,,,109,69,40,,,,,,,,,
27/03/2025 09:00,150,66,84,41,21,20,24,13,11,53,35,18,,,,84,39,45,,,,,,,,,
27/03/2025 10:00,173,98,75,37,14,23,28,14,14,51,41,10,,,,55,30,25,,,,,,,,,
27/03/2025 11:00,197,84,113,60,28,32,28,17,11,40,26,14,,,,80,43,37,,,,,,,,,
27/03/2025 12:00,225,106,119,41,16,25,40,20,20,51,21,30,,,,94,55,39,,,,,,,,,
27/03/2025 13:00,159,75,84,35,21,14,38,20,18,38,23,15,,,,103,62,41,,,,,,,,,
27/03/2025 14:00,160,70,90,29,16,13,34,19,15,33,22,11,,,,99,49,50,,,,,,,,,
27/03/2025 15:00,141,62,79,36,29,7,19,10,9,38,18,20,,,,84,37,47,,,,,,,,,
27/03/2025 16:00,114,53,61,39,22,17,26,17,9,39,11,28,,,,67,26,41,,,,,,,,,
27/03/2025 17:00,112,60,52,34,18,16,35,21,14,26,12,14,,,,102,56,46,,,,,,,,,
27/03/2025 18:00,120,67,53,49,29,20,35,20,15,28,18,10,,,,76,45,31,,,,,,,,,
27/03/2025 19:00,104,54,50,24,8,16,21,14,7,16,9,7,,,,56,32,24,,,,,,,,,
27/03/2025 20:00,74,44,30,18,6,12,26,21,5,10,4,6,,,,29,12,17,,,,,,,,,
27/03/2025 21:00,40,19,21,9,4,5,13,6,7,9,4,5,,,,20,9,11,,,,,,,,,
27/03/2025 22:00,18,8,10,9,3,6,5,2,3,3,3,0,,,,5,1,4,,,,,,,,,
27/03/2025 23:00,5,3,2,2,2,0,3,2,1,2,2,0,,,,3,2,1,,,,,,,,,
28/03/2025 00:00,0,0,0,0,0,0,1,0,1,1,1,0,,,,0,0,0,,,,,,,,,
28/03/2025 01:00,2,2,0,0,0,0,0,0,0,0,0,0,,,,0,0,0,,,,,,,,,
28/03/2025 02:00,1,1,0,1,0,1,1,0,1,0,0,0,,,,0,0,0,,,,,,,,,
28/03/2025 03:00,0,0,0,4,4,0,1,1,0,0,0,0,,,,0,0,0,,,,,,,,,
28/03/2025 04:00,1,1,0,0,0,0,0,0,0,1,0,1,,,,0,0,0,,,,,,,,,
28/03/2025 05:00,11,2,9,4,4,0,1,1,0,3,2,1,,,,1,1,0,,,,,,,,,
28/03/2025 06:00,65,29,36,19,10,9,17,11,6,6,4,2,,,,45,30,15,,,,,,,,,
28/03/2025 07:00,95,46,49,27,15,12,26,16,10,34,18,16,,,,72,40,32,,,,,,,,,
28/03/2025 08:00,119,51,68,50,24,26,38,17,21,89,59,30,,,,113,68,45,,,,,,,,,
28/03/2025 09:00,157,81,76,63,36,27,38,30,8,293,278,15,,,,93,38,55,,,,,,,,,
28/03/2025 10:00,149,76,73,60,26,34,39,25,14,172,158,14,,,,84,55,29,,,,,,,,,
28/03/2025 11:00,176,88,88,37,19,18,34,20,14,58,48,10,,,,57,25,32,,,,,,,,,
28/03/2025 12:00,159,78,81,58,32,26,24,13,11,35,18,17,,,,87,47,40,,,,,,,,,
28/03/2025 13:00,138,79,59,50,29,21,38,15,23,49,31,18,,,,158,88,70,,,,,,,,,
28/03/2025 14:00,92,43,49,33,12,21,30,22,8,51,42,9,,,,55,35,20,,,,,,,,,
28/03/2025 15:00,182,82,100,37,23,14,25,20,5,48,20,28,,,,86,40,46,,,,,,,,,
28/03/2025 16:00,115,57,58,33,21,12,31,22,9,36,19,17,,,,68,26,42,,,,,,,,,
28/03/2025 17:00,120,61,59,46,33,13,39,25,14,27,13,14,,,,74,41,33,,,,,,,,,
28/03/2025 18:00,150,82,68,66,35,31,39,20,19,25,13,12,,,,80,39,41,,,,,,,,,
28/03/2025 19:00,130,60,70,37,15,22,28,13,15,19,8,11,,,,40,20,20,,,,,,,,,
28/03/2025 20:00,83,46,37,23,11,12,20,14,6,12,7,5,,,,27,13,14,,,,,,,,,
28/03/2025 21:00,33,16,17,10,6,4,11,5,6,7,5,2,,,,6,2,4,,,,,,,,,
28/03/2025 22:00,21,9,12,5,2,3,16,10,6,1,0,1,,,,4,3,1,,,,,,,,,
28/03/2025 23:00,12,10,2,7,2,5,2,0,2,4,0,4,,,,5,3,2,,,,,,,,,
29/03/2025 00:00,1,1,0,0,0,0,2,2,0,2,0,2,,,,1,1,0,,,,,,,,,
29/03/2025 01:00,4,3,1,2,0,2,5,2,3,0,0,0,,,,1,0,1,,,,,,,,,
29/03/2025 02:00,2,0,2,3,1,2,23,20,3,0,0,0,,,,0,0,0,,,,,,,,,
29/03/2025 03:00,1,1,0,0,0,0,0,0,0,1,0,1,,,,0,0,0,,,,,,,,,
29/03/2025 04:00,3,1,2,0,0,0,2,2,0,2,0,2,,,,0,0,0,,,,,,,,,
29/03/2025 05:00,4,2,2,1,1,0,2,0,2,0,0,0,,,,3,3,0,,,,,,,,,
29/03/2025 06:00,31,11,20,175,120,55,2,1,1,1,0,1,,,,11,7,4,,,,,,,,,
29/03/2025 07:00,89,45,44,39,19,20,31,21,10,5,3,2,,,,33,22,11,,,,,,,,,
29/03/2025 08:00,188,85,103,65,38,27,40,21,19,22,7,15,,,,71,38,33,,,,,,,,,
29/03/2025 09:00,305,163,142,67,36,31,61,34,27,50,23,27,,,,104,64,40,,,,,,,,,
29/03/2025 10:00,257,119,138,111,63,48,64,36,28,44,19,25,,,,151,85,66,,,,,,,,,
29/03/2025 11:00,227,110,117,78,36,42,79,44,35,42,17,25,,,,141,81,60,,,,,,,,,
29/03/2025 12:00,215,115,100,71,40,31,52,26,26,42,26,16,,,,111,66,45,,,,,,,,,
29/03/2025 13:00,213,107,106,56,38,18,47,21,26,29,16,13,,,,62,31,31,,,,,,,,,
29/03/2025 14:00,214,117,97,51,35,16,38,15,23,27,17,10,,,,68,33,35,,,,,,,,,
29/03/2025 15:00,189,69,120,58,29,29,54,32,22,42,22,20,,,,83,42,41,,,,,,,,,
29/03/2025 16:00,275,114,161,60,26,34,57,25,32,32,25,7,,,,104,64,40,,,,,,,,,
29/03/2025 17:00,214,95,119,48,13,35,47,24,23,31,16,15,,,,78,33,45,,,,,,,,,
29/03/2025 18:00,113,62,51,33,20,13,49,19,30,27,11,16,,,,34,17,17,,,,,,,,,
29/03/2025 19:00,105,53,52,37,21,16,27,13,14,10,4,6,,,,24,13,11,,,,,,,,,
29/03/2025 20:00,62,38,24,12,4,8,15,6,9,3,3,0,,,,13,6,7,,,,,,,,,
29/03/2025 21:00,66,35,31,8,5,3,14,6,8,12,7,5,,,,1,0,1,,,,,,,,,
29/03/2025 22:00,14,4,10,9,5,4,8,7,1,11,2,9,,,,4,2,2,,,,,,,,,
29/03/2025 23:00,5,4,1,2,1,1,1,1,0,8,3,5,,,,5,4,1,,,,,,,,,
30/03/2025 00:00,0,0,0,0,0,0,2,0,2,6,6,0,,,,1,1,0,,,,,,,,,
30/03/2025 02:00,,,,,,,,,,,,,,,,,,,,,,,,,,,
30/03/2025 02:00,3,1,2,0,0,0,0,0,0,4,1,3,,,,0,0,0,,,,,,,,,
30/03/2025 03:00,0,0,0,0,0,0,1,0,1,2,1,1,,,,3,3,0,,,,,,,,,
30/03/2025 04:00,0,0,0,0,0,0,0,0,0,1,1,0,,,,1,0,1,,,,,,,,,
30/03/2025 05:00,4,2,2,0,0,0,0,0,0,0,0,0,,,,0,0,0,,,,,,,,,
30/03/2025 06:00,16,7,9,3,3,0,1,1,0,1,1,0,,,,1,1,0,,,,,,,,,
30/03/2025 07:00,26,15,11,10,7,3,7,4,3,4,1,3,,,,12,10,2,,,,,,,,,
30/03/2025 08:00,103,50,53,31,16,15,20,13,7,13,3,10,,,,52,35,17,,,,,,,,,
30/03/2025 09:00,167,74,93,53,31,22,46,28,18,65,60,5,,,,80,48,32,,,,,,,,,
30/03/2025 10:00,291,166,125,133,72,61,96,54,42,290,279,11,,,,144,97,47,,,,,,,,,
30/03/2025 11:00,361,197,164,137,81,56,141,88,53,244,222,22,,,,173,108,65,,,,,,,,,
30/03/2025 12:00,531,276,255,147,74,73,105,67,38,96,74,22,,,,185,110,75,,,,,,,,,
30/03/2025 13:00,623,354,269,119,59,60,126,65,61,56,32,24,,,,200,125,75,,,,,,,,,
30/03/2025 14:00,888,465,423,167,102,65,137,79,58,55,26,29,,,,188,110,78,,,,,,,,,
30/03/2025 15:00,954,450,504,160,92,68,146,96,50,120,81,39,,,,198,117,81,,,,,,,,,
30/03/2025 16:00,956,447,509,121,64,57,149,76,73,58,37,21,,,,187,87,100,,,,,,,,,
30/03/2025 17:00,784,372,412,149,57,92,141,65,76,129,105,24,,,,197,115,82,,,,,,,,,
30/03/2025 18:00,524,247,277,119,56,63,89,35,54,51,36,15,,,,159,65,94,,,,,,,,,
30/03/2025 19:00,292,133,159,61,29,32,45,22,23,26,18,8,,,,99,49,50,,,,,,,,,
30/03/2025 20:00,127,61,66,49,24,25,25,8,17,10,5,5,,,,38,17,21,,,,,,,,,
30/03/2025 21:00,65,35,30,12,6,6,18,8,10,16,13,3,,,,24,10,14,,,,,,,,,
30/03/2025 22:00,20,8,12,3,1,2,10,7,3,3,3,0,,,,4,1,3,,,,,,,,,
30/03/2025 23:00,6,3,3,3,2,1,7,1,6,3,2,1,,,,0,0,0,,,,,,,,,
31/03/2025 00:00,2,1,1,1,0,1,0,0,0,3,1,2,,,,0,0,0,,,,,,,,,
31/03/2025 01:00,0,0,0,0,0,0,0,0,0,3,0,3,,,,0,0,0,,,,,,,,,
31/03/2025 02:00,2,1,1,1,0,1,6,5,1,0,0,0,,,,0,0,0,,,,,,,,,
31/03/2025 03:00,0,0,0,0,0,0,0,0,0,0,0,0,,,,0,0,0,,,,,,,,,
31/03/2025 04:00,0,0,0,2,2,0,0,0,0,2,2,0,,,,1,1,0,,,,,,,,,
31/03/2025 05:00,8,2,6,1,1,0,0,0,0,2,2,0,,,,2,2,0,,,,,,,,,
31/03/2025 06:00,34,19,15,19,11,8,13,8,5,6,4,2,,,,19,12,7,,,,,,,,,
31/03/2025 07:00,64,30,34,23,13,10,10,5,5,15,6,9,,,,37,19,18,,,,,,,,,
31/03/2025 08:00,91,43,48,46,18,28,27,14,13,40,17,23,,,,76,39,37,,,,,,,,,
31/03/2025 09:00,147,70,77,45,22,23,17,9,8,33,22,11,,,,70,47,23,,,,,,,,,
31/03/2025 10:00,137,72,65,48,25,23,33,16,17,15,4,11,,,,70,26,44,,,,,,,,,
31/03/2025 11:00,152,77,75,46,27,19,38,19,19,48,36,12,,,,57,33,24,,,,,,,,,
31/03/2025 12:00,165,72,93,56,36,20,64,45,19,33,22,11,,,,86,42,44,,,,,,,,,
31/03/2025 13:00,269,117,152,73,44,29,57,28,29,47,29,18,,,,119,64,55,,,,,,,,,
31/03/2025 14:00,144,81,63,47,22,25,37,23,14,49,27,22,,,,76,44,32,,,,,,,,,
31/03/2025 15:00,172,95,77,49,28,21,29,15,14,25,20,5,,,,81,45,36,,,,,,,,,
31/03/2025 16:00,154,65,89,49,21,28,39,22,17,61,46,15,,,,120,58,62,,,,,,,,,
31/03/2025 17:00,171,90,81,62,37,25,53,27,26,40,26,14,,,,122,63,59,,,,,,,,,
31/03/2025 18:00,289,139,150,110,73,37,55,18,37,42,19,23,,,,155,88,67,,,,,,,,,
31/03/2025 19:00,236,115,121,72,33,39,65,39,26,22,15,7,,,,154,81,73,,,,,,,,,
31/03/2025 20:00,202,97,105,76,28,48,52,14,38,33,23,10,,,,73,29,44,,,,,,,,,
31/03/2025 21:00,80,42,38,24,11,13,20,10,10,7,4,3,,,,20,10,10,,,,,,,,,
31/03/2025 22:00,29,18,11,10,4,6,9,2,7,3,1,2,,,,6,3,3,,,,,,,,,
31/03/2025 23:00,12,6,6,3,0,3,3,1,2,4,2,2,,,,2,0,2,,,,,,,,,
01/04/2025 00:00,0,0,0,2,0,2,2,0,2,0,0,0,,,,0,0,0,,,,,,,,,
01/04/2025 01:00,1,1,0,1,0,1,3,2,1,0,0,0,,,,0,0,0,,,,,,,,,
01/04/2025 02:00,0,0,0,0,0,0,0,0,0,2,0,2,,,,0,0,0,,,,,,,,,
01/04/2025 03:00,1,1,0,0,0,0,0,0,0,0,0,0,,,,0,0,0,,,,,,,,,
01/04/2025 04:00,1,1,0,0,0,0,0,0,0,0,0,0,,,,0,0,0,,,,,,,,,
01/04/2025 05:00,19,6,13,3,1,2,2,1,1,0,0,0,,,,5,4,1,,,,,,,,,
01/04/2025 06:00,42,19,23,14,7,7,17,9,8,3,3,0,,,,22,15,7,,,,,,,,,
01/04/2025 07:00,88,45,43,46,17,29,18,8,10,20,9,11,,,,64,38,26,,,,,,,,,
01/04/2025 08:00,110,50,60,42,17,25,19,4,15,54,22,32,,,,105,54,51,,,,,,,,,
01/04/2025 09:00,124,47,77,43,32,11,43,27,16,58,43,15,,,,83,51,32,,,,,,,,,
01/04/2025 10:00,149,75,74,48,26,22,46,21,25,578,562,16,,,,162,50,112,,,,,,,,,
01/04/2025 11:00,163,102,61,61,34,27,33,21,12,456,447,9,,,,83,48,35,,,,,,,,,
01/04/2025 12:00,221,106,115,53,25,28,38,21,17,243,221,22,,,,121,55,66,,,,,,,,,
01/04/2025 13:00,225,120,105,64,36,28,45,26,19,118,98,20,,,,108,55,53,,,,,,,,,
01/04/2025 14:00,169,85,84,39,20,19,32,15,17,67,46,21,,,,108,61,47,,,,,,,,,
01/04/2025 15:00,177,75,102,52,24,28,26,16,10,52,39,13,,,,92,42,50,,,,,,,,,
01/04/2025 16:00,196,105,91,63,40,23,36,24,12,54,28,26,,,,102,60,42,,,,,,,,,
01/04/2025 17:00,237,121,116,84,49,35,72,37,35,48,30,18,,,,134,56,78,,,,,,,,,
01/04/2025 18:00,253,120,133,93,52,41,66,40,26,36,21,15,,,,162,71,91,,,,,,,,,
01/04/2025 19:00,274,135,139,83,46,37,74,32,42,35,14,21,,,,146,82,64,,,,,,,,,
01/04/2025 20:00,218,117,101,74,33,41,47,22,25,17,8,9,,,,63,26,37,,,,,,,,,
01/04/2025 21:00,91,51,40,31,17,14,29,20,9,16,8,8,,,,19,10,9,,,,,,,,,
01/04/2025 22:00,17,8,9,8,3,5,9,6,3,9,1,8,,,,4,1,3,,,,,,,,,
01/04/2025 23:00,8,3,5,3,2,1,2,1,1,1,0,1,,,,6,0,6,,,,,,,,,
02/04/2025 00:00,0,0,0,0,0,0,0,0,0,0,0,0,,,,2,2,0,,,,,,,,,
02/04/2025 01:00,0,0,0,0,0,0,0,0,0,1,1,0,,,,0,0,0,,,,,,,,,
02/04/2025 02:00,2,1,1,1,0,1,1,0,1,0,0,0,,,,0,0,0,,,,,,,,,
02/04/2025 03:00,0,0,0,0,0,0,0,0,0,0,0,0,,,,0,0,0,,,,,,,,,
02/04/2025 04:00,2,1,1,0,0,0,0,0,0,1,1,0,,,,0,0,0,,,,,,,,,
02/04/2025 05:00,10,2,8,1,1,0,1,1,0,0,0,0,,,,3,3,0,,,,,,,,,
02/04/2025 06:00,55,27,28,19,12,7,18,11,7,8,8,0,,,,16,8,8,,,,,,,,,
02/04/2025 07:00,101,45,56,31,15,16,28,18,10,23,11,12,,,,58,34,24,,,,,,,,,
02/04/2025 08:00,139,70,69,46,17,29,30,19,11,54,30,24,,,,105,52,53,,,,,,,,,
02/04/2025 09:00,149,83,66,47,24,23,40,25,15,226,210,16,,,,92,56,36,,,,,,,,,
02/04/2025 10:00,163,102,61,42,24,18,48,30,18,852,834,18,,,,76,43,33,,,,,,,,,
02/04/2025 11:00,198,106,92,65,38,27,39,15,24,605,590,15,,,,70,33,37,,,,,,,,,
02/04/2025 12:00,277,162,115,62,35,27,48,25,23,172,152,20,,,,100,58,42,,,,,,,,,
02/04/2025 13:00,323,141,182,78,50,28,65,34,31,60,44,16,,,,137,73,64,,,,,,,,,
02/04/2025 14:00,249,134,115,78,37,41,47,27,20,52,28,24,,,,140,72,68,,,,,,,,,
02/04/2025 15:00,227,119,108,56,30,26,37,21,16,34,14,20,,,,78,45,33,,,,,,,,,
02/04/2025 16:00,235,117,118,66,33,33,37,22,15,29,12,17,,,,104,50,54,,,,,,,,,
02/04/2025 17:00,271,135,136,64,33,31,48,29,19,29,11,18,,,,151,78,73,,,,,,,,,
02/04/2025 18:00,286,141,145,103,59,44,90,50,40,37,21,16,,,,191,87,104,,,,,,,,,
02/04/2025 19:00,272,138,134,80,31,49,52,27,25,27,13,14,,,,142,81,61,,,,,,,,,
02/04/2025 20:00,196,96,100,61,30,31,49,21,28,12,6,6,,,,73,33,40,,,,,,,,,
02/04/2025 21:00,76,44,32,33,12,21,21,7,14,2,2,0,,,,32,14,18,,,,,,,,,
02/04/2025 22:00,21,8,13,5,2,3,10,2,8,3,2,1,,,,8,2,6,,,,,,,,,
02/04/2025 23:00,2,1,1,0,0,0,1,0,1,2,2,0,,,,10,4,6,,,,,,,,,
03/04/2025 00:00,0,0,0,0,0,0,1,0,1,1,0,1,,,,3,1,2,,,,,,,,,
03/04/2025 01:00,0,0,0,0,0,0,0,0,0,0,0,0,,,,0,0,0,,,,,,,,,
03/04/2025 02:00,0,0,0,0,0,0,2,2,0,0,0,0,,,,0,0,0,,,,,,,,,
03/04/2025 03:00,0,0,0,0,0,0,0,0,0,1,1,0,,,,0,0,0,,,,,,,,,
03/04/2025 04:00,1,0,1,0,0,0,0,0,0,0,0,0,,,,0,0,0,,,,,,,,,
03/04/2025 05:00,8,2,6,0,0,0,0,0,0,0,0,0,,,,1,1,0,,,,,,,,,
03/04/2025 06:00,47,24,23,22,13,9,18,12,6,7,6,1,,,,33,23,10,,,,,,,,,
03/04/2025 07:00,71,34,37,41,20,21,24,11,13,20,5,15,,,,70,40,30,,,,,,,,,
03/04/2025 08:00,93,40,53,47,19,28,34,13,21,48,24,24,,,,112,55,57,,,,,,,,,
03/04/2025 09:00,109,50,59,43,20,23,30,20,10,31,18,13,,,,68,45,23,,,,,,,,,
03/04/2025 10:00,131,63,68,33,19,14,26,13,13,49,37,12,,,,69,41,28,,,,,,,,,
03/04/2025 11:00,138,68,70,24,15,9,27,21,6,75,67,8,,,,94,61,33,,,,,,,,,
03/04/2025 12:00,182,88,94,54,24,30,36,14,22,64,43,21,,,,111,45,66,,,,,,,,,
03/04/2025 13:00,168,84,84,45,26,19,46,23,23,59,34,25,,,,82,39,43,,,,,,,,,
03/04/2025 14:00,144,68,76,29,13,16,32,20,12,50,32,18,,,,93,60,33,,,,,,,,,
03/04/2025 15:00,162,77,85,50,32,18,44,29,15,31,19,12,,,,123,44,79,,,,,,,,,
03/04/2025 16:00,193,99,94,49,21,28,49,30,19,54,22,32,,,,138,65,73,,,,,,,,,
03/04/2025 17:00,171,81,90,77,44,33,48,28,20,35,19,16,,,,130,66,64,,,,,,,,,
03/04/2025 18:00,177,90,87,80,56,24,56,21,35,48,22,26,,,,138,73,65,,,,,,,,,
03/04/2025 19:00,187,89,98,70,40,30,49,21,28,22,15,7,,,,100,47,53,,,,,,,,,
03/04/2025 20:00,145,75,70,37,19,18,28,18,10,13,4,9,,,,41,17,24,,,,,,,,,
03/04/2025 21:00,83,49,34,14,7,7,21,7,14,5,4,1,,,,11,5,6,,,,,,,,,
03/04/2025 22:00,21,13,8,11,8,3,9,5,4,6,5,1,,,,2,2,0,,,,,,,,,
03/04/2025 23:00,6,3,3,6,2,4,3,1,2,1,1,0,,,,1,1,0,,,,,,,,,
04/04/2025 00:00,0,0,0,0,0,0,0,0,0,1,1,0,,,,1,1,0,,,,,,,,,
04/04/2025 01:00,2,1,1,0,0,0,1,0,1,0,0,0,,,,1,0,1,,,,,,,,,
04/04/2025 02:00,0,0,0,2,2,0,4,3,1,0,0,0,,,,0,0,0,,,,,,,,,
04/04/2025 03:00,0,0,0,0,0,0,0,0,0,0,0,0,,,,0,0,0,,,,,,,,,
04/04/2025 04:00,0,0,0,2,0,2,1,0,1,0,0,0,,,,0,0,0,,,,,,,,,
04/04/2025 05:00,4,1,3,8,4,4,2,2,0,0,0,0,,,,2,1,1,,,,,,,,,
04/04/2025 06:00,43,19,24,26,12,14,16,11,5,10,6,4,,,,18,12,6,,,,,,,,,
04/04/2025 07:00,84,41,43,34,19,15,22,12,10,12,2,10,,,,68,39,29,,,,,,,,,
04/04/2025 08:00,109,49,60,46,20,26,28,16,12,34,17,17,,,,114,70,44,,,,,,,,,
04/04/2025 09:00,86,42,44,40,21,19,24,12,12,32,14,18,,,,55,23,32,,,,,,,,,
04/04/2025 10:00,78,42,36,28,17,11,21,14,7,23,14,9,,,,38,22,16,,,,,,,,,
04/04/2025 11:00,106,56,50,28,12,16,17,11,6,21,7,14,,,,46,24,22,,,,,,,,,
04/04/2025 12:00,143,75,68,40,23,17,35,16,19,33,16,17,,,,95,61,34,,,,,,,,,
04/04/2025 13:00,142,65,77,42,23,19,29,19,10,37,19,18,,,,102,59,43,,,,,,,,,
04/04/2025 14:00,124,59,65,27,13,14,31,17,14,22,6,16,,,,111,54,57,,,,,,,,,
04/04/2025 15:00,144,67,77,46,22,24,26,13,13,32,13,19,,,,122,53,69,,,,,,,,,
04/04/2025 16:00,154,74,80,53,32,21,41,23,18,26,10,16,,,,105,60,45,,,,,,,,,
04/04/2025 17:00,152,80,72,46,34,12,57,28,29,45,15,30,,,,94,49,45,,,,,,,,,
04/04/2025 18:00,153,84,69,50,34,16,47,25,22,33,18,15,,,,115,54,61,,,,,,,,,
04/04/2025 19:00,170,91,79,50,28,22,59,22,37,19,5,14,,,,84,41,43,,,,,,,,,
04/04/2025 20:00,162,82,80,37,14,23,46,22,24,16,10,6,,,,54,25,29,,,,,,,,,
04/04/2025 21:00,80,45,35,13,5,8,19,9,10,5,1,4,,,,21,9,12,,,,,,,,,
04/04/2025 22:00,20,6,14,10,3,7,41,24,17,8,3,5,,,,4,2,2,,,,,,,,,
04/04/2025 23:00,12,7,5,4,0,4,1,0,1,9,5,4,,,,2,2,0,,,,,,,,,
05/04/2025 00:00,0,0,0,0,0,0,4,2,2,0,0,0,,,,3,3,0,,,,,,,,,
05/04/2025 01:00,2,1,1,3,3,0,0,0,0,1,0,1,,,,0,0,0,,,,,,,,,
05/04/2025 02:00,3,2,1,2,0,2,2,1,1,1,0,1,,,,0,0,0,,,,,,,,,
05/04/2025 03:00,1,1,0,3,3,0,0,0,0,1,0,1,,,,0,0,0,,,,,,,,,
05/04/2025 04:00,0,0,0,0,0,0,0,0,0,1,1,0,,,,0,0,0,,,,,,,,,
05/04/2025 05:00,5,2,3,1,0,1,1,1,0,3,2,1,,,,1,1,0,,,,,,,,,
05/04/2025 06:00,23,11,12,8,4,4,7,6,1,6,2,4,,,,11,10,1,,,,,,,,,
05/04/2025 07:00,100,46,54,29,16,13,26,12,14,4,2,2,,,,41,23,18,,,,,,,,,
05/04/2025 08:00,148,83,65,55,34,21,42,22,20,24,11,13,,,,72,40,32,,,,,,,,,
05/04/2025 09:00,236,122,114,90,48,42,72,43,29,55,43,12,,,,153,99,54,,,,,,,,,
05/04/2025 10:00,293,164,129,168,104,64,69,36,33,200,178,22,,,,132,82,50,,,,,,,,,
05/04/2025 11:00,308,162,146,94,56,38,79,45,34,214,188,26,,,,169,94,75,,,,,,,,,
05/04/2025 12:00,326,165,161,150,88,62,80,46,34,84,67,17,,,,153,80,73,,,,,,,,,
05/04/2025 13:00,337,171,166,115,67,48,96,53,43,61,33,28,,,,131,77,54,,,,,,,,,
05/04/2025 14:00,464,252,212,86,44,42,67,33,34,45,23,22,,,,132,79,53,,,,,,,,,
05/04/2025 15:00,508,259,249,80,41,39,94,57,37,44,22,22,,,,121,71,50,,,,,,,,,
05/04/2025 16:00,526,279,247,86,47,39,129,67,62,33,19,14,,,,153,83,70,,,,,,,,,
05/04/2025 17:00,472,219,253,72,41,31,94,37,57,33,17,16,,,,164,70,94,,,,,,,,,
05/04/2025 18:00,353,151,202,76,24,52,77,31,46,27,17,10,,,,61,23,38,,,,,,,,,
05/04/2025 19:00,250,122,128,64,33,31,64,31,33,15,6,9,,,,59,32,27,,,,,,,,,
05/04/2025 20:00,166,79,87,34,16,18,42,24,18,19,9,10,,,,39,21,18,,,,,,,,,
05/04/2025 21:00,59,25,34,18,2,16,33,11,22,7,5,2,,,,21,10,11,,,,,,,,,
05/04/2025 22:00,35,18,17,3,2,1,14,4,10,0,0,0,,,,6,4,2,,,,,,,,,
05/04/2025 23:00,18,13,5,2,1,1,10,7,3,3,2,1,,,,7,5,2,,,,,,,,,
06/04/2025 00:00,0,0,0,0,0,0,3,0,3,0,0,0,,,,2,1,1,,,,,,,,,
06/04/2025 01:00,7,6,1,1,0,1,0,0,0,1,0,1,,,,0,0,0,,,,,,,,,
06/04/2025 02:00,1,0,1,0,0,0,0,0,0,0,0,0,,,,1,1,0,,,,,,,,,
06/04/2025 03:00,1,1,0,0,0,0,1,1,0,2,0,2,,,,0,0,0,,,,,,,,,
06/04/2025 04:00,0,0,0,0,0,0,0,0,0,0,0,0,,,,2,2,0,,,,,,,,,
06/04/2025 05:00,5,1,4,0,0,0,0,0,0,2,0,2,,,,0,0,0,,,,,,,,,
06/04/2025 06:00,19,12,7,5,2,3,2,1,1,3,1,2,,,,2,2,0,,,,,,,,,
06/04/2025 07:00,71,35,36,6,4,2,8,7,1,8,6,2,,,,32,21,11,,,,,,,,,
06/04/2025 08:00,142,75,67,49,32,17,36,22,14,20,12,8,,,,81,47,34,,,,,,,,,
06/04/2025 09:00,264,136,128,141,80,61,74,45,29,55,44,11,,,,147,87,60,,,,,,,,,
06/04/2025 10:00,440,263,177,146,90,56,133,84,49,432,421,11,,,,177,113,64,,,,,,,,,
06/04/2025 11:00,458,248,210,131,70,61,121,75,46,428,393,35,,,,208,122,86,,,,,,,,,
06/04/2025 12:00,625,352,273,157,82,75,136,82,54,214,180,34,,,,224,130,94,,,,,,,,,
06/04/2025 13:00,659,353,306,156,86,70,136,72,64,103,60,43,,,,196,101,95,,,,,,,,,
06/04/2025 14:00,824,446,378,128,63,65,143,89,54,92,68,24,,,,177,95,82,,,,,,,,,
06/04/2025 15:00,928,489,439,113,59,54,128,60,68,55,34,21,,,,230,132,98,,,,,,,,,
06/04/2025 16:00,929,426,503,121,61,60,140,70,70,48,22,26,,,,199,101,98,,,,,,,,,
06/04/2025 17:00,725,325,400,118,43,75,119,47,72,26,15,11,,,,201,81,120,,,,,,,,,
06/04/2025 18:00,451,226,225,78,34,44,111,44,67,19,11,8,,,,110,39,71,,,,,,,,,
06/04/2025 19:00,307,144,163,70,32,38,63,22,41,15,7,8,,,,91,35,56,,,,,,,,,
06/04/2025 20:00,172,95,77,30,13,17,49,12,37,14,10,4,,,,49,21,28,,,,,,,,,
06/04/2025 21:00,60,32,28,17,10,7,20,11,9,14,7,7,,,,16,7,9,,,,,,,,,
06/04/2025 22:00,25,16,9,8,3,5,6,3,3,5,2,3,,,,3,3,0,,,,,,,,,
06/04/2025 23:00,2,0,2,8,3,5,3,0,3,3,2,1,,,,3,1,2,,,,,,,,,
07/04/2025 00:00,0,0,0,0,0,0,3,2,1,1,1,0,,,,1,1,0,,,,,,,,,
07/04/2025 01:00,0,0,0,0,0,0,0,0,0,0,0,0,,,,1,1,0,,,,,,,,,
07/04/2025 02:00,0,0,0,0,0,0,0,0,0,0,0,0,,,,0,0,0,,,,,,,,,
07/04/2025 03:00,0,0,0,0,0,0,0,0,0,0,0,0,,,,0,0,0,,,,,,,,,
07/04/2025 04:00,0,0,0,0,0,0,0,0,0,0,0,0,,,,0,0,0,,,,,,,,,
07/04/2025 05:00,7,2,5,6,2,4,4,3,1,2,1,1,,,,1,1,0,,,,,,,,,
07/04/2025 06:00,34,15,19,14,8,6,12,10,2,5,3,2,,,,9,6,3,,,,,,,,,
07/04/2025 07:00,74,37,37,26,13,13,16,7,9,17,7,10,,,,52,32,20,,,,,,,,,
07/04/2025 08:00,104,39,65,41,22,19,33,19,14,51,27,24,,,,100,54,46,,,,,,,,,
07/04/2025 09:00,139,68,71,48,22,26,33,14,19,38,23,15,,,,56,31,25,,,,,,,,,
07/04/2025 10:00,212,110,102,48,27,21,31,22,9,42,22,20,,,,95,59,36,,,,,,,,,
07/04/2025 11:00,183,92,91,65,42,23,37,19,18,199,187,12,,,,91,43,48,,,,,,,,,
07/04/2025 12:00,276,157,119,74,39,35,55,26,29,131,112,19,,,,65,33,32,,,,,,,,,
07/04/2025 13:00,360,182,178,65,36,29,71,41,30,47,34,13,,,,142,84,58,,,,,,,,,
07/04/2025 14:00,285,135,150,34,13,21,34,17,17,39,23,16,,,,115,60,55,,,,,,,,,
07/04/2025 15:00,270,130,140,56,28,28,42,21,21,38,24,14,,,,99,38,61,,,,,,,,,
07/04/2025 16:00,244,104,140,66,34,32,47,19,28,25,20,5,,,,106,53,53,,,,,,,,,
07/04/2025 17:00,296,145,151,68,44,24,61,35,26,34,13,21,,,,190,106,84,,,,,,,,,
07/04/2025 18:00,310,157,153,95,64,31,50,27,23,29,21,8,,,,176,79,97,,,,,,,,,
07/04/2025 19:00,329,144,185,112,56,56,67,33,34,29,14,15,,,,132,72,60,,,,,,,,,
07/04/2025 20:00,238,121,117,49,22,27,34,16,18,19,9,10,,,,74,37,37,,,,,,,,,
07/04/2025 21:00,86,50,36,42,15,27,18,6,12,7,4,3,,,,18,11,7,,,,,,,,,
07/04/2025 22:00,27,16,11,10,5,5,8,4,4,5,3,2,,,,6,3,3,,,,,,,,,
07/04/2025 23:00,9,5,4,7,3,4,7,4,3,1,0,1,,,,3,1,2,,,,,,,,,
08/04/2025 00:00,0,0,0,1,0,1,1,0,1,0,0,0,,,,1,0,1,,,,,,,,,
08/04/2025 01:00,2,1,1,2,0,2,1,0,1,0,0,0,,,,2,0,2,,,,,,,,,
08/04/2025 02:00,1,1,0,2,0,2,0,0,0,0,0,0,,,,0,0,0,,,,,,,,,
08/04/2025 03:00,0,0,0,0,0,0,0,0,0,0,0,0,,,,0,0,0,,,,,,,,,
08/04/2025 04:00,0,0,0,0,0,0,0,0,0,0,0,0,,,,0,0,0,,,,,,,,,
08/04/2025 05:00,16,5,11,1,0,1,2,1,1,0,0,0,,,,2,2,0,,,,,,,,,
08/04/2025 06:00,57,29,28,21,13,8,15,9,6,7,5,2,,,,28,16,12,,,,,,,,,
08/04/2025 07:00,150,63,87,39,16,23,18,9,9,22,11,11,,,,60,38,22,,,,,,,,,
08/04/2025 08:00,147,65,82,45,16,29,30,11,19,45,26,19,,,,116,56,60,,,,,,,,,
08/04/2025 09:00,118,54,64,44,23,21,26,15,11,41,20,21,,,,83,46,37,,,,,,,,,
08/04/2025 10:00,187,84,103,45,32,13,29,17,12,30,20,10,,,,67,36,31,,,,,,,,,
08/04/2025 11:00,261,129,132,68,40,28,44,27,17,27,14,13,,,,75,44,31,,,,,,,,,
08/04/2025 12:00,262,133,129,74,28,46,62,34,28,34,18,16,,,,103,61,42,,,,,,,,,
08/04/2025 13:00,341,170,171,82,46,36,81,42,39,28,17,11,,,,124,69,55,,,,,,,,,
08/04/2025 14:00,294,150,144,53,23,30,40,19,21,19,10,9,,,,145,69,76,,,,,,,,,
08/04/2025 15:00,281,128,153,58,34,24,37,17,20,26,18,8,,,,109,54,55,,,,,,,,,
08/04/2025 16:00,267,129,138,49,28,21,43,22,21,38,21,17,,,,119,56,63,,,,,,,,,
08/04/2025 17:00,251,124,127,64,36,28,63,30,33,32,10,22,,,,109,49,60,,,,,,,,,
08/04/2025 18:00,254,122,132,80,46,34,54,31,23,46,23,23,,,,138,85,53,,,,,,,,,
08/04/2025 19:00,275,137,138,80,43,37,79,45,34,35,16,19,,,,153,77,76,,,,,,,,,
08/04/2025 20:00,235,119,116,57,24,33,49,21,28,23,12,11,,,,65,30,35,,,,,,,,,
08/04/2025 21:00,70,39,31,19,5,14,13,10,3,6,3,3,,,,19,9,10,,,,,,,,,
08/04/2025 22:00,23,11,12,6,3,3,7,5,2,1,1,0,,,,16,6,10,,,,,,,,,
08/04/2025 23:00,6,5,1,7,4,3,9,6,3,1,0,1,,,,6,4,2,,,,,,,,,
09/04/2025 00:00,0,0,0,0,0,0,2,2,0,2,2,0,,,,0,0,0,,,,,,,,,
09/04/2025 01:00,1,0,1,0,0,0,0,0,0,0,0,0,,,,0,0,0,,,,,,,,,
09/04/2025 02:00,2,1,1,0,0,0,0,0,0,0,0,0,,,,0,0,0,,,,,,,,,
09/04/2025 03:00,2,2,0,0,0,0,0,0,0,1,1,0,,,,2,1,1,,,,,,,,,
09/04/2025 04:00,1,1,0,0,0,0,0,0,0,0,0,0,,,,0,0,0,,,,,,,,,
09/04/2025 05:00,9,1,8,1,1,0,0,0,0,1,1,0,,,,4,3,1,,,,,,,,,
09/04/2025 06:00,49,22,27,15,6,9,11,8,3,11,8,3,,,,30,19,11,,,,,,,,,
09/04/2025 07:00,119,59,60,38,17,21,23,10,13,26,13,13,,,,80,41,39,,,,,,,,,
09/04/2025 08:00,136,73,63,52,24,28,42,19,23,56,33,23,,,,115,56,59,,,,,,,,,
09/04/2025 09:00,177,77,100,50,19,31,41,28,13,44,33,11,,,,70,33,37,,,,,,,,,
09/04/2025 10:00,198,102,96,53,27,26,25,21,4,33,25,8,,,,76,40,36,,,,,,,,,
09/04/2025 11:00,305,146,159,44,19,25,38,26,12,45,26,19,,,,80,42,38,,,,,,,,,
09/04/2025 12:00,263,141,122,61,38,23,59,29,30,42,23,19,,,,283,153,130,,,,,,,,,
09/04/2025 13:00,310,160,150,186,114,72,64,32,32,30,17,13,,,,152,86,66,,,,,,,,,
09/04/2025 14:00,240,115,125,49,24,25,30,17,13,42,24,18,,,,194,110,84,,,,,,,,,
09/04/2025 15:00,243,116,127,57,38,19,46,34,12,27,9,18,,,,132,74,58,,,,,,,,,
09/04/2025 16:00,264,127,137,72,37,35,67,37,30,29,11,18,,,,88,44,44,,,,,,,,,
09/04/2025 17:00,261,111,150,72,45,27,61,34,27,19,11,8,,,,159,59,100,,,,,,,,,
09/04/2025 18:00,273,143,130,87,43,44,87,47,40,33,15,18,,,,173,66,107,,,,,,,,,
09/04/2025 19:00,240,122,118,76,43,33,92,40,52,23,14,9,,,,132,66,66,,,,,,,,,
09/04/2025 20:00,228,115,113,69,34,35,53,21,32,13,10,3,,,,72,40,32,,,,,,,,,
09/04/2025 21:00,82,30,52,32,11,21,19,7,12,8,4,4,,,,16,6,10,,,,,,,,,
09/04/2025 22:00,24,17,7,2,2,0,16,11,5,4,0,4,,,,8,3,5,,,,,,,,,
09/04/2025 23:00,12,5,7,2,2,0,4,1,3,1,1,0,,,,2,1,1,,,,,,,,,
10/04/2025 00:00,0,0,0,0,0,0,5,2,3,0,0,0,,,,0,0,0,,,,,,,,,
10/04/2025 01:00,0,0,0,0,0,0,0,0,0,0,0,0,,,,2,1,1,,,,,,,,,
10/04/2025 02:00,1,1,0,0,0,0,0,0,0,0,0,0,,,,1,0,1,,,,,,,,,
10/04/2025 03:00,0,0,0,0,0,0,0,0,0,0,0,0,,,,0,0,0,,,,,,,,,
10/04/2025 04:00,2,0,2,0,0,0,2,0,2,0,0,0,,,,3,3,0,,,,,,,,,
10/04/2025 05:00,6,1,5,7,0,7,2,0,2,1,1,0,,,,2,2,0,,,,,,,,,
10/04/2025 06:00,60,32,28,30,16,14,25,18,7,8,6,2,,,,31,20,11,,,,,,,,,
10/04/2025 07:00,113,56,57,32,16,16,18,8,10,12,5,7,,,,66,39,27,,,,,,,,,
10/04/2025 08:00,129,58,71,56,21,35,35,17,18,59,33,26,,,,116,58,58,,,,,,,,,
10/04/2025 09:00,127,59,68,58,32,26,41,24,17,36,17,19,,,,74,35,39,,,,,,,,,
10/04/2025 10:00,171,103,68,43,29,14,56,27,29,60,54,6,,,,64,39,25,,,,,,,,,
10/04/2025 11:00,245,151,94,72,40,32,40,24,16,59,44,15,,,,112,64,48,,,,,,,,,
10/04/2025 12:00,257,136,121,75,34,41,41,22,19,45,25,20,,,,98,54,44,,,,,,,,,
10/04/2025 13:00,299,167,132,98,58,40,66,39,27,44,19,25,,,,136,75,61,,,,,,,,,
10/04/2025 14:00,284,164,120,53,30,23,37,18,19,27,13,14,,,,139,89,50,,,,,,,,,
10/04/2025 15:00,284,154,130,78,48,30,45,31,14,17,8,9,,,,167,84,83,,,,,,,,,
10/04/2025 16:00,285,124,161,60,25,35,38,15,23,43,24,19,,,,134,64,70,,,,,,,,,
10/04/2025 17:00,300,152,148,74,47,27,80,34,46,50,24,26,,,,145,61,84,,,,,,,,,
10/04/2025 18:00,376,185,191,100,60,40,76,32,44,18,10,8,,,,185,73,112,,,,,,,,,
10/04/2025 19:00,290,141,149,92,44,48,74,38,36,31,11,20,,,,126,69,57,,,,,,,,,
10/04/2025 20:00,265,120,145,85,40,45,48,26,22,17,13,4,,,,83,33,50,,,,,,,,,
10/04/2025 21:00,98,57,41,11,7,4,48,30,18,9,5,4,,,,28,12,16,,,,,,,,,
10/04/2025 22:00,29,13,16,15,4,11,17,12,5,3,1,2,,,,6,1,5,,,,,,,,,
10/04/2025 23:00,13,10,3,3,0,3,25,16,9,4,3,1,,,,8,4,4,,,,,,,,,
11/04/2025 00:00,0,0,0,0,0,0,2,1,1,2,2,0,,,,5,2,3,,,,,,,,,
11/04/2025 01:00,1,0,1,0,0,0,0,0,0,3,1,2,,,,2,1,1,,,,,,,,,
11/04/2025 02:00,1,0,1,0,0,0,1,0,1,0,0,0,,,,2,0,2,,,,,,,,,
11/04/2025 03:00,0,0,0,0,0,0,0,0,0,0,0,0,,,,2,2,0,,,,,,,,,
11/04/2025 04:00,0,0,0,0,0,0,1,1,0,0,0,0,,,,0,0,0,,,,,,,,,
11/04/2025 05:00,7,3,4,2,1,1,2,1,1,0,0,0,,,,0,0,0,,,,,,,,,
11/04/2025 06:00,56,33,23,22,13,9,23,15,8,9,5,4,,,,45,31,14,,,,,,,,,
11/04/2025 07:00,101,52,49,31,13,18,22,16,6,12,3,9,,,,75,41,34,,,,,,,,,
11/04/2025 08:00,152,73,79,63,34,29,34,22,12,54,31,23,,,,105,62,43,,,,,,,,,
11/04/2025 09:00,168,93,75,53,30,23,36,19,17,34,14,20,,,,99,53,46,,,,,,,,,
11/04/2025 10:00,186,96,90,55,28,27,58,37,21,22,11,11,,,,97,66,31,,,,,,,,,
11/04/2025 11:00,264,132,132,80,33,47,51,21,30,45,34,11,,,,95,42,53,,,,,,,,,
11/04/2025 12:00,307,176,131,99,56,43,50,22,28,73,50,23,,,,250,156,94,,,,,,,,,
11/04/2025 13:00,342,173,169,109,64,45,68,35,33,74,54,20,,,,187,79,108,,,,,,,,,
11/04/2025 14:00,357,196,161,86,34,52,54,28,26,44,32,12,,,,156,88,68,,,,,,,,,
11/04/2025 15:00,389,188,201,78,46,32,77,45,32,29,19,10,,,,126,68,58,,,,,,,,,
11/04/2025 16:00,434,203,231,99,51,48,77,41,36,54,19,35,,,,137,65,72,,,,,,,,,
11/04/2025 17:00,583,314,269,166,94,72,93,39,54,30,16,14,,,,191,103,88,,,,,,,,,
11/04/2025 18:00,445,222,223,143,82,61,94,46,48,72,43,29,,,,129,67,62,,,,,,,,,
11/04/2025 19:00,424,186,238,126,57,69,65,33,32,46,34,12,,,,90,51,39,,,,,,,,,
11/04/2025 20:00,291,129,162,51,21,30,47,19,28,11,6,5,,,,41,17,24,,,,,,,,,
11/04/2025 21:00,119,48,71,47,13,34,42,26,16,4,1,3,,,,17,6,11,,,,,,,,,
11/04/2025 22:00,44,15,29,11,7,4,15,7,8,3,1,2,,,,7,3,4,,,,,,,,,
11/04/2025 23:00,18,6,12,8,5,3,2,1,1,4,2,2,,,,2,1,1,,,,,,,,,
12/04/2025 00:00,0,0,0,2,1,1,4,0,4,4,2,2,,,,8,6,2,,,,,,,,,
12/04/2025 01:00,4,2,2,2,2,0,2,0,2,1,0,1,,,,1,1,0,,,,,,,,,
12/04/2025 02:00,4,1,3,1,0,1,0,0,0,0,0,0,,,,0,0,0,,,,,,,,,
12/04/2025 03:00,1,1,0,0,0,0,2,2,0,1,0,1,,,,1,1,0,,,,,,,,,
12/04/2025 04:00,1,1,0,0,0,0,0,0,0,0,0,0,,,,0,0,0,,,,,,,,,
12/04/2025 05:00,7,3,4,3,2,1,2,1,1,0,0,0,,,,1,1,0,,,,,,,,,
12/04/2025 06:00,43,23,20,7,3,4,13,10,3,3,3,0,,,,14,9,5,,,,,,,,,
12/04/2025 07:00,101,52,49,29,15,14,12,6,6,4,1,3,,,,50,38,12,,,,,,,,,
12/04/2025 08:00,172,70,102,49,26,23,41,20,21,15,5,10,,,,90,57,33,,,,,,,,,
12/04/2025 09:00,238,120,118,73,46,27,71,50,21,29,18,11,,,,120,62,58,,,,,,,,,
12/04/2025 10:00,277,162,115,112,46,66,75,40,35,37,21,16,,,,170,112,58,,,,,,,,,
12/04/2025 11:00,313,174,139,127,68,59,81,49,32,39,17,22,,,,161,91,70,,,,,,,,,
12/04/2025 12:00,301,153,148,76,41,35,66,47,19,49,30,19,,,,128,74,54,,,,,,,,,
12/04/2025 13:00,227,115,112,68,37,31,44,28,16,30,14,16,,,,70,35,35,,,,,,,,,
12/04/2025 14:00,195,112,83,63,31,32,44,27,17,24,16,8,,,,78,43,35,,,,,,,,,
12/04/2025 15:00,233,106,127,50,21,29,43,24,19,19,13,6,,,,78,43,35,,,,,,,,,
12/04/2025 16:00,232,118,114,59,28,31,42,21,21,28,16,12,,,,58,31,27,,,,,,,,,
12/04/2025 17:00,168,82,86,50,23,27,51,26,25,28,17,11,,,,93,47,46,,,,,,,,,
12/04/2025 18:00,166,90,76,55,31,24,34,22,12,26,11,15,,,,72,27,45,,,,,,,,,
12/04/2025 19:00,176,81,95,58,27,31,54,27,27,17,5,12,,,,65,33,32,,,,,,,,,
12/04/2025 20:00,127,60,67,25,15,10,23,8,15,14,11,3,,,,47,24,23,,,,,,,,,
12/04/2025 21:00,61,26,35,26,6,20,13,8,5,7,4,3,,,,33,15,18,,,,,,,,,
12/04/2025 22:00,21,13,8,10,6,4,7,6,1,7,2,5,,,,8,1,7,,,,,,,,,
12/04/2025 23:00,10,9,1,3,3,0,7,1,6,2,0,2,,,,9,7,2,,,,,,,,,
13/04/2025 00:00,0,0,0,1,0,1,12,6,6,4,3,1,,,,1,1,0,,,,,,,,,
13/04/2025 01:00,3,1,2,3,0,3,0,0,0,0,0,0,,,,3,3,0,,,,,,,,,
13/04/2025 02:00,1,1,0,0,0,0,0,0,0,0,0,0,,,,0,0,0,,,,,,,,,
13/04/2025 03:00,0,0,0,0,0,0,1,1,0,3,0,3,,,,0,0,0,,,,,,,,,
13/04/2025 04:00,0,0,0,0,0,0,0,0,0,0,0,0,,,,0,0,0,,,,,,,,,
13/04/2025 05:00,1,0,1,0,0,0,1,1,0,0,0,0,,,,0,0,0,,,,,,,,,
13/04/2025 06:00,17,8,9,9,6,3,5,3,2,1,1,0,,,,7,5,2,,,,,,,,,
13/04/2025 07:00,52,29,23,20,10,10,13,5,8,6,5,1,,,,28,18,10,,,,,,,,,
13/04/2025 08:00,155,80,75,40,19,21,27,14,13,24,6,18,,,,67,39,28,,,,,,,,,
13/04/2025 09:00,195,90,105,86,52,34,63,40,23,18,9,9,,,,140,77,63,,,,,,,,,
13/04/2025 10:00,395,196,199,120,65,55,113,59,54,57,37,20,,,,187,112,75,,,,,,,,,
13/04/2025 11:00,451,261,190,137,83,54,102,56,46,44,26,18,,,,217,131,86,,,,,,,,,
13/04/2025 12:00,505,279,226,131,73,58,102,60,42,66,34,32,,,,208,99,109,,,,,,,,,
13/04/2025 13:00,461,251,210,117,58,59,108,60,48,62,26,36,,,,162,85,77,,,,,,,,,
13/04/2025 14:00,529,278,251,115,57,58,88,40,48,48,25,23,,,,142,83,59,,,,,,,,,
13/04/2025 15:00,428,210,218,104,55,49,71,37,34,40,22,18,,,,124,62,62,,,,,,,,,
13/04/2025 16:00,375,172,203,58,24,34,61,26,35,37,19,18,,,,134,76,58,,,,,,,,,
13/04/2025 17:00,263,135,128,69,38,31,47,27,20,41,19,22,,,,101,43,58,,,,,,,,,
13/04/2025 18:00,150,77,73,35,21,14,20,4,16,11,4,7,,,,55,29,26,,,,,,,,,
13/04/2025 19:00,123,54,69,47,24,23,39,25,14,9,5,4,,,,52,33,19,,,,,,,,,
13/04/2025 20:00,124,66,58,32,16,16,25,12,13,11,7,4,,,,47,19,28,,,,,,,,,
13/04/2025 21:00,53,19,34,13,6,7,19,8,11,9,3,6,,,,22,9,13,,,,,,,,,
13/04/2025 22:00,15,10,5,6,1,5,5,1,4,3,2,1,,,,4,2,2,,,,,,,,,
13/04/2025 23:00,3,1,2,2,0,2,7,3,4,1,1,0,,,,2,1,1,,,,,,,,,
14/04/2025 00:00,3,1,2,0,0,0,0,0,0,0,0,0,,,,1,1,0,,,,,,,,,
14/04/2025 01:00,3,0,3,0,0,0,0,0,0,0,0,0,,,,0,0,0,,,,,,,,,
14/04/2025 02:00,0,0,0,1,0,1,0,0,0,0,0,0,,,,0,0,0,,,,,,,,,
14/04/2025 03:00,0,0,0,0,0,0,2,2,0,0,0,0,,,,0,0,0,,,,,,,,,
14/04/2025 04:00,1,0,1,0,0,0,0,0,0,0,0,0,,,,1,1,0,,,,,,,,,
14/04/2025 05:00,8,2,6,2,1,1,3,1,2,0,0,0,,,,1,1,0,,,,,,,,,
14/04/2025 06:00,27,11,16,10,5,5,8,6,2,2,2,0,,,,17,15,2,,,,,,,,,
14/04/2025 07:00,65,28,37,24,8,16,18,9,9,16,9,7,,,,54,29,25,,,,,,,,,
14/04/2025 08:00,73,27,46,36,12,24,22,10,12,18,6,12,,,,71,34,37,,,,,,,,,
14/04/2025 09:00,70,31,39,21,9,12,17,9,8,29,18,11,,,,52,28,24,,,,,,,,,
14/04/2025 10:00,96,45,51,24,9,15,24,14,10,22,9,13,,,,67,35,32,,,,,,,,,
14/04/2025 11:00,110,59,51,34,19,15,30,17,13,35,13,22,,,,74,38,36,,,,,,,,,
14/04/2025 12:00,146,69,77,28,15,13,24,10,14,37,20,17,,,,73,41,32,,,,,,,,,
14/04/2025 13:00,180,108,72,48,27,21,37,23,14,32,18,14,,,,76,43,33,,,,,,,,,
14/04/2025 14:00,116,58,58,28,13,15,21,16,5,27,14,13,,,,72,38,34,,,,,,,,,
14/04/2025 15:00,114,62,52,28,16,12,30,17,13,22,14,8,,,,66,36,30,,,,,,,,,
14/04/2025 16:00,165,82,83,43,21,22,40,21,19,23,12,11,,,,80,33,47,,,,,,,,,
14/04/2025 17:00,98,50,48,33,19,14,34,17,17,39,22,17,,,,107,62,45,,,,,,,,,
14/04/2025 18:00,101,50,51,47,23,24,30,17,13,32,15,17,,,,88,43,45,,,,,,,,,
14/04/2025 19:00,109,55,54,54,35,19,46,26,20,26,18,8,,,,100,63,37,,,,,,,,,
14/04/2025 20:00,107,56,51,47,17,30,45,23,22,13,3,10,,,,55,25,30,,,,,,,,,
14/04/2025 21:00,62,32,30,18,8,10,19,5,14,6,3,3,,,,15,6,9,,,,,,,,,
14/04/2025 22:00,22,10,12,13,10,3,3,0,3,4,3,1,,,,14,7,7,,,,,,,,,
14/04/2025 23:00,12,6,6,7,3,4,4,1,3,5,5,0,,,,1,0,1,,,,,,,,,
15/04/2025 00:00,0,0,0,0,0,0,0,0,0,0,0,0,,,,2,1,1,,,,,,,,,
15/04/2025 01:00,2,0,2,0,0,0,0,0,0,0,0,0,,,,0,0,0,,,,,,,,,
15/04/2025 02:00,2,2,0,0,0,0,0,0,0,0,0,0,,,,2,1,1,,,,,,,,,
15/04/2025 03:00,1,1,0,0,0,0,0,0,0,0,0,0,,,,0,0,0,,,,,,,,,
15/04/2025 04:00,0,0,0,2,2,0,0,0,0,0,0,0,,,,0,0,0,,,,,,,,,
15/04/2025 05:00,17,6,11,3,2,1,2,1,1,0,0,0,,,,5,4,1,,,,,,,,,
15/04/2025 06:00,27,16,11,18,6,12,5,3,2,10,8,2,,,,26,17,9,,,,,,,,,
15/04/2025 07:00,68,33,35,28,9,19,16,9,7,26,16,10,,,,58,36,22,,,,,,,,,
15/04/2025 08:00,108,44,64,29,16,13,34,12,22,33,11,22,,,,85,41,44,,,,,,,,,
15/04/2025 09:00,91,45,46,27,19,8,39,26,13,43,25,18,,,,63,35,28,,,,,,,,,
15/04/2025 10:00,124,74,50,31,18,13,28,15,13,28,12,16,,,,65,39,26,,,,,,,,,
15/04/2025 11:00,172,93,79,47,30,17,23,14,9,27,15,12,,,,58,25,33,,,,,,,,,
15/04/2025 12:00,193,96,97,43,24,19,39,21,18,43,19,24,,,,65,35,30,,,,,,,,,
15/04/2025 13:00,192,94,98,47,25,22,39,22,17,55,21,34,,,,60,37,23,,,,,,,,,
15/04/2025 14:00,168,89,79,32,17,15,27,11,16,37,20,17,,,,81,50,31,,,,,,,,,
15/04/2025 15:00,177,67,110,23,18,5,32,14,18,41,20,21,,,,86,57,29,,,,,,,,,
15/04/2025 16:00,142,59,83,58,25,33,38,25,13,50,22,28,,,,90,44,46,,,,,,,,,
15/04/2025 17:00,113,61,52,38,22,16,35,19,16,38,16,22,,,,94,48,46,,,,,,,,,
15/04/2025 18:00,134,66,68,53,32,21,42,27,15,43,16,27,,,,95,52,43,,,,,,,,,
15/04/2025 19:00,136,76,60,44,20,24,46,18,28,32,18,14,,,,81,45,36,,,,,,,,,
15/04/2025 20:00,99,53,46,31,14,17,30,17,13,15,5,10,,,,59,25,34,,,,,,,,,
15/04/2025 21:00,40,22,18,11,8,3,17,5,12,11,7,4,,,,12,5,7,,,,,,,,,
15/04/2025 22:00,10,6,4,7,4,3,10,3,7,3,2,1,,,,4,2,2,,,,,,,,,
15/04/2025 23:00,1,1,0,2,2,0,2,2,0,2,2,0,,,,0,0,0,,,,,,,,,
16/04/2025 00:00,0,0,0,0,0,0,0,0,0,0,0,0,,,,1,1,0,,,,,,,,,
16/04/2025 01:00,0,0,0,0,0,0,1,1,0,0,0,0,,,,2,2,0,,,,,,,,,
16/04/2025 02:00,0,0,0,0,0,0,1,1,0,0,0,0,,,,0,0,0,,,,,,,,,
16/04/2025 03:00,0,0,0,0,0,0,0,0,0,0,0,0,,,,0,0,0,,,,,,,,,
16/04/2025 04:00,1,0,1,0,0,0,1,1,0,0,0,0,,,,0,0,0,,,,,,,,,
16/04/2025 05:00,2,1,1,0,0,0,1,1,0,0,0,0,,,,2,2,0,,,,,,,,,
16/04/2025 06:00,7,4,3,9,5,4,1,1,0,2,1,1,,,,9,2,7,,,,,,,,,
16/04/2025 07:00,14,7,7,11,2,9,5,3,2,9,3,6,,,,23,16,7,,,,,,,,,
16/04/2025 08:00,16,8,8,13,5,8,11,4,7,16,5,11,,,,25,14,11,,,,,,,,,
16/04/2025 09:00,10,7,3,14,3,11,8,4,4,6,2,4,,,,17,6,11,,,,,,,,,
16/04/2025 10:00,14,9,5,4,1,3,4,2,2,7,0,7,,,,6,2,4,,,,,,,,,
16/04/2025 11:00,22,15,7,6,3,3,6,1,5,16,3,13,,,,10,6,4,,,,,,,,,
16/04/2025 12:00,40,26,14,5,3,2,8,4,4,9,5,4,,,,10,7,3,,,,,,,,,
16/04/2025 13:00,67,34,33,17,7,10,17,9,8,25,13,12,,,,42,20,22,,,,,,,,,
16/04/2025 14:00,55,23,32,19,12,7,20,14,6,25,13,12,,,,25,15,10,,,,,,,,,
16/04/2025 15:00,72,29,43,15,7,8,12,7,5,24,14,10,,,,28,13,15,,,,,,,,,
16/04/2025 16:00,63,33,30,18,8,10,17,9,8,27,10,17,,,,54,30,24,,,,,,,,,
16/04/2025 17:00,74,30,44,29,19,10,26,16,10,20,9,11,,,,52,22,30,,,,,,,,,
16/04/2025 18:00,63,35,28,46,24,22,22,18,4,31,16,15,,,,56,34,22,,,,,,,,,
16/04/2025 19:00,86,40,46,44,29,15,43,24,19,28,11,17,,,,51,30,21,,,,,,,,,
16/04/2025 20:00,98,54,44,45,18,27,37,12,25,19,12,7,,,,62,31,31,,,,,,,,,
16/04/2025 21:00,47,27,20,16,7,9,25,14,11,5,2,3,,,,30,15,15,,,,,,,,,
16/04/2025 22:00,16,11,5,12,6,6,6,3,3,5,2,3,,,,3,0,3,,,,,,,,,
16/04/2025 23:00,6,3,3,6,1,5,5,1,4,3,0,3,,,,6,3,3,,,,,,,,,
17/04/2025 00:00,0,0,0,0,0,0,0,0,0,0,0,0,,,,1,1,0,,,,,,,,,
17/04/2025 01:00,2,2,0,0,0,0,1,0,1,0,0,0,,,,1,1,0,,,,,,,,,
17/04/2025 02:00,0,0,0,1,0,1,0,0,0,0,0,0,,,,0,0,0,,,,,,,,,
17/04/2025 03:00,1,1,0,0,0,0,0,0,0,0,0,0,,,,0,0,0,,,,,,,,,
17/04/2025 04:00,1,0,1,0,0,0,0,0,0,1,0,1,,,,0,0,0,,,,,,,,,
17/04/2025 05:00,7,1,6,3,2,1,6,4,2,2,2,0,,,,3,3,0,,,,,,,,,
17/04/2025 06:00,46,27,19,11,6,5,10,8,2,13,8,5,,,,24,13,11,,,,,,,,,
17/04/2025 07:00,95,50,45,25,11,14,40,27,13,10,5,5,,,,63,36,27,,,,,,,,,
17/04/2025 08:00,135,70,65,47,23,24,30,12,18,31,12,19,,,,71,39,32,,,,,,,,,
17/04/2025 09:00,129,72,57,41,20,21,30,21,9,32,21,11,,,,62,36,26,,,,,,,,,
17/04/2025 10:00,220,134,86,46,23,23,57,37,20,27,12,15,,,,80,43,37,,,,,,,,,
17/04/2025 11:00,280,138,142,61,31,30,55,30,25,43,21,22,,,,83,49,34,,,,,,,,,
17/04/2025 12:00,224,121,103,46,24,22,39,20,19,38,17,21,,,,84,47,37,,,,,,,,,
17/04/2025 13:00,161,81,80,38,17,21,40,19,21,26,18,8,,,,47,16,31,,,,,,,,,
17/04/2025 14:00,130,66,64,35,22,13,32,18,14,33,20,13,,,,59,38,21,,,,,,,,,
17/04/2025 15:00,186,82,104,31,22,9,40,32,8,16,6,10,,,,74,38,36,,,,,,,,,
17/04/2025 16:00,153,65,88,44,26,18,44,24,20,24,9,15,,,,80,35,45,,,,,,,,,
17/04/2025 17:00,142,69,73,41,26,15,61,24,37,25,8,17,,,,105,61,44,,,,,,,,,
17/04/2025 18:00,142,78,64,51,28,23,37,25,12,27,18,9,,,,69,34,35,,,,,,,,,
17/04/2025 19:00,168,92,76,51,23,28,45,29,16,19,10,9,,,,77,39,38,,,,,,,,,
17/04/2025 20:00,128,71,57,51,23,28,36,18,18,9,4,5,,,,42,16,26,,,,,,,,,
17/04/2025 21:00,68,33,35,18,5,13,23,7,16,11,5,6,,,,19,5,14,,,,,,,,,
17/04/2025 22:00,27,9,18,4,0,4,8,2,6,4,1,3,,,,6,3,3,,,,,,,,,
17/04/2025 23:00,9,7,2,1,1,0,3,0,3,4,2,2,,,,3,2,1,,,,,,,,,
18/04/2025 00:00,1,1,0,1,1,0,0,0,0,3,2,1,,,,4,4,0,,,,,,,,,
18/04/2025 01:00,1,0,1,2,1,1,2,1,1,0,0,0,,,,1,1,0,,,,,,,,,
18/04/2025 02:00,2,1,1,1,1,0,3,0,3,0,0,0,,,,6,2,4,,,,,,,,,
18/04/2025 03:00,0,0,0,1,0,1,4,3,1,2,0,2,,,,0,0,0,,,,,,,,,
18/04/2025 04:00,1,1,0,1,0,1,1,0,1,0,0,0,,,,1,1,0,,,,,,,,,
18/04/2025 05:00,1,0,1,0,0,0,1,0,1,1,0,1,,,,0,0,0,,,,,,,,,
18/04/2025 06:00,13,9,4,7,5,2,4,1,3,6,3,3,,,,7,3,4,,,,,,,,,
18/04/2025 07:00,29,10,19,6,4,2,6,3,3,6,1,5,,,,11,9,2,,,,,,,,,
18/04/2025 08:00,40,19,21,11,3,8,10,2,8,14,6,8,,,,21,15,6,,,,,,,,,
18/04/2025 09:00,45,23,22,10,5,5,6,4,2,14,5,9,,,,17,10,7,,,,,,,,,
18/04/2025 10:00,27,14,13,14,5,9,9,3,6,17,4,13,,,,17,8,9,,,,,,,,,
18/04/2025 11:00,25,12,13,20,10,10,15,8,7,9,6,3,,,,17,9,8,,,,,,,,,
18/04/2025 12:00,44,22,22,21,8,13,8,2,6,16,9,7,,,,14,7,7,,,,,,,,,
18/04/2025 13:00,42,19,23,12,5,7,7,3,4,12,6,6,,,,23,17,6,,,,,,,,,
18/04/2025 14:00,18,5,13,6,4,2,10,7,3,6,4,2,,,,6,4,2,,,,,,,,,
18/04/2025 15:00,32,20,12,10,7,3,6,2,4,16,8,8,,,,9,5,4,,,,,,,,,
18/04/2025 16:00,22,6,16,9,4,5,6,1,5,11,3,8,,,,5,3,2,,,,,,,,,
18/04/2025 17:00,28,15,13,20,8,12,13,2,11,21,4,17,,,,22,8,14,,,,,,,,,
18/04/2025 18:00,36,16,20,16,7,9,15,7,8,16,10,6,,,,13,3,10,,,,,,,,,
18/04/2025 19:00,28,14,14,11,4,7,15,6,9,16,5,11,,,,7,3,4,,,,,,,,,
18/04/2025 20:00,55,30,25,8,3,5,14,6,8,13,7,6,,,,18,11,7,,,,,,,,,
18/04/2025 21:00,41,15,26,11,4,7,12,5,7,6,5,1,,,,3,2,1,,,,,,,,,
18/04/2025 22:00,10,7,3,0,0,0,8,4,4,3,0,3,,,,0,0,0,,,,,,,,,
18/04/2025 23:00,5,3,2,4,1,3,6,2,4,2,1,1,,,,0,0,0,,,,,,,,,
19/04/2025 00:00,0,0,0,0,0,0,1,0,1,0,0,0,,,,1,0,1,,,,,,,,,
19/04/2025 01:00,0,0,0,0,0,0,1,0,1,0,0,0,,,,0,0,0,,,,,,,,,
19/04/2025 02:00,1,0,1,1,1,0,0,0,0,0,0,0,,,,1,1,0,,,,,,,,,
19/04/2025 03:00,2,2,0,0,0,0,1,0,1,0,0,0,,,,0,0,0,,,,,,,,,
19/04/2025 04:00,0,0,0,0,0,0,0,0,0,0,0,0,,,,0,0,0,,,,,,,,,
19/04/2025 05:00,1,1,0,0,0,0,1,0,1,0,0,0,,,,0,0,0,,,,,,,,,
19/04/2025 06:00,9,5,4,2,1,1,2,2,0,3,1,2,,,,3,3,0,,,,,,,,,
19/04/2025 07:00,15,6,9,11,7,4,5,3,2,2,1,1,,,,9,5,4,,,,,,,,,
19/04/2025 08:00,38,20,18,21,8,13,15,7,8,4,1,3,,,,19,8,11,,,,,,,,,
19/04/2025 09:00,49,31,18,21,12,9,22,16,6,25,8,17,,,,22,14,8,,,,,,,,,
19/04/2025 10:00,70,30,40,30,14,16,24,11,13,21,6,15,,,,32,20,12,,,,,,,,,
19/04/2025 11:00,81,54,27,25,13,12,18,9,9,17,10,7,,,,28,9,19,,,,,,,,,
19/04/2025 12:00,84,52,32,24,11,13,18,13,5,17,7,10,,,,35,24,11,,,,,,,,,
19/04/2025 13:00,96,44,52,26,13,13,19,7,12,27,23,4,,,,26,17,9,,,,,,,,,
19/04/2025 14:00,123,53,70,25,11,14,28,12,16,31,15,16,,,,57,31,26,,,,,,,,,
19/04/2025 15:00,218,93,125,29,18,11,27,16,11,18,12,6,,,,56,32,24,,,,,,,,,
19/04/2025 16:00,191,91,100,42,25,17,31,14,17,36,21,15,,,,69,31,38,,,,,,,,,
19/04/2025 17:00,174,78,96,51,31,20,32,9,23,24,14,10,,,,63,23,40,,,,,,,,,
19/04/2025 18:00,140,71,69,32,12,20,24,8,16,25,12,13,,,,39,25,14,,,,,,,,,
19/04/2025 19:00,119,54,65,29,15,14,29,15,14,12,9,3,,,,40,22,18,,,,,,,,,
19/04/2025 20:00,82,40,42,35,15,20,28,14,14,16,6,10,,,,18,10,8,,,,,,,,,
19/04/2025 21:00,48,25,23,24,7,17,13,6,7,9,6,3,,,,13,9,4,,,,,,,,,
19/04/2025 22:00,19,12,7,6,3,3,20,11,9,2,1,1,,,,11,7,4,,,,,,,,,
19/04/2025 23:00,9,7,2,3,0,3,7,3,4,0,0,0,,,,1,1,0,,,,,,,,,
20/04/2025 00:00,0,0,0,1,1,0,2,1,1,1,0,1,,,,3,0,3,,,,,,,,,
20/04/2025 01:00,0,0,0,0,0,0,3,2,1,1,1,0,,,,0,0,0,,,,,,,,,
20/04/2025 02:00,1,0,1,0,0,0,1,1,0,0,0,0,,,,2,2,0,,,,,,,,,
20/04/2025 03:00,2,2,0,0,0,0,0,0,0,0,0,0,,,,0,0,0,,,,,,,,,
20/04/2025 04:00,0,0,0,0,0,0,0,0,0,0,0,0,,,,0,0,0,,,,,,,,,
20/04/2025 05:00,0,0,0,0,0,0,0,0,0,1,1,0,,,,1,1,0,,,,,,,,,
20/04/2025 06:00,10,1,9,3,1,2,2,0,2,1,1,0,,,,6,4,2,,,,,,,,,
20/04/2025 07:00,43,22,21,7,4,3,4,2,2,4,4,0,,,,16,9,7,,,,,,,,,
20/04/2025 08:00,85,44,41,40,24,16,25,13,12,19,4,15,,,,38,18,20,,,,,,,,,
20/04/2025 09:00,230,123,107,58,32,26,54,24,30,22,9,13,,,,72,44,28,,,,,,,,,
20/04/2025 10:00,231,116,115,71,44,27,44,29,15,40,21,19,,,,104,65,39,,,,,,,,,
20/04/2025 11:00,363,213,150,52,29,23,72,35,37,43,26,17,,,,138,71,67,,,,,,,,,
20/04/2025 12:00,360,183,177,75,51,24,87,57,30,59,32,27,,,,102,50,52,,,,,,,,,
20/04/2025 13:00,355,215,140,56,29,27,70,32,38,53,25,28,,,,80,43,37,,,,,,,,,
20/04/2025 14:00,379,209,170,70,44,26,79,42,37,30,14,16,,,,83,50,33,,,,,,,,,
20/04/2025 15:00,347,156,191,62,35,27,57,31,26,46,24,22,,,,99,53,46,,,,,,,,,
20/04/2025 16:00,371,160,211,51,32,19,42,16,26,39,16,23,,,,79,38,41,,,,,,,,,
20/04/2025 17:00,243,124,119,35,19,16,27,9,18,36,14,22,,,,64,30,34,,,,,,,,,
20/04/2025 18:00,145,66,79,32,18,14,35,18,17,19,7,12,,,,69,39,30,,,,,,,,,
20/04/2025 19:00,116,53,63,23,12,11,30,20,10,18,13,5,,,,35,15,20,,,,,,,,,
20/04/2025 20:00,95,52,43,28,5,23,32,18,14,16,13,3,,,,19,8,11,,,,,,,,,
20/04/2025 21:00,47,21,26,27,14,13,17,9,8,9,5,4,,,,17,8,9,,,,,,,,,
20/04/2025 22:00,17,10,7,6,3,3,5,3,2,5,3,2,,,,2,1,1,,,,,,,,,
20/04/2025 23:00,7,4,3,2,0,2,3,0,3,2,0,2,,,,1,1,0,,,,,,,,,
21/04/2025 00:00,0,0,0,0,0,0,1,0,1,0,0,0,,,,2,1,1,,,,,,,,,
21/04/2025 01:00,0,0,0,2,0,2,0,0,0,0,0,0,,,,0,0,0,,,,,,,,,
21/04/2025 02:00,0,0,0,0,0,0,0,0,0,0,0,0,,,,0,0,0,,,,,,,,,
21/04/2025 03:00,0,0,0,0,0,0,0,0,0,0,0,0,,,,0,0,0,,,,,,,,,
21/04/2025 04:00,0,0,0,0,0,0,1,0,1,1,0,1,,,,0,0,0,,,,,,,,,
21/04/2025 05:00,4,1,3,0,0,0,0,0,0,1,1,0,,,,1,1,0,,,,,,,,,
21/04/2025 06:00,13,6,7,4,2,2,1,0,1,3,1,2,,,,0,0,0,,,,,,,,,
21/04/2025 07:00,28,15,13,7,3,4,5,4,1,2,2,0,,,,9,6,3,,,,,,,,,
21/04/2025 08:00,87,33,54,28,15,13,12,7,5,20,5,15,,,,33,20,13,,,,,,,,,
21/04/2025 09:00,172,80,92,53,32,21,34,21,13,19,14,5,,,,58,34,24,,,,,,,,,
21/04/2025 10:00,277,155,122,60,27,33,60,32,28,36,15,21,,,,109,80,29,,,,,,,,,
21/04/2025 11:00,349,198,151,80,45,35,98,59,39,60,26,34,,,,148,100,48,,,,,,,,,
21/04/2025 12:00,491,232,259,87,39,48,80,45,35,71,36,35,,,,154,75,79,,,,,,,,,
21/04/2025 13:00,319,167,152,49,32,17,57,36,21,42,25,17,,,,100,62,38,,,,,,,,,
21/04/2025 14:00,469,237,232,112,70,42,91,51,40,48,29,19,,,,93,48,45,,,,,,,,,
21/04/2025 15:00,399,193,206,72,35,37,73,47,26,39,24,15,,,,117,69,48,,,,,,,,,
21/04/2025 16:00,365,187,178,87,47,40,64,30,34,48,24,24,,,,121,68,53,,,,,,,,,
21/04/2025 17:00,300,164,136,78,36,42,67,35,32,44,31,13,,,,130,72,58,,,,,,,,,
21/04/2025 18:00,222,110,112,79,42,37,53,26,27,35,20,15,,,,103,52,51,,,,,,,,,
21/04/2025 19:00,210,98,112,41,23,18,43,24,19,46,29,17,,,,77,42,35,,,,,,,,,
21/04/2025 20:00,183,90,93,36,22,14,25,13,12,15,9,6,,,,47,19,28,,,,,,,,,
21/04/2025 21:00,80,43,37,26,11,15,35,18,17,4,2,2,,,,32,17,15,,,,,,,,,
21/04/2025 22:00,27,17,10,4,1,3,10,3,7,1,0,1,,,,13,7,6,,,,,,,,,
21/04/2025 23:00,6,4,2,1,0,1,6,1,5,3,2,1,,,,1,0,1,,,,,,,,,
22/04/2025 00:00,0,0,0,0,0,0,1,0,1,1,1,0,,,,2,1,1,,,,,,,,,
22/04/2025 01:00,0,0,0,0,0,0,1,0,1,0,0,0,,,,0,0,0,,,,,,,,,
22/04/2025 02:00,0,0,0,0,0,0,0,0,0,0,0,0,,,,0,0,0,,,,,,,,,
22/04/2025 03:00,0,0,0,0,0,0,0,0,0,1,0,1,,,,0,0,0,,,,,,,,,
22/04/2025 04:00,0,0,0,0,0,0,0,0,0,1,1,0,,,,0,0,0,,,,,,,,,
22/04/2025 05:00,14,5,9,1,1,0,0,0,0,0,0,0,,,,7,6,1,,,,,,,,,
22/04/2025 06:00,24,13,11,17,9,8,10,7,3,14,9,5,,,,21,13,8,,,,,,,,,
22/04/2025 07:00,75,39,36,34,13,21,17,11,6,17,8,9,,,,67,37,30,,,,,,,,,
22/04/2025 08:00,104,53,51,35,13,22,20,8,12,23,12,11,,,,53,28,25,,,,,,,,,
22/04/2025 09:00,108,47,61,41,16,25,26,15,11,34,23,11,,,,76,39,37,,,,,,,,,
22/04/2025 10:00,129,58,71,35,17,18,37,15,22,26,12,14,,,,69,42,27,,,,,,,,,
22/04/2025 11:00,191,91,100,40,20,20,27,11,16,25,11,14,,,,95,50,45,,,,,,,,,
22/04/2025 12:00,244,132,112,47,26,21,37,18,19,32,15,17,,,,103,65,38,,,,,,,,,
22/04/2025 13:00,209,99,110,55,29,26,48,28,20,34,17,17,,,,99,44,55,,,,,,,,,
22/04/2025 14:00,117,62,55,40,18,22,21,16,5,14,8,6,,,,69,39,30,,,,,,,,,
22/04/2025 15:00,97,42,55,28,14,14,24,13,11,22,7,15,,,,38,19,19,,,,,,,,,
22/04/2025 16:00,82,38,44,24,8,16,28,11,17,23,11,12,,,,56,27,29,,,,,,,,,
22/04/2025 17:00,39,20,19,26,16,10,21,12,9,28,16,12,,,,62,25,37,,,,,,,,,
22/04/2025 18:00,17,9,8,27,13,14,14,9,5,7,5,2,,,,40,26,14,,,,,,,,,
22/04/2025 19:00,4,2,2,12,8,4,4,2,2,3,0,3,,,,23,12,11,,,,,,,,,
22/04/2025 20:00,0,0,0,8,4,4,6,2,4,2,1,1,,,,9,4,5,,,,,,,,,
22/04/2025 21:00,7,5,2,1,0,1,2,1,1,0,0,0,,,,2,1,1,,,,,,,,,
22/04/2025 22:00,4,2,2,5,1,4,1,0,1,4,4,0,,,,6,1,5,,,,,,,,,
22/04/2025 23:00,2,2,0,2,0,2,0,0,0,4,2,2,,,,0,0,0,,,,,,,,,
23/04/2025 00:00,0,0,0,0,0,0,0,0,0,0,0,0,,,,0,0,0,,,,,,,,,
23/04/2025 01:00,2,1,1,2,2,0,0,0,0,0,0,0,,,,0,0,0,,,,,,,,,
23/04/2025 02:00,0,0,0,0,0,0,1,0,1,0,0,0,,,,0,0,0,,,,,,,,,
23/04/2025 03:00,3,3,0,0,0,0,1,0,1,0,0,0,,,,1,1,0,,,,,,,,,
23/04/2025 04:00,1,1,0,0,0,0,0,0,0,1,1,0,,,,0,0,0,,,,,,,,,
23/04/2025 05:00,15,5,10,1,0,1,3,0,3,5,2,3,,,,3,3,0,,,,,,,,,
23/04/2025 06:00,28,15,13,16,8,8,14,7,7,14,11,3,,,,21,10,11,,,,,,,,,
23/04/2025 07:00,72,35,37,21,8,13,15,6,9,16,5,11,,,,41,22,19,,,,,,,,,
23/04/2025 08:00,98,49,49,43,26,17,24,10,14,31,17,14,,,,67,30,37,,,,,,,,,
23/04/2025 09:00,132,51,81,30,9,21,15,7,8,70,45,25,,,,46,29,17,,,,,,,,,
23/04/2025 10:00,152,89,63,40,28,12,26,14,12,19,9,10,,,,68,48,20,,,,,,,,,
23/04/2025 11:00,151,75,76,48,22,26,37,14,23,29,15,14,,,,75,42,33,,,,,,,,,
23/04/2025 12:00,162,83,79,40,15,25,37,21,16,31,18,13,,,,70,35,35,,,,,,,,,
23/04/2025 13:00,162,80,82,42,20,22,36,19,17,31,13,18,,,,61,28,33,,,,,,,,,
23/04/2025 14:00,163,75,88,33,22,11,43,21,22,25,16,9,,,,52,28,24,,,,,,,,,
23/04/2025 15:00,160,74,86,31,18,13,22,9,13,31,17,14,,,,62,35,27,,,,,,,,,
23/04/2025 16:00,134,66,68,76,52,24,34,22,12,35,14,21,,,,69,33,36,,,,,,,,,
23/04/2025 17:00,153,82,71,78,50,28,66,38,28,47,28,19,,,,87,44,43,,,,,,,,,
23/04/2025 18:00,149,78,71,61,37,24,49,31,18,56,25,31,,,,126,76,50,,,,,,,,,
23/04/2025 19:00,183,77,106,68,46,22,47,24,23,41,24,17,,,,118,60,58,,,,,,,,,
23/04/2025 20:00,197,113,84,59,30,29,42,19,23,12,6,6,,,,105,46,59,,,,,,,,,
23/04/2025 21:00,105,56,49,41,14,27,17,7,10,4,3,1,,,,38,15,23,,,,,,,,,
23/04/2025 22:00,30,13,17,16,3,13,13,4,9,2,1,1,,,,15,8,7,,,,,,,,,
23/04/2025 23:00,10,7,3,10,2,8,4,0,4,1,0,1,,,,5,1,4,,,,,,,,,
24/04/2025 00:00,1,0,1,0,0,0,1,0,1,2,2,0,,,,1,0,1,,,,,,,,,
24/04/2025 01:00,0,0,0,0,0,0,0,0,0,0,0,0,,,,0,0,0,,,,,,,,,
24/04/2025 02:00,1,0,1,0,0,0,0,0,0,0,0,0,,,,0,0,0,,,,,,,,,
24/04/2025 03:00,0,0,0,0,0,0,0,0,0,0,0,0,,,,0,0,0,,,,,,,,,
24/04/2025 04:00,1,0,1,0,0,0,0,0,0,0,0,0,,,,0,0,0,,,,,,,,,
24/04/2025 05:00,5,0,5,3,2,1,2,2,0,1,1,0,,,,3,2,1,,,,,,,,,
24/04/2025 06:00,55,28,27,20,15,5,17,9,8,14,8,6,,,,20,12,8,,,,,,,,,
24/04/2025 07:00,76,41,35,35,13,22,24,17,7,10,3,7,,,,59,32,27,,,,,,,,,
24/04/2025 08:00,106,53,53,36,15,21,32,14,18,18,8,10,,,,82,39,43,,,,,,,,,
24/04/2025 09:00,144,73,71,43,21,22,34,22,12,30,13,17,,,,68,39,29,,,,,,,,,
24/04/2025 10:00,154,87,67,47,27,20,38,22,16,33,25,8,,,,81,43,38,,,,,,,,,
24/04/2025 11:00,291,132,159,64,34,30,62,26,36,37,18,19,,,,106,63,43,,,,,,,,,
24/04/2025 12:00,283,149,134,61,25,36,49,30,19,34,18,16,,,,104,62,42,,,,,,,,,
24/04/2025 13:00,365,180,185,71,44,27,68,32,36,45,22,23,,,,147,81,66,,,,,,,,,
24/04/2025 14:00,287,132,155,50,21,29,46,32,14,40,16,24,,,,110,59,51,,,,,,,,,
24/04/2025 15:00,242,135,107,47,30,17,52,25,27,25,12,13,,,,101,57,44,,,,,,,,,
24/04/2025 16:00,199,85,114,53,31,22,56,18,38,28,12,16,,,,131,55,76,,,,,,,,,
24/04/2025 17:00,146,64,82,48,24,24,39,24,15,44,20,24,,,,116,56,60,,,,,,,,,
24/04/2025 18:00,131,61,70,39,22,17,48,27,21,32,17,15,,,,84,51,33,,,,,,,,,
24/04/2025 19:00,152,72,80,47,22,25,50,23,27,23,8,15,,,,90,51,39,,,,,,,,,
24/04/2025 20:00,133,67,66,43,20,23,26,11,15,19,10,9,,,,79,37,42,,,,,,,,,
24/04/2025 21:00,107,49,58,20,8,12,35,24,11,10,5,5,,,,28,9,19,,,,,,,,,
24/04/2025 22:00,42,24,18,11,3,8,13,5,8,3,0,3,,,,12,5,7,,,,,,,,,
24/04/2025 23:00,17,5,12,5,1,4,5,1,4,1,0,1,,,,5,1,4,,,,,,,,,
25/04/2025 00:00,1,0,1,3,0,3,1,1,0,4,4,0,,,,1,0,1,,,,,,,,,
25/04/2025 01:00,3,3,0,1,0,1,2,0,2,0,0,0,,,,0,0,0,,,,,,,,,
25/04/2025 02:00,0,0,0,1,0,1,1,0,1,0,0,0,,,,0,0,0,,,,,,,,,
25/04/2025 03:00,1,1,0,0,0,0,0,0,0,0,0,0,,,,0,0,0,,,,,,,,,
25/04/2025 04:00,0,0,0,0,0,0,0,0,0,2,2,0,,,,0,0,0,,,,,,,,,
25/04/2025 05:00,7,2,5,0,0,0,2,1,1,1,1,0,,,,0,0,0,,,,,,,,,
25/04/2025 06:00,22,10,12,15,10,5,9,5,4,4,1,3,,,,15,9,6,,,,,,,,,
25/04/2025 07:00,67,34,33,27,11,16,14,10,4,6,2,4,,,,35,20,15,,,,,,,,,
25/04/2025 08:00,73,36,37,31,9,22,33,16,17,20,12,8,,,,55,31,24,,,,,,,,,
25/04/2025 09:00,70,30,40,18,6,12,14,4,10,19,8,11,,,,36,21,15,,,,,,,,,
25/04/2025 10:00,98,46,52,27,15,12,20,13,7,23,11,12,,,,47,29,18,,,,,,,,,
25/04/2025 11:00,96,50,46,25,11,14,14,9,5,16,11,5,,,,40,16,24,,,,,,,,,
25/04/2025 12:00,107,56,51,39,20,19,28,16,12,21,10,11,,,,75,47,28,,,,,,,,,
25/04/2025 13:00,109,47,62,28,17,11,26,12,14,24,10,14,,,,57,33,24,,,,,,,,,
25/04/2025 14:00,84,43,41,32,17,15,25,12,13,19,11,8,,,,44,28,16,,,,,,,,,
25/04/2025 15:00,79,50,29,26,15,11,18,10,8,31,13,18,,,,55,22,33,,,,,,,,,
25/04/2025 16:00,77,33,44,33,16,17,30,17,13,28,16,12,,,,60,37,23,,,,,,,,,
25/04/2025 17:00,80,44,36,42,21,21,40,16,24,25,6,19,,,,76,41,35,,,,,,,,,
25/04/2025 18:00,96,51,45,32,21,11,19,10,9,28,10,18,,,,61,26,35,,,,,,,,,
25/04/2025 19:00,71,37,34,31,16,15,19,9,10,19,9,10,,,,49,28,21,,,,,,,,,
25/04/2025 20:00,41,18,23,16,11,5,7,5,2,6,2,4,,,,41,23,18,,,,,,,,,
25/04/2025 21:00,39,23,16,12,6,6,14,8,6,4,3,1,,,,10,3,7,,,,,,,,,
25/04/2025 22:00,16,9,7,4,1,3,5,2,3,0,0,0,,,,3,2,1,,,,,,,,,
25/04/2025 23:00,3,2,1,2,1,1,4,0,4,5,1,4,,,,4,1,3,,,,,,,,,
26/04/2025 00:00,2,2,0,1,0,1,1,1,0,1,0,1,,,,1,1,0,,,,,,,,,
26/04/2025 01:00,0,0,0,0,0,0,3,2,1,0,0,0,,,,1,1,0,,,,,,,,,
26/04/2025 02:00,2,2,0,0,0,0,2,0,2,3,3,0,,,,1,1,0,,,,,,,,,
26/04/2025 03:00,1,0,1,0,0,0,0,0,0,0,0,0,,,,0,0,0,,,,,,,,,
26/04/2025 04:00,1,0,1,1,0,1,1,0,1,0,0,0,,,,0,0,0,,,,,,,,,
26/04/2025 05:00,2,0,2,1,1,0,0,0,0,0,0,0,,,,2,2,0,,,,,,,,,
26/04/2025 06:00,22,9,13,7,4,3,3,2,1,2,1,1,,,,8,6,2,,,,,,,,,
26/04/2025 07:00,81,36,45,25,10,15,21,15,6,5,4,1,,,,19,13,6,,,,,,,,,
26/04/2025 08:00,104,53,51,45,28,17,57,41,16,17,8,9,,,,60,41,19,,,,,,,,,
26/04/2025 09:00,210,100,110,68,34,34,76,53,23,30,17,13,,,,102,60,42,,,,,,,,,
26/04/2025 10:00,278,174,104,135,95,40,70,44,26,38,14,24,,,,125,76,49,,,,,,,,,
26/04/2025 11:00,219,114,105,69,40,29,51,31,20,37,19,18,,,,112,56,56,,,,,,,,,
26/04/2025 12:00,277,141,136,87,51,36,68,33,35,53,33,20,,,,127,78,49,,,,,,,,,
26/04/2025 13:00,278,166,112,92,48,44,72,39,33,51,25,26,,,,143,79,64,,,,,,,,,
26/04/2025 14:00,413,227,186,96,58,38,102,57,45,32,16,16,,,,132,80,52,,,,,,,,,
26/04/2025 15:00,404,202,202,105,54,51,93,66,27,35,20,15,,,,149,73,76,,,,,,,,,
26/04/2025 16:00,331,179,152,81,41,40,61,44,17,48,18,30,,,,128,72,56,,,,,,,,,
26/04/2025 17:00,358,202,156,67,40,27,71,41,30,34,15,19,,,,117,44,73,,,,,,,,,
26/04/2025 18:00,282,156,126,46,19,27,54,21,33,25,15,10,,,,99,51,48,,,,,,,,,
26/04/2025 19:00,240,95,145,66,31,35,61,28,33,26,15,11,,,,84,47,37,,,,,,,,,
26/04/2025 20:00,209,87,122,38,19,19,42,21,21,13,8,5,,,,78,29,49,,,,,,,,,
26/04/2025 21:00,107,45,62,17,7,10,27,20,7,4,1,3,,,,29,16,13,,,,,,,,,
26/04/2025 22:00,33,17,16,12,7,5,13,5,8,8,3,5,,,,7,1,6,,,,,,,,,
26/04/2025 23:00,4,2,2,4,1,3,9,7,2,6,2,4,,,,1,1,0,,,,,,,,,
27/04/2025 00:00,0,0,0,1,1,0,3,2,1,3,1,2,,,,2,0,2,,,,,,,,,
27/04/2025 01:00,7,4,3,2,0,2,11,10,1,0,0,0,,,,4,0,4,,,,,,,,,
27/04/2025 02:00,0,0,0,1,1,0,2,0,2,1,0,1,,,,0,0,0,,,,,,,,,
27/04/2025 03:00,0,0,0,0,0,0,0,0,0,0,0,0,,,,0,0,0,,,,,,,,,
27/04/2025 04:00,0,0,0,0,0,0,0,0,0,0,0,0,,,,0,0,0,,,,,,,,,
27/04/2025 05:00,2,0,2,0,0,0,1,1,0,0,0,0,,,,0,0,0,,,,,,,,,
27/04/2025 06:00,10,4,6,6,3,3,1,0,1,1,1,0,,,,8,6,2,,,,,,,,,
27/04/2025 07:00,58,30,28,15,10,5,16,12,4,5,2,3,,,,26,16,10,,,,,,,,,
27/04/2025 08:00,117,51,66,56,29,27,20,10,10,29,13,16,,,,65,36,29,,,,,,,,,
27/04/2025 09:00,206,114,92,85,46,39,84,57,27,41,21,20,,,,114,59,55,,,,,,,,,
27/04/2025 10:00,341,186,155,88,52,36,64,37,27,47,31,16,,,,174,106,68,,,,,,,,,
27/04/2025 11:00,445,274,171,109,61,48,83,50,33,63,33,30,,,,179,95,84,,,,,,,,,
27/04/2025 12:00,490,278,212,132,69,63,103,57,46,52,26,26,,,,164,97,67,,,,,,,,,
27/04/2025 13:00,475,240,235,92,45,47,116,58,58,68,38,30,,,,138,71,67,,,,,,,,,
27/04/2025 14:00,486,243,243,83,54,29,71,40,31,44,24,20,,,,126,58,68,,,,,,,,,
27/04/2025 15:00,485,263,222,86,46,40,67,44,23,54,38,16,,,,118,58,60,,,,,,,,,
27/04/2025 16:00,428,182,246,71,43,28,77,42,35,68,33,35,,,,119,77,42,,,,,,,,,
27/04/2025 17:00,325,164,161,67,35,32,72,33,39,61,41,20,,,,103,46,57,,,,,,,,,
27/04/2025 18:00,234,117,117,47,28,19,36,19,17,23,11,12,,,,137,65,72,,,,,,,,,
27/04/2025 19:00,160,75,85,38,21,17,32,17,15,25,13,12,,,,93,41,52,,,,,,,,,
27/04/2025 20:00,120,63,57,21,7,14,24,9,15,14,8,6,,,,52,27,25,,,,,,,,,
27/04/2025 21:00,82,44,38,20,8,12,26,15,11,13,4,9,,,,22,12,10,,,,,,,,,
27/04/2025 22:00,22,13,9,11,3,8,14,7,7,0,0,0,,,,2,1,1,,,,,,,,,
27/04/2025 23:00,7,4,3,1,0,1,8,3,5,3,1,2,,,,1,0,1,,,,,,,,,
28/04/2025 00:00,1,1,0,0,0,0,0,0,0,1,0,1,,,,0,0,0,,,,,,,,,
28/04/2025 01:00,0,0,0,0,0,0,4,1,3,0,0,0,,,,1,0,1,,,,,,,,,
28/04/2025 02:00,0,0,0,0,0,0,0,0,0,2,0,2,,,,0,0,0,,,,,,,,,
28/04/2025 03:00,0,0,0,0,0,0,0,0,0,0,0,0,,,,0,0,0,,,,,,,,,
28/04/2025 04:00,0,0,0,0,0,0,2,2,0,0,0,0,,,,0,0,0,,,,,,,,,
28/04/2025 05:00,7,4,3,3,2,1,2,2,0,2,1,1,,,,6,3,3,,,,,,,,,
28/04/2025 06:00,40,19,21,19,11,8,11,5,6,9,6,3,,,,15,11,4,,,,,,,,,
28/04/2025 07:00,87,40,47,39,18,21,18,9,9,17,9,8,,,,53,33,20,,,,,,,,,
28/04/2025 08:00,115,53,62,38,15,23,31,14,17,44,26,18,,,,85,46,39,,,,,,,,,
28/04/2025 09:00,112,57,55,37,16,21,28,13,15,42,27,15,,,,66,34,32,,,,,,,,,
28/04/2025 10:00,134,66,68,50,27,23,56,23,33,25,8,17,,,,77,34,43,,,,,,,,,
28/04/2025 11:00,196,96,100,37,17,20,58,27,31,29,16,13,,,,82,47,35,,,,,,,,,
28/04/2025 12:00,184,101,83,52,23,29,45,27,18,30,19,11,,,,75,36,39,,,,,,,,,
28/04/2025 13:00,221,110,111,61,27,34,48,29,19,35,17,18,,,,90,42,48,,,,,,,,,
28/04/2025 14:00,158,77,81,30,18,12,37,18,19,36,16,20,,,,91,54,37,,,,,,,,,
28/04/2025 15:00,149,79,70,51,33,18,25,13,12,27,9,18,,,,76,41,35,,,,,,,,,
28/04/2025 16:00,159,76,83,47,30,17,40,26,14,43,30,13,,,,132,67,65,,,,,,,,,
28/04/2025 17:00,153,67,86,67,39,28,56,31,25,31,14,17,,,,152,89,63,,,,,,,,,
28/04/2025 18:00,204,105,99,67,38,29,53,27,26,37,16,21,,,,106,50,56,,,,,,,,,
28/04/2025 19:00,166,88,78,63,36,27,39,24,15,31,12,19,,,,98,48,50,,,,,,,,,
28/04/2025 20:00,187,105,82,48,26,22,49,22,27,29,16,13,,,,75,35,40,,,,,,,,,
28/04/2025 21:00,106,57,49,30,9,21,21,11,10,8,3,5,,,,24,11,13,,,,,,,,,
28/04/2025 22:00,37,24,13,12,3,9,10,5,5,4,0,4,,,,7,6,1,,,,,,,,,
28/04/2025 23:00,6,2,4,8,3,5,3,0,3,0,0,0,,,,3,1,2,,,,,,,,,
29/04/2025 00:00,2,0,2,3,0,3,2,0,2,1,0,1,,,,2,0,2,,,,,,,,,
29/04/2025 01:00,0,0,0,1,0,1,0,0,0,1,0,1,,,,1,1,0,,,,,,,,,
29/04/2025 02:00,1,1,0,0,0,0,0,0,0,0,0,0,,,,1,1,0,,,,,,,,,
29/04/2025 03:00,0,0,0,0,0,0,0,0,0,0,0,0,,,,0,0,0,,,,,,,,,
29/04/2025 04:00,0,0,0,0,0,0,0,0,0,0,0,0,,,,0,0,0,,,,,,,,,
29/04/2025 05:00,22,9,13,6,5,1,4,2,2,1,1,0,,,,7,5,2,,,,,,,,,
29/04/2025 06:00,61,28,33,25,10,15,24,17,7,11,6,5,,,,37,21,16,,,,,,,,,
29/04/2025 07:00,105,51,54,30,9,21,28,17,11,24,9,15,,,,80,42,38,,,,,,,,,
29/04/2025 08:00,132,63,69,46,25,21,38,17,21,52,30,22,,,,115,59,56,,,,,,,,,
29/04/2025 09:00,154,66,88,31,11,20,53,30,23,40,21,19,,,,89,41,48,,,,,,,,,
29/04/2025 10:00,189,105,84,50,26,24,43,18,25,24,11,13,,,,57,28,29,,,,,,,,,
29/04/2025 11:00,175,96,79,44,26,18,28,16,12,23,11,12,,,,77,45,32,,,,,,,,,
29/04/2025 12:00,216,107,109,65,29,36,33,20,13,58,31,27,,,,82,50,32,,,,,,,,,
29/04/2025 13:00,236,127,109,66,32,34,60,32,28,49,22,27,,,,191,115,76,,,,,,,,,
29/04/2025 14:00,216,101,115,48,21,27,57,38,19,28,11,17,,,,126,65,61,,,,,,,,,
29/04/2025 15:00,216,105,111,44,20,24,31,17,14,33,22,11,,,,164,41,123,,,,,,,,,
29/04/2025 16:00,240,120,120,55,29,26,42,20,22,69,53,16,,,,131,74,57,,,,,,,,,
29/04/2025 17:00,234,127,107,97,66,31,45,24,21,38,22,16,,,,157,82,75,,,,,,,,,
29/04/2025 18:00,301,162,139,107,58,49,74,44,30,39,27,12,,,,159,91,68,,,,,,,,,
29/04/2025 19:00,308,152,156,104,63,41,80,38,42,24,12,12,,,,168,86,82,,,,,,,,,
29/04/2025 20:00,242,119,123,60,28,32,61,28,33,28,18,10,,,,81,41,40,,,,,,,,,
29/04/2025 21:00,104,56,48,44,20,24,28,8,20,11,6,5,,,,40,16,24,,,,,,,,,
29/04/2025 22:00,33,18,15,9,6,3,9,2,7,0,0,0,,,,15,4,11,,,,,,,,,
29/04/2025 23:00,14,11,3,5,1,4,3,1,2,1,1,0,,,,2,1,1,,,,,,,,,
30/04/2025 00:00,0,0,0,0,0,0,2,0,2,2,0,2,,,,2,1,1,,,,,,,,,
30/04/2025 01:00,3,1,2,0,0,0,0,0,0,0,0,0,,,,0,0,0,,,,,,,,,
30/04/2025 02:00,0,0,0,0,0,0,0,0,0,0,0,0,,,,0,0,0,,,,,,,,,
30/04/2025 03:00,0,0,0,1,1,0,3,1,2,0,0,0,,,,0,0,0,,,,,,,,,
30/04/2025 04:00,0,0,0,0,0,0,0,0,0,2,2,0,,,,0,0,0,,,,,,,,,
30/04/2025 05:00,11,3,8,1,1,0,5,3,2,2,1,1,,,,2,1,1,,,,,,,,,
30/04/2025 06:00,60,30,30,30,13,17,10,6,4,12,6,6,,,,36,21,15,,,,,,,,,
30/04/2025 07:00,129,71,58,43,16,27,23,13,10,24,8,16,,,,82,47,35,,,,,,,,,
30/04/2025 08:00,128,58,70,42,21,21,38,21,17,35,19,16,,,,133,60,73,,,,,,,,,
30/04/2025 09:00,163,78,85,48,24,24,37,22,15,32,14,18,,,,81,42,39,,,,,,,,,
30/04/2025 10:00,203,127,76,73,39,34,35,18,17,31,15,16,,,,62,35,27,,,,,,,,,
30/04/2025 11:00,257,148,109,79,38,41,46,25,21,26,10,16,,,,71,37,34,,,,,,,,,
30/04/2025 12:00,253,149,104,60,33,27,43,22,21,40,16,24,,,,105,58,47,,,,,,,,,
30/04/2025 13:00,374,201,173,95,59,36,54,32,22,44,29,15,,,,130,72,58,,,,,,,,,
30/04/2025 14:00,368,199,169,70,41,29,44,15,29,32,18,14,,,,152,76,76,,,,,,,,,
30/04/2025 15:00,393,208,185,84,58,26,48,25,23,28,16,12,,,,122,50,72,,,,,,,,,
30/04/2025 16:00,421,233,188,102,53,49,68,33,35,24,12,12,,,,107,41,66,,,,,,,,,
30/04/2025 17:00,394,187,207,114,63,51,67,37,30,59,36,23,,,,137,70,67,,,,,,,,,
30/04/2025 18:00,468,203,265,152,73,79,93,51,42,60,41,19,,,,165,105,60,,,,,,,,,
30/04/2025 19:00,534,255,279,143,63,80,108,60,48,31,20,11,,,,172,91,81,,,,,,,,,
30/04/2025 20:00,406,187,219,101,41,60,64,32,32,25,17,8,,,,126,47,79,,,,,,,,,
30/04/2025 21:00,144,63,81,59,26,33,43,22,21,7,4,3,,,,35,14,21,,,,,,,,,
30/04/2025 22:00,50,26,24,9,0,9,18,1,17,1,0,1,,,,7,4,3,,,,,,,,,
30/04/2025 23:00,15,7,8,5,3,2,4,2,2,0,0,0,,,,4,0,4,,,,,,,,,
01/05/2025 00:00,0,0,0,0,0,0,0,0,0,1,1,0,,,,1,1,0,,,,,,,,,
01/05/2025 01:00,0,0,0,0,0,0,0,0,0,0,0,0,,,,0,0,0,,,,,,,,,
01/05/2025 02:00,2,2,0,0,0,0,0,0,0,0,0,0,,,,2,2,0,,,,,,,,,
01/05/2025 03:00,0,0,0,0,0,0,0,0,0,0,0,0,,,,0,0,0,,,,,,,,,
01/05/2025 04:00,1,0,1,1,0,1,0,0,0,0,0,0,,,,0,0,0,,,,,,,,,
01/05/2025 05:00,18,5,13,6,3,3,7,3,4,0,0,0,,,,8,6,2,,,,,,,,,
01/05/2025 06:00,78,36,42,21,8,13,20,15,5,8,6,2,,,,33,21,12,,,,,,,,,
01/05/2025 07:00,105,57,48,49,24,25,34,18,16,12,2,10,,,,76,35,41,,,,,,,,,
01/05/2025 08:00,111,51,60,45,15,30,26,9,17,52,22,30,,,,131,68,63,,,,,,,,,
01/05/2025 09:00,169,86,83,49,24,25,44,25,19,39,20,19,,,,105,46,59,,,,,,,,,
01/05/2025 10:00,207,113,94,44,24,20,45,23,22,35,21,14,,,,86,48,38,,,,,,,,,
01/05/2025 11:00,261,137,124,58,31,27,40,19,21,28,11,17,,,,64,38,26,,,,,,,,,
01/05/2025 12:00,261,150,111,82,48,34,54,32,22,36,23,13,,,,134,73,61,,,,,,,,,
01/05/2025 13:00,282,151,131,90,44,46,42,23,19,33,16,17,,,,151,115,36,,,,,,,,,
01/05/2025 14:00,206,98,108,71,36,35,36,16,20,34,14,20,,,,85,51,34,,,,,,,,,
01/05/2025 15:00,161,70,91,55,27,28,24,10,14,23,13,10,,,,180,57,123,,,,,,,,,
01/05/2025 16:00,199,89,110,54,32,22,35,20,15,37,15,22,,,,134,55,79,,,,,,,,,
01/05/2025 17:00,163,76,87,41,24,17,36,16,20,30,5,25,,,,95,52,43,,,,,,,,,
01/05/2025 18:00,187,92,95,71,38,33,44,23,21,32,18,14,,,,112,60,52,,,,,,,,,
01/05/2025 19:00,139,80,59,42,27,15,36,20,16,36,24,12,,,,107,56,51,,,,,,,,,
01/05/2025 20:00,158,84,74,48,29,19,23,14,9,11,5,6,,,,51,33,18,,,,,,,,,
01/05/2025 21:00,75,39,36,32,13,19,26,15,11,12,7,5,,,,33,19,14,,,,,,,,,
01/05/2025 22:00,34,16,18,11,3,8,12,6,6,3,1,2,,,,9,2,7,,,,,,,,,
01/05/2025 23:00,5,5,0,5,4,1,4,4,0,2,2,0,,,,1,0,1,,,,,,,,,
02/05/2025 00:00,0,0,0,1,0,1,0,0,0,2,2,0,,,,4,2,2,,,,,,,,,
02/05/2025 01:00,1,1,0,0,0,0,1,0,1,0,0,0,,,,1,1,0,,,,,,,,,
02/05/2025 02:00,3,2,1,2,2,0,2,2,0,0,0,0,,,,0,0,0,,,,,,,,,
02/05/2025 03:00,0,0,0,0,0,0,0,0,0,0,0,0,,,,1,1,0,,,,,,,,,
02/05/2025 04:00,1,1,0,1,1,0,0,0,0,0,0,0,,,,0,0,0,,,,,,,,,
02/05/2025 05:00,93,7,86,3,0,3,7,3,4,2,1,1,,,,0,0,0,,,,,,,,,
02/05/2025 06:00,137,106,31,26,15,11,18,11,7,9,6,3,,,,18,13,5,,,,,,,,,
02/05/2025 07:00,93,46,47,41,20,21,38,18,20,15,7,8,,,,66,38,28,,,,,,,,,
02/05/2025 08:00,127,65,62,57,28,29,32,12,20,42,25,17,,,,120,67,53,,,,,,,,,
02/05/2025 09:00,141,77,64,41,20,21,30,21,9,43,23,20,,,,76,39,37,,,,,,,,,
02/05/2025 10:00,176,104,72,52,22,30,47,24,23,30,11,19,,,,88,66,22,,,,,,,,,
02/05/2025 11:00,190,86,104,47,23,24,28,13,15,34,20,14,,,,115,54,61,,,,,,,,,
02/05/2025 12:00,159,94,65,61,33,28,30,16,14,40,21,19,,,,123,67,56,,,,,,,,,
02/05/2025 13:00,217,119,98,62,40,22,48,28,20,35,12,23,,,,141,77,64,,,,,,,,,
02/05/2025 14:00,182,88,94,52,22,30,22,17,5,32,21,11,,,,161,86,75,,,,,,,,,
02/05/2025 15:00,237,117,120,65,40,25,45,30,15,21,11,10,,,,138,52,86,,,,,,,,,
02/05/2025 16:00,239,105,134,95,43,52,51,26,25,24,14,10,,,,136,63,73,,,,,,,,,
02/05/2025 17:00,271,138,133,69,41,28,54,37,17,19,8,11,,,,111,55,56,,,,,,,,,
02/05/2025 18:00,221,109,112,68,35,33,58,28,30,25,16,9,,,,118,60,58,,,,,,,,,
02/05/2025 19:00,230,100,130,60,21,39,45,18,27,18,7,11,,,,75,41,34,,,,,,,,,
02/05/2025 20:00,203,102,101,46,27,19,60,27,33,17,8,9,,,,59,25,34,,,,,,,,,
02/05/2025 21:00,144,68,76,34,21,13,33,16,17,11,7,4,,,,33,15,18,,,,,,,,,
02/05/2025 22:00,45,21,24,8,3,5,24,13,11,8,5,3,,,,8,4,4,,,,,,,,,
02/05/2025 23:00,21,14,7,0,0,0,4,0,4,3,0,3,,,,4,0,4,,,,,,,,,
03/05/2025 00:00,1,0,1,3,0,3,1,1,0,0,0,0,,,,9,5,4,,,,,,,,,
03/05/2025 01:00,4,3,1,2,0,2,0,0,0,3,3,0,,,,5,2,3,,,,,,,,,
03/05/2025 02:00,1,1,0,1,0,1,0,0,0,0,0,0,,,,2,1,1,,,,,,,,,
03/05/2025 03:00,1,1,0,0,0,0,0,0,0,0,0,0,,,,0,0,0,,,,,,,,,
03/05/2025 04:00,1,1,0,1,0,1,4,0,4,1,0,1,,,,0,0,0,,,,,,,,,
03/05/2025 05:00,6,2,4,0,0,0,0,0,0,3,1,2,,,,2,1,1,,,,,,,,,
03/05/2025 06:00,35,12,23,7,3,4,9,5,4,3,1,2,,,,9,2,7,,,,,,,,,
03/05/2025 07:00,111,52,59,30,15,15,22,13,9,8,4,4,,,,31,18,13,,,,,,,,,
03/05/2025 08:00,136,78,58,62,38,24,32,21,11,23,16,7,,,,52,28,24,,,,,,,,,
03/05/2025 09:00,145,66,79,67,43,24,38,26,12,39,21,18,,,,120,78,42,,,,,,,,,
03/05/2025 10:00,207,118,89,103,60,43,62,29,33,41,18,23,,,,147,88,59,,,,,,,,,
03/05/2025 11:00,269,133,136,89,45,44,68,39,29,42,23,19,,,,152,83,69,,,,,,,,,
03/05/2025 12:00,266,127,139,72,46,26,69,39,30,71,30,41,,,,133,85,48,,,,,,,,,
03/05/2025 13:00,294,158,136,72,40,32,51,18,33,45,26,19,,,,111,59,52,,,,,,,,,
03/05/2025 14:00,311,185,126,109,47,62,72,31,41,53,24,29,,,,114,62,52,,,,,,,,,
03/05/2025 15:00,337,166,171,70,32,38,94,47,47,45,24,21,,,,137,72,65,,,,,,,,,
03/05/2025 16:00,335,176,159,87,47,40,60,18,42,52,23,29,,,,142,69,73,,,,,,,,,
03/05/2025 17:00,325,173,152,86,39,47,74,39,35,40,18,22,,,,107,44,63,,,,,,,,,
03/05/2025 18:00,233,120,113,65,27,38,54,28,26,34,22,12,,,,99,46,53,,,,,,,,,
03/05/2025 19:00,209,98,111,43,17,26,40,20,20,24,11,13,,,,58,31,27,,,,,,,,,
03/05/2025 20:00,141,62,79,34,26,8,45,20,25,21,11,10,,,,41,19,22,,,,,,,,,
03/05/2025 21:00,98,43,55,32,11,21,25,17,8,16,4,12,,,,24,14,10,,,,,,,,,
03/05/2025 22:00,35,20,15,9,4,5,14,14,0,9,4,5,,,,9,5,4,,,,,,,,,
03/05/2025 23:00,16,11,5,3,0,3,4,3,1,7,5,2,,,,5,2,3,,,,,,,,,
04/05/2025 00:00,0,0,0,0,0,0,4,2,2,2,0,2,,,,0,0,0,,,,,,,,,
04/05/2025 01:00,4,2,2,2,1,1,2,1,1,2,1,1,,,,0,0,0,,,,,,,,,
04/05/2025 02:00,2,1,1,1,0,1,1,0,1,2,0,2,,,,0,0,0,,,,,,,,,
04/05/2025 03:00,1,1,0,0,0,0,0,0,0,3,3,0,,,,2,2,0,,,,,,,,,
04/05/2025 04:00,2,1,1,0,0,0,0,0,0,0,0,0,,,,0,0,0,,,,,,,,,
04/05/2025 05:00,3,1,2,1,0,1,0,0,0,0,0,0,,,,1,1,0,,,,,,,,,
04/05/2025 06:00,20,9,11,5,3,2,3,3,0,1,0,1,,,,5,3,2,,,,,,,,,
04/05/2025 07:00,75,39,36,27,15,12,17,11,6,4,3,1,,,,28,19,9,,,,,,,,,
04/05/2025 08:00,116,52,64,46,24,22,36,17,19,26,12,14,,,,76,42,34,,,,,,,,,
04/05/2025 09:00,238,119,119,87,51,36,66,33,33,33,20,13,,,,116,66,50,,,,,,,,,
04/05/2025 10:00,267,145,122,69,34,35,65,36,29,48,28,20,,,,126,70,56,,,,,,,,,
04/05/2025 11:00,363,208,155,80,49,31,59,39,20,64,25,39,,,,122,67,55,,,,,,,,,
04/05/2025 12:00,394,211,183,90,42,48,79,45,34,65,39,26,,,,104,56,48,,,,,,,,,
04/05/2025 13:00,374,201,173,71,31,40,59,35,24,44,21,23,,,,97,50,47,,,,,,,,,
04/05/2025 14:00,424,229,195,72,42,30,76,41,35,48,23,25,,,,95,56,39,,,,,,,,,
04/05/2025 15:00,417,199,218,91,42,49,76,28,48,73,37,36,,,,110,53,57,,,,,,,,,
04/05/2025 16:00,408,210,198,111,47,64,98,34,64,52,23,29,,,,130,65,65,,,,,,,,,
04/05/2025 17:00,264,131,133,58,32,26,51,20,31,27,15,12,,,,100,48,52,,,,,,,,,
04/05/2025 18:00,240,109,131,73,41,32,54,21,33,19,9,10,,,,93,47,46,,,,,,,,,
04/05/2025 19:00,194,94,100,61,21,40,43,18,25,20,8,12,,,,83,41,42,,,,,,,,,
04/05/2025 20:00,158,91,67,32,13,19,44,20,24,22,9,13,,,,60,24,36,,,,,,,,,
04/05/2025 21:00,80,40,40,29,13,16,33,9,24,14,9,5,,,,24,9,15,,,,,,,,,
04/05/2025 22:00,28,12,16,14,5,9,11,9,2,5,4,1,,,,2,2,0,,,,,,,,,
04/05/2025 23:00,15,8,7,1,0,1,4,2,2,2,0,2,,,,5,2,3,,,,,,,,,
05/05/2025 00:00,1,1,0,0,0,0,1,1,0,3,0,3,,,,0,0,0,,,,,,,,,
05/05/2025 01:00,0,0,0,0,0,0,0,0,0,0,0,0,,,,0,0,0,,,,,,,,,
05/05/2025 02:00,0,0,0,0,0,0,0,0,0,0,0,0,,,,0,0,0,,,,,,,,,
05/05/2025 03:00,1,1,0,0,0,0,1,0,1,0,0,0,,,,0,0,0,,,,,,,,,
05/05/2025 04:00,0,0,0,0,0,0,1,0,1,0,0,0,,,,0,0,0,,,,,,,,,
05/05/2025 05:00,5,1,4,0,0,0,0,0,0,1,1,0,,,,0,0,0,,,,,,,,,
05/05/2025 06:00,28,14,14,6,4,2,3,3,0,2,1,1,,,,9,6,3,,,,,,,,,
05/05/2025 07:00,64,42,22,17,10,7,17,13,4,12,6,6,,,,21,12,9,,,,,,,,,
05/05/2025 08:00,114,57,57,33,16,17,41,19,22,25,17,8,,,,58,31,27,,,,,,,,,
05/05/2025 09:00,154,78,76,77,49,28,50,27,23,21,9,12,,,,89,63,26,,,,,,,,,
05/05/2025 10:00,245,130,115,92,48,44,73,44,29,47,30,17,,,,120,80,40,,,,,,,,,
05/05/2025 11:00,329,182,147,118,67,51,67,43,24,53,24,29,,,,144,75,69,,,,,,,,,
05/05/2025 12:00,426,212,214,120,73,47,95,54,41,58,32,26,,,,145,76,69,,,,,,,,,
05/05/2025 13:00,497,298,199,125,67,58,115,73,42,46,26,20,,,,140,63,77,,,,,,,,,
05/05/2025 14:00,476,241,235,127,71,56,91,52,39,51,22,29,,,,170,97,73,,,,,,,,,
05/05/2025 15:00,565,297,268,102,44,58,88,48,40,57,24,33,,,,186,96,90,,,,,,,,,
05/05/2025 16:00,579,279,300,105,49,56,75,39,36,53,27,26,,,,148,61,87,,,,,,,,,
05/05/2025 17:00,428,205,223,111,45,66,95,36,59,56,32,24,,,,168,85,83,,,,,,,,,
05/05/2025 18:00,298,120,178,69,33,36,72,29,43,27,15,12,,,,114,50,64,,,,,,,,,
05/05/2025 19:00,306,151,155,84,41,43,65,35,30,33,12,21,,,,63,26,37,,,,,,,,,
05/05/2025 20:00,177,87,90,53,33,20,50,26,24,10,7,3,,,,56,29,27,,,,,,,,,
05/05/2025 21:00,91,48,43,36,18,18,14,4,10,19,10,9,,,,22,9,13,,,,,,,,,
05/05/2025 22:00,28,18,10,9,4,5,14,7,7,4,2,2,,,,5,2,3,,,,,,,,,
05/05/2025 23:00,3,2,1,0,0,0,6,1,5,2,1,1,,,,2,1,1,,,,,,,,,
06/05/2025 00:00,0,0,0,0,0,0,0,0,0,0,0,0,,,,0,0,0,,,,,,,,,
06/05/2025 01:00,2,1,1,1,0,1,0,0,0,0,0,0,,,,0,0,0,,,,,,,,,
06/05/2025 02:00,0,0,0,0,0,0,0,0,0,0,0,0,,,,1,1,0,,,,,,,,,
06/05/2025 03:00,0,0,0,0,0,0,0,0,0,0,0,0,,,,0,0,0,,,,,,,,,
06/05/2025 04:00,0,0,0,0,0,0,0,0,0,0,0,0,,,,0,0,0,,,,,,,,,
06/05/2025 05:00,15,5,10,4,3,1,4,4,0,0,0,0,,,,4,4,0,,,,,,,,,
06/05/2025 06:00,67,37,30,17,10,7,21,12,9,10,7,3,,,,22,13,9,,,,,,,,,
06/05/2025 07:00,79,38,41,39,11,28,16,7,9,20,7,13,,,,64,32,32,,,,,,,,,
06/05/2025 08:00,110,51,59,29,20,9,36,17,19,39,21,18,,,,126,58,68,,,,,,,,,
06/05/2025 09:00,139,63,76,40,19,21,36,20,16,44,25,19,,,,82,41,41,,,,,,,,,
06/05/2025 10:00,134,70,64,43,27,16,31,18,13,24,14,10,,,,55,25,30,,,,,,,,,
06/05/2025 11:00,163,79,84,51,21,30,41,15,26,21,8,13,,,,78,40,38,,,,,,,,,
06/05/2025 12:00,221,122,99,59,31,28,39,23,16,45,27,18,,,,94,63,31,,,,,,,,,
06/05/2025 13:00,241,117,124,62,40,22,72,40,32,25,11,14,,,,122,65,57,,,,,,,,,
06/05/2025 14:00,175,92,83,61,27,34,33,19,14,32,15,17,,,,125,66,59,,,,,,,,,
06/05/2025 15:00,162,88,74,50,29,21,48,22,26,22,11,11,,,,102,44,58,,,,,,,,,
06/05/2025 16:00,172,97,75,67,32,35,32,17,15,40,18,22,,,,97,45,52,,,,,,,,,
06/05/2025 17:00,184,87,97,76,47,29,51,29,22,40,15,25,,,,142,81,61,,,,,,,,,
06/05/2025 18:00,204,103,101,81,41,40,66,29,37,34,13,21,,,,145,79,66,,,,,,,,,
06/05/2025 19:00,248,127,121,53,31,22,62,30,32,21,10,11,,,,132,72,60,,,,,,,,,
06/05/2025 20:00,181,95,86,55,33,22,32,12,20,16,7,9,,,,81,38,43,,,,,,,,,
06/05/2025 21:00,129,67,62,28,15,13,27,11,16,16,8,8,,,,54,22,32,,,,,,,,,
06/05/2025 22:00,32,17,15,9,7,2,10,2,8,1,1,0,,,,10,6,4,,,,,,,,,
06/05/2025 23:00,3,3,0,7,0,7,4,3,1,2,2,0,,,,3,3,0,,,,,,,,,
07/05/2025 00:00,0,0,0,0,0,0,0,0,0,0,0,0,,,,1,0,1,,,,,,,,,
07/05/2025 01:00,5,3,2,0,0,0,0,0,0,0,0,0,,,,0,0,0,,,,,,,,,
07/05/2025 02:00,5,2,3,1,0,1,1,0,1,0,0,0,,,,0,0,0,,,,,,,,,
07/05/2025 03:00,1,1,0,0,0,0,0,0,0,0,0,0,,,,0,0,0,,,,,,,,,
07/05/2025 04:00,1,1,0,0,0,0,0,0,0,2,2,0,,,,2,2,0,,,,,,,,,
07/05/2025 05:00,16,10,6,5,4,1,4,1,3,3,2,1,,,,1,0,1,,,,,,,,,
07/05/2025 06:00,60,26,34,21,13,8,18,11,7,7,5,2,,,,19,15,4,,,,,,,,,
07/05/2025 07:00,100,54,46,33,11,22,21,10,11,19,7,12,,,,58,30,28,,,,,,,,,
07/05/2025 08:00,119,54,65,44,18,26,31,14,17,55,25,30,,,,100,49,51,,,,,,,,,
07/05/2025 09:00,117,55,62,52,33,19,36,27,9,34,16,18,,,,72,34,38,,,,,,,,,
07/05/2025 10:00,161,82,79,40,21,19,52,38,14,28,11,17,,,,92,51,41,,,,,,,,,
07/05/2025 11:00,168,89,79,56,27,29,30,15,15,24,11,13,,,,88,48,40,,,,,,,,,
07/05/2025 12:00,217,121,96,81,37,44,38,19,19,35,14,21,,,,107,56,51,,,,,,,,,
07/05/2025 13:00,248,117,131,58,38,20,77,27,50,33,24,9,,,,140,73,67,,,,,,,,,
07/05/2025 14:00,174,80,94,68,29,39,43,19,24,23,12,11,,,,123,72,51,,,,,,,,,
07/05/2025 15:00,248,130,118,47,25,22,30,19,11,25,9,16,,,,116,52,64,,,,,,,,,
07/05/2025 16:00,184,108,76,43,20,23,30,11,19,16,5,11,,,,110,51,59,,,,,,,,,
07/05/2025 17:00,188,84,104,70,39,31,62,31,31,39,14,25,,,,126,72,54,,,,,,,,,
07/05/2025 18:00,214,123,91,88,51,37,65,42,23,23,12,11,,,,133,74,59,,,,,,,,,
07/05/2025 19:00,230,135,95,73,32,41,55,31,24,28,10,18,,,,124,67,57,,,,,,,,,
07/05/2025 20:00,226,105,121,65,19,46,57,34,23,18,13,5,,,,96,43,53,,,,,,,,,
07/05/2025 21:00,126,60,66,29,11,18,30,13,17,19,14,5,,,,27,10,17,,,,,,,,,
07/05/2025 22:00,38,24,14,7,5,2,10,4,6,6,0,6,,,,10,6,4,,,,,,,,,
07/05/2025 23:00,6,2,4,6,3,3,4,3,1,1,1,0,,,,2,2,0,,,,,,,,,
08/05/2025 00:00,0,0,0,1,0,1,3,1,2,0,0,0,,,,0,0,0,,,,,,,,,
08/05/2025 01:00,1,1,0,0,0,0,2,2,0,0,0,0,,,,0,0,0,,,,,,,,,
08/05/2025 02:00,0,0,0,0,0,0,2,1,1,0,0,0,,,,1,1,0,,,,,,,,,
08/05/2025 03:00,0,0,0,0,0,0,0,0,0,0,0,0,,,,0,0,0,,,,,,,,,
08/05/2025 04:00,0,0,0,2,0,2,0,0,0,0,0,0,,,,0,0,0,,,,,,,,,
08/05/2025 05:00,17,6,11,2,1,1,5,2,3,0,0,0,,,,6,4,2,,,,,,,,,
08/05/2025 06:00,65,30,35,26,13,13,16,13,3,14,9,5,,,,31,21,10,,,,,,,,,
08/05/2025 07:00,83,47,36,19,6,13,25,14,11,19,5,14,,,,65,34,31,,,,,,,,,
08/05/2025 08:00,93,42,51,23,12,11,26,10,16,41,14,27,,,,112,58,54,,,,,,,,,
08/05/2025 09:00,128,70,58,43,19,24,30,18,12,38,17,21,,,,66,34,32,,,,,,,,,
08/05/2025 10:00,135,86,49,48,18,30,33,18,15,20,9,11,,,,45,22,23,,,,,,,,,
08/05/2025 11:00,196,107,89,33,17,16,38,19,19,29,17,12,,,,46,25,21,,,,,,,,,
08/05/2025 12:00,240,120,120,38,28,10,34,21,13,35,18,17,,,,76,40,36,,,,,,,,,
08/05/2025 13:00,228,106,122,70,40,30,83,44,39,39,27,12,,,,137,81,56,,,,,,,,,
08/05/2025 14:00,232,127,105,49,20,29,46,28,18,29,14,15,,,,96,50,46,,,,,,,,,
08/05/2025 15:00,195,103,92,46,27,19,32,25,7,27,20,7,,,,114,59,55,,,,,,,,,
08/05/2025 16:00,178,74,104,41,19,22,43,23,20,20,12,8,,,,129,55,74,,,,,,,,,
08/05/2025 17:00,220,109,111,63,30,33,76,42,34,30,15,15,,,,121,70,51,,,,,,,,,
08/05/2025 18:00,200,97,103,95,48,47,61,29,32,17,9,8,,,,122,73,49,,,,,,,,,
08/05/2025 19:00,248,140,108,72,47,25,53,29,24,28,15,13,,,,139,71,68,,,,,,,,,
08/05/2025 20:00,203,106,97,66,32,34,42,23,19,27,10,17,,,,89,41,48,,,,,,,,,
08/05/2025 21:00,94,52,42,33,8,25,36,18,18,13,4,9,,,,52,21,31,,,,,,,,,
08/05/2025 22:00,37,23,14,10,6,4,12,3,9,8,3,5,,,,11,3,8,,,,,,,,,
08/05/2025 23:00,9,7,2,5,1,4,2,0,2,5,4,1,,,,4,1,3,,,,,,,,,
09/05/2025 00:00,0,0,0,0,0,0,8,1,7,0,0,0,,,,3,2,1,,,,,,,,,
09/05/2025 01:00,3,1,2,0,0,0,0,0,0,0,0,0,,,,0,0,0,,,,,,,,,
09/05/2025 02:00,0,0,0,0,0,0,4,2,2,0,0,0,,,,0,0,0,,,,,,,,,
09/05/2025 03:00,2,2,0,2,0,2,0,0,0,0,0,0,,,,0,0,0,,,,,,,,,
09/05/2025 04:00,1,1,0,0,0,0,0,0,0,2,0,2,,,,0,0,0,,,,,,,,,
09/05/2025 05:00,16,5,11,2,0,2,6,2,4,2,2,0,,,,6,3,3,,,,,,,,,
09/05/2025 06:00,45,18,27,23,11,12,16,9,7,10,4,6,,,,29,18,11,,,,,,,,,
09/05/2025 07:00,107,59,48,32,11,21,28,14,14,18,5,13,,,,63,38,25,,,,,,,,,
09/05/2025 08:00,156,83,73,45,19,26,45,22,23,51,25,26,,,,108,58,50,,,,,,,,,
09/05/2025 09:00,157,75,82,63,41,22,31,21,10,60,38,22,,,,67,39,28,,,,,,,,,
09/05/2025 10:00,184,98,86,48,25,23,33,16,17,25,13,12,,,,59,36,23,,,,,,,,,
09/05/2025 11:00,211,121,90,78,47,31,44,24,20,44,30,14,,,,85,44,41,,,,,,,,,
09/05/2025 12:00,274,169,105,62,34,28,52,27,25,37,19,18,,,,113,50,63,,,,,,,,,
09/05/2025 13:00,241,114,127,93,42,51,65,36,29,40,22,18,,,,143,96,47,,,,,,,,,
09/05/2025 14:00,261,130,131,51,19,32,53,32,21,35,19,16,,,,157,84,73,,,,,,,,,
09/05/2025 15:00,245,125,120,78,38,40,53,20,33,24,10,14,,,,110,52,58,,,,,,,,,
09/05/2025 16:00,211,110,101,68,36,32,67,35,32,35,12,23,,,,157,71,86,,,,,,,,,
09/05/2025 17:00,224,102,122,69,48,21,70,34,36,28,15,13,,,,111,49,62,,,,,,,,,
09/05/2025 18:00,289,146,143,83,45,38,69,29,40,38,23,15,,,,145,77,68,,,,,,,,,
09/05/2025 19:00,264,138,126,56,33,23,52,25,27,11,3,8,,,,77,38,39,,,,,,,,,
09/05/2025 20:00,213,108,105,32,16,16,38,21,17,19,12,7,,,,75,37,38,,,,,,,,,
09/05/2025 21:00,85,48,37,13,5,8,19,13,6,15,9,6,,,,22,9,13,,,,,,,,,
09/05/2025 22:00,28,17,11,17,7,10,23,14,9,4,2,2,,,,18,7,11,,,,,,,,,
09/05/2025 23:00,8,4,4,4,1,3,8,4,4,5,2,3,,,,1,1,0,,,,,,,,,
10/05/2025 00:00,3,3,0,0,0,0,0,0,0,4,1,3,,,,2,0,2,,,,,,,,,
10/05/2025 01:00,1,1,0,10,2,8,3,0,3,0,0,0,,,,0,0,0,,,,,,,,,
10/05/2025 02:00,2,1,1,0,0,0,1,1,0,0,0,0,,,,0,0,0,,,,,,,,,
10/05/2025 03:00,3,0,3,0,0,0,2,0,2,3,2,1,,,,0,0,0,,,,,,,,,
10/05/2025 04:00,58,28,30,6,5,1,9,9,0,1,1,0,,,,56,56,0,,,,,,,,,
10/05/2025 05:00,104,65,39,8,5,3,101,7,94,2,1,1,,,,7,2,5,,,,,,,,,
10/05/2025 06:00,65,31,34,11,5,6,21,7,14,1,0,1,,,,12,6,6,,,,,,,,,
10/05/2025 07:00,107,58,49,26,17,9,14,10,4,8,5,3,,,,37,20,17,,,,,,,,,
10/05/2025 08:00,166,83,83,52,29,23,54,27,27,19,8,11,,,,82,44,38,,,,,,,,,
10/05/2025 09:00,216,115,101,84,62,22,53,38,15,35,18,17,,,,128,83,45,,,,,,,,,
10/05/2025 10:00,318,207,111,143,85,58,102,66,36,41,16,25,,,,179,112,67,,,,,,,,,
10/05/2025 11:00,394,220,174,143,54,89,84,45,39,53,26,27,,,,205,113,92,,,,,,,,,
10/05/2025 12:00,368,188,180,128,81,47,72,46,26,39,23,16,,,,180,99,81,,,,,,,,,
10/05/2025 13:00,442,225,217,121,79,42,86,53,33,62,25,37,,,,141,78,63,,,,,,,,,
10/05/2025 14:00,550,285,265,119,66,53,86,48,38,47,26,21,,,,149,83,66,,,,,,,,,
10/05/2025 15:00,517,260,257,125,70,55,89,49,40,33,17,16,,,,171,101,70,,,,,,,,,
10/05/2025 16:00,510,266,244,103,40,63,109,46,63,37,15,22,,,,215,120,95,,,,,,,,,
10/05/2025 17:00,549,235,314,125,61,64,110,42,68,36,22,14,,,,163,67,96,,,,,,,,,
10/05/2025 18:00,428,204,224,104,39,65,83,42,41,33,18,15,,,,127,54,73,,,,,,,,,
10/05/2025 19:00,315,149,166,62,24,38,89,35,54,13,8,5,,,,89,46,43,,,,,,,,,
10/05/2025 20:00,247,93,154,46,19,27,37,15,22,19,10,9,,,,72,28,44,,,,,,,,,
10/05/2025 21:00,163,72,91,22,9,13,50,30,20,17,10,7,,,,32,11,21,,,,,,,,,
10/05/2025 22:00,51,22,29,15,7,8,22,13,9,3,2,1,,,,14,5,9,,,,,,,,,
10/05/2025 23:00,19,11,8,9,3,6,10,4,6,4,3,1,,,,5,2,3,,,,,,,,,
11/05/2025 00:00,0,0,0,3,0,3,4,3,1,6,3,3,,,,0,0,0,,,,,,,,,
11/05/2025 01:00,2,2,0,0,0,0,5,3,2,0,0,0,,,,2,0,2,,,,,,,,,
11/05/2025 02:00,0,0,0,1,0,1,0,0,0,1,1,0,,,,0,0,0,,,,,,,,,
11/05/2025 03:00,0,0,0,0,0,0,1,0,1,0,0,0,,,,0,0,0,,,,,,,,,
11/05/2025 04:00,2,0,2,0,0,0,2,0,2,1,1,0,,,,0,0,0,,,,,,,,,
11/05/2025 05:00,2,0,2,0,0,0,0,0,0,1,1,0,,,,5,1,4,,,,,,,,,
11/05/2025 06:00,21,7,14,12,8,4,2,2,0,1,0,1,,,,13,8,5,,,,,,,,,
11/05/2025 07:00,57,32,25,21,11,10,16,8,8,7,2,5,,,,38,27,11,,,,,,,,,
11/05/2025 08:00,137,64,73,43,25,18,37,19,18,21,8,13,,,,70,39,31,,,,,,,,,
11/05/2025 09:00,221,128,93,80,43,37,72,40,32,27,17,10,,,,138,74,64,,,,,,,,,
11/05/2025 10:00,359,225,134,181,94,87,113,60,53,38,14,24,,,,177,116,61,,,,,,,,,
11/05/2025 11:00,444,242,202,152,91,61,114,62,52,54,25,29,,,,184,110,74,,,,,,,,,
11/05/2025 12:00,534,259,275,160,86,74,103,60,43,54,28,26,,,,194,108,86,,,,,,,,,
11/05/2025 13:00,456,245,211,111,60,51,95,42,53,58,24,34,,,,147,77,70,,,,,,,,,
11/05/2025 14:00,477,251,226,107,66,41,70,46,24,97,42,55,,,,108,64,44,,,,,,,,,
11/05/2025 15:00,469,224,245,67,35,32,87,40,47,64,22,42,,,,165,91,74,,,,,,,,,
11/05/2025 16:00,436,204,232,78,36,42,74,42,32,31,11,20,,,,128,67,61,,,,,,,,,
11/05/2025 17:00,335,140,195,60,33,27,58,32,26,28,10,18,,,,80,32,48,,,,,,,,,
11/05/2025 18:00,208,101,107,90,40,50,50,25,25,29,18,11,,,,72,32,40,,,,,,,,,
11/05/2025 19:00,182,76,106,56,20,36,55,33,22,22,11,11,,,,68,27,41,,,,,,,,,
11/05/2025 20:00,76,39,37,77,14,63,31,17,14,19,9,10,,,,35,19,16,,,,,,,,,
11/05/2025 21:00,71,35,36,19,12,7,22,9,13,11,8,3,,,,22,12,10,,,,,,,,,
11/05/2025 22:00,21,10,11,8,2,6,8,6,2,4,1,3,,,,5,3,2,,,,,,,,,
11/05/2025 23:00,4,1,3,1,1,0,3,3,0,1,1,0,,,,1,1,0,,,,,,,,,
12/05/2025 00:00,0,0,0,0,0,0,0,0,0,1,0,1,,,,0,0,0,,,,,,,,,
12/05/2025 01:00,2,2,0,1,1,0,0,0,0,0,0,0,,,,0,0,0,,,,,,,,,
12/05/2025 02:00,0,0,0,0,0,0,2,1,1,0,0,0,,,,0,0,0,,,,,,,,,
12/05/2025 03:00,1,0,1,0,0,0,0,0,0,0,0,0,,,,0,0,0,,,,,,,,,
12/05/2025 04:00,1,1,0,0,0,0,0,0,0,0,0,0,,,,1,0,1,,,,,,,,,
12/05/2025 05:00,10,3,7,2,2,0,3,2,1,1,1,0,,,,6,4,2,,,,,,,,,
12/05/2025 06:00,45,16,29,29,16,13,15,13,2,6,4,2,,,,20,11,9,,,,,,,,,
12/05/2025 07:00,62,34,28,26,6,20,15,7,8,16,6,10,,,,57,30,27,,,,,,,,,
12/05/2025 08:00,60,30,30,38,16,22,22,9,13,50,28,22,,,,74,33,41,,,,,,,,,
12/05/2025 09:00,72,41,31,22,9,13,17,10,7,24,12,12,,,,32,14,18,,,,,,,,,
12/05/2025 10:00,105,51,54,18,5,13,35,8,27,15,6,9,,,,40,24,16,,,,,,,,,
12/05/2025 11:00,103,63,40,34,18,16,23,9,14,35,20,15,,,,40,24,16,,,,,,,,,
12/05/2025 12:00,146,91,55,44,26,18,27,17,10,44,25,19,,,,72,36,36,,,,,,,,,
12/05/2025 13:00,187,92,95,46,32,14,51,26,25,34,17,17,,,,106,63,43,,,,,,,,,
12/05/2025 14:00,125,55,70,39,17,22,30,22,8,38,19,19,,,,75,39,36,,,,,,,,,
12/05/2025 15:00,179,88,91,49,29,20,29,18,11,27,10,17,,,,87,36,51,,,,,,,,,
12/05/2025 16:00,164,91,73,55,24,31,51,24,27,37,18,19,,,,111,57,54,,,,,,,,,
12/05/2025 17:00,193,107,86,79,38,41,74,43,31,35,15,20,,,,130,68,62,,,,,,,,,
12/05/2025 18:00,238,131,107,108,67,41,59,32,27,36,22,14,,,,142,73,69,,,,,,,,,
12/05/2025 19:00,254,125,129,107,66,41,60,38,22,38,19,19,,,,163,84,79,,,,,,,,,
12/05/2025 20:00,77,36,41,29,14,15,26,15,11,20,10,10,,,,58,22,36,,,,,,,,,
12/05/2025 21:00,64,35,29,15,7,8,9,2,7,10,6,4,,,,17,9,8,,,,,,,,,
12/05/2025 22:00,39,23,16,13,7,6,3,1,2,1,1,0,,,,8,4,4,,,,,,,,,
12/05/2025 23:00,7,3,4,1,1,0,1,0,1,1,0,1,,,,5,3,2,,,,,,,,,
13/05/2025 00:00,0,0,0,0,0,0,0,0,0,5,3,2,,,,1,0,1,,,,,,,,,
13/05/2025 01:00,1,0,1,0,0,0,0,0,0,0,0,0,,,,0,0,0,,,,,,,,,
13/05/2025 02:00,1,1,0,4,2,2,0,0,0,0,0,0,,,,0,0,0,,,,,,,,,
13/05/2025 03:00,1,1,0,1,0,1,0,0,0,2,2,0,,,,1,0,1,,,,,,,,,
13/05/2025 04:00,1,1,0,0,0,0,1,0,1,0,0,0,,,,0,0,0,,,,,,,,,
13/05/2025 05:00,24,9,15,3,1,2,3,1,2,0,0,0,,,,5,4,1,,,,,,,,,
13/05/2025 06:00,55,28,27,21,10,11,24,15,9,12,6,6,,,,35,25,10,,,,,,,,,
13/05/2025 07:00,94,50,44,49,18,31,32,13,19,26,13,13,,,,71,32,39,,,,,,,,,
13/05/2025 08:00,109,54,55,37,19,18,34,17,17,55,30,25,,,,129,69,60,,,,,,,,,
13/05/2025 09:00,150,79,71,35,17,18,34,16,18,39,23,16,,,,78,37,41,,,,,,,,,
13/05/2025 10:00,205,109,96,50,33,17,33,15,18,26,11,15,,,,64,43,21,,,,,,,,,
13/05/2025 11:00,237,142,95,50,28,22,34,20,14,28,18,10,,,,107,57,50,,,,,,,,,
13/05/2025 12:00,237,123,114,87,45,42,53,37,16,46,29,17,,,,104,54,50,,,,,,,,,
13/05/2025 13:00,350,189,161,62,35,27,57,25,32,29,15,14,,,,140,87,53,,,,,,,,,
13/05/2025 14:00,263,130,133,70,28,42,47,25,22,45,22,23,,,,121,58,63,,,,,,,,,
13/05/2025 15:00,222,96,126,68,38,30,54,25,29,28,13,15,,,,87,39,48,,,,,,,,,
13/05/2025 16:00,253,127,126,81,50,31,48,22,26,30,18,12,,,,115,57,58,,,,,,,,,
13/05/2025 17:00,230,108,122,108,55,53,52,31,21,27,9,18,,,,132,72,60,,,,,,,,,
13/05/2025 18:00,294,148,146,113,74,39,60,31,29,28,13,15,,,,177,105,72,,,,,,,,,
13/05/2025 19:00,360,185,175,125,62,63,87,51,36,26,12,14,,,,202,106,96,,,,,,,,,
13/05/2025 20:00,310,146,164,87,46,41,80,29,51,34,20,14,,,,113,49,64,,,,,,,,,
13/05/2025 21:00,180,97,83,56,25,31,43,18,25,12,5,7,,,,51,22,29,,,,,,,,,
13/05/2025 22:00,51,28,23,21,13,8,15,5,10,3,1,2,,,,17,5,12,,,,,,,,,
13/05/2025 23:00,12,9,3,2,0,2,11,8,3,2,1,1,,,,3,1,2,,,,,,,,,
14/05/2025 00:00,0,0,0,1,1,0,1,0,1,3,1,2,,,,4,4,0,,,,,,,,,
14/05/2025 01:00,4,1,3,2,0,2,0,0,0,0,0,0,,,,0,0,0,,,,,,,,,
14/05/2025 02:00,0,0,0,0,0,0,1,0,1,0,0,0,,,,1,1,0,,,,,,,,,
14/05/2025 03:00,0,0,0,0,0,0,0,0,0,0,0,0,,,,0,0,0,,,,,,,,,
14/05/2025 04:00,2,2,0,0,0,0,0,0,0,2,2,0,,,,0,0,0,,,,,,,,,
14/05/2025 05:00,32,21,11,4,0,4,0,0,0,1,1,0,,,,4,2,2,,,,,,,,,
14/05/2025 06:00,65,30,35,23,10,13,28,17,11,11,5,6,,,,38,21,17,,,,,,,,,
14/05/2025 07:00,128,55,73,40,19,21,27,8,19,20,12,8,,,,68,39,29,,,,,,,,,
14/05/2025 08:00,136,64,72,56,20,36,30,12,18,40,19,21,,,,118,56,62,,,,,,,,,
14/05/2025 09:00,163,87,76,47,32,15,36,21,15,24,13,11,,,,83,46,37,,,,,,,,,
14/05/2025 10:00,181,106,75,48,18,30,51,35,16,27,14,13,,,,63,36,27,,,,,,,,,
14/05/2025 11:00,220,122,98,72,49,23,46,28,18,25,14,11,,,,102,54,48,,,,,,,,,
14/05/2025 12:00,234,114,120,80,46,34,37,19,18,50,24,26,,,,98,51,47,,,,,,,,,
14/05/2025 13:00,274,134,140,98,44,54,83,45,38,41,24,17,,,,185,96,89,,,,,,,,,
14/05/2025 14:00,218,106,112,63,33,30,29,14,15,33,20,13,,,,109,58,51,,,,,,,,,
14/05/2025 15:00,208,99,109,57,23,34,35,15,20,34,21,13,,,,97,47,50,,,,,,,,,
14/05/2025 16:00,235,123,112,55,32,23,38,25,13,22,9,13,,,,99,54,45,,,,,,,,,
14/05/2025 17:00,279,138,141,84,55,29,65,41,24,21,13,8,,,,132,75,57,,,,,,,,,
14/05/2025 18:00,265,128,137,121,63,58,76,35,41,46,20,26,,,,130,81,49,,,,,,,,,
14/05/2025 19:00,280,126,154,90,51,39,71,37,34,39,20,19,,,,139,75,64,,,,,,,,,
14/05/2025 20:00,256,155,101,73,27,46,45,19,26,26,9,17,,,,89,46,43,,,,,,,,,
14/05/2025 21:00,163,98,65,50,18,32,25,7,18,10,3,7,,,,46,19,27,,,,,,,,,
14/05/2025 22:00,56,31,25,14,11,3,16,4,12,5,2,3,,,,8,5,3,,,,,,,,,
14/05/2025 23:00,13,8,5,7,6,1,3,2,1,7,4,3,,,,2,0,2,,,,,,,,,
15/05/2025 00:00,1,1,0,0,0,0,4,2,2,1,1,0,,,,0,0,0,,,,,,,,,
15/05/2025 01:00,1,1,0,0,0,0,0,0,0,0,0,0,,,,1,1,0,,,,,,,,,
15/05/2025 02:00,3,1,2,3,1,2,3,2,1,0,0,0,,,,0,0,0,,,,,,,,,
15/05/2025 03:00,2,2,0,0,0,0,0,0,0,2,0,2,,,,1,0,1,,,,,,,,,
15/05/2025 04:00,1,0,1,0,0,0,0,0,0,0,0,0,,,,0,0,0,,,,,,,,,
15/05/2025 05:00,15,1,14,2,2,0,2,1,1,2,1,1,,,,3,2,1,,,,,,,,,
15/05/2025 06:00,63,36,27,35,17,18,27,16,11,14,9,5,,,,26,17,9,,,,,,,,,
15/05/2025 07:00,97,50,47,39,14,25,30,16,14,12,5,7,,,,101,58,43,,,,,,,,,
15/05/2025 08:00,132,64,68,47,20,27,35,12,23,48,25,23,,,,132,67,65,,,,,,,,,
15/05/2025 09:00,125,67,58,48,29,19,51,35,16,23,10,13,,,,90,43,47,,,,,,,,,
15/05/2025 10:00,172,99,73,53,31,22,37,24,13,25,10,15,,,,69,32,37,,,,,,,,,
15/05/2025 11:00,213,115,98,65,30,35,55,29,26,34,17,17,,,,67,30,37,,,,,,,,,
15/05/2025 12:00,246,132,114,69,34,35,49,32,17,32,17,15,,,,83,46,37,,,,,,,,,
15/05/2025 13:00,274,148,126,68,31,37,64,39,25,29,16,13,,,,111,65,46,,,,,,,,,
15/05/2025 14:00,263,121,142,53,27,26,35,16,19,27,15,12,,,,139,76,63,,,,,,,,,
15/05/2025 15:00,293,155,138,52,30,22,41,27,14,24,12,12,,,,148,68,80,,,,,,,,,
15/05/2025 16:00,201,111,90,59,28,31,35,19,16,36,21,15,,,,136,63,73,,,,,,,,,
15/05/2025 17:00,287,141,146,81,49,32,54,32,22,28,12,16,,,,133,70,63,,,,,,,,,
15/05/2025 18:00,291,139,152,85,56,29,52,31,21,32,16,16,,,,138,75,63,,,,,,,,,
15/05/2025 19:00,328,158,170,99,58,41,62,33,29,10,6,4,,,,115,60,55,,,,,,,,,
15/05/2025 20:00,296,154,142,62,34,28,50,24,26,36,21,15,,,,52,23,29,,,,,,,,,
15/05/2025 21:00,153,71,82,27,18,9,30,14,16,10,8,2,,,,35,17,18,,,,,,,,,
15/05/2025 22:00,37,19,18,12,5,7,18,8,10,7,2,5,,,,16,5,11,,,,,,,,,
15/05/2025 23:00,14,5,9,3,1,2,36,17,19,2,1,1,,,,0,0,0,,,,,,,,,
16/05/2025 00:00,0,0,0,1,0,1,6,2,4,1,0,1,,,,3,2,1,,,,,,,,,
16/05/2025 01:00,5,1,4,1,0,1,0,0,0,0,0,0,,,,0,0,0,,,,,,,,,
16/05/2025 02:00,0,0,0,0,0,0,4,1,3,0,0,0,,,,1,0,1,,,,,,,,,
16/05/2025 03:00,0,0,0,0,0,0,0,0,0,0,0,0,,,,2,1,1,,,,,,,,,
16/05/2025 04:00,2,2,0,0,0,0,0,0,0,0,0,0,,,,1,1,0,,,,,,,,,
16/05/2025 05:00,21,9,12,8,2,6,3,1,2,1,1,0,,,,11,5,6,,,,,,,,,
16/05/2025 06:00,58,28,30,18,11,7,18,11,7,9,2,7,,,,28,19,9,,,,,,,,,
16/05/2025 07:00,103,59,44,33,11,22,33,18,15,17,11,6,,,,47,26,21,,,,,,,,,
16/05/2025 08:00,121,61,60,42,20,22,36,13,23,46,29,17,,,,105,65,40,,,,,,,,,
16/05/2025 09:00,165,83,82,44,24,20,43,17,26,32,18,14,,,,86,46,40,,,,,,,,,
16/05/2025 10:00,190,101,89,40,22,18,32,16,16,25,17,8,,,,60,34,26,,,,,,,,,
16/05/2025 11:00,208,106,102,85,56,29,43,25,18,19,11,8,,,,103,43,60,,,,,,,,,
16/05/2025 12:00,189,105,84,90,57,33,45,30,15,35,14,21,,,,86,46,40,,,,,,,,,
16/05/2025 13:00,296,157,139,99,68,31,51,23,28,39,20,19,,,,156,99,57,,,,,,,,,
16/05/2025 14:00,241,130,111,70,39,31,51,32,19,28,12,16,,,,180,98,82,,,,,,,,,
16/05/2025 15:00,325,149,176,109,56,53,43,15,28,15,8,7,,,,131,61,70,,,,,,,,,
16/05/2025 16:00,299,138,161,92,44,48,48,27,21,27,13,14,,,,155,76,79,,,,,,,,,
16/05/2025 17:00,281,141,140,110,53,57,65,26,39,42,22,20,,,,106,58,48,,,,,,,,,
16/05/2025 18:00,339,170,169,107,50,57,72,34,38,30,12,18,,,,111,60,51,,,,,,,,,
16/05/2025 19:00,364,167,197,73,38,35,67,38,29,15,9,6,,,,107,60,47,,,,,,,,,
16/05/2025 20:00,290,133,157,67,32,35,38,21,17,12,2,10,,,,71,35,36,,,,,,,,,
16/05/2025 21:00,186,79,107,41,22,19,42,21,21,14,8,6,,,,32,12,20,,,,,,,,,
16/05/2025 22:00,57,32,25,28,17,11,27,18,9,10,8,2,,,,16,5,11,,,,,,,,,
16/05/2025 23:00,21,13,8,4,4,0,19,12,7,0,0,0,,,,8,4,4,,,,,,,,,
17/05/2025 00:00,0,0,0,0,0,0,0,0,0,2,1,1,,,,1,1,0,,,,,,,,,
17/05/2025 01:00,7,5,2,0,0,0,3,2,1,1,1,0,,,,1,0,1,,,,,,,,,
17/05/2025 02:00,2,1,1,1,0,1,0,0,0,0,0,0,,,,0,0,0,,,,,,,,,
17/05/2025 03:00,3,2,1,0,0,0,0,0,0,0,0,0,,,,1,1,0,,,,,,,,,
17/05/2025 04:00,2,2,0,0,0,0,2,2,0,0,0,0,,,,0,0,0,,,,,,,,,
17/05/2025 05:00,13,5,8,1,1,0,0,0,0,1,1,0,,,,3,3,0,,,,,,,,,
17/05/2025 06:00,34,9,25,10,3,7,6,1,5,2,1,1,,,,16,9,7,,,,,,,,,
17/05/2025 07:00,101,61,40,32,18,14,38,23,15,6,4,2,,,,62,35,27,,,,,,,,,
17/05/2025 08:00,141,65,76,52,27,25,37,21,16,18,8,10,,,,93,52,41,,,,,,,,,
17/05/2025 09:00,227,130,97,83,51,32,62,39,23,30,13,17,,,,127,73,54,,,,,,,,,
17/05/2025 10:00,319,185,134,96,60,36,95,45,50,49,23,26,,,,142,90,52,,,,,,,,,
17/05/2025 11:00,336,196,140,117,64,53,71,40,31,57,37,20,,,,186,94,92,,,,,,,,,
17/05/2025 12:00,336,183,153,134,66,68,72,37,35,54,29,25,,,,160,88,72,,,,,,,,,
17/05/2025 13:00,435,222,213,125,82,43,113,59,54,45,25,20,,,,157,82,75,,,,,,,,,
17/05/2025 14:00,423,210,213,139,79,60,85,52,33,17,8,9,,,,152,91,61,,,,,,,,,
17/05/2025 15:00,510,265,245,143,78,65,109,61,48,29,17,12,,,,141,80,61,,,,,,,,,
17/05/2025 16:00,579,297,282,114,48,66,73,39,34,32,15,17,,,,152,63,89,,,,,,,,,
17/05/2025 17:00,525,248,277,109,42,67,80,29,51,28,7,21,,,,146,66,80,,,,,,,,,
17/05/2025 18:00,481,206,275,90,38,52,61,27,34,27,8,19,,,,82,38,44,,,,,,,,,
17/05/2025 19:00,392,177,215,66,32,34,51,29,22,23,15,8,,,,71,31,40,,,,,,,,,
17/05/2025 20:00,265,95,170,66,32,34,56,29,27,17,10,7,,,,60,35,25,,,,,,,,,
17/05/2025 21:00,109,44,65,21,4,17,36,19,17,9,6,3,,,,40,16,24,,,,,,,,,
17/05/2025 22:00,51,24,27,18,5,13,16,4,12,1,0,1,,,,15,6,9,,,,,,,,,
17/05/2025 23:00,12,8,4,12,5,7,6,5,1,2,1,1,,,,9,2,7,,,,,,,,,
18/05/2025 00:00,1,0,1,1,1,0,6,4,2,0,0,0,,,,6,6,0,,,,,,,,,
18/05/2025 01:00,5,4,1,4,2,2,4,0,4,0,0,0,,,,0,0,0,,,,,,,,,
18/05/2025 02:00,0,0,0,0,0,0,4,2,2,1,1,0,,,,1,0,1,,,,,,,,,
18/05/2025 03:00,0,0,0,0,0,0,1,0,1,2,1,1,,,,2,2,0,,,,,,,,,
18/05/2025 04:00,1,1,0,0,0,0,0,0,0,1,0,1,,,,1,0,1,,,,,,,,,
18/05/2025 05:00,4,1,3,5,5,0,0,0,0,0,0,0,,,,2,2,0,,,,,,,,,
18/05/2025 06:00,19,6,13,9,4,5,2,1,1,5,2,3,,,,13,7,6,,,,,,,,,
18/05/2025 07:00,75,34,41,27,14,13,18,11,7,7,1,6,,,,39,25,14,,,,,,,,,
18/05/2025 08:00,166,72,94,53,35,18,26,17,9,36,12,24,,,,71,40,31,,,,,,,,,
18/05/2025 09:00,269,149,120,87,50,37,79,44,35,24,8,16,,,,149,100,49,,,,,,,,,
18/05/2025 10:00,380,210,170,121,83,38,103,63,40,41,23,18,,,,202,128,74,,,,,,,,,
18/05/2025 11:00,449,272,177,100,73,27,100,62,38,65,40,25,,,,200,116,84,,,,,,,,,
18/05/2025 12:00,545,289,256,160,88,72,88,54,34,35,24,11,,,,196,110,86,,,,,,,,,
18/05/2025 13:00,668,370,298,201,117,84,105,61,44,30,14,16,,,,122,69,53,,,,,,,,,
18/05/2025 14:00,757,417,340,141,87,54,103,46,57,40,24,16,,,,154,93,61,,,,,,,,,
18/05/2025 15:00,910,471,439,209,95,114,96,57,39,55,30,25,,,,144,82,62,,,,,,,,,
18/05/2025 16:00,802,372,430,185,66,119,116,57,59,34,19,15,,,,137,60,77,,,,,,,,,
18/05/2025 17:00,731,348,383,218,109,109,105,49,56,45,17,28,,,,122,57,65,,,,,,,,,
18/05/2025 18:00,530,210,320,163,63,100,80,40,40,44,19,25,,,,99,51,48,,,,,,,,,
18/05/2025 19:00,365,153,212,104,50,54,64,29,35,18,10,8,,,,100,47,53,,,,,,,,,
18/05/2025 20:00,232,104,128,71,33,38,55,26,29,16,10,6,,,,66,37,29,,,,,,,,,
18/05/2025 21:00,149,73,76,39,13,26,31,19,12,18,9,9,,,,21,4,17,,,,,,,,,
18/05/2025 22:00,38,19,19,14,4,10,9,3,6,2,1,1,,,,12,6,6,,,,,,,,,
18/05/2025 23:00,9,6,3,8,4,4,14,7,7,7,3,4,,,,5,2,3,,,,,,,,,
19/05/2025 00:00,0,0,0,0,0,0,8,4,4,0,0,0,,,,5,3,2,,,,,,,,,
19/05/2025 01:00,6,2,4,0,0,0,0,0,0,0,0,0,,,,0,0,0,,,,,,,,,
19/05/2025 02:00,0,0,0,0,0,0,0,0,0,0,0,0,,,,0,0,0,,,,,,,,,
19/05/2025 03:00,1,0,1,0,0,0,0,0,0,0,0,0,,,,0,0,0,,,,,,,,,
19/05/2025 04:00,2,2,0,0,0,0,0,0,0,1,1,0,,,,0,0,0,,,,,,,,,
19/05/2025 05:00,13,4,9,4,2,2,3,2,1,2,1,1,,,,6,3,3,,,,,,,,,
19/05/2025 06:00,64,33,31,20,11,9,21,12,9,8,4,4,,,,21,12,9,,,,,,,,,
19/05/2025 07:00,88,49,39,27,10,17,15,11,4,22,13,9,,,,59,32,27,,,,,,,,,
19/05/2025 08:00,77,26,51,37,18,19,22,9,13,47,24,23,,,,82,47,35,,,,,,,,,
19/05/2025 09:00,127,70,57,36,13,23,18,12,6,32,15,17,,,,58,26,32,,,,,,,,,
19/05/2025 10:00,107,49,58,34,11,23,22,16,6,20,14,6,,,,45,22,23,,,,,,,,,
19/05/2025 11:00,114,56,58,37,14,23,32,10,22,28,14,14,,,,62,32,30,,,,,,,,,
19/05/2025 12:00,158,68,90,34,17,17,29,20,9,40,19,21,,,,60,37,23,,,,,,,,,
19/05/2025 13:00,181,97,84,28,18,10,43,24,19,37,18,19,,,,69,37,32,,,,,,,,,
19/05/2025 14:00,127,74,53,35,11,24,28,14,14,38,22,16,,,,47,29,18,,,,,,,,,
19/05/2025 15:00,158,64,94,46,20,26,41,23,18,17,13,4,,,,110,48,62,,,,,,,,,
19/05/2025 16:00,155,76,79,50,29,21,39,17,22,33,18,15,,,,114,55,59,,,,,,,,,
19/05/2025 17:00,170,89,81,91,55,36,56,30,26,31,14,17,,,,135,61,74,,,,,,,,,
19/05/2025 18:00,223,126,97,154,99,55,69,33,36,41,22,19,,,,130,75,55,,,,,,,,,
19/05/2025 19:00,263,133,130,91,51,40,50,27,23,34,19,15,,,,152,74,78,,,,,,,,,
19/05/2025 20:00,214,105,109,94,43,51,61,27,34,19,11,8,,,,87,46,41,,,,,,,,,
19/05/2025 21:00,121,66,55,40,16,24,37,21,16,12,6,6,,,,57,26,31,,,,,,,,,
19/05/2025 22:00,39,23,16,15,10,5,18,6,12,5,4,1,,,,9,2,7,,,,,,,,,
19/05/2025 23:00,12,8,4,10,0,10,7,4,3,2,1,1,,,,4,3,1,,,,,,,,,
20/05/2025 00:00,0,0,0,0,0,0,3,0,3,3,0,3,,,,1,1,0,,,,,,,,,
20/05/2025 01:00,0,0,0,3,1,2,1,0,1,1,1,0,,,,0,0,0,,,,,,,,,
20/05/2025 02:00,0,0,0,0,0,0,0,0,0,1,0,1,,,,0,0,0,,,,,,,,,
20/05/2025 03:00,0,0,0,0,0,0,0,0,0,0,0,0,,,,0,0,0,,,,,,,,,
20/05/2025 04:00,0,0,0,0,0,0,0,0,0,0,0,0,,,,1,0,1,,,,,,,,,
20/05/2025 05:00,20,10,10,4,3,1,5,5,0,0,0,0,,,,2,2,0,,,,,,,,,
20/05/2025 06:00,54,26,28,36,17,19,19,11,8,4,3,1,,,,32,19,13,,,,,,,,,
20/05/2025 07:00,95,46,49,34,17,17,19,12,7,16,6,10,,,,53,28,25,,,,,,,,,
20/05/2025 08:00,120,60,60,47,25,22,35,22,13,45,19,26,,,,108,53,55,,,,,,,,,
20/05/2025 09:00,130,78,52,32,9,23,31,17,14,35,19,16,,,,71,40,31,,,,,,,,,
20/05/2025 10:00,164,93,71,37,19,18,40,20,20,27,15,12,,,,59,28,31,,,,,,,,,
20/05/2025 11:00,179,95,84,30,12,18,30,19,11,23,13,10,,,,79,42,37,,,,,,,,,
20/05/2025 12:00,198,111,87,21,6,15,22,6,16,42,22,20,,,,73,35,38,,,,,,,,,
20/05/2025 13:00,210,102,108,51,21,30,39,26,13,24,14,10,,,,84,50,34,,,,,,,,,
20/05/2025 14:00,138,69,69,29,13,16,37,23,14,37,13,24,,,,114,68,46,,,,,,,,,
20/05/2025 15:00,154,72,82,25,14,11,15,8,7,17,13,4,,,,79,30,49,,,,,,,,,
20/05/2025 16:00,70,25,45,16,8,8,30,18,12,26,16,10,,,,65,28,37,,,,,,,,,
20/05/2025 17:00,59,28,31,26,15,11,20,8,12,22,9,13,,,,61,24,37,,,,,,,,,
20/05/2025 18:00,57,37,20,18,14,4,28,20,8,10,7,3,,,,46,20,26,,,,,,,,,
20/05/2025 19:00,57,27,30,20,11,9,17,11,6,21,10,11,,,,31,16,15,,,,,,,,,
20/05/2025 20:00,68,37,31,38,24,14,21,11,10,15,6,9,,,,29,13,16,,,,,,,,,
20/05/2025 21:00,68,32,36,28,9,19,24,11,13,11,8,3,,,,32,15,17,,,,,,,,,
20/05/2025 22:00,31,19,12,8,4,4,13,5,8,13,5,8,,,,14,7,7,,,,,,,,,
20/05/2025 23:00,11,6,5,10,4,6,4,4,0,3,2,1,,,,3,2,1,,,,,,,,,
21/05/2025 00:00,0,0,0,0,0,0,1,0,1,3,2,1,,,,1,0,1,,,,,,,,,
21/05/2025 01:00,1,1,0,1,0,1,0,0,0,0,0,0,,,,0,0,0,,,,,,,,,
21/05/2025 02:00,1,1,0,0,0,0,0,0,0,0,0,0,,,,0,0,0,,,,,,,,,
21/05/2025 03:00,2,2,0,2,0,2,0,0,0,0,0,0,,,,0,0,0,,,,,,,,,
21/05/2025 04:00,3,3,0,0,0,0,0,0,0,0,0,0,,,,1,0,1,,,,,,,,,
21/05/2025 05:00,22,9,13,4,3,1,3,2,1,2,1,1,,,,2,1,1,,,,,,,,,
21/05/2025 06:00,69,35,34,40,15,25,14,9,5,6,4,2,,,,29,18,11,,,,,,,,,
21/05/2025 07:00,97,44,53,30,10,20,32,16,16,20,10,10,,,,65,35,30,,,,,,,,,
21/05/2025 08:00,99,47,52,40,14,26,41,21,20,56,25,31,,,,108,59,49,,,,,,,,,
21/05/2025 09:00,134,60,74,55,27,28,26,16,10,34,22,12,,,,64,36,28,,,,,,,,,
21/05/2025 10:00,162,88,74,24,11,13,40,19,21,25,15,10,,,,58,33,25,,,,,,,,,
21/05/2025 11:00,238,135,103,54,28,26,57,35,22,22,7,15,,,,60,35,25,,,,,,,,,
21/05/2025 12:00,253,136,117,73,43,30,60,34,26,40,23,17,,,,115,53,62,,,,,,,,,
21/05/2025 13:00,319,180,139,85,51,34,73,42,31,41,12,29,,,,131,76,55,,,,,,,,,
21/05/2025 14:00,287,148,139,82,50,32,55,22,33,35,22,13,,,,124,65,59,,,,,,,,,
21/05/2025 15:00,303,142,161,52,34,18,42,24,18,18,7,11,,,,83,37,46,,,,,,,,,
21/05/2025 16:00,308,164,144,61,22,39,64,33,31,36,11,25,,,,83,33,50,,,,,,,,,
21/05/2025 17:00,274,144,130,100,58,42,72,38,34,26,12,14,,,,129,64,65,,,,,,,,,
21/05/2025 18:00,268,135,133,126,75,51,142,81,61,47,13,34,,,,144,84,60,,,,,,,,,
21/05/2025 19:00,355,170,185,113,67,46,73,45,28,38,27,11,,,,149,81,68,,,,,,,,,
21/05/2025 20:00,230,110,120,91,47,44,53,30,23,20,12,8,,,,82,34,48,,,,,,,,,
21/05/2025 21:00,156,73,83,54,18,36,25,15,10,11,6,5,,,,53,24,29,,,,,,,,,
21/05/2025 22:00,65,38,27,21,12,9,15,7,8,4,3,1,,,,8,3,5,,,,,,,,,
21/05/2025 23:00,6,3,3,9,6,3,4,2,2,2,2,0,,,,5,3,2,,,,,,,,,
22/05/2025 00:00,0,0,0,2,2,0,5,2,3,2,0,2,,,,0,0,0,,,,,,,,,
22/05/2025 01:00,3,3,0,0,0,0,7,5,2,0,0,0,,,,0,0,0,,,,,,,,,
22/05/2025 02:00,0,0,0,0,0,0,0,0,0,0,0,0,,,,0,0,0,,,,,,,,,
22/05/2025 03:00,3,3,0,0,0,0,0,0,0,0,0,0,,,,0,0,0,,,,,,,,,
22/05/2025 04:00,2,1,1,0,0,0,0,0,0,0,0,0,,,,0,0,0,,,,,,,,,
22/05/2025 05:00,25,10,15,1,0,1,5,2,3,0,0,0,,,,6,5,1,,,,,,,,,
22/05/2025 06:00,70,35,35,32,16,16,26,16,10,15,9,6,,,,32,20,12,,,,,,,,,
22/05/2025 07:00,92,41,51,26,14,12,22,11,11,24,7,17,,,,64,34,30,,,,,,,,,
22/05/2025 08:00,124,58,66,44,20,24,44,21,23,55,35,20,,,,103,53,50,,,,,,,,,
22/05/2025 09:00,131,68,63,38,24,14,43,25,18,33,12,21,,,,86,37,49,,,,,,,,,
22/05/2025 10:00,132,64,68,43,21,22,33,20,13,17,11,6,,,,59,36,23,,,,,,,,,
22/05/2025 11:00,167,89,78,38,16,22,35,18,17,28,14,14,,,,81,49,32,,,,,,,,,
22/05/2025 12:00,213,121,92,88,47,41,50,21,29,29,13,16,,,,76,47,29,,,,,,,,,
22/05/2025 13:00,214,103,111,45,24,21,68,32,36,45,20,25,,,,118,56,62,,,,,,,,,
22/05/2025 14:00,208,122,86,41,15,26,31,15,16,44,23,21,,,,117,67,50,,,,,,,,,
22/05/2025 15:00,164,76,88,42,20,22,32,10,22,25,15,10,,,,118,45,73,,,,,,,,,
22/05/2025 16:00,151,77,74,40,24,16,39,27,12,23,8,15,,,,111,59,52,,,,,,,,,
22/05/2025 17:00,167,74,93,40,22,18,45,26,19,25,3,22,,,,96,46,50,,,,,,,,,
22/05/2025 18:00,217,124,93,92,53,39,46,17,29,42,22,20,,,,127,81,46,,,,,,,,,
22/05/2025 19:00,261,113,148,81,48,33,69,31,38,27,15,12,,,,132,66,66,,,,,,,,,
22/05/2025 20:00,236,126,110,60,22,38,59,24,35,25,13,12,,,,73,39,34,,,,,,,,,
22/05/2025 21:00,145,71,74,39,19,20,54,19,35,13,8,5,,,,31,8,23,,,,,,,,,
22/05/2025 22:00,45,22,23,13,4,9,28,12,16,6,2,4,,,,10,6,4,,,,,,,,,
22/05/2025 23:00,9,7,2,3,3,0,8,2,6,2,2,0,,,,3,1,2,,,,,,,,,
23/05/2025 00:00,0,0,0,2,1,1,5,0,5,1,1,0,,,,2,2,0,,,,,,,,,
23/05/2025 01:00,1,0,1,0,0,0,2,0,2,0,0,0,,,,2,1,1,,,,,,,,,
23/05/2025 02:00,2,2,0,0,0,0,0,0,0,0,0,0,,,,0,0,0,,,,,,,,,
23/05/2025 03:00,1,1,0,0,0,0,0,0,0,1,0,1,,,,0,0,0,,,,,,,,,
23/05/2025 04:00,3,2,1,0,0,0,0,0,0,0,0,0,,,,0,0,0,,,,,,,,,
23/05/2025 05:00,15,4,11,6,2,4,2,2,0,1,1,0,,,,2,1,1,,,,,,,,,
23/05/2025 06:00,40,17,23,25,14,11,17,10,7,9,5,4,,,,25,16,9,,,,,,,,,
23/05/2025 07:00,88,44,44,38,15,23,39,21,18,16,7,9,,,,60,30,30,,,,,,,,,
23/05/2025 08:00,140,72,68,47,23,24,40,21,19,34,26,8,,,,97,61,36,,,,,,,,,
23/05/2025 09:00,128,71,57,55,20,35,41,17,24,33,14,19,,,,96,55,41,,,,,,,,,
23/05/2025 10:00,192,119,73,54,31,23,34,17,17,13,9,4,,,,67,46,21,,,,,,,,,
23/05/2025 11:00,201,106,95,63,26,37,38,18,20,53,16,37,,,,85,37,48,,,,,,,,,
23/05/2025 12:00,198,106,92,55,31,24,30,19,11,39,23,16,,,,50,32,18,,,,,,,,,
23/05/2025 13:00,251,106,145,45,27,18,53,28,25,27,13,14,,,,141,90,51,,,,,,,,,
23/05/2025 14:00,198,94,104,32,14,18,31,14,17,18,10,8,,,,75,40,35,,,,,,,,,
23/05/2025 15:00,78,38,40,30,21,9,19,12,7,14,5,9,,,,78,29,49,,,,,,,,,
23/05/2025 16:00,94,34,60,23,12,11,19,14,5,16,6,10,,,,50,24,26,,,,,,,,,
23/05/2025 17:00,60,26,34,18,10,8,22,10,12,21,5,16,,,,29,13,16,,,,,,,,,
23/05/2025 18:00,61,34,27,18,9,9,38,21,17,12,4,8,,,,32,14,18,,,,,,,,,
23/05/2025 19:00,83,32,51,32,20,12,24,12,12,18,5,13,,,,36,17,19,,,,,,,,,
23/05/2025 20:00,66,39,27,16,11,5,28,14,14,17,9,8,,,,37,20,17,,,,,,,,,
23/05/2025 21:00,71,30,41,18,10,8,20,13,7,6,2,4,,,,21,7,14,,,,,,,,,
23/05/2025 22:00,40,21,19,10,6,4,18,8,10,11,6,5,,,,6,4,2,,,,,,,,,
23/05/2025 23:00,20,15,5,10,5,5,2,0,2,0,0,0,,,,5,2,3,,,,,,,,,
24/05/2025 00:00,1,0,1,2,2,0,5,3,2,1,1,0,,,,3,2,1,,,,,,,,,
24/05/2025 01:00,4,4,0,0,0,0,2,0,2,3,0,3,,,,1,0,1,,,,,,,,,
24/05/2025 02:00,1,1,0,4,1,3,1,0,1,1,0,1,,,,0,0,0,,,,,,,,,
24/05/2025 03:00,1,0,1,0,0,0,0,0,0,2,0,2,,,,0,0,0,,,,,,,,,
24/05/2025 04:00,6,3,3,0,0,0,0,0,0,1,1,0,,,,0,0,0,,,,,,,,,
24/05/2025 05:00,1,0,1,0,0,0,0,0,0,2,1,1,,,,3,2,1,,,,,,,,,
24/05/2025 06:00,26,13,13,6,3,3,5,3,2,1,0,1,,,,11,6,5,,,,,,,,,
24/05/2025 07:00,75,37,38,22,11,11,17,10,7,9,2,7,,,,35,22,13,,,,,,,,,
24/05/2025 08:00,109,64,45,44,21,23,28,16,12,21,11,10,,,,75,38,37,,,,,,,,,
24/05/2025 09:00,221,95,126,76,37,39,53,32,21,35,23,12,,,,101,62,39,,,,,,,,,
24/05/2025 10:00,366,220,146,110,70,40,60,31,29,42,27,15,,,,182,122,60,,,,,,,,,
24/05/2025 11:00,277,162,115,117,63,54,57,28,29,40,25,15,,,,161,75,86,,,,,,,,,
24/05/2025 12:00,314,156,158,94,51,43,62,32,30,48,24,24,,,,117,66,51,,,,,,,,,
24/05/2025 13:00,252,137,115,43,26,17,58,24,34,62,21,41,,,,94,56,38,,,,,,,,,
24/05/2025 14:00,222,110,112,55,35,20,40,18,22,22,10,12,,,,76,43,33,,,,,,,,,
24/05/2025 15:00,283,128,155,52,23,29,32,19,13,21,8,13,,,,70,34,36,,,,,,,,,
24/05/2025 16:00,186,78,108,47,23,24,32,24,8,33,24,9,,,,46,20,26,,,,,,,,,
24/05/2025 17:00,137,69,68,30,16,14,27,11,16,35,22,13,,,,44,15,29,,,,,,,,,
24/05/2025 18:00,99,49,50,27,18,9,38,17,21,17,5,12,,,,48,30,18,,,,,,,,,
24/05/2025 19:00,125,67,58,44,21,23,37,14,23,18,10,8,,,,40,22,18,,,,,,,,,
24/05/2025 20:00,114,55,59,19,9,10,19,5,14,20,10,10,,,,32,15,17,,,,,,,,,
24/05/2025 21:00,96,55,41,15,8,7,12,6,6,13,3,10,,,,13,8,5,,,,,,,,,
24/05/2025 22:00,31,12,19,14,5,9,8,3,5,3,1,2,,,,10,3,7,,,,,,,,,
24/05/2025 23:00,9,3,6,17,5,12,7,1,6,2,0,2,,,,4,2,2,,,,,,,,,
25/05/2025 00:00,0,0,0,0,0,0,10,6,4,4,2,2,,,,2,1,1,,,,,,,,,
25/05/2025 01:00,2,2,0,0,0,0,0,0,0,0,0,0,,,,1,0,1,,,,,,,,,
25/05/2025 02:00,0,0,0,0,0,0,0,0,0,0,0,0,,,,0,0,0,,,,,,,,,
25/05/2025 03:00,0,0,0,0,0,0,2,0,2,0,0,0,,,,0,0,0,,,,,,,,,
25/05/2025 04:00,3,2,1,0,0,0,0,0,0,0,0,0,,,,0,0,0,,,,,,,,,
25/05/2025 05:00,6,5,1,0,0,0,0,0,0,1,0,1,,,,1,1,0,,,,,,,,,
25/05/2025 06:00,17,8,9,5,1,4,0,0,0,4,3,1,,,,5,4,1,,,,,,,,,
25/05/2025 07:00,62,35,27,12,7,5,10,6,4,3,1,2,,,,24,18,6,,,,,,,,,
25/05/2025 08:00,135,69,66,42,28,14,47,25,22,18,7,11,,,,62,38,24,,,,,,,,,
25/05/2025 09:00,239,132,107,73,43,30,52,34,18,24,9,15,,,,127,82,45,,,,,,,,,
25/05/2025 10:00,310,171,139,97,52,45,62,36,26,39,23,16,,,,174,113,61,,,,,,,,,
25/05/2025 11:00,350,194,156,146,74,72,93,53,40,58,25,33,,,,191,98,93,,,,,,,,,
25/05/2025 12:00,384,193,191,104,62,42,97,61,36,44,30,14,,,,138,67,71,,,,,,,,,
25/05/2025 13:00,342,175,167,77,32,45,70,36,34,36,11,25,,,,98,48,50,,,,,,,,,
25/05/2025 14:00,361,191,170,60,32,28,61,34,27,22,10,12,,,,53,28,25,,,,,,,,,
25/05/2025 15:00,299,132,167,60,31,29,63,21,42,25,11,14,,,,62,31,31,,,,,,,,,
25/05/2025 16:00,259,116,143,44,19,25,47,34,13,33,18,15,,,,50,25,25,,,,,,,,,
25/05/2025 17:00,178,80,98,68,35,33,26,8,18,31,13,18,,,,50,22,28,,,,,,,,,
25/05/2025 18:00,177,100,77,48,26,22,34,23,11,23,7,16,,,,66,44,22,,,,,,,,,
25/05/2025 19:00,168,85,83,41,22,19,33,13,20,17,9,8,,,,72,34,38,,,,,,,,,
25/05/2025 20:00,114,62,52,46,23,23,33,18,15,20,16,4,,,,38,17,21,,,,,,,,,
25/05/2025 21:00,75,43,32,32,10,22,18,11,7,15,10,5,,,,42,20,22,,,,,,,,,
25/05/2025 22:00,27,13,14,9,6,3,10,4,6,8,3,5,,,,6,3,3,,,,,,,,,
25/05/2025 23:00,13,11,2,0,0,0,3,1,2,0,0,0,,,,4,1,3,,,,,,,,,
26/05/2025 00:00,1,0,1,0,0,0,3,1,2,1,1,0,,,,0,0,0,,,,,,,,,
26/05/2025 01:00,3,3,0,0,0,0,1,1,0,0,0,0,,,,1,0,1,,,,,,,,,
26/05/2025 02:00,1,0,1,0,0,0,0,0,0,0,0,0,,,,0,0,0,,,,,,,,,
26/05/2025 03:00,0,0,0,0,0,0,0,0,0,0,0,0,,,,0,0,0,,,,,,,,,
26/05/2025 04:00,0,0,0,0,0,0,0,0,0,0,0,0,,,,0,0,0,,,,,,,,,
26/05/2025 05:00,11,0,11,3,3,0,5,5,0,1,1,0,,,,2,2,0,,,,,,,,,
26/05/2025 06:00,52,28,24,25,15,10,24,13,11,9,5,4,,,,26,12,14,,,,,,,,,
26/05/2025 07:00,72,41,31,25,15,10,22,13,9,15,7,8,,,,41,24,17,,,,,,,,,
26/05/2025 08:00,103,48,55,28,14,14,29,13,16,35,24,11,,,,79,42,37,,,,,,,,,
26/05/2025 09:00,118,64,54,29,12,17,25,16,9,29,14,15,,,,64,35,29,,,,,,,,,
26/05/2025 10:00,119,58,61,37,15,22,29,17,12,34,18,16,,,,52,28,24,,,,,,,,,
26/05/2025 11:00,76,41,35,31,18,13,30,15,15,28,14,14,,,,40,18,22,,,,,,,,,
26/05/2025 12:00,98,49,49,33,18,15,34,14,20,32,14,18,,,,49,26,23,,,,,,,,,
26/05/2025 13:00,144,74,70,35,17,18,50,32,18,36,20,16,,,,76,50,26,,,,,,,,,
26/05/2025 14:00,99,48,51,26,16,10,25,17,8,33,18,15,,,,40,15,25,,,,,,,,,
26/05/2025 15:00,74,39,35,19,11,8,23,11,12,22,5,17,,,,47,24,23,,,,,,,,,
26/05/2025 16:00,59,20,39,22,10,12,16,7,9,22,11,11,,,,37,14,23,,,,,,,,,
26/05/2025 17:00,85,48,37,33,24,9,33,20,13,20,8,12,,,,63,18,45,,,,,,,,,
26/05/2025 18:00,81,43,38,37,23,14,36,24,12,25,12,13,,,,71,44,27,,,,,,,,,
26/05/2025 19:00,106,45,61,36,20,16,26,15,11,29,13,16,,,,59,33,26,,,,,,,,,
26/05/2025 20:00,89,48,41,23,8,15,25,17,8,30,19,11,,,,47,27,20,,,,,,,,,
26/05/2025 21:00,71,33,38,23,14,9,19,10,9,15,3,12,,,,41,19,22,,,,,,,,,
26/05/2025 22:00,31,16,15,11,4,7,10,1,9,4,3,1,,,,4,2,2,,,,,,,,,
26/05/2025 23:00,3,1,2,5,1,4,1,0,1,0,0,0,,,,3,2,1,,,,,,,,,
27/05/2025 00:00,0,0,0,0,0,0,1,0,1,0,0,0,,,,1,1,0,,,,,,,,,
27/05/2025 01:00,1,0,1,1,0,1,0,0,0,0,0,0,,,,0,0,0,,,,,,,,,
27/05/2025 02:00,0,0,0,0,0,0,0,0,0,0,0,0,,,,0,0,0,,,,,,,,,
27/05/2025 03:00,0,0,0,0,0,0,0,0,0,0,0,0,,,,0,0,0,,,,,,,,,
27/05/2025 04:00,1,1,0,0,0,0,0,0,0,0,0,0,,,,0,0,0,,,,,,,,,
27/05/2025 05:00,12,3,9,0,0,0,0,0,0,0,0,0,,,,5,4,1,,,,,,,,,
27/05/2025 06:00,56,28,28,29,15,14,19,13,6,7,6,1,,,,27,18,9,,,,,,,,,
27/05/2025 07:00,69,33,36,25,13,12,17,11,6,21,7,14,,,,52,28,24,,,,,,,,,
27/05/2025 08:00,74,34,40,29,13,16,23,8,15,42,25,17,,,,62,26,36,,,,,,,,,
27/05/2025 09:00,54,28,26,24,12,12,15,9,6,20,11,9,,,,25,13,12,,,,,,,,,
27/05/2025 10:00,42,24,18,13,8,5,8,6,2,10,4,6,,,,20,11,9,,,,,,,,,
27/05/2025 11:00,46,20,26,13,7,6,15,7,8,14,8,6,,,,12,6,6,,,,,,,,,
27/05/2025 12:00,65,31,34,22,10,12,25,10,15,26,16,10,,,,28,12,16,,,,,,,,,
27/05/2025 13:00,136,80,56,38,18,20,50,28,22,14,6,8,,,,66,42,24,,,,,,,,,
27/05/2025 14:00,131,73,58,45,19,26,33,16,17,33,14,19,,,,75,43,32,,,,,,,,,
27/05/2025 15:00,97,52,45,30,17,13,24,18,6,25,12,13,,,,79,39,40,,,,,,,,,
27/05/2025 16:00,110,54,56,49,30,19,36,23,13,26,8,18,,,,97,49,48,,,,,,,,,
27/05/2025 17:00,107,67,40,55,24,31,32,14,18,31,18,13,,,,104,47,57,,,,,,,,,
27/05/2025 18:00,125,61,64,57,31,26,53,30,23,28,16,12,,,,110,59,51,,,,,,,,,
27/05/2025 19:00,113,52,61,36,14,22,33,15,18,24,5,19,,,,64,32,32,,,,,,,,,
27/05/2025 20:00,98,45,53,42,21,21,30,9,21,21,9,12,,,,59,26,33,,,,,,,,,
27/05/2025 21:00,73,41,32,17,9,8,16,9,7,20,9,11,,,,30,14,16,,,,,,,,,
27/05/2025 22:00,17,11,6,8,6,2,3,2,1,2,1,1,,,,8,5,3,,,,,,,,,
27/05/2025 23:00,7,4,3,3,2,1,2,1,1,1,0,1,,,,7,3,4,,,,,,,,,
28/05/2025 00:00,0,0,0,0,0,0,0,0,0,3,2,1,,,,1,0,1,,,,,,,,,
28/05/2025 01:00,0,0,0,0,0,0,1,0,1,0,0,0,,,,0,0,0,,,,,,,,,
28/05/2025 02:00,0,0,0,0,0,0,0,0,0,0,0,0,,,,0,0,0,,,,,,,,,
28/05/2025 03:00,2,2,0,0,0,0,0,0,0,0,0,0,,,,0,0,0,,,,,,,,,
28/05/2025 04:00,2,2,0,0,0,0,0,0,0,1,1,0,,,,0,0,0,,,,,,,,,
28/05/2025 05:00,13,5,8,4,3,1,3,3,0,2,1,1,,,,7,5,2,,,,,,,,,
28/05/2025 06:00,49,24,25,27,14,13,23,17,6,9,7,2,,,,23,13,10,,,,,,,,,
28/05/2025 07:00,100,44,56,26,10,16,26,11,15,24,11,13,,,,69,33,36,,,,,,,,,
28/05/2025 08:00,111,51,60,45,21,24,44,21,23,40,24,16,,,,107,58,49,,,,,,,,,
28/05/2025 09:00,132,62,70,57,22,35,44,23,21,29,19,10,,,,70,31,39,,,,,,,,,
28/05/2025 10:00,143,85,58,53,22,31,42,29,13,22,10,12,,,,57,32,25,,,,,,,,,
28/05/2025 11:00,163,83,80,51,23,28,39,22,17,26,10,16,,,,100,70,30,,,,,,,,,
28/05/2025 12:00,171,87,84,54,24,30,42,28,14,32,17,15,,,,114,65,49,,,,,,,,,
28/05/2025 13:00,241,134,107,56,32,24,51,25,26,32,18,14,,,,154,85,69,,,,,,,,,
28/05/2025 14:00,233,112,121,33,22,11,41,28,13,53,31,22,,,,104,49,55,,,,,,,,,
28/05/2025 15:00,195,87,108,44,23,21,39,17,22,32,7,25,,,,82,39,43,,,,,,,,,
28/05/2025 16:00,174,84,90,52,33,19,42,23,19,27,12,15,,,,106,48,58,,,,,,,,,
28/05/2025 17:00,129,77,52,57,24,33,57,28,29,29,14,15,,,,125,61,64,,,,,,,,,
28/05/2025 18:00,177,87,90,73,45,28,56,30,26,32,20,12,,,,117,61,56,,,,,,,,,
28/05/2025 19:00,157,86,71,56,26,30,45,29,16,24,6,18,,,,87,50,37,,,,,,,,,
28/05/2025 20:00,136,72,64,21,8,13,40,21,19,17,9,8,,,,71,33,38,,,,,,,,,
28/05/2025 21:00,72,40,32,18,11,7,21,9,12,8,5,3,,,,22,7,15,,,,,,,,,
28/05/2025 22:00,28,21,7,7,1,6,5,2,3,6,2,4,,,,9,2,7,,,,,,,,,
28/05/2025 23:00,6,2,4,2,2,0,0,0,0,4,2,2,,,,5,4,1,,,,,,,,,
29/05/2025 00:00,1,1,0,0,0,0,0,0,0,1,1,0,,,,0,0,0,,,,,,,,,
29/05/2025 01:00,2,1,1,1,1,0,2,2,0,1,0,1,,,,1,0,1,,,,,,,,,
29/05/2025 02:00,0,0,0,0,0,0,2,0,2,0,0,0,,,,0,0,0,,,,,,,,,
29/05/2025 03:00,1,1,0,0,0,0,1,1,0,1,0,1,,,,0,0,0,,,,,,,,,
29/05/2025 04:00,3,2,1,0,0,0,0,0,0,0,0,0,,,,0,0,0,,,,,,,,,
29/05/2025 05:00,13,4,9,3,1,2,3,2,1,1,0,1,,,,6,3,3,,,,,,,,,
29/05/2025 06:00,43,19,24,26,14,12,24,18,6,8,4,4,,,,30,17,13,,,,,,,,,
29/05/2025 07:00,85,39,46,22,6,16,28,13,15,17,7,10,,,,61,32,29,,,,,,,,,
29/05/2025 08:00,79,32,47,42,18,24,28,8,20,46,26,20,,,,76,32,44,,,,,,,,,
29/05/2025 09:00,106,55,51,34,14,20,27,16,11,36,23,13,,,,70,39,31,,,,,,,,,
29/05/2025 10:00,109,63,46,38,25,13,25,17,8,30,11,19,,,,48,29,19,,,,,,,,,
29/05/2025 11:00,158,90,68,50,16,34,30,9,21,23,14,9,,,,73,29,44,,,,,,,,,
29/05/2025 12:00,159,87,72,47,24,23,30,21,9,29,14,15,,,,83,45,38,,,,,,,,,
29/05/2025 13:00,165,89,76,35,14,21,33,13,20,28,10,18,,,,85,41,44,,,,,,,,,
29/05/2025 14:00,122,53,69,28,16,12,17,7,10,22,13,9,,,,60,35,25,,,,,,,,,
29/05/2025 15:00,112,60,52,27,15,12,24,10,14,25,15,10,,,,88,39,49,,,,,,,,,
29/05/2025 16:00,98,49,49,28,17,11,25,11,14,27,13,14,,,,51,34,17,,,,,,,,,
29/05/2025 17:00,81,31,50,34,23,11,48,21,27,27,8,19,,,,45,23,22,,,,,,,,,
29/05/2025 18:00,84,47,37,20,13,7,33,20,13,28,14,14,,,,58,32,26,,,,,,,,,
29/05/2025 19:00,102,51,51,31,16,15,27,15,12,23,10,13,,,,66,35,31,,,,,,,,,
29/05/2025 20:00,136,70,66,34,20,14,55,34,21,28,15,13,,,,32,13,19,,,,,,,,,
29/05/2025 21:00,124,76,48,22,13,9,32,13,19,21,12,9,,,,25,16,9,,,,,,,,,
29/05/2025 22:00,65,33,32,18,7,11,17,9,8,6,0,6,,,,10,3,7,,,,,,,,,
29/05/2025 23:00,11,8,3,7,2,5,6,1,5,3,0,3,,,,7,4,3,,,,,,,,,
30/05/2025 00:00,1,1,0,1,0,1,6,0,6,4,0,4,,,,4,2,2,,,,,,,,,
30/05/2025 01:00,0,0,0,1,0,1,4,0,4,0,0,0,,,,0,0,0,,,,,,,,,
30/05/2025 02:00,4,2,2,0,0,0,0,0,0,0,0,0,,,,0,0,0,,,,,,,,,
30/05/2025 03:00,0,0,0,0,0,0,0,0,0,0,0,0,,,,0,0,0,,,,,,,,,
30/05/2025 04:00,1,0,1,0,0,0,0,0,0,0,0,0,,,,0,0,0,,,,,,,,,
30/05/2025 05:00,9,1,8,2,2,0,2,1,1,1,1,0,,,,2,1,1,,,,,,,,,
30/05/2025 06:00,46,25,21,20,10,10,20,13,7,6,3,3,,,,18,11,7,,,,,,,,,
30/05/2025 07:00,99,50,49,24,14,10,25,15,10,14,5,9,,,,54,31,23,,,,,,,,,
30/05/2025 08:00,113,57,56,38,19,19,26,11,15,27,13,14,,,,76,46,30,,,,,,,,,
30/05/2025 09:00,148,81,67,42,18,24,32,21,11,31,18,13,,,,100,57,43,,,,,,,,,
30/05/2025 10:00,149,77,72,37,20,17,38,22,16,22,13,9,,,,86,51,35,,,,,,,,,
30/05/2025 11:00,251,122,129,78,41,37,61,32,29,31,11,20,,,,100,57,43,,,,,,,,,
30/05/2025 12:00,221,114,107,52,25,27,59,41,18,40,22,18,,,,352,257,95,,,,,,,,,
30/05/2025 13:00,227,127,100,59,33,26,56,30,26,20,11,9,,,,338,121,217,,,,,,,,,
30/05/2025 14:00,245,128,117,36,21,15,48,29,19,29,16,13,,,,169,82,87,,,,,,,,,
30/05/2025 15:00,221,109,112,51,28,23,43,27,16,44,19,25,,,,131,64,67,,,,,,,,,
30/05/2025 16:00,214,91,123,61,30,31,55,31,24,30,17,13,,,,84,48,36,,,,,,,,,
30/05/2025 17:00,242,119,123,69,32,37,54,29,25,44,18,26,,,,101,51,50,,,,,,,,,
30/05/2025 18:00,226,118,108,81,55,26,57,32,25,29,16,13,,,,128,66,62,,,,,,,,,
30/05/2025 19:00,248,123,125,71,33,38,68,27,41,18,11,7,,,,99,48,51,,,,,,,,,
30/05/2025 20:00,204,98,106,53,25,28,48,22,26,15,2,13,,,,76,35,41,,,,,,,,,
30/05/2025 21:00,121,65,56,27,15,12,16,8,8,16,7,9,,,,39,19,20,,,,,,,,,
30/05/2025 22:00,69,33,36,14,6,8,28,15,13,4,0,4,,,,13,4,9,,,,,,,,,
30/05/2025 23:00,19,11,8,6,3,3,6,0,6,2,1,1,,,,8,6,2,,,,,,,,,
31/05/2025 00:00,1,1,0,0,0,0,0,0,0,2,1,1,,,,6,2,4,,,,,,,,,
31/05/2025 01:00,1,1,0,2,2,0,4,0,4,0,0,0,,,,3,1,2,,,,,,,,,
31/05/2025 02:00,5,2,3,4,0,4,0,0,0,0,0,0,,,,0,0,0,,,,,,,,,
31/05/2025 03:00,3,2,1,0,0,0,9,4,5,0,0,0,,,,0,0,0,,,,,,,,,
31/05/2025 04:00,0,0,0,0,0,0,0,0,0,0,0,0,,,,1,0,1,,,,,,,,,
31/05/2025 05:00,11,4,7,0,0,0,1,1,0,5,2,3,,,,2,2,0,,,,,,,,,
31/05/2025 06:00,25,11,14,7,2,5,5,0,5,3,2,1,,,,7,2,5,,,,,,,,,
31/05/2025 07:00,87,37,50,21,7,14,16,9,7,11,6,5,,,,37,23,14,,,,,,,,,
31/05/2025 08:00,134,69,65,52,25,27,48,16,32,16,4,12,,,,64,35,29,,,,,,,,,
31/05/2025 09:00,188,94,94,88,53,35,42,22,20,31,11,20,,,,100,66,34,,,,,,,,,
31/05/2025 10:00,325,199,126,77,37,40,77,51,26,34,27,7,,,,136,82,54,,,,,,,,,
31/05/2025 11:00,336,182,154,99,53,46,79,47,32,40,25,15,,,,158,84,74,,,,,,,,,
31/05/2025 12:00,287,133,154,77,44,33,88,51,37,42,27,15,,,,111,59,52,,,,,,,,,
31/05/2025 13:00,148,61,87,60,40,20,61,36,25,37,20,17,,,,39,15,24,,,,,,,,,
31/05/2025 14:00,244,110,134,48,29,19,48,33,15,34,16,18,,,,44,22,22,,,,,,,,,
31/05/2025 15:00,228,109,119,47,28,19,46,19,27,37,17,20,,,,100,63,37,,,,,,,,,
31/05/2025 16:00,221,101,120,54,29,25,70,42,28,18,10,8,,,,98,52,46,,,,,,,,,
31/05/2025 17:00,183,78,105,58,27,31,66,27,39,26,12,14,,,,93,42,51,,,,,,,,,
31/05/2025 18:00,231,126,105,35,21,14,40,18,22,13,8,5,,,,55,26,29,,,,,,,,,
31/05/2025 19:00,155,90,65,63,33,30,39,21,18,13,3,10,,,,41,25,16,,,,,,,,,
31/05/2025 20:00,139,78,61,24,15,9,41,19,22,13,5,8,,,,37,19,18,,,,,,,,,
31/05/2025 21:00,77,44,33,18,7,11,30,18,12,13,6,7,,,,29,12,17,,,,,,,,,
31/05/2025 22:00,40,17,23,12,8,4,22,13,9,5,5,0,,,,10,5,5,,,,,,,,,
31/05/2025 23:00,11,6,5,8,2,6,13,8,5,5,3,2,,,,10,3,7,,,,,,,,,
01/06/2025 00:00,1,1,0,1,1,0,3,1,2,1,0,1,,,,0,0,0,,,,0,0,0,,,
01/06/2025 01:00,5,5,0,4,2,2,0,0,0,2,1,1,,,,3,1,2,,,,0,0,0,,,
01/06/2025 02:00,2,2,0,0,0,0,0,0,0,0,0,0,,,,0,0,0,,,,0,0,0,,,
01/06/2025 03:00,0,0,0,2,2,0,0,0,0,0,0,0,,,,0,0,0,,,,0,0,0,,,
01/06/2025 04:00,1,1,0,0,0,0,0,0,0,0,0,0,,,,1,1,0,,,,0,0,0,,,
01/06/2025 05:00,6,4,2,5,3,2,1,1,0,1,1,0,,,,4,4,0,,,,0,0,0,,,
01/06/2025 06:00,15,6,9,9,2,7,2,1,1,3,1,2,,,,9,2,7,,,,0,0,0,,,
01/06/2025 07:00,35,21,14,10,7,3,13,6,7,5,4,1,,,,21,12,9,,,,0,0,0,,,
01/06/2025 08:00,106,53,53,27,14,13,22,13,9,19,8,11,,,,55,27,28,,,,0,0,0,,,
01/06/2025 09:00,235,140,95,49,27,22,51,26,25,23,12,11,,,,112,68,44,,,,0,0,0,,,
01/06/2025 10:00,257,138,119,107,58,49,66,41,25,26,13,13,,,,129,84,45,,,,0,0,0,,,
01/06/2025 11:00,277,147,130,78,40,38,73,44,29,40,23,17,,,,129,71,58,,,,0,0,0,,,
01/06/2025 12:00,335,156,179,105,55,50,87,45,42,44,27,17,,,,108,58,50,,,,0,0,0,,,
01/06/2025 13:00,361,213,148,99,55,44,78,35,43,38,19,19,,,,107,64,43,,,,0,0,0,,,
01/06/2025 14:00,431,247,184,106,52,54,80,37,43,29,21,8,,,,119,58,61,,,,0,0,0,,,
01/06/2025 15:00,334,160,174,88,57,31,63,36,27,20,10,10,,,,71,38,33,,,,0,0,0,,,
01/06/2025 16:00,328,150,178,72,38,34,55,23,32,45,25,20,,,,127,64,63,,,,0,0,0,,,
01/06/2025 17:00,335,167,168,74,39,35,46,24,22,25,5,20,,,,107,62,45,,,,0,0,0,,,
01/06/2025 18:00,267,125,142,59,34,25,74,42,32,21,13,8,,,,80,42,38,,,,0,0,0,,,
01/06/2025 19:00,203,96,107,45,23,22,36,15,21,25,17,8,,,,63,34,29,,,,0,0,0,,,
01/06/2025 20:00,207,96,111,26,13,13,37,18,19,11,4,7,,,,52,23,29,,,,0,0,0,,,
01/06/2025 21:00,86,42,44,31,9,22,25,12,13,13,8,5,,,,30,6,24,,,,0,0,0,,,
01/06/2025 22:00,42,19,23,13,7,6,14,8,6,2,2,0,,,,14,7,7,,,,0,0,0,,,
01/06/2025 23:00,7,3,4,6,5,1,7,3,4,4,0,4,,,,4,4,0,,,,0,0,0,,,
02/06/2025 00:00,0,0,0,0,0,0,3,3,0,0,0,0,,,,3,3,0,,,,0,0,0,,,
02/06/2025 01:00,1,1,0,0,0,0,0,0,0,0,0,0,,,,3,0,3,,,,0,0,0,,,
02/06/2025 02:00,0,0,0,0,0,0,0,0,0,0,0,0,,,,0,0,0,,,,0,0,0,,,
02/06/2025 03:00,0,0,0,0,0,0,1,0,1,0,0,0,,,,0,0,0,,,,0,0,0,,,
02/06/2025 04:00,6,3,3,0,0,0,0,0,0,0,0,0,,,,0,0,0,,,,0,0,0,,,
02/06/2025 05:00,8,4,4,1,1,0,1,1,0,5,1,4,,,,3,2,1,,,,0,0,0,,,
02/06/2025 06:00,25,9,16,2,1,1,3,2,1,2,2,0,,,,6,3,3,,,,0,0,0,,,
02/06/2025 07:00,64,40,24,16,7,9,10,7,3,8,4,4,,,,25,15,10,,,,0,0,0,,,
02/06/2025 08:00,113,64,49,28,14,14,32,14,18,23,9,14,,,,31,20,11,,,,0,0,0,,,
02/06/2025 09:00,217,117,100,52,32,20,45,29,16,17,3,14,,,,88,52,36,,,,0,0,0,,,
02/06/2025 10:00,328,175,153,106,55,51,78,34,44,22,12,10,,,,130,91,39,,,,0,0,0,,,
02/06/2025 11:00,451,269,182,94,51,43,108,69,39,66,30,36,,,,152,97,55,,,,0,0,0,,,
02/06/2025 12:00,411,208,203,94,28,66,84,51,33,37,17,20,,,,131,75,56,,,,0,0,0,,,
02/06/2025 13:00,458,248,210,88,66,22,67,38,29,55,27,28,,,,114,57,57,,,,0,0,0,,,
02/06/2025 14:00,465,230,235,94,49,45,87,42,45,30,18,12,,,,114,61,53,,,,0,0,0,,,
02/06/2025 15:00,460,234,226,78,46,32,76,38,38,50,19,31,,,,118,65,53,,,,0,0,0,,,
02/06/2025 16:00,403,198,205,99,50,49,83,48,35,43,24,19,,,,102,46,56,,,,0,0,0,,,
02/06/2025 17:00,277,141,136,93,41,52,70,36,34,42,25,17,,,,79,38,41,,,,0,0,0,,,
02/06/2025 18:00,143,72,71,63,31,32,44,24,20,22,15,7,,,,75,29,46,,,,0,0,0,,,
02/06/2025 19:00,110,60,50,44,29,15,48,25,23,31,19,12,,,,65,31,34,,,,0,0,0,,,
02/06/2025 20:00,65,36,29,29,8,21,24,10,14,15,7,8,,,,26,13,13,,,,0,0,0,,,
02/06/2025 21:00,38,17,21,10,1,9,63,54,9,4,2,2,,,,17,7,10,,,,0,0,0,,,
02/06/2025 22:00,9,6,3,5,3,2,6,3,3,1,0,1,,,,3,3,0,,,,0,0,0,,,
02/06/2025 23:00,3,1,2,1,0,1,0,0,0,0,0,0,,,,0,0,0,,,,0,0,0,,,
03/06/2025 00:00,0,0,0,0,0,0,3,1,2,3,2,1,,,,0,0,0,,,,0,0,0,,,
03/06/2025 01:00,1,1,0,0,0,0,0,0,0,0,0,0,,,,0,0,0,,,,0,0,0,,,
03/06/2025 02:00,0,0,0,0,0,0,0,0,0,0,0,0,,,,0,0,0,,,,0,0,0,,,
03/06/2025 03:00,0,0,0,0,0,0,0,0,0,0,0,0,,,,0,0,0,,,,0,0,0,,,
03/06/2025 04:00,1,1,0,0,0,0,0,0,0,0,0,0,,,,0,0,0,,,,0,0,0,,,
03/06/2025 05:00,23,12,11,4,2,2,2,2,0,0,0,0,,,,4,2,2,,,,0,0,0,,,
03/06/2025 06:00,39,23,16,14,7,7,16,12,4,8,6,2,,,,22,12,10,,,,0,0,0,,,
03/06/2025 07:00,57,28,29,30,13,17,12,6,6,12,3,9,,,,48,30,18,,,,0,0,0,,,
03/06/2025 08:00,84,33,51,35,18,17,27,11,16,52,25,27,,,,68,34,34,,,,0,0,0,,,
03/06/2025 09:00,94,44,50,38,20,18,32,18,14,31,20,11,,,,63,34,29,,,,0,0,0,,,
03/06/2025 10:00,132,71,61,59,25,34,27,12,15,21,12,9,,,,56,29,27,,,,0,0,0,,,
03/06/2025 11:00,114,61,53,35,20,15,28,6,22,19,12,7,,,,43,22,21,,,,0,0,0,,,
03/06/2025 12:00,124,62,62,35,21,14,36,22,14,25,12,13,,,,36,25,11,,,,0,0,0,,,
03/06/2025 13:00,107,57,50,24,14,10,40,24,16,25,10,15,,,,41,19,22,,,,0,0,0,,,
03/06/2025 14:00,142,70,72,43,29,14,17,10,7,29,12,17,,,,61,38,23,,,,0,0,0,,,
03/06/2025 15:00,110,66,44,32,25,7,27,16,11,30,12,18,,,,52,19,33,,,,0,0,0,,,
03/06/2025 16:00,113,43,70,37,23,14,39,25,14,18,13,5,,,,56,27,29,,,,0,0,0,,,
03/06/2025 17:00,120,61,59,44,20,24,48,27,21,38,15,23,,,,113,55,58,,,,0,0,0,,,
03/06/2025 18:00,132,68,64,70,50,20,51,29,22,49,18,31,,,,93,48,45,,,,0,0,0,,,
03/06/2025 19:00,163,76,87,84,48,36,52,34,18,24,11,13,,,,69,38,31,,,,0,0,0,,,
03/06/2025 20:00,144,87,57,43,26,17,31,18,13,20,8,12,,,,52,25,27,,,,0,0,0,,,
03/06/2025 21:00,92,37,55,24,11,13,30,22,8,12,6,6,,,,29,16,13,,,,0,0,0,,,
03/06/2025 22:00,35,21,14,15,9,6,16,5,11,4,2,2,,,,9,7,2,,,,0,0,0,,,
03/06/2025 23:00,12,6,6,2,2,0,3,1,2,0,0,0,,,,0,0,0,,,,0,0,0,,,
04/06/2025 00:00,0,0,0,0,0,0,0,0,0,1,0,1,,,,0,0,0,,,,0,0,0,,,
04/06/2025 01:00,0,0,0,0,0,0,3,2,1,0,0,0,,,,0,0,0,,,,0,0,0,,,
04/06/2025 02:00,0,0,0,0,0,0,0,0,0,1,0,1,,,,0,0,0,,,,0,0,0,,,
04/06/2025 03:00,1,1,0,1,0,1,0,0,0,1,1,0,,,,0,0,0,,,,0,0,0,,,
04/06/2025 04:00,7,6,1,0,0,0,0,0,0,2,1,1,,,,0,0,0,,,,0,0,0,,,
04/06/2025 05:00,15,6,9,3,3,0,5,4,1,3,2,1,,,,4,4,0,,,,0,0,0,,,
04/06/2025 06:00,44,18,26,24,14,10,17,12,5,11,7,4,,,,23,14,9,,,,0,0,0,,,
04/06/2025 07:00,91,45,46,33,12,21,23,10,13,17,7,10,,,,70,42,28,,,,0,0,0,,,
04/06/2025 08:00,107,50,57,36,16,20,26,12,14,38,21,17,,,,104,58,46,,,,0,0,0,,,
04/06/2025 09:00,129,67,62,57,23,34,39,24,15,33,18,15,,,,79,45,34,,,,0,0,0,,,
04/06/2025 10:00,140,61,79,46,25,21,28,18,10,34,18,16,,,,60,31,29,,,,0,0,0,,,
04/06/2025 11:00,161,89,72,51,35,16,41,17,24,19,4,15,,,,99,42,57,,,,0,0,0,,,
04/06/2025 12:00,164,81,83,54,26,28,33,22,11,36,19,17,,,,82,54,28,,,,0,0,0,,,
04/06/2025 13:00,194,98,96,51,33,18,43,26,17,32,13,19,,,,103,62,41,,,,0,0,0,,,
04/06/2025 14:00,101,56,45,30,14,16,33,14,19,33,15,18,,,,97,49,48,,,,0,0,0,,,
04/06/2025 15:00,106,45,61,38,22,16,30,15,15,24,13,11,,,,53,26,27,,,,0,0,0,,,
04/06/2025 16:00,110,56,54,30,13,17,36,28,8,22,13,9,,,,42,15,27,,,,0,0,0,,,
04/06/2025 17:00,66,25,41,23,16,7,41,21,20,28,9,19,,,,41,15,26,,,,0,0,0,,,
04/06/2025 18:00,60,34,26,29,15,14,17,5,12,14,6,8,,,,54,30,24,,,,0,0,0,,,
04/06/2025 19:00,82,41,41,32,18,14,28,15,13,30,14,16,,,,64,33,31,,,,0,0,0,,,
04/06/2025 20:00,92,48,44,44,23,21,34,15,19,36,17,19,,,,77,46,31,,,,0,0,0,,,
04/06/2025 21:00,94,47,47,27,9,18,28,13,15,14,6,8,,,,42,17,25,,,,0,0,0,,,
04/06/2025 22:00,36,25,11,19,10,9,13,5,8,7,3,4,,,,8,2,6,,,,0,0,0,,,
04/06/2025 23:00,4,1,3,11,7,4,5,2,3,3,1,2,,,,7,4,3,,,,0,0,0,,,
05/06/2025 00:00,0,0,0,1,0,1,4,1,3,1,1,0,,,,3,1,2,,,,0,0,0,,,
05/06/2025 01:00,0,0,0,0,0,0,0,0,0,0,0,0,,,,0,0,0,,,,0,0,0,,,
05/06/2025 02:00,0,0,0,1,1,0,0,0,0,0,0,0,,,,0,0,0,,,,0,0,0,,,
05/06/2025 03:00,1,1,0,0,0,0,0,0,0,0,0,0,,,,0,0,0,,,,0,0,0,,,
05/06/2025 04:00,0,0,0,0,0,0,0,0,0,0,0,0,,,,0,0,0,,,,0,0,0,,,
05/06/2025 05:00,13,3,10,1,0,1,1,1,0,0,0,0,,,,1,1,0,,,,0,0,0,,,
05/06/2025 06:00,35,21,14,9,5,4,21,13,8,7,5,2,,,,21,11,10,,,,0,0,0,,,
05/06/2025 07:00,70,28,42,28,14,14,22,9,13,12,3,9,,,,45,26,19,,,,0,0,0,,,
05/06/2025 08:00,73,37,36,33,8,25,23,11,12,44,21,23,,,,79,42,37,,,,0,0,0,,,
05/06/2025 09:00,118,60,58,54,23,31,40,21,19,33,21,12,,,,53,27,26,,,,0,0,0,,,
05/06/2025 10:00,147,74,73,30,15,15,28,19,9,23,11,12,,,,49,21,28,,,,0,0,0,,,
05/06/2025 11:00,123,63,60,27,17,10,29,12,17,21,11,10,,,,33,20,13,,,,0,0,0,,,
05/06/2025 12:00,117,64,53,37,20,17,34,18,16,40,17,23,,,,73,38,35,,,,0,0,0,,,
05/06/2025 13:00,150,69,81,49,31,18,43,32,11,27,18,9,,,,89,52,37,,,,0,0,0,,,
05/06/2025 14:00,159,82,77,30,15,15,21,9,12,35,20,15,,,,125,70,55,,,,0,0,0,,,
05/06/2025 15:00,104,54,50,32,14,18,24,10,14,29,14,15,,,,87,39,48,,,,0,0,0,,,
05/06/2025 16:00,127,61,66,66,39,27,48,20,28,37,17,20,,,,103,43,60,,,,0,0,0,,,
05/06/2025 17:00,122,64,58,53,33,20,43,20,23,28,13,15,,,,75,35,40,,,,0,0,0,,,
05/06/2025 18:00,108,46,62,57,35,22,40,21,19,26,15,11,,,,90,45,45,,,,0,0,0,,,
05/06/2025 19:00,104,62,42,57,30,27,37,18,19,23,8,15,,,,82,39,43,,,,0,0,0,,,
05/06/2025 20:00,143,93,50,54,33,21,53,32,21,20,10,10,,,,70,40,30,,,,0,0,0,,,
05/06/2025 21:00,80,35,45,31,16,15,41,15,26,9,6,3,,,,34,14,20,,,,0,0,0,,,
05/06/2025 22:00,25,14,11,10,1,9,8,3,5,5,2,3,,,,3,1,2,,,,0,0,0,,,
05/06/2025 23:00,10,9,1,4,0,4,4,1,3,2,0,2,,,,1,0,1,,,,0,0,0,,,
06/06/2025 00:00,0,0,0,0,0,0,8,2,6,1,0,1,,,,0,0,0,,,,0,0,0,,,
06/06/2025 01:00,2,2,0,0,0,0,2,0,2,0,0,0,,,,0,0,0,,,,0,0,0,,,
06/06/2025 02:00,0,0,0,0,0,0,2,1,1,0,0,0,,,,0,0,0,,,,0,0,0,,,
06/06/2025 03:00,0,0,0,0,0,0,0,0,0,0,0,0,,,,0,0,0,,,,0,0,0,,,
06/06/2025 04:00,1,1,0,0,0,0,0,0,0,0,0,0,,,,0,0,0,,,,,,,,,
06/06/2025 05:00,12,2,10,2,1,1,6,4,2,1,1,0,,,,2,1,1,,,,0,0,0,,,
06/06/2025 06:00,42,20,22,30,16,14,28,17,11,14,10,4,,,,37,21,16,,,,0,0,0,,,
06/06/2025 07:00,87,45,42,33,13,20,19,12,7,8,5,3,,,,52,31,21,,,,0,0,0,,,
06/06/2025 08:00,88,42,46,36,14,22,36,14,22,40,21,19,,,,93,53,40,,,,0,0,0,,,
06/06/2025 09:00,140,73,67,41,18,23,46,29,17,42,21,21,,,,68,49,19,,,,0,0,0,,,
06/06/2025 10:00,155,95,60,73,57,16,23,14,9,28,16,12,,,,68,41,27,,,,0,0,0,,,
06/06/2025 11:00,180,115,65,41,22,19,91,66,25,35,20,15,,,,74,33,41,,,,0,0,0,,,
06/06/2025 12:00,187,93,94,59,33,26,47,21,26,27,8,19,,,,66,35,31,,,,0,0,0,,,
06/06/2025 13:00,189,94,95,51,25,26,47,21,26,40,21,19,,,,124,74,50,,,,0,0,0,,,
06/06/2025 14:00,162,82,80,33,21,12,18,9,9,47,19,28,,,,134,64,70,,,,0,0,0,,,
06/06/2025 15:00,109,56,53,31,13,18,36,20,16,35,13,22,,,,77,37,40,,,,0,0,0,,,
06/06/2025 16:00,94,38,56,33,14,19,23,13,10,20,9,11,,,,36,22,14,,,,0,0,0,,,
06/06/2025 17:00,85,39,46,40,26,14,37,23,14,13,4,9,,,,46,20,26,,,,0,0,0,,,
06/06/2025 18:00,97,50,47,58,33,25,43,18,25,25,11,14,,,,55,28,27,,,,0,0,0,,,
06/06/2025 19:00,93,43,50,13,9,4,26,9,17,17,10,7,,,,35,17,18,,,,0,0,0,,,
06/06/2025 20:00,76,33,43,23,9,14,21,8,13,15,5,10,,,,26,12,14,,,,0,0,0,,,
06/06/2025 21:00,54,28,26,14,4,10,14,10,4,8,3,5,,,,23,8,15,,,,0,0,0,,,
06/06/2025 22:00,50,24,26,15,5,10,12,4,8,5,0,5,,,,9,2,7,,,,0,0,0,,,
06/06/2025 23:00,16,12,4,10,3,7,7,2,5,1,0,1,,,,1,1,0,,,,0,0,0,,,
07/06/2025 00:00,0,0,0,2,2,0,0,0,0,0,0,0,,,,0,0,0,,,,0,0,0,,,
07/06/2025 01:00,2,2,0,3,1,2,2,0,2,1,0,1,,,,0,0,0,,,,0,0,0,,,
07/06/2025 02:00,2,2,0,0,0,0,0,0,0,10,5,5,,,,0,0,0,,,,0,0,0,,,
07/06/2025 03:00,3,3,0,0,0,0,0,0,0,2,1,1,,,,0,0,0,,,,0,0,0,,,
07/06/2025 04:00,0,0,0,0,0,0,0,0,0,0,0,0,,,,0,0,0,,,,0,0,0,,,
07/06/2025 05:00,9,8,1,0,0,0,2,2,0,1,1,0,,,,1,1,0,,,,0,0,0,,,
07/06/2025 06:00,25,13,12,5,4,1,5,3,2,4,3,1,,,,4,3,1,,,,0,0,0,,,
07/06/2025 07:00,75,35,40,21,9,12,29,14,15,9,3,6,,,,29,14,15,,,,0,0,0,,,
07/06/2025 08:00,112,50,62,41,19,22,35,20,15,20,12,8,,,,57,28,29,,,,0,0,0,,,
07/06/2025 09:00,148,86,62,47,29,18,40,22,18,22,12,10,,,,99,62,37,,,,0,0,0,,,
07/06/2025 10:00,225,116,109,81,45,36,69,41,28,34,20,14,,,,142,88,54,,,,0,0,0,,,
07/06/2025 11:00,213,120,93,92,49,43,65,37,28,52,30,22,,,,152,83,69,,,,0,0,0,,,
07/06/2025 12:00,261,125,136,72,36,36,61,36,25,46,29,17,,,,113,55,58,,,,0,0,0,,,
07/06/2025 13:00,221,121,100,57,32,25,58,33,25,38,13,25,,,,84,46,38,,,,0,0,0,,,
07/06/2025 14:00,211,112,99,50,31,19,43,21,22,26,3,23,,,,61,33,28,,,,0,0,0,,,
07/06/2025 15:00,156,81,75,25,14,11,43,24,19,20,9,11,,,,57,18,39,,,,0,0,0,,,
07/06/2025 16:00,166,83,83,20,15,5,42,21,21,17,4,13,,,,42,24,18,,,,0,0,0,,,
07/06/2025 17:00,88,39,49,44,22,22,27,12,15,27,12,15,,,,54,36,18,,,,0,0,0,,,
07/06/2025 18:00,96,46,50,38,21,17,35,18,17,17,8,9,,,,44,21,23,,,,0,0,0,,,
07/06/2025 19:00,122,69,53,29,16,13,22,12,10,23,10,13,,,,43,20,23,,,,0,0,0,,,
07/06/2025 20:00,77,31,46,55,28,27,35,14,21,17,6,11,,,,37,22,15,,,,0,0,0,,,
07/06/2025 21:00,61,37,24,24,16,8,29,18,11,5,3,2,,,,23,10,13,,,,0,0,0,,,
07/06/2025 22:00,38,17,21,9,3,6,15,7,8,4,1,3,,,,3,0,3,,,,0,0,0,,,
07/06/2025 23:00,13,6,7,6,1,5,12,8,4,3,3,0,,,,0,0,0,,,,0,0,0,,,
08/06/2025 00:00,0,0,0,0,0,0,2,0,2,2,2,0,,,,0,0,0,,,,0,0,0,,,
08/06/2025 01:00,1,1,0,2,0,2,0,0,0,0,0,0,,,,0,0,0,,,,0,0,0,,,
08/06/2025 02:00,3,3,0,0,0,0,1,1,0,0,0,0,,,,0,0,0,,,,0,0,0,,,
08/06/2025 03:00,0,0,0,2,0,2,0,0,0,0,0,0,,,,0,0,0,,,,0,0,0,,,
08/06/2025 04:00,3,1,2,0,0,0,0,0,0,1,0,1,,,,1,1,0,,,,,,,,,
08/06/2025 05:00,1,1,0,1,0,1,2,1,1,0,0,0,,,,3,2,1,,,,0,0,0,,,
08/06/2025 06:00,18,9,9,2,2,0,5,1,4,0,0,0,,,,8,5,3,,,,0,0,0,,,
08/06/2025 07:00,40,18,22,15,9,6,13,7,6,3,2,1,,,,20,10,10,,,,0,0,0,,,
08/06/2025 08:00,131,64,67,35,21,14,47,29,18,18,6,12,,,,63,36,27,,,,0,0,0,,,
08/06/2025 09:00,236,133,103,67,33,34,88,44,44,32,16,16,,,,113,74,39,,,,0,0,0,,,
08/06/2025 10:00,332,232,100,97,54,43,84,49,35,39,17,22,,,,158,103,55,,,,0,0,0,,,
08/06/2025 11:00,401,229,172,83,53,30,72,40,32,47,24,23,,,,149,86,63,,,,0,0,0,,,
08/06/2025 12:00,538,247,291,87,48,39,88,47,41,47,22,25,,,,130,63,67,,,,0,0,0,,,
08/06/2025 13:00,401,191,210,80,49,31,58,31,27,33,15,18,,,,82,51,31,,,,0,0,0,,,
08/06/2025 14:00,374,166,208,64,33,31,84,34,50,50,29,21,,,,73,49,24,,,,0,0,0,,,
08/06/2025 15:00,370,189,181,76,37,39,44,34,10,34,17,17,,,,90,50,40,,,,0,0,0,,,
08/06/2025 16:00,333,164,169,49,22,27,43,22,21,27,16,11,,,,96,36,60,,,,0,0,0,,,
08/06/2025 17:00,263,113,150,40,20,20,41,21,20,28,14,14,,,,69,30,39,,,,0,0,0,,,
08/06/2025 18:00,160,74,86,36,20,16,31,17,14,19,11,8,,,,67,37,30,,,,0,0,0,,,
08/06/2025 19:00,139,70,69,40,26,14,28,10,18,22,9,13,,,,54,23,31,,,,0,0,0,,,
08/06/2025 20:00,101,56,45,27,15,12,31,16,15,13,6,7,,,,30,15,15,,,,0,0,0,,,
08/06/2025 21:00,76,29,47,19,11,8,27,18,9,15,10,5,,,,23,12,11,,,,0,0,0,,,
08/06/2025 22:00,17,8,9,5,3,2,15,1,14,5,1,4,,,,2,1,1,,,,0,0,0,,,
08/06/2025 23:00,9,7,2,1,1,0,6,3,3,2,1,1,,,,0,0,0,,,,0,0,0,,,
09/06/2025 00:00,0,0,0,2,0,2,3,1,2,0,0,0,,,,0,0,0,,,,0,0,0,,,
09/06/2025 01:00,1,0,1,0,0,0,0,0,0,0,0,0,,,,0,0,0,,,,0,0,0,,,
09/06/2025 02:00,0,0,0,0,0,0,0,0,0,0,0,0,,,,0,0,0,,,,0,0,0,,,
09/06/2025 03:00,0,0,0,0,0,0,0,0,0,0,0,0,,,,0,0,0,,,,0,0,0,,,
09/06/2025 04:00,1,1,0,0,0,0,0,0,0,0,0,0,,,,0,0,0,,,,0,0,0,,,
09/06/2025 05:00,8,1,7,3,2,1,3,3,0,1,1,0,,,,3,3,0,,,,0,0,0,,,
09/06/2025 06:00,40,21,19,14,6,8,23,16,7,13,6,7,,,,22,13,9,,,,0,0,0,,,
09/06/2025 07:00,71,33,38,32,14,18,19,12,7,7,1,6,,,,58,30,28,,,,0,0,0,,,
09/06/2025 08:00,78,40,38,34,16,18,31,14,17,31,19,12,,,,86,60,26,,,,0,0,0,,,
09/06/2025 09:00,100,47,53,37,20,17,31,21,10,26,11,15,,,,69,37,32,,,,0,0,0,,,
09/06/2025 10:00,109,53,56,29,5,24,13,4,9,24,14,10,,,,68,35,33,,,,0,0,0,,,
09/06/2025 11:00,158,84,74,32,15,17,21,9,12,16,9,7,,,,49,27,22,,,,0,0,0,,,
09/06/2025 12:00,148,79,69,43,28,15,37,23,14,37,19,18,,,,68,32,36,,,,0,0,0,,,
09/06/2025 13:00,210,100,110,31,17,14,58,29,29,28,11,17,,,,80,46,34,,,,0,0,0,,,
09/06/2025 14:00,125,56,69,33,17,16,30,18,12,21,10,11,,,,55,25,30,,,,0,0,0,,,
09/06/2025 15:00,109,60,49,36,20,16,23,11,12,24,12,12,,,,60,25,35,,,,0,0,0,,,
09/06/2025 16:00,101,43,58,41,15,26,24,9,15,37,20,17,,,,74,30,44,,,,0,0,0,,,
09/06/2025 17:00,110,64,46,57,34,23,59,39,20,39,21,18,,,,97,48,49,,,,0,0,0,,,
09/06/2025 18:00,160,79,81,78,57,21,48,23,25,24,12,12,,,,109,57,52,,,,0,0,0,,,
09/06/2025 19:00,153,72,81,56,24,32,38,18,20,21,11,10,,,,78,45,33,,,,0,0,0,,,
09/06/2025 20:00,139,74,65,87,30,57,34,16,18,26,12,14,,,,71,35,36,,,,0,0,0,,,
09/06/2025 21:00,71,38,33,23,12,11,21,7,14,17,9,8,,,,24,9,15,,,,0,0,0,,,
09/06/2025 22:00,29,9,20,14,5,9,8,2,6,2,1,1,,,,3,2,1,,,,0,0,0,,,
09/06/2025 23:00,9,8,1,4,1,3,3,0,3,3,2,1,,,,0,0,0,,,,0,0,0,,,
10/06/2025 00:00,2,2,0,0,0,0,2,0,2,2,1,1,,,,0,0,0,,,,0,0,0,,,
10/06/2025 01:00,4,1,3,1,0,1,2,0,2,0,0,0,,,,1,1,0,,,,0,0,0,,,
10/06/2025 02:00,0,0,0,1,0,1,0,0,0,0,0,0,,,,0,0,0,,,,0,0,0,,,
10/06/2025 03:00,0,0,0,0,0,0,0,0,0,0,0,0,,,,0,0,0,,,,0,0,0,,,
10/06/2025 04:00,1,1,0,0,0,0,1,0,1,0,0,0,,,,0,0,0,,,,0,0,0,,,
10/06/2025 05:00,19,5,14,4,1,3,1,1,0,0,0,0,,,,4,3,1,,,,0,0,0,,,
10/06/2025 06:00,48,21,27,30,16,14,20,15,5,11,8,3,,,,23,13,10,,,,0,0,0,,,
10/06/2025 07:00,82,44,38,37,14,23,23,15,8,17,6,11,,,,65,28,37,,,,0,0,0,,,
10/06/2025 08:00,110,52,58,44,23,21,35,13,22,49,29,20,,,,95,60,35,,,,0,0,0,,,
10/06/2025 09:00,130,73,57,48,27,21,32,21,11,34,19,15,,,,86,44,42,,,,0,0,0,,,
10/06/2025 10:00,116,67,49,50,26,24,28,18,10,36,19,17,,,,77,49,28,,,,0,0,0,,,
10/06/2025 11:00,135,75,60,34,16,18,44,23,21,25,12,13,,,,67,33,34,,,,0,0,0,,,
10/06/2025 12:00,197,82,115,48,22,26,30,19,11,35,17,18,,,,81,45,36,,,,0,0,0,,,
10/06/2025 13:00,214,107,107,58,29,29,68,33,35,40,25,15,,,,136,87,49,,,,0,0,0,,,
10/06/2025 14:00,149,63,86,44,19,25,30,15,15,39,18,21,,,,121,72,49,,,,0,0,0,,,
10/06/2025 15:00,198,113,85,78,48,30,44,27,17,31,12,19,,,,74,33,41,,,,0,0,0,,,
10/06/2025 16:00,218,109,109,58,34,24,53,20,33,32,12,20,,,,109,51,58,,,,0,0,0,,,
10/06/2025 17:00,190,94,96,57,28,29,67,37,30,42,15,27,,,,134,72,62,,,,0,0,0,,,
10/06/2025 18:00,198,98,100,77,44,33,52,28,24,37,17,20,,,,138,72,66,,,,0,0,0,,,
10/06/2025 19:00,196,91,105,81,46,35,70,36,34,33,17,16,,,,113,62,51,,,,0,0,0,,,
10/06/2025 20:00,263,131,132,59,35,24,58,28,30,21,11,10,,,,82,37,45,,,,0,0,0,,,
10/06/2025 21:00,136,69,67,47,17,30,23,8,15,17,8,9,,,,51,21,30,,,,0,0,0,,,
10/06/2025 22:00,43,27,16,13,6,7,20,11,9,8,4,4,,,,4,1,3,,,,0,0,0,,,
10/06/2025 23:00,8,5,3,6,2,4,2,2,0,6,2,4,,,,1,1,0,,,,0,0,0,,,
11/06/2025 00:00,0,0,0,0,0,0,3,2,1,5,0,5,,,,0,0,0,,,,0,0,0,,,
11/06/2025 01:00,3,3,0,1,1,0,1,1,0,0,0,0,,,,2,1,1,,,,0,0,0,,,
11/06/2025 02:00,2,1,1,0,0,0,0,0,0,1,0,1,,,,3,3,0,,,,0,0,0,,,
11/06/2025 03:00,1,0,1,0,0,0,0,0,0,0,0,0,,,,1,1,0,,,,0,0,0,,,
11/06/2025 04:00,2,2,0,0,0,0,0,0,0,0,0,0,,,,0,0,0,,,,0,0,0,,,
11/06/2025 05:00,10,3,7,2,1,1,2,0,2,2,1,1,,,,2,2,0,,,,0,0,0,,,
11/06/2025 06:00,54,28,26,15,9,6,15,10,5,10,7,3,,,,15,8,7,,,,0,0,0,,,
11/06/2025 07:00,88,45,43,31,11,20,17,7,10,17,8,9,,,,62,32,30,,,,0,0,0,,,
11/06/2025 08:00,90,48,42,45,18,27,32,19,13,35,19,16,,,,105,58,47,,,,0,0,0,,,
11/06/2025 09:00,177,98,79,46,15,31,31,13,18,35,13,22,,,,126,69,57,,,,0,0,0,,,
11/06/2025 10:00,121,68,53,60,42,18,34,21,13,20,8,12,,,,76,36,40,,,,0,0,0,,,
11/06/2025 11:00,169,96,73,79,41,38,54,31,23,31,17,14,,,,101,63,38,,,,0,0,0,,,
11/06/2025 12:00,247,135,112,70,39,31,47,23,24,34,20,14,,,,94,49,45,,,,0,0,0,,,
11/06/2025 13:00,251,141,110,66,34,32,65,28,37,30,9,21,,,,122,74,48,,,,0,0,0,,,
11/06/2025 14:00,215,87,128,40,18,22,42,25,17,24,13,11,,,,113,62,51,,,,0,0,0,,,
11/06/2025 15:00,231,103,128,85,51,34,69,39,30,46,28,18,,,,162,90,72,,,,0,0,0,,,
11/06/2025 16:00,215,106,109,56,33,23,80,54,26,56,32,24,,,,125,56,69,,,,0,0,0,,,
11/06/2025 17:00,214,116,98,101,74,27,87,54,33,63,19,44,,,,151,81,70,,,,0,0,0,,,
11/06/2025 18:00,270,161,109,108,70,38,95,66,29,43,25,18,,,,136,85,51,,,,0,0,0,,,
11/06/2025 19:00,256,102,154,79,32,47,61,38,23,47,25,22,,,,141,76,65,,,,0,0,0,,,
11/06/2025 20:00,206,122,84,71,31,40,56,33,23,33,18,15,,,,88,37,51,,,,0,0,0,,,
11/06/2025 21:00,115,56,59,28,13,15,45,27,18,18,7,11,,,,62,31,31,,,,0,0,0,,,
11/06/2025 22:00,38,22,16,16,4,12,12,4,8,1,1,0,,,,4,1,3,,,,0,0,0,,,
11/06/2025 23:00,13,6,7,3,2,1,2,0,2,5,4,1,,,,0,0,0,,,,0,0,0,,,
12/06/2025 00:00,1,0,1,0,0,0,3,2,1,2,2,0,,,,0,0,0,,,,0,0,0,,,
12/06/2025 01:00,2,0,2,0,0,0,0,0,0,0,0,0,,,,0,0,0,,,,0,0,0,,,
12/06/2025 02:00,0,0,0,1,0,1,0,0,0,0,0,0,,,,0,0,0,,,,0,0,0,,,
12/06/2025 03:00,2,0,2,0,0,0,0,0,0,0,0,0,,,,0,0,0,,,,0,0,0,,,
12/06/2025 04:00,0,0,0,3,3,0,0,0,0,1,1,0,,,,0,0,0,,,,0,0,0,,,
12/06/2025 05:00,11,2,9,0,0,0,1,1,0,0,0,0,,,,4,3,1,,,,0,0,0,,,
12/06/2025 06:00,23,12,11,9,6,3,14,8,6,1,1,0,,,,9,5,4,,,,0,0,0,,,
12/06/2025 07:00,36,15,21,17,7,10,11,2,9,9,2,7,,,,25,15,10,,,,0,0,0,,,
12/06/2025 08:00,53,26,27,33,11,22,40,19,21,44,23,21,,,,70,38,32,,,,0,0,0,,,
12/06/2025 09:00,76,32,44,30,13,17,25,12,13,22,11,11,,,,50,21,29,,,,0,0,0,,,
12/06/2025 10:00,64,40,24,12,3,9,9,5,4,14,5,9,,,,21,11,10,,,,0,0,0,,,
12/06/2025 11:00,24,11,13,10,8,2,8,2,6,10,3,7,,,,12,6,6,,,,0,0,0,,,
12/06/2025 12:00,44,23,21,9,1,8,16,7,9,11,6,5,,,,18,10,8,,,,0,0,0,,,
12/06/2025 13:00,33,17,16,12,6,6,14,6,8,12,8,4,,,,21,7,14,,,,0,0,0,,,
12/06/2025 14:00,32,15,17,13,6,7,11,6,5,16,9,7,,,,10,5,5,,,,0,0,0,,,
12/06/2025 15:00,57,21,36,13,3,10,16,13,3,10,2,8,,,,6,4,2,,,,0,0,0,,,
12/06/2025 16:00,30,12,18,11,3,8,13,5,8,12,5,7,,,,16,5,11,,,,0,0,0,,,
12/06/2025 17:00,23,9,14,11,6,5,22,13,9,7,4,3,,,,31,11,20,,,,0,0,0,,,
12/06/2025 18:00,23,14,9,16,8,8,17,10,7,10,6,4,,,,32,17,15,,,,0,0,0,,,
12/06/2025 19:00,53,25,28,17,9,8,16,7,9,11,6,5,,,,32,18,14,,,,0,0,0,,,
12/06/2025 20:00,42,19,23,27,14,13,16,8,8,9,6,3,,,,38,17,21,,,,0,0,0,,,
12/06/2025 21:00,59,25,34,17,8,9,21,10,11,8,6,2,,,,36,14,22,,,,0,0,0,,,
12/06/2025 22:00,23,12,11,10,6,4,15,5,10,2,1,1,,,,13,7,6,,,,0,0,0,,,
12/06/2025 23:00,10,5,5,9,4,5,8,5,3,1,1,0,,,,6,3,3,,,,0,0,0,,,
13/06/2025 00:00,1,1,0,0,0,0,5,1,4,0,0,0,,,,1,0,1,,,,0,0,0,,,
13/06/2025 01:00,0,0,0,0,0,0,1,0,1,0,0,0,,,,0,0,0,,,,0,0,0,,,
13/06/2025 02:00,0,0,0,0,0,0,0,0,0,0,0,0,,,,0,0,0,,,,0,0,0,,,
13/06/2025 03:00,1,1,0,0,0,0,0,0,0,1,1,0,,,,0,0,0,,,,0,0,0,,,
13/06/2025 04:00,2,2,0,0,0,0,0,0,0,0,0,0,,,,1,1,0,,,,0,0,0,,,
13/06/2025 05:00,2,0,2,3,0,3,3,1,2,1,1,0,,,,3,1,2,,,,0,0,0,,,
13/06/2025 06:00,41,23,18,11,6,5,18,14,4,7,6,1,,,,13,6,7,,,,0,0,0,,,
13/06/2025 07:00,92,49,43,38,17,21,23,11,12,14,6,8,,,,41,25,16,,,,0,0,0,,,
13/06/2025 08:00,83,49,34,42,16,26,41,21,20,53,23,30,,,,68,36,32,,,,0,0,0,,,
13/06/2025 09:00,126,60,66,39,13,26,40,19,21,28,16,12,,,,63,33,30,,,,0,0,0,,,
13/06/2025 10:00,148,83,65,38,23,15,25,18,7,17,10,7,,,,65,38,27,,,,0,0,0,,,
13/06/2025 11:00,188,105,83,40,15,25,44,21,23,32,12,20,,,,59,27,32,,,,0,0,0,,,
13/06/2025 12:00,189,110,79,68,40,28,56,37,19,25,14,11,,,,97,62,35,,,,0,0,0,,,
13/06/2025 13:00,204,101,103,60,41,19,39,23,16,42,17,25,,,,180,94,86,,,,0,0,0,,,
13/06/2025 14:00,157,83,74,43,23,20,33,16,17,65,47,18,,,,124,69,55,,,,0,0,0,,,
13/06/2025 15:00,191,97,94,43,27,16,37,22,15,28,13,15,,,,97,55,42,,,,0,0,0,,,
13/06/2025 16:00,166,80,86,50,26,24,40,17,23,31,14,17,,,,108,48,60,,,,0,0,0,,,
13/06/2025 17:00,163,85,78,60,27,33,66,38,28,41,17,24,,,,113,54,59,,,,0,0,0,,,
13/06/2025 18:00,184,83,101,52,29,23,64,30,34,36,16,20,,,,97,53,44,,,,0,0,0,,,
13/06/2025 19:00,180,86,94,42,23,19,31,19,12,32,16,16,,,,75,41,34,,,,0,0,0,,,
13/06/2025 20:00,110,64,46,37,21,16,48,19,29,26,15,11,,,,68,31,37,,,,0,0,0,,,
13/06/2025 21:00,91,44,47,47,22,25,25,17,8,12,9,3,,,,16,6,10,,,,0,0,0,,,
13/06/2025 22:00,46,23,23,22,10,12,29,18,11,10,4,6,,,,12,9,3,,,,0,0,0,,,
13/06/2025 23:00,14,7,7,6,1,5,11,5,6,1,1,0,,,,4,3,1,,,,0,0,0,,,
14/06/2025 00:00,1,1,0,5,3,2,1,0,1,3,2,1,,,,0,0,0,,,,0,0,0,,,
14/06/2025 01:00,1,1,0,2,0,2,0,0,0,0,0,0,,,,1,1,0,,,,0,0,0,,,
14/06/2025 02:00,0,0,0,2,0,2,5,1,4,0,0,0,,,,0,0,0,,,,0,0,0,,,
14/06/2025 03:00,0,0,0,0,0,0,2,2,0,0,0,0,,,,1,1,0,,,,0,0,0,,,
14/06/2025 04:00,2,2,0,0,0,0,0,0,0,0,0,0,,,,1,1,0,,,,0,0,0,,,
14/06/2025 05:00,4,4,0,1,1,0,2,2,0,0,0,0,,,,0,0,0,,,,0,0,0,,,
14/06/2025 06:00,43,9,34,12,1,11,1,1,0,0,0,0,,,,39,4,35,,,,0,0,0,,,
14/06/2025 07:00,33,17,16,9,5,4,9,9,0,4,2,2,,,,12,10,2,,,,0,0,0,,,
14/06/2025 08:00,28,18,10,8,5,3,8,5,3,2,0,2,,,,16,7,9,,,,0,0,0,,,
14/06/2025 09:00,30,16,14,27,18,9,16,8,8,2,0,2,,,,20,13,7,,,,0,0,0,,,
14/06/2025 10:00,33,16,17,32,22,10,14,7,7,13,3,10,,,,35,20,15,,,,0,0,0,,,
14/06/2025 11:00,69,46,23,27,20,7,25,19,6,14,8,6,,,,23,10,13,,,,0,0,0,,,
14/06/2025 12:00,88,52,36,32,19,13,33,16,17,18,6,12,,,,20,13,7,,,,0,0,0,,,
14/06/2025 13:00,109,52,57,37,18,19,26,14,12,16,9,7,,,,47,30,17,,,,0,0,0,,,
14/06/2025 14:00,99,62,37,38,23,15,26,11,15,23,10,13,,,,46,26,20,,,,0,0,0,,,
14/06/2025 15:00,150,62,88,40,23,17,33,21,12,21,10,11,,,,44,30,14,,,,0,0,0,,,
14/06/2025 16:00,85,39,46,28,20,8,36,25,11,19,13,6,,,,32,16,16,,,,0,0,0,,,
14/06/2025 17:00,36,18,18,11,10,1,12,4,8,10,2,8,,,,16,7,9,,,,0,0,0,,,
14/06/2025 18:00,70,32,38,20,10,10,13,5,8,13,7,6,,,,44,24,20,,,,0,0,0,,,
14/06/2025 19:00,103,50,53,32,10,22,25,14,11,9,4,5,,,,54,31,23,,,,0,0,0,,,
14/06/2025 20:00,44,22,22,13,6,7,19,13,6,23,10,13,,,,25,11,14,,,,0,0,0,,,
14/06/2025 21:00,53,32,21,15,7,8,12,6,6,15,12,3,,,,25,8,17,,,,0,0,0,,,
14/06/2025 22:00,32,17,15,11,6,5,14,10,4,14,6,8,,,,8,5,3,,,,0,0,0,,,
14/06/2025 23:00,11,6,5,8,4,4,8,4,4,1,0,1,,,,0,0,0,,,,0,0,0,,,
15/06/2025 00:00,0,0,0,0,0,0,4,3,1,1,0,1,,,,1,1,0,,,,0,0,0,,,
15/06/2025 01:00,3,2,1,0,0,0,1,0,1,0,0,0,,,,3,1,2,,,,0,0,0,,,
15/06/2025 02:00,1,1,0,0,0,0,0,0,0,0,0,0,,,,0,0,0,,,,0,0,0,,,
15/06/2025 03:00,4,3,1,1,1,0,0,0,0,1,1,0,,,,0,0,0,,,,0,0,0,,,
15/06/2025 04:00,1,1,0,0,0,0,0,0,0,0,0,0,,,,2,1,1,,,,0,0,0,,,
15/06/2025 05:00,6,4,2,0,0,0,2,2,0,1,1,0,,,,1,1,0,,,,0,0,0,,,
15/06/2025 06:00,16,7,9,2,2,0,6,4,2,0,0,0,,,,10,7,3,,,,0,0,0,,,
15/06/2025 07:00,60,33,27,22,10,12,11,8,3,6,3,3,,,,23,14,9,,,,0,0,0,,,
15/06/2025 08:00,90,49,41,48,36,12,27,22,5,21,10,11,,,,67,37,30,,,,0,0,0,,,
15/06/2025 09:00,193,111,82,75,34,41,68,33,35,29,20,9,,,,85,41,44,,,,0,0,0,,,
15/06/2025 10:00,303,186,117,91,50,41,90,60,30,37,20,17,,,,140,97,43,,,,0,0,0,,,
15/06/2025 11:00,397,216,181,100,57,43,105,61,44,65,36,29,,,,145,75,70,,,,0,0,0,,,
15/06/2025 12:00,395,176,219,93,45,48,85,46,39,49,25,24,,,,99,61,38,,,,0,0,0,,,
15/06/2025 13:00,367,194,173,80,43,37,87,43,44,47,22,25,,,,119,72,47,,,,0,0,0,,,
15/06/2025 14:00,411,208,203,60,37,23,79,41,38,41,16,25,,,,116,66,50,,,,0,0,0,,,
15/06/2025 15:00,442,239,203,84,40,44,67,29,38,39,20,19,,,,122,75,47,,,,0,0,0,,,
15/06/2025 16:00,445,199,246,71,45,26,93,56,37,42,19,23,,,,90,46,44,,,,0,0,0,,,
15/06/2025 17:00,300,131,169,60,32,28,65,16,49,32,16,16,,,,75,36,39,,,,0,0,0,,,
15/06/2025 18:00,183,91,92,59,35,24,36,15,21,26,13,13,,,,72,40,32,,,,0,0,0,,,
15/06/2025 19:00,183,78,105,35,20,15,39,15,24,9,6,3,,,,58,26,32,,,,0,0,0,,,
15/06/2025 20:00,182,88,94,56,16,40,42,20,22,17,10,7,,,,73,47,26,,,,0,0,0,,,
15/06/2025 21:00,113,62,51,32,18,14,33,14,19,16,8,8,,,,46,17,29,,,,0,0,0,,,
15/06/2025 22:00,65,37,28,15,6,9,10,2,8,4,1,3,,,,8,6,2,,,,0,0,0,,,
15/06/2025 23:00,17,5,12,4,2,2,4,1,3,7,3,4,,,,1,1,0,,,,0,0,0,,,
16/06/2025 00:00,0,0,0,1,1,0,2,0,2,2,1,1,,,,0,0,0,,,,0,0,0,,,
16/06/2025 01:00,3,0,3,0,0,0,2,1,1,0,0,0,,,,1,1,0,,,,0,0,0,,,
16/06/2025 02:00,3,2,1,0,0,0,0,0,0,2,2,0,,,,0,0,0,,,,0,0,0,,,
16/06/2025 03:00,0,0,0,0,0,0,0,0,0,0,0,0,,,,0,0,0,,,,0,0,0,,,
16/06/2025 04:00,1,1,0,1,0,1,0,0,0,0,0,0,,,,0,0,0,,,,0,0,0,,,
16/06/2025 05:00,17,8,9,2,1,1,2,2,0,1,1,0,,,,4,4,0,,,,0,0,0,,,
16/06/2025 06:00,41,24,17,12,4,8,18,13,5,12,7,5,,,,23,13,10,,,,0,0,0,,,
16/06/2025 07:00,72,41,31,28,17,11,17,7,10,11,6,5,,,,49,29,20,,,,0,0,0,,,
16/06/2025 08:00,72,39,33,43,23,20,32,17,15,33,14,19,,,,73,39,34,,,,0,0,0,,,
16/06/2025 09:00,151,79,72,46,21,25,40,19,21,32,18,14,,,,68,37,31,,,,0,0,0,,,
16/06/2025 10:00,173,105,68,58,32,26,55,36,19,24,8,16,,,,97,58,39,,,,0,0,0,,,
16/06/2025 11:00,229,135,94,49,21,28,31,18,13,26,16,10,,,,112,47,65,,,,0,0,0,,,
16/06/2025 12:00,234,116,118,73,35,38,54,32,22,31,16,15,,,,97,63,34,,,,0,0,0,,,
16/06/2025 13:00,325,158,167,73,42,31,100,53,47,49,29,20,,,,134,86,48,,,,0,0,0,,,
16/06/2025 14:00,261,135,126,50,31,19,64,34,30,43,20,23,,,,99,56,43,,,,0,0,0,,,
16/06/2025 15:00,324,169,155,63,29,34,39,21,18,26,7,19,,,,106,54,52,,,,0,0,0,,,
16/06/2025 16:00,346,207,139,39,19,20,64,26,38,38,19,19,,,,146,76,70,,,,0,0,0,,,
16/06/2025 17:00,318,126,192,99,51,48,75,42,33,42,17,25,,,,142,67,75,,,,0,0,0,,,
16/06/2025 18:00,301,143,158,103,71,32,79,47,32,24,13,11,,,,139,71,68,,,,0,0,0,,,
16/06/2025 19:00,310,161,149,80,36,44,60,31,29,25,13,12,,,,146,79,67,,,,0,0,0,,,
16/06/2025 20:00,254,129,125,69,24,45,43,25,18,27,14,13,,,,126,56,70,,,,0,0,0,,,
16/06/2025 21:00,129,71,58,40,21,19,31,14,17,20,9,11,,,,71,40,31,,,,0,0,0,,,
16/06/2025 22:00,55,25,30,20,8,12,24,11,13,9,3,6,,,,6,1,5,,,,0,0,0,,,
16/06/2025 23:00,6,4,2,12,3,9,4,2,2,2,0,2,,,,4,2,2,,,,0,0,0,,,
17/06/2025 00:00,1,0,1,2,2,0,7,2,5,0,0,0,,,,1,0,1,,,,0,0,0,,,
17/06/2025 01:00,5,3,2,0,0,0,0,0,0,0,0,0,,,,0,0,0,,,,0,0,0,,,
17/06/2025 02:00,0,0,0,0,0,0,0,0,0,0,0,0,,,,0,0,0,,,,0,0,0,,,
17/06/2025 03:00,1,1,0,0,0,0,1,0,1,0,0,0,,,,0,0,0,,,,0,0,0,,,
17/06/2025 04:00,1,1,0,0,0,0,0,0,0,0,0,0,,,,0,0,0,,,,0,0,0,,,
17/06/2025 05:00,25,10,15,2,1,1,3,2,1,2,1,1,,,,2,2,0,,,,0,0,0,,,
17/06/2025 06:00,55,29,26,28,11,17,23,16,7,6,4,2,,,,31,19,12,,,,0,0,0,,,
17/06/2025 07:00,91,53,38,38,18,20,24,13,11,21,11,10,,,,53,28,25,,,,0,0,0,,,
17/06/2025 08:00,75,33,42,34,11,23,27,13,14,51,29,22,,,,96,53,43,,,,0,0,0,,,
17/06/2025 09:00,107,52,55,26,13,13,40,20,20,36,14,22,,,,96,55,41,,,,0,0,0,,,
17/06/2025 10:00,124,67,57,53,22,31,51,22,29,34,13,21,,,,67,34,33,,,,0,0,0,,,
17/06/2025 11:00,142,83,59,50,29,21,39,22,17,16,10,6,,,,68,42,26,,,,0,0,0,,,
17/06/2025 12:00,181,91,90,79,48,31,54,26,28,39,17,22,,,,70,38,32,,,,0,0,0,,,
17/06/2025 13:00,216,107,109,61,30,31,75,40,35,29,11,18,,,,97,60,37,,,,0,0,0,,,
17/06/2025 14:00,213,102,111,41,22,19,38,13,25,46,17,29,,,,121,63,58,,,,0,0,0,,,
17/06/2025 15:00,161,77,84,51,18,33,29,10,19,24,9,15,,,,71,41,30,,,,0,0,0,,,
17/06/2025 16:00,177,100,77,52,27,25,51,38,13,33,12,21,,,,111,60,51,,,,0,0,0,,,
17/06/2025 17:00,197,100,97,83,50,33,65,35,30,37,13,24,,,,147,69,78,,,,0,0,0,,,
17/06/2025 18:00,244,118,126,73,41,32,69,44,25,40,15,25,,,,139,76,63,,,,0,0,0,,,
17/06/2025 19:00,291,182,109,82,43,39,62,41,21,32,18,14,,,,112,56,56,,,,0,0,0,,,
17/06/2025 20:00,325,161,164,52,27,25,45,19,26,17,10,7,,,,100,59,41,,,,0,0,0,,,
17/06/2025 21:00,170,89,81,30,15,15,26,16,10,21,8,13,,,,65,24,41,,,,0,0,0,,,
17/06/2025 22:00,61,32,29,28,14,14,13,5,8,8,1,7,,,,19,9,10,,,,0,0,0,,,
17/06/2025 23:00,22,19,3,6,3,3,2,1,1,0,0,0,,,,3,2,1,,,,0,0,0,,,
18/06/2025 00:00,2,0,2,0,0,0,3,0,3,3,3,0,,,,1,0,1,,,,0,0,0,,,
18/06/2025 01:00,4,4,0,0,0,0,0,0,0,0,0,0,,,,0,0,0,,,,0,0,0,,,
18/06/2025 02:00,2,2,0,0,0,0,4,3,1,0,0,0,,,,0,0,0,,,,0,0,0,,,
18/06/2025 03:00,0,0,0,0,0,0,0,0,0,0,0,0,,,,0,0,0,,,,0,0,0,,,
18/06/2025 04:00,6,6,0,1,1,0,3,2,1,0,0,0,,,,1,1,0,,,,0,0,0,,,
18/06/2025 05:00,15,7,8,1,1,0,3,1,2,4,3,1,,,,4,3,1,,,,0,0,0,,,
18/06/2025 06:00,68,27,41,30,16,14,20,12,8,13,8,5,,,,17,10,7,,,,0,0,0,,,
18/06/2025 07:00,100,54,46,27,13,14,15,8,7,22,13,9,,,,62,34,28,,,,0,0,0,,,
18/06/2025 08:00,86,37,49,44,17,27,25,13,12,60,34,26,,,,81,49,32,,,,0,0,0,,,
18/06/2025 09:00,170,79,91,93,73,20,33,19,14,39,22,17,,,,84,44,40,,,,0,0,0,,,
18/06/2025 10:00,197,112,85,47,20,27,28,15,13,33,14,19,,,,58,31,27,,,,0,0,0,,,
18/06/2025 11:00,217,120,97,61,28,33,36,18,18,40,20,20,,,,71,38,33,,,,0,0,0,,,
18/06/2025 12:00,248,139,109,74,36,38,49,25,24,39,18,21,,,,87,50,37,,,,0,0,0,,,
18/06/2025 13:00,272,150,122,55,30,25,57,26,31,38,20,18,,,,104,50,54,,,,0,0,0,,,
18/06/2025 14:00,216,95,121,61,28,33,43,28,15,22,7,15,,,,78,42,36,,,,0,0,0,,,
18/06/2025 15:00,297,168,129,82,48,34,45,24,21,22,12,10,,,,95,43,52,,,,0,0,0,,,
18/06/2025 16:00,222,121,101,44,25,19,46,23,23,35,12,23,,,,115,55,60,,,,0,0,0,,,
18/06/2025 17:00,324,150,174,106,59,47,81,39,42,32,16,16,,,,135,72,63,,,,0,0,0,,,
18/06/2025 18:00,308,154,154,121,68,53,77,26,51,56,30,26,,,,163,89,74,,,,0,0,0,,,
18/06/2025 19:00,358,185,173,128,75,53,68,40,28,20,11,9,,,,123,73,50,,,,0,0,0,,,
18/06/2025 20:00,255,124,131,79,46,33,50,21,29,32,17,15,,,,98,39,59,,,,0,0,0,,,
18/06/2025 21:00,188,92,96,47,21,26,40,26,14,24,11,13,,,,71,29,42,,,,0,0,0,,,
18/06/2025 22:00,68,39,29,15,7,8,15,7,8,10,3,7,,,,12,5,7,,,,0,0,0,,,
18/06/2025 23:00,4,3,1,12,7,5,6,1,5,0,0,0,,,,2,0,2,,,,0,0,0,,,
19/06/2025 00:00,0,0,0,0,0,0,4,2,2,2,0,2,,,,0,0,0,,,,0,0,0,,,
19/06/2025 01:00,4,3,1,0,0,0,0,0,0,1,0,1,,,,0,0,0,,,,0,0,0,,,
19/06/2025 02:00,0,0,0,0,0,0,2,1,1,0,0,0,,,,1,1,0,,,,0,0,0,,,
19/06/2025 03:00,0,0,0,0,0,0,3,1,2,0,0,0,,,,0,0,0,,,,0,0,0,,,
19/06/2025 04:00,1,0,1,0,0,0,0,0,0,0,0,0,,,,0,0,0,,,,0,0,0,,,
19/06/2025 05:00,12,3,9,3,2,1,2,0,2,2,1,1,,,,6,4,2,,,,0,0,0,,,
19/06/2025 06:00,45,26,19,15,7,8,15,12,3,12,4,8,,,,33,18,15,,,,0,0,0,,,
19/06/2025 07:00,110,61,49,50,20,30,17,9,8,17,6,11,,,,62,33,29,,,,0,0,0,,,
19/06/2025 08:00,128,63,65,45,17,28,31,12,19,34,20,14,,,,99,54,45,,,,0,0,0,,,
19/06/2025 09:00,147,88,59,58,33,25,31,19,12,25,11,14,,,,70,38,32,,,,0,0,0,,,
19/06/2025 10:00,212,126,86,42,18,24,41,22,19,19,10,9,,,,78,40,38,,,,0,0,0,,,
19/06/2025 11:00,233,140,93,97,29,68,41,24,17,31,17,14,,,,96,51,45,,,,0,0,0,,,
19/06/2025 12:00,295,170,125,66,29,37,48,21,27,24,11,13,,,,86,50,36,,,,0,0,0,,,
19/06/2025 13:00,358,207,151,72,36,36,68,34,34,33,15,18,,,,90,49,41,,,,0,0,0,,,
19/06/2025 14:00,395,252,143,77,51,26,49,22,27,44,17,27,,,,113,88,25,,,,0,0,0,,,
19/06/2025 15:00,423,216,207,74,35,39,50,22,28,28,11,17,,,,182,94,88,,,,0,0,0,,,
19/06/2025 16:00,472,215,257,86,30,56,55,25,30,38,9,29,,,,141,66,75,,,,0,0,0,,,
19/06/2025 17:00,423,184,239,89,49,40,76,44,32,22,7,15,,,,165,84,81,,,,0,0,0,,,
19/06/2025 18:00,382,180,202,145,86,59,53,29,24,55,28,27,,,,154,82,72,,,,0,0,0,,,
19/06/2025 19:00,439,185,254,129,62,67,87,44,43,19,10,9,,,,132,67,65,,,,0,0,0,,,
19/06/2025 20:00,322,162,160,83,46,37,41,26,15,31,20,11,,,,85,44,41,,,,0,0,0,,,
19/06/2025 21:00,192,92,100,58,28,30,20,8,12,8,5,3,,,,66,25,41,,,,0,0,0,,,
19/06/2025 22:00,116,64,52,21,8,13,11,4,7,11,4,7,,,,20,6,14,,,,0,0,0,,,
19/06/2025 23:00,11,8,3,21,8,13,4,2,2,2,2,0,,,,0,0,0,,,,0,0,0,,,
20/06/2025 00:00,0,0,0,0,0,0,12,1,11,1,1,0,,,,1,0,1,,,,0,0,0,,,
20/06/2025 01:00,5,3,2,1,0,1,1,0,1,0,0,0,,,,0,0,0,,,,0,0,0,,,
20/06/2025 02:00,1,1,0,0,0,0,0,0,0,0,0,0,,,,1,1,0,,,,0,0,0,,,
20/06/2025 03:00,1,1,0,0,0,0,0,0,0,0,0,0,,,,1,1,0,,,,0,0,0,,,
20/06/2025 04:00,1,1,0,0,0,0,0,0,0,2,2,0,,,,0,0,0,,,,0,0,0,,,
20/06/2025 05:00,10,6,4,6,2,4,3,2,1,2,1,1,,,,2,1,1,,,,0,0,0,,,
20/06/2025 06:00,45,19,26,24,15,9,21,13,8,9,4,5,,,,24,12,12,,,,0,0,0,,,
20/06/2025 07:00,100,57,43,29,15,14,24,14,10,20,12,8,,,,59,32,27,,,,0,0,0,,,
20/06/2025 08:00,161,76,85,39,15,24,36,20,16,26,19,7,,,,80,45,35,,,,0,0,0,,,
20/06/2025 09:00,151,85,66,99,81,18,43,18,25,30,13,17,,,,65,38,27,,,,0,0,0,,,
20/06/2025 10:00,222,129,93,88,71,17,30,18,12,28,8,20,,,,89,47,42,,,,0,0,0,,,
20/06/2025 11:00,284,148,136,64,40,24,33,18,15,27,15,12,,,,49,28,21,,,,32,16,16,,,
20/06/2025 12:00,289,155,134,77,39,38,31,15,16,26,15,11,,,,98,52,46,,,,,,,,,
20/06/2025 13:00,341,190,151,72,40,32,25,14,11,35,20,15,,,,99,57,42,,,,0,0,0,,,
20/06/2025 14:00,306,189,117,64,43,21,41,19,22,28,14,14,,,,138,90,48,,,,0,0,0,,,
20/06/2025 15:00,319,175,144,76,48,28,53,29,24,18,10,8,,,,106,45,61,,,,0,0,0,,,
20/06/2025 16:00,380,204,176,81,40,41,61,28,33,24,14,10,,,,111,42,69,,,,0,0,0,,,
20/06/2025 17:00,422,232,190,121,53,68,86,39,47,28,11,17,,,,85,42,43,,,,0,0,0,,,
20/06/2025 18:00,437,183,254,172,101,71,99,40,59,18,8,10,,,,88,45,43,,,,0,0,0,,,
20/06/2025 19:00,475,214,261,139,68,71,75,49,26,32,15,17,,,,75,46,29,,,,0,0,0,,,
20/06/2025 20:00,340,132,208,86,28,58,58,36,22,10,6,4,,,,51,25,26,,,,0,0,0,,,
20/06/2025 21:00,235,96,139,22,12,10,44,26,18,13,6,7,,,,50,26,24,,,,0,0,0,,,
20/06/2025 22:00,90,47,43,44,18,26,39,28,11,3,2,1,,,,9,5,4,,,,0,0,0,,,
20/06/2025 23:00,21,15,6,8,3,5,9,4,5,2,2,0,,,,10,6,4,,,,0,0,0,,,
21/06/2025 00:00,1,1,0,0,0,0,7,2,5,1,0,1,,,,2,1,1,,,,0,0,0,,,
21/06/2025 01:00,7,6,1,6,2,4,2,0,2,1,0,1,,,,1,1,0,,,,0,0,0,,,
21/06/2025 02:00,1,1,0,1,1,0,1,1,0,1,0,1,,,,3,3,0,,,,0,0,0,,,
21/06/2025 03:00,2,2,0,2,0,2,1,0,1,0,0,0,,,,0,0,0,,,,0,0,0,,,
21/06/2025 04:00,5,5,0,2,0,2,0,0,0,2,1,1,,,,1,1,0,,,,0,0,0,,,
21/06/2025 05:00,11,5,6,0,0,0,1,0,1,3,2,1,,,,2,1,1,,,,0,0,0,,,
21/06/2025 06:00,46,17,29,9,6,3,8,4,4,5,1,4,,,,17,7,10,,,,0,0,0,,,
21/06/2025 07:00,80,43,37,26,17,9,14,11,3,5,2,3,,,,43,28,15,,,,0,0,0,,,
21/06/2025 08:00,127,63,64,68,38,30,43,22,21,21,7,14,,,,69,36,33,,,,0,0,0,,,
21/06/2025 09:00,183,96,87,72,50,22,42,23,19,44,24,20,,,,108,75,33,,,,0,0,0,,,
21/06/2025 10:00,256,147,109,101,57,44,54,31,23,42,17,25,,,,153,98,55,,,,0,0,0,,,
21/06/2025 11:00,316,193,123,99,59,40,61,28,33,29,18,11,,,,171,79,92,,,,0,0,0,,,
21/06/2025 12:00,368,221,147,117,50,67,68,43,25,56,26,30,,,,143,75,68,,,,0,0,0,,,
21/06/2025 13:00,434,228,206,102,69,33,80,58,22,60,42,18,,,,138,71,67,,,,0,0,0,,,
21/06/2025 14:00,435,231,204,104,75,29,79,46,33,36,23,13,,,,113,62,51,,,,0,0,0,,,
21/06/2025 15:00,559,303,256,96,57,39,89,40,49,31,12,19,,,,135,63,72,,,,0,0,0,,,
21/06/2025 16:00,562,286,276,83,46,37,89,44,45,39,19,20,,,,108,59,49,,,,0,0,0,,,
21/06/2025 17:00,550,263,287,104,47,57,74,27,47,48,20,28,,,,72,38,34,,,,0,0,0,,,
21/06/2025 18:00,367,159,208,107,53,54,63,33,30,29,18,11,,,,86,45,41,,,,0,0,0,,,
21/06/2025 19:00,345,143,202,84,32,52,53,25,28,24,13,11,,,,66,35,31,,,,0,0,0,,,
21/06/2025 20:00,366,141,225,105,47,58,49,30,19,14,8,6,,,,63,36,27,,,,0,0,0,,,
21/06/2025 21:00,222,102,120,58,22,36,60,22,38,9,5,4,,,,44,14,30,,,,0,0,0,,,
21/06/2025 22:00,119,54,65,24,8,16,30,13,17,6,3,3,,,,9,6,3,,,,0,0,0,,,
21/06/2025 23:00,35,25,10,5,3,2,8,3,5,7,4,3,,,,3,2,1,,,,0,0,0,,,
22/06/2025 00:00,1,1,0,0,0,0,6,2,4,4,1,3,,,,5,3,2,,,,0,0,0,,,
22/06/2025 01:00,1,1,0,3,0,3,2,1,1,1,1,0,,,,1,1,0,,,,0,0,0,,,
22/06/2025 02:00,6,3,3,0,0,0,1,0,1,0,0,0,,,,1,0,1,,,,0,0,0,,,
22/06/2025 03:00,3,0,3,3,0,3,4,2,2,0,0,0,,,,1,1,0,,,,0,0,0,,,
22/06/2025 04:00,2,2,0,0,0,0,1,0,1,0,0,0,,,,0,0,0,,,,0,0,0,,,
22/06/2025 05:00,5,2,3,2,2,0,1,1,0,2,1,1,,,,0,0,0,,,,0,0,0,,,
22/06/2025 06:00,17,8,9,4,3,1,7,5,2,2,1,1,,,,8,7,1,,,,0,0,0,,,
22/06/2025 07:00,50,26,24,13,5,8,11,6,5,5,1,4,,,,28,17,11,,,,0,0,0,,,
22/06/2025 08:00,123,55,68,39,20,19,24,17,7,16,6,10,,,,64,33,31,,,,0,0,0,,,
22/06/2025 09:00,185,96,89,71,49,22,50,36,14,17,11,6,,,,94,54,40,,,,0,0,0,,,
22/06/2025 10:00,270,154,116,77,46,31,68,35,33,31,18,13,,,,98,60,38,,,,0,0,0,,,
22/06/2025 11:00,332,185,147,69,35,34,72,40,32,40,17,23,,,,109,62,47,,,,0,0,0,,,
22/06/2025 12:00,371,190,181,86,41,45,65,33,32,57,25,32,,,,92,43,49,,,,0,0,0,,,
22/06/2025 13:00,309,155,154,60,27,33,72,40,32,51,28,23,,,,78,45,33,,,,0,0,0,,,
22/06/2025 14:00,365,180,185,66,44,22,57,30,27,50,15,35,,,,80,41,39,,,,0,0,0,,,
22/06/2025 15:00,401,163,238,55,35,20,66,36,30,28,19,9,,,,94,53,41,,,,0,0,0,,,
22/06/2025 16:00,381,182,199,92,57,35,74,41,33,43,18,25,,,,91,56,35,,,,0,0,0,,,
22/06/2025 17:00,321,157,164,51,24,27,62,28,34,18,12,6,,,,105,42,63,,,,0,0,0,,,
22/06/2025 18:00,200,102,98,58,38,20,52,22,30,14,7,7,,,,94,57,37,,,,0,0,0,,,
22/06/2025 19:00,185,94,91,54,32,22,46,20,26,25,15,10,,,,91,46,45,,,,0,0,0,,,
22/06/2025 20:00,188,105,83,38,27,11,24,16,8,23,11,12,,,,52,22,30,,,,0,0,0,,,
22/06/2025 21:00,90,49,41,43,21,22,23,8,15,8,5,3,,,,38,15,23,,,,0,0,0,,,
22/06/2025 22:00,50,22,28,20,10,10,19,10,9,7,5,2,,,,11,6,5,,,,0,0,0,,,
22/06/2025 23:00,12,5,7,6,2,4,6,1,5,3,2,1,,,,1,1,0,,,,0,0,0,,,
23/06/2025 00:00,1,1,0,0,0,0,5,4,1,3,1,2,,,,1,0,1,,,,0,0,0,,,
23/06/2025 01:00,0,0,0,2,0,2,0,0,0,1,0,1,,,,0,0,0,,,,0,0,0,,,
23/06/2025 02:00,0,0,0,0,0,0,3,1,2,1,0,1,,,,0,0,0,,,,0,0,0,,,
23/06/2025 03:00,0,0,0,0,0,0,0,0,0,0,0,0,,,,0,0,0,,,,0,0,0,,,
23/06/2025 04:00,1,1,0,1,0,1,0,0,0,0,0,0,,,,0,0,0,,,,0,0,0,,,
23/06/2025 05:00,10,7,3,5,2,3,7,5,2,2,2,0,,,,2,1,1,,,,0,0,0,,,
23/06/2025 06:00,49,22,27,11,3,8,14,8,6,10,7,3,,,,22,12,10,,,,0,0,0,,,
23/06/2025 07:00,92,44,48,27,14,13,21,13,8,20,10,10,,,,44,27,17,,,,0,0,0,,,
23/06/2025 08:00,95,46,49,36,20,16,23,13,10,45,24,21,,,,76,43,33,,,,0,0,0,,,
23/06/2025 09:00,111,53,58,37,20,17,32,18,14,22,9,13,,,,63,30,33,,,,0,0,0,,,
23/06/2025 10:00,109,66,43,35,19,16,34,18,16,20,12,8,,,,45,23,22,,,,0,0,0,,,
23/06/2025 11:00,125,77,48,47,22,25,27,20,7,35,19,16,,,,36,23,13,,,,0,0,0,,,
23/06/2025 12:00,141,72,69,31,16,15,25,17,8,27,13,14,,,,75,42,33,,,,0,0,0,,,
23/06/2025 13:00,197,96,101,60,32,28,41,21,20,30,13,17,,,,96,62,34,,,,0,0,0,,,
23/06/2025 14:00,157,79,78,23,10,13,41,17,24,32,15,17,,,,105,60,45,,,,0,0,0,,,
23/06/2025 15:00,217,120,97,38,22,16,21,14,7,18,8,10,,,,78,38,40,,,,0,0,0,,,
23/06/2025 16:00,193,95,98,51,34,17,28,17,11,43,17,26,,,,112,55,57,,,,0,0,0,,,
23/06/2025 17:00,185,79,106,58,33,25,55,31,24,28,12,16,,,,110,55,55,,,,0,0,0,,,
23/06/2025 18:00,162,85,77,46,25,21,43,24,19,32,19,13,,,,93,48,45,,,,0,0,0,,,
23/06/2025 19:00,177,93,84,65,43,22,48,26,22,22,12,10,,,,92,48,44,,,,0,0,0,,,
23/06/2025 20:00,178,85,93,36,19,17,41,20,21,41,22,19,,,,76,40,36,,,,0,0,0,,,
23/06/2025 21:00,113,60,53,42,15,27,24,10,14,25,14,11,,,,34,12,22,,,,0,0,0,,,
23/06/2025 22:00,30,15,15,20,6,14,24,18,6,6,2,4,,,,7,5,2,,,,0,0,0,,,
23/06/2025 23:00,13,8,5,5,3,2,5,4,1,1,1,0,,,,0,0,0,,,,0,0,0,,,
24/06/2025 00:00,0,0,0,0,0,0,1,1,0,2,2,0,,,,3,3,0,,,,0,0,0,,,
24/06/2025 01:00,1,0,1,0,0,0,2,0,2,0,0,0,,,,1,1,0,,,,0,0,0,,,
24/06/2025 02:00,0,0,0,0,0,0,0,0,0,1,1,0,,,,3,0,3,,,,0,0,0,,,
24/06/2025 03:00,0,0,0,0,0,0,0,0,0,0,0,0,,,,0,0,0,,,,0,0,0,,,
24/06/2025 04:00,0,0,0,0,0,0,0,0,0,1,0,1,,,,0,0,0,,,,0,0,0,,,
24/06/2025 05:00,13,7,6,5,0,5,1,1,0,0,0,0,,,,3,3,0,,,,0,0,0,,,
24/06/2025 06:00,44,22,22,12,7,5,13,8,5,12,7,5,,,,22,12,10,,,,0,0,0,,,
24/06/2025 07:00,85,44,41,35,21,14,16,8,8,22,5,17,,,,73,40,33,,,,0,0,0,,,
24/06/2025 08:00,100,42,58,32,12,20,23,10,13,36,23,13,,,,74,38,36,,,,0,0,0,,,
24/06/2025 09:00,99,51,48,30,12,18,29,12,17,21,15,6,,,,57,29,28,,,,0,0,0,,,
24/06/2025 10:00,130,81,49,28,13,15,44,18,26,27,16,11,,,,54,27,27,,,,0,0,0,,,
24/06/2025 11:00,165,91,74,33,22,11,55,31,24,30,11,19,,,,53,30,23,,,,0,0,0,,,
24/06/2025 12:00,169,71,98,36,15,21,38,26,12,34,12,22,,,,66,45,21,,,,0,0,0,,,
24/06/2025 13:00,202,100,102,43,23,20,47,17,30,42,21,21,,,,98,55,43,,,,0,0,0,,,
24/06/2025 14:00,201,102,99,45,20,25,22,11,11,39,19,20,,,,147,79,68,,,,0,0,0,,,
24/06/2025 15:00,153,84,69,31,22,9,40,25,15,20,9,11,,,,54,20,34,,,,0,0,0,,,
24/06/2025 16:00,149,67,82,48,27,21,53,25,28,31,10,21,,,,80,47,33,,,,0,0,0,,,
24/06/2025 17:00,126,63,63,53,31,22,46,29,17,30,16,14,,,,80,50,30,,,,0,0,0,,,
24/06/2025 18:00,130,76,54,50,30,20,49,26,23,39,18,21,,,,94,53,41,,,,0,0,0,,,
24/06/2025 19:00,187,83,104,38,19,19,35,22,13,22,11,11,,,,95,58,37,,,,0,0,0,,,
24/06/2025 20:00,165,93,72,49,32,17,30,16,14,18,9,9,,,,76,38,38,,,,0,0,0,,,
24/06/2025 21:00,124,64,60,29,16,13,23,16,7,16,9,7,,,,44,17,27,,,,0,0,0,,,
24/06/2025 22:00,48,27,21,14,7,7,15,6,9,3,1,2,,,,4,4,0,,,,0,0,0,,,
24/06/2025 23:00,6,4,2,6,3,3,1,1,0,2,1,1,,,,2,0,2,,,,0,0,0,,,
25/06/2025 00:00,0,0,0,0,0,0,0,0,0,4,3,1,,,,1,1,0,,,,0,0,0,,,
25/06/2025 01:00,4,3,1,0,0,0,1,1,0,0,0,0,,,,0,0,0,,,,0,0,0,,,
25/06/2025 02:00,2,2,0,0,0,0,8,3,5,0,0,0,,,,0,0,0,,,,0,0,0,,,
25/06/2025 03:00,1,1,0,0,0,0,0,0,0,2,0,2,,,,0,0,0,,,,0,0,0,,,
25/06/2025 04:00,3,2,1,2,1,1,1,0,1,0,0,0,,,,0,0,0,,,,0,0,0,,,
25/06/2025 05:00,12,7,5,4,4,0,2,2,0,4,2,2,,,,3,2,1,,,,0,0,0,,,
25/06/2025 06:00,57,28,29,16,10,6,15,9,6,11,10,1,,,,24,15,9,,,,0,0,0,,,
25/06/2025 07:00,75,39,36,26,9,17,14,5,9,14,7,7,,,,56,29,27,,,,0,0,0,,,
25/06/2025 08:00,89,43,46,49,30,19,48,20,28,32,20,12,,,,96,52,44,,,,0,0,0,,,
25/06/2025 09:00,107,45,62,31,20,11,32,16,16,23,14,9,,,,65,28,37,,,,0,0,0,,,
25/06/2025 10:00,170,91,79,36,25,11,45,27,18,24,11,13,,,,51,29,22,,,,0,0,0,,,
25/06/2025 11:00,150,84,66,53,28,25,33,20,13,17,6,11,,,,66,32,34,,,,0,0,0,,,
25/06/2025 12:00,205,104,101,50,27,23,33,15,18,25,13,12,,,,88,58,30,,,,0,0,0,,,
25/06/2025 13:00,210,114,96,44,25,19,56,28,28,25,8,17,,,,110,56,54,,,,0,0,0,,,
25/06/2025 14:00,142,62,80,32,17,15,34,22,12,31,16,15,,,,137,92,45,,,,0,0,0,,,
25/06/2025 15:00,128,64,64,35,8,27,39,21,18,32,10,22,,,,125,47,78,,,,0,0,0,,,
25/06/2025 16:00,146,61,85,24,14,10,49,33,16,14,3,11,,,,81,32,49,,,,0,0,0,,,
25/06/2025 17:00,93,53,40,58,26,32,47,27,20,23,8,15,,,,111,60,51,,,,0,0,0,,,
25/06/2025 18:00,136,65,71,62,33,29,57,30,27,21,6,15,,,,111,60,51,,,,0,0,0,,,
25/06/2025 19:00,189,90,99,46,24,22,46,31,15,33,17,16,,,,97,51,46,,,,0,0,0,,,
25/06/2025 20:00,166,94,72,45,21,24,41,21,20,17,11,6,,,,83,45,38,,,,0,0,0,,,
25/06/2025 21:00,121,61,60,44,14,30,21,13,8,17,9,8,,,,39,12,27,,,,0,0,0,,,
25/06/2025 22:00,52,24,28,10,4,6,21,9,12,7,4,3,,,,9,3,6,,,,0,0,0,,,
25/06/2025 23:00,12,5,7,8,4,4,2,2,0,5,2,3,,,,1,1,0,,,,0,0,0,,,
26/06/2025 00:00,0,0,0,0,0,0,6,0,6,5,3,2,,,,1,0,1,,,,0,0,0,,,
26/06/2025 01:00,3,2,1,0,0,0,0,0,0,1,1,0,,,,0,0,0,,,,0,0,0,,,
26/06/2025 02:00,0,0,0,0,0,0,1,0,1,0,0,0,,,,2,1,1,,,,0,0,0,,,
26/06/2025 03:00,0,0,0,0,0,0,0,0,0,0,0,0,,,,0,0,0,,,,0,0,0,,,
26/06/2025 04:00,1,0,1,0,0,0,3,1,2,0,0,0,,,,1,0,1,,,,0,0,0,,,
26/06/2025 05:00,9,5,4,0,0,0,2,1,1,0,0,0,,,,1,1,0,,,,0,0,0,,,
26/06/2025 06:00,55,28,27,14,6,8,21,15,6,4,3,1,,,,24,14,10,,,,0,0,0,,,
26/06/2025 07:00,91,53,38,21,18,3,24,14,10,16,6,10,,,,59,30,29,,,,0,0,0,,,
26/06/2025 08:00,83,38,45,40,21,19,36,15,21,36,20,16,,,,78,47,31,,,,0,0,0,,,
26/06/2025 09:00,103,59,44,47,24,23,39,21,18,31,15,16,,,,77,38,39,,,,0,0,0,,,
26/06/2025 10:00,124,59,65,28,14,14,32,18,14,27,19,8,,,,61,35,26,,,,0,0,0,,,
26/06/2025 11:00,170,102,68,58,27,31,46,23,23,25,12,13,,,,58,31,27,,,,0,0,0,,,
26/06/2025 12:00,205,118,87,36,23,13,36,22,14,28,11,17,,,,77,44,33,,,,0,0,0,,,
26/06/2025 13:00,251,121,130,52,26,26,55,22,33,28,19,9,,,,93,48,45,,,,0,0,0,,,
26/06/2025 14:00,206,105,101,49,23,26,55,34,21,31,12,19,,,,122,69,53,,,,0,0,0,,,
26/06/2025 15:00,180,88,92,46,24,22,27,19,8,25,12,13,,,,102,50,52,,,,0,0,0,,,
26/06/2025 16:00,137,63,74,44,23,21,58,37,21,24,12,12,,,,99,38,61,,,,0,0,0,,,
26/06/2025 17:00,140,74,66,31,21,10,40,19,21,26,15,11,,,,77,45,32,,,,0,0,0,,,
26/06/2025 18:00,181,91,90,54,31,23,58,32,26,29,15,14,,,,104,52,52,,,,0,0,0,,,
26/06/2025 19:00,127,63,64,35,17,18,44,23,21,10,5,5,,,,77,35,42,,,,0,0,0,,,
26/06/2025 20:00,141,59,82,24,13,11,23,18,5,29,16,13,,,,45,24,21,,,,0,0,0,,,
26/06/2025 21:00,48,23,25,15,5,10,20,12,8,11,5,6,,,,12,5,7,,,,0,0,0,,,
26/06/2025 22:00,26,7,19,10,4,6,14,6,8,7,4,3,,,,2,1,1,,,,0,0,0,,,
26/06/2025 23:00,21,12,9,8,5,3,18,10,8,1,0,1,,,,3,1,2,,,,0,0,0,,,
27/06/2025 00:00,0,0,0,0,0,0,6,2,4,0,0,0,,,,0,0,0,,,,0,0,0,,,
27/06/2025 01:00,2,2,0,0,0,0,1,0,1,1,1,0,,,,1,1,0,,,,0,0,0,,,
27/06/2025 02:00,0,0,0,0,0,0,0,0,0,1,0,1,,,,0,0,0,,,,0,0,0,,,
27/06/2025 03:00,0,0,0,0,0,0,0,0,0,0,0,0,,,,0,0,0,,,,0,0,0,,,
27/06/2025 04:00,0,0,0,0,0,0,0,0,0,0,0,0,,,,0,0,0,,,,0,0,0,,,
27/06/2025 05:00,12,5,7,2,1,1,3,2,1,1,1,0,,,,5,2,3,,,,0,0,0,,,
27/06/2025 06:00,34,23,11,16,6,10,11,5,6,15,5,10,,,,11,9,2,,,,0,0,0,,,
27/06/2025 07:00,79,35,44,24,10,14,9,5,4,18,10,8,,,,59,34,25,,,,0,0,0,,,
27/06/2025 08:00,103,51,52,46,21,25,37,17,20,25,14,11,,,,70,37,33,,,,0,0,0,,,
27/06/2025 09:00,121,65,56,31,18,13,33,18,15,25,14,11,,,,85,47,38,,,,0,0,0,,,
27/06/2025 10:00,125,60,65,40,22,18,27,18,9,31,10,21,,,,65,36,29,,,,0,0,0,,,
27/06/2025 11:00,178,94,84,47,24,23,25,14,11,30,17,13,,,,86,58,28,,,,0,0,0,,,
27/06/2025 12:00,222,90,132,40,23,17,42,21,21,31,10,21,,,,554,379,175,,,,0,0,0,,,
27/06/2025 13:00,213,114,99,41,17,24,36,18,18,32,17,15,,,,368,143,225,,,,0,0,0,,,
27/06/2025 14:00,194,90,104,51,25,26,38,16,22,32,16,16,,,,211,93,118,,,,0,0,0,,,
27/06/2025 15:00,205,99,106,28,18,10,25,13,12,27,11,16,,,,62,28,34,,,,0,0,0,,,
27/06/2025 16:00,202,103,99,40,15,25,20,11,9,34,18,16,,,,84,38,46,,,,0,0,0,,,
27/06/2025 17:00,299,146,153,66,49,17,38,19,19,22,13,9,,,,85,45,40,,,,0,0,0,,,
27/06/2025 18:00,171,94,77,75,34,41,40,22,18,28,9,19,,,,85,44,41,,,,0,0,0,,,
27/06/2025 19:00,186,100,86,66,39,27,56,24,32,26,11,15,,,,83,54,29,,,,0,0,0,,,
27/06/2025 20:00,201,103,98,40,25,15,24,15,9,10,4,6,,,,70,35,35,,,,0,0,0,,,
27/06/2025 21:00,146,80,66,23,7,16,23,9,14,7,3,4,,,,39,16,23,,,,0,0,0,,,
27/06/2025 22:00,82,27,55,29,18,11,31,9,22,7,3,4,,,,5,1,4,,,,0,0,0,,,
27/06/2025 23:00,22,12,10,11,7,4,7,4,3,3,2,1,,,,6,2,4,,,,0,0,0,,,
28/06/2025 00:00,3,2,1,0,0,0,7,0,7,3,2,1,,,,0,0,0,,,,0,0,0,,,
28/06/2025 01:00,5,5,0,4,2,2,2,2,0,0,0,0,,,,0,0,0,,,,0,0,0,,,
28/06/2025 02:00,2,1,1,2,0,2,1,1,0,4,2,2,,,,1,1,0,,,,0,0,0,,,
28/06/2025 03:00,2,1,1,1,0,1,2,1,1,0,0,0,,,,8,5,3,,,,0,0,0,,,
28/06/2025 04:00,5,5,0,0,0,0,0,0,0,1,0,1,,,,0,0,0,,,,0,0,0,,,
28/06/2025 05:00,5,1,4,0,0,0,1,1,0,1,1,0,,,,0,0,0,,,,0,0,0,,,
28/06/2025 06:00,24,11,13,9,4,5,12,6,6,6,1,5,,,,0,0,0,,,,0,0,0,,,
28/06/2025 07:00,59,36,23,24,15,9,15,10,5,9,5,4,,,,0,0,0,,,,0,0,0,,,
28/06/2025 08:00,125,69,56,42,24,18,42,19,23,21,11,10,,,,0,0,0,,,,0,0,0,,,
28/06/2025 09:00,184,82,102,72,42,30,54,27,27,36,24,12,,,,0,0,0,,,,0,0,0,,,
28/06/2025 10:00,270,180,90,132,79,53,65,45,20,33,18,15,,,,0,0,0,,,,0,0,0,,,
28/06/2025 11:00,285,166,119,68,25,43,49,28,21,27,17,10,,,,0,0,0,,,,0,0,0,,,
28/06/2025 12:00,318,144,174,67,33,34,56,23,33,25,8,17,,,,0,0,0,,,,0,0,0,,,
28/06/2025 13:00,294,162,132,80,45,35,57,40,17,42,14,28,,,,0,0,0,,,,0,0,0,,,
28/06/2025 14:00,334,167,167,104,74,30,50,25,25,32,19,13,,,,0,0,0,,,,0,0,0,,,
28/06/2025 15:00,333,172,161,86,39,47,63,36,27,32,13,19,,,,0,0,0,,,,0,0,0,,,
28/06/2025 16:00,318,184,134,51,32,19,40,23,17,25,9,16,,,,0,0,0,,,,0,0,0,,,
28/06/2025 17:00,160,65,95,65,41,24,52,23,29,30,12,18,,,,0,0,0,,,,0,0,0,,,
28/06/2025 18:00,124,64,60,30,12,18,22,5,17,28,21,7,,,,0,0,0,,,,0,0,0,,,
28/06/2025 19:00,95,42,53,17,10,7,20,9,11,19,14,5,,,,0,0,0,,,,0,0,0,,,
28/06/2025 20:00,116,61,55,40,19,21,25,12,13,16,13,3,,,,0,0,0,,,,0,0,0,,,
28/06/2025 21:00,125,62,63,24,12,12,34,21,13,13,6,7,,,,0,0,0,,,,0,0,0,,,
28/06/2025 22:00,36,20,16,13,3,10,19,11,8,15,9,6,,,,0,0,0,,,,0,0,0,,,
28/06/2025 23:00,17,7,10,19,9,10,19,11,8,4,0,4,,,,0,0,0,,,,0,0,0,,,
29/06/2025 00:00,0,0,0,0,0,0,3,1,2,0,0,0,,,,0,0,0,,,,0,0,0,,,
29/06/2025 01:00,13,10,3,3,2,1,1,0,1,0,0,0,,,,2,2,0,,,,0,0,0,,,
29/06/2025 02:00,0,0,0,0,0,0,0,0,0,1,1,0,,,,0,0,0,,,,0,0,0,,,
29/06/2025 03:00,0,0,0,0,0,0,2,1,1,1,0,1,,,,0,0,0,,,,0,0,0,,,
29/06/2025 04:00,1,1,0,0,0,0,1,1,0,0,0,0,,,,0,0,0,,,,0,0,0,,,
29/06/2025 05:00,6,2,4,0,0,0,1,1,0,1,1,0,,,,0,0,0,,,,0,0,0,,,
29/06/2025 06:00,21,11,10,9,5,4,12,7,5,4,2,2,,,,0,0,0,,,,0,0,0,,,
29/06/2025 07:00,86,45,41,16,8,8,10,7,3,5,2,3,,,,0,0,0,,,,0,0,0,,,
29/06/2025 08:00,139,76,63,33,14,19,25,12,13,20,12,8,,,,0,0,0,,,,0,0,0,,,
29/06/2025 09:00,246,136,110,83,33,50,58,33,25,28,15,13,,,,0,0,0,,,,0,0,0,,,
29/06/2025 10:00,318,178,140,87,50,37,62,37,25,37,20,17,,,,0,0,0,,,,0,0,0,,,
29/06/2025 11:00,432,275,157,64,32,32,73,36,37,54,32,22,,,,0,0,0,,,,0,0,0,,,
29/06/2025 12:00,579,281,298,82,46,36,75,44,31,45,23,22,,,,0,0,0,,,,0,0,0,,,
29/06/2025 13:00,608,319,289,91,44,47,74,47,27,59,26,33,,,,0,0,0,,,,0,0,0,,,
29/06/2025 14:00,684,325,359,72,38,34,83,51,32,53,27,26,,,,0,0,0,,,,0,0,0,,,
29/06/2025 15:00,660,320,340,114,77,37,86,40,46,29,15,14,,,,0,0,0,,,,0,0,0,,,
29/06/2025 16:00,623,320,303,131,69,62,99,41,58,29,14,15,,,,0,0,0,,,,0,0,0,,,
29/06/2025 17:00,459,243,216,94,44,50,87,32,55,38,17,21,,,,0,0,0,,,,0,0,0,,,
29/06/2025 18:00,406,218,188,91,63,28,80,39,41,18,10,8,,,,0,0,0,,,,0,0,0,,,
29/06/2025 19:00,463,205,258,79,37,42,74,43,31,15,8,7,,,,0,0,0,,,,0,0,0,,,
29/06/2025 20:00,353,172,181,70,27,43,54,27,27,15,6,9,,,,0,0,0,,,,0,0,0,,,
29/06/2025 21:00,207,87,120,34,15,19,30,15,15,16,11,5,,,,4,4,0,,,,0,0,0,,,
29/06/2025 22:00,79,40,39,19,8,11,14,6,8,5,3,2,,,,1,1,0,,,,0,0,0,,,
29/06/2025 23:00,29,12,17,6,6,0,5,1,4,2,2,0,,,,1,1,0,,,,0,0,0,,,
30/06/2025 00:00,3,0,3,1,0,1,0,0,0,4,3,1,,,,0,0,0,,,,0,0,0,,,
30/06/2025 01:00,8,6,2,0,0,0,,,,0,0,0,,,,0,0,0,,,,0,0,0,,,
30/06/2025 02:00,0,0,0,0,0,0,,,,0,0,0,,,,0,0,0,,,,0,0,0,,,
30/06/2025 03:00,0,0,0,0,0,0,,,,0,0,0,,,,0,0,0,,,,0,0,0,,,
30/06/2025 04:00,0,0,0,1,0,1,,,,1,1,0,,,,2,1,1,,,,0,0,0,,,
30/06/2025 05:00,14,6,8,4,2,2,,,,3,1,2,,,,4,2,2,,,,0,0,0,,,
30/06/2025 06:00,36,15,21,16,10,6,,,,8,4,4,,,,20,11,9,,,,0,0,0,,,
30/06/2025 07:00,93,50,43,26,10,16,,,,17,9,8,,,,68,43,25,,,,0,0,0,,,
30/06/2025 08:00,97,46,51,41,19,22,,,,28,13,15,,,,67,35,32,,,,0,0,0,,,
30/06/2025 09:00,122,57,65,36,20,16,,,,27,10,17,,,,75,46,29,,,,0,0,0,,,
30/06/2025 10:00,139,74,65,43,24,19,,,,24,7,17,,,,72,38,34,,,,0,0,0,,,
30/06/2025 11:00,216,133,83,50,27,23,,,,24,10,14,,,,128,65,63,,,,0,0,0,,,
30/06/2025 12:00,228,120,108,52,19,33,,,,37,21,16,,,,99,55,44,,,,0,0,0,,,
30/06/2025 13:00,242,133,109,54,31,23,,,,32,13,19,,,,115,47,68,,,,0,0,0,,,
30/06/2025 14:00,197,104,93,41,16,25,,,,35,16,19,,,,82,42,40,,,,0,0,0,,,
30/06/2025 15:00,263,128,135,55,35,20,,,,35,9,26,,,,70,37,33,,,,0,0,0,,,
30/06/2025 16:00,210,90,120,50,24,26,,,,30,15,15,,,,73,33,40,,,,0,0,0,,,
30/06/2025 17:00,151,70,81,60,44,16,,,,31,13,18,,,,118,62,56,,,,0,0,0,,,
30/06/2025 18:00,167,93,74,87,53,34,,,,31,17,14,,,,118,72,46,,,,0,0,0,,,
30/06/2025 19:00,190,92,98,70,37,33,,,,13,5,8,,,,126,57,69,,,,0,0,0,,,
30/06/2025 20:00,218,126,92,53,23,30,,,,22,8,14,,,,79,33,46,,,,0,0,0,,,
30/06/2025 21:00,156,82,74,27,10,17,,,,13,8,5,,,,42,17,25,,,,0,0,0,,,
30/06/2025 22:00,50,22,28,18,12,6,,,,12,4,8,,,,12,8,4,,,,0,0,0,,,
30/06/2025 23:00,17,11,6,3,2,1,,,,3,1,2,,,,4,0,4,,,,0,0,0,,,
01/07/2025 00:00,0,0,0,,,,,,,0,0,0,,,,2,2,0,,,,0,0,0,,,
01/07/2025 01:00,0,0,0,,,,,,,0,0,0,,,,0,0,0,,,,0,0,0,,,
01/07/2025 02:00,0,0,0,,,,,,,0,0,0,,,,0,0,0,,,,0,0,0,,,
01/07/2025 03:00,2,1,1,,,,,,,0,0,0,,,,0,0,0,,,,0,0,0,,,
01/07/2025 04:00,0,0,0,,,,,,,0,0,0,,,,0,0,0,,,,0,0,0,,,
01/07/2025 05:00,11,6,5,,,,,,,0,0,0,,,,6,4,2,,,,0,0,0,,,
01/07/2025 06:00,41,21,20,,,,,,,7,5,2,,,,25,12,13,,,,0,0,0,,,
01/07/2025 07:00,66,36,30,,,,,,,16,9,7,,,,98,45,53,,,,0,0,0,,,
01/07/2025 08:00,40,22,18,,,,,,,17,13,4,,,,54,29,25,,,,0,0,0,,,
01/07/2025 09:00,34,19,15,,,,,,,26,19,7,,,,53,28,25,,,,0,0,0,,,
01/07/2025 10:00,118,54,64,,,,,,,17,11,6,,,,53,33,20,,,,0,0,0,,,
01/07/2025 11:00,128,71,57,,,,,,,25,13,12,,,,75,38,37,,,,,,,,,
01/07/2025 12:00,165,99,66,,,,,,,32,16,16,,,,85,50,35,,,,,,,,,
01/07/2025 13:00,225,100,125,,,,,,,33,14,19,,,,75,38,37,,,,,,,,,
01/07/2025 14:00,159,73,86,,,,,,,20,9,11,,,,61,30,31,,,,,,,,,
01/07/2025 15:00,176,101,75,,,,,,,17,5,12,,,,80,47,33,,,,,,,,,
01/07/2025 16:00,152,70,82,,,,,,,28,14,14,,,,72,26,46,,,,,,,,,
01/07/2025 17:00,144,77,67,,,,,,,35,14,21,,,,102,44,58,,,,,,,,,
01/07/2025 18:00,174,95,79,,,,,,,29,11,18,,,,129,67,62,,,,,,,,,
01/07/2025 19:00,203,101,102,,,,,,,18,11,7,,,,110,66,44,,,,,,,,,
01/07/2025 20:00,226,121,105,,,,,,,35,12,23,,,,95,53,42,,,,,,,,,
01/07/2025 21:00,172,80,92,,,,,,,26,11,15,,,,58,23,35,,,,,,,,,
01/07/2025 22:00,61,32,29,,,,,,,2,1,1,,,,14,4,10,,,,,,,,,
01/07/2025 23:00,16,9,7,,,,,,,2,2,0,,,,10,6,4,,,,,,,,,
02/07/2025 00:00,0,0,0,0,0,0,,,,1,1,0,,,,2,2,0,,,,,,,,,
02/07/2025 01:00,1,0,1,0,0,0,1,0,1,0,0,0,,,,0,0,0,,,,,,,,,
02/07/2025 02:00,2,2,0,0,0,0,0,0,0,0,0,0,,,,0,0,0,,,,,,,,,
02/07/2025 03:00,0,0,0,0,0,0,0,0,0,1,0,1,,,,0,0,0,,,,,,,,,
02/07/2025 04:00,1,1,0,0,0,0,0,0,0,1,1,0,,,,3,2,1,,,,,,,,,
02/07/2025 05:00,10,4,6,8,4,4,9,4,5,3,2,1,,,,0,0,0,,,,,,,,,
02/07/2025 06:00,47,21,26,27,14,13,21,11,10,4,4,0,,,,26,12,14,,,,,,,,,
02/07/2025 07:00,83,44,39,36,15,21,20,8,12,10,6,4,,,,68,36,32,,,,,,,,,
02/07/2025 08:00,92,48,44,50,28,22,46,27,19,32,16,16,,,,77,38,39,,,,,,,,,
02/07/2025 09:00,94,49,45,44,24,20,29,17,12,18,7,11,,,,69,37,32,,,,,,,,,
02/07/2025 10:00,81,37,44,45,15,30,29,21,8,72,40,32,,,,87,56,31,,,,,,,,,
02/07/2025 11:00,159,92,67,70,43,27,48,27,21,19,10,9,,,,82,38,44,,,,,,,,,
02/07/2025 12:00,211,112,99,59,27,32,56,32,24,15,7,8,,,,82,43,39,,,,,,,,,
02/07/2025 13:00,343,184,159,54,28,26,62,32,30,24,9,15,,,,86,47,39,,,,,,,,,
02/07/2025 14:00,249,102,147,29,19,10,22,14,8,30,14,16,,,,73,36,37,,,,,,,,,
02/07/2025 15:00,223,115,108,46,29,17,38,20,18,25,11,14,,,,89,51,38,,,,,,,,,
02/07/2025 16:00,191,76,115,47,19,28,52,24,28,25,14,11,,,,82,32,50,,,,,,,,,
02/07/2025 17:00,129,73,56,46,33,13,64,38,26,23,14,9,,,,75,34,41,,,,,,,,,
02/07/2025 18:00,200,100,100,78,40,38,84,53,31,23,9,14,,,,100,72,28,,,,,,,,,
02/07/2025 19:00,183,97,86,58,31,27,65,43,22,24,17,7,,,,118,54,64,,,,,,,,,
02/07/2025 20:00,191,98,93,46,22,24,23,13,10,15,10,5,,,,84,44,40,,,,,,,,,
02/07/2025 21:00,119,63,56,41,19,22,23,15,8,5,5,0,,,,45,13,32,,,,,,,,,
02/07/2025 22:00,34,20,14,11,3,8,7,2,5,6,4,2,,,,17,8,9,,,,,,,,,
02/07/2025 23:00,12,6,6,5,4,1,7,4,3,0,0,0,,,,6,1,5,,,,,,,,,
03/07/2025 00:00,0,0,0,0,0,0,9,4,5,1,1,0,,,,2,0,2,,,,,,,,,
03/07/2025 01:00,0,0,0,0,0,0,0,0,0,0,0,0,,,,0,0,0,,,,,,,,,
03/07/2025 02:00,0,0,0,3,0,3,2,1,1,0,0,0,,,,0,0,0,,,,,,,,,
03/07/2025 03:00,4,0,4,0,0,0,1,0,1,0,0,0,,,,0,0,0,,,,,,,,,
03/07/2025 04:00,0,0,0,0,0,0,0,0,0,0,0,0,,,,2,1,1,,,,,,,,,
03/07/2025 05:00,11,3,8,5,1,4,2,0,2,1,1,0,,,,2,2,0,,,,,,,,,
03/07/2025 06:00,55,31,24,20,6,14,15,10,5,4,2,2,,,,28,17,11,,,,,,,,,
03/07/2025 07:00,86,45,41,38,20,18,35,16,19,16,7,9,,,,67,33,34,,,,,,,,,
03/07/2025 08:00,109,51,58,47,20,27,40,15,25,28,13,15,,,,90,53,37,,,,,,,,,
03/07/2025 09:00,140,66,74,35,13,22,37,26,11,24,15,9,,,,99,58,41,,,,,,,,,
03/07/2025 10:00,146,77,69,22,10,12,34,18,16,26,10,16,,,,86,55,31,,,,,,,,,
03/07/2025 11:00,153,81,72,43,17,26,35,17,18,36,19,17,,,,125,73,52,,,,,,,,,
03/07/2025 12:00,197,107,90,55,31,24,25,14,11,22,6,16,,,,75,39,36,,,,,,,,,
03/07/2025 13:00,184,93,91,55,27,28,52,26,26,28,13,15,,,,103,32,71,,,,,,,,,
03/07/2025 14:00,172,75,97,27,16,11,16,5,11,27,14,13,,,,73,46,27,,,,,,,,,
03/07/2025 15:00,146,72,74,31,15,16,38,26,12,26,9,17,,,,54,26,28,,,,,,,,,
03/07/2025 16:00,188,89,99,33,21,12,35,24,11,27,12,15,,,,94,46,48,,,,,,,,,
03/07/2025 17:00,155,66,89,38,21,17,53,32,21,25,8,17,,,,94,49,45,,,,,,,,,
03/07/2025 18:00,170,103,67,65,43,22,59,28,31,29,17,12,,,,117,67,50,,,,,,,,,
03/07/2025 19:00,218,124,94,69,48,21,55,25,30,20,11,9,,,,128,71,57,,,,,,,,,
03/07/2025 20:00,243,126,117,53,28,25,46,24,22,19,8,11,,,,76,39,37,,,,,,,,,
03/07/2025 21:00,139,75,64,43,15,28,33,22,11,11,6,5,,,,45,22,23,,,,,,,,,
03/07/2025 22:00,48,28,20,23,10,13,19,9,10,10,5,5,,,,30,11,19,,,,,,,,,
03/07/2025 23:00,13,6,7,5,1,4,7,2,5,1,0,1,,,,5,3,2,,,,,,,,,
04/07/2025 00:00,1,1,0,2,0,2,4,0,4,2,2,0,,,,3,3,0,,,,,,,,,
04/07/2025 01:00,2,1,1,0,0,0,0,0,0,1,0,1,,,,0,0,0,,,,,,,,,
04/07/2025 02:00,3,1,2,2,0,2,3,1,2,0,0,0,,,,1,0,1,,,,,,,,,
04/07/2025 03:00,0,0,0,1,0,1,1,0,1,2,0,2,,,,1,1,0,,,,,,,,,
04/07/2025 04:00,1,1,0,0,0,0,0,0,0,0,0,0,,,,1,1,0,,,,,,,,,
04/07/2025 05:00,5,1,4,1,1,0,3,2,1,1,1,0,,,,5,4,1,,,,,,,,,
04/07/2025 06:00,33,18,15,29,16,13,16,10,6,5,3,2,,,,15,9,6,,,,,,,,,
04/07/2025 07:00,71,38,33,37,18,19,33,18,15,15,7,8,,,,63,38,25,,,,,,,,,
04/07/2025 08:00,112,65,47,38,18,20,28,9,19,25,15,10,,,,77,49,28,,,,,,,,,
04/07/2025 09:00,123,60,63,26,12,14,25,11,14,17,9,8,,,,51,30,21,,,,,,,,,
04/07/2025 10:00,162,105,57,31,18,13,24,18,6,16,10,6,,,,52,29,23,,,,,,,,,
04/07/2025 11:00,215,109,106,24,15,9,36,12,24,15,6,9,,,,45,22,23,,,,,,,,,
04/07/2025 12:00,169,89,80,49,31,18,23,11,12,16,5,11,,,,52,30,22,,,,,,,,,
04/07/2025 13:00,154,76,78,29,8,21,35,16,19,26,13,13,,,,45,21,24,,,,,,,,,
04/07/2025 14:00,104,56,48,24,12,12,25,10,15,20,12,8,,,,35,21,14,,,,,,,,,
04/07/2025 15:00,240,129,111,20,7,13,19,12,7,19,7,12,,,,46,20,26,,,,,,,,,
04/07/2025 16:00,215,85,130,35,24,11,37,22,15,32,11,21,,,,49,28,21,,,,,,,,,
04/07/2025 17:00,119,72,47,40,30,10,46,18,28,22,9,13,,,,46,20,26,,,,,,,,,
04/07/2025 18:00,125,56,69,48,25,23,48,28,20,24,11,13,,,,82,49,33,,,,,,,,,
04/07/2025 19:00,135,76,59,40,27,13,34,13,21,12,6,6,,,,38,18,20,,,,,,,,,
04/07/2025 20:00,139,61,78,26,12,14,31,8,23,17,6,11,,,,60,34,26,,,,,,,,,
04/07/2025 21:00,78,41,37,13,2,11,16,7,9,5,4,1,,,,31,9,22,,,,,,,,,
04/07/2025 22:00,53,35,18,12,4,8,19,12,7,6,5,1,,,,6,1,5,,,,,,,,,
04/07/2025 23:00,15,8,7,4,4,0,7,4,3,3,2,1,,,,4,4,0,,,,,,,,,
05/07/2025 00:00,3,1,2,1,1,0,8,3,5,1,0,1,,,,1,1,0,,,,,,,,,
05/07/2025 01:00,12,8,4,3,1,2,3,2,1,0,0,0,,,,2,1,1,,,,,,,,,
05/07/2025 02:00,4,4,0,0,0,0,2,1,1,0,0,0,,,,0,0,0,,,,,,,,,
05/07/2025 03:00,1,1,0,0,0,0,0,0,0,0,0,0,,,,0,0,0,,,,,,,,,
05/07/2025 04:00,3,2,1,1,0,1,0,0,0,1,1,0,,,,0,0,0,,,,,,,,,
05/07/2025 05:00,4,0,4,0,0,0,1,0,1,0,0,0,,,,3,2,1,,,,,,,,,
05/07/2025 06:00,14,7,7,2,1,1,5,3,2,4,3,1,,,,13,10,3,,,,,,,,,
05/07/2025 07:00,68,34,34,16,8,8,14,6,8,6,4,2,,,,29,14,15,,,,,,,,,
05/07/2025 08:00,92,48,44,39,22,17,27,18,9,13,4,9,,,,65,37,28,,,,,,,,,
05/07/2025 09:00,179,102,77,69,38,31,41,24,17,26,14,12,,,,94,55,39,,,,,,,,,
05/07/2025 10:00,261,168,93,57,37,20,65,44,21,35,16,19,,,,131,83,48,,,,,,,,,
05/07/2025 11:00,296,145,151,88,39,49,70,42,28,36,17,19,,,,135,76,59,,,,,,,,,
05/07/2025 12:00,299,150,149,66,47,19,69,38,31,42,24,18,,,,126,77,49,,,,,,,,,
05/07/2025 13:00,355,170,185,77,34,43,41,17,24,36,24,12,,,,92,46,46,,,,,,,,,
05/07/2025 14:00,407,195,212,52,30,22,57,42,15,26,10,16,,,,112,53,59,,,,,,,,,
05/07/2025 15:00,348,168,180,66,33,33,57,27,30,46,16,30,,,,105,56,49,,,,,,,,,
05/07/2025 16:00,418,211,207,51,21,30,47,25,22,35,9,26,,,,110,53,57,,,,,,,,,
05/07/2025 17:00,244,135,109,59,39,20,48,28,20,16,4,12,,,,97,49,48,,,,,,,,,
05/07/2025 18:00,228,121,107,35,18,17,47,28,19,25,15,10,,,,72,28,44,,,,,,,,,
05/07/2025 19:00,224,106,118,46,24,22,40,19,21,14,4,10,,,,64,30,34,,,,,,,,,
05/07/2025 20:00,152,77,75,55,32,23,36,17,19,9,6,3,,,,59,34,25,,,,,,,,,
05/07/2025 21:00,113,52,61,25,10,15,20,6,14,14,8,6,,,,28,15,13,,,,,,,,,
05/07/2025 22:00,60,39,21,30,19,11,21,16,5,9,6,3,,,,23,6,17,,,,,,,,,
05/07/2025 23:00,19,12,7,3,3,0,21,16,5,6,1,5,,,,4,2,2,,,,,,,,,
06/07/2025 00:00,0,0,0,0,0,0,5,0,5,1,0,1,,,,2,0,2,,,,,,,,,
06/07/2025 01:00,1,1,0,2,2,0,3,2,1,1,0,1,,,,1,0,1,,,,,,,,,
06/07/2025 02:00,3,3,0,0,0,0,1,1,0,3,0,3,,,,0,0,0,,,,,,,,,
06/07/2025 03:00,1,1,0,0,0,0,0,0,0,1,0,1,,,,3,0,3,,,,,,,,,
06/07/2025 04:00,0,0,0,1,0,1,2,1,1,0,0,0,,,,0,0,0,,,,,,,,,
06/07/2025 05:00,7,2,5,3,1,2,0,0,0,0,0,0,,,,4,2,2,,,,,,,,,
06/07/2025 06:00,11,8,3,3,3,0,2,1,1,1,1,0,,,,6,4,2,,,,,,,,,
06/07/2025 07:00,54,27,27,16,9,7,12,8,4,1,1,0,,,,24,15,9,,,,,,,,,
06/07/2025 08:00,105,55,50,32,21,11,30,14,16,14,5,9,,,,48,28,20,,,,,,,,,
06/07/2025 09:00,184,97,87,95,63,32,57,41,16,15,5,10,,,,106,52,54,,,,,,,,,
06/07/2025 10:00,285,181,104,120,74,46,55,33,22,27,21,6,,,,149,101,48,,,,,,,,,
06/07/2025 11:00,411,251,160,95,39,56,67,35,32,47,23,24,,,,125,64,61,,,,,,,,,
06/07/2025 12:00,493,280,213,79,40,39,43,23,20,49,27,22,,,,127,68,59,,,,,,,,,
06/07/2025 13:00,527,327,200,90,51,39,81,40,41,31,6,25,,,,125,63,62,,,,,,,,,
06/07/2025 14:00,716,355,361,77,49,28,60,38,22,33,19,14,,,,108,65,43,,,,,,,,,
06/07/2025 15:00,636,340,296,90,53,37,62,29,33,37,23,14,,,,98,52,46,,,,,,,,,
06/07/2025 16:00,510,192,318,52,28,24,56,39,17,37,9,28,,,,87,41,46,,,,,,,,,
06/07/2025 17:00,242,83,159,81,44,37,31,16,15,26,10,16,,,,65,30,35,,,,,,,,,
06/07/2025 18:00,154,85,69,24,12,12,31,17,14,16,6,10,,,,48,25,23,,,,,,,,,
06/07/2025 19:00,144,81,63,43,24,19,38,13,25,11,7,4,,,,50,23,27,,,,,,,,,
06/07/2025 20:00,107,53,54,35,15,20,33,21,12,11,9,2,,,,63,33,30,,,,,,,,,
06/07/2025 21:00,70,34,36,24,12,12,23,12,11,7,6,1,,,,41,20,21,,,,,,,,,
06/07/2025 22:00,32,21,11,13,2,11,17,13,4,1,1,0,,,,10,1,9,,,,,,,,,
06/07/2025 23:00,6,3,3,0,0,0,6,3,3,0,0,0,,,,2,2,0,,,,,,,,,
07/07/2025 00:00,0,0,0,0,0,0,2,0,2,0,0,0,,,,0,0,0,,,,,,,,,
07/07/2025 01:00,0,0,0,0,0,0,1,1,0,0,0,0,,,,5,5,0,,,,,,,,,
07/07/2025 02:00,0,0,0,0,0,0,1,0,1,1,0,1,,,,0,0,0,,,,,,,,,
07/07/2025 03:00,4,0,4,0,0,0,0,0,0,0,0,0,,,,0,0,0,,,,,,,,,
07/07/2025 04:00,0,0,0,0,0,0,0,0,0,0,0,0,,,,0,0,0,,,,,,,,,
07/07/2025 05:00,7,1,6,0,0,0,3,1,2,1,1,0,,,,5,1,4,,,,,,,,,
07/07/2025 06:00,43,19,24,19,10,9,11,7,4,4,2,2,,,,21,14,7,,,,,,,,,
07/07/2025 07:00,73,37,36,33,12,21,15,5,10,23,12,11,,,,54,30,24,,,,,,,,,
07/07/2025 08:00,115,60,55,41,20,21,40,19,21,24,12,12,,,,76,46,30,,,,,,,,,
07/07/2025 09:00,107,62,45,34,22,12,20,10,10,25,13,12,,,,79,49,30,,,,,,,,,
07/07/2025 10:00,177,96,81,62,38,24,48,28,20,17,10,7,,,,60,32,28,,,,,,,,,
07/07/2025 11:00,192,99,93,42,19,23,38,15,23,36,20,16,,,,64,41,23,,,,,,,,,
07/07/2025 12:00,221,120,101,60,29,31,62,38,24,17,9,8,,,,113,66,47,,,,,,,,,
07/07/2025 13:00,267,127,140,71,40,31,63,38,25,29,11,18,,,,94,47,47,,,,,,,,,
07/07/2025 14:00,240,147,93,67,43,24,38,16,22,25,13,12,,,,77,41,36,,,,,,,,,
07/07/2025 15:00,239,113,126,74,38,36,48,25,23,28,12,16,,,,105,54,51,,,,,,,,,
07/07/2025 16:00,269,127,142,56,37,19,43,24,19,35,18,17,,,,104,49,55,,,,,,,,,
07/07/2025 17:00,244,118,126,78,41,37,59,43,16,26,5,21,,,,80,32,48,,,,,,,,,
07/07/2025 18:00,247,135,112,97,51,46,73,43,30,36,21,15,,,,113,69,44,,,,,,,,,
07/07/2025 19:00,269,126,143,71,37,34,52,28,24,37,19,18,,,,138,82,56,,,,,,,,,
07/07/2025 20:00,239,121,118,66,34,32,47,21,26,25,16,9,,,,108,55,53,,,,,,,,,
07/07/2025 21:00,115,59,56,36,17,19,18,6,12,9,8,1,,,,52,18,34,,,,,,,,,
07/07/2025 22:00,38,14,24,11,5,6,13,4,9,5,3,2,,,,8,4,4,,,,,,,,,
07/07/2025 23:00,7,3,4,1,1,0,4,1,3,1,1,0,,,,3,2,1,,,,,,,,,
08/07/2025 00:00,0,0,0,0,0,0,0,0,0,1,0,1,,,,2,0,2,,,,,,,,,
08/07/2025 01:00,3,0,3,1,0,1,0,0,0,0,0,0,,,,0,0,0,,,,,,,,,
08/07/2025 02:00,9,1,8,0,0,0,0,0,0,0,0,0,,,,0,0,0,,,,,,,,,
08/07/2025 03:00,0,0,0,0,0,0,0,0,0,0,0,0,,,,0,0,0,,,,,,,,,
08/07/2025 04:00,0,0,0,0,0,0,0,0,0,0,0,0,,,,0,0,0,,,,,,,,,
08/07/2025 05:00,12,4,8,2,0,2,1,0,1,0,0,0,,,,10,7,3,,,,0,0,0,,,
08/07/2025 06:00,29,15,14,19,10,9,17,11,6,5,3,2,,,,24,12,12,,,,0,0,0,,,
08/07/2025 07:00,67,36,31,34,20,14,33,15,18,19,7,12,,,,96,55,41,,,,0,0,0,,,
08/07/2025 08:00,79,40,39,35,14,21,31,8,23,25,10,15,,,,82,40,42,,,,0,0,0,,,
08/07/2025 09:00,102,60,42,27,13,14,26,17,9,25,10,15,,,,83,55,28,,,,0,0,0,,,
08/07/2025 10:00,123,67,56,38,24,14,31,17,14,39,19,20,,,,71,45,26,,,,89,49,40,,,
08/07/2025 11:00,146,88,58,47,28,19,52,30,22,22,10,12,,,,130,81,49,,,,50,24,26,,,
08/07/2025 12:00,167,84,83,60,37,23,43,18,25,24,13,11,,,,89,46,43,,,,56,30,26,,,
08/07/2025 13:00,211,118,93,62,27,35,40,19,21,33,13,20,,,,99,47,52,,,,51,27,24,,,
08/07/2025 14:00,160,75,85,46,26,20,26,16,10,28,11,17,,,,65,32,33,,,,46,16,30,,,
08/07/2025 15:00,175,80,95,36,16,20,22,14,8,25,11,14,,,,58,27,31,,,,28,15,13,,,
08/07/2025 16:00,151,73,78,55,27,28,28,19,9,18,7,11,,,,81,45,36,,,,44,26,18,,,
08/07/2025 17:00,140,77,63,50,27,23,51,26,25,34,14,20,,,,81,42,39,,,,67,41,26,,,
08/07/2025 18:00,159,93,66,92,66,26,57,41,16,30,9,21,,,,115,59,56,,,,108,82,26,,,
08/07/2025 19:00,225,131,94,62,31,31,43,25,18,28,15,13,,,,105,63,42,,,,168,57,111,,,
08/07/2025 20:00,311,146,165,78,44,34,47,21,26,21,7,14,,,,58,31,27,,,,64,33,31,,,
08/07/2025 21:00,178,92,86,34,17,17,18,8,10,20,11,9,,,,59,27,32,,,,28,15,13,,,
08/07/2025 22:00,53,28,25,8,2,6,18,4,14,10,4,6,,,,19,6,13,,,,18,14,4,,,
08/07/2025 23:00,18,12,6,14,4,10,4,2,2,3,2,1,,,,5,3,2,,,,14,4,10,,,
09/07/2025 00:00,3,0,3,0,0,0,2,1,1,0,0,0,,,,0,0,0,,,,4,3,1,,,
09/07/2025 01:00,0,0,0,3,1,2,1,0,1,0,0,0,,,,0,0,0,,,,5,3,2,,,
09/07/2025 02:00,2,1,1,0,0,0,0,0,0,0,0,0,,,,1,1,0,,,,2,2,0,,,
09/07/2025 03:00,1,1,0,0,0,0,0,0,0,0,0,0,,,,0,0,0,,,,0,0,0,,,
09/07/2025 04:00,2,1,1,0,0,0,0,0,0,0,0,0,,,,0,0,0,,,,2,2,0,,,
09/07/2025 05:00,24,13,11,7,0,7,2,2,0,2,1,1,,,,4,2,2,,,,4,2,2,,,
09/07/2025 06:00,50,23,27,20,6,14,16,10,6,7,5,2,,,,18,12,6,,,,19,11,8,,,
09/07/2025 07:00,87,42,45,43,26,17,23,14,9,17,6,11,,,,72,40,32,,,,27,13,14,,,
09/07/2025 08:00,107,51,56,36,20,16,37,12,25,17,10,7,,,,68,33,35,,,,36,17,19,,,
09/07/2025 09:00,92,48,44,35,16,19,31,18,13,26,16,10,,,,70,41,29,,,,50,26,24,,,
09/07/2025 10:00,168,106,62,43,20,23,50,28,22,26,10,16,,,,73,44,29,,,,45,23,22,,,
09/07/2025 11:00,221,108,113,71,46,25,27,14,13,22,13,9,,,,76,46,30,,,,38,24,14,,,
09/07/2025 12:00,253,148,105,57,34,23,51,25,26,33,15,18,,,,104,54,50,,,,42,25,17,,,
09/07/2025 13:00,241,113,128,86,50,36,80,35,45,38,16,22,,,,87,51,36,,,,38,21,17,,,
09/07/2025 14:00,262,120,142,31,17,14,44,21,23,38,22,16,,,,64,39,25,,,,50,29,21,,,
09/07/2025 15:00,325,182,143,34,16,18,34,18,16,28,10,18,,,,90,48,42,,,,55,29,26,,,
09/07/2025 16:00,311,167,144,65,37,28,51,29,22,29,18,11,,,,98,50,48,,,,59,27,32,,,
09/07/2025 17:00,313,135,178,91,48,43,89,57,32,18,7,11,,,,137,62,75,,,,98,50,48,,,
09/07/2025 18:00,323,188,135,102,60,42,75,38,37,26,12,14,,,,157,94,63,,,,68,28,40,,,
09/07/2025 19:00,385,187,198,130,85,45,66,34,32,25,13,12,,,,137,83,54,,,,73,36,37,,,
09/07/2025 20:00,445,203,242,118,67,51,62,35,27,23,16,7,,,,93,37,56,,,,60,19,41,,,
09/07/2025 21:00,237,108,129,69,30,39,38,12,26,10,7,3,,,,52,25,27,,,,26,13,13,,,
09/07/2025 22:00,97,53,44,32,14,18,41,28,13,7,7,0,,,,15,7,8,,,,12,9,3,,,
09/07/2025 23:00,19,10,9,18,5,13,10,6,4,3,0,3,,,,3,1,2,,,,23,8,15,,,
10/07/2025 00:00,0,0,0,0,0,0,8,0,8,6,5,1,,,,6,3,3,,,,2,2,0,,,
10/07/2025 01:00,1,1,0,1,0,1,0,0,0,0,0,0,,,,2,0,2,,,,5,2,3,,,
10/07/2025 02:00,0,0,0,0,0,0,1,1,0,1,1,0,,,,0,0,0,,,,1,0,1,,,
10/07/2025 03:00,1,1,0,1,1,0,0,0,0,0,0,0,,,,1,1,0,,,,0,0,0,,,
10/07/2025 04:00,4,2,2,0,0,0,0,0,0,0,0,0,,,,3,1,2,,,,2,2,0,,,
10/07/2025 05:00,9,3,6,1,1,0,4,3,1,0,0,0,,,,4,3,1,,,,8,3,5,,,
10/07/2025 06:00,59,28,31,25,14,11,19,12,7,7,4,3,,,,28,15,13,,,,13,9,4,,,
10/07/2025 07:00,120,69,51,37,16,21,30,13,17,22,11,11,,,,62,34,28,,,,23,9,14,,,
10/07/2025 08:00,117,52,65,33,15,18,30,9,21,24,11,13,,,,73,40,33,,,,31,13,18,,,
10/07/2025 09:00,138,77,61,32,15,17,34,26,8,22,12,10,,,,133,94,39,,,,48,31,17,,,
10/07/2025 10:00,204,122,82,45,24,21,49,31,18,33,10,23,,,,93,65,28,,,,50,31,19,,,
10/07/2025 11:00,275,149,126,62,41,21,48,20,28,20,15,5,,,,142,77,65,,,,49,31,18,,,
10/07/2025 12:00,252,133,119,61,37,24,71,38,33,30,17,13,,,,94,56,38,,,,45,28,17,,,
10/07/2025 13:00,321,183,138,63,27,36,59,27,32,30,12,18,,,,114,61,53,,,,39,26,13,,,
10/07/2025 14:00,295,153,142,42,25,17,58,32,26,50,31,19,,,,63,24,39,,,,44,18,26,,,
10/07/2025 15:00,340,168,172,69,38,31,38,21,17,21,10,11,,,,81,50,31,,,,52,29,23,,,
10/07/2025 16:00,349,176,173,64,29,35,49,28,21,44,13,31,,,,80,40,40,,,,53,38,15,,,
10/07/2025 17:00,285,145,140,85,46,39,76,38,38,45,25,20,,,,113,48,65,,,,79,36,43,,,
10/07/2025 18:00,366,180,186,133,60,73,83,42,41,41,37,4,,,,124,72,52,,,,109,71,38,,,
10/07/2025 19:00,390,194,196,121,76,45,98,45,53,28,23,5,,,,126,73,53,,,,98,36,62,,,
10/07/2025 20:00,362,157,205,126,44,82,55,34,21,17,7,10,,,,94,42,52,,,,50,16,34,,,
10/07/2025 21:00,265,140,125,77,46,31,39,20,19,15,9,6,,,,52,23,29,,,,30,15,15,,,
10/07/2025 22:00,100,51,49,11,0,11,37,23,14,7,3,4,,,,21,3,18,,,,19,11,8,,,
10/07/2025 23:00,35,13,22,7,2,5,16,11,5,4,2,2,,,,6,4,2,,,,10,7,3,,,
11/07/2025 00:00,0,0,0,2,0,2,5,4,1,2,2,0,,,,1,1,0,,,,6,4,2,,,
11/07/2025 01:00,4,3,1,0,0,0,6,2,4,0,0,0,,,,0,0,0,,,,3,3,0,,,
11/07/2025 02:00,0,0,0,0,0,0,0,0,0,0,0,0,,,,0,0,0,,,,5,3,2,,,
11/07/2025 03:00,0,0,0,0,0,0,0,0,0,0,0,0,,,,0,0,0,,,,0,0,0,,,
11/07/2025 04:00,3,1,2,0,0,0,2,1,1,0,0,0,,,,0,0,0,,,,3,3,0,,,
11/07/2025 05:00,13,4,9,2,2,0,5,4,1,1,1,0,,,,10,4,6,,,,3,1,2,,,
11/07/2025 06:00,49,27,22,17,9,8,7,6,1,3,2,1,,,,30,20,10,,,,16,7,9,,,
11/07/2025 07:00,95,52,43,33,26,7,29,22,7,19,13,6,,,,60,35,25,,,,25,12,13,,,
11/07/2025 08:00,134,63,71,50,27,23,42,12,30,17,10,7,,,,80,48,32,,,,40,15,25,,,
11/07/2025 09:00,170,90,80,48,28,20,49,32,17,27,12,15,,,,88,56,32,,,,43,17,26,,,
11/07/2025 10:00,274,180,94,81,39,42,51,27,24,29,14,15,,,,72,41,31,,,,43,28,15,,,
11/07/2025 11:00,329,178,151,63,44,19,55,34,21,23,14,9,,,,90,48,42,,,,48,36,12,,,
11/07/2025 12:00,334,182,152,118,77,41,47,20,27,22,14,8,,,,99,62,37,,,,59,43,16,,,
11/07/2025 13:00,383,225,158,99,65,34,66,27,39,41,25,16,,,,109,61,48,,,,37,22,15,,,
11/07/2025 14:00,408,250,158,113,74,39,51,25,26,25,16,9,,,,68,42,26,,,,51,29,22,,,
11/07/2025 15:00,510,329,181,107,63,44,51,24,27,30,12,18,,,,78,39,39,,,,59,32,27,,,
11/07/2025 16:00,459,221,238,127,86,41,79,41,38,23,11,12,,,,63,38,25,,,,57,25,32,,,
11/07/2025 17:00,460,211,249,123,71,52,93,57,36,28,6,22,,,,110,61,49,,,,64,29,35,,,
11/07/2025 18:00,560,298,262,142,69,73,90,45,45,33,19,14,,,,111,80,31,,,,84,39,45,,,
11/07/2025 19:00,462,223,239,126,55,71,119,46,73,32,23,9,,,,76,50,26,,,,45,16,29,,,
11/07/2025 20:00,471,210,261,133,53,80,81,40,41,14,7,7,,,,81,42,39,,,,50,30,20,,,
11/07/2025 21:00,383,160,223,72,28,44,64,32,32,14,6,8,,,,61,28,33,,,,30,13,17,,,
11/07/2025 22:00,217,78,139,46,14,32,54,30,24,12,3,9,,,,29,6,23,,,,44,22,22,,,
11/07/2025 23:00,84,49,35,14,2,12,24,20,4,4,1,3,,,,15,8,7,,,,16,7,9,,,
12/07/2025 00:00,6,6,0,0,0,0,9,5,4,10,6,4,,,,3,1,2,,,,19,10,9,,,
12/07/2025 01:00,11,8,3,2,0,2,5,5,0,1,1,0,,,,5,1,4,,,,8,5,3,,,
12/07/2025 02:00,2,0,2,3,3,0,3,1,2,0,0,0,,,,1,0,1,,,,6,5,1,,,
12/07/2025 03:00,1,0,1,0,0,0,3,0,3,1,0,1,,,,0,0,0,,,,3,2,1,,,
12/07/2025 04:00,4,2,2,0,0,0,2,1,1,0,0,0,,,,2,2,0,,,,4,1,3,,,
12/07/2025 05:00,8,3,5,4,1,3,2,2,0,1,1,0,,,,1,0,1,,,,2,1,1,,,
12/07/2025 06:00,40,20,20,5,3,2,7,2,5,1,0,1,,,,7,5,2,,,,12,7,5,,,
12/07/2025 07:00,89,45,44,25,15,10,21,13,8,2,0,2,,,,50,36,14,,,,13,7,6,,,
12/07/2025 08:00,172,88,84,47,27,20,49,26,23,24,12,12,,,,74,45,29,,,,20,12,8,,,
12/07/2025 09:00,232,127,105,98,49,49,63,28,35,36,18,18,,,,112,65,47,,,,37,20,17,,,
12/07/2025 10:00,421,297,124,133,83,50,102,54,48,52,28,24,,,,119,70,49,,,,65,50,15,,,
12/07/2025 11:00,428,288,140,175,123,52,97,54,43,49,27,22,,,,128,72,56,,,,84,64,20,,,
12/07/2025 12:00,693,459,234,179,96,83,89,36,53,33,22,11,,,,121,70,51,,,,82,50,32,,,
12/07/2025 13:00,825,533,292,257,157,100,85,50,35,59,28,31,,,,128,69,59,,,,39,18,21,,,
12/07/2025 14:00,920,620,300,215,137,78,115,55,60,80,61,19,,,,92,51,41,,,,61,39,22,,,
12/07/2025 15:00,1121,696,425,216,127,89,128,64,64,121,100,21,,,,94,58,36,,,,44,17,27,,,
12/07/2025 16:00,1123,577,546,170,72,98,131,67,64,113,80,33,,,,113,61,52,,,,54,21,33,,,
12/07/2025 17:00,1108,550,558,173,70,103,129,49,80,81,58,23,,,,99,40,59,,,,56,26,30,,,
12/07/2025 18:00,944,376,568,157,49,108,148,66,82,61,45,16,,,,59,22,37,,,,52,25,27,,,
12/07/2025 19:00,826,320,506,181,71,110,132,46,86,52,39,13,,,,68,37,31,,,,47,30,17,,,
12/07/2025 20:00,605,270,335,91,32,59,82,30,52,38,30,8,,,,49,22,27,,,,46,17,29,,,
12/07/2025 21:00,464,145,319,79,24,55,72,31,41,23,9,14,,,,57,25,32,,,,52,24,28,,,
12/07/2025 22:00,214,82,132,34,9,25,54,38,16,5,2,3,,,,21,9,12,,,,48,19,29,,,
12/07/2025 23:00,117,71,46,15,3,12,30,20,10,5,2,3,,,,11,3,8,,,,43,18,25,,,
13/07/2025 00:00,3,2,1,0,0,0,6,0,6,2,1,1,,,,0,0,0,,,,24,6,18,,,
13/07/2025 01:00,24,19,5,6,0,6,20,1,19,0,0,0,,,,0,0,0,,,,7,3,4,,,
13/07/2025 02:00,4,4,0,7,3,4,0,0,0,0,0,0,,,,0,0,0,,,,12,4,8,,,
13/07/2025 03:00,7,3,4,0,0,0,1,1,0,0,0,0,,,,1,1,0,,,,9,5,4,,,
13/07/2025 04:00,2,2,0,1,0,1,3,0,3,1,0,1,,,,5,3,2,,,,7,1,6,,,
13/07/2025 05:00,14,4,10,2,1,1,4,4,0,1,0,1,,,,2,1,1,,,,5,0,5,,,
13/07/2025 06:00,42,22,20,1,1,0,4,1,3,4,4,0,,,,10,6,4,,,,6,4,2,,,
13/07/2025 07:00,62,32,30,23,14,9,14,8,6,3,1,2,,,,40,26,14,,,,17,9,8,,,
13/07/2025 08:00,162,92,70,57,34,23,51,32,19,28,14,14,,,,68,39,29,,,,18,12,6,,,
13/07/2025 09:00,280,147,133,96,56,40,60,32,28,19,8,11,,,,126,73,53,,,,46,20,26,,,
13/07/2025 10:00,405,225,180,117,80,37,104,74,30,31,22,9,,,,149,88,61,,,,79,40,39,,,
13/07/2025 11:00,583,295,288,133,80,53,117,70,47,47,20,27,,,,127,72,55,,,,65,52,13,,,
13/07/2025 12:00,593,321,272,223,126,97,143,66,77,64,40,24,,,,143,75,68,,,,60,44,16,,,
13/07/2025 13:00,751,392,359,193,114,79,176,82,94,42,27,15,,,,123,62,61,,,,73,46,27,,,
13/07/2025 14:00,833,455,378,177,84,93,99,46,53,50,24,26,,,,123,77,46,,,,56,22,34,,,
13/07/2025 15:00,939,521,418,210,107,103,122,68,54,30,16,14,,,,115,68,47,,,,54,14,40,,,
13/07/2025 16:00,890,457,433,157,84,73,138,84,54,27,11,16,,,,97,49,48,,,,54,22,32,,,
13/07/2025 17:00,754,365,389,198,58,140,96,45,51,19,9,10,,,,101,38,63,,,,48,14,34,,,
13/07/2025 18:00,530,217,313,88,28,60,79,50,29,23,13,10,,,,71,36,35,,,,57,24,33,,,
13/07/2025 19:00,298,119,179,70,30,40,64,23,41,24,12,12,,,,56,30,26,,,,35,9,26,,,
13/07/2025 20:00,309,161,148,59,25,34,53,17,36,18,11,7,,,,65,28,37,,,,45,20,25,,,
13/07/2025 21:00,198,90,108,47,13,34,32,15,17,18,9,9,,,,48,16,32,,,,19,7,12,,,
13/07/2025 22:00,65,37,28,24,10,14,22,16,6,6,5,1,,,,14,3,11,,,,18,11,7,,,
13/07/2025 23:00,31,21,10,8,4,4,9,7,2,2,2,0,,,,2,0,2,,,,8,6,2,,,
14/07/2025 00:00,0,0,0,1,0,1,3,0,3,0,0,0,,,,4,2,2,,,,8,5,3,,,
14/07/2025 01:00,0,0,0,0,0,0,2,1,1,0,0,0,,,,1,1,0,,,,4,4,0,,,
14/07/2025 02:00,1,1,0,0,0,0,0,0,0,1,0,1,,,,0,0,0,,,,4,4,0,,,
14/07/2025 03:00,0,0,0,0,0,0,0,0,0,0,0,0,,,,4,2,2,,,,3,3,0,,,
14/07/2025 04:00,1,1,0,0,0,0,0,0,0,0,0,0,,,,0,0,0,,,,5,3,2,,,
14/07/2025 05:00,13,3,10,4,2,2,1,1,0,5,3,2,,,,2,1,1,,,,0,0,0,,,
14/07/2025 06:00,42,19,23,23,14,9,15,12,3,3,3,0,,,,19,10,9,,,,21,13,8,,,
14/07/2025 07:00,75,36,39,24,13,11,17,11,6,12,4,8,,,,38,22,16,,,,34,16,18,,,
14/07/2025 08:00,80,41,39,24,9,15,29,9,20,22,12,10,,,,59,24,35,,,,52,25,27,,,
14/07/2025 09:00,116,65,51,35,21,14,20,11,9,31,15,16,,,,60,28,32,,,,45,21,24,,,
14/07/2025 10:00,165,99,66,33,19,14,39,22,17,30,16,14,,,,70,43,27,,,,37,29,8,,,
14/07/2025 11:00,171,92,79,44,23,21,20,11,9,16,10,6,,,,55,28,27,,,,44,31,13,,,
14/07/2025 12:00,169,101,68,43,26,17,35,17,18,34,24,10,,,,60,34,26,,,,42,25,17,,,
14/07/2025 13:00,178,99,79,29,14,15,61,37,24,44,27,17,,,,92,55,37,,,,36,14,22,,,
14/07/2025 14:00,123,60,63,21,17,4,21,11,10,13,5,8,,,,40,20,20,,,,44,19,25,,,
14/07/2025 15:00,163,88,75,34,15,19,28,17,11,28,15,13,,,,35,16,19,,,,35,15,20,,,
14/07/2025 16:00,95,37,58,34,23,11,21,13,8,22,10,12,,,,44,20,24,,,,71,31,40,,,
14/07/2025 17:00,170,89,81,59,35,24,62,39,23,27,8,19,,,,96,55,41,,,,96,36,60,,,
14/07/2025 18:00,186,98,88,83,40,43,58,43,15,34,22,12,,,,112,61,51,,,,83,43,40,,,
14/07/2025 19:00,222,103,119,94,55,39,56,33,23,37,24,13,,,,149,90,59,,,,66,24,42,,,
14/07/2025 20:00,198,111,87,59,24,35,56,23,33,9,6,3,,,,80,31,49,,,,48,23,25,,,
14/07/2025 21:00,113,65,48,33,16,17,30,15,15,15,9,6,,,,47,24,23,,,,43,20,23,,,
14/07/2025 22:00,39,15,24,11,5,6,13,6,7,4,1,3,,,,11,5,6,,,,17,5,12,,,
14/07/2025 23:00,17,9,8,2,1,1,2,0,2,1,1,0,,,,7,4,3,,,,2,2,0,,,
15/07/2025 00:00,0,0,0,0,0,0,0,0,0,0,0,0,,,,1,0,1,,,,7,3,4,,,
15/07/2025 01:00,0,0,0,0,0,0,0,0,0,0,0,0,,,,1,1,0,,,,2,0,2,,,
15/07/2025 02:00,0,0,0,0,0,0,0,0,0,0,0,0,,,,0,0,0,,,,1,0,1,,,
15/07/2025 03:00,1,1,0,0,0,0,1,1,0,2,0,2,,,,0,0,0,,,,0,0,0,,,
15/07/2025 04:00,0,0,0,0,0,0,0,0,0,0,0,0,,,,0,0,0,,,,2,1,1,,,
15/07/2025 05:00,12,6,6,2,1,1,2,2,0,2,1,1,,,,3,2,1,,,,0,0,0,,,
15/07/2025 06:00,24,15,9,21,11,10,17,11,6,11,5,6,,,,25,14,11,,,,21,12,9,,,
15/07/2025 07:00,57,30,27,36,18,18,16,10,6,7,5,2,,,,40,17,23,,,,17,5,12,,,
15/07/2025 08:00,69,33,36,32,12,20,31,10,21,22,12,10,,,,34,23,11,,,,29,13,16,,,
15/07/2025 09:00,51,22,29,16,10,6,21,13,8,17,12,5,,,,18,9,9,,,,22,9,13,,,
15/07/2025 10:00,74,35,39,17,8,9,29,10,19,24,11,13,,,,29,16,13,,,,22,8,14,,,
15/07/2025 11:00,97,47,50,35,23,12,23,12,11,36,22,14,,,,88,37,51,,,,43,27,16,,,
15/07/2025 12:00,136,95,41,24,10,14,36,18,18,14,9,5,,,,45,28,17,,,,36,18,18,,,
15/07/2025 13:00,141,78,63,25,10,15,34,17,17,24,11,13,,,,34,18,16,,,,40,22,18,,,
15/07/2025 14:00,185,76,109,23,5,18,17,9,8,18,13,5,,,,43,29,14,,,,35,13,22,,,
15/07/2025 15:00,116,49,67,33,27,6,35,19,16,18,14,4,,,,50,26,24,,,,47,15,32,,,
15/07/2025 16:00,144,79,65,46,28,18,44,25,19,17,10,7,,,,49,24,25,,,,50,23,27,,,
15/07/2025 17:00,99,44,55,60,37,23,40,18,22,37,17,20,,,,84,36,48,,,,76,26,50,,,
15/07/2025 18:00,148,78,70,68,36,32,54,20,34,28,9,19,,,,122,80,42,,,,125,58,67,,,
15/07/2025 19:00,193,106,87,55,37,18,38,25,13,27,13,14,,,,97,53,44,,,,90,33,57,,,
15/07/2025 20:00,197,126,71,41,25,16,42,19,23,27,16,11,,,,83,43,40,,,,41,15,26,,,
15/07/2025 21:00,122,55,67,33,21,12,26,18,8,17,9,8,,,,56,20,36,,,,22,9,13,,,
15/07/2025 22:00,46,26,20,17,4,13,21,10,11,2,1,1,,,,14,9,5,,,,30,12,18,,,
15/07/2025 23:00,14,10,4,7,6,1,8,4,4,1,0,1,,,,2,0,2,,,,10,3,7,,,
16/07/2025 00:00,0,0,0,0,0,0,1,0,1,0,0,0,,,,0,0,0,,,,8,5,3,,,
16/07/2025 01:00,4,2,2,0,0,0,1,0,1,0,0,0,,,,0,0,0,,,,2,2,0,,,
16/07/2025 02:00,1,0,1,0,0,0,0,0,0,0,0,0,,,,0,0,0,,,,0,0,0,,,
16/07/2025 03:00,0,0,0,0,0,0,0,0,0,2,0,2,,,,0,0,0,,,,3,2,1,,,
16/07/2025 04:00,5,4,1,0,0,0,0,0,0,0,0,0,,,,0,0,0,,,,2,2,0,,,
16/07/2025 05:00,12,9,3,8,2,6,3,3,0,1,1,0,,,,11,7,4,,,,5,3,2,,,
16/07/2025 06:00,38,17,21,16,11,5,19,13,6,6,5,1,,,,40,22,18,,,,24,13,11,,,
16/07/2025 07:00,100,53,47,37,14,23,32,13,19,19,8,11,,,,71,42,29,,,,28,10,18,,,
16/07/2025 08:00,88,44,44,38,17,21,33,20,13,42,20,22,,,,70,34,36,,,,39,14,25,,,
16/07/2025 09:00,118,64,54,44,19,25,40,16,24,24,12,12,,,,48,25,23,,,,45,17,28,,,
16/07/2025 10:00,158,88,70,26,15,11,31,14,17,20,10,10,,,,64,44,20,,,,45,25,20,,,
16/07/2025 11:00,236,130,106,57,27,30,40,19,21,26,12,14,,,,74,47,27,,,,65,53,12,,,
16/07/2025 12:00,233,128,105,51,24,27,40,16,24,25,14,11,,,,90,40,50,,,,60,36,24,,,
16/07/2025 13:00,290,141,149,51,25,26,75,40,35,32,18,14,,,,87,47,40,,,,59,31,28,,,
16/07/2025 14:00,216,101,115,60,40,20,45,23,22,29,16,13,,,,67,33,34,,,,58,29,29,,,
16/07/2025 15:00,238,116,122,37,14,23,39,26,13,33,15,18,,,,90,46,44,,,,55,23,32,,,
16/07/2025 16:00,184,76,108,32,17,15,32,21,11,17,8,9,,,,98,36,62,,,,50,31,19,,,
16/07/2025 17:00,178,93,85,69,37,32,70,39,31,29,12,17,,,,99,42,57,,,,54,37,17,,,
16/07/2025 18:00,201,103,98,86,47,39,71,38,33,45,28,17,,,,153,88,65,,,,72,34,38,,,
16/07/2025 19:00,221,102,119,78,40,38,58,35,23,46,20,26,,,,116,55,61,,,,47,32,15,,,
16/07/2025 20:00,183,91,92,50,22,28,32,16,16,23,11,12,,,,90,37,53,,,,75,29,46,,,
16/07/2025 21:00,119,70,49,37,14,23,44,25,19,15,8,7,,,,30,12,18,,,,30,15,15,,,
16/07/2025 22:00,56,28,28,13,7,6,13,5,8,2,2,0,,,,9,3,6,,,,29,9,20,,,
16/07/2025 23:00,9,5,4,4,1,3,5,2,3,7,3,4,,,,0,0,0,,,,6,2,4,,,
17/07/2025 00:00,0,0,0,2,2,0,8,3,5,4,4,0,,,,0,0,0,,,,23,15,8,,,
17/07/2025 01:00,3,2,1,0,0,0,2,2,0,1,0,1,,,,0,0,0,,,,7,1,6,,,
17/07/2025 02:00,1,1,0,1,0,1,2,1,1,0,0,0,,,,0,0,0,,,,15,8,7,,,
17/07/2025 03:00,5,2,3,0,0,0,0,0,0,0,0,0,,,,0,0,0,,,,1,0,1,,,
17/07/2025 04:00,2,2,0,0,0,0,0,0,0,0,0,0,,,,0,0,0,,,,3,2,1,,,
17/07/2025 05:00,8,3,5,1,0,1,1,1,0,1,1,0,,,,4,3,1,,,,4,3,1,,,
17/07/2025 06:00,48,23,25,22,15,7,17,10,7,3,2,1,,,,19,11,8,,,,19,10,9,,,
17/07/2025 07:00,77,40,37,31,18,13,17,8,9,20,7,13,,,,70,34,36,,,,23,13,10,,,
17/07/2025 08:00,99,50,49,31,14,17,30,12,18,26,16,10,,,,74,39,35,,,,39,17,22,,,
17/07/2025 09:00,85,43,42,25,7,18,24,9,15,22,8,14,,,,55,24,31,,,,36,9,27,,,
17/07/2025 10:00,70,39,31,20,13,7,23,14,9,26,4,22,,,,39,20,19,,,,33,22,11,,,
17/07/2025 11:00,124,66,58,26,14,12,14,9,5,18,13,5,,,,61,34,27,,,,30,15,15,,,
17/07/2025 12:00,142,66,76,36,21,15,38,20,18,13,6,7,,,,61,35,26,,,,55,22,33,,,
17/07/2025 13:00,167,89,78,33,15,18,47,20,27,31,11,20,,,,55,36,19,,,,29,19,10,,,
17/07/2025 14:00,152,82,70,23,12,11,36,23,13,35,20,15,,,,53,25,28,,,,46,25,21,,,
17/07/2025 15:00,136,62,74,52,32,20,30,17,13,30,17,13,,,,44,23,21,,,,36,18,18,,,
17/07/2025 16:00,139,55,84,35,12,23,37,18,19,33,11,22,,,,52,21,31,,,,54,25,29,,,
17/07/2025 17:00,137,73,64,44,20,24,42,25,17,27,14,13,,,,93,48,45,,,,75,43,32,,,
17/07/2025 18:00,140,80,60,42,22,20,41,22,19,22,8,14,,,,99,68,31,,,,102,71,31,,,
17/07/2025 19:00,162,83,79,92,64,28,49,22,27,30,13,17,,,,116,62,54,,,,70,32,38,,,
17/07/2025 20:00,150,93,57,44,18,26,33,17,16,12,6,6,,,,67,29,38,,,,68,16,52,,,
17/07/2025 21:00,105,52,53,25,10,15,33,14,19,5,2,3,,,,32,12,20,,,,31,15,16,,,
17/07/2025 22:00,56,37,19,14,11,3,17,9,8,12,4,8,,,,7,3,4,,,,25,14,11,,,
17/07/2025 23:00,9,7,2,17,5,12,13,5,8,6,2,4,,,,0,0,0,,,,7,2,5,,,
18/07/2025 00:00,0,0,0,2,2,0,0,0,0,3,1,2,,,,0,0,0,,,,5,4,1,,,
18/07/2025 01:00,1,1,0,0,0,0,0,0,0,1,0,1,,,,0,0,0,,,,3,3,0,,,
18/07/2025 02:00,3,3,0,0,0,0,1,0,1,2,2,0,,,,1,0,1,,,,0,0,0,,,
18/07/2025 03:00,1,1,0,0,0,0,0,0,0,0,0,0,,,,0,0,0,,,,2,1,1,,,
18/07/2025 04:00,1,0,1,0,0,0,0,0,0,0,0,0,,,,0,0,0,,,,3,3,0,,,
18/07/2025 05:00,12,6,6,3,0,3,2,1,1,0,0,0,,,,5,2,3,,,,4,3,1,,,
18/07/2025 06:00,42,19,23,26,19,7,23,16,7,6,4,2,,,,20,12,8,,,,22,12,10,,,
18/07/2025 07:00,101,59,42,43,21,22,37,22,15,10,7,3,,,,62,37,25,,,,31,14,17,,,
18/07/2025 08:00,125,60,65,52,26,26,42,23,19,33,14,19,,,,60,26,34,,,,45,20,25,,,
18/07/2025 09:00,103,50,53,36,16,20,44,19,25,28,13,15,,,,43,23,20,,,,31,13,18,,,
18/07/2025 10:00,182,116,66,31,15,16,34,16,18,23,13,10,,,,64,40,24,,,,47,25,22,,,
18/07/2025 11:00,156,70,86,28,14,14,30,8,22,21,9,12,,,,52,32,20,,,,42,23,19,,,
18/07/2025 12:00,183,86,97,38,22,16,39,18,21,33,22,11,,,,74,41,33,,,,53,32,21,,,
18/07/2025 13:00,201,114,87,38,19,19,30,15,15,32,16,16,,,,68,31,37,,,,53,34,19,,,
18/07/2025 14:00,140,72,68,27,16,11,34,23,11,13,9,4,,,,42,23,19,,,,35,22,13,,,
18/07/2025 15:00,210,109,101,39,25,14,43,15,28,13,5,8,,,,60,31,29,,,,37,19,18,,,
18/07/2025 16:00,171,74,97,26,16,10,24,11,13,18,7,11,,,,71,38,33,,,,54,26,28,,,
18/07/2025 17:00,95,57,38,42,25,17,43,15,28,20,9,11,,,,66,28,38,,,,39,20,19,,,
18/07/2025 18:00,102,54,48,49,29,20,35,24,11,26,15,11,,,,77,48,29,,,,36,12,24,,,
18/07/2025 19:00,97,48,49,42,26,16,44,19,25,14,6,8,,,,39,19,20,,,,27,18,9,,,
18/07/2025 20:00,137,65,72,35,21,14,38,21,17,10,3,7,,,,38,20,18,,,,17,8,9,,,
18/07/2025 21:00,101,56,45,31,14,17,21,8,13,14,8,6,,,,34,17,17,,,,20,8,12,,,
18/07/2025 22:00,55,27,28,18,11,7,16,4,12,6,4,2,,,,8,3,5,,,,19,12,7,,,
18/07/2025 23:00,24,16,8,8,2,6,5,3,2,1,0,1,,,,1,0,1,,,,5,2,3,,,
19/07/2025 00:00,0,0,0,2,0,2,1,1,0,2,2,0,,,,2,1,1,,,,2,1,1,,,
19/07/2025 01:00,6,3,3,5,2,3,4,0,4,0,0,0,,,,0,0,0,,,,9,5,4,,,
19/07/2025 02:00,1,1,0,0,0,0,3,3,0,1,0,1,,,,0,0,0,,,,1,1,0,,,
19/07/2025 03:00,2,2,0,0,0,0,0,0,0,0,0,0,,,,0,0,0,,,,3,2,1,,,
19/07/2025 04:00,3,1,2,3,0,3,1,0,1,0,0,0,,,,0,0,0,,,,4,4,0,,,
19/07/2025 05:00,7,5,2,1,1,0,1,0,1,1,0,1,,,,3,2,1,,,,1,1,0,,,
19/07/2025 06:00,37,16,21,8,6,2,6,3,3,3,2,1,,,,11,6,5,,,,9,6,3,,,
19/07/2025 07:00,78,49,29,27,14,13,19,13,6,11,4,7,,,,25,18,7,,,,10,5,5,,,
19/07/2025 08:00,161,84,77,40,25,15,42,19,23,17,12,5,,,,74,42,32,,,,31,18,13,,,
19/07/2025 09:00,178,86,92,83,50,33,67,38,29,33,14,19,,,,112,59,53,,,,38,17,21,,,
19/07/2025 10:00,262,163,99,113,60,53,81,36,45,45,19,26,,,,128,61,67,,,,39,19,20,,,
19/07/2025 11:00,305,180,125,79,33,46,55,39,16,26,13,13,,,,135,86,49,,,,24,13,11,,,
19/07/2025 12:00,317,190,127,96,68,28,64,35,29,28,15,13,,,,110,60,50,,,,34,19,15,,,
19/07/2025 13:00,377,224,153,56,26,30,42,27,15,37,14,23,,,,71,43,28,,,,23,13,10,,,
19/07/2025 14:00,366,176,190,74,43,31,55,36,19,39,17,22,,,,89,49,40,,,,56,36,20,,,
19/07/2025 15:00,349,169,180,74,37,37,71,36,35,44,22,22,,,,126,77,49,,,,36,16,20,,,
19/07/2025 16:00,308,150,158,93,42,51,53,27,26,30,15,15,,,,101,53,48,,,,41,25,16,,,
19/07/2025 17:00,252,126,126,84,41,43,52,25,27,37,21,16,,,,102,39,63,,,,42,25,17,,,
19/07/2025 18:00,227,105,122,71,46,25,62,41,21,31,10,21,,,,94,55,39,,,,48,23,25,,,
19/07/2025 19:00,198,109,89,36,19,17,38,18,20,19,12,7,,,,50,21,29,,,,32,17,15,,,
19/07/2025 20:00,137,65,72,35,19,16,51,22,29,10,2,8,,,,45,18,27,,,,21,9,12,,,
19/07/2025 21:00,71,30,41,18,5,13,32,16,16,13,8,5,,,,23,6,17,,,,12,7,5,,,
19/07/2025 22:00,61,30,31,7,2,5,12,4,8,7,1,6,,,,4,2,2,,,,22,4,18,,,
19/07/2025 23:00,12,7,5,7,1,6,29,1,28,10,7,3,,,,1,1,0,,,,16,8,8,,,
20/07/2025 00:00,1,0,1,3,3,0,15,3,12,1,1,0,,,,1,1,0,,,,7,3,4,,,
20/07/2025 01:00,6,2,4,6,5,1,4,4,0,0,0,0,,,,2,1,1,,,,11,6,5,,,
20/07/2025 02:00,0,0,0,0,0,0,0,0,0,1,0,1,,,,0,0,0,,,,4,2,2,,,
20/07/2025 03:00,0,0,0,0,0,0,0,0,0,0,0,0,,,,3,3,0,,,,4,1,3,,,
20/07/2025 04:00,0,0,0,0,0,0,0,0,0,0,0,0,,,,2,1,1,,,,6,5,1,,,
20/07/2025 05:00,5,4,1,0,0,0,1,1,0,3,3,0,,,,2,2,0,,,,4,1,3,,,
20/07/2025 06:00,10,7,3,4,1,3,4,1,3,0,0,0,,,,5,2,3,,,,3,3,0,,,
20/07/2025 07:00,58,31,27,18,11,7,5,3,2,3,2,1,,,,16,9,7,,,,11,8,3,,,
20/07/2025 08:00,52,25,27,25,14,11,19,11,8,7,2,5,,,,26,14,12,,,,14,7,7,,,
20/07/2025 09:00,119,70,49,32,21,11,24,17,7,8,3,5,,,,38,18,20,,,,13,8,5,,,
20/07/2025 10:00,164,98,66,47,22,25,50,22,28,29,16,13,,,,96,57,39,,,,21,10,11,,,
20/07/2025 11:00,262,160,102,47,24,23,49,25,24,27,14,13,,,,74,41,33,,,,33,17,16,,,
20/07/2025 12:00,325,146,179,66,39,27,70,39,31,35,18,17,,,,120,65,55,,,,72,59,13,,,
20/07/2025 13:00,425,177,248,81,49,32,65,35,30,43,21,22,,,,106,59,47,,,,85,43,42,,,
20/07/2025 14:00,438,229,209,69,34,35,61,38,23,30,16,14,,,,95,53,42,,,,65,27,38,,,
20/07/2025 15:00,344,191,153,82,42,40,47,29,18,28,11,17,,,,111,58,53,,,,73,46,27,,,
20/07/2025 16:00,282,117,165,72,30,42,57,28,29,37,14,23,,,,90,46,44,,,,86,26,60,,,
20/07/2025 17:00,252,125,127,45,26,19,61,28,33,19,7,12,,,,91,45,46,,,,41,24,17,,,
20/07/2025 18:00,190,96,94,38,15,23,54,27,27,21,10,11,,,,90,43,47,,,,32,17,15,,,
20/07/2025 19:00,129,67,62,61,24,37,24,11,13,24,11,13,,,,70,42,28,,,,42,19,23,,,
20/07/2025 20:00,131,71,60,43,16,27,30,15,15,10,6,4,,,,60,23,37,,,,23,11,12,,,
20/07/2025 21:00,42,23,19,11,5,6,14,5,9,6,3,3,,,,5,3,2,,,,17,4,13,,,
20/07/2025 22:00,16,8,8,0,0,0,11,10,1,3,1,2,,,,0,0,0,,,,4,3,1,,,
20/07/2025 23:00,2,2,0,0,0,0,2,1,1,0,0,0,,,,1,0,1,,,,3,2,1,,,
21/07/2025 00:00,0,0,0,0,0,0,1,1,0,0,0,0,,,,0,0,0,,,,12,6,6,,,
21/07/2025 01:00,2,2,0,0,0,0,1,1,0,1,0,1,,,,0,0,0,,,,0,0,0,,,
21/07/2025 02:00,0,0,0,0,0,0,0,0,0,0,0,0,,,,0,0,0,,,,0,0,0,,,
21/07/2025 03:00,1,0,1,1,0,1,2,0,2,0,0,0,,,,0,0,0,,,,0,0,0,,,
21/07/2025 04:00,3,2,1,0,0,0,1,1,0,2,2,0,,,,0,0,0,,,,1,1,0,,,
21/07/2025 05:00,2,1,1,1,1,0,1,1,0,0,0,0,,,,0,0,0,,,,1,1,0,,,
21/07/2025 06:00,2,0,2,4,2,2,3,2,1,1,0,1,,,,5,3,2,,,,6,3,3,,,
21/07/2025 07:00,23,15,8,9,2,7,8,3,5,5,0,5,,,,20,14,6,,,,9,3,6,,,
21/07/2025 08:00,15,8,7,10,4,6,13,6,7,18,7,11,,,,15,12,3,,,,11,6,5,,,
21/07/2025 09:00,21,11,10,8,5,3,6,4,2,9,2,7,,,,21,13,8,,,,16,7,9,,,
21/07/2025 10:00,45,25,20,7,3,4,17,10,7,16,8,8,,,,27,11,16,,,,11,4,7,,,
21/07/2025 11:00,64,36,28,21,11,10,18,8,10,9,5,4,,,,28,16,12,,,,31,15,16,,,
21/07/2025 12:00,82,43,39,23,8,15,21,7,14,34,19,15,,,,35,25,10,,,,25,16,9,,,
21/07/2025 13:00,115,52,63,28,15,13,32,16,16,34,14,20,,,,47,21,26,,,,42,17,25,,,
21/07/2025 14:00,114,59,55,12,7,5,21,9,12,25,13,12,,,,19,8,11,,,,35,14,21,,,
21/07/2025 15:00,94,45,49,19,10,9,19,15,4,21,9,12,,,,29,16,13,,,,28,13,15,,,
21/07/2025 16:00,89,44,45,27,15,12,25,13,12,23,12,11,,,,50,23,27,,,,56,31,25,,,
21/07/2025 17:00,109,55,54,39,21,18,51,30,21,35,15,20,,,,77,37,40,,,,57,37,20,,,
21/07/2025 18:00,120,60,60,60,32,28,39,22,17,26,15,11,,,,90,49,41,,,,42,26,16,,,
21/07/2025 19:00,113,53,60,57,32,25,41,22,19,23,11,12,,,,79,48,31,,,,45,22,23,,,
21/07/2025 20:00,146,75,71,63,21,42,20,9,11,21,9,12,,,,71,31,40,,,,28,15,13,,,
21/07/2025 21:00,69,32,37,26,12,14,19,10,9,20,8,12,,,,20,11,9,,,,25,9,16,,,
21/07/2025 22:00,37,19,18,14,7,7,7,3,4,6,4,2,,,,0,0,0,,,,11,3,8,,,
21/07/2025 23:00,8,4,4,10,5,5,2,1,1,1,1,0,,,,0,0,0,,,,4,3,1,,,
22/07/2025 00:00,0,0,0,2,2,0,3,0,3,1,1,0,,,,0,0,0,,,,8,7,1,,,
22/07/2025 01:00,1,1,0,0,0,0,2,1,1,0,0,0,,,,0,0,0,,,,0,0,0,,,
22/07/2025 02:00,1,1,0,0,0,0,1,0,1,0,0,0,,,,0,0,0,,,,1,1,0,,,
22/07/2025 03:00,0,0,0,1,0,1,0,0,0,0,0,0,,,,0,0,0,,,,0,0,0,,,
22/07/2025 04:00,1,1,0,0,0,0,0,0,0,0,0,0,,,,0,0,0,,,,3,2,1,,,
22/07/2025 05:00,13,6,7,2,0,2,2,1,1,1,1,0,,,,8,5,3,,,,7,4,3,,,
22/07/2025 06:00,40,25,15,17,12,5,17,13,4,9,5,4,,,,33,24,9,,,,22,11,11,,,
22/07/2025 07:00,99,57,42,49,22,27,37,18,19,17,7,10,,,,67,38,29,,,,22,9,13,,,
22/07/2025 08:00,106,48,58,40,21,19,41,20,21,29,14,15,,,,66,34,32,,,,43,22,21,,,
22/07/2025 09:00,101,48,53,34,18,16,27,12,15,25,17,8,,,,62,36,26,,,,36,14,22,,,
22/07/2025 10:00,160,88,72,27,17,10,26,18,8,26,13,13,,,,71,44,27,,,,29,17,12,,,
22/07/2025 11:00,189,106,83,25,13,12,40,19,21,27,13,14,,,,79,50,29,,,,47,24,23,,,
22/07/2025 12:00,170,96,74,37,18,19,32,14,18,19,8,11,,,,80,43,37,,,,44,27,17,,,
22/07/2025 13:00,213,106,107,34,12,22,57,28,29,33,19,14,,,,71,40,31,,,,61,26,35,,,
22/07/2025 14:00,168,87,81,37,18,19,35,13,22,36,21,15,,,,76,40,36,,,,47,23,24,,,
22/07/2025 15:00,191,92,99,57,33,24,32,22,10,30,13,17,,,,87,50,37,,,,64,34,30,,,
22/07/2025 16:00,183,93,90,36,21,15,27,15,12,67,56,11,,,,113,60,53,,,,53,31,22,,,
22/07/2025 17:00,143,77,66,62,31,31,54,38,16,38,22,16,,,,132,56,76,,,,79,37,42,,,
22/07/2025 18:00,126,61,65,49,29,20,42,22,20,35,18,17,,,,107,64,43,,,,69,39,30,,,
22/07/2025 19:00,144,78,66,75,45,30,41,22,19,17,7,10,,,,127,74,53,,,,56,31,25,,,
22/07/2025 20:00,144,80,64,56,21,35,35,11,24,24,13,11,,,,85,39,46,,,,64,25,39,,,
22/07/2025 21:00,128,61,67,20,5,15,39,15,24,12,7,5,,,,30,14,16,,,,59,19,40,,,
22/07/2025 22:00,31,18,13,14,6,8,22,7,15,6,2,4,,,,0,0,0,,,,66,31,35,,,
22/07/2025 23:00,11,7,4,2,2,0,6,1,5,1,0,1,,,,0,0,0,,,,18,7,11,,,
23/07/2025 00:00,0,0,0,0,0,0,0,0,0,2,1,1,,,,0,0,0,,,,4,1,3,,,
23/07/2025 01:00,2,2,0,0,0,0,0,0,0,0,0,0,,,,0,0,0,,,,7,4,3,,,
23/07/2025 02:00,0,0,0,0,0,0,0,0,0,0,0,0,,,,1,1,0,,,,0,0,0,,,
23/07/2025 03:00,0,0,0,0,0,0,0,0,0,1,0,1,,,,0,0,0,,,,1,0,1,,,
23/07/2025 04:00,1,1,0,0,0,0,2,0,2,3,2,1,,,,0,0,0,,,,2,1,1,,,
23/07/2025 05:00,15,8,7,2,0,2,2,2,0,3,2,1,,,,2,2,0,,,,2,2,0,,,
23/07/2025 06:00,39,17,22,27,14,13,16,10,6,7,5,2,,,,20,12,8,,,,12,6,6,,,
23/07/2025 07:00,84,49,35,45,26,19,35,19,16,13,4,9,,,,71,42,29,,,,21,8,13,,,
23/07/2025 08:00,109,51,58,49,16,33,39,18,21,32,12,20,,,,69,31,38,,,,32,16,16,,,
23/07/2025 09:00,94,46,48,44,22,22,26,10,16,15,7,8,,,,53,31,22,,,,25,9,16,,,
23/07/2025 10:00,149,78,71,58,26,32,30,16,14,28,16,12,,,,64,34,30,,,,36,18,18,,,
23/07/2025 11:00,139,94,45,46,19,27,30,16,14,24,10,14,,,,78,37,41,,,,49,23,26,,,
23/07/2025 12:00,281,143,138,28,16,12,33,14,19,32,15,17,,,,74,40,34,,,,43,21,22,,,
23/07/2025 13:00,335,177,158,51,26,25,49,32,17,40,19,21,,,,80,45,35,,,,34,13,21,,,
23/07/2025 14:00,194,95,99,39,19,20,34,19,15,39,19,20,,,,57,32,25,,,,37,16,21,,,
23/07/2025 15:00,170,89,81,43,22,21,30,14,16,25,11,14,,,,79,45,34,,,,25,12,13,,,
23/07/2025 16:00,167,65,102,28,13,15,32,15,17,23,10,13,,,,70,30,40,,,,39,23,16,,,
23/07/2025 17:00,130,57,73,43,30,13,35,23,12,25,12,13,,,,70,42,28,,,,52,22,30,,,
23/07/2025 18:00,114,57,57,67,31,36,53,27,26,39,21,18,,,,84,46,38,,,,56,27,29,,,
23/07/2025 19:00,207,106,101,54,31,23,47,24,23,22,14,8,,,,102,52,50,,,,51,25,26,,,
23/07/2025 20:00,205,99,106,59,27,32,36,17,19,34,15,19,,,,72,32,40,,,,67,19,48,,,
23/07/2025 21:00,106,57,49,18,6,12,34,14,20,14,7,7,,,,21,14,7,,,,30,17,13,,,
23/07/2025 22:00,47,32,15,18,6,12,15,7,8,4,1,3,,,,0,0,0,,,,20,10,10,,,
23/07/2025 23:00,5,5,0,8,4,4,6,4,2,0,0,0,,,,0,0,0,,,,5,2,3,,,
24/07/2025 00:00,0,0,0,0,0,0,6,1,5,1,1,0,,,,0,0,0,,,,4,4,0,,,
24/07/2025 01:00,1,1,0,0,0,0,0,0,0,2,2,0,,,,0,0,0,,,,8,7,1,,,
24/07/2025 02:00,0,0,0,0,0,0,0,0,0,0,0,0,,,,0,0,0,,,,2,0,2,,,
24/07/2025 03:00,0,0,0,0,0,0,0,0,0,1,0,1,,,,0,0,0,,,,0,0,0,,,
24/07/2025 04:00,0,0,0,0,0,0,0,0,0,0,0,0,,,,6,4,2,,,,4,4,0,,,
24/07/2025 05:00,9,3,6,3,2,1,3,1,2,1,1,0,,,,7,5,2,,,,4,3,1,,,
24/07/2025 06:00,37,20,17,26,10,16,20,14,6,10,7,3,,,,23,12,11,,,,21,8,13,,,
24/07/2025 07:00,83,44,39,35,19,16,25,12,13,14,4,10,,,,52,30,22,,,,19,6,13,,,
24/07/2025 08:00,97,41,56,45,27,18,33,15,18,22,10,12,,,,93,51,42,,,,20,8,12,,,
24/07/2025 09:00,116,56,60,40,18,22,32,18,14,28,14,14,,,,77,43,34,,,,30,13,17,,,
24/07/2025 10:00,168,94,74,39,18,21,49,23,26,31,20,11,,,,94,53,41,,,,33,18,15,,,
24/07/2025 11:00,225,137,88,45,21,24,42,20,22,19,6,13,,,,74,48,26,,,,45,22,23,,,
24/07/2025 12:00,220,120,100,76,39,37,50,23,27,31,14,17,,,,103,48,55,,,,47,23,24,,,
24/07/2025 13:00,248,119,129,51,25,26,61,41,20,39,23,16,,,,74,34,40,,,,33,15,18,,,
24/07/2025 14:00,231,112,119,50,28,22,49,33,16,45,29,16,,,,50,26,24,,,,47,30,17,,,
24/07/2025 15:00,235,127,108,61,35,26,46,24,22,168,148,20,,,,51,26,25,,,,66,30,36,,,
24/07/2025 16:00,206,91,115,57,31,26,60,38,22,167,153,14,,,,78,36,42,,,,51,31,20,,,
24/07/2025 17:00,238,110,128,51,30,21,57,30,27,211,196,15,,,,120,62,58,,,,76,28,48,,,
24/07/2025 18:00,261,118,143,81,38,43,61,38,23,204,188,16,,,,116,65,51,,,,91,45,46,,,
24/07/2025 19:00,244,125,119,77,38,39,51,25,26,168,153,15,,,,108,54,54,,,,48,32,16,,,
24/07/2025 20:00,214,119,95,72,37,35,44,19,25,52,47,5,,,,72,41,31,,,,41,16,25,,,
24/07/2025 21:00,110,63,47,35,12,23,15,10,5,22,9,13,,,,33,12,21,,,,152,69,83,,,
24/07/2025 22:00,52,35,17,10,4,6,10,5,5,3,0,3,,,,0,0,0,,,,21,13,8,,,
24/07/2025 23:00,17,14,3,4,2,2,9,4,5,3,1,2,,,,0,0,0,,,,8,3,5,,,
25/07/2025 00:00,0,0,0,0,0,0,4,1,3,6,1,5,,,,0,0,0,,,,8,4,4,,,
25/07/2025 01:00,4,2,2,1,0,1,1,0,1,0,0,0,,,,1,0,1,,,,6,1,5,,,
25/07/2025 02:00,0,0,0,0,0,0,0,0,0,0,0,0,,,,5,4,1,,,,9,5,4,,,
25/07/2025 03:00,0,0,0,0,0,0,0,0,0,0,0,0,,,,1,0,1,,,,8,2,6,,,
25/07/2025 04:00,0,0,0,0,0,0,0,0,0,1,1,0,,,,10,6,4,,,,4,3,1,,,
25/07/2025 05:00,8,1,7,1,0,1,2,0,2,2,1,1,,,,2,1,1,,,,12,9,3,,,
25/07/2025 06:00,42,21,21,21,10,11,16,9,7,9,4,5,,,,14,9,5,,,,23,8,15,,,
25/07/2025 07:00,94,52,42,31,20,11,28,15,13,11,6,5,,,,53,27,26,,,,23,8,15,,,
25/07/2025 08:00,114,56,58,40,15,25,43,20,23,29,15,14,,,,64,37,27,,,,33,20,13,,,
25/07/2025 09:00,113,65,48,23,12,11,22,15,7,27,18,9,,,,65,32,33,,,,35,12,23,,,
25/07/2025 10:00,170,95,75,43,15,28,35,21,14,21,8,13,,,,55,33,22,,,,33,16,17,,,
25/07/2025 11:00,220,94,126,57,28,29,45,23,22,31,12,19,,,,87,56,31,,,,57,30,27,,,
25/07/2025 12:00,174,91,83,51,26,25,33,23,10,41,22,19,,,,59,29,30,,,,57,34,23,,,
25/07/2025 13:00,259,129,130,48,23,25,24,15,9,29,12,17,,,,86,39,47,,,,64,36,28,,,
25/07/2025 14:00,186,101,85,23,9,14,26,13,13,32,20,12,,,,63,35,28,,,,66,40,26,,,
25/07/2025 15:00,192,94,98,38,14,24,20,14,6,25,14,11,,,,84,44,40,,,,53,18,35,,,
25/07/2025 16:00,199,94,105,37,24,13,34,17,17,27,17,10,,,,92,46,46,,,,61,32,29,,,
25/07/2025 17:00,213,101,112,58,33,25,50,29,21,35,16,19,,,,95,46,49,,,,44,22,22,,,
25/07/2025 18:00,184,91,93,52,24,28,63,23,40,43,22,21,,,,75,37,38,,,,63,22,41,,,
25/07/2025 19:00,173,74,99,42,25,17,55,30,25,23,8,15,,,,83,50,33,,,,50,19,31,,,
25/07/2025 20:00,141,78,63,39,26,13,57,24,33,13,6,7,,,,66,40,26,,,,62,28,34,,,
25/07/2025 21:00,128,71,57,23,16,7,33,14,19,15,7,8,,,,29,11,18,,,,40,17,23,,,
25/07/2025 22:00,65,28,37,34,10,24,19,13,6,0,0,0,,,,5,5,0,,,,20,5,15,,,
25/07/2025 23:00,18,10,8,3,2,1,14,7,7,1,0,1,,,,1,0,1,,,,14,7,7,,,
26/07/2025 00:00,0,0,0,1,0,1,4,2,2,1,1,0,,,,0,0,0,,,,6,2,4,,,
26/07/2025 01:00,6,6,0,5,1,4,1,1,0,2,2,0,,,,3,2,1,,,,1,1,0,,,
26/07/2025 02:00,0,0,0,0,0,0,0,0,0,1,0,1,,,,2,0,2,,,,3,1,2,,,
26/07/2025 03:00,3,1,2,0,0,0,0,0,0,0,0,0,,,,0,0,0,,,,2,2,0,,,
26/07/2025 04:00,1,0,1,0,0,0,0,0,0,1,0,1,,,,10,5,5,,,,5,1,4,,,
26/07/2025 05:00,5,2,3,2,1,1,3,1,2,0,0,0,,,,6,3,3,,,,6,6,0,,,
26/07/2025 06:00,25,13,12,10,5,5,6,4,2,0,0,0,,,,6,5,1,,,,12,5,7,,,
26/07/2025 07:00,52,24,28,27,17,10,15,10,5,4,1,3,,,,33,18,15,,,,7,2,5,,,
26/07/2025 08:00,114,57,57,55,36,19,37,22,15,17,8,9,,,,65,38,27,,,,20,9,11,,,
26/07/2025 09:00,160,81,79,73,40,33,65,34,31,24,12,12,,,,104,69,35,,,,39,11,28,,,
26/07/2025 10:00,199,121,78,99,61,38,75,43,32,33,17,16,,,,152,92,60,,,,50,29,21,,,
26/07/2025 11:00,242,140,102,87,54,33,72,38,34,29,14,15,,,,114,63,51,,,,47,21,26,,,
26/07/2025 12:00,286,164,122,82,49,33,73,41,32,32,25,7,,,,99,53,46,,,,42,19,23,,,
26/07/2025 13:00,288,145,143,67,41,26,48,25,23,48,25,23,,,,108,63,45,,,,53,21,32,,,
26/07/2025 14:00,349,191,158,81,52,29,56,42,14,61,41,20,,,,101,49,52,,,,37,18,19,,,
26/07/2025 15:00,443,231,212,73,44,29,94,65,29,30,14,16,,,,124,71,53,,,,38,15,23,,,
26/07/2025 16:00,440,213,227,100,54,46,68,26,42,45,21,24,,,,138,57,81,,,,45,22,23,,,
26/07/2025 17:00,318,135,183,85,30,55,75,36,39,33,18,15,,,,97,47,50,,,,43,25,18,,,
26/07/2025 18:00,256,125,131,67,37,30,38,17,21,40,23,17,,,,85,37,48,,,,37,9,28,,,
26/07/2025 19:00,198,99,99,37,14,23,37,16,21,27,18,9,,,,71,37,34,,,,49,24,25,,,
26/07/2025 20:00,197,99,98,51,18,33,37,10,27,11,7,4,,,,57,23,34,,,,42,19,23,,,
26/07/2025 21:00,116,65,51,19,8,11,25,16,9,14,7,7,,,,26,8,18,,,,27,12,15,,,
26/07/2025 22:00,50,17,33,16,8,8,22,15,7,9,8,1,,,,2,2,0,,,,16,8,8,,,
26/07/2025 23:00,28,11,17,3,0,3,15,13,2,0,0,0,,,,3,2,1,,,,11,8,3,,,
27/07/2025 00:00,2,1,1,3,3,0,7,3,4,0,0,0,,,,2,1,1,,,,4,0,4,,,
27/07/2025 01:00,1,1,0,0,0,0,2,1,1,0,0,0,,,,2,1,1,,,,9,4,5,,,
27/07/2025 02:00,2,1,1,2,2,0,1,1,0,4,1,3,,,,1,0,1,,,,10,4,6,,,
27/07/2025 03:00,1,1,0,0,0,0,1,0,1,1,0,1,,,,0,0,0,,,,11,5,6,,,
27/07/2025 04:00,0,0,0,1,0,1,0,0,0,1,0,1,,,,0,0,0,,,,4,1,3,,,
27/07/2025 05:00,2,0,2,0,0,0,0,0,0,1,1,0,,,,1,1,0,,,,7,2,5,,,
27/07/2025 06:00,23,11,12,6,3,3,3,2,1,0,0,0,,,,10,8,2,,,,1,0,1,,,
27/07/2025 07:00,40,23,17,18,7,11,16,8,8,0,0,0,,,,24,11,13,,,,15,7,8,,,
27/07/2025 08:00,87,32,55,48,31,17,25,13,12,20,4,16,,,,55,32,23,,,,12,5,7,,,
27/07/2025 09:00,213,112,101,88,58,30,91,51,40,25,14,11,,,,94,56,38,,,,24,13,11,,,
27/07/2025 10:00,318,189,129,102,59,43,88,53,35,39,16,23,,,,128,70,58,,,,39,16,23,,,
27/07/2025 11:00,409,219,190,98,49,49,85,58,27,47,30,17,,,,156,91,65,,,,58,31,27,,,
27/07/2025 12:00,489,268,221,93,60,33,83,48,35,38,21,17,,,,135,83,52,,,,48,27,21,,,
27/07/2025 13:00,514,305,209,102,52,50,95,52,43,56,31,25,,,,143,80,63,,,,47,21,26,,,
27/07/2025 14:00,551,256,295,87,50,37,85,53,32,39,16,23,,,,127,60,67,,,,43,20,23,,,
27/07/2025 15:00,427,162,265,84,45,39,58,23,35,30,10,20,,,,102,60,42,,,,35,18,17,,,
27/07/2025 16:00,387,187,200,71,31,40,43,23,20,29,20,9,,,,98,47,51,,,,50,29,21,,,
27/07/2025 17:00,258,119,139,50,23,27,56,19,37,23,13,10,,,,99,41,58,,,,47,23,24,,,
27/07/2025 18:00,148,71,77,50,22,28,40,19,21,24,7,17,,,,76,43,33,,,,42,20,22,,,
27/07/2025 19:00,140,70,70,47,25,22,31,19,12,21,9,12,,,,71,34,37,,,,46,15,31,,,
27/07/2025 20:00,117,50,67,22,9,13,26,11,15,8,3,5,,,,43,18,25,,,,22,5,17,,,
27/07/2025 21:00,43,13,30,23,9,14,14,13,1,10,4,6,,,,9,2,7,,,,21,3,18,,,
27/07/2025 22:00,26,17,9,10,5,5,9,5,4,1,1,0,,,,8,3,5,,,,15,10,5,,,
27/07/2025 23:00,10,5,5,5,1,4,6,2,4,2,0,2,,,,4,1,3,,,,8,5,3,,,
28/07/2025 00:00,0,0,0,0,0,0,1,0,1,0,0,0,,,,0,0,0,,,,9,7,2,,,
28/07/2025 01:00,1,1,0,4,4,0,1,1,0,0,0,0,,,,0,0,0,,,,4,2,2,,,
28/07/2025 02:00,0,0,0,6,0,6,0,0,0,0,0,0,,,,0,0,0,,,,1,1,0,,,
28/07/2025 03:00,0,0,0,5,4,1,0,0,0,0,0,0,,,,0,0,0,,,,2,2,0,,,
28/07/2025 04:00,0,0,0,0,0,0,0,0,0,1,1,0,,,,9,5,4,,,,3,2,1,,,
28/07/2025 05:00,5,1,4,5,4,1,3,2,1,3,2,1,,,,14,8,6,,,,5,1,4,,,
28/07/2025 06:00,31,17,14,15,6,9,9,8,1,2,2,0,,,,21,11,10,,,,16,11,5,,,
28/07/2025 07:00,58,34,24,23,6,17,22,12,10,11,6,5,,,,41,22,19,,,,22,13,9,,,
28/07/2025 08:00,93,36,57,26,15,11,44,18,26,18,7,11,,,,70,38,32,,,,30,15,15,,,
28/07/2025 09:00,95,42,53,25,8,17,26,16,10,19,12,7,,,,59,30,29,,,,34,13,21,,,
28/07/2025 10:00,125,65,60,15,6,9,23,10,13,38,15,23,,,,51,32,19,,,,26,13,13,,,
28/07/2025 11:00,174,89,85,35,17,18,32,11,21,34,17,17,,,,60,30,30,,,,38,17,21,,,
28/07/2025 12:00,197,109,88,49,18,31,28,15,13,29,16,13,,,,79,39,40,,,,49,21,28,,,
28/07/2025 13:00,242,126,116,48,29,19,57,41,16,31,13,18,,,,80,46,34,,,,49,26,23,,,
28/07/2025 14:00,235,119,116,46,24,22,35,16,19,33,29,4,,,,70,34,36,,,,49,18,31,,,
28/07/2025 15:00,194,103,91,53,28,25,37,18,19,40,28,12,,,,87,60,27,,,,31,19,12,,,
28/07/2025 16:00,248,123,125,52,22,30,46,26,20,41,19,22,,,,99,49,50,,,,63,40,23,,,
28/07/2025 17:00,209,102,107,80,46,34,63,41,22,34,10,24,,,,107,59,48,,,,44,19,25,,,
28/07/2025 18:00,190,102,88,96,45,51,69,41,28,38,18,20,,,,127,67,60,,,,69,34,35,,,
28/07/2025 19:00,241,119,122,70,44,26,55,31,24,18,9,9,,,,143,80,63,,,,56,24,32,,,
28/07/2025 20:00,227,122,105,51,23,28,33,21,12,27,13,14,,,,88,42,46,,,,28,14,14,,,
28/07/2025 21:00,114,59,55,41,19,22,29,17,12,21,11,10,,,,59,28,31,,,,38,16,22,,,
28/07/2025 22:00,53,26,27,11,6,5,11,4,7,0,0,0,,,,4,3,1,,,,41,17,24,,,
28/07/2025 23:00,8,3,5,3,1,2,5,1,4,2,0,2,,,,0,0,0,,,,9,4,5,,,
29/07/2025 00:00,4,1,3,1,1,0,1,1,0,6,2,4,,,,0,0,0,,,,4,3,1,,,
29/07/2025 01:00,3,2,1,0,0,0,0,0,0,0,0,0,,,,4,2,2,,,,6,2,4,,,
29/07/2025 02:00,1,1,0,0,0,0,0,0,0,0,0,0,,,,0,0,0,,,,1,1,0,,,
29/07/2025 03:00,0,0,0,0,0,0,1,0,1,0,0,0,,,,1,1,0,,,,0,0,0,,,
29/07/2025 04:00,1,1,0,0,0,0,0,0,0,0,0,0,,,,2,1,1,,,,4,3,1,,,
29/07/2025 05:00,11,4,7,3,0,3,1,0,1,1,1,0,,,,11,7,4,,,,8,2,6,,,
29/07/2025 06:00,27,13,14,28,15,13,18,11,7,8,6,2,,,,18,11,7,,,,15,12,3,,,
29/07/2025 07:00,74,37,37,23,13,10,12,5,7,13,7,6,,,,65,37,28,,,,19,10,9,,,
29/07/2025 08:00,63,37,26,25,10,15,30,14,16,25,9,16,,,,59,28,31,,,,33,15,18,,,
29/07/2025 09:00,119,66,53,35,16,19,31,18,13,20,10,10,,,,73,47,26,,,,34,15,19,,,
29/07/2025 10:00,134,76,58,25,17,8,17,9,8,24,12,12,,,,56,34,22,,,,32,17,15,,,
29/07/2025 11:00,193,105,88,22,15,7,22,12,10,34,20,14,,,,93,59,34,,,,34,17,17,,,
29/07/2025 12:00,180,104,76,65,42,23,42,22,20,28,17,11,,,,71,43,28,,,,38,18,20,,,
29/07/2025 13:00,214,97,117,56,21,35,50,25,25,31,13,18,,,,62,32,30,,,,19,7,12,,,
29/07/2025 14:00,199,97,102,31,18,13,31,14,17,20,11,9,,,,63,34,29,,,,30,11,19,,,
29/07/2025 15:00,227,118,109,59,32,27,45,27,18,21,10,11,,,,54,25,29,,,,54,23,31,,,
29/07/2025 16:00,199,103,96,57,30,27,43,27,16,30,10,20,,,,71,42,29,,,,55,26,29,,,
29/07/2025 17:00,171,74,97,45,25,20,58,32,26,37,13,24,,,,108,48,60,,,,80,25,55,,,
29/07/2025 18:00,187,93,94,93,58,35,38,18,20,35,14,21,,,,140,84,56,,,,72,35,37,,,
29/07/2025 19:00,229,119,110,93,43,50,53,32,21,19,9,10,,,,102,55,47,,,,71,40,31,,,
29/07/2025 20:00,217,111,106,59,29,30,58,27,31,16,7,9,,,,103,50,53,,,,44,15,29,,,
29/07/2025 21:00,170,91,79,40,15,25,26,11,15,14,7,7,,,,40,18,22,,,,30,15,15,,,
29/07/2025 22:00,64,42,22,16,8,8,15,8,7,4,1,3,,,,14,4,10,,,,17,9,8,,,
29/07/2025 23:00,7,4,3,3,2,1,5,2,3,2,1,1,,,,7,4,3,,,,11,3,8,,,
30/07/2025 00:00,1,1,0,0,0,0,2,0,2,1,1,0,,,,0,0,0,,,,11,5,6,,,
30/07/2025 01:00,2,1,1,0,0,0,0,0,0,0,0,0,,,,0,0,0,,,,2,1,1,,,
30/07/2025 02:00,0,0,0,0,0,0,1,0,1,0,0,0,,,,0,0,0,,,,3,0,3,,,
30/07/2025 03:00,0,0,0,0,0,0,0,0,0,0,0,0,,,,0,0,0,,,,0,0,0,,,
30/07/2025 04:00,1,1,0,0,0,0,1,1,0,0,0,0,,,,6,2,4,,,,1,1,0,,,
30/07/2025 05:00,9,5,4,2,1,1,5,4,1,3,1,2,,,,16,9,7,,,,4,2,2,,,
30/07/2025 06:00,49,24,25,23,15,8,18,14,4,8,1,7,,,,21,11,10,,,,27,10,17,,,
30/07/2025 07:00,78,37,41,46,23,23,44,23,21,9,5,4,,,,76,38,38,,,,28,11,17,,,
30/07/2025 08:00,89,50,39,32,21,11,32,12,20,22,12,10,,,,57,28,29,,,,34,20,14,,,
30/07/2025 09:00,104,51,53,33,13,20,37,22,15,25,16,9,,,,61,33,28,,,,50,23,27,,,
30/07/2025 10:00,129,72,57,31,12,19,25,17,8,26,16,10,,,,59,38,21,,,,32,16,16,,,
30/07/2025 11:00,188,98,90,41,22,19,35,18,17,32,17,15,,,,77,41,36,,,,36,22,14,,,
30/07/2025 12:00,252,142,110,58,33,25,47,29,18,29,18,11,,,,85,42,43,,,,50,25,25,,,
30/07/2025 13:00,233,116,117,67,34,33,51,20,31,14,8,6,,,,79,48,31,,,,66,37,29,,,
30/07/2025 14:00,240,115,125,47,22,25,41,17,24,33,16,17,,,,53,24,29,,,,53,28,25,,,
30/07/2025 15:00,216,100,116,45,28,17,23,9,14,30,15,15,,,,77,47,30,,,,53,27,26,,,
30/07/2025 16:00,197,83,114,49,35,14,28,14,14,23,7,16,,,,91,36,55,,,,63,25,38,,,
30/07/2025 17:00,140,78,62,35,27,8,50,28,22,20,10,10,,,,84,35,49,,,,74,44,30,,,
30/07/2025 18:00,121,66,55,54,33,21,44,21,23,27,15,12,,,,108,70,38,,,,67,34,33,,,
30/07/2025 19:00,135,70,65,51,31,20,39,20,19,15,7,8,,,,113,69,44,,,,48,28,20,,,
30/07/2025 20:00,159,72,87,33,16,17,21,4,17,19,10,9,,,,76,32,44,,,,40,17,23,,,
30/07/2025 21:00,123,74,49,22,7,15,16,12,4,14,7,7,,,,35,15,20,,,,98,44,54,,,
30/07/2025 22:00,52,25,27,35,13,22,16,5,11,5,5,0,,,,0,0,0,,,,33,10,23,,,
30/07/2025 23:00,10,5,5,6,0,6,13,8,5,0,0,0,,,,0,0,0,,,,14,9,5,,,
31/07/2025 00:00,1,1,0,0,0,0,0,0,0,1,1,0,,,,0,0,0,,,,7,4,3,,,
31/07/2025 01:00,1,1,0,2,2,0,4,2,2,1,1,0,,,,0,0,0,,,,9,6,3,,,
31/07/2025 02:00,3,3,0,3,3,0,0,0,0,3,0,3,,,,1,1,0,,,,4,0,4,,,
31/07/2025 03:00,0,0,0,2,2,0,1,0,1,0,0,0,,,,0,0,0,,,,8,5,3,,,
31/07/2025 04:00,2,1,1,0,0,0,2,0,2,0,0,0,,,,1,1,0,,,,4,2,2,,,
31/07/2025 05:00,4,2,2,0,0,0,2,1,1,1,0,1,,,,5,3,2,,,,8,3,5,,,
31/07/2025 06:00,35,18,17,19,12,7,14,9,5,2,1,1,,,,24,15,9,,,,15,7,8,,,
31/07/2025 07:00,67,37,30,31,16,15,26,14,12,12,4,8,,,,51,27,24,,,,20,7,13,,,
31/07/2025 08:00,84,38,46,44,19,25,30,13,17,26,14,12,,,,70,38,32,,,,39,17,22,,,
31/07/2025 09:00,88,49,39,28,16,12,27,15,12,22,10,12,,,,60,38,22,,,,39,19,20,,,
31/07/2025 10:00,119,71,48,45,27,18,39,29,10,14,6,8,,,,66,42,24,,,,43,20,23,,,
31/07/2025 11:00,159,79,80,41,20,21,36,14,22,33,16,17,,,,81,36,45,,,,48,23,25,,,
31/07/2025 12:00,195,107,88,53,24,29,46,29,17,23,10,13,,,,65,36,29,,,,64,34,30,,,
31/07/2025 13:00,231,123,108,37,17,20,62,39,23,29,14,15,,,,74,40,34,,,,42,21,21,,,
31/07/2025 14:00,167,91,76,37,19,18,31,16,15,24,11,13,,,,89,56,33,,,,48,24,24,,,
31/07/2025 15:00,198,96,102,53,32,21,38,17,21,16,7,9,,,,119,69,50,,,,44,21,23,,,
31/07/2025 16:00,195,84,111,33,21,12,23,13,10,23,7,16,,,,84,34,50,,,,42,21,21,,,
31/07/2025 17:00,126,72,54,36,21,15,37,22,15,26,12,14,,,,62,29,33,,,,45,19,26,,,
31/07/2025 18:00,116,53,63,42,29,13,28,14,14,27,13,14,,,,73,41,32,,,,40,21,19,,,
31/07/2025 19:00,154,90,64,174,143,31,35,18,17,27,12,15,,,,71,31,40,,,,50,28,22,,,
31/07/2025 20:00,97,56,41,33,27,6,29,18,11,26,15,11,,,,75,36,39,,,,23,8,15,,,
31/07/2025 21:00,111,55,56,22,8,14,17,8,9,11,9,2,,,,26,10,16,,,,26,5,21,,,
31/07/2025 22:00,44,31,13,14,4,10,12,8,4,3,0,3,,,,0,0,0,,,,14,5,9,,,
31/07/2025 23:00,13,9,4,9,4,5,6,1,5,3,0,3,,,,0,0,0,,,,10,5,5,,,
01/08/2025 00:00,1,0,1,1,0,1,0,0,0,2,2,0,,,,0,0,0,,,,6,5,1,,,
01/08/2025 01:00,0,0,0,3,0,3,2,0,2,0,0,0,,,,0,0,0,,,,5,1,4,,,
01/08/2025 02:00,0,0,0,0,0,0,0,0,0,0,0,0,,,,0,0,0,,,,1,0,1,,,
01/08/2025 03:00,0,0,0,0,0,0,0,0,0,0,0,0,,,,0,0,0,,,,0,0,0,,,
01/08/2025 04:00,0,0,0,3,1,2,0,0,0,0,0,0,,,,10,5,5,,,,3,3,0,,,
01/08/2025 05:00,8,3,5,2,1,1,3,1,2,0,0,0,,,,15,7,8,,,,0,0,0,,,
01/08/2025 06:00,41,19,22,17,5,12,16,10,6,6,5,1,,,,24,12,12,,,,22,6,16,,,
01/08/2025 07:00,84,41,43,36,19,17,30,13,17,10,4,6,,,,50,30,20,,,,9,1,8,,,
01/08/2025 08:00,99,47,52,38,10,28,33,13,20,35,14,21,,,,100,49,51,,,,23,11,12,,,
01/08/2025 09:00,75,41,34,42,23,19,34,24,10,26,16,10,,,,82,49,33,,,,26,7,19,,,
01/08/2025 10:00,117,74,43,40,19,21,49,26,23,25,16,9,,,,67,41,26,,,,33,17,16,,,
01/08/2025 11:00,171,101,70,46,22,24,47,20,27,31,21,10,,,,109,67,42,,,,46,20,26,,,
01/08/2025 12:00,197,110,87,52,26,26,45,25,20,34,12,22,,,,91,40,51,,,,40,19,21,,,
01/08/2025 13:00,207,90,117,45,17,28,36,20,16,27,12,15,,,,57,32,25,,,,36,16,20,,,
01/08/2025 14:00,172,92,80,44,25,19,48,19,29,24,8,16,,,,62,33,29,,,,40,25,15,,,
01/08/2025 15:00,167,84,83,42,21,21,34,12,22,31,16,15,,,,64,30,34,,,,45,23,22,,,
01/08/2025 16:00,157,72,85,35,21,14,37,14,23,25,9,16,,,,69,38,31,,,,51,29,22,,,
01/08/2025 17:00,154,80,74,47,24,23,48,26,22,19,8,11,,,,93,45,48,,,,56,34,22,,,
01/08/2025 18:00,185,84,101,78,41,37,67,28,39,15,10,5,,,,80,35,45,,,,49,21,28,,,
01/08/2025 19:00,152,80,72,60,39,21,56,38,18,13,9,4,,,,69,32,37,,,,33,16,17,,,
01/08/2025 20:00,126,66,60,46,21,25,35,12,23,18,11,7,,,,45,28,17,,,,44,16,28,,,
01/08/2025 21:00,93,43,50,24,10,14,27,14,13,7,2,5,,,,32,13,19,,,,26,10,16,,,
01/08/2025 22:00,56,33,23,18,10,8,20,8,12,7,4,3,,,,0,0,0,,,,25,13,12,,,
01/08/2025 23:00,7,5,2,4,0,4,3,0,3,1,1,0,,,,0,0,0,,,,32,17,15,,,
02/08/2025 00:00,0,0,0,2,0,2,7,3,4,0,0,0,,,,0,0,0,,,,2,1,1,,,
02/08/2025 01:00,9,7,2,2,0,2,0,0,0,0,0,0,,,,0,0,0,,,,5,5,0,,,
02/08/2025 02:00,1,1,0,4,1,3,1,0,1,0,0,0,,,,1,0,1,,,,4,2,2,,,
02/08/2025 03:00,0,0,0,0,0,0,0,0,0,0,0,0,,,,0,0,0,,,,2,2,0,,,
02/08/2025 04:00,2,1,1,0,0,0,0,0,0,0,0,0,,,,0,0,0,,,,2,2,0,,,
02/08/2025 05:00,5,2,3,3,0,3,2,2,0,1,0,1,,,,10,5,5,,,,5,2,3,,,
02/08/2025 06:00,26,11,15,9,6,3,6,5,1,1,1,0,,,,13,6,7,,,,5,3,2,,,
02/08/2025 07:00,59,28,31,27,12,15,18,9,9,8,4,4,,,,30,14,16,,,,14,7,7,,,
02/08/2025 08:00,112,62,50,50,32,18,39,24,15,20,9,11,,,,76,43,33,,,,22,13,9,,,
02/08/2025 09:00,213,109,104,84,44,40,72,42,30,28,15,13,,,,109,69,40,,,,29,14,15,,,
02/08/2025 10:00,240,149,91,76,45,31,56,29,27,30,17,13,,,,142,83,59,,,,36,15,21,,,
02/08/2025 11:00,221,116,105,82,56,26,67,41,26,33,21,12,,,,90,44,46,,,,37,17,20,,,
02/08/2025 12:00,279,152,127,71,30,41,62,28,34,23,10,13,,,,97,50,47,,,,44,22,22,,,
02/08/2025 13:00,279,137,142,73,51,22,46,24,22,87,71,16,,,,72,45,27,,,,62,34,28,,,
02/08/2025 14:00,329,156,173,64,41,23,56,45,11,112,87,25,,,,89,50,39,,,,44,27,17,,,
02/08/2025 15:00,381,208,173,71,50,21,90,39,51,35,14,21,,,,96,45,51,,,,39,22,17,,,
02/08/2025 16:00,447,177,270,60,29,31,65,33,32,34,16,18,,,,98,58,40,,,,64,39,25,,,
02/08/2025 17:00,275,133,142,57,29,28,55,36,19,40,24,16,,,,91,42,49,,,,58,27,31,,,
02/08/2025 18:00,205,104,101,61,29,32,60,38,22,17,12,5,,,,81,37,44,,,,34,24,10,,,
02/08/2025 19:00,184,81,103,46,26,20,30,8,22,24,19,5,,,,64,31,33,,,,31,13,18,,,
02/08/2025 20:00,193,83,110,54,29,25,48,17,31,17,8,9,,,,46,24,22,,,,37,19,18,,,
02/08/2025 21:00,130,67,63,35,14,21,30,20,10,21,18,3,,,,17,10,7,,,,44,18,26,,,
02/08/2025 22:00,59,36,23,19,3,16,25,11,14,9,4,5,,,,2,2,0,,,,20,7,13,,,
02/08/2025 23:00,7,5,2,3,1,2,4,2,2,1,1,0,,,,0,0,0,,,,15,8,7,,,
03/08/2025 00:00,0,0,0,1,1,0,7,3,4,3,0,3,,,,0,0,0,,,,11,4,7,,,
03/08/2025 01:00,2,1,1,2,2,0,0,0,0,0,0,0,,,,1,0,1,,,,7,6,1,,,
03/08/2025 02:00,2,2,0,4,3,1,1,1,0,1,0,1,,,,0,0,0,,,,11,5,6,,,
03/08/2025 03:00,2,2,0,0,0,0,0,0,0,0,0,0,,,,0,0,0,,,,5,1,4,,,
03/08/2025 04:00,2,0,2,0,0,0,0,0,0,0,0,0,,,,3,0,3,,,,4,4,0,,,
03/08/2025 05:00,9,7,2,0,0,0,1,0,1,1,1,0,,,,1,1,0,,,,3,1,2,,,
03/08/2025 06:00,19,8,11,3,1,2,2,2,0,1,1,0,,,,4,2,2,,,,4,3,1,,,
03/08/2025 07:00,49,27,22,18,9,9,21,10,11,4,3,1,,,,16,13,3,,,,15,7,8,,,
03/08/2025 08:00,72,38,34,19,12,7,17,11,6,13,6,7,,,,39,19,20,,,,13,5,8,,,
03/08/2025 09:00,148,76,72,63,39,24,36,24,12,23,12,11,,,,98,56,42,,,,21,7,14,,,
03/08/2025 10:00,226,124,102,81,48,33,51,35,16,37,18,19,,,,130,84,46,,,,35,24,11,,,
03/08/2025 11:00,471,240,231,81,47,34,50,29,21,40,26,14,,,,183,105,78,,,,41,15,26,,,
03/08/2025 12:00,492,298,194,102,56,46,90,49,41,48,25,23,,,,173,98,75,,,,39,25,14,,,
03/08/2025 13:00,559,276,283,89,55,34,73,44,29,42,17,25,,,,149,75,74,,,,39,14,25,,,
03/08/2025 14:00,583,261,322,80,48,32,65,34,31,33,17,16,,,,103,61,42,,,,30,10,20,,,
03/08/2025 15:00,577,269,308,78,32,46,84,38,46,20,9,11,,,,111,53,58,,,,28,15,13,,,
03/08/2025 16:00,460,237,223,63,26,37,79,30,49,26,17,9,,,,101,56,45,,,,32,16,16,,,
03/08/2025 17:00,322,129,193,54,30,24,51,20,31,24,14,10,,,,113,53,60,,,,42,21,21,,,
03/08/2025 18:00,232,109,123,51,25,26,48,23,25,21,9,12,,,,67,37,30,,,,35,11,24,,,
03/08/2025 19:00,164,79,85,31,8,23,27,16,11,22,6,16,,,,37,17,20,,,,19,5,14,,,
03/08/2025 20:00,120,57,63,31,16,15,21,10,11,8,3,5,,,,30,11,19,,,,25,14,11,,,
03/08/2025 21:00,55,35,20,8,6,2,24,13,11,11,10,1,,,,17,8,9,,,,34,12,22,,,
03/08/2025 22:00,31,19,12,4,1,3,7,3,4,1,0,1,,,,11,4,7,,,,6,4,2,,,
03/08/2025 23:00,6,3,3,14,7,7,3,0,3,2,2,0,,,,3,0,3,,,,10,9,1,,,
04/08/2025 00:00,0,0,0,4,1,3,1,1,0,1,1,0,,,,0,0,0,,,,9,6,3,,,
04/08/2025 01:00,0,0,0,0,0,0,2,2,0,0,0,0,,,,0,0,0,,,,11,5,6,,,
04/08/2025 02:00,3,1,2,0,0,0,0,0,0,0,0,0,,,,0,0,0,,,,4,1,3,,,
04/08/2025 03:00,1,0,1,0,0,0,0,0,0,1,0,1,,,,0,0,0,,,,3,2,1,,,
04/08/2025 04:00,0,0,0,0,0,0,0,0,0,0,0,0,,,,0,0,0,,,,4,1,3,,,
04/08/2025 05:00,5,3,2,1,0,1,2,1,1,5,5,0,,,,1,1,0,,,,4,2,2,,,
04/08/2025 06:00,10,5,5,4,2,2,1,0,1,2,2,0,,,,3,2,1,,,,3,0,3,,,
04/08/2025 07:00,22,12,10,8,4,4,4,2,2,4,2,2,,,,4,2,2,,,,7,3,4,,,
04/08/2025 08:00,39,18,21,17,11,6,18,11,7,21,10,11,,,,26,17,9,,,,10,7,3,,,
04/08/2025 09:00,84,48,36,25,13,12,15,8,7,13,8,5,,,,36,20,16,,,,18,7,11,,,
04/08/2025 10:00,151,84,67,46,27,19,23,17,6,27,13,14,,,,64,42,22,,,,22,9,13,,,
04/08/2025 11:00,221,121,100,55,35,20,51,28,23,44,27,17,,,,86,48,38,,,,23,11,12,,,
04/08/2025 12:00,277,132,145,70,30,40,48,27,21,38,20,18,,,,107,66,41,,,,42,25,17,,,
04/08/2025 13:00,330,191,139,74,34,40,58,28,30,38,17,21,,,,88,48,40,,,,41,25,16,,,
04/08/2025 14:00,403,219,184,71,37,34,66,42,24,30,15,15,,,,97,54,43,,,,38,15,23,,,
04/08/2025 15:00,412,210,202,68,42,26,52,23,29,40,19,21,,,,120,60,60,,,,46,26,20,,,
04/08/2025 16:00,390,182,208,76,36,40,62,41,21,34,15,19,,,,106,54,52,,,,66,28,38,,,
04/08/2025 17:00,296,131,165,61,35,26,45,24,21,35,25,10,,,,74,34,40,,,,52,27,25,,,
04/08/2025 18:00,214,98,116,60,23,37,60,33,27,16,9,7,,,,78,48,30,,,,50,17,33,,,
04/08/2025 19:00,160,90,70,60,42,18,38,24,14,20,12,8,,,,67,38,29,,,,39,12,27,,,
04/08/2025 20:00,141,85,56,60,24,36,43,28,15,25,18,7,,,,73,37,36,,,,36,14,22,,,
04/08/2025 21:00,75,37,38,23,9,14,24,15,9,8,4,4,,,,30,16,14,,,,25,6,19,,,
04/08/2025 22:00,34,21,13,15,5,10,10,3,7,6,3,3,,,,2,1,1,,,,20,10,10,,,
04/08/2025 23:00,8,5,3,1,1,0,2,2,0,2,1,1,,,,0,0,0,,,,8,3,5,,,
05/08/2025 00:00,1,0,1,0,0,0,0,0,0,1,0,1,,,,0,0,0,,,,13,8,5,,,
05/08/2025 01:00,1,1,0,0,0,0,1,1,0,0,0,0,,,,0,0,0,,,,10,6,4,,,
05/08/2025 02:00,0,0,0,0,0,0,1,1,0,0,0,0,,,,0,0,0,,,,6,1,5,,,
05/08/2025 03:00,0,0,0,2,1,1,0,0,0,0,0,0,,,,1,1,0,,,,6,2,4,,,
05/08/2025 04:00,1,1,0,0,0,0,0,0,0,0,0,0,,,,1,0,1,,,,3,3,0,,,
05/08/2025 05:00,7,3,4,3,1,2,3,2,1,1,1,0,,,,10,6,4,,,,2,0,2,,,
05/08/2025 06:00,34,17,17,20,11,9,13,10,3,4,1,3,,,,22,15,7,,,,15,8,7,,,
05/08/2025 07:00,69,40,29,38,24,14,35,24,11,24,11,13,,,,61,34,27,,,,20,5,15,,,
05/08/2025 08:00,72,27,45,31,15,16,34,10,24,29,16,13,,,,65,29,36,,,,35,22,13,,,
05/08/2025 09:00,86,50,36,26,14,12,19,10,9,25,15,10,,,,67,49,18,,,,34,13,21,,,
05/08/2025 10:00,146,83,63,58,30,28,41,28,13,27,19,8,,,,83,48,35,,,,28,15,13,,,
05/08/2025 11:00,159,65,94,53,31,22,47,30,17,25,13,12,,,,66,38,28,,,,33,18,15,,,
05/08/2025 12:00,171,99,72,38,20,18,32,20,12,29,8,21,,,,74,42,32,,,,44,25,19,,,
05/08/2025 13:00,210,106,104,37,15,22,43,22,21,26,14,12,,,,61,31,30,,,,46,20,26,,,
05/08/2025 14:00,236,124,112,30,24,6,24,9,15,28,21,7,,,,70,45,25,,,,50,22,28,,,
05/08/2025 15:00,182,82,100,38,19,19,30,13,17,29,11,18,,,,86,53,33,,,,50,18,32,,,
05/08/2025 16:00,184,96,88,32,18,14,41,27,14,28,12,16,,,,87,44,43,,,,62,28,34,,,
05/08/2025 17:00,199,95,104,56,34,22,47,30,17,46,19,27,,,,146,60,86,,,,48,24,24,,,
05/08/2025 18:00,184,92,92,68,44,24,29,19,10,28,9,19,,,,132,69,63,,,,42,18,24,,,
05/08/2025 19:00,216,105,111,46,31,15,46,21,25,13,2,11,,,,98,56,42,,,,59,27,32,,,
05/08/2025 20:00,216,108,108,52,28,24,38,22,16,31,21,10,,,,85,36,49,,,,37,16,21,,,
05/08/2025 21:00,152,78,74,27,9,18,24,10,14,14,8,6,,,,31,19,12,,,,45,21,24,,,
05/08/2025 22:00,32,16,16,7,2,5,9,4,5,4,0,4,,,,10,7,3,,,,33,9,24,,,
05/08/2025 23:00,10,7,3,2,1,1,3,1,2,5,3,2,,,,1,0,1,,,,5,3,2,,,
06/08/2025 00:00,0,0,0,2,2,0,1,0,1,0,0,0,,,,0,0,0,,,,3,3,0,,,
06/08/2025 01:00,1,0,1,0,0,0,2,0,2,0,0,0,,,,0,0,0,,,,6,4,2,,,
06/08/2025 02:00,1,1,0,3,3,0,2,2,0,0,0,0,,,,0,0,0,,,,0,0,0,,,
06/08/2025 03:00,0,0,0,0,0,0,1,1,0,0,0,0,,,,0,0,0,,,,0,0,0,,,
06/08/2025 04:00,1,1,0,0,0,0,1,1,0,0,0,0,,,,4,2,2,,,,3,2,1,,,
06/08/2025 05:00,8,6,2,1,0,1,4,2,2,1,1,0,,,,11,7,4,,,,5,3,2,,,
06/08/2025 06:00,31,17,14,17,6,11,10,6,4,8,4,4,,,,20,12,8,,,,13,5,8,,,
06/08/2025 07:00,77,38,39,39,21,18,34,15,19,18,12,6,,,,79,41,38,,,,22,11,11,,,
06/08/2025 08:00,113,56,57,43,17,26,34,19,15,21,10,11,,,,83,54,29,,,,47,21,26,,,
06/08/2025 09:00,116,67,49,37,17,20,26,17,9,26,13,13,,,,85,47,38,,,,41,22,19,,,
06/08/2025 10:00,169,94,75,41,23,18,39,23,16,25,16,9,,,,71,43,28,,,,33,15,18,,,
06/08/2025 11:00,245,139,106,42,25,17,22,11,11,32,21,11,,,,95,48,47,,,,43,27,16,,,
06/08/2025 12:00,212,115,97,45,21,24,46,20,26,32,11,21,,,,88,43,45,,,,33,17,16,,,
06/08/2025 13:00,271,119,152,43,22,21,51,32,19,48,20,28,,,,59,35,24,,,,47,26,21,,,
06/08/2025 14:00,190,96,94,35,28,7,54,35,19,26,13,13,,,,65,38,27,,,,47,19,28,,,
06/08/2025 15:00,216,107,109,51,30,21,54,34,20,29,11,18,,,,58,30,28,,,,36,16,20,,,
06/08/2025 16:00,167,81,86,48,21,27,44,24,20,80,39,41,,,,98,48,50,,,,49,27,22,,,
06/08/2025 17:00,113,61,52,60,33,27,54,34,20,19,7,12,,,,103,42,61,,,,60,30,30,,,
06/08/2025 18:00,185,83,102,65,38,27,32,18,14,22,7,15,,,,110,65,45,,,,75,39,36,,,
06/08/2025 19:00,214,111,103,40,26,14,38,14,24,46,25,21,,,,114,58,56,,,,62,40,22,,,
06/08/2025 20:00,207,95,112,40,16,24,30,17,13,21,12,9,,,,109,56,53,,,,35,15,20,,,
06/08/2025 21:00,92,52,40,25,13,12,16,14,2,14,8,6,,,,24,9,15,,,,40,18,22,,,
06/08/2025 22:00,33,16,17,8,5,3,7,2,5,1,0,1,,,,14,8,6,,,,16,12,4,,,
06/08/2025 23:00,9,4,5,1,0,1,1,0,1,0,0,0,,,,5,1,4,,,,11,9,2,,,
07/08/2025 00:00,0,0,0,0,0,0,1,1,0,0,0,0,,,,1,1,0,,,,7,5,2,,,
07/08/2025 01:00,0,0,0,0,0,0,0,0,0,0,0,0,,,,0,0,0,,,,3,2,1,,,
07/08/2025 02:00,0,0,0,0,0,0,0,0,0,0,0,0,,,,0,0,0,,,,1,0,1,,,
07/08/2025 03:00,0,0,0,0,0,0,0,0,0,0,0,0,,,,0,0,0,,,,0,0,0,,,
07/08/2025 04:00,1,1,0,2,0,2,0,0,0,0,0,0,,,,0,0,0,,,,1,1,0,,,
07/08/2025 05:00,7,2,5,0,0,0,1,0,1,1,1,0,,,,4,3,1,,,,4,1,3,,,
07/08/2025 06:00,48,22,26,18,8,10,18,15,3,6,6,0,,,,26,13,13,,,,14,9,5,,,
07/08/2025 07:00,62,33,29,38,17,21,31,16,15,17,9,8,,,,60,33,27,,,,19,9,10,,,
07/08/2025 08:00,112,55,57,40,10,30,39,17,22,37,18,19,,,,77,43,34,,,,28,11,17,,,
07/08/2025 09:00,102,57,45,38,15,23,21,12,9,31,11,20,,,,58,30,28,,,,31,8,23,,,
07/08/2025 10:00,143,86,57,20,11,9,25,13,12,25,16,9,,,,52,30,22,,,,42,21,21,,,
07/08/2025 11:00,240,152,88,44,30,14,41,23,18,50,28,22,,,,103,69,34,,,,35,15,20,,,
07/08/2025 12:00,243,114,129,49,32,17,32,19,13,30,13,17,,,,75,29,46,,,,36,14,22,,,
07/08/2025 13:00,293,142,151,52,23,29,58,26,32,36,15,21,,,,62,39,23,,,,45,20,25,,,
07/08/2025 14:00,224,116,108,46,24,22,35,21,14,37,18,19,,,,54,28,26,,,,53,27,26,,,
07/08/2025 15:00,173,73,100,26,16,10,23,10,13,20,11,9,,,,61,34,27,,,,38,19,19,,,
07/08/2025 16:00,248,114,134,36,26,10,45,24,21,25,14,11,,,,91,45,46,,,,54,26,28,,,
07/08/2025 17:00,176,101,75,49,34,15,43,23,20,23,8,15,,,,94,52,42,,,,48,17,31,,,
07/08/2025 18:00,183,93,90,69,35,34,49,25,24,34,15,19,,,,121,57,64,,,,59,31,28,,,
07/08/2025 19:00,216,95,121,51,29,22,49,24,25,35,20,15,,,,177,92,85,,,,51,26,25,,,
07/08/2025 20:00,229,123,106,64,41,23,53,25,28,28,10,18,,,,64,32,32,,,,33,12,21,,,
07/08/2025 21:00,125,68,57,28,14,14,25,15,10,11,6,5,,,,27,16,11,,,,35,11,24,,,
07/08/2025 22:00,55,32,23,15,9,6,16,6,10,2,2,0,,,,1,1,0,,,,13,6,7,,,
07/08/2025 23:00,12,7,5,9,2,7,7,3,4,2,1,1,,,,1,0,1,,,,10,4,6,,,
08/08/2025 00:00,0,0,0,3,0,3,2,0,2,0,0,0,,,,1,1,0,,,,6,4,2,,,
08/08/2025 01:00,8,4,4,0,0,0,0,0,0,0,0,0,,,,1,0,1,,,,4,2,2,,,
08/08/2025 02:00,1,0,1,0,0,0,0,0,0,0,0,0,,,,0,0,0,,,,0,0,0,,,
08/08/2025 03:00,1,0,1,0,0,0,0,0,0,0,0,0,,,,0,0,0,,,,0,0,0,,,
08/08/2025 04:00,1,0,1,0,0,0,0,0,0,0,0,0,,,,0,0,0,,,,7,6,1,,,
08/08/2025 05:00,6,1,5,4,1,3,2,0,2,0,0,0,,,,2,0,2,,,,6,2,4,,,
08/08/2025 06:00,56,24,32,16,8,8,15,11,4,3,2,1,,,,15,8,7,,,,12,8,4,,,
08/08/2025 07:00,91,55,36,30,17,13,23,10,13,20,10,10,,,,49,31,18,,,,20,5,15,,,
08/08/2025 08:00,139,67,72,36,17,19,29,9,20,27,12,15,,,,80,51,29,,,,34,14,20,,,
08/08/2025 09:00,112,63,49,26,12,14,28,16,12,25,9,16,,,,65,31,34,,,,31,7,24,,,
08/08/2025 10:00,141,76,65,30,17,13,39,19,20,33,17,16,,,,74,40,34,,,,32,18,14,,,
08/08/2025 11:00,198,104,94,45,27,18,32,17,15,23,17,6,,,,78,49,29,,,,47,23,24,,,
08/08/2025 12:00,199,105,94,69,37,32,45,29,16,45,27,18,,,,80,48,32,,,,45,31,14,,,
08/08/2025 13:00,167,87,80,52,20,32,37,16,21,32,14,18,,,,77,34,43,,,,46,21,25,,,
08/08/2025 14:00,194,95,99,43,27,16,32,18,14,19,11,8,,,,75,49,26,,,,49,27,22,,,
08/08/2025 15:00,252,128,124,52,26,26,50,30,20,18,8,10,,,,111,56,55,,,,34,15,19,,,
08/08/2025 16:00,190,92,98,49,28,21,36,21,15,37,21,16,,,,98,49,49,,,,47,26,21,,,
08/08/2025 17:00,232,108,124,44,29,15,52,23,29,14,7,7,,,,114,62,52,,,,52,28,24,,,
08/08/2025 18:00,225,121,104,61,35,26,59,32,27,24,7,17,,,,115,69,46,,,,62,30,32,,,
08/08/2025 19:00,247,127,120,49,30,19,49,28,21,27,9,18,,,,84,48,36,,,,65,32,33,,,
08/08/2025 20:00,209,97,112,30,13,17,43,21,22,12,8,4,,,,68,27,41,,,,27,10,17,,,
08/08/2025 21:00,156,64,92,33,13,20,34,14,20,17,11,6,,,,35,20,15,,,,32,14,18,,,
08/08/2025 22:00,75,35,40,15,4,11,27,12,15,4,2,2,,,,12,9,3,,,,21,14,7,,,
08/08/2025 23:00,19,11,8,12,6,6,9,0,9,4,3,1,,,,7,2,5,,,,8,3,5,,,
09/08/2025 00:00,2,1,1,0,0,0,4,3,1,1,1,0,,,,4,0,4,,,,5,5,0,,,
09/08/2025 01:00,1,0,1,0,0,0,0,0,0,0,0,0,,,,1,0,1,,,,11,10,1,,,
09/08/2025 02:00,0,0,0,0,0,0,2,2,0,0,0,0,,,,0,0,0,,,,2,1,1,,,
09/08/2025 03:00,1,1,0,1,0,1,2,2,0,0,0,0,,,,0,0,0,,,,0,0,0,,,
09/08/2025 04:00,4,3,1,0,0,0,0,0,0,0,0,0,,,,0,0,0,,,,2,2,0,,,
09/08/2025 05:00,4,1,3,4,1,3,0,0,0,1,0,1,,,,0,0,0,,,,5,3,2,,,
09/08/2025 06:00,33,15,18,7,3,4,5,2,3,2,1,1,,,,11,7,4,,,,9,3,6,,,
09/08/2025 07:00,60,35,25,18,12,6,13,10,3,11,4,7,,,,30,17,13,,,,17,3,14,,,
09/08/2025 08:00,119,62,57,60,34,26,31,15,16,22,8,14,,,,91,53,38,,,,23,12,11,,,
09/08/2025 09:00,161,90,71,74,41,33,56,32,24,36,19,17,,,,92,49,43,,,,27,12,15,,,
09/08/2025 10:00,277,163,114,97,60,37,58,42,16,38,17,21,,,,143,100,43,,,,32,19,13,,,
09/08/2025 11:00,309,189,120,101,52,49,64,37,27,39,20,19,,,,167,90,77,,,,28,11,17,,,
09/08/2025 12:00,277,134,143,73,39,34,59,26,33,43,24,19,,,,116,54,62,,,,29,13,16,,,
09/08/2025 13:00,287,134,153,64,32,32,81,44,37,31,16,15,,,,102,56,46,,,,38,26,12,,,
09/08/2025 14:00,291,165,126,106,57,49,48,22,26,88,70,18,,,,105,59,46,,,,47,19,28,,,
09/08/2025 15:00,369,193,176,86,52,34,56,26,30,45,24,21,,,,94,54,40,,,,37,20,17,,,
09/08/2025 16:00,396,201,195,105,44,61,59,26,33,27,15,12,,,,105,57,48,,,,57,26,31,,,
09/08/2025 17:00,408,199,209,109,61,48,80,33,47,28,10,18,,,,122,52,70,,,,41,11,30,,,
09/08/2025 18:00,320,133,187,66,34,32,69,30,39,24,14,10,,,,83,47,36,,,,46,16,30,,,
09/08/2025 19:00,274,155,119,46,24,22,52,26,26,19,9,10,,,,70,38,32,,,,49,21,28,,,
09/08/2025 20:00,223,94,129,39,30,9,36,26,10,16,14,2,,,,66,23,43,,,,23,7,16,,,
09/08/2025 21:00,113,50,63,25,11,14,21,12,9,7,5,2,,,,40,18,22,,,,38,23,15,,,
09/08/2025 22:00,41,18,23,19,7,12,16,10,6,4,3,1,,,,7,3,4,,,,29,16,13,,,
09/08/2025 23:00,17,9,8,7,6,1,15,10,5,8,8,0,,,,2,1,1,,,,14,7,7,,,
10/08/2025 00:00,0,0,0,0,0,0,13,1,12,1,0,1,,,,3,2,1,,,,7,6,1,,,
10/08/2025 01:00,2,1,1,4,4,0,2,2,0,1,0,1,,,,1,1,0,,,,15,12,3,,,
10/08/2025 02:00,0,0,0,2,0,2,1,0,1,0,0,0,,,,0,0,0,,,,6,5,1,,,
10/08/2025 03:00,2,2,0,0,0,0,1,0,1,0,0,0,,,,0,0,0,,,,0,0,0,,,
10/08/2025 04:00,0,0,0,0,0,0,0,0,0,0,0,0,,,,0,0,0,,,,5,3,2,,,
10/08/2025 05:00,3,1,2,0,0,0,1,1,0,3,2,1,,,,13,7,6,,,,2,2,0,,,
10/08/2025 06:00,20,12,8,10,7,3,11,7,4,0,0,0,,,,19,18,1,,,,4,1,3,,,
10/08/2025 07:00,95,51,44,14,4,10,14,6,8,8,5,3,,,,31,14,17,,,,7,5,2,,,
10/08/2025 08:00,140,72,68,41,26,15,31,17,14,16,3,13,,,,61,35,26,,,,22,6,16,,,
10/08/2025 09:00,239,126,113,66,33,33,53,31,22,42,28,14,,,,116,63,53,,,,27,16,11,,,
10/08/2025 10:00,302,182,120,115,66,49,67,38,29,37,19,18,,,,203,126,77,,,,43,17,26,,,
10/08/2025 11:00,408,236,172,117,69,48,89,49,40,49,28,21,,,,160,80,80,,,,40,13,27,,,
10/08/2025 12:00,489,261,228,97,56,41,101,61,40,41,26,15,,,,116,75,41,,,,46,22,24,,,
10/08/2025 13:00,598,295,303,121,62,59,103,67,36,42,26,16,,,,118,66,52,,,,46,21,25,,,
10/08/2025 14:00,610,302,308,118,56,62,72,38,34,40,25,15,,,,101,57,44,,,,43,25,18,,,
10/08/2025 15:00,622,311,311,100,45,55,71,38,33,33,19,14,,,,111,58,53,,,,40,19,21,,,
10/08/2025 16:00,467,220,247,64,30,34,67,33,34,38,16,22,,,,101,53,48,,,,26,14,12,,,
10/08/2025 17:00,359,175,184,86,38,48,60,26,34,49,26,23,,,,108,66,42,,,,41,22,19,,,
10/08/2025 18:00,226,108,118,44,32,12,67,32,35,17,8,9,,,,115,62,53,,,,29,15,14,,,
10/08/2025 19:00,224,117,107,52,24,28,37,16,21,25,6,19,,,,96,54,42,,,,41,19,22,,,
10/08/2025 20:00,213,109,104,43,23,20,38,20,18,20,12,8,,,,74,33,41,,,,28,17,11,,,
10/08/2025 21:00,102,51,51,16,5,11,32,17,15,15,5,10,,,,43,15,28,,,,13,4,9,,,
10/08/2025 22:00,34,16,18,7,3,4,13,9,4,7,5,2,,,,14,7,7,,,,31,12,19,,,
10/08/2025 23:00,9,6,3,2,0,2,1,0,1,1,0,1,,,,3,1,2,,,,8,2,6,,,
11/08/2025 00:00,1,1,0,0,0,0,1,1,0,3,3,0,,,,2,2,0,,,,7,4,3,,,
11/08/2025 01:00,1,1,0,0,0,0,0,0,0,0,0,0,,,,5,2,3,,,,3,0,3,,,
11/08/2025 02:00,0,0,0,0,0,0,0,0,0,0,0,0,,,,0,0,0,,,,3,2,1,,,
11/08/2025 03:00,1,0,1,0,0,0,0,0,0,0,0,0,,,,0,0,0,,,,6,0,6,,,
11/08/2025 04:00,0,0,0,0,0,0,0,0,0,0,0,0,,,,0,0,0,,,,4,4,0,,,
11/08/2025 05:00,10,2,8,2,0,2,1,1,0,1,1,0,,,,15,8,7,,,,4,2,2,,,
11/08/2025 06:00,41,22,19,21,13,8,12,10,2,6,4,2,,,,17,6,11,,,,18,5,13,,,
11/08/2025 07:00,67,27,40,27,9,18,20,6,14,15,6,9,,,,41,24,17,,,,16,10,6,,,
11/08/2025 08:00,116,60,56,38,21,17,28,10,18,20,8,12,,,,51,25,26,,,,32,13,19,,,
11/08/2025 09:00,83,45,38,42,15,27,34,21,13,28,15,13,,,,81,49,32,,,,27,8,19,,,
11/08/2025 10:00,164,91,73,65,28,37,46,21,25,30,17,13,,,,71,36,35,,,,38,15,23,,,
11/08/2025 11:00,194,93,101,52,26,26,38,16,22,27,11,16,,,,99,64,35,,,,45,28,17,,,
11/08/2025 12:00,181,95,86,66,43,23,42,21,21,25,14,11,,,,92,47,45,,,,46,21,25,,,
11/08/2025 13:00,324,178,146,69,35,34,70,32,38,26,17,9,,,,101,53,48,,,,51,32,19,,,
11/08/2025 14:00,268,140,128,47,23,24,30,15,15,35,11,24,,,,69,37,32,,,,43,17,26,,,
11/08/2025 15:00,247,111,136,41,18,23,37,23,14,23,10,13,,,,52,32,20,,,,33,19,14,,,
11/08/2025 16:00,181,95,86,45,17,28,38,17,21,27,8,19,,,,63,31,32,,,,50,23,27,,,
11/08/2025 17:00,159,65,94,57,35,22,49,24,25,37,19,18,,,,96,46,50,,,,71,30,41,,,
11/08/2025 18:00,187,102,85,91,51,40,54,29,25,17,7,10,,,,139,75,64,,,,70,38,32,,,
11/08/2025 19:00,297,141,156,68,28,40,68,33,35,15,4,11,,,,134,79,55,,,,50,24,26,,,
11/08/2025 20:00,299,182,117,64,32,32,49,26,23,25,17,8,,,,99,44,55,,,,50,24,26,,,
11/08/2025 21:00,164,88,76,37,18,19,29,14,15,12,6,6,,,,60,21,39,,,,31,12,19,,,
11/08/2025 22:00,48,19,29,9,4,5,13,6,7,7,3,4,,,,13,4,9,,,,14,9,5,,,
11/08/2025 23:00,6,3,3,2,1,1,6,5,1,5,3,2,,,,1,1,0,,,,11,5,6,,,
12/08/2025 00:00,0,0,0,1,0,1,1,0,1,2,1,1,,,,0,0,0,,,,3,1,2,,,
12/08/2025 01:00,0,0,0,0,0,0,1,1,0,0,0,0,,,,1,0,1,,,,4,2,2,,,
12/08/2025 02:00,0,0,0,0,0,0,0,0,0,0,0,0,,,,0,0,0,,,,2,1,1,,,
12/08/2025 03:00,0,0,0,0,0,0,0,0,0,0,0,0,,,,0,0,0,,,,1,1,0,,,
12/08/2025 04:00,0,0,0,2,0,2,1,0,1,0,0,0,,,,2,1,1,,,,4,1,3,,,
12/08/2025 05:00,12,4,8,5,2,3,2,0,2,0,0,0,,,,19,10,9,,,,5,0,5,,,
12/08/2025 06:00,38,19,19,15,9,6,8,4,4,5,3,2,,,,16,8,8,,,,15,7,8,,,
12/08/2025 07:00,81,45,36,39,17,22,25,12,13,15,8,7,,,,66,36,30,,,,22,10,12,,,
12/08/2025 08:00,108,56,52,50,24,26,41,14,27,33,19,14,,,,84,44,40,,,,38,15,23,,,
12/08/2025 09:00,129,74,55,37,15,22,40,22,18,25,11,14,,,,61,39,22,,,,31,14,17,,,
12/08/2025 10:00,213,119,94,21,14,7,50,28,22,29,11,18,,,,89,50,39,,,,33,18,15,,,
12/08/2025 11:00,255,137,118,64,40,24,49,24,25,28,10,18,,,,83,53,30,,,,45,25,20,,,
12/08/2025 12:00,353,203,150,72,47,25,43,23,20,33,18,15,,,,77,46,31,,,,44,23,21,,,
12/08/2025 13:00,337,171,166,99,50,49,75,41,34,33,12,21,,,,115,56,59,,,,67,44,23,,,
12/08/2025 14:00,319,173,146,81,48,33,44,19,25,26,8,18,,,,120,65,55,,,,44,11,33,,,
12/08/2025 15:00,359,191,168,92,37,55,59,24,35,28,9,19,,,,91,54,37,,,,47,20,27,,,
12/08/2025 16:00,358,167,191,93,45,48,71,36,35,32,16,16,,,,109,57,52,,,,60,27,33,,,
12/08/2025 17:00,410,224,186,105,62,43,67,39,28,20,5,15,,,,169,84,85,,,,89,25,64,,,
12/08/2025 18:00,371,184,187,127,73,54,71,40,31,17,7,10,,,,156,90,66,,,,98,30,68,,,
12/08/2025 19:00,429,218,211,128,67,61,98,54,44,28,16,12,,,,165,89,76,,,,98,31,67,,,
12/08/2025 20:00,358,179,179,95,47,48,55,28,27,22,9,13,,,,106,40,66,,,,59,29,30,,,
12/08/2025 21:00,220,103,117,52,18,34,43,16,27,12,7,5,,,,46,19,27,,,,55,23,32,,,
12/08/2025 22:00,63,42,21,19,5,14,23,16,7,2,2,0,,,,37,19,18,,,,27,11,16,,,
12/08/2025 23:00,7,5,2,8,7,1,2,1,1,3,1,2,,,,3,2,1,,,,9,4,5,,,
13/08/2025 00:00,0,0,0,0,0,0,1,0,1,2,1,1,,,,1,1,0,,,,11,11,0,,,
13/08/2025 01:00,6,3,3,4,0,4,1,1,0,0,0,0,,,,1,0,1,,,,2,1,1,,,
13/08/2025 02:00,2,0,2,3,3,0,2,1,1,0,0,0,,,,0,0,0,,,,1,0,1,,,
13/08/2025 03:00,1,1,0,0,0,0,0,0,0,0,0,0,,,,1,1,0,,,,4,2,2,,,
13/08/2025 04:00,1,1,0,0,0,0,0,0,0,0,0,0,,,,1,0,1,,,,2,2,0,,,
13/08/2025 05:00,22,16,6,2,1,1,5,2,3,0,0,0,,,,0,0,0,,,,2,2,0,,,
13/08/2025 06:00,40,23,17,22,11,11,20,14,6,4,3,1,,,,22,15,7,,,,19,6,13,,,
13/08/2025 07:00,130,59,71,33,16,17,24,11,13,16,8,8,,,,72,43,29,,,,15,5,10,,,
13/08/2025 08:00,122,56,66,38,16,22,33,14,19,29,16,13,,,,84,41,43,,,,47,23,24,,,
13/08/2025 09:00,114,60,54,42,25,17,27,13,14,38,23,15,,,,71,41,30,,,,38,18,20,,,
13/08/2025 10:00,205,134,71,50,30,20,40,21,19,31,21,10,,,,85,48,37,,,,71,20,51,,,
13/08/2025 11:00,272,156,116,83,39,44,51,28,23,34,16,18,,,,104,60,44,,,,54,30,24,,,
13/08/2025 12:00,295,175,120,93,60,33,56,20,36,33,17,16,,,,98,56,42,,,,70,45,25,,,
13/08/2025 13:00,412,219,193,95,55,40,62,37,25,28,16,12,,,,106,54,52,,,,41,26,15,,,
13/08/2025 14:00,424,249,175,128,91,37,47,25,22,24,13,11,,,,73,37,36,,,,63,27,36,,,
13/08/2025 15:00,421,215,206,128,62,66,56,26,30,25,11,14,,,,100,59,41,,,,80,40,40,,,
13/08/2025 16:00,480,221,259,114,63,51,69,26,43,26,9,17,,,,82,33,49,,,,83,39,44,,,
13/08/2025 17:00,386,175,211,134,61,73,67,44,23,38,18,20,,,,122,65,57,,,,78,17,61,,,
13/08/2025 18:00,379,174,205,181,102,79,84,43,41,34,17,17,,,,141,86,55,,,,93,40,53,,,
13/08/2025 19:00,400,166,234,151,91,60,77,41,36,24,9,15,,,,125,78,47,,,,88,38,50,,,
13/08/2025 20:00,366,166,200,112,49,63,69,41,28,23,10,13,,,,97,43,54,,,,38,15,23,,,
13/08/2025 21:00,218,120,98,55,25,30,39,10,29,21,13,8,,,,41,14,27,,,,37,16,21,,,
13/08/2025 22:00,84,35,49,31,14,17,28,16,12,2,1,1,,,,20,9,11,,,,15,9,6,,,
13/08/2025 23:00,17,14,3,17,10,7,8,4,4,4,3,1,,,,11,4,7,,,,18,8,10,,,
14/08/2025 00:00,3,3,0,0,0,0,2,1,1,3,1,2,,,,1,1,0,,,,5,3,2,,,
14/08/2025 01:00,5,4,1,0,0,0,4,0,4,0,0,0,,,,0,0,0,,,,3,0,3,,,
14/08/2025 02:00,3,3,0,0,0,0,0,0,0,2,2,0,,,,0,0,0,,,,3,2,1,,,
14/08/2025 03:00,1,1,0,0,0,0,0,0,0,4,2,2,,,,0,0,0,,,,0,0,0,,,
14/08/2025 04:00,0,0,0,0,0,0,0,0,0,0,0,0,,,,1,1,0,,,,3,1,2,,,
14/08/2025 05:00,11,4,7,2,0,2,2,1,1,2,2,0,,,,17,9,8,,,,1,0,1,,,
14/08/2025 06:00,40,19,21,25,15,10,18,7,11,10,5,5,,,,20,10,10,,,,13,6,7,,,
14/08/2025 07:00,90,46,44,33,16,17,31,22,9,17,6,11,,,,71,43,28,,,,23,4,19,,,
14/08/2025 08:00,137,71,66,43,18,25,37,17,20,20,7,13,,,,79,34,45,,,,37,19,18,,,
14/08/2025 09:00,106,65,41,47,26,21,27,18,9,25,17,8,,,,60,32,28,,,,34,16,18,,,
14/08/2025 10:00,155,79,76,50,24,26,40,28,12,30,14,16,,,,57,31,26,,,,27,9,18,,,
14/08/2025 11:00,187,106,81,50,33,17,34,14,20,22,9,13,,,,89,48,41,,,,47,22,25,,,
14/08/2025 12:00,243,138,105,57,26,31,44,30,14,27,13,14,,,,94,50,44,,,,30,17,13,,,
14/08/2025 13:00,252,133,119,48,29,19,51,28,23,25,11,14,,,,85,45,40,,,,39,24,15,,,
14/08/2025 14:00,253,121,132,56,31,25,33,18,15,20,7,13,,,,68,38,30,,,,31,12,19,,,
14/08/2025 15:00,205,109,96,53,31,22,42,16,26,14,5,9,,,,94,55,39,,,,61,25,36,,,
14/08/2025 16:00,208,97,111,78,36,42,58,22,36,18,8,10,,,,79,44,35,,,,54,25,29,,,
14/08/2025 17:00,248,133,115,62,33,29,56,36,20,40,18,22,,,,98,40,58,,,,78,31,47,,,
14/08/2025 18:00,213,107,106,92,54,38,49,25,24,25,13,12,,,,86,43,43,,,,68,36,32,,,
14/08/2025 19:00,223,100,123,100,60,40,57,25,32,20,10,10,,,,98,54,44,,,,54,21,33,,,
14/08/2025 20:00,227,105,122,72,38,34,43,18,25,19,8,11,,,,97,47,50,,,,39,20,19,,,
14/08/2025 21:00,171,90,81,40,13,27,34,16,18,9,5,4,,,,42,18,24,,,,29,8,21,,,
14/08/2025 22:00,80,36,44,19,7,12,10,5,5,1,1,0,,,,11,7,4,,,,27,10,17,,,
14/08/2025 23:00,13,10,3,11,5,6,9,5,4,2,0,2,,,,6,5,1,,,,6,3,3,,,
15/08/2025 00:00,2,1,1,0,0,0,3,1,2,1,0,1,,,,1,1,0,,,,9,5,4,,,
15/08/2025 01:00,7,3,4,0,0,0,0,0,0,0,0,0,,,,0,0,0,,,,5,1,4,,,
15/08/2025 02:00,2,0,2,0,0,0,0,0,0,0,0,0,,,,0,0,0,,,,0,0,0,,,
15/08/2025 03:00,7,7,0,0,0,0,0,0,0,0,0,0,,,,1,0,1,,,,1,0,1,,,
15/08/2025 04:00,1,1,0,0,0,0,0,0,0,0,0,0,,,,0,0,0,,,,2,2,0,,,
15/08/2025 05:00,6,2,4,1,1,0,3,3,0,1,1,0,,,,10,5,5,,,,5,0,5,,,
15/08/2025 06:00,39,17,22,24,17,7,20,13,7,3,2,1,,,,24,14,10,,,,12,6,6,,,
15/08/2025 07:00,88,50,38,24,12,12,31,19,12,9,5,4,,,,74,40,34,,,,12,4,8,,,
15/08/2025 08:00,124,57,67,62,36,26,42,23,19,18,10,8,,,,70,38,32,,,,44,24,20,,,
15/08/2025 09:00,134,74,60,44,15,29,34,26,8,31,17,14,,,,71,38,33,,,,28,12,16,,,
15/08/2025 10:00,192,107,85,54,27,27,38,24,14,20,8,12,,,,66,39,27,,,,31,18,13,,,
15/08/2025 11:00,199,111,88,50,39,11,44,29,15,29,17,12,,,,66,39,27,,,,45,17,28,,,
15/08/2025 12:00,292,170,122,68,40,28,61,31,30,31,17,14,,,,84,47,37,,,,48,27,21,,,
15/08/2025 13:00,272,150,122,75,38,37,54,25,29,30,15,15,,,,83,47,36,,,,53,27,26,,,
15/08/2025 14:00,332,184,148,49,27,22,50,25,25,28,11,17,,,,85,50,35,,,,40,15,25,,,
15/08/2025 15:00,320,161,159,91,49,42,59,28,31,34,16,18,,,,78,44,34,,,,76,39,37,,,
15/08/2025 16:00,282,138,144,85,50,35,65,28,37,34,16,18,,,,113,59,54,,,,64,24,40,,,
15/08/2025 17:00,362,169,193,140,72,68,92,50,42,34,12,22,,,,121,56,65,,,,70,27,43,,,
15/08/2025 18:00,274,142,132,136,59,77,74,30,44,32,19,13,,,,111,57,54,,,,43,14,29,,,
15/08/2025 19:00,312,148,164,86,44,42,54,24,30,26,17,9,,,,86,52,34,,,,49,19,30,,,
15/08/2025 20:00,234,117,117,38,19,19,49,19,30,28,20,8,,,,74,20,54,,,,34,18,16,,,
15/08/2025 21:00,136,66,70,28,14,14,26,16,10,9,6,3,,,,29,9,20,,,,25,12,13,,,
15/08/2025 22:00,60,30,30,14,10,4,28,23,5,4,2,2,,,,10,6,4,,,,20,9,11,,,
15/08/2025 23:00,18,9,9,12,8,4,7,2,5,1,1,0,,,,1,1,0,,,,22,7,15,,,
16/08/2025 00:00,1,1,0,2,0,2,7,3,4,1,0,1,,,,3,1,2,,,,11,8,3,,,
16/08/2025 01:00,3,2,1,2,1,1,0,0,0,2,1,1,,,,1,0,1,,,,11,5,6,,,
16/08/2025 02:00,4,2,2,4,2,2,0,0,0,3,1,2,,,,0,0,0,,,,6,2,4,,,
16/08/2025 03:00,0,0,0,0,0,0,0,0,0,0,0,0,,,,1,0,1,,,,11,4,7,,,
16/08/2025 04:00,2,1,1,1,1,0,1,1,0,3,0,3,,,,0,0,0,,,,5,1,4,,,
16/08/2025 05:00,4,2,2,1,1,0,3,3,0,1,0,1,,,,14,7,7,,,,4,0,4,,,
16/08/2025 06:00,22,8,14,9,4,5,8,6,2,4,3,1,,,,6,3,3,,,,6,5,1,,,
16/08/2025 07:00,82,50,32,22,11,11,23,14,9,3,2,1,,,,25,18,7,,,,12,4,8,,,
16/08/2025 08:00,106,52,54,62,40,22,37,24,13,27,11,16,,,,75,42,33,,,,22,5,17,,,
16/08/2025 09:00,179,97,82,67,43,24,68,33,35,19,13,6,,,,126,76,50,,,,19,11,8,,,
16/08/2025 10:00,250,154,96,96,60,36,71,48,23,29,14,15,,,,187,121,66,,,,51,25,26,,,
16/08/2025 11:00,317,197,120,108,63,45,98,64,34,33,19,14,,,,184,98,86,,,,33,19,14,,,
16/08/2025 12:00,340,183,157,94,61,33,83,45,38,47,27,20,,,,147,81,66,,,,23,14,9,,,
16/08/2025 13:00,340,203,137,50,31,19,58,32,26,51,27,24,,,,110,55,55,,,,43,22,21,,,
16/08/2025 14:00,495,238,257,112,70,42,71,37,34,39,24,15,,,,89,49,40,,,,59,13,46,,,
16/08/2025 15:00,499,246,253,200,132,68,68,42,26,27,15,12,,,,106,57,49,,,,41,18,23,,,
16/08/2025 16:00,497,253,244,152,85,67,79,53,26,42,23,19,,,,114,63,51,,,,61,16,45,,,
16/08/2025 17:00,446,198,248,152,63,89,76,33,43,34,10,24,,,,114,51,63,,,,47,17,30,,,
16/08/2025 18:00,313,170,143,131,45,86,70,36,34,21,10,11,,,,72,30,42,,,,77,31,46,,,
16/08/2025 19:00,294,128,166,63,28,35,51,23,28,24,13,11,,,,75,32,43,,,,38,16,22,,,
16/08/2025 20:00,198,86,112,41,15,26,44,21,23,11,5,6,,,,51,21,30,,,,48,22,26,,,
16/08/2025 21:00,113,48,65,37,19,18,35,24,11,12,6,6,,,,12,4,8,,,,78,28,50,,,
16/08/2025 22:00,43,17,26,18,11,7,18,13,5,1,1,0,,,,4,2,2,,,,16,6,10,,,
16/08/2025 23:00,16,12,4,5,3,2,9,6,3,5,3,2,,,,3,3,0,,,,11,5,6,,,
17/08/2025 00:00,0,0,0,0,0,0,7,5,2,5,2,3,,,,4,3,1,,,,12,4,8,,,
17/08/2025 01:00,2,2,0,3,0,3,0,0,0,5,4,1,,,,1,1,0,,,,28,8,20,,,
17/08/2025 02:00,3,2,1,0,0,0,2,0,2,0,0,0,,,,0,0,0,,,,10,3,7,,,
17/08/2025 03:00,3,1,2,1,0,1,2,1,1,0,0,0,,,,0,0,0,,,,8,3,5,,,
17/08/2025 04:00,1,1,0,0,0,0,1,0,1,0,0,0,,,,0,0,0,,,,9,3,6,,,
17/08/2025 05:00,4,1,3,0,0,0,1,1,0,0,0,0,,,,3,3,0,,,,5,1,4,,,
17/08/2025 06:00,22,11,11,7,2,5,11,5,6,1,0,1,,,,8,6,2,,,,2,2,0,,,
17/08/2025 07:00,67,38,29,19,11,8,23,10,13,7,3,4,,,,40,20,20,,,,7,4,3,,,
17/08/2025 08:00,120,54,66,61,32,29,39,18,21,23,7,16,,,,77,47,30,,,,21,11,10,,,
17/08/2025 09:00,253,145,108,85,58,27,64,31,33,26,15,11,,,,181,115,66,,,,37,20,17,,,
17/08/2025 10:00,353,215,138,120,71,49,103,72,31,33,18,15,,,,192,104,88,,,,30,15,15,,,
17/08/2025 11:00,496,276,220,128,59,69,99,57,42,44,24,20,,,,162,90,72,,,,36,19,17,,,
17/08/2025 12:00,614,322,292,143,79,64,84,47,37,41,24,17,,,,156,97,59,,,,46,28,18,,,
17/08/2025 13:00,599,338,261,121,70,51,94,49,45,46,16,30,,,,147,74,73,,,,42,20,22,,,
17/08/2025 14:00,653,359,294,131,68,63,61,27,34,41,24,17,,,,133,77,56,,,,49,15,34,,,
17/08/2025 15:00,629,290,339,114,66,48,81,42,39,20,9,11,,,,152,73,79,,,,64,28,36,,,
17/08/2025 16:00,668,306,362,108,49,59,73,32,41,35,15,20,,,,138,67,71,,,,67,23,44,,,
17/08/2025 17:00,606,242,364,120,59,61,64,23,41,48,26,22,,,,110,53,57,,,,63,22,41,,,
17/08/2025 18:00,416,186,230,103,53,50,76,37,39,14,6,8,,,,98,45,53,,,,41,20,21,,,
17/08/2025 19:00,246,111,135,66,32,34,57,19,38,23,14,9,,,,86,42,44,,,,44,25,19,,,
17/08/2025 20:00,199,88,111,38,15,23,46,31,15,10,3,7,,,,68,32,36,,,,34,13,21,,,
17/08/2025 21:00,111,58,53,25,12,13,26,8,18,10,3,7,,,,23,9,14,,,,32,18,14,,,
17/08/2025 22:00,30,17,13,18,3,15,11,8,3,2,0,2,,,,5,3,2,,,,36,17,19,,,
17/08/2025 23:00,12,6,6,7,3,4,14,4,10,1,0,1,,,,4,3,1,,,,9,4,5,,,
18/08/2025 00:00,2,1,1,0,0,0,0,0,0,1,1,0,,,,4,1,3,,,,12,6,6,,,
18/08/2025 01:00,2,1,1,0,0,0,2,0,2,0,0,0,,,,4,1,3,,,,6,4,2,,,
18/08/2025 02:00,0,0,0,0,0,0,0,0,0,0,0,0,,,,0,0,0,,,,1,0,1,,,
18/08/2025 03:00,2,2,0,1,1,0,0,0,0,0,0,0,,,,0,0,0,,,,7,3,4,,,
18/08/2025 04:00,1,1,0,0,0,0,0,0,0,0,0,0,,,,1,0,1,,,,2,1,1,,,
18/08/2025 05:00,4,0,4,3,1,2,4,3,1,0,0,0,,,,8,5,3,,,,2,1,1,,,
18/08/2025 06:00,42,20,22,15,10,5,8,7,1,6,4,2,,,,19,12,7,,,,11,6,5,,,
18/08/2025 07:00,82,39,43,30,19,11,24,15,9,13,5,8,,,,69,42,27,,,,26,11,15,,,
18/08/2025 08:00,105,43,62,37,20,17,27,7,20,25,14,11,,,,76,42,34,,,,51,25,26,,,
18/08/2025 09:00,128,62,66,36,15,21,14,10,4,29,20,9,,,,64,40,24,,,,28,14,14,,,
18/08/2025 10:00,161,80,81,50,21,29,27,17,10,39,15,24,,,,74,44,30,,,,35,15,20,,,
18/08/2025 11:00,237,140,97,72,35,37,64,41,23,25,15,10,,,,68,43,25,,,,41,27,14,,,
18/08/2025 12:00,248,120,128,61,29,32,36,14,22,42,17,25,,,,105,56,49,,,,50,29,21,,,
18/08/2025 13:00,279,140,139,61,32,29,59,35,24,34,19,15,,,,84,44,40,,,,51,27,24,,,
18/08/2025 14:00,288,122,166,58,41,17,39,19,20,25,15,10,,,,89,60,29,,,,53,29,24,,,
18/08/2025 15:00,324,169,155,77,38,39,39,20,19,23,17,6,,,,93,52,41,,,,52,25,27,,,
18/08/2025 16:00,276,118,158,52,20,32,40,25,15,34,15,19,,,,124,65,59,,,,53,23,30,,,
18/08/2025 17:00,187,92,95,71,33,38,66,37,29,26,11,15,,,,136,70,66,,,,74,29,45,,,
18/08/2025 18:00,220,109,111,70,39,31,57,34,23,28,10,18,,,,122,71,51,,,,80,30,50,,,
18/08/2025 19:00,217,116,101,66,40,26,41,22,19,29,14,15,,,,104,60,44,,,,71,35,36,,,
18/08/2025 20:00,222,113,109,59,27,32,40,20,20,31,19,12,,,,77,35,42,,,,63,21,42,,,
18/08/2025 21:00,138,74,64,35,14,21,18,9,9,15,10,5,,,,7,4,3,,,,42,13,29,,,
18/08/2025 22:00,46,19,27,14,7,7,15,9,6,2,0,2,,,,0,0,0,,,,19,6,13,,,
18/08/2025 23:00,19,8,11,2,0,2,3,3,0,5,3,2,,,,0,0,0,,,,7,6,1,,,
19/08/2025 00:00,0,0,0,0,0,0,1,0,1,1,1,0,,,,0,0,0,,,,6,4,2,,,
19/08/2025 01:00,4,1,3,1,0,1,2,0,2,6,6,0,,,,2,0,2,,,,0,0,0,,,
19/08/2025 02:00,2,1,1,0,0,0,0,0,0,0,0,0,,,,0,0,0,,,,1,1,0,,,
19/08/2025 03:00,1,0,1,0,0,0,1,0,1,0,0,0,,,,0,0,0,,,,0,0,0,,,
19/08/2025 04:00,1,0,1,0,0,0,1,0,1,0,0,0,,,,5,3,2,,,,2,2,0,,,
19/08/2025 05:00,12,3,9,2,1,1,1,1,0,1,0,1,,,,17,8,9,,,,7,4,3,,,
19/08/2025 06:00,45,25,20,25,20,5,15,12,3,7,6,1,,,,26,14,12,,,,18,7,11,,,
19/08/2025 07:00,76,42,34,35,16,19,19,9,10,21,7,14,,,,69,34,35,,,,26,12,14,,,
19/08/2025 08:00,108,49,59,50,28,22,43,17,26,22,10,12,,,,78,42,36,,,,40,22,18,,,
19/08/2025 09:00,111,56,55,32,11,21,45,26,19,35,20,15,,,,64,35,29,,,,43,19,24,,,
19/08/2025 10:00,133,72,61,39,24,15,43,29,14,27,13,14,,,,70,38,32,,,,36,19,17,,,
19/08/2025 11:00,153,90,63,44,23,21,46,29,17,39,20,19,,,,73,43,30,,,,29,14,15,,,
19/08/2025 12:00,203,128,75,36,19,17,31,21,10,40,16,24,,,,80,40,40,,,,42,24,18,,,
19/08/2025 13:00,198,92,106,35,21,14,59,32,27,32,14,18,,,,83,52,31,,,,44,24,20,,,
19/08/2025 14:00,194,108,86,30,21,9,26,12,14,20,11,9,,,,56,27,29,,,,39,18,21,,,
19/08/2025 15:00,199,99,100,51,37,14,26,15,11,27,10,17,,,,78,45,33,,,,56,33,23,,,
19/08/2025 16:00,155,79,76,44,19,25,25,17,8,33,18,15,,,,80,39,41,,,,66,34,32,,,
19/08/2025 17:00,137,73,64,58,38,20,56,38,18,40,22,18,,,,102,47,55,,,,71,29,42,,,
19/08/2025 18:00,162,80,82,57,34,23,44,21,23,37,21,16,,,,115,63,52,,,,72,34,38,,,
19/08/2025 19:00,174,92,82,59,36,23,49,27,22,31,11,20,,,,129,69,60,,,,66,35,31,,,
19/08/2025 20:00,167,76,91,43,21,22,50,22,28,19,11,8,,,,81,38,43,,,,73,39,34,,,
19/08/2025 21:00,87,44,43,43,23,20,32,17,15,7,7,0,,,,9,7,2,,,,39,16,23,,,
19/08/2025 22:00,31,17,14,10,4,6,9,2,7,6,2,4,,,,0,0,0,,,,9,6,3,,,
19/08/2025 23:00,12,5,7,10,5,5,3,1,2,2,1,1,,,,0,0,0,,,,5,4,1,,,
20/08/2025 00:00,0,0,0,0,0,0,1,0,1,2,1,1,,,,0,0,0,,,,10,6,4,,,
20/08/2025 01:00,2,0,2,0,0,0,0,0,0,0,0,0,,,,0,0,0,,,,4,2,2,,,
20/08/2025 02:00,3,3,0,0,0,0,1,0,1,0,0,0,,,,0,0,0,,,,0,0,0,,,
20/08/2025 03:00,1,1,0,0,0,0,0,0,0,3,0,3,,,,0,0,0,,,,1,0,1,,,
20/08/2025 04:00,0,0,0,0,0,0,1,0,1,1,1,0,,,,0,0,0,,,,3,2,1,,,
20/08/2025 05:00,31,26,5,5,3,2,2,2,0,1,1,0,,,,2,1,1,,,,7,3,4,,,
20/08/2025 06:00,38,19,19,25,13,12,26,13,13,8,8,0,,,,21,11,10,,,,20,9,11,,,
20/08/2025 07:00,97,41,56,34,14,20,21,10,11,18,7,11,,,,66,37,29,,,,21,12,9,,,
20/08/2025 08:00,124,64,60,46,27,19,36,20,16,34,14,20,,,,80,42,38,,,,43,20,23,,,
20/08/2025 09:00,81,39,42,28,10,18,23,5,18,33,20,13,,,,79,47,32,,,,36,19,17,,,
20/08/2025 10:00,160,86,74,39,20,19,37,23,14,18,9,9,,,,66,39,27,,,,64,19,45,,,
20/08/2025 11:00,195,97,98,43,21,22,27,10,17,32,13,19,,,,74,43,31,,,,38,18,20,,,
20/08/2025 12:00,180,88,92,30,13,17,37,19,18,24,12,12,,,,65,29,36,,,,64,47,17,,,
20/08/2025 13:00,223,103,120,39,18,21,59,33,26,31,20,11,,,,52,25,27,,,,38,17,21,,,
20/08/2025 14:00,159,87,72,40,33,7,38,18,20,33,18,15,,,,40,25,15,,,,41,18,23,,,
20/08/2025 15:00,197,78,119,32,21,11,37,20,17,28,8,20,,,,57,32,25,,,,36,18,18,,,
20/08/2025 16:00,187,86,101,36,24,12,26,10,16,23,10,13,,,,72,32,40,,,,49,25,24,,,
20/08/2025 17:00,154,78,76,68,37,31,58,35,23,32,16,16,,,,115,59,56,,,,51,30,21,,,
20/08/2025 18:00,147,81,66,83,52,31,40,20,20,31,14,17,,,,95,52,43,,,,63,33,30,,,
20/08/2025 19:00,172,83,89,47,19,28,35,14,21,22,12,10,,,,86,38,48,,,,66,42,24,,,
20/08/2025 20:00,170,82,88,69,47,22,46,27,19,27,11,16,,,,68,36,32,,,,48,20,28,,,
20/08/2025 21:00,81,50,31,27,9,18,19,13,6,7,2,5,,,,10,6,4,,,,33,11,22,,,
20/08/2025 22:00,28,14,14,11,8,3,21,13,8,6,2,4,,,,0,0,0,,,,25,10,15,,,
20/08/2025 23:00,14,6,8,6,2,4,6,3,3,1,0,1,,,,0,0,0,,,,9,3,6,,,
21/08/2025 00:00,0,0,0,1,0,1,2,1,1,0,0,0,,,,0,0,0,,,,6,5,1,,,
21/08/2025 01:00,1,1,0,1,0,1,0,0,0,2,0,2,,,,0,0,0,,,,0,0,0,,,
21/08/2025 02:00,3,2,1,0,0,0,0,0,0,1,0,1,,,,0,0,0,,,,0,0,0,,,
21/08/2025 03:00,3,2,1,1,1,0,0,0,0,0,0,0,,,,0,0,0,,,,2,1,1,,,
21/08/2025 04:00,0,0,0,1,0,1,0,0,0,3,2,1,,,,0,0,0,,,,2,2,0,,,
21/08/2025 05:00,6,1,5,0,0,0,3,3,0,0,0,0,,,,3,3,0,,,,7,3,4,,,
21/08/2025 06:00,47,22,25,26,20,6,18,14,4,8,5,3,,,,18,12,6,,,,16,8,8,,,
21/08/2025 07:00,114,52,62,34,15,19,28,13,15,18,7,11,,,,72,38,34,,,,29,10,19,,,
21/08/2025 08:00,159,81,78,36,22,14,38,18,20,33,16,17,,,,70,32,38,,,,36,19,17,,,
21/08/2025 09:00,114,63,51,36,13,23,41,22,19,22,15,7,,,,89,49,40,,,,36,19,17,,,
21/08/2025 10:00,166,91,75,36,10,26,39,23,16,29,16,13,,,,64,40,24,,,,45,25,20,,,
21/08/2025 11:00,215,101,114,46,19,27,43,12,31,31,15,16,,,,63,36,27,,,,67,31,36,,,
21/08/2025 12:00,256,119,137,55,25,30,35,17,18,30,13,17,,,,76,42,34,,,,72,37,35,,,
21/08/2025 13:00,295,147,148,48,24,24,60,37,23,35,18,17,,,,80,38,42,,,,51,31,20,,,
21/08/2025 14:00,313,130,183,38,27,11,38,16,22,30,22,8,,,,102,63,39,,,,28,15,13,,,
21/08/2025 15:00,289,137,152,43,34,9,46,19,27,32,20,12,,,,84,45,39,,,,47,29,18,,,
21/08/2025 16:00,308,143,165,51,25,26,49,30,19,92,79,13,,,,108,55,53,,,,67,25,42,,,
21/08/2025 17:00,278,128,150,66,41,25,55,41,14,122,103,19,,,,126,52,74,,,,77,26,51,,,
21/08/2025 18:00,325,166,159,81,51,30,80,35,45,60,55,5,,,,128,80,48,,,,76,39,37,,,
21/08/2025 19:00,274,137,137,65,36,29,83,49,34,29,7,22,,,,175,90,85,,,,50,26,24,,,
21/08/2025 20:00,229,105,124,69,42,27,36,21,15,22,15,7,,,,84,38,46,,,,66,30,36,,,
21/08/2025 21:00,123,69,54,41,12,29,25,12,13,14,12,2,,,,20,10,10,,,,58,24,34,,,
21/08/2025 22:00,39,17,22,11,4,7,15,1,14,3,2,1,,,,6,3,3,,,,16,6,10,,,
21/08/2025 23:00,26,17,9,3,2,1,7,0,7,3,1,2,,,,1,0,1,,,,7,5,2,,,
22/08/2025 00:00,0,0,0,0,0,0,6,2,4,1,1,0,,,,0,0,0,,,,13,7,6,,,
22/08/2025 01:00,2,1,1,0,0,0,0,0,0,0,0,0,,,,0,0,0,,,,1,1,0,,,
22/08/2025 02:00,0,0,0,0,0,0,0,0,0,1,0,1,,,,0,0,0,,,,2,1,1,,,
22/08/2025 03:00,0,0,0,0,0,0,0,0,0,0,0,0,,,,0,0,0,,,,1,0,1,,,
22/08/2025 04:00,2,2,0,0,0,0,1,0,1,1,1,0,,,,0,0,0,,,,4,1,3,,,
22/08/2025 05:00,7,1,6,5,2,3,4,2,2,0,0,0,,,,3,0,3,,,,4,2,2,,,
22/08/2025 06:00,57,25,32,22,10,12,14,9,5,4,4,0,,,,18,10,8,,,,18,9,9,,,
22/08/2025 07:00,133,70,63,35,22,13,31,17,14,22,10,12,,,,67,44,23,,,,27,10,17,,,
22/08/2025 08:00,143,73,70,48,19,29,32,20,12,40,21,19,,,,88,54,34,,,,60,36,24,,,
22/08/2025 09:00,172,106,66,35,20,15,32,16,16,40,26,14,,,,67,39,28,,,,31,13,18,,,
22/08/2025 10:00,208,107,101,39,19,20,46,25,21,15,4,11,,,,77,50,27,,,,60,17,43,,,
22/08/2025 11:00,265,149,116,82,53,29,49,24,25,30,18,12,,,,77,42,35,,,,37,20,17,,,
22/08/2025 12:00,302,154,148,73,36,37,61,37,24,50,28,22,,,,83,50,33,,,,31,19,12,,,
22/08/2025 13:00,271,147,124,79,37,42,51,31,20,34,14,20,,,,95,51,44,,,,40,20,20,,,
22/08/2025 14:00,257,125,132,62,33,29,52,25,27,42,26,16,,,,53,24,29,,,,42,23,19,,,
22/08/2025 15:00,241,121,120,81,44,37,55,25,30,47,35,12,,,,92,44,48,,,,34,16,18,,,
22/08/2025 16:00,241,123,118,44,27,17,57,33,24,28,15,13,,,,99,44,55,,,,40,24,16,,,
22/08/2025 17:00,178,90,88,65,33,32,42,26,16,39,19,20,,,,102,49,53,,,,41,26,15,,,
22/08/2025 18:00,208,105,103,51,29,22,62,26,36,26,16,10,,,,93,46,47,,,,36,20,16,,,
22/08/2025 19:00,165,81,84,37,15,22,48,16,32,27,14,13,,,,60,25,35,,,,46,25,21,,,
22/08/2025 20:00,187,86,101,51,25,26,29,19,10,13,7,6,,,,51,28,23,,,,42,17,25,,,
22/08/2025 21:00,119,58,61,25,14,11,24,16,8,13,8,5,,,,6,4,2,,,,24,16,8,,,
22/08/2025 22:00,63,25,38,14,8,6,12,2,10,6,4,2,,,,0,0,0,,,,42,16,26,,,
22/08/2025 23:00,17,12,5,5,3,2,15,8,7,1,0,1,,,,0,0,0,,,,11,5,6,,,
23/08/2025 00:00,3,3,0,3,1,2,8,3,5,4,2,2,,,,0,0,0,,,,17,13,4,,,
23/08/2025 01:00,6,3,3,4,1,3,3,0,3,1,0,1,,,,1,0,1,,,,5,5,0,,,
23/08/2025 02:00,8,8,0,0,0,0,3,3,0,0,0,0,,,,1,1,0,,,,1,0,1,,,
23/08/2025 03:00,2,0,2,0,0,0,0,0,0,1,0,1,,,,0,0,0,,,,0,0,0,,,
23/08/2025 04:00,2,0,2,0,0,0,1,0,1,0,0,0,,,,0,0,0,,,,3,1,2,,,
23/08/2025 05:00,3,2,1,0,0,0,3,3,0,1,0,1,,,,2,1,1,,,,2,1,1,,,
23/08/2025 06:00,26,10,16,3,0,3,4,2,2,0,0,0,,,,4,1,3,,,,9,4,5,,,
23/08/2025 07:00,93,44,49,17,9,8,13,7,6,10,8,2,,,,30,18,12,,,,10,5,5,,,
23/08/2025 08:00,157,86,71,68,37,31,50,23,27,27,11,16,,,,93,53,40,,,,13,3,10,,,
23/08/2025 09:00,197,102,95,85,46,39,57,42,15,28,13,15,,,,105,68,37,,,,29,16,13,,,
23/08/2025 10:00,239,146,93,125,74,51,96,50,46,49,18,31,,,,157,101,56,,,,41,25,16,,,
23/08/2025 11:00,280,159,121,109,55,54,75,40,35,49,23,26,,,,174,96,78,,,,34,19,15,,,
23/08/2025 12:00,284,153,131,99,48,51,59,33,26,44,23,21,,,,132,67,65,,,,28,13,15,,,
23/08/2025 13:00,251,146,105,59,37,22,46,26,20,31,10,21,,,,56,21,35,,,,37,19,18,,,
23/08/2025 14:00,246,125,121,73,43,30,42,26,16,63,33,30,,,,86,57,29,,,,47,29,18,,,
23/08/2025 15:00,335,177,158,79,35,44,57,31,26,45,28,17,,,,91,43,48,,,,24,9,15,,,
23/08/2025 16:00,220,81,139,34,13,21,27,18,9,30,16,14,,,,54,23,31,,,,33,21,12,,,
23/08/2025 17:00,115,53,62,29,18,11,29,18,11,36,19,17,,,,63,23,40,,,,28,17,11,,,
23/08/2025 18:00,57,27,30,25,13,12,35,15,20,26,15,11,,,,41,26,15,,,,34,15,19,,,
23/08/2025 19:00,129,53,76,35,23,12,35,18,17,20,11,9,,,,38,18,20,,,,23,10,13,,,
23/08/2025 20:00,79,43,36,17,11,6,22,11,11,14,7,7,,,,30,13,17,,,,19,13,6,,,
23/08/2025 21:00,41,15,26,16,7,9,17,6,11,7,5,2,,,,0,0,0,,,,13,7,6,,,
23/08/2025 22:00,36,20,16,8,6,2,14,6,8,4,2,2,,,,1,1,0,,,,15,5,10,,,
23/08/2025 23:00,7,0,7,8,5,3,12,7,5,4,1,3,,,,3,3,0,,,,8,6,2,,,
24/08/2025 00:00,1,1,0,1,1,0,2,0,2,10,5,5,,,,0,0,0,,,,7,4,3,,,
24/08/2025 01:00,7,4,3,1,0,1,0,0,0,1,1,0,,,,0,0,0,,,,8,6,2,,,
24/08/2025 02:00,4,1,3,0,0,0,0,0,0,2,1,1,,,,0,0,0,,,,10,7,3,,,
24/08/2025 03:00,1,1,0,0,0,0,7,2,5,0,0,0,,,,0,0,0,,,,2,2,0,,,
24/08/2025 04:00,1,0,1,0,0,0,0,0,0,2,1,1,,,,3,2,1,,,,1,1,0,,,
24/08/2025 05:00,3,1,2,0,0,0,1,0,1,2,2,0,,,,12,6,6,,,,2,0,2,,,
24/08/2025 06:00,32,9,23,5,0,5,0,0,0,3,1,2,,,,4,2,2,,,,4,2,2,,,
24/08/2025 07:00,76,44,32,13,7,6,18,9,9,5,2,3,,,,25,15,10,,,,13,10,3,,,
24/08/2025 08:00,168,88,80,66,37,29,52,23,29,20,7,13,,,,80,51,29,,,,22,8,14,,,
24/08/2025 09:00,319,203,116,114,64,50,105,55,50,37,23,14,,,,167,92,75,,,,48,25,23,,,
24/08/2025 10:00,380,198,182,137,87,50,108,63,45,31,15,16,,,,184,96,88,,,,41,19,22,,,
24/08/2025 11:00,489,313,176,127,71,56,118,55,63,60,25,35,,,,219,128,91,,,,52,25,27,,,
24/08/2025 12:00,610,286,324,127,64,63,92,52,40,73,40,33,,,,190,117,73,,,,57,34,23,,,
24/08/2025 13:00,598,344,254,123,88,35,123,71,52,75,19,56,,,,152,76,76,,,,39,21,18,,,
24/08/2025 14:00,588,294,294,138,77,61,112,63,49,60,24,36,,,,178,93,85,,,,48,20,28,,,
24/08/2025 15:00,758,345,413,89,49,40,114,71,43,93,50,43,,,,111,67,44,,,,55,29,26,,,
24/08/2025 16:00,689,287,402,103,57,46,111,37,74,49,27,22,,,,157,74,83,,,,41,21,20,,,
24/08/2025 17:00,564,242,322,93,43,50,77,27,50,39,20,19,,,,87,39,48,,,,47,23,24,,,
24/08/2025 18:00,440,167,273,66,32,34,52,14,38,28,12,16,,,,77,37,40,,,,39,19,20,,,
24/08/2025 19:00,242,117,125,47,20,27,35,18,17,30,11,19,,,,86,40,46,,,,41,12,29,,,
24/08/2025 20:00,194,96,98,45,19,26,34,19,15,17,9,8,,,,51,26,25,,,,53,29,24,,,
24/08/2025 21:00,98,45,53,24,11,13,14,7,7,16,11,5,,,,15,4,11,,,,41,18,23,,,
24/08/2025 22:00,33,15,18,11,5,6,11,7,4,11,10,1,,,,3,1,2,,,,21,7,14,,,
24/08/2025 23:00,15,9,6,12,7,5,3,1,2,8,6,2,,,,3,2,1,,,,10,7,3,,,
25/08/2025 00:00,1,0,1,0,0,0,0,0,0,9,8,1,,,,0,0,0,,,,9,7,2,,,
25/08/2025 01:00,1,1,0,1,0,1,0,0,0,0,0,0,,,,0,0,0,,,,4,1,3,,,
25/08/2025 02:00,5,5,0,0,0,0,0,0,0,4,3,1,,,,1,0,1,,,,0,0,0,,,
25/08/2025 03:00,1,0,1,0,0,0,0,0,0,0,0,0,,,,1,1,0,,,,1,0,1,,,
25/08/2025 04:00,0,0,0,1,0,1,0,0,0,3,2,1,,,,2,1,1,,,,4,3,1,,,
25/08/2025 05:00,6,1,5,1,0,1,2,1,1,0,0,0,,,,20,10,10,,,,6,5,1,,,
25/08/2025 06:00,37,14,23,11,4,7,18,13,5,16,10,6,,,,24,13,11,,,,14,10,4,,,
25/08/2025 07:00,78,47,31,19,7,12,9,7,2,17,5,12,,,,59,31,28,,,,39,18,21,,,
25/08/2025 08:00,142,89,53,44,19,25,27,12,15,28,15,13,,,,95,43,52,,,,61,36,25,,,
25/08/2025 09:00,212,119,93,37,20,17,46,34,12,40,22,18,,,,102,60,42,,,,26,14,12,,,
25/08/2025 10:00,204,119,85,56,26,30,43,25,18,45,26,19,,,,72,37,35,,,,48,33,15,,,
25/08/2025 11:00,228,128,100,62,39,23,53,18,35,24,13,11,,,,95,54,41,,,,80,59,21,,,
25/08/2025 12:00,281,155,126,98,61,37,45,24,21,39,22,17,,,,145,88,57,,,,37,17,20,,,
25/08/2025 13:00,314,154,160,85,57,28,88,46,42,34,15,19,,,,123,62,61,,,,43,23,20,,,
25/08/2025 14:00,302,148,154,61,39,22,54,28,26,28,12,16,,,,84,35,49,,,,55,24,31,,,
25/08/2025 15:00,286,123,163,67,29,38,58,29,29,29,13,16,,,,100,54,46,,,,50,21,29,,,
25/08/2025 16:00,282,135,147,87,45,42,44,21,23,23,13,10,,,,97,50,47,,,,72,37,35,,,
25/08/2025 17:00,172,84,88,66,43,23,83,48,35,41,22,19,,,,124,57,67,,,,70,29,41,,,
25/08/2025 18:00,197,105,92,86,48,38,57,29,28,32,15,17,,,,142,78,64,,,,69,28,41,,,
25/08/2025 19:00,173,98,75,65,36,29,54,31,23,18,10,8,,,,91,46,45,,,,47,26,21,,,
25/08/2025 20:00,129,59,70,49,23,26,21,9,12,26,11,15,,,,86,38,48,,,,34,14,20,,,
25/08/2025 21:00,62,37,25,14,5,9,20,8,12,5,3,2,,,,10,8,2,,,,18,8,10,,,
25/08/2025 22:00,14,7,7,4,2,2,5,5,0,4,2,2,,,,0,0,0,,,,14,5,9,,,
25/08/2025 23:00,2,0,2,4,1,3,5,3,2,2,1,1,,,,0,0,0,,,,7,3,4,,,
26/08/2025 00:00,0,0,0,0,0,0,1,0,1,0,0,0,,,,0,0,0,,,,5,2,3,,,
26/08/2025 01:00,1,0,1,0,0,0,0,0,0,0,0,0,,,,1,1,0,,,,1,1,0,,,
26/08/2025 02:00,1,1,0,2,0,2,1,0,1,0,0,0,,,,0,0,0,,,,4,1,3,,,
26/08/2025 03:00,1,0,1,0,0,0,0,0,0,0,0,0,,,,1,0,1,,,,0,0,0,,,
26/08/2025 04:00,2,2,0,1,0,1,0,0,0,0,0,0,,,,0,0,0,,,,2,1,1,,,
26/08/2025 05:00,10,5,5,2,2,0,3,2,1,1,1,0,,,,6,4,2,,,,5,3,2,,,
26/08/2025 06:00,52,22,30,25,13,12,21,13,8,4,3,1,,,,26,12,14,,,,14,9,5,,,
26/08/2025 07:00,98,52,46,32,17,15,27,13,14,21,8,13,,,,79,44,35,,,,32,12,20,,,
26/08/2025 08:00,116,62,54,40,18,22,38,16,22,36,19,17,,,,98,52,46,,,,104,75,29,,,
26/08/2025 09:00,175,106,69,56,25,31,55,38,17,33,21,12,,,,91,55,36,,,,41,19,22,,,
26/08/2025 10:00,189,114,75,55,36,19,42,29,13,26,16,10,,,,102,52,50,,,,28,16,12,,,
26/08/2025 11:00,215,115,100,40,20,20,37,19,18,34,17,17,,,,74,37,37,,,,39,24,15,,,
26/08/2025 12:00,282,145,137,48,21,27,44,23,21,31,14,17,,,,92,53,39,,,,57,37,20,,,
26/08/2025 13:00,291,154,137,47,30,17,58,33,25,36,20,16,,,,117,58,59,,,,61,25,36,,,
26/08/2025 14:00,270,133,137,79,42,37,217,119,98,31,17,14,,,,91,42,49,,,,48,16,32,,,
26/08/2025 15:00,302,131,171,64,34,30,162,71,91,23,6,17,,,,110,53,57,,,,105,35,70,,,
26/08/2025 16:00,141,67,74,34,11,23,43,30,13,29,11,18,,,,65,22,43,,,,78,34,44,,,
26/08/2025 17:00,131,64,67,39,24,15,52,29,23,32,16,16,,,,84,41,43,,,,74,33,41,,,
26/08/2025 18:00,109,62,47,56,35,21,49,30,19,23,10,13,,,,94,55,39,,,,79,29,50,,,
26/08/2025 19:00,183,97,86,70,42,28,47,25,22,17,9,8,,,,121,57,64,,,,102,38,64,,,
26/08/2025 20:00,146,90,56,53,23,30,43,22,21,9,3,6,,,,75,36,39,,,,49,19,30,,,
26/08/2025 21:00,58,38,20,21,6,15,15,11,4,8,5,3,,,,27,11,16,,,,28,13,15,,,
26/08/2025 22:00,27,15,12,4,3,1,2,1,1,5,2,3,,,,4,3,1,,,,7,3,4,,,
26/08/2025 23:00,6,2,4,0,0,0,2,0,2,4,3,1,,,,0,0,0,,,,11,4,7,,,
27/08/2025 00:00,1,0,1,0,0,0,3,2,1,2,1,1,,,,0,0,0,,,,3,2,1,,,
27/08/2025 01:00,5,3,2,0,0,0,0,0,0,2,2,0,,,,0,0,0,,,,0,0,0,,,
27/08/2025 02:00,0,0,0,0,0,0,0,0,0,0,0,0,,,,0,0,0,,,,0,0,0,,,
27/08/2025 03:00,1,0,1,0,0,0,0,0,0,2,2,0,,,,0,0,0,,,,0,0,0,,,
27/08/2025 04:00,1,0,1,0,0,0,0,0,0,0,0,0,,,,4,2,2,,,,2,2,0,,,
27/08/2025 05:00,15,9,6,2,1,1,2,2,0,2,2,0,,,,1,0,1,,,,4,1,3,,,
27/08/2025 06:00,24,10,14,15,6,9,12,8,4,7,4,3,,,,26,12,14,,,,14,7,7,,,
27/08/2025 07:00,37,19,18,15,3,12,10,5,5,11,7,4,,,,30,18,12,,,,13,5,8,,,
27/08/2025 08:00,29,13,16,11,5,6,17,5,12,17,6,11,,,,36,13,23,,,,53,44,9,,,
27/08/2025 09:00,61,29,32,14,7,7,28,17,11,19,12,7,,,,25,14,11,,,,32,15,17,,,
27/08/2025 10:00,94,46,48,27,17,10,34,19,15,19,14,5,,,,47,35,12,,,,41,18,23,,,
27/08/2025 11:00,175,111,64,33,11,22,45,24,21,30,10,20,,,,80,44,36,,,,39,18,21,,,
27/08/2025 12:00,230,131,99,71,34,37,43,21,22,32,22,10,,,,104,64,40,,,,39,21,18,,,
27/08/2025 13:00,243,122,121,64,30,34,44,28,16,33,19,14,,,,148,74,74,,,,78,35,43,,,
27/08/2025 14:00,188,90,98,37,21,16,58,28,30,27,14,13,,,,112,67,45,,,,73,27,46,,,
27/08/2025 15:00,204,106,98,48,27,21,40,20,20,34,21,13,,,,111,51,60,,,,118,40,78,,,
27/08/2025 16:00,205,101,104,53,30,23,46,27,19,31,14,17,,,,96,48,48,,,,85,34,51,,,
27/08/2025 17:00,177,83,94,74,42,32,65,27,38,35,15,20,,,,131,59,72,,,,84,25,59,,,
27/08/2025 18:00,177,86,91,50,31,19,63,35,28,25,17,8,,,,92,55,37,,,,60,23,37,,,
27/08/2025 19:00,169,79,90,58,32,26,47,22,25,23,9,14,,,,101,51,50,,,,58,26,32,,,
27/08/2025 20:00,190,110,80,53,23,30,28,13,15,19,13,6,,,,83,34,49,,,,38,11,27,,,
27/08/2025 21:00,99,61,38,30,12,18,18,9,9,11,7,4,,,,21,17,4,,,,33,14,19,,,
27/08/2025 22:00,35,18,17,9,2,7,8,4,4,1,0,1,,,,4,3,1,,,,14,9,5,,,
27/08/2025 23:00,7,5,2,0,0,0,17,13,4,3,1,2,,,,1,1,0,,,,5,2,3,,,
28/08/2025 00:00,0,0,0,0,0,0,2,2,0,1,1,0,,,,0,0,0,,,,9,5,4,,,
28/08/2025 01:00,3,3,0,0,0,0,0,0,0,0,0,0,,,,0,0,0,,,,7,7,0,,,
28/08/2025 02:00,1,1,0,1,0,1,0,0,0,0,0,0,,,,0,0,0,,,,1,0,1,,,
28/08/2025 03:00,1,1,0,0,0,0,0,0,0,0,0,0,,,,0,0,0,,,,0,0,0,,,
28/08/2025 04:00,5,5,0,0,0,0,0,0,0,2,0,2,,,,1,1,0,,,,3,2,1,,,
28/08/2025 05:00,11,2,9,1,1,0,1,1,0,3,2,1,,,,21,12,9,,,,5,2,3,,,
28/08/2025 06:00,49,22,27,27,21,6,20,17,3,7,4,3,,,,22,12,10,,,,13,4,9,,,
28/08/2025 07:00,77,39,38,23,7,16,16,8,8,16,6,10,,,,70,40,30,,,,36,15,21,,,
28/08/2025 08:00,114,57,57,28,14,14,31,13,18,46,26,20,,,,75,39,36,,,,123,90,33,,,
28/08/2025 09:00,142,72,70,33,11,22,53,35,18,24,10,14,,,,72,38,34,,,,48,26,22,,,
28/08/2025 10:00,108,61,47,35,20,15,33,20,13,22,11,11,,,,42,23,19,,,,37,15,22,,,
28/08/2025 11:00,145,84,61,34,19,15,19,8,11,43,19,24,,,,42,24,18,,,,37,15,22,,,
28/08/2025 12:00,148,78,70,36,15,21,28,14,14,35,17,18,,,,73,40,33,,,,78,41,37,,,
28/08/2025 13:00,172,97,75,39,21,18,56,30,26,27,12,15,,,,125,88,37,,,,47,17,30,,,
28/08/2025 14:00,145,61,84,57,44,13,25,15,10,37,22,15,,,,92,44,48,,,,87,41,46,,,
28/08/2025 15:00,140,83,57,40,24,16,30,17,13,24,11,13,,,,76,45,31,,,,98,23,75,,,
28/08/2025 16:00,112,57,55,42,22,20,39,29,10,26,9,17,,,,80,41,39,,,,84,29,55,,,
28/08/2025 17:00,116,62,54,40,26,14,55,28,27,35,15,20,,,,90,44,46,,,,69,34,35,,,
28/08/2025 18:00,137,65,72,63,23,40,57,30,27,28,13,15,,,,125,53,72,,,,70,25,45,,,
28/08/2025 19:00,148,73,75,71,40,31,57,31,26,27,14,13,,,,87,41,46,,,,75,38,37,,,
28/08/2025 20:00,176,79,97,40,22,18,35,16,19,20,15,5,,,,72,38,34,,,,41,15,26,,,
28/08/2025 21:00,76,38,38,23,13,10,26,15,11,9,4,5,,,,38,18,20,,,,24,4,20,,,
28/08/2025 22:00,34,22,12,11,2,9,21,16,5,4,2,2,,,,2,2,0,,,,23,14,9,,,
28/08/2025 23:00,18,10,8,11,4,7,7,6,1,4,3,1,,,,0,0,0,,,,9,6,3,,,
29/08/2025 00:00,2,1,1,0,0,0,1,0,1,3,2,1,,,,0,0,0,,,,3,1,2,,,
29/08/2025 01:00,2,1,1,1,1,0,4,0,4,0,0,0,,,,3,2,1,,,,11,11,0,,,
29/08/2025 02:00,0,0,0,0,0,0,0,0,0,0,0,0,,,,0,0,0,,,,4,3,1,,,
29/08/2025 03:00,0,0,0,0,0,0,0,0,0,0,0,0,,,,0,0,0,,,,7,4,3,,,
29/08/2025 04:00,0,0,0,0,0,0,0,0,0,2,2,0,,,,4,4,0,,,,4,2,2,,,
29/08/2025 05:00,12,5,7,8,5,3,3,2,1,1,1,0,,,,21,15,6,,,,5,4,1,,,
29/08/2025 06:00,42,23,19,26,14,12,22,14,8,8,5,3,,,,27,17,10,,,,10,7,3,,,
29/08/2025 07:00,89,42,47,41,19,22,29,16,13,21,7,14,,,,73,42,31,,,,36,17,19,,,
29/08/2025 08:00,137,71,66,36,17,19,34,16,18,40,23,17,,,,109,55,54,,,,133,97,36,,,
29/08/2025 09:00,200,92,108,62,30,32,47,27,20,37,20,17,,,,84,42,42,,,,43,21,22,,,
29/08/2025 10:00,184,98,86,56,27,29,50,28,22,21,12,9,,,,73,39,34,,,,41,20,21,,,
29/08/2025 11:00,198,109,89,56,31,25,38,18,20,24,8,16,,,,70,41,29,,,,31,13,18,,,
29/08/2025 12:00,185,103,82,44,23,21,42,23,19,28,18,10,,,,93,46,47,,,,40,21,19,,,
29/08/2025 13:00,187,93,94,59,36,23,42,25,17,37,26,11,,,,120,77,43,,,,88,38,50,,,
29/08/2025 14:00,180,81,99,37,20,17,43,32,11,42,25,17,,,,210,111,99,,,,61,38,23,,,
29/08/2025 15:00,179,92,87,47,29,18,32,14,18,25,3,22,,,,97,35,62,,,,50,24,26,,,
29/08/2025 16:00,188,92,96,47,32,15,56,27,29,24,19,5,,,,119,56,63,,,,54,20,34,,,
29/08/2025 17:00,138,81,57,52,35,17,45,26,19,32,16,16,,,,108,55,53,,,,50,24,26,,,
29/08/2025 18:00,121,65,56,50,22,28,54,31,23,25,15,10,,,,66,36,30,,,,61,20,41,,,
29/08/2025 19:00,158,75,83,46,32,14,43,23,20,18,9,9,,,,75,37,38,,,,32,14,18,,,
29/08/2025 20:00,149,77,72,46,18,28,36,13,23,12,5,7,,,,35,15,20,,,,35,11,24,,,
29/08/2025 21:00,103,45,58,30,14,16,16,8,8,7,5,2,,,,0,0,0,,,,27,9,18,,,
29/08/2025 22:00,45,17,28,14,7,7,16,9,7,5,4,1,,,,0,0,0,,,,15,6,9,,,
29/08/2025 23:00,27,17,10,10,4,6,8,6,2,5,2,3,,,,0,0,0,,,,6,2,4,,,
30/08/2025 00:00,1,1,0,0,0,0,12,3,9,3,2,1,,,,0,0,0,,,,16,8,8,,,
30/08/2025 01:00,2,2,0,1,0,1,2,0,2,3,3,0,,,,0,0,0,,,,11,7,4,,,
30/08/2025 02:00,1,0,1,0,0,0,1,1,0,0,0,0,,,,0,0,0,,,,4,2,2,,,
30/08/2025 03:00,2,1,1,0,0,0,1,0,1,1,0,1,,,,0,0,0,,,,2,0,2,,,
30/08/2025 04:00,2,2,0,1,1,0,1,1,0,0,0,0,,,,2,1,1,,,,2,2,0,,,
30/08/2025 05:00,7,3,4,1,0,1,3,3,0,0,0,0,,,,11,6,5,,,,2,2,0,,,
30/08/2025 06:00,27,13,14,6,2,4,1,1,0,0,0,0,,,,9,6,3,,,,7,5,2,,,
30/08/2025 07:00,95,45,50,23,6,17,26,15,11,11,6,5,,,,41,21,20,,,,10,6,4,,,
30/08/2025 08:00,139,74,65,47,22,25,37,21,16,25,14,11,,,,79,36,43,,,,15,6,9,,,
30/08/2025 09:00,118,55,63,62,30,32,53,31,22,17,9,8,,,,110,60,50,,,,26,9,17,,,
30/08/2025 10:00,178,106,72,107,73,34,67,39,28,61,32,29,,,,175,108,67,,,,30,16,14,,,
30/08/2025 11:00,197,109,88,65,38,27,65,38,27,26,14,12,,,,108,61,47,,,,25,12,13,,,
30/08/2025 12:00,138,71,67,46,26,20,45,24,21,32,23,9,,,,71,30,41,,,,27,12,15,,,
30/08/2025 13:00,76,38,38,31,20,11,27,17,10,28,16,12,,,,45,26,19,,,,20,6,14,,,
30/08/2025 14:00,59,28,31,24,10,14,33,15,18,13,7,6,,,,33,19,14,,,,15,10,5,,,
30/08/2025 15:00,160,88,72,59,31,28,43,23,20,43,23,20,,,,70,44,26,,,,40,25,15,,,
30/08/2025 16:00,266,152,114,55,24,31,48,34,14,38,19,19,,,,110,58,52,,,,47,18,29,,,
30/08/2025 17:00,245,134,111,61,36,25,56,33,23,26,12,14,,,,89,57,32,,,,60,26,34,,,
30/08/2025 18:00,245,117,128,69,41,28,49,35,14,16,9,7,,,,83,38,45,,,,54,23,31,,,
30/08/2025 19:00,171,75,96,49,22,27,58,25,33,17,7,10,,,,62,29,33,,,,37,17,20,,,
30/08/2025 20:00,136,72,64,34,17,17,35,17,18,11,8,3,,,,67,34,33,,,,26,11,15,,,
30/08/2025 21:00,46,23,23,10,6,4,25,16,9,3,2,1,,,,5,3,2,,,,23,6,17,,,
30/08/2025 22:00,18,9,9,7,4,3,12,5,7,3,2,1,,,,9,5,4,,,,22,5,17,,,
30/08/2025 23:00,19,8,11,2,1,1,7,4,3,3,2,1,,,,3,2,1,,,,8,2,6,,,
31/08/2025 00:00,0,0,0,2,1,1,6,2,4,0,0,0,,,,1,1,0,,,,4,1,3,,,
31/08/2025 01:00,0,0,0,1,1,0,2,2,0,0,0,0,,,,1,1,0,,,,8,5,3,,,
31/08/2025 02:00,0,0,0,0,0,0,1,0,1,1,1,0,,,,0,0,0,,,,6,1,5,,,
31/08/2025 03:00,2,0,2,0,0,0,0,0,0,0,0,0,,,,0,0,0,,,,3,1,2,,,
31/08/2025 04:00,0,0,0,0,0,0,0,0,0,0,0,0,,,,1,1,0,,,,4,2,2,,,
31/08/2025 05:00,1,1,0,0,0,0,0,0,0,0,0,0,,,,8,4,4,,,,1,0,1,,,
31/08/2025 06:00,17,8,9,4,4,0,6,4,2,0,0,0,,,,5,4,1,,,,2,1,1,,,
31/08/2025 07:00,73,36,37,23,12,11,14,6,8,4,3,1,,,,43,22,21,,,,8,2,6,,,
31/08/2025 08:00,147,60,87,42,22,20,36,20,16,25,12,13,,,,92,50,42,,,,12,9,3,,,
31/08/2025 09:00,246,138,108,83,54,29,58,26,32,34,22,12,,,,152,87,65,,,,36,17,19,,,
31/08/2025 10:00,356,191,165,122,79,43,100,66,34,84,66,18,,,,255,155,100,,,,53,34,19,,,
31/08/2025 11:00,396,235,161,132,80,52,105,72,33,78,45,33,,,,243,135,108,,,,61,34,27,,,
31/08/2025 12:00,450,221,229,167,99,68,119,70,49,50,28,22,,,,212,105,107,,,,53,31,22,,,
31/08/2025 13:00,436,246,190,89,49,40,123,61,62,58,27,31,,,,129,70,59,,,,40,21,19,,,
31/08/2025 14:00,529,287,242,93,47,46,89,40,49,45,23,22,,,,141,77,64,,,,52,23,29,,,
31/08/2025 15:00,560,297,263,83,37,46,55,23,32,58,29,29,,,,120,62,58,,,,54,19,35,,,
31/08/2025 16:00,365,198,167,62,30,32,70,39,31,69,46,23,,,,97,46,51,,,,61,33,28,,,
31/08/2025 17:00,215,103,112,57,22,35,79,49,30,50,25,25,,,,67,32,35,,,,36,12,24,,,
31/08/2025 18:00,161,74,87,49,28,21,41,27,14,29,13,16,,,,85,47,38,,,,36,14,22,,,
31/08/2025 19:00,139,75,64,40,19,21,20,11,9,17,5,12,,,,65,31,34,,,,39,22,17,,,
31/08/2025 20:00,91,43,48,38,17,21,16,8,8,11,7,4,,,,42,27,15,,,,23,7,16,,,
31/08/2025 21:00,34,18,16,12,7,5,10,7,3,14,8,6,,,,7,5,2,,,,9,3,6,,,
31/08/2025 22:00,17,9,8,7,0,7,10,2,8,6,3,3,,,,0,0,0,,,,10,4,6,,,
31/08/2025 23:00,5,3,2,0,0,0,6,6,0,0,0,0,,,,0,0,0,,,,6,3,3,,,
01/10/2025 00:00,0,0,0,0,0,0,0,0,0,1,1,0,,,,0,0,0,,,,3,3,0,,,
01/10/2025 01:00,0,0,0,2,0,2,0,0,0,0,0,0,,,,0,0,0,,,,2,2,0,,,
01/10/2025 02:00,1,1,0,0,0,0,0,0,0,0,0,0,,,,1,0,1,,,,0,0,0,,,
01/10/2025 03:00,0,0,0,0,0,0,0,0,0,0,0,0,,,,0,0,0,,,,0,0,0,,,
01/10/2025 04:00,1,1,0,0,0,0,0,0,0,0,0,0,,,,0,0,0,,,,0,0,0,,,
01/10/2025 05:00,8,4,4,1,0,1,0,0,0,1,1,0,,,,1,1,0,,,,8,4,4,,,
01/10/2025 06:00,26,8,18,25,13,12,17,11,6,8,4,4,,,,11,7,4,,,,14,6,8,,,
01/10/2025 07:00,81,41,40,34,14,20,27,15,12,19,9,10,,,,64,34,30,,,,37,20,17,,,
01/10/2025 08:00,102,44,58,35,13,22,37,10,27,40,22,18,,,,129,68,61,,,,101,73,28,,,
01/10/2025 09:00,99,50,49,38,30,8,42,24,18,18,10,8,,,,79,39,40,,,,52,29,23,,,
01/10/2025 10:00,138,73,65,41,19,22,32,22,10,31,20,11,,,,79,55,24,,,,39,24,15,,,
01/10/2025 11:00,135,76,59,51,28,23,37,18,19,18,6,12,,,,64,28,36,,,,35,17,18,,,
01/10/2025 12:00,179,87,92,48,18,30,52,35,17,27,10,17,,,,72,37,35,,,,42,25,17,,,
01/10/2025 13:00,199,89,110,28,15,13,52,26,26,24,13,11,,,,134,61,73,,,,56,28,28,,,
01/10/2025 14:00,131,62,69,31,19,12,34,8,26,26,12,14,,,,78,40,38,,,,51,22,29,,,
01/10/2025 15:00,132,54,78,27,13,14,42,17,25,17,11,6,,,,68,27,41,,,,85,34,51,,,
01/10/2025 16:00,130,61,69,47,26,21,34,19,15,21,10,11,,,,119,57,62,,,,61,32,29,,,
01/10/2025 17:00,144,71,73,54,29,25,50,29,21,24,13,11,,,,134,65,69,,,,78,33,45,,,
01/10/2025 18:00,179,95,84,82,56,26,68,38,30,24,13,11,,,,172,103,69,,,,71,39,32,,,
01/10/2025 19:00,195,96,99,76,21,55,85,40,45,25,14,11,,,,58,29,29,,,,85,42,43,,,
01/10/2025 20:00,117,69,48,49,24,25,38,20,18,8,4,4,,,,0,0,0,,,,40,22,18,,,
01/10/2025 21:00,62,39,23,30,15,15,25,9,16,1,1,0,,,,0,0,0,,,,12,7,5,,,
01/10/2025 22:00,12,8,4,13,2,11,15,7,8,0,0,0,,,,1,0,1,,,,11,7,4,,,
01/10/2025 23:00,7,5,2,0,0,0,2,0,2,1,0,1,,,,2,1,1,,,,3,2,1,,,
02/10/2025 00:00,0,0,0,0,0,0,1,1,0,0,0,0,,,,0,0,0,,,,8,2,6,,,
02/10/2025 01:00,0,0,0,2,0,2,0,0,0,1,0,1,,,,0,0,0,,,,4,2,2,,,
02/10/2025 02:00,0,0,0,0,0,0,1,0,1,0,0,0,,,,0,0,0,,,,1,0,1,,,
02/10/2025 03:00,1,1,0,0,0,0,4,2,2,0,0,0,,,,0,0,0,,,,0,0,0,,,
02/10/2025 04:00,2,1,1,0,0,0,0,0,0,1,1,0,,,,0,0,0,,,,2,2,0,,,
02/10/2025 05:00,5,0,5,2,2,0,2,1,1,1,1,0,,,,3,3,0,,,,8,4,4,,,
02/10/2025 06:00,47,27,20,19,15,4,23,16,7,13,7,6,,,,33,19,14,,,,10,5,5,,,
02/10/2025 07:00,69,31,38,32,15,17,30,13,17,14,4,10,,,,66,37,29,,,,47,29,18,,,
02/10/2025 08:00,98,46,52,45,19,26,37,9,28,48,21,27,,,,119,50,69,,,,121,81,40,,,
02/10/2025 09:00,163,102,61,41,27,14,35,21,14,29,19,10,,,,85,45,40,,,,53,30,23,,,
02/10/2025 10:00,183,89,94,34,18,16,39,19,20,22,13,9,,,,73,39,34,,,,40,17,23,,,
02/10/2025 11:00,143,75,68,42,27,15,31,16,15,17,8,9,,,,68,40,28,,,,30,16,14,,,
02/10/2025 12:00,129,67,62,43,21,22,34,11,23,23,13,10,,,,80,49,31,,,,35,18,17,,,
02/10/2025 13:00,111,53,58,30,12,18,39,19,20,22,11,11,,,,74,36,38,,,,67,26,41,,,
02/10/2025 14:00,85,42,43,20,10,10,13,10,3,28,12,16,,,,53,29,24,,,,57,27,30,,,
02/10/2025 15:00,46,22,24,24,16,8,15,10,5,13,7,6,,,,57,25,32,,,,77,18,59,,,
02/10/2025 16:00,36,23,13,31,19,12,18,10,8,11,3,8,,,,57,29,28,,,,39,9,30,,,
02/10/2025 17:00,53,32,21,34,21,13,39,21,18,17,9,8,,,,76,36,40,,,,48,23,25,,,
02/10/2025 18:00,38,12,26,33,19,14,33,18,15,15,8,7,,,,41,20,21,,,,43,19,24,,,
02/10/2025 19:00,51,28,23,43,17,26,42,23,19,13,10,3,,,,37,25,12,,,,26,17,9,,,
02/10/2025 20:00,41,26,15,19,6,13,17,9,8,5,4,1,,,,0,0,0,,,,23,7,16,,,
02/10/2025 21:00,23,8,15,6,3,3,7,3,4,2,2,0,,,,6,5,1,,,,14,5,9,,,
02/10/2025 22:00,16,10,6,5,3,2,5,1,4,2,0,2,,,,1,1,0,,,,11,9,2,,,
02/10/2025 23:00,5,3,2,5,2,3,6,4,2,2,1,1,,,,1,0,1,,,,2,2,0,,,
03/10/2025 00:00,0,0,0,0,0,0,4,2,2,0,0,0,,,,0,0,0,,,,4,3,1,,,
03/10/2025 01:00,4,4,0,1,0,1,4,2,2,0,0,0,,,,0,0,0,,,,5,2,3,,,
03/10/2025 02:00,1,1,0,0,0,0,0,0,0,1,0,1,,,,0,0,0,,,,1,1,0,,,
03/10/2025 03:00,2,1,1,0,0,0,0,0,0,0,0,0,,,,0,0,0,,,,1,0,1,,,
03/10/2025 04:00,1,1,0,0,0,0,0,0,0,0,0,0,,,,8,4,4,,,,0,0,0,,,
03/10/2025 05:00,9,5,4,3,3,0,3,2,1,0,0,0,,,,5,3,2,,,,7,4,3,,,
03/10/2025 06:00,39,10,29,21,10,11,16,7,9,6,4,2,,,,15,9,6,,,,8,4,4,,,
03/10/2025 07:00,103,58,45,32,19,13,28,11,17,15,3,12,,,,51,22,29,,,,32,12,20,,,
03/10/2025 08:00,133,67,66,45,20,25,37,16,21,34,15,19,,,,80,50,30,,,,93,70,23,,,
03/10/2025 09:00,84,44,40,49,31,18,26,10,16,20,12,8,,,,57,29,28,,,,30,12,18,,,
03/10/2025 10:00,39,22,17,25,7,18,18,9,9,6,4,2,,,,35,11,24,,,,20,10,10,,,
03/10/2025 11:00,28,17,11,9,7,2,16,10,6,6,4,2,,,,8,7,1,,,,12,5,7,,,
03/10/2025 12:00,36,13,23,14,7,7,8,5,3,10,9,1,,,,22,11,11,,,,25,11,14,,,
03/10/2025 13:00,64,32,32,22,9,13,24,14,10,7,1,6,,,,37,20,17,,,,59,20,39,,,
03/10/2025 14:00,56,29,27,14,6,8,15,9,6,14,9,5,,,,30,12,18,,,,48,21,27,,,
03/10/2025 15:00,99,44,55,36,11,25,17,9,8,19,10,9,,,,56,30,26,,,,43,20,23,,,
03/10/2025 16:00,77,39,38,24,7,17,26,14,12,30,17,13,,,,50,17,33,,,,58,33,25,,,
03/10/2025 17:00,60,34,26,29,13,16,22,13,9,529,519,10,,,,61,29,32,,,,36,16,20,,,
03/10/2025 18:00,87,50,37,36,22,14,34,22,12,317,309,8,,,,48,22,26,,,,28,13,15,,,
03/10/2025 19:00,62,31,31,32,17,15,23,12,11,65,64,1,,,,28,19,9,,,,30,14,16,,,
03/10/2025 20:00,32,18,14,11,8,3,9,7,2,12,11,1,,,,12,8,4,,,,26,12,14,,,
03/10/2025 21:00,19,9,10,11,5,6,10,4,6,4,4,0,,,,3,3,0,,,,16,5,11,,,
03/10/2025 22:00,13,8,5,2,1,1,7,3,4,3,2,1,,,,1,0,1,,,,8,5,3,,,
03/10/2025 23:00,6,6,0,1,0,1,3,1,2,4,2,2,,,,3,3,0,,,,7,5,2,,,
04/10/2025 00:00,1,1,0,0,0,0,6,1,5,2,1,1,,,,1,0,1,,,,11,10,1,,,
04/10/2025 01:00,3,3,0,1,0,1,1,0,1,0,0,0,,,,0,0,0,,,,4,2,2,,,
04/10/2025 02:00,1,1,0,0,0,0,1,0,1,0,0,0,,,,1,1,0,,,,4,3,1,,,
04/10/2025 03:00,1,1,0,0,0,0,0,0,0,0,0,0,,,,1,1,0,,,,5,2,3,,,
04/10/2025 04:00,1,1,0,0,0,0,0,0,0,0,0,0,,,,0,0,0,,,,0,0,0,,,
04/10/2025 05:00,1,1,0,0,0,0,0,0,0,0,0,0,,,,1,1,0,,,,1,1,0,,,
04/10/2025 06:00,8,2,6,0,0,0,1,0,1,1,1,0,,,,7,0,7,,,,8,5,3,,,
04/10/2025 07:00,24,7,17,16,8,8,11,5,6,2,1,1,,,,16,12,4,,,,7,1,6,,,
04/10/2025 08:00,56,35,21,22,13,9,17,10,7,13,9,4,,,,43,23,20,,,,12,7,5,,,
04/10/2025 09:00,49,27,22,50,23,27,36,23,13,18,11,7,,,,56,36,20,,,,16,7,9,,,
04/10/2025 10:00,55,31,24,39,20,19,26,12,14,17,9,8,,,,48,32,16,,,,15,8,7,,,
04/10/2025 11:00,103,46,57,48,29,19,40,22,18,22,11,11,,,,74,42,32,,,,19,9,10,,,
04/10/2025 12:00,173,89,84,45,35,10,32,18,14,34,19,15,,,,99,51,48,,,,25,10,15,,,
04/10/2025 13:00,179,106,73,80,48,32,57,25,32,32,16,16,,,,80,49,31,,,,25,9,16,,,
04/10/2025 14:00,206,101,105,85,51,34,49,27,22,28,16,12,,,,94,49,45,,,,32,12,20,,,
04/10/2025 15:00,233,107,126,67,46,21,48,30,18,30,20,10,,,,96,54,42,,,,44,18,26,,,
04/10/2025 16:00,155,69,86,49,30,19,57,26,31,24,10,14,,,,51,22,29,,,,26,13,13,,,
04/10/2025 17:00,113,57,56,40,24,16,43,17,26,24,11,13,,,,60,32,28,,,,18,9,9,,,
04/10/2025 18:00,82,54,28,26,10,16,28,13,15,24,20,4,,,,34,17,17,,,,21,10,11,,,
04/10/2025 19:00,44,28,16,13,8,5,15,8,7,6,1,5,,,,16,7,9,,,,19,12,7,,,
04/10/2025 20:00,35,16,19,12,7,5,26,15,11,6,4,2,,,,1,1,0,,,,15,8,7,,,
04/10/2025 21:00,27,14,13,8,3,5,12,4,8,2,2,0,,,,2,2,0,,,,16,9,7,,,
04/10/2025 22:00,16,7,9,5,1,4,5,1,4,3,1,2,,,,0,0,0,,,,6,2,4,,,
04/10/2025 23:00,7,5,2,3,1,2,6,3,3,1,0,1,,,,0,0,0,,,,7,4,3,,,
05/10/2025 00:00,0,0,0,1,0,1,1,1,0,0,0,0,,,,0,0,0,,,,9,2,7,,,
05/10/2025 01:00,3,2,1,0,0,0,0,0,0,0,0,0,,,,0,0,0,,,,10,6,4,,,
05/10/2025 02:00,1,0,1,0,0,0,0,0,0,0,0,0,,,,0,0,0,,,,1,1,0,,,
05/10/2025 03:00,2,2,0,0,0,0,0,0,0,0,0,0,,,,0,0,0,,,,2,0,2,,,
05/10/2025 04:00,0,0,0,0,0,0,1,0,1,1,1,0,,,,2,1,1,,,,2,2,0,,,
05/10/2025 05:00,1,1,0,0,0,0,0,0,0,0,0,0,,,,12,6,6,,,,6,5,1,,,
05/10/2025 06:00,8,3,5,1,1,0,0,0,0,1,0,1,,,,8,5,3,,,,4,4,0,,,
05/10/2025 07:00,39,19,20,15,8,7,12,6,6,8,7,1,,,,35,19,16,,,,5,2,3,,,
05/10/2025 08:00,97,45,52,47,24,23,41,17,24,19,10,9,,,,80,45,35,,,,21,10,11,,,
05/10/2025 09:00,199,108,91,104,63,41,77,49,28,36,22,14,,,,139,75,64,,,,29,14,15,,,
05/10/2025 10:00,332,179,153,127,72,55,100,58,42,31,12,19,,,,207,117,90,,,,54,30,24,,,
05/10/2025 11:00,449,224,225,175,103,72,132,82,50,28,15,13,,,,257,148,109,,,,48,26,22,,,
05/10/2025 12:00,415,223,192,125,78,47,103,57,46,54,27,27,,,,174,89,85,,,,34,12,22,,,
05/10/2025 13:00,467,265,202,121,77,44,98,55,43,35,20,15,,,,136,67,69,,,,33,11,22,,,
05/10/2025 14:00,455,222,233,110,48,62,93,51,42,22,11,11,,,,153,83,70,,,,39,13,26,,,
05/10/2025 15:00,443,223,220,85,54,31,110,59,51,35,23,12,,,,131,72,59,,,,55,22,33,,,
05/10/2025 16:00,327,155,172,71,32,39,76,33,43,27,9,18,,,,121,53,68,,,,47,23,24,,,
05/10/2025 17:00,212,106,106,63,35,28,67,34,33,33,16,17,,,,96,45,51,,,,27,11,16,,,
05/10/2025 18:00,141,77,64,54,31,23,37,21,16,16,11,5,,,,65,29,36,,,,37,22,15,,,
05/10/2025 19:00,93,51,42,43,26,17,36,16,20,15,10,5,,,,29,25,4,,,,22,13,9,,,
05/10/2025 20:00,69,38,31,23,7,16,18,8,10,3,2,1,,,,0,0,0,,,,28,14,14,,,
05/10/2025 21:00,41,21,20,11,6,5,8,6,2,2,2,0,,,,7,7,0,,,,34,17,17,,,
05/10/2025 22:00,16,12,4,3,1,2,7,3,4,2,0,2,,,,1,1,0,,,,9,5,4,,,
05/10/2025 23:00,4,2,2,5,1,4,1,0,1,1,0,1,,,,0,0,0,,,,6,2,4,,,
06/10/2025 00:00,0,0,0,0,0,0,0,0,0,1,1,0,,,,0,0,0,,,,3,1,2,,,
06/10/2025 01:00,0,0,0,1,0,1,2,1,1,0,0,0,,,,0,0,0,,,,2,1,1,,,
06/10/2025 02:00,0,0,0,0,0,0,0,0,0,3,0,3,,,,0,0,0,,,,0,0,0,,,
06/10/2025 03:00,0,0,0,0,0,0,0,0,0,0,0,0,,,,0,0,0,,,,0,0,0,,,
06/10/2025 04:00,1,1,0,0,0,0,0,0,0,0,0,0,,,,9,5,4,,,,1,1,0,,,
06/10/2025 05:00,6,1,5,0,0,0,1,1,0,1,1,0,,,,1,0,1,,,,4,1,3,,,
06/10/2025 06:00,42,23,19,21,10,11,31,19,12,8,3,5,,,,13,4,9,,,,13,7,6,,,
06/10/2025 07:00,74,39,35,24,14,10,19,9,10,15,3,12,,,,42,26,16,,,,49,21,28,,,
06/10/2025 08:00,110,60,50,48,22,26,38,20,18,47,24,23,,,,119,56,63,,,,108,69,39,,,
06/10/2025 09:00,138,70,68,44,16,28,27,14,13,21,11,10,,,,102,58,44,,,,46,23,23,,,
06/10/2025 10:00,176,101,75,47,19,28,36,25,11,29,16,13,,,,71,37,34,,,,34,12,22,,,
06/10/2025 11:00,184,80,104,50,34,16,46,22,24,31,11,20,,,,82,53,29,,,,31,21,10,,,
06/10/2025 12:00,189,104,85,68,28,40,62,20,42,30,13,17,,,,80,40,40,,,,49,32,17,,,
06/10/2025 13:00,254,131,123,104,70,34,75,43,32,41,28,13,,,,122,71,51,,,,66,45,21,,,
06/10/2025 14:00,175,88,87,44,24,20,47,15,32,37,24,13,,,,110,60,50,,,,79,35,44,,,
06/10/2025 15:00,164,84,80,44,26,18,28,20,8,79,67,12,,,,81,37,44,,,,66,34,32,,,
06/10/2025 16:00,138,71,67,55,25,30,29,17,12,44,32,12,,,,103,49,54,,,,71,32,39,,,
06/10/2025 17:00,150,70,80,60,37,23,41,27,14,51,41,10,,,,136,65,71,,,,95,39,56,,,
06/10/2025 18:00,196,102,94,128,80,48,84,49,35,68,55,13,,,,150,77,73,,,,69,32,37,,,
06/10/2025 19:00,183,93,90,78,36,42,49,30,19,27,22,5,,,,71,42,29,,,,66,27,39,,,
06/10/2025 20:00,141,78,63,81,29,52,36,16,20,12,8,4,,,,22,15,7,,,,31,9,22,,,
06/10/2025 21:00,77,41,36,24,12,12,20,12,8,6,4,2,,,,14,11,3,,,,16,4,12,,,
06/10/2025 22:00,13,5,8,8,1,7,2,2,0,0,0,0,,,,3,2,1,,,,13,5,8,,,
06/10/2025 23:00,5,1,4,2,0,2,3,0,3,0,0,0,,,,1,1,0,,,,5,5,0,,,
07/10/2025 00:00,0,0,0,0,0,0,2,2,0,0,0,0,,,,0,0,0,,,,3,1,2,,,
07/10/2025 01:00,0,0,0,0,0,0,0,0,0,0,0,0,,,,0,0,0,,,,0,0,0,,,
07/10/2025 02:00,0,0,0,0,0,0,0,0,0,0,0,0,,,,0,0,0,,,,2,1,1,,,
07/10/2025 03:00,0,0,0,0,0,0,0,0,0,0,0,0,,,,0,0,0,,,,0,0,0,,,
07/10/2025 04:00,2,2,0,1,0,1,1,1,0,0,0,0,,,,13,7,6,,,,2,2,0,,,
07/10/2025 05:00,16,6,10,1,0,1,2,2,0,4,4,0,,,,6,4,2,,,,6,3,3,,,
07/10/2025 06:00,60,31,29,17,11,6,24,14,10,5,3,2,,,,24,16,8,,,,13,7,6,,,
07/10/2025 07:00,81,41,40,29,14,15,26,13,13,12,6,6,,,,98,57,41,,,,41,23,18,,,
07/10/2025 08:00,110,53,57,38,14,24,35,19,16,57,25,32,,,,94,40,54,,,,138,102,36,,,
07/10/2025 09:00,119,53,66,47,24,23,27,16,11,20,11,9,,,,77,44,33,,,,77,33,44,,,
07/10/2025 10:00,130,65,65,52,33,19,42,21,21,12,3,9,,,,54,36,18,,,,72,17,55,,,
07/10/2025 11:00,106,58,48,57,20,37,45,23,22,17,12,5,,,,73,40,33,,,,53,25,28,,,
07/10/2025 12:00,165,81,84,37,14,23,34,15,19,30,18,12,,,,92,55,37,,,,74,56,18,,,
07/10/2025 13:00,151,74,77,37,23,14,48,25,23,20,12,8,,,,73,45,28,,,,79,29,50,,,
07/10/2025 14:00,124,51,73,32,18,14,24,13,11,32,15,17,,,,61,37,24,,,,59,21,38,,,
07/10/2025 15:00,109,54,55,36,15,21,38,19,19,30,12,18,,,,91,53,38,,,,132,46,86,,,
07/10/2025 16:00,99,58,41,51,26,25,21,11,10,20,6,14,,,,118,53,65,,,,94,42,52,,,
07/10/2025 17:00,76,38,38,55,29,26,48,24,24,24,9,15,,,,110,50,60,,,,69,32,37,,,
07/10/2025 18:00,111,61,50,58,38,20,41,31,10,21,13,8,,,,110,53,57,,,,74,32,42,,,
07/10/2025 19:00,89,47,42,48,21,27,61,24,37,14,7,7,,,,85,56,29,,,,64,18,46,,,
07/10/2025 20:00,84,42,42,29,16,13,49,25,24,12,7,5,,,,26,13,13,,,,30,9,21,,,
07/10/2025 21:00,37,22,15,23,10,13,10,2,8,2,1,1,,,,12,7,5,,,,32,8,24,,,
07/10/2025 22:00,22,14,8,4,2,2,7,3,4,3,1,2,,,,7,6,1,,,,5,3,2,,,
07/10/2025 23:00,7,5,2,2,1,1,8,3,5,1,1,0,,,,0,0,0,,,,13,7,6,,,
08/10/2025 00:00,0,0,0,3,3,0,0,0,0,0,0,0,,,,2,1,1,,,,3,0,3,,,
08/10/2025 01:00,1,1,0,0,0,0,1,0,1,0,0,0,,,,0,0,0,,,,1,1,0,,,
08/10/2025 02:00,1,0,1,0,0,0,2,1,1,0,0,0,,,,0,0,0,,,,1,1,0,,,
08/10/2025 03:00,0,0,0,0,0,0,0,0,0,0,0,0,,,,0,0,0,,,,1,0,1,,,
08/10/2025 04:00,1,1,0,0,0,0,0,0,0,1,0,1,,,,4,1,3,,,,1,1,0,,,
08/10/2025 05:00,7,1,6,1,0,1,3,1,2,1,0,1,,,,11,6,5,,,,10,4,6,,,
08/10/2025 06:00,48,22,26,22,10,12,21,9,12,10,5,5,,,,22,11,11,,,,15,7,8,,,
08/10/2025 07:00,74,38,36,45,20,25,17,11,6,16,4,12,,,,74,46,28,,,,43,22,21,,,
08/10/2025 08:00,96,54,42,45,19,26,34,16,18,43,25,18,,,,124,58,66,,,,141,108,33,,,
08/10/2025 09:00,115,62,53,50,35,15,29,17,12,27,16,11,,,,83,40,43,,,,43,22,21,,,
08/10/2025 10:00,134,60,74,42,21,21,42,21,21,14,8,6,,,,61,42,19,,,,47,21,26,,,
08/10/2025 11:00,146,75,71,52,25,27,35,14,21,21,11,10,,,,57,23,34,,,,46,27,19,,,
08/10/2025 12:00,181,101,80,55,30,25,46,26,20,19,8,11,,,,90,46,44,,,,42,18,24,,,
08/10/2025 13:00,236,117,119,76,37,39,54,25,29,32,20,12,,,,98,54,44,,,,64,26,38,,,
08/10/2025 14:00,160,71,89,48,30,18,54,21,33,29,17,12,,,,100,52,48,,,,82,30,52,,,
08/10/2025 15:00,163,80,83,55,27,28,30,14,16,25,8,17,,,,93,36,57,,,,99,27,72,,,
08/10/2025 16:00,126,65,61,35,19,16,32,19,13,24,14,10,,,,85,39,46,,,,77,33,44,,,
08/10/2025 17:00,116,57,59,62,34,28,55,31,24,22,12,10,,,,142,72,70,,,,63,20,43,,,
08/10/2025 18:00,137,64,73,63,42,21,46,26,20,64,33,31,,,,114,60,54,,,,62,25,37,,,
08/10/2025 19:00,175,101,74,57,26,31,41,22,19,9,3,6,,,,92,55,37,,,,41,24,17,,,
08/10/2025 20:00,114,54,60,27,10,17,37,16,21,10,3,7,,,,34,23,11,,,,34,12,22,,,
08/10/2025 21:00,36,21,15,16,8,8,24,17,7,6,3,3,,,,14,8,6,,,,22,8,14,,,
08/10/2025 22:00,37,15,22,9,2,7,7,2,5,5,4,1,,,,8,3,5,,,,13,5,8,,,
08/10/2025 23:00,7,6,1,2,0,2,3,1,2,4,3,1,,,,0,0,0,,,,2,1,1,,,
09/10/2025 00:00,0,0,0,0,0,0,0,0,0,0,0,0,,,,0,0,0,,,,6,5,1,,,
09/10/2025 01:00,1,1,0,0,0,0,0,0,0,0,0,0,,,,0,0,0,,,,23,18,5,,,
09/10/2025 02:00,0,0,0,0,0,0,0,0,0,0,0,0,,,,0,0,0,,,,2,1,1,,,
09/10/2025 03:00,1,1,0,1,1,0,1,1,0,0,0,0,,,,0,0,0,,,,1,0,1,,,
09/10/2025 04:00,2,1,1,0,0,0,0,0,0,1,1,0,,,,3,2,1,,,,7,3,4,,,
09/10/2025 05:00,8,1,7,4,0,4,1,1,0,2,2,0,,,,0,0,0,,,,4,2,2,,,
09/10/2025 06:00,55,27,28,30,17,13,27,16,11,6,4,2,,,,25,15,10,,,,18,10,8,,,
09/10/2025 07:00,93,49,44,38,13,25,29,15,14,10,5,5,,,,66,29,37,,,,38,19,19,,,
09/10/2025 08:00,97,55,42,37,16,21,32,9,23,37,16,21,,,,109,47,62,,,,131,90,41,,,
09/10/2025 09:00,115,49,66,42,28,14,25,15,10,29,9,20,,,,88,44,44,,,,55,21,34,,,
09/10/2025 10:00,130,61,69,48,22,26,30,11,19,12,6,6,,,,84,44,40,,,,37,17,20,,,
09/10/2025 11:00,135,76,59,42,18,24,38,19,19,24,11,13,,,,67,37,30,,,,63,38,25,,,
09/10/2025 12:00,142,68,74,30,14,16,37,12,25,25,14,11,,,,76,41,35,,,,59,40,19,,,
09/10/2025 13:00,162,79,83,40,16,24,44,25,19,31,16,15,,,,97,53,44,,,,73,33,40,,,
09/10/2025 14:00,138,69,69,30,19,11,27,15,12,29,9,20,,,,89,49,40,,,,65,28,37,,,
09/10/2025 15:00,100,43,57,35,21,14,30,18,12,12,8,4,,,,91,41,50,,,,107,32,75,,,
09/10/2025 16:00,103,45,58,41,22,19,41,22,19,15,5,10,,,,85,37,48,,,,76,25,51,,,
09/10/2025 17:00,97,54,43,56,33,23,42,25,17,16,10,6,,,,114,49,65,,,,77,37,40,,,
09/10/2025 18:00,113,62,51,56,29,27,34,16,18,30,16,14,,,,113,56,57,,,,84,34,50,,,
09/10/2025 19:00,102,52,50,45,22,23,31,22,9,7,4,3,,,,62,35,27,,,,58,35,23,,,
09/10/2025 20:00,97,57,40,48,27,21,36,24,12,12,7,5,,,,15,11,4,,,,31,7,24,,,
09/10/2025 21:00,53,28,25,21,11,10,23,10,13,6,2,4,,,,0,0,0,,,,40,19,21,,,
09/10/2025 22:00,21,11,10,9,5,4,5,2,3,1,1,0,,,,0,0,0,,,,16,8,8,,,
09/10/2025 23:00,1,1,0,2,1,1,3,1,2,8,5,3,,,,0,0,0,,,,6,3,3,,,
10/10/2025 00:00,0,0,0,0,0,0,2,1,1,1,1,0,,,,0,0,0,,,,2,1,1,,,
10/10/2025 01:00,2,2,0,0,0,0,0,0,0,0,0,0,,,,0,0,0,,,,3,2,1,,,
10/10/2025 02:00,2,2,0,0,0,0,0,0,0,0,0,0,,,,0,0,0,,,,0,0,0,,,
10/10/2025 03:00,1,1,0,0,0,0,1,0,1,0,0,0,,,,0,0,0,,,,2,0,2,,,
10/10/2025 04:00,1,0,1,0,0,0,1,0,1,0,0,0,,,,0,0,0,,,,2,2,0,,,
10/10/2025 05:00,11,5,6,1,1,0,4,3,1,3,3,0,,,,3,1,2,,,,8,4,4,,,
10/10/2025 06:00,44,17,27,16,9,7,23,11,12,6,4,2,,,,21,11,10,,,,15,7,8,,,
10/10/2025 07:00,79,40,39,37,17,20,28,13,15,12,5,7,,,,51,23,28,,,,40,24,16,,,
10/10/2025 08:00,136,61,75,38,19,19,31,18,13,46,23,23,,,,120,69,51,,,,111,80,31,,,
10/10/2025 09:00,131,72,59,53,34,19,33,16,17,26,17,9,,,,86,45,41,,,,44,18,26,,,
10/10/2025 10:00,109,60,49,31,13,18,30,18,12,8,1,7,,,,67,34,33,,,,34,23,11,,,
10/10/2025 11:00,137,66,71,43,17,26,34,15,19,13,6,7,,,,54,27,27,,,,28,11,17,,,
10/10/2025 12:00,121,60,61,54,31,23,37,16,21,19,10,9,,,,60,24,36,,,,43,18,25,,,
10/10/2025 13:00,152,87,65,49,23,26,38,20,18,27,14,13,,,,92,49,43,,,,89,18,71,,,
10/10/2025 14:00,166,87,79,25,16,9,22,10,12,34,14,20,,,,112,62,50,,,,52,24,28,,,
10/10/2025 15:00,130,56,74,52,34,18,31,18,13,18,8,10,,,,83,32,51,,,,61,17,44,,,
10/10/2025 16:00,103,63,40,43,19,24,43,22,21,20,12,8,,,,81,41,40,,,,48,22,26,,,
10/10/2025 17:00,97,47,50,26,14,12,50,20,30,13,3,10,,,,80,41,39,,,,55,32,23,,,
10/10/2025 18:00,92,49,43,39,19,20,43,19,24,17,8,9,,,,119,61,58,,,,57,25,32,,,
10/10/2025 19:00,126,58,68,32,19,13,50,21,29,16,11,5,,,,41,24,17,,,,56,17,39,,,
10/10/2025 20:00,71,38,33,21,6,15,26,11,15,7,7,0,,,,30,17,13,,,,29,14,15,,,
10/10/2025 21:00,38,22,16,10,5,5,17,9,8,1,1,0,,,,11,5,6,,,,21,11,10,,,
10/10/2025 22:00,32,22,10,17,12,5,25,19,6,3,0,3,,,,5,3,2,,,,16,10,6,,,
10/10/2025 23:00,8,6,2,4,3,1,15,9,6,1,1,0,,,,3,1,2,,,,14,8,6,,,
11/10/2025 00:00,0,0,0,2,0,2,11,0,11,1,0,1,,,,1,0,1,,,,3,1,2,,,
11/10/2025 01:00,4,4,0,0,0,0,0,0,0,5,5,0,,,,0,0,0,,,,7,2,5,,,
11/10/2025 02:00,0,0,0,1,1,0,0,0,0,0,0,0,,,,3,3,0,,,,6,3,3,,,
11/10/2025 03:00,0,0,0,0,0,0,0,0,0,0,0,0,,,,0,0,0,,,,0,0,0,,,
11/10/2025 04:00,2,1,1,0,0,0,0,0,0,0,0,0,,,,4,1,3,,,,2,2,0,,,
11/10/2025 05:00,4,1,3,0,0,0,0,0,0,0,0,0,,,,10,5,5,,,,4,4,0,,,
11/10/2025 06:00,24,9,15,2,1,1,7,5,2,2,2,0,,,,8,4,4,,,,10,6,4,,,
11/10/2025 07:00,88,48,40,33,21,12,17,10,7,1,1,0,,,,41,25,16,,,,15,7,8,,,
11/10/2025 08:00,108,50,58,68,34,34,47,23,24,18,13,5,,,,96,59,37,,,,25,13,12,,,
11/10/2025 09:00,189,106,83,80,49,31,60,35,25,20,10,10,,,,119,58,61,,,,29,12,17,,,
11/10/2025 10:00,195,106,89,95,51,44,78,42,36,25,14,11,,,,156,88,68,,,,47,17,30,,,
11/10/2025 11:00,269,151,118,89,43,46,70,41,29,13,7,6,,,,139,78,61,,,,52,25,27,,,
11/10/2025 12:00,256,148,108,78,43,35,81,46,35,43,21,22,,,,122,62,60,,,,67,25,42,,,
11/10/2025 13:00,271,128,143,88,50,38,76,35,41,36,22,14,,,,104,53,51,,,,60,26,34,,,
11/10/2025 14:00,272,135,137,73,33,40,52,22,30,29,17,12,,,,108,63,45,,,,49,25,24,,,
11/10/2025 15:00,287,146,141,71,37,34,60,33,27,25,10,15,,,,131,66,65,,,,41,20,21,,,
11/10/2025 16:00,222,100,122,69,42,27,65,28,37,36,18,18,,,,142,70,72,,,,40,19,21,,,
11/10/2025 17:00,223,91,132,50,23,27,68,25,43,15,4,11,,,,70,23,47,,,,40,22,18,,,
11/10/2025 18:00,145,64,81,26,15,11,47,23,24,20,16,4,,,,58,29,29,,,,51,26,25,,,
11/10/2025 19:00,115,65,50,44,23,21,36,21,15,20,8,12,,,,29,12,17,,,,37,20,17,,,
11/10/2025 20:00,65,35,30,5,2,3,18,10,8,4,2,2,,,,10,4,6,,,,31,9,22,,,
11/10/2025 21:00,55,29,26,14,5,9,20,8,12,1,1,0,,,,10,5,5,,,,25,15,10,,,
11/10/2025 22:00,23,11,12,8,5,3,10,5,5,6,2,4,,,,8,5,3,,,,24,17,7,,,
11/10/2025 23:00,6,5,1,2,0,2,4,2,2,3,1,2,,,,0,0,0,,,,8,7,1,,,
12/10/2025 00:00,0,0,0,0,0,0,3,1,2,1,1,0,,,,1,1,0,,,,11,7,4,,,
12/10/2025 01:00,1,1,0,0,0,0,4,3,1,0,0,0,,,,1,1,0,,,,13,7,6,,,
12/10/2025 02:00,1,1,0,3,1,2,6,3,3,3,1,2,,,,0,0,0,,,,0,0,0,,,
12/10/2025 03:00,0,0,0,0,0,0,4,1,3,1,0,1,,,,1,1,0,,,,2,1,1,,,
12/10/2025 04:00,0,0,0,0,0,0,0,0,0,0,0,0,,,,14,7,7,,,,5,5,0,,,
12/10/2025 05:00,2,1,1,0,0,0,0,0,0,0,0,0,,,,0,0,0,,,,2,2,0,,,
12/10/2025 06:00,19,8,11,3,2,1,5,1,4,1,1,0,,,,2,1,1,,,,2,1,1,,,
12/10/2025 07:00,61,30,31,11,5,6,8,3,5,7,3,4,,,,29,16,13,,,,5,3,2,,,
12/10/2025 08:00,96,44,52,47,30,17,47,22,25,7,1,6,,,,60,33,27,,,,14,6,8,,,
12/10/2025 09:00,205,111,94,72,35,37,76,39,37,29,16,13,,,,122,72,50,,,,27,13,14,,,
12/10/2025 10:00,330,180,150,97,53,44,83,52,31,27,16,11,,,,161,90,71,,,,46,21,25,,,
12/10/2025 11:00,382,191,191,127,92,35,91,57,34,30,19,11,,,,163,101,62,,,,65,35,30,,,
12/10/2025 12:00,407,208,199,128,68,60,87,39,48,50,31,19,,,,158,85,73,,,,62,39,23,,,
12/10/2025 13:00,478,263,215,83,47,36,100,42,58,22,12,10,,,,144,80,64,,,,71,33,38,,,
12/10/2025 14:00,447,223,224,79,39,40,68,35,33,27,13,14,,,,114,61,53,,,,52,20,32,,,
12/10/2025 15:00,461,211,250,86,42,44,93,46,47,28,18,10,,,,156,91,65,,,,60,32,28,,,
12/10/2025 16:00,387,189,198,86,47,39,62,24,38,23,11,12,,,,146,72,74,,,,55,32,23,,,
12/10/2025 17:00,233,116,117,65,32,33,62,34,28,22,15,7,,,,118,42,76,,,,49,23,26,,,
12/10/2025 18:00,158,82,76,33,11,22,33,12,21,21,10,11,,,,76,30,46,,,,47,15,32,,,
12/10/2025 19:00,113,61,52,31,16,15,36,18,18,7,5,2,,,,43,24,19,,,,21,14,7,,,
12/10/2025 20:00,67,40,27,23,8,15,15,6,9,7,4,3,,,,12,5,7,,,,14,9,5,,,
12/10/2025 21:00,46,26,20,5,1,4,12,7,5,5,3,2,,,,16,11,5,,,,15,2,13,,,
12/10/2025 22:00,13,9,4,9,5,4,11,5,6,4,3,1,,,,4,2,2,,,,7,5,2,,,
12/10/2025 23:00,5,5,0,1,1,0,0,0,0,3,2,1,,,,6,2,4,,,,7,5,2,,,
13/10/2025 00:00,0,0,0,0,0,0,1,1,0,0,0,0,,,,0,0,0,,,,3,2,1,,,
13/10/2025 01:00,0,0,0,0,0,0,0,0,0,0,0,0,,,,0,0,0,,,,0,0,0,,,
13/10/2025 02:00,0,0,0,0,0,0,1,0,1,0,0,0,,,,0,0,0,,,,0,0,0,,,
13/10/2025 03:00,1,0,1,0,0,0,5,4,1,0,0,0,,,,0,0,0,,,,5,1,4,,,
13/10/2025 04:00,3,2,1,0,0,0,0,0,0,1,1,0,,,,0,0,0,,,,2,2,0,,,
13/10/2025 05:00,7,2,5,0,0,0,2,1,1,0,0,0,,,,2,0,2,,,,7,3,4,,,
13/10/2025 06:00,32,15,17,17,8,9,17,10,7,3,3,0,,,,7,3,4,,,,12,4,8,,,
13/10/2025 07:00,78,46,32,30,13,17,17,7,10,15,4,11,,,,57,32,25,,,,40,25,15,,,
13/10/2025 08:00,92,47,45,38,10,28,23,9,14,45,22,23,,,,104,50,54,,,,134,97,37,,,
13/10/2025 09:00,126,59,67,50,28,22,27,14,13,16,9,7,,,,86,50,36,,,,51,29,22,,,
13/10/2025 10:00,168,97,71,44,23,21,17,7,10,17,8,9,,,,82,43,39,,,,33,14,19,,,
13/10/2025 11:00,147,77,70,41,16,25,26,9,17,23,9,14,,,,56,25,31,,,,30,12,18,,,
13/10/2025 12:00,139,75,64,30,15,15,38,17,21,26,15,11,,,,72,38,34,,,,45,24,21,,,
13/10/2025 13:00,196,97,99,43,24,19,34,16,18,23,12,11,,,,79,42,37,,,,66,32,34,,,
13/10/2025 14:00,164,89,75,24,15,9,20,8,12,25,8,17,,,,109,50,59,,,,64,26,38,,,
13/10/2025 15:00,104,49,55,48,27,21,25,15,10,32,12,20,,,,82,28,54,,,,95,32,63,,,
13/10/2025 16:00,101,49,52,61,35,26,31,17,14,21,8,13,,,,109,58,51,,,,70,32,38,,,
13/10/2025 17:00,95,55,40,62,31,31,48,25,23,24,11,13,,,,113,58,55,,,,87,43,44,,,
13/10/2025 18:00,143,77,66,62,36,26,58,31,27,24,18,6,,,,105,59,46,,,,85,35,50,,,
13/10/2025 19:00,159,79,80,63,32,31,53,25,28,9,2,7,,,,59,28,31,,,,62,33,29,,,
13/10/2025 20:00,103,59,44,43,20,23,34,11,23,8,1,7,,,,37,15,22,,,,29,14,15,,,
13/10/2025 21:00,54,25,29,25,19,6,21,12,9,8,4,4,,,,25,12,13,,,,25,13,12,,,
13/10/2025 22:00,24,14,10,7,1,6,2,0,2,5,4,1,,,,3,2,1,,,,10,4,6,,,
13/10/2025 23:00,10,7,3,2,0,2,0,0,0,1,0,1,,,,2,1,1,,,,3,1,2,,,
14/10/2025 00:00,1,0,1,0,0,0,0,0,0,0,0,0,,,,1,0,1,,,,4,4,0,,,
14/10/2025 01:00,0,0,0,0,0,0,2,1,1,0,0,0,,,,0,0,0,,,,0,0,0,,,
14/10/2025 02:00,0,0,0,0,0,0,0,0,0,0,0,0,,,,0,0,0,,,,0,0,0,,,
14/10/2025 03:00,2,2,0,0,0,0,2,1,1,0,0,0,,,,0,0,0,,,,0,0,0,,,
14/10/2025 04:00,1,1,0,1,0,1,0,0,0,0,0,0,,,,0,0,0,,,,0,0,0,,,
14/10/2025 05:00,16,5,11,2,1,1,2,1,1,0,0,0,,,,4,3,1,,,,11,7,4,,,
14/10/2025 06:00,49,21,28,25,13,12,22,17,5,3,2,1,,,,29,13,16,,,,7,3,4,,,
14/10/2025 07:00,66,38,28,37,12,25,27,14,13,11,3,8,,,,61,35,26,,,,41,16,25,,,
14/10/2025 08:00,95,44,51,30,16,14,40,15,25,37,15,22,,,,112,51,61,,,,104,69,35,,,
14/10/2025 09:00,114,60,54,42,21,21,32,20,12,17,9,8,,,,72,36,36,,,,50,23,27,,,
14/10/2025 10:00,123,71,52,30,15,15,30,11,19,17,7,10,,,,69,43,26,,,,58,16,42,,,
14/10/2025 11:00,155,85,70,46,22,24,42,29,13,16,10,6,,,,53,27,26,,,,35,19,16,,,
14/10/2025 12:00,141,73,68,37,17,20,27,14,13,27,17,10,,,,87,52,35,,,,69,39,30,,,
14/10/2025 13:00,161,85,76,28,19,9,56,28,28,18,8,10,,,,95,51,44,,,,73,22,51,,,
14/10/2025 14:00,144,64,80,23,13,10,22,9,13,20,10,10,,,,62,31,31,,,,56,22,34,,,
14/10/2025 15:00,105,47,58,26,14,12,34,16,18,13,9,4,,,,67,30,37,,,,94,31,63,,,
14/10/2025 16:00,108,60,48,31,16,15,39,20,19,27,14,13,,,,88,51,37,,,,69,28,41,,,
14/10/2025 17:00,85,50,35,69,40,29,40,23,17,29,13,16,,,,110,54,56,,,,57,28,29,,,
14/10/2025 18:00,124,63,61,88,44,44,58,31,27,25,14,11,,,,121,70,51,,,,78,30,48,,,
14/10/2025 19:00,127,73,54,54,21,33,42,22,20,9,5,4,,,,77,40,37,,,,67,33,34,,,
14/10/2025 20:00,92,54,38,31,16,15,29,11,18,7,2,5,,,,41,19,22,,,,28,15,13,,,
14/10/2025 21:00,43,22,21,26,12,14,19,11,8,13,5,8,,,,20,6,14,,,,20,7,13,,,
14/10/2025 22:00,28,21,7,11,7,4,17,6,11,3,2,1,,,,17,13,4,,,,4,2,2,,,
14/10/2025 23:00,1,0,1,4,1,3,4,0,4,1,1,0,,,,3,3,0,,,,12,10,2,,,
15/10/2025 00:00,0,0,0,2,0,2,7,2,5,0,0,0,,,,0,0,0,,,,1,1,0,,,
15/10/2025 01:00,3,3,0,2,1,1,0,0,0,0,0,0,,,,0,0,0,,,,3,3,0,,,
15/10/2025 02:00,0,0,0,0,0,0,2,1,1,0,0,0,,,,0,0,0,,,,0,0,0,,,
15/10/2025 03:00,0,0,0,1,0,1,1,0,1,0,0,0,,,,0,0,0,,,,0,0,0,,,
15/10/2025 04:00,3,2,1,0,0,0,1,0,1,0,0,0,,,,0,0,0,,,,0,0,0,,,
15/10/2025 05:00,8,4,4,0,0,0,0,0,0,0,0,0,,,,4,4,0,,,,13,6,7,,,
15/10/2025 06:00,38,14,24,19,11,8,14,8,6,3,2,1,,,,9,4,5,,,,18,7,11,,,
15/10/2025 07:00,70,37,33,28,16,12,19,10,9,14,3,11,,,,62,37,25,,,,44,21,23,,,
15/10/2025 08:00,116,67,49,48,20,28,40,14,26,43,25,18,,,,121,64,57,,,,89,56,33,,,
15/10/2025 09:00,99,52,47,45,21,24,31,20,11,25,14,11,,,,77,36,41,,,,46,14,32,,,
15/10/2025 10:00,110,51,59,38,25,13,35,20,15,23,7,16,,,,37,23,14,,,,46,28,18,,,
15/10/2025 11:00,136,81,55,28,11,17,33,21,12,12,5,7,,,,54,27,27,,,,69,24,45,,,
15/10/2025 12:00,111,53,58,34,18,16,21,13,8,23,8,15,,,,64,32,32,,,,52,25,27,,,
15/10/2025 13:00,143,77,66,49,25,24,52,24,28,18,11,7,,,,93,44,49,,,,59,27,32,,,
15/10/2025 14:00,102,49,53,31,15,16,36,16,20,33,15,18,,,,71,38,33,,,,67,29,38,,,
15/10/2025 15:00,108,47,61,22,10,12,35,23,12,20,11,9,,,,60,23,37,,,,80,42,38,,,
15/10/2025 16:00,117,54,63,22,11,11,32,13,19,17,8,9,,,,72,36,36,,,,81,30,51,,,
15/10/2025 17:00,123,61,62,53,33,20,59,26,33,24,10,14,,,,119,53,66,,,,78,36,42,,,
15/10/2025 18:00,155,85,70,66,31,35,44,23,21,30,19,11,,,,97,52,45,,,,98,47,51,,,
15/10/2025 19:00,119,58,61,57,29,28,48,25,23,13,7,6,,,,81,43,38,,,,44,22,22,,,
15/10/2025 20:00,108,62,46,45,25,20,38,15,23,12,2,10,,,,47,23,24,,,,46,15,31,,,
15/10/2025 21:00,56,29,27,23,10,13,15,7,8,3,2,1,,,,30,14,16,,,,26,8,18,,,
15/10/2025 22:00,17,13,4,4,1,3,5,2,3,3,1,2,,,,3,1,2,,,,10,7,3,,,
15/10/2025 23:00,4,0,4,6,2,4,6,2,4,3,1,2,,,,3,1,2,,,,4,3,1,,,
16/10/2025 00:00,0,0,0,1,0,1,3,1,2,1,1,0,,,,1,1,0,,,,9,6,3,,,
16/10/2025 01:00,2,2,0,0,0,0,1,0,1,0,0,0,,,,0,0,0,,,,0,0,0,,,
16/10/2025 02:00,0,0,0,1,0,1,1,0,1,0,0,0,,,,1,1,0,,,,1,1,0,,,
16/10/2025 03:00,0,0,0,0,0,0,0,0,0,0,0,0,,,,0,0,0,,,,0,0,0,,,
16/10/2025 04:00,4,2,2,0,0,0,0,0,0,2,0,2,,,,0,0,0,,,,1,1,0,,,
16/10/2025 05:00,7,2,5,0,0,0,0,0,0,1,1,0,,,,4,3,1,,,,6,2,4,,,
16/10/2025 06:00,52,25,27,18,9,9,23,17,6,7,5,2,,,,18,11,7,,,,10,4,6,,,
16/10/2025 07:00,79,48,31,39,20,19,27,16,11,18,8,10,,,,64,31,33,,,,37,18,19,,,
16/10/2025 08:00,92,41,51,39,9,30,26,9,17,44,21,23,,,,108,46,62,,,,117,93,24,,,
16/10/2025 09:00,96,50,46,29,14,15,29,18,11,19,9,10,,,,69,32,37,,,,62,28,34,,,
16/10/2025 10:00,121,60,61,24,13,11,33,18,15,37,26,11,,,,47,30,17,,,,44,27,17,,,
16/10/2025 11:00,134,70,64,33,19,14,29,8,21,15,9,6,,,,89,53,36,,,,45,24,21,,,
16/10/2025 12:00,140,66,74,42,16,26,32,9,23,52,19,33,,,,81,36,45,,,,40,20,20,,,
16/10/2025 13:00,117,57,60,45,21,24,51,28,23,22,14,8,,,,77,47,30,,,,64,31,33,,,
16/10/2025 14:00,147,73,74,27,17,10,18,9,9,30,12,18,,,,64,40,24,,,,77,30,47,,,
16/10/2025 15:00,106,50,56,20,15,5,16,9,7,22,12,10,,,,114,53,61,,,,107,30,77,,,
16/10/2025 16:00,127,54,73,39,18,21,38,19,19,24,12,12,,,,89,47,42,,,,82,36,46,,,
16/10/2025 17:00,101,53,48,62,41,21,50,26,24,18,11,7,,,,88,41,47,,,,65,31,34,,,
16/10/2025 18:00,148,78,70,44,23,21,56,28,28,12,8,4,,,,81,42,39,,,,71,28,43,,,
16/10/2025 19:00,144,65,79,49,28,21,41,28,13,10,4,6,,,,66,39,27,,,,53,32,21,,,
16/10/2025 20:00,119,74,45,32,10,22,30,15,15,6,5,1,,,,33,26,7,,,,39,18,21,,,
16/10/2025 21:00,61,34,27,18,13,5,23,13,10,7,5,2,,,,4,1,3,,,,35,11,24,,,
16/10/2025 22:00,16,13,3,4,1,3,7,4,3,0,0,0,,,,8,4,4,,,,8,5,3,,,
16/10/2025 23:00,2,2,0,8,6,2,8,1,7,3,3,0,,,,1,1,0,,,,6,3,3,,,
17/10/2025 00:00,0,0,0,1,0,1,1,0,1,1,1,0,,,,3,1,2,,,,3,2,1,,,
17/10/2025 01:00,0,0,0,1,1,0,3,1,2,0,0,0,,,,1,1,0,,,,7,2,5,,,
17/10/2025 02:00,0,0,0,0,0,0,0,0,0,0,0,0,,,,0,0,0,,,,0,0,0,,,
17/10/2025 03:00,1,1,0,0,0,0,0,0,0,0,0,0,,,,0,0,0,,,,2,1,1,,,
17/10/2025 04:00,1,1,0,0,0,0,0,0,0,0,0,0,,,,0,0,0,,,,3,3,0,,,
17/10/2025 05:00,6,2,4,1,1,0,3,2,1,2,1,1,,,,3,1,2,,,,7,3,4,,,
17/10/2025 06:00,40,20,20,12,7,5,13,8,5,8,6,2,,,,15,9,6,,,,13,7,6,,,
17/10/2025 07:00,73,39,34,29,14,15,22,9,13,13,5,8,,,,65,42,23,,,,40,18,22,,,
17/10/2025 08:00,122,55,67,49,25,24,31,15,16,48,22,26,,,,108,65,43,,,,108,80,28,,,
17/10/2025 09:00,121,65,56,47,19,28,40,19,21,31,13,18,,,,80,44,36,,,,59,24,35,,,
17/10/2025 10:00,166,83,83,38,28,10,23,13,10,13,7,6,,,,75,42,33,,,,35,25,10,,,
17/10/2025 11:00,181,95,86,47,32,15,37,19,18,26,15,11,,,,69,33,36,,,,32,24,8,,,
17/10/2025 12:00,197,87,110,42,26,16,34,15,19,22,10,12,,,,64,39,25,,,,31,13,18,,,
17/10/2025 13:00,200,91,109,55,28,27,41,16,25,23,9,14,,,,100,59,41,,,,89,26,63,,,
17/10/2025 14:00,141,56,85,47,30,17,22,16,6,21,10,11,,,,131,69,62,,,,74,34,40,,,
17/10/2025 15:00,91,42,49,25,15,10,22,5,17,15,9,6,,,,72,39,33,,,,58,24,34,,,
17/10/2025 16:00,107,52,55,38,25,13,35,15,20,15,9,6,,,,82,45,37,,,,77,34,43,,,
17/10/2025 17:00,117,57,60,55,36,19,48,28,20,19,11,8,,,,96,50,46,,,,59,27,32,,,
17/10/2025 18:00,138,74,64,60,28,32,49,22,27,19,11,8,,,,101,55,46,,,,72,39,33,,,
17/10/2025 19:00,92,41,51,35,19,16,39,21,18,9,6,3,,,,38,34,4,,,,36,16,20,,,
17/10/2025 20:00,83,40,43,16,11,5,30,8,22,8,4,4,,,,21,8,13,,,,32,22,10,,,
17/10/2025 21:00,45,29,16,12,4,8,14,6,8,6,3,3,,,,13,6,7,,,,20,8,12,,,
17/10/2025 22:00,32,21,11,10,3,7,19,8,11,3,3,0,,,,4,4,0,,,,56,24,32,,,
17/10/2025 23:00,9,6,3,4,1,3,8,0,8,3,3,0,,,,6,2,4,,,,5,2,3,,,
18/10/2025 00:00,2,1,1,1,0,1,5,0,5,1,1,0,,,,0,0,0,,,,6,5,1,,,
18/10/2025 01:00,7,6,1,5,1,4,0,0,0,0,0,0,,,,1,1,0,,,,10,7,3,,,
18/10/2025 02:00,1,1,0,0,0,0,0,0,0,0,0,0,,,,1,1,0,,,,0,0,0,,,
18/10/2025 03:00,2,2,0,0,0,0,0,0,0,0,0,0,,,,0,0,0,,,,1,1,0,,,
18/10/2025 04:00,1,1,0,0,0,0,0,0,0,1,0,1,,,,0,0,0,,,,5,4,1,,,
18/10/2025 05:00,5,1,4,0,0,0,0,0,0,0,0,0,,,,2,2,0,,,,6,4,2,,,
18/10/2025 06:00,20,7,13,3,1,2,2,1,1,0,0,0,,,,5,3,2,,,,3,2,1,,,
18/10/2025 07:00,67,37,30,26,19,7,29,15,14,1,1,0,,,,26,16,10,,,,11,7,4,,,
18/10/2025 08:00,93,49,44,37,17,20,34,13,21,7,3,4,,,,71,42,29,,,,22,16,6,,,
18/10/2025 09:00,132,70,62,58,35,23,54,24,30,28,16,12,,,,93,46,47,,,,22,10,12,,,
18/10/2025 10:00,198,95,103,123,64,59,101,47,54,37,24,13,,,,163,107,56,,,,38,20,18,,,
18/10/2025 11:00,227,124,103,88,36,52,64,35,29,35,13,22,,,,142,68,74,,,,58,31,27,,,
18/10/2025 12:00,227,119,108,70,38,32,50,29,21,27,14,13,,,,105,50,55,,,,45,23,22,,,
18/10/2025 13:00,197,93,104,42,23,19,33,22,11,25,17,8,,,,113,65,48,,,,41,19,22,,,
18/10/2025 14:00,144,68,76,67,47,20,41,21,20,18,8,10,,,,68,42,26,,,,39,22,17,,,
18/10/2025 15:00,114,56,58,43,15,28,50,25,25,14,5,9,,,,60,26,34,,,,64,35,29,,,
18/10/2025 16:00,118,54,64,44,34,10,37,23,14,7,5,2,,,,40,22,18,,,,46,20,26,,,
18/10/2025 17:00,85,39,46,33,14,19,27,12,15,9,4,5,,,,49,27,22,,,,41,17,24,,,
18/10/2025 18:00,59,27,32,19,6,13,26,10,16,12,4,8,,,,36,19,17,,,,31,16,15,,,
18/10/2025 19:00,49,25,24,11,7,4,21,12,9,12,7,5,,,,12,8,4,,,,27,18,9,,,
18/10/2025 20:00,17,8,9,9,5,4,21,11,10,5,5,0,,,,7,3,4,,,,14,8,6,,,
18/10/2025 21:00,13,2,11,11,5,6,5,4,1,3,3,0,,,,2,2,0,,,,18,7,11,,,
18/10/2025 22:00,6,3,3,5,1,4,1,1,0,0,0,0,,,,0,0,0,,,,12,4,8,,,
18/10/2025 23:00,1,1,0,5,1,4,11,9,2,1,1,0,,,,1,1,0,,,,13,9,4,,,
19/10/2025 00:00,1,1,0,0,0,0,0,0,0,0,0,0,,,,2,2,0,,,,8,5,3,,,
19/10/2025 01:00,2,2,0,1,1,0,1,0,1,0,0,0,,,,0,0,0,,,,10,6,4,,,
19/10/2025 02:00,0,0,0,0,0,0,2,2,0,0,0,0,,,,0,0,0,,,,0,0,0,,,
19/10/2025 03:00,1,0,1,0,0,0,0,0,0,0,0,0,,,,0,0,0,,,,0,0,0,,,
19/10/2025 04:00,0,0,0,0,0,0,0,0,0,0,0,0,,,,0,0,0,,,,2,1,1,,,
19/10/2025 05:00,1,1,0,0,0,0,0,0,0,1,1,0,,,,1,1,0,,,,1,1,0,,,
19/10/2025 06:00,4,2,2,2,1,1,0,0,0,0,0,0,,,,2,1,1,,,,2,0,2,,,
19/10/2025 07:00,7,4,3,4,3,1,4,1,3,3,3,0,,,,6,4,2,,,,2,1,1,,,
19/10/2025 08:00,26,9,17,11,8,3,7,4,3,3,3,0,,,,12,6,6,,,,15,7,8,,,
19/10/2025 09:00,35,21,14,28,14,14,11,8,3,4,4,0,,,,37,6,31,,,,1,0,1,,,
19/10/2025 10:00,57,32,25,23,15,8,29,17,12,9,3,6,,,,61,42,19,,,,9,4,5,,,
19/10/2025 11:00,74,40,34,34,14,20,24,12,12,13,8,5,,,,44,29,15,,,,6,5,1,,,
19/10/2025 12:00,127,64,63,47,28,19,35,14,21,10,8,2,,,,78,41,37,,,,20,11,9,,,
19/10/2025 13:00,231,123,108,63,24,39,66,30,36,18,10,8,,,,120,69,51,,,,36,17,19,,,
19/10/2025 14:00,342,179,163,93,46,47,87,43,44,23,17,6,,,,124,68,56,,,,43,22,21,,,
19/10/2025 15:00,492,234,258,100,55,45,117,66,51,43,26,17,,,,199,111,88,,,,50,26,24,,,
19/10/2025 16:00,582,312,270,125,71,54,104,54,50,40,19,21,,,,221,125,96,,,,44,23,21,,,
19/10/2025 17:00,400,202,198,113,47,66,102,55,47,43,22,21,,,,176,86,90,,,,48,33,15,,,
19/10/2025 18:00,213,96,117,63,28,35,52,29,23,19,12,7,,,,83,27,56,,,,42,20,22,,,
19/10/2025 19:00,156,89,67,39,23,16,32,15,17,15,10,5,,,,49,26,23,,,,30,17,13,,,
19/10/2025 20:00,76,44,32,37,16,21,26,13,13,7,5,2,,,,21,6,15,,,,32,16,16,,,
19/10/2025 21:00,41,21,20,14,5,9,21,15,6,1,1,0,,,,18,8,10,,,,19,8,11,,,
19/10/2025 22:00,13,10,3,11,5,6,14,5,9,3,3,0,,,,7,6,1,,,,10,5,5,,,
19/10/2025 23:00,2,1,1,3,1,2,1,0,1,5,1,4,,,,3,1,2,,,,5,3,2,,,
20/10/2025 00:00,0,0,0,3,1,2,4,2,2,2,1,1,,,,2,1,1,,,,1,1,0,,,
20/10/2025 01:00,1,1,0,0,0,0,0,0,0,1,0,1,,,,0,0,0,,,,2,1,1,,,
20/10/2025 02:00,0,0,0,0,0,0,0,0,0,0,0,0,,,,2,1,1,,,,0,0,0,,,
20/10/2025 03:00,1,1,0,0,0,0,0,0,0,0,0,0,,,,0,0,0,,,,0,0,0,,,
20/10/2025 04:00,2,1,1,0,0,0,0,0,0,1,1,0,,,,2,1,1,,,,0,0,0,,,
20/10/2025 05:00,4,3,1,1,1,0,0,0,0,2,1,1,,,,0,0,0,,,,4,2,2,,,
20/10/2025 06:00,32,14,18,8,2,6,15,8,7,3,2,1,,,,8,3,5,,,,6,3,3,,,
20/10/2025 07:00,59,34,25,21,7,14,17,11,6,12,2,10,,,,39,20,19,,,,37,14,23,,,
20/10/2025 08:00,75,36,39,33,13,20,23,7,16,27,15,12,,,,65,40,25,,,,121,91,30,,,
20/10/2025 09:00,62,34,28,26,11,15,10,8,2,21,13,8,,,,37,16,21,,,,47,22,25,,,
20/10/2025 10:00,86,46,40,30,19,11,28,14,14,11,7,4,,,,33,20,13,,,,36,10,26,,,
20/10/2025 11:00,113,53,60,25,9,16,24,14,10,10,5,5,,,,44,26,18,,,,33,17,16,,,
20/10/2025 12:00,132,61,71,39,17,22,33,15,18,28,17,11,,,,75,43,32,,,,58,28,30,,,
20/10/2025 13:00,145,70,75,45,23,22,35,19,16,28,15,13,,,,54,25,29,,,,78,41,37,,,
20/10/2025 14:00,62,32,30,11,7,4,9,5,4,15,10,5,,,,28,16,12,,,,51,16,35,,,
20/10/2025 15:00,74,41,33,26,16,10,19,11,8,12,6,6,,,,30,15,15,,,,52,15,37,,,
20/10/2025 16:00,26,10,16,13,9,4,13,7,6,18,8,10,,,,42,23,19,,,,35,17,18,,,
20/10/2025 17:00,98,54,44,54,32,22,28,17,11,17,9,8,,,,115,56,59,,,,52,29,23,,,
20/10/2025 18:00,144,78,66,85,50,35,51,29,22,23,10,13,,,,123,60,63,,,,56,31,25,,,
20/10/2025 19:00,162,95,67,55,30,25,34,19,15,11,4,7,,,,91,55,36,,,,51,30,21,,,
20/10/2025 20:00,117,68,49,35,13,22,36,19,17,11,5,6,,,,40,18,22,,,,43,16,27,,,
20/10/2025 21:00,59,34,25,11,5,6,24,14,10,4,2,2,,,,13,5,8,,,,11,5,6,,,
20/10/2025 22:00,35,21,14,7,2,5,8,0,8,3,2,1,,,,6,5,1,,,,14,9,5,,,
20/10/2025 23:00,8,4,4,0,0,0,2,0,2,3,0,3,,,,2,1,1,,,,7,2,5,,,
21/10/2025 00:00,0,0,0,0,0,0,3,0,3,2,1,1,,,,0,0,0,,,,3,3,0,,,
21/10/2025 01:00,1,1,0,0,0,0,0,0,0,0,0,0,,,,0,0,0,,,,6,3,3,,,
21/10/2025 02:00,0,0,0,0,0,0,0,0,0,0,0,0,,,,0,0,0,,,,3,1,2,,,
21/10/2025 03:00,0,0,0,0,0,0,0,0,0,0,0,0,,,,0,0,0,,,,2,1,1,,,
21/10/2025 04:00,1,1,0,0,0,0,0,0,0,0,0,0,,,,2,1,1,,,,2,1,1,,,
21/10/2025 05:00,18,8,10,0,0,0,3,3,0,1,1,0,,,,3,3,0,,,,3,2,1,,,
21/10/2025 06:00,34,18,16,14,7,7,21,13,8,5,4,1,,,,22,12,10,,,,15,6,9,,,
21/10/2025 07:00,69,35,34,32,15,17,22,11,11,15,5,10,,,,71,40,31,,,,29,7,22,,,
21/10/2025 08:00,90,44,46,39,18,21,39,16,23,36,20,16,,,,99,49,50,,,,122,82,40,,,
21/10/2025 09:00,100,42,58,29,10,19,27,16,11,25,15,10,,,,78,42,36,,,,50,27,23,,,
21/10/2025 10:00,106,60,46,39,21,18,28,19,9,16,9,7,,,,42,25,17,,,,64,16,48,,,
21/10/2025 11:00,105,54,51,34,15,19,34,15,19,17,4,13,,,,61,32,29,,,,40,23,17,,,
21/10/2025 12:00,113,63,50,37,15,22,29,11,18,21,12,9,,,,91,59,32,,,,53,44,9,,,
21/10/2025 13:00,158,77,81,48,27,21,49,27,22,26,12,14,,,,135,58,77,,,,67,26,41,,,
21/10/2025 14:00,142,76,66,35,24,11,26,14,12,22,11,11,,,,78,43,35,,,,47,25,22,,,
21/10/2025 15:00,133,55,78,35,26,9,35,20,15,20,13,7,,,,62,33,29,,,,82,16,66,,,
21/10/2025 16:00,116,70,46,41,18,23,26,14,12,21,12,9,,,,75,39,36,,,,69,33,36,,,
21/10/2025 17:00,118,56,62,61,28,33,48,29,19,25,11,14,,,,120,56,64,,,,65,33,32,,,
21/10/2025 18:00,169,81,88,85,54,31,69,41,28,25,15,10,,,,121,71,50,,,,57,37,20,,,
21/10/2025 19:00,136,73,63,78,37,41,63,31,32,9,4,5,,,,51,25,26,,,,54,32,22,,,
21/10/2025 20:00,142,78,64,44,21,23,34,15,19,6,5,1,,,,27,16,11,,,,29,12,17,,,
21/10/2025 21:00,65,41,24,31,11,20,6,2,4,2,1,1,,,,13,6,7,,,,29,9,20,,,
21/10/2025 22:00,28,16,12,5,3,2,7,4,3,5,3,2,,,,3,1,2,,,,8,2,6,,,
21/10/2025 23:00,13,7,6,0,0,0,1,0,1,1,1,0,,,,5,3,2,,,,7,6,1,,,
22/10/2025 00:00,4,3,1,1,0,1,1,0,1,0,0,0,,,,0,0,0,,,,1,1,0,,,
22/10/2025 01:00,3,2,1,1,0,1,3,2,1,0,0,0,,,,0,0,0,,,,2,2,0,,,
22/10/2025 02:00,2,2,0,0,0,0,0,0,0,0,0,0,,,,0,0,0,,,,2,1,1,,,
22/10/2025 03:00,9,3,6,0,0,0,0,0,0,0,0,0,,,,1,0,1,,,,0,0,0,,,
22/10/2025 04:00,3,2,1,0,0,0,0,0,0,0,0,0,,,,13,7,6,,,,1,1,0,,,
22/10/2025 05:00,7,2,5,0,0,0,0,0,0,1,1,0,,,,3,1,2,,,,9,3,6,,,
22/10/2025 06:00,40,18,22,23,14,9,24,13,11,5,3,2,,,,11,6,5,,,,11,4,7,,,
22/10/2025 07:00,84,47,37,37,18,19,18,11,7,16,8,8,,,,58,34,24,,,,32,9,23,,,
22/10/2025 08:00,84,40,44,48,27,21,31,16,15,37,20,17,,,,123,51,72,,,,99,68,31,,,
22/10/2025 09:00,131,60,71,31,12,19,37,20,17,25,15,10,,,,74,32,42,,,,43,22,21,,,
22/10/2025 10:00,203,103,100,42,23,19,30,15,15,12,6,6,,,,62,32,30,,,,42,23,19,,,
22/10/2025 11:00,491,233,258,60,27,33,43,20,23,17,10,7,,,,61,33,28,,,,97,70,27,,,
22/10/2025 12:00,78,35,43,48,21,27,44,23,21,44,24,20,,,,89,50,39,,,,68,42,26,,,
22/10/2025 13:00,36,13,23,45,20,25,60,28,32,28,19,9,,,,132,59,73,,,,62,28,34,,,
22/10/2025 14:00,182,123,59,50,27,23,48,27,21,30,13,17,,,,96,53,43,,,,120,30,90,,,
22/10/2025 15:00,70,38,32,52,31,21,46,33,13,18,10,8,,,,71,36,35,,,,79,26,53,,,
22/10/2025 16:00,40,27,13,32,21,11,32,20,12,21,13,8,,,,104,58,46,,,,68,27,41,,,
22/10/2025 17:00,47,27,20,56,32,24,42,26,16,21,10,11,,,,142,78,64,,,,70,39,31,,,
22/10/2025 18:00,39,21,18,60,25,35,55,26,29,18,8,10,,,,113,58,55,,,,61,31,30,,,
22/10/2025 19:00,69,39,30,40,27,13,23,15,8,10,3,7,,,,59,32,27,,,,51,26,25,,,
22/10/2025 20:00,142,81,61,22,12,10,21,8,13,4,4,0,,,,25,14,11,,,,49,19,30,,,
22/10/2025 21:00,84,42,42,9,5,4,13,9,4,2,2,0,,,,17,8,9,,,,28,12,16,,,
22/10/2025 22:00,256,137,119,13,7,6,13,2,11,2,1,1,,,,6,4,2,,,,21,8,13,,,
22/10/2025 23:00,5,3,2,13,6,7,5,1,4,2,0,2,,,,3,2,1,,,,4,2,2,,,
23/10/2025 00:00,1,1,0,0,0,0,2,2,0,0,0,0,,,,0,0,0,,,,4,1,3,,,
23/10/2025 01:00,0,0,0,0,0,0,0,0,0,0,0,0,,,,1,1,0,,,,4,3,1,,,
23/10/2025 02:00,4,3,1,0,0,0,2,1,1,0,0,0,,,,0,0,0,,,,2,0,2,,,
23/10/2025 03:00,0,0,0,0,0,0,0,0,0,0,0,0,,,,0,0,0,,,,1,1,0,,,
23/10/2025 04:00,1,0,1,0,0,0,1,0,1,4,2,2,,,,2,1,1,,,,2,2,0,,,
23/10/2025 05:00,9,4,5,2,1,1,3,2,1,1,1,0,,,,3,2,1,,,,7,5,2,,,
23/10/2025 06:00,27,14,13,23,11,12,18,12,6,3,3,0,,,,5,2,3,,,,19,9,10,,,
23/10/2025 07:00,36,18,18,23,13,10,14,9,5,9,3,6,,,,24,15,9,,,,23,7,16,,,
23/10/2025 08:00,26,14,12,18,8,10,12,4,8,16,8,8,,,,51,21,30,,,,71,49,22,,,
23/10/2025 09:00,29,21,8,13,6,7,14,8,6,8,5,3,,,,27,13,14,,,,26,9,17,,,
23/10/2025 10:00,36,16,20,6,2,4,13,6,7,2,1,1,,,,9,3,6,,,,25,9,16,,,
23/10/2025 11:00,48,25,23,20,12,8,16,11,5,19,11,8,,,,27,17,10,,,,21,9,12,,,
23/10/2025 12:00,81,42,39,21,13,8,14,7,7,18,6,12,,,,44,20,24,,,,41,23,18,,,
23/10/2025 13:00,126,73,53,36,22,14,31,15,16,21,11,10,,,,46,25,21,,,,51,20,31,,,
23/10/2025 14:00,101,46,55,19,12,7,10,8,2,33,15,18,,,,72,50,22,,,,56,18,38,,,
23/10/2025 15:00,90,50,40,30,20,10,37,21,16,29,17,12,,,,112,55,57,,,,83,19,64,,,
23/10/2025 16:00,79,33,46,40,25,15,30,20,10,25,13,12,,,,63,26,37,,,,64,26,38,,,
23/10/2025 17:00,69,37,32,36,26,10,41,22,19,16,9,7,,,,91,43,48,,,,71,31,40,,,
23/10/2025 18:00,83,51,32,49,30,19,41,22,19,23,13,10,,,,96,50,46,,,,50,26,24,,,
23/10/2025 19:00,105,56,49,34,15,19,23,13,10,11,7,4,,,,55,27,28,,,,60,40,20,,,
23/10/2025 20:00,61,34,27,20,12,8,19,10,9,3,2,1,,,,32,12,20,,,,25,10,15,,,
23/10/2025 21:00,62,33,29,10,5,5,19,5,14,3,2,1,,,,8,4,4,,,,21,6,15,,,
23/10/2025 22:00,21,13,8,9,2,7,10,5,5,2,0,2,,,,7,3,4,,,,6,3,3,,,
23/10/2025 23:00,5,4,1,1,0,1,5,3,2,3,1,2,,,,2,1,1,,,,4,1,3,,,
24/10/2025 00:00,0,0,0,2,0,2,2,1,1,1,0,1,,,,4,2,2,,,,2,1,1,,,
24/10/2025 01:00,0,0,0,1,1,0,0,0,0,0,0,0,,,,0,0,0,,,,2,1,1,,,
24/10/2025 02:00,3,2,1,1,1,0,1,1,0,0,0,0,,,,0,0,0,,,,1,0,1,,,
24/10/2025 03:00,0,0,0,0,0,0,1,0,1,0,0,0,,,,0,0,0,,,,0,0,0,,,
24/10/2025 04:00,2,1,1,0,0,0,0,0,0,0,0,0,,,,0,0,0,,,,4,3,1,,,
24/10/2025 05:00,8,4,4,3,2,1,3,2,1,2,2,0,,,,2,0,2,,,,7,4,3,,,
24/10/2025 06:00,28,13,15,10,8,2,9,6,3,8,4,4,,,,6,4,2,,,,10,5,5,,,
24/10/2025 07:00,75,38,37,17,7,10,18,8,10,9,4,5,,,,37,19,18,,,,31,10,21,,,
24/10/2025 08:00,85,42,43,34,15,19,26,10,16,18,7,11,,,,72,37,35,,,,71,50,21,,,
24/10/2025 09:00,88,47,41,25,14,11,35,22,13,17,5,12,,,,297,179,118,,,,45,27,18,,,
24/10/2025 10:00,197,133,64,38,15,23,24,8,16,23,13,10,,,,88,46,42,,,,31,15,16,,,
24/10/2025 11:00,131,73,58,36,19,17,29,19,10,17,9,8,,,,79,48,31,,,,36,19,17,,,
24/10/2025 12:00,127,58,69,42,28,14,40,22,18,24,12,12,,,,81,44,37,,,,42,19,23,,,
24/10/2025 13:00,136,77,59,44,18,26,40,22,18,30,15,15,,,,154,81,73,,,,91,33,58,,,
24/10/2025 14:00,117,63,54,39,19,20,32,17,15,21,7,14,,,,147,78,69,,,,53,25,28,,,
24/10/2025 15:00,113,60,53,22,16,6,16,10,6,14,6,8,,,,58,29,29,,,,41,11,30,,,
24/10/2025 16:00,76,43,33,28,19,9,42,23,19,43,20,23,,,,84,43,41,,,,40,20,20,,,
24/10/2025 17:00,95,46,49,44,29,15,41,22,19,25,14,11,,,,72,32,40,,,,68,32,36,,,
24/10/2025 18:00,111,66,45,28,17,11,31,14,17,26,12,14,,,,76,34,42,,,,61,29,32,,,
24/10/2025 19:00,52,24,28,19,13,6,26,16,10,9,1,8,,,,24,11,13,,,,30,19,11,,,
24/10/2025 20:00,36,21,15,9,3,6,24,15,9,5,3,2,,,,2,1,1,,,,35,15,20,,,
24/10/2025 21:00,28,12,16,16,9,7,11,5,6,6,1,5,,,,10,5,5,,,,27,16,11,,,
24/10/2025 22:00,20,13,7,11,7,4,10,5,5,3,1,2,,,,8,5,3,,,,12,5,7,,,
24/10/2025 23:00,3,2,1,1,1,0,8,2,6,2,1,1,,,,0,0,0,,,,17,11,6,,,
25/10/2025 00:00,0,0,0,0,0,0,2,0,2,4,1,3,,,,4,3,1,,,,3,2,1,,,
25/10/2025 01:00,7,7,0,1,1,0,1,1,0,2,0,2,,,,1,0,1,,,,4,2,2,,,
25/10/2025 02:00,1,1,0,0,0,0,0,0,0,1,1,0,,,,0,0,0,,,,7,5,2,,,
25/10/2025 03:00,0,0,0,0,0,0,0,0,0,0,0,0,,,,0,0,0,,,,1,1,0,,,
25/10/2025 04:00,1,1,0,0,0,0,0,0,0,0,0,0,,,,0,0,0,,,,9,4,5,,,
25/10/2025 05:00,2,1,1,0,0,0,0,0,0,1,0,1,,,,1,1,0,,,,2,2,0,,,
25/10/2025 06:00,13,6,7,0,0,0,0,0,0,1,0,1,,,,7,4,3,,,,2,1,1,,,
25/10/2025 07:00,41,20,21,6,4,2,5,5,0,5,2,3,,,,15,9,6,,,,7,4,3,,,
25/10/2025 08:00,110,50,60,33,18,15,39,18,21,5,5,0,,,,44,27,17,,,,16,9,7,,,
25/10/2025 09:00,191,99,92,60,29,31,63,32,31,21,14,7,,,,83,49,34,,,,27,14,13,,,
25/10/2025 10:00,160,85,75,88,46,42,52,29,23,25,17,8,,,,146,89,57,,,,40,22,18,,,
25/10/2025 11:00,221,135,86,105,47,58,60,40,20,26,12,14,,,,138,78,60,,,,54,29,25,,,
25/10/2025 12:00,271,138,133,91,54,37,77,58,19,29,15,14,,,,131,79,52,,,,28,18,10,,,
25/10/2025 13:00,224,119,105,77,45,32,57,31,26,32,21,11,,,,133,80,53,,,,34,16,18,,,
25/10/2025 14:00,272,144,128,62,30,32,45,22,23,36,24,12,,,,102,66,36,,,,48,30,18,,,
25/10/2025 15:00,254,148,106,51,25,26,49,28,21,24,16,8,,,,124,50,74,,,,37,17,20,,,
25/10/2025 16:00,153,70,83,53,34,19,33,15,18,20,7,13,,,,77,41,36,,,,31,15,16,,,
25/10/2025 17:00,143,88,55,38,25,13,36,17,19,25,12,13,,,,73,32,41,,,,29,12,17,,,
25/10/2025 18:00,103,52,51,24,11,13,20,9,11,8,4,4,,,,28,8,20,,,,28,8,20,,,
25/10/2025 19:00,45,30,15,18,8,10,14,7,7,6,2,4,,,,10,6,4,,,,24,14,10,,,
25/10/2025 20:00,25,10,15,11,6,5,16,9,7,4,2,2,,,,8,6,2,,,,20,8,12,,,
25/10/2025 21:00,18,7,11,3,2,1,8,5,3,5,3,2,,,,6,5,1,,,,21,9,12,,,
25/10/2025 22:00,14,7,7,1,1,0,3,2,1,0,0,0,,,,3,2,1,,,,18,11,7,,,
25/10/2025 23:00,4,4,0,5,1,4,5,5,0,5,1,4,,,,1,1,0,,,,8,3,5,,,
26/10/2025 00:00,2,2,0,0,0,0,2,0,2,4,0,4,,,,0,0,0,,,,4,4,0,,,
26/10/2025 01:00,1,1,0,4,2,2,2,0,2,0,0,0,,,,0,0,0,,,,8,6,2,,,
26/10/2025 02:00,0,0,0,0,0,0,0,0,0,0,0,0,,,,1,0,1,,,,2,1,1,,,
26/10/2025 03:00,0,0,0,0,0,0,3,1,2,0,0,0,,,,0,0,0,,,,1,0,1,,,
26/10/2025 04:00,0,0,0,0,0,0,0,0,0,0,0,0,,,,10,5,5,,,,2,2,0,,,
26/10/2025 05:00,3,1,2,0,0,0,0,0,0,0,0,0,,,,2,1,1,,,,3,2,1,,,
26/10/2025 06:00,12,4,8,6,3,3,3,2,1,2,2,0,,,,4,3,1,,,,5,2,3,,,
26/10/2025 07:00,56,33,23,16,10,6,10,7,3,6,1,5,,,,19,12,7,,,,12,6,6,,,
26/10/2025 08:00,104,54,50,38,25,13,45,23,22,10,6,4,,,,55,33,22,,,,22,9,13,,,
26/10/2025 09:00,157,86,71,62,34,28,59,32,27,26,19,7,,,,86,47,39,,,,22,12,10,,,
26/10/2025 10:00,142,88,54,44,22,22,31,15,16,26,14,12,,,,68,41,27,,,,30,12,18,,,
26/10/2025 11:00,237,124,113,50,36,14,36,21,15,11,5,6,,,,98,62,36,,,,44,29,15,,,
26/10/2025 12:00,224,114,110,51,22,29,46,27,19,32,16,16,,,,63,36,27,,,,29,14,15,,,
26/10/2025 13:00,227,117,110,55,34,21,26,15,11,17,9,8,,,,40,19,21,,,,35,18,17,,,
26/10/2025 14:00,254,128,126,46,34,12,44,24,20,27,18,9,,,,49,32,17,,,,19,12,7,,,
26/10/2025 15:00,262,130,132,33,21,12,58,30,28,29,15,14,,,,57,42,15,,,,24,11,13,,,
26/10/2025 16:00,160,84,76,44,17,27,39,22,17,13,10,3,,,,62,31,31,,,,22,11,11,,,
26/10/2025 17:00,95,46,49,40,17,23,37,14,23,11,4,7,,,,48,19,29,,,,31,8,23,,,
26/10/2025 18:00,55,33,22,27,12,15,18,7,11,13,9,4,,,,13,10,3,,,,15,6,9,,,
26/10/2025 19:00,51,23,28,20,12,8,18,10,8,4,0,4,,,,9,7,2,,,,28,14,14,,,
26/10/2025 20:00,28,12,16,6,1,5,14,6,8,3,2,1,,,,8,5,3,,,,19,10,9,,,
26/10/2025 21:00,18,8,10,3,0,3,2,1,1,3,2,1,,,,1,1,0,,,,20,8,12,,,
26/10/2025 22:00,5,4,1,1,0,1,1,1,0,0,0,0,,,,0,0,0,,,,13,7,6,,,
26/10/2025 23:00,0,0,0,1,0,1,5,2,3,2,1,1,,,,2,0,2,,,,2,2,0,,,
27/10/2025 00:00,0,0,0,2,0,2,2,0,2,0,0,0,,,,0,0,0,,,,4,2,2,,,
27/10/2025 01:00,0,0,0,1,0,1,2,2,0,0,0,0,,,,0,0,0,,,,4,4,0,,,
27/10/2025 02:00,0,0,0,0,0,0,0,0,0,0,0,0,,,,0,0,0,,,,1,0,1,,,
27/10/2025 03:00,0,0,0,0,0,0,0,0,0,0,0,0,,,,0,0,0,,,,2,0,2,,,
27/10/2025 04:00,1,1,0,0,0,0,0,0,0,0,0,0,,,,0,0,0,,,,3,3,0,,,
27/10/2025 05:00,5,3,2,0,0,0,0,0,0,1,1,0,,,,0,0,0,,,,3,3,0,,,
27/10/2025 06:00,13,3,10,2,1,1,4,2,2,0,0,0,,,,4,1,3,,,,1,0,1,,,
27/10/2025 07:00,58,32,26,9,5,4,15,7,8,5,3,2,,,,15,13,2,,,,9,5,4,,,
27/10/2025 08:00,105,55,50,39,20,19,29,16,13,23,9,14,,,,66,40,26,,,,18,6,12,,,
27/10/2025 09:00,131,77,54,62,33,29,49,23,26,22,14,8,,,,89,61,28,,,,36,19,17,,,
27/10/2025 10:00,211,129,82,84,53,31,46,31,15,32,15,17,,,,111,68,43,,,,31,12,19,,,
27/10/2025 11:00,275,161,114,110,46,64,61,25,36,36,20,16,,,,143,84,59,,,,39,16,23,,,
27/10/2025 12:00,327,184,143,108,63,45,98,47,51,30,15,15,,,,143,82,61,,,,60,31,29,,,
27/10/2025 13:00,304,180,124,65,32,33,49,22,27,30,19,11,,,,116,49,67,,,,51,31,20,,,
27/10/2025 14:00,214,113,101,53,29,24,42,28,14,36,22,14,,,,68,34,34,,,,49,16,33,,,
27/10/2025 15:00,243,115,128,52,25,27,39,12,27,17,14,3,,,,79,46,33,,,,36,17,19,,,
27/10/2025 16:00,208,105,103,51,20,31,42,17,25,30,15,15,,,,83,38,45,,,,34,19,15,,,
27/10/2025 17:00,131,70,61,42,21,21,45,23,22,20,13,7,,,,62,33,29,,,,48,28,20,,,
27/10/2025 18:00,92,41,51,24,10,14,21,9,12,11,5,6,,,,12,11,1,,,,35,17,18,,,
27/10/2025 19:00,54,38,16,26,12,14,17,11,6,5,5,0,,,,19,9,10,,,,27,14,13,,,
27/10/2025 20:00,59,30,29,13,6,7,15,9,6,4,2,2,,,,6,5,1,,,,23,6,17,,,
27/10/2025 21:00,51,22,29,7,3,4,9,4,5,3,2,1,,,,4,3,1,,,,7,0,7,,,
27/10/2025 22:00,23,15,8,7,6,1,4,1,3,1,0,1,,,,5,4,1,,,,8,4,4,,,
27/10/2025 23:00,0,0,0,0,0,0,5,2,3,0,0,0,,,,1,1,0,,,,7,5,2,,,
28/10/2025 00:00,0,0,0,0,0,0,0,0,0,0,0,0,,,,5,5,0,,,,4,3,1,,,
28/10/2025 01:00,0,0,0,0,0,0,0,0,0,0,0,0,,,,0,0,0,,,,4,3,1,,,
28/10/2025 02:00,0,0,0,0,0,0,0,0,0,0,0,0,,,,0,0,0,,,,2,0,2,,,
28/10/2025 03:00,0,0,0,0,0,0,0,0,0,1,0,1,,,,0,0,0,,,,1,1,0,,,
28/10/2025 04:00,1,1,0,0,0,0,0,0,0,0,0,0,,,,0,0,0,,,,1,1,0,,,
28/10/2025 05:00,11,4,7,0,0,0,0,0,0,1,1,0,,,,1,1,0,,,,10,6,4,,,
28/10/2025 06:00,17,7,10,5,4,1,2,2,0,3,2,1,,,,8,5,3,,,,6,3,3,,,
28/10/2025 07:00,60,37,23,24,11,13,15,5,10,12,6,6,,,,48,27,21,,,,17,9,8,,,
28/10/2025 08:00,74,30,44,31,11,20,23,6,17,27,11,16,,,,50,34,16,,,,39,21,18,,,
28/10/2025 09:00,81,46,35,33,23,10,27,15,12,14,9,5,,,,63,40,23,,,,30,11,19,,,
28/10/2025 10:00,119,47,72,40,23,17,41,26,15,20,9,11,,,,89,50,39,,,,31,14,17,,,
28/10/2025 11:00,164,90,74,52,28,24,42,16,26,10,5,5,,,,54,34,20,,,,52,28,24,,,
28/10/2025 12:00,164,90,74,31,20,11,24,11,13,19,8,11,,,,58,21,37,,,,72,37,35,,,
28/10/2025 13:00,181,84,97,32,15,17,42,18,24,16,7,9,,,,57,26,31,,,,37,21,16,,,
28/10/2025 14:00,143,73,70,24,11,13,30,16,14,19,13,6,,,,76,39,37,,,,49,25,24,,,
28/10/2025 15:00,135,66,69,21,12,9,19,12,7,14,10,4,,,,35,20,15,,,,24,12,12,,,
28/10/2025 16:00,115,58,57,39,13,26,26,19,7,16,9,7,,,,79,41,38,,,,37,20,17,,,
28/10/2025 17:00,187,107,80,217,187,30,154,135,19,38,25,13,,,,99,37,62,,,,64,32,32,,,
28/10/2025 18:00,128,76,52,69,50,19,85,68,17,16,7,9,,,,63,32,31,,,,64,38,26,,,
28/10/2025 19:00,113,60,53,44,24,20,55,34,21,9,6,3,,,,37,21,16,,,,61,28,33,,,
28/10/2025 20:00,78,45,33,25,6,19,25,11,14,11,5,6,,,,26,12,14,,,,28,15,13,,,
28/10/2025 21:00,43,23,20,12,6,6,10,4,6,2,1,1,,,,5,1,4,,,,40,11,29,,,
28/10/2025 22:00,5,3,2,4,3,1,5,3,2,29,4,25,,,,3,2,1,,,,9,5,4,,,
28/10/2025 23:00,4,3,1,1,0,1,11,7,4,20,9,11,,,,0,0,0,,,,7,4,3,,,
29/10/2025 00:00,0,0,0,0,0,0,0,0,0,1,1,0,,,,0,0,0,,,,6,3,3,,,
29/10/2025 01:00,2,1,1,0,0,0,0,0,0,0,0,0,,,,1,1,0,,,,1,1,0,,,
29/10/2025 02:00,1,1,0,1,0,1,2,1,1,0,0,0,,,,0,0,0,,,,0,0,0,,,
29/10/2025 03:00,0,0,0,0,0,0,0,0,0,0,0,0,,,,0,0,0,,,,1,1,0,,,
29/10/2025 04:00,3,1,2,0,0,0,0,0,0,0,0,0,,,,17,9,8,,,,4,4,0,,,
29/10/2025 05:00,7,3,4,0,0,0,0,0,0,1,1,0,,,,4,1,3,,,,7,2,5,,,
29/10/2025 06:00,31,14,17,10,5,5,15,9,6,5,4,1,,,,17,9,8,,,,3,2,1,,,
29/10/2025 07:00,78,41,37,28,15,13,26,13,13,20,9,11,,,,56,33,23,,,,17,4,13,,,
29/10/2025 08:00,105,55,50,55,25,30,28,13,15,14,4,10,,,,94,45,49,,,,30,14,16,,,
29/10/2025 09:00,113,49,64,41,21,20,26,16,10,24,12,12,,,,69,32,37,,,,32,17,15,,,
29/10/2025 10:00,146,64,82,62,34,28,46,25,21,25,8,17,,,,67,36,31,,,,33,16,17,,,
29/10/2025 11:00,216,126,90,64,24,40,54,28,26,28,18,10,,,,64,37,27,,,,42,25,17,,,
29/10/2025 12:00,260,125,135,64,32,32,32,18,14,23,11,12,,,,98,57,41,,,,40,23,17,,,
29/10/2025 13:00,276,130,146,58,31,27,38,18,20,21,11,10,,,,101,64,37,,,,46,24,22,,,
29/10/2025 14:00,228,105,123,42,28,14,44,27,17,19,14,5,,,,92,51,41,,,,44,19,25,,,
29/10/2025 15:00,164,71,93,42,30,12,34,29,5,25,14,11,,,,62,28,34,,,,33,16,17,,,
29/10/2025 16:00,99,43,56,34,15,19,25,18,7,15,7,8,,,,68,33,35,,,,36,20,16,,,
29/10/2025 17:00,129,63,66,51,34,17,62,34,28,8,5,3,,,,78,32,46,,,,73,31,42,,,
29/10/2025 18:00,104,57,47,35,20,15,42,20,22,13,8,5,,,,44,27,17,,,,44,25,19,,,
29/10/2025 19:00,83,47,36,31,19,12,25,12,13,14,9,5,,,,38,23,15,,,,27,18,9,,,
29/10/2025 20:00,66,39,27,36,12,24,18,7,11,5,3,2,,,,13,8,5,,,,26,17,9,,,
29/10/2025 21:00,30,14,16,15,7,8,17,12,5,3,2,1,,,,8,1,7,,,,50,16,34,,,
29/10/2025 22:00,17,11,6,7,3,4,10,4,6,3,1,2,,,,9,5,4,,,,8,4,4,,,
29/10/2025 23:00,4,4,0,1,1,0,7,4,3,4,2,2,,,,5,3,2,,,,2,2,0,,,
30/10/2025 00:00,0,0,0,0,0,0,2,0,2,1,1,0,,,,0,0,0,,,,6,4,2,,,
30/10/2025 01:00,7,1,6,2,1,1,0,0,0,0,0,0,,,,0,0,0,,,,3,3,0,,,
30/10/2025 02:00,0,0,0,0,0,0,0,0,0,0,0,0,,,,1,1,0,,,,0,0,0,,,
30/10/2025 03:00,0,0,0,1,0,1,6,2,4,0,0,0,,,,1,0,1,,,,1,0,1,,,
30/10/2025 04:00,2,1,1,0,0,0,0,0,0,0,0,0,,,,2,1,1,,,,3,3,0,,,
30/10/2025 05:00,4,1,3,3,1,2,1,1,0,1,1,0,,,,2,2,0,,,,1,1,0,,,
30/10/2025 06:00,29,13,16,17,14,3,16,11,5,2,2,0,,,,21,13,8,,,,10,4,6,,,
30/10/2025 07:00,81,46,35,28,11,17,21,9,12,18,9,9,,,,48,20,28,,,,14,4,10,,,
30/10/2025 08:00,101,45,56,34,18,16,27,3,24,14,8,6,,,,64,29,35,,,,31,13,18,,,
30/10/2025 09:00,92,37,55,29,16,13,29,19,10,19,6,13,,,,43,18,25,,,,32,17,15,,,
30/10/2025 10:00,72,40,32,31,14,17,27,12,15,8,4,4,,,,31,13,18,,,,25,13,12,,,
30/10/2025 11:00,51,28,23,17,10,7,16,7,9,17,3,14,,,,25,14,11,,,,32,13,19,,,
30/10/2025 12:00,20,9,11,13,7,6,14,9,5,14,12,2,,,,12,8,4,,,,17,8,9,,,
30/10/2025 13:00,22,10,12,9,7,2,9,4,5,13,7,6,,,,13,4,9,,,,11,5,6,,,
30/10/2025 14:00,5,2,3,16,10,6,7,4,3,7,4,3,,,,9,4,5,,,,18,10,8,,,
30/10/2025 15:00,13,3,10,3,1,2,9,2,7,6,5,1,,,,10,4,6,,,,15,5,10,,,
30/10/2025 16:00,8,3,5,13,11,2,6,4,2,4,0,4,,,,25,8,17,,,,21,13,8,,,
30/10/2025 17:00,1,1,0,15,9,6,10,6,4,3,1,2,,,,13,5,8,,,,27,12,15,,,
30/10/2025 18:00,12,9,3,4,1,3,8,4,4,4,1,3,,,,11,7,4,,,,18,8,10,,,
30/10/2025 19:00,8,5,3,5,3,2,6,4,2,4,2,2,,,,17,6,11,,,,9,6,3,,,
30/10/2025 20:00,13,5,8,3,1,2,4,3,1,5,2,3,,,,6,4,2,,,,18,10,8,,,
30/10/2025 21:00,11,7,4,4,3,1,11,9,2,2,2,0,,,,0,0,0,,,,14,7,7,,,
30/10/2025 22:00,9,4,5,19,10,9,10,2,8,1,0,1,,,,7,3,4,,,,4,3,1,,,
30/10/2025 23:00,10,7,3,4,0,4,2,1,1,0,0,0,,,,1,1,0,,,,3,0,3,,,
31/10/2025 00:00,0,0,0,0,0,0,0,0,0,5,3,2,,,,1,1,0,,,,4,3,1,,,
31/10/2025 01:00,1,0,1,0,0,0,0,0,0,1,1,0,,,,0,0,0,,,,6,3,3,,,
31/10/2025 02:00,0,0,0,0,0,0,0,0,0,0,0,0,,,,0,0,0,,,,4,3,1,,,
31/10/2025 03:00,1,0,1,0,0,0,0,0,0,0,0,0,,,,0,0,0,,,,2,1,1,,,
31/10/2025 04:00,2,2,0,0,0,0,5,3,2,0,0,0,,,,2,1,1,,,,3,2,1,,,
31/10/2025 05:00,10,4,6,4,4,0,4,2,2,1,1,0,,,,3,1,2,,,,3,2,1,,,
31/10/2025 06:00,18,11,7,14,7,7,10,6,4,2,1,1,,,,9,4,5,,,,10,6,4,,,
31/10/2025 07:00,69,34,35,30,15,15,32,16,16,7,3,4,,,,55,34,21,,,,26,13,13,,,
31/10/2025 08:00,100,49,51,38,20,18,24,9,15,24,11,13,,,,56,25,31,,,,40,19,21,,,
31/10/2025 09:00,82,42,40,14,6,8,27,10,17,12,7,5,,,,38,20,18,,,,34,15,19,,,
31/10/2025 10:00,27,14,13,8,5,3,8,3,5,7,4,3,,,,28,14,14,,,,20,10,10,,,
31/10/2025 11:00,24,14,10,8,4,4,9,7,2,6,2,4,,,,23,18,5,,,,93,54,39,,,
31/10/2025 12:00,128,54,74,47,21,26,27,10,17,20,14,6,,,,112,59,53,,,,56,27,29,,,
31/10/2025 13:00,175,91,84,42,30,12,48,33,15,22,15,7,,,,81,48,33,,,,85,37,48,,,
31/10/2025 14:00,179,81,98,57,32,25,28,10,18,24,13,11,,,,93,52,41,,,,95,45,50,,,
31/10/2025 15:00,170,81,89,54,27,27,49,27,22,17,12,5,,,,85,51,34,,,,102,48,54,,,
31/10/2025 16:00,144,70,74,63,27,36,49,20,29,18,14,4,,,,99,53,46,,,,72,47,25,,,
31/10/2025 17:00,134,61,73,55,23,32,39,22,17,22,10,12,,,,67,25,42,,,,100,47,53,,,
31/10/2025 18:00,76,45,31,32,10,22,19,7,12,10,4,6,,,,31,18,13,,,,354,176,178,,,
31/10/2025 19:00,60,32,28,44,14,30,24,13,11,37,14,23,,,,30,20,10,,,,364,206,158,,,
31/10/2025 20:00,42,26,16,17,9,8,18,12,6,32,17,15,,,,19,7,12,,,,635,313,322,,,
31/10/2025 21:00,21,12,9,5,2,3,6,4,2,5,3,2,,,,8,3,5,,,,226,69,157,,,
31/10/2025 22:00,11,7,4,0,0,0,14,12,2,4,1,3,,,,3,2,1,,,,40,19,21,,,
31/10/2025 23:00,9,7,2,3,3,0,7,5,2,1,0,1,,,,1,0,1,,,,39,15,24,,,
01/11/2025 00:00,2,2,0,1,1,0,3,2,1,0,0,0,,,,7,4,3,,,,16,4,12,,,
01/11/2025 01:00,1,1,0,5,2,3,8,5,3,0,0,0,,,,0,0,0,,,,12,10,2,,,
01/11/2025 02:00,4,1,3,4,1,3,1,0,1,0,0,0,,,,0,0,0,,,,7,4,3,,,
01/11/2025 03:00,4,4,0,0,0,0,0,0,0,1,1,0,,,,1,1,0,,,,6,5,1,,,
01/11/2025 04:00,1,1,0,0,0,0,0,0,0,0,0,0,,,,2,1,1,,,,5,2,3,,,
01/11/2025 05:00,1,1,0,1,0,1,0,0,0,0,0,0,,,,0,0,0,,,,4,3,1,,,
01/11/2025 06:00,13,4,9,2,1,1,3,1,2,0,0,0,,,,8,4,4,,,,9,3,6,,,
01/11/2025 07:00,60,35,25,14,7,7,8,7,1,2,0,2,,,,23,15,8,,,,11,8,3,,,
01/11/2025 08:00,115,59,56,61,35,26,38,21,17,14,7,7,,,,65,42,23,,,,19,8,11,,,
01/11/2025 09:00,192,101,91,68,42,26,46,23,23,23,13,10,,,,114,65,49,,,,44,22,22,,,
01/11/2025 10:00,303,164,139,141,76,65,81,48,33,34,24,10,,,,128,79,49,,,,47,18,29,,,
01/11/2025 11:00,344,201,143,111,65,46,88,52,36,36,21,15,,,,150,83,67,,,,45,17,28,,,
01/11/2025 12:00,412,240,172,100,47,53,76,39,37,49,35,14,,,,133,69,64,,,,40,19,21,,,
01/11/2025 13:00,411,215,196,95,57,38,61,35,26,42,20,22,,,,107,63,44,,,,48,23,25,,,
01/11/2025 14:00,357,176,181,76,42,34,60,33,27,41,24,17,,,,125,79,46,,,,39,26,13,,,
01/11/2025 15:00,365,158,207,70,36,34,95,47,48,50,33,17,,,,132,72,60,,,,57,35,22,,,
01/11/2025 16:00,306,145,161,43,20,23,62,29,33,30,16,14,,,,109,52,57,,,,44,18,26,,,
01/11/2025 17:00,230,116,114,49,30,19,51,24,27,23,14,9,,,,84,43,41,,,,66,26,40,,,
01/11/2025 18:00,129,65,64,31,17,14,13,7,6,15,11,4,,,,24,6,18,,,,30,20,10,,,
01/11/2025 19:00,66,36,30,21,6,15,27,11,16,16,8,8,,,,14,10,4,,,,31,17,14,,,
01/11/2025 20:00,67,44,23,15,9,6,17,8,9,7,3,4,,,,9,6,3,,,,19,11,8,,,
01/11/2025 21:00,44,26,18,1,1,0,17,10,7,6,3,3,,,,8,3,5,,,,13,6,7,,,
01/11/2025 22:00,31,23,8,11,6,5,14,12,2,2,1,1,,,,4,1,3,,,,6,1,5,,,
01/11/2025 23:00,15,12,3,6,3,3,6,5,1,2,0,2,,,,6,3,3,,,,3,1,2,,,
02/11/2025 00:00,0,0,0,0,0,0,5,2,3,2,2,0,,,,1,1,0,,,,7,6,1,,,
02/11/2025 01:00,1,0,1,3,1,2,2,1,1,1,0,1,,,,0,0,0,,,,15,12,3,,,
02/11/2025 02:00,0,0,0,2,1,1,1,0,1,2,0,2,,,,0,0,0,,,,2,2,0,,,
02/11/2025 03:00,0,0,0,0,0,0,0,0,0,0,0,0,,,,0,0,0,,,,1,0,1,,,
02/11/2025 04:00,0,0,0,0,0,0,0,0,0,0,0,0,,,,0,0,0,,,,3,3,0,,,
02/11/2025 05:00,2,1,1,0,0,0,0,0,0,1,1,0,,,,0,0,0,,,,0,0,0,,,
02/11/2025 06:00,12,6,6,7,4,3,2,1,1,0,0,0,,,,6,3,3,,,,3,3,0,,,
02/11/2025 07:00,42,23,19,8,5,3,6,4,2,3,2,1,,,,28,18,10,,,,9,5,4,,,
02/11/2025 08:00,96,42,54,44,27,17,30,18,12,18,10,8,,,,59,37,22,,,,18,7,11,,,
02/11/2025 09:00,223,122,101,67,38,29,54,27,27,21,14,7,,,,135,73,62,,,,24,15,9,,,
02/11/2025 10:00,324,173,151,101,56,45,76,47,29,29,14,15,,,,179,96,83,,,,54,22,32,,,
02/11/2025 11:00,513,301,212,149,75,74,101,60,41,53,31,22,,,,193,114,79,,,,58,38,20,,,
02/11/2025 12:00,655,318,337,173,96,77,79,44,35,36,25,11,,,,168,93,75,,,,42,20,22,,,
02/11/2025 13:00,637,338,299,119,68,51,99,51,48,47,36,11,,,,160,73,87,,,,50,21,29,,,
02/11/2025 14:00,616,295,321,107,63,44,102,58,44,39,20,19,,,,179,106,73,,,,37,17,20,,,
02/11/2025 15:00,623,304,319,96,46,50,105,57,48,39,27,12,,,,188,103,85,,,,39,20,19,,,
02/11/2025 16:00,456,233,223,84,46,38,65,30,35,29,13,16,,,,167,77,90,,,,54,22,32,,,
02/11/2025 17:00,237,120,117,54,22,32,42,23,19,12,7,5,,,,82,27,55,,,,37,19,18,,,
02/11/2025 18:00,133,74,59,49,23,26,32,13,19,15,10,5,,,,38,21,17,,,,18,6,12,,,
02/11/2025 19:00,93,50,43,20,16,4,18,10,8,7,3,4,,,,23,11,12,,,,8,3,5,,,
02/11/2025 20:00,78,45,33,15,7,8,13,4,9,8,3,5,,,,19,9,10,,,,22,8,14,,,
02/11/2025 21:00,30,20,10,5,2,3,7,3,4,3,2,1,,,,11,3,8,,,,8,3,5,,,
02/11/2025 22:00,12,6,6,4,0,4,2,2,0,2,0,2,,,,3,0,3,,,,7,4,3,,,
02/11/2025 23:00,5,4,1,1,1,0,5,2,3,1,0,1,,,,0,0,0,,,,4,2,2,,,
03/11/2025 00:00,0,0,0,0,0,0,1,1,0,2,1,1,,,,0,0,0,,,,11,7,4,,,
03/11/2025 01:00,0,0,0,0,0,0,0,0,0,0,0,0,,,,0,0,0,,,,0,0,0,,,
03/11/2025 02:00,0,0,0,0,0,0,2,1,1,0,0,0,,,,0,0,0,,,,0,0,0,,,
03/11/2025 03:00,1,1,0,0,0,0,0,0,0,0,0,0,,,,0,0,0,,,,1,1,0,,,
03/11/2025 04:00,3,1,2,0,0,0,0,0,0,1,1,0,,,,2,1,1,,,,0,0,0,,,
03/11/2025 05:00,9,3,6,0,0,0,1,1,0,1,1,0,,,,1,0,1,,,,5,4,1,,,
03/11/2025 06:00,31,12,19,3,2,1,15,9,6,6,2,4,,,,9,4,5,,,,7,5,2,,,
03/11/2025 07:00,59,30,29,37,18,19,21,13,8,16,5,11,,,,57,32,25,,,,32,11,21,,,
03/11/2025 08:00,81,35,46,41,12,29,28,9,19,44,20,24,,,,96,52,44,,,,112,84,28,,,
03/11/2025 09:00,106,57,49,31,14,17,26,18,8,17,11,6,,,,66,34,32,,,,38,17,21,,,
03/11/2025 10:00,94,49,45,31,14,17,24,14,10,22,14,8,,,,48,28,20,,,,42,21,21,,,
03/11/2025 11:00,138,72,66,43,11,32,26,13,13,34,15,19,,,,46,24,22,,,,32,13,19,,,
03/11/2025 12:00,148,82,66,51,28,23,45,13,32,22,14,8,,,,63,38,25,,,,70,35,35,,,
03/11/2025 13:00,119,51,68,34,18,16,40,23,17,12,6,6,,,,95,48,47,,,,74,29,45,,,
03/11/2025 14:00,131,65,66,20,7,13,32,17,15,30,10,20,,,,100,53,47,,,,47,18,29,,,
03/11/2025 15:00,98,52,46,36,18,18,21,13,8,35,22,13,,,,53,24,29,,,,80,29,51,,,
03/11/2025 16:00,98,46,52,40,19,21,27,10,17,27,17,10,,,,106,62,44,,,,90,42,48,,,
03/11/2025 17:00,104,53,51,54,28,26,55,31,24,17,10,7,,,,52,26,26,,,,69,31,38,,,
03/11/2025 18:00,90,51,39,58,34,24,41,18,23,8,6,2,,,,62,34,28,,,,70,36,34,,,
03/11/2025 19:00,103,60,43,47,22,25,42,22,20,11,7,4,,,,81,43,38,,,,35,22,13,,,
03/11/2025 20:00,88,51,37,38,17,21,25,9,16,10,6,4,,,,26,9,17,,,,23,8,15,,,
03/11/2025 21:00,53,39,14,16,5,11,10,3,7,6,3,3,,,,9,7,2,,,,21,10,11,,,
03/11/2025 22:00,12,8,4,6,2,4,7,3,4,3,2,1,,,,14,7,7,,,,5,1,4,,,
03/11/2025 23:00,7,4,3,2,2,0,8,4,4,0,0,0,,,,0,0,0,,,,0,0,0,,,
04/11/2025 00:00,2,2,0,0,0,0,1,0,1,4,4,0,,,,0,0,0,,,,3,2,1,,,
04/11/2025 01:00,4,1,3,0,0,0,2,1,1,0,0,0,,,,0,0,0,,,,2,2,0,,,
04/11/2025 02:00,1,1,0,1,0,1,0,0,0,0,0,0,,,,2,2,0,,,,0,0,0,,,
04/11/2025 03:00,0,0,0,0,0,0,0,0,0,0,0,0,,,,3,0,3,,,,0,0,0,,,
04/11/2025 04:00,0,0,0,0,0,0,1,1,0,0,0,0,,,,2,1,1,,,,2,2,0,,,
04/11/2025 05:00,6,2,4,1,1,0,1,0,1,1,1,0,,,,3,2,1,,,,3,1,2,,,
04/11/2025 06:00,20,9,11,6,4,2,10,7,3,3,2,1,,,,19,8,11,,,,6,4,2,,,
04/11/2025 07:00,49,24,25,20,7,13,18,6,12,17,6,11,,,,49,28,21,,,,30,10,20,,,
04/11/2025 08:00,68,33,35,24,9,15,12,7,5,37,15,22,,,,87,36,51,,,,103,71,32,,,
04/11/2025 09:00,102,57,45,25,17,8,28,15,13,21,9,12,,,,39,17,22,,,,50,24,26,,,
04/11/2025 10:00,85,51,34,33,16,17,37,24,13,15,8,7,,,,42,23,19,,,,51,19,32,,,
04/11/2025 11:00,124,65,59,31,15,16,48,25,23,14,7,7,,,,74,39,35,,,,32,17,15,,,
04/11/2025 12:00,156,65,91,29,12,17,21,5,16,24,10,14,,,,63,38,25,,,,50,30,20,,,
04/11/2025 13:00,192,109,83,56,32,24,54,24,30,24,15,9,,,,64,36,28,,,,54,36,18,,,
04/11/2025 14:00,106,49,57,38,16,22,30,18,12,27,9,18,,,,64,40,24,,,,70,31,39,,,
04/11/2025 15:00,115,54,61,38,16,22,29,15,14,21,10,11,,,,69,29,40,,,,75,23,52,,,
04/11/2025 16:00,59,27,32,36,20,16,23,11,12,23,14,9,,,,86,38,48,,,,70,33,37,,,
04/11/2025 17:00,67,38,29,38,22,16,43,25,18,15,9,6,,,,71,39,32,,,,51,28,23,,,
04/11/2025 18:00,144,99,45,62,38,24,68,44,24,21,8,13,,,,71,38,33,,,,55,27,28,,,
04/11/2025 19:00,112,55,57,55,33,22,40,18,22,11,5,6,,,,59,28,31,,,,53,31,22,,,
04/11/2025 20:00,97,54,43,50,21,29,27,16,11,6,2,4,,,,30,15,15,,,,17,9,8,,,
04/11/2025 21:00,39,22,17,15,7,8,12,7,5,5,4,1,,,,13,5,8,,,,25,10,15,,,
04/11/2025 22:00,22,13,9,6,2,4,9,5,4,1,0,1,,,,8,3,5,,,,12,5,7,,,
04/11/2025 23:00,7,3,4,1,0,1,3,2,1,4,3,1,,,,1,1,0,,,,6,0,6,,,
05/11/2025 00:00,0,0,0,0,0,0,5,2,3,1,1,0,,,,0,0,0,,,,6,3,3,,,
05/11/2025 01:00,0,0,0,0,0,0,0,0,0,0,0,0,,,,0,0,0,,,,4,4,0,,,
05/11/2025 02:00,0,0,0,0,0,0,1,0,1,0,0,0,,,,0,0,0,,,,0,0,0,,,
05/11/2025 03:00,0,0,0,0,0,0,0,0,0,0,0,0,,,,0,0,0,,,,0,0,0,,,
05/11/2025 04:00,1,1,0,0,0,0,0,0,0,0,0,0,,,,2,1,1,,,,0,0,0,,,
05/11/2025 05:00,6,3,3,2,2,0,2,1,1,1,1,0,,,,5,2,3,,,,7,2,5,,,
05/11/2025 06:00,32,17,15,12,6,6,15,10,5,5,1,4,,,,13,8,5,,,,7,5,2,,,
05/11/2025 07:00,72,37,35,22,10,12,13,7,6,16,3,13,,,,43,17,26,,,,25,12,13,,,
05/11/2025 08:00,70,37,33,34,15,19,25,6,19,35,19,16,,,,81,40,41,,,,93,68,25,,,
05/11/2025 09:00,88,42,46,37,25,12,30,14,16,20,9,11,,,,61,36,25,,,,48,27,21,,,
05/11/2025 10:00,81,42,39,40,17,23,34,15,19,19,9,10,,,,55,34,21,,,,30,13,17,,,
05/11/2025 11:00,94,59,35,28,12,16,25,16,9,24,7,17,,,,64,40,24,,,,37,24,13,,,
05/11/2025 12:00,138,66,72,27,12,15,28,14,14,26,10,16,,,,82,36,46,,,,44,22,22,,,
05/11/2025 13:00,138,78,60,47,24,23,36,18,18,25,14,11,,,,101,58,43,,,,65,22,43,,,
05/11/2025 14:00,117,58,59,29,17,12,16,11,5,22,12,10,,,,96,46,50,,,,48,19,29,,,
05/11/2025 15:00,126,53,73,36,23,13,31,17,14,23,12,11,,,,79,38,41,,,,85,34,51,,,
05/11/2025 16:00,111,54,57,45,26,19,47,28,19,19,10,9,,,,87,34,53,,,,88,36,52,,,
05/11/2025 17:00,118,63,55,68,43,25,49,29,20,20,11,9,,,,82,40,42,,,,64,23,41,,,
05/11/2025 18:00,115,65,50,70,29,41,55,34,21,13,9,4,,,,62,37,25,,,,61,34,27,,,
05/11/2025 19:00,129,61,68,72,47,25,55,29,26,8,3,5,,,,52,30,22,,,,49,30,19,,,
05/11/2025 20:00,82,44,38,43,23,20,30,12,18,8,5,3,,,,32,19,13,,,,46,26,20,,,
05/11/2025 21:00,43,27,16,17,9,8,16,7,9,8,4,4,,,,23,13,10,,,,28,13,15,,,
05/11/2025 22:00,19,16,3,9,4,5,11,4,7,2,1,1,,,,13,7,6,,,,15,8,7,,,
05/11/2025 23:00,4,2,2,5,3,2,0,0,0,2,1,1,,,,0,0,0,,,,5,4,1,,,
06/11/2025 00:00,0,0,0,0,0,0,1,1,0,1,1,0,,,,0,0,0,,,,5,4,1,,,
06/11/2025 01:00,0,0,0,0,0,0,0,0,0,1,1,0,,,,0,0,0,,,,1,1,0,,,
06/11/2025 02:00,0,0,0,0,0,0,2,1,1,0,0,0,,,,0,0,0,,,,0,0,0,,,
06/11/2025 03:00,0,0,0,0,0,0,0,0,0,0,0,0,,,,0,0,0,,,,1,0,1,,,
06/11/2025 04:00,2,1,1,0,0,0,0,0,0,0,0,0,,,,2,1,1,,,,4,2,2,,,
06/11/2025 05:00,18,9,9,2,1,1,1,1,0,1,1,0,,,,2,2,0,,,,5,2,3,,,
06/11/2025 06:00,36,18,18,17,11,6,22,15,7,4,0,4,,,,26,12,14,,,,10,5,5,,,
06/11/2025 07:00,69,36,33,31,8,23,23,10,13,15,5,10,,,,60,29,31,,,,30,13,17,,,
06/11/2025 08:00,89,48,41,33,12,21,19,10,9,38,13,25,,,,81,45,36,,,,122,92,30,,,
06/11/2025 09:00,83,43,40,47,27,20,25,14,11,20,9,11,,,,67,32,35,,,,43,24,19,,,
06/11/2025 10:00,142,77,65,36,15,21,47,24,23,19,9,10,,,,64,37,27,,,,75,41,34,,,
06/11/2025 11:00,191,104,87,42,14,28,40,23,17,35,14,21,,,,86,44,42,,,,25,15,10,,,
06/11/2025 12:00,231,121,110,60,35,25,43,20,23,18,9,9,,,,88,52,36,,,,47,24,23,,,
06/11/2025 13:00,272,126,146,60,34,26,71,38,33,24,16,8,,,,127,70,57,,,,63,24,39,,,
06/11/2025 14:00,190,102,88,51,23,28,37,16,21,14,7,7,,,,101,54,47,,,,53,25,28,,,
06/11/2025 15:00,187,104,83,47,27,20,28,12,16,20,9,11,,,,130,55,75,,,,97,32,65,,,
06/11/2025 16:00,158,78,80,57,35,22,40,21,19,16,7,9,,,,113,54,59,,,,53,23,30,,,
06/11/2025 17:00,126,73,53,43,22,21,55,33,22,34,20,14,,,,93,44,49,,,,65,30,35,,,
06/11/2025 18:00,105,61,44,47,24,23,37,15,22,20,10,10,,,,70,33,37,,,,56,33,23,,,
06/11/2025 19:00,112,47,65,50,23,27,38,15,23,6,4,2,,,,88,48,40,,,,40,28,12,,,
06/11/2025 20:00,124,72,52,25,13,12,24,12,12,7,4,3,,,,44,22,22,,,,31,15,16,,,
06/11/2025 21:00,42,27,15,21,6,15,17,6,11,5,3,2,,,,11,7,4,,,,19,4,15,,,
06/11/2025 22:00,19,15,4,10,5,5,16,11,5,7,1,6,,,,14,5,9,,,,13,4,9,,,
06/11/2025 23:00,8,6,2,5,4,1,8,2,6,2,1,1,,,,3,0,3,,,,6,5,1,,,
07/11/2025 00:00,0,0,0,3,0,3,1,1,0,1,1,0,,,,0,0,0,,,,9,6,3,,,
07/11/2025 01:00,1,1,0,0,0,0,0,0,0,0,0,0,,,,0,0,0,,,,2,2,0,,,
07/11/2025 02:00,1,1,0,0,0,0,1,0,1,0,0,0,,,,0,0,0,,,,2,0,2,,,
07/11/2025 03:00,0,0,0,0,0,0,0,0,0,0,0,0,,,,0,0,0,,,,0,0,0,,,
07/11/2025 04:00,5,3,2,1,1,0,0,0,0,0,0,0,,,,2,1,1,,,,2,1,1,,,
07/11/2025 05:00,11,4,7,3,1,2,2,1,1,1,1,0,,,,1,0,1,,,,4,3,1,,,
07/11/2025 06:00,42,22,20,14,8,6,11,6,5,7,4,3,,,,7,4,3,,,,15,9,6,,,
07/11/2025 07:00,56,24,32,24,10,14,14,5,9,13,5,8,,,,56,29,27,,,,27,9,18,,,
07/11/2025 08:00,50,25,25,57,24,33,21,8,13,28,14,14,,,,107,64,43,,,,94,63,31,,,
07/11/2025 09:00,88,44,44,30,16,14,13,10,3,15,8,7,,,,71,30,41,,,,32,16,16,,,
07/11/2025 10:00,81,40,41,30,16,14,15,11,4,8,4,4,,,,51,28,23,,,,31,16,15,,,
07/11/2025 11:00,45,23,22,13,7,6,24,13,11,9,5,4,,,,30,14,16,,,,29,15,14,,,
07/11/2025 12:00,40,16,24,12,7,5,15,9,6,11,7,4,,,,34,20,14,,,,37,17,20,,,
07/11/2025 13:00,63,28,35,33,15,18,19,12,7,12,8,4,,,,32,18,14,,,,88,20,68,,,
07/11/2025 14:00,71,38,33,23,14,9,20,11,9,26,13,13,,,,41,26,15,,,,50,21,29,,,
07/11/2025 15:00,70,28,42,21,13,8,21,7,14,11,5,6,,,,45,26,19,,,,32,14,18,,,
07/11/2025 16:00,45,20,25,22,8,14,15,6,9,9,5,4,,,,52,20,32,,,,46,24,22,,,
07/11/2025 17:00,77,41,36,46,24,22,38,19,19,16,10,6,,,,44,18,26,,,,54,23,31,,,
07/11/2025 18:00,58,26,32,33,18,15,28,15,13,10,7,3,,,,49,17,32,,,,34,16,18,,,
07/11/2025 19:00,60,37,23,29,13,16,22,10,12,5,2,3,,,,20,9,11,,,,22,10,12,,,
07/11/2025 20:00,27,14,13,8,7,1,20,8,12,2,1,1,,,,14,4,10,,,,14,7,7,,,
07/11/2025 21:00,52,33,19,20,9,11,9,6,3,2,1,1,,,,15,8,7,,,,22,12,10,,,
07/11/2025 22:00,25,12,13,5,3,2,10,3,7,2,1,1,,,,4,1,3,,,,7,6,1,,,
07/11/2025 23:00,15,13,2,7,4,3,2,1,1,4,0,4,,,,0,0,0,,,,10,5,5,,,
08/11/2025 00:00,0,0,0,0,0,0,2,2,0,0,0,0,,,,1,1,0,,,,8,7,1,,,
08/11/2025 01:00,6,5,1,2,0,2,5,1,4,0,0,0,,,,1,0,1,,,,3,2,1,,,
08/11/2025 02:00,2,2,0,0,0,0,6,3,3,2,0,2,,,,1,1,0,,,,2,1,1,,,
08/11/2025 03:00,3,3,0,1,0,1,2,0,2,0,0,0,,,,0,0,0,,,,0,0,0,,,
08/11/2025 04:00,1,1,0,2,2,0,0,0,0,0,0,0,,,,3,2,1,,,,0,0,0,,,
08/11/2025 05:00,4,1,3,0,0,0,1,0,1,0,0,0,,,,1,1,0,,,,0,0,0,,,
08/11/2025 06:00,22,8,14,3,2,1,5,3,2,0,0,0,,,,1,1,0,,,,3,2,1,,,
08/11/2025 07:00,108,73,35,25,15,10,33,22,11,5,1,4,,,,24,16,8,,,,10,7,3,,,
08/11/2025 08:00,122,57,65,52,36,16,60,30,30,12,8,4,,,,73,41,32,,,,21,12,9,,,
08/11/2025 09:00,208,104,104,104,57,47,87,59,28,24,17,7,,,,149,85,64,,,,30,10,20,,,
08/11/2025 10:00,312,169,143,141,74,67,85,45,40,54,21,33,,,,194,130,64,,,,40,23,17,,,
08/11/2025 11:00,419,224,195,159,89,70,106,65,41,52,28,24,,,,215,120,95,,,,63,32,31,,,
08/11/2025 12:00,404,229,175,141,48,93,89,46,43,41,24,17,,,,207,115,92,,,,58,28,30,,,
08/11/2025 13:00,406,227,179,97,56,41,54,33,21,36,19,17,,,,137,72,65,,,,62,24,38,,,
08/11/2025 14:00,303,155,148,88,58,30,52,27,25,25,13,12,,,,110,63,47,,,,48,23,25,,,
08/11/2025 15:00,340,149,191,62,32,30,50,30,20,41,33,8,,,,130,63,67,,,,54,24,30,,,
08/11/2025 16:00,312,131,181,68,36,32,67,37,30,19,11,8,,,,138,69,69,,,,38,19,19,,,
08/11/2025 17:00,224,115,109,53,18,35,52,27,25,10,5,5,,,,78,29,49,,,,31,13,18,,,
08/11/2025 18:00,110,47,63,35,20,15,44,20,24,9,7,2,,,,23,10,13,,,,24,7,17,,,
08/11/2025 19:00,98,56,42,22,9,13,38,12,26,5,3,2,,,,20,10,10,,,,25,11,14,,,
08/11/2025 20:00,52,29,23,21,4,17,15,6,9,3,3,0,,,,18,7,11,,,,13,7,6,,,
08/11/2025 21:00,53,30,23,7,3,4,10,5,5,5,1,4,,,,12,4,8,,,,15,8,7,,,
08/11/2025 22:00,36,20,16,7,2,5,18,15,3,1,1,0,,,,6,4,2,,,,9,3,6,,,
08/11/2025 23:00,14,8,6,2,0,2,7,6,1,1,1,0,,,,7,2,5,,,,9,8,1,,,
09/11/2025 00:00,0,0,0,0,0,0,6,2,4,2,0,2,,,,2,1,1,,,,9,6,3,,,
09/11/2025 01:00,7,3,4,5,3,2,0,0,0,0,0,0,,,,0,0,0,,,,15,8,7,,,
09/11/2025 02:00,3,2,1,3,2,1,2,2,0,0,0,0,,,,0,0,0,,,,4,3,1,,,
09/11/2025 03:00,4,3,1,0,0,0,6,3,3,1,1,0,,,,0,0,0,,,,1,1,0,,,
09/11/2025 04:00,1,1,0,0,0,0,2,2,0,0,0,0,,,,0,0,0,,,,1,1,0,,,
09/11/2025 05:00,1,0,1,0,0,0,0,0,0,0,0,0,,,,1,1,0,,,,1,1,0,,,
09/11/2025 06:00,8,4,4,4,3,1,1,1,0,0,0,0,,,,3,1,2,,,,4,1,3,,,
09/11/2025 07:00,33,14,19,9,6,3,6,3,3,1,0,1,,,,20,12,8,,,,1,1,0,,,
09/11/2025 08:00,87,46,41,41,26,15,22,14,8,8,3,5,,,,52,27,25,,,,17,8,9,,,
09/11/2025 09:00,206,99,107,85,42,43,59,41,18,23,12,11,,,,134,78,56,,,,42,17,25,,,
09/11/2025 10:00,306,164,142,108,53,55,85,51,34,30,17,13,,,,173,111,62,,,,41,16,25,,,
09/11/2025 11:00,502,264,238,162,87,75,109,67,42,45,21,24,,,,211,116,95,,,,51,28,23,,,
09/11/2025 12:00,583,277,306,149,85,64,122,77,45,41,20,21,,,,227,115,112,,,,49,22,27,,,
09/11/2025 13:00,569,303,266,125,75,50,98,49,49,45,34,11,,,,179,94,85,,,,51,25,26,,,
09/11/2025 14:00,549,300,249,95,49,46,101,52,49,36,16,20,,,,168,78,90,,,,40,15,25,,,
09/11/2025 15:00,506,256,250,74,42,32,61,34,27,31,18,13,,,,165,79,86,,,,30,15,15,,,
09/11/2025 16:00,396,203,193,79,48,31,67,27,40,19,11,8,,,,136,67,69,,,,54,24,30,,,
09/11/2025 17:00,269,142,127,57,24,33,51,21,30,10,7,3,,,,70,25,45,,,,32,17,15,,,
09/11/2025 18:00,136,76,60,30,16,14,22,14,8,6,3,3,,,,22,10,12,,,,43,21,22,,,
09/11/2025 19:00,94,48,46,41,22,19,40,20,20,35,23,12,,,,23,9,14,,,,32,16,16,,,
09/11/2025 20:00,65,37,28,27,16,11,24,16,8,7,7,0,,,,26,16,10,,,,26,14,12,,,
09/11/2025 21:00,35,18,17,14,5,9,17,7,10,2,0,2,,,,6,1,5,,,,31,18,13,,,
09/11/2025 22:00,26,21,5,5,2,3,7,4,3,2,1,1,,,,7,5,2,,,,22,14,8,,,
09/11/2025 23:00,5,1,4,3,1,2,9,6,3,1,0,1,,,,1,1,0,,,,7,2,5,,,
10/11/2025 00:00,1,1,0,0,0,0,0,0,0,1,1,0,,,,0,0,0,,,,4,3,1,,,
10/11/2025 01:00,0,0,0,0,0,0,0,0,0,0,0,0,,,,0,0,0,,,,1,1,0,,,
10/11/2025 02:00,1,1,0,0,0,0,0,0,0,0,0,0,,,,0,0,0,,,,2,0,2,,,
10/11/2025 03:00,0,0,0,0,0,0,0,0,0,0,0,0,,,,0,0,0,,,,0,0,0,,,
10/11/2025 04:00,2,1,1,0,0,0,0,0,0,0,0,0,,,,2,1,1,,,,1,0,1,,,
10/11/2025 05:00,13,6,7,2,2,0,4,2,2,1,1,0,,,,0,0,0,,,,0,0,0,,,
10/11/2025 06:00,39,18,21,17,5,12,15,9,6,4,2,2,,,,13,5,8,,,,10,4,6,,,
10/11/2025 07:00,54,22,32,31,12,19,16,7,9,18,8,10,,,,76,38,38,,,,23,3,20,,,
10/11/2025 08:00,99,52,47,51,20,31,25,12,13,46,26,20,,,,110,54,56,,,,110,71,39,,,
10/11/2025 09:00,146,81,65,39,19,20,46,35,11,27,15,12,,,,83,35,48,,,,50,29,21,,,
10/11/2025 10:00,164,88,76,46,24,22,39,22,17,26,16,10,,,,86,50,36,,,,48,25,23,,,
10/11/2025 11:00,187,93,94,45,25,20,33,15,18,20,12,8,,,,79,37,42,,,,30,15,15,,,
10/11/2025 12:00,183,98,85,61,35,26,38,16,22,22,11,11,,,,92,45,47,,,,37,19,18,,,
10/11/2025 13:00,204,93,111,53,25,28,61,36,25,26,12,14,,,,116,65,51,,,,65,22,43,,,
10/11/2025 14:00,163,80,83,44,23,21,38,22,16,36,18,18,,,,79,48,31,,,,57,24,33,,,
10/11/2025 15:00,123,57,66,51,26,25,34,22,12,19,9,10,,,,71,31,40,,,,76,31,45,,,
10/11/2025 16:00,152,68,84,62,30,32,38,25,13,23,13,10,,,,128,65,63,,,,72,31,41,,,
10/11/2025 17:00,101,52,49,61,38,23,53,33,20,9,4,5,,,,116,55,61,,,,79,36,43,,,
10/11/2025 18:00,137,85,52,75,33,42,62,37,25,14,11,3,,,,101,51,50,,,,59,31,28,,,
10/11/2025 19:00,112,61,51,51,28,23,49,29,20,9,4,5,,,,92,51,41,,,,37,16,21,,,
10/11/2025 20:00,86,55,31,48,26,22,23,8,15,4,4,0,,,,48,21,27,,,,34,16,18,,,
10/11/2025 21:00,57,31,26,31,11,20,24,12,12,2,1,1,,,,16,7,9,,,,24,6,18,,,
10/11/2025 22:00,22,13,9,11,4,7,9,2,7,2,2,0,,,,9,4,5,,,,13,7,6,,,
10/11/2025 23:00,3,1,2,4,3,1,2,0,2,2,1,1,,,,2,0,2,,,,5,2,3,,,
11/11/2025 00:00,0,0,0,1,0,1,0,0,0,3,1,2,,,,0,0,0,,,,3,2,1,,,
11/11/2025 01:00,1,1,0,0,0,0,0,0,0,0,0,0,,,,0,0,0,,,,0,0,0,,,
11/11/2025 02:00,0,0,0,0,0,0,0,0,0,0,0,0,,,,0,0,0,,,,0,0,0,,,
11/11/2025 03:00,0,0,0,0,0,0,0,0,0,0,0,0,,,,0,0,0,,,,0,0,0,,,
11/11/2025 04:00,2,1,1,1,0,1,0,0,0,0,0,0,,,,2,1,1,,,,1,1,0,,,
11/11/2025 05:00,3,2,1,3,2,1,1,1,0,1,1,0,,,,0,0,0,,,,2,1,1,,,
11/11/2025 06:00,16,10,6,6,3,3,9,4,5,2,1,1,,,,8,3,5,,,,8,4,4,,,
11/11/2025 07:00,23,9,14,21,11,10,13,7,6,7,1,6,,,,52,23,29,,,,28,10,18,,,
11/11/2025 08:00,35,13,22,23,9,14,26,12,14,30,10,20,,,,83,44,39,,,,81,57,24,,,
11/11/2025 09:00,52,28,24,19,6,13,21,12,9,15,6,9,,,,49,25,24,,,,42,22,20,,,
11/11/2025 10:00,61,25,36,22,13,9,19,13,6,5,2,3,,,,35,19,16,,,,34,9,25,,,
11/11/2025 11:00,31,16,15,22,9,13,11,7,4,12,7,5,,,,24,11,13,,,,22,11,11,,,
11/11/2025 12:00,84,47,37,25,15,10,30,7,23,19,10,9,,,,52,35,17,,,,58,39,19,,,
11/11/2025 13:00,53,30,23,15,9,6,20,11,9,10,3,7,,,,22,10,12,,,,30,10,20,,,
11/11/2025 14:00,30,12,18,4,1,3,8,4,4,20,9,11,,,,12,6,6,,,,22,8,14,,,
11/11/2025 15:00,52,27,25,27,17,10,14,10,4,10,5,5,,,,30,12,18,,,,68,21,47,,,
11/11/2025 16:00,84,50,34,34,18,16,35,21,14,22,11,11,,,,86,46,40,,,,53,24,29,,,
11/11/2025 17:00,98,55,43,55,24,31,54,24,30,15,9,6,,,,95,40,55,,,,51,22,29,,,
11/11/2025 18:00,106,59,47,69,39,30,47,31,16,11,5,6,,,,78,40,38,,,,48,24,24,,,
11/11/2025 19:00,128,64,64,57,32,25,39,23,16,7,4,3,,,,55,30,25,,,,74,48,26,,,
11/11/2025 20:00,110,67,43,66,33,33,48,26,22,6,4,2,,,,45,19,26,,,,33,14,19,,,
11/11/2025 21:00,47,28,19,24,12,12,15,6,9,2,1,1,,,,11,5,6,,,,28,10,18,,,
11/11/2025 22:00,18,10,8,10,3,7,10,3,7,0,0,0,,,,1,0,1,,,,10,5,5,,,
11/11/2025 23:00,6,5,1,0,0,0,3,1,2,2,0,2,,,,0,0,0,,,,2,2,0,,,
12/11/2025 00:00,0,0,0,0,0,0,1,0,1,0,0,0,,,,0,0,0,,,,0,0,0,,,
12/11/2025 01:00,1,1,0,1,1,0,0,0,0,0,0,0,,,,0,0,0,,,,5,4,1,,,
12/11/2025 02:00,0,0,0,0,0,0,2,0,2,0,0,0,,,,0,0,0,,,,2,2,0,,,
12/11/2025 03:00,0,0,0,0,0,0,1,0,1,1,0,1,,,,2,1,1,,,,0,0,0,,,
12/11/2025 04:00,2,0,2,0,0,0,1,0,1,0,0,0,,,,2,1,1,,,,1,1,0,,,
12/11/2025 05:00,10,7,3,2,1,1,6,3,3,1,1,0,,,,4,3,1,,,,7,3,4,,,
12/11/2025 06:00,30,12,18,20,14,6,13,7,6,5,1,4,,,,22,9,13,,,,12,7,5,,,
12/11/2025 07:00,64,36,28,34,9,25,18,5,13,14,6,8,,,,79,41,38,,,,39,19,20,,,
12/11/2025 08:00,83,40,43,42,19,23,43,17,26,48,24,24,,,,117,63,54,,,,115,80,35,,,
12/11/2025 09:00,108,46,62,34,16,18,29,15,14,25,13,12,,,,78,33,45,,,,58,31,27,,,
12/11/2025 10:00,161,93,68,40,18,22,37,21,16,25,16,9,,,,53,26,27,,,,34,18,16,,,
12/11/2025 11:00,166,98,68,48,24,24,29,14,15,20,7,13,,,,43,24,19,,,,42,28,14,,,
12/11/2025 12:00,137,61,76,45,23,22,35,20,15,25,13,12,,,,90,53,37,,,,39,18,21,,,
12/11/2025 13:00,156,82,74,49,22,27,48,24,24,21,10,11,,,,141,64,77,,,,80,35,45,,,
12/11/2025 14:00,79,40,39,30,13,17,17,9,8,13,7,6,,,,62,24,38,,,,83,18,65,,,
12/11/2025 15:00,39,18,21,16,8,8,23,14,9,12,8,4,,,,27,11,16,,,,38,20,18,,,
12/11/2025 16:00,27,12,15,9,3,6,12,5,7,12,6,6,,,,34,12,22,,,,46,17,29,,,
12/11/2025 17:00,32,19,13,18,10,8,28,20,8,11,6,5,,,,35,18,17,,,,47,17,30,,,
12/11/2025 18:00,16,14,2,22,13,9,23,11,12,3,3,0,,,,29,12,17,,,,22,14,8,,,
12/11/2025 19:00,13,8,5,9,6,3,12,6,6,12,7,5,,,,15,11,4,,,,19,10,9,,,
12/11/2025 20:00,8,3,5,5,4,1,2,1,1,1,1,0,,,,5,1,4,,,,11,5,6,,,
12/11/2025 21:00,25,19,6,7,5,2,4,1,3,0,0,0,,,,8,3,5,,,,9,2,7,,,
12/11/2025 22:00,4,2,2,4,2,2,8,6,2,1,0,1,,,,3,1,2,,,,8,6,2,,,
12/11/2025 23:00,1,1,0,1,1,0,2,0,2,0,0,0,,,,0,0,0,,,,5,1,4,,,
13/11/2025 00:00,0,0,0,0,0,0,9,5,4,0,0,0,,,,1,0,1,,,,7,5,2,,,
13/11/2025 01:00,1,0,1,0,0,0,,,,0,0,0,,,,0,0,0,,,,4,3,1,,,
13/11/2025 02:00,0,0,0,3,3,0,,,,0,0,0,,,,0,0,0,,,,1,1,0,,,
13/11/2025 03:00,2,1,1,0,0,0,,,,0,0,0,,,,1,1,0,,,,2,1,1,,,
13/11/2025 04:00,3,1,2,0,0,0,,,,0,0,0,,,,2,1,1,,,,1,1,0,,,
13/11/2025 05:00,12,6,6,2,2,0,,,,0,0,0,,,,3,2,1,,,,4,3,1,,,
13/11/2025 06:00,53,27,26,18,12,6,,,,7,4,3,,,,24,14,10,,,,17,7,10,,,
13/11/2025 07:00,66,29,37,36,15,21,,,,14,2,12,,,,66,33,33,,,,33,13,20,,,
13/11/2025 08:00,94,40,54,47,24,23,,,,42,16,26,,,,98,49,49,,,,123,87,36,,,
13/11/2025 09:00,126,62,64,36,18,18,,,,16,8,8,,,,70,33,37,,,,47,27,20,,,
13/11/2025 10:00,134,79,55,32,16,16,,,,26,14,12,,,,50,28,22,,,,47,24,23,,,
13/11/2025 11:00,141,71,70,34,18,16,,,,24,11,13,,,,59,36,23,,,,37,15,22,,,
13/11/2025 12:00,152,82,70,31,14,17,,,,46,24,22,,,,57,29,28,,,,44,22,22,,,
13/11/2025 13:00,194,96,98,45,26,19,,,,17,9,8,,,,125,67,58,,,,51,28,23,,,
13/11/2025 14:00,155,79,76,37,20,17,,,,23,12,11,,,,83,41,42,,,,61,30,31,,,
13/11/2025 15:00,104,49,55,32,15,17,,,,20,14,6,,,,118,62,56,,,,97,25,72,,,
13/11/2025 16:00,132,61,71,47,28,19,,,,28,15,13,,,,94,41,53,,,,81,32,49,,,
13/11/2025 17:00,93,49,44,49,33,16,,,,20,9,11,,,,78,32,46,,,,64,28,36,,,
13/11/2025 18:00,114,55,59,42,17,25,,,,11,6,5,,,,66,26,40,,,,64,33,31,,,
13/11/2025 19:00,97,50,47,49,22,27,,,,12,8,4,,,,46,19,27,,,,29,20,9,,,
13/11/2025 20:00,79,51,28,23,11,12,,,,5,3,2,,,,28,17,11,,,,28,7,21,,,
13/11/2025 21:00,34,20,14,15,9,6,,,,3,2,1,,,,21,10,11,,,,22,9,13,,,
13/11/2025 22:00,30,22,8,14,4,10,,,,6,4,2,,,,21,11,10,,,,11,7,4,,,
13/11/2025 23:00,7,6,1,5,4,1,,,,5,2,3,,,,6,5,1,,,,9,3,6,,,
14/11/2025 00:00,1,1,0,0,0,0,,,,4,1,3,,,,6,3,3,,,,6,4,2,,,
14/11/2025 01:00,0,0,0,0,0,0,,,,0,0,0,,,,0,0,0,,,,7,6,1,,,
14/11/2025 02:00,3,1,2,0,0,0,,,,0,0,0,,,,1,1,0,,,,3,0,3,,,
14/11/2025 03:00,1,1,0,0,0,0,,,,0,0,0,,,,0,0,0,,,,1,0,1,,,
14/11/2025 04:00,6,3,3,1,0,1,,,,0,0,0,,,,2,1,1,,,,5,4,1,,,
14/11/2025 05:00,14,6,8,3,3,0,,,,1,1,0,,,,0,0,0,,,,5,2,3,,,
14/11/2025 06:00,19,9,10,8,4,4,,,,4,2,2,,,,3,0,3,,,,9,3,6,,,
14/11/2025 07:00,47,26,21,17,9,8,,,,4,2,2,,,,13,7,6,,,,23,9,14,,,
14/11/2025 08:00,37,18,19,24,8,16,,,,19,6,13,,,,25,12,13,,,,61,45,16,,,
14/11/2025 09:00,51,30,21,14,7,7,,,,7,3,4,,,,15,9,6,,,,29,10,19,,,
14/11/2025 10:00,23,14,9,10,4,6,,,,19,7,12,,,,7,4,3,,,,10,5,5,,,
14/11/2025 11:00,19,10,9,4,2,2,,,,12,6,6,,,,15,7,8,,,,14,6,8,,,
14/11/2025 12:00,19,8,11,4,2,2,,,,10,6,4,,,,14,7,7,,,,26,12,14,,,
14/11/2025 13:00,23,14,9,7,4,3,,,,9,4,5,,,,14,7,7,,,,53,19,34,,,
14/11/2025 14:00,45,34,11,3,1,2,,,,6,3,3,,,,8,1,7,,,,22,6,16,,,
14/11/2025 15:00,32,18,14,4,3,1,,,,13,7,6,,,,14,1,13,,,,21,7,14,,,
14/11/2025 16:00,77,37,40,15,7,8,,,,8,5,3,,,,20,5,15,,,,28,12,16,,,
14/11/2025 17:00,25,16,9,16,9,7,,,,3,3,0,,,,12,4,8,,,,31,14,17,,,
14/11/2025 18:00,14,9,5,10,6,4,,,,5,4,1,,,,8,3,5,,,,10,7,3,,,
14/11/2025 19:00,4,4,0,18,7,11,,,,1,1,0,,,,2,2,0,,,,5,4,1,,,
14/11/2025 20:00,9,8,1,6,4,2,,,,2,1,1,,,,3,2,1,,,,16,10,6,,,
14/11/2025 21:00,3,3,0,1,1,0,,,,0,0,0,,,,0,0,0,,,,6,3,3,,,
14/11/2025 22:00,3,3,0,0,0,0,,,,0,0,0,,,,1,1,0,,,,5,2,3,,,
14/11/2025 23:00,3,1,2,0,0,0,,,,0,0,0,,,,1,1,0,,,,3,1,2,,,
15/11/2025 00:00,0,0,0,0,0,0,,,,0,0,0,,,,0,0,0,,,,2,1,1,,,
15/11/2025 01:00,0,0,0,0,0,0,,,,0,0,0,,,,0,0,0,,,,3,3,0,,,
15/11/2025 02:00,2,2,0,0,0,0,,,,1,0,1,,,,0,0,0,,,,0,0,0,,,
15/11/2025 03:00,0,0,0,1,0,1,,,,0,0,0,,,,0,0,0,,,,3,1,2,,,
15/11/2025 04:00,0,0,0,0,0,0,,,,0,0,0,,,,0,0,0,,,,9,2,7,,,
15/11/2025 05:00,2,1,1,0,0,0,,,,0,0,0,,,,1,1,0,,,,0,0,0,,,
15/11/2025 06:00,4,2,2,0,0,0,,,,0,0,0,,,,4,2,2,,,,2,1,1,,,
15/11/2025 07:00,17,12,5,2,2,0,,,,2,2,0,,,,7,5,2,,,,6,2,4,,,
15/11/2025 08:00,54,24,30,5,2,3,,,,4,1,3,,,,12,5,7,,,,6,3,3,,,
15/11/2025 09:00,63,35,28,28,12,16,,,,6,5,1,,,,23,14,9,,,,14,5,9,,,
15/11/2025 10:00,90,44,46,28,14,14,,,,7,4,3,,,,29,16,13,,,,20,12,8,,,
15/11/2025 11:00,132,59,73,44,22,22,,,,11,2,9,,,,54,27,27,,,,32,16,16,,,
15/11/2025 12:00,166,84,82,44,21,23,,,,28,23,5,,,,61,36,25,,,,30,14,16,,,
15/11/2025 13:00,239,142,97,63,35,28,,,,22,13,9,,,,100,58,42,,,,51,21,30,,,
15/11/2025 14:00,177,91,86,74,46,28,,,,34,20,14,,,,72,34,38,,,,38,16,22,,,
15/11/2025 15:00,175,84,91,53,34,19,,,,29,15,14,,,,75,38,37,,,,35,23,12,,,
15/11/2025 16:00,197,86,111,63,29,34,,,,19,11,8,,,,76,49,27,,,,59,29,30,,,
15/11/2025 17:00,140,85,55,61,29,32,,,,18,13,5,,,,45,17,28,,,,39,23,16,,,
15/11/2025 18:00,89,50,39,24,12,12,,,,7,5,2,,,,29,15,14,,,,40,27,13,,,
15/11/2025 19:00,68,31,37,24,14,10,,,,8,3,5,,,,21,12,9,,,,28,14,14,,,
15/11/2025 20:00,37,19,18,10,5,5,,,,3,2,1,,,,6,2,4,,,,23,11,12,,,
15/11/2025 21:00,31,20,11,7,4,3,,,,2,1,1,,,,5,0,5,,,,9,3,6,,,
15/11/2025 22:00,20,13,7,9,5,4,,,,6,5,1,,,,4,3,1,,,,17,5,12,,,
15/11/2025 23:00,4,4,0,3,2,1,,,,3,1,2,,,,2,2,0,,,,10,6,4,,,
16/11/2025 00:00,0,0,0,2,0,2,,,,1,0,1,,,,2,2,0,,,,7,6,1,,,
16/11/2025 01:00,1,1,0,5,2,3,,,,1,1,0,,,,0,0,0,,,,17,11,6,,,
16/11/2025 02:00,3,3,0,0,0,0,,,,0,0,0,,,,1,1,0,,,,13,7,6,,,
16/11/2025 03:00,1,1,0,0,0,0,,,,0,0,0,,,,0,0,0,,,,6,0,6,,,
16/11/2025 04:00,1,1,0,1,0,1,,,,1,0,1,,,,0,0,0,,,,3,3,0,,,
16/11/2025 05:00,7,4,3,0,0,0,,,,1,1,0,,,,0,0,0,,,,3,3,0,,,
16/11/2025 06:00,17,6,11,4,3,1,,,,0,0,0,,,,5,3,2,,,,4,3,1,,,
16/11/2025 07:00,45,26,19,10,5,5,,,,2,1,1,,,,21,10,11,,,,4,1,3,,,
16/11/2025 08:00,82,37,45,37,21,16,,,,9,5,4,,,,59,32,27,,,,17,7,10,,,
16/11/2025 09:00,169,101,68,50,32,18,,,,17,12,5,,,,103,58,45,,,,17,8,9,,,
16/11/2025 10:00,275,135,140,92,60,32,,,,24,16,8,,,,191,120,71,,,,47,21,26,,,
16/11/2025 11:00,360,203,157,96,48,48,,,,57,26,31,,,,133,72,61,,,,49,26,23,,,
16/11/2025 12:00,361,178,183,74,45,29,,,,44,27,17,,,,132,76,56,,,,38,21,17,,,
16/11/2025 13:00,358,205,153,85,42,43,,,,57,44,13,,,,139,71,68,,,,68,36,32,,,
16/11/2025 14:00,304,167,137,65,33,32,,,,30,21,9,,,,91,51,40,,,,31,13,18,,,
16/11/2025 15:00,320,170,150,54,34,20,,,,28,11,17,,,,110,67,43,,,,42,15,27,,,
16/11/2025 16:00,230,109,121,57,28,29,,,,36,20,16,,,,116,51,65,,,,52,33,19,,,
16/11/2025 17:00,145,84,61,41,13,28,,,,19,12,7,,,,56,21,35,,,,36,11,25,,,
16/11/2025 18:00,114,51,63,40,18,22,,,,10,4,6,,,,29,16,13,,,,40,21,19,,,
16/11/2025 19:00,62,37,25,21,10,11,,,,13,9,4,,,,15,12,3,,,,27,14,13,,,
16/11/2025 20:00,59,32,27,13,7,6,,,,16,4,12,,,,19,13,6,,,,19,6,13,,,
16/11/2025 21:00,40,20,20,10,4,6,,,,7,3,4,,,,5,4,1,,,,12,5,7,,,
16/11/2025 22:00,10,3,7,4,0,4,,,,1,1,0,,,,1,1,0,,,,7,3,4,,,
16/11/2025 23:00,2,2,0,0,0,0,,,,0,0,0,,,,0,0,0,,,,8,4,4,,,
17/11/2025 00:00,0,0,0,0,0,0,,,,0,0,0,,,,1,0,1,,,,5,3,2,,,
17/11/2025 01:00,1,1,0,0,0,0,,,,0,0,0,,,,0,0,0,,,,2,1,1,,,
17/11/2025 02:00,0,0,0,0,0,0,,,,0,0,0,,,,0,0,0,,,,3,2,1,,,
17/11/2025 03:00,1,0,1,0,0,0,,,,0,0,0,,,,0,0,0,,,,2,0,2,,,
17/11/2025 04:00,2,1,1,0,0,0,,,,0,0,0,,,,2,1,1,,,,3,3,0,,,
17/11/2025 05:00,5,1,4,1,1,0,,,,1,1,0,,,,2,2,0,,,,3,2,1,,,
17/11/2025 06:00,35,16,19,19,12,7,,,,4,2,2,,,,14,5,9,,,,12,7,5,,,
17/11/2025 07:00,61,33,28,30,12,18,,,,12,5,7,,,,49,26,23,,,,38,15,23,,,
17/11/2025 08:00,96,45,51,41,18,23,,,,38,18,20,,,,102,55,47,,,,127,92,35,,,
17/11/2025 09:00,110,56,54,46,26,20,,,,21,13,8,,,,68,32,36,,,,67,30,37,,,
17/11/2025 10:00,108,62,46,39,27,12,,,,24,12,12,,,,51,26,25,,,,29,13,16,,,
17/11/2025 11:00,122,64,58,50,23,27,,,,19,11,8,,,,65,38,27,,,,44,19,25,,,
17/11/2025 12:00,137,77,60,40,14,26,,,,27,13,14,,,,88,55,33,,,,56,32,24,,,
17/11/2025 13:00,202,105,97,50,25,25,,,,26,12,14,,,,111,60,51,,,,57,16,41,,,
17/11/2025 14:00,148,68,80,34,19,15,,,,24,10,14,,,,102,60,42,,,,85,37,48,,,
17/11/2025 15:00,107,44,63,43,21,22,,,,13,7,6,,,,72,40,32,,,,94,37,57,,,
17/11/2025 16:00,108,46,62,34,15,19,,,,26,12,14,,,,101,49,52,,,,77,30,47,,,
17/11/2025 17:00,98,55,43,35,14,21,,,,13,5,8,,,,66,28,38,,,,77,33,44,,,
17/11/2025 18:00,140,85,55,46,29,17,,,,16,8,8,,,,76,38,38,,,,60,28,32,,,
17/11/2025 19:00,111,65,46,35,14,21,,,,13,10,3,,,,74,39,35,,,,56,28,28,,,
17/11/2025 20:00,110,53,57,35,12,23,,,,17,10,7,,,,37,16,21,,,,25,3,22,,,
17/11/2025 21:00,45,29,16,10,7,3,,,,8,3,5,,,,9,3,6,,,,29,18,11,,,
17/11/2025 22:00,17,12,5,13,2,11,,,,1,0,1,,,,1,0,1,,,,11,8,3,,,
17/11/2025 23:00,6,3,3,2,0,2,,,,4,1,3,,,,2,1,1,,,,3,3,0,,,
18/11/2025 00:00,0,0,0,1,1,0,,,,1,1,0,,,,0,0,0,,,,2,1,1,,,
18/11/2025 01:00,0,0,0,3,2,1,,,,0,0,0,,,,0,0,0,,,,2,2,0,,,
18/11/2025 02:00,0,0,0,0,0,0,,,,1,1,0,,,,1,1,0,,,,1,0,1,,,
18/11/2025 03:00,0,0,0,0,0,0,,,,0,0,0,,,,0,0,0,,,,1,1,0,,,
18/11/2025 04:00,2,1,1,0,0,0,,,,0,0,0,,,,3,1,2,,,,3,3,0,,,
18/11/2025 05:00,13,4,9,1,1,0,,,,1,1,0,,,,3,3,0,,,,6,4,2,,,
18/11/2025 06:00,40,19,21,12,6,6,,,,6,3,3,,,,29,12,17,,,,11,7,4,,,
18/11/2025 07:00,68,36,32,27,7,20,,,,13,4,9,,,,58,29,29,,,,33,8,25,,,
18/11/2025 08:00,93,47,46,37,22,15,,,,50,16,34,,,,100,44,56,,,,102,75,27,,,
18/11/2025 09:00,106,47,59,42,25,17,,,,24,10,14,,,,56,31,25,,,,61,27,34,,,
18/11/2025 10:00,128,73,55,25,14,11,,,,31,16,15,,,,79,50,29,,,,34,15,19,,,
18/11/2025 11:00,115,60,55,35,17,18,,,,20,5,15,,,,51,25,26,,,,32,18,14,,,
18/11/2025 12:00,156,86,70,33,21,12,,,,25,16,9,,,,107,54,53,,,,47,34,13,,,
18/11/2025 13:00,181,93,88,49,22,27,,,,27,14,13,,,,82,49,33,,,,68,22,46,,,
18/11/2025 14:00,129,65,64,29,16,13,,,,33,15,18,,,,57,28,29,,,,61,16,45,,,
18/11/2025 15:00,61,28,33,24,15,9,,,,29,14,15,,,,43,22,21,,,,84,25,59,,,
18/11/2025 16:00,80,40,40,34,15,19,,,,14,8,6,,,,71,40,31,,,,58,24,34,,,
18/11/2025 17:00,89,50,39,52,27,25,,,,17,9,8,,,,51,26,25,,,,54,24,30,,,
18/11/2025 18:00,92,55,37,66,43,23,,,,26,14,12,,,,43,24,19,,,,76,42,34,,,
18/11/2025 19:00,78,42,36,52,21,31,,,,8,6,2,,,,28,20,8,,,,58,34,24,,,
18/11/2025 20:00,67,36,31,25,9,16,,,,7,5,2,,,,19,13,6,,,,21,8,13,,,
18/11/2025 21:00,35,23,12,16,8,8,,,,6,3,3,,,,19,12,7,,,,24,6,18,,,
18/11/2025 22:00,6,3,3,7,5,2,,,,1,1,0,,,,4,2,2,,,,15,8,7,,,
18/11/2025 23:00,3,2,1,3,1,2,,,,3,2,1,,,,1,1,0,,,,2,1,1,,,
19/11/2025 00:00,0,0,0,0,0,0,,,,0,0,0,,,,0,0,0,,,,7,5,2,,,
19/11/2025 01:00,0,0,0,0,0,0,,,,0,0,0,,,,0,0,0,,,,1,0,1,,,
19/11/2025 02:00,0,0,0,0,0,0,,,,0,0,0,,,,0,0,0,,,,0,0,0,,,
19/11/2025 03:00,0,0,0,0,0,0,,,,0,0,0,,,,0,0,0,,,,1,1,0,,,
19/11/2025 04:00,2,1,1,0,0,0,,,,0,0,0,,,,2,1,1,,,,1,1,0,,,
19/11/2025 05:00,7,3,4,2,1,1,,,,1,1,0,,,,5,3,2,,,,7,2,5,,,
19/11/2025 06:00,29,13,16,9,6,3,,,,5,3,2,,,,12,6,6,,,,6,2,4,,,
19/11/2025 07:00,60,32,28,30,12,18,,,,15,6,9,,,,46,25,21,,,,30,13,17,,,
19/11/2025 08:00,88,41,47,44,16,28,,,,37,22,15,,,,87,41,46,,,,95,70,25,,,
19/11/2025 09:00,100,52,48,46,29,17,,,,18,8,10,,,,71,31,40,,,,48,25,23,,,
19/11/2025 10:00,114,64,50,40,17,23,,,,11,8,3,,,,59,38,21,,,,40,20,20,,,
19/11/2025 11:00,132,63,69,51,29,22,,,,15,4,11,,,,57,34,23,,,,30,14,16,,,
19/11/2025 12:00,139,73,66,45,26,19,,,,18,2,16,,,,63,35,28,,,,30,15,15,,,
19/11/2025 13:00,163,84,79,53,36,17,,,,37,19,18,,,,109,53,56,,,,71,19,52,,,
19/11/2025 14:00,115,62,53,27,16,11,,,,41,25,16,,,,71,35,36,,,,60,25,35,,,
19/11/2025 15:00,121,66,55,25,12,13,,,,12,6,6,,,,64,35,29,,,,98,31,67,,,
19/11/2025 16:00,86,39,47,39,25,14,,,,18,11,7,,,,83,37,46,,,,68,35,33,,,
19/11/2025 17:00,77,44,33,40,22,18,,,,20,11,9,,,,46,26,20,,,,66,25,41,,,
19/11/2025 18:00,62,29,33,45,28,17,,,,11,7,4,,,,55,30,25,,,,59,38,21,,,
19/11/2025 19:00,68,36,32,44,24,20,,,,6,5,1,,,,44,25,19,,,,43,17,26,,,
19/11/2025 20:00,68,38,30,26,13,13,,,,6,3,3,,,,31,15,16,,,,32,11,21,,,
19/11/2025 21:00,34,20,14,9,3,6,,,,5,3,2,,,,15,7,8,,,,21,7,14,,,
19/11/2025 22:00,13,7,6,6,3,3,,,,0,0,0,,,,6,4,2,,,,12,4,8,,,
19/11/2025 23:00,3,3,0,1,1,0,,,,1,0,1,,,,0,0,0,,,,2,0,2,,,
20/11/2025 00:00,0,0,0,0,0,0,,,,4,2,2,,,,0,0,0,,,,7,5,2,,,
20/11/2025 01:00,0,0,0,0,0,0,,,,1,0,1,,,,0,0,0,,,,4,4,0,,,
20/11/2025 02:00,1,1,0,0,0,0,,,,0,0,0,,,,0,0,0,,,,0,0,0,,,
20/11/2025 03:00,0,0,0,0,0,0,,,,0,0,0,,,,0,0,0,,,,0,0,0,,,
20/11/2025 04:00,2,1,1,0,0,0,,,,1,0,1,,,,2,1,1,,,,2,2,0,,,
20/11/2025 05:00,3,1,2,3,2,1,,,,1,1,0,,,,3,2,1,,,,1,1,0,,,
20/11/2025 06:00,38,20,18,15,9,6,,,,5,3,2,,,,22,12,10,,,,11,7,4,,,
20/11/2025 07:00,45,24,21,40,9,31,,,,13,3,10,,,,52,28,24,,,,19,7,12,,,
20/11/2025 08:00,71,27,44,38,17,21,,,,29,16,13,,,,89,44,45,,,,95,69,26,,,
20/11/2025 09:00,104,55,49,44,22,22,,,,18,9,9,,,,69,30,39,,,,27,15,12,,,
20/11/2025 10:00,129,75,54,57,35,22,,,,12,8,4,,,,65,34,31,,,,27,16,11,,,
20/11/2025 11:00,135,70,65,53,28,25,,,,17,4,13,,,,61,37,24,,,,23,13,10,,,
20/11/2025 12:00,137,70,67,35,16,19,,,,20,9,11,,,,67,37,30,,,,33,14,19,,,
20/11/2025 13:00,163,79,84,44,26,18,,,,15,9,6,,,,92,48,44,,,,49,20,29,,,
20/11/2025 14:00,147,74,73,29,20,9,,,,27,12,15,,,,83,51,32,,,,59,21,38,,,
20/11/2025 15:00,114,54,60,31,16,15,,,,28,16,12,,,,89,45,44,,,,77,22,55,,,
20/11/2025 16:00,74,40,34,22,12,10,,,,19,9,10,,,,79,40,39,,,,73,29,44,,,
20/11/2025 17:00,69,36,33,45,31,14,,,,12,5,7,,,,53,26,27,,,,60,25,35,,,
20/11/2025 18:00,74,46,28,44,28,16,,,,11,7,4,,,,73,39,34,,,,72,34,38,,,
20/11/2025 19:00,63,35,28,34,22,12,,,,13,6,7,,,,59,31,28,,,,46,27,19,,,
20/11/2025 20:00,57,28,29,24,14,10,,,,10,8,2,,,,35,15,20,,,,32,9,23,,,
20/11/2025 21:00,28,16,12,16,7,9,,,,3,0,3,,,,11,7,4,,,,19,6,13,,,
20/11/2025 22:00,6,4,2,6,5,1,,,,0,0,0,,,,12,6,6,,,,13,9,4,,,
20/11/2025 23:00,2,1,1,0,0,0,,,,1,1,0,,,,3,1,2,,,,3,0,3,,,
21/11/2025 00:00,0,0,0,3,0,3,,,,0,0,0,,,,2,2,0,,,,3,3,0,,,
21/11/2025 01:00,0,0,0,5,3,2,,,,0,0,0,,,,0,0,0,,,,4,3,1,,,
21/11/2025 02:00,3,2,1,2,1,1,,,,0,0,0,,,,0,0,0,,,,1,0,1,,,
21/11/2025 03:00,0,0,0,0,0,0,,,,0,0,0,,,,0,0,0,,,,0,0,0,,,
21/11/2025 04:00,3,3,0,0,0,0,,,,1,1,0,,,,4,2,2,,,,1,1,0,,,
21/11/2025 05:00,4,2,2,4,4,0,,,,1,1,0,,,,1,1,0,,,,5,2,3,,,
21/11/2025 06:00,30,11,19,10,5,5,,,,7,4,3,,,,8,3,5,,,,8,4,4,,,
21/11/2025 07:00,56,25,31,16,6,10,,,,5,2,3,,,,45,29,16,,,,19,4,15,,,
21/11/2025 08:00,116,57,59,36,13,23,,,,24,11,13,,,,77,39,38,,,,88,62,26,,,
21/11/2025 09:00,103,56,47,19,12,7,,,,26,15,11,,,,67,37,30,,,,26,9,17,,,
21/11/2025 10:00,140,67,73,30,16,14,,,,24,13,11,,,,64,30,34,,,,30,22,8,,,
21/11/2025 11:00,124,65,59,36,16,20,,,,27,12,15,,,,64,40,24,,,,47,16,31,,,
21/11/2025 12:00,151,68,83,35,19,16,,,,18,11,7,,,,70,41,29,,,,63,27,36,,,
21/11/2025 13:00,141,72,69,57,28,29,,,,25,14,11,,,,85,49,36,,,,74,18,56,,,
21/11/2025 14:00,115,52,63,31,18,13,,,,30,9,21,,,,64,33,31,,,,51,17,34,,,
21/11/2025 15:00,124,56,68,35,22,13,,,,21,14,7,,,,94,51,43,,,,58,30,28,,,
21/11/2025 16:00,126,47,79,29,13,16,,,,27,15,12,,,,75,30,45,,,,61,29,32,,,
21/11/2025 17:00,96,58,38,51,35,16,,,,12,7,5,,,,46,23,23,,,,57,21,36,,,
21/11/2025 18:00,64,34,30,47,24,23,,,,12,6,6,,,,42,23,19,,,,39,25,14,,,
21/11/2025 19:00,46,24,22,33,12,21,,,,10,5,5,,,,24,11,13,,,,31,10,21,,,
21/11/2025 20:00,31,17,14,9,2,7,,,,3,1,2,,,,11,5,6,,,,10,3,7,,,
21/11/2025 21:00,22,14,8,8,2,6,,,,1,0,1,,,,5,3,2,,,,23,9,14,,,
21/11/2025 22:00,20,12,8,4,1,3,,,,0,0,0,,,,6,4,2,,,,10,5,5,,,
21/11/2025 23:00,3,1,2,7,2,5,,,,3,3,0,,,,1,1,0,,,,7,5,2,,,
22/11/2025 00:00,1,1,0,0,0,0,,,,3,2,1,,,,0,0,0,,,,2,0,2,,,
22/11/2025 01:00,7,5,2,1,0,1,,,,0,0,0,,,,0,0,0,,,,5,4,1,,,
22/11/2025 02:00,0,0,0,1,1,0,,,,0,0,0,,,,0,0,0,,,,0,0,0,,,
22/11/2025 03:00,3,3,0,0,0,0,,,,0,0,0,,,,0,0,0,,,,1,1,0,,,
22/11/2025 04:00,1,1,0,0,0,0,,,,0,0,0,,,,2,1,1,,,,3,3,0,,,
22/11/2025 05:00,3,2,1,1,1,0,,,,0,0,0,,,,0,0,0,,,,1,1,0,,,
22/11/2025 06:00,11,3,8,2,2,0,,,,1,0,1,,,,4,3,1,,,,4,2,2,,,
22/11/2025 07:00,35,12,23,11,5,6,,,,0,0,0,,,,27,15,12,,,,5,2,3,,,
22/11/2025 08:00,96,56,40,40,20,20,,,,14,3,11,,,,81,47,34,,,,16,8,8,,,
22/11/2025 09:00,138,84,54,61,45,16,,,,23,12,11,,,,112,66,46,,,,25,10,15,,,
22/11/2025 10:00,241,117,124,116,58,58,,,,35,16,19,,,,162,105,57,,,,41,21,20,,,
22/11/2025 11:00,328,174,154,77,47,30,,,,40,29,11,,,,148,84,64,,,,39,22,17,,,
22/11/2025 12:00,288,162,126,81,41,40,,,,25,12,13,,,,138,63,75,,,,73,33,40,,,
22/11/2025 13:00,239,111,128,54,17,37,,,,36,14,22,,,,121,65,56,,,,41,17,24,,,
22/11/2025 14:00,286,151,135,76,33,43,,,,29,13,16,,,,107,61,46,,,,61,23,38,,,
22/11/2025 15:00,314,132,182,69,39,30,,,,21,11,10,,,,92,54,38,,,,49,22,27,,,
22/11/2025 16:00,263,140,123,66,31,35,,,,30,15,15,,,,106,54,52,,,,45,16,29,,,
22/11/2025 17:00,128,58,70,53,22,31,,,,16,11,5,,,,34,13,21,,,,27,17,10,,,
22/11/2025 18:00,48,30,18,32,19,13,,,,8,4,4,,,,22,9,13,,,,19,12,7,,,
22/11/2025 19:00,33,14,19,15,10,5,,,,4,4,0,,,,11,6,5,,,,15,7,8,,,
22/11/2025 20:00,54,29,25,12,8,4,,,,11,4,7,,,,18,10,8,,,,20,7,13,,,
22/11/2025 21:00,39,22,17,11,5,6,,,,4,4,0,,,,13,7,6,,,,15,9,6,,,
22/11/2025 22:00,29,15,14,14,9,5,,,,1,1,0,,,,10,7,3,,,,16,7,9,,,
22/11/2025 23:00,5,4,1,6,3,3,,,,2,1,1,,,,5,3,2,,,,8,6,2,,,
23/11/2025 00:00,0,0,0,1,0,1,,,,0,0,0,,,,0,0,0,,,,8,5,3,,,
23/11/2025 01:00,4,3,1,0,0,0,,,,0,0,0,,,,2,2,0,,,,1,1,0,,,
23/11/2025 02:00,2,1,1,0,0,0,,,,0,0,0,,,,0,0,0,,,,2,1,1,,,
23/11/2025 03:00,0,0,0,0,0,0,,,,0,0,0,,,,0,0,0,,,,4,2,2,,,
23/11/2025 04:00,1,1,0,0,0,0,,,,0,0,0,,,,0,0,0,,,,0,0,0,,,
23/11/2025 05:00,4,3,1,0,0,0,,,,0,0,0,,,,1,1,0,,,,5,2,3,,,
23/11/2025 06:00,11,5,6,3,1,2,,,,1,0,1,,,,3,0,3,,,,3,2,1,,,
23/11/2025 07:00,27,9,18,6,2,4,,,,4,4,0,,,,18,12,6,,,,7,3,4,,,
23/11/2025 08:00,63,33,30,24,13,11,,,,9,4,5,,,,32,16,16,,,,12,5,7,,,
23/11/2025 09:00,159,83,76,42,25,17,,,,20,8,12,,,,123,74,49,,,,18,9,9,,,
23/11/2025 10:00,230,110,120,89,49,40,,,,30,22,8,,,,147,94,53,,,,34,13,21,,,
23/11/2025 11:00,384,213,171,88,45,43,,,,30,18,12,,,,153,87,66,,,,46,30,16,,,
23/11/2025 12:00,454,234,220,88,40,48,,,,42,20,22,,,,138,73,65,,,,37,21,16,,,
23/11/2025 13:00,559,273,286,138,64,74,,,,40,16,24,,,,152,88,64,,,,42,22,20,,,
23/11/2025 14:00,510,241,269,89,61,28,,,,37,19,18,,,,102,58,44,,,,46,19,27,,,
23/11/2025 15:00,372,173,199,89,40,49,,,,33,14,19,,,,111,70,41,,,,59,35,24,,,
23/11/2025 16:00,284,129,155,53,29,24,,,,18,15,3,,,,88,39,49,,,,44,24,20,,,
23/11/2025 17:00,123,55,68,47,27,20,,,,12,6,6,,,,28,16,12,,,,26,11,15,,,
23/11/2025 18:00,75,40,35,34,21,13,,,,7,3,4,,,,13,8,5,,,,33,14,19,,,
23/11/2025 19:00,45,24,21,20,10,10,,,,4,1,3,,,,13,8,5,,,,17,8,9,,,
23/11/2025 20:00,31,21,10,11,8,3,,,,4,3,1,,,,11,4,7,,,,14,6,8,,,
23/11/2025 21:00,18,10,8,2,2,0,,,,0,0,0,,,,4,3,1,,,,13,6,7,,,
23/11/2025 22:00,1,1,0,2,1,1,,,,2,2,0,,,,1,1,0,,,,5,2,3,,,
23/11/2025 23:00,3,3,0,0,0,0,,,,1,0,1,,,,0,0,0,,,,3,2,1,,,
24/11/2025 00:00,0,0,0,0,0,0,,,,1,1,0,,,,0,0,0,,,,4,4,0,,,
24/11/2025 01:00,0,0,0,0,0,0,,,,0,0,0,,,,0,0,0,,,,2,2,0,,,
24/11/2025 02:00,1,0,1,0,0,0,,,,0,0,0,,,,0,0,0,,,,0,0,0,,,
24/11/2025 03:00,0,0,0,0,0,0,,,,1,0,1,,,,0,0,0,,,,0,0,0,,,
24/11/2025 04:00,1,1,0,0,0,0,,,,2,1,1,,,,2,1,1,,,,1,1,0,,,
24/11/2025 05:00,5,1,4,4,2,2,,,,1,1,0,,,,2,1,1,,,,4,2,2,,,
24/11/2025 06:00,35,18,17,19,11,8,,,,5,3,2,,,,11,6,5,,,,9,3,6,,,
24/11/2025 07:00,44,19,25,22,3,19,,,,12,2,10,,,,51,27,24,,,,35,14,21,,,
24/11/2025 08:00,84,37,47,29,10,19,,,,42,21,21,,,,84,42,42,,,,96,78,18,,,
24/11/2025 09:00,95,47,48,32,18,14,,,,21,13,8,,,,63,26,37,,,,44,21,23,,,
24/11/2025 10:00,121,56,65,38,22,16,,,,29,19,10,,,,56,32,24,,,,36,16,20,,,
24/11/2025 11:00,116,67,49,37,19,18,,,,23,12,11,,,,51,30,21,,,,36,16,20,,,
24/11/2025 12:00,138,69,69,39,18,21,,,,35,13,22,,,,84,48,36,,,,45,16,29,,,
24/11/2025 13:00,167,85,82,54,24,30,,,,22,7,15,,,,73,42,31,,,,59,28,31,,,
24/11/2025 14:00,138,79,59,24,9,15,,,,32,12,20,,,,75,41,34,,,,51,19,32,,,
24/11/2025 15:00,124,59,65,18,8,10,,,,23,10,13,,,,58,31,27,,,,74,16,58,,,
24/11/2025 16:00,102,50,52,37,16,21,,,,24,10,14,,,,91,54,37,,,,60,25,35,,,
24/11/2025 17:00,82,46,36,54,36,18,,,,12,6,6,,,,86,41,45,,,,64,28,36,,,
24/11/2025 18:00,96,51,45,52,27,25,,,,14,7,7,,,,62,35,27,,,,65,36,29,,,
24/11/2025 19:00,81,48,33,38,18,20,,,,12,4,8,,,,71,34,37,,,,56,29,27,,,
24/11/2025 20:00,77,43,34,34,17,17,,,,20,11,9,,,,46,25,21,,,,23,8,15,,,
24/11/2025 21:00,30,22,8,19,10,9,,,,5,2,3,,,,12,5,7,,,,20,7,13,,,
24/11/2025 22:00,19,14,5,11,3,8,,,,2,1,1,,,,4,1,3,,,,15,11,4,,,
24/11/2025 23:00,5,4,1,2,1,1,,,,0,0,0,,,,2,2,0,,,,10,6,4,,,
25/11/2025 00:00,0,0,0,0,0,0,,,,0,0,0,,,,1,0,1,,,,3,3,0,,,
25/11/2025 01:00,0,0,0,0,0,0,,,,0,0,0,,,,0,0,0,,,,2,2,0,,,
25/11/2025 02:00,2,2,0,0,0,0,,,,0,0,0,,,,0,0,0,,,,1,1,0,,,
25/11/2025 03:00,0,0,0,0,0,0,,,,0,0,0,,,,0,0,0,,,,0,0,0,,,
25/11/2025 04:00,1,1,0,0,0,0,,,,0,0,0,,,,2,1,1,,,,1,1,0,,,
25/11/2025 05:00,8,4,4,2,2,0,,,,1,1,0,,,,2,2,0,,,,4,3,1,,,
25/11/2025 06:00,38,18,20,18,8,10,,,,4,2,2,,,,20,11,9,,,,7,5,2,,,
25/11/2025 07:00,55,34,21,28,15,13,,,,23,7,16,,,,61,37,24,,,,32,13,19,,,
25/11/2025 08:00,99,45,54,31,9,22,,,,48,25,23,,,,97,46,51,,,,92,65,27,,,
25/11/2025 09:00,128,73,55,34,15,19,,,,14,6,8,,,,51,24,27,,,,49,30,19,,,
25/11/2025 10:00,142,73,69,65,33,32,,,,24,9,15,,,,56,33,23,,,,39,21,18,,,
25/11/2025 11:00,167,78,89,40,20,20,,,,30,14,16,,,,98,53,45,,,,35,19,16,,,
25/11/2025 12:00,181,106,75,45,21,24,,,,22,13,9,,,,103,52,51,,,,41,22,19,,,
25/11/2025 13:00,224,111,113,52,24,28,,,,16,10,6,,,,116,62,54,,,,38,12,26,,,
25/11/2025 14:00,182,89,93,31,13,18,,,,28,6,22,,,,80,51,29,,,,40,11,29,,,
25/11/2025 15:00,147,80,67,29,16,13,,,,18,6,12,,,,70,34,36,,,,91,18,73,,,
25/11/2025 16:00,111,61,50,43,26,17,,,,20,11,9,,,,82,37,45,,,,59,16,43,,,
25/11/2025 17:00,72,44,28,52,31,21,,,,18,11,7,,,,73,34,39,,,,57,22,35,,,
25/11/2025 18:00,75,38,37,74,40,34,,,,8,5,3,,,,69,34,35,,,,42,16,26,,,
25/11/2025 19:00,93,49,44,45,21,24,,,,6,4,2,,,,51,25,26,,,,32,14,18,,,
25/11/2025 20:00,77,43,34,32,10,22,,,,14,10,4,,,,46,28,18,,,,22,7,15,,,
25/11/2025 21:00,36,24,12,11,5,6,,,,7,5,2,,,,11,3,8,,,,23,12,11,,,
25/11/2025 22:00,18,13,5,5,1,4,,,,1,0,1,,,,5,3,2,,,,8,7,1,,,
25/11/2025 23:00,3,0,3,0,0,0,,,,1,1,0,,,,1,0,1,,,,4,3,1,,,
26/11/2025 00:00,2,1,1,0,0,0,,,,0,0,0,,,,0,0,0,,,,7,3,4,,,
26/11/2025 01:00,1,1,0,1,1,0,,,,0,0,0,,,,0,0,0,,,,0,0,0,,,
26/11/2025 02:00,0,0,0,4,3,1,,,,0,0,0,,,,0,0,0,,,,0,0,0,,,
26/11/2025 03:00,0,0,0,0,0,0,,,,0,0,0,,,,0,0,0,,,,1,1,0,,,
26/11/2025 04:00,1,1,0,0,0,0,,,,0,0,0,,,,2,1,1,,,,3,2,1,,,
26/11/2025 05:00,7,2,5,1,1,0,,,,1,1,0,,,,3,2,1,,,,8,4,4,,,
26/11/2025 06:00,33,16,17,15,10,5,,,,9,8,1,,,,15,10,5,,,,10,5,5,,,
26/11/2025 07:00,63,34,29,22,7,15,,,,13,2,11,,,,64,34,30,,,,36,17,19,,,
26/11/2025 08:00,105,45,60,29,13,16,,,,36,18,18,,,,111,53,58,,,,99,68,31,,,
26/11/2025 09:00,73,33,40,20,10,10,,,,15,7,8,,,,46,20,26,,,,46,20,26,,,
26/11/2025 10:00,92,47,45,36,19,17,,,,18,11,7,,,,58,36,22,,,,37,25,12,,,
26/11/2025 11:00,92,53,39,21,9,12,,,,20,9,11,,,,40,21,19,,,,29,13,16,,,
26/11/2025 12:00,59,30,29,21,9,12,,,,14,7,7,,,,60,38,22,,,,32,15,17,,,
26/11/2025 13:00,103,47,56,35,21,14,,,,21,14,7,,,,57,24,33,,,,63,22,41,,,
26/11/2025 14:00,81,50,31,19,8,11,,,,15,7,8,,,,52,33,19,,,,55,21,34,,,
26/11/2025 15:00,109,51,58,33,19,14,,,,22,13,9,,,,57,26,31,,,,107,40,67,,,
26/11/2025 16:00,108,53,55,45,25,20,,,,23,7,16,,,,70,37,33,,,,81,36,45,,,
26/11/2025 17:00,70,37,33,43,21,22,,,,8,4,4,,,,46,23,23,,,,69,33,36,,,
26/11/2025 18:00,94,49,45,46,24,22,,,,16,9,7,,,,71,35,36,,,,72,48,24,,,
26/11/2025 19:00,99,50,49,30,17,13,,,,6,3,3,,,,40,21,19,,,,48,19,29,,,
26/11/2025 20:00,81,50,31,32,10,22,,,,6,2,4,,,,24,12,12,,,,30,7,23,,,
26/11/2025 21:00,41,25,16,15,7,8,,,,5,3,2,,,,22,10,12,,,,26,11,15,,,
26/11/2025 22:00,21,17,4,7,6,1,,,,1,0,1,,,,4,4,0,,,,10,7,3,,,
26/11/2025 23:00,9,6,3,4,2,2,,,,2,1,1,,,,4,3,1,,,,7,2,5,,,
27/11/2025 00:00,0,0,0,13,7,6,,,,2,1,1,,,,3,1,2,,,,5,3,2,,,
27/11/2025 01:00,1,1,0,2,1,1,,,,0,0,0,,,,1,0,1,,,,5,5,0,,,
27/11/2025 02:00,1,1,0,2,1,1,,,,0,0,0,,,,0,0,0,,,,1,0,1,,,
27/11/2025 03:00,0,0,0,2,1,1,,,,0,0,0,,,,0,0,0,,,,3,1,2,,,
27/11/2025 04:00,3,1,2,0,0,0,,,,0,0,0,,,,2,1,1,,,,1,1,0,,,
27/11/2025 05:00,5,2,3,2,1,1,,,,1,1,0,,,,2,2,0,,,,3,0,3,,,
27/11/2025 06:00,44,22,22,18,9,9,,,,1,1,0,,,,22,11,11,,,,13,7,6,,,
27/11/2025 07:00,61,29,32,31,15,16,,,,12,4,8,,,,59,25,34,,,,29,10,19,,,
27/11/2025 08:00,79,31,48,45,15,30,,,,50,23,27,,,,79,43,36,,,,110,82,28,,,
27/11/2025 09:00,104,44,60,21,11,10,,,,23,11,12,,,,57,31,26,,,,48,27,21,,,
27/11/2025 10:00,104,52,52,39,20,19,,,,15,9,6,,,,54,29,25,,,,47,25,22,,,
27/11/2025 11:00,135,57,78,35,17,18,,,,15,8,7,,,,69,39,30,,,,34,21,13,,,
27/11/2025 12:00,153,65,88,59,31,28,,,,35,21,14,,,,65,34,31,,,,42,26,16,,,
27/11/2025 13:00,188,102,86,37,20,17,,,,26,17,9,,,,95,51,44,,,,56,25,31,,,
27/11/2025 14:00,84,37,47,22,16,6,,,,66,49,17,,,,57,31,26,,,,50,24,26,,,
27/11/2025 15:00,118,57,61,20,12,8,,,,50,45,5,,,,58,25,33,,,,84,21,63,,,
27/11/2025 16:00,111,57,54,34,22,12,,,,45,36,9,,,,81,37,44,,,,69,20,49,,,
27/11/2025 17:00,96,53,43,63,32,31,,,,16,14,2,,,,57,22,35,,,,61,25,36,,,
27/11/2025 18:00,79,40,39,49,28,21,,,,22,12,10,,,,55,32,23,,,,57,26,31,,,
27/11/2025 19:00,96,48,48,24,12,12,,,,19,14,5,,,,57,25,32,,,,48,32,16,,,
27/11/2025 20:00,82,51,31,21,13,8,,,,9,8,1,,,,18,11,7,,,,28,10,18,,,
27/11/2025 21:00,59,34,25,9,4,5,,,,7,5,2,,,,7,4,3,,,,23,6,17,,,
27/11/2025 22:00,13,11,2,4,1,3,,,,3,1,2,,,,5,4,1,,,,14,10,4,,,
27/11/2025 23:00,2,1,1,7,4,3,,,,1,1,0,,,,3,2,1,,,,8,4,4,,,
28/11/2025 00:00,0,0,0,6,5,1,,,,0,0,0,,,,1,1,0,,,,6,6,0,,,
28/11/2025 01:00,0,0,0,4,1,3,,,,0,0,0,,,,0,0,0,,,,7,2,5,,,
28/11/2025 02:00,1,1,0,20,11,9,,,,0,0,0,,,,0,0,0,,,,2,1,1,,,
28/11/2025 03:00,0,0,0,0,0,0,,,,0,0,0,,,,0,0,0,,,,2,0,2,,,
28/11/2025 04:00,1,1,0,0,0,0,,,,0,0,0,,,,2,1,1,,,,1,1,0,,,
28/11/2025 05:00,4,2,2,4,2,2,,,,1,1,0,,,,0,0,0,,,,6,3,3,,,
28/11/2025 06:00,24,10,14,9,5,4,,,,8,4,4,,,,9,5,4,,,,10,6,4,,,
28/11/2025 07:00,44,24,20,27,13,14,,,,10,5,5,,,,29,20,9,,,,30,9,21,,,
28/11/2025 08:00,29,18,11,14,7,7,,,,16,7,9,,,,42,21,21,,,,46,33,13,,,
28/11/2025 09:00,33,20,13,9,7,2,,,,6,3,3,,,,14,8,6,,,,10,6,4,,,
28/11/2025 10:00,43,20,23,14,8,6,,,,13,7,6,,,,35,19,16,,,,28,11,17,,,
28/11/2025 11:00,104,55,49,30,20,10,,,,11,3,8,,,,59,36,23,,,,28,17,11,,,
28/11/2025 12:00,115,63,52,36,16,20,,,,17,11,6,,,,59,39,20,,,,39,22,17,,,
28/11/2025 13:00,144,75,69,38,18,20,,,,24,14,10,,,,77,41,36,,,,83,18,65,,,
28/11/2025 14:00,114,47,67,27,16,11,,,,40,25,15,,,,70,43,27,,,,59,18,41,,,
28/11/2025 15:00,106,47,59,36,19,17,,,,38,19,19,,,,68,30,38,,,,59,18,41,,,
28/11/2025 16:00,64,34,30,43,24,19,,,,26,13,13,,,,59,25,34,,,,70,32,38,,,
28/11/2025 17:00,75,42,33,35,21,14,,,,12,4,8,,,,27,14,13,,,,51,23,28,,,
28/11/2025 18:00,57,28,29,36,13,23,,,,15,4,11,,,,29,12,17,,,,31,12,19,,,
28/11/2025 19:00,45,26,19,17,13,4,,,,7,5,2,,,,15,6,9,,,,34,21,13,,,
28/11/2025 20:00,44,23,21,9,8,1,,,,9,4,5,,,,13,8,5,,,,24,12,12,,,
28/11/2025 21:00,34,17,17,13,8,5,,,,3,1,2,,,,10,3,7,,,,17,3,14,,,
28/11/2025 22:00,16,6,10,4,3,1,,,,3,2,1,,,,5,3,2,,,,5,4,1,,,
28/11/2025 23:00,10,8,2,5,3,2,,,,6,5,1,,,,2,2,0,,,,9,5,4,,,
29/11/2025 00:00,1,1,0,2,1,1,,,,4,0,4,,,,1,0,1,,,,14,8,6,,,
29/11/2025 01:00,3,3,0,0,0,0,,,,1,0,1,,,,2,1,1,,,,6,4,2,,,
29/11/2025 02:00,2,2,0,0,0,0,,,,2,0,2,,,,0,0,0,,,,3,2,1,,,
29/11/2025 03:00,1,1,0,0,0,0,,,,0,0,0,,,,1,0,1,,,,1,1,0,,,
29/11/2025 04:00,2,1,1,0,0,0,,,,0,0,0,,,,2,1,1,,,,3,2,1,,,
29/11/2025 05:00,0,0,0,1,0,1,,,,1,0,1,,,,0,0,0,,,,3,3,0,,,
29/11/2025 06:00,12,3,9,5,3,2,,,,2,1,1,,,,7,4,3,,,,3,1,2,,,
29/11/2025 07:00,39,23,16,10,5,5,,,,3,2,1,,,,25,15,10,,,,9,7,2,,,
29/11/2025 08:00,99,57,42,23,11,12,,,,13,3,10,,,,35,20,15,,,,20,7,13,,,
29/11/2025 09:00,57,28,29,28,18,10,,,,15,7,8,,,,30,19,11,,,,7,2,5,,,
29/11/2025 10:00,58,32,26,20,8,12,,,,19,11,8,,,,57,36,21,,,,12,5,7,,,
29/11/2025 11:00,135,59,76,41,23,18,,,,25,6,19,,,,90,52,38,,,,38,18,20,,,
29/11/2025 12:00,188,115,73,78,40,38,,,,33,15,18,,,,97,53,44,,,,31,17,14,,,
29/11/2025 13:00,199,92,107,61,39,22,,,,28,14,14,,,,94,52,42,,,,44,28,16,,,
29/11/2025 14:00,245,120,125,50,25,25,,,,32,16,16,,,,96,51,45,,,,224,142,82,,,
29/11/2025 15:00,203,111,92,52,32,20,,,,40,15,25,,,,88,56,32,,,,55,25,30,,,
29/11/2025 16:00,153,78,75,38,21,17,,,,31,14,17,,,,71,31,40,,,,35,14,21,,,
29/11/2025 17:00,106,57,49,36,15,21,,,,11,5,6,,,,21,8,13,,,,20,7,13,,,
29/11/2025 18:00,55,36,19,28,16,12,,,,3,1,2,,,,12,6,6,,,,34,15,19,,,
29/11/2025 19:00,37,18,19,16,9,7,,,,5,2,3,,,,15,9,6,,,,13,6,7,,,
29/11/2025 20:00,23,12,11,14,4,10,,,,7,2,5,,,,14,5,9,,,,7,3,4,,,
29/11/2025 21:00,29,16,13,7,2,5,,,,13,5,8,,,,6,3,3,,,,15,5,10,,,
29/11/2025 22:00,17,9,8,1,0,1,,,,3,2,1,,,,8,3,5,,,,12,9,3,,,
29/11/2025 23:00,9,3,6,5,4,1,,,,4,0,4,,,,2,1,1,,,,9,7,2,,,
30/11/2025 00:00,0,0,0,1,0,1,,,,2,2,0,,,,0,0,0,,,,6,3,3,,,
30/11/2025 01:00,6,4,2,0,0,0,,,,0,0,0,,,,1,1,0,,,,8,6,2,,,
30/11/2025 02:00,1,1,0,0,0,0,,,,2,1,1,,,,0,0,0,,,,6,4,2,,,
30/11/2025 03:00,1,1,0,0,0,0,,,,0,0,0,,,,0,0,0,,,,3,2,1,,,
30/11/2025 04:00,1,1,0,0,0,0,,,,0,0,0,,,,0,0,0,,,,0,0,0,,,
30/11/2025 05:00,2,1,1,0,0,0,,,,0,0,0,,,,0,0,0,,,,4,2,2,,,
30/11/2025 06:00,9,3,6,3,2,1,,,,0,0,0,,,,2,1,1,,,,5,3,2,,,
30/11/2025 07:00,29,12,17,5,3,2,,,,4,3,1,,,,9,8,1,,,,12,6,6,,,
30/11/2025 08:00,106,60,46,33,20,13,,,,9,4,5,,,,46,24,22,,,,12,8,4,,,
30/11/2025 09:00,187,94,93,84,59,25,,,,16,5,11,,,,111,66,45,,,,23,16,7,,,
30/11/2025 10:00,289,162,127,88,44,44,,,,41,20,21,,,,197,122,75,,,,41,15,26,,,
30/11/2025 11:00,538,282,256,110,66,44,,,,45,33,12,,,,168,84,84,,,,38,21,17,,,
30/11/2025 12:00,365,180,185,91,50,41,,,,39,21,18,,,,165,80,85,,,,38,22,16,,,
30/11/2025 13:00,458,226,232,94,51,43,,,,39,14,25,,,,107,53,54,,,,46,19,27,,,
30/11/2025 14:00,395,178,217,77,37,40,,,,42,19,23,,,,124,70,54,,,,36,23,13,,,
30/11/2025 15:00,387,158,229,66,32,34,,,,42,19,23,,,,114,59,55,,,,38,20,18,,,
30/11/2025 16:00,261,144,117,68,34,34,,,,28,12,16,,,,59,35,24,,,,36,17,19,,,
30/11/2025 17:00,93,44,49,20,8,12,,,,16,9,7,,,,43,22,21,,,,23,12,11,,,
30/11/2025 18:00,54,33,21,14,7,7,,,,6,1,5,,,,23,10,13,,,,17,8,9,,,
30/11/2025 19:00,12,5,7,14,7,7,,,,4,4,0,,,,19,9,10,,,,14,6,8,,,
30/11/2025 20:00,24,5,19,13,2,11,,,,2,1,1,,,,18,8,10,,,,4,2,2,,,
30/11/2025 21:00,7,5,2,5,1,4,,,,2,0,2,,,,5,2,3,,,,9,4,5,,,
30/11/2025 22:00,2,2,0,4,1,3,,,,1,1,0,,,,4,4,0,,,,11,10,1,,,
30/11/2025 23:00,0,0,0,0,0,0,,,,1,0,1,,,,1,0,1,,,,1,1,0,,,
01/12/2025 00:00,1,1,0,2,1,1,,,,0,0,0,,,,0,0,0,,,,7,5,2,,,
01/12/2025 01:00,2,2,0,0,0,0,,,,0,0,0,,,,0,0,0,,,,2,1,1,,,
01/12/2025 02:00,0,0,0,0,0,0,,,,1,0,1,,,,0,0,0,,,,1,1,0,,,
01/12/2025 03:00,1,1,0,0,0,0,,,,0,0,0,,,,0,0,0,,,,0,0,0,,,
01/12/2025 04:00,1,1,0,0,0,0,,,,0,0,0,,,,2,1,1,,,,3,3,0,,,
01/12/2025 05:00,4,2,2,1,1,0,,,,2,1,1,,,,1,0,1,,,,2,1,1,,,
01/12/2025 06:00,22,9,13,11,7,4,,,,3,2,1,,,,4,0,4,,,,7,2,5,,,
01/12/2025 07:00,41,26,15,18,8,10,,,,17,6,11,,,,33,19,14,,,,21,8,13,,,
01/12/2025 08:00,56,27,29,32,19,13,,,,37,21,16,,,,60,31,29,,,,35,19,16,,,
01/12/2025 09:00,74,35,39,17,8,9,,,,21,11,10,,,,51,26,25,,,,33,15,18,,,
01/12/2025 10:00,91,40,51,12,4,8,,,,17,11,6,,,,38,23,15,,,,35,17,18,,,
01/12/2025 11:00,104,57,47,24,16,8,,,,25,9,16,,,,51,31,20,,,,38,17,21,,,
01/12/2025 12:00,125,66,59,36,21,15,,,,31,19,12,,,,64,41,23,,,,60,34,26,,,
01/12/2025 13:00,153,79,74,42,16,26,,,,27,13,14,,,,68,40,28,,,,62,26,36,,,
01/12/2025 14:00,97,52,45,21,10,11,,,,20,6,14,,,,70,40,30,,,,54,30,24,,,
01/12/2025 15:00,92,47,45,30,16,14,,,,17,6,11,,,,45,18,27,,,,60,31,29,,,
01/12/2025 16:00,69,39,30,30,20,10,,,,15,6,9,,,,51,20,31,,,,65,31,34,,,
01/12/2025 17:00,68,40,28,37,21,16,,,,18,6,12,,,,62,25,37,,,,51,23,28,,,
01/12/2025 18:00,58,29,29,32,16,16,,,,13,5,8,,,,38,14,24,,,,37,17,20,,,
01/12/2025 19:00,65,37,28,44,23,21,,,,16,10,6,,,,54,32,22,,,,51,35,16,,,
01/12/2025 20:00,74,46,28,26,12,14,,,,14,6,8,,,,25,14,11,,,,37,12,25,,,
01/12/2025 21:00,43,25,18,7,5,2,,,,3,2,1,,,,13,8,5,,,,10,4,6,,,
01/12/2025 22:00,13,10,3,7,3,4,,,,2,0,2,,,,3,0,3,,,,21,10,11,,,
01/12/2025 23:00,5,4,1,0,0,0,,,,3,2,1,,,,2,1,1,,,,5,5,0,,,
02/12/2025 00:00,0,0,0,0,0,0,,,,0,0,0,,,,1,1,0,,,,4,2,2,,,
02/12/2025 01:00,1,0,1,0,0,0,,,,0,0,0,,,,0,0,0,,,,0,0,0,,,
02/12/2025 02:00,2,2,0,0,0,0,,,,0,0,0,,,,0,0,0,,,,1,0,1,,,
02/12/2025 03:00,1,0,1,0,0,0,,,,0,0,0,,,,0,0,0,,,,0,0,0,,,
02/12/2025 04:00,2,1,1,0,0,0,,,,0,0,0,,,,2,1,1,,,,2,2,0,,,
02/12/2025 05:00,10,4,6,1,1,0,,,,1,1,0,,,,3,3,0,,,,6,3,3,,,
02/12/2025 06:00,42,17,25,14,8,6,,,,3,3,0,,,,17,6,11,,,,10,5,5,,,
02/12/2025 07:00,70,44,26,32,12,20,,,,15,5,10,,,,47,27,20,,,,23,4,19,,,
02/12/2025 08:00,106,51,55,24,13,11,,,,46,17,29,,,,102,50,52,,,,112,84,28,,,
02/12/2025 09:00,98,50,48,38,21,17,,,,30,16,14,,,,73,39,34,,,,55,26,29,,,
02/12/2025 10:00,487,262,225,27,16,11,,,,29,16,13,,,,65,34,31,,,,63,26,37,,,
02/12/2025 11:00,0,0,0,27,12,15,,,,27,12,15,,,,94,54,40,,,,49,26,23,,,
02/12/2025 12:00,0,0,0,42,16,26,,,,32,19,13,,,,72,40,32,,,,85,58,27,,,
02/12/2025 13:00,0,0,0,63,31,32,,,,28,11,17,,,,87,50,37,,,,55,18,37,,,
02/12/2025 14:00,223,115,108,53,27,26,,,,24,11,13,,,,91,52,39,,,,50,19,31,,,
02/12/2025 15:00,262,135,127,47,26,21,,,,21,11,10,,,,91,37,54,,,,112,33,79,,,
02/12/2025 16:00,0,0,0,54,22,32,,,,21,15,6,,,,92,40,52,,,,71,29,42,,,
02/12/2025 17:00,0,0,0,45,32,13,,,,24,10,14,,,,52,16,36,,,,69,30,39,,,
02/12/2025 18:00,0,0,0,41,22,19,,,,15,6,9,,,,64,37,27,,,,58,26,32,,,
02/12/2025 19:00,0,0,0,43,26,17,,,,10,4,6,,,,59,29,30,,,,80,45,35,,,
02/12/2025 20:00,0,0,0,34,11,23,,,,9,5,4,,,,21,13,8,,,,33,15,18,,,
02/12/2025 21:00,0,0,0,9,4,5,,,,9,5,4,,,,16,8,8,,,,45,21,24,,,
02/12/2025 22:00,0,0,0,3,2,1,,,,3,2,1,,,,7,2,5,,,,21,9,12,,,
02/12/2025 23:00,0,0,0,3,1,2,,,,1,1,0,,,,1,1,0,,,,6,4,2,,,
03/12/2025 00:00,0,0,0,0,0,0,,,,0,0,0,,,,0,0,0,,,,5,5,0,,,
03/12/2025 01:00,0,0,0,1,1,0,,,,0,0,0,,,,0,0,0,,,,0,0,0,,,
03/12/2025 02:00,0,0,0,0,0,0,,,,0,0,0,,,,0,0,0,,,,0,0,0,,,
03/12/2025 03:00,0,0,0,0,0,0,,,,0,0,0,,,,0,0,0,,,,0,0,0,,,
03/12/2025 04:00,0,0,0,0,0,0,,,,0,0,0,,,,3,2,1,,,,2,2,0,,,
03/12/2025 05:00,0,0,0,4,2,2,,,,1,1,0,,,,5,2,3,,,,11,6,5,,,
03/12/2025 06:00,0,0,0,10,5,5,,,,6,4,2,,,,14,7,7,,,,10,8,2,,,
03/12/2025 07:00,0,0,0,25,9,16,,,,18,4,14,,,,56,34,22,,,,27,8,19,,,
03/12/2025 08:00,0,0,0,39,16,23,,,,42,17,25,,,,87,34,53,,,,108,81,27,,,
03/12/2025 09:00,0,0,0,43,23,20,,,,23,11,12,,,,63,33,30,,,,61,25,36,,,
03/12/2025 10:00,0,0,0,38,18,20,,,,20,15,5,,,,66,42,24,,,,41,28,13,,,
03/12/2025 11:00,0,0,0,33,14,19,,,,24,10,14,,,,60,34,26,,,,34,17,17,,,
03/12/2025 12:00,0,0,0,41,15,26,,,,36,16,20,,,,78,47,31,,,,52,22,30,,,
03/12/2025 13:00,0,0,0,39,26,13,,,,30,14,16,,,,93,44,49,,,,76,26,50,,,
03/12/2025 14:00,94,43,51,46,20,26,,,,24,12,12,,,,83,46,37,,,,78,30,48,,,
03/12/2025 15:00,97,51,46,41,23,18,,,,27,10,17,,,,65,28,37,,,,97,26,71,,,
03/12/2025 16:00,105,50,55,43,22,21,,,,27,18,9,,,,71,35,36,,,,57,31,26,,,
03/12/2025 17:00,76,35,41,48,23,25,,,,17,6,11,,,,67,24,43,,,,52,24,28,,,
03/12/2025 18:00,79,42,37,39,17,22,,,,7,2,5,,,,50,31,19,,,,57,33,24,,,
03/12/2025 19:00,85,42,43,39,15,24,,,,11,5,6,,,,47,23,24,,,,44,24,20,,,
03/12/2025 20:00,63,41,22,22,10,12,,,,11,7,4,,,,19,11,8,,,,31,24,7,,,
03/12/2025 21:00,29,16,13,17,7,10,,,,10,6,4,,,,14,6,8,,,,31,9,22,,,
03/12/2025 22:00,16,11,5,4,3,1,,,,2,1,1,,,,4,3,1,,,,18,6,12,,,
03/12/2025 23:00,3,3,0,2,0,2,,,,2,1,1,,,,2,1,1,,,,2,1,1,,,
04/12/2025 00:00,2,2,0,0,0,0,,,,0,0,0,,,,0,0,0,,,,8,6,2,,,
04/12/2025 01:00,0,0,0,0,0,0,,,,1,0,1,,,,0,0,0,,,,2,2,0,,,
04/12/2025 02:00,0,0,0,0,0,0,,,,0,0,0,,,,0,0,0,,,,5,0,5,,,
04/12/2025 03:00,0,0,0,0,0,0,,,,0,0,0,,,,0,0,0,,,,0,0,0,,,
04/12/2025 04:00,2,0,2,0,0,0,,,,0,0,0,,,,0,0,0,,,,1,1,0,,,
04/12/2025 05:00,7,4,3,1,1,0,,,,1,1,0,,,,2,2,0,,,,3,1,2,,,
04/12/2025 06:00,26,14,12,9,5,4,,,,5,4,1,,,,6,2,4,,,,10,6,4,,,
04/12/2025 07:00,68,40,28,23,10,13,,,,16,6,10,,,,40,18,22,,,,21,7,14,,,
04/12/2025 08:00,82,40,42,29,7,22,,,,43,19,24,,,,87,45,42,,,,100,70,30,,,
04/12/2025 09:00,86,41,45,30,14,16,,,,27,15,12,,,,47,23,24,,,,35,18,17,,,
04/12/2025 10:00,104,52,52,43,23,20,,,,19,11,8,,,,76,46,30,,,,41,19,22,,,
04/12/2025 11:00,122,64,58,39,26,13,,,,24,8,16,,,,63,31,32,,,,40,19,21,,,
04/12/2025 12:00,146,72,74,46,20,26,,,,21,12,9,,,,58,33,25,,,,53,24,29,,,
04/12/2025 13:00,193,105,88,33,18,15,,,,20,15,5,,,,93,55,38,,,,56,23,33,,,
04/12/2025 14:00,129,62,67,34,19,15,,,,29,14,15,,,,90,55,35,,,,67,27,40,,,
04/12/2025 15:00,129,65,64,49,28,21,,,,24,14,10,,,,84,30,54,,,,82,18,64,,,
04/12/2025 16:00,98,44,54,46,16,30,,,,23,13,10,,,,79,37,42,,,,65,21,44,,,
04/12/2025 17:00,69,49,20,37,27,10,,,,21,16,5,,,,59,24,35,,,,52,26,26,,,
04/12/2025 18:00,83,46,37,44,24,20,,,,19,8,11,,,,48,26,22,,,,52,33,19,,,
04/12/2025 19:00,91,46,45,29,12,17,,,,14,9,5,,,,39,21,18,,,,64,39,25,,,
04/12/2025 20:00,64,31,33,18,6,12,,,,9,4,5,,,,33,17,16,,,,29,11,18,,,
04/12/2025 21:00,50,28,22,14,8,6,,,,4,2,2,,,,15,9,6,,,,23,6,17,,,
04/12/2025 22:00,24,14,10,5,2,3,,,,2,2,0,,,,5,1,4,,,,3,2,1,,,
04/12/2025 23:00,8,5,3,1,0,1,,,,2,2,0,,,,0,0,0,,,,9,5,4,,,
05/12/2025 00:00,1,0,1,2,2,0,,,,2,2,0,,,,2,2,0,,,,6,6,0,,,
05/12/2025 01:00,0,0,0,1,1,0,,,,0,0,0,,,,0,0,0,,,,3,3,0,,,
05/12/2025 02:00,1,1,0,0,0,0,,,,0,0,0,,,,0,0,0,,,,1,0,1,,,
05/12/2025 03:00,1,1,0,0,0,0,,,,0,0,0,,,,0,0,0,,,,1,0,1,,,
05/12/2025 04:00,0,0,0,0,0,0,,,,0,0,0,,,,0,0,0,,,,4,3,1,,,
05/12/2025 05:00,5,2,3,3,2,1,,,,1,1,0,,,,1,0,1,,,,8,3,5,,,
05/12/2025 06:00,30,15,15,8,5,3,,,,1,1,0,,,,7,4,3,,,,9,5,4,,,
05/12/2025 07:00,86,49,37,22,12,10,,,,14,5,9,,,,36,21,15,,,,20,7,13,,,
05/12/2025 08:00,94,38,56,38,14,24,,,,43,23,20,,,,81,49,32,,,,91,73,18,,,
05/12/2025 09:00,81,53,28,26,14,12,,,,25,13,12,,,,44,23,21,,,,46,20,26,,,
05/12/2025 10:00,65,25,40,25,13,12,,,,20,13,7,,,,32,15,17,,,,55,30,25,,,
05/12/2025 11:00,39,15,24,18,6,12,,,,9,6,3,,,,27,13,14,,,,29,19,10,,,
05/12/2025 12:00,16,8,8,11,6,5,,,,13,7,6,,,,15,3,12,,,,26,9,17,,,
05/12/2025 13:00,8,5,3,5,5,0,,,,12,10,2,,,,2,1,1,,,,41,9,32,,,
05/12/2025 14:00,8,4,4,7,1,6,,,,1,1,0,,,,5,2,3,,,,28,14,14,,,
05/12/2025 15:00,1,1,0,5,1,4,,,,3,3,0,,,,9,4,5,,,,14,6,8,,,
05/12/2025 16:00,17,9,8,10,5,5,,,,5,3,2,,,,11,3,8,,,,19,10,9,,,
05/12/2025 17:00,25,15,10,31,17,14,,,,8,6,2,,,,30,12,18,,,,24,13,11,,,
05/12/2025 18:00,51,24,27,11,5,6,,,,7,0,7,,,,38,19,19,,,,29,16,13,,,
05/12/2025 19:00,44,14,30,11,4,7,,,,3,2,1,,,,23,11,12,,,,21,8,13,,,
05/12/2025 20:00,38,20,18,21,7,14,,,,10,5,5,,,,12,4,8,,,,23,11,12,,,
05/12/2025 21:00,15,12,3,13,6,7,,,,3,1,2,,,,5,2,3,,,,30,12,18,,,
05/12/2025 22:00,20,12,8,3,1,2,,,,2,2,0,,,,1,1,0,,,,7,3,4,,,
05/12/2025 23:00,7,4,3,6,3,3,,,,2,2,0,,,,6,2,4,,,,3,1,2,,,
06/12/2025 00:00,0,0,0,1,0,1,,,,3,0,3,,,,0,0,0,,,,5,4,1,,,
06/12/2025 01:00,1,1,0,1,0,1,,,,0,0,0,,,,0,0,0,,,,15,9,6,,,
06/12/2025 02:00,0,0,0,1,1,0,,,,1,1,0,,,,0,0,0,,,,2,2,0,,,
06/12/2025 03:00,5,5,0,0,0,0,,,,1,0,1,,,,0,0,0,,,,2,1,1,,,
06/12/2025 04:00,1,1,0,0,0,0,,,,0,0,0,,,,2,1,1,,,,4,2,2,,,
06/12/2025 05:00,3,2,1,0,0,0,,,,0,0,0,,,,0,0,0,,,,5,4,1,,,
06/12/2025 06:00,17,5,12,2,2,0,,,,0,0,0,,,,2,2,0,,,,5,1,4,,,
06/12/2025 07:00,36,16,20,21,10,11,,,,0,0,0,,,,21,12,9,,,,10,4,6,,,
06/12/2025 08:00,108,62,46,35,20,15,,,,17,10,7,,,,49,28,21,,,,20,7,13,,,
06/12/2025 09:00,142,67,75,33,16,17,,,,26,14,12,,,,61,36,25,,,,27,9,18,,,
06/12/2025 10:00,173,95,78,86,48,38,,,,40,20,20,,,,114,70,44,,,,32,19,13,,,
06/12/2025 11:00,192,112,80,64,32,32,,,,39,22,17,,,,105,50,55,,,,45,24,21,,,
06/12/2025 12:00,226,135,91,50,21,29,,,,50,30,20,,,,93,56,37,,,,55,26,29,,,
06/12/2025 13:00,204,99,105,72,24,48,,,,28,13,15,,,,95,46,49,,,,63,28,35,,,
06/12/2025 14:00,198,105,93,41,25,16,,,,19,9,10,,,,62,33,29,,,,42,21,21,,,
06/12/2025 15:00,182,89,93,62,33,29,,,,38,19,19,,,,77,44,33,,,,39,18,21,,,
06/12/2025 16:00,116,49,67,46,26,20,,,,24,7,17,,,,48,22,26,,,,40,18,22,,,
06/12/2025 17:00,82,52,30,42,20,22,,,,12,5,7,,,,26,10,16,,,,35,18,17,,,
06/12/2025 18:00,71,36,35,25,10,15,,,,10,4,6,,,,16,7,9,,,,21,9,12,,,
06/12/2025 19:00,63,41,22,14,7,7,,,,13,6,7,,,,28,14,14,,,,27,11,16,,,
06/12/2025 20:00,52,22,30,11,4,7,,,,10,7,3,,,,13,6,7,,,,21,7,14,,,
06/12/2025 21:00,32,18,14,4,1,3,,,,2,2,0,,,,6,2,4,,,,20,11,9,,,
06/12/2025 22:00,31,8,23,11,4,7,,,,3,2,1,,,,3,3,0,,,,12,5,7,,,
06/12/2025 23:00,9,4,5,9,4,5,,,,1,1,0,,,,2,0,2,,,,13,7,6,,,
07/12/2025 00:00,0,0,0,7,1,6,,,,1,1,0,,,,4,2,2,,,,21,12,9,,,
07/12/2025 01:00,4,2,2,6,5,1,,,,1,1,0,,,,1,1,0,,,,11,8,3,,,
07/12/2025 02:00,3,1,2,1,0,1,,,,0,0,0,,,,1,0,1,,,,8,6,2,,,
07/12/2025 03:00,0,0,0,0,0,0,,,,0,0,0,,,,0,0,0,,,,5,1,4,,,
07/12/2025 04:00,1,1,0,0,0,0,,,,0,0,0,,,,0,0,0,,,,6,5,1,,,
07/12/2025 05:00,2,1,1,0,0,0,,,,0,0,0,,,,0,0,0,,,,1,1,0,,,
07/12/2025 06:00,11,4,7,4,2,2,,,,1,1,0,,,,10,5,5,,,,6,1,5,,,
07/12/2025 07:00,33,18,15,10,6,4,,,,0,0,0,,,,19,10,9,,,,8,2,6,,,
07/12/2025 08:00,48,22,26,9,6,3,,,,11,6,5,,,,30,16,14,,,,16,7,9,,,
07/12/2025 09:00,84,48,36,41,19,22,,,,14,9,5,,,,71,38,33,,,,12,4,8,,,
07/12/2025 10:00,114,68,46,35,17,18,,,,27,8,19,,,,94,60,34,,,,23,11,12,,,
07/12/2025 11:00,158,83,75,57,35,22,,,,24,14,10,,,,83,51,32,,,,23,6,17,,,
07/12/2025 12:00,211,114,97,44,21,23,,,,31,15,16,,,,68,36,32,,,,38,18,20,,,
07/12/2025 13:00,137,72,65,32,13,19,,,,23,13,10,,,,43,20,23,,,,16,5,11,,,
07/12/2025 14:00,74,43,31,20,16,4,,,,13,13,0,,,,19,10,9,,,,12,3,9,,,
07/12/2025 15:00,144,66,78,37,23,14,,,,19,9,10,,,,50,30,20,,,,22,9,13,,,
07/12/2025 16:00,234,115,119,66,33,33,,,,29,16,13,,,,85,43,42,,,,18,9,9,,,
07/12/2025 17:00,122,66,56,52,23,29,,,,7,4,3,,,,36,15,21,,,,23,13,10,,,
07/12/2025 18:00,74,39,35,23,7,16,,,,10,6,4,,,,15,7,8,,,,30,11,19,,,
07/12/2025 19:00,60,34,26,23,14,9,,,,9,7,2,,,,15,9,6,,,,29,13,16,,,
07/12/2025 20:00,57,33,24,11,6,5,,,,7,4,3,,,,9,5,4,,,,24,10,14,,,
07/12/2025 21:00,27,18,9,19,5,14,,,,6,4,2,,,,10,5,5,,,,23,8,15,,,
07/12/2025 22:00,21,13,8,10,8,2,,,,2,0,2,,,,7,4,3,,,,7,6,1,,,
07/12/2025 23:00,8,7,1,3,1,2,,,,3,1,2,,,,4,3,1,,,,4,2,2,,,
08/12/2025 00:00,0,0,0,0,0,0,,,,0,0,0,,,,0,0,0,,,,8,7,1,,,
08/12/2025 01:00,1,1,0,0,0,0,,,,0,0,0,,,,0,0,0,,,,0,0,0,,,
08/12/2025 02:00,1,1,0,0,0,0,,,,0,0,0,,,,0,0,0,,,,0,0,0,,,
08/12/2025 03:00,1,0,1,0,0,0,,,,0,0,0,,,,0,0,0,,,,0,0,0,,,
08/12/2025 04:00,2,1,1,0,0,0,,,,0,0,0,,,,2,1,1,,,,0,0,0,,,
08/12/2025 05:00,4,3,1,0,0,0,,,,1,1,0,,,,0,0,0,,,,2,0,2,,,
08/12/2025 06:00,26,8,18,8,2,6,,,,4,1,3,,,,3,1,2,,,,9,4,5,,,
08/12/2025 07:00,62,37,25,20,7,13,,,,12,5,7,,,,49,29,20,,,,27,11,16,,,
08/12/2025 08:00,67,29,38,35,16,19,,,,43,25,18,,,,68,30,38,,,,45,28,17,,,
08/12/2025 09:00,103,54,49,26,9,17,,,,39,24,15,,,,66,35,31,,,,39,18,21,,,
08/12/2025 10:00,116,52,64,32,21,11,,,,26,12,14,,,,51,27,24,,,,23,12,11,,,
08/12/2025 11:00,151,77,74,41,24,17,,,,24,10,14,,,,77,48,29,,,,23,13,10,,,
08/12/2025 12:00,186,96,90,57,29,28,,,,37,21,16,,,,153,92,61,,,,29,18,11,,,
08/12/2025 13:00,206,104,102,75,37,38,,,,31,17,14,,,,122,70,52,,,,67,34,33,,,
08/12/2025 14:00,161,84,77,47,21,26,,,,31,18,13,,,,108,54,54,,,,60,30,30,,,
08/12/2025 15:00,129,62,67,51,26,25,,,,31,17,14,,,,91,48,43,,,,58,26,32,,,
08/12/2025 16:00,109,46,63,40,17,23,,,,27,11,16,,,,78,39,39,,,,68,33,35,,,
08/12/2025 17:00,111,62,49,36,17,19,,,,19,11,8,,,,62,24,38,,,,80,41,39,,,
08/12/2025 18:00,106,61,45,47,22,25,,,,15,9,6,,,,73,35,38,,,,66,34,32,,,
08/12/2025 19:00,123,72,51,59,26,33,,,,13,7,6,,,,46,26,20,,,,51,25,26,,,
08/12/2025 20:00,113,53,60,26,10,16,,,,10,5,5,,,,37,20,17,,,,43,21,22,,,
08/12/2025 21:00,49,29,20,10,3,7,,,,4,3,1,,,,11,5,6,,,,24,10,14,,,
08/12/2025 22:00,13,8,5,10,4,6,,,,3,3,0,,,,9,7,2,,,,9,6,3,,,
08/12/2025 23:00,6,6,0,2,1,1,,,,3,2,1,,,,1,0,1,,,,10,4,6,,,
09/12/2025 00:00,0,0,0,0,0,0,,,,1,0,1,,,,1,0,1,,,,4,3,1,,,
09/12/2025 01:00,2,1,1,1,0,1,,,,0,0,0,,,,1,1,0,,,,1,1,0,,,
09/12/2025 02:00,0,0,0,0,0,0,,,,0,0,0,,,,0,0,0,,,,0,0,0,,,
09/12/2025 03:00,0,0,0,0,0,0,,,,1,0,1,,,,0,0,0,,,,0,0,0,,,
09/12/2025 04:00,1,1,0,0,0,0,,,,0,0,0,,,,2,1,1,,,,2,1,1,,,
09/12/2025 05:00,7,3,4,1,1,0,,,,1,1,0,,,,2,2,0,,,,3,1,2,,,
09/12/2025 06:00,26,12,14,11,6,5,,,,6,4,2,,,,19,10,9,,,,7,3,4,,,
09/12/2025 07:00,48,23,25,23,9,14,,,,11,6,5,,,,47,25,22,,,,23,9,14,,,
09/12/2025 08:00,43,22,21,21,10,11,,,,26,11,15,,,,54,33,21,,,,73,50,23,,,
09/12/2025 09:00,30,12,18,16,5,11,,,,13,8,5,,,,36,18,18,,,,36,17,19,,,
09/12/2025 10:00,36,15,21,27,18,9,,,,13,7,6,,,,27,15,12,,,,32,13,19,,,
09/12/2025 11:00,56,28,28,22,9,13,,,,14,6,8,,,,10,6,4,,,,26,13,13,,,
09/12/2025 12:00,59,35,24,14,6,8,,,,14,11,3,,,,24,11,13,,,,39,19,20,,,
09/12/2025 13:00,102,48,54,21,12,9,,,,14,10,4,,,,38,18,20,,,,28,11,17,,,
09/12/2025 14:00,47,27,20,11,5,6,,,,14,11,3,,,,16,9,7,,,,14,4,10,,,
09/12/2025 15:00,85,52,33,19,11,8,,,,16,10,6,,,,42,22,20,,,,44,9,35,,,
09/12/2025 16:00,51,17,34,39,30,9,,,,26,20,6,,,,44,21,23,,,,40,15,25,,,
09/12/2025 17:00,32,21,11,54,43,11,,,,13,7,6,,,,32,21,11,,,,25,12,13,,,
09/12/2025 18:00,50,27,23,32,25,7,,,,15,5,10,,,,27,14,13,,,,22,10,12,,,
09/12/2025 19:00,49,30,19,19,14,5,,,,13,7,6,,,,21,14,7,,,,42,23,19,,,
09/12/2025 20:00,43,25,18,12,8,4,,,,6,3,3,,,,15,8,7,,,,19,6,13,,,
09/12/2025 21:00,28,15,13,11,4,7,,,,7,7,0,,,,7,4,3,,,,6,4,2,,,
09/12/2025 22:00,11,7,4,2,2,0,,,,1,1,0,,,,1,1,0,,,,9,6,3,,,
09/12/2025 23:00,8,5,3,2,0,2,,,,1,0,1,,,,1,1,0,,,,9,6,3,,,
10/12/2025 00:00,0,0,0,0,0,0,,,,1,0,1,,,,0,0,0,,,,3,3,0,,,
10/12/2025 01:00,1,1,0,0,0,0,,,,0,0,0,,,,0,0,0,,,,4,3,1,,,
10/12/2025 02:00,0,0,0,0,0,0,,,,0,0,0,,,,0,0,0,,,,1,1,0,,,
10/12/2025 03:00,0,0,0,0,0,0,,,,0,0,0,,,,0,0,0,,,,0,0,0,,,
10/12/2025 04:00,2,1,1,1,1,0,,,,0,0,0,,,,2,1,1,,,,4,4,0,,,
10/12/2025 05:00,6,4,2,2,1,1,,,,2,2,0,,,,4,2,2,,,,9,3,6,,,
10/12/2025 06:00,33,12,21,16,8,8,,,,6,4,2,,,,13,5,8,,,,15,10,5,,,
10/12/2025 07:00,47,26,21,26,11,15,,,,11,1,10,,,,45,29,16,,,,27,9,18,,,
10/12/2025 08:00,61,23,38,37,13,24,,,,42,26,16,,,,59,29,30,,,,93,68,25,,,
10/12/2025 09:00,72,41,31,19,10,9,,,,24,13,11,,,,49,17,32,,,,41,18,23,,,
10/12/2025 10:00,87,44,43,27,14,13,,,,25,12,13,,,,49,30,19,,,,35,21,14,,,
10/12/2025 11:00,109,54,55,33,15,18,,,,27,19,8,,,,55,30,25,,,,25,14,11,,,
10/12/2025 12:00,129,68,61,31,14,17,,,,36,30,6,,,,66,32,34,,,,31,12,19,,,
10/12/2025 13:00,150,77,73,51,28,23,,,,35,19,16,,,,105,62,43,,,,61,19,42,,,
10/12/2025 14:00,99,51,48,49,19,30,,,,37,22,15,,,,65,28,37,,,,61,28,33,,,
10/12/2025 15:00,117,49,68,28,18,10,,,,25,13,12,,,,50,28,22,,,,95,28,67,,,
10/12/2025 16:00,104,51,53,39,17,22,,,,12,7,5,,,,59,23,36,,,,83,35,48,,,
10/12/2025 17:00,88,59,29,56,36,20,,,,25,14,11,,,,73,31,42,,,,56,25,31,,,
10/12/2025 18:00,100,59,41,38,17,21,,,,23,9,14,,,,65,32,33,,,,65,32,33,,,
10/12/2025 19:00,112,52,60,38,20,18,,,,12,7,5,,,,55,29,26,,,,61,35,26,,,
10/12/2025 20:00,65,38,27,29,17,12,,,,14,9,5,,,,23,11,12,,,,61,22,39,,,
10/12/2025 21:00,46,23,23,14,7,7,,,,11,10,1,,,,18,9,9,,,,26,12,14,,,
10/12/2025 22:00,17,12,5,10,2,8,,,,7,4,3,,,,3,2,1,,,,21,12,9,,,
10/12/2025 23:00,2,1,1,4,2,2,,,,2,1,1,,,,3,1,2,,,,3,2,1,,,
11/12/2025 00:00,1,0,1,1,0,1,,,,0,0,0,,,,2,1,1,,,,3,3,0,,,
11/12/2025 01:00,0,0,0,0,0,0,,,,0,0,0,,,,1,0,1,,,,5,3,2,,,
11/12/2025 02:00,0,0,0,0,0,0,,,,0,0,0,,,,0,0,0,,,,1,0,1,,,
11/12/2025 03:00,2,0,2,0,0,0,,,,0,0,0,,,,1,0,1,,,,0,0,0,,,
11/12/2025 04:00,1,0,1,0,0,0,,,,0,0,0,,,,2,1,1,,,,1,1,0,,,
11/12/2025 05:00,8,3,5,1,1,0,,,,2,2,0,,,,1,1,0,,,,4,2,2,,,
11/12/2025 06:00,33,18,15,11,6,5,,,,5,4,1,,,,9,4,5,,,,7,4,3,,,
11/12/2025 07:00,50,29,21,21,7,14,,,,19,7,12,,,,52,24,28,,,,25,10,15,,,
11/12/2025 08:00,68,29,39,34,14,20,,,,50,24,26,,,,85,50,35,,,,96,72,24,,,
11/12/2025 09:00,103,49,54,38,23,15,,,,16,6,10,,,,67,30,37,,,,39,19,20,,,
11/12/2025 10:00,104,51,53,32,12,20,,,,23,13,10,,,,54,24,30,,,,36,19,17,,,
11/12/2025 11:00,139,74,65,19,9,10,,,,21,12,9,,,,47,28,19,,,,42,22,20,,,
11/12/2025 12:00,101,45,56,41,21,20,,,,23,7,16,,,,52,22,30,,,,38,17,21,,,
11/12/2025 13:00,67,33,34,21,8,13,,,,19,15,4,,,,46,24,22,,,,33,9,24,,,
11/12/2025 14:00,47,19,28,19,7,12,,,,22,13,9,,,,37,26,11,,,,34,11,23,,,
11/12/2025 15:00,15,8,7,6,3,3,,,,9,8,1,,,,29,7,22,,,,46,10,36,,,
11/12/2025 16:00,27,20,7,18,7,11,,,,11,9,2,,,,29,10,19,,,,25,8,17,,,
11/12/2025 17:00,25,16,9,18,9,9,,,,16,8,8,,,,32,12,20,,,,22,8,14,,,
11/12/2025 18:00,45,26,19,23,14,9,,,,17,8,9,,,,42,21,21,,,,21,9,12,,,
11/12/2025 19:00,32,17,15,21,14,7,,,,12,10,2,,,,29,14,15,,,,42,24,18,,,
11/12/2025 20:00,33,17,16,9,4,5,,,,12,9,3,,,,18,11,7,,,,24,5,19,,,
11/12/2025 21:00,23,13,10,2,0,2,,,,1,1,0,,,,7,4,3,,,,12,5,7,,,
11/12/2025 22:00,10,6,4,5,1,4,,,,2,2,0,,,,1,0,1,,,,13,5,8,,,
11/12/2025 23:00,5,4,1,5,2,3,,,,2,2,0,,,,3,1,2,,,,5,3,2,,,
12/12/2025 00:00,0,0,0,1,0,1,,,,1,0,1,,,,3,1,2,,,,2,2,0,,,
12/12/2025 01:00,1,1,0,0,0,0,,,,0,0,0,,,,1,1,0,,,,4,3,1,,,
12/12/2025 02:00,0,0,0,0,0,0,,,,1,0,1,,,,0,0,0,,,,4,2,2,,,
12/12/2025 03:00,0,0,0,0,0,0,,,,0,0,0,,,,0,0,0,,,,0,0,0,,,
12/12/2025 04:00,4,2,2,0,0,0,,,,2,2,0,,,,3,2,1,,,,1,0,1,,,
12/12/2025 05:00,6,4,2,4,3,1,,,,1,1,0,,,,0,0,0,,,,1,0,1,,,
12/12/2025 06:00,27,12,15,16,6,10,,,,10,9,1,,,,8,6,2,,,,9,3,6,,,
12/12/2025 07:00,65,37,28,30,16,14,,,,8,4,4,,,,36,21,15,,,,27,7,20,,,
12/12/2025 08:00,82,44,38,44,23,21,,,,40,22,18,,,,84,44,40,,,,81,60,21,,,
12/12/2025 09:00,107,60,47,40,15,25,,,,30,16,14,,,,74,38,36,,,,38,18,20,,,
12/12/2025 10:00,120,68,52,21,13,8,,,,23,16,7,,,,62,35,27,,,,36,25,11,,,
12/12/2025 11:00,207,108,99,44,28,16,,,,29,16,13,,,,67,33,34,,,,64,21,43,,,
12/12/2025 12:00,228,108,120,50,25,25,,,,36,31,5,,,,70,37,33,,,,48,23,25,,,
12/12/2025 13:00,185,106,79,48,27,21,,,,30,16,14,,,,112,61,51,,,,102,24,78,,,
12/12/2025 14:00,156,77,79,48,23,25,,,,23,11,12,,,,98,66,32,,,,69,26,43,,,
12/12/2025 15:00,148,72,76,53,28,25,,,,32,16,16,,,,96,30,66,,,,47,22,25,,,
12/12/2025 16:00,143,66,77,58,33,25,,,,21,11,10,,,,87,44,43,,,,67,29,38,,,
12/12/2025 17:00,79,46,33,55,30,25,,,,18,8,10,,,,69,34,35,,,,50,20,30,,,
12/12/2025 18:00,69,38,31,51,30,21,,,,10,6,4,,,,46,23,23,,,,36,12,24,,,
12/12/2025 19:00,67,35,32,22,15,7,,,,10,5,5,,,,23,12,11,,,,34,14,20,,,
12/12/2025 20:00,47,27,20,17,7,10,,,,8,3,5,,,,20,11,9,,,,31,13,18,,,
12/12/2025 21:00,38,22,16,9,6,3,,,,2,1,1,,,,6,4,2,,,,29,13,16,,,
12/12/2025 22:00,29,18,11,6,0,6,,,,6,4,2,,,,8,1,7,,,,10,7,3,,,
12/12/2025 23:00,16,9,7,2,0,2,,,,4,1,3,,,,8,4,4,,,,12,6,6,,,
13/12/2025 00:00,0,0,0,2,1,1,,,,7,5,2,,,,7,3,4,,,,0,0,0,,,
13/12/2025 01:00,3,2,1,2,1,1,,,,0,0,0,,,,6,2,4,,,,1,0,1,,,
13/12/2025 02:00,0,0,0,0,0,0,,,,0,0,0,,,,2,2,0,,,,5,3,2,,,
13/12/2025 03:00,0,0,0,0,0,0,,,,2,0,2,,,,3,2,1,,,,5,4,1,,,
13/12/2025 04:00,0,0,0,2,1,1,,,,0,0,0,,,,2,1,1,,,,4,3,1,,,
13/12/2025 05:00,2,1,1,1,0,1,,,,2,2,0,,,,0,0,0,,,,2,2,0,,,
13/12/2025 06:00,16,4,12,3,2,1,,,,1,1,0,,,,5,2,3,,,,4,2,2,,,
13/12/2025 07:00,42,20,22,16,10,6,,,,2,1,1,,,,24,16,8,,,,10,4,6,,,
13/12/2025 08:00,167,105,62,47,23,24,,,,21,13,8,,,,47,23,24,,,,25,10,15,,,
13/12/2025 09:00,164,85,79,55,33,22,,,,23,10,13,,,,89,57,32,,,,17,8,9,,,
13/12/2025 10:00,205,99,106,95,64,31,,,,49,25,24,,,,142,90,52,,,,24,13,11,,,
13/12/2025 11:00,228,131,97,76,39,37,,,,35,18,17,,,,119,59,60,,,,41,20,21,,,
13/12/2025 12:00,231,112,119,41,18,23,,,,37,20,17,,,,110,60,50,,,,45,15,30,,,
13/12/2025 13:00,293,161,132,46,25,21,,,,33,13,20,,,,71,28,43,,,,41,16,25,,,
13/12/2025 14:00,166,86,80,55,30,25,,,,26,16,10,,,,55,27,28,,,,42,19,23,,,
13/12/2025 15:00,137,67,70,28,16,12,,,,24,13,11,,,,73,33,40,,,,55,36,19,,,
13/12/2025 16:00,145,65,80,31,17,14,,,,19,8,11,,,,49,22,27,,,,43,19,24,,,
13/12/2025 17:00,94,49,45,41,21,20,,,,11,6,5,,,,22,13,9,,,,41,16,25,,,
13/12/2025 18:00,50,28,22,35,15,20,,,,13,10,3,,,,37,19,18,,,,26,5,21,,,
13/12/2025 19:00,67,35,32,19,11,8,,,,9,5,4,,,,18,9,9,,,,23,12,11,,,
13/12/2025 20:00,53,33,20,11,7,4,,,,11,6,5,,,,6,4,2,,,,16,5,11,,,
13/12/2025 21:00,24,9,15,11,3,8,,,,5,3,2,,,,7,6,1,,,,15,8,7,,,
13/12/2025 22:00,17,13,4,15,5,10,,,,1,1,0,,,,8,5,3,,,,6,0,6,,,
13/12/2025 23:00,15,11,4,9,7,2,,,,1,0,1,,,,3,1,2,,,,13,7,6,,,
14/12/2025 00:00,2,1,1,0,0,0,,,,2,0,2,,,,2,0,2,,,,10,8,2,,,
14/12/2025 01:00,2,2,0,4,1,3,,,,0,0,0,,,,2,2,0,,,,15,9,6,,,
14/12/2025 02:00,4,4,0,0,0,0,,,,0,0,0,,,,1,1,0,,,,6,2,4,,,
14/12/2025 03:00,2,2,0,0,0,0,,,,1,0,1,,,,0,0,0,,,,14,8,6,,,
14/12/2025 04:00,1,1,0,0,0,0,,,,0,0,0,,,,0,0,0,,,,2,0,2,,,
14/12/2025 05:00,0,0,0,0,0,0,,,,1,1,0,,,,1,1,0,,,,3,1,2,,,
14/12/2025 06:00,10,1,9,3,1,2,,,,2,1,1,,,,2,1,1,,,,7,3,4,,,
14/12/2025 07:00,32,18,14,4,2,2,,,,3,3,0,,,,20,10,10,,,,11,4,7,,,
14/12/2025 08:00,80,40,40,23,14,9,,,,14,5,9,,,,46,27,19,,,,6,2,4,,,
14/12/2025 09:00,143,75,68,54,22,32,,,,25,18,7,,,,106,51,55,,,,21,9,12,,,
14/12/2025 10:00,210,105,105,74,44,30,,,,35,16,19,,,,106,61,45,,,,45,19,26,,,
14/12/2025 11:00,288,145,143,55,25,30,,,,33,14,19,,,,114,64,50,,,,39,19,20,,,
14/12/2025 12:00,303,163,140,69,44,25,,,,38,23,15,,,,107,52,55,,,,45,25,20,,,
14/12/2025 13:00,348,169,179,54,30,24,,,,39,20,19,,,,96,57,39,,,,46,22,24,,,
14/12/2025 14:00,320,173,147,54,24,30,,,,49,16,33,,,,106,56,50,,,,53,19,34,,,
14/12/2025 15:00,310,162,148,73,41,32,,,,30,14,16,,,,93,56,37,,,,46,16,30,,,
14/12/2025 16:00,207,96,111,59,26,33,,,,32,15,17,,,,95,48,47,,,,42,23,19,,,
14/12/2025 17:00,139,80,59,42,22,20,,,,18,11,7,,,,66,34,32,,,,40,16,24,,,
14/12/2025 18:00,83,52,31,35,20,15,,,,10,7,3,,,,19,8,11,,,,31,13,18,,,
14/12/2025 19:00,64,34,30,15,6,9,,,,7,4,3,,,,12,8,4,,,,15,7,8,,,
14/12/2025 20:00,44,19,25,17,5,12,,,,1,1,0,,,,16,9,7,,,,26,12,14,,,
14/12/2025 21:00,5,3,2,4,2,2,,,,0,0,0,,,,1,1,0,,,,4,2,2,,,
14/12/2025 22:00,3,2,1,0,0,0,,,,2,2,0,,,,1,1,0,,,,7,4,3,,,
14/12/2025 23:00,8,4,4,3,1,2,,,,2,1,1,,,,1,0,1,,,,2,2,0,,,
15/12/2025 00:00,0,0,0,0,0,0,,,,1,0,1,,,,1,1,0,,,,3,3,0,,,
15/12/2025 01:00,2,2,0,1,0,1,,,,0,0,0,,,,1,1,0,,,,1,1,0,,,
15/12/2025 02:00,0,0,0,2,1,1,,,,0,0,0,,,,0,0,0,,,,2,2,0,,,
15/12/2025 03:00,0,0,0,0,0,0,,,,0,0,0,,,,0,0,0,,,,0,0,0,,,
15/12/2025 04:00,1,0,1,0,0,0,,,,0,0,0,,,,2,1,1,,,,2,2,0,,,
15/12/2025 05:00,4,2,2,0,0,0,,,,1,1,0,,,,2,0,2,,,,3,1,2,,,
15/12/2025 06:00,31,15,16,17,9,8,,,,6,4,2,,,,9,5,4,,,,10,5,5,,,
15/12/2025 07:00,58,35,23,20,10,10,,,,13,7,6,,,,56,29,27,,,,26,13,13,,,
15/12/2025 08:00,98,48,50,31,13,18,,,,28,18,10,,,,80,38,42,,,,87,70,17,,,
15/12/2025 09:00,98,46,52,33,18,15,,,,20,14,6,,,,54,29,25,,,,41,20,21,,,
15/12/2025 10:00,105,56,49,33,16,17,,,,23,15,8,,,,48,25,23,,,,39,17,22,,,
15/12/2025 11:00,137,67,70,40,23,17,,,,23,18,5,,,,58,37,21,,,,37,18,19,,,
15/12/2025 12:00,141,75,66,37,22,15,,,,29,17,12,,,,75,43,32,,,,48,26,22,,,
15/12/2025 13:00,167,81,86,57,35,22,,,,28,18,10,,,,87,43,44,,,,60,26,34,,,
15/12/2025 14:00,133,74,59,24,11,13,,,,34,19,15,,,,115,57,58,,,,62,25,37,,,
15/12/2025 15:00,119,49,70,33,21,12,,,,29,17,12,,,,70,33,37,,,,84,20,64,,,
15/12/2025 16:00,86,47,39,50,26,24,,,,29,22,7,,,,90,41,49,,,,63,27,36,,,
15/12/2025 17:00,79,44,35,54,33,21,,,,17,12,5,,,,70,25,45,,,,70,36,34,,,
15/12/2025 18:00,99,56,43,55,31,24,,,,19,15,4,,,,58,27,31,,,,48,23,25,,,
15/12/2025 19:00,107,54,53,39,19,20,,,,19,16,3,,,,43,22,21,,,,72,45,27,,,
15/12/2025 20:00,79,47,32,35,20,15,,,,6,3,3,,,,23,11,12,,,,35,15,20,,,
15/12/2025 21:00,47,30,17,15,4,11,,,,5,4,1,,,,17,11,6,,,,16,4,12,,,
15/12/2025 22:00,26,17,9,7,2,5,,,,1,1,0,,,,2,0,2,,,,12,6,6,,,
15/12/2025 23:00,0,0,0,3,2,1,,,,1,1,0,,,,8,3,5,,,,6,4,2,,,
16/12/2025 00:00,0,0,0,2,0,2,,,,0,0,0,,,,0,0,0,,,,5,3,2,,,
16/12/2025 01:00,2,1,1,0,0,0,,,,2,0,2,,,,0,0,0,,,,2,1,1,,,
16/12/2025 02:00,0,0,0,0,0,0,,,,0,0,0,,,,0,0,0,,,,0,0,0,,,
16/12/2025 03:00,0,0,0,0,0,0,,,,0,0,0,,,,0,0,0,,,,0,0,0,,,
16/12/2025 04:00,2,1,1,0,0,0,,,,1,0,1,,,,0,0,0,,,,1,1,0,,,
16/12/2025 05:00,8,3,5,0,0,0,,,,1,1,0,,,,2,1,1,,,,4,1,3,,,
16/12/2025 06:00,44,18,26,12,6,6,,,,5,2,3,,,,23,9,14,,,,8,5,3,,,
16/12/2025 07:00,64,39,25,36,19,17,,,,11,4,7,,,,55,31,24,,,,34,11,23,,,
16/12/2025 08:00,93,44,49,32,16,16,,,,43,27,16,,,,127,40,87,,,,99,77,22,,,
16/12/2025 09:00,115,54,61,36,17,19,,,,27,15,12,,,,63,40,23,,,,35,11,24,,,
16/12/2025 10:00,148,91,57,41,16,25,,,,29,10,19,,,,42,27,15,,,,39,16,23,,,
16/12/2025 11:00,161,83,78,42,21,21,,,,30,18,12,,,,72,39,33,,,,50,32,18,,,
16/12/2025 12:00,168,90,78,65,35,30,,,,24,20,4,,,,89,44,45,,,,52,36,16,,,
16/12/2025 13:00,206,103,103,68,37,31,,,,30,18,12,,,,106,64,42,,,,97,25,72,,,
16/12/2025 14:00,183,72,111,36,21,15,,,,31,19,12,,,,98,48,50,,,,44,20,24,,,
16/12/2025 15:00,136,68,68,34,13,21,,,,26,19,7,,,,98,54,44,,,,66,19,47,,,
16/12/2025 16:00,112,50,62,41,17,24,,,,21,10,11,,,,88,40,48,,,,61,24,37,,,
16/12/2025 17:00,88,55,33,47,24,23,,,,24,15,9,,,,54,17,37,,,,46,18,28,,,
16/12/2025 18:00,88,47,41,56,31,25,,,,12,5,7,,,,64,25,39,,,,41,22,19,,,
16/12/2025 19:00,70,42,28,48,26,22,,,,8,2,6,,,,32,14,18,,,,41,22,19,,,
16/12/2025 20:00,65,39,26,31,14,17,,,,9,7,2,,,,23,13,10,,,,30,11,19,,,
16/12/2025 21:00,51,27,24,15,7,8,,,,7,5,2,,,,15,7,8,,,,17,8,9,,,
16/12/2025 22:00,20,11,9,7,4,3,,,,3,2,1,,,,2,1,1,,,,14,8,6,,,
16/12/2025 23:00,11,7,4,2,1,1,,,,5,3,2,,,,4,2,2,,,,1,1,0,,,
17/12/2025 00:00,0,0,0,0,0,0,,,,0,0,0,,,,0,0,0,,,,4,3,1,,,
17/12/2025 01:00,2,2,0,0,0,0,,,,0,0,0,,,,0,0,0,,,,0,0,0,,,
17/12/2025 02:00,0,0,0,0,0,0,,,,1,1,0,,,,0,0,0,,,,0,0,0,,,
17/12/2025 03:00,0,0,0,0,0,0,,,,0,0,0,,,,0,0,0,,,,0,0,0,,,
17/12/2025 04:00,1,0,1,0,0,0,,,,1,1,0,,,,0,0,0,,,,1,1,0,,,
17/12/2025 05:00,7,3,4,1,0,1,,,,1,1,0,,,,5,4,1,,,,7,1,6,,,
17/12/2025 06:00,30,11,19,13,7,6,,,,7,5,2,,,,13,7,6,,,,9,3,6,,,
17/12/2025 07:00,50,30,20,15,10,5,,,,14,6,8,,,,52,26,26,,,,16,6,10,,,
17/12/2025 08:00,71,37,34,34,16,18,,,,39,24,15,,,,77,34,43,,,,70,48,22,,,
17/12/2025 09:00,89,50,39,23,14,9,,,,17,9,8,,,,61,30,31,,,,40,16,24,,,
17/12/2025 10:00,109,54,55,37,12,25,,,,24,9,15,,,,54,31,23,,,,27,16,11,,,
17/12/2025 11:00,132,58,74,33,15,18,,,,27,13,14,,,,53,30,23,,,,34,18,16,,,
17/12/2025 12:00,86,48,38,38,24,14,,,,40,17,23,,,,84,45,39,,,,57,22,35,,,
17/12/2025 13:00,120,61,59,12,9,3,,,,28,15,13,,,,71,31,40,,,,63,24,39,,,
17/12/2025 14:00,75,32,43,28,15,13,,,,22,11,11,,,,33,11,22,,,,37,16,21,,,
17/12/2025 15:00,81,33,48,24,13,11,,,,22,9,13,,,,34,16,18,,,,81,25,56,,,
17/12/2025 16:00,89,38,51,32,10,22,,,,20,6,14,,,,65,26,39,,,,58,35,23,,,
17/12/2025 17:00,74,45,29,37,27,10,,,,12,5,7,,,,48,25,23,,,,63,28,35,,,
17/12/2025 18:00,69,38,31,39,23,16,,,,31,18,13,,,,33,16,17,,,,42,26,16,,,
17/12/2025 19:00,60,37,23,21,10,11,,,,12,8,4,,,,36,19,17,,,,33,20,13,,,
17/12/2025 20:00,70,32,38,28,11,17,,,,10,4,6,,,,18,7,11,,,,23,7,16,,,
17/12/2025 21:00,39,24,15,10,5,5,,,,10,6,4,,,,8,5,3,,,,24,13,11,,,
17/12/2025 22:00,16,9,7,9,5,4,,,,1,0,1,,,,2,0,2,,,,7,4,3,,,
17/12/2025 23:00,9,7,2,3,1,2,,,,3,2,1,,,,2,1,1,,,,9,5,4,,,
18/12/2025 00:00,0,0,0,1,0,1,,,,2,2,0,,,,0,0,0,,,,4,2,2,,,
18/12/2025 01:00,3,3,0,0,0,0,,,,1,0,1,,,,2,1,1,,,,4,3,1,,,
18/12/2025 02:00,0,0,0,0,0,0,,,,0,0,0,,,,0,0,0,,,,0,0,0,,,
18/12/2025 03:00,0,0,0,1,1,0,,,,0,0,0,,,,0,0,0,,,,0,0,0,,,
18/12/2025 04:00,2,2,0,0,0,0,,,,0,0,0,,,,0,0,0,,,,2,2,0,,,
18/12/2025 05:00,14,4,10,2,1,1,,,,1,1,0,,,,1,1,0,,,,5,1,4,,,
18/12/2025 06:00,31,17,14,11,4,7,,,,4,3,1,,,,13,6,7,,,,11,6,5,,,
18/12/2025 07:00,61,36,25,31,13,18,,,,15,5,10,,,,56,30,26,,,,32,13,19,,,
18/12/2025 08:00,75,35,40,32,13,19,,,,32,12,20,,,,76,40,36,,,,74,50,24,,,
18/12/2025 09:00,105,53,52,49,30,19,,,,27,17,10,,,,57,24,33,,,,39,23,16,,,
18/12/2025 10:00,74,39,35,26,11,15,,,,22,16,6,,,,33,22,11,,,,31,13,18,,,
18/12/2025 11:00,76,51,25,32,14,18,,,,15,6,9,,,,47,32,15,,,,21,8,13,,,
18/12/2025 12:00,84,42,42,29,18,11,,,,25,10,15,,,,48,26,22,,,,44,19,25,,,
18/12/2025 13:00,105,43,62,24,11,13,,,,25,14,11,,,,47,21,26,,,,34,12,22,,,
18/12/2025 14:00,100,48,52,33,18,15,,,,33,21,12,,,,58,36,22,,,,83,21,62,,,
18/12/2025 15:00,85,40,45,18,11,7,,,,21,8,13,,,,48,16,32,,,,49,14,35,,,
18/12/2025 16:00,43,28,15,19,9,10,,,,11,5,6,,,,24,10,14,,,,36,8,28,,,
18/12/2025 17:00,35,18,17,20,14,6,,,,13,9,4,,,,32,11,21,,,,39,16,23,,,
18/12/2025 18:00,41,24,17,32,19,13,,,,8,7,1,,,,33,18,15,,,,27,14,13,,,
18/12/2025 19:00,66,35,31,16,8,8,,,,12,7,5,,,,39,21,18,,,,22,16,6,,,
18/12/2025 20:00,51,23,28,15,4,11,,,,16,6,10,,,,29,9,20,,,,30,6,24,,,
18/12/2025 21:00,36,23,13,18,8,10,,,,6,5,1,,,,13,5,8,,,,13,7,6,,,
18/12/2025 22:00,15,10,5,7,4,3,,,,6,3,3,,,,0,0,0,,,,7,5,2,,,
18/12/2025 23:00,12,6,6,6,2,4,,,,5,4,1,,,,5,0,5,,,,4,2,2,,,
19/12/2025 00:00,0,0,0,3,0,3,,,,0,0,0,,,,2,1,1,,,,3,2,1,,,
19/12/2025 01:00,0,0,0,0,0,0,,,,0,0,0,,,,0,0,0,,,,4,3,1,,,
19/12/2025 02:00,0,0,0,3,1,2,,,,1,0,1,,,,0,0,0,,,,2,2,0,,,
19/12/2025 03:00,2,2,0,0,0,0,,,,0,0,0,,,,0,0,0,,,,0,0,0,,,
19/12/2025 04:00,3,1,2,0,0,0,,,,0,0,0,,,,0,0,0,,,,2,1,1,,,
19/12/2025 05:00,7,2,5,2,1,1,,,,1,1,0,,,,1,0,1,,,,3,0,3,,,
19/12/2025 06:00,18,13,5,11,6,5,,,,2,2,0,,,,6,4,2,,,,7,3,4,,,
19/12/2025 07:00,54,27,27,12,6,6,,,,9,4,5,,,,33,16,17,,,,29,13,16,,,
19/12/2025 08:00,84,47,37,30,16,14,,,,35,20,15,,,,56,37,19,,,,75,53,22,,,
19/12/2025 09:00,115,55,60,27,10,17,,,,23,16,7,,,,54,26,28,,,,43,25,18,,,
19/12/2025 10:00,134,72,62,44,25,19,,,,20,12,8,,,,54,32,22,,,,51,14,37,,,
19/12/2025 11:00,201,109,92,42,20,22,,,,37,11,26,,,,55,29,26,,,,58,30,28,,,
19/12/2025 12:00,170,83,87,63,36,27,,,,36,29,7,,,,208,127,81,,,,79,36,43,,,
19/12/2025 13:00,214,103,111,68,38,30,,,,34,25,9,,,,109,68,41,,,,56,18,38,,,
19/12/2025 14:00,184,102,82,42,19,23,,,,21,6,15,,,,61,30,31,,,,44,22,22,,,
19/12/2025 15:00,170,74,96,39,14,25,,,,23,16,7,,,,71,39,32,,,,57,34,23,,,
19/12/2025 16:00,123,55,68,42,16,26,,,,27,20,7,,,,53,19,34,,,,69,36,33,,,
19/12/2025 17:00,90,51,39,25,13,12,,,,17,10,7,,,,35,12,23,,,,68,29,39,,,
19/12/2025 18:00,60,33,27,23,8,15,,,,16,8,8,,,,25,10,15,,,,34,13,21,,,
19/12/2025 19:00,70,36,34,25,12,13,,,,7,3,4,,,,18,7,11,,,,40,21,19,,,
19/12/2025 20:00,46,26,20,31,15,16,,,,5,2,3,,,,17,10,7,,,,29,14,15,,,
19/12/2025 21:00,24,16,8,5,3,2,,,,4,2,2,,,,24,11,13,,,,15,8,7,,,
19/12/2025 22:00,22,9,13,5,2,3,,,,6,1,5,,,,8,2,6,,,,31,15,16,,,
19/12/2025 23:00,11,7,4,7,6,1,,,,6,4,2,,,,4,1,3,,,,12,8,4,,,
20/12/2025 00:00,0,0,0,2,2,0,,,,2,0,2,,,,3,2,1,,,,7,6,1,,,
20/12/2025 01:00,5,2,3,2,0,2,,,,0,0,0,,,,4,1,3,,,,13,10,3,,,
20/12/2025 02:00,1,1,0,0,0,0,,,,0,0,0,,,,2,2,0,,,,10,4,6,,,
20/12/2025 03:00,0,0,0,0,0,0,,,,0,0,0,,,,2,1,1,,,,7,3,4,,,
20/12/2025 04:00,1,1,0,3,0,3,,,,0,0,0,,,,1,1,0,,,,4,2,2,,,
20/12/2025 05:00,6,3,3,1,0,1,,,,1,0,1,,,,2,2,0,,,,3,2,1,,,
20/12/2025 06:00,12,2,10,6,2,4,,,,1,1,0,,,,6,3,3,,,,2,0,2,,,
20/12/2025 07:00,42,22,20,17,8,9,,,,4,2,2,,,,12,7,5,,,,7,3,4,,,
20/12/2025 08:00,77,40,37,25,11,14,,,,13,8,5,,,,47,26,21,,,,17,9,8,,,
20/12/2025 09:00,134,67,67,45,28,17,,,,17,8,9,,,,71,43,28,,,,30,14,16,,,
20/12/2025 10:00,116,58,58,51,27,24,,,,26,11,15,,,,100,51,49,,,,19,10,9,,,
20/12/2025 11:00,152,75,77,70,45,25,,,,30,17,13,,,,63,36,27,,,,27,13,14,,,
20/12/2025 12:00,157,57,100,82,37,45,,,,33,10,23,,,,74,35,39,,,,28,10,18,,,
20/12/2025 13:00,156,81,75,42,21,21,,,,26,18,8,,,,59,35,24,,,,33,16,17,,,
20/12/2025 14:00,102,52,50,41,17,24,,,,50,28,22,,,,42,20,22,,,,22,10,12,,,
20/12/2025 15:00,104,40,64,12,5,7,,,,27,12,15,,,,52,24,28,,,,30,11,19,,,
20/12/2025 16:00,87,46,41,23,9,14,,,,19,6,13,,,,22,10,12,,,,34,19,15,,,
20/12/2025 17:00,38,18,20,28,21,7,,,,21,11,10,,,,12,7,5,,,,28,12,16,,,
20/12/2025 18:00,38,20,18,17,7,10,,,,17,10,7,,,,13,7,6,,,,19,8,11,,,
20/12/2025 19:00,10,9,1,6,3,3,,,,5,3,2,,,,4,1,3,,,,18,8,10,,,
20/12/2025 20:00,6,3,3,5,3,2,,,,0,0,0,,,,2,0,2,,,,6,1,5,,,
20/12/2025 21:00,13,5,8,4,3,1,,,,4,2,2,,,,2,1,1,,,,10,4,6,,,
20/12/2025 22:00,6,5,1,6,4,2,,,,1,0,1,,,,3,2,1,,,,9,6,3,,,
20/12/2025 23:00,0,0,0,1,1,0,,,,0,0,0,,,,1,0,1,,,,10,5,5,,,
21/12/2025 00:00,0,0,0,0,0,0,,,,2,2,0,,,,1,0,1,,,,9,7,2,,,
21/12/2025 01:00,0,0,0,1,0,1,,,,0,0,0,,,,1,1,0,,,,6,4,2,,,
21/12/2025 02:00,0,0,0,0,0,0,,,,1,1,0,,,,0,0,0,,,,6,0,6,,,
21/12/2025 03:00,1,0,1,5,3,2,,,,4,2,2,,,,1,1,0,,,,2,1,1,,,
21/12/2025 04:00,1,1,0,2,2,0,,,,2,1,1,,,,0,0,0,,,,1,1,0,,,
21/12/2025 05:00,5,3,2,0,0,0,,,,3,2,1,,,,0,0,0,,,,1,1,0,,,
21/12/2025 06:00,16,6,10,5,2,3,,,,0,0,0,,,,1,0,1,,,,4,2,2,,,
21/12/2025 07:00,43,22,21,4,0,4,,,,2,2,0,,,,10,9,1,,,,5,3,2,,,
21/12/2025 08:00,75,40,35,36,17,19,,,,8,7,1,,,,35,22,13,,,,10,3,7,,,
21/12/2025 09:00,185,101,84,52,31,21,,,,10,8,2,,,,65,34,31,,,,26,10,16,,,
21/12/2025 10:00,266,132,134,100,49,51,,,,57,39,18,,,,127,71,56,,,,35,20,15,,,
21/12/2025 11:00,388,196,192,95,52,43,,,,39,22,17,,,,168,102,66,,,,37,20,17,,,
21/12/2025 12:00,434,221,213,99,47,52,,,,37,25,12,,,,143,69,74,,,,40,18,22,,,
21/12/2025 13:00,501,262,239,87,50,37,,,,46,30,16,,,,116,57,59,,,,38,21,17,,,
21/12/2025 14:00,400,199,201,73,35,38,,,,45,26,19,,,,114,65,49,,,,25,11,14,,,
21/12/2025 15:00,340,162,178,62,23,39,,,,36,17,19,,,,111,47,64,,,,54,35,19,,,
21/12/2025 16:00,214,111,103,57,22,35,,,,22,6,16,,,,53,30,23,,,,50,21,29,,,
21/12/2025 17:00,104,51,53,34,16,18,,,,9,3,6,,,,29,7,22,,,,33,15,18,,,
21/12/2025 18:00,62,34,28,20,12,8,,,,12,3,9,,,,22,14,8,,,,18,6,12,,,
21/12/2025 19:00,52,28,24,15,10,5,,,,4,1,3,,,,18,9,9,,,,23,11,12,,,
21/12/2025 20:00,26,16,10,14,7,7,,,,9,5,4,,,,10,5,5,,,,22,11,11,,,
21/12/2025 21:00,30,10,20,2,0,2,,,,8,4,4,,,,7,2,5,,,,11,4,7,,,
21/12/2025 22:00,10,5,5,5,3,2,,,,2,1,1,,,,0,0,0,,,,26,9,17,,,
21/12/2025 23:00,6,3,3,1,0,1,,,,1,1,0,,,,2,2,0,,,,0,0,0,,,
22/12/2025 00:00,3,3,0,1,1,0,,,,1,1,0,,,,0,0,0,,,,9,6,3,,,
22/12/2025 01:00,1,1,0,1,0,1,,,,1,1,0,,,,0,0,0,,,,4,3,1,,,
22/12/2025 02:00,0,0,0,0,0,0,,,,0,0,0,,,,1,1,0,,,,2,0,2,,,
22/12/2025 03:00,1,1,0,0,0,0,,,,0,0,0,,,,0,0,0,,,,0,0,0,,,
22/12/2025 04:00,1,0,1,1,1,0,,,,0,0,0,,,,0,0,0,,,,2,2,0,,,
22/12/2025 05:00,6,3,3,1,1,0,,,,1,1,0,,,,0,0,0,,,,2,1,1,,,
22/12/2025 06:00,26,10,16,7,4,3,,,,2,2,0,,,,7,1,6,,,,4,1,3,,,
22/12/2025 07:00,68,35,33,24,11,13,,,,6,4,2,,,,25,18,7,,,,14,6,8,,,
22/12/2025 08:00,95,45,50,28,14,14,,,,23,14,9,,,,42,23,19,,,,22,10,12,,,
22/12/2025 09:00,76,40,36,32,18,14,,,,16,5,11,,,,65,33,32,,,,27,7,20,,,
22/12/2025 10:00,132,70,62,48,23,25,,,,19,12,7,,,,76,46,30,,,,34,22,12,,,
22/12/2025 11:00,191,95,96,35,17,18,,,,28,16,12,,,,88,43,45,,,,29,12,17,,,
22/12/2025 12:00,180,97,83,48,28,20,,,,40,25,15,,,,82,47,35,,,,40,27,13,,,
22/12/2025 13:00,194,100,94,43,25,18,,,,62,32,30,,,,79,40,39,,,,42,15,27,,,
22/12/2025 14:00,186,85,101,50,17,33,,,,31,15,16,,,,48,22,26,,,,44,21,23,,,
22/12/2025 15:00,170,84,86,61,34,27,,,,39,11,28,,,,86,49,37,,,,48,19,29,,,
22/12/2025 16:00,160,75,85,53,29,24,,,,42,23,19,,,,63,23,40,,,,58,32,26,,,
22/12/2025 17:00,125,69,56,37,24,13,,,,13,10,3,,,,46,21,25,,,,65,27,38,,,
22/12/2025 18:00,67,34,33,25,14,11,,,,12,8,4,,,,27,10,17,,,,49,28,21,,,
22/12/2025 19:00,48,25,23,20,11,9,,,,8,7,1,,,,23,11,12,,,,45,25,20,,,
22/12/2025 20:00,68,28,40,18,9,9,,,,12,8,4,,,,16,11,5,,,,25,9,16,,,
22/12/2025 21:00,32,18,14,15,2,13,,,,5,3,2,,,,14,5,9,,,,14,4,10,,,
22/12/2025 22:00,29,17,12,15,6,9,,,,8,4,4,,,,13,10,3,,,,12,7,5,,,
22/12/2025 23:00,6,5,1,10,3,7,,,,6,3,3,,,,5,2,3,,,,5,3,2,,,
23/12/2025 00:00,0,0,0,0,0,0,,,,3,2,1,,,,6,0,6,,,,6,6,0,,,
23/12/2025 01:00,5,0,5,0,0,0,,,,6,1,5,,,,1,0,1,,,,0,0,0,,,
23/12/2025 02:00,3,2,1,0,0,0,,,,0,0,0,,,,0,0,0,,,,0,0,0,,,
23/12/2025 03:00,1,1,0,0,0,0,,,,0,0,0,,,,0,0,0,,,,1,0,1,,,
23/12/2025 04:00,1,1,0,0,0,0,,,,1,0,1,,,,4,2,2,,,,4,3,1,,,
23/12/2025 05:00,8,4,4,0,0,0,,,,1,1,0,,,,7,4,3,,,,6,3,3,,,
23/12/2025 06:00,11,4,7,4,3,1,,,,0,0,0,,,,5,2,3,,,,5,2,3,,,
23/12/2025 07:00,44,23,21,28,12,16,,,,11,5,6,,,,21,12,9,,,,14,4,10,,,
23/12/2025 08:00,95,44,51,22,15,7,,,,20,6,14,,,,62,41,21,,,,26,12,14,,,
23/12/2025 09:00,128,63,65,46,23,23,,,,26,13,13,,,,64,35,29,,,,23,10,13,,,
23/12/2025 10:00,174,84,90,45,25,20,,,,28,15,13,,,,61,37,24,,,,38,19,19,,,
23/12/2025 11:00,210,99,111,41,21,20,,,,33,15,18,,,,68,41,27,,,,26,10,16,,,
23/12/2025 12:00,193,79,114,43,14,29,,,,31,18,13,,,,79,48,31,,,,40,19,21,,,
23/12/2025 13:00,180,85,95,47,21,26,,,,32,15,17,,,,75,36,39,,,,42,26,16,,,
23/12/2025 14:00,159,73,86,33,16,17,,,,39,13,26,,,,45,23,22,,,,34,19,15,,,
23/12/2025 15:00,151,70,81,38,16,22,,,,39,20,19,,,,74,36,38,,,,56,21,35,,,
23/12/2025 16:00,133,68,65,49,21,28,,,,22,10,12,,,,51,22,29,,,,61,32,29,,,
23/12/2025 17:00,94,62,32,24,14,10,,,,15,9,6,,,,53,32,21,,,,35,18,17,,,
23/12/2025 18:00,61,25,36,20,15,5,,,,11,2,9,,,,20,8,12,,,,32,19,13,,,
23/12/2025 19:00,55,29,26,16,5,11,,,,9,5,4,,,,23,11,12,,,,40,17,23,,,
23/12/2025 20:00,36,17,19,18,7,11,,,,7,5,2,,,,8,5,3,,,,29,12,17,,,
23/12/2025 21:00,19,12,7,7,1,6,,,,4,2,2,,,,6,4,2,,,,13,5,8,,,
23/12/2025 22:00,15,12,3,2,2,0,,,,4,2,2,,,,4,4,0,,,,13,4,9,,,
23/12/2025 23:00,9,6,3,14,5,9,,,,2,0,2,,,,1,0,1,,,,4,3,1,,,
24/12/2025 00:00,0,0,0,0,0,0,,,,3,1,2,,,,1,1,0,,,,9,5,4,,,
24/12/2025 01:00,2,0,2,2,0,2,,,,1,1,0,,,,1,1,0,,,,2,2,0,,,
24/12/2025 02:00,1,1,0,0,0,0,,,,1,1,0,,,,0,0,0,,,,4,1,3,,,
24/12/2025 03:00,0,0,0,0,0,0,,,,0,0,0,,,,0,0,0,,,,1,1,0,,,
24/12/2025 04:00,0,0,0,0,0,0,,,,0,0,0,,,,0,0,0,,,,1,1,0,,,
24/12/2025 05:00,4,2,2,2,1,1,,,,1,1,0,,,,0,0,0,,,,4,1,3,,,
24/12/2025 06:00,18,7,11,2,2,0,,,,2,2,0,,,,8,2,6,,,,4,1,3,,,
24/12/2025 07:00,57,29,28,18,10,8,,,,4,1,3,,,,15,12,3,,,,9,6,3,,,
24/12/2025 08:00,202,100,102,29,14,15,,,,22,17,5,,,,27,11,16,,,,13,7,6,,,
24/12/2025 09:00,165,95,70,43,23,20,,,,26,14,12,,,,55,40,15,,,,29,14,15,,,
24/12/2025 10:00,202,94,108,54,32,22,,,,42,23,19,,,,76,43,33,,,,33,19,14,,,
24/12/2025 11:00,315,149,166,50,28,22,,,,41,17,24,,,,96,54,42,,,,38,27,11,,,
24/12/2025 12:00,348,184,164,71,25,46,,,,30,22,8,,,,105,69,36,,,,52,19,33,,,
24/12/2025 13:00,332,187,145,66,40,26,,,,27,19,8,,,,123,57,66,,,,69,37,32,,,
24/12/2025 14:00,362,169,193,44,25,19,,,,43,32,11,,,,79,42,37,,,,61,30,31,,,
24/12/2025 15:00,299,137,162,38,21,17,,,,35,23,12,,,,65,39,26,,,,37,20,17,,,
24/12/2025 16:00,115,59,56,29,15,14,,,,15,9,6,,,,53,18,35,,,,52,21,31,,,
24/12/2025 17:00,62,36,26,45,22,23,,,,8,2,6,,,,24,14,10,,,,46,26,20,,,
24/12/2025 18:00,39,21,18,11,6,5,,,,21,12,9,,,,15,7,8,,,,44,14,30,,,
24/12/2025 19:00,32,17,15,12,5,7,,,,12,5,7,,,,6,4,2,,,,13,7,6,,,
24/12/2025 20:00,23,12,11,6,3,3,,,,11,4,7,,,,15,10,5,,,,38,20,18,,,
24/12/2025 21:00,12,4,8,3,0,3,,,,3,3,0,,,,7,1,6,,,,11,4,7,,,
24/12/2025 22:00,3,2,1,3,0,3,,,,7,6,1,,,,1,0,1,,,,5,0,5,,,
24/12/2025 23:00,3,1,2,0,0,0,,,,11,10,1,,,,7,4,3,,,,11,10,1,,,
25/12/2025 00:00,2,2,0,1,0,1,,,,11,8,3,,,,2,2,0,,,,8,8,0,,,
25/12/2025 01:00,0,0,0,0,0,0,,,,0,0,0,,,,1,1,0,,,,1,0,1,,,
25/12/2025 02:00,0,0,0,0,0,0,,,,1,1,0,,,,0,0,0,,,,1,0,1,,,
25/12/2025 03:00,1,1,0,0,0,0,,,,0,0,0,,,,1,1,0,,,,4,2,2,,,
25/12/2025 04:00,1,1,0,2,1,1,,,,0,0,0,,,,0,0,0,,,,3,2,1,,,
25/12/2025 05:00,0,0,0,0,0,0,,,,0,0,0,,,,7,3,4,,,,2,1,1,,,
25/12/2025 06:00,11,4,7,4,3,1,,,,1,0,1,,,,4,1,3,,,,5,2,3,,,
25/12/2025 07:00,31,17,14,12,5,7,,,,1,0,1,,,,4,4,0,,,,4,2,2,,,
25/12/2025 08:00,70,36,34,35,23,12,,,,18,8,10,,,,28,21,7,,,,9,5,4,,,
25/12/2025 09:00,162,100,62,24,12,12,,,,28,15,13,,,,35,16,19,,,,16,8,8,,,
25/12/2025 10:00,249,147,102,71,41,30,,,,38,27,11,,,,65,39,26,,,,27,18,9,,,
25/12/2025 11:00,328,175,153,132,82,50,,,,37,20,17,,,,85,49,36,,,,49,24,25,,,
25/12/2025 12:00,438,218,220,119,40,79,,,,36,13,23,,,,75,37,38,,,,52,29,23,,,
25/12/2025 13:00,351,168,183,114,41,73,,,,33,19,14,,,,63,29,34,,,,45,23,22,,,
25/12/2025 14:00,250,128,122,70,33,37,,,,23,12,11,,,,73,38,35,,,,33,20,13,,,
25/12/2025 15:00,235,113,122,62,22,40,,,,20,9,11,,,,47,26,21,,,,30,14,16,,,
25/12/2025 16:00,116,52,64,26,12,14,,,,17,8,9,,,,28,8,20,,,,41,20,21,,,
25/12/2025 17:00,49,26,23,20,8,12,,,,5,2,3,,,,18,5,13,,,,27,17,10,,,
25/12/2025 18:00,21,11,10,14,7,7,,,,12,5,7,,,,12,5,7,,,,31,14,17,,,
25/12/2025 19:00,16,9,7,13,8,5,,,,15,12,3,,,,8,2,6,,,,31,11,20,,,
25/12/2025 20:00,22,11,11,11,10,1,,,,4,1,3,,,,0,0,0,,,,28,14,14,,,
25/12/2025 21:00,22,9,13,4,2,2,,,,7,3,4,,,,2,1,1,,,,25,8,17,,,
25/12/2025 22:00,15,4,11,10,3,7,,,,1,0,1,,,,2,1,1,,,,13,7,6,,,
25/12/2025 23:00,3,2,1,2,2,0,,,,3,3,0,,,,1,1,0,,,,9,3,6,,,
26/12/2025 00:00,0,0,0,0,0,0,,,,1,0,1,,,,2,1,1,,,,6,3,3,,,
26/12/2025 01:00,1,1,0,0,0,0,,,,1,1,0,,,,0,0,0,,,,10,3,7,,,
26/12/2025 02:00,0,0,0,0,0,0,,,,0,0,0,,,,0,0,0,,,,7,2,5,,,
26/12/2025 03:00,0,0,0,0,0,0,,,,0,0,0,,,,0,0,0,,,,1,1,0,,,
26/12/2025 04:00,0,0,0,0,0,0,,,,0,0,0,,,,0,0,0,,,,5,3,2,,,
26/12/2025 05:00,1,0,1,0,0,0,,,,0,0,0,,,,1,1,0,,,,3,1,2,,,
26/12/2025 06:00,6,2,4,1,0,1,,,,0,0,0,,,,2,2,0,,,,3,2,1,,,
26/12/2025 07:00,17,9,8,7,5,2,,,,2,1,1,,,,5,2,3,,,,9,4,5,,,
26/12/2025 08:00,39,18,21,10,6,4,,,,11,6,5,,,,27,14,13,,,,15,9,6,,,
26/12/2025 09:00,121,57,64,22,11,11,,,,19,7,12,,,,44,21,23,,,,13,7,6,,,
26/12/2025 10:00,318,171,147,57,30,27,,,,34,15,19,,,,80,54,26,,,,29,12,17,,,
26/12/2025 11:00,581,293,288,85,29,56,,,,49,22,27,,,,127,66,61,,,,40,26,14,,,
26/12/2025 12:00,643,372,271,104,47,57,,,,77,33,44,,,,124,74,50,,,,57,27,30,,,
26/12/2025 13:00,610,334,276,104,40,64,,,,86,32,54,,,,123,63,60,,,,61,28,33,,,
26/12/2025 14:00,559,265,294,106,40,66,,,,50,19,31,,,,134,72,62,,,,51,27,24,,,
26/12/2025 15:00,552,267,285,68,37,31,,,,52,23,29,,,,96,42,54,,,,50,18,32,,,
26/12/2025 16:00,335,173,162,80,36,44,,,,28,14,14,,,,54,25,29,,,,70,39,31,,,
26/12/2025 17:00,174,84,90,36,20,16,,,,34,16,18,,,,19,9,10,,,,28,10,18,,,
26/12/2025 18:00,72,37,35,19,8,11,,,,10,4,6,,,,5,1,4,,,,28,16,12,,,
26/12/2025 19:00,40,19,21,9,1,8,,,,7,5,2,,,,9,6,3,,,,43,25,18,,,
26/12/2025 20:00,33,17,16,11,5,6,,,,10,6,4,,,,6,1,5,,,,27,11,16,,,
26/12/2025 21:00,29,13,16,13,5,8,,,,4,2,2,,,,12,6,6,,,,19,10,9,,,
26/12/2025 22:00,9,5,4,7,0,7,,,,23,10,13,,,,1,0,1,,,,21,8,13,,,
26/12/2025 23:00,15,7,8,8,2,6,,,,3,2,1,,,,1,1,0,,,,5,2,3,,,
27/12/2025 00:00,0,0,0,0,0,0,,,,3,1,2,,,,0,0,0,,,,9,6,3,,,
27/12/2025 01:00,0,0,0,3,0,3,,,,0,0,0,,,,0,0,0,,,,10,4,6,,,
27/12/2025 02:00,0,0,0,0,0,0,,,,1,0,1,,,,0,0,0,,,,0,0,0,,,
27/12/2025 03:00,0,0,0,0,0,0,,,,0,0,0,,,,0,0,0,,,,0,0,0,,,
27/12/2025 04:00,1,1,0,1,0,1,,,,0,0,0,,,,3,1,2,,,,5,3,2,,,
27/12/2025 05:00,3,2,1,3,2,1,,,,0,0,0,,,,13,7,6,,,,2,1,1,,,
27/12/2025 06:00,7,0,7,0,0,0,,,,2,0,2,,,,3,1,2,,,,7,2,5,,,
27/12/2025 07:00,25,13,12,10,8,2,,,,3,1,2,,,,4,1,3,,,,5,3,2,,,
27/12/2025 08:00,67,37,30,35,22,13,,,,15,4,11,,,,31,21,10,,,,14,6,8,,,
27/12/2025 09:00,124,61,63,42,20,22,,,,21,12,9,,,,54,28,26,,,,12,4,8,,,
27/12/2025 10:00,196,114,82,74,40,34,,,,36,25,11,,,,89,58,31,,,,44,30,14,,,
27/12/2025 11:00,336,181,155,72,40,32,,,,43,18,25,,,,106,59,47,,,,38,19,19,,,
27/12/2025 12:00,438,205,233,56,27,29,,,,59,34,25,,,,141,62,79,,,,43,17,26,,,
27/12/2025 13:00,469,235,234,92,49,43,,,,48,28,20,,,,105,54,51,,,,47,26,21,,,
27/12/2025 14:00,483,258,225,78,51,27,,,,56,27,29,,,,104,62,42,,,,43,23,20,,,
27/12/2025 15:00,476,222,254,61,25,36,,,,44,24,20,,,,89,42,47,,,,49,29,20,,,
27/12/2025 16:00,256,137,119,89,57,32,,,,40,20,20,,,,50,20,30,,,,33,19,14,,,
27/12/2025 17:00,127,72,55,31,6,25,,,,14,10,4,,,,29,9,20,,,,24,13,11,,,
27/12/2025 18:00,67,34,33,18,5,13,,,,11,7,4,,,,23,15,8,,,,31,15,16,,,
27/12/2025 19:00,40,20,20,17,8,9,,,,7,3,4,,,,40,13,27,,,,46,21,25,,,
27/12/2025 20:00,56,29,27,14,8,6,,,,3,2,1,,,,9,5,4,,,,39,24,15,,,
27/12/2025 21:00,26,14,12,6,2,4,,,,6,3,3,,,,5,3,2,,,,24,14,10,,,
27/12/2025 22:00,15,7,8,2,2,0,,,,2,1,1,,,,1,1,0,,,,13,6,7,,,
27/12/2025 23:00,15,11,4,2,1,1,,,,1,0,1,,,,4,3,1,,,,15,10,5,,,
28/12/2025 00:00,1,1,0,1,0,1,,,,1,0,1,,,,1,1,0,,,,8,4,4,,,
28/12/2025 01:00,2,0,2,4,2,2,,,,0,0,0,,,,1,0,1,,,,5,4,1,,,
28/12/2025 02:00,1,1,0,1,1,0,,,,0,0,0,,,,0,0,0,,,,3,1,2,,,
28/12/2025 03:00,0,0,0,0,0,0,,,,1,0,1,,,,0,0,0,,,,1,1,0,,,
28/12/2025 04:00,0,0,0,0,0,0,,,,0,0,0,,,,4,2,2,,,,2,1,1,,,
28/12/2025 05:00,1,1,0,0,0,0,,,,3,1,2,,,,4,2,2,,,,0,0,0,,,
28/12/2025 06:00,6,1,5,1,1,0,,,,1,1,0,,,,2,1,1,,,,7,3,4,,,
28/12/2025 07:00,32,17,15,6,3,3,,,,1,0,1,,,,4,3,1,,,,1,0,1,,,
28/12/2025 08:00,81,46,35,15,6,9,,,,11,5,6,,,,31,16,15,,,,15,8,7,,,
28/12/2025 09:00,144,75,69,52,31,21,,,,19,12,7,,,,66,34,32,,,,20,8,12,,,
28/12/2025 10:00,264,136,128,50,30,20,,,,29,15,14,,,,94,63,31,,,,27,11,16,,,
28/12/2025 11:00,332,188,144,73,40,33,,,,35,16,19,,,,97,49,48,,,,39,18,21,,,
28/12/2025 12:00,417,206,211,65,35,30,,,,40,20,20,,,,89,49,40,,,,45,20,25,,,
28/12/2025 13:00,462,264,198,93,46,47,,,,57,28,29,,,,105,62,43,,,,39,12,27,,,
28/12/2025 14:00,443,226,217,60,29,31,,,,55,30,25,,,,131,63,68,,,,39,20,19,,,
28/12/2025 15:00,449,236,213,94,39,55,,,,27,17,10,,,,97,50,47,,,,39,18,21,,,
28/12/2025 16:00,282,140,142,42,15,27,,,,31,10,21,,,,73,28,45,,,,42,20,22,,,
28/12/2025 17:00,125,62,63,42,20,22,,,,16,5,11,,,,28,15,13,,,,48,32,16,,,
28/12/2025 18:00,91,46,45,30,16,14,,,,24,11,13,,,,32,16,16,,,,15,8,7,,,
28/12/2025 19:00,61,30,31,15,3,12,,,,14,9,5,,,,11,4,7,,,,24,12,12,,,
28/12/2025 20:00,36,22,14,6,3,3,,,,9,5,4,,,,11,8,3,,,,28,11,17,,,
28/12/2025 21:00,23,11,12,5,2,3,,,,5,3,2,,,,5,1,4,,,,33,15,18,,,
28/12/2025 22:00,17,5,12,6,0,6,,,,0,0,0,,,,4,1,3,,,,15,9,6,,,
28/12/2025 23:00,6,3,3,15,7,8,,,,4,2,2,,,,3,1,2,,,,8,1,7,,,
29/12/2025 00:00,0,0,0,1,0,1,,,,8,4,4,,,,0,0,0,,,,14,12,2,,,
29/12/2025 01:00,7,2,5,0,0,0,,,,0,0,0,,,,2,0,2,,,,2,1,1,,,
29/12/2025 02:00,6,3,3,0,0,0,,,,0,0,0,,,,0,0,0,,,,2,1,1,,,
29/12/2025 03:00,3,1,2,0,0,0,,,,0,0,0,,,,1,1,0,,,,1,0,1,,,
29/12/2025 04:00,2,0,2,0,0,0,,,,0,0,0,,,,4,2,2,,,,2,2,0,,,
29/12/2025 05:00,5,3,2,0,0,0,,,,1,1,0,,,,4,2,2,,,,4,3,1,,,
29/12/2025 06:00,11,3,8,2,0,2,,,,1,1,0,,,,0,0,0,,,,5,2,3,,,
29/12/2025 07:00,32,17,15,7,4,3,,,,1,1,0,,,,8,5,3,,,,8,5,3,,,
29/12/2025 08:00,64,36,28,15,5,10,,,,20,12,8,,,,18,11,7,,,,16,7,9,,,
29/12/2025 09:00,118,57,61,23,17,6,,,,17,11,6,,,,38,18,20,,,,34,17,17,,,
29/12/2025 10:00,191,105,86,35,20,15,,,,23,7,16,,,,78,44,34,,,,36,20,16,,,
29/12/2025 11:00,253,137,116,51,27,24,,,,34,16,18,,,,84,54,30,,,,46,23,23,,,
29/12/2025 12:00,294,137,157,41,20,21,,,,45,22,23,,,,89,49,40,,,,33,24,9,,,
29/12/2025 13:00,277,163,114,66,25,41,,,,39,22,17,,,,88,50,38,,,,55,26,29,,,
29/12/2025 14:00,306,173,133,57,30,27,,,,48,18,30,,,,87,54,33,,,,66,34,32,,,
29/12/2025 15:00,325,167,158,47,18,29,,,,34,16,18,,,,80,41,39,,,,57,29,28,,,
29/12/2025 16:00,251,137,114,77,48,29,,,,46,26,20,,,,64,23,41,,,,42,21,21,,,
29/12/2025 17:00,139,81,58,39,16,23,,,,24,6,18,,,,29,12,17,,,,49,25,24,,,
29/12/2025 18:00,96,51,45,22,5,17,,,,9,5,4,,,,19,8,11,,,,27,11,16,,,
29/12/2025 19:00,73,39,34,28,14,14,,,,10,4,6,,,,16,7,9,,,,35,18,17,,,
29/12/2025 20:00,48,22,26,10,4,6,,,,15,7,8,,,,18,7,11,,,,31,17,14,,,
29/12/2025 21:00,25,11,14,10,3,7,,,,5,3,2,,,,8,3,5,,,,34,16,18,,,
29/12/2025 22:00,12,8,4,5,1,4,,,,4,0,4,,,,4,2,2,,,,10,7,3,,,
29/12/2025 23:00,3,0,3,2,1,1,,,,1,1,0,,,,0,0,0,,,,7,3,4,,,
30/12/2025 00:00,0,0,0,0,0,0,,,,2,2,0,,,,1,1,0,,,,15,10,5,,,
30/12/2025 01:00,10,6,4,5,0,5,,,,1,1,0,,,,0,0,0,,,,5,0,5,,,
30/12/2025 02:00,6,3,3,3,1,2,,,,0,0,0,,,,0,0,0,,,,1,1,0,,,
30/12/2025 03:00,4,4,0,2,0,2,,,,0,0,0,,,,0,0,0,,,,9,5,4,,,
30/12/2025 04:00,5,3,2,0,0,0,,,,1,1,0,,,,3,1,2,,,,2,2,0,,,
30/12/2025 05:00,2,1,1,0,0,0,,,,2,2,0,,,,3,2,1,,,,4,4,0,,,
30/12/2025 06:00,17,7,10,6,2,4,,,,1,1,0,,,,2,1,1,,,,4,1,3,,,
30/12/2025 07:00,36,17,19,6,3,3,,,,2,1,1,,,,11,7,4,,,,11,4,7,,,
30/12/2025 08:00,67,30,37,24,9,15,,,,22,11,11,,,,21,12,9,,,,19,10,9,,,
30/12/2025 09:00,104,59,45,46,28,18,,,,25,13,12,,,,39,26,13,,,,26,16,10,,,
30/12/2025 10:00,248,124,124,41,23,18,,,,27,13,14,,,,75,42,33,,,,24,11,13,,,
30/12/2025 11:00,295,172,123,44,23,21,,,,42,26,16,,,,96,59,37,,,,36,17,19,,,
30/12/2025 12:00,367,203,164,69,37,32,,,,29,15,14,,,,95,54,41,,,,42,24,18,,,
30/12/2025 13:00,434,222,212,60,29,31,,,,38,34,4,,,,100,45,55,,,,34,16,18,,,
30/12/2025 14:00,402,202,200,69,41,28,,,,44,33,11,,,,79,47,32,,,,61,23,38,,,
30/12/2025 15:00,359,184,175,70,35,35,,,,49,34,15,,,,104,50,54,,,,49,30,19,,,
30/12/2025 16:00,254,120,134,50,29,21,,,,35,18,17,,,,95,41,54,,,,55,23,32,,,
30/12/2025 17:00,155,77,78,49,25,24,,,,21,8,13,,,,40,19,21,,,,57,40,17,,,
30/12/2025 18:00,84,52,32,22,16,6,,,,15,6,9,,,,27,13,14,,,,58,28,30,,,
30/12/2025 19:00,89,43,46,24,9,15,,,,7,2,5,,,,14,9,5,,,,23,12,11,,,
30/12/2025 20:00,36,20,16,10,4,6,,,,9,5,4,,,,15,6,9,,,,24,9,15,,,
30/12/2025 21:00,25,13,12,13,9,4,,,,9,7,2,,,,3,2,1,,,,20,14,6,,,
30/12/2025 22:00,12,9,3,3,1,2,,,,0,0,0,,,,5,2,3,,,,22,12,10,,,
30/12/2025 23:00,5,4,1,1,0,1,,,,1,1,0,,,,4,3,1,,,,7,2,5,,,
31/12/2025 00:00,0,0,0,1,1,0,,,,4,0,4,,,,1,1,0,,,,7,6,1,,,
31/12/2025 01:00,5,3,2,0,0,0,,,,1,1,0,,,,0,0,0,,,,0,0,0,,,
31/12/2025 02:00,1,0,1,0,0,0,,,,0,0,0,,,,0,0,0,,,,0,0,0,,,
31/12/2025 03:00,4,4,0,0,0,0,,,,0,0,0,,,,0,0,0,,,,0,0,0,,,
31/12/2025 04:00,2,2,0,0,0,0,,,,0,0,0,,,,4,2,2,,,,3,3,0,,,
31/12/2025 05:00,2,1,1,0,0,0,,,,1,1,0,,,,3,2,1,,,,3,3,0,,,
31/12/2025 06:00,8,5,3,6,4,2,,,,1,1,0,,,,2,1,1,,,,4,0,4,,,
31/12/2025 07:00,51,28,23,8,5,3,,,,2,1,1,,,,8,5,3,,,,8,1,7,,,
31/12/2025 08:00,106,62,44,19,13,6,,,,20,10,10,,,,30,17,13,,,,8,5,3,,,
31/12/2025 09:00,148,80,68,33,22,11,,,,21,13,8,,,,48,29,19,,,,23,13,10,,,
31/12/2025 10:00,287,159,128,56,30,26,,,,31,18,13,,,,84,57,27,,,,35,17,18,,,
31/12/2025 11:00,382,238,144,68,38,30,,,,42,22,20,,,,115,62,53,,,,43,19,24,,,
31/12/2025 12:00,460,271,189,75,45,30,,,,57,36,21,,,,115,67,48,,,,42,20,22,,,
31/12/2025 13:00,478,280,198,84,45,39,,,,49,28,21,,,,91,51,40,,,,53,25,28,,,
31/12/2025 14:00,390,210,180,45,30,15,,,,58,27,31,,,,91,60,31,,,,49,20,29,,,
31/12/2025 15:00,418,231,187,43,24,19,,,,40,26,14,,,,106,55,51,,,,73,34,39,,,
31/12/2025 16:00,629,357,272,74,43,31,,,,34,19,15,,,,60,31,29,,,,36,8,28,,,
31/12/2025 17:00,1044,653,391,29,12,17,,,,36,24,12,,,,40,20,20,,,,57,19,38,,,
31/12/2025 18:00,466,250,216,199,185,14,,,,64,58,6,,,,23,12,11,,,,47,22,25,,,
31/12/2025 19:00,1053,523,530,276,60,216,,,,192,31,161,,,,23,8,15,,,,42,18,24,,,
31/12/2025 20:00,476,311,165,86,7,79,,,,30,8,22,,,,16,6,10,,,,28,12,16,,,
31/12/2025 21:00,86,40,46,11,4,7,,,,12,10,2,,,,3,1,2,,,,46,29,17,,,
31/12/2025 22:00,35,16,19,8,5,3,,,,3,1,2,,,,3,1,2,,,,11,8,3,,,
31/12/2025 23:00,62,31,31,12,9,3,,,,0,0,0,,,,2,2,0,,,,28,14,14,,,
