Time,dun_laoghaire_peoples_park_total,dun_laoghaire_peoples_park_in,dun_laoghaire_peoples_park_out,dun_laoghaire_seapoint_beach_total,dun_laoghaire_seapoint_beach_in,dun_laoghaire_seapoint_beach_out,dun_laoghaire_york_road_total,dun_laoghaire_york_road_in,dun_laoghaire_york_road_out,glenageary_total,glenageary_in,glenageary_out,rock_road_park_total,rock_road_park_in,rock_road_park_out,wyattville_road_bicycles_towards_n11_total,wyattville_road_bicycles_towards_n11_in,wyattville_road_bicycles_towards_n11_out,wyattville_road_park_gates_total,wyattville_road_park_gates_in,wyattville_road_park_gates_out,wyattville_road_steps_total,wyattville_road_steps_in,wyattville_road_steps_out
"Jan 1, 2024 12:00 AM",0,0,0,3,2,1,2,1,1,7,4,3,16,7,9,,,,6,5,1,,,
"Jan 1, 2024 1:00 AM",4,2,2,6,1,5,3,2,1,1,0,1,18,15,3,,,,19,11,8,,,
"Jan 1, 2024 2:00 AM",1,1,0,5,3,2,3,2,1,8,4,4,5,3,2,,,,16,10,6,,,
"Jan 1, 2024 3:00 AM",4,0,4,0,0,0,1,0,1,0,0,0,3,3,0,,,,10,4,6,,,
"Jan 1, 2024 4:00 AM",1,1,0,1,0,1,3,2,1,2,1,1,4,4,0,,,,6,5,1,,,
"Jan 1, 2024 5:00 AM",1,0,1,0,0,0,1,0,1,1,0,1,0,0,0,,,,3,2,1,,,
"Jan 1, 2024 6:00 AM",3,0,3,1,1,0,2,2,0,2,2,0,1,1,0,,,,8,4,4,,,
"Jan 1, 2024 7:00 AM",18,11,7,2,1,1,3,2,1,2,0,2,7,6,1,,,,9,2,7,,,
"Jan 1, 2024 8:00 AM",89,52,37,18,13,5,18,12,6,11,4,7,27,19,8,,,,8,2,6,,,
"Jan 1, 2024 9:00 AM",164,65,99,20,14,6,27,17,10,9,5,4,50,34,16,,,,20,11,9,,,
"Jan 1, 2024 10:00 AM",319,155,164,55,32,23,32,21,11,19,10,9,194,127,67,,,,25,8,17,,,
"Jan 1, 2024 11:00 AM",668,317,351,66,30,36,61,30,31,53,35,18,154,106,48,,,,39,19,20,,,
"Jan 1, 2024 12:00 PM",586,287,299,59,26,33,50,26,24,42,20,22,164,80,84,,,,49,24,25,,,
"Jan 1, 2024 1:00 PM",464,224,240,60,30,30,60,32,28,40,26,14,84,54,30,,,,39,24,15,,,
"Jan 1, 2024 2:00 PM",474,229,245,48,26,22,46,15,31,40,15,25,61,28,33,,,,36,21,15,,,
"Jan 1, 2024 3:00 PM",138,65,73,34,13,21,14,8,6,20,11,9,26,14,12,,,,37,15,22,,,
"Jan 1, 2024 4:00 PM",59,28,31,9,4,5,15,6,9,7,4,3,23,11,12,,,,9,3,6,,,
"Jan 1, 2024 5:00 PM",21,9,12,5,5,0,4,3,1,2,1,1,10,8,2,,,,6,3,3,,,
"Jan 1, 2024 6:00 PM",18,9,9,3,1,2,3,0,3,1,0,1,5,2,3,,,,8,3,5,,,
"Jan 1, 2024 7:00 PM",19,9,10,13,6,7,4,3,1,3,1,2,11,5,6,,,,10,6,4,,,
"Jan 1, 2024 8:00 PM",51,28,23,8,5,3,15,9,6,8,6,2,9,5,4,,,,13,12,1,,,
"Jan 1, 2024 9:00 PM",31,20,11,12,7,5,8,6,2,7,3,4,6,4,2,,,,10,3,7,,,
"Jan 1, 2024 10:00 PM",17,10,7,5,1,4,4,1,3,2,2,0,10,7,3,,,,4,2,2,,,
"Jan 1, 2024 11:00 PM",2,1,1,4,1,3,2,0,2,1,0,1,6,4,2,,,,10,5,5,,,
"Jan 2, 2024 12:00 AM",0,0,0,1,1,0,1,0,1,0,0,0,3,2,1,,,,4,3,1,,,
"Jan 2, 2024 1:00 AM",2,2,0,0,0,0,1,1,0,0,0,0,2,2,0,,,,1,1,0,,,
"Jan 2, 2024 2:00 AM",1,0,1,0,0,0,0,0,0,0,0,0,0,0,0,,,,0,0,0,,,
"Jan 2, 2024 3:00 AM",0,0,0,0,0,0,0,0,0,0,0,0,0,0,0,,,,0,0,0,,,
"Jan 2, 2024 4:00 AM",1,0,1,0,0,0,0,0,0,0,0,0,0,0,0,,,,2,2,0,,,
"Jan 2, 2024 5:00 AM",5,2,3,1,0,1,2,1,1,1,1,0,3,2,1,,,,1,1,0,,,
"Jan 2, 2024 6:00 AM",19,8,11,3,3,0,13,11,2,8,6,2,5,4,1,,,,6,3,3,,,
"Jan 2, 2024 7:00 AM",60,31,29,12,7,5,6,3,3,3,1,2,29,21,8,,,,16,6,10,,,
"Jan 2, 2024 8:00 AM",94,36,58,19,8,11,24,12,12,15,4,11,30,15,15,,,,16,7,9,,,
"Jan 2, 2024 9:00 AM",96,46,50,20,11,9,12,6,6,16,11,5,38,20,18,,,,19,7,12,,,
"Jan 2, 2024 10:00 AM",137,60,77,20,11,9,26,16,10,32,16,16,44,35,9,,,,28,19,9,,,
"Jan 2, 2024 11:00 AM",148,81,67,29,16,13,35,18,17,23,10,13,33,20,13,,,,29,14,15,,,
"Jan 2, 2024 12:00 PM",115,61,54,14,9,5,19,12,7,21,8,13,37,17,20,,,,29,12,17,,,
"Jan 2, 2024 1:00 PM",104,58,46,13,6,7,14,6,8,21,8,13,22,11,11,,,,29,12,17,,,
"Jan 2, 2024 2:00 PM",102,37,65,15,9,6,13,7,6,13,8,5,22,11,11,,,,28,11,17,,,
"Jan 2, 2024 3:00 PM",144,71,73,28,12,16,21,10,11,22,11,11,36,19,17,,,,36,18,18,,,
"Jan 2, 2024 4:00 PM",334,152,182,39,22,17,35,21,14,25,16,9,57,38,19,,,,35,20,15,,,
"Jan 2, 2024 5:00 PM",211,116,95,43,21,22,43,19,24,14,7,7,79,41,38,,,,47,19,28,,,
"Jan 2, 2024 6:00 PM",139,82,57,30,22,8,32,15,17,18,10,8,40,21,19,,,,32,12,20,,,
"Jan 2, 2024 7:00 PM",111,53,58,41,16,25,26,13,13,65,40,25,27,13,14,,,,24,14,10,,,
"Jan 2, 2024 8:00 PM",101,45,56,22,14,8,33,14,19,8,2,6,35,21,14,,,,23,13,10,,,
"Jan 2, 2024 9:00 PM",60,36,24,10,3,7,14,8,6,9,3,6,10,3,7,,,,18,6,12,,,
"Jan 2, 2024 10:00 PM",18,10,8,2,0,2,5,2,3,4,1,3,5,4,1,,,,17,10,7,,,
"Jan 2, 2024 11:00 PM",8,4,4,2,1,1,3,2,1,4,3,1,0,0,0,,,,4,0,4,,,
"Jan 3, 2024 12:00 AM",0,0,0,0,0,0,0,0,0,0,0,0,0,0,0,,,,1,1,0,,,
"Jan 3, 2024 1:00 AM",2,0,2,1,1,0,4,2,2,2,0,2,1,1,0,,,,2,2,0,,,
"Jan 3, 2024 2:00 AM",1,1,0,0,0,0,0,0,0,2,0,2,0,0,0,,,,2,1,1,,,
"Jan 3, 2024 3:00 AM",0,0,0,0,0,0,0,0,0,0,0,0,0,0,0,,,,1,1,0,,,
"Jan 3, 2024 4:00 AM",0,0,0,0,0,0,1,0,1,1,0,1,1,1,0,,,,2,1,1,,,
"Jan 3, 2024 5:00 AM",3,2,1,1,0,1,4,3,1,1,1,0,1,0,1,,,,2,2,0,,,
"Jan 3, 2024 6:00 AM",35,15,20,6,2,4,9,7,2,4,3,1,12,6,6,,,,7,0,7,,,
"Jan 3, 2024 7:00 AM",61,39,22,23,14,9,20,9,11,12,7,5,27,16,11,,,,19,10,9,,,
"Jan 3, 2024 8:00 AM",110,51,59,31,16,15,27,14,13,22,7,15,56,32,24,,,,22,9,13,,,
"Jan 3, 2024 9:00 AM",120,58,62,30,10,20,15,6,9,28,16,12,54,29,25,,,,37,21,16,,,
"Jan 3, 2024 10:00 AM",232,120,112,28,16,12,27,18,9,28,14,14,67,44,23,,,,31,10,21,,,
"Jan 3, 2024 11:00 AM",242,136,106,61,41,20,33,17,16,33,24,9,70,40,30,,,,46,16,30,,,
"Jan 3, 2024 12:00 PM",322,165,157,45,24,21,51,30,21,39,21,18,90,57,33,,,,71,35,36,,,
"Jan 3, 2024 1:00 PM",432,215,217,73,42,31,53,24,29,49,17,32,131,69,62,,,,56,28,28,,,
"Jan 3, 2024 2:00 PM",427,216,211,44,15,29,46,18,28,29,14,15,97,53,44,,,,84,40,44,,,
"Jan 3, 2024 3:00 PM",382,196,186,44,20,24,36,17,19,42,22,20,87,37,50,,,,57,27,30,,,
"Jan 3, 2024 4:00 PM",294,134,160,40,27,13,37,13,24,33,14,19,93,49,44,,,,62,31,31,,,
"Jan 3, 2024 5:00 PM",180,92,88,53,34,19,43,26,17,21,7,14,60,28,32,,,,59,27,32,,,
"Jan 3, 2024 6:00 PM",190,96,94,40,22,18,61,35,26,24,13,11,71,43,28,,,,46,21,25,,,
"Jan 3, 2024 7:00 PM",139,79,60,26,10,16,29,17,12,10,3,7,35,20,15,,,,20,11,9,,,
"Jan 3, 2024 8:00 PM",112,59,53,26,19,7,19,8,11,8,4,4,53,28,25,,,,16,3,13,,,
"Jan 3, 2024 9:00 PM",56,22,34,10,5,5,12,6,6,8,5,3,54,31,23,,,,19,12,7,,,
"Jan 3, 2024 10:00 PM",18,6,12,7,4,3,9,2,7,2,2,0,37,28,9,,,,22,10,12,,,
"Jan 3, 2024 11:00 PM",6,4,2,6,2,4,9,3,6,2,1,1,29,21,8,,,,3,2,1,,,
"Jan 4, 2024 12:00 AM",1,0,1,0,0,0,0,0,0,3,3,0,15,14,1,,,,4,4,0,,,
"Jan 4, 2024 1:00 AM",0,0,0,2,2,0,1,0,1,0,0,0,2,2,0,,,,11,7,4,,,
"Jan 4, 2024 2:00 AM",0,0,0,0,0,0,1,0,1,0,0,0,0,0,0,,,,0,0,0,,,
"Jan 4, 2024 3:00 AM",0,0,0,1,0,1,0,0,0,0,0,0,1,1,0,,,,0,0,0,,,
"Jan 4, 2024 4:00 AM",0,0,0,0,0,0,0,0,0,0,0,0,0,0,0,,,,1,1,0,,,
"Jan 4, 2024 5:00 AM",5,3,2,1,0,1,4,2,2,2,2,0,3,1,2,,,,1,0,1,,,
"Jan 4, 2024 6:00 AM",28,10,18,6,2,4,8,7,1,4,3,1,20,11,9,,,,9,2,7,,,
"Jan 4, 2024 7:00 AM",72,38,34,20,7,13,16,8,8,10,9,1,26,12,14,,,,20,11,9,,,
"Jan 4, 2024 8:00 AM",119,52,67,31,18,13,24,8,16,20,9,11,86,45,41,,,,26,11,15,,,
"Jan 4, 2024 9:00 AM",127,62,65,34,19,15,23,17,6,24,12,12,51,28,23,,,,22,11,11,,,
"Jan 4, 2024 10:00 AM",263,128,135,47,21,26,8,5,3,33,19,14,73,47,26,,,,24,15,9,,,
"Jan 4, 2024 11:00 AM",383,190,193,49,24,25,36,21,15,30,19,11,102,56,46,,,,23,12,11,,,
"Jan 4, 2024 12:00 PM",477,222,255,58,29,29,56,24,32,31,20,11,132,86,46,,,,45,23,22,,,
"Jan 4, 2024 1:00 PM",549,278,271,68,19,49,56,39,17,53,28,25,147,78,69,,,,43,19,24,,,
"Jan 4, 2024 2:00 PM",501,221,280,81,45,36,63,33,30,23,10,13,102,50,52,,,,61,26,35,,,
"Jan 4, 2024 3:00 PM",480,263,217,40,18,22,40,25,15,44,22,22,136,74,62,,,,61,24,37,,,
"Jan 4, 2024 4:00 PM",403,185,218,50,26,24,28,14,14,33,15,18,118,54,64,,,,54,23,31,,,
"Jan 4, 2024 5:00 PM",175,90,85,51,25,26,59,32,27,21,11,10,83,50,33,,,,42,18,24,,,
"Jan 4, 2024 6:00 PM",143,83,60,55,27,28,55,32,23,20,10,10,92,51,41,,,,42,28,14,,,
"Jan 4, 2024 7:00 PM",152,83,69,46,20,26,25,9,16,18,7,11,69,36,33,,,,30,12,18,,,
"Jan 4, 2024 8:00 PM",128,62,66,20,9,11,29,16,13,14,3,11,15,8,7,,,,26,14,12,,,
"Jan 4, 2024 9:00 PM",76,34,42,13,7,6,16,4,12,7,5,2,16,7,9,,,,23,13,10,,,
"Jan 4, 2024 10:00 PM",22,15,7,6,5,1,3,2,1,1,1,0,6,2,4,,,,11,5,6,,,
"Jan 4, 2024 11:00 PM",8,5,3,9,2,7,7,3,4,0,0,0,7,6,1,,,,10,4,6,,,
"Jan 5, 2024 12:00 AM",2,1,1,1,1,0,1,0,1,2,2,0,0,0,0,,,,4,4,0,,,
"Jan 5, 2024 1:00 AM",4,2,2,2,0,2,0,0,0,1,0,1,4,2,2,,,,1,1,0,,,
"Jan 5, 2024 2:00 AM",2,2,0,0,0,0,0,0,0,0,0,0,0,0,0,,,,0,0,0,,,
"Jan 5, 2024 3:00 AM",0,0,0,0,0,0,0,0,0,0,0,0,0,0,0,,,,0,0,0,,,
"Jan 5, 2024 4:00 AM",0,0,0,0,0,0,0,0,0,0,0,0,42,38,4,,,,2,2,0,,,
"Jan 5, 2024 5:00 AM",5,4,1,1,1,0,2,2,0,3,2,1,2,2,0,,,,0,0,0,,,
"Jan 5, 2024 6:00 AM",23,14,9,13,8,5,10,6,4,6,5,1,8,4,4,,,,6,2,4,,,
"Jan 5, 2024 7:00 AM",64,30,34,19,11,8,12,7,5,11,8,3,30,17,13,,,,19,7,12,,,
"Jan 5, 2024 8:00 AM",99,49,50,36,16,20,16,10,6,24,12,12,52,28,24,,,,31,17,14,,,
"Jan 5, 2024 9:00 AM",145,58,87,24,17,7,28,24,4,18,12,6,61,30,31,,,,30,10,20,,,
"Jan 5, 2024 10:00 AM",202,120,82,38,14,24,25,14,11,36,24,12,63,34,29,,,,19,7,12,,,
"Jan 5, 2024 11:00 AM",338,183,155,48,28,20,19,14,5,23,16,7,83,54,29,,,,31,13,18,,,
"Jan 5, 2024 12:00 PM",398,185,213,52,31,21,48,26,22,35,16,19,145,87,58,,,,45,23,22,,,
"Jan 5, 2024 1:00 PM",473,243,230,48,31,17,35,19,16,40,12,28,143,72,71,,,,61,28,33,,,
"Jan 5, 2024 2:00 PM",441,203,238,63,31,32,36,20,16,32,9,23,84,54,30,,,,41,24,17,,,
"Jan 5, 2024 3:00 PM",385,174,211,62,29,33,46,26,20,54,24,30,115,59,56,,,,59,26,33,,,
"Jan 5, 2024 4:00 PM",301,149,152,56,31,25,55,25,30,51,21,30,108,61,47,,,,60,27,33,,,
"Jan 5, 2024 5:00 PM",180,86,94,52,30,22,48,26,22,31,12,19,58,28,30,,,,38,15,23,,,
"Jan 5, 2024 6:00 PM",113,57,56,39,21,18,35,21,14,12,5,7,81,48,33,,,,35,15,20,,,
"Jan 5, 2024 7:00 PM",120,60,60,30,15,15,30,19,11,10,9,1,22,13,9,,,,30,13,17,,,
"Jan 5, 2024 8:00 PM",102,56,46,25,11,14,15,7,8,11,6,5,28,20,8,,,,27,12,15,,,
"Jan 5, 2024 9:00 PM",29,16,13,19,10,9,10,4,6,6,4,2,6,3,3,,,,22,6,16,,,
"Jan 5, 2024 10:00 PM",26,18,8,3,0,3,7,3,4,4,3,1,7,2,5,,,,19,10,9,,,
"Jan 5, 2024 11:00 PM",6,1,5,3,0,3,7,2,5,1,0,1,8,4,4,,,,10,8,2,,,
"Jan 6, 2024 12:00 AM",0,0,0,1,0,1,1,0,1,3,0,3,7,4,3,,,,6,4,2,,,
"Jan 6, 2024 1:00 AM",2,1,1,2,1,1,3,2,1,1,0,1,2,2,0,,,,6,5,1,,,
"Jan 6, 2024 2:00 AM",0,0,0,1,1,0,0,0,0,0,0,0,1,1,0,,,,1,1,0,,,
"Jan 6, 2024 3:00 AM",0,0,0,0,0,0,0,0,0,2,0,2,2,1,1,,,,2,0,2,,,
"Jan 6, 2024 4:00 AM",0,0,0,1,1,0,0,0,0,1,1,0,0,0,0,,,,0,0,0,,,
"Jan 6, 2024 5:00 AM",0,0,0,0,0,0,0,0,0,1,1,0,1,1,0,,,,2,1,1,,,
"Jan 6, 2024 6:00 AM",7,2,5,4,2,2,1,1,0,2,0,2,8,4,4,,,,2,2,0,,,
"Jan 6, 2024 7:00 AM",87,52,35,14,8,6,9,6,3,4,3,1,19,11,8,,,,6,3,3,,,
"Jan 6, 2024 8:00 AM",172,94,78,46,31,15,16,11,5,11,3,8,50,33,17,,,,15,9,6,,,
"Jan 6, 2024 9:00 AM",291,140,151,33,20,13,39,23,16,29,18,11,65,38,27,,,,24,12,12,,,
"Jan 6, 2024 10:00 AM",322,166,156,80,48,32,59,23,36,26,15,11,138,89,49,,,,36,20,16,,,
"Jan 6, 2024 11:00 AM",530,274,256,115,67,48,78,47,31,45,25,20,173,104,69,,,,41,18,23,,,
"Jan 6, 2024 12:00 PM",659,320,339,92,53,39,68,41,27,51,21,30,160,87,73,,,,44,23,21,,,
"Jan 6, 2024 1:00 PM",684,341,343,101,48,53,76,40,36,46,24,22,160,100,60,,,,56,31,25,,,
"Jan 6, 2024 2:00 PM",749,357,392,94,66,28,89,57,32,48,24,24,165,92,73,,,,50,26,24,,,
"Jan 6, 2024 3:00 PM",776,382,394,95,52,43,82,50,32,62,26,36,195,106,89,,,,41,16,25,,,
"Jan 6, 2024 4:00 PM",582,265,317,86,53,33,61,30,31,37,18,19,154,65,89,,,,43,23,20,,,
"Jan 6, 2024 5:00 PM",295,138,157,46,18,28,39,18,21,21,10,11,56,24,32,,,,31,14,17,,,
"Jan 6, 2024 6:00 PM",122,71,51,21,11,10,32,15,17,13,8,5,38,27,11,,,,37,21,16,,,
"Jan 6, 2024 7:00 PM",63,30,33,21,4,17,33,15,18,9,5,4,25,12,13,,,,27,9,18,,,
"Jan 6, 2024 8:00 PM",70,46,24,8,5,3,13,10,3,4,3,1,21,10,11,,,,30,14,16,,,
"Jan 6, 2024 9:00 PM",41,20,21,15,9,6,14,3,11,6,2,4,24,12,12,,,,13,5,8,,,
"Jan 6, 2024 10:00 PM",15,8,7,5,2,3,6,3,3,0,0,0,13,4,9,,,,11,5,6,,,
"Jan 6, 2024 11:00 PM",15,12,3,3,2,1,2,1,1,3,1,2,11,7,4,,,,7,3,4,,,
"Jan 7, 2024 12:00 AM",0,0,0,1,0,1,1,1,0,5,1,4,3,2,1,,,,1,1,0,,,
"Jan 7, 2024 1:00 AM",6,4,2,0,0,0,1,0,1,1,1,0,6,4,2,,,,8,6,2,,,
"Jan 7, 2024 2:00 AM",2,0,2,0,0,0,0,0,0,2,0,2,4,4,0,,,,4,3,1,,,
"Jan 7, 2024 3:00 AM",0,0,0,0,0,0,0,0,0,0,0,0,2,1,1,,,,6,2,4,,,
"Jan 7, 2024 4:00 AM",1,1,0,0,0,0,1,1,0,0,0,0,1,0,1,,,,5,2,3,,,
"Jan 7, 2024 5:00 AM",2,1,1,0,0,0,1,0,1,0,0,0,1,1,0,,,,0,0,0,,,
"Jan 7, 2024 6:00 AM",5,2,3,5,2,3,4,2,2,2,1,1,1,0,1,,,,0,0,0,,,
"Jan 7, 2024 7:00 AM",39,20,19,8,6,2,8,4,4,5,3,2,7,6,1,,,,5,2,3,,,
"Jan 7, 2024 8:00 AM",72,36,36,13,9,4,7,2,5,13,4,9,22,12,10,,,,15,9,6,,,
"Jan 7, 2024 9:00 AM",195,110,85,44,33,11,31,17,14,20,14,6,110,48,62,,,,19,10,9,,,
"Jan 7, 2024 10:00 AM",438,225,213,79,47,32,64,36,28,33,23,10,120,71,49,,,,30,14,16,,,
"Jan 7, 2024 11:00 AM",668,320,348,125,72,53,71,39,32,66,26,40,183,103,80,,,,44,24,20,,,
"Jan 7, 2024 12:00 PM",862,401,461,132,69,63,109,72,37,60,37,23,171,92,79,,,,60,25,35,,,
"Jan 7, 2024 1:00 PM",969,445,524,104,48,56,90,46,44,60,30,30,167,89,78,,,,68,36,32,,,
"Jan 7, 2024 2:00 PM",944,477,467,114,50,64,111,60,51,65,31,34,173,120,53,,,,49,24,25,,,
"Jan 7, 2024 3:00 PM",913,426,487,107,55,52,116,65,51,58,23,35,202,118,84,,,,55,33,22,,,
"Jan 7, 2024 4:00 PM",553,237,316,66,32,34,76,38,38,39,23,16,124,62,62,,,,48,26,22,,,
"Jan 7, 2024 5:00 PM",168,91,77,41,19,22,38,25,13,16,10,6,100,51,49,,,,38,21,17,,,
"Jan 7, 2024 6:00 PM",70,34,36,24,8,16,24,12,12,6,4,2,78,36,42,,,,29,12,17,,,
"Jan 7, 2024 7:00 PM",73,42,31,20,7,13,26,6,20,7,4,3,103,61,42,,,,24,12,12,,,
"Jan 7, 2024 8:00 PM",48,27,21,5,2,3,9,3,6,7,1,6,47,22,25,,,,12,5,7,,,
"Jan 7, 2024 9:00 PM",22,13,9,8,3,5,4,0,4,4,3,1,41,32,9,,,,20,12,8,,,
"Jan 7, 2024 10:00 PM",14,8,6,1,1,0,2,1,1,2,1,1,5,2,3,,,,11,8,3,,,
"Jan 7, 2024 11:00 PM",12,5,7,7,1,6,3,0,3,0,0,0,1,1,0,,,,0,0,0,,,
"Jan 8, 2024 12:00 AM",1,1,0,1,1,0,4,1,3,1,0,1,1,1,0,,,,6,5,1,,,
"Jan 8, 2024 1:00 AM",1,1,0,0,0,0,0,0,0,0,0,0,0,0,0,,,,0,0,0,,,
"Jan 8, 2024 2:00 AM",1,1,0,1,0,1,1,0,1,0,0,0,1,1,0,,,,0,0,0,,,
"Jan 8, 2024 3:00 AM",2,0,2,0,0,0,0,0,0,0,0,0,0,0,0,,,,0,0,0,,,
"Jan 8, 2024 4:00 AM",0,0,0,1,1,0,0,0,0,0,0,0,0,0,0,,,,3,3,0,,,
"Jan 8, 2024 5:00 AM",3,1,2,0,0,0,2,1,1,0,0,0,1,1,0,,,,0,0,0,,,
"Jan 8, 2024 6:00 AM",39,21,18,8,6,2,26,16,10,5,4,1,7,4,3,,,,5,2,3,,,
"Jan 8, 2024 7:00 AM",74,36,38,16,3,13,10,4,6,14,4,10,30,14,16,,,,32,13,19,,,
"Jan 8, 2024 8:00 AM",118,48,70,36,13,23,20,11,9,34,12,22,90,48,42,,,,111,80,31,,,
"Jan 8, 2024 9:00 AM",124,54,70,31,18,13,29,14,15,17,13,4,111,56,55,,,,36,13,23,,,
"Jan 8, 2024 10:00 AM",115,59,56,34,17,17,25,11,14,17,11,6,101,51,50,,,,29,16,13,,,
"Jan 8, 2024 11:00 AM",128,51,77,34,16,18,12,6,6,27,15,12,78,43,35,,,,39,18,21,,,
"Jan 8, 2024 12:00 PM",153,73,80,47,23,24,17,7,10,45,16,29,69,41,28,,,,38,20,18,,,
"Jan 8, 2024 1:00 PM",208,94,114,40,24,16,45,22,23,56,25,31,111,67,44,,,,62,22,40,,,
"Jan 8, 2024 2:00 PM",167,90,77,38,22,16,28,12,16,23,6,17,83,49,34,,,,52,23,29,,,
"Jan 8, 2024 3:00 PM",155,83,72,40,20,20,33,14,19,29,11,18,89,47,42,,,,80,20,60,,,
"Jan 8, 2024 4:00 PM",147,67,80,41,14,27,27,11,16,40,19,21,121,55,66,,,,62,28,34,,,
"Jan 8, 2024 5:00 PM",102,46,56,35,24,11,38,22,16,30,14,16,123,62,61,,,,69,26,43,,,
"Jan 8, 2024 6:00 PM",113,56,57,38,17,21,48,23,25,12,6,6,72,38,34,,,,45,18,27,,,
"Jan 8, 2024 7:00 PM",99,51,48,35,16,19,27,14,13,24,15,9,43,20,23,,,,36,19,17,,,
"Jan 8, 2024 8:00 PM",89,46,43,32,21,11,14,7,7,17,6,11,40,19,21,,,,18,8,10,,,
"Jan 8, 2024 9:00 PM",41,22,19,7,3,4,8,3,5,15,9,6,62,44,18,,,,19,10,9,,,
"Jan 8, 2024 10:00 PM",16,10,6,4,1,3,2,0,2,0,0,0,260,190,70,,,,12,8,4,,,
"Jan 8, 2024 11:00 PM",0,0,0,3,0,3,1,0,1,1,1,0,72,53,19,,,,3,3,0,,,
"Jan 9, 2024 12:00 AM",0,0,0,0,0,0,2,0,2,3,2,1,2,1,1,,,,5,3,2,,,
"Jan 9, 2024 1:00 AM",0,0,0,1,1,0,0,0,0,0,0,0,0,0,0,,,,3,2,1,,,
"Jan 9, 2024 2:00 AM",0,0,0,0,0,0,0,0,0,0,0,0,1,1,0,,,,0,0,0,,,
"Jan 9, 2024 3:00 AM",0,0,0,0,0,0,0,0,0,0,0,0,0,0,0,,,,1,1,0,,,
"Jan 9, 2024 4:00 AM",0,0,0,0,0,0,0,0,0,0,0,0,6,3,3,,,,5,5,0,,,
"Jan 9, 2024 5:00 AM",10,4,6,1,0,1,1,1,0,0,0,0,1,1,0,,,,1,0,1,,,
"Jan 9, 2024 6:00 AM",32,12,20,8,4,4,7,6,1,8,6,2,29,18,11,,,,10,3,7,,,
"Jan 9, 2024 7:00 AM",62,33,29,24,7,17,17,12,5,21,7,14,64,38,26,,,,32,16,16,,,
"Jan 9, 2024 8:00 AM",106,53,53,41,16,25,25,12,13,42,12,30,132,61,71,,,,108,81,27,,,
"Jan 9, 2024 9:00 AM",127,57,70,24,15,9,25,13,12,42,24,18,68,35,33,,,,37,9,28,,,
"Jan 9, 2024 10:00 AM",158,83,75,35,16,19,25,13,12,24,17,7,83,47,36,,,,43,17,26,,,
"Jan 9, 2024 11:00 AM",158,75,83,31,13,18,33,20,13,32,20,12,37,20,17,,,,35,14,21,,,
"Jan 9, 2024 12:00 PM",199,87,112,46,24,22,22,11,11,32,12,20,115,60,55,,,,50,31,19,,,
"Jan 9, 2024 1:00 PM",222,112,110,29,12,17,36,16,20,47,25,22,139,78,61,,,,68,29,39,,,
"Jan 9, 2024 2:00 PM",169,81,88,28,14,14,19,12,7,39,14,25,149,70,79,,,,50,22,28,,,
"Jan 9, 2024 3:00 PM",174,87,87,26,12,14,13,4,9,44,18,26,86,31,55,,,,95,29,66,,,
"Jan 9, 2024 4:00 PM",124,63,61,35,22,13,23,20,3,34,20,14,182,88,94,,,,71,32,39,,,
"Jan 9, 2024 5:00 PM",80,38,42,34,25,9,37,24,13,28,14,14,163,89,74,,,,79,32,47,,,
"Jan 9, 2024 6:00 PM",94,46,48,45,23,22,44,22,22,20,11,9,84,52,32,,,,39,26,13,,,
"Jan 9, 2024 7:00 PM",103,55,48,56,30,26,56,26,30,20,7,13,61,39,22,,,,35,19,16,,,
"Jan 9, 2024 8:00 PM",70,38,32,31,11,20,18,10,8,9,4,5,47,24,23,,,,42,19,23,,,
"Jan 9, 2024 9:00 PM",37,25,12,18,6,12,16,6,10,15,5,10,40,15,25,,,,15,6,9,,,
"Jan 9, 2024 10:00 PM",5,3,2,3,2,1,7,1,6,1,1,0,16,9,7,,,,10,8,2,,,
"Jan 9, 2024 11:00 PM",8,4,4,2,0,2,2,0,2,0,0,0,24,14,10,,,,1,1,0,,,
"Jan 10, 2024 12:00 AM",0,0,0,0,0,0,0,0,0,0,0,0,14,8,6,,,,5,4,1,,,
"Jan 10, 2024 1:00 AM",0,0,0,0,0,0,0,0,0,0,0,0,5,1,4,,,,0,0,0,,,
"Jan 10, 2024 2:00 AM",0,0,0,0,0,0,0,0,0,0,0,0,0,0,0,,,,0,0,0,,,
"Jan 10, 2024 3:00 AM",0,0,0,0,0,0,0,0,0,0,0,0,1,0,1,,,,0,0,0,,,
"Jan 10, 2024 4:00 AM",0,0,0,0,0,0,0,0,0,0,0,0,10,0,10,,,,2,2,0,,,
"Jan 10, 2024 5:00 AM",5,2,3,0,0,0,1,1,0,0,0,0,2,0,2,,,,1,1,0,,,
"Jan 10, 2024 6:00 AM",38,21,17,8,4,4,11,8,3,7,6,1,18,13,5,,,,8,2,6,,,
"Jan 10, 2024 7:00 AM",60,32,28,19,9,10,20,10,10,9,5,4,94,55,39,,,,37,16,21,,,
"Jan 10, 2024 8:00 AM",98,54,44,31,12,19,22,13,9,45,14,31,205,115,90,,,,98,72,26,,,
"Jan 10, 2024 9:00 AM",121,55,66,29,15,14,20,9,11,31,18,13,104,49,55,,,,51,20,31,,,
"Jan 10, 2024 10:00 AM",141,71,70,34,23,11,18,11,7,17,11,6,88,48,40,,,,33,19,14,,,
"Jan 10, 2024 11:00 AM",142,60,82,24,12,12,10,9,1,25,15,10,58,33,25,,,,37,20,17,,,
"Jan 10, 2024 12:00 PM",186,95,91,42,24,18,27,15,12,49,22,27,74,47,27,,,,55,24,31,,,
"Jan 10, 2024 1:00 PM",185,91,94,35,14,21,25,13,12,39,20,19,119,63,56,,,,68,30,38,,,
"Jan 10, 2024 2:00 PM",126,58,68,24,13,11,18,10,8,36,15,21,80,39,41,,,,88,37,51,,,
"Jan 10, 2024 3:00 PM",129,70,59,19,12,7,24,14,10,28,14,14,78,23,55,,,,116,30,86,,,
"Jan 10, 2024 4:00 PM",131,68,63,34,23,11,29,20,9,23,9,14,106,52,54,,,,82,33,49,,,
"Jan 10, 2024 5:00 PM",90,41,49,37,22,15,22,10,12,25,11,14,104,72,32,,,,68,38,30,,,
"Jan 10, 2024 6:00 PM",102,56,46,43,26,17,42,20,22,20,10,10,106,63,43,,,,46,31,15,,,
"Jan 10, 2024 7:00 PM",99,55,44,44,25,19,27,15,12,10,4,6,59,33,26,,,,42,18,24,,,
"Jan 10, 2024 8:00 PM",71,40,31,27,12,15,28,19,9,4,2,2,32,18,14,,,,26,9,17,,,
"Jan 10, 2024 9:00 PM",43,27,16,11,7,4,23,10,13,4,2,2,18,9,9,,,,17,7,10,,,
"Jan 10, 2024 10:00 PM",17,7,10,7,4,3,4,1,3,1,1,0,12,9,3,,,,8,4,4,,,
"Jan 10, 2024 11:00 PM",3,1,2,1,0,1,1,1,0,2,0,2,4,2,2,,,,3,2,1,,,
"Jan 11, 2024 12:00 AM",0,0,0,0,0,0,0,0,0,5,5,0,1,0,1,,,,3,2,1,,,
"Jan 11, 2024 1:00 AM",1,1,0,2,2,0,1,1,0,0,0,0,1,1,0,,,,2,2,0,,,
"Jan 11, 2024 2:00 AM",0,0,0,0,0,0,0,0,0,0,0,0,0,0,0,,,,0,0,0,,,
"Jan 11, 2024 3:00 AM",0,0,0,0,0,0,0,0,0,0,0,0,0,0,0,,,,1,1,0,,,
"Jan 11, 2024 4:00 AM",0,0,0,0,0,0,0,0,0,0,0,0,6,1,5,,,,2,2,0,,,
"Jan 11, 2024 5:00 AM",12,2,10,1,0,1,2,0,2,0,0,0,3,1,2,,,,1,1,0,,,
"Jan 11, 2024 6:00 AM",38,19,19,6,3,3,16,14,2,8,7,1,26,16,10,,,,10,5,5,,,
"Jan 11, 2024 7:00 AM",62,29,33,22,12,10,18,6,12,15,5,10,40,21,19,,,,33,13,20,,,
"Jan 11, 2024 8:00 AM",102,53,49,31,11,20,39,21,18,29,7,22,152,77,75,,,,101,70,31,,,
"Jan 11, 2024 9:00 AM",143,64,79,29,9,20,24,9,15,28,16,12,63,30,33,,,,55,23,32,,,
"Jan 11, 2024 10:00 AM",151,79,72,23,10,13,21,15,6,28,13,15,72,48,24,,,,29,14,15,,,
"Jan 11, 2024 11:00 AM",176,77,99,22,10,12,29,11,18,27,12,15,67,37,30,,,,38,14,24,,,
"Jan 11, 2024 12:00 PM",193,110,83,41,22,19,26,12,14,30,15,15,92,57,35,,,,41,19,22,,,
"Jan 11, 2024 1:00 PM",232,116,116,50,25,25,35,20,15,38,17,21,113,69,44,,,,54,26,28,,,
"Jan 11, 2024 2:00 PM",173,90,83,18,7,11,24,13,11,27,14,13,115,67,48,,,,71,31,40,,,
"Jan 11, 2024 3:00 PM",177,65,112,49,29,20,24,14,10,27,16,11,111,55,56,,,,73,10,63,,,
"Jan 11, 2024 4:00 PM",167,65,102,33,17,16,34,21,13,22,9,13,93,51,42,,,,79,37,42,,,
"Jan 11, 2024 5:00 PM",140,79,61,42,26,16,37,22,15,24,9,15,135,73,62,,,,59,25,34,,,
"Jan 11, 2024 6:00 PM",123,64,59,37,22,15,40,29,11,31,17,14,141,82,59,,,,48,29,19,,,
"Jan 11, 2024 7:00 PM",141,73,68,45,26,19,35,17,18,25,11,14,90,52,38,,,,66,32,34,,,
"Jan 11, 2024 8:00 PM",99,60,39,42,20,22,27,17,10,12,6,6,39,19,20,,,,30,9,21,,,
"Jan 11, 2024 9:00 PM",66,33,33,21,11,10,11,7,4,9,6,3,20,6,14,,,,21,11,10,,,
"Jan 11, 2024 10:00 PM",21,15,6,8,4,4,4,0,4,3,2,1,33,18,15,,,,16,8,8,,,
"Jan 11, 2024 11:00 PM",8,4,4,6,1,5,4,0,4,4,3,1,2,1,1,,,,7,3,4,,,
"Jan 12, 2024 12:00 AM",0,0,0,0,0,0,0,0,0,0,0,0,10,4,6,,,,3,2,1,,,
"Jan 12, 2024 1:00 AM",0,0,0,2,2,0,0,0,0,0,0,0,1,0,1,,,,1,1,0,,,
"Jan 12, 2024 2:00 AM",0,0,0,0,0,0,2,2,0,0,0,0,27,0,27,,,,0,0,0,,,
"Jan 12, 2024 3:00 AM",0,0,0,0,0,0,0,0,0,0,0,0,0,0,0,,,,0,0,0,,,
"Jan 12, 2024 4:00 AM",0,0,0,0,0,0,0,0,0,0,0,0,0,0,0,,,,2,2,0,,,
"Jan 12, 2024 5:00 AM",4,3,1,3,2,1,1,1,0,1,1,0,6,2,4,,,,1,0,1,,,
"Jan 12, 2024 6:00 AM",50,23,27,11,6,5,18,8,10,6,5,1,16,8,8,,,,5,4,1,,,
"Jan 12, 2024 7:00 AM",81,43,38,18,9,9,11,3,8,17,6,11,54,32,22,,,,34,13,21,,,
"Jan 12, 2024 8:00 AM",121,59,62,48,16,32,27,12,15,38,15,23,92,54,38,,,,89,64,25,,,
"Jan 12, 2024 9:00 AM",161,65,96,34,21,13,27,15,12,36,19,17,95,50,45,,,,48,16,32,,,
"Jan 12, 2024 10:00 AM",181,101,80,41,23,18,29,17,12,21,12,9,51,32,19,,,,37,18,19,,,
"Jan 12, 2024 11:00 AM",186,91,95,31,15,16,21,9,12,27,16,11,78,66,12,,,,46,23,23,,,
"Jan 12, 2024 12:00 PM",199,105,94,50,29,21,27,14,13,23,10,13,84,49,35,,,,60,24,36,,,
"Jan 12, 2024 1:00 PM",237,118,119,52,20,32,43,24,19,55,30,25,94,50,44,,,,112,26,86,,,
"Jan 12, 2024 2:00 PM",170,70,100,31,18,13,39,22,17,39,9,30,123,63,60,,,,70,30,40,,,
"Jan 12, 2024 3:00 PM",176,94,82,34,20,14,36,17,19,31,20,11,84,60,24,,,,54,24,30,,,
"Jan 12, 2024 4:00 PM",176,82,94,32,21,11,22,13,9,27,13,14,192,104,88,,,,58,28,30,,,
"Jan 12, 2024 5:00 PM",122,65,57,41,24,17,40,17,23,24,9,15,101,56,45,,,,53,27,26,,,
"Jan 12, 2024 6:00 PM",94,48,46,23,11,12,30,19,11,20,9,11,86,51,35,,,,44,22,22,,,
"Jan 12, 2024 7:00 PM",88,45,43,22,14,8,18,11,7,10,6,4,45,28,17,,,,28,15,13,,,
"Jan 12, 2024 8:00 PM",79,45,34,16,9,7,22,6,16,4,2,2,40,28,12,,,,35,14,21,,,
"Jan 12, 2024 9:00 PM",47,29,18,10,5,5,13,9,4,9,5,4,20,9,11,,,,11,3,8,,,
"Jan 12, 2024 10:00 PM",20,14,6,9,3,6,11,4,7,2,0,2,52,38,14,,,,9,6,3,,,
"Jan 12, 2024 11:00 PM",13,8,5,2,0,2,1,0,1,4,2,2,19,14,5,,,,12,6,6,,,
"Jan 13, 2024 12:00 AM",0,0,0,0,0,0,3,1,2,1,0,1,31,21,10,,,,6,6,0,,,
"Jan 13, 2024 1:00 AM",1,1,0,1,0,1,0,0,0,2,2,0,1,0,1,,,,11,8,3,,,
"Jan 13, 2024 2:00 AM",0,0,0,0,0,0,0,0,0,0,0,0,2,2,0,,,,2,2,0,,,
"Jan 13, 2024 3:00 AM",0,0,0,0,0,0,0,0,0,1,0,1,0,0,0,,,,1,0,1,,,
"Jan 13, 2024 4:00 AM",0,0,0,0,0,0,0,0,0,0,0,0,2,2,0,,,,2,1,1,,,
"Jan 13, 2024 5:00 AM",1,1,0,0,0,0,0,0,0,0,0,0,2,2,0,,,,0,0,0,,,
"Jan 13, 2024 6:00 AM",9,2,7,1,0,1,1,1,0,3,2,1,48,35,13,,,,1,1,0,,,
"Jan 13, 2024 7:00 AM",45,22,23,11,6,5,11,7,4,6,2,4,15,11,4,,,,10,7,3,,,
"Jan 13, 2024 8:00 AM",120,64,56,35,20,15,31,16,15,13,9,4,75,56,19,,,,23,10,13,,,
"Jan 13, 2024 9:00 AM",197,98,99,45,17,28,50,25,25,25,16,9,124,74,50,,,,32,15,17,,,
"Jan 13, 2024 10:00 AM",260,151,109,63,37,26,70,35,35,49,26,23,128,82,46,,,,38,21,17,,,
"Jan 13, 2024 11:00 AM",389,195,194,100,44,56,46,24,22,37,24,13,195,122,73,,,,37,20,17,,,
"Jan 13, 2024 12:00 PM",374,204,170,98,52,46,64,37,27,48,26,22,140,73,67,,,,51,24,27,,,
"Jan 13, 2024 1:00 PM",237,116,121,69,35,34,38,21,17,28,9,19,105,70,35,,,,61,31,30,,,
"Jan 13, 2024 2:00 PM",342,183,159,56,29,27,66,37,29,37,23,14,83,41,42,,,,42,18,24,,,
"Jan 13, 2024 3:00 PM",336,166,170,59,32,27,44,24,20,48,26,22,171,108,63,,,,55,27,28,,,
"Jan 13, 2024 4:00 PM",295,138,157,75,36,39,41,25,16,33,13,20,115,53,62,,,,54,22,32,,,
"Jan 13, 2024 5:00 PM",122,50,72,22,10,12,22,7,15,22,10,12,61,26,35,,,,48,19,29,,,
"Jan 13, 2024 6:00 PM",80,51,29,18,5,13,13,6,7,12,3,9,25,17,8,,,,44,20,24,,,
"Jan 13, 2024 7:00 PM",66,28,38,26,17,9,18,9,9,6,2,4,23,15,8,,,,21,12,9,,,
"Jan 13, 2024 8:00 PM",50,25,25,11,7,4,19,12,7,13,7,6,56,28,28,,,,21,10,11,,,
"Jan 13, 2024 9:00 PM",45,29,16,9,4,5,17,7,10,11,6,5,24,18,6,,,,14,4,10,,,
"Jan 13, 2024 10:00 PM",18,8,10,5,3,2,9,2,7,3,0,3,15,13,2,,,,12,5,7,,,
"Jan 13, 2024 11:00 PM",18,9,9,5,4,1,6,3,3,2,2,0,7,5,2,,,,18,10,8,,,
"Jan 14, 2024 12:00 AM",2,2,0,4,4,0,4,1,3,2,2,0,17,15,2,,,,3,2,1,,,
"Jan 14, 2024 1:00 AM",2,1,1,3,0,3,0,0,0,1,0,1,3,3,0,,,,7,6,1,,,
"Jan 14, 2024 2:00 AM",0,0,0,0,0,0,0,0,0,0,0,0,4,1,3,,,,1,0,1,,,
"Jan 14, 2024 3:00 AM",0,0,0,0,0,0,0,0,0,2,0,2,4,0,4,,,,2,1,1,,,
"Jan 14, 2024 4:00 AM",1,1,0,0,0,0,0,0,0,0,0,0,1,0,1,,,,0,0,0,,,
"Jan 14, 2024 5:00 AM",1,1,0,0,0,0,0,0,0,0,0,0,0,0,0,,,,2,1,1,,,
"Jan 14, 2024 6:00 AM",8,5,3,0,0,0,1,0,1,1,1,0,2,0,2,,,,3,2,1,,,
"Jan 14, 2024 7:00 AM",21,9,12,6,3,3,6,3,3,2,1,1,9,8,1,,,,2,1,1,,,
"Jan 14, 2024 8:00 AM",96,41,55,31,22,9,19,12,7,11,6,5,37,24,13,,,,16,13,3,,,
"Jan 14, 2024 9:00 AM",246,134,112,51,19,32,19,,19,22,15,7,110,62,48,,,,30,15,15,,,
"Jan 14, 2024 10:00 AM",389,185,204,97,64,33,75,43,32,38,21,17,183,108,75,,,,37,14,23,,,
"Jan 14, 2024 11:00 AM",626,323,303,93,46,47,71,33,38,49,28,21,219,117,102,,,,47,23,24,,,
"Jan 14, 2024 12:00 PM",929,455,474,116,53,63,96,49,47,63,39,24,210,101,109,,,,53,22,31,,,
"Jan 14, 2024 1:00 PM",957,455,502,137,78,59,88,54,34,70,41,29,238,112,126,,,,60,32,28,,,
"Jan 14, 2024 2:00 PM",903,437,466,102,45,57,86,56,30,77,38,39,171,91,80,,,,88,33,55,,,
"Jan 14, 2024 3:00 PM",713,329,384,111,50,61,101,54,47,64,27,37,172,105,67,,,,27,12,15,,,
"Jan 14, 2024 4:00 PM",492,247,245,70,28,42,51,22,29,54,26,28,118,49,69,,,,47,29,18,,,
"Jan 14, 2024 5:00 PM",198,103,95,56,24,32,34,16,18,27,17,10,55,29,26,,,,46,19,27,,,
"Jan 14, 2024 6:00 PM",131,75,56,13,5,8,20,8,12,12,4,8,43,27,16,,,,39,21,18,,,
"Jan 14, 2024 7:00 PM",88,46,42,15,11,4,15,9,6,8,6,2,29,22,7,,,,34,14,20,,,
"Jan 14, 2024 8:00 PM",53,32,21,10,5,5,12,9,3,5,1,4,26,14,12,,,,20,9,11,,,
"Jan 14, 2024 9:00 PM",40,20,20,11,5,6,3,1,2,6,4,2,29,17,12,,,,16,6,10,,,
"Jan 14, 2024 10:00 PM",11,6,5,8,5,3,9,3,6,0,0,0,17,15,2,,,,15,8,7,,,
"Jan 14, 2024 11:00 PM",4,2,2,2,0,2,2,1,1,3,2,1,2,2,0,,,,6,4,2,,,
"Jan 15, 2024 12:00 AM",0,0,0,0,0,0,0,0,0,0,0,0,1,0,1,,,,6,4,2,,,
"Jan 15, 2024 1:00 AM",0,0,0,0,0,0,0,0,0,0,0,0,3,0,3,,,,0,0,0,,,
"Jan 15, 2024 2:00 AM",0,0,0,0,0,0,0,0,0,0,0,0,0,0,0,,,,1,0,1,,,
"Jan 15, 2024 3:00 AM",0,0,0,1,0,1,0,0,0,0,0,0,3,0,3,,,,0,0,0,,,
"Jan 15, 2024 4:00 AM",2,1,1,0,0,0,0,0,0,1,1,0,0,0,0,,,,2,2,0,,,
"Jan 15, 2024 5:00 AM",7,4,3,3,2,1,2,1,1,0,0,0,87,86,1,,,,2,0,2,,,
"Jan 15, 2024 6:00 AM",30,14,16,13,6,7,12,6,6,10,7,3,14,9,5,,,,13,9,4,,,
"Jan 15, 2024 7:00 AM",68,38,30,19,14,5,9,4,5,15,2,13,40,24,16,,,,31,11,20,,,
"Jan 15, 2024 8:00 AM",107,55,52,28,13,15,25,17,8,34,12,22,101,49,52,,,,100,69,31,,,
"Jan 15, 2024 9:00 AM",146,75,71,35,15,20,16,8,8,32,22,10,103,47,56,,,,48,22,26,,,
"Jan 15, 2024 10:00 AM",170,83,87,41,21,20,16,10,6,18,10,8,83,53,30,,,,29,12,17,,,
"Jan 15, 2024 11:00 AM",230,100,130,17,10,7,25,10,15,25,12,13,71,43,28,,,,40,18,22,,,
"Jan 15, 2024 12:00 PM",261,124,137,52,25,27,27,13,14,36,20,16,102,52,50,,,,34,22,12,,,
"Jan 15, 2024 1:00 PM",299,143,156,60,25,35,41,24,17,37,20,17,213,104,109,,,,67,32,35,,,
"Jan 15, 2024 2:00 PM",245,113,132,35,15,20,37,19,18,34,12,22,276,131,145,,,,56,18,38,,,
"Jan 15, 2024 3:00 PM",215,97,118,43,21,22,33,22,11,29,11,18,79,38,41,,,,107,25,82,,,
"Jan 15, 2024 4:00 PM",168,79,89,42,28,14,39,18,21,33,15,18,86,48,38,,,,73,36,37,,,
"Jan 15, 2024 5:00 PM",141,64,77,48,26,22,51,32,19,26,14,12,85,40,45,,,,64,37,27,,,
"Jan 15, 2024 6:00 PM",105,59,46,71,43,28,41,26,15,22,13,9,85,51,34,,,,57,27,30,,,
"Jan 15, 2024 7:00 PM",112,45,67,47,30,17,40,25,15,15,5,10,40,23,17,,,,42,25,17,,,
"Jan 15, 2024 8:00 PM",104,58,46,38,10,28,25,15,10,10,2,8,227,204,23,,,,26,10,16,,,
"Jan 15, 2024 9:00 PM",37,22,15,16,9,7,9,6,3,16,7,9,46,31,15,,,,9,4,5,,,
"Jan 15, 2024 10:00 PM",27,15,12,6,4,2,3,0,3,2,1,1,62,25,37,,,,13,11,2,,,
"Jan 15, 2024 11:00 PM",5,4,1,3,0,3,1,0,1,1,1,0,12,8,4,,,,8,6,2,,,
"Jan 16, 2024 12:00 AM",0,0,0,0,0,0,0,0,0,0,0,0,30,24,6,,,,2,2,0,,,
"Jan 16, 2024 1:00 AM",0,0,0,0,0,0,0,0,0,0,0,0,1,0,1,,,,3,3,0,,,
"Jan 16, 2024 2:00 AM",1,0,1,0,0,0,0,0,0,0,0,0,3,3,0,,,,0,0,0,,,
"Jan 16, 2024 3:00 AM",0,0,0,0,0,0,0,0,0,0,0,0,0,0,0,,,,0,0,0,,,
"Jan 16, 2024 4:00 AM",0,0,0,1,0,1,0,0,0,0,0,0,0,0,0,,,,2,2,0,,,
"Jan 16, 2024 5:00 AM",11,3,8,1,0,1,2,1,1,0,0,0,0,0,0,,,,1,0,1,,,
"Jan 16, 2024 6:00 AM",31,17,14,13,4,9,16,8,8,8,4,4,19,11,8,,,,13,7,6,,,
"Jan 16, 2024 7:00 AM",71,36,35,17,4,13,12,5,7,15,7,8,41,25,16,,,,26,7,19,,,
"Jan 16, 2024 8:00 AM",111,60,51,37,14,23,22,14,8,33,15,18,111,48,63,,,,105,74,31,,,
"Jan 16, 2024 9:00 AM",133,56,77,27,11,16,27,11,16,27,17,10,76,43,33,,,,46,19,27,,,
"Jan 16, 2024 10:00 AM",156,78,78,34,19,15,33,24,9,21,9,12,43,22,21,,,,59,26,33,,,
"Jan 16, 2024 11:00 AM",190,110,80,32,14,18,22,11,11,28,9,19,52,29,23,,,,39,15,24,,,
"Jan 16, 2024 12:00 PM",218,102,116,47,20,27,30,13,17,20,11,9,69,39,30,,,,57,38,19,,,
"Jan 16, 2024 1:00 PM",248,120,128,38,23,15,34,17,17,31,17,14,179,92,87,,,,66,33,33,,,
"Jan 16, 2024 2:00 PM",171,83,88,29,17,12,23,14,9,27,13,14,127,72,55,,,,85,32,53,,,
"Jan 16, 2024 3:00 PM",188,92,96,43,24,19,42,22,20,27,12,15,92,49,43,,,,110,32,78,,,
"Jan 16, 2024 4:00 PM",142,65,77,42,25,17,38,18,20,43,25,18,104,53,51,,,,58,23,35,,,
"Jan 16, 2024 5:00 PM",121,53,68,44,20,24,43,28,15,19,7,12,97,60,37,,,,56,30,26,,,
"Jan 16, 2024 6:00 PM",108,57,51,45,30,15,41,23,18,21,6,15,89,54,35,,,,55,28,27,,,
"Jan 16, 2024 7:00 PM",105,56,49,45,20,25,46,23,23,14,7,7,76,45,31,,,,49,24,25,,,
"Jan 16, 2024 8:00 PM",78,48,30,33,20,13,23,13,10,9,6,3,49,26,23,,,,31,14,17,,,
"Jan 16, 2024 9:00 PM",43,29,14,13,5,8,18,10,8,5,3,2,83,69,14,,,,12,5,7,,,
"Jan 16, 2024 10:00 PM",14,8,6,6,3,3,8,5,3,2,2,0,124,62,62,,,,6,4,2,,,
"Jan 16, 2024 11:00 PM",3,2,1,4,1,3,1,0,1,1,0,1,15,13,2,,,,5,2,3,,,
"Jan 17, 2024 12:00 AM",0,0,0,0,0,0,3,1,2,2,0,2,16,15,1,,,,3,3,0,,,
"Jan 17, 2024 1:00 AM",3,0,3,0,0,0,0,0,0,0,0,0,0,0,0,,,,0,0,0,,,
"Jan 17, 2024 2:00 AM",1,1,0,0,0,0,0,0,0,0,0,0,0,0,0,,,,0,0,0,,,
"Jan 17, 2024 3:00 AM",0,0,0,0,0,0,0,0,0,0,0,0,0,0,0,,,,1,1,0,,,
"Jan 17, 2024 4:00 AM",0,0,0,0,0,0,0,0,0,1,1,0,3,0,3,,,,2,2,0,,,
"Jan 17, 2024 5:00 AM",6,4,2,3,1,2,2,2,0,0,0,0,2,0,2,,,,3,1,2,,,
"Jan 17, 2024 6:00 AM",40,17,23,14,5,9,17,10,7,6,4,2,19,7,12,,,,8,4,4,,,
"Jan 17, 2024 7:00 AM",68,38,30,28,14,14,18,7,11,19,8,11,94,39,55,,,,34,13,21,,,
"Jan 17, 2024 8:00 AM",104,53,51,39,13,26,28,14,14,37,20,17,167,79,88,,,,108,69,39,,,
"Jan 17, 2024 9:00 AM",129,63,66,26,12,14,18,11,7,34,17,17,96,48,48,,,,46,17,29,,,
"Jan 17, 2024 10:00 AM",188,89,99,39,21,18,14,9,5,21,12,9,82,38,44,,,,36,15,21,,,
"Jan 17, 2024 11:00 AM",282,144,138,45,24,21,35,18,17,42,29,13,75,36,39,,,,36,18,18,,,
"Jan 17, 2024 12:00 PM",329,163,166,69,40,29,23,18,5,37,19,18,105,55,50,,,,42,26,16,,,
"Jan 17, 2024 1:00 PM",312,152,160,66,30,36,51,28,23,35,19,16,250,144,106,,,,65,24,41,,,
"Jan 17, 2024 2:00 PM",222,103,119,37,16,21,18,9,9,34,18,16,109,59,50,,,,84,32,52,,,
"Jan 17, 2024 3:00 PM",198,101,97,45,21,24,34,16,18,33,17,16,84,40,44,,,,92,31,61,,,
"Jan 17, 2024 4:00 PM",179,69,110,52,26,26,36,19,17,21,11,10,181,89,92,,,,75,27,48,,,
"Jan 17, 2024 5:00 PM",122,70,52,45,25,20,38,25,13,21,12,9,160,93,67,,,,76,35,41,,,
"Jan 17, 2024 6:00 PM",91,50,41,43,21,22,35,17,18,28,14,14,84,42,42,,,,42,23,19,,,
"Jan 17, 2024 7:00 PM",97,42,55,51,21,30,38,21,17,18,7,11,76,50,26,,,,46,15,31,,,
"Jan 17, 2024 8:00 PM",97,57,40,31,14,17,31,20,11,4,2,2,112,39,73,,,,35,18,17,,,
"Jan 17, 2024 9:00 PM",35,22,13,14,7,7,20,12,8,7,5,2,75,28,47,,,,32,13,19,,,
"Jan 17, 2024 10:00 PM",7,5,2,3,0,3,5,1,4,1,1,0,65,30,35,,,,12,9,3,,,
"Jan 17, 2024 11:00 PM",3,3,0,1,1,0,0,0,0,1,0,1,44,17,27,,,,3,3,0,,,
"Jan 18, 2024 12:00 AM",0,0,0,1,0,1,1,0,1,0,0,0,48,8,40,,,,5,4,1,,,
"Jan 18, 2024 1:00 AM",0,0,0,0,0,0,0,0,0,0,0,0,25,8,17,,,,3,2,1,,,
"Jan 18, 2024 2:00 AM",0,0,0,1,1,0,1,1,0,0,0,0,0,0,0,,,,0,0,0,,,
"Jan 18, 2024 3:00 AM",0,0,0,0,0,0,0,0,0,0,0,0,0,0,0,,,,0,0,0,,,
"Jan 18, 2024 4:00 AM",0,0,0,0,0,0,1,0,1,0,0,0,64,38,26,,,,4,4,0,,,
"Jan 18, 2024 5:00 AM",7,1,6,1,0,1,0,0,0,0,0,0,26,16,10,,,,3,1,2,,,
"Jan 18, 2024 6:00 AM",34,21,13,6,3,3,9,8,1,4,4,0,86,32,54,,,,7,4,3,,,
"Jan 18, 2024 7:00 AM",75,40,35,16,8,8,14,8,6,18,6,12,179,82,97,,,,26,11,15,,,
"Jan 18, 2024 8:00 AM",114,55,59,33,12,21,25,17,8,33,16,17,211,92,119,,,,104,79,25,,,
"Jan 18, 2024 9:00 AM",139,63,76,30,19,11,27,14,13,27,16,11,172,69,103,,,,45,19,26,,,
"Jan 18, 2024 10:00 AM",164,88,76,25,13,12,10,1,9,14,7,7,88,41,47,,,,33,16,17,,,
"Jan 18, 2024 11:00 AM",228,114,114,41,15,26,23,11,12,48,14,34,65,33,32,,,,37,15,22,,,
"Jan 18, 2024 12:00 PM",263,125,138,52,25,27,32,19,13,42,21,21,92,41,51,,,,36,22,14,,,
"Jan 18, 2024 1:00 PM",311,163,148,51,27,24,42,28,14,52,33,19,131,67,64,,,,62,22,40,,,
"Jan 18, 2024 2:00 PM",250,128,122,29,18,11,35,18,17,25,17,8,121,59,62,,,,69,33,36,,,
"Jan 18, 2024 3:00 PM",179,103,76,44,18,26,22,13,9,29,16,13,135,70,65,,,,97,25,72,,,
"Jan 18, 2024 4:00 PM",154,73,81,46,21,25,17,8,9,17,9,8,152,79,73,,,,60,24,36,,,
"Jan 18, 2024 5:00 PM",104,51,53,55,31,24,33,21,12,14,8,6,196,87,109,,,,71,35,36,,,
"Jan 18, 2024 6:00 PM",83,44,39,34,23,11,44,30,14,29,12,17,143,71,72,,,,64,37,27,,,
"Jan 18, 2024 7:00 PM",100,40,60,28,15,13,24,14,10,10,5,5,119,66,53,,,,53,27,26,,,
"Jan 18, 2024 8:00 PM",86,53,33,17,10,7,13,7,6,6,4,2,123,67,56,,,,30,16,14,,,
"Jan 18, 2024 9:00 PM",39,21,18,19,9,10,9,6,3,5,2,3,29,14,15,,,,17,5,12,,,
"Jan 18, 2024 10:00 PM",18,12,6,2,2,0,4,1,3,2,1,1,17,9,8,,,,13,8,5,,,
"Jan 18, 2024 11:00 PM",10,4,6,1,1,0,3,2,1,8,5,3,4,2,2,,,,5,3,2,,,
"Jan 19, 2024 12:00 AM",0,0,0,0,0,0,0,0,0,6,6,0,1,1,0,,,,8,4,4,,,
"Jan 19, 2024 1:00 AM",1,1,0,0,0,0,1,0,1,0,0,0,0,0,0,,,,1,1,0,,,
"Jan 19, 2024 2:00 AM",0,0,0,0,0,0,0,0,0,1,0,1,1,1,0,,,,0,0,0,,,
"Jan 19, 2024 3:00 AM",0,0,0,0,0,0,0,0,0,0,0,0,2,1,1,,,,2,1,1,,,
"Jan 19, 2024 4:00 AM",0,0,0,0,0,0,0,0,0,0,0,0,4,0,4,,,,7,3,4,,,
"Jan 19, 2024 5:00 AM",6,2,4,2,2,0,0,0,0,0,0,0,1,1,0,,,,1,0,1,,,
"Jan 19, 2024 6:00 AM",30,16,14,11,5,6,9,6,3,5,3,2,42,18,24,,,,5,2,3,,,
"Jan 19, 2024 7:00 AM",73,40,33,19,7,12,17,7,10,11,3,8,32,19,13,,,,24,11,13,,,
"Jan 19, 2024 8:00 AM",111,60,51,37,18,19,18,14,4,37,15,22,102,50,52,,,,105,79,26,,,
"Jan 19, 2024 9:00 AM",223,123,100,36,23,13,18,10,8,32,21,11,69,36,33,,,,37,13,24,,,
"Jan 19, 2024 10:00 AM",208,114,94,29,14,15,16,9,7,22,15,7,72,38,34,,,,25,15,10,,,
"Jan 19, 2024 11:00 AM",280,109,171,55,31,24,30,13,17,22,11,11,99,57,42,,,,31,18,13,,,
"Jan 19, 2024 12:00 PM",284,129,155,57,35,22,33,19,14,44,25,19,94,47,47,,,,44,17,27,,,
"Jan 19, 2024 1:00 PM",280,136,144,56,33,23,33,21,12,33,20,13,157,87,70,,,,94,23,71,,,
"Jan 19, 2024 2:00 PM",205,109,96,47,23,24,34,18,16,29,13,16,123,82,41,,,,79,36,43,,,
"Jan 19, 2024 3:00 PM",192,101,91,51,23,28,27,15,12,29,12,17,102,48,54,,,,63,26,37,,,
"Jan 19, 2024 4:00 PM",196,93,103,40,27,13,32,13,19,32,21,11,153,89,64,,,,53,26,27,,,
"Jan 19, 2024 5:00 PM",134,58,76,47,22,25,34,20,14,28,14,14,142,83,59,,,,73,35,38,,,
"Jan 19, 2024 6:00 PM",120,64,56,48,17,31,25,8,17,17,6,11,144,93,51,,,,39,20,19,,,
"Jan 19, 2024 7:00 PM",79,41,38,26,18,8,30,14,16,21,10,11,49,27,22,,,,35,13,22,,,
"Jan 19, 2024 8:00 PM",80,46,34,13,6,7,19,12,7,5,2,3,81,55,26,,,,28,17,11,,,
"Jan 19, 2024 9:00 PM",43,26,17,13,7,6,12,9,3,5,2,3,80,46,34,,,,14,4,10,,,
"Jan 19, 2024 10:00 PM",20,11,9,10,2,8,6,1,5,6,5,1,44,28,16,,,,17,11,6,,,
"Jan 19, 2024 11:00 PM",5,2,3,4,2,2,1,0,1,0,0,0,24,7,17,,,,10,5,5,,,
"Jan 20, 2024 12:00 AM",0,0,0,1,0,1,1,0,1,3,3,0,14,9,5,,,,5,3,2,,,
"Jan 20, 2024 1:00 AM",0,0,0,1,0,1,0,0,0,0,0,0,1,1,0,,,,8,5,3,,,
"Jan 20, 2024 2:00 AM",1,0,1,0,0,0,2,2,0,3,1,2,0,0,0,,,,2,1,1,,,
"Jan 20, 2024 3:00 AM",0,0,0,0,0,0,0,0,0,0,0,0,1,1,0,,,,0,0,0,,,
"Jan 20, 2024 4:00 AM",0,0,0,0,0,0,0,0,0,0,0,0,0,0,0,,,,0,0,0,,,
"Jan 20, 2024 5:00 AM",2,2,0,0,0,0,0,0,0,0,0,0,7,7,0,,,,0,0,0,,,
"Jan 20, 2024 6:00 AM",9,5,4,0,0,0,0,0,0,2,1,1,7,3,4,,,,0,0,0,,,
"Jan 20, 2024 7:00 AM",46,23,23,9,6,3,10,10,,4,0,4,9,6,3,,,,9,4,5,,,
"Jan 20, 2024 8:00 AM",86,45,41,22,20,2,15,8,7,20,10,10,47,25,22,,,,26,13,13,,,
"Jan 20, 2024 9:00 AM",158,77,81,45,22,23,47,22,25,26,16,10,87,57,30,,,,27,12,15,,,
"Jan 20, 2024 10:00 AM",259,141,118,68,38,30,48,21,27,34,17,17,129,79,50,,,,33,13,20,,,
"Jan 20, 2024 11:00 AM",330,161,169,66,34,32,70,38,32,57,32,25,222,112,110,,,,43,18,25,,,
"Jan 20, 2024 12:00 PM",376,200,176,67,37,30,71,37,34,47,20,27,161,91,70,,,,44,24,20,,,
"Jan 20, 2024 1:00 PM",312,146,166,67,33,34,72,35,37,48,22,26,121,70,51,,,,49,21,28,,,
"Jan 20, 2024 2:00 PM",271,124,147,53,31,22,59,29,30,40,20,20,102,50,52,,,,40,19,21,,,
"Jan 20, 2024 3:00 PM",352,171,181,60,36,24,38,20,18,27,14,13,112,66,46,,,,43,24,19,,,
"Jan 20, 2024 4:00 PM",231,103,128,63,32,31,47,28,19,34,13,21,89,45,44,,,,39,21,18,,,
"Jan 20, 2024 5:00 PM",111,61,50,26,12,14,24,15,9,17,12,5,61,33,28,,,,24,12,12,,,
"Jan 20, 2024 6:00 PM",46,27,19,17,9,8,15,10,5,10,2,8,30,24,6,,,,26,12,14,,,
"Jan 20, 2024 7:00 PM",34,21,13,16,9,7,21,6,15,8,6,2,24,16,8,,,,22,9,13,,,
"Jan 20, 2024 8:00 PM",29,16,13,8,5,3,9,8,1,7,3,4,22,16,6,,,,13,4,9,,,
"Jan 20, 2024 9:00 PM",14,5,9,6,3,3,5,1,4,1,1,0,30,20,10,,,,6,2,4,,,
"Jan 20, 2024 10:00 PM",12,8,4,0,0,0,4,4,0,1,0,1,10,8,2,,,,10,7,3,,,
"Jan 20, 2024 11:00 PM",4,2,2,2,0,2,3,2,1,5,4,1,0,0,0,,,,4,3,1,,,
"Jan 21, 2024 12:00 AM",0,0,0,0,0,0,3,0,3,2,2,0,6,4,2,,,,6,4,2,,,
"Jan 21, 2024 1:00 AM",0,0,0,0,0,0,0,0,0,1,1,0,3,2,1,,,,20,14,6,,,
"Jan 21, 2024 2:00 AM",0,0,0,0,0,0,3,3,0,0,0,0,0,0,0,,,,11,4,7,,,
"Jan 21, 2024 3:00 AM",2,2,0,0,0,0,0,0,0,0,0,0,1,0,1,,,,4,3,1,,,
"Jan 21, 2024 4:00 AM",0,0,0,0,0,0,0,0,0,1,1,0,0,0,0,,,,2,1,1,,,
"Jan 21, 2024 5:00 AM",0,0,0,1,1,0,0,0,0,0,0,0,0,0,0,,,,1,1,0,,,
"Jan 21, 2024 6:00 AM",6,2,4,3,0,3,3,1,2,0,0,0,0,0,0,,,,0,0,0,,,
"Jan 21, 2024 7:00 AM",30,14,16,7,5,2,7,4,3,7,5,2,13,7,6,,,,4,2,2,,,
"Jan 21, 2024 8:00 AM",101,44,57,27,12,15,27,13,14,14,7,7,42,26,16,,,,17,11,6,,,
"Jan 21, 2024 9:00 AM",176,104,72,48,30,18,22,,22,24,12,12,80,45,35,,,,14,8,6,,,
"Jan 21, 2024 10:00 AM",263,142,121,53,30,23,47,25,22,30,18,12,129,80,49,,,,20,10,10,,,
"Jan 21, 2024 11:00 AM",249,123,126,32,13,19,38,14,24,46,18,28,111,66,45,,,,25,10,15,,,
"Jan 21, 2024 12:00 PM",291,149,142,40,21,19,31,16,15,40,19,21,144,97,47,,,,22,13,9,,,
"Jan 21, 2024 1:00 PM",243,130,113,29,20,9,33,17,16,35,17,18,110,74,36,,,,18,10,8,,,
"Jan 21, 2024 2:00 PM",74,37,37,16,9,7,11,4,7,14,6,8,22,13,9,,,,10,3,7,,,
"Jan 21, 2024 3:00 PM",102,53,49,12,7,5,7,3,4,22,13,9,25,18,7,,,,19,7,12,,,
"Jan 21, 2024 4:00 PM",144,74,70,25,10,15,27,15,12,20,7,13,67,45,22,,,,32,17,15,,,
"Jan 21, 2024 5:00 PM",106,47,59,17,6,11,11,2,9,12,9,3,64,48,16,,,,15,9,6,,,
"Jan 21, 2024 6:00 PM",27,16,11,8,4,4,9,6,3,4,3,1,23,16,7,,,,13,6,7,,,
"Jan 21, 2024 7:00 PM",21,11,10,6,5,1,4,3,1,2,1,1,9,6,3,,,,7,5,2,,,
"Jan 21, 2024 8:00 PM",19,10,9,3,3,0,1,0,1,3,1,2,42,39,3,,,,6,3,3,,,
"Jan 21, 2024 9:00 PM",3,2,1,4,2,2,3,2,1,2,1,1,16,15,1,,,,4,2,2,,,
"Jan 21, 2024 10:00 PM",6,2,4,1,1,0,0,0,0,2,2,0,12,11,1,,,,5,2,3,,,
"Jan 21, 2024 11:00 PM",3,2,1,1,0,1,1,0,1,0,0,0,2,2,0,,,,10,4,6,,,
"Jan 22, 2024 12:00 AM",0,0,0,0,0,0,0,0,0,1,0,1,22,5,17,,,,1,1,0,,,
"Jan 22, 2024 1:00 AM",0,0,0,0,0,0,0,0,0,0,0,0,7,3,4,,,,0,0,0,,,
"Jan 22, 2024 2:00 AM",0,0,0,0,0,0,0,0,0,0,0,0,3,2,1,,,,1,1,0,,,
"Jan 22, 2024 3:00 AM",0,0,0,0,0,0,0,0,0,0,0,0,0,0,0,,,,0,0,0,,,
"Jan 22, 2024 4:00 AM",0,0,0,0,0,0,0,0,0,1,1,0,4,3,1,,,,2,2,0,,,
"Jan 22, 2024 5:00 AM",7,3,4,0,0,0,1,1,0,0,0,0,20,3,17,,,,2,0,2,,,
"Jan 22, 2024 6:00 AM",26,13,13,7,4,3,14,9,5,3,3,0,132,119,13,,,,9,5,4,,,
"Jan 22, 2024 7:00 AM",65,33,32,17,6,11,11,3,8,16,4,12,93,60,33,,,,30,13,17,,,
"Jan 22, 2024 8:00 AM",115,53,62,32,12,20,25,12,13,53,23,30,189,112,77,,,,88,57,31,,,
"Jan 22, 2024 9:00 AM",126,66,60,35,28,7,18,8,10,21,15,6,133,70,63,,,,46,19,27,,,
"Jan 22, 2024 10:00 AM",131,66,65,27,6,21,16,11,5,19,10,9,154,108,46,,,,29,16,13,,,
"Jan 22, 2024 11:00 AM",182,79,103,38,19,19,21,11,10,27,16,11,85,62,23,,,,55,30,25,,,
"Jan 22, 2024 12:00 PM",204,102,102,38,17,21,22,5,17,30,20,10,66,31,35,,,,43,19,24,,,
"Jan 22, 2024 1:00 PM",201,86,115,33,21,12,45,23,22,27,14,13,139,74,65,,,,44,25,19,,,
"Jan 22, 2024 2:00 PM",76,36,40,20,10,10,14,7,7,14,6,8,62,43,19,,,,23,8,15,,,
"Jan 22, 2024 3:00 PM",71,29,42,28,17,11,23,15,8,31,13,18,85,43,42,,,,63,15,48,,,
"Jan 22, 2024 4:00 PM",106,48,58,41,23,18,21,9,12,33,13,20,150,94,56,,,,59,25,34,,,
"Jan 22, 2024 5:00 PM",90,51,39,47,23,24,34,22,12,35,15,20,456,274,182,,,,56,25,31,,,
"Jan 22, 2024 6:00 PM",116,64,52,42,30,12,40,21,19,25,8,17,162,113,49,,,,50,28,22,,,
"Jan 22, 2024 7:00 PM",99,55,44,46,23,23,41,25,16,22,11,11,186,111,75,,,,23,12,11,,,
"Jan 22, 2024 8:00 PM",78,45,33,31,12,19,27,17,10,16,4,12,131,70,61,,,,26,9,17,,,
"Jan 22, 2024 9:00 PM",47,24,23,17,11,6,13,6,7,7,3,4,145,87,58,,,,13,8,5,,,
"Jan 22, 2024 10:00 PM",18,10,8,12,6,6,3,2,1,2,2,0,51,23,28,,,,9,8,1,,,
"Jan 22, 2024 11:00 PM",5,4,1,6,3,3,6,2,4,1,1,0,87,41,46,,,,5,2,3,,,
"Jan 23, 2024 12:00 AM",0,0,0,0,0,0,0,0,0,2,0,2,21,16,5,,,,7,6,1,,,
"Jan 23, 2024 1:00 AM",0,0,0,0,0,0,0,0,0,0,0,0,4,1,3,,,,3,1,2,,,
"Jan 23, 2024 2:00 AM",1,1,0,0,0,0,0,0,0,0,0,0,28,4,24,,,,0,0,0,,,
"Jan 23, 2024 3:00 AM",0,0,0,0,0,0,0,0,0,0,0,0,6,0,6,,,,1,0,1,,,
"Jan 23, 2024 4:00 AM",0,0,0,0,0,0,0,0,0,1,0,1,21,9,12,,,,3,3,0,,,
"Jan 23, 2024 5:00 AM",14,5,9,2,2,0,3,2,1,0,0,0,12,6,6,,,,1,0,1,,,
"Jan 23, 2024 6:00 AM",39,16,23,8,6,2,19,11,8,11,7,4,136,76,60,,,,6,2,4,,,
"Jan 23, 2024 7:00 AM",49,24,25,19,6,13,13,3,10,9,2,7,153,89,64,,,,21,9,12,,,
"Jan 23, 2024 8:00 AM",62,28,34,25,6,19,20,12,8,34,18,16,211,129,82,,,,70,50,20,,,
"Jan 23, 2024 9:00 AM",86,35,51,14,6,8,24,11,13,26,17,9,114,71,43,,,,37,14,23,,,
"Jan 23, 2024 10:00 AM",93,52,41,21,10,11,17,7,10,13,5,8,48,29,19,,,,41,16,25,,,
"Jan 23, 2024 11:00 AM",145,60,85,32,11,21,28,10,18,27,14,13,44,25,19,,,,38,18,20,,,
"Jan 23, 2024 12:00 PM",156,84,72,31,19,12,19,11,8,32,18,14,149,113,36,,,,44,24,20,,,
"Jan 23, 2024 1:00 PM",185,93,92,40,17,23,35,17,18,32,14,18,140,98,42,,,,45,20,25,,,
"Jan 23, 2024 2:00 PM",121,60,61,32,15,17,21,9,12,34,10,24,123,72,51,,,,49,19,30,,,
"Jan 23, 2024 3:00 PM",108,55,53,17,10,7,19,8,11,18,8,10,157,120,37,,,,78,25,53,,,
"Jan 23, 2024 4:00 PM",73,37,36,21,10,11,19,7,12,24,18,6,191,151,40,,,,51,23,28,,,
"Jan 23, 2024 5:00 PM",81,41,40,30,20,10,35,26,9,27,11,16,440,326,114,,,,47,20,27,,,
"Jan 23, 2024 6:00 PM",80,47,33,50,37,13,50,29,21,15,9,6,280,186,94,,,,39,24,15,,,
"Jan 23, 2024 7:00 PM",64,39,25,32,16,16,26,13,13,20,11,9,141,101,40,,,,17,7,10,,,
"Jan 23, 2024 8:00 PM",50,23,27,16,14,2,13,9,4,14,3,11,104,61,43,,,,18,7,11,,,
"Jan 23, 2024 9:00 PM",30,20,10,10,3,7,7,3,4,18,14,4,57,35,22,,,,8,4,4,,,
"Jan 23, 2024 10:00 PM",13,7,6,4,2,2,1,0,1,0,0,0,48,27,21,,,,7,4,3,,,
"Jan 23, 2024 11:00 PM",5,3,2,3,0,3,2,0,2,0,0,0,115,98,17,,,,2,0,2,,,
"Jan 24, 2024 12:00 AM",0,0,0,0,0,0,0,0,0,1,1,0,4,4,0,,,,4,3,1,,,
"Jan 24, 2024 1:00 AM",0,0,0,0,0,0,0,0,0,0,0,0,2,2,0,,,,4,2,2,,,
"Jan 24, 2024 2:00 AM",0,0,0,0,0,0,0,0,0,0,0,0,1,0,1,,,,3,0,3,,,
"Jan 24, 2024 3:00 AM",0,0,0,0,0,0,0,0,0,0,0,0,28,14,14,,,,2,0,2,,,
"Jan 24, 2024 4:00 AM",0,0,0,0,0,0,0,0,0,0,0,0,26,8,18,,,,2,2,0,,,
"Jan 24, 2024 5:00 AM",8,3,5,0,0,0,0,0,0,0,0,0,9,4,5,,,,2,0,2,,,
"Jan 24, 2024 6:00 AM",34,17,17,19,16,3,11,4,7,12,6,6,58,41,17,,,,8,5,3,,,
"Jan 24, 2024 7:00 AM",61,28,33,24,9,15,15,6,9,18,7,11,564,248,316,,,,27,6,21,,,
"Jan 24, 2024 8:00 AM",94,47,47,37,17,20,30,17,13,36,19,17,636,314,322,,,,95,65,30,,,
"Jan 24, 2024 9:00 AM",138,62,76,38,23,15,24,13,11,28,19,9,172,114,58,,,,44,17,27,,,
"Jan 24, 2024 10:00 AM",140,60,80,23,10,13,24,10,14,50,8,42,170,110,60,,,,42,20,22,,,
"Jan 24, 2024 11:00 AM",241,129,112,52,39,13,28,14,14,24,14,10,96,54,42,,,,70,33,37,,,
"Jan 24, 2024 12:00 PM",177,71,106,38,13,25,32,17,15,39,16,23,199,153,46,,,,54,25,29,,,
"Jan 24, 2024 1:00 PM",230,127,103,70,33,37,45,24,21,30,14,16,329,248,81,,,,70,28,42,,,
"Jan 24, 2024 2:00 PM",204,104,100,27,18,9,52,29,23,29,12,17,177,109,68,,,,71,35,36,,,
"Jan 24, 2024 3:00 PM",167,85,82,42,24,18,23,14,9,33,17,16,172,109,63,,,,111,37,74,,,
"Jan 24, 2024 4:00 PM",188,95,93,38,24,14,25,13,12,43,19,24,205,121,84,,,,78,37,41,,,
"Jan 24, 2024 5:00 PM",141,66,75,50,20,30,61,35,26,36,18,18,498,337,161,,,,73,37,36,,,
"Jan 24, 2024 6:00 PM",119,60,59,74,44,30,50,31,19,19,11,8,384,224,160,,,,53,31,22,,,
"Jan 24, 2024 7:00 PM",144,61,83,67,31,36,50,23,27,12,5,7,167,102,65,,,,63,28,35,,,
"Jan 24, 2024 8:00 PM",165,80,85,33,16,17,30,19,11,14,5,9,148,74,74,,,,27,12,15,,,
"Jan 24, 2024 9:00 PM",60,43,17,29,11,18,17,9,8,6,3,3,391,297,94,,,,21,11,10,,,
"Jan 24, 2024 10:00 PM",21,16,5,16,7,9,12,5,7,6,5,1,277,169,108,,,,16,10,6,,,
"Jan 24, 2024 11:00 PM",8,4,4,4,1,3,2,0,2,2,2,0,158,141,17,,,,8,4,4,,,
"Jan 25, 2024 12:00 AM",0,0,0,0,0,0,1,0,1,2,1,1,41,25,16,,,,3,2,1,,,
"Jan 25, 2024 1:00 AM",0,0,0,0,0,0,0,0,0,0,0,0,2,1,1,,,,2,1,1,,,
"Jan 25, 2024 2:00 AM",0,0,0,2,2,0,0,0,0,0,0,0,0,0,0,,,,1,1,0,,,
"Jan 25, 2024 3:00 AM",0,0,0,0,0,0,0,0,0,0,0,0,2,2,0,,,,0,0,0,,,
"Jan 25, 2024 4:00 AM",0,0,0,1,1,0,0,0,0,0,0,0,11,11,0,,,,2,2,0,,,
"Jan 25, 2024 5:00 AM",6,4,2,3,1,2,1,1,0,0,0,0,41,37,4,,,,3,0,3,,,
"Jan 25, 2024 6:00 AM",43,20,23,11,7,4,18,10,8,7,6,1,61,39,22,,,,11,3,8,,,
"Jan 25, 2024 7:00 AM",72,36,36,25,11,14,19,9,10,22,12,10,80,39,41,,,,25,7,18,,,
"Jan 25, 2024 8:00 AM",128,61,67,36,13,23,26,13,13,40,17,23,134,79,55,,,,69,42,27,,,
"Jan 25, 2024 9:00 AM",156,72,84,28,13,15,29,15,14,29,16,13,94,57,37,,,,45,11,34,,,
"Jan 25, 2024 10:00 AM",138,67,71,33,15,18,18,8,10,26,14,12,104,62,42,,,,35,16,19,,,
"Jan 25, 2024 11:00 AM",166,85,81,19,6,13,23,14,9,31,16,15,70,44,26,,,,30,11,19,,,
"Jan 25, 2024 12:00 PM",163,83,80,41,28,13,38,19,19,33,19,14,115,62,53,,,,45,19,26,,,
"Jan 25, 2024 1:00 PM",229,130,99,45,16,29,34,17,17,44,16,28,149,92,57,,,,62,31,31,,,
"Jan 25, 2024 2:00 PM",160,58,102,45,16,29,28,9,19,31,16,15,303,214,89,,,,62,29,33,,,
"Jan 25, 2024 3:00 PM",190,93,97,41,25,16,19,10,9,23,8,15,279,183,96,,,,60,32,28,,,
"Jan 25, 2024 4:00 PM",162,79,83,35,15,20,23,15,8,32,16,16,320,189,131,,,,82,33,49,,,
"Jan 25, 2024 5:00 PM",146,67,79,53,27,26,54,27,27,26,14,12,305,180,125,,,,60,23,37,,,
"Jan 25, 2024 6:00 PM",146,66,80,43,24,19,52,23,29,27,10,17,299,209,90,,,,72,49,23,,,
"Jan 25, 2024 7:00 PM",145,80,65,46,24,22,39,20,19,18,9,9,116,63,53,,,,67,37,30,,,
"Jan 25, 2024 8:00 PM",125,70,55,22,12,10,23,16,7,10,5,5,161,101,60,,,,34,14,20,,,
"Jan 25, 2024 9:00 PM",54,28,26,22,14,8,22,11,11,7,2,5,120,86,34,,,,31,11,20,,,
"Jan 25, 2024 10:00 PM",20,10,10,9,5,4,3,3,0,5,4,1,239,201,38,,,,17,9,8,,,
"Jan 25, 2024 11:00 PM",3,2,1,2,1,1,2,0,2,5,2,3,81,74,7,,,,6,3,3,,,
"Jan 26, 2024 12:00 AM",0,0,0,0,0,0,0,0,0,0,0,0,13,10,3,,,,1,1,0,,,
"Jan 26, 2024 1:00 AM",0,0,0,1,0,1,0,0,0,0,0,0,0,0,0,,,,0,0,0,,,
"Jan 26, 2024 2:00 AM",0,0,0,0,0,0,0,0,0,0,0,0,3,1,2,,,,3,2,1,,,
"Jan 26, 2024 3:00 AM",0,0,0,0,0,0,0,0,0,0,0,0,2,2,0,,,,0,0,0,,,
"Jan 26, 2024 4:00 AM",0,0,0,0,0,0,0,0,0,2,2,0,4,3,1,,,,3,3,0,,,
"Jan 26, 2024 5:00 AM",9,4,5,1,1,0,2,1,1,0,0,0,27,25,2,,,,1,0,1,,,
"Jan 26, 2024 6:00 AM",41,19,22,9,2,7,14,7,7,6,5,1,65,48,17,,,,7,3,4,,,
"Jan 26, 2024 7:00 AM",90,51,39,23,17,6,15,10,5,25,11,14,95,66,29,,,,28,11,17,,,
"Jan 26, 2024 8:00 AM",129,67,62,38,16,22,19,12,7,40,20,20,157,89,68,,,,83,57,26,,,
"Jan 26, 2024 9:00 AM",175,79,96,48,28,20,20,8,12,25,11,14,90,43,47,,,,58,28,30,,,
"Jan 26, 2024 10:00 AM",212,107,105,43,24,19,22,18,4,19,12,7,207,95,112,,,,49,18,31,,,
"Jan 26, 2024 11:00 AM",304,150,154,53,33,20,29,15,14,11,5,6,133,76,57,,,,31,14,17,,,
"Jan 26, 2024 12:00 PM",337,175,162,48,28,20,39,19,20,30,15,15,117,73,44,,,,63,28,35,,,
"Jan 26, 2024 1:00 PM",347,159,188,63,35,28,48,23,25,32,21,11,224,121,103,,,,90,22,68,,,
"Jan 26, 2024 2:00 PM",334,157,177,34,13,21,29,15,14,36,14,22,209,127,82,,,,76,34,42,,,
"Jan 26, 2024 3:00 PM",273,129,144,43,23,20,30,16,14,33,15,18,223,120,103,,,,75,41,34,,,
"Jan 26, 2024 4:00 PM",228,107,121,47,27,20,34,23,11,45,21,24,322,142,180,,,,41,25,16,,,
"Jan 26, 2024 5:00 PM",185,86,99,71,39,32,40,20,20,37,21,16,234,103,131,,,,72,42,30,,,
"Jan 26, 2024 6:00 PM",119,65,54,36,17,19,40,18,22,20,7,13,98,58,40,,,,49,26,23,,,
"Jan 26, 2024 7:00 PM",76,49,27,34,17,17,23,10,13,9,6,3,104,59,45,,,,44,18,26,,,
"Jan 26, 2024 8:00 PM",84,34,50,18,12,6,18,9,9,11,3,8,143,70,73,,,,16,6,10,,,
"Jan 26, 2024 9:00 PM",50,27,23,10,3,7,9,3,6,19,10,9,153,51,102,,,,16,13,3,,,
"Jan 26, 2024 10:00 PM",21,13,8,8,3,5,9,6,3,2,2,0,122,56,66,,,,10,7,3,,,
"Jan 26, 2024 11:00 PM",9,4,5,5,2,3,5,0,5,5,4,1,54,29,25,,,,7,5,2,,,
"Jan 27, 2024 12:00 AM",0,0,0,0,0,0,,,,3,2,1,61,30,31,,,,13,11,2,,,
"Jan 27, 2024 1:00 AM",2,1,1,0,0,0,,,,2,1,1,18,11,7,,,,17,11,6,,,
"Jan 27, 2024 2:00 AM",1,1,0,1,0,1,,,,0,0,0,12,6,6,,,,2,2,0,,,
"Jan 27, 2024 3:00 AM",0,0,0,0,0,0,,,,0,0,0,8,8,0,,,,3,2,1,,,
"Jan 27, 2024 4:00 AM",0,0,0,0,0,0,,,,0,0,0,6,3,3,,,,4,3,1,,,
"Jan 27, 2024 5:00 AM",2,1,1,0,0,0,,,,1,0,1,1,1,0,,,,0,0,0,,,
"Jan 27, 2024 6:00 AM",11,5,6,7,3,4,,,,2,1,1,17,13,4,,,,4,2,2,,,
"Jan 27, 2024 7:00 AM",49,27,22,9,7,2,,,,9,3,6,79,44,35,,,,9,2,7,,,
"Jan 27, 2024 8:00 AM",110,57,53,36,20,16,,,,14,4,10,120,63,57,,,,17,8,9,,,
"Jan 27, 2024 9:00 AM",220,93,127,61,36,25,,,,21,14,7,179,89,90,,,,33,16,17,,,
"Jan 27, 2024 10:00 AM",387,215,172,105,45,60,,,,34,12,22,205,126,79,,,,28,15,13,,,
"Jan 27, 2024 11:00 AM",351,164,187,94,44,50,,,,62,32,30,252,144,108,,,,53,24,29,,,
"Jan 27, 2024 12:00 PM",515,274,241,82,39,43,,,,43,21,22,170,105,65,,,,58,30,28,,,
"Jan 27, 2024 1:00 PM",381,186,195,90,57,33,,,,41,15,26,148,82,66,,,,52,27,25,,,
"Jan 27, 2024 2:00 PM",485,218,267,80,48,32,,,,29,14,15,136,87,49,,,,57,29,28,,,
"Jan 27, 2024 3:00 PM",428,192,236,69,44,25,,,,52,32,20,140,81,59,,,,53,31,22,,,
"Jan 27, 2024 4:00 PM",438,208,230,57,23,34,,,,37,21,16,184,95,89,,,,47,24,23,,,
"Jan 27, 2024 5:00 PM",256,129,127,53,24,29,,,,24,9,15,130,68,62,,,,38,17,21,,,
"Jan 27, 2024 6:00 PM",113,52,61,44,24,20,,,,14,5,9,144,94,50,,,,32,19,13,,,
"Jan 27, 2024 7:00 PM",101,53,48,26,10,16,,,,6,1,5,121,81,40,,,,31,11,20,,,
"Jan 27, 2024 8:00 PM",69,34,35,14,9,5,,,,7,3,4,106,64,42,,,,19,7,12,,,
"Jan 27, 2024 9:00 PM",34,19,15,8,2,6,,,,6,4,2,107,67,40,,,,10,1,9,,,
"Jan 27, 2024 10:00 PM",13,7,6,17,3,14,,,,4,3,1,168,95,73,,,,19,10,9,,,
"Jan 27, 2024 11:00 PM",13,5,8,6,3,3,,,,5,2,3,189,107,82,,,,24,15,9,,,
"Jan 28, 2024 12:00 AM",1,0,1,1,1,0,,,,2,2,0,42,10,32,,,,4,3,1,,,
"Jan 28, 2024 1:00 AM",1,0,1,2,2,0,0,0,0,0,0,0,2,2,0,,,,12,10,2,,,
"Jan 28, 2024 2:00 AM",2,2,0,1,0,1,0,0,0,0,0,0,1,1,0,,,,3,1,2,,,
"Jan 28, 2024 3:00 AM",0,0,0,2,1,1,5,0,5,2,1,1,1,1,0,,,,7,4,3,,,
"Jan 28, 2024 4:00 AM",0,0,0,0,0,0,0,0,0,0,0,0,0,0,0,,,,4,4,0,,,
"Jan 28, 2024 5:00 AM",0,0,0,0,0,0,0,0,0,0,0,0,0,0,0,,,,3,2,1,,,
"Jan 28, 2024 6:00 AM",9,1,8,8,3,5,5,2,3,0,0,0,2,1,1,,,,2,1,1,,,
"Jan 28, 2024 7:00 AM",43,23,20,5,5,0,7,5,2,4,2,2,19,14,5,,,,6,4,2,,,
"Jan 28, 2024 8:00 AM",81,43,38,20,13,7,21,11,10,12,6,6,106,87,19,,,,14,8,6,,,
"Jan 28, 2024 9:00 AM",190,98,92,45,31,14,36,17,19,36,21,15,115,72,43,,,,23,12,11,,,
"Jan 28, 2024 10:00 AM",376,177,199,93,47,46,52,27,25,47,26,21,166,97,69,,,,47,15,32,,,
"Jan 28, 2024 11:00 AM",554,275,279,111,53,58,86,57,29,55,37,18,276,149,127,,,,60,33,27,,,
"Jan 28, 2024 12:00 PM",607,304,303,103,66,37,105,63,42,54,20,34,168,84,84,,,,63,33,30,,,
"Jan 28, 2024 1:00 PM",653,288,365,96,55,41,61,32,29,42,22,20,157,90,67,,,,63,31,32,,,
"Jan 28, 2024 2:00 PM",654,321,333,84,37,47,59,35,24,50,29,21,179,109,70,,,,57,19,38,,,
"Jan 28, 2024 3:00 PM",614,310,304,88,38,50,58,35,23,37,17,20,146,77,69,,,,51,21,30,,,
"Jan 28, 2024 4:00 PM",454,204,250,70,43,27,80,35,45,45,16,29,141,60,81,,,,43,21,22,,,
"Jan 28, 2024 5:00 PM",248,103,145,83,37,46,53,24,29,15,6,9,81,28,53,,,,28,14,14,,,
"Jan 28, 2024 6:00 PM",91,49,42,60,43,17,26,16,10,11,4,7,16,7,9,,,,27,14,13,,,
"Jan 28, 2024 7:00 PM",95,54,41,27,9,18,21,8,13,9,5,4,36,23,13,,,,26,13,13,,,
"Jan 28, 2024 8:00 PM",46,25,21,22,13,9,13,6,7,13,9,4,20,8,12,,,,24,13,11,,,
"Jan 28, 2024 9:00 PM",21,8,13,10,2,8,5,4,1,9,4,5,5,4,1,,,,16,8,8,,,
"Jan 28, 2024 10:00 PM",10,4,6,1,1,0,4,2,2,2,1,1,3,2,1,,,,5,3,2,,,
"Jan 28, 2024 11:00 PM",4,2,2,1,1,0,0,0,0,4,4,0,1,0,1,,,,3,1,2,,,
"Jan 29, 2024 12:00 AM",0,0,0,0,0,0,1,0,1,0,0,0,0,0,0,,,,4,3,1,,,
"Jan 29, 2024 1:00 AM",0,0,0,0,0,0,0,0,0,0,0,0,0,0,0,,,,0,0,0,,,
"Jan 29, 2024 2:00 AM",0,0,0,1,0,1,0,0,0,0,0,0,0,0,0,,,,0,0,0,,,
"Jan 29, 2024 3:00 AM",0,0,0,1,1,0,2,2,0,0,0,0,0,0,0,,,,0,0,0,,,
"Jan 29, 2024 4:00 AM",0,0,0,0,0,0,0,0,0,2,2,0,0,0,0,,,,3,2,1,,,
"Jan 29, 2024 5:00 AM",5,3,2,1,1,0,2,1,1,0,0,0,0,0,0,,,,1,0,1,,,
"Jan 29, 2024 6:00 AM",12,6,6,3,2,1,10,6,4,9,4,5,7,4,3,,,,12,3,9,,,
"Jan 29, 2024 7:00 AM",29,15,14,9,5,4,8,5,3,6,1,5,22,12,10,,,,20,6,14,,,
"Jan 29, 2024 8:00 AM",30,20,10,11,5,6,9,3,6,21,7,14,38,20,18,,,,56,28,28,,,
"Jan 29, 2024 9:00 AM",17,6,11,17,8,9,6,3,3,7,4,3,15,5,10,,,,26,8,18,,,
"Jan 29, 2024 10:00 AM",24,16,8,7,6,1,16,8,8,8,4,4,11,7,4,,,,20,12,8,,,
"Jan 29, 2024 11:00 AM",28,15,13,9,4,5,11,2,9,5,2,3,12,5,7,,,,27,9,18,,,
"Jan 29, 2024 12:00 PM",42,25,17,6,2,4,13,8,5,15,7,8,25,12,13,,,,29,13,16,,,
"Jan 29, 2024 1:00 PM",46,20,26,17,10,7,23,7,16,18,10,8,29,14,15,,,,31,16,15,,,
"Jan 29, 2024 2:00 PM",20,12,8,10,7,3,6,4,2,11,4,7,12,5,7,,,,36,8,28,,,
"Jan 29, 2024 3:00 PM",27,14,13,8,6,2,7,2,5,26,15,11,18,10,8,,,,47,9,38,,,
"Jan 29, 2024 4:00 PM",40,20,20,19,7,12,20,14,6,25,12,13,40,16,24,,,,37,23,14,,,
"Jan 29, 2024 5:00 PM",58,34,24,21,13,8,26,16,10,19,8,11,64,29,35,,,,50,27,23,,,
"Jan 29, 2024 6:00 PM",111,58,53,46,25,21,53,28,25,20,8,12,62,33,29,,,,39,16,23,,,
"Jan 29, 2024 7:00 PM",98,54,44,32,18,14,24,13,11,21,11,10,47,26,21,,,,46,26,20,,,
"Jan 29, 2024 8:00 PM",70,46,24,21,10,11,23,12,11,9,3,6,36,18,18,,,,26,11,15,,,
"Jan 29, 2024 9:00 PM",54,36,18,19,9,10,14,6,8,16,5,11,16,11,5,,,,6,3,3,,,
"Jan 29, 2024 10:00 PM",15,7,8,7,4,3,9,5,4,6,3,3,7,3,4,,,,12,6,6,,,
"Jan 29, 2024 11:00 PM",0,0,0,7,1,6,4,0,4,1,0,1,0,0,0,,,,3,1,2,,,
"Jan 30, 2024 12:00 AM",0,0,0,0,0,0,0,0,0,0,0,0,0,0,0,,,,1,1,0,,,
"Jan 30, 2024 1:00 AM",0,0,0,0,0,0,0,0,0,0,0,0,0,0,0,,,,4,3,1,,,
"Jan 30, 2024 2:00 AM",0,0,0,0,0,0,0,0,0,1,0,1,0,0,0,,,,2,1,1,,,
"Jan 30, 2024 3:00 AM",0,0,0,0,0,0,0,0,0,0,0,0,0,0,0,,,,1,1,0,,,
"Jan 30, 2024 4:00 AM",0,0,0,2,2,0,0,0,0,0,0,0,0,0,0,,,,2,2,0,,,
"Jan 30, 2024 5:00 AM",10,4,6,0,0,0,4,3,1,0,0,0,1,0,1,,,,5,2,3,,,
"Jan 30, 2024 6:00 AM",41,22,19,8,1,7,9,6,3,13,10,3,24,14,10,,,,12,5,7,,,
"Jan 30, 2024 7:00 AM",78,45,33,26,12,14,27,14,13,17,8,9,53,27,26,,,,30,13,17,,,
"Jan 30, 2024 8:00 AM",149,73,76,34,12,22,24,11,13,41,17,24,92,48,44,,,,111,77,34,,,
"Jan 30, 2024 9:00 AM",168,79,89,24,10,14,30,16,14,31,20,11,84,35,49,,,,48,15,33,,,
"Jan 30, 2024 10:00 AM",215,102,113,45,27,18,28,18,10,40,22,18,68,41,27,,,,62,28,34,,,
"Jan 30, 2024 11:00 AM",263,139,124,35,21,14,45,23,22,23,12,11,76,44,32,,,,35,16,19,,,
"Jan 30, 2024 12:00 PM",287,113,174,54,23,31,29,19,10,34,14,20,94,53,41,,,,86,43,43,,,
"Jan 30, 2024 1:00 PM",348,173,175,60,30,30,55,25,30,29,13,16,138,74,64,,,,68,30,38,,,
"Jan 30, 2024 2:00 PM",238,110,128,41,13,28,18,18,,38,17,21,127,54,73,,,,82,38,44,,,
"Jan 30, 2024 3:00 PM",254,130,124,43,22,21,35,17,18,29,17,12,117,56,61,,,,98,38,60,,,
"Jan 30, 2024 4:00 PM",231,119,112,50,28,22,29,16,13,33,18,15,132,61,71,,,,98,42,56,,,
"Jan 30, 2024 5:00 PM",174,95,79,69,47,22,54,32,22,15,5,10,92,45,47,,,,71,29,42,,,
"Jan 30, 2024 6:00 PM",121,52,69,66,36,30,57,35,22,20,12,8,98,51,47,,,,76,39,37,,,
"Jan 30, 2024 7:00 PM",128,65,63,49,22,27,37,19,18,32,13,19,50,30,20,,,,67,35,32,,,
"Jan 30, 2024 8:00 PM",142,76,66,36,20,16,34,14,20,13,6,7,41,28,13,,,,33,16,17,,,
"Jan 30, 2024 9:00 PM",78,38,40,22,9,13,16,10,6,4,3,1,21,10,11,,,,26,10,16,,,
"Jan 30, 2024 10:00 PM",27,20,7,7,1,6,4,2,2,3,2,1,8,5,3,,,,11,2,9,,,
"Jan 30, 2024 11:00 PM",11,7,4,0,0,0,1,0,1,8,7,1,6,3,3,,,,6,4,2,,,
"Jan 31, 2024 12:00 AM",1,0,1,1,0,1,,,,2,0,2,1,1,0,,,,6,4,2,,,
"Jan 31, 2024 1:00 AM",0,0,0,0,0,0,,,,0,0,0,0,0,0,,,,1,0,1,,,
"Jan 31, 2024 2:00 AM",0,0,0,1,1,0,,,,0,0,0,0,0,0,,,,0,0,0,,,
"Jan 31, 2024 3:00 AM",2,1,1,0,0,0,,,,0,0,0,0,0,0,,,,0,0,0,,,
"Jan 31, 2024 4:00 AM",0,0,0,0,0,0,,,,1,1,0,0,0,0,,,,2,2,0,,,
"Jan 31, 2024 5:00 AM",9,3,6,1,0,1,,,,1,1,0,7,3,4,,,,5,1,4,,,
"Jan 31, 2024 6:00 AM",34,15,19,14,6,8,,,,5,4,1,19,11,8,,,,18,7,11,,,
"Jan 31, 2024 7:00 AM",87,49,38,20,10,10,,,,24,10,14,69,34,35,,,,29,13,16,,,
"Jan 31, 2024 8:00 AM",130,67,63,35,15,20,,,,36,16,20,87,41,46,,,,105,68,37,,,
"Jan 31, 2024 9:00 AM",148,70,78,27,11,16,,,,44,23,21,74,37,37,,,,35,13,22,,,
"Jan 31, 2024 10:00 AM",121,57,64,32,20,12,,,,18,10,8,50,31,19,,,,46,29,17,,,
"Jan 31, 2024 11:00 AM",139,67,72,20,9,11,,,,25,11,14,41,18,23,,,,48,19,29,,,
"Jan 31, 2024 12:00 PM",178,95,83,49,26,23,,,,25,9,16,64,38,26,,,,47,21,26,,,
"Jan 31, 2024 1:00 PM",201,106,95,33,19,14,,,,27,17,10,77,44,33,,,,56,26,30,,,
"Jan 31, 2024 2:00 PM",171,77,94,17,7,10,,,,25,15,10,74,38,36,,,,83,32,51,,,
"Jan 31, 2024 3:00 PM",90,38,52,20,12,8,,,,28,13,15,53,20,33,,,,72,16,56,,,
"Jan 31, 2024 4:00 PM",57,25,32,23,15,8,,,,21,7,14,47,23,24,,,,37,15,22,,,
"Jan 31, 2024 5:00 PM",41,23,18,25,17,8,,,,13,8,5,32,20,12,,,,37,22,15,,,
"Jan 31, 2024 6:00 PM",70,39,31,44,28,16,,,,12,5,7,46,25,21,,,,41,29,12,,,
"Jan 31, 2024 7:00 PM",111,60,51,45,23,22,,,,9,4,5,53,32,21,,,,33,14,19,,,
"Jan 31, 2024 8:00 PM",66,34,32,23,13,10,,,,9,7,2,25,16,9,,,,19,12,7,,,
"Jan 31, 2024 9:00 PM",46,26,20,18,10,8,,,,4,2,2,25,15,10,,,,18,8,10,,,
"Jan 31, 2024 10:00 PM",17,8,9,13,7,6,,,,2,1,1,3,0,3,,,,11,5,6,,,
"Jan 31, 2024 11:00 PM",3,3,0,0,0,0,,,,1,0,1,8,8,0,,,,10,3,7,,,
"Feb 1, 2024 12:00 AM",0,0,0,0,0,0,,,,2,0,2,0,0,0,,,,6,2,4,,,
"Feb 1, 2024 1:00 AM",0,0,0,1,1,0,0,0,0,0,0,0,0,0,0,,,,2,2,0,,,
"Feb 1, 2024 2:00 AM",0,0,0,0,0,0,0,0,0,0,0,0,0,0,0,,,,0,0,0,,,
"Feb 1, 2024 3:00 AM",0,0,0,0,0,0,0,0,0,0,0,0,1,0,1,,,,2,2,0,,,
"Feb 1, 2024 4:00 AM",0,0,0,1,1,0,0,0,0,0,0,0,0,0,0,,,,4,4,0,,,
"Feb 1, 2024 5:00 AM",8,7,1,3,2,1,2,2,0,0,0,0,3,1,2,,,,4,1,3,,,
"Feb 1, 2024 6:00 AM",37,16,21,16,9,7,22,11,11,18,12,6,9,5,4,,,,13,5,8,,,
"Feb 1, 2024 7:00 AM",70,36,34,35,14,21,22,9,13,14,5,9,45,24,21,,,,26,11,15,,,
"Feb 1, 2024 8:00 AM",121,53,68,30,13,17,26,11,15,49,24,25,100,56,44,,,,104,72,32,,,
"Feb 1, 2024 9:00 AM",147,68,79,35,18,17,24,13,11,27,15,12,99,57,42,,,,37,12,25,,,
"Feb 1, 2024 10:00 AM",182,103,79,24,13,11,28,21,7,27,13,14,77,37,40,,,,36,19,17,,,
"Feb 1, 2024 11:00 AM",259,117,142,38,15,23,39,18,21,28,17,11,58,34,24,,,,41,26,15,,,
"Feb 1, 2024 12:00 PM",291,147,144,37,20,17,36,16,20,39,22,17,54,37,17,,,,61,23,38,,,
"Feb 1, 2024 1:00 PM",319,157,162,63,37,26,60,25,35,37,13,24,112,66,46,,,,60,25,35,,,
"Feb 1, 2024 2:00 PM",289,134,155,39,21,18,42,28,14,23,10,13,111,49,62,,,,67,27,40,,,
"Feb 1, 2024 3:00 PM",221,108,113,43,28,15,27,16,11,29,10,19,75,36,39,,,,107,41,66,,,
"Feb 1, 2024 4:00 PM",194,92,102,45,20,25,45,26,19,50,31,19,93,43,50,,,,71,27,44,,,
"Feb 1, 2024 5:00 PM",183,101,82,52,28,24,39,24,15,27,11,16,115,50,65,,,,83,39,44,,,
"Feb 1, 2024 6:00 PM",131,60,71,56,29,27,47,23,24,28,13,15,103,66,37,,,,86,57,29,,,
"Feb 1, 2024 7:00 PM",136,65,71,59,29,30,39,24,15,16,9,7,102,53,49,,,,63,28,35,,,
"Feb 1, 2024 8:00 PM",91,53,38,27,14,13,26,14,12,10,4,6,37,19,18,,,,39,18,21,,,
"Feb 1, 2024 9:00 PM",52,26,26,19,9,10,17,7,10,9,4,5,20,13,7,,,,32,13,19,,,
"Feb 1, 2024 10:00 PM",15,10,5,10,5,5,6,3,3,1,1,0,19,19,0,,,,7,2,5,,,
"Feb 1, 2024 11:00 PM",14,7,7,4,0,4,6,0,6,4,2,2,14,12,2,,,,10,5,5,,,
"Feb 2, 2024 12:00 AM",0,0,0,0,0,0,2,0,2,1,1,0,2,2,0,,,,12,8,4,,,
"Feb 2, 2024 1:00 AM",2,2,0,0,0,0,0,0,0,0,0,0,1,1,0,,,,5,3,2,,,
"Feb 2, 2024 2:00 AM",2,0,2,3,2,1,1,1,0,2,0,2,1,1,0,,,,0,0,0,,,
"Feb 2, 2024 3:00 AM",1,1,0,0,0,0,2,2,0,1,0,1,0,0,0,,,,3,3,0,,,
"Feb 2, 2024 4:00 AM",1,1,0,0,0,0,0,0,0,0,0,0,0,0,0,,,,2,2,0,,,
"Feb 2, 2024 5:00 AM",7,3,4,2,2,0,2,2,0,1,0,1,4,2,2,,,,2,0,2,,,
"Feb 2, 2024 6:00 AM",43,23,20,17,9,8,12,9,3,14,8,6,16,9,7,,,,12,3,9,,,
"Feb 2, 2024 7:00 AM",96,51,45,29,15,14,22,12,10,18,6,12,54,36,18,,,,26,11,15,,,
"Feb 2, 2024 8:00 AM",157,69,88,42,16,26,39,21,18,48,24,24,110,59,51,,,,92,61,31,,,
"Feb 2, 2024 9:00 AM",162,87,75,38,18,20,35,21,14,35,24,11,71,33,38,,,,37,16,21,,,
"Feb 2, 2024 10:00 AM",164,80,84,37,23,14,29,15,14,27,10,17,67,45,22,,,,39,21,18,,,
"Feb 2, 2024 11:00 AM",216,107,109,43,21,22,33,20,13,26,9,17,78,50,28,,,,44,20,24,,,
"Feb 2, 2024 12:00 PM",225,117,108,53,25,28,47,24,23,30,15,15,53,30,23,,,,55,19,36,,,
"Feb 2, 2024 1:00 PM",235,139,96,44,18,26,33,11,22,32,10,22,159,57,102,,,,76,20,56,,,
"Feb 2, 2024 2:00 PM",173,82,91,21,11,10,21,9,12,20,9,11,99,51,48,,,,50,22,28,,,
"Feb 2, 2024 3:00 PM",194,87,107,40,17,23,26,11,15,22,11,11,109,54,55,,,,58,24,34,,,
"Feb 2, 2024 4:00 PM",168,86,82,47,31,16,33,26,7,21,11,10,80,45,35,,,,49,27,22,,,
"Feb 2, 2024 5:00 PM",165,71,94,60,32,28,24,11,13,36,19,17,72,31,41,,,,73,36,37,,,
"Feb 2, 2024 6:00 PM",112,57,55,50,20,30,32,18,14,27,14,13,59,29,30,,,,46,27,19,,,
"Feb 2, 2024 7:00 PM",94,50,44,35,23,12,41,23,18,13,6,7,29,12,17,,,,58,28,30,,,
"Feb 2, 2024 8:00 PM",64,29,35,15,9,6,21,14,7,4,2,2,22,10,12,,,,34,15,19,,,
"Feb 2, 2024 9:00 PM",46,21,25,7,2,5,8,4,4,9,2,7,35,27,8,,,,19,11,8,,,
"Feb 2, 2024 10:00 PM",29,20,9,11,3,8,6,1,5,12,7,5,9,5,4,,,,7,3,4,,,
"Feb 2, 2024 11:00 PM",14,9,5,9,3,6,3,1,2,8,3,5,7,6,1,,,,19,9,10,,,
"Feb 3, 2024 12:00 AM",1,1,0,0,0,0,1,0,1,2,0,2,14,10,4,,,,12,8,4,,,
"Feb 3, 2024 1:00 AM",3,0,3,0,0,0,1,0,1,1,1,0,1,1,0,,,,8,7,1,,,
"Feb 3, 2024 2:00 AM",1,1,0,1,0,1,4,1,3,5,1,4,1,1,0,,,,4,1,3,,,
"Feb 3, 2024 3:00 AM",0,0,0,1,0,1,0,0,0,0,0,0,1,1,0,,,,0,0,0,,,
"Feb 3, 2024 4:00 AM",0,0,0,0,0,0,0,0,0,0,0,0,0,0,0,,,,2,1,1,,,
"Feb 3, 2024 5:00 AM",3,2,1,0,0,0,0,0,0,0,0,0,1,0,1,,,,1,0,1,,,
"Feb 3, 2024 6:00 AM",17,6,11,11,7,4,2,1,1,3,1,2,7,7,0,,,,5,2,3,,,
"Feb 3, 2024 7:00 AM",128,85,43,15,7,8,22,15,7,7,5,2,29,20,9,,,,7,5,2,,,
"Feb 3, 2024 8:00 AM",180,83,97,45,23,22,35,23,12,25,8,17,46,27,19,,,,24,10,14,,,
"Feb 3, 2024 9:00 AM",196,95,101,65,35,30,42,20,22,24,15,9,97,59,38,,,,31,17,14,,,
"Feb 3, 2024 10:00 AM",213,114,99,76,44,32,47,33,14,40,28,12,102,60,42,,,,30,15,15,,,
"Feb 3, 2024 11:00 AM",301,157,144,64,33,31,65,31,34,33,18,15,134,79,55,,,,39,18,21,,,
"Feb 3, 2024 12:00 PM",264,158,106,60,34,26,33,25,8,51,26,25,100,50,50,,,,30,10,20,,,
"Feb 3, 2024 1:00 PM",271,119,152,38,22,16,31,17,14,26,12,14,79,48,31,,,,25,13,12,,,
"Feb 3, 2024 2:00 PM",428,212,216,62,39,23,57,36,21,35,19,16,102,57,45,,,,40,21,19,,,
"Feb 3, 2024 3:00 PM",475,223,252,59,36,23,63,27,36,59,17,42,95,54,41,,,,58,26,32,,,
"Feb 3, 2024 4:00 PM",566,278,288,53,28,25,44,26,18,54,25,29,83,47,36,,,,54,28,26,,,
"Feb 3, 2024 5:00 PM",304,140,164,53,25,28,47,26,21,30,14,16,73,34,39,,,,37,15,22,,,
"Feb 3, 2024 6:00 PM",229,115,114,41,19,22,28,12,16,25,10,15,27,16,11,,,,43,22,21,,,
"Feb 3, 2024 7:00 PM",136,68,68,15,8,7,17,8,9,14,4,10,49,26,23,,,,25,12,13,,,
"Feb 3, 2024 8:00 PM",96,49,47,10,5,5,15,5,10,6,2,4,12,5,7,,,,21,9,12,,,
"Feb 3, 2024 9:00 PM",67,28,39,7,1,6,10,4,6,7,5,2,4,1,3,,,,11,5,6,,,
"Feb 3, 2024 10:00 PM",30,20,10,7,2,5,10,6,4,7,4,3,9,2,7,,,,8,5,3,,,
"Feb 3, 2024 11:00 PM",28,18,10,5,2,3,6,4,2,7,2,5,2,1,1,,,,11,1,10,,,
"Feb 4, 2024 12:00 AM",0,0,0,2,0,2,5,4,1,8,5,3,0,0,0,,,,4,2,2,,,
"Feb 4, 2024 1:00 AM",3,2,1,1,0,1,2,0,2,0,0,0,0,0,0,,,,9,8,1,,,
"Feb 4, 2024 2:00 AM",2,1,1,2,2,0,1,0,1,1,0,1,0,0,0,,,,5,2,3,,,
"Feb 4, 2024 3:00 AM",0,0,0,0,0,0,0,0,0,0,0,0,3,3,0,,,,5,3,2,,,
"Feb 4, 2024 4:00 AM",0,0,0,0,0,0,0,0,0,0,0,0,2,0,2,,,,4,2,2,,,
"Feb 4, 2024 5:00 AM",1,0,1,0,0,0,0,0,0,0,0,0,0,0,0,,,,0,0,0,,,
"Feb 4, 2024 6:00 AM",4,1,3,1,0,1,2,0,2,2,1,1,1,1,0,,,,2,2,0,,,
"Feb 4, 2024 7:00 AM",56,33,23,8,3,5,14,7,7,13,4,9,21,13,8,,,,8,3,5,,,
"Feb 4, 2024 8:00 AM",89,48,41,25,13,12,18,8,10,16,7,9,41,28,13,,,,20,12,8,,,
"Feb 4, 2024 9:00 AM",235,115,120,71,39,32,44,24,20,21,15,6,119,65,54,,,,21,14,7,,,
"Feb 4, 2024 10:00 AM",374,188,186,65,27,38,56,28,28,56,34,22,149,85,64,,,,49,23,26,,,
"Feb 4, 2024 11:00 AM",588,319,269,79,41,38,62,37,25,53,32,21,128,77,51,,,,36,21,15,,,
"Feb 4, 2024 12:00 PM",644,349,295,100,66,34,75,35,40,51,24,27,188,120,68,,,,54,26,28,,,
"Feb 4, 2024 1:00 PM",703,344,359,83,43,40,90,51,39,58,30,28,127,80,47,,,,58,34,24,,,
"Feb 4, 2024 2:00 PM",864,448,416,96,50,46,113,70,43,70,39,31,173,111,62,,,,59,25,34,,,
"Feb 4, 2024 3:00 PM",851,397,454,101,50,51,88,54,34,61,30,31,174,110,64,,,,58,17,41,,,
"Feb 4, 2024 4:00 PM",633,302,331,68,33,35,82,40,42,46,29,17,114,46,68,,,,43,22,21,,,
"Feb 4, 2024 5:00 PM",327,140,187,50,24,26,42,12,30,32,18,14,83,33,50,,,,49,29,20,,,
"Feb 4, 2024 6:00 PM",164,92,72,24,5,19,20,10,10,28,9,19,29,15,14,,,,38,19,19,,,
"Feb 4, 2024 7:00 PM",138,64,74,22,7,15,35,23,12,15,11,4,42,29,13,,,,30,14,16,,,
"Feb 4, 2024 8:00 PM",82,44,38,7,3,4,27,10,17,13,7,6,19,7,12,,,,30,12,18,,,
"Feb 4, 2024 9:00 PM",58,21,37,5,1,4,9,5,4,11,6,5,4,3,1,,,,14,5,9,,,
"Feb 4, 2024 10:00 PM",35,22,13,13,6,7,12,4,8,6,4,2,105,103,2,,,,11,4,7,,,
"Feb 4, 2024 11:00 PM",28,16,12,2,0,2,4,4,0,2,2,0,44,43,1,,,,3,3,0,,,
"Feb 5, 2024 12:00 AM",0,0,0,0,0,0,5,4,1,3,1,2,85,81,4,,,,2,2,0,,,
"Feb 5, 2024 1:00 AM",0,0,0,0,0,0,0,0,0,0,0,0,140,140,0,,,,8,6,2,,,
"Feb 5, 2024 2:00 AM",0,0,0,1,0,1,0,0,0,0,0,0,28,28,0,,,,5,4,1,,,
"Feb 5, 2024 3:00 AM",0,0,0,0,0,0,0,0,0,0,0,0,0,0,0,,,,1,1,0,,,
"Feb 5, 2024 4:00 AM",0,0,0,0,0,0,0,0,0,4,1,3,1,1,0,,,,2,2,0,,,
"Feb 5, 2024 5:00 AM",0,0,0,0,0,0,0,0,0,1,1,0,1,1,0,,,,0,0,0,,,
"Feb 5, 2024 6:00 AM",10,4,6,0,0,0,2,1,1,3,2,1,4,3,1,,,,4,1,3,,,
"Feb 5, 2024 7:00 AM",36,20,16,15,8,7,8,4,4,9,7,2,10,6,4,,,,11,8,3,,,
"Feb 5, 2024 8:00 AM",95,45,50,25,10,15,23,14,9,19,11,8,46,35,11,,,,17,8,9,,,
"Feb 5, 2024 9:00 AM",170,75,95,35,18,17,42,21,21,41,16,25,68,54,14,,,,18,7,11,,,
"Feb 5, 2024 10:00 AM",386,208,178,103,58,45,66,37,29,31,18,13,150,87,63,,,,39,19,20,,,
"Feb 5, 2024 11:00 AM",613,302,311,104,48,56,77,43,34,44,26,18,177,112,65,,,,43,27,16,,,
"Feb 5, 2024 12:00 PM",784,402,382,105,57,48,91,49,42,54,29,25,178,111,67,,,,85,60,25,,,
"Feb 5, 2024 1:00 PM",767,371,396,77,41,36,71,35,36,44,26,18,164,108,56,,,,51,22,29,,,
"Feb 5, 2024 2:00 PM",658,320,338,67,31,36,78,24,54,54,18,36,145,102,43,,,,67,30,37,,,
"Feb 5, 2024 3:00 PM",801,400,401,74,44,30,76,36,40,69,31,38,160,106,54,,,,50,22,28,,,
"Feb 5, 2024 4:00 PM",653,315,338,82,43,39,66,50,16,43,20,23,126,63,63,,,,64,28,36,,,
"Feb 5, 2024 5:00 PM",368,171,197,79,39,40,39,22,17,40,26,14,137,81,56,,,,44,25,19,,,
"Feb 5, 2024 6:00 PM",173,103,70,40,23,17,35,15,20,10,3,7,76,47,29,,,,44,23,21,,,
"Feb 5, 2024 7:00 PM",131,66,65,31,14,17,31,12,19,21,11,10,47,30,17,,,,41,25,16,,,
"Feb 5, 2024 8:00 PM",84,48,36,15,5,10,11,2,9,15,7,8,27,17,10,,,,29,16,13,,,
"Feb 5, 2024 9:00 PM",54,30,24,9,6,3,13,4,9,5,3,2,29,22,7,,,,11,5,6,,,
"Feb 5, 2024 10:00 PM",28,9,19,7,4,3,6,3,3,5,2,3,18,11,7,,,,6,3,3,,,
"Feb 5, 2024 11:00 PM",13,7,6,2,0,2,7,2,5,2,0,2,2,2,0,,,,5,3,2,,,
"Feb 6, 2024 12:00 AM",0,0,0,0,0,0,1,1,0,1,0,1,4,4,0,,,,5,5,0,,,
"Feb 6, 2024 1:00 AM",2,1,1,1,0,1,0,0,0,0,0,0,0,0,0,,,,1,1,0,,,
"Feb 6, 2024 2:00 AM",2,0,2,1,1,0,1,1,0,0,0,0,1,1,0,,,,0,0,0,,,
"Feb 6, 2024 3:00 AM",0,0,0,0,0,0,0,0,0,0,0,0,0,0,0,,,,0,0,0,,,
"Feb 6, 2024 4:00 AM",0,0,0,0,0,0,0,0,0,0,0,0,0,0,0,,,,2,2,0,,,
"Feb 6, 2024 5:00 AM",7,3,4,1,1,0,3,2,1,0,0,0,2,1,1,,,,2,0,2,,,
"Feb 6, 2024 6:00 AM",40,22,18,12,4,8,10,8,2,17,11,6,17,9,8,,,,8,5,3,,,
"Feb 6, 2024 7:00 AM",60,25,35,26,10,16,20,10,10,16,4,12,27,15,12,,,,21,7,14,,,
"Feb 6, 2024 8:00 AM",84,39,45,24,12,12,21,13,8,41,18,23,88,43,45,,,,70,46,24,,,
"Feb 6, 2024 9:00 AM",57,28,29,17,4,13,18,8,10,29,14,15,25,6,19,,,,31,14,17,,,
"Feb 6, 2024 10:00 AM",33,17,16,3,2,1,3,1,2,15,10,5,8,6,2,,,,19,6,13,,,
"Feb 6, 2024 11:00 AM",30,18,12,8,6,2,4,3,1,7,5,2,9,4,5,,,,19,10,9,,,
"Feb 6, 2024 12:00 PM",23,12,11,20,12,8,14,12,2,10,5,5,19,11,8,,,,17,8,9,,,
"Feb 6, 2024 1:00 PM",71,25,46,10,5,5,15,7,8,16,9,7,43,24,19,,,,48,20,28,,,
"Feb 6, 2024 2:00 PM",59,32,27,14,11,3,13,9,4,17,8,9,43,24,19,,,,49,11,38,,,
"Feb 6, 2024 3:00 PM",84,40,44,20,11,9,15,7,8,14,5,9,53,25,28,,,,73,25,48,,,
"Feb 6, 2024 4:00 PM",118,58,60,32,17,15,25,15,10,21,13,8,86,41,45,,,,60,28,32,,,
"Feb 6, 2024 5:00 PM",139,62,77,55,36,19,40,25,15,24,10,14,81,50,31,,,,68,39,29,,,
"Feb 6, 2024 6:00 PM",145,78,67,55,33,22,46,28,18,22,13,9,92,50,42,,,,60,34,26,,,
"Feb 6, 2024 7:00 PM",118,59,59,40,23,17,35,10,25,17,9,8,70,41,29,,,,62,32,30,,,
"Feb 6, 2024 8:00 PM",144,75,69,44,21,23,37,21,16,15,6,9,39,19,20,,,,38,11,27,,,
"Feb 6, 2024 9:00 PM",51,26,25,30,10,20,17,9,8,9,6,3,31,13,18,,,,15,8,7,,,
"Feb 6, 2024 10:00 PM",42,31,11,6,3,3,10,4,6,3,0,3,6,4,2,,,,12,5,7,,,
"Feb 6, 2024 11:00 PM",9,2,7,6,4,2,3,0,3,2,0,2,2,1,1,,,,11,5,6,,,
"Feb 7, 2024 12:00 AM",1,1,0,0,0,0,0,0,0,0,0,0,0,0,0,,,,2,1,1,,,
"Feb 7, 2024 1:00 AM",3,2,1,0,0,0,0,0,0,0,0,0,0,0,0,,,,4,4,0,,,
"Feb 7, 2024 2:00 AM",0,0,0,0,0,0,1,0,1,0,0,0,0,0,0,,,,0,0,0,,,
"Feb 7, 2024 3:00 AM",0,0,0,0,0,0,0,0,0,0,0,0,0,0,0,,,,0,0,0,,,
"Feb 7, 2024 4:00 AM",0,0,0,0,0,0,0,0,0,1,1,0,0,0,0,,,,2,2,0,,,
"Feb 7, 2024 5:00 AM",6,3,3,0,0,0,3,2,1,0,0,0,4,1,3,,,,3,1,2,,,
"Feb 7, 2024 6:00 AM",40,16,24,22,17,5,18,13,5,15,7,8,16,10,6,,,,13,5,8,,,
"Feb 7, 2024 7:00 AM",85,47,38,27,10,17,16,6,10,20,8,12,59,34,25,,,,31,11,20,,,
"Feb 7, 2024 8:00 AM",135,58,77,40,18,22,27,16,11,45,17,28,124,56,68,,,,109,70,39,,,
"Feb 7, 2024 9:00 AM",148,65,83,40,20,20,21,13,8,19,10,9,75,33,42,,,,35,8,27,,,
"Feb 7, 2024 10:00 AM",184,98,86,39,24,15,23,14,9,25,14,11,71,37,34,,,,49,20,29,,,
"Feb 7, 2024 11:00 AM",235,116,119,45,23,22,29,13,16,27,13,14,80,47,33,,,,51,19,32,,,
"Feb 7, 2024 12:00 PM",264,122,142,37,19,18,31,16,15,37,18,19,69,34,35,,,,53,23,30,,,
"Feb 7, 2024 1:00 PM",293,135,158,51,27,24,63,26,37,40,22,18,127,70,57,,,,80,35,45,,,
"Feb 7, 2024 2:00 PM",221,84,137,44,23,21,32,15,17,21,12,9,94,37,57,,,,81,26,55,,,
"Feb 7, 2024 3:00 PM",177,89,88,43,24,19,36,22,14,27,17,10,57,25,32,,,,87,35,52,,,
"Feb 7, 2024 4:00 PM",160,68,92,46,26,20,40,22,18,26,12,14,79,41,38,,,,73,28,45,,,
"Feb 7, 2024 5:00 PM",143,73,70,43,19,24,44,23,21,31,15,16,72,35,37,,,,84,43,41,,,
"Feb 7, 2024 6:00 PM",163,85,78,62,32,30,56,32,24,24,10,14,79,55,24,,,,67,37,30,,,
"Feb 7, 2024 7:00 PM",166,86,80,37,15,22,27,12,15,15,11,4,79,40,39,,,,59,27,32,,,
"Feb 7, 2024 8:00 PM",117,58,59,30,12,18,32,19,13,14,5,9,33,17,16,,,,46,13,33,,,
"Feb 7, 2024 9:00 PM",57,36,21,15,5,10,13,7,6,2,0,2,9,4,5,,,,29,13,16,,,
"Feb 7, 2024 10:00 PM",23,17,6,4,2,2,8,4,4,3,1,2,4,1,3,,,,12,4,8,,,
"Feb 7, 2024 11:00 PM",7,3,4,2,0,2,6,1,5,6,3,3,2,2,0,,,,5,2,3,,,
"Feb 8, 2024 12:00 AM",1,0,1,0,0,0,1,0,1,1,1,0,0,0,0,,,,2,1,1,,,
"Feb 8, 2024 1:00 AM",0,0,0,2,0,2,0,0,0,0,0,0,0,0,0,,,,2,2,0,,,
"Feb 8, 2024 2:00 AM",1,0,1,0,0,0,0,0,0,0,0,0,0,0,0,,,,0,0,0,,,
"Feb 8, 2024 3:00 AM",0,0,0,1,1,0,1,1,0,0,0,0,0,0,0,,,,0,0,0,,,
"Feb 8, 2024 4:00 AM",0,0,0,0,0,0,0,0,0,0,0,0,0,0,0,,,,2,2,0,,,
"Feb 8, 2024 5:00 AM",5,3,2,0,0,0,0,0,0,0,0,0,1,0,1,,,,2,0,2,,,
"Feb 8, 2024 6:00 AM",21,11,10,3,2,1,6,3,3,11,6,5,17,10,7,,,,3,2,1,,,
"Feb 8, 2024 7:00 AM",45,25,20,9,3,6,5,0,5,19,6,13,25,15,10,,,,18,6,12,,,
"Feb 8, 2024 8:00 AM",27,13,14,11,6,5,15,11,4,26,7,19,27,12,15,,,,64,40,24,,,
"Feb 8, 2024 9:00 AM",30,16,14,5,1,4,3,2,1,15,7,8,13,4,9,,,,22,10,12,,,
"Feb 8, 2024 10:00 AM",24,11,13,5,5,0,12,6,6,7,3,4,13,8,5,,,,20,11,9,,,
"Feb 8, 2024 11:00 AM",30,19,11,12,3,9,11,6,5,12,9,3,18,10,8,,,,14,7,7,,,
"Feb 8, 2024 12:00 PM",40,22,18,13,7,6,11,5,6,10,4,6,17,8,9,,,,24,9,15,,,
"Feb 8, 2024 1:00 PM",37,18,19,11,9,2,13,7,6,17,10,7,15,9,6,,,,25,13,12,,,
"Feb 8, 2024 2:00 PM",66,32,34,15,11,4,8,5,3,19,8,11,23,9,14,,,,25,10,15,,,
"Feb 8, 2024 3:00 PM",41,20,21,13,5,8,10,6,4,8,3,5,23,6,17,,,,44,11,33,,,
"Feb 8, 2024 4:00 PM",44,25,19,16,7,9,13,10,3,22,13,9,20,7,13,,,,35,18,17,,,
"Feb 8, 2024 5:00 PM",44,15,29,27,11,16,16,7,9,19,10,9,27,11,16,,,,26,14,12,,,
"Feb 8, 2024 6:00 PM",63,36,27,26,13,13,28,12,16,20,8,12,21,11,10,,,,29,16,13,,,
"Feb 8, 2024 7:00 PM",77,43,34,25,14,11,25,9,16,8,6,2,47,24,23,,,,26,16,10,,,
"Feb 8, 2024 8:00 PM",32,19,13,16,7,9,18,12,6,12,8,4,43,20,23,,,,19,10,9,,,
"Feb 8, 2024 9:00 PM",37,20,17,17,10,7,11,6,5,2,2,0,18,7,11,,,,20,11,9,,,
"Feb 8, 2024 10:00 PM",7,4,3,2,1,1,2,1,1,1,0,1,1,1,0,,,,9,2,7,,,
"Feb 8, 2024 11:00 PM",2,2,0,3,2,1,3,1,2,0,0,0,3,0,3,,,,3,2,1,,,
"Feb 9, 2024 12:00 AM",0,0,0,0,0,0,0,0,0,1,1,0,0,0,0,,,,1,0,1,,,
"Feb 9, 2024 1:00 AM",1,1,0,0,0,0,0,0,0,1,0,1,0,0,0,,,,2,2,0,,,
"Feb 9, 2024 2:00 AM",0,0,0,0,0,0,0,0,0,2,1,1,0,0,0,,,,0,0,0,,,
"Feb 9, 2024 3:00 AM",0,0,0,0,0,0,0,0,0,1,0,1,0,0,0,,,,2,1,1,,,
"Feb 9, 2024 4:00 AM",0,0,0,1,0,1,1,0,1,0,0,0,0,0,0,,,,2,2,0,,,
"Feb 9, 2024 5:00 AM",6,4,2,0,0,0,2,1,1,0,0,0,1,1,0,,,,1,0,1,,,
"Feb 9, 2024 6:00 AM",45,21,24,11,6,5,13,7,6,6,3,3,13,6,7,,,,10,4,6,,,
"Feb 9, 2024 7:00 AM",72,45,27,28,14,14,18,9,9,18,8,10,45,24,21,,,,24,7,17,,,
"Feb 9, 2024 8:00 AM",128,58,70,44,16,28,33,22,11,43,16,27,81,47,34,,,,82,58,24,,,
"Feb 9, 2024 9:00 AM",154,77,77,37,18,19,36,25,11,40,23,17,181,129,52,,,,42,20,22,,,
"Feb 9, 2024 10:00 AM",158,77,81,44,23,21,38,22,16,29,12,17,78,51,27,,,,30,12,18,,,
"Feb 9, 2024 11:00 AM",151,70,81,29,16,13,31,15,16,35,21,14,153,96,57,,,,36,12,24,,,
"Feb 9, 2024 12:00 PM",195,93,102,44,26,18,32,12,20,38,17,21,99,61,38,,,,66,17,49,,,
"Feb 9, 2024 1:00 PM",187,96,91,44,18,26,29,17,12,35,17,18,70,41,29,,,,77,27,50,,,
"Feb 9, 2024 2:00 PM",197,101,96,37,21,16,27,16,11,27,11,16,54,27,27,,,,64,30,34,,,
"Feb 9, 2024 3:00 PM",164,100,64,39,15,24,33,19,14,39,19,20,180,129,51,,,,51,22,29,,,
"Feb 9, 2024 4:00 PM",182,78,104,38,26,12,29,10,19,20,8,12,244,163,81,,,,59,31,28,,,
"Feb 9, 2024 5:00 PM",190,92,98,52,24,28,40,20,20,17,8,9,110,65,45,,,,65,27,38,,,
"Feb 9, 2024 6:00 PM",116,54,62,49,28,21,41,22,19,29,14,15,139,99,40,,,,50,18,32,,,
"Feb 9, 2024 7:00 PM",94,45,49,46,29,17,35,16,19,18,6,12,70,38,32,,,,40,18,22,,,
"Feb 9, 2024 8:00 PM",96,54,42,19,6,13,15,7,8,17,3,14,44,29,15,,,,33,13,20,,,
"Feb 9, 2024 9:00 PM",50,31,19,8,2,6,5,5,0,6,4,2,267,131,136,,,,14,10,4,,,
"Feb 9, 2024 10:00 PM",20,9,11,3,2,1,13,6,7,7,4,3,240,174,66,,,,12,7,5,,,
"Feb 9, 2024 11:00 PM",18,5,13,5,3,2,5,4,1,5,1,4,49,29,20,,,,8,7,1,,,
"Feb 10, 2024 12:00 AM",1,0,1,1,0,1,1,1,0,3,2,1,30,23,7,,,,5,5,0,,,
"Feb 10, 2024 1:00 AM",0,0,0,2,0,2,2,0,2,3,1,2,28,14,14,,,,3,3,0,,,
"Feb 10, 2024 2:00 AM",0,0,0,0,0,0,0,0,0,0,0,0,2,2,0,,,,1,1,0,,,
"Feb 10, 2024 3:00 AM",0,0,0,2,1,1,1,0,1,1,0,1,21,2,19,,,,0,0,0,,,
"Feb 10, 2024 4:00 AM",0,0,0,0,0,0,2,0,2,0,0,0,1,1,0,,,,2,2,0,,,
"Feb 10, 2024 5:00 AM",1,1,0,0,0,0,0,0,0,0,0,0,0,0,0,,,,1,1,0,,,
"Feb 10, 2024 6:00 AM",8,2,6,2,1,1,4,2,2,1,0,1,3,1,2,,,,3,2,1,,,
"Feb 10, 2024 7:00 AM",57,28,29,16,10,6,20,12,8,4,2,2,33,19,14,,,,10,3,7,,,
"Feb 10, 2024 8:00 AM",151,70,81,42,20,22,33,18,15,31,13,18,82,47,35,,,,21,14,7,,,
"Feb 10, 2024 9:00 AM",246,115,131,111,68,43,57,30,27,32,19,13,110,70,40,,,,43,14,29,,,
"Feb 10, 2024 10:00 AM",360,171,189,153,69,84,57,36,21,52,23,29,185,127,58,,,,35,23,12,,,
"Feb 10, 2024 11:00 AM",519,254,265,137,68,69,71,38,33,56,33,23,304,186,118,,,,61,35,26,,,
"Feb 10, 2024 12:00 PM",547,231,316,125,61,64,74,38,36,50,26,24,339,230,109,,,,62,32,30,,,
"Feb 10, 2024 1:00 PM",513,261,252,111,63,48,93,52,41,49,26,23,184,110,74,,,,53,24,29,,,
"Feb 10, 2024 2:00 PM",652,313,339,104,52,52,68,42,26,51,28,23,167,100,67,,,,51,24,27,,,
"Feb 10, 2024 3:00 PM",594,289,305,75,41,34,75,46,29,43,22,21,214,113,101,,,,34,20,14,,,
"Feb 10, 2024 4:00 PM",444,214,230,85,46,39,71,44,27,42,18,24,172,98,74,,,,57,33,24,,,
"Feb 10, 2024 5:00 PM",280,115,165,60,30,30,52,30,22,25,11,14,249,144,105,,,,39,18,21,,,
"Feb 10, 2024 6:00 PM",175,103,72,59,44,15,39,16,23,9,5,4,124,90,34,,,,41,21,20,,,
"Feb 10, 2024 7:00 PM",89,40,49,56,43,13,28,16,12,5,2,3,89,50,39,,,,34,16,18,,,
"Feb 10, 2024 8:00 PM",81,40,41,15,5,10,21,13,8,6,5,1,44,23,21,,,,25,10,15,,,
"Feb 10, 2024 9:00 PM",42,17,25,67,8,59,11,6,5,5,4,1,51,37,14,,,,19,7,12,,,
"Feb 10, 2024 10:00 PM",12,9,3,13,6,7,8,3,5,4,2,2,47,44,3,,,,15,6,9,,,
"Feb 10, 2024 11:00 PM",14,10,4,3,2,1,2,1,1,8,4,4,32,24,8,,,,8,2,6,,,
"Feb 11, 2024 12:00 AM",0,0,0,0,0,0,1,0,1,4,0,4,66,61,5,,,,11,10,1,,,
"Feb 11, 2024 1:00 AM",3,3,0,1,1,0,4,4,0,2,2,0,131,124,7,,,,3,3,0,,,
"Feb 11, 2024 2:00 AM",0,0,0,3,0,3,0,0,0,2,0,2,0,0,0,,,,3,0,3,,,
"Feb 11, 2024 3:00 AM",0,0,0,0,0,0,0,0,0,1,0,1,11,7,4,,,,2,1,1,,,
"Feb 11, 2024 4:00 AM",0,0,0,0,0,0,1,0,1,1,0,1,32,29,3,,,,3,0,3,,,
"Feb 11, 2024 5:00 AM",1,1,0,0,0,0,0,0,0,0,0,0,4,3,1,,,,2,2,0,,,
"Feb 11, 2024 6:00 AM",13,4,9,6,4,2,7,4,3,1,0,1,100,93,7,,,,2,1,1,,,
"Feb 11, 2024 7:00 AM",46,19,27,9,4,5,8,3,5,11,4,7,20,14,6,,,,9,5,4,,,
"Feb 11, 2024 8:00 AM",135,70,65,40,22,18,29,14,15,20,7,13,79,49,30,,,,16,9,7,,,
"Feb 11, 2024 9:00 AM",258,120,138,66,34,32,52,34,18,27,20,7,155,104,51,,,,20,11,9,,,
"Feb 11, 2024 10:00 AM",609,313,296,119,70,49,80,42,38,39,26,13,228,154,74,,,,47,28,19,,,
"Feb 11, 2024 11:00 AM",813,429,384,155,90,65,137,87,50,59,25,34,283,171,112,,,,71,43,28,,,
"Feb 11, 2024 12:00 PM",886,431,455,202,116,86,127,77,50,77,43,34,285,163,122,,,,60,32,28,,,
"Feb 11, 2024 1:00 PM",907,459,448,124,70,54,111,68,43,77,42,35,263,166,97,,,,77,30,47,,,
"Feb 11, 2024 2:00 PM",964,489,475,142,77,65,82,55,27,43,24,19,237,150,87,,,,67,26,41,,,
"Feb 11, 2024 3:00 PM",794,372,422,90,45,45,60,33,27,36,19,17,230,154,76,,,,57,20,37,,,
"Feb 11, 2024 4:00 PM",606,301,305,65,30,35,60,25,35,49,28,21,262,181,81,,,,46,22,24,,,
"Feb 11, 2024 5:00 PM",361,169,192,59,31,28,32,14,18,37,23,14,596,420,176,,,,52,23,29,,,
"Feb 11, 2024 6:00 PM",179,95,84,50,19,31,21,11,10,26,14,12,391,254,137,,,,36,20,16,,,
"Feb 11, 2024 7:00 PM",103,49,54,24,13,11,28,14,14,14,9,5,160,91,69,,,,23,11,12,,,
"Feb 11, 2024 8:00 PM",57,35,22,11,5,6,13,5,8,10,5,5,197,123,74,,,,18,10,8,,,
"Feb 11, 2024 9:00 PM",42,18,24,13,7,6,10,6,4,10,3,7,267,164,103,,,,11,6,5,,,
"Feb 11, 2024 10:00 PM",17,13,4,3,2,1,4,4,0,4,4,0,262,165,97,,,,13,5,8,,,
"Feb 11, 2024 11:00 PM",9,6,3,0,0,0,1,0,1,1,0,1,119,72,47,,,,6,3,3,,,
"Feb 12, 2024 12:00 AM",0,0,0,0,0,0,1,0,1,1,0,1,89,39,50,,,,6,6,0,,,
"Feb 12, 2024 1:00 AM",0,0,0,0,0,0,0,0,0,0,0,0,271,62,209,,,,3,0,3,,,
"Feb 12, 2024 2:00 AM",0,0,0,0,0,0,0,0,0,1,0,1,2,2,0,,,,0,0,0,,,
"Feb 12, 2024 3:00 AM",0,0,0,0,0,0,0,0,0,0,0,0,7,3,4,,,,6,4,2,,,
"Feb 12, 2024 4:00 AM",1,1,0,0,0,0,0,0,0,0,0,0,12,5,7,,,,2,2,0,,,
"Feb 12, 2024 5:00 AM",4,2,2,3,2,1,2,1,1,0,0,0,65,48,17,,,,4,0,4,,,
"Feb 12, 2024 6:00 AM",33,16,17,10,4,6,14,11,3,4,2,2,52,38,14,,,,6,3,3,,,
"Feb 12, 2024 7:00 AM",99,62,37,22,11,11,18,11,7,17,9,8,193,136,57,,,,21,11,10,,,
"Feb 12, 2024 8:00 AM",112,53,59,36,16,20,28,13,15,26,11,15,289,189,100,,,,63,37,26,,,
"Feb 12, 2024 9:00 AM",130,60,70,43,22,21,24,14,10,33,14,19,81,51,30,,,,28,11,17,,,
"Feb 12, 2024 10:00 AM",236,104,132,61,26,35,42,21,21,36,27,9,130,96,34,,,,34,18,16,,,
"Feb 12, 2024 11:00 AM",302,153,149,57,25,32,47,24,23,30,11,19,104,63,41,,,,45,19,26,,,
"Feb 12, 2024 12:00 PM",423,227,196,55,33,22,45,13,32,44,24,20,181,120,61,,,,49,26,23,,,
"Feb 12, 2024 1:00 PM",402,197,205,60,37,23,54,38,16,34,13,21,203,137,66,,,,50,23,27,,,
"Feb 12, 2024 2:00 PM",312,137,175,49,18,31,38,16,22,26,14,12,164,107,57,,,,62,28,34,,,
"Feb 12, 2024 3:00 PM",309,157,152,62,25,37,53,28,25,38,17,21,239,163,76,,,,64,33,31,,,
"Feb 12, 2024 4:00 PM",240,126,114,54,28,26,42,23,19,32,17,15,251,164,87,,,,56,17,39,,,
"Feb 12, 2024 5:00 PM",189,87,102,50,23,27,42,21,21,23,9,14,306,191,115,,,,64,38,26,,,
"Feb 12, 2024 6:00 PM",161,83,78,64,34,30,35,17,18,19,11,8,280,228,52,,,,55,23,32,,,
"Feb 12, 2024 7:00 PM",133,71,62,42,26,16,31,17,14,18,9,9,92,65,27,,,,49,27,22,,,
"Feb 12, 2024 8:00 PM",67,40,27,37,17,20,27,13,14,13,6,7,209,157,52,,,,29,10,19,,,
"Feb 12, 2024 9:00 PM",57,40,17,8,3,5,6,4,2,9,5,4,581,351,230,,,,33,16,17,,,
"Feb 12, 2024 10:00 PM",22,12,10,12,6,6,10,4,6,7,4,3,387,173,214,,,,12,5,7,,,
"Feb 12, 2024 11:00 PM",5,4,1,3,1,2,5,2,3,2,0,2,492,247,245,,,,10,8,2,,,
"Feb 13, 2024 12:00 AM",0,0,0,0,0,0,0,0,0,0,0,0,288,152,136,,,,3,3,0,,,
"Feb 13, 2024 1:00 AM",0,0,0,0,0,0,0,0,0,1,0,1,98,39,59,,,,2,1,1,,,
"Feb 13, 2024 2:00 AM",0,0,0,0,0,0,0,0,0,0,0,0,37,28,9,,,,1,1,0,,,
"Feb 13, 2024 3:00 AM",0,0,0,0,0,0,0,0,0,0,0,0,5,3,2,,,,1,1,0,,,
"Feb 13, 2024 4:00 AM",0,0,0,0,0,0,0,0,0,0,0,0,30,15,15,,,,4,4,0,,,
"Feb 13, 2024 5:00 AM",4,3,1,2,1,1,3,0,3,0,0,0,13,8,5,,,,3,0,3,,,
"Feb 13, 2024 6:00 AM",29,14,15,16,8,8,16,12,4,7,5,2,572,458,114,,,,9,5,4,,,
"Feb 13, 2024 7:00 AM",91,41,50,25,12,13,17,5,12,16,9,7,169,118,51,,,,18,10,8,,,
"Feb 13, 2024 8:00 AM",120,59,61,31,15,16,31,15,16,28,11,17,196,122,74,,,,81,47,34,,,
"Feb 13, 2024 9:00 AM",131,72,59,19,8,11,23,14,9,27,15,12,171,108,63,,,,39,14,25,,,
"Feb 13, 2024 10:00 AM",159,78,81,33,20,13,31,22,9,28,19,9,246,163,83,,,,55,17,38,,,
"Feb 13, 2024 11:00 AM",224,118,106,42,28,14,28,16,12,26,14,12,91,58,33,,,,52,27,25,,,
"Feb 13, 2024 12:00 PM",218,92,126,29,10,19,29,15,14,34,15,19,140,80,60,,,,56,35,21,,,
"Feb 13, 2024 1:00 PM",232,114,118,41,25,16,36,20,16,47,24,23,222,126,96,,,,72,40,32,,,
"Feb 13, 2024 2:00 PM",172,80,92,32,16,16,31,12,19,30,14,16,123,80,43,,,,73,37,36,,,
"Feb 13, 2024 3:00 PM",205,103,102,33,16,17,31,13,18,35,22,13,208,137,71,,,,44,22,22,,,
"Feb 13, 2024 4:00 PM",185,95,90,25,18,7,33,18,15,26,15,11,668,324,344,,,,65,28,37,,,
"Feb 13, 2024 5:00 PM",87,40,47,43,21,22,46,27,19,23,12,11,277,166,111,,,,51,16,35,,,
"Feb 13, 2024 6:00 PM",69,32,37,28,18,10,15,11,4,15,8,7,166,72,94,,,,53,34,19,,,
"Feb 13, 2024 7:00 PM",90,44,46,38,25,13,18,10,8,11,6,5,65,38,27,,,,44,21,23,,,
"Feb 13, 2024 8:00 PM",64,40,24,19,12,7,25,11,14,8,4,4,75,39,36,,,,28,12,16,,,
"Feb 13, 2024 9:00 PM",34,21,13,15,7,8,8,3,5,7,2,5,70,38,32,,,,19,10,9,,,
"Feb 13, 2024 10:00 PM",22,13,9,12,7,5,8,5,3,3,2,1,78,24,54,,,,9,3,6,,,
"Feb 13, 2024 11:00 PM",5,3,2,2,0,2,2,0,2,2,0,2,7,1,6,,,,4,2,2,,,
"Feb 14, 2024 12:00 AM",4,3,1,1,0,1,3,0,3,0,0,0,16,5,11,,,,4,4,0,,,
"Feb 14, 2024 1:00 AM",1,1,0,0,0,0,1,0,1,0,0,0,20,15,5,,,,0,0,0,,,
"Feb 14, 2024 2:00 AM",0,0,0,1,0,1,0,0,0,1,0,1,2,2,0,,,,0,0,0,,,
"Feb 14, 2024 3:00 AM",0,0,0,1,1,0,2,1,1,2,1,1,5,5,0,,,,0,0,0,,,
"Feb 14, 2024 4:00 AM",1,1,0,0,0,0,0,0,0,0,0,0,1,1,0,,,,2,2,0,,,
"Feb 14, 2024 5:00 AM",7,4,3,1,1,0,4,4,0,0,0,0,9,7,2,,,,6,2,4,,,
"Feb 14, 2024 6:00 AM",32,16,16,34,23,11,23,16,7,9,3,6,34,21,13,,,,11,7,4,,,
"Feb 14, 2024 7:00 AM",98,47,51,43,18,25,17,10,7,15,10,5,81,50,31,,,,21,12,9,,,
"Feb 14, 2024 8:00 AM",118,54,64,36,15,21,36,18,18,33,12,21,138,91,47,,,,56,32,24,,,
"Feb 14, 2024 9:00 AM",145,80,65,25,14,11,23,17,6,26,11,15,83,51,32,,,,39,12,27,,,
"Feb 14, 2024 10:00 AM",188,100,88,35,19,16,45,27,18,19,11,8,148,90,58,,,,41,19,22,,,
"Feb 14, 2024 11:00 AM",264,137,127,46,18,28,45,24,21,18,12,6,164,88,76,,,,38,18,20,,,
"Feb 14, 2024 12:00 PM",293,149,144,47,26,21,35,19,16,44,21,23,220,159,61,,,,62,31,31,,,
"Feb 14, 2024 1:00 PM",304,169,135,45,24,21,50,32,18,37,19,18,205,142,63,,,,50,23,27,,,
"Feb 14, 2024 2:00 PM",234,109,125,31,13,18,20,7,13,32,16,16,145,102,43,,,,69,27,42,,,
"Feb 14, 2024 3:00 PM",262,140,122,31,17,14,25,16,9,29,12,17,182,118,64,,,,50,26,24,,,
"Feb 14, 2024 4:00 PM",225,93,132,42,22,20,44,29,15,26,9,17,209,119,90,,,,70,38,32,,,
"Feb 14, 2024 5:00 PM",121,57,64,31,18,13,42,24,18,25,14,11,191,130,61,,,,57,26,31,,,
"Feb 14, 2024 6:00 PM",99,45,54,39,17,22,36,17,19,18,7,11,93,63,30,,,,40,21,19,,,
"Feb 14, 2024 7:00 PM",92,50,42,30,16,14,20,8,12,10,7,3,61,36,25,,,,36,18,18,,,
"Feb 14, 2024 8:00 PM",63,30,33,19,11,8,18,11,7,6,1,5,56,21,35,,,,24,10,14,,,
"Feb 14, 2024 9:00 PM",60,30,30,13,9,4,16,10,6,1,1,0,66,35,31,,,,17,3,14,,,
"Feb 14, 2024 10:00 PM",36,24,12,5,2,3,11,6,5,5,2,3,104,34,70,,,,15,10,5,,,
"Feb 14, 2024 11:00 PM",19,7,12,4,1,3,2,0,2,3,2,1,25,15,10,,,,19,11,8,,,
"Feb 15, 2024 12:00 AM",1,1,0,0,0,0,1,0,1,1,0,1,27,12,15,,,,2,1,1,,,
"Feb 15, 2024 1:00 AM",1,0,1,0,0,0,1,1,0,0,0,0,12,6,6,,,,3,2,1,,,
"Feb 15, 2024 2:00 AM",0,0,0,1,0,1,0,0,0,0,0,0,1,1,0,,,,0,0,0,,,
"Feb 15, 2024 3:00 AM",0,0,0,0,0,0,0,0,0,0,0,0,0,0,0,,,,1,1,0,,,
"Feb 15, 2024 4:00 AM",0,0,0,0,0,0,0,0,0,0,0,0,3,2,1,,,,3,2,1,,,
"Feb 15, 2024 5:00 AM",7,3,4,1,0,1,1,1,0,0,0,0,0,0,0,,,,3,0,3,,,
"Feb 15, 2024 6:00 AM",30,12,18,6,5,1,12,8,4,15,7,8,18,7,11,,,,16,6,10,,,
"Feb 15, 2024 7:00 AM",70,33,37,24,13,11,22,11,11,12,7,5,65,38,27,,,,25,11,14,,,
"Feb 15, 2024 8:00 AM",126,69,57,39,13,26,33,17,16,23,8,15,88,42,46,,,,38,16,22,,,
"Feb 15, 2024 9:00 AM",101,50,51,28,11,17,39,23,16,14,7,7,100,69,31,,,,47,21,26,,,
"Feb 15, 2024 10:00 AM",153,76,77,24,17,7,28,19,9,22,17,5,69,43,26,,,,23,11,12,,,
"Feb 15, 2024 11:00 AM",203,117,86,41,19,22,33,14,19,20,7,13,103,58,45,,,,44,17,27,,,
"Feb 15, 2024 12:00 PM",242,120,122,49,28,21,32,17,15,41,21,20,130,83,47,,,,42,24,18,,,
"Feb 15, 2024 1:00 PM",295,159,136,48,21,27,49,32,17,38,17,21,412,258,154,,,,49,29,20,,,
"Feb 15, 2024 2:00 PM",238,102,136,40,21,19,32,19,13,47,22,25,168,82,86,,,,53,25,28,,,
"Feb 15, 2024 3:00 PM",310,147,163,36,19,17,41,15,26,44,16,28,160,92,68,,,,54,22,32,,,
"Feb 15, 2024 4:00 PM",223,101,122,41,21,20,46,23,23,33,16,17,487,232,255,,,,71,31,40,,,
"Feb 15, 2024 5:00 PM",210,108,102,54,32,22,59,34,25,38,22,16,333,143,190,,,,76,42,34,,,
"Feb 15, 2024 6:00 PM",198,105,93,68,33,35,47,21,26,19,10,9,353,176,177,,,,95,59,36,,,
"Feb 15, 2024 7:00 PM",163,81,82,55,34,21,62,36,26,23,10,13,272,120,152,,,,79,40,39,,,
"Feb 15, 2024 8:00 PM",98,54,44,42,20,22,37,19,18,14,7,7,180,85,95,,,,29,14,15,,,
"Feb 15, 2024 9:00 PM",58,37,21,23,6,17,16,11,5,1,1,0,178,73,105,,,,17,8,9,,,
"Feb 15, 2024 10:00 PM",36,14,22,7,2,5,14,5,9,4,2,2,245,119,126,,,,19,11,8,,,
"Feb 15, 2024 11:00 PM",10,7,3,1,1,0,4,2,2,4,3,1,159,72,87,,,,13,9,4,,,
"Feb 16, 2024 12:00 AM",1,1,0,1,0,1,1,0,1,0,0,0,145,78,67,,,,8,6,2,,,
"Feb 16, 2024 1:00 AM",1,0,1,0,0,0,1,0,1,0,0,0,76,24,52,,,,3,1,2,,,
"Feb 16, 2024 2:00 AM",1,0,1,0,0,0,0,0,0,0,0,0,492,140,352,,,,0,0,0,,,
"Feb 16, 2024 3:00 AM",0,0,0,0,0,0,0,0,0,0,0,0,15,5,10,,,,3,2,1,,,
"Feb 16, 2024 4:00 AM",2,2,0,0,0,0,0,0,0,1,1,0,8,6,2,,,,5,2,3,,,
"Feb 16, 2024 5:00 AM",3,1,2,1,1,0,3,1,2,0,0,0,10,8,2,,,,4,1,3,,,
"Feb 16, 2024 6:00 AM",18,7,11,7,4,3,8,3,5,2,1,1,40,26,14,,,,11,5,6,,,
"Feb 16, 2024 7:00 AM",95,50,45,34,23,11,16,10,6,18,7,11,78,47,31,,,,22,12,10,,,
"Feb 16, 2024 8:00 AM",141,74,67,45,17,28,30,18,12,24,15,9,176,92,84,,,,29,12,17,,,
"Feb 16, 2024 9:00 AM",135,65,70,31,14,17,31,16,15,24,13,11,173,104,69,,,,51,20,31,,,
"Feb 16, 2024 10:00 AM",232,135,97,59,31,28,46,28,18,22,13,9,285,169,116,,,,35,15,20,,,
"Feb 16, 2024 11:00 AM",389,194,195,75,27,48,65,40,25,45,19,26,291,199,92,,,,48,31,17,,,
"Feb 16, 2024 12:00 PM",408,205,203,53,22,31,32,15,17,46,26,20,367,228,139,,,,65,38,27,,,
"Feb 16, 2024 1:00 PM",406,226,180,55,29,26,74,50,24,47,21,26,376,193,183,,,,52,28,24,,,
"Feb 16, 2024 2:00 PM",306,166,140,33,24,9,27,13,14,28,15,13,212,123,89,,,,46,23,23,,,
"Feb 16, 2024 3:00 PM",286,126,160,39,23,16,44,22,22,43,16,27,659,327,332,,,,80,35,45,,,
"Feb 16, 2024 4:00 PM",320,166,154,59,31,28,36,17,19,35,18,17,795,461,334,,,,43,23,20,,,
"Feb 16, 2024 5:00 PM",308,140,168,70,44,26,64,38,26,40,16,24,404,242,162,,,,71,34,37,,,
"Feb 16, 2024 6:00 PM",239,115,124,71,23,48,58,27,31,23,11,12,234,149,85,,,,85,30,55,,,
"Feb 16, 2024 7:00 PM",134,65,69,28,13,15,45,19,26,18,11,7,155,97,58,,,,65,36,29,,,
"Feb 16, 2024 8:00 PM",103,49,54,23,9,14,25,10,15,10,4,6,315,158,157,,,,33,16,17,,,
"Feb 16, 2024 9:00 PM",46,18,28,16,8,8,19,11,8,6,3,3,105,68,37,,,,32,15,17,,,
"Feb 16, 2024 10:00 PM",33,17,16,12,6,6,14,9,5,7,5,2,35,23,12,,,,20,11,9,,,
"Feb 16, 2024 11:00 PM",17,12,5,11,5,6,11,7,4,6,3,3,94,47,47,,,,6,6,0,,,
"Feb 17, 2024 12:00 AM",2,1,1,0,0,0,5,3,2,2,0,2,327,121,206,,,,6,4,2,,,
"Feb 17, 2024 1:00 AM",8,4,4,1,1,0,3,2,1,0,0,0,88,47,41,,,,4,3,1,,,
"Feb 17, 2024 2:00 AM",4,2,2,0,0,0,1,0,1,1,0,1,164,43,121,,,,1,1,0,,,
"Feb 17, 2024 3:00 AM",0,0,0,0,0,0,0,0,0,0,0,0,9,4,5,,,,4,1,3,,,
"Feb 17, 2024 4:00 AM",1,1,0,0,0,0,1,0,1,0,0,0,2,2,0,,,,1,1,0,,,
"Feb 17, 2024 5:00 AM",3,2,1,1,0,1,1,0,1,0,0,0,4,3,1,,,,0,0,0,,,
"Feb 17, 2024 6:00 AM",15,5,10,4,2,2,1,1,0,3,1,2,19,18,1,,,,1,1,0,,,
"Feb 17, 2024 7:00 AM",71,31,40,24,12,12,22,14,8,15,5,10,40,22,18,,,,13,7,6,,,
"Feb 17, 2024 8:00 AM",164,93,71,58,27,31,44,29,15,24,9,15,145,80,65,,,,18,9,9,,,
"Feb 17, 2024 9:00 AM",255,126,129,78,33,45,63,32,31,38,21,17,193,107,86,,,,36,16,20,,,
"Feb 17, 2024 10:00 AM",293,137,156,97,65,32,80,37,43,32,20,12,255,178,77,,,,38,17,21,,,
"Feb 17, 2024 11:00 AM",271,135,136,76,36,40,62,32,30,22,12,10,190,91,99,,,,34,21,13,,,
"Feb 17, 2024 12:00 PM",230,111,119,59,23,36,54,25,29,32,20,12,105,61,44,,,,33,20,13,,,
"Feb 17, 2024 1:00 PM",272,143,129,43,20,23,49,27,22,44,29,15,105,73,32,,,,30,13,17,,,
"Feb 17, 2024 2:00 PM",298,153,145,40,22,18,43,24,19,38,22,16,185,118,67,,,,45,23,22,,,
"Feb 17, 2024 3:00 PM",412,226,186,61,38,23,61,28,33,38,17,21,317,208,109,,,,66,43,23,,,
"Feb 17, 2024 4:00 PM",359,179,180,66,38,28,62,33,29,43,16,27,177,84,93,,,,57,21,36,,,
"Feb 17, 2024 5:00 PM",302,161,141,40,13,27,68,37,31,33,19,14,167,98,69,,,,56,26,30,,,
"Feb 17, 2024 6:00 PM",222,106,116,33,16,17,49,26,23,29,9,20,129,68,61,,,,28,10,18,,,
"Feb 17, 2024 7:00 PM",135,68,67,27,14,13,30,14,16,18,7,11,83,51,32,,,,31,14,17,,,
"Feb 17, 2024 8:00 PM",101,59,42,19,13,6,28,18,10,11,5,6,50,41,9,,,,27,17,10,,,
"Feb 17, 2024 9:00 PM",61,31,30,14,5,9,33,10,23,10,6,4,52,27,25,,,,24,11,13,,,
"Feb 17, 2024 10:00 PM",50,32,18,20,6,14,10,7,3,5,4,1,47,33,14,,,,18,9,9,,,
"Feb 17, 2024 11:00 PM",19,11,8,2,1,1,5,2,3,7,0,7,82,51,31,,,,10,8,2,,,
"Feb 18, 2024 12:00 AM",0,0,0,0,0,0,4,2,2,3,0,3,101,85,16,,,,4,1,3,,,
"Feb 18, 2024 1:00 AM",1,0,1,2,0,2,2,1,1,0,0,0,17,14,3,,,,3,2,1,,,
"Feb 18, 2024 2:00 AM",4,3,1,0,0,0,0,0,0,0,0,0,11,8,3,,,,0,0,0,,,
"Feb 18, 2024 3:00 AM",1,1,0,0,0,0,0,0,0,4,3,1,10,3,7,,,,4,1,3,,,
"Feb 18, 2024 4:00 AM",3,2,1,0,0,0,1,1,0,1,0,1,145,45,100,,,,1,1,0,,,
"Feb 18, 2024 5:00 AM",4,1,3,0,0,0,0,0,0,0,0,0,15,6,9,,,,1,1,0,,,
"Feb 18, 2024 6:00 AM",13,5,8,4,3,1,5,4,1,1,0,1,54,17,37,,,,2,1,1,,,
"Feb 18, 2024 7:00 AM",50,29,21,11,7,4,10,2,8,9,4,5,44,25,19,,,,3,2,1,,,
"Feb 18, 2024 8:00 AM",173,90,83,49,32,17,38,24,14,27,19,8,102,61,41,,,,16,11,5,,,
"Feb 18, 2024 9:00 AM",320,155,165,86,48,38,59,39,20,46,21,25,150,97,53,,,,31,15,16,,,
"Feb 18, 2024 10:00 AM",498,259,239,119,49,70,95,56,39,51,38,13,273,169,104,,,,54,19,35,,,
"Feb 18, 2024 11:00 AM",766,386,380,171,93,78,118,71,47,69,42,27,304,190,114,,,,81,38,43,,,
"Feb 18, 2024 12:00 PM",1017,526,491,143,72,71,130,79,51,62,24,38,323,190,133,,,,59,32,27,,,
"Feb 18, 2024 1:00 PM",1098,575,523,148,85,63,111,67,44,76,40,36,313,196,117,,,,69,32,37,,,
"Feb 18, 2024 2:00 PM",1134,589,545,155,93,62,137,83,54,75,36,39,246,161,85,,,,75,42,33,,,
"Feb 18, 2024 3:00 PM",1004,470,534,87,42,45,146,64,82,72,28,44,248,144,104,,,,59,17,42,,,
"Feb 18, 2024 4:00 PM",910,436,474,89,40,49,92,42,50,45,26,19,327,170,157,,,,76,38,38,,,
"Feb 18, 2024 5:00 PM",623,271,352,77,44,33,78,34,44,44,20,24,829,359,470,,,,55,26,29,,,
"Feb 18, 2024 6:00 PM",289,141,148,67,33,34,47,29,18,27,15,12,543,249,294,,,,42,19,23,,,
"Feb 18, 2024 7:00 PM",102,48,54,30,19,11,31,19,12,13,6,7,276,195,81,,,,37,13,24,,,
"Feb 18, 2024 8:00 PM",77,37,40,21,13,8,18,6,12,16,7,9,174,79,95,,,,23,12,11,,,
"Feb 18, 2024 9:00 PM",73,45,28,13,5,8,13,5,8,4,0,4,393,190,203,,,,19,13,6,,,
"Feb 18, 2024 10:00 PM",21,13,8,9,2,7,8,6,2,6,2,4,229,98,131,,,,11,5,6,,,
"Feb 18, 2024 11:00 PM",6,4,2,2,1,1,3,1,2,2,0,2,101,51,50,,,,4,1,3,,,
"Feb 19, 2024 12:00 AM",0,0,0,0,0,0,0,0,0,1,0,1,255,104,151,,,,7,6,1,,,
"Feb 19, 2024 1:00 AM",1,1,0,0,0,0,2,1,1,0,0,0,26,6,20,,,,0,0,0,,,
"Feb 19, 2024 2:00 AM",0,0,0,0,0,0,0,0,0,0,0,0,373,134,239,,,,0,0,0,,,
"Feb 19, 2024 3:00 AM",0,0,0,0,0,0,0,0,0,0,0,0,95,37,58,,,,1,0,1,,,
"Feb 19, 2024 4:00 AM",2,1,1,0,0,0,0,0,0,0,0,0,2,2,0,,,,1,1,0,,,
"Feb 19, 2024 5:00 AM",9,5,4,0,0,0,2,1,1,1,1,0,11,5,6,,,,4,2,2,,,
"Feb 19, 2024 6:00 AM",37,15,22,10,4,6,19,14,5,5,4,1,50,35,15,,,,10,2,8,,,
"Feb 19, 2024 7:00 AM",70,43,27,36,19,17,19,11,8,18,8,10,294,171,123,,,,37,16,21,,,
"Feb 19, 2024 8:00 AM",163,76,87,40,17,23,27,16,11,43,15,28,331,189,142,,,,116,75,41,,,
"Feb 19, 2024 9:00 AM",188,101,87,28,16,12,22,10,12,26,15,11,281,138,143,,,,49,22,27,,,
"Feb 19, 2024 10:00 AM",192,90,102,54,32,22,23,17,6,23,12,11,214,126,88,,,,26,13,13,,,
"Feb 19, 2024 11:00 AM",257,130,127,48,19,29,22,15,7,25,11,14,123,82,41,,,,35,19,16,,,
"Feb 19, 2024 12:00 PM",234,92,142,48,27,21,35,10,25,52,21,31,154,95,59,,,,42,17,25,,,
"Feb 19, 2024 1:00 PM",271,125,146,45,27,18,55,37,18,38,19,19,493,295,198,,,,67,26,41,,,
"Feb 19, 2024 2:00 PM",187,88,99,29,15,14,36,20,16,39,20,19,207,102,105,,,,70,23,47,,,
"Feb 19, 2024 3:00 PM",171,86,85,36,20,16,22,15,7,26,16,10,210,132,78,,,,96,36,60,,,
"Feb 19, 2024 4:00 PM",164,74,90,39,19,20,34,22,12,35,16,19,245,122,123,,,,87,33,54,,,
"Feb 19, 2024 5:00 PM",210,91,119,39,25,14,54,36,18,28,11,17,290,191,99,,,,67,37,30,,,
"Feb 19, 2024 6:00 PM",208,114,94,82,50,32,43,16,27,37,19,18,178,122,56,,,,74,39,35,,,
"Feb 19, 2024 7:00 PM",147,76,71,34,21,13,38,24,14,32,21,11,143,87,56,,,,61,25,36,,,
"Feb 19, 2024 8:00 PM",129,75,54,15,8,7,15,10,5,22,11,11,204,102,102,,,,35,16,19,,,
"Feb 19, 2024 9:00 PM",57,32,25,23,10,13,19,9,10,13,6,7,279,135,144,,,,18,12,6,,,
"Feb 19, 2024 10:00 PM",29,10,19,11,8,3,8,4,4,5,3,2,414,250,164,,,,6,5,1,,,
"Feb 19, 2024 11:00 PM",2,1,1,5,1,4,3,2,1,1,0,1,470,229,241,,,,7,2,5,,,
"Feb 20, 2024 12:00 AM",0,0,0,0,0,0,1,0,1,1,0,1,177,102,75,,,,3,3,0,,,
"Feb 20, 2024 1:00 AM",1,1,0,0,0,0,0,0,0,0,0,0,155,114,41,,,,4,3,1,,,
"Feb 20, 2024 2:00 AM",1,1,0,0,0,0,0,0,0,0,0,0,25,14,11,,,,2,1,1,,,
"Feb 20, 2024 3:00 AM",0,0,0,0,0,0,0,0,0,0,0,0,31,12,19,,,,2,1,1,,,
"Feb 20, 2024 4:00 AM",1,0,1,0,0,0,0,0,0,0,0,0,126,36,90,,,,3,3,0,,,
"Feb 20, 2024 5:00 AM",12,5,7,0,0,0,1,1,0,0,0,0,22,10,12,,,,3,1,2,,,
"Feb 20, 2024 6:00 AM",53,23,30,25,12,13,23,13,10,13,8,5,125,69,56,,,,15,7,8,,,
"Feb 20, 2024 7:00 AM",101,51,50,44,21,23,24,9,15,23,9,14,243,140,103,,,,36,14,22,,,
"Feb 20, 2024 8:00 AM",121,64,57,44,17,27,27,15,12,45,22,23,279,139,140,,,,121,87,34,,,
"Feb 20, 2024 9:00 AM",150,65,85,41,23,18,17,9,8,32,16,16,215,98,117,,,,44,17,27,,,
"Feb 20, 2024 10:00 AM",155,84,71,44,18,26,17,8,9,18,12,6,171,87,84,,,,59,21,38,,,
"Feb 20, 2024 11:00 AM",167,87,80,24,12,12,27,12,15,25,12,13,488,191,297,,,,35,15,20,,,
"Feb 20, 2024 12:00 PM",146,67,79,30,12,18,32,21,11,27,16,11,457,240,217,,,,58,37,21,,,
"Feb 20, 2024 1:00 PM",178,78,100,23,16,7,38,21,17,29,13,16,148,83,65,,,,58,24,34,,,
"Feb 20, 2024 2:00 PM",134,66,68,23,13,10,13,6,7,26,12,14,361,167,194,,,,52,25,27,,,
"Feb 20, 2024 3:00 PM",155,71,84,47,29,18,18,11,7,40,17,23,190,99,91,,,,96,26,70,,,
"Feb 20, 2024 4:00 PM",217,105,112,48,31,17,24,11,13,31,15,16,301,163,138,,,,93,34,59,,,
"Feb 20, 2024 5:00 PM",211,117,94,56,39,17,58,37,21,30,15,15,285,173,112,,,,75,34,41,,,
"Feb 20, 2024 6:00 PM",186,102,84,76,45,31,53,27,26,23,14,9,263,133,130,,,,83,44,39,,,
"Feb 20, 2024 7:00 PM",134,70,64,56,36,20,47,32,15,42,23,19,263,150,113,,,,61,38,23,,,
"Feb 20, 2024 8:00 PM",137,63,74,45,22,23,28,16,12,20,7,13,282,147,135,,,,46,21,25,,,
"Feb 20, 2024 9:00 PM",84,52,32,19,8,11,24,8,16,6,4,2,667,212,455,,,,18,8,10,,,
"Feb 20, 2024 10:00 PM",28,16,12,6,1,5,7,3,4,2,1,1,734,241,493,,,,12,5,7,,,
"Feb 20, 2024 11:00 PM",6,5,1,2,2,0,5,2,3,3,2,1,289,75,214,,,,2,1,1,,,
"Feb 21, 2024 12:00 AM",0,0,0,0,0,0,0,0,0,0,0,0,61,33,28,,,,2,2,0,,,
"Feb 21, 2024 1:00 AM",3,3,0,0,0,0,0,0,0,0,0,0,16,6,10,,,,2,2,0,,,
"Feb 21, 2024 2:00 AM",1,0,1,0,0,0,0,0,0,1,0,1,267,76,191,,,,0,0,0,,,
"Feb 21, 2024 3:00 AM",0,0,0,0,0,0,0,0,0,0,0,0,8,3,5,,,,1,0,1,,,
"Feb 21, 2024 4:00 AM",0,0,0,0,0,0,0,0,0,1,1,0,14,10,4,,,,3,2,1,,,
"Feb 21, 2024 5:00 AM",7,4,3,0,0,0,1,0,1,0,0,0,2,1,1,,,,5,2,3,,,
"Feb 21, 2024 6:00 AM",28,7,21,18,14,4,11,6,5,8,4,4,45,31,14,,,,8,5,3,,,
"Feb 21, 2024 7:00 AM",64,37,27,33,7,26,19,10,9,23,11,12,135,77,58,,,,39,18,21,,,
"Feb 21, 2024 8:00 AM",117,48,69,32,12,20,16,8,8,53,24,29,123,79,44,,,,113,76,37,,,
"Feb 21, 2024 9:00 AM",146,63,83,40,18,22,24,9,15,29,19,10,121,66,55,,,,43,18,25,,,
"Feb 21, 2024 10:00 AM",141,71,70,37,19,18,26,17,9,23,11,12,148,90,58,,,,37,19,18,,,
"Feb 21, 2024 11:00 AM",218,116,102,31,17,14,19,11,8,28,10,18,159,101,58,,,,43,23,20,,,
"Feb 21, 2024 12:00 PM",175,91,84,28,14,14,38,27,11,34,16,18,100,58,42,,,,46,24,22,,,
"Feb 21, 2024 1:00 PM",240,117,123,48,25,23,41,22,19,41,17,24,182,100,82,,,,65,30,35,,,
"Feb 21, 2024 2:00 PM",192,92,100,38,28,10,39,25,14,29,15,14,161,92,69,,,,72,31,41,,,
"Feb 21, 2024 3:00 PM",242,122,120,47,29,18,45,18,27,27,16,11,295,159,136,,,,94,27,67,,,
"Feb 21, 2024 4:00 PM",192,87,105,43,17,26,33,18,15,28,17,11,414,240,174,,,,77,33,44,,,
"Feb 21, 2024 5:00 PM",227,110,117,44,24,20,56,37,19,26,15,11,232,141,91,,,,110,65,45,,,
"Feb 21, 2024 6:00 PM",240,123,117,64,34,30,38,21,17,21,9,12,216,124,92,,,,85,41,44,,,
"Feb 21, 2024 7:00 PM",164,80,84,52,30,22,49,30,19,25,17,8,225,162,63,,,,64,29,35,,,
"Feb 21, 2024 8:00 PM",122,69,53,32,10,22,26,10,16,13,4,9,187,96,91,,,,52,19,33,,,
"Feb 21, 2024 9:00 PM",62,37,25,17,7,10,24,12,12,10,7,3,289,132,157,,,,37,23,14,,,
"Feb 21, 2024 10:00 PM",21,9,12,12,5,7,7,2,5,7,2,5,212,82,130,,,,20,7,13,,,
"Feb 21, 2024 11:00 PM",6,2,4,2,1,1,6,2,4,3,1,2,177,113,64,,,,6,5,1,,,
"Feb 22, 2024 12:00 AM",0,0,0,0,0,0,0,0,0,2,0,2,29,21,8,,,,6,3,3,,,
"Feb 22, 2024 1:00 AM",2,0,2,0,0,0,0,0,0,0,0,0,28,16,12,,,,2,2,0,,,
"Feb 22, 2024 2:00 AM",0,0,0,0,0,0,0,0,0,0,0,0,41,18,23,,,,0,0,0,,,
"Feb 22, 2024 3:00 AM",0,0,0,0,0,0,0,0,0,0,0,0,5,5,0,,,,1,1,0,,,
"Feb 22, 2024 4:00 AM",2,1,1,0,0,0,0,0,0,0,0,0,4,2,2,,,,2,2,0,,,
"Feb 22, 2024 5:00 AM",8,2,6,1,1,0,5,2,3,1,1,0,14,8,6,,,,3,0,3,,,
"Feb 22, 2024 6:00 AM",50,22,28,14,7,7,20,13,7,18,10,8,34,18,16,,,,14,9,5,,,
"Feb 22, 2024 7:00 AM",100,53,47,22,11,11,15,9,6,23,8,15,152,93,59,,,,30,11,19,,,
"Feb 22, 2024 8:00 AM",132,57,75,40,13,27,30,18,12,49,21,28,434,203,231,,,,65,44,21,,,
"Feb 22, 2024 9:00 AM",158,76,82,39,17,22,28,15,13,35,17,18,122,59,63,,,,0,0,0,,,
"Feb 22, 2024 10:00 AM",166,87,79,23,9,14,24,12,12,29,16,13,96,54,42,,,,0,0,0,,,
"Feb 22, 2024 11:00 AM",202,101,101,14,7,7,18,12,6,27,13,14,115,71,44,,,,0,0,0,,,
"Feb 22, 2024 12:00 PM",208,100,108,32,16,16,19,8,11,44,24,20,187,129,58,,,,0,0,0,,,
"Feb 22, 2024 1:00 PM",226,113,113,52,30,22,42,23,19,35,15,20,193,95,98,,,,0,0,0,,,
"Feb 22, 2024 2:00 PM",188,102,86,37,17,20,25,15,10,36,13,23,421,190,231,,,,0,0,0,,,
"Feb 22, 2024 3:00 PM",185,95,90,49,19,30,26,13,13,33,19,14,219,110,109,,,,0,0,0,,,
"Feb 22, 2024 4:00 PM",172,89,83,44,24,20,27,12,15,37,19,18,272,147,125,,,,0,0,0,,,
"Feb 22, 2024 5:00 PM",173,70,103,49,32,17,64,41,23,37,22,15,247,110,137,,,,0,0,0,,,
"Feb 22, 2024 6:00 PM",159,83,76,58,37,21,46,24,22,30,14,16,700,228,472,,,,0,0,0,,,
"Feb 22, 2024 7:00 PM",99,46,53,35,16,19,42,23,19,17,10,7,713,274,439,,,,0,0,0,,,
"Feb 22, 2024 8:00 PM",105,50,55,27,17,10,26,12,14,10,2,8,535,213,322,,,,0,0,0,,,
"Feb 22, 2024 9:00 PM",55,29,26,15,7,8,17,8,9,5,3,2,845,277,568,,,,0,0,0,,,
"Feb 22, 2024 10:00 PM",15,11,4,4,3,1,4,2,2,9,8,1,820,289,531,,,,0,0,0,,,
"Feb 22, 2024 11:00 PM",7,3,4,2,1,1,3,1,2,2,1,1,97,20,77,,,,0,0,0,,,
"Feb 23, 2024 12:00 AM",1,1,0,0,0,0,0,0,0,2,1,1,206,102,104,,,,0,0,0,,,
"Feb 23, 2024 1:00 AM",0,0,0,0,0,0,0,0,0,0,0,0,57,34,23,,,,0,0,0,,,
"Feb 23, 2024 2:00 AM",1,1,0,0,0,0,0,0,0,1,0,1,5,3,2,,,,0,0,0,,,
"Feb 23, 2024 3:00 AM",0,0,0,2,0,2,0,0,0,0,0,0,25,8,17,,,,0,0,0,,,
"Feb 23, 2024 4:00 AM",0,0,0,0,0,0,0,0,0,0,0,0,24,12,12,,,,0,0,0,,,
"Feb 23, 2024 5:00 AM",10,3,7,4,4,0,1,1,0,0,0,0,50,46,4,,,,0,0,0,,,
"Feb 23, 2024 6:00 AM",37,19,18,15,10,5,12,9,3,11,8,3,176,112,64,,,,0,0,0,,,
"Feb 23, 2024 7:00 AM",99,54,45,24,10,14,23,10,13,13,4,9,188,114,74,,,,0,0,0,,,
"Feb 23, 2024 8:00 AM",191,89,102,38,22,16,33,20,13,57,32,25,231,118,113,,,,0,0,0,,,
"Feb 23, 2024 9:00 AM",164,91,73,41,16,25,14,8,6,37,25,12,155,80,75,,,,0,0,0,,,
"Feb 23, 2024 10:00 AM",182,93,89,29,12,17,24,12,12,13,7,6,218,114,104,,,,0,0,0,,,
"Feb 23, 2024 11:00 AM",223,119,104,29,18,11,22,19,3,28,14,14,132,86,46,,,,0,0,0,,,
"Feb 23, 2024 12:00 PM",268,141,127,45,24,21,36,21,15,34,18,16,129,96,33,,,,0,0,0,,,
"Feb 23, 2024 1:00 PM",209,112,97,55,41,14,47,31,16,46,25,21,201,106,95,,,,0,0,0,,,
"Feb 23, 2024 2:00 PM",189,87,102,34,17,17,34,20,14,29,12,17,347,200,147,,,,0,0,0,,,
"Feb 23, 2024 3:00 PM",240,113,127,47,28,19,39,19,20,28,13,15,647,307,340,,,,0,0,0,,,
"Feb 23, 2024 4:00 PM",210,105,105,55,36,19,44,23,21,22,9,13,296,167,129,,,,0,0,0,,,
"Feb 23, 2024 5:00 PM",229,124,105,61,33,28,47,25,22,29,16,13,257,152,105,,,,0,0,0,,,
"Feb 23, 2024 6:00 PM",176,84,92,68,29,39,46,28,18,24,13,11,304,127,177,,,,0,0,0,,,
"Feb 23, 2024 7:00 PM",91,49,42,65,15,50,14,8,6,12,7,5,141,76,65,,,,0,0,0,,,
"Feb 23, 2024 8:00 PM",53,28,25,24,8,16,13,5,8,5,1,4,85,64,21,,,,0,0,0,,,
"Feb 23, 2024 9:00 PM",53,27,26,14,6,8,14,7,7,6,3,3,108,74,34,,,,0,0,0,,,
"Feb 23, 2024 10:00 PM",27,17,10,4,1,3,10,3,7,7,5,2,167,135,32,,,,0,0,0,,,
"Feb 23, 2024 11:00 PM",15,8,7,15,10,5,30,25,5,7,1,6,246,171,75,,,,0,0,0,,,
"Feb 24, 2024 12:00 AM",1,0,1,3,3,0,8,8,0,10,2,8,132,103,29,,,,0,0,0,,,
"Feb 24, 2024 1:00 AM",0,0,0,0,0,0,1,0,1,0,0,0,58,43,15,,,,0,0,0,,,
"Feb 24, 2024 2:00 AM",3,2,1,1,1,0,2,2,0,0,0,0,159,135,24,,,,0,0,0,,,
"Feb 24, 2024 3:00 AM",0,0,0,1,0,1,0,0,0,1,0,1,104,92,12,,,,0,0,0,,,
"Feb 24, 2024 4:00 AM",0,0,0,0,0,0,0,0,0,0,0,0,21,20,1,,,,0,0,0,,,
"Feb 24, 2024 5:00 AM",0,0,0,1,0,1,0,0,0,0,0,0,16,13,3,,,,0,0,0,,,
"Feb 24, 2024 6:00 AM",8,2,6,3,1,2,7,3,4,2,1,1,23,14,9,,,,0,0,0,,,
"Feb 24, 2024 7:00 AM",64,36,28,21,12,9,21,14,7,8,2,6,58,42,16,,,,0,0,0,,,
"Feb 24, 2024 8:00 AM",153,62,91,44,28,16,46,23,23,28,11,17,91,53,38,,,,0,0,0,,,
"Feb 24, 2024 9:00 AM",322,172,150,80,38,42,68,40,28,24,14,10,188,122,66,,,,0,0,0,,,
"Feb 24, 2024 10:00 AM",488,205,283,141,85,56,85,54,31,42,27,15,231,139,92,,,,0,0,0,,,
"Feb 24, 2024 11:00 AM",555,275,280,141,62,79,75,48,27,60,33,27,281,166,115,,,,0,0,0,,,
"Feb 24, 2024 12:00 PM",636,335,301,100,59,41,81,37,44,64,32,32,351,238,113,,,,82,48,34,,,
"Feb 24, 2024 1:00 PM",524,288,236,115,52,63,61,37,24,38,18,20,280,182,98,,,,75,25,50,,,
"Feb 24, 2024 2:00 PM",479,247,232,57,32,25,76,40,36,27,4,23,343,272,71,,,,42,21,21,,,
"Feb 24, 2024 3:00 PM",465,221,244,73,39,34,79,38,41,37,18,19,234,181,53,,,,29,14,15,,,
"Feb 24, 2024 4:00 PM",376,144,232,65,32,33,50,33,17,45,26,19,243,170,73,,,,38,24,14,,,
"Feb 24, 2024 5:00 PM",323,144,179,55,29,26,35,17,18,39,23,16,215,147,68,,,,56,35,21,,,
"Feb 24, 2024 6:00 PM",182,98,84,35,18,17,46,22,24,20,9,11,265,200,65,,,,48,25,23,,,
"Feb 24, 2024 7:00 PM",93,47,46,18,12,6,43,18,25,8,6,2,133,91,42,,,,35,12,23,,,
"Feb 24, 2024 8:00 PM",68,31,37,10,6,4,17,9,8,12,6,6,119,95,24,,,,23,14,9,,,
"Feb 24, 2024 9:00 PM",42,24,18,6,1,5,6,3,3,5,3,2,109,82,27,,,,20,11,9,,,
"Feb 24, 2024 10:00 PM",21,12,9,6,0,6,6,4,2,9,6,3,389,291,98,,,,13,9,4,,,
"Feb 24, 2024 11:00 PM",7,5,2,1,0,1,9,5,4,8,4,4,145,117,28,,,,14,10,4,,,
"Feb 25, 2024 12:00 AM",0,0,0,2,0,2,3,1,2,2,1,1,121,71,50,,,,5,4,1,,,
"Feb 25, 2024 1:00 AM",4,2,2,3,0,3,4,2,2,0,0,0,114,88,26,,,,3,2,1,,,
"Feb 25, 2024 2:00 AM",2,1,1,0,0,0,0,0,0,2,0,2,158,146,12,,,,3,3,0,,,
"Feb 25, 2024 3:00 AM",0,0,0,0,0,0,2,2,0,1,0,1,4,3,1,,,,4,1,3,,,
"Feb 25, 2024 4:00 AM",2,1,1,0,0,0,0,0,0,0,0,0,12,10,2,,,,2,1,1,,,
"Feb 25, 2024 5:00 AM",3,1,2,0,0,0,0,0,0,0,0,0,32,20,12,,,,1,0,1,,,
"Feb 25, 2024 6:00 AM",7,5,2,1,0,1,3,1,2,0,0,0,7,4,3,,,,0,0,0,,,
"Feb 25, 2024 7:00 AM",49,21,28,12,5,7,5,1,4,8,4,4,34,18,16,,,,7,4,3,,,
"Feb 25, 2024 8:00 AM",116,52,64,31,18,13,24,14,10,15,7,8,52,29,23,,,,9,5,4,,,
"Feb 25, 2024 9:00 AM",243,119,124,71,37,34,35,20,15,31,15,16,105,65,40,,,,38,24,14,,,
"Feb 25, 2024 10:00 AM",377,194,183,122,74,48,94,59,35,38,21,17,173,103,70,,,,51,25,26,,,
"Feb 25, 2024 11:00 AM",523,286,237,100,60,40,84,50,34,54,26,28,503,337,166,,,,55,34,21,,,
"Feb 25, 2024 12:00 PM",627,341,286,122,66,56,112,61,51,57,33,24,595,377,218,,,,61,36,25,,,
"Feb 25, 2024 1:00 PM",497,243,254,94,40,54,92,54,38,45,24,21,197,113,84,,,,71,32,39,,,
"Feb 25, 2024 2:00 PM",537,274,263,92,48,44,79,41,38,44,22,22,185,121,64,,,,69,19,50,,,
"Feb 25, 2024 3:00 PM",444,224,220,75,46,29,78,45,33,33,13,20,189,124,65,,,,51,29,22,,,
"Feb 25, 2024 4:00 PM",341,169,172,63,29,34,52,23,29,37,19,18,347,279,68,,,,43,22,21,,,
"Feb 25, 2024 5:00 PM",235,118,117,44,23,21,38,18,20,29,14,15,105,59,46,,,,47,23,24,,,
"Feb 25, 2024 6:00 PM",147,62,85,40,22,18,40,15,25,26,8,18,152,107,45,,,,45,21,24,,,
"Feb 25, 2024 7:00 PM",85,46,39,23,13,10,24,10,14,12,6,6,103,88,15,,,,41,19,22,,,
"Feb 25, 2024 8:00 PM",55,25,30,8,4,4,11,8,3,4,0,4,231,197,34,,,,28,18,10,,,
"Feb 25, 2024 9:00 PM",32,17,15,10,10,0,12,7,5,7,6,1,278,245,33,,,,16,5,11,,,
"Feb 25, 2024 10:00 PM",13,11,2,7,1,6,3,1,2,5,3,2,339,299,40,,,,14,8,6,,,
"Feb 25, 2024 11:00 PM",5,3,2,2,2,0,2,2,0,4,2,2,298,279,19,,,,9,4,5,,,
"Feb 26, 2024 12:00 AM",0,0,0,0,0,0,1,0,1,2,1,1,356,327,29,,,,6,5,1,,,
"Feb 26, 2024 1:00 AM",0,0,0,0,0,0,0,0,0,0,0,0,34,34,0,,,,0,0,0,,,
"Feb 26, 2024 2:00 AM",0,0,0,0,0,0,0,0,0,0,0,0,5,5,0,,,,0,0,0,,,
"Feb 26, 2024 3:00 AM",1,1,0,0,0,0,0,0,0,0,0,0,1,1,0,,,,0,0,0,,,
"Feb 26, 2024 4:00 AM",0,0,0,0,0,0,0,0,0,2,2,0,27,10,17,,,,1,1,0,,,
"Feb 26, 2024 5:00 AM",8,3,5,1,0,1,2,2,0,0,0,0,9,5,4,,,,5,2,3,,,
"Feb 26, 2024 6:00 AM",40,17,23,15,8,7,13,8,5,14,8,6,34,27,7,,,,12,9,3,,,
"Feb 26, 2024 7:00 AM",76,38,38,30,14,16,17,10,7,20,7,13,230,134,96,,,,4,1,3,,,
"Feb 26, 2024 8:00 AM",151,80,71,31,9,22,34,21,13,67,32,35,312,229,83,,,,0,0,0,,,
"Feb 26, 2024 9:00 AM",181,98,83,40,27,13,22,12,10,30,18,12,187,126,61,,,,0,0,0,,,
"Feb 26, 2024 10:00 AM",240,120,120,46,19,27,29,19,10,15,5,10,247,189,58,,,,0,0,0,,,
"Feb 26, 2024 11:00 AM",254,116,138,57,27,30,86,60,26,29,15,14,213,168,45,,,,0,0,0,,,
"Feb 26, 2024 12:00 PM",303,197,106,62,35,27,39,18,21,43,22,21,119,89,30,,,,0,0,0,,,
"Feb 26, 2024 1:00 PM",347,162,185,59,27,32,38,17,21,40,21,19,323,247,76,,,,0,0,0,,,
"Feb 26, 2024 2:00 PM",308,141,167,51,28,23,34,20,14,36,14,22,234,169,65,,,,0,0,0,,,
"Feb 26, 2024 3:00 PM",284,154,130,47,20,27,30,12,18,41,17,24,219,156,63,,,,0,0,0,,,
"Feb 26, 2024 4:00 PM",203,96,107,56,34,22,49,25,24,59,31,28,358,260,98,,,,0,0,0,,,
"Feb 26, 2024 5:00 PM",206,102,104,51,27,24,54,34,20,38,18,20,358,268,90,,,,0,0,0,,,
"Feb 26, 2024 6:00 PM",212,111,101,73,36,37,52,24,28,29,15,14,210,153,57,,,,0,0,0,,,
"Feb 26, 2024 7:00 PM",167,93,74,47,23,24,56,27,29,13,9,4,158,117,41,,,,0,0,0,,,
"Feb 26, 2024 8:00 PM",120,64,56,39,22,17,36,18,18,16,9,7,396,331,65,,,,0,0,0,,,
"Feb 26, 2024 9:00 PM",73,34,39,11,4,7,27,9,18,9,3,6,167,132,35,,,,0,0,0,,,
"Feb 26, 2024 10:00 PM",23,11,12,4,1,3,5,4,1,8,5,3,222,196,26,,,,0,0,0,,,
"Feb 26, 2024 11:00 PM",12,9,3,3,3,0,0,0,0,3,0,3,430,306,124,,,,0,0,0,,,
"Feb 27, 2024 12:00 AM",0,0,0,0,0,0,0,0,0,1,1,0,46,42,4,,,,0,0,0,,,
"Feb 27, 2024 1:00 AM",0,0,0,0,0,0,0,0,0,0,0,0,93,79,14,,,,0,0,0,,,
"Feb 27, 2024 2:00 AM",0,0,0,0,0,0,0,0,0,0,0,0,90,78,12,,,,0,0,0,,,
"Feb 27, 2024 3:00 AM",0,0,0,0,0,0,0,0,0,0,0,0,197,185,12,,,,0,0,0,,,
"Feb 27, 2024 4:00 AM",1,0,1,0,0,0,0,0,0,0,0,0,230,220,10,,,,0,0,0,,,
"Feb 27, 2024 5:00 AM",10,4,6,1,1,0,3,2,1,1,0,1,75,71,4,,,,0,0,0,,,
"Feb 27, 2024 6:00 AM",44,23,21,5,2,3,8,4,4,9,6,3,430,363,67,,,,0,0,0,,,
"Feb 27, 2024 7:00 AM",81,36,45,23,7,16,11,7,4,14,4,10,271,187,84,,,,0,0,0,,,
"Feb 27, 2024 8:00 AM",88,40,48,33,17,16,29,20,9,46,18,28,224,143,81,,,,0,0,0,,,
"Feb 27, 2024 9:00 AM",143,63,80,29,17,12,22,12,10,17,13,4,99,64,35,,,,0,0,0,,,
"Feb 27, 2024 10:00 AM",149,83,66,33,14,19,25,17,8,23,15,8,174,132,42,,,,0,0,0,,,
"Feb 27, 2024 11:00 AM",311,149,162,69,33,36,47,30,17,27,13,14,607,431,176,,,,0,0,0,,,
"Feb 27, 2024 12:00 PM",169,89,80,43,21,22,44,26,18,23,6,17,524,391,133,,,,0,0,0,,,
"Feb 27, 2024 1:00 PM",230,120,110,30,15,15,30,13,17,36,19,17,174,111,63,,,,0,0,0,,,
"Feb 27, 2024 2:00 PM",165,86,79,36,17,19,27,11,16,26,14,12,204,124,80,,,,0,0,0,,,
"Feb 27, 2024 3:00 PM",147,70,77,46,28,18,25,14,11,30,12,18,199,154,45,,,,0,0,0,,,
"Feb 27, 2024 4:00 PM",166,71,95,45,19,26,34,20,14,29,18,11,258,173,85,,,,0,0,0,,,
"Feb 27, 2024 5:00 PM",159,76,83,46,29,17,47,22,25,25,11,14,314,220,94,,,,0,0,0,,,
"Feb 27, 2024 6:00 PM",227,105,122,72,41,31,53,30,23,39,18,21,470,310,160,,,,0,0,0,,,
"Feb 27, 2024 7:00 PM",169,82,87,56,29,27,36,17,19,18,10,8,298,209,89,,,,0,0,0,,,
"Feb 27, 2024 8:00 PM",119,57,62,38,22,16,37,14,23,19,7,12,281,206,75,,,,0,0,0,,,
"Feb 27, 2024 9:00 PM",59,33,26,24,10,14,22,8,14,5,2,3,353,307,46,,,,0,0,0,,,
"Feb 27, 2024 10:00 PM",23,12,11,7,4,3,2,0,2,2,2,0,230,175,55,,,,0,0,0,,,
"Feb 27, 2024 11:00 PM",7,4,3,6,3,3,5,1,4,0,0,0,31,31,0,,,,0,0,0,,,
"Feb 28, 2024 12:00 AM",0,0,0,2,0,2,1,0,1,0,0,0,73,66,7,,,,0,0,0,,,
"Feb 28, 2024 1:00 AM",1,1,0,0,0,0,1,0,1,0,0,0,45,37,8,,,,0,0,0,,,
"Feb 28, 2024 2:00 AM",1,1,0,0,0,0,2,1,1,1,0,1,26,25,1,,,,0,0,0,,,
"Feb 28, 2024 3:00 AM",1,1,0,2,0,2,0,0,0,0,0,0,2,2,0,,,,0,0,0,,,
"Feb 28, 2024 4:00 AM",1,1,0,0,0,0,0,0,0,1,1,0,13,12,1,,,,0,0,0,,,
"Feb 28, 2024 5:00 AM",8,3,5,0,0,0,3,2,1,0,0,0,4,3,1,,,,0,0,0,,,
"Feb 28, 2024 6:00 AM",36,14,22,6,3,3,7,6,1,3,3,0,78,59,19,,,,0,0,0,,,
"Feb 28, 2024 7:00 AM",54,26,28,22,12,10,9,6,3,27,9,18,91,54,37,,,,0,0,0,,,
"Feb 28, 2024 8:00 AM",104,55,49,31,14,17,19,14,5,40,14,26,135,87,48,,,,0,0,0,,,
"Feb 28, 2024 9:00 AM",132,72,60,30,10,20,19,10,9,16,10,6,98,58,40,,,,0,0,0,,,
"Feb 28, 2024 10:00 AM",125,64,61,25,12,13,24,16,8,18,10,8,66,36,30,,,,0,0,0,,,
"Feb 28, 2024 11:00 AM",177,93,84,28,20,8,30,18,12,27,14,13,76,47,29,,,,0,0,0,,,
"Feb 28, 2024 12:00 PM",192,88,104,33,16,17,23,15,8,34,20,14,65,40,25,,,,0,0,0,,,
"Feb 28, 2024 1:00 PM",177,83,94,35,20,15,37,25,12,33,15,18,219,143,76,,,,0,0,0,,,
"Feb 28, 2024 2:00 PM",163,64,99,30,17,13,36,24,12,42,19,23,80,37,43,,,,0,0,0,,,
"Feb 28, 2024 3:00 PM",81,47,34,16,9,7,14,3,11,28,14,14,47,29,18,,,,0,0,0,,,
"Feb 28, 2024 4:00 PM",83,38,45,17,9,8,25,12,13,20,8,12,53,35,18,,,,0,0,0,,,
"Feb 28, 2024 5:00 PM",125,71,54,36,15,21,33,15,18,18,10,8,201,127,74,,,,0,0,0,,,
"Feb 28, 2024 6:00 PM",172,86,86,38,19,19,42,16,26,20,11,9,100,67,33,,,,0,0,0,,,
"Feb 28, 2024 7:00 PM",102,55,47,48,20,28,34,20,14,13,6,7,84,53,31,,,,0,0,0,,,
"Feb 28, 2024 8:00 PM",69,36,33,24,10,14,11,7,4,7,3,4,70,48,22,,,,0,0,0,,,
"Feb 28, 2024 9:00 PM",41,20,21,12,6,6,8,2,6,9,3,6,39,27,12,,,,0,0,0,,,
"Feb 28, 2024 10:00 PM",22,11,11,2,1,1,5,2,3,2,0,2,43,18,25,,,,0,0,0,,,
"Feb 28, 2024 11:00 PM",10,5,5,1,0,1,5,0,5,2,0,2,78,36,42,,,,0,0,0,,,
"Feb 29, 2024 12:00 AM",0,0,0,1,0,1,3,2,1,1,0,1,60,20,40,,,,0,0,0,,,
"Feb 29, 2024 1:00 AM",0,0,0,0,0,0,0,0,0,0,0,0,23,18,5,,,,0,0,0,,,
"Feb 29, 2024 2:00 AM",0,0,0,0,0,0,0,0,0,0,0,0,71,50,21,,,,0,0,0,,,
"Feb 29, 2024 3:00 AM",0,0,0,0,0,0,0,0,0,1,0,1,22,16,6,,,,0,0,0,,,
"Feb 29, 2024 4:00 AM",0,0,0,1,1,0,0,0,0,0,0,0,0,0,0,,,,0,0,0,,,
"Feb 29, 2024 5:00 AM",11,3,8,0,0,0,1,0,1,1,1,0,11,0,11,,,,0,0,0,,,
"Feb 29, 2024 6:00 AM",41,20,21,19,10,9,23,17,6,6,5,1,38,24,14,,,,0,0,0,,,
"Feb 29, 2024 7:00 AM",95,54,41,28,10,18,28,14,14,25,6,19,88,49,39,,,,0,0,0,,,
"Feb 29, 2024 8:00 AM",155,74,81,31,14,17,36,21,15,30,11,19,226,143,83,,,,0,0,0,,,
"Feb 29, 2024 9:00 AM",185,84,101,53,28,25,27,11,16,40,29,11,163,99,64,,,,0,0,0,,,
"Feb 29, 2024 10:00 AM",164,78,86,39,26,13,38,25,13,28,18,10,128,88,40,,,,0,0,0,,,
"Feb 29, 2024 11:00 AM",248,122,126,45,22,23,30,18,12,25,14,11,104,78,26,,,,0,0,0,,,
"Feb 29, 2024 12:00 PM",295,157,138,63,36,27,43,22,21,32,19,13,165,115,50,,,,0,0,0,,,
"Feb 29, 2024 1:00 PM",298,171,127,74,39,35,58,36,22,38,20,18,185,119,66,,,,27,1,26,,,
"Feb 29, 2024 2:00 PM",229,103,126,36,19,17,33,13,20,21,10,11,150,108,42,,,,111,54,57,,,
"Feb 29, 2024 3:00 PM",192,84,108,40,21,19,24,14,10,29,17,12,159,97,62,,,,97,27,70,,,
"Feb 29, 2024 4:00 PM",116,52,64,42,30,12,42,23,19,43,16,27,248,156,92,,,,72,28,44,,,
"Feb 29, 2024 5:00 PM",117,65,52,55,29,26,29,24,5,38,18,20,314,242,72,,,,54,28,26,,,
"Feb 29, 2024 6:00 PM",108,57,51,33,20,13,39,18,21,30,14,16,509,321,188,,,,36,19,17,,,
"Feb 29, 2024 7:00 PM",94,49,45,40,22,18,28,15,13,19,9,10,503,306,197,,,,0,0,0,,,
"Feb 29, 2024 8:00 PM",84,49,35,21,10,11,18,8,10,13,5,8,426,247,179,,,,0,0,0,,,
"Feb 29, 2024 9:00 PM",49,22,27,12,9,3,16,7,9,9,3,6,367,229,138,,,,0,0,0,,,
"Feb 29, 2024 10:00 PM",28,19,9,5,4,1,6,0,6,3,0,3,377,271,106,,,,0,0,0,,,
"Feb 29, 2024 11:00 PM",8,6,2,2,0,2,4,2,2,0,0,0,312,280,32,,,,0,0,0,,,
"Mar 1, 2024 12:00 AM",0,0,0,1,0,1,2,1,1,0,0,0,116,107,9,,,,,,,,,
"Mar 1, 2024 1:00 AM",0,0,0,3,3,0,0,0,0,0,0,0,2,1,1,,,,,,,,,
"Mar 1, 2024 2:00 AM",0,0,0,0,0,0,0,0,0,0,0,0,0,0,0,,,,,,,,,
"Mar 1, 2024 3:00 AM",0,0,0,2,2,0,0,0,0,0,0,0,0,0,0,,,,,,,,,
"Mar 1, 2024 4:00 AM",0,0,0,0,0,0,0,0,0,0,0,0,1,1,0,,,,,,,,,
"Mar 1, 2024 5:00 AM",4,2,2,2,2,0,2,2,0,0,0,0,2,2,0,,,,,,,,,
"Mar 1, 2024 6:00 AM",14,6,8,8,5,3,3,1,2,6,4,2,16,8,8,,,,,,,,,
"Mar 1, 2024 7:00 AM",38,20,18,7,6,1,5,4,1,22,9,13,14,8,6,,,,,,,,,
"Mar 1, 2024 8:00 AM",32,14,18,18,7,11,11,3,8,16,6,10,69,37,32,,,,,,,,,
"Mar 1, 2024 9:00 AM",32,18,14,9,3,6,6,5,1,11,3,8,41,23,18,,,,,,,,,
"Mar 1, 2024 10:00 AM",37,23,14,22,9,13,18,11,7,5,3,2,32,18,14,,,,,,,,,
"Mar 1, 2024 11:00 AM",31,15,16,26,18,8,20,8,12,17,9,8,109,87,22,,,,,,,,,
"Mar 1, 2024 12:00 PM",51,28,23,51,39,12,31,17,14,19,12,7,44,31,13,,,,,,,,,
"Mar 1, 2024 1:00 PM",33,24,9,24,14,10,22,18,4,17,8,9,33,22,11,,,,,,,,,
"Mar 1, 2024 2:00 PM",17,9,8,10,7,3,11,7,4,11,1,10,28,12,16,,,,,,,,,
"Mar 1, 2024 3:00 PM",26,18,8,7,5,2,19,14,5,15,0,15,37,14,23,,,,,,,,,
"Mar 1, 2024 4:00 PM",31,19,12,4,2,2,12,4,8,22,10,12,96,39,57,,,,,,,,,
"Mar 1, 2024 5:00 PM",29,16,13,12,5,7,12,5,7,8,2,6,42,25,17,,,,,,,,,
"Mar 1, 2024 6:00 PM",26,15,11,14,6,8,9,2,7,5,4,1,32,21,11,,,,,,,,,
"Mar 1, 2024 7:00 PM",22,12,10,6,1,5,9,0,9,5,2,3,54,36,18,,,,,,,,,
"Mar 1, 2024 8:00 PM",2,1,1,7,5,2,0,0,0,2,1,1,9,6,3,,,,,,,,,
"Mar 1, 2024 9:00 PM",9,5,4,2,1,1,4,2,2,2,2,0,6,5,1,,,,,,,,,
"Mar 1, 2024 10:00 PM",6,4,2,2,0,2,1,0,1,3,0,3,3,1,2,,,,,,,,,
"Mar 1, 2024 11:00 PM",3,3,0,0,0,0,0,0,0,2,1,1,9,7,2,,,,,,,,,
"Mar 2, 2024 12:00 AM",0,0,0,0,0,0,0,0,0,0,0,0,20,13,7,,,,,,,,,
"Mar 2, 2024 1:00 AM",1,1,0,0,0,0,1,1,0,1,0,1,13,9,4,,,,,,,,,
"Mar 2, 2024 2:00 AM",1,1,0,0,0,0,3,2,1,0,0,0,74,68,6,,,,,,,,,
"Mar 2, 2024 3:00 AM",0,0,0,0,0,0,0,0,0,1,0,1,15,12,3,,,,,,,,,
"Mar 2, 2024 4:00 AM",0,0,0,0,0,0,0,0,0,0,0,0,1,0,1,,,,,,,,,
"Mar 2, 2024 5:00 AM",2,1,1,0,0,0,1,0,1,1,1,0,5,2,3,,,,,,,,,
"Mar 2, 2024 6:00 AM",7,1,6,4,2,2,4,3,1,2,0,2,16,14,2,,,,,,,,,
"Mar 2, 2024 7:00 AM",40,18,22,16,8,8,12,7,5,5,0,5,31,20,11,,,,,,,,,
"Mar 2, 2024 8:00 AM",125,69,56,35,19,16,31,16,15,12,5,7,114,81,33,,,,,,,,,
"Mar 2, 2024 9:00 AM",213,113,100,55,31,24,47,27,20,47,22,25,144,101,43,,,,,,,,,
"Mar 2, 2024 10:00 AM",414,230,184,83,43,40,82,50,32,40,26,14,274,198,76,,,,,,,,,
"Mar 2, 2024 11:00 AM",486,233,253,114,59,55,88,54,34,48,26,22,312,215,97,,,,,,,,,
"Mar 2, 2024 12:00 PM",454,263,191,116,57,59,101,59,42,46,22,24,183,107,76,,,,,,,,,
"Mar 2, 2024 1:00 PM",496,228,268,87,48,39,65,33,32,56,22,34,266,207,59,,,,,,,,,
"Mar 2, 2024 2:00 PM",480,239,241,90,49,41,54,30,24,43,20,23,291,208,83,,,,,,,,,
"Mar 2, 2024 3:00 PM",311,156,155,56,27,29,40,25,15,30,9,21,226,176,50,,,,,,,,,
"Mar 2, 2024 4:00 PM",227,100,127,31,19,12,30,12,18,18,13,5,163,113,50,,,,,,,,,
"Mar 2, 2024 5:00 PM",167,79,88,29,17,12,37,22,15,25,9,16,392,327,65,,,,,,,,,
"Mar 2, 2024 6:00 PM",143,62,81,36,12,24,30,17,13,25,11,14,263,206,57,,,,,,,,,
"Mar 2, 2024 7:00 PM",56,30,26,23,12,11,33,11,22,10,7,3,513,431,82,,,,,,,,,
"Mar 2, 2024 8:00 PM",69,29,40,12,7,5,21,8,13,3,1,2,355,277,78,,,,,,,,,
"Mar 2, 2024 9:00 PM",23,12,11,10,3,7,6,4,2,3,2,1,606,480,126,,,,,,,,,
"Mar 2, 2024 10:00 PM",19,12,7,2,2,0,3,1,2,3,2,1,970,792,178,,,,,,,,,
"Mar 2, 2024 11:00 PM",8,7,1,2,0,2,5,3,2,7,0,7,216,146,70,,,,,,,,,
"Mar 3, 2024 12:00 AM",0,0,0,1,0,1,2,0,2,2,2,0,217,173,44,,,,,,,,,
"Mar 3, 2024 1:00 AM",1,1,0,4,4,0,1,1,0,0,0,0,248,211,37,,,,,,,,,
"Mar 3, 2024 2:00 AM",2,2,0,0,0,0,1,0,1,6,0,6,151,148,3,,,,,,,,,
"Mar 3, 2024 3:00 AM",0,0,0,0,0,0,0,0,0,2,1,1,20,19,1,,,,,,,,,
"Mar 3, 2024 4:00 AM",0,0,0,0,0,0,0,0,0,1,0,1,82,65,17,,,,,,,,,
"Mar 3, 2024 5:00 AM",3,1,2,0,0,0,0,0,0,0,0,0,8,6,2,,,,,,,,,
"Mar 3, 2024 6:00 AM",19,9,10,3,2,1,2,1,1,1,1,0,65,63,2,,,,,,,,,
"Mar 3, 2024 7:00 AM",71,28,43,11,5,6,12,8,4,7,3,4,162,106,56,,,,,,,,,
"Mar 3, 2024 8:00 AM",175,90,85,41,22,19,30,16,14,20,7,13,240,197,43,,,,,,,,,
"Mar 3, 2024 9:00 AM",315,165,150,79,46,33,59,34,25,33,20,13,263,207,56,,,,,,,,,
"Mar 3, 2024 10:00 AM",581,267,314,121,56,65,105,67,38,57,31,26,541,437,104,,,,,,,,,
"Mar 3, 2024 11:00 AM",818,451,367,145,88,57,121,69,52,59,38,21,914,681,233,,,,,,,,,
"Mar 3, 2024 12:00 PM",974,512,462,179,86,93,107,63,44,83,34,49,1306,988,318,,,,,,,,,
"Mar 3, 2024 1:00 PM",949,492,457,133,65,68,121,65,56,87,40,47,343,228,115,,,,,,,,,
"Mar 3, 2024 2:00 PM",778,368,410,97,59,38,72,37,35,62,28,34,529,388,141,,,,,,,,,
"Mar 3, 2024 3:00 PM",819,342,477,79,41,38,107,62,45,64,30,34,486,374,112,,,,,,,,,
"Mar 3, 2024 4:00 PM",606,257,349,78,39,39,50,27,23,45,18,27,293,211,82,,,,,,,,,
"Mar 3, 2024 5:00 PM",402,221,181,76,44,32,77,38,39,32,15,17,483,387,96,,,,,,,,,
"Mar 3, 2024 6:00 PM",170,79,91,41,15,26,35,14,21,20,10,10,441,368,73,,,,,,,,,
"Mar 3, 2024 7:00 PM",102,51,51,35,16,19,25,9,16,19,11,8,367,282,85,,,,,,,,,
"Mar 3, 2024 8:00 PM",59,30,29,30,11,19,27,10,17,8,3,5,269,225,44,,,,,,,,,
"Mar 3, 2024 9:00 PM",37,15,22,12,7,5,9,3,6,7,3,4,673,538,135,,,,,,,,,
"Mar 3, 2024 10:00 PM",15,10,5,6,3,3,14,7,7,0,0,0,575,451,124,,,,,,,,,
"Mar 3, 2024 11:00 PM",8,6,2,3,0,3,6,3,3,2,0,2,676,517,159,,,,,,,,,
"Mar 4, 2024 12:00 AM",0,0,0,1,0,1,1,1,0,0,0,0,244,219,25,,,,,,,,,
"Mar 4, 2024 1:00 AM",0,0,0,1,0,1,1,0,1,0,0,0,235,206,29,,,,,,,,,
"Mar 4, 2024 2:00 AM",0,0,0,1,1,0,1,1,0,0,0,0,128,122,6,,,,,,,,,
"Mar 4, 2024 3:00 AM",0,0,0,0,0,0,0,0,0,0,0,0,37,34,3,,,,,,,,,
"Mar 4, 2024 4:00 AM",0,0,0,0,0,0,0,0,0,2,2,0,17,11,6,,,,,,,,,
"Mar 4, 2024 5:00 AM",7,4,3,0,0,0,1,1,0,0,0,0,17,12,5,,,,,,,,,
"Mar 4, 2024 6:00 AM",34,16,18,14,7,7,23,13,10,9,7,2,146,132,14,,,,,,,,,
"Mar 4, 2024 7:00 AM",90,52,38,24,14,10,17,9,8,20,5,15,259,177,82,,,,,,,,,
"Mar 4, 2024 8:00 AM",112,53,59,37,16,21,22,14,8,56,25,31,260,189,71,,,,,,,,,
"Mar 4, 2024 9:00 AM",111,50,61,28,16,12,19,7,12,45,22,23,127,89,38,,,,,,,,,
"Mar 4, 2024 10:00 AM",116,54,62,19,11,8,18,12,6,29,13,16,474,368,106,,,,,,,,,
"Mar 4, 2024 11:00 AM",124,57,67,38,20,18,22,11,11,40,20,20,128,109,19,,,,,,,,,
"Mar 4, 2024 12:00 PM",147,58,89,41,21,20,21,12,9,45,23,22,147,117,30,,,,,,,,,
"Mar 4, 2024 1:00 PM",121,66,55,21,10,11,20,9,11,37,14,23,130,101,29,,,,,,,,,
"Mar 4, 2024 2:00 PM",17,11,6,6,4,2,1,1,0,9,3,6,14,10,4,,,,,,,,,
"Mar 4, 2024 3:00 PM",25,10,15,3,2,1,3,2,1,7,3,4,124,113,11,,,,,,,,,
"Mar 4, 2024 4:00 PM",20,9,11,4,3,1,11,6,5,10,7,3,33,22,11,,,,,,,,,
"Mar 4, 2024 5:00 PM",31,9,22,7,6,1,17,11,6,18,8,10,57,39,18,,,,,,,,,
"Mar 4, 2024 6:00 PM",27,13,14,19,10,9,22,12,10,15,6,9,65,53,12,,,,,,,,,
"Mar 4, 2024 7:00 PM",20,8,12,14,7,7,8,5,3,6,4,2,16,10,6,,,,,,,,,
"Mar 4, 2024 8:00 PM",31,16,15,18,7,11,11,6,5,3,0,3,28,18,10,,,,,,,,,
"Mar 4, 2024 9:00 PM",40,19,21,15,9,6,7,3,4,4,1,3,62,55,7,,,,,,,,,
"Mar 4, 2024 10:00 PM",20,10,10,9,2,7,5,2,3,0,0,0,71,56,15,,,,,,,,,
"Mar 4, 2024 11:00 PM",4,3,1,0,0,0,3,1,2,0,0,0,101,100,1,,,,,,,,,
"Mar 5, 2024 12:00 AM",0,0,0,1,0,1,1,1,0,3,1,2,37,35,2,,,,,,,,,
"Mar 5, 2024 1:00 AM",1,0,1,0,0,0,0,0,0,0,0,0,17,17,0,,,,,,,,,
"Mar 5, 2024 2:00 AM",0,0,0,0,0,0,0,0,0,0,0,0,79,72,7,,,,,,,,,
"Mar 5, 2024 3:00 AM",0,0,0,2,2,0,0,0,0,0,0,0,0,0,0,,,,,,,,,
"Mar 5, 2024 4:00 AM",1,0,1,0,0,0,0,0,0,0,0,0,20,20,0,,,,,,,,,
"Mar 5, 2024 5:00 AM",8,5,3,2,1,1,2,1,1,1,0,1,10,7,3,,,,,,,,,
"Mar 5, 2024 6:00 AM",37,16,21,13,6,7,9,5,4,10,7,3,24,16,8,,,,,,,,,
"Mar 5, 2024 7:00 AM",61,30,31,23,5,18,10,4,6,19,8,11,57,35,22,,,,,,,,,
"Mar 5, 2024 8:00 AM",48,25,23,27,15,12,27,18,9,27,12,15,84,46,38,,,,,,,,,
"Mar 5, 2024 9:00 AM",62,29,33,22,11,11,14,9,5,17,12,5,56,27,29,,,,,,,,,
"Mar 5, 2024 10:00 AM",97,50,47,10,5,5,17,9,8,17,11,6,55,31,24,,,,,,,,,
"Mar 5, 2024 11:00 AM",164,82,82,20,10,10,27,15,12,20,12,8,63,39,24,,,,,,,,,
"Mar 5, 2024 12:00 PM",179,81,98,44,19,25,27,13,14,27,12,15,114,77,37,,,,,,,,,
"Mar 5, 2024 1:00 PM",253,115,138,35,19,16,42,21,21,48,23,25,135,89,46,,,,,,,,,
"Mar 5, 2024 2:00 PM",267,142,125,40,15,25,35,20,15,27,12,15,184,128,56,,,,,,,,,
"Mar 5, 2024 3:00 PM",250,131,119,71,39,32,40,18,22,34,16,18,417,326,91,,,,,,,,,
"Mar 5, 2024 4:00 PM",279,125,154,69,32,37,41,21,20,43,20,23,308,212,96,,,,,,,,,
"Mar 5, 2024 5:00 PM",286,133,153,58,36,22,56,29,27,22,11,11,405,294,111,,,,,,,,,
"Mar 5, 2024 6:00 PM",218,101,117,68,38,30,48,31,17,45,28,17,236,168,68,,,,,,,,,
"Mar 5, 2024 7:00 PM",182,93,89,75,34,41,51,20,31,16,7,9,172,133,39,,,,,,,,,
"Mar 5, 2024 8:00 PM",141,80,61,52,27,25,34,21,13,13,4,9,411,352,59,,,,,,,,,
"Mar 5, 2024 9:00 PM",54,20,34,27,15,12,24,12,12,23,15,8,425,355,70,,,,,,,,,
"Mar 5, 2024 10:00 PM",34,20,14,9,1,8,14,6,8,5,3,2,188,141,47,,,,,,,,,
"Mar 5, 2024 11:00 PM",9,6,3,2,1,1,7,3,4,3,3,0,206,168,38,,,,,,,,,
"Mar 6, 2024 12:00 AM",0,0,0,2,2,0,0,0,0,0,0,0,228,160,68,,,,,,,,,
"Mar 6, 2024 1:00 AM",1,0,1,0,0,0,0,0,0,0,0,0,12,10,2,,,,,,,,,
"Mar 6, 2024 2:00 AM",0,0,0,0,0,0,0,0,0,0,0,0,36,31,5,,,,,,,,,
"Mar 6, 2024 3:00 AM",2,1,1,0,0,0,0,0,0,0,0,0,9,6,3,,,,,,,,,
"Mar 6, 2024 4:00 AM",0,0,0,1,1,0,0,0,0,1,1,0,88,38,50,,,,,,,,,
"Mar 6, 2024 5:00 AM",0,0,0,0,0,0,1,1,0,1,1,0,64,31,33,,,,,,,,,
"Mar 6, 2024 6:00 AM",40,16,24,30,23,7,17,9,8,15,8,7,44,36,8,,,,,,,,,
"Mar 6, 2024 7:00 AM",88,43,45,33,10,23,18,10,8,22,9,13,131,93,38,,,,,,,,,
"Mar 6, 2024 8:00 AM",119,53,66,33,17,16,26,15,11,50,25,25,249,176,73,,,,,,,,,
"Mar 6, 2024 9:00 AM",184,92,92,34,19,15,33,17,16,28,13,15,258,206,52,,,,,,,,,
"Mar 6, 2024 10:00 AM",201,102,99,46,12,34,34,20,14,37,21,16,198,156,42,,,,,,,,,
"Mar 6, 2024 11:00 AM",272,114,158,32,13,19,29,18,11,23,11,12,103,64,39,,,,,,,,,
"Mar 6, 2024 12:00 PM",177,86,91,54,18,36,38,18,20,32,20,12,107,63,44,,,,,,,,,
"Mar 6, 2024 1:00 PM",200,101,99,50,22,28,44,25,19,41,24,17,412,332,80,,,,,,,,,
"Mar 6, 2024 2:00 PM",162,74,88,35,13,22,32,15,17,37,20,17,113,68,45,,,,,,,,,
"Mar 6, 2024 3:00 PM",136,74,62,35,19,16,17,10,7,20,9,11,273,194,79,,,,,,,,,
"Mar 6, 2024 4:00 PM",125,63,62,26,15,11,26,17,9,22,8,14,250,187,63,,,,,,,,,
"Mar 6, 2024 5:00 PM",170,77,93,56,41,15,56,31,25,38,15,23,270,210,60,,,,,,,,,
"Mar 6, 2024 6:00 PM",129,64,65,53,29,24,41,23,18,12,4,8,388,295,93,,,,,,,,,
"Mar 6, 2024 7:00 PM",141,75,66,53,22,31,28,18,10,19,9,10,241,203,38,,,,,,,,,
"Mar 6, 2024 8:00 PM",107,51,56,26,9,17,22,11,11,13,5,8,382,318,64,,,,,,,,,
"Mar 6, 2024 9:00 PM",66,36,30,26,12,14,23,10,13,6,2,4,314,245,69,,,,,,,,,
"Mar 6, 2024 10:00 PM",17,14,3,4,2,2,11,8,3,2,1,1,497,434,63,,,,,,,,,
"Mar 6, 2024 11:00 PM",4,3,1,4,2,2,2,0,2,1,0,1,327,289,38,,,,,,,,,
"Mar 7, 2024 12:00 AM",0,0,0,0,0,0,3,2,1,2,1,1,111,102,9,,,,,,,,,
"Mar 7, 2024 1:00 AM",2,1,1,0,0,0,0,0,0,0,0,0,85,81,4,,,,,,,,,
"Mar 7, 2024 2:00 AM",0,0,0,2,1,1,0,0,0,1,0,1,20,18,2,,,,,,,,,
"Mar 7, 2024 3:00 AM",0,0,0,0,0,0,0,0,0,0,0,0,18,15,3,,,,,,,,,
"Mar 7, 2024 4:00 AM",2,0,2,0,0,0,1,0,1,0,0,0,14,14,0,,,,,,,,,
"Mar 7, 2024 5:00 AM",11,5,6,2,0,2,3,2,1,0,0,0,60,53,7,,,,,,,,,
"Mar 7, 2024 6:00 AM",42,19,23,13,5,8,18,10,8,16,10,6,32,19,13,,,,,,,,,
"Mar 7, 2024 7:00 AM",100,50,50,41,18,23,28,15,13,27,12,15,145,93,52,,,,,,,,,
"Mar 7, 2024 8:00 AM",122,65,57,40,16,24,34,18,16,50,27,23,284,192,92,,,,,,,,,
"Mar 7, 2024 9:00 AM",194,106,88,68,52,16,57,39,18,38,22,16,131,91,40,,,,,,,,,
"Mar 7, 2024 10:00 AM",172,99,73,39,16,23,30,12,18,32,16,16,165,134,31,,,,,,,,,
"Mar 7, 2024 11:00 AM",225,132,93,43,18,25,40,22,18,29,11,18,252,207,45,,,,,,,,,
"Mar 7, 2024 12:00 PM",232,111,121,33,18,15,37,26,11,27,16,11,289,239,50,,,,,,,,,
"Mar 7, 2024 1:00 PM",211,87,124,51,27,24,56,26,30,45,22,23,266,206,60,,,,,,,,,
"Mar 7, 2024 2:00 PM",185,69,116,27,6,21,20,7,13,24,11,13,175,133,42,,,,,,,,,
"Mar 7, 2024 3:00 PM",230,109,121,33,16,17,30,17,13,19,12,7,182,130,52,,,,,,,,,
"Mar 7, 2024 4:00 PM",130,57,73,28,21,7,34,14,20,35,16,19,387,295,92,,,,,,,,,
"Mar 7, 2024 5:00 PM",92,41,51,39,26,13,49,27,22,29,13,16,649,512,137,,,,,,,,,
"Mar 7, 2024 6:00 PM",117,53,64,42,27,15,43,24,19,32,16,16,318,251,67,,,,,,,,,
"Mar 7, 2024 7:00 PM",98,45,53,38,21,17,33,16,17,17,11,6,147,107,40,,,,,,,,,
"Mar 7, 2024 8:00 PM",60,33,27,23,10,13,21,11,10,11,3,8,376,329,47,,,,,,,,,
"Mar 7, 2024 9:00 PM",43,27,16,10,3,7,12,4,8,8,3,5,699,563,136,,,,,,,,,
"Mar 7, 2024 10:00 PM",19,12,7,2,2,0,5,4,1,2,2,0,165,155,10,,,,,,,,,
"Mar 7, 2024 11:00 PM",4,4,0,4,1,3,2,0,2,8,7,1,127,113,14,,,,,,,,,
"Mar 8, 2024 12:00 AM",0,0,0,0,0,0,0,0,0,1,1,0,469,397,72,,,,,,,,,
"Mar 8, 2024 1:00 AM",1,0,1,0,0,0,0,0,0,1,0,1,534,436,98,,,,,,,,,
"Mar 8, 2024 2:00 AM",0,0,0,1,0,1,0,0,0,0,0,0,26,25,1,,,,,,,,,
"Mar 8, 2024 3:00 AM",0,0,0,0,0,0,0,0,0,0,0,0,12,10,2,,,,,,,,,
"Mar 8, 2024 4:00 AM",0,0,0,0,0,0,0,0,0,0,0,0,60,43,17,,,,,,,,,
"Mar 8, 2024 5:00 AM",6,2,4,3,2,1,0,0,0,1,0,1,46,43,3,,,,,,,,,
"Mar 8, 2024 6:00 AM",36,15,21,8,4,4,7,4,3,5,3,2,336,255,81,,,,,,,,,
"Mar 8, 2024 7:00 AM",90,49,41,24,11,13,16,8,8,25,12,13,650,463,187,,,,,,,,,
"Mar 8, 2024 8:00 AM",103,46,57,38,17,21,24,15,9,44,19,25,984,683,301,,,,,,,,,
"Mar 8, 2024 9:00 AM",121,62,59,43,21,22,19,9,10,18,9,9,622,460,162,,,,,,,,,
"Mar 8, 2024 10:00 AM",180,97,83,50,18,32,35,19,16,24,16,8,520,338,182,,,,,,,,,
"Mar 8, 2024 11:00 AM",195,111,84,41,22,19,21,13,8,35,18,17,737,508,229,,,,,,,,,
"Mar 8, 2024 12:00 PM",171,85,86,38,17,21,30,15,15,26,12,14,969,708,261,,,,,,,,,
"Mar 8, 2024 1:00 PM",204,103,101,35,19,16,42,25,17,32,15,17,950,641,309,,,,,,,,,
"Mar 8, 2024 2:00 PM",188,75,113,32,16,16,29,17,12,20,9,11,909,567,342,,,,,,,,,
"Mar 8, 2024 3:00 PM",183,84,99,35,20,15,18,8,10,38,15,23,1046,677,369,,,,,,,,,
"Mar 8, 2024 4:00 PM",188,88,100,30,20,10,28,15,13,31,19,12,1030,750,280,,,,,,,,,
"Mar 8, 2024 5:00 PM",109,53,56,48,23,25,29,14,15,40,16,24,934,657,277,,,,,,,,,
"Mar 8, 2024 6:00 PM",80,35,45,54,32,22,32,19,13,21,12,9,697,519,178,,,,,,,,,
"Mar 8, 2024 7:00 PM",53,27,26,36,9,27,38,16,22,12,8,4,849,650,199,,,,,,,,,
"Mar 8, 2024 8:00 PM",49,22,27,15,10,5,17,10,7,19,6,13,698,507,191,,,,,,,,,
"Mar 8, 2024 9:00 PM",27,12,15,8,4,4,5,2,3,2,1,1,855,583,272,,,,,,,,,
"Mar 8, 2024 10:00 PM",17,11,6,2,0,2,5,2,3,4,1,3,1096,718,378,,,,,,,,,
"Mar 8, 2024 11:00 PM",9,8,1,2,0,2,7,4,3,12,4,8,748,547,201,,,,,,,,,
"Mar 9, 2024 12:00 AM",0,0,0,2,0,2,1,0,1,0,0,0,119,79,40,,,,,,,,,
"Mar 9, 2024 1:00 AM",2,0,2,1,0,1,0,0,0,2,0,2,53,41,12,,,,,,,,,
"Mar 9, 2024 2:00 AM",1,0,1,0,0,0,1,1,0,1,1,0,25,25,0,,,,,,,,,
"Mar 9, 2024 3:00 AM",0,0,0,0,0,0,0,0,0,2,1,1,159,140,19,,,,,,,,,
"Mar 9, 2024 4:00 AM",0,0,0,0,0,0,0,0,0,0,0,0,240,227,13,,,,,,,,,
"Mar 9, 2024 5:00 AM",4,3,1,0,0,0,0,0,0,0,0,0,312,278,34,,,,0,0,0,,,
"Mar 9, 2024 6:00 AM",7,2,5,3,2,1,3,2,1,0,0,0,143,128,15,,,,0,0,0,,,
"Mar 9, 2024 7:00 AM",50,30,20,29,20,9,25,15,10,7,2,5,193,165,28,,,,0,0,0,,,
"Mar 9, 2024 8:00 AM",96,51,45,42,25,17,42,23,19,28,12,16,168,109,59,,,,0,0,0,,,
"Mar 9, 2024 9:00 AM",164,91,73,164,104,60,70,35,35,25,13,12,288,205,83,,,,0,0,0,,,
"Mar 9, 2024 10:00 AM",221,113,108,174,70,104,89,50,39,55,22,33,270,201,69,,,,0,0,0,,,
"Mar 9, 2024 11:00 AM",259,148,111,91,51,40,68,35,33,45,20,25,456,336,120,,,,0,0,0,,,
"Mar 9, 2024 12:00 PM",242,131,111,56,36,20,44,30,14,39,23,16,208,158,50,,,,0,0,0,,,
"Mar 9, 2024 1:00 PM",182,90,92,36,18,18,57,30,27,29,12,17,123,87,36,,,,0,0,0,,,
"Mar 9, 2024 2:00 PM",183,90,93,39,18,21,39,17,22,30,14,16,131,98,33,,,,0,0,0,,,
"Mar 9, 2024 3:00 PM",227,110,117,30,9,21,39,19,20,23,9,14,83,55,28,,,,0,0,0,,,
"Mar 9, 2024 4:00 PM",131,65,66,41,14,27,22,7,15,57,33,24,143,103,40,,,,0,0,0,,,
"Mar 9, 2024 5:00 PM",106,59,47,25,14,11,13,6,7,18,7,11,252,205,47,,,,0,0,0,,,
"Mar 9, 2024 6:00 PM",77,34,43,32,16,16,12,4,8,16,9,7,99,67,32,,,,0,0,0,,,
"Mar 9, 2024 7:00 PM",60,33,27,12,5,7,20,13,7,21,14,7,413,337,76,,,,0,0,0,,,
"Mar 9, 2024 8:00 PM",30,15,15,9,3,6,5,1,4,32,23,9,163,139,24,,,,0,0,0,,,
"Mar 9, 2024 9:00 PM",30,18,12,9,2,7,7,6,1,10,6,4,106,85,21,,,,0,0,0,,,
"Mar 9, 2024 10:00 PM",15,8,7,2,1,1,8,3,5,20,9,11,95,79,16,,,,0,0,0,,,
"Mar 9, 2024 11:00 PM",7,5,2,2,2,0,6,4,2,5,0,5,301,248,53,,,,0,0,0,,,
"Mar 10, 2024 12:00 AM",0,0,0,2,0,2,5,1,4,4,1,3,226,145,81,,,,0,0,0,,,
"Mar 10, 2024 1:00 AM",3,1,2,2,0,2,0,0,0,1,1,0,36,24,12,,,,0,0,0,,,
"Mar 10, 2024 2:00 AM",1,1,0,0,0,0,0,0,0,0,0,0,45,39,6,,,,0,0,0,,,
"Mar 10, 2024 3:00 AM",0,0,0,0,0,0,0,0,0,1,1,0,55,41,14,,,,0,0,0,,,
"Mar 10, 2024 4:00 AM",0,0,0,0,0,0,0,0,0,0,0,0,46,41,5,,,,0,0,0,,,
"Mar 10, 2024 5:00 AM",0,0,0,0,0,0,0,0,0,0,0,0,177,144,33,,,,0,0,0,,,
"Mar 10, 2024 6:00 AM",4,2,2,4,2,2,1,0,1,1,1,0,14,14,0,,,,0,0,0,,,
"Mar 10, 2024 7:00 AM",33,12,21,6,4,2,5,3,2,8,3,5,32,24,8,,,,0,0,0,,,
"Mar 10, 2024 8:00 AM",43,19,24,20,15,5,13,7,6,14,5,9,27,17,10,,,,0,0,0,,,
"Mar 10, 2024 9:00 AM",75,38,37,23,14,9,22,8,14,18,10,8,42,26,16,,,,0,0,0,,,
"Mar 10, 2024 10:00 AM",154,84,70,38,18,20,44,26,18,11,5,6,65,39,26,,,,0,0,0,,,
"Mar 10, 2024 11:00 AM",275,152,123,73,35,38,67,40,27,30,16,14,163,98,65,,,,0,0,0,,,
"Mar 10, 2024 12:00 PM",309,189,120,73,40,33,57,36,21,31,18,13,119,59,60,,,,0,0,0,,,
"Mar 10, 2024 1:00 PM",285,130,155,65,34,31,56,27,29,40,18,22,84,41,43,,,,0,0,0,,,
"Mar 10, 2024 2:00 PM",404,190,214,47,22,25,79,45,34,42,21,21,85,46,39,,,,0,0,0,,,
"Mar 10, 2024 3:00 PM",411,207,204,63,37,26,55,38,17,37,14,23,138,71,67,,,,0,0,0,,,
"Mar 10, 2024 4:00 PM",418,202,216,55,33,22,54,24,30,42,20,22,131,72,59,,,,0,0,0,,,
"Mar 10, 2024 5:00 PM",273,136,137,58,25,33,44,18,26,34,18,16,87,45,42,,,,0,0,0,,,
"Mar 10, 2024 6:00 PM",196,86,110,37,16,21,37,23,14,21,10,11,61,33,28,,,,0,0,0,,,
"Mar 10, 2024 7:00 PM",102,50,52,29,13,16,26,11,15,17,8,9,41,24,17,,,,0,0,0,,,
"Mar 10, 2024 8:00 PM",59,32,27,16,10,6,18,11,7,13,5,8,43,22,21,,,,0,0,0,,,
"Mar 10, 2024 9:00 PM",44,19,25,18,11,7,6,2,4,5,1,4,20,15,5,,,,0,0,0,,,
"Mar 10, 2024 10:00 PM",18,8,10,1,1,0,8,5,3,10,6,4,41,33,8,,,,0,0,0,,,
"Mar 10, 2024 11:00 PM",1,0,1,8,0,8,1,0,1,0,0,0,117,86,31,,,,0,0,0,,,
"Mar 11, 2024 12:00 AM",0,0,0,1,0,1,0,0,0,0,0,0,33,25,8,,,,,,,,,
"Mar 11, 2024 1:00 AM",0,0,0,0,0,0,0,0,0,0,0,0,2,2,0,,,,,,,,,
"Mar 11, 2024 2:00 AM",0,0,0,1,0,1,0,0,0,0,0,0,1,1,0,,,,,,,,,
"Mar 11, 2024 3:00 AM",0,0,0,0,0,0,0,0,0,0,0,0,0,0,0,,,,,,,,,
"Mar 11, 2024 4:00 AM",1,0,1,1,1,0,3,2,1,1,1,0,0,0,0,,,,,,,,,
"Mar 11, 2024 5:00 AM",10,7,3,2,1,1,5,3,2,0,0,0,4,3,1,,,,,,,,,
"Mar 11, 2024 6:00 AM",30,14,16,8,5,3,15,9,6,12,6,6,22,15,7,,,,,,,,,
"Mar 11, 2024 7:00 AM",88,43,45,29,10,19,14,10,4,19,9,10,81,55,26,,,,,,,,,
"Mar 11, 2024 8:00 AM",132,53,79,29,10,19,23,14,9,54,18,36,171,102,69,,,,,,,,,
"Mar 11, 2024 9:00 AM",128,59,69,29,19,10,14,5,9,28,17,11,64,35,29,,,,,,,,,
"Mar 11, 2024 10:00 AM",142,79,63,33,16,17,35,18,17,19,10,9,82,50,32,,,,,,,,,
"Mar 11, 2024 11:00 AM",197,104,93,36,25,11,31,17,14,30,18,12,76,41,35,,,,,,,,,
"Mar 11, 2024 12:00 PM",243,124,119,49,25,24,33,21,12,44,27,17,126,91,35,,,,,,,,,
"Mar 11, 2024 1:00 PM",213,94,119,45,22,23,35,14,21,42,17,25,89,54,35,,,,,,,,,
"Mar 11, 2024 2:00 PM",202,84,118,31,20,11,27,19,8,37,14,23,79,36,43,,,,,,,,,
"Mar 11, 2024 3:00 PM",181,93,88,28,14,14,24,11,13,49,32,17,106,75,31,,,,,,,,,
"Mar 11, 2024 4:00 PM",161,78,83,32,15,17,36,17,19,29,13,16,275,182,93,,,,,,,,,
"Mar 11, 2024 5:00 PM",167,71,96,52,33,19,52,26,26,43,15,28,176,125,51,,,,,,,,,
"Mar 11, 2024 6:00 PM",181,92,89,47,27,20,35,20,15,39,22,17,202,141,61,,,,,,,,,
"Mar 11, 2024 7:00 PM",145,79,66,80,23,57,51,30,21,8,5,3,107,72,35,,,,,,,,,
"Mar 11, 2024 8:00 PM",102,55,47,23,8,15,26,8,18,8,1,7,96,67,29,,,,,,,,,
"Mar 11, 2024 9:00 PM",41,25,16,10,4,6,16,7,9,4,2,2,9,6,3,,,,,,,,,
"Mar 11, 2024 10:00 PM",13,5,8,7,3,4,6,0,6,4,1,3,9,3,6,,,,,,,,,
"Mar 11, 2024 11:00 PM",1,0,1,0,0,0,2,0,2,2,1,1,2,2,0,,,,,,,,,
"Mar 12, 2024 12:00 AM",0,0,0,0,0,0,1,1,0,1,0,1,0,0,0,,,,,,,,,
"Mar 12, 2024 1:00 AM",0,0,0,0,0,0,0,0,0,0,0,0,1,1,0,,,,,,,,,
"Mar 12, 2024 2:00 AM",0,0,0,0,0,0,0,0,0,0,0,0,0,0,0,,,,,,,,,
"Mar 12, 2024 3:00 AM",0,0,0,1,0,1,1,0,1,0,0,0,0,0,0,,,,,,,,,
"Mar 12, 2024 4:00 AM",0,0,0,1,1,0,0,0,0,0,0,0,0,0,0,,,,,,,,,
"Mar 12, 2024 5:00 AM",18,8,10,1,1,0,2,1,1,2,0,2,6,4,2,,,,0,0,0,,,
"Mar 12, 2024 6:00 AM",54,26,28,11,4,7,14,8,6,13,11,2,62,57,5,,,,0,0,0,,,
"Mar 12, 2024 7:00 AM",98,49,49,30,9,21,19,8,11,19,5,14,72,45,27,,,,0,0,0,,,
"Mar 12, 2024 8:00 AM",141,68,73,40,16,24,33,20,13,70,35,35,143,89,54,,,,0,0,0,,,
"Mar 12, 2024 9:00 AM",165,90,75,39,23,16,25,15,10,34,21,13,205,103,102,,,,0,0,0,,,
"Mar 12, 2024 10:00 AM",189,88,101,28,6,22,26,11,15,23,11,12,136,93,43,,,,0,0,0,,,
"Mar 12, 2024 11:00 AM",210,107,103,43,22,21,38,21,17,19,7,12,156,110,46,,,,36,19,17,,,
"Mar 12, 2024 12:00 PM",232,117,115,56,26,30,34,19,15,35,20,15,216,152,64,,,,65,37,28,,,
"Mar 12, 2024 1:00 PM",273,133,140,49,23,26,49,20,29,44,24,20,265,210,55,,,,58,27,31,,,
"Mar 12, 2024 2:00 PM",187,79,108,33,19,14,32,20,12,22,9,13,193,85,108,,,,66,21,45,,,
"Mar 12, 2024 3:00 PM",179,86,93,32,11,21,42,20,22,31,12,19,151,113,38,,,,95,26,69,,,
"Mar 12, 2024 4:00 PM",224,97,127,38,15,23,25,12,13,38,19,19,151,100,51,,,,91,42,49,,,
"Mar 12, 2024 5:00 PM",221,116,105,61,41,20,54,34,20,44,20,24,253,178,75,,,,98,57,41,,,
"Mar 12, 2024 6:00 PM",267,123,144,72,40,32,67,45,22,37,18,19,238,178,60,,,,79,41,38,,,
"Mar 12, 2024 7:00 PM",183,92,91,69,30,39,55,20,35,23,11,12,115,67,48,,,,55,29,26,,,
"Mar 12, 2024 8:00 PM",145,83,62,40,16,24,35,15,20,17,9,8,128,107,21,,,,44,23,21,,,
"Mar 12, 2024 9:00 PM",90,59,31,23,9,14,19,8,11,6,3,3,161,143,18,,,,18,8,10,,,
"Mar 12, 2024 10:00 PM",27,12,15,8,2,6,12,2,10,2,2,0,106,92,14,,,,11,7,4,,,
"Mar 12, 2024 11:00 PM",8,2,6,2,0,2,7,5,2,5,1,4,82,61,21,,,,10,7,3,,,
"Mar 13, 2024 12:00 AM",0,0,0,0,0,0,0,0,0,0,0,0,22,18,4,,,,6,2,4,,,
"Mar 13, 2024 1:00 AM",0,0,0,0,0,0,0,0,0,1,0,1,5,3,2,,,,4,4,0,,,
"Mar 13, 2024 2:00 AM",0,0,0,0,0,0,0,0,0,0,0,0,7,7,0,,,,1,1,0,,,
"Mar 13, 2024 3:00 AM",0,0,0,2,2,0,0,0,0,0,0,0,7,5,2,,,,0,0,0,,,
"Mar 13, 2024 4:00 AM",1,1,0,1,1,0,1,1,0,1,1,0,1,1,0,,,,2,1,1,,,
"Mar 13, 2024 5:00 AM",9,3,6,0,0,0,1,1,0,0,0,0,4,1,3,,,,4,2,2,,,
"Mar 13, 2024 6:00 AM",59,29,30,25,15,10,19,10,9,16,10,6,100,82,18,,,,14,6,8,,,
"Mar 13, 2024 7:00 AM",93,46,47,28,8,20,14,4,10,16,4,12,111,69,42,,,,19,14,5,,,
"Mar 13, 2024 8:00 AM",132,58,74,35,13,22,24,14,10,51,25,26,89,48,41,,,,0,0,0,,,
"Mar 13, 2024 9:00 AM",157,72,85,28,15,13,17,8,9,26,14,12,95,69,26,,,,0,0,0,,,
"Mar 13, 2024 10:00 AM",157,82,75,21,11,10,23,11,12,26,12,14,136,100,36,,,,0,0,0,,,
"Mar 13, 2024 11:00 AM",155,84,71,19,9,10,7,5,2,17,9,8,77,51,26,,,,0,0,0,,,
"Mar 13, 2024 12:00 PM",154,83,71,51,29,22,21,11,10,29,15,14,121,67,54,,,,0,0,0,,,
"Mar 13, 2024 1:00 PM",190,99,91,32,16,16,51,34,17,32,17,15,112,74,38,,,,0,0,0,,,
"Mar 13, 2024 2:00 PM",121,53,68,24,13,11,14,7,7,36,17,19,42,19,23,,,,0,0,0,,,
"Mar 13, 2024 3:00 PM",124,55,69,19,11,8,14,8,6,38,18,20,41,17,24,,,,0,0,0,,,
"Mar 13, 2024 4:00 PM",90,53,37,22,11,11,19,11,8,12,9,3,99,61,38,,,,0,0,0,,,
"Mar 13, 2024 5:00 PM",79,47,32,43,23,20,45,31,14,18,9,9,110,76,34,,,,0,0,0,,,
"Mar 13, 2024 6:00 PM",87,51,36,48,22,26,31,15,16,18,9,9,140,103,37,,,,0,0,0,,,
"Mar 13, 2024 7:00 PM",95,47,48,41,22,19,28,15,13,15,5,10,83,47,36,,,,0,0,0,,,
"Mar 13, 2024 8:00 PM",34,19,15,13,8,5,9,6,3,8,4,4,21,10,11,,,,0,0,0,,,
"Mar 13, 2024 9:00 PM",14,10,4,5,3,2,12,8,4,6,4,2,21,7,14,,,,0,0,0,,,
"Mar 13, 2024 10:00 PM",11,9,2,1,1,0,3,2,1,0,0,0,19,13,6,,,,0,0,0,,,
"Mar 13, 2024 11:00 PM",5,3,2,1,1,0,1,0,1,1,1,0,5,3,2,,,,0,0,0,,,
"Mar 14, 2024 12:00 AM",0,0,0,0,0,0,0,0,0,0,0,0,12,11,1,,,,0,0,0,,,
"Mar 14, 2024 1:00 AM",2,1,1,0,0,0,0,0,0,0,0,0,1,1,0,,,,0,0,0,,,
"Mar 14, 2024 2:00 AM",2,0,2,0,0,0,0,0,0,0,0,0,0,0,0,,,,0,0,0,,,
"Mar 14, 2024 3:00 AM",0,0,0,0,0,0,0,0,0,0,0,0,0,0,0,,,,0,0,0,,,
"Mar 14, 2024 4:00 AM",0,0,0,1,1,0,0,0,0,0,0,0,0,0,0,,,,0,0,0,,,
"Mar 14, 2024 5:00 AM",8,4,4,1,1,0,0,0,0,0,0,0,1,1,0,,,,0,0,0,,,
"Mar 14, 2024 6:00 AM",46,21,25,5,1,4,11,6,5,11,7,4,26,11,15,,,,0,0,0,,,
"Mar 14, 2024 7:00 AM",68,32,36,27,14,13,9,2,7,28,10,18,57,29,28,,,,0,0,0,,,
"Mar 14, 2024 8:00 AM",104,54,50,31,16,15,35,20,15,27,12,15,95,56,39,,,,0,0,0,,,
"Mar 14, 2024 9:00 AM",136,62,74,36,19,17,33,16,17,36,20,16,87,53,34,,,,0,0,0,,,
"Mar 14, 2024 10:00 AM",161,71,90,34,16,18,27,16,11,26,11,15,76,38,38,,,,0,0,0,,,
"Mar 14, 2024 11:00 AM",175,94,81,24,10,14,21,11,10,32,18,14,117,71,46,,,,0,0,0,,,
"Mar 14, 2024 12:00 PM",159,72,87,35,17,18,27,12,15,37,18,19,85,49,36,,,,0,0,0,,,
"Mar 14, 2024 1:00 PM",216,127,89,45,23,22,48,18,30,27,10,17,184,122,62,,,,0,0,0,,,
"Mar 14, 2024 2:00 PM",229,100,129,34,19,15,34,16,18,18,10,8,148,94,54,,,,0,0,0,,,
"Mar 14, 2024 3:00 PM",212,120,92,29,10,19,39,24,15,24,11,13,176,104,72,,,,0,0,0,,,
"Mar 14, 2024 4:00 PM",237,125,112,42,23,19,40,22,18,44,16,28,170,94,76,,,,0,0,0,,,
"Mar 14, 2024 5:00 PM",214,112,102,57,33,24,59,29,30,29,10,19,178,106,72,,,,0,0,0,,,
"Mar 14, 2024 6:00 PM",238,121,117,72,44,28,62,35,27,28,11,17,188,132,56,,,,0,0,0,,,
"Mar 14, 2024 7:00 PM",166,86,80,44,24,20,43,23,20,16,6,10,198,140,58,,,,0,0,0,,,
"Mar 14, 2024 8:00 PM",128,67,61,33,21,12,28,15,13,13,3,10,143,95,48,,,,0,0,0,,,
"Mar 14, 2024 9:00 PM",67,42,25,17,9,8,20,7,13,11,4,7,198,143,55,,,,0,0,0,,,
"Mar 14, 2024 10:00 PM",21,12,9,4,1,3,6,2,4,2,1,1,75,67,8,,,,0,0,0,,,
"Mar 14, 2024 11:00 PM",7,5,2,5,2,3,7,3,4,12,6,6,20,18,2,,,,0,0,0,,,
"Mar 15, 2024 12:00 AM",0,0,0,0,0,0,0,0,0,3,2,1,15,12,3,,,,,,,,,
"Mar 15, 2024 1:00 AM",2,1,1,0,0,0,0,0,0,0,0,0,1,1,0,,,,,,,,,
"Mar 15, 2024 2:00 AM",1,1,0,0,0,0,1,0,1,0,0,0,2,2,0,,,,,,,,,
"Mar 15, 2024 3:00 AM",0,0,0,0,0,0,0,0,0,0,0,0,0,0,0,,,,,,,,,
"Mar 15, 2024 4:00 AM",0,0,0,1,1,0,0,0,0,0,0,0,4,4,0,,,,,,,,,
"Mar 15, 2024 5:00 AM",7,3,4,2,2,0,3,2,1,0,0,0,9,6,3,,,,,,,,,
"Mar 15, 2024 6:00 AM",53,27,26,12,6,6,22,13,9,13,7,6,23,11,12,,,,,,,,,
"Mar 15, 2024 7:00 AM",96,52,44,21,13,8,21,14,7,19,9,10,92,48,44,,,,,,,,,
"Mar 15, 2024 8:00 AM",139,69,70,47,26,21,29,13,16,45,23,22,148,86,62,,,,,,,,,
"Mar 15, 2024 9:00 AM",119,60,59,35,22,13,18,9,9,35,11,24,73,38,35,,,,,,,,,
"Mar 15, 2024 10:00 AM",134,78,56,48,28,20,23,12,11,41,25,16,117,86,31,,,,,,,,,
"Mar 15, 2024 11:00 AM",187,112,75,54,22,32,29,12,17,32,17,15,98,61,37,,,,,,,,,
"Mar 15, 2024 12:00 PM",243,130,113,42,15,27,31,16,15,28,12,16,126,67,59,,,,,,,,,
"Mar 15, 2024 1:00 PM",244,126,118,67,35,32,33,22,11,42,21,21,164,101,63,,,,,,,,,
"Mar 15, 2024 2:00 PM",227,134,93,35,14,21,32,20,12,36,14,22,125,70,55,,,,,,,,,
"Mar 15, 2024 3:00 PM",296,149,147,54,28,26,46,25,21,25,8,17,176,99,77,,,,,,,,,
"Mar 15, 2024 4:00 PM",332,160,172,54,38,16,36,15,21,40,16,24,606,363,243,,,,,,,,,
"Mar 15, 2024 5:00 PM",247,97,150,51,37,14,55,26,29,28,18,10,593,426,167,,,,,,,,,
"Mar 15, 2024 6:00 PM",235,105,130,61,28,33,50,28,22,43,25,18,504,328,176,,,,,,,,,
"Mar 15, 2024 7:00 PM",141,71,70,40,17,23,39,16,23,15,7,8,492,340,152,,,,,,,,,
"Mar 15, 2024 8:00 PM",89,51,38,26,12,14,17,6,11,5,3,2,182,109,73,,,,,,,,,
"Mar 15, 2024 9:00 PM",38,24,14,14,9,5,8,6,2,6,4,2,255,165,90,,,,,,,,,
"Mar 15, 2024 10:00 PM",24,11,13,6,0,6,12,6,6,1,0,1,533,333,200,,,,,,,,,
"Mar 15, 2024 11:00 PM",15,10,5,6,2,4,8,5,3,2,1,1,468,326,142,,,,,,,,,
"Mar 16, 2024 12:00 AM",1,0,1,1,0,1,6,0,6,2,2,0,275,170,105,,,,,,,,,
"Mar 16, 2024 1:00 AM",1,1,0,4,0,4,2,1,1,2,0,2,76,60,16,,,,,,,,,
"Mar 16, 2024 2:00 AM",1,1,0,1,1,0,0,0,0,0,0,0,107,56,51,,,,,,,,,
"Mar 16, 2024 3:00 AM",0,0,0,0,0,0,0,0,0,0,0,0,15,14,1,,,,,,,,,
"Mar 16, 2024 4:00 AM",2,0,2,0,0,0,0,0,0,0,0,0,3,3,0,,,,,,,,,
"Mar 16, 2024 5:00 AM",1,1,0,0,0,0,0,0,0,3,1,2,12,6,6,,,,,,,,,
"Mar 16, 2024 6:00 AM",21,9,12,5,2,3,5,3,2,4,0,4,74,52,22,,,,,,,,,
"Mar 16, 2024 7:00 AM",95,48,47,17,9,8,20,10,10,19,10,9,107,67,40,,,,,,,,,
"Mar 16, 2024 8:00 AM",109,64,45,34,17,17,40,23,17,23,12,11,88,62,26,,,,,,,,,
"Mar 16, 2024 9:00 AM",120,61,59,49,26,23,45,24,21,32,14,18,69,44,25,,,,,,,,,
"Mar 16, 2024 10:00 AM",163,88,75,74,43,31,51,28,23,20,9,11,157,108,49,,,,,,,,,
"Mar 16, 2024 11:00 AM",177,81,96,61,22,39,45,15,30,30,19,11,115,60,55,,,,,,,,,
"Mar 16, 2024 12:00 PM",176,69,107,52,36,16,49,26,23,29,12,17,84,50,34,,,,,,,,,
"Mar 16, 2024 1:00 PM",207,112,95,42,17,25,45,30,15,18,8,10,94,48,46,,,,,,,,,
"Mar 16, 2024 2:00 PM",205,80,125,24,13,11,43,23,20,32,13,19,72,45,27,,,,,,,,,
"Mar 16, 2024 3:00 PM",191,104,87,40,20,20,32,21,11,36,12,24,116,84,32,,,,,,,,,
"Mar 16, 2024 4:00 PM",182,76,106,42,26,16,31,15,16,27,10,17,77,40,37,,,,,,,,,
"Mar 16, 2024 5:00 PM",165,81,84,24,16,8,36,19,17,19,9,10,44,26,18,,,,,,,,,
"Mar 16, 2024 6:00 PM",132,56,76,32,18,14,20,9,11,11,6,5,70,40,30,,,,,,,,,
"Mar 16, 2024 7:00 PM",91,40,51,22,9,13,25,14,11,17,10,7,143,106,37,,,,,,,,,
"Mar 16, 2024 8:00 PM",87,48,39,24,13,11,17,7,10,15,7,8,128,88,40,,,,,,,,,
"Mar 16, 2024 9:00 PM",70,45,25,22,10,12,20,8,12,1,0,1,55,33,22,,,,,,,,,
"Mar 16, 2024 10:00 PM",19,9,10,10,6,4,12,9,3,3,1,2,77,38,39,,,,,,,,,
"Mar 16, 2024 11:00 PM",9,7,2,4,1,3,3,1,2,7,5,2,46,21,25,,,,,,,,,
"Mar 17, 2024 12:00 AM",0,0,0,1,0,1,6,4,2,1,1,0,41,23,18,,,,,,,,,
"Mar 17, 2024 1:00 AM",5,2,3,1,0,1,7,1,6,1,0,1,2,2,0,,,,,,,,,
"Mar 17, 2024 2:00 AM",2,0,2,1,1,0,0,0,0,0,0,0,2,2,0,,,,,,,,,
"Mar 17, 2024 3:00 AM",0,0,0,1,0,1,0,0,0,2,0,2,4,1,3,,,,,,,,,
"Mar 17, 2024 4:00 AM",2,2,0,1,0,1,0,0,0,0,0,0,30,6,24,,,,,,,,,
"Mar 17, 2024 5:00 AM",3,2,1,0,0,0,1,0,1,0,0,0,1,1,0,,,,,,,,,
"Mar 17, 2024 6:00 AM",28,14,14,4,1,3,5,1,4,0,0,0,6,6,0,,,,,,,,,
"Mar 17, 2024 7:00 AM",46,19,27,11,6,5,8,3,5,2,2,0,37,26,11,,,,,,,,,
"Mar 17, 2024 8:00 AM",185,82,103,64,28,36,39,20,19,28,14,14,78,47,31,,,,,,,,,
"Mar 17, 2024 9:00 AM",434,278,156,76,32,44,67,41,26,44,29,15,190,83,107,,,,,,,,,
"Mar 17, 2024 10:00 AM",954,527,427,124,55,69,206,170,36,124,103,21,596,160,436,,,,,,,,,
"Mar 17, 2024 11:00 AM",1373,426,947,111,65,46,214,156,58,97,66,31,533,146,387,,,,,,,,,
"Mar 17, 2024 12:00 PM",1110,524,586,160,71,89,198,58,140,123,25,98,281,164,117,,,,,,,,,
"Mar 17, 2024 1:00 PM",936,430,506,273,212,61,232,155,77,91,29,62,394,311,83,,,,,,,,,
"Mar 17, 2024 2:00 PM",1102,582,520,423,354,69,355,269,86,72,32,40,432,362,70,,,,,,,,,
"Mar 17, 2024 3:00 PM",946,448,498,393,347,46,281,230,51,52,12,40,379,303,76,,,,,,,,,
"Mar 17, 2024 4:00 PM",646,343,303,195,151,44,201,166,35,52,18,34,340,241,99,,,,,,,,,
"Mar 17, 2024 5:00 PM",495,245,250,98,67,31,102,57,45,34,19,15,194,123,71,,,,,,,,,
"Mar 17, 2024 6:00 PM",318,169,149,39,19,20,38,18,20,23,11,12,198,138,60,,,,,,,,,
"Mar 17, 2024 7:00 PM",174,74,100,33,11,22,18,12,6,22,12,10,179,133,46,,,,,,,,,
"Mar 17, 2024 8:00 PM",86,46,40,14,6,8,17,10,7,17,8,9,45,33,12,,,,,,,,,
"Mar 17, 2024 9:00 PM",43,20,23,8,1,7,10,5,5,13,8,5,120,97,23,,,,,,,,,
"Mar 17, 2024 10:00 PM",27,22,5,2,2,0,8,3,5,19,8,11,26,16,10,,,,,,,,,
"Mar 17, 2024 11:00 PM",11,6,5,3,0,3,5,4,1,5,2,3,74,71,3,,,,,,,,,
"Mar 18, 2024 12:00 AM",0,0,0,2,0,2,5,0,5,8,3,5,127,84,43,,,,,,,,,
"Mar 18, 2024 1:00 AM",1,1,0,3,0,3,3,1,2,0,0,0,19,14,5,,,,,,,,,
"Mar 18, 2024 2:00 AM",0,0,0,1,0,1,0,0,0,0,0,0,11,9,2,,,,,,,,,
"Mar 18, 2024 3:00 AM",1,0,1,2,1,1,2,2,0,0,0,0,14,14,0,,,,,,,,,
"Mar 18, 2024 4:00 AM",4,2,2,0,0,0,0,0,0,1,1,0,20,13,7,,,,,,,,,
"Mar 18, 2024 5:00 AM",4,3,1,6,2,4,2,1,1,1,0,1,19,11,8,,,,0,0,0,,,
"Mar 18, 2024 6:00 AM",25,12,13,6,2,4,4,3,1,0,0,0,13,10,3,,,,0,0,0,,,
"Mar 18, 2024 7:00 AM",95,45,50,13,5,8,12,5,7,5,3,2,41,29,12,,,,0,0,0,,,
"Mar 18, 2024 8:00 AM",149,72,77,30,20,10,23,13,10,27,15,12,75,49,26,,,,0,0,0,,,
"Mar 18, 2024 9:00 AM",356,177,179,65,36,29,46,26,20,43,17,26,131,100,31,,,,0,0,0,,,
"Mar 18, 2024 10:00 AM",586,319,267,97,55,42,94,46,48,53,24,29,230,168,62,,,,0,0,0,,,
"Mar 18, 2024 11:00 AM",726,350,376,108,53,55,77,39,38,46,23,23,184,124,60,,,,0,0,0,,,
"Mar 18, 2024 12:00 PM",842,451,391,93,54,39,79,58,21,34,20,14,146,82,64,,,,0,0,0,,,
"Mar 18, 2024 1:00 PM",670,309,361,82,48,34,58,35,23,42,16,26,149,88,61,,,,0,0,0,,,
"Mar 18, 2024 2:00 PM",565,294,271,80,42,38,71,42,29,37,20,17,156,104,52,,,,0,0,0,,,
"Mar 18, 2024 3:00 PM",524,214,310,72,36,36,42,23,19,25,18,7,173,110,63,,,,0,0,0,,,
"Mar 18, 2024 4:00 PM",498,219,279,68,31,37,38,26,12,33,14,19,170,121,49,,,,0,0,0,,,
"Mar 18, 2024 5:00 PM",337,150,187,36,15,21,49,26,23,36,18,18,339,230,109,,,,0,0,0,,,
"Mar 18, 2024 6:00 PM",157,84,73,35,11,24,37,19,18,18,4,14,383,306,77,,,,0,0,0,,,
"Mar 18, 2024 7:00 PM",106,56,50,21,9,12,29,11,18,13,6,7,64,41,23,,,,0,0,0,,,
"Mar 18, 2024 8:00 PM",57,27,30,38,5,33,15,9,6,11,2,9,68,51,17,,,,0,0,0,,,
"Mar 18, 2024 9:00 PM",31,15,16,11,5,6,9,4,5,8,4,4,77,72,5,,,,0,0,0,,,
"Mar 18, 2024 10:00 PM",15,11,4,5,1,4,6,2,4,3,1,2,40,27,13,,,,0,0,0,,,
"Mar 18, 2024 11:00 PM",12,4,8,6,3,3,1,1,0,0,0,0,35,23,12,,,,0,0,0,,,
"Mar 19, 2024 12:00 AM",0,0,0,0,0,0,1,1,0,0,0,0,51,39,12,,,,,,,,,
"Mar 19, 2024 1:00 AM",0,0,0,0,0,0,1,0,1,0,0,0,3,3,0,,,,,,,,,
"Mar 19, 2024 2:00 AM",0,0,0,0,0,0,0,0,0,0,0,0,33,31,2,,,,,,,,,
"Mar 19, 2024 3:00 AM",0,0,0,0,0,0,0,0,0,0,0,0,2,1,1,,,,,,,,,
"Mar 19, 2024 4:00 AM",0,0,0,1,1,0,0,0,0,0,0,0,9,2,7,,,,,,,,,
"Mar 19, 2024 5:00 AM",12,5,7,2,1,1,4,2,2,1,0,1,8,5,3,,,,,,,,,
"Mar 19, 2024 6:00 AM",54,28,26,12,4,8,18,10,8,16,9,7,72,53,19,,,,,,,,,
"Mar 19, 2024 7:00 AM",101,51,50,23,8,15,15,7,8,14,6,8,122,86,36,,,,,,,,,
"Mar 19, 2024 8:00 AM",159,81,78,32,15,17,35,20,15,40,21,19,253,171,82,,,,,,,,,
"Mar 19, 2024 9:00 AM",154,73,81,40,20,20,35,21,14,32,21,11,164,101,63,,,,,,,,,
"Mar 19, 2024 10:00 AM",208,121,87,31,16,15,23,11,12,21,9,12,215,151,64,,,,,,,,,
"Mar 19, 2024 11:00 AM",268,136,132,36,16,20,28,16,12,27,16,11,143,94,49,,,,,,,,,
"Mar 19, 2024 12:00 PM",301,135,166,57,31,26,31,19,12,27,20,7,95,49,46,,,,,,,,,
"Mar 19, 2024 1:00 PM",261,146,115,36,20,16,43,22,21,28,9,19,197,137,60,,,,,,,,,
"Mar 19, 2024 2:00 PM",217,107,110,29,12,17,32,13,19,23,9,14,214,141,73,,,,,,,,,
"Mar 19, 2024 3:00 PM",148,68,80,40,10,30,17,10,7,31,10,21,176,100,76,,,,,,,,,
"Mar 19, 2024 4:00 PM",213,82,131,37,19,18,17,8,9,31,14,17,217,149,68,,,,,,,,,
"Mar 19, 2024 5:00 PM",149,75,74,37,28,9,55,40,15,41,24,17,407,321,86,,,,,,,,,
"Mar 19, 2024 6:00 PM",178,89,89,85,61,24,67,37,30,24,14,10,223,148,75,,,,,,,,,
"Mar 19, 2024 7:00 PM",151,76,75,61,29,32,47,25,22,25,15,10,174,119,55,,,,,,,,,
"Mar 19, 2024 8:00 PM",138,71,67,40,15,25,31,22,9,19,4,15,169,106,63,,,,,,,,,
"Mar 19, 2024 9:00 PM",78,44,34,15,7,8,27,14,13,12,5,7,190,124,66,,,,,,,,,
"Mar 19, 2024 10:00 PM",24,12,12,6,3,3,8,3,5,4,2,2,352,309,43,,,,,,,,,
"Mar 19, 2024 11:00 PM",14,10,4,1,1,0,6,3,3,2,1,1,139,130,9,,,,,,,,,
"Mar 20, 2024 12:00 AM",0,0,0,0,0,0,1,0,1,0,0,0,0,0,0,,,,,,,,,
"Mar 20, 2024 1:00 AM",0,0,0,0,0,0,2,1,1,0,0,0,14,7,7,,,,,,,,,
"Mar 20, 2024 2:00 AM",2,0,2,0,0,0,0,0,0,0,0,0,8,7,1,,,,,,,,,
"Mar 20, 2024 3:00 AM",0,0,0,0,0,0,0,0,0,0,0,0,1,1,0,,,,,,,,,
"Mar 20, 2024 4:00 AM",0,0,0,1,1,0,0,0,0,0,0,0,0,0,0,,,,,,,,,
"Mar 20, 2024 5:00 AM",3,1,2,0,0,0,0,0,0,0,0,0,4,2,2,,,,,,,,,
"Mar 20, 2024 6:00 AM",24,10,14,18,8,10,8,5,3,13,7,6,18,11,7,,,,,,,,,
"Mar 20, 2024 7:00 AM",53,27,26,24,12,12,16,8,8,15,7,8,45,29,16,,,,,,,,,
"Mar 20, 2024 8:00 AM",83,38,45,34,15,19,19,6,13,44,17,27,65,34,31,,,,,,,,,
"Mar 20, 2024 9:00 AM",96,50,46,26,15,11,21,14,7,27,11,16,63,34,29,,,,,,,,,
"Mar 20, 2024 10:00 AM",139,83,56,23,11,12,20,13,7,16,9,7,60,39,21,,,,,,,,,
"Mar 20, 2024 11:00 AM",199,83,116,27,18,9,24,6,18,23,13,10,38,21,17,,,,,,,,,
"Mar 20, 2024 12:00 PM",170,95,75,30,18,12,20,11,9,32,15,17,80,44,36,,,,,,,,,
"Mar 20, 2024 1:00 PM",214,110,104,52,30,22,41,16,25,40,26,14,128,82,46,,,,,,,,,
"Mar 20, 2024 2:00 PM",183,86,97,48,26,22,44,17,27,35,19,16,151,99,52,,,,,,,,,
"Mar 20, 2024 3:00 PM",265,116,149,36,13,23,26,17,9,40,13,27,141,76,65,,,,,,,,,
"Mar 20, 2024 4:00 PM",206,96,110,41,20,21,25,13,12,26,10,16,130,87,43,,,,,,,,,
"Mar 20, 2024 5:00 PM",189,93,96,58,38,20,65,42,23,29,14,15,214,125,89,,,,,,,,,
"Mar 20, 2024 6:00 PM",229,121,108,80,44,36,62,31,31,39,22,17,201,129,72,,,,,,,,,
"Mar 20, 2024 7:00 PM",185,98,87,61,28,33,47,25,22,33,17,16,211,155,56,,,,,,,,,
"Mar 20, 2024 8:00 PM",125,65,60,45,21,24,33,17,16,9,4,5,39,29,10,,,,,,,,,
"Mar 20, 2024 9:00 PM",61,31,30,22,13,9,19,10,9,5,2,3,39,25,14,,,,,,,,,
"Mar 20, 2024 10:00 PM",41,26,15,6,2,4,11,8,3,6,3,3,8,5,3,,,,,,,,,
"Mar 20, 2024 11:00 PM",13,8,5,2,1,1,2,1,1,3,0,3,21,9,12,,,,,,,,,
"Mar 21, 2024 12:00 AM",0,0,0,0,0,0,1,0,1,1,1,0,5,3,2,,,,,,,,,
"Mar 21, 2024 1:00 AM",0,0,0,0,0,0,0,0,0,0,0,0,0,0,0,,,,,,,,,
"Mar 21, 2024 2:00 AM",0,0,0,0,0,0,2,2,0,0,0,0,0,0,0,,,,,,,,,
"Mar 21, 2024 3:00 AM",0,0,0,0,0,0,0,0,0,0,0,0,2,1,1,,,,,,,,,
"Mar 21, 2024 4:00 AM",0,0,0,1,1,0,0,0,0,1,0,1,0,0,0,,,,,,,,,
"Mar 21, 2024 5:00 AM",10,4,6,2,1,1,0,0,0,0,0,0,9,5,4,,,,,,,,,
"Mar 21, 2024 6:00 AM",46,26,20,10,3,7,15,11,4,11,6,5,33,18,15,,,,,,,,,
"Mar 21, 2024 7:00 AM",73,34,39,29,11,18,19,9,10,18,6,12,78,48,30,,,,,,,,,
"Mar 21, 2024 8:00 AM",116,61,55,31,11,20,19,7,12,53,25,28,189,100,89,,,,,,,,,
"Mar 21, 2024 9:00 AM",132,63,69,28,15,13,28,14,14,38,21,17,159,105,54,,,,,,,,,
"Mar 21, 2024 10:00 AM",201,91,110,34,11,23,15,7,8,28,14,14,112,71,41,,,,,,,,,
"Mar 21, 2024 11:00 AM",154,79,75,38,22,16,36,23,13,27,12,15,64,37,27,,,,,,,,,
"Mar 21, 2024 12:00 PM",168,82,86,42,24,18,24,14,10,32,16,16,58,30,28,,,,,,,,,
"Mar 21, 2024 1:00 PM",223,107,116,36,21,15,42,27,15,36,21,15,101,65,36,,,,,,,,,
"Mar 21, 2024 2:00 PM",159,69,90,41,20,21,20,8,12,28,16,12,120,67,53,,,,,,,,,
"Mar 21, 2024 3:00 PM",176,93,83,39,17,22,26,15,11,21,11,10,108,63,45,,,,,,,,,
"Mar 21, 2024 4:00 PM",156,72,84,29,13,16,30,12,18,34,17,17,135,75,60,,,,,,,,,
"Mar 21, 2024 5:00 PM",111,63,48,29,18,11,43,24,19,33,16,17,182,122,60,,,,,,,,,
"Mar 21, 2024 6:00 PM",154,72,82,61,29,32,34,24,10,22,9,13,127,89,38,,,,,,,,,
"Mar 21, 2024 7:00 PM",110,62,48,32,16,16,23,17,6,8,4,4,52,26,26,,,,,,,,,
"Mar 21, 2024 8:00 PM",61,30,31,23,12,11,22,9,13,7,3,4,48,27,21,,,,,,,,,
"Mar 21, 2024 9:00 PM",50,28,22,16,6,10,17,7,10,7,5,2,28,14,14,,,,,,,,,
"Mar 21, 2024 10:00 PM",32,17,15,4,2,2,8,4,4,4,2,2,52,29,23,,,,,,,,,
"Mar 21, 2024 11:00 PM",6,3,3,3,1,2,6,0,6,1,0,1,4,4,0,,,,,,,,,
"Mar 22, 2024 12:00 AM",1,1,0,1,0,1,1,0,1,1,1,0,3,3,0,,,,,,,,,
"Mar 22, 2024 1:00 AM",1,0,1,0,0,0,0,0,0,1,1,0,1,1,0,,,,,,,,,
"Mar 22, 2024 2:00 AM",2,1,1,1,1,0,0,0,0,0,0,0,1,1,0,,,,,,,,,
"Mar 22, 2024 3:00 AM",5,5,0,0,0,0,0,0,0,0,0,0,0,0,0,,,,,,,,,
"Mar 22, 2024 4:00 AM",1,1,0,1,1,0,0,0,0,0,0,0,1,1,0,,,,,,,,,
"Mar 22, 2024 5:00 AM",14,2,12,6,4,2,3,2,1,1,1,0,7,5,2,,,,,,,,,
"Mar 22, 2024 6:00 AM",63,34,29,12,9,3,14,10,4,11,4,7,24,15,9,,,,,,,,,
"Mar 22, 2024 7:00 AM",108,63,45,32,17,15,28,15,13,18,8,10,66,37,29,,,,,,,,,
"Mar 22, 2024 8:00 AM",169,90,79,43,23,20,23,10,13,46,25,21,138,84,54,,,,,,,,,
"Mar 22, 2024 9:00 AM",174,80,94,56,26,30,29,21,8,29,15,14,82,36,46,,,,,,,,,
"Mar 22, 2024 10:00 AM",236,131,105,50,23,27,36,21,15,26,15,11,82,56,26,,,,,,,,,
"Mar 22, 2024 11:00 AM",266,124,142,35,12,23,34,22,12,45,28,17,107,64,43,,,,,,,,,
"Mar 22, 2024 12:00 PM",314,168,146,70,43,27,50,32,18,40,17,23,221,153,68,,,,,,,,,
"Mar 22, 2024 1:00 PM",300,152,148,72,37,35,51,24,27,37,19,18,187,102,85,,,,,,,,,
"Mar 22, 2024 2:00 PM",317,145,172,49,19,30,43,22,21,50,14,36,147,95,52,,,,,,,,,
"Mar 22, 2024 3:00 PM",203,89,114,30,17,13,30,20,10,30,21,9,145,96,49,,,,,,,,,
"Mar 22, 2024 4:00 PM",207,118,89,42,25,17,36,14,22,33,17,16,497,304,193,,,,,,,,,
"Mar 22, 2024 5:00 PM",230,121,109,69,47,22,48,28,20,36,18,18,431,222,209,,,,,,,,,
"Mar 22, 2024 6:00 PM",164,88,76,48,30,18,41,19,22,25,9,16,276,135,141,,,,,,,,,
"Mar 22, 2024 7:00 PM",85,46,39,41,18,23,30,20,10,7,3,4,173,87,86,,,,,,,,,
"Mar 22, 2024 8:00 PM",81,48,33,19,14,5,25,13,12,14,7,7,49,35,14,,,,,,,,,
"Mar 22, 2024 9:00 PM",56,25,31,12,3,9,8,3,5,6,2,4,30,13,17,,,,,,,,,
"Mar 22, 2024 10:00 PM",16,9,7,2,0,2,10,1,9,4,2,2,25,19,6,,,,,,,,,
"Mar 22, 2024 11:00 PM",8,5,3,7,3,4,9,8,1,3,0,3,124,80,44,,,,,,,,,
"Mar 23, 2024 12:00 AM",0,0,0,2,1,1,2,1,1,2,1,1,35,23,12,,,,,,,,,
"Mar 23, 2024 1:00 AM",0,0,0,2,2,0,6,6,0,1,1,0,2,1,1,,,,,,,,,
"Mar 23, 2024 2:00 AM",4,4,0,0,0,0,2,2,0,0,0,0,1,1,0,,,,,,,,,
"Mar 23, 2024 3:00 AM",1,0,1,1,0,1,1,1,0,3,0,3,2,0,2,,,,,,,,,
"Mar 23, 2024 4:00 AM",0,0,0,0,0,0,0,0,0,0,0,0,2,1,1,,,,,,,,,
"Mar 23, 2024 5:00 AM",8,6,2,1,1,0,1,1,0,0,0,0,15,14,1,,,,,,,,,
"Mar 23, 2024 6:00 AM",23,13,10,1,1,0,3,3,0,1,0,1,52,26,26,,,,,,,,,
"Mar 23, 2024 7:00 AM",88,43,45,24,14,10,24,17,7,1,0,1,40,26,14,,,,,,,,,
"Mar 23, 2024 8:00 AM",113,51,62,43,18,25,34,16,18,29,12,17,64,38,26,,,,,,,,,
"Mar 23, 2024 9:00 AM",324,176,148,59,31,28,55,32,23,23,12,11,95,61,34,,,,,,,,,
"Mar 23, 2024 10:00 AM",346,162,184,75,45,30,58,22,36,51,35,16,130,77,53,,,,,,,,,
"Mar 23, 2024 11:00 AM",339,161,178,91,49,42,67,37,30,48,28,20,188,116,72,,,,,,,,,
"Mar 23, 2024 12:00 PM",359,184,175,114,56,58,55,35,20,41,25,16,154,79,75,,,,,,,,,
"Mar 23, 2024 1:00 PM",332,162,170,76,39,37,62,41,21,47,23,24,77,53,24,,,,,,,,,
"Mar 23, 2024 2:00 PM",403,231,172,69,45,24,62,33,29,32,13,19,107,63,44,,,,,,,,,
"Mar 23, 2024 3:00 PM",442,209,233,62,34,28,46,28,18,35,21,14,187,121,66,,,,,,,,,
"Mar 23, 2024 4:00 PM",379,193,186,57,33,24,46,25,21,28,14,14,143,82,61,,,,,,,,,
"Mar 23, 2024 5:00 PM",253,124,129,65,32,33,36,18,18,22,10,12,117,67,50,,,,,,,,,
"Mar 23, 2024 6:00 PM",128,60,68,39,22,17,18,9,9,19,11,8,82,40,42,,,,,,,,,
"Mar 23, 2024 7:00 PM",119,74,45,32,11,21,23,10,13,17,10,7,544,222,322,,,,,,,,,
"Mar 23, 2024 8:00 PM",48,21,27,5,1,4,16,5,11,2,1,1,325,132,193,,,,,,,,,
"Mar 23, 2024 9:00 PM",28,19,9,5,2,3,6,5,1,3,1,2,45,21,24,,,,,,,,,
"Mar 23, 2024 10:00 PM",23,11,12,5,2,3,8,5,3,3,1,2,17,10,7,,,,,,,,,
"Mar 23, 2024 11:00 PM",6,4,2,3,2,1,1,0,1,2,1,1,8,5,3,,,,,,,,,
"Mar 24, 2024 12:00 AM",0,0,0,0,0,0,2,1,1,0,0,0,47,15,32,,,,,,,,,
"Mar 24, 2024 1:00 AM",3,2,1,0,0,0,2,1,1,0,0,0,17,11,6,,,,,,,,,
"Mar 24, 2024 2:00 AM",0,0,0,0,0,0,0,0,0,1,1,0,27,19,8,,,,,,,,,
"Mar 24, 2024 3:00 AM",1,0,1,2,2,0,0,0,0,0,0,0,2,2,0,,,,,,,,,
"Mar 24, 2024 4:00 AM",0,0,0,0,0,0,0,0,0,0,0,0,0,0,0,,,,,,,,,
"Mar 24, 2024 5:00 AM",0,0,0,0,0,0,0,0,0,0,0,0,9,2,7,,,,,,,,,
"Mar 24, 2024 6:00 AM",15,8,7,7,3,4,5,1,4,2,2,0,10,7,3,,,,,,,,,
"Mar 24, 2024 7:00 AM",59,38,21,22,14,8,13,11,2,5,2,3,61,34,27,,,,,,,,,
"Mar 24, 2024 8:00 AM",152,85,67,44,27,17,27,17,10,15,8,7,74,37,37,,,,,,,,,
"Mar 24, 2024 9:00 AM",271,138,133,70,32,38,51,28,23,28,16,12,125,81,44,,,,,,,,,
"Mar 24, 2024 10:00 AM",434,252,182,108,56,52,78,40,38,62,38,24,158,104,54,,,,,,,,,
"Mar 24, 2024 11:00 AM",603,328,275,107,50,57,97,61,36,69,37,32,205,121,84,,,,,,,,,
"Mar 24, 2024 12:00 PM",757,389,368,130,79,51,96,67,29,53,32,21,220,127,93,,,,,,,,,
"Mar 24, 2024 1:00 PM",781,350,431,119,61,58,122,65,57,61,24,37,156,91,65,,,,,,,,,
"Mar 24, 2024 2:00 PM",805,391,414,98,47,51,72,31,41,52,23,29,132,76,56,,,,,,,,,
"Mar 24, 2024 3:00 PM",760,354,406,80,44,36,93,46,47,37,17,20,159,91,68,,,,,,,,,
"Mar 24, 2024 4:00 PM",614,301,313,64,26,38,58,25,33,47,25,22,188,94,94,,,,,,,,,
"Mar 24, 2024 5:00 PM",407,159,248,47,28,19,54,22,32,49,25,24,176,73,103,,,,,,,,,
"Mar 24, 2024 6:00 PM",165,76,89,25,15,10,29,13,16,20,7,13,41,21,20,,,,,,,,,
"Mar 24, 2024 7:00 PM",90,43,47,23,14,9,16,8,8,10,5,5,59,32,27,,,,,,,,,
"Mar 24, 2024 8:00 PM",37,21,16,10,4,6,8,2,6,9,5,4,129,77,52,,,,,,,,,
"Mar 24, 2024 9:00 PM",27,10,17,3,0,3,4,3,1,5,5,0,149,104,45,,,,,,,,,
"Mar 24, 2024 10:00 PM",5,3,2,0,0,0,8,4,4,1,1,0,52,24,28,,,,,,,,,
"Mar 24, 2024 11:00 PM",3,1,2,2,0,2,2,1,1,3,3,0,7,5,2,,,,,,,,,
"Mar 25, 2024 12:00 AM",0,0,0,0,0,0,2,1,1,0,0,0,5,4,1,,,,,,,,,
"Mar 25, 2024 1:00 AM",0,0,0,0,0,0,1,1,0,0,0,0,0,0,0,,,,,,,,,
"Mar 25, 2024 2:00 AM",0,0,0,0,0,0,0,0,0,0,0,0,0,0,0,,,,,,,,,
"Mar 25, 2024 3:00 AM",0,0,0,0,0,0,0,0,0,0,0,0,0,0,0,,,,,,,,,
"Mar 25, 2024 4:00 AM",0,0,0,0,0,0,0,0,0,0,0,0,0,0,0,,,,,,,,,
"Mar 25, 2024 5:00 AM",8,4,4,3,2,1,2,2,0,0,0,0,1,1,0,,,,,,,,,
"Mar 25, 2024 6:00 AM",32,13,19,13,8,5,7,5,2,12,7,5,16,11,5,,,,,,,,,
"Mar 25, 2024 7:00 AM",78,40,38,22,8,14,15,10,5,19,12,7,60,34,26,,,,,,,,,
"Mar 25, 2024 8:00 AM",86,38,48,16,6,10,22,10,12,24,9,15,66,33,33,,,,,,,,,
"Mar 25, 2024 9:00 AM",69,28,41,36,19,17,25,16,9,31,15,16,35,21,14,,,,,,,,,
"Mar 25, 2024 10:00 AM",94,47,47,34,18,16,37,20,17,20,12,8,46,23,23,,,,,,,,,
"Mar 25, 2024 11:00 AM",91,39,52,22,14,8,16,8,8,16,5,11,45,30,15,,,,,,,,,
"Mar 25, 2024 12:00 PM",69,32,37,31,15,16,21,11,10,31,11,20,27,15,12,,,,,,,,,
"Mar 25, 2024 1:00 PM",100,47,53,20,12,8,22,16,6,15,11,4,40,13,27,,,,,,,,,
"Mar 25, 2024 2:00 PM",88,44,44,30,12,18,25,13,12,24,15,9,45,33,12,,,,,,,,,
"Mar 25, 2024 3:00 PM",118,52,66,23,10,13,35,15,20,26,14,12,67,35,32,,,,,,,,,
"Mar 25, 2024 4:00 PM",115,58,57,19,10,9,50,36,14,30,15,15,55,31,24,,,,,,,,,
"Mar 25, 2024 5:00 PM",142,75,67,46,26,20,38,23,15,26,15,11,102,57,45,,,,,,,,,
"Mar 25, 2024 6:00 PM",159,80,79,58,29,29,58,24,34,41,20,21,115,61,54,,,,,,,,,
"Mar 25, 2024 7:00 PM",133,72,61,56,26,30,34,17,17,19,10,9,107,57,50,,,,,,,,,
"Mar 25, 2024 8:00 PM",79,44,35,26,18,8,32,17,15,10,4,6,306,129,177,,,,,,,,,
"Mar 25, 2024 9:00 PM",29,13,16,12,5,7,10,4,6,6,3,3,10,6,4,,,,,,,,,
"Mar 25, 2024 10:00 PM",8,4,4,4,0,4,5,2,3,4,2,2,27,5,22,,,,,,,,,
"Mar 25, 2024 11:00 PM",2,1,1,0,0,0,1,0,1,0,0,0,4,3,1,,,,,,,,,
"Mar 26, 2024 12:00 AM",0,0,0,0,0,0,1,0,1,2,0,2,1,1,0,,,,,,,,,
"Mar 26, 2024 1:00 AM",0,0,0,0,0,0,1,1,0,1,0,1,0,0,0,,,,,,,,,
"Mar 26, 2024 2:00 AM",0,0,0,1,1,0,0,0,0,0,0,0,0,0,0,,,,,,,,,
"Mar 26, 2024 3:00 AM",0,0,0,0,0,0,0,0,0,0,0,0,0,0,0,,,,,,,,,
"Mar 26, 2024 4:00 AM",0,0,0,0,0,0,0,0,0,0,0,0,0,0,0,,,,,,,,,
"Mar 26, 2024 5:00 AM",7,3,4,2,2,0,1,0,1,1,0,1,6,4,2,,,,,,,,,
"Mar 26, 2024 6:00 AM",31,14,17,12,6,6,13,7,6,9,7,2,32,19,13,,,,,,,,,
"Mar 26, 2024 7:00 AM",88,42,46,22,7,15,15,6,9,18,7,11,61,33,28,,,,,,,,,
"Mar 26, 2024 8:00 AM",109,44,65,37,12,25,34,15,19,27,14,13,65,36,29,,,,,,,,,
"Mar 26, 2024 9:00 AM",80,34,46,20,11,9,19,8,11,19,13,6,37,18,19,,,,,,,,,
"Mar 26, 2024 10:00 AM",89,50,39,14,5,9,9,7,2,17,5,12,60,40,20,,,,,,,,,
"Mar 26, 2024 11:00 AM",69,37,32,21,9,12,14,8,6,19,7,12,28,12,16,,,,,,,,,
"Mar 26, 2024 12:00 PM",73,33,40,24,15,9,13,7,6,21,8,13,36,19,17,,,,,,,,,
"Mar 26, 2024 1:00 PM",121,49,72,26,10,16,31,19,12,26,13,13,46,22,24,,,,,,,,,
"Mar 26, 2024 2:00 PM",112,45,67,25,15,10,26,11,15,19,12,7,28,17,11,,,,,,,,,
"Mar 26, 2024 3:00 PM",182,90,92,41,24,17,22,10,12,18,8,10,49,27,22,,,,,,,,,
"Mar 26, 2024 4:00 PM",205,95,110,34,16,18,45,14,31,28,14,14,84,48,36,,,,,,,,,
"Mar 26, 2024 5:00 PM",173,88,85,63,28,35,77,41,36,51,22,29,80,35,45,,,,,,,,,
"Mar 26, 2024 6:00 PM",178,93,85,53,35,18,61,27,34,48,20,28,95,54,41,,,,,,,,,
"Mar 26, 2024 7:00 PM",161,85,76,56,28,28,51,29,22,25,15,10,66,27,39,,,,,,,,,
"Mar 26, 2024 8:00 PM",114,70,44,47,20,27,45,20,25,12,4,8,33,19,14,,,,,,,,,
"Mar 26, 2024 9:00 PM",57,34,23,21,3,18,20,7,13,8,3,5,44,17,27,,,,,,,,,
"Mar 26, 2024 10:00 PM",10,7,3,7,4,3,5,4,1,2,2,0,28,10,18,,,,,,,,,
"Mar 26, 2024 11:00 PM",1,1,0,1,0,1,3,1,2,2,1,1,6,1,5,,,,,,,,,
"Mar 27, 2024 12:00 AM",0,0,0,0,0,0,0,0,0,0,0,0,0,0,0,,,,,,,,,
"Mar 27, 2024 1:00 AM",2,2,0,0,0,0,1,1,0,0,0,0,0,0,0,,,,,,,,,
"Mar 27, 2024 2:00 AM",0,0,0,0,0,0,1,0,1,0,0,0,0,0,0,,,,,,,,,
"Mar 27, 2024 3:00 AM",0,0,0,0,0,0,0,0,0,0,0,0,0,0,0,,,,,,,,,
"Mar 27, 2024 4:00 AM",0,0,0,0,0,0,0,0,0,0,0,0,1,1,0,,,,,,,,,
"Mar 27, 2024 5:00 AM",1,1,0,0,0,0,0,0,0,0,0,0,1,1,0,,,,,,,,,
"Mar 27, 2024 6:00 AM",15,5,10,12,4,8,6,4,2,9,6,3,9,5,4,,,,,,,,,
"Mar 27, 2024 7:00 AM",69,32,37,27,11,16,14,7,7,15,7,8,56,31,25,,,,,,,,,
"Mar 27, 2024 8:00 AM",102,49,53,31,13,18,35,14,21,30,12,18,83,46,37,,,,,,,,,
"Mar 27, 2024 9:00 AM",111,56,55,39,20,19,24,16,8,22,10,12,53,32,21,,,,,,,,,
"Mar 27, 2024 10:00 AM",178,84,94,29,14,15,29,17,12,25,12,13,54,26,28,,,,,,,,,
"Mar 27, 2024 11:00 AM",264,125,139,39,25,14,38,25,13,27,18,9,73,50,23,,,,,,,,,
"Mar 27, 2024 12:00 PM",170,89,81,48,15,33,30,19,11,13,10,3,66,33,33,,,,,,,,,
"Mar 27, 2024 1:00 PM",129,59,70,34,16,18,38,22,16,24,11,13,68,35,33,,,,,,,,,
"Mar 27, 2024 2:00 PM",172,81,91,20,9,11,21,12,9,23,13,10,70,40,30,,,,,,,,,
"Mar 27, 2024 3:00 PM",150,56,94,25,14,11,22,7,15,31,13,18,87,63,24,,,,,,,,,
"Mar 27, 2024 4:00 PM",184,96,88,36,22,14,30,16,14,39,13,26,126,75,51,,,,,,,,,
"Mar 27, 2024 5:00 PM",190,93,97,70,40,30,49,28,21,40,21,19,142,80,62,,,,,,,,,
"Mar 27, 2024 6:00 PM",172,78,94,55,29,26,54,24,30,33,12,21,174,109,65,,,,,,,,,
"Mar 27, 2024 7:00 PM",108,51,57,43,23,20,39,19,20,16,9,7,109,58,51,,,,,,,,,
"Mar 27, 2024 8:00 PM",83,44,39,16,7,9,27,9,18,15,7,8,38,19,19,,,,,,,,,
"Mar 27, 2024 9:00 PM",35,20,15,15,9,6,18,10,8,4,1,3,23,12,11,,,,,,,,,
"Mar 27, 2024 10:00 PM",28,19,9,13,3,10,11,9,2,0,0,0,21,14,7,,,,,,,,,
"Mar 27, 2024 11:00 PM",10,7,3,4,1,3,7,4,3,1,1,0,9,4,5,,,,,,,,,
"Mar 28, 2024 12:00 AM",0,0,0,0,0,0,4,1,3,0,0,0,13,12,1,,,,,,,,,
"Mar 28, 2024 1:00 AM",1,1,0,0,0,0,0,0,0,0,0,0,1,1,0,,,,,,,,,
"Mar 28, 2024 2:00 AM",0,0,0,0,0,0,0,0,0,0,0,0,1,0,1,,,,,,,,,
"Mar 28, 2024 3:00 AM",0,0,0,0,0,0,0,0,0,0,0,0,0,0,0,,,,,,,,,
"Mar 28, 2024 4:00 AM",0,0,0,0,0,0,1,0,1,0,0,0,0,0,0,,,,,,,,,
"Mar 28, 2024 5:00 AM",9,5,4,2,0,2,1,0,1,1,1,0,4,2,2,,,,,,,,,
"Mar 28, 2024 6:00 AM",34,19,15,11,6,5,16,12,4,13,7,6,21,12,9,,,,,,,,,
"Mar 28, 2024 7:00 AM",96,48,48,32,22,10,24,12,12,11,4,7,48,24,24,,,,,,,,,
"Mar 28, 2024 8:00 AM",143,63,80,36,13,23,35,15,20,29,13,16,63,36,27,,,,,,,,,
"Mar 28, 2024 9:00 AM",152,64,88,47,21,26,20,11,9,26,14,12,40,24,16,,,,,,,,,
"Mar 28, 2024 10:00 AM",201,101,100,43,18,25,43,24,19,35,23,12,85,60,25,,,,,,,,,
"Mar 28, 2024 11:00 AM",292,141,151,61,36,25,46,32,14,24,12,12,91,54,37,,,,,,,,,
"Mar 28, 2024 12:00 PM",280,124,156,59,32,27,61,36,25,44,18,26,127,68,59,,,,,,,,,
"Mar 28, 2024 1:00 PM",281,130,151,61,27,34,55,30,25,24,13,11,146,79,67,,,,,,,,,
"Mar 28, 2024 2:00 PM",270,146,124,38,15,23,24,13,11,22,13,9,110,56,54,,,,,,,,,
"Mar 28, 2024 3:00 PM",303,165,138,47,22,25,52,22,30,28,11,17,88,51,37,,,,,,,,,
"Mar 28, 2024 4:00 PM",350,165,185,46,30,16,40,20,20,27,15,12,184,95,89,,,,,,,,,
"Mar 28, 2024 5:00 PM",292,155,137,61,34,27,64,29,35,32,11,21,186,128,58,,,,,,,,,
"Mar 28, 2024 6:00 PM",239,109,130,63,30,33,54,30,24,31,16,15,271,155,116,,,,,,,,,
"Mar 28, 2024 7:00 PM",153,81,72,25,12,13,26,18,8,8,2,6,172,94,78,,,,,,,,,
"Mar 28, 2024 8:00 PM",117,76,41,36,18,18,36,18,18,15,7,8,330,178,152,,,,,,,,,
"Mar 28, 2024 9:00 PM",78,33,45,10,7,3,23,6,17,9,3,6,47,32,15,,,,,,,,,
"Mar 28, 2024 10:00 PM",29,18,11,10,5,5,17,11,6,2,1,1,36,22,14,,,,,,,,,
"Mar 28, 2024 11:00 PM",10,8,2,3,2,1,6,3,3,6,0,6,11,8,3,,,,,,,,,
"Mar 29, 2024 12:00 AM",0,0,0,2,0,2,7,4,3,3,1,2,19,4,15,,,,,,,,,
"Mar 29, 2024 1:00 AM",0,0,0,2,1,1,1,1,0,2,0,2,2,0,2,,,,,,,,,
"Mar 29, 2024 2:00 AM",1,1,0,0,0,0,2,2,0,1,0,1,0,0,0,,,,,,,,,
"Mar 29, 2024 3:00 AM",0,0,0,0,0,0,1,0,1,3,0,3,1,1,0,,,,,,,,,
"Mar 29, 2024 4:00 AM",1,1,0,1,1,0,0,0,0,0,0,0,1,1,0,,,,,,,,,
"Mar 29, 2024 5:00 AM",5,3,2,4,3,1,1,1,0,0,0,0,2,1,1,,,,0,0,0,,,
"Mar 29, 2024 6:00 AM",28,16,12,9,5,4,5,3,2,1,1,0,9,7,2,,,,0,0,0,,,
"Mar 29, 2024 7:00 AM",78,45,33,20,12,8,12,7,5,13,3,10,35,17,18,,,,0,0,0,,,
"Mar 29, 2024 8:00 AM",135,50,85,31,13,18,28,14,14,21,10,11,67,41,26,,,,0,0,0,,,
"Mar 29, 2024 9:00 AM",176,79,97,50,28,22,33,13,20,21,8,13,94,53,41,,,,0,0,0,,,
"Mar 29, 2024 10:00 AM",303,146,157,73,43,30,58,36,22,44,19,25,134,88,46,,,,0,0,0,,,
"Mar 29, 2024 11:00 AM",462,253,209,87,35,52,73,35,38,33,22,11,163,99,64,,,,0,0,0,,,
"Mar 29, 2024 12:00 PM",420,194,226,68,36,32,74,48,26,48,26,22,142,80,62,,,,0,0,0,,,
"Mar 29, 2024 1:00 PM",487,268,219,64,32,32,57,27,30,29,20,9,131,71,60,,,,0,0,0,,,
"Mar 29, 2024 2:00 PM",454,196,258,38,20,18,60,35,25,26,11,15,104,70,34,,,,0,0,0,,,
"Mar 29, 2024 3:00 PM",376,158,218,47,22,25,51,30,21,40,17,23,196,107,89,,,,0,0,0,,,
"Mar 29, 2024 4:00 PM",254,104,150,55,33,22,29,13,16,23,15,8,302,170,132,,,,0,0,0,,,
"Mar 29, 2024 5:00 PM",187,88,99,55,21,34,56,33,23,15,7,8,218,126,92,,,,0,0,0,,,
"Mar 29, 2024 6:00 PM",178,94,84,36,15,21,32,16,16,14,4,10,277,163,114,,,,0,0,0,,,
"Mar 29, 2024 7:00 PM",125,65,60,28,18,10,21,8,13,13,9,4,211,149,62,,,,0,0,0,,,
"Mar 29, 2024 8:00 PM",75,40,35,9,3,6,15,9,6,9,3,6,34,20,14,,,,0,0,0,,,
"Mar 29, 2024 9:00 PM",30,18,12,16,11,5,20,10,10,2,0,2,61,46,15,,,,0,0,0,,,
"Mar 29, 2024 10:00 PM",28,15,13,3,1,2,8,2,6,4,1,3,150,119,31,,,,0,0,0,,,
"Mar 29, 2024 11:00 PM",6,4,2,5,2,3,3,2,1,7,3,4,31,27,4,,,,0,0,0,,,
"Mar 30, 2024 12:00 AM",0,0,0,0,0,0,2,1,1,1,0,1,134,84,50,,,,,,,,,
"Mar 30, 2024 1:00 AM",0,0,0,1,1,0,6,5,1,0,0,0,35,27,8,,,,,,,,,
"Mar 30, 2024 2:00 AM",0,0,0,1,0,1,0,0,0,1,0,1,11,8,3,,,,,,,,,
"Mar 30, 2024 3:00 AM",2,1,1,0,0,0,1,1,0,2,0,2,8,7,1,,,,,,,,,
"Mar 30, 2024 4:00 AM",0,0,0,0,0,0,0,0,0,1,1,0,2,1,1,,,,,,,,,
"Mar 30, 2024 5:00 AM",3,1,2,1,0,1,1,0,1,1,1,0,3,1,2,,,,,,,,,
"Mar 30, 2024 6:00 AM",18,10,8,2,0,2,3,0,3,1,1,0,20,16,4,,,,,,,,,
"Mar 30, 2024 7:00 AM",81,39,42,21,12,9,22,15,7,7,3,4,25,15,10,,,,,,,,,
"Mar 30, 2024 8:00 AM",207,88,119,39,22,17,29,17,12,14,8,6,115,82,33,,,,,,,,,
"Mar 30, 2024 9:00 AM",446,244,202,75,48,27,75,29,46,38,22,16,201,138,63,,,,,,,,,
"Mar 30, 2024 10:00 AM",471,257,214,91,41,50,106,53,53,52,38,14,195,147,48,,,,,,,,,
"Mar 30, 2024 11:00 AM",473,246,227,91,48,43,70,42,28,66,33,33,117,61,56,,,,,,,,,
"Mar 30, 2024 12:00 PM",467,227,240,83,41,42,57,26,31,50,32,18,110,57,53,,,,,,,,,
"Mar 30, 2024 1:00 PM",458,221,237,90,47,43,70,32,38,43,23,20,120,85,35,,,,,,,,,
"Mar 30, 2024 2:00 PM",413,217,196,72,44,28,45,25,20,45,23,22,68,42,26,,,,,,,,,
"Mar 30, 2024 3:00 PM",382,160,222,61,33,28,63,42,21,62,37,25,100,55,45,,,,,,,,,
"Mar 30, 2024 4:00 PM",363,177,186,61,38,23,62,33,29,29,11,18,103,45,58,,,,,,,,,
"Mar 30, 2024 5:00 PM",296,135,161,56,33,23,36,14,22,31,19,12,93,28,65,,,,,,,,,
"Mar 30, 2024 6:00 PM",242,108,134,36,19,17,47,25,22,29,9,20,49,30,19,,,,,,,,,
"Mar 30, 2024 7:00 PM",116,65,51,29,14,15,27,9,18,10,5,5,105,65,40,,,,,,,,,
"Mar 30, 2024 8:00 PM",49,20,29,13,7,6,11,7,4,11,5,6,120,74,46,,,,,,,,,
"Mar 30, 2024 9:00 PM",37,19,18,8,3,5,8,6,2,10,6,4,118,70,48,,,,,,,,,
"Mar 30, 2024 10:00 PM",19,16,3,9,4,5,7,4,3,3,2,1,72,41,31,,,,,,,,,
"Mar 30, 2024 11:00 PM",7,5,2,8,1,7,2,1,1,1,0,1,51,21,30,,,,,,,,,
"Mar 31, 2024 12:00 AM",0,0,0,3,1,2,0,0,0,2,2,0,82,44,38,,,,,,,,,
"Mar 31, 2024 2:00 AM",,,,,,,,,,,,,,,,,,,,,,,,
"Mar 31, 2024 2:00 AM",0,0,0,1,1,0,0,0,0,0,0,0,16,13,3,,,,,,,,,
"Mar 31, 2024 3:00 AM",1,1,0,0,0,0,1,1,0,0,0,0,0,0,0,,,,,,,,,
"Mar 31, 2024 4:00 AM",0,0,0,0,0,0,0,0,0,2,1,1,1,0,1,,,,,,,,,
"Mar 31, 2024 5:00 AM",0,0,0,0,0,0,0,0,0,0,0,0,0,0,0,,,,,,,,,
"Mar 31, 2024 6:00 AM",12,5,7,2,1,1,3,1,2,1,1,0,1,1,0,,,,0,0,0,,,
"Mar 31, 2024 7:00 AM",20,10,10,2,2,0,0,0,0,3,2,1,12,6,6,,,,0,0,0,,,
"Mar 31, 2024 8:00 AM",58,23,35,27,16,11,16,10,6,11,3,8,26,11,15,,,,0,0,0,,,
"Mar 31, 2024 9:00 AM",125,68,57,42,26,16,32,16,16,25,9,16,61,41,20,,,,0,0,0,,,
"Mar 31, 2024 10:00 AM",218,116,102,58,35,23,51,26,25,21,10,11,118,85,33,,,,0,0,0,,,
"Mar 31, 2024 11:00 AM",456,230,226,105,60,45,56,31,25,35,20,15,147,96,51,,,,0,0,0,,,
"Mar 31, 2024 12:00 PM",673,340,333,104,46,58,71,48,23,61,25,36,166,104,62,,,,15,10,5,,,
"Mar 31, 2024 1:00 PM",806,396,410,112,71,41,91,46,45,52,30,22,174,101,73,,,,62,32,30,,,
"Mar 31, 2024 2:00 PM",931,534,397,88,49,39,101,62,39,42,15,27,176,130,46,,,,75,38,37,,,
"Mar 31, 2024 3:00 PM",936,483,453,117,56,61,94,46,48,43,16,27,191,105,86,,,,66,34,32,,,
"Mar 31, 2024 4:00 PM",685,330,355,85,36,49,59,24,35,55,24,31,231,144,87,,,,50,25,25,,,
"Mar 31, 2024 5:00 PM",434,217,217,56,25,31,57,27,30,20,11,9,233,143,90,,,,39,22,17,,,
"Mar 31, 2024 6:00 PM",250,118,132,24,17,7,38,13,25,32,14,18,150,68,82,,,,33,22,11,,,
"Mar 31, 2024 7:00 PM",178,94,84,33,14,19,23,6,17,16,9,7,98,59,39,,,,45,26,19,,,
"Mar 31, 2024 8:00 PM",120,67,53,20,13,7,22,9,13,20,12,8,112,58,54,,,,26,15,11,,,
"Mar 31, 2024 9:00 PM",92,51,41,9,3,6,12,5,7,4,1,3,159,101,58,,,,0,0,0,,,
"Mar 31, 2024 10:00 PM",14,7,7,4,1,3,9,6,3,4,1,3,109,59,50,,,,0,0,0,,,
"Mar 31, 2024 11:00 PM",6,3,3,0,0,0,4,0,4,1,0,1,145,117,28,,,,0,0,0,,,
"Apr 1, 2024 12:00 AM",5,4,1,0,0,0,4,3,1,1,1,0,227,151,76,,,,,,,,,
"Apr 1, 2024 1:00 AM",0,0,0,0,0,0,1,0,1,0,0,0,33,28,5,,,,,,,,,
"Apr 1, 2024 2:00 AM",1,0,1,2,0,2,1,1,0,1,0,1,5,3,2,,,,,,,,,
"Apr 1, 2024 3:00 AM",1,0,1,0,0,0,1,0,1,0,0,0,6,6,0,,,,,,,,,
"Apr 1, 2024 4:00 AM",0,0,0,1,1,0,2,1,1,0,0,0,0,0,0,,,,,,,,,
"Apr 1, 2024 5:00 AM",1,1,0,0,0,0,0,0,0,0,0,0,6,3,3,,,,,,,,,
"Apr 1, 2024 6:00 AM",2,1,1,2,1,1,0,0,0,1,1,0,8,5,3,,,,,,,,,
"Apr 1, 2024 7:00 AM",32,11,21,4,1,3,5,4,1,3,2,1,12,6,6,,,,,,,,,
"Apr 1, 2024 8:00 AM",83,41,42,15,13,2,12,6,6,22,7,15,31,26,5,,,,,,,,,
"Apr 1, 2024 9:00 AM",128,63,65,44,25,19,34,13,21,21,11,10,40,25,15,,,,,,,,,
"Apr 1, 2024 10:00 AM",313,149,164,62,39,23,35,22,13,30,15,15,93,64,29,,,,,,,,,
"Apr 1, 2024 11:00 AM",455,237,218,51,28,23,54,33,21,49,30,19,110,67,43,,,,,,,,,
"Apr 1, 2024 12:00 PM",543,276,267,72,35,37,60,32,28,46,22,24,118,72,46,,,,,,,,,
"Apr 1, 2024 1:00 PM",426,207,219,48,24,24,61,28,33,35,16,19,138,72,66,,,,,,,,,
"Apr 1, 2024 2:00 PM",536,260,276,67,34,33,43,19,24,51,28,23,139,84,55,,,,,,,,,
"Apr 1, 2024 3:00 PM",578,305,273,60,28,32,65,31,34,54,30,24,102,65,37,,,,,,,,,
"Apr 1, 2024 4:00 PM",373,168,205,66,34,32,56,38,18,35,12,23,218,181,37,,,,,,,,,
"Apr 1, 2024 5:00 PM",240,108,132,35,18,17,32,10,22,27,11,16,140,98,42,,,,,,,,,
"Apr 1, 2024 6:00 PM",168,93,75,50,27,23,47,27,20,22,10,12,88,63,25,,,,,,,,,
"Apr 1, 2024 7:00 PM",153,70,83,32,16,16,13,4,9,26,9,17,96,70,26,,,,,,,,,
"Apr 1, 2024 8:00 PM",123,56,67,33,12,21,18,4,14,13,6,7,87,69,18,,,,,,,,,
"Apr 1, 2024 9:00 PM",59,33,26,11,3,8,9,5,4,10,3,7,37,34,3,,,,,,,,,
"Apr 1, 2024 10:00 PM",37,15,22,10,5,5,13,5,8,1,0,1,105,100,5,,,,,,,,,
"Apr 1, 2024 11:00 PM",2,1,1,1,0,1,2,0,2,4,2,2,326,290,36,,,,,,,,,
"Apr 2, 2024 12:00 AM",0,0,0,0,0,0,1,0,1,2,2,0,32,19,13,,,,,,,,,
"Apr 2, 2024 1:00 AM",0,0,0,0,0,0,0,0,0,0,0,0,0,0,0,,,,,,,,,
"Apr 2, 2024 2:00 AM",0,0,0,0,0,0,0,0,0,0,0,0,0,0,0,,,,,,,,,
"Apr 2, 2024 3:00 AM",0,0,0,0,0,0,0,0,0,0,0,0,4,1,3,,,,,,,,,
"Apr 2, 2024 4:00 AM",0,0,0,0,0,0,0,0,0,0,0,0,0,0,0,,,,,,,,,
"Apr 2, 2024 5:00 AM",5,5,0,1,1,0,2,1,1,0,0,0,3,1,2,,,,,,,,,
"Apr 2, 2024 6:00 AM",8,8,0,8,5,3,2,2,0,6,4,2,36,30,6,,,,,,,,,
"Apr 2, 2024 7:00 AM",34,24,10,27,14,13,19,9,10,8,1,7,82,56,26,,,,,,,,,
"Apr 2, 2024 8:00 AM",145,68,77,31,12,19,25,11,14,33,14,19,62,29,33,,,,,,,,,
"Apr 2, 2024 9:00 AM",166,89,77,38,15,23,19,10,9,31,16,15,64,34,30,,,,,,,,,
"Apr 2, 2024 10:00 AM",200,105,95,63,33,30,27,17,10,20,11,9,92,57,35,,,,,,,,,
"Apr 2, 2024 11:00 AM",268,120,148,67,44,23,37,20,17,32,15,17,140,91,49,,,,,,,,,
"Apr 2, 2024 12:00 PM",331,173,158,37,15,22,26,12,14,36,13,23,108,61,47,,,,,,,,,
"Apr 2, 2024 1:00 PM",322,162,160,64,28,36,53,25,28,38,19,19,118,66,52,,,,,,,,,
"Apr 2, 2024 2:00 PM",311,167,144,43,13,30,37,13,24,30,19,11,102,60,42,,,,,,,,,
"Apr 2, 2024 3:00 PM",389,172,217,47,24,23,41,24,17,31,15,16,134,80,54,,,,,,,,,
"Apr 2, 2024 4:00 PM",363,153,210,57,34,23,47,26,21,45,22,23,149,99,50,,,,,,,,,
"Apr 2, 2024 5:00 PM",286,140,146,60,36,24,62,37,25,38,21,17,149,78,71,,,,,,,,,
"Apr 2, 2024 6:00 PM",257,128,129,63,40,23,69,36,33,34,19,15,167,127,40,,,,,,,,,
"Apr 2, 2024 7:00 PM",162,92,70,50,21,29,44,22,22,29,16,13,115,60,55,,,,,,,,,
"Apr 2, 2024 8:00 PM",84,43,41,22,13,9,22,8,14,13,7,6,45,30,15,,,,,,,,,
"Apr 2, 2024 9:00 PM",49,20,29,15,8,7,13,7,6,8,5,3,30,15,15,,,,,,,,,
"Apr 2, 2024 10:00 PM",19,16,3,21,8,13,3,2,1,7,3,4,43,13,30,,,,,,,,,
"Apr 2, 2024 11:00 PM",12,6,6,2,1,1,3,1,2,5,1,4,10,5,5,,,,,,,,,
"Apr 3, 2024 12:00 AM",0,0,0,0,0,0,0,0,0,4,0,4,25,3,22,,,,,,,,,
"Apr 3, 2024 1:00 AM",0,0,0,0,0,0,0,0,0,0,0,0,0,0,0,,,,,,,,,
"Apr 3, 2024 2:00 AM",0,0,0,0,0,0,2,1,1,0,0,0,1,1,0,,,,,,,,,
"Apr 3, 2024 3:00 AM",0,0,0,0,0,0,0,0,0,0,0,0,0,0,0,,,,,,,,,
"Apr 3, 2024 4:00 AM",0,0,0,0,0,0,0,0,0,0,0,0,0,0,0,,,,,,,,,
"Apr 3, 2024 5:00 AM",2,1,1,0,0,0,0,0,0,0,0,0,2,2,0,,,,,,,,,
"Apr 3, 2024 6:00 AM",6,3,3,6,2,4,0,0,0,4,2,2,19,12,7,,,,,,,,,
"Apr 3, 2024 7:00 AM",18,10,8,5,3,2,8,5,3,8,1,7,22,13,9,,,,,,,,,
"Apr 3, 2024 8:00 AM",53,20,33,16,4,12,15,4,11,29,12,17,53,29,24,,,,,,,,,
"Apr 3, 2024 9:00 AM",86,35,51,21,8,13,12,6,6,26,13,13,60,30,30,,,,,,,,,
"Apr 3, 2024 10:00 AM",132,82,50,46,21,25,25,14,11,25,12,13,65,40,25,,,,,,,,,
"Apr 3, 2024 11:00 AM",211,111,100,31,18,13,24,11,13,24,13,11,60,29,31,,,,,,,,,
"Apr 3, 2024 12:00 PM",237,132,105,45,19,26,44,28,16,33,13,20,111,70,41,,,,,,,,,
"Apr 3, 2024 1:00 PM",305,164,141,40,19,21,51,24,27,34,15,19,110,61,49,,,,,,,,,
"Apr 3, 2024 2:00 PM",228,119,109,45,25,20,27,16,11,31,14,17,107,67,40,,,,,,,,,
"Apr 3, 2024 3:00 PM",259,112,147,40,22,18,28,15,13,26,16,10,111,67,44,,,,,,,,,
"Apr 3, 2024 4:00 PM",233,111,122,41,28,13,32,15,17,24,11,13,140,82,58,,,,,,,,,
"Apr 3, 2024 5:00 PM",281,151,130,61,35,26,42,18,24,27,13,14,188,120,68,,,,,,,,,
"Apr 3, 2024 6:00 PM",276,143,133,61,29,32,40,16,24,29,15,14,174,115,59,,,,,,,,,
"Apr 3, 2024 7:00 PM",209,98,111,51,31,20,48,26,22,27,14,13,152,90,62,,,,,,,,,
"Apr 3, 2024 8:00 PM",174,102,72,40,16,24,46,27,19,11,1,10,85,37,48,,,,,,,,,
"Apr 3, 2024 9:00 PM",77,32,45,27,12,15,33,15,18,6,3,3,31,11,20,,,,,,,,,
"Apr 3, 2024 10:00 PM",31,19,12,16,3,13,13,7,6,8,4,4,18,11,7,,,,,,,,,
"Apr 3, 2024 11:00 PM",12,10,2,3,1,2,6,2,4,2,1,1,21,9,12,,,,,,,,,
"Apr 4, 2024 12:00 AM",1,0,1,0,0,0,2,0,2,1,0,1,12,12,0,,,,,,,,,
"Apr 4, 2024 1:00 AM",2,2,0,1,1,0,2,1,1,0,0,0,4,4,0,,,,,,,,,
"Apr 4, 2024 2:00 AM",0,0,0,0,0,0,2,1,1,1,0,1,0,0,0,,,,,,,,,
"Apr 4, 2024 3:00 AM",0,0,0,0,0,0,2,1,1,0,0,0,17,13,4,,,,,,,,,
"Apr 4, 2024 4:00 AM",0,0,0,0,0,0,0,0,0,0,0,0,0,0,0,,,,,,,,,
"Apr 4, 2024 5:00 AM",8,3,5,1,1,0,4,3,1,0,0,0,2,0,2,,,,,,,,,
"Apr 4, 2024 6:00 AM",51,27,24,10,8,2,8,4,4,8,6,2,50,38,12,,,,,,,,,
"Apr 4, 2024 7:00 AM",112,62,50,28,8,20,22,9,13,20,12,8,98,68,30,,,,,,,,,
"Apr 4, 2024 8:00 AM",147,68,79,33,13,20,32,16,16,26,12,14,122,80,42,,,,,,,,,
"Apr 4, 2024 9:00 AM",105,55,50,38,20,18,25,14,11,26,15,11,61,40,21,,,,,,,,,
"Apr 4, 2024 10:00 AM",173,97,76,52,30,22,35,25,10,37,25,12,101,48,53,,,,,,,,,
"Apr 4, 2024 11:00 AM",281,149,132,45,16,29,33,19,14,30,15,15,95,55,40,,,,,,,,,
"Apr 4, 2024 12:00 PM",303,155,148,47,33,14,37,21,16,49,16,33,92,52,40,,,,,,,,,
"Apr 4, 2024 1:00 PM",290,149,141,51,25,26,46,23,23,29,11,18,96,59,37,,,,,,,,,
"Apr 4, 2024 2:00 PM",223,102,121,38,23,15,30,18,12,32,24,8,91,56,35,,,,,,,,,
"Apr 4, 2024 3:00 PM",237,96,141,54,30,24,19,9,10,32,18,14,108,58,50,,,,,,,,,
"Apr 4, 2024 4:00 PM",169,69,100,30,18,12,20,12,8,42,22,20,120,64,56,,,,,,,,,
"Apr 4, 2024 5:00 PM",153,62,91,22,10,12,34,18,16,33,16,17,130,69,61,,,,,,,,,
"Apr 4, 2024 6:00 PM",98,54,44,41,27,14,30,20,10,18,6,12,128,76,52,,,,,,,,,
"Apr 4, 2024 7:00 PM",58,38,20,23,12,11,31,15,16,15,7,8,61,35,26,,,,,,,,,
"Apr 4, 2024 8:00 PM",43,22,21,8,5,3,11,4,7,14,8,6,25,10,15,,,,,,,,,
"Apr 4, 2024 9:00 PM",28,19,9,13,10,3,5,4,1,7,1,6,10,6,4,,,,,,,,,
"Apr 4, 2024 10:00 PM",10,7,3,5,1,4,3,1,2,0,0,0,19,8,11,,,,,,,,,
"Apr 4, 2024 11:00 PM",9,1,8,0,0,0,2,0,2,2,2,0,3,3,0,,,,,,,,,
"Apr 5, 2024 12:00 AM",0,0,0,0,0,0,3,1,2,6,3,3,0,0,0,,,,,,,,,
"Apr 5, 2024 1:00 AM",3,1,2,1,0,1,1,0,1,0,0,0,0,0,0,,,,,,,,,
"Apr 5, 2024 2:00 AM",0,0,0,0,0,0,1,1,0,0,0,0,0,0,0,,,,,,,,,
"Apr 5, 2024 3:00 AM",0,0,0,2,0,2,0,0,0,0,0,0,0,0,0,,,,,,,,,
"Apr 5, 2024 4:00 AM",1,1,0,0,0,0,0,0,0,0,0,0,0,0,0,,,,,,,,,
"Apr 5, 2024 5:00 AM",5,3,2,1,1,0,3,1,2,0,0,0,1,1,0,,,,0,0,0,,,
"Apr 5, 2024 6:00 AM",33,13,20,14,8,6,9,5,4,6,4,2,12,8,4,,,,0,0,0,,,
"Apr 5, 2024 7:00 AM",105,66,39,25,11,14,21,12,9,15,8,7,55,37,18,,,,0,0,0,,,
"Apr 5, 2024 8:00 AM",140,62,78,45,21,24,34,18,16,25,9,16,82,40,42,,,,0,0,0,,,
"Apr 5, 2024 9:00 AM",126,61,65,49,28,21,30,17,13,21,12,9,65,43,22,,,,0,0,0,,,
"Apr 5, 2024 10:00 AM",164,78,86,48,28,20,25,12,13,18,9,9,80,54,26,,,,0,0,0,,,
"Apr 5, 2024 11:00 AM",263,136,127,47,24,23,33,16,17,34,20,14,81,49,32,,,,0,0,0,,,
"Apr 5, 2024 12:00 PM",298,169,129,60,35,25,37,21,16,26,16,10,81,47,34,,,,0,0,0,,,
"Apr 5, 2024 1:00 PM",323,169,154,51,26,25,38,24,14,36,15,21,126,81,45,,,,0,0,0,,,
"Apr 5, 2024 2:00 PM",244,124,120,45,22,23,44,23,21,29,12,17,70,37,33,,,,7,2,5,,,
"Apr 5, 2024 3:00 PM",303,144,159,37,21,16,32,18,14,27,13,14,115,66,49,,,,59,32,27,,,
"Apr 5, 2024 4:00 PM",321,160,161,57,22,35,32,16,16,43,19,24,111,66,45,,,,82,35,47,,,
"Apr 5, 2024 5:00 PM",298,142,156,48,29,19,57,35,22,46,22,24,101,57,44,,,,55,31,24,,,
"Apr 5, 2024 6:00 PM",226,115,111,111,81,30,44,23,21,18,7,11,79,46,33,,,,51,21,30,,,
"Apr 5, 2024 7:00 PM",180,89,91,40,17,23,40,22,18,20,9,11,74,38,36,,,,58,26,32,,,
"Apr 5, 2024 8:00 PM",67,30,37,91,13,78,24,5,19,12,5,7,39,23,16,,,,53,19,34,,,
"Apr 5, 2024 9:00 PM",41,17,24,16,3,13,1,1,0,4,2,2,51,30,21,,,,13,9,4,,,
"Apr 5, 2024 10:00 PM",20,10,10,18,10,8,22,18,4,3,1,2,28,17,11,,,,14,7,7,,,
"Apr 5, 2024 11:00 PM",6,4,2,6,3,3,2,0,2,2,0,2,3,1,2,,,,5,5,0,,,
"Apr 6, 2024 12:00 AM",0,0,0,0,0,0,0,0,0,1,1,0,0,0,0,,,,4,1,3,,,
"Apr 6, 2024 1:00 AM",0,0,0,1,0,1,1,1,0,0,0,0,2,1,1,,,,6,5,1,,,
"Apr 6, 2024 2:00 AM",1,1,0,1,1,0,2,2,0,1,0,1,0,0,0,,,,0,0,0,,,
"Apr 6, 2024 3:00 AM",2,1,1,0,0,0,0,0,0,0,0,0,1,1,0,,,,2,0,2,,,
"Apr 6, 2024 4:00 AM",0,0,0,0,0,0,0,0,0,0,0,0,2,2,0,,,,2,2,0,,,
"Apr 6, 2024 5:00 AM",1,1,0,0,0,0,0,0,0,0,0,0,0,0,0,,,,0,0,0,,,
"Apr 6, 2024 6:00 AM",6,2,4,2,2,0,1,1,0,1,1,0,18,12,6,,,,6,3,3,,,
"Apr 6, 2024 7:00 AM",33,16,17,13,7,6,12,7,5,5,3,2,44,21,23,,,,13,3,10,,,
"Apr 6, 2024 8:00 AM",72,27,45,29,17,12,19,6,13,10,2,8,56,32,24,,,,15,7,8,,,
"Apr 6, 2024 9:00 AM",116,56,60,45,22,23,40,19,21,24,10,14,65,35,30,,,,19,13,6,,,
"Apr 6, 2024 10:00 AM",176,84,92,55,27,28,53,27,26,37,16,21,99,56,43,,,,25,10,15,,,
"Apr 6, 2024 11:00 AM",274,145,129,37,23,14,48,26,22,41,22,19,127,83,44,,,,14,6,8,,,
"Apr 6, 2024 12:00 PM",286,130,156,56,32,24,42,28,14,36,21,15,117,71,46,,,,28,13,15,,,
"Apr 6, 2024 1:00 PM",236,116,120,44,18,26,55,24,31,32,17,15,146,105,41,,,,35,14,21,,,
"Apr 6, 2024 2:00 PM",222,113,109,50,33,17,43,23,20,42,15,27,196,152,44,,,,17,9,8,,,
"Apr 6, 2024 3:00 PM",402,198,204,63,33,30,50,21,29,29,18,11,142,86,56,,,,32,12,20,,,
"Apr 6, 2024 4:00 PM",375,204,171,109,47,62,72,30,42,31,12,19,131,80,51,,,,50,26,24,,,
"Apr 6, 2024 5:00 PM",283,136,147,73,42,31,62,30,32,27,16,11,152,87,65,,,,44,18,26,,,
"Apr 6, 2024 6:00 PM",270,131,139,50,26,24,48,26,22,21,13,8,113,65,48,,,,34,16,18,,,
"Apr 6, 2024 7:00 PM",164,83,81,40,16,24,25,10,15,15,13,2,78,48,30,,,,39,22,17,,,
"Apr 6, 2024 8:00 PM",95,45,50,15,8,7,32,13,19,11,4,7,121,77,44,,,,36,16,20,,,
"Apr 6, 2024 9:00 PM",59,35,24,17,2,15,9,4,5,4,4,0,79,53,26,,,,31,10,21,,,
"Apr 6, 2024 10:00 PM",27,16,11,8,4,4,9,6,3,13,9,4,32,21,11,,,,16,7,9,,,
"Apr 6, 2024 11:00 PM",9,5,4,6,0,6,6,3,3,0,0,0,58,28,30,,,,20,13,7,,,
"Apr 7, 2024 12:00 AM",0,0,0,1,0,1,6,3,3,1,0,1,181,104,77,,,,,,,,,
"Apr 7, 2024 1:00 AM",2,2,0,2,1,1,3,2,1,3,1,2,73,59,14,,,,,,,,,
"Apr 7, 2024 2:00 AM",0,0,0,0,0,0,0,0,0,2,0,2,17,14,3,,,,,,,,,
"Apr 7, 2024 3:00 AM",0,0,0,0,0,0,0,0,0,2,1,1,49,44,5,,,,,,,,,
"Apr 7, 2024 4:00 AM",0,0,0,0,0,0,0,0,0,0,0,0,21,20,1,,,,,,,,,
"Apr 7, 2024 5:00 AM",0,0,0,0,0,0,0,0,0,0,0,0,14,12,2,,,,,,,,,
"Apr 7, 2024 6:00 AM",4,2,2,1,1,0,5,1,4,0,0,0,11,7,4,,,,,,,,,
"Apr 7, 2024 7:00 AM",41,23,18,9,5,4,5,4,1,3,1,2,39,30,9,,,,,,,,,
"Apr 7, 2024 8:00 AM",122,70,52,34,21,13,28,20,8,9,3,6,95,58,37,,,,,,,,,
"Apr 7, 2024 9:00 AM",233,129,104,70,36,34,75,37,38,26,11,15,129,76,53,,,,,,,,,
"Apr 7, 2024 10:00 AM",415,222,193,96,60,36,96,59,37,50,27,23,269,188,81,,,,,,,,,
"Apr 7, 2024 11:00 AM",698,349,349,166,100,66,135,79,56,71,34,37,366,246,120,,,,,,,,,
"Apr 7, 2024 12:00 PM",830,438,392,160,92,68,108,64,44,53,27,26,196,115,81,,,,,,,,,
"Apr 7, 2024 1:00 PM",811,422,389,101,53,48,97,61,36,59,31,28,332,253,79,,,,,,,,,
"Apr 7, 2024 2:00 PM",621,302,319,107,63,44,91,52,39,31,22,9,239,164,75,,,,,,,,,
"Apr 7, 2024 3:00 PM",471,211,260,59,32,27,70,38,32,28,10,18,252,187,65,,,,,,,,,
"Apr 7, 2024 4:00 PM",537,269,268,89,46,43,74,34,40,46,24,22,262,189,73,,,,,,,,,
"Apr 7, 2024 5:00 PM",461,229,232,69,37,32,57,31,26,40,21,19,247,161,86,,,,,,,,,
"Apr 7, 2024 6:00 PM",383,190,193,58,36,22,55,33,22,26,10,16,162,105,57,,,,,,,,,
"Apr 7, 2024 7:00 PM",291,133,158,61,32,29,54,21,33,17,8,9,194,112,82,,,,,,,,,
"Apr 7, 2024 8:00 PM",200,103,97,51,25,26,37,19,18,18,8,10,147,82,65,,,,,,,,,
"Apr 7, 2024 9:00 PM",90,44,46,17,6,11,11,6,5,10,5,5,127,38,89,,,,,,,,,
"Apr 7, 2024 10:00 PM",38,22,16,10,4,6,7,3,4,5,3,2,87,63,24,,,,,,,,,
"Apr 7, 2024 11:00 PM",6,1,5,6,1,5,7,5,2,2,1,1,140,119,21,,,,,,,,,
"Apr 8, 2024 12:00 AM",0,0,0,0,0,0,2,1,1,1,1,0,162,147,15,,,,,,,,,
"Apr 8, 2024 1:00 AM",1,0,1,0,0,0,0,0,0,0,0,0,191,174,17,,,,,,,,,
"Apr 8, 2024 2:00 AM",1,1,0,2,2,0,0,0,0,0,0,0,120,110,10,,,,,,,,,
"Apr 8, 2024 3:00 AM",0,0,0,0,0,0,1,0,1,0,0,0,2,1,1,,,,,,,,,
"Apr 8, 2024 4:00 AM",2,1,1,3,2,1,1,1,0,0,0,0,1,0,1,,,,,,,,,
"Apr 8, 2024 5:00 AM",11,4,7,0,0,0,1,0,1,2,1,1,14,14,0,,,,,,,,,
"Apr 8, 2024 6:00 AM",40,23,17,10,5,5,6,4,2,9,5,4,41,31,10,,,,,,,,,
"Apr 8, 2024 7:00 AM",60,27,33,20,10,10,18,7,11,15,6,9,69,49,20,,,,,,,,,
"Apr 8, 2024 8:00 AM",63,32,31,15,7,8,10,3,7,31,12,19,80,51,29,,,,,,,,,
"Apr 8, 2024 9:00 AM",81,36,45,30,22,8,13,4,9,16,12,4,35,15,20,,,,,,,,,
"Apr 8, 2024 10:00 AM",55,31,24,20,11,9,15,8,7,4,3,1,28,18,10,,,,,,,,,
"Apr 8, 2024 11:00 AM",59,32,27,16,10,6,14,7,7,9,4,5,32,18,14,,,,,,,,,
"Apr 8, 2024 12:00 PM",80,30,50,34,13,21,9,6,3,33,13,20,29,19,10,,,,,,,,,
"Apr 8, 2024 1:00 PM",85,54,31,29,13,16,22,14,8,14,5,9,43,23,20,,,,,,,,,
"Apr 8, 2024 2:00 PM",103,67,36,27,11,16,6,2,4,11,4,7,39,20,19,,,,,,,,,
"Apr 8, 2024 3:00 PM",70,21,49,13,6,7,17,8,9,14,3,11,24,9,15,,,,,,,,,
"Apr 8, 2024 4:00 PM",27,11,16,9,4,5,6,3,3,11,9,2,26,8,18,,,,,,,,,
"Apr 8, 2024 5:00 PM",26,8,18,15,8,7,27,15,12,15,7,8,38,21,17,,,,,,,,,
"Apr 8, 2024 6:00 PM",48,24,24,35,21,14,22,12,10,19,8,11,48,31,17,,,,,,,,,
"Apr 8, 2024 7:00 PM",48,31,17,26,11,15,23,13,10,16,7,9,51,31,20,,,,,,,,,
"Apr 8, 2024 8:00 PM",20,9,11,12,8,4,5,2,3,8,3,5,25,18,7,,,,,,,,,
"Apr 8, 2024 9:00 PM",7,6,1,1,1,0,3,3,0,3,1,2,23,19,4,,,,,,,,,
"Apr 8, 2024 10:00 PM",4,4,0,2,0,2,3,0,3,1,0,1,13,11,2,,,,,,,,,
"Apr 8, 2024 11:00 PM",3,3,0,0,0,0,1,1,0,2,1,1,6,3,3,,,,,,,,,
"Apr 9, 2024 12:00 AM",0,0,0,0,0,0,2,1,1,0,0,0,7,7,0,,,,,,,,,
"Apr 9, 2024 1:00 AM",0,0,0,0,0,0,0,0,0,0,0,0,7,5,2,,,,,,,,,
"Apr 9, 2024 2:00 AM",0,0,0,0,0,0,0,0,0,0,0,0,22,19,3,,,,,,,,,
"Apr 9, 2024 3:00 AM",0,0,0,0,0,0,0,0,0,0,0,0,2,2,0,,,,,,,,,
"Apr 9, 2024 4:00 AM",0,0,0,0,0,0,0,0,0,0,0,0,63,62,1,,,,,,,,,
"Apr 9, 2024 5:00 AM",11,4,7,2,2,0,1,1,0,0,0,0,15,12,3,,,,,,,,,
"Apr 9, 2024 6:00 AM",43,23,20,9,6,3,17,12,5,9,5,4,50,31,19,,,,,,,,,
"Apr 9, 2024 7:00 AM",67,37,30,23,7,16,19,10,9,22,8,14,123,73,50,,,,,,,,,
"Apr 9, 2024 8:00 AM",99,46,53,41,17,24,29,16,13,47,22,25,364,201,163,,,,,,,,,
"Apr 9, 2024 9:00 AM",145,81,64,36,20,16,42,25,17,26,17,9,170,111,59,,,,,,,,,
"Apr 9, 2024 10:00 AM",136,69,67,33,17,16,31,20,11,24,15,9,136,95,41,,,,,,,,,
"Apr 9, 2024 11:00 AM",227,135,92,33,18,15,33,17,16,31,16,15,177,129,48,,,,,,,,,
"Apr 9, 2024 12:00 PM",253,113,140,57,38,19,46,26,20,42,21,21,93,50,43,,,,,,,,,
"Apr 9, 2024 1:00 PM",251,128,123,52,23,29,65,34,31,44,24,20,209,142,67,,,,,,,,,
"Apr 9, 2024 2:00 PM",213,105,108,39,20,19,26,15,11,34,16,18,192,116,76,,,,,,,,,
"Apr 9, 2024 3:00 PM",206,106,100,30,16,14,36,23,13,25,11,14,188,110,78,,,,,,,,,
"Apr 9, 2024 4:00 PM",236,121,115,36,16,20,45,20,25,39,21,18,248,178,70,,,,,,,,,
"Apr 9, 2024 5:00 PM",216,93,123,63,40,23,48,26,22,50,30,20,309,201,108,,,,,,,,,
"Apr 9, 2024 6:00 PM",247,136,111,74,46,28,55,32,23,49,24,25,318,226,92,,,,,,,,,
"Apr 9, 2024 7:00 PM",260,129,131,82,42,40,58,36,22,30,21,9,208,124,84,,,,,,,,,
"Apr 9, 2024 8:00 PM",280,140,140,49,16,33,40,23,17,22,7,15,149,86,63,,,,,,,,,
"Apr 9, 2024 9:00 PM",83,43,40,36,17,19,16,9,7,7,3,4,78,41,37,,,,,,,,,
"Apr 9, 2024 10:00 PM",40,26,14,7,5,2,8,5,3,1,0,1,58,31,27,,,,,,,,,
"Apr 9, 2024 11:00 PM",4,3,1,2,0,2,2,1,1,5,3,2,60,22,38,,,,,,,,,
"Apr 10, 2024 12:00 AM",0,0,0,0,0,0,4,2,2,1,1,0,83,45,38,,,,,,,,,
"Apr 10, 2024 1:00 AM",1,1,0,2,0,2,0,0,0,0,0,0,39,29,10,,,,,,,,,
"Apr 10, 2024 2:00 AM",1,0,1,0,0,0,1,0,1,0,0,0,13,10,3,,,,,,,,,
"Apr 10, 2024 3:00 AM",2,2,0,2,1,1,1,1,0,0,0,0,18,10,8,,,,,,,,,
"Apr 10, 2024 4:00 AM",0,0,0,1,1,0,0,0,0,1,1,0,9,7,2,,,,,,,,,
"Apr 10, 2024 5:00 AM",7,4,3,0,0,0,0,0,0,0,0,0,10,7,3,,,,0,0,0,,,
"Apr 10, 2024 6:00 AM",36,16,20,11,6,5,13,8,5,9,6,3,134,113,21,,,,0,0,0,,,
"Apr 10, 2024 7:00 AM",38,22,16,21,8,13,9,3,6,15,6,9,118,80,38,,,,0,0,0,,,
"Apr 10, 2024 8:00 AM",39,17,22,19,9,10,10,7,3,23,4,19,108,66,42,,,,0,0,0,,,
"Apr 10, 2024 9:00 AM",40,18,22,10,4,6,11,8,3,13,7,6,35,17,18,,,,0,0,0,,,
"Apr 10, 2024 10:00 AM",82,41,41,19,9,10,22,13,9,17,15,2,55,37,18,,,,0,0,0,,,
"Apr 10, 2024 11:00 AM",191,86,105,19,11,8,18,8,10,14,7,7,61,29,32,,,,0,0,0,,,
"Apr 10, 2024 12:00 PM",191,98,93,40,18,22,29,15,14,29,18,11,64,33,31,,,,0,0,0,,,
"Apr 10, 2024 1:00 PM",277,135,142,45,21,24,29,16,13,29,18,11,146,76,70,,,,0,0,0,,,
"Apr 10, 2024 2:00 PM",197,101,96,42,15,27,49,29,20,35,20,15,125,82,43,,,,0,0,0,,,
"Apr 10, 2024 3:00 PM",175,89,86,36,21,15,37,16,21,34,11,23,93,50,43,,,,0,0,0,,,
"Apr 10, 2024 4:00 PM",166,74,92,43,27,16,44,18,26,26,12,14,122,80,42,,,,0,0,0,,,
"Apr 10, 2024 5:00 PM",210,107,103,47,31,16,51,26,25,33,14,19,159,106,53,,,,0,0,0,,,
"Apr 10, 2024 6:00 PM",241,133,108,63,40,23,47,27,20,36,16,20,173,121,52,,,,0,0,0,,,
"Apr 10, 2024 7:00 PM",244,128,116,59,26,33,38,16,22,29,16,13,168,98,70,,,,0,0,0,,,
"Apr 10, 2024 8:00 PM",189,97,92,36,16,20,39,18,21,9,4,5,239,117,122,,,,0,0,0,,,
"Apr 10, 2024 9:00 PM",105,52,53,22,9,13,21,10,11,7,2,5,103,44,59,,,,0,0,0,,,
"Apr 10, 2024 10:00 PM",43,28,15,8,5,3,8,6,2,4,4,0,53,27,26,,,,0,0,0,,,
"Apr 10, 2024 11:00 PM",23,10,13,3,2,1,7,3,4,4,1,3,33,20,13,,,,0,0,0,,,
"Apr 11, 2024 12:00 AM",0,0,0,0,0,0,3,1,2,0,0,0,39,28,11,,,,0,0,0,,,
"Apr 11, 2024 1:00 AM",1,0,1,0,0,0,0,0,0,0,0,0,170,55,115,,,,0,0,0,,,
"Apr 11, 2024 2:00 AM",0,0,0,0,0,0,0,0,0,0,0,0,41,39,2,,,,0,0,0,,,
"Apr 11, 2024 3:00 AM",0,0,0,0,0,0,0,0,0,0,0,0,15,15,0,,,,0,0,0,,,
"Apr 11, 2024 4:00 AM",0,0,0,1,1,0,0,0,0,0,0,0,24,23,1,,,,0,0,0,,,
"Apr 11, 2024 5:00 AM",13,4,9,3,1,2,6,3,3,0,0,0,13,8,5,,,,0,0,0,,,
"Apr 11, 2024 6:00 AM",59,34,25,19,7,12,23,14,9,6,3,3,81,60,21,,,,0,0,0,,,
"Apr 11, 2024 7:00 AM",129,65,64,25,9,16,24,11,13,27,6,21,99,62,37,,,,0,0,0,,,
"Apr 11, 2024 8:00 AM",129,61,68,24,13,11,27,12,15,49,22,27,159,103,56,,,,0,0,0,,,
"Apr 11, 2024 9:00 AM",154,75,79,42,15,27,33,17,16,38,19,19,110,65,45,,,,0,0,0,,,
"Apr 11, 2024 10:00 AM",234,124,110,40,15,25,51,28,23,39,19,20,308,125,183,,,,2,1,1,,,
"Apr 11, 2024 11:00 AM",325,194,131,45,35,10,43,21,22,46,24,22,252,121,131,,,,41,30,11,,,
"Apr 11, 2024 12:00 PM",300,154,146,43,20,23,49,26,23,39,16,23,168,112,56,,,,71,44,27,,,
"Apr 11, 2024 1:00 PM",347,196,151,51,23,28,49,26,23,43,20,23,181,113,68,,,,82,38,44,,,
"Apr 11, 2024 2:00 PM",227,107,120,35,18,17,33,20,13,23,8,15,164,92,72,,,,71,30,41,,,
"Apr 11, 2024 3:00 PM",157,54,103,15,8,7,14,8,6,13,5,8,114,54,60,,,,72,21,51,,,
"Apr 11, 2024 4:00 PM",126,54,72,37,18,19,19,9,10,34,16,18,172,88,84,,,,67,28,39,,,
"Apr 11, 2024 5:00 PM",93,53,40,36,16,20,29,19,10,27,11,16,97,61,36,,,,54,26,28,,,
"Apr 11, 2024 6:00 PM",135,77,58,45,26,19,30,20,10,39,21,18,128,81,47,,,,54,27,27,,,
"Apr 11, 2024 7:00 PM",161,76,85,40,26,14,44,22,22,18,10,8,120,81,39,,,,65,33,32,,,
"Apr 11, 2024 8:00 PM",204,96,108,44,20,24,32,11,21,11,8,3,96,66,30,,,,38,13,25,,,
"Apr 11, 2024 9:00 PM",89,43,46,19,7,12,25,17,8,8,5,3,86,62,24,,,,31,17,14,,,
"Apr 11, 2024 10:00 PM",37,25,12,11,7,4,20,7,13,3,2,1,82,20,62,,,,17,9,8,,,
"Apr 11, 2024 11:00 PM",9,6,3,4,2,2,4,1,3,4,1,3,55,38,17,,,,9,5,4,,,
"Apr 12, 2024 12:00 AM",1,0,1,2,0,2,4,1,3,0,0,0,18,7,11,,,,,,,,,
"Apr 12, 2024 1:00 AM",3,1,2,4,0,4,1,0,1,0,0,0,0,0,0,,,,,,,,,
"Apr 12, 2024 2:00 AM",0,0,0,0,0,0,3,1,2,0,0,0,10,8,2,,,,,,,,,
"Apr 12, 2024 3:00 AM",0,0,0,0,0,0,0,0,0,0,0,0,1,1,0,,,,,,,,,
"Apr 12, 2024 4:00 AM",0,0,0,1,1,0,0,0,0,0,0,0,3,3,0,,,,,,,,,
"Apr 12, 2024 5:00 AM",7,2,5,4,3,1,0,0,0,1,1,0,1,1,0,,,,,,,,,
"Apr 12, 2024 6:00 AM",55,28,27,15,8,7,14,10,4,6,4,2,32,20,12,,,,,,,,,
"Apr 12, 2024 7:00 AM",101,49,52,25,12,13,19,7,12,23,11,12,93,63,30,,,,,,,,,
"Apr 12, 2024 8:00 AM",182,90,92,44,22,22,36,25,11,41,17,24,119,67,52,,,,,,,,,
"Apr 12, 2024 9:00 AM",169,84,85,42,29,13,24,14,10,28,18,10,101,58,43,,,,,,,,,
"Apr 12, 2024 10:00 AM",181,91,90,33,16,17,39,17,22,21,12,9,68,47,21,,,,,,,,,
"Apr 12, 2024 11:00 AM",242,173,69,58,30,28,24,9,15,27,13,14,86,53,33,,,,,,,,,
"Apr 12, 2024 12:00 PM",119,71,48,40,25,15,49,22,27,26,13,13,104,49,55,,,,,,,,,
"Apr 12, 2024 1:00 PM",215,112,103,59,35,24,34,24,10,45,19,26,150,87,63,,,,,,,,,
"Apr 12, 2024 2:00 PM",196,69,127,40,19,21,48,28,20,30,14,16,141,90,51,,,,,,,,,
"Apr 12, 2024 3:00 PM",267,133,134,55,27,28,31,20,11,48,27,21,154,81,73,,,,,,,,,
"Apr 12, 2024 4:00 PM",240,97,143,45,21,24,47,26,21,31,9,22,379,203,176,,,,,,,,,
"Apr 12, 2024 5:00 PM",221,116,105,63,35,28,71,38,33,29,15,14,210,130,80,,,,,,,,,
"Apr 12, 2024 6:00 PM",3,3,0,54,26,28,68,30,38,32,17,15,129,73,56,,,,,,,,,
"Apr 12, 2024 7:00 PM",25,17,8,51,27,24,46,21,25,22,12,10,113,70,43,,,,,,,,,
"Apr 12, 2024 8:00 PM",226,104,122,23,14,9,36,22,14,18,9,9,117,62,55,,,,,,,,,
"Apr 12, 2024 9:00 PM",109,54,55,25,14,11,15,5,10,4,3,1,67,26,41,,,,,,,,,
"Apr 12, 2024 10:00 PM",44,25,19,10,5,5,16,8,8,5,4,1,67,23,44,,,,,,,,,
"Apr 12, 2024 11:00 PM",26,14,12,11,5,6,11,4,7,1,1,0,42,24,18,,,,,,,,,
"Apr 13, 2024 12:00 AM",0,0,0,0,0,0,7,1,6,0,0,0,39,19,20,,,,,,,,,
"Apr 13, 2024 1:00 AM",2,2,0,2,2,0,9,2,7,0,0,0,41,8,33,,,,,,,,,
"Apr 13, 2024 2:00 AM",1,1,0,0,0,0,0,0,0,1,0,1,18,2,16,,,,,,,,,
"Apr 13, 2024 3:00 AM",3,2,1,0,0,0,0,0,0,3,1,2,18,4,14,,,,,,,,,
"Apr 13, 2024 4:00 AM",3,1,2,1,1,0,3,1,2,0,0,0,2,2,0,,,,,,,,,
"Apr 13, 2024 5:00 AM",1,1,0,0,0,0,4,2,2,0,0,0,3,1,2,,,,,,,,,
"Apr 13, 2024 6:00 AM",31,15,16,4,4,0,3,2,1,1,0,1,16,8,8,,,,,,,,,
"Apr 13, 2024 7:00 AM",99,48,51,18,11,7,27,16,11,15,7,8,52,33,19,,,,,,,,,
"Apr 13, 2024 8:00 AM",163,73,90,45,21,24,39,17,22,16,5,11,128,72,56,,,,,,,,,
"Apr 13, 2024 9:00 AM",210,105,105,126,88,38,52,24,28,52,30,22,215,119,96,,,,,,,,,
"Apr 13, 2024 10:00 AM",366,189,177,125,47,78,60,35,25,57,28,29,182,115,67,,,,,,,,,
"Apr 13, 2024 11:00 AM",437,231,206,116,64,52,95,56,39,41,24,17,196,117,79,,,,,,,,,
"Apr 13, 2024 12:00 PM",353,250,103,113,50,63,67,45,22,51,33,18,168,95,73,,,,,,,,,
"Apr 13, 2024 1:00 PM",553,369,184,87,35,52,65,29,36,41,23,18,193,111,82,,,,,,,,,
"Apr 13, 2024 2:00 PM",570,383,187,78,39,39,68,34,34,42,21,21,168,76,92,,,,,,,,,
"Apr 13, 2024 3:00 PM",889,638,251,81,48,33,60,31,29,47,23,24,237,125,112,,,,,,,,,
"Apr 13, 2024 4:00 PM",843,545,298,861,658,203,76,33,43,42,23,19,307,183,124,,,,,,,,,
"Apr 13, 2024 5:00 PM",570,362,208,1011,853,158,52,29,23,28,14,14,211,111,100,,,,,,,,,
"Apr 13, 2024 6:00 PM",324,165,159,2181,1603,578,45,19,26,13,7,6,150,87,63,,,,,,,,,
"Apr 13, 2024 7:00 PM",263,133,130,2337,1822,515,28,14,14,17,11,6,235,122,113,,,,,,,,,
"Apr 13, 2024 8:00 PM",204,95,109,2702,1864,838,44,17,27,21,16,5,405,153,252,,,,,,,,,
"Apr 13, 2024 9:00 PM",77,30,47,1611,915,696,19,9,10,6,3,3,296,87,209,,,,,,,,,
"Apr 13, 2024 10:00 PM",31,15,16,298,172,126,13,4,9,6,2,4,264,121,143,,,,,,,,,
"Apr 13, 2024 11:00 PM",15,11,4,246,149,97,12,7,5,3,3,0,182,67,115,,,,,,,,,
"Apr 14, 2024 12:00 AM",0,0,0,52,36,16,1,0,1,4,3,1,109,55,54,,,,,,,,,
"Apr 14, 2024 1:00 AM",4,4,0,112,79,33,3,2,1,1,0,1,111,58,53,,,,,,,,,
"Apr 14, 2024 2:00 AM",0,0,0,127,100,27,0,0,0,0,0,0,75,56,19,,,,,,,,,
"Apr 14, 2024 3:00 AM",0,0,0,66,58,8,0,0,0,0,0,0,135,98,37,,,,,,,,,
"Apr 14, 2024 4:00 AM",2,1,1,19,19,0,0,0,0,0,0,0,41,22,19,,,,,,,,,
"Apr 14, 2024 5:00 AM",0,0,0,64,56,8,0,0,0,0,0,0,1,0,1,,,,,,,,,
"Apr 14, 2024 6:00 AM",18,9,9,27,22,5,2,1,1,2,2,0,12,6,6,,,,,,,,,
"Apr 14, 2024 7:00 AM",77,47,30,239,191,48,12,10,2,4,2,2,57,38,19,,,,,,,,,
"Apr 14, 2024 8:00 AM",168,90,78,218,159,59,38,16,22,29,13,16,70,44,26,,,,,,,,,
"Apr 14, 2024 9:00 AM",366,206,160,590,426,164,58,38,20,35,16,19,119,64,55,,,,,,,,,
"Apr 14, 2024 10:00 AM",515,294,221,314,227,87,92,60,32,49,29,20,180,111,69,,,,,,,,,
"Apr 14, 2024 11:00 AM",685,393,292,166,110,56,112,68,44,82,42,40,211,119,92,,,,,,,,,
"Apr 14, 2024 12:00 PM",714,370,344,178,95,83,115,75,40,53,34,19,198,119,79,,,,,,,,,
"Apr 14, 2024 1:00 PM",789,433,356,387,278,109,71,40,31,66,34,32,193,96,97,,,,,,,,,
"Apr 14, 2024 2:00 PM",789,447,342,813,600,213,60,42,18,46,26,20,125,65,60,,,,,,,,,
"Apr 14, 2024 3:00 PM",790,361,429,792,559,233,71,27,44,42,22,20,146,71,75,,,,,,,,,
"Apr 14, 2024 4:00 PM",464,193,271,179,153,26,50,20,30,41,14,27,103,45,58,,,,,,,,,
"Apr 14, 2024 5:00 PM",383,178,205,118,74,44,44,21,23,23,14,9,121,57,64,,,,,,,,,
"Apr 14, 2024 6:00 PM",331,177,154,61,33,28,48,27,21,25,9,16,115,58,57,,,,,,,,,
"Apr 14, 2024 7:00 PM",253,129,124,100,71,29,38,22,16,23,8,15,77,39,38,,,,,,,,,
"Apr 14, 2024 8:00 PM",174,87,87,102,74,28,21,10,11,17,6,11,61,26,35,,,,,,,,,
"Apr 14, 2024 9:00 PM",85,42,43,76,66,10,18,16,2,8,2,6,41,15,26,,,,,,,,,
"Apr 14, 2024 10:00 PM",18,12,6,17,11,6,3,1,2,9,3,6,448,140,308,,,,,,,,,
"Apr 14, 2024 11:00 PM",4,3,1,5,1,4,2,1,1,2,1,1,57,32,25,,,,,,,,,
"Apr 15, 2024 12:00 AM",1,1,0,8,8,0,0,0,0,1,0,1,123,68,55,,,,,,,,,
"Apr 15, 2024 1:00 AM",0,0,0,5,5,0,0,0,0,0,0,0,22,16,6,,,,,,,,,
"Apr 15, 2024 2:00 AM",0,0,0,27,27,0,1,1,0,0,0,0,2,0,2,,,,,,,,,
"Apr 15, 2024 3:00 AM",0,0,0,6,6,0,0,0,0,0,0,0,1,1,0,,,,,,,,,
"Apr 15, 2024 4:00 AM",0,0,0,0,0,0,0,0,0,2,2,0,1,1,0,,,,,,,,,
"Apr 15, 2024 5:00 AM",7,2,5,0,0,0,0,0,0,2,0,2,4,3,1,,,,0,0,0,,,
"Apr 15, 2024 6:00 AM",36,16,20,12,7,5,14,9,5,9,6,3,19,10,9,,,,0,0,0,,,
"Apr 15, 2024 7:00 AM",93,49,44,21,10,11,15,9,6,24,7,17,87,50,37,,,,0,0,0,,,
"Apr 15, 2024 8:00 AM",95,56,39,27,12,15,30,16,14,52,20,32,248,124,124,,,,0,0,0,,,
"Apr 15, 2024 9:00 AM",101,54,47,27,14,13,24,13,11,39,19,20,158,92,66,,,,0,0,0,,,
"Apr 15, 2024 10:00 AM",98,47,51,22,11,11,18,12,6,19,12,7,138,86,52,,,,0,0,0,,,
"Apr 15, 2024 11:00 AM",123,62,61,29,15,14,10,5,5,26,11,15,130,90,40,,,,0,0,0,,,
"Apr 15, 2024 12:00 PM",158,79,79,60,35,25,37,25,12,19,11,8,124,70,54,,,,0,0,0,,,
"Apr 15, 2024 1:00 PM",153,86,67,51,27,24,27,19,8,30,18,12,197,118,79,,,,22,8,14,,,
"Apr 15, 2024 2:00 PM",96,49,47,31,20,11,13,7,6,26,12,14,161,74,87,,,,0,0,0,,,
"Apr 15, 2024 3:00 PM",78,37,41,23,12,11,26,13,13,17,8,9,55,31,24,,,,0,0,0,,,
"Apr 15, 2024 4:00 PM",79,42,37,23,16,7,16,13,3,20,8,12,233,163,70,,,,0,0,0,,,
"Apr 15, 2024 5:00 PM",107,63,44,36,27,9,23,16,7,37,18,19,263,147,116,,,,0,0,0,,,
"Apr 15, 2024 6:00 PM",147,87,60,43,27,16,33,14,19,38,25,13,353,177,176,,,,0,0,0,,,
"Apr 15, 2024 7:00 PM",161,69,92,37,22,15,15,8,7,32,19,13,268,159,109,,,,0,0,0,,,
"Apr 15, 2024 8:00 PM",121,68,53,32,16,16,17,12,5,21,11,10,254,76,178,,,,0,0,0,,,
"Apr 15, 2024 9:00 PM",52,28,24,16,8,8,12,6,6,4,3,1,404,189,215,,,,0,0,0,,,
"Apr 15, 2024 10:00 PM",19,12,7,7,6,1,4,2,2,6,3,3,174,82,92,,,,0,0,0,,,
"Apr 15, 2024 11:00 PM",5,4,1,3,3,0,0,0,0,0,0,0,624,484,140,,,,0,0,0,,,
"Apr 16, 2024 12:00 AM",0,0,0,0,0,0,4,1,3,0,0,0,327,144,183,,,,0,0,0,,,
"Apr 16, 2024 1:00 AM",0,0,0,0,0,0,0,0,0,0,0,0,168,118,50,,,,0,0,0,,,
"Apr 16, 2024 2:00 AM",0,0,0,0,0,0,0,0,0,0,0,0,71,48,23,,,,0,0,0,,,
"Apr 16, 2024 3:00 AM",0,0,0,1,1,0,0,0,0,0,0,0,128,64,64,,,,0,0,0,,,
"Apr 16, 2024 4:00 AM",0,0,0,0,0,0,0,0,0,0,0,0,97,84,13,,,,0,0,0,,,
"Apr 16, 2024 5:00 AM",6,2,4,1,1,0,2,1,1,1,1,0,19,12,7,,,,0,0,0,,,
"Apr 16, 2024 6:00 AM",48,26,22,18,12,6,11,9,2,10,5,5,129,61,68,,,,0,0,0,,,
"Apr 16, 2024 7:00 AM",103,56,47,26,7,19,16,5,11,28,6,22,489,148,341,,,,0,0,0,,,
"Apr 16, 2024 8:00 AM",102,56,46,34,14,20,32,16,16,49,27,22,651,190,461,,,,0,0,0,,,
"Apr 16, 2024 9:00 AM",143,64,79,29,13,16,26,14,12,27,17,10,304,120,184,,,,0,0,0,,,
"Apr 16, 2024 10:00 AM",131,63,68,33,20,13,20,13,7,33,16,17,267,115,152,,,,0,0,0,,,
"Apr 16, 2024 11:00 AM",210,120,90,44,18,26,27,11,16,27,12,15,278,89,189,,,,0,0,0,,,
"Apr 16, 2024 12:00 PM",210,110,100,46,26,20,37,25,12,38,16,22,265,128,137,,,,0,0,0,,,
"Apr 16, 2024 1:00 PM",230,110,120,54,37,17,56,27,29,38,24,14,379,155,224,,,,0,0,0,,,
"Apr 16, 2024 2:00 PM",209,104,105,39,22,17,35,20,15,25,9,16,386,138,248,,,,0,0,0,,,
"Apr 16, 2024 3:00 PM",158,75,83,40,19,21,28,13,15,23,13,10,448,153,295,,,,0,0,0,,,
"Apr 16, 2024 4:00 PM",109,46,63,50,31,19,35,19,16,18,8,10,426,150,276,,,,0,0,0,,,
"Apr 16, 2024 5:00 PM",143,76,67,50,35,15,43,31,12,33,17,16,294,106,188,,,,0,0,0,,,
"Apr 16, 2024 6:00 PM",195,108,87,72,44,28,58,31,27,24,16,8,514,202,312,,,,0,0,0,,,
"Apr 16, 2024 7:00 PM",229,104,125,56,28,28,57,26,31,29,15,14,345,141,204,,,,0,0,0,,,
"Apr 16, 2024 8:00 PM",202,116,86,58,32,26,34,22,12,24,15,9,300,122,178,,,,0,0,0,,,
"Apr 16, 2024 9:00 PM",74,41,33,21,13,8,19,8,11,13,7,6,333,131,202,,,,0,0,0,,,
"Apr 16, 2024 10:00 PM",29,13,16,12,4,8,11,3,8,3,0,3,493,129,364,,,,0,0,0,,,
"Apr 16, 2024 11:00 PM",8,6,2,4,1,3,5,2,3,0,0,0,534,85,449,,,,0,0,0,,,
"Apr 17, 2024 12:00 AM",0,0,0,0,0,0,0,0,0,2,0,2,138,53,85,,,,,,,,,
"Apr 17, 2024 1:00 AM",2,1,1,2,0,2,1,0,1,0,0,0,4,3,1,,,,,,,,,
"Apr 17, 2024 2:00 AM",0,0,0,0,0,0,0,0,0,0,0,0,8,5,3,,,,,,,,,
"Apr 17, 2024 3:00 AM",0,0,0,0,0,0,0,0,0,0,0,0,1,1,0,,,,,,,,,
"Apr 17, 2024 4:00 AM",2,2,0,0,0,0,0,0,0,0,0,0,1,0,1,,,,,,,,,
"Apr 17, 2024 5:00 AM",9,4,5,0,0,0,0,0,0,0,0,0,27,21,6,,,,,,,,,
"Apr 17, 2024 6:00 AM",60,23,37,38,21,17,6,3,3,11,7,4,29,15,14,,,,,,,,,
"Apr 17, 2024 7:00 AM",89,47,42,29,12,17,17,8,9,20,8,12,151,70,81,,,,,,,,,
"Apr 17, 2024 8:00 AM",87,47,40,41,18,23,27,13,14,52,20,32,377,167,210,,,,,,,,,
"Apr 17, 2024 9:00 AM",98,60,38,17,8,9,20,12,8,39,19,20,240,137,103,,,,,,,,,
"Apr 17, 2024 10:00 AM",132,69,63,43,21,22,26,16,10,27,11,16,97,44,53,,,,,,,,,
"Apr 17, 2024 11:00 AM",140,74,66,25,17,8,16,7,9,21,10,11,102,52,50,,,,,,,,,
"Apr 17, 2024 12:00 PM",87,49,38,23,17,6,18,14,4,16,7,9,267,128,139,,,,,,,,,
"Apr 17, 2024 1:00 PM",82,51,31,19,13,6,14,10,4,19,12,7,90,24,66,,,,,,,,,
"Apr 17, 2024 2:00 PM",86,34,52,16,9,7,21,10,11,14,9,5,160,57,103,,,,,,,,,
"Apr 17, 2024 3:00 PM",101,35,66,15,10,5,11,3,8,19,7,12,333,85,248,,,,,,,,,
"Apr 17, 2024 4:00 PM",67,32,35,12,6,6,10,7,3,28,11,17,81,29,52,,,,,,,,,
"Apr 17, 2024 5:00 PM",104,50,54,20,15,5,22,14,8,33,11,22,124,61,63,,,,,,,,,
"Apr 17, 2024 6:00 PM",122,65,57,58,29,29,49,24,25,34,11,23,173,87,86,,,,,,,,,
"Apr 17, 2024 7:00 PM",91,47,44,31,17,14,19,10,9,17,10,7,156,82,74,,,,,,,,,
"Apr 17, 2024 8:00 PM",74,45,29,26,16,10,30,18,12,16,9,7,49,22,27,,,,,,,,,
"Apr 17, 2024 9:00 PM",58,31,27,15,7,8,16,5,11,5,3,2,16,11,5,,,,,,,,,
"Apr 17, 2024 10:00 PM",29,16,13,11,6,5,15,8,7,1,1,0,24,10,14,,,,,,,,,
"Apr 17, 2024 11:00 PM",5,5,0,2,2,0,7,4,3,2,2,0,31,16,15,,,,,,,,,
"Apr 18, 2024 12:00 AM",0,0,0,0,0,0,2,1,1,2,0,2,11,5,6,,,,,,,,,
"Apr 18, 2024 1:00 AM",0,0,0,0,0,0,0,0,0,0,0,0,27,17,10,,,,,,,,,
"Apr 18, 2024 2:00 AM",0,0,0,1,0,1,0,0,0,0,0,0,2,2,0,,,,,,,,,
"Apr 18, 2024 3:00 AM",0,0,0,0,0,0,0,0,0,0,0,0,0,0,0,,,,,,,,,
"Apr 18, 2024 4:00 AM",0,0,0,0,0,0,0,0,0,0,0,0,0,0,0,,,,,,,,,
"Apr 18, 2024 5:00 AM",14,5,9,1,0,1,2,1,1,0,0,0,8,5,3,,,,,,,,,
"Apr 18, 2024 6:00 AM",38,21,17,9,6,3,16,12,4,10,7,3,28,19,9,,,,,,,,,
"Apr 18, 2024 7:00 AM",110,65,45,32,10,22,22,16,6,22,6,16,132,70,62,,,,,,,,,
"Apr 18, 2024 8:00 AM",140,65,75,58,31,27,35,16,19,55,26,29,145,81,64,,,,,,,,,
"Apr 18, 2024 9:00 AM",159,70,89,39,14,25,21,9,12,31,16,15,116,61,55,,,,,,,,,
"Apr 18, 2024 10:00 AM",144,74,70,43,25,18,35,15,20,34,26,8,84,44,40,,,,,,,,,
"Apr 18, 2024 11:00 AM",180,85,95,29,15,14,31,13,18,27,14,13,72,31,41,,,,,,,,,
"Apr 18, 2024 12:00 PM",176,85,91,26,12,14,22,7,15,36,17,19,111,82,29,,,,,,,,,
"Apr 18, 2024 1:00 PM",188,97,91,40,17,23,39,15,24,52,26,26,200,133,67,,,,,,,,,
"Apr 18, 2024 2:00 PM",160,83,77,30,14,16,18,8,10,28,14,14,96,50,46,,,,,,,,,
"Apr 18, 2024 3:00 PM",146,77,69,26,17,9,21,12,9,30,16,14,203,138,65,,,,,,,,,
"Apr 18, 2024 4:00 PM",175,81,94,31,15,16,20,13,7,40,19,21,132,75,57,,,,,,,,,
"Apr 18, 2024 5:00 PM",130,77,53,41,23,18,54,29,25,42,11,31,236,117,119,,,,,,,,,
"Apr 18, 2024 6:00 PM",193,119,74,51,32,19,49,28,21,25,8,17,186,104,82,,,,,,,,,
"Apr 18, 2024 7:00 PM",167,80,87,49,27,22,43,18,25,31,14,17,122,55,67,,,,,,,,,
"Apr 18, 2024 8:00 PM",181,83,98,41,22,19,36,19,17,20,11,9,80,45,35,,,,,,,,,
"Apr 18, 2024 9:00 PM",79,36,43,30,12,18,19,10,9,9,6,3,31,17,14,,,,,,,,,
"Apr 18, 2024 10:00 PM",32,17,15,8,4,4,8,3,5,5,1,4,14,9,5,,,,,,,,,
"Apr 18, 2024 11:00 PM",11,7,4,5,1,4,7,0,7,4,1,3,13,2,11,,,,,,,,,
"Apr 19, 2024 12:00 AM",0,0,0,0,0,0,3,1,2,3,3,0,20,11,9,,,,,,,,,
"Apr 19, 2024 1:00 AM",1,1,0,1,0,1,6,0,6,0,0,0,2,2,0,,,,,,,,,
"Apr 19, 2024 2:00 AM",0,0,0,0,0,0,0,0,0,1,1,0,5,5,0,,,,,,,,,
"Apr 19, 2024 3:00 AM",0,0,0,0,0,0,0,0,0,0,0,0,2,2,0,,,,,,,,,
"Apr 19, 2024 4:00 AM",0,0,0,0,0,0,0,0,0,1,1,0,7,1,6,,,,,,,,,
"Apr 19, 2024 5:00 AM",14,6,8,2,2,0,2,1,1,0,0,0,4,1,3,,,,,,,,,
"Apr 19, 2024 6:00 AM",48,22,26,4,2,2,10,8,2,9,4,5,26,16,10,,,,,,,,,
"Apr 19, 2024 7:00 AM",94,55,39,28,11,17,16,6,10,15,5,10,65,29,36,,,,,,,,,
"Apr 19, 2024 8:00 AM",121,64,57,39,19,20,23,13,10,41,18,23,115,59,56,,,,,,,,,
"Apr 19, 2024 9:00 AM",130,69,61,46,31,15,28,20,8,34,15,19,83,34,49,,,,,,,,,
"Apr 19, 2024 10:00 AM",159,85,74,33,12,21,19,13,6,29,15,14,209,79,130,,,,,,,,,
"Apr 19, 2024 11:00 AM",171,96,75,22,11,11,24,11,13,24,15,9,126,70,56,,,,,,,,,
"Apr 19, 2024 12:00 PM",140,68,72,27,15,12,20,7,13,27,16,11,75,48,27,,,,,,,,,
"Apr 19, 2024 1:00 PM",212,127,85,34,16,18,43,18,25,25,8,17,107,62,45,,,,,,,,,
"Apr 19, 2024 2:00 PM",196,94,102,31,18,13,29,15,14,40,22,18,142,83,59,,,,,,,,,
"Apr 19, 2024 3:00 PM",179,96,83,49,25,24,20,16,4,32,18,14,81,40,41,,,,,,,,,
"Apr 19, 2024 4:00 PM",212,97,115,40,26,14,26,14,12,41,17,24,149,73,76,,,,,,,,,
"Apr 19, 2024 5:00 PM",277,155,122,59,43,16,45,20,25,37,16,21,216,127,89,,,,,,,,,
"Apr 19, 2024 6:00 PM",314,155,159,59,31,28,65,34,31,39,17,22,164,101,63,,,,,,,,,
"Apr 19, 2024 7:00 PM",325,141,184,51,32,19,57,32,25,20,6,14,124,75,49,,,,,,,,,
"Apr 19, 2024 8:00 PM",284,142,142,20,13,7,36,14,22,12,5,7,105,53,52,,,,,,,,,
"Apr 19, 2024 9:00 PM",124,56,68,30,12,18,24,14,10,4,2,2,115,43,72,,,,,,,,,
"Apr 19, 2024 10:00 PM",48,28,20,6,3,3,12,5,7,10,5,5,147,71,76,,,,,,,,,
"Apr 19, 2024 11:00 PM",13,9,4,3,2,1,9,5,4,7,2,5,51,33,18,,,,,,,,,
"Apr 20, 2024 12:00 AM",0,0,0,2,0,2,5,2,3,1,1,0,27,18,9,,,,,,,,,
"Apr 20, 2024 1:00 AM",1,1,0,4,2,2,3,0,3,4,2,2,14,10,4,,,,,,,,,
"Apr 20, 2024 2:00 AM",0,0,0,1,0,1,1,0,1,1,0,1,42,41,1,,,,,,,,,
"Apr 20, 2024 3:00 AM",0,0,0,0,0,0,0,0,0,0,0,0,6,5,1,,,,,,,,,
"Apr 20, 2024 4:00 AM",0,0,0,0,0,0,0,0,0,0,0,0,0,0,0,,,,,,,,,
"Apr 20, 2024 5:00 AM",3,1,2,0,0,0,1,0,1,0,0,0,2,2,0,,,,,,,,,
"Apr 20, 2024 6:00 AM",16,8,8,0,0,0,3,3,0,2,1,1,10,6,4,,,,,,,,,
"Apr 20, 2024 7:00 AM",88,51,37,28,16,12,24,15,9,11,6,5,40,24,16,,,,,,,,,
"Apr 20, 2024 8:00 AM",167,89,78,50,19,31,36,19,17,18,7,11,81,45,36,,,,,,,,,
"Apr 20, 2024 9:00 AM",253,139,114,61,35,26,64,32,32,27,16,11,123,76,47,,,,,,,,,
"Apr 20, 2024 10:00 AM",485,261,224,132,80,52,76,40,36,54,33,21,213,144,69,,,,,,,,,
"Apr 20, 2024 11:00 AM",520,271,249,111,63,48,81,53,28,55,20,35,233,152,81,,,,,,,,,
"Apr 20, 2024 12:00 PM",727,359,368,129,74,55,91,61,30,36,24,12,293,165,128,,,,,,,,,
"Apr 20, 2024 1:00 PM",658,338,320,122,76,46,115,70,45,40,16,24,222,120,102,,,,,,,,,
"Apr 20, 2024 2:00 PM",780,358,422,88,51,37,74,36,38,43,25,18,211,119,92,,,,,,,,,
"Apr 20, 2024 3:00 PM",1008,527,481,89,41,48,96,48,48,35,13,22,210,124,86,,,,,,,,,
"Apr 20, 2024 4:00 PM",903,460,443,126,65,61,102,43,59,42,26,16,235,127,108,,,,,,,,,
"Apr 20, 2024 5:00 PM",869,375,494,81,42,39,88,37,51,31,16,15,146,77,69,,,,,,,,,
"Apr 20, 2024 6:00 PM",514,245,269,60,21,39,66,34,32,29,13,16,160,64,96,,,,,,,,,
"Apr 20, 2024 7:00 PM",369,161,208,39,24,15,39,19,20,19,11,8,72,29,43,,,,,,,,,
"Apr 20, 2024 8:00 PM",234,108,126,36,19,17,43,19,24,11,5,6,36,24,12,,,,,,,,,
"Apr 20, 2024 9:00 PM",107,35,72,20,12,8,30,21,9,7,1,6,36,13,23,,,,,,,,,
"Apr 20, 2024 10:00 PM",49,21,28,10,2,8,11,7,4,8,4,4,25,8,17,,,,,,,,,
"Apr 20, 2024 11:00 PM",16,10,6,6,4,2,8,6,2,7,2,5,23,5,18,,,,,,,,,
"Apr 21, 2024 12:00 AM",6,6,0,1,0,1,7,2,5,1,1,0,9,3,6,,,,,,,,,
"Apr 21, 2024 1:00 AM",5,5,0,2,0,2,5,3,2,2,1,1,1,1,0,,,,,,,,,
"Apr 21, 2024 2:00 AM",0,0,0,0,0,0,1,1,0,0,0,0,1,0,1,,,,,,,,,
"Apr 21, 2024 3:00 AM",2,2,0,0,0,0,1,1,0,1,0,1,3,3,0,,,,,,,,,
"Apr 21, 2024 4:00 AM",0,0,0,0,0,0,0,0,0,1,1,0,4,3,1,,,,,,,,,
"Apr 21, 2024 5:00 AM",5,2,3,0,0,0,0,0,0,1,0,1,4,2,2,,,,,,,,,
"Apr 21, 2024 6:00 AM",21,9,12,7,3,4,5,1,4,2,2,0,10,8,2,,,,,,,,,
"Apr 21, 2024 7:00 AM",79,46,33,13,11,2,14,11,3,6,3,3,33,20,13,,,,,,,,,
"Apr 21, 2024 8:00 AM",184,109,75,44,26,18,49,25,24,13,7,6,55,30,25,,,,,,,,,
"Apr 21, 2024 9:00 AM",352,185,167,70,35,35,73,37,36,43,27,16,147,89,58,,,,,,,,,
"Apr 21, 2024 10:00 AM",649,364,285,127,64,63,115,69,46,30,20,10,193,106,87,,,,,,,,,
"Apr 21, 2024 11:00 AM",941,530,411,187,97,90,146,87,59,53,25,28,261,169,92,,,,,,,,,
"Apr 21, 2024 12:00 PM",1123,648,475,206,121,85,138,82,56,55,29,26,188,110,78,,,,,,,,,
"Apr 21, 2024 1:00 PM",1228,641,587,153,82,71,132,87,45,42,21,21,189,111,78,,,,,,,,,
"Apr 21, 2024 2:00 PM",1326,648,678,181,91,90,139,69,70,70,39,31,219,122,97,,,,,,,,,
"Apr 21, 2024 3:00 PM",1366,625,741,167,93,74,148,81,67,58,26,32,231,133,98,,,,,,,,,
"Apr 21, 2024 4:00 PM",1330,603,727,119,69,50,127,67,60,47,22,25,277,136,141,,,,,,,,,
"Apr 21, 2024 5:00 PM",1006,420,586,104,37,67,86,31,55,42,20,22,159,70,89,,,,,,,,,
"Apr 21, 2024 6:00 PM",646,283,363,83,38,45,79,45,34,41,22,19,139,67,72,,,,,,,,,
"Apr 21, 2024 7:00 PM",375,185,190,58,33,25,45,20,25,31,18,13,138,69,69,,,,,,,,,
"Apr 21, 2024 8:00 PM",243,105,138,54,23,31,37,17,20,32,25,7,60,25,35,,,,,,,,,
"Apr 21, 2024 9:00 PM",95,48,47,29,17,12,29,14,15,18,13,5,47,16,31,,,,,,,,,
"Apr 21, 2024 10:00 PM",32,20,12,10,6,4,5,3,2,1,1,0,69,9,60,,,,,,,,,
"Apr 21, 2024 11:00 PM",10,3,7,3,3,0,4,2,2,0,0,0,14,4,10,,,,,,,,,
"Apr 22, 2024 12:00 AM",0,0,0,0,0,0,3,1,2,0,0,0,10,0,10,,,,,,,,,
"Apr 22, 2024 1:00 AM",0,0,0,0,0,0,1,1,0,0,0,0,5,0,5,,,,,,,,,
"Apr 22, 2024 2:00 AM",0,0,0,0,0,0,0,0,0,0,0,0,5,1,4,,,,,,,,,
"Apr 22, 2024 3:00 AM",0,0,0,0,0,0,0,0,0,0,0,0,2,2,0,,,,,,,,,
"Apr 22, 2024 4:00 AM",0,0,0,2,2,0,0,0,0,1,0,1,0,0,0,,,,,,,,,
"Apr 22, 2024 5:00 AM",12,3,9,0,0,0,0,0,0,0,0,0,1,1,0,,,,,,,,,
"Apr 22, 2024 6:00 AM",48,18,30,15,6,9,12,9,3,4,3,1,34,17,17,,,,,,,,,
"Apr 22, 2024 7:00 AM",80,41,39,27,11,16,16,8,8,15,3,12,62,35,27,,,,,,,,,
"Apr 22, 2024 8:00 AM",117,54,63,34,17,17,31,20,11,49,23,26,151,59,92,,,,,,,,,
"Apr 22, 2024 9:00 AM",220,120,100,39,23,16,43,26,17,26,13,13,131,50,81,,,,,,,,,
"Apr 22, 2024 10:00 AM",153,95,58,39,20,19,30,20,10,26,18,8,68,37,31,,,,,,,,,
"Apr 22, 2024 11:00 AM",123,67,56,81,22,59,25,8,17,14,5,9,73,42,31,,,,,,,,,
"Apr 22, 2024 12:00 PM",153,85,68,37,21,16,23,11,12,28,9,19,72,43,29,,,,,,,,,
"Apr 22, 2024 1:00 PM",190,102,88,34,21,13,29,18,11,36,12,24,124,65,59,,,,,,,,,
"Apr 22, 2024 2:00 PM",151,74,77,29,20,9,24,12,12,31,16,15,85,40,45,,,,,,,,,
"Apr 22, 2024 3:00 PM",157,87,70,21,16,5,19,13,6,30,20,10,181,68,113,,,,,,,,,
"Apr 22, 2024 4:00 PM",105,57,48,50,23,27,28,11,17,33,14,19,148,49,99,,,,,,,,,
"Apr 22, 2024 5:00 PM",162,83,79,31,19,12,47,28,19,44,29,15,135,81,54,,,,,,,,,
"Apr 22, 2024 6:00 PM",167,86,81,52,23,29,38,20,18,29,17,12,141,75,66,,,,,,,,,
"Apr 22, 2024 7:00 PM",190,88,102,52,31,21,38,20,18,27,13,14,96,50,46,,,,,,,,,
"Apr 22, 2024 8:00 PM",170,87,83,48,33,15,25,10,15,22,12,10,93,57,36,,,,,,,,,
"Apr 22, 2024 9:00 PM",57,33,24,30,13,17,19,7,12,10,2,8,60,21,39,,,,,,,,,
"Apr 22, 2024 10:00 PM",23,16,7,8,4,4,4,1,3,0,0,0,85,23,62,,,,,,,,,
"Apr 22, 2024 11:00 PM",15,9,6,2,1,1,6,3,3,0,0,0,55,12,43,,,,,,,,,
"Apr 23, 2024 12:00 AM",0,0,0,0,0,0,1,0,1,1,0,1,5,3,2,,,,,,,,,
"Apr 23, 2024 1:00 AM",0,0,0,0,0,0,3,3,0,0,0,0,0,0,0,,,,,,,,,
"Apr 23, 2024 2:00 AM",0,0,0,0,0,0,0,0,0,0,0,0,0,0,0,,,,,,,,,
"Apr 23, 2024 3:00 AM",1,1,0,0,0,0,0,0,0,0,0,0,1,0,1,,,,,,,,,
"Apr 23, 2024 4:00 AM",0,0,0,0,0,0,1,0,1,0,0,0,0,0,0,,,,,,,,,
"Apr 23, 2024 5:00 AM",16,6,10,2,1,1,1,1,0,1,0,1,2,1,1,,,,,,,,,
"Apr 23, 2024 6:00 AM",61,33,28,13,7,6,20,11,9,11,5,6,34,19,15,,,,,,,,,
"Apr 23, 2024 7:00 AM",80,39,41,28,7,21,22,11,11,30,10,20,88,37,51,,,,,,,,,
"Apr 23, 2024 8:00 AM",117,62,55,44,23,21,34,20,14,68,30,38,131,50,81,,,,,,,,,
"Apr 23, 2024 9:00 AM",123,61,62,46,22,24,37,20,17,22,14,8,97,45,52,,,,,,,,,
"Apr 23, 2024 10:00 AM",148,88,60,37,24,13,24,15,9,29,15,14,60,29,31,,,,,,,,,
"Apr 23, 2024 11:00 AM",172,91,81,43,21,22,23,9,14,31,18,13,58,29,29,,,,,,,,,
"Apr 23, 2024 12:00 PM",204,111,93,58,33,25,31,13,18,33,16,17,73,52,21,,,,,,,,,
"Apr 23, 2024 1:00 PM",212,105,107,69,32,37,55,28,27,39,17,22,172,94,78,,,,,,,,,
"Apr 23, 2024 2:00 PM",244,98,146,65,32,33,35,20,15,35,15,20,209,96,113,,,,,,,,,
"Apr 23, 2024 3:00 PM",284,159,125,46,19,27,41,19,22,39,11,28,283,79,204,,,,,,,,,
"Apr 23, 2024 4:00 PM",264,135,129,43,25,18,32,21,11,39,26,13,147,63,84,,,,,,,,,
"Apr 23, 2024 5:00 PM",307,148,159,71,44,27,65,45,20,55,31,24,167,79,88,,,,,,,,,
"Apr 23, 2024 6:00 PM",389,215,174,97,52,45,83,38,45,48,26,22,263,126,137,,,,,,,,,
"Apr 23, 2024 7:00 PM",401,209,192,100,66,34,63,33,30,34,14,20,146,84,62,,,,,,,,,
"Apr 23, 2024 8:00 PM",424,224,200,64,28,36,49,28,21,28,13,15,114,46,68,,,,,,,,,
"Apr 23, 2024 9:00 PM",164,64,100,35,15,20,25,14,11,17,14,3,193,48,145,,,,,,,,,
"Apr 23, 2024 10:00 PM",35,23,12,5,3,2,14,6,8,2,1,1,200,36,164,,,,,,,,,
"Apr 23, 2024 11:00 PM",8,8,0,1,0,1,3,1,2,3,1,2,25,15,10,,,,,,,,,
"Apr 24, 2024 12:00 AM",1,0,1,0,0,0,0,0,0,1,1,0,20,10,10,,,,,,,,,
"Apr 24, 2024 1:00 AM",0,0,0,0,0,0,0,0,0,0,0,0,3,2,1,,,,,,,,,
"Apr 24, 2024 2:00 AM",1,0,1,0,0,0,0,0,0,0,0,0,0,0,0,,,,,,,,,
"Apr 24, 2024 3:00 AM",4,1,3,0,0,0,0,0,0,0,0,0,9,7,2,,,,,,,,,
"Apr 24, 2024 4:00 AM",0,0,0,0,0,0,0,0,0,1,1,0,3,3,0,,,,,,,,,
"Apr 24, 2024 5:00 AM",12,5,7,0,0,0,1,0,1,0,0,0,7,2,5,,,,,,,,,
"Apr 24, 2024 6:00 AM",53,25,28,22,12,10,16,11,5,14,6,8,40,16,24,,,,,,,,,
"Apr 24, 2024 7:00 AM",99,48,51,33,16,17,27,11,16,18,6,12,127,56,71,,,,,,,,,
"Apr 24, 2024 8:00 AM",119,59,60,33,14,19,21,10,11,66,27,39,161,66,95,,,,,,,,,
"Apr 24, 2024 9:00 AM",148,72,76,42,21,21,31,15,16,31,16,15,89,33,56,,,,,,,,,
"Apr 24, 2024 10:00 AM",139,71,68,31,17,14,30,16,14,34,21,13,52,29,23,,,,,,,,,
"Apr 24, 2024 11:00 AM",151,78,73,18,3,15,22,10,12,21,14,7,65,24,41,,,,,,,,,
"Apr 24, 2024 12:00 PM",167,102,65,41,23,18,27,14,13,28,16,12,62,30,32,,,,,,,,,
"Apr 24, 2024 1:00 PM",209,128,81,33,17,16,44,23,21,31,19,12,111,51,60,,,,,,,,,
"Apr 24, 2024 2:00 PM",167,80,87,28,21,7,33,16,17,31,12,19,128,40,88,,,,,,,,,
"Apr 24, 2024 3:00 PM",161,59,102,39,18,21,23,12,11,34,16,18,82,33,49,,,,,,,,,
"Apr 24, 2024 4:00 PM",176,90,86,33,17,16,35,25,10,33,16,17,91,48,43,,,,,,,,,
"Apr 24, 2024 5:00 PM",144,66,78,44,20,24,45,26,19,39,19,20,123,55,68,,,,,,,,,
"Apr 24, 2024 6:00 PM",164,84,80,56,34,22,38,21,17,33,10,23,109,62,47,,,,,,,,,
"Apr 24, 2024 7:00 PM",192,86,106,46,24,22,29,11,18,36,20,16,145,82,63,,,,,,,,,
"Apr 24, 2024 8:00 PM",187,98,89,37,20,17,38,24,14,15,4,11,118,46,72,,,,,,,,,
"Apr 24, 2024 9:00 PM",97,41,56,25,10,15,27,8,19,7,5,2,41,11,30,,,,,,,,,
"Apr 24, 2024 10:00 PM",28,21,7,13,7,6,4,2,2,5,1,4,57,12,45,,,,,,,,,
"Apr 24, 2024 11:00 PM",16,7,9,5,4,1,4,1,3,1,1,0,25,6,19,,,,,,,,,
"Apr 25, 2024 12:00 AM",0,0,0,1,0,1,0,0,0,0,0,0,24,7,17,,,,,,,,,
"Apr 25, 2024 1:00 AM",0,0,0,0,0,0,1,1,0,0,0,0,4,2,2,,,,,,,,,
"Apr 25, 2024 2:00 AM",0,0,0,0,0,0,0,0,0,0,0,0,0,0,0,,,,,,,,,
"Apr 25, 2024 3:00 AM",0,0,0,1,0,1,0,0,0,0,0,0,0,0,0,,,,,,,,,
"Apr 25, 2024 4:00 AM",0,0,0,0,0,0,0,0,0,0,0,0,0,0,0,,,,,,,,,
"Apr 25, 2024 5:00 AM",15,5,10,0,0,0,0,0,0,0,0,0,2,1,1,,,,,,,,,
"Apr 25, 2024 6:00 AM",58,29,29,18,6,12,20,10,10,14,9,5,24,12,12,,,,,,,,,
"Apr 25, 2024 7:00 AM",74,36,38,23,7,16,21,11,10,27,9,18,100,53,47,,,,,,,,,
"Apr 25, 2024 8:00 AM",120,61,59,29,9,20,32,11,21,50,24,26,218,108,110,,,,,,,,,
"Apr 25, 2024 9:00 AM",139,77,62,37,19,18,29,15,14,28,15,13,123,58,65,,,,,,,,,
"Apr 25, 2024 10:00 AM",185,104,81,29,11,18,23,12,11,24,9,15,108,52,56,,,,,,,,,
"Apr 25, 2024 11:00 AM",220,124,96,30,7,23,20,9,11,22,11,11,107,62,45,,,,,,,,,
"Apr 25, 2024 12:00 PM",198,106,92,49,32,17,26,17,9,22,9,13,115,77,38,,,,,,,,,
"Apr 25, 2024 1:00 PM",165,103,62,37,16,21,33,19,14,27,16,11,174,112,62,,,,,,,,,
"Apr 25, 2024 2:00 PM",161,75,86,33,15,18,13,7,6,28,18,10,111,61,50,,,,,,,,,
"Apr 25, 2024 3:00 PM",113,46,67,14,9,5,14,7,7,11,3,8,158,61,97,,,,,,,,,
"Apr 25, 2024 4:00 PM",96,41,55,35,16,19,18,13,5,20,11,9,78,39,39,,,,,,,,,
"Apr 25, 2024 5:00 PM",96,43,53,38,21,17,36,24,12,28,15,13,241,130,111,,,,,,,,,
"Apr 25, 2024 6:00 PM",159,92,67,40,25,15,42,19,23,33,21,12,272,131,141,,,,,,,,,
"Apr 25, 2024 7:00 PM",191,91,100,34,16,18,30,18,12,34,21,13,233,92,141,,,,,,,,,
"Apr 25, 2024 8:00 PM",171,91,80,36,17,19,34,18,16,25,8,17,237,135,102,,,,,,,,,
"Apr 25, 2024 9:00 PM",99,52,47,19,8,11,16,8,8,8,4,4,78,42,36,,,,,,,,,
"Apr 25, 2024 10:00 PM",32,22,10,4,0,4,7,0,7,5,3,2,78,56,22,,,,,,,,,
"Apr 25, 2024 11:00 PM",6,4,2,7,2,5,2,0,2,3,3,0,52,41,11,,,,,,,,,
"Apr 26, 2024 12:00 AM",1,1,0,0,0,0,5,1,4,2,2,0,32,3,29,,,,,,,,,
"Apr 26, 2024 1:00 AM",2,1,1,3,1,2,2,2,0,0,0,0,1,0,1,,,,,,,,,
"Apr 26, 2024 2:00 AM",0,0,0,2,2,0,0,0,0,2,1,1,2,1,1,,,,,,,,,
"Apr 26, 2024 3:00 AM",1,0,1,1,0,1,1,1,0,0,0,0,1,1,0,,,,,,,,,
"Apr 26, 2024 4:00 AM",0,0,0,0,0,0,0,0,0,1,1,0,0,0,0,,,,,,,,,
"Apr 26, 2024 5:00 AM",10,3,7,0,0,0,1,0,1,1,1,0,5,1,4,,,,,,,,,
"Apr 26, 2024 6:00 AM",53,28,25,10,4,6,7,4,3,7,6,1,11,6,5,,,,,,,,,
"Apr 26, 2024 7:00 AM",92,50,42,36,15,21,28,15,13,22,13,9,42,21,21,,,,,,,,,
"Apr 26, 2024 8:00 AM",112,53,59,33,16,17,34,19,15,48,21,27,103,56,47,,,,,,,,,
"Apr 26, 2024 9:00 AM",152,90,62,22,9,13,22,16,6,38,26,12,80,49,31,,,,,,,,,
"Apr 26, 2024 10:00 AM",177,88,89,44,20,24,44,22,22,30,20,10,57,29,28,,,,,,,,,
"Apr 26, 2024 11:00 AM",244,136,108,34,14,20,33,20,13,52,29,23,67,31,36,,,,,,,,,
"Apr 26, 2024 12:00 PM",284,136,148,64,35,29,64,26,38,39,19,20,116,54,62,,,,,,,,,
"Apr 26, 2024 1:00 PM",262,124,138,74,36,38,46,20,26,27,11,16,150,74,76,,,,,,,,,
"Apr 26, 2024 2:00 PM",253,122,131,46,18,28,41,18,23,20,8,12,215,104,111,,,,,,,,,
"Apr 26, 2024 3:00 PM",281,142,139,59,19,40,38,27,11,23,13,10,180,88,92,,,,,,,,,
"Apr 26, 2024 4:00 PM",293,152,141,49,27,22,51,23,28,29,7,22,119,56,63,,,,,,,,,
"Apr 26, 2024 5:00 PM",332,187,145,71,52,19,60,32,28,43,23,20,130,60,70,,,,,,,,,
"Apr 26, 2024 6:00 PM",344,172,172,60,36,24,77,37,40,38,16,22,221,67,154,,,,,,,,,
"Apr 26, 2024 7:00 PM",312,136,176,125,44,81,80,39,41,20,6,14,104,46,58,,,,,,,,,
"Apr 26, 2024 8:00 PM",184,95,89,41,24,17,61,22,39,16,10,6,127,40,87,,,,,,,,,
"Apr 26, 2024 9:00 PM",105,51,54,14,8,6,18,10,8,7,5,2,101,13,88,,,,,,,,,
"Apr 26, 2024 10:00 PM",34,17,17,10,1,9,26,17,9,19,12,7,24,12,12,,,,,,,,,
"Apr 26, 2024 11:00 PM",24,13,11,1,0,1,20,15,5,0,0,0,60,4,56,,,,,,,,,
"Apr 27, 2024 12:00 AM",3,0,3,2,2,0,3,2,1,3,2,1,28,8,20,,,,,,,,,
"Apr 27, 2024 1:00 AM",2,2,0,3,0,3,0,0,0,1,0,1,5,1,4,,,,,,,,,
"Apr 27, 2024 2:00 AM",4,4,0,1,0,1,0,0,0,0,0,0,3,2,1,,,,,,,,,
"Apr 27, 2024 3:00 AM",0,0,0,1,1,0,1,0,1,0,0,0,5,1,4,,,,,,,,,
"Apr 27, 2024 4:00 AM",0,0,0,0,0,0,1,1,0,0,0,0,1,0,1,,,,,,,,,
"Apr 27, 2024 5:00 AM",2,1,1,1,0,1,0,0,0,0,0,0,4,1,3,,,,,,,,,
"Apr 27, 2024 6:00 AM",20,6,14,8,6,2,4,1,3,0,0,0,19,9,10,,,,,,,,,
"Apr 27, 2024 7:00 AM",107,56,51,31,18,13,19,12,7,5,1,4,32,20,12,,,,,,,,,
"Apr 27, 2024 8:00 AM",158,77,81,39,17,22,26,14,12,24,12,12,106,55,51,,,,,,,,,
"Apr 27, 2024 9:00 AM",325,187,138,66,31,35,59,32,27,28,15,13,175,102,73,,,,,,,,,
"Apr 27, 2024 10:00 AM",356,193,163,94,55,39,73,44,29,41,25,16,216,112,104,,,,,,,,,
"Apr 27, 2024 11:00 AM",342,183,159,83,48,35,44,20,24,47,25,22,162,100,62,,,,,,,,,
"Apr 27, 2024 12:00 PM",392,193,199,92,44,48,52,31,21,45,21,24,174,99,75,,,,,,,,,
"Apr 27, 2024 1:00 PM",354,183,171,103,52,51,48,36,12,35,8,27,187,90,97,,,,,,,,,
"Apr 27, 2024 2:00 PM",403,206,197,91,46,45,69,36,33,53,33,20,196,115,81,,,,,,,,,
"Apr 27, 2024 3:00 PM",429,210,219,100,44,56,86,38,48,35,17,18,211,100,111,,,,,,,,,
"Apr 27, 2024 4:00 PM",551,267,284,84,43,41,67,28,39,50,24,26,237,143,94,,,,,,,,,
"Apr 27, 2024 5:00 PM",508,272,236,71,36,35,73,31,42,17,8,9,159,78,81,,,,,,,,,
"Apr 27, 2024 6:00 PM",405,186,219,60,39,21,61,36,25,29,15,14,126,55,71,,,,,,,,,
"Apr 27, 2024 7:00 PM",314,162,152,37,24,13,68,32,36,22,12,10,82,47,35,,,,,,,,,
"Apr 27, 2024 8:00 PM",232,117,115,29,16,13,40,16,24,18,8,10,102,32,70,,,,,,,,,
"Apr 27, 2024 9:00 PM",109,52,57,18,9,9,22,13,9,11,4,7,33,11,22,,,,,,,,,
"Apr 27, 2024 10:00 PM",41,25,16,6,3,3,14,8,6,10,4,6,26,8,18,,,,,,,,,
"Apr 27, 2024 11:00 PM",10,5,5,5,0,5,5,3,2,6,5,1,50,11,39,,,,,,,,,
"Apr 28, 2024 12:00 AM",0,0,0,1,0,1,6,2,4,0,0,0,19,11,8,,,,,,,,,
"Apr 28, 2024 1:00 AM",1,1,0,2,0,2,1,0,1,1,0,1,12,2,10,,,,,,,,,
"Apr 28, 2024 2:00 AM",0,0,0,2,0,2,1,0,1,0,0,0,3,1,2,,,,,,,,,
"Apr 28, 2024 3:00 AM",1,1,0,0,0,0,2,1,1,0,0,0,6,1,5,,,,,,,,,
"Apr 28, 2024 4:00 AM",0,0,0,0,0,0,0,0,0,0,0,0,1,0,1,,,,,,,,,
"Apr 28, 2024 5:00 AM",2,1,1,3,1,2,0,0,0,0,0,0,0,0,0,,,,0,0,0,,,
"Apr 28, 2024 6:00 AM",14,6,8,5,4,1,3,1,2,0,0,0,13,9,4,,,,0,0,0,,,
"Apr 28, 2024 7:00 AM",55,34,21,9,5,4,11,5,6,10,4,6,58,23,35,,,,0,0,0,,,
"Apr 28, 2024 8:00 AM",189,101,88,51,34,17,37,23,14,22,12,10,78,49,29,,,,0,0,0,,,
"Apr 28, 2024 9:00 AM",354,190,164,71,39,32,79,41,38,29,15,14,137,80,57,,,,0,0,0,,,
"Apr 28, 2024 10:00 AM",549,298,251,125,75,50,100,64,36,71,40,31,206,141,65,,,,0,0,0,,,
"Apr 28, 2024 11:00 AM",737,408,329,146,75,71,117,71,46,45,31,14,231,118,113,,,,0,0,0,,,
"Apr 28, 2024 12:00 PM",847,420,427,150,87,63,121,77,44,62,34,28,168,91,77,,,,0,0,0,,,
"Apr 28, 2024 1:00 PM",813,401,412,104,50,54,118,69,49,56,24,32,160,86,74,,,,0,0,0,,,
"Apr 28, 2024 2:00 PM",793,372,421,85,42,43,85,49,36,54,24,30,161,85,76,,,,0,0,0,,,
"Apr 28, 2024 3:00 PM",682,295,387,92,47,45,73,34,39,51,18,33,119,60,59,,,,0,0,0,,,
"Apr 28, 2024 4:00 PM",542,254,288,76,44,32,65,39,26,40,20,20,154,84,70,,,,0,0,0,,,
"Apr 28, 2024 5:00 PM",408,181,227,43,27,16,57,30,27,37,15,22,142,54,88,,,,0,0,0,,,
"Apr 28, 2024 6:00 PM",248,129,119,23,14,9,35,15,20,15,8,7,64,30,34,,,,0,0,0,,,
"Apr 28, 2024 7:00 PM",161,74,87,20,7,13,27,17,10,19,5,14,43,27,16,,,,0,0,0,,,
"Apr 28, 2024 8:00 PM",128,67,61,30,13,17,18,5,13,17,8,9,67,28,39,,,,0,0,0,,,
"Apr 28, 2024 9:00 PM",40,15,25,5,2,3,15,9,6,5,3,2,27,11,16,,,,0,0,0,,,
"Apr 28, 2024 10:00 PM",21,14,7,6,4,2,1,0,1,4,2,2,45,33,12,,,,0,0,0,,,
"Apr 28, 2024 11:00 PM",11,6,5,2,0,2,1,1,0,0,0,0,36,26,10,,,,0,0,0,,,
"Apr 29, 2024 12:00 AM",0,0,0,1,1,0,1,1,0,0,0,0,3,0,3,,,,0,0,0,,,
"Apr 29, 2024 1:00 AM",0,0,0,0,0,0,0,0,0,0,0,0,5,4,1,,,,0,0,0,,,
"Apr 29, 2024 2:00 AM",0,0,0,0,0,0,0,0,0,0,0,0,0,0,0,,,,0,0,0,,,
"Apr 29, 2024 3:00 AM",0,0,0,0,0,0,0,0,0,0,0,0,0,0,0,,,,0,0,0,,,
"Apr 29, 2024 4:00 AM",0,0,0,0,0,0,0,0,0,1,1,0,0,0,0,,,,0,0,0,,,
"Apr 29, 2024 5:00 AM",8,4,4,1,1,0,0,0,0,0,0,0,2,1,1,,,,0,0,0,,,
"Apr 29, 2024 6:00 AM",45,18,27,10,4,6,8,5,3,12,8,4,38,30,8,,,,0,0,0,,,
"Apr 29, 2024 7:00 AM",62,34,28,21,9,12,12,6,6,21,5,16,82,51,31,,,,0,0,0,,,
"Apr 29, 2024 8:00 AM",44,20,24,8,4,4,15,6,9,33,8,25,107,50,57,,,,0,0,0,,,
"Apr 29, 2024 9:00 AM",45,22,23,11,8,3,11,5,6,15,11,4,58,37,21,,,,0,0,0,,,
"Apr 29, 2024 10:00 AM",68,33,35,18,9,9,20,10,10,20,10,10,53,39,14,,,,0,0,0,,,
"Apr 29, 2024 11:00 AM",117,53,64,26,14,12,32,13,19,24,11,13,53,34,19,,,,0,0,0,,,
"Apr 29, 2024 12:00 PM",137,62,75,38,14,24,23,14,9,29,16,13,65,43,22,,,,0,0,0,,,
"Apr 29, 2024 1:00 PM",172,81,91,51,29,22,39,17,22,33,18,15,82,44,38,,,,0,0,0,,,
"Apr 29, 2024 2:00 PM",114,55,59,17,9,8,14,5,9,16,7,9,39,21,18,,,,0,0,0,,,
"Apr 29, 2024 3:00 PM",141,61,80,30,16,14,15,6,9,20,9,11,65,40,25,,,,0,0,0,,,
"Apr 29, 2024 4:00 PM",148,73,75,22,16,6,20,11,9,31,17,14,85,46,39,,,,0,0,0,,,
"Apr 29, 2024 5:00 PM",148,77,71,44,24,20,53,24,29,38,16,22,115,62,53,,,,0,0,0,,,
"Apr 29, 2024 6:00 PM",154,78,76,47,32,15,45,25,20,41,17,24,91,49,42,,,,0,0,0,,,
"Apr 29, 2024 7:00 PM",131,57,74,61,33,28,47,24,23,22,12,10,97,55,42,,,,0,0,0,,,
"Apr 29, 2024 8:00 PM",132,70,62,54,31,23,30,20,10,17,7,10,71,27,44,,,,0,0,0,,,
"Apr 29, 2024 9:00 PM",84,54,30,26,13,13,24,10,14,12,5,7,47,24,23,,,,0,0,0,,,
"Apr 29, 2024 10:00 PM",21,16,5,9,7,2,7,3,4,3,3,0,66,41,25,,,,0,0,0,,,
"Apr 29, 2024 11:00 PM",11,8,3,3,1,2,1,0,1,1,0,1,25,9,16,,,,0,0,0,,,
"Apr 30, 2024 12:00 AM",0,0,0,0,0,0,0,0,0,3,1,2,14,4,10,,,,0,0,0,,,
"Apr 30, 2024 1:00 AM",3,2,1,0,0,0,0,0,0,0,0,0,1,0,1,,,,0,0,0,,,
"Apr 30, 2024 2:00 AM",0,0,0,3,0,3,0,0,0,0,0,0,1,0,1,,,,0,0,0,,,
"Apr 30, 2024 3:00 AM",0,0,0,0,0,0,0,0,0,0,0,0,1,0,1,,,,0,0,0,,,
"Apr 30, 2024 4:00 AM",0,0,0,0,0,0,0,0,0,0,0,0,0,0,0,,,,0,0,0,,,
"Apr 30, 2024 5:00 AM",7,4,3,4,3,1,0,0,0,0,0,0,0,0,0,,,,0,0,0,,,
"Apr 30, 2024 6:00 AM",52,26,26,10,5,5,17,8,9,8,7,1,25,14,11,,,,0,0,0,,,
"Apr 30, 2024 7:00 AM",62,27,35,24,10,14,19,9,10,21,5,16,67,36,31,,,,0,0,0,,,
"Apr 30, 2024 8:00 AM",67,40,27,25,6,19,21,10,11,38,13,25,113,55,58,,,,0,0,0,,,
"Apr 30, 2024 9:00 AM",64,26,38,13,3,10,11,5,6,25,14,11,43,22,21,,,,0,0,0,,,
"Apr 30, 2024 10:00 AM",97,43,54,33,14,19,7,6,1,14,10,4,27,14,13,,,,0,0,0,,,
"Apr 30, 2024 11:00 AM",61,36,25,13,7,6,21,14,7,15,10,5,23,8,15,,,,0,0,0,,,
"Apr 30, 2024 12:00 PM",79,37,42,21,11,10,11,6,5,24,8,16,27,16,11,,,,0,0,0,,,
"Apr 30, 2024 1:00 PM",80,34,46,31,17,14,14,5,9,27,11,16,51,30,21,,,,0,0,0,,,
"Apr 30, 2024 2:00 PM",55,16,39,22,10,12,27,17,10,19,10,9,75,38,37,,,,0,0,0,,,
"Apr 30, 2024 3:00 PM",71,33,38,37,17,20,18,7,11,23,11,12,84,46,38,,,,0,0,0,,,
"Apr 30, 2024 4:00 PM",115,52,63,26,14,12,30,18,12,35,20,15,197,90,107,,,,0,0,0,,,
"Apr 30, 2024 5:00 PM",155,70,85,63,39,24,49,28,21,24,11,13,165,97,68,,,,0,0,0,,,
"Apr 30, 2024 6:00 PM",196,111,85,71,42,29,60,30,30,40,19,21,180,107,73,,,,0,0,0,,,
"Apr 30, 2024 7:00 PM",222,100,122,51,23,28,42,22,20,34,19,15,157,94,63,,,,0,0,0,,,
"Apr 30, 2024 8:00 PM",225,116,109,68,35,33,44,21,23,25,12,13,212,93,119,,,,0,0,0,,,
"Apr 30, 2024 9:00 PM",122,56,66,30,14,16,24,9,15,15,12,3,152,42,110,,,,0,0,0,,,
"Apr 30, 2024 10:00 PM",41,30,11,7,4,3,13,6,7,4,2,2,48,14,34,,,,0,0,0,,,
"Apr 30, 2024 11:00 PM",7,4,3,2,0,2,8,2,6,3,1,2,55,29,26,,,,0,0,0,,,
"May 1, 2024 12:00 AM",0,0,0,0,0,0,1,0,1,2,1,1,43,33,10,,,,0,0,0,,,
"May 1, 2024 1:00 AM",0,0,0,0,0,0,0,0,0,0,0,0,1,1,0,,,,5,5,0,,,
"May 1, 2024 2:00 AM",0,0,0,0,0,0,0,0,0,1,0,1,0,0,0,,,,0,0,0,,,
"May 1, 2024 3:00 AM",0,0,0,0,0,0,0,0,0,0,0,0,1,0,1,,,,0,0,0,,,
"May 1, 2024 4:00 AM",0,0,0,0,0,0,0,0,0,0,0,0,0,0,0,,,,0,0,0,,,
"May 1, 2024 5:00 AM",4,2,2,3,2,1,2,0,2,0,0,0,8,3,5,,,,0,0,0,,,
"May 1, 2024 6:00 AM",66,29,37,32,19,13,13,7,6,10,7,3,31,19,12,,,,0,0,0,,,
"May 1, 2024 7:00 AM",100,49,51,34,11,23,20,12,8,31,13,18,80,49,31,,,,0,0,0,,,
"May 1, 2024 8:00 AM",129,73,56,30,12,18,38,20,18,48,18,30,170,105,65,,,,0,0,0,,,
"May 1, 2024 9:00 AM",149,79,70,49,23,26,30,19,11,32,16,16,96,49,47,,,,43,14,29,,,
"May 1, 2024 10:00 AM",191,92,99,30,19,11,23,18,5,16,11,5,111,68,43,,,,0,0,0,,,
"May 1, 2024 11:00 AM",272,131,141,49,22,27,34,22,12,25,15,10,138,91,47,,,,0,0,0,,,
"May 1, 2024 12:00 PM",289,145,144,68,27,41,47,21,26,32,13,19,149,75,74,,,,0,0,0,,,
"May 1, 2024 1:00 PM",305,167,138,80,46,34,64,38,26,41,21,20,166,106,60,,,,0,0,0,,,
"May 1, 2024 2:00 PM",211,90,121,45,19,26,32,17,15,46,24,22,159,82,77,,,,2,1,1,,,
"May 1, 2024 3:00 PM",276,125,151,58,28,30,24,12,12,31,12,19,116,57,59,,,,0,0,0,,,
"May 1, 2024 4:00 PM",232,120,112,60,27,33,37,21,16,27,12,15,130,72,58,,,,0,0,0,,,
"May 1, 2024 5:00 PM",183,84,99,41,25,16,51,27,24,31,19,12,244,141,103,,,,0,0,0,,,
"May 1, 2024 6:00 PM",228,113,115,66,29,37,39,19,20,29,14,15,124,71,53,,,,0,0,0,,,
"May 1, 2024 7:00 PM",235,134,101,58,32,26,41,27,14,32,16,16,106,57,49,,,,0,0,0,,,
"May 1, 2024 8:00 PM",211,99,112,59,34,25,48,23,25,16,6,10,101,57,44,,,,0,0,0,,,
"May 1, 2024 9:00 PM",97,53,44,38,11,27,28,21,7,9,5,4,56,42,14,,,,0,0,0,,,
"May 1, 2024 10:00 PM",33,18,15,3,1,2,11,8,3,8,5,3,33,18,15,,,,20,18,2,,,
"May 1, 2024 11:00 PM",4,3,1,0,0,0,6,3,3,5,1,4,22,18,4,,,,0,0,0,,,
"May 2, 2024 12:00 AM",1,1,0,1,1,0,2,0,2,0,0,0,2,1,1,,,,0,0,0,,,
"May 2, 2024 1:00 AM",0,0,0,0,0,0,1,1,0,0,0,0,4,4,0,,,,0,0,0,,,
"May 2, 2024 2:00 AM",0,0,0,0,0,0,1,1,0,0,0,0,0,0,0,,,,0,0,0,,,
"May 2, 2024 3:00 AM",0,0,0,0,0,0,0,0,0,0,0,0,0,0,0,,,,0,0,0,,,
"May 2, 2024 4:00 AM",0,0,0,0,0,0,0,0,0,0,0,0,0,0,0,,,,0,0,0,,,
"May 2, 2024 5:00 AM",11,4,7,0,0,0,0,0,0,0,0,0,7,4,3,,,,0,0,0,,,
"May 2, 2024 6:00 AM",66,34,32,12,6,6,25,15,10,9,7,2,22,14,8,,,,0,0,0,,,
"May 2, 2024 7:00 AM",84,47,37,26,8,18,20,11,9,25,5,20,56,27,29,,,,0,0,0,,,
"May 2, 2024 8:00 AM",85,39,46,36,16,20,23,14,9,50,20,30,108,59,49,,,,0,0,0,,,
"May 2, 2024 9:00 AM",143,82,61,18,11,7,18,9,9,24,16,8,88,40,48,,,,0,0,0,,,
"May 2, 2024 10:00 AM",140,78,62,16,12,4,17,11,6,20,13,7,54,33,21,,,,0,0,0,,,
"May 2, 2024 11:00 AM",166,94,72,28,15,13,19,13,6,21,9,12,71,47,24,,,,0,0,0,,,
"May 2, 2024 12:00 PM",207,115,92,45,28,17,18,9,9,40,17,23,68,50,18,,,,0,0,0,,,
"May 2, 2024 1:00 PM",243,121,122,33,18,15,46,23,23,26,12,14,134,78,56,,,,0,0,0,,,
"May 2, 2024 2:00 PM",177,95,82,15,7,8,24,22,2,23,8,15,121,82,39,,,,0,0,0,,,
"May 2, 2024 3:00 PM",166,72,94,31,14,17,31,19,12,24,14,10,133,84,49,,,,0,0,0,,,
"May 2, 2024 4:00 PM",182,91,91,39,30,9,36,23,13,33,13,20,103,54,49,,,,0,0,0,,,
"May 2, 2024 5:00 PM",174,95,79,54,20,34,62,29,33,29,12,17,162,94,68,,,,0,0,0,,,
"May 2, 2024 6:00 PM",215,124,91,54,28,26,43,23,20,33,17,16,132,83,49,,,,0,0,0,,,
"May 2, 2024 7:00 PM",195,107,88,45,25,20,28,15,13,33,15,18,151,91,60,,,,0,0,0,,,
"May 2, 2024 8:00 PM",211,113,98,38,18,20,29,13,16,34,11,23,104,63,41,,,,0,0,0,,,
"May 2, 2024 9:00 PM",76,40,36,26,10,16,20,9,11,3,0,3,72,50,22,,,,0,0,0,,,
"May 2, 2024 10:00 PM",31,19,12,5,1,4,10,4,6,6,3,3,79,59,20,,,,0,0,0,,,
"May 2, 2024 11:00 PM",5,5,0,2,0,2,10,7,3,2,0,2,14,10,4,,,,0,0,0,,,
"May 3, 2024 12:00 AM",2,0,2,0,0,0,0,0,0,2,0,2,0,0,0,,,,0,0,0,,,
"May 3, 2024 1:00 AM",2,1,1,0,0,0,0,0,0,0,0,0,0,0,0,,,,0,0,0,,,
"May 3, 2024 2:00 AM",0,0,0,2,0,2,0,0,0,0,0,0,2,2,0,,,,0,0,0,,,
"May 3, 2024 3:00 AM",0,0,0,1,1,0,0,0,0,1,1,0,0,0,0,,,,0,0,0,,,
"May 3, 2024 4:00 AM",0,0,0,0,0,0,0,0,0,0,0,0,0,0,0,,,,0,0,0,,,
"May 3, 2024 5:00 AM",160,7,153,1,1,0,0,0,0,0,0,0,6,2,4,,,,0,0,0,,,
"May 3, 2024 6:00 AM",198,163,35,13,9,4,9,5,4,8,3,5,25,18,7,,,,0,0,0,,,
"May 3, 2024 7:00 AM",107,65,42,32,16,16,15,8,7,22,8,14,83,53,30,,,,0,0,0,,,
"May 3, 2024 8:00 AM",117,53,64,36,17,19,41,20,21,43,16,27,174,87,87,,,,0,0,0,,,
"May 3, 2024 9:00 AM",122,64,58,65,40,25,23,15,8,22,14,8,72,32,40,,,,0,0,0,,,
"May 3, 2024 10:00 AM",110,53,57,18,10,8,27,14,13,21,12,9,63,40,23,,,,0,0,0,,,
"May 3, 2024 11:00 AM",186,98,88,26,15,11,24,11,13,17,12,5,99,58,41,,,,0,0,0,,,
"May 3, 2024 12:00 PM",205,117,88,41,20,21,29,19,10,45,31,14,96,60,36,,,,0,0,0,,,
"May 3, 2024 1:00 PM",244,136,108,33,16,17,30,12,18,30,12,18,118,68,50,,,,0,0,0,,,
"May 3, 2024 2:00 PM",207,114,93,37,14,23,29,21,8,19,11,8,117,68,49,,,,0,0,0,,,
"May 3, 2024 3:00 PM",166,81,85,45,21,24,22,10,12,27,17,10,82,46,36,,,,0,0,0,,,
"May 3, 2024 4:00 PM",188,92,96,42,23,19,34,14,20,32,20,12,99,43,56,,,,0,0,0,,,
"May 3, 2024 5:00 PM",144,72,72,51,27,24,44,26,18,36,19,17,137,73,64,,,,0,0,0,,,
"May 3, 2024 6:00 PM",176,97,79,57,25,32,28,10,18,26,12,14,166,95,71,,,,0,0,0,,,
"May 3, 2024 7:00 PM",171,87,84,46,25,21,28,10,18,21,13,8,61,31,30,,,,0,0,0,,,
"May 3, 2024 8:00 PM",115,58,57,24,14,10,32,18,14,15,6,9,74,36,38,,,,0,0,0,,,
"May 3, 2024 9:00 PM",104,49,55,24,11,13,11,6,5,29,20,9,37,22,15,,,,0,0,0,,,
"May 3, 2024 10:00 PM",44,30,14,4,1,3,12,7,5,9,5,4,39,21,18,,,,0,0,0,,,
"May 3, 2024 11:00 PM",10,5,5,5,3,2,3,1,2,7,1,6,28,16,12,,,,0,0,0,,,
"May 4, 2024 12:00 AM",0,0,0,0,0,0,1,1,0,2,1,1,30,16,14,,,,0,0,0,,,
"May 4, 2024 1:00 AM",1,1,0,0,0,0,0,0,0,1,1,0,7,5,2,,,,0,0,0,,,
"May 4, 2024 2:00 AM",1,1,0,3,3,0,2,2,0,0,0,0,7,7,0,,,,0,0,0,,,
"May 4, 2024 3:00 AM",2,2,0,0,0,0,0,0,0,0,0,0,4,3,1,,,,0,0,0,,,
"May 4, 2024 4:00 AM",1,1,0,0,0,0,0,0,0,0,0,0,7,7,0,,,,0,0,0,,,
"May 4, 2024 5:00 AM",3,1,2,2,1,1,2,1,1,1,1,0,6,6,0,,,,0,0,0,,,
"May 4, 2024 6:00 AM",20,6,14,10,5,5,3,1,2,2,0,2,23,15,8,,,,0,0,0,,,
"May 4, 2024 7:00 AM",78,40,38,17,10,7,21,15,6,8,4,4,35,25,10,,,,0,0,0,,,
"May 4, 2024 8:00 AM",109,54,55,39,18,21,29,13,16,30,17,13,72,44,28,,,,0,0,0,,,
"May 4, 2024 9:00 AM",207,88,119,69,37,32,41,18,23,29,12,17,96,59,37,,,,0,0,0,,,
"May 4, 2024 10:00 AM",271,146,125,98,54,44,41,24,17,58,34,24,134,87,47,,,,0,0,0,,,
"May 4, 2024 11:00 AM",315,145,170,69,34,35,69,49,20,53,30,23,131,88,43,,,,0,0,0,,,
"May 4, 2024 12:00 PM",345,188,157,55,26,29,57,32,25,51,21,30,136,78,58,,,,0,0,0,,,
"May 4, 2024 1:00 PM",293,147,146,56,28,28,57,29,28,26,14,12,114,64,50,,,,0,0,0,,,
"May 4, 2024 2:00 PM",327,172,155,78,42,36,58,31,27,25,16,9,87,55,32,,,,0,0,0,,,
"May 4, 2024 3:00 PM",369,201,168,59,35,24,55,31,24,36,19,17,83,43,40,,,,0,0,0,,,
"May 4, 2024 4:00 PM",331,149,182,50,28,22,45,24,21,32,17,15,80,38,42,,,,0,0,0,,,
"May 4, 2024 5:00 PM",242,129,113,39,16,23,40,27,13,29,17,12,80,38,42,,,,0,0,0,,,
"May 4, 2024 6:00 PM",164,78,86,42,23,19,53,36,17,21,9,12,56,26,30,,,,0,0,0,,,
"May 4, 2024 7:00 PM",165,82,83,22,9,13,42,21,21,19,11,8,49,21,28,,,,0,0,0,,,
"May 4, 2024 8:00 PM",125,61,64,16,7,9,21,5,16,24,14,10,129,75,54,,,,0,0,0,,,
"May 4, 2024 9:00 PM",116,65,51,23,15,8,23,9,14,14,6,8,84,56,28,,,,0,0,0,,,
"May 4, 2024 10:00 PM",60,34,26,12,3,9,25,19,6,9,6,3,27,20,7,,,,0,0,0,,,
"May 4, 2024 11:00 PM",17,9,8,10,5,5,3,1,2,8,2,6,26,13,13,,,,0,0,0,,,
"May 5, 2024 12:00 AM",0,0,0,0,0,0,2,1,1,2,1,1,15,12,3,,,,0,0,0,,,
"May 5, 2024 1:00 AM",1,0,1,0,0,0,2,1,1,0,0,0,4,4,0,,,,0,0,0,,,
"May 5, 2024 2:00 AM",0,0,0,0,0,0,0,0,0,1,0,1,1,1,0,,,,0,0,0,,,
"May 5, 2024 3:00 AM",1,1,0,1,1,0,0,0,0,0,0,0,3,2,1,,,,0,0,0,,,
"May 5, 2024 4:00 AM",0,0,0,0,0,0,0,0,0,0,0,0,7,4,3,,,,0,0,0,,,
"May 5, 2024 5:00 AM",6,3,3,0,0,0,0,0,0,0,0,0,1,1,0,,,,0,0,0,,,
"May 5, 2024 6:00 AM",23,8,15,10,7,3,4,2,2,1,0,1,8,5,3,,,,0,0,0,,,
"May 5, 2024 7:00 AM",63,39,24,21,8,13,7,5,2,6,4,2,31,20,11,,,,0,0,0,,,
"May 5, 2024 8:00 AM",159,75,84,39,16,23,38,22,16,19,14,5,64,40,24,,,,0,0,0,,,
"May 5, 2024 9:00 AM",324,180,144,63,39,24,50,32,18,21,12,9,141,82,59,,,,723,337,386,,,
"May 5, 2024 10:00 AM",498,304,194,85,55,30,99,52,47,52,29,23,170,115,55,,,,74,49,25,,,
"May 5, 2024 11:00 AM",820,426,394,138,70,68,115,67,48,62,38,24,196,120,76,,,,125,88,37,,,
"May 5, 2024 12:00 PM",1044,536,508,196,119,77,149,83,66,54,26,28,235,140,95,,,,86,68,18,,,
"May 5, 2024 1:00 PM",1159,611,548,183,95,88,127,76,51,59,19,40,170,96,74,,,,0,0,0,,,
"May 5, 2024 2:00 PM",1223,591,632,141,70,71,112,66,46,58,22,36,154,82,72,,,,0,0,0,,,
"May 5, 2024 3:00 PM",1233,624,609,131,64,67,160,84,76,41,24,17,158,76,82,,,,0,0,0,,,
"May 5, 2024 4:00 PM",1364,670,694,114,60,54,132,56,76,45,15,30,137,61,76,,,,0,0,0,,,
"May 5, 2024 5:00 PM",1205,528,677,107,65,42,111,43,68,50,23,27,127,57,70,,,,0,0,0,,,
"May 5, 2024 6:00 PM",874,413,461,98,45,53,77,37,40,45,22,23,97,39,58,,,,0,0,0,,,
"May 5, 2024 7:00 PM",528,237,291,50,21,29,65,32,33,28,16,12,68,32,36,,,,0,0,0,,,
"May 5, 2024 8:00 PM",355,166,189,37,15,22,67,28,39,18,11,7,62,33,29,,,,0,0,0,,,
"May 5, 2024 9:00 PM",196,96,100,30,14,16,39,17,22,32,14,18,45,23,22,,,,25,24,1,,,
"May 5, 2024 10:00 PM",47,20,27,9,4,5,31,23,8,10,8,2,50,43,7,,,,0,0,0,,,
"May 5, 2024 11:00 PM",11,5,6,5,1,4,9,3,6,1,1,0,105,91,14,,,,0,0,0,,,
"May 6, 2024 12:00 AM",0,0,0,0,0,0,5,0,5,6,0,6,55,37,18,,,,0,0,0,,,
"May 6, 2024 1:00 AM",3,0,3,0,0,0,0,0,0,0,0,0,2,2,0,,,,0,0,0,,,
"May 6, 2024 2:00 AM",1,0,1,0,0,0,0,0,0,0,0,0,2,0,2,,,,0,0,0,,,
"May 6, 2024 3:00 AM",0,0,0,0,0,0,0,0,0,0,0,0,0,0,0,,,,0,0,0,,,
"May 6, 2024 4:00 AM",0,0,0,0,0,0,1,1,0,0,0,0,0,0,0,,,,0,0,0,,,
"May 6, 2024 5:00 AM",7,4,3,2,1,1,1,1,0,0,0,0,0,0,0,,,,0,0,0,,,
"May 6, 2024 6:00 AM",9,4,5,3,2,1,1,1,0,1,0,1,3,3,0,,,,0,0,0,,,
"May 6, 2024 7:00 AM",27,11,16,8,6,2,5,2,3,4,2,2,13,7,6,,,,0,0,0,,,
"May 6, 2024 8:00 AM",86,36,50,15,8,7,13,6,7,10,7,3,23,14,9,,,,0,0,0,,,
"May 6, 2024 9:00 AM",161,85,76,37,25,12,25,15,10,28,17,11,72,46,26,,,,0,0,0,,,
"May 6, 2024 10:00 AM",263,137,126,70,52,18,53,34,19,28,15,13,59,40,19,,,,0,0,0,,,
"May 6, 2024 11:00 AM",361,197,164,80,40,40,72,26,46,59,26,33,108,54,54,,,,0,0,0,,,
"May 6, 2024 12:00 PM",455,245,210,67,35,32,53,25,28,45,20,25,117,76,41,,,,0,0,0,,,
"May 6, 2024 1:00 PM",471,241,230,53,29,24,57,33,24,35,15,20,88,46,42,,,,0,0,0,,,
"May 6, 2024 2:00 PM",473,276,197,61,27,34,58,37,21,40,21,19,151,89,62,,,,0,0,0,,,
"May 6, 2024 3:00 PM",584,313,271,73,28,45,66,33,33,40,24,16,154,91,63,,,,0,0,0,,,
"May 6, 2024 4:00 PM",488,239,249,56,33,23,63,24,39,65,28,37,243,167,76,,,,0,0,0,,,
"May 6, 2024 5:00 PM",302,138,164,52,25,27,47,21,26,32,17,15,168,95,73,,,,0,0,0,,,
"May 6, 2024 6:00 PM",217,113,104,31,11,20,29,12,17,31,16,15,365,275,90,,,,0,0,0,,,
"May 6, 2024 7:00 PM",167,84,83,35,13,22,38,15,23,15,6,9,141,78,63,,,,0,0,0,,,
"May 6, 2024 8:00 PM",129,78,51,35,17,18,30,18,12,13,4,9,165,89,76,,,,0,0,0,,,
"May 6, 2024 9:00 PM",88,42,46,19,7,12,22,13,9,13,8,5,70,27,43,,,,0,0,0,,,
"May 6, 2024 10:00 PM",41,21,20,11,2,9,7,0,7,6,1,5,34,17,17,,,,0,0,0,,,
"May 6, 2024 11:00 PM",6,5,1,3,0,3,2,1,1,1,0,1,6,1,5,,,,0,0,0,,,
"May 7, 2024 12:00 AM",0,0,0,0,0,0,1,1,0,3,0,3,6,2,4,,,,0,0,0,,,
"May 7, 2024 1:00 AM",1,0,1,0,0,0,1,0,1,0,0,0,3,2,1,,,,0,0,0,,,
"May 7, 2024 2:00 AM",0,0,0,1,1,0,2,2,0,0,0,0,0,0,0,,,,0,0,0,,,
"May 7, 2024 3:00 AM",0,0,0,0,0,0,0,0,0,0,0,0,0,0,0,,,,0,0,0,,,
"May 7, 2024 4:00 AM",2,1,1,0,0,0,0,0,0,0,0,0,0,0,0,,,,0,0,0,,,
"May 7, 2024 5:00 AM",15,6,9,4,3,1,2,1,1,0,0,0,2,2,0,,,,0,0,0,,,
"May 7, 2024 6:00 AM",50,27,23,14,9,5,14,8,6,10,5,5,162,144,18,,,,0,0,0,,,
"May 7, 2024 7:00 AM",92,42,50,25,8,17,25,10,15,20,8,12,206,146,60,,,,0,0,0,,,
"May 7, 2024 8:00 AM",126,61,65,34,17,17,22,10,12,57,23,34,192,119,73,,,,0,0,0,,,
"May 7, 2024 9:00 AM",148,81,67,25,12,13,20,14,6,35,23,12,198,88,110,,,,0,0,0,,,
"May 7, 2024 10:00 AM",174,96,78,28,13,15,23,13,10,21,13,8,190,127,63,,,,0,0,0,,,
"May 7, 2024 11:00 AM",244,124,120,49,19,30,33,19,14,29,17,12,329,194,135,,,,0,0,0,,,
"May 7, 2024 12:00 PM",340,191,149,55,34,21,53,33,20,41,21,20,159,106,53,,,,69,47,22,,,
"May 7, 2024 1:00 PM",441,220,221,56,31,25,69,41,28,52,19,33,153,92,61,,,,97,68,29,,,
"May 7, 2024 2:00 PM",392,172,220,40,15,25,40,23,17,30,10,20,124,70,54,,,,80,53,27,,,
"May 7, 2024 3:00 PM",370,179,191,59,28,31,39,19,20,38,16,22,151,93,58,,,,61,43,18,,,
"May 7, 2024 4:00 PM",344,166,178,37,22,15,47,25,22,42,20,22,168,77,91,,,,76,43,33,,,
"May 7, 2024 5:00 PM",364,188,176,56,37,19,71,42,29,40,22,18,336,240,96,,,,92,50,42,,,
"May 7, 2024 6:00 PM",344,163,181,69,42,27,62,27,35,27,9,18,406,284,122,,,,101,72,29,,,
"May 7, 2024 7:00 PM",297,153,144,81,45,36,57,32,25,18,14,4,159,89,70,,,,90,51,39,,,
"May 7, 2024 8:00 PM",244,113,131,46,19,27,32,13,19,26,15,11,141,74,67,,,,74,24,50,,,
"May 7, 2024 9:00 PM",157,79,78,32,15,17,17,8,9,13,7,6,51,25,26,,,,35,9,26,,,
"May 7, 2024 10:00 PM",50,38,12,12,7,5,10,6,4,5,1,4,70,37,33,,,,29,21,8,,,
"May 7, 2024 11:00 PM",10,5,5,6,3,3,2,1,1,0,0,0,98,82,16,,,,17,6,11,,,
"May 8, 2024 12:00 AM",0,0,0,0,0,0,0,0,0,0,0,0,142,133,9,,,,3,2,1,,,
"May 8, 2024 1:00 AM",2,1,1,0,0,0,1,0,1,0,0,0,7,6,1,,,,4,3,1,,,
"May 8, 2024 2:00 AM",0,0,0,0,0,0,1,1,0,1,1,0,1,1,0,,,,1,1,0,,,
"May 8, 2024 3:00 AM",0,0,0,0,0,0,0,0,0,0,0,0,1,1,0,,,,1,1,0,,,
"May 8, 2024 4:00 AM",1,0,1,1,0,1,1,0,1,2,2,0,0,0,0,,,,2,1,1,,,
"May 8, 2024 5:00 AM",17,6,11,3,0,3,1,0,1,0,0,0,5,2,3,,,,11,7,4,,,
"May 8, 2024 6:00 AM",56,24,32,20,14,6,11,8,3,10,8,2,59,45,14,,,,19,11,8,,,
"May 8, 2024 7:00 AM",102,55,47,35,15,20,30,17,13,22,14,8,200,146,54,,,,33,20,13,,,
"May 8, 2024 8:00 AM",138,67,71,31,15,16,33,18,15,52,24,28,155,87,68,,,,97,64,33,,,
"May 8, 2024 9:00 AM",166,92,74,46,22,24,16,5,11,22,12,10,73,39,34,,,,65,30,35,,,
"May 8, 2024 10:00 AM",146,84,62,24,14,10,26,13,13,22,14,8,97,61,36,,,,41,18,23,,,
"May 8, 2024 11:00 AM",240,118,122,54,18,36,30,16,14,21,11,10,72,36,36,,,,46,19,27,,,
"May 8, 2024 12:00 PM",259,153,106,32,15,17,29,7,22,33,18,15,90,47,43,,,,64,33,31,,,
"May 8, 2024 1:00 PM",271,130,141,68,35,33,45,26,19,33,17,16,141,82,59,,,,60,22,38,,,
"May 8, 2024 2:00 PM",228,119,109,23,14,9,26,15,11,22,17,5,82,37,45,,,,53,27,26,,,
"May 8, 2024 3:00 PM",215,98,117,37,15,22,31,22,9,35,19,16,98,42,56,,,,106,36,70,,,
"May 8, 2024 4:00 PM",221,102,119,33,19,14,26,14,12,28,11,17,73,39,34,,,,58,22,36,,,
"May 8, 2024 5:00 PM",214,97,117,47,27,20,52,35,17,43,21,22,78,47,31,,,,71,37,34,,,
"May 8, 2024 6:00 PM",224,121,103,50,28,22,61,32,29,26,11,15,110,61,49,,,,98,51,47,,,
"May 8, 2024 7:00 PM",231,115,116,55,40,15,54,28,26,24,9,15,104,55,49,,,,75,37,38,,,
"May 8, 2024 8:00 PM",256,134,122,51,19,32,57,30,27,16,9,7,91,37,54,,,,81,37,44,,,
"May 8, 2024 9:00 PM",184,91,93,54,23,31,21,8,13,8,3,5,64,39,25,,,,30,10,20,,,
"May 8, 2024 10:00 PM",53,30,23,20,9,11,13,4,9,7,2,5,32,20,12,,,,25,15,10,,,
"May 8, 2024 11:00 PM",5,3,2,2,1,1,10,6,4,5,2,3,7,4,3,,,,4,3,1,,,
"May 9, 2024 12:00 AM",1,1,0,3,2,1,10,9,1,0,0,0,7,6,1,,,,6,4,2,,,
"May 9, 2024 1:00 AM",0,0,0,1,0,1,5,4,1,0,0,0,1,0,1,,,,4,4,0,,,
"May 9, 2024 2:00 AM",0,0,0,8,3,5,1,0,1,0,0,0,0,0,0,,,,0,0,0,,,
"May 9, 2024 3:00 AM",0,0,0,2,2,0,0,0,0,0,0,0,4,2,2,,,,0,0,0,,,
"May 9, 2024 4:00 AM",1,0,1,0,0,0,0,0,0,0,0,0,0,0,0,,,,3,3,0,,,
"May 9, 2024 5:00 AM",15,5,10,4,2,2,0,0,0,0,0,0,8,4,4,,,,11,4,7,,,
"May 9, 2024 6:00 AM",72,37,35,15,10,5,13,9,4,7,6,1,55,36,19,,,,13,8,5,,,
"May 9, 2024 7:00 AM",128,67,61,28,10,18,18,13,5,14,5,9,81,49,32,,,,46,24,22,,,
"May 9, 2024 8:00 AM",127,76,51,41,15,26,27,18,9,53,20,33,145,73,72,,,,90,60,30,,,
"May 9, 2024 9:00 AM",187,104,83,29,12,17,32,20,12,45,20,25,101,48,53,,,,38,18,20,,,
"May 9, 2024 10:00 AM",263,159,104,49,22,27,43,16,27,33,17,16,66,41,25,,,,59,41,18,,,
"May 9, 2024 11:00 AM",336,176,160,58,27,31,37,17,20,27,9,18,88,48,40,,,,73,38,35,,,
"May 9, 2024 12:00 PM",414,215,199,90,41,49,39,17,22,30,9,21,107,60,47,,,,92,54,38,,,
"May 9, 2024 1:00 PM",445,226,219,73,28,45,61,34,27,54,29,25,212,126,86,,,,72,38,34,,,
"May 9, 2024 2:00 PM",310,159,151,58,20,38,32,18,14,37,15,22,157,68,89,,,,55,30,25,,,
"May 9, 2024 3:00 PM",363,204,159,53,24,29,52,27,25,22,12,10,159,84,75,,,,97,41,56,,,
"May 9, 2024 4:00 PM",342,146,196,49,27,22,38,23,15,30,18,12,146,60,86,,,,99,52,47,,,
"May 9, 2024 5:00 PM",314,160,154,51,23,28,57,34,23,40,17,23,118,55,63,,,,88,52,36,,,
"May 9, 2024 6:00 PM",293,132,161,51,43,8,57,38,19,39,17,22,175,97,78,,,,89,47,42,,,
"May 9, 2024 7:00 PM",258,118,140,70,40,30,48,28,20,14,5,9,134,68,66,,,,72,31,41,,,
"May 9, 2024 8:00 PM",283,145,138,50,35,15,54,32,22,19,5,14,113,52,61,,,,54,33,21,,,
"May 9, 2024 9:00 PM",183,90,93,43,14,29,36,13,23,11,7,4,41,25,16,,,,43,11,32,,,
"May 9, 2024 10:00 PM",81,40,41,21,12,9,14,8,6,8,0,8,28,15,13,,,,22,10,12,,,
"May 9, 2024 11:00 PM",31,15,16,8,2,6,6,0,6,5,2,3,13,9,4,,,,9,5,4,,,
"May 10, 2024 12:00 AM",0,0,0,0,0,0,8,0,8,2,2,0,2,0,2,,,,5,4,1,,,
"May 10, 2024 1:00 AM",0,0,0,0,0,0,0,0,0,0,0,0,3,2,1,,,,7,4,3,,,
"May 10, 2024 2:00 AM",2,1,1,2,2,0,0,0,0,0,0,0,1,1,0,,,,0,0,0,,,
"May 10, 2024 3:00 AM",0,0,0,0,0,0,0,0,0,2,0,2,0,0,0,,,,0,0,0,,,
"May 10, 2024 4:00 AM",1,0,1,0,0,0,4,3,1,0,0,0,0,0,0,,,,2,2,0,,,
"May 10, 2024 5:00 AM",15,4,11,1,1,0,2,0,2,0,0,0,3,2,1,,,,6,2,4,,,
"May 10, 2024 6:00 AM",66,26,40,15,11,4,10,8,2,7,6,1,17,12,5,,,,14,6,8,,,
"May 10, 2024 7:00 AM",132,85,47,31,12,19,31,16,15,26,7,19,67,40,27,,,,45,19,26,,,
"May 10, 2024 8:00 AM",127,71,56,39,17,22,39,23,16,48,24,24,102,62,40,,,,102,71,31,,,
"May 10, 2024 9:00 AM",172,88,84,36,15,21,25,14,11,41,25,16,81,40,41,,,,71,43,28,,,
"May 10, 2024 10:00 AM",265,157,108,41,16,25,31,12,19,14,10,4,65,36,29,,,,73,54,19,,,
"May 10, 2024 11:00 AM",446,235,211,50,31,19,32,18,14,16,8,8,88,37,51,,,,74,54,20,,,
"May 10, 2024 12:00 PM",427,196,231,80,35,45,41,23,18,26,12,14,113,66,47,,,,151,61,90,,,
"May 10, 2024 1:00 PM",424,234,190,96,47,49,48,21,27,28,18,10,228,128,100,,,,94,71,23,,,
"May 10, 2024 2:00 PM",514,275,239,77,48,29,51,29,22,25,12,13,169,105,64,,,,52,31,21,,,
"May 10, 2024 3:00 PM",546,273,273,60,33,27,49,33,16,18,12,6,140,62,78,,,,61,35,26,,,
"May 10, 2024 4:00 PM",584,274,310,83,50,33,68,32,36,37,16,21,208,113,95,,,,79,46,33,,,
"May 10, 2024 5:00 PM",607,327,280,114,73,41,77,34,43,39,16,23,140,69,71,,,,86,47,39,,,
"May 10, 2024 6:00 PM",677,345,332,107,53,54,110,56,54,46,31,15,136,72,64,,,,86,39,47,,,
"May 10, 2024 7:00 PM",692,326,366,143,55,88,86,42,44,31,18,13,124,71,53,,,,72,30,42,,,
"May 10, 2024 8:00 PM",552,226,326,69,30,39,73,44,29,21,14,7,117,55,62,,,,55,28,27,,,
"May 10, 2024 9:00 PM",313,119,194,38,8,30,50,15,35,16,10,6,59,23,36,,,,41,13,28,,,
"May 10, 2024 10:00 PM",106,44,62,30,13,17,38,18,20,7,4,3,23,10,13,,,,23,14,9,,,
"May 10, 2024 11:00 PM",28,18,10,5,2,3,16,10,6,2,2,0,11,6,5,,,,13,9,4,,,
"May 11, 2024 12:00 AM",1,1,0,2,2,0,11,10,1,6,1,5,20,11,9,,,,8,4,4,,,
"May 11, 2024 1:00 AM",14,4,10,4,1,3,5,0,5,0,0,0,7,1,6,,,,9,5,4,,,
"May 11, 2024 2:00 AM",9,3,6,2,2,0,6,0,6,2,0,2,7,7,0,,,,2,2,0,,,
"May 11, 2024 3:00 AM",2,0,2,0,0,0,1,0,1,1,0,1,0,0,0,,,,7,6,1,,,
"May 11, 2024 4:00 AM",67,26,41,0,0,0,8,7,1,0,0,0,61,58,3,,,,9,7,2,,,
"May 11, 2024 5:00 AM",169,88,81,9,5,4,10,3,7,1,0,1,38,26,12,,,,8,1,7,,,
"May 11, 2024 6:00 AM",112,57,55,17,5,12,24,7,17,6,1,5,17,6,11,,,,13,5,8,,,
"May 11, 2024 7:00 AM",110,62,48,24,14,10,29,19,10,13,8,5,43,32,11,,,,17,8,9,,,
"May 11, 2024 8:00 AM",219,111,108,41,18,23,49,26,23,34,18,16,89,47,42,,,,24,15,9,,,
"May 11, 2024 9:00 AM",302,178,124,123,79,44,77,39,38,34,17,17,108,63,45,,,,41,22,19,,,
"May 11, 2024 10:00 AM",468,279,189,183,79,104,100,63,37,39,27,12,128,77,51,,,,79,48,31,,,
"May 11, 2024 11:00 AM",472,264,208,127,63,64,79,49,30,43,22,21,145,82,63,,,,60,35,25,,,
"May 11, 2024 12:00 PM",650,348,302,152,108,44,99,48,51,49,20,29,164,100,64,,,,79,34,45,,,
"May 11, 2024 1:00 PM",826,466,360,188,120,68,88,53,35,50,32,18,134,71,63,,,,62,40,22,,,
"May 11, 2024 2:00 PM",918,536,382,165,97,68,104,59,45,52,28,24,182,115,67,,,,71,39,32,,,
"May 11, 2024 3:00 PM",1085,578,507,185,108,77,100,53,47,36,24,12,170,101,69,,,,50,33,17,,,
"May 11, 2024 4:00 PM",1276,630,646,184,92,92,118,51,67,37,22,15,151,84,67,,,,37,22,15,,,
"May 11, 2024 5:00 PM",1031,439,592,167,62,105,94,51,43,40,16,24,140,59,81,,,,49,22,27,,,
"May 11, 2024 6:00 PM",794,336,458,157,60,97,69,20,49,28,16,12,118,66,52,,,,57,37,20,,,
"May 11, 2024 7:00 PM",592,231,361,44,15,29,75,41,34,22,11,11,97,56,41,,,,53,28,25,,,
"May 11, 2024 8:00 PM",407,167,240,50,25,25,56,33,23,21,17,4,75,33,42,,,,38,21,17,,,
"May 11, 2024 9:00 PM",246,110,136,30,13,17,45,19,26,16,9,7,56,29,27,,,,41,13,28,,,
"May 11, 2024 10:00 PM",164,67,97,26,12,14,52,25,27,6,3,3,50,32,18,,,,37,18,19,,,
"May 11, 2024 11:00 PM",90,51,39,11,8,3,23,15,8,5,4,1,43,17,26,,,,24,7,17,,,
"May 12, 2024 12:00 AM",5,3,2,1,0,1,4,2,2,0,0,0,28,14,14,,,,9,4,5,,,
"May 12, 2024 1:00 AM",8,2,6,0,0,0,0,0,0,2,0,2,28,25,3,,,,10,7,3,,,
"May 12, 2024 2:00 AM",5,3,2,0,0,0,6,4,2,1,1,0,5,4,1,,,,17,7,10,,,
"May 12, 2024 3:00 AM",0,0,0,0,0,0,4,2,2,5,4,1,3,2,1,,,,4,2,2,,,
"May 12, 2024 4:00 AM",2,2,0,2,1,1,0,0,0,1,0,1,1,1,0,,,,5,3,2,,,
"May 12, 2024 5:00 AM",1,0,1,3,1,2,1,0,1,0,0,0,3,2,1,,,,2,1,1,,,
"May 12, 2024 6:00 AM",34,11,23,4,2,2,3,0,3,3,2,1,4,4,0,,,,8,6,2,,,
"May 12, 2024 7:00 AM",78,44,34,13,7,6,11,6,5,7,3,4,22,14,8,,,,11,5,6,,,
"May 12, 2024 8:00 AM",158,86,72,38,18,20,32,12,20,15,8,7,59,41,18,,,,25,14,11,,,
"May 12, 2024 9:00 AM",296,168,128,68,38,30,59,36,23,29,10,19,150,80,70,,,,47,19,28,,,
"May 12, 2024 10:00 AM",518,279,239,113,52,61,92,47,45,32,13,19,166,107,59,,,,56,40,16,,,
"May 12, 2024 11:00 AM",766,392,374,124,59,65,104,52,52,39,15,24,245,133,112,,,,97,64,33,,,
"May 12, 2024 12:00 PM",900,466,434,185,92,93,116,67,49,42,16,26,173,100,73,,,,72,41,31,,,
"May 12, 2024 1:00 PM",846,390,456,149,83,66,83,46,37,53,21,32,152,83,69,,,,59,26,33,,,
"May 12, 2024 2:00 PM",951,488,463,162,75,87,153,67,86,42,23,19,111,56,55,,,,87,45,42,,,
"May 12, 2024 3:00 PM",854,458,396,147,61,86,117,68,49,32,19,13,146,83,63,,,,46,21,25,,,
"May 12, 2024 4:00 PM",904,452,452,96,43,53,103,54,49,38,21,17,169,86,83,,,,38,16,22,,,
"May 12, 2024 5:00 PM",677,263,414,75,37,38,73,29,44,24,9,15,110,61,49,,,,42,22,20,,,
"May 12, 2024 6:00 PM",436,193,243,53,26,27,58,28,30,26,16,10,128,70,58,,,,61,36,25,,,
"May 12, 2024 7:00 PM",354,152,202,39,14,25,40,17,23,17,6,11,53,25,28,,,,45,26,19,,,
"May 12, 2024 8:00 PM",228,121,107,35,11,24,33,16,17,21,9,12,49,31,18,,,,48,19,29,,,
"May 12, 2024 9:00 PM",111,44,67,20,6,14,26,13,13,9,5,4,27,10,17,,,,36,12,24,,,
"May 12, 2024 10:00 PM",51,28,23,11,4,7,31,26,5,5,4,1,14,7,7,,,,17,6,11,,,
"May 12, 2024 11:00 PM",17,7,10,4,2,2,9,4,5,1,0,1,4,3,1,,,,8,5,3,,,
"May 13, 2024 12:00 AM",0,0,0,0,0,0,11,1,10,0,0,0,3,2,1,,,,6,5,1,,,
"May 13, 2024 1:00 AM",3,3,0,0,0,0,0,0,0,0,0,0,0,0,0,,,,1,1,0,,,
"May 13, 2024 2:00 AM",0,0,0,0,0,0,1,1,0,0,0,0,0,0,0,,,,1,1,0,,,
"May 13, 2024 3:00 AM",0,0,0,0,0,0,0,0,0,0,0,0,0,0,0,,,,0,0,0,,,
"May 13, 2024 4:00 AM",0,0,0,0,0,0,0,0,0,1,1,0,1,0,1,,,,0,0,0,,,
"May 13, 2024 5:00 AM",12,4,8,2,0,2,0,0,0,1,0,1,3,3,0,,,,7,3,4,,,
"May 13, 2024 6:00 AM",41,20,21,15,9,6,10,6,4,11,5,6,18,10,8,,,,11,6,5,,,
"May 13, 2024 7:00 AM",41,21,20,22,7,15,13,7,6,17,6,11,33,22,11,,,,36,15,21,,,
"May 13, 2024 8:00 AM",77,31,46,15,4,11,15,6,9,32,11,21,75,42,33,,,,77,56,21,,,
"May 13, 2024 9:00 AM",71,32,39,24,13,11,8,5,3,26,13,13,42,24,18,,,,36,15,21,,,
"May 13, 2024 10:00 AM",52,26,26,6,4,2,10,6,4,15,8,7,25,15,10,,,,20,14,6,,,
"May 13, 2024 11:00 AM",29,13,16,8,4,4,9,2,7,15,5,10,9,6,3,,,,19,7,12,,,
"May 13, 2024 12:00 PM",17,7,10,7,1,6,5,2,3,6,5,1,10,7,3,,,,18,12,6,,,
"May 13, 2024 1:00 PM",17,6,11,4,3,1,9,5,4,13,5,8,20,10,10,,,,23,7,16,,,
"May 13, 2024 2:00 PM",12,2,10,7,5,2,8,4,4,11,11,0,10,5,5,,,,28,14,14,,,
"May 13, 2024 3:00 PM",16,9,7,4,3,1,7,4,3,16,4,12,12,6,6,,,,32,6,26,,,
"May 13, 2024 4:00 PM",21,7,14,42,38,4,11,5,6,19,10,9,37,16,21,,,,33,11,22,,,
"May 13, 2024 5:00 PM",46,22,24,14,10,4,20,15,5,14,7,7,60,32,28,,,,35,17,18,,,
"May 13, 2024 6:00 PM",47,24,23,42,24,18,37,19,18,23,17,6,74,47,27,,,,34,21,13,,,
"May 13, 2024 7:00 PM",96,43,53,65,14,51,27,14,13,21,10,11,80,38,42,,,,37,18,19,,,
"May 13, 2024 8:00 PM",186,87,99,50,26,24,43,26,17,24,13,11,98,58,40,,,,33,15,18,,,
"May 13, 2024 9:00 PM",150,82,68,38,19,19,23,10,13,14,2,12,74,46,28,,,,29,12,17,,,
"May 13, 2024 10:00 PM",50,36,14,25,11,14,6,0,6,2,0,2,27,18,9,,,,12,6,6,,,
"May 13, 2024 11:00 PM",3,1,2,6,2,4,4,1,3,3,1,2,14,4,10,,,,5,3,2,,,
"May 14, 2024 12:00 AM",0,0,0,0,0,0,1,0,1,1,0,1,0,0,0,,,,4,4,0,,,
"May 14, 2024 1:00 AM",0,0,0,0,0,0,0,0,0,0,0,0,0,0,0,,,,3,1,2,,,
"May 14, 2024 2:00 AM",0,0,0,0,0,0,1,1,0,0,0,0,0,0,0,,,,1,1,0,,,
"May 14, 2024 3:00 AM",0,0,0,0,0,0,1,1,0,1,1,0,0,0,0,,,,3,2,1,,,
"May 14, 2024 4:00 AM",1,0,1,0,0,0,0,0,0,0,0,0,2,1,1,,,,0,0,0,,,
"May 14, 2024 5:00 AM",12,6,6,4,2,2,1,1,0,1,1,0,1,1,0,,,,6,2,4,,,
"May 14, 2024 6:00 AM",45,22,23,11,7,4,14,11,3,8,6,2,18,12,6,,,,22,10,12,,,
"May 14, 2024 7:00 AM",102,56,46,32,18,14,23,10,13,16,5,11,63,35,28,,,,44,26,18,,,
"May 14, 2024 8:00 AM",124,50,74,30,15,15,36,17,19,50,24,26,97,37,60,,,,116,78,38,,,
"May 14, 2024 9:00 AM",154,81,73,27,14,13,22,11,11,21,14,7,71,37,34,,,,47,24,23,,,
"May 14, 2024 10:00 AM",178,101,77,27,15,12,32,19,13,18,14,4,79,49,30,,,,56,29,27,,,
"May 14, 2024 11:00 AM",293,164,129,46,24,22,49,25,24,18,8,10,56,29,27,,,,48,23,25,,,
"May 14, 2024 12:00 PM",248,138,110,70,38,32,38,19,19,42,12,30,102,58,44,,,,63,39,24,,,
"May 14, 2024 1:00 PM",352,191,161,78,50,28,45,26,19,43,26,17,156,105,51,,,,64,34,30,,,
"May 14, 2024 2:00 PM",306,141,165,56,21,35,37,20,17,26,11,15,136,59,77,,,,77,36,41,,,
"May 14, 2024 3:00 PM",198,87,111,22,11,11,40,18,22,27,16,11,99,52,47,,,,88,24,64,,,
"May 14, 2024 4:00 PM",194,91,103,51,33,18,35,24,11,29,19,10,105,40,65,,,,67,28,39,,,
"May 14, 2024 5:00 PM",220,126,94,64,41,23,73,47,26,43,25,18,106,50,56,,,,82,40,42,,,
"May 14, 2024 6:00 PM",178,84,94,78,31,47,70,37,33,23,8,15,112,63,49,,,,94,55,39,,,
"May 14, 2024 7:00 PM",270,124,146,62,34,28,44,25,19,37,18,19,138,78,60,,,,99,49,50,,,
"May 14, 2024 8:00 PM",244,117,127,56,32,24,47,27,20,46,21,25,97,48,49,,,,64,22,42,,,
"May 14, 2024 9:00 PM",150,77,73,33,15,18,27,13,14,15,8,7,31,13,18,,,,33,9,24,,,
"May 14, 2024 10:00 PM",61,34,27,8,3,5,15,6,9,3,2,1,12,4,8,,,,20,10,10,,,
"May 14, 2024 11:00 PM",12,8,4,2,1,1,4,2,2,1,1,0,7,1,6,,,,4,3,1,,,
"May 15, 2024 12:00 AM",0,0,0,0,0,0,5,1,4,0,0,0,1,0,1,,,,9,7,2,,,
"May 15, 2024 1:00 AM",1,0,1,0,0,0,5,5,0,0,0,0,0,0,0,,,,1,1,0,,,
"May 15, 2024 2:00 AM",1,1,0,0,0,0,0,0,0,0,0,0,1,1,0,,,,1,1,0,,,
"May 15, 2024 3:00 AM",1,1,0,1,1,0,2,0,2,0,0,0,1,1,0,,,,1,0,1,,,
"May 15, 2024 4:00 AM",0,0,0,0,0,0,0,0,0,0,0,0,0,0,0,,,,2,0,2,,,
"May 15, 2024 5:00 AM",20,8,12,4,3,1,1,1,0,1,0,1,3,2,1,,,,7,3,4,,,
"May 15, 2024 6:00 AM",68,36,32,31,19,12,19,11,8,5,4,1,22,10,12,,,,21,8,13,,,
"May 15, 2024 7:00 AM",116,63,53,39,11,28,32,16,16,22,8,14,76,41,35,,,,31,15,16,,,
"May 15, 2024 8:00 AM",132,62,70,33,16,17,33,24,9,43,12,31,100,43,57,,,,132,90,42,,,
"May 15, 2024 9:00 AM",121,61,60,23,10,13,26,17,9,34,21,13,53,26,27,,,,61,31,30,,,
"May 15, 2024 10:00 AM",184,123,61,43,20,23,24,12,12,20,8,12,70,45,25,,,,38,21,17,,,
"May 15, 2024 11:00 AM",210,99,111,28,12,16,36,16,20,31,15,16,44,28,16,,,,46,29,17,,,
"May 15, 2024 12:00 PM",264,134,130,63,39,24,37,23,14,37,21,16,82,47,35,,,,71,44,27,,,
"May 15, 2024 1:00 PM",370,188,182,63,35,28,62,36,26,40,20,20,138,81,57,,,,74,39,35,,,
"May 15, 2024 2:00 PM",321,149,172,46,24,22,30,16,14,31,18,13,103,57,46,,,,76,33,43,,,
"May 15, 2024 3:00 PM",291,131,160,56,35,21,43,16,27,31,24,7,99,39,60,,,,108,48,60,,,
"May 15, 2024 4:00 PM",371,178,193,69,28,41,50,24,26,20,11,9,110,48,62,,,,101,53,48,,,
"May 15, 2024 5:00 PM",374,195,179,86,53,33,72,42,30,40,11,29,152,96,56,,,,108,56,52,,,
"May 15, 2024 6:00 PM",428,239,189,97,58,39,59,32,27,30,15,15,180,112,68,,,,92,54,38,,,
"May 15, 2024 7:00 PM",462,227,235,104,52,52,63,35,28,31,17,14,150,77,73,,,,98,49,49,,,
"May 15, 2024 8:00 PM",442,217,225,84,40,44,56,25,31,13,8,5,78,28,50,,,,70,28,42,,,
"May 15, 2024 9:00 PM",234,122,112,38,19,19,44,18,26,15,10,5,55,22,33,,,,47,15,32,,,
"May 15, 2024 10:00 PM",85,52,33,27,14,13,17,13,4,4,1,3,25,17,8,,,,13,7,6,,,
"May 15, 2024 11:00 PM",15,10,5,3,2,1,10,2,8,2,2,0,3,1,2,,,,12,11,1,,,
"May 16, 2024 12:00 AM",2,2,0,0,0,0,7,4,3,1,0,1,1,0,1,,,,6,4,2,,,
"May 16, 2024 1:00 AM",2,2,0,2,0,2,0,0,0,0,0,0,5,5,0,,,,9,5,4,,,
"May 16, 2024 2:00 AM",0,0,0,0,0,0,0,0,0,0,0,0,0,0,0,,,,1,0,1,,,
"May 16, 2024 3:00 AM",0,0,0,0,0,0,1,1,0,0,0,0,1,1,0,,,,5,2,3,,,
"May 16, 2024 4:00 AM",2,1,1,1,0,1,0,0,0,0,0,0,1,1,0,,,,0,0,0,,,
"May 16, 2024 5:00 AM",23,10,13,3,2,1,1,0,1,2,0,2,9,8,1,,,,4,2,2,,,
"May 16, 2024 6:00 AM",69,32,37,9,2,7,20,17,3,8,6,2,30,18,12,,,,17,10,7,,,
"May 16, 2024 7:00 AM",103,54,49,23,12,11,25,7,18,25,8,17,61,34,27,,,,30,10,20,,,
"May 16, 2024 8:00 AM",118,56,62,35,9,26,18,13,5,35,11,24,114,57,57,,,,162,116,46,,,
"May 16, 2024 9:00 AM",138,75,63,38,19,19,30,12,18,30,14,16,71,41,30,,,,56,25,31,,,
"May 16, 2024 10:00 AM",193,119,74,46,22,24,31,19,12,36,21,15,72,47,25,,,,47,23,24,,,
"May 16, 2024 11:00 AM",269,141,128,46,25,21,30,8,22,22,12,10,60,32,28,,,,60,25,35,,,
"May 16, 2024 12:00 PM",376,221,155,59,33,26,38,24,14,33,15,18,101,60,41,,,,75,40,35,,,
"May 16, 2024 1:00 PM",332,184,148,66,35,31,57,26,31,33,22,11,150,97,53,,,,94,33,61,,,
"May 16, 2024 2:00 PM",266,128,138,85,42,43,28,13,15,36,19,17,162,85,77,,,,76,21,55,,,
"May 16, 2024 3:00 PM",255,136,119,49,24,25,36,25,11,33,24,9,151,64,87,,,,81,36,45,,,
"May 16, 2024 4:00 PM",235,135,100,35,21,14,41,21,20,30,16,14,111,47,64,,,,77,34,43,,,
"May 16, 2024 5:00 PM",185,91,94,53,27,26,41,24,17,26,14,12,84,45,39,,,,97,52,45,,,
"May 16, 2024 6:00 PM",244,126,118,83,45,38,44,20,24,36,19,17,113,65,48,,,,82,43,39,,,
"May 16, 2024 7:00 PM",175,92,83,37,24,13,47,23,24,20,7,13,80,44,36,,,,70,21,49,,,
"May 16, 2024 8:00 PM",144,68,76,36,25,11,35,23,12,19,8,11,76,33,43,,,,36,14,22,,,
"May 16, 2024 9:00 PM",109,47,62,23,12,11,23,9,14,18,9,9,44,26,18,,,,18,5,13,,,
"May 16, 2024 10:00 PM",56,33,23,17,9,8,17,9,8,6,3,3,51,29,22,,,,16,5,11,,,
"May 16, 2024 11:00 PM",19,13,6,4,2,2,2,0,2,7,4,3,44,18,26,,,,14,8,6,,,
"May 17, 2024 12:00 AM",0,0,0,2,1,1,7,2,5,0,0,0,6,4,2,,,,6,4,2,,,
"May 17, 2024 1:00 AM",3,2,1,4,2,2,4,3,1,0,0,0,1,0,1,,,,8,3,5,,,
"May 17, 2024 2:00 AM",1,1,0,0,0,0,2,1,1,1,0,1,0,0,0,,,,1,1,0,,,
"May 17, 2024 3:00 AM",0,0,0,1,1,0,1,0,1,0,0,0,0,0,0,,,,2,1,1,,,
"May 17, 2024 4:00 AM",1,0,1,2,0,2,0,0,0,0,0,0,0,0,0,,,,0,0,0,,,
"May 17, 2024 5:00 AM",10,3,7,2,1,1,0,0,0,1,0,1,2,1,1,,,,7,0,7,,,
"May 17, 2024 6:00 AM",91,58,33,18,9,9,13,8,5,7,6,1,32,20,12,,,,11,6,5,,,
"May 17, 2024 7:00 AM",105,50,55,27,14,13,20,8,12,14,4,10,55,29,26,,,,34,17,17,,,
"May 17, 2024 8:00 AM",116,59,57,44,22,22,37,24,13,63,38,25,90,49,41,,,,83,62,21,,,
"May 17, 2024 9:00 AM",137,68,69,56,28,28,30,15,15,32,18,14,68,29,39,,,,59,30,29,,,
"May 17, 2024 10:00 AM",148,82,66,36,18,18,19,9,10,22,12,10,45,25,20,,,,40,21,19,,,
"May 17, 2024 11:00 AM",220,111,109,38,19,19,32,14,18,12,4,8,65,35,30,,,,35,16,19,,,
"May 17, 2024 12:00 PM",184,100,84,45,30,15,29,18,11,40,15,25,80,44,36,,,,51,15,36,,,
"May 17, 2024 1:00 PM",221,104,117,30,14,16,25,10,15,39,21,18,125,78,47,,,,94,33,61,,,
"May 17, 2024 2:00 PM",160,81,79,41,22,19,31,18,13,27,7,20,153,81,72,,,,75,30,45,,,
"May 17, 2024 3:00 PM",278,149,129,47,32,15,39,28,11,22,9,13,105,41,64,,,,66,25,41,,,
"May 17, 2024 4:00 PM",252,144,108,53,36,17,31,20,11,36,17,19,126,68,58,,,,65,25,40,,,
"May 17, 2024 5:00 PM",233,121,112,47,29,18,59,22,37,37,18,19,100,47,53,,,,66,26,40,,,
"May 17, 2024 6:00 PM",327,176,151,52,32,20,58,25,33,34,17,17,159,72,87,,,,69,40,29,,,
"May 17, 2024 7:00 PM",276,154,122,61,34,27,44,17,27,22,13,9,115,75,40,,,,99,48,51,,,
"May 17, 2024 8:00 PM",255,125,130,34,17,17,33,18,15,16,6,10,74,34,40,,,,60,28,32,,,
"May 17, 2024 9:00 PM",219,86,133,31,17,14,36,23,13,20,13,7,61,28,33,,,,58,21,37,,,
"May 17, 2024 10:00 PM",97,41,56,21,4,17,29,21,8,5,3,2,19,6,13,,,,18,9,9,,,
"May 17, 2024 11:00 PM",39,16,23,5,2,3,4,0,4,2,1,1,14,7,7,,,,9,5,4,,,
"May 18, 2024 12:00 AM",1,1,0,0,0,0,14,5,9,3,1,2,2,1,1,,,,8,5,3,,,
"May 18, 2024 1:00 AM",2,0,2,7,2,5,3,0,3,0,0,0,2,1,1,,,,11,6,5,,,
"May 18, 2024 2:00 AM",5,3,2,0,0,0,3,3,0,0,0,0,1,1,0,,,,4,2,2,,,
"May 18, 2024 3:00 AM",0,0,0,1,0,1,2,2,0,0,0,0,0,0,0,,,,1,1,0,,,
"May 18, 2024 4:00 AM",2,2,0,3,1,2,0,0,0,0,0,0,1,1,0,,,,2,0,2,,,
"May 18, 2024 5:00 AM",4,2,2,1,1,0,0,0,0,0,0,0,6,4,2,,,,2,0,2,,,
"May 18, 2024 6:00 AM",38,16,22,6,4,2,14,11,3,2,1,1,16,9,7,,,,8,4,4,,,
"May 18, 2024 7:00 AM",96,48,48,25,12,13,9,3,6,18,8,10,25,13,12,,,,23,12,11,,,
"May 18, 2024 8:00 AM",139,73,66,37,20,17,36,22,14,22,9,13,64,36,28,,,,23,8,15,,,
"May 18, 2024 9:00 AM",220,118,102,55,28,27,55,29,26,26,16,10,107,72,35,,,,34,19,15,,,
"May 18, 2024 10:00 AM",301,156,145,88,61,27,59,31,28,30,16,14,116,57,59,,,,49,18,31,,,
"May 18, 2024 11:00 AM",379,202,177,98,46,52,66,39,27,45,21,24,136,78,58,,,,61,25,36,,,
"May 18, 2024 12:00 PM",367,211,156,95,50,45,45,22,23,48,28,20,107,57,50,,,,52,25,27,,,
"May 18, 2024 1:00 PM",386,210,176,70,34,36,98,57,41,30,17,13,87,52,35,,,,73,36,37,,,
"May 18, 2024 2:00 PM",408,198,210,79,46,33,50,18,32,49,22,27,97,65,32,,,,70,32,38,,,
"May 18, 2024 3:00 PM",387,213,174,64,33,31,63,27,36,39,20,19,81,40,41,,,,51,25,26,,,
"May 18, 2024 4:00 PM",510,273,237,68,36,32,96,36,60,49,28,21,107,55,52,,,,68,31,37,,,
"May 18, 2024 5:00 PM",572,277,295,74,44,30,106,54,52,40,17,23,127,68,59,,,,74,39,35,,,
"May 18, 2024 6:00 PM",479,275,204,64,39,25,66,26,40,17,9,8,112,66,46,,,,59,30,29,,,
"May 18, 2024 7:00 PM",414,184,230,56,29,27,71,28,43,24,11,13,93,51,42,,,,52,20,32,,,
"May 18, 2024 8:00 PM",405,196,209,41,24,17,55,19,36,43,26,17,59,21,38,,,,57,29,28,,,
"May 18, 2024 9:00 PM",203,85,118,45,20,25,46,20,26,17,8,9,40,16,24,,,,42,18,24,,,
"May 18, 2024 10:00 PM",92,47,45,13,3,10,41,26,15,7,2,5,26,13,13,,,,44,17,27,,,
"May 18, 2024 11:00 PM",25,13,12,22,7,15,27,26,1,4,0,4,36,10,26,,,,19,4,15,,,
"May 19, 2024 12:00 AM",0,0,0,1,1,0,5,4,1,1,0,1,30,6,24,,,,13,7,6,,,
"May 19, 2024 1:00 AM",2,0,2,1,0,1,2,1,1,1,1,0,2,2,0,,,,3,3,0,,,
"May 19, 2024 2:00 AM",0,0,0,2,0,2,2,2,0,0,0,0,2,1,1,,,,5,2,3,,,
"May 19, 2024 3:00 AM",0,0,0,0,0,0,2,2,0,0,0,0,2,2,0,,,,3,3,0,,,
"May 19, 2024 4:00 AM",1,1,0,1,0,1,2,2,0,0,0,0,1,1,0,,,,7,4,3,,,
"May 19, 2024 5:00 AM",7,4,3,2,0,2,1,1,0,1,0,1,1,1,0,,,,0,0,0,,,
"May 19, 2024 6:00 AM",33,16,17,8,7,1,4,1,3,1,1,0,9,7,2,,,,11,7,4,,,
"May 19, 2024 7:00 AM",85,51,34,14,5,9,14,7,7,13,8,5,52,34,18,,,,16,3,13,,,
"May 19, 2024 8:00 AM",167,70,97,55,35,20,66,34,32,22,12,10,64,37,27,,,,29,13,16,,,
"May 19, 2024 9:00 AM",352,195,157,96,47,49,81,55,26,24,15,9,120,79,41,,,,62,35,27,,,
"May 19, 2024 10:00 AM",544,343,201,139,89,50,97,58,39,49,26,23,190,123,67,,,,74,45,29,,,
"May 19, 2024 11:00 AM",800,468,332,134,64,70,105,56,49,47,24,23,156,81,75,,,,68,33,35,,,
"May 19, 2024 12:00 PM",917,481,436,149,87,62,123,72,51,51,28,23,191,113,78,,,,109,72,37,,,
"May 19, 2024 1:00 PM",1000,572,428,168,99,69,95,63,32,53,27,26,159,89,70,,,,123,66,57,,,
"May 19, 2024 2:00 PM",1025,532,493,163,90,73,94,57,37,50,23,27,156,85,71,,,,70,39,31,,,
"May 19, 2024 3:00 PM",1031,534,497,94,47,47,108,62,46,42,20,22,161,91,70,,,,95,51,44,,,
"May 19, 2024 4:00 PM",1011,490,521,110,68,42,118,48,70,44,22,22,138,73,65,,,,67,37,30,,,
"May 19, 2024 5:00 PM",967,408,559,97,29,68,89,30,59,39,12,27,178,66,112,,,,42,17,25,,,
"May 19, 2024 6:00 PM",795,290,505,90,42,48,85,44,41,18,12,6,124,67,57,,,,63,28,35,,,
"May 19, 2024 7:00 PM",559,270,289,109,51,58,66,40,26,25,11,14,103,61,42,,,,64,30,34,,,
"May 19, 2024 8:00 PM",375,172,203,68,30,38,71,40,31,24,17,7,78,38,40,,,,59,19,40,,,
"May 19, 2024 9:00 PM",197,90,107,45,20,25,32,9,23,25,14,11,40,23,17,,,,40,16,24,,,
"May 19, 2024 10:00 PM",62,30,32,12,5,7,27,15,12,3,1,2,22,9,13,,,,25,13,12,,,
"May 19, 2024 11:00 PM",16,6,10,1,1,0,6,1,5,6,0,6,7,5,2,,,,15,6,9,,,
"May 20, 2024 12:00 AM",2,1,1,0,0,0,4,2,2,0,0,0,2,1,1,,,,15,9,6,,,
"May 20, 2024 1:00 AM",0,0,0,0,0,0,6,6,0,0,0,0,1,1,0,,,,27,12,15,,,
"May 20, 2024 2:00 AM",1,0,1,1,0,1,0,0,0,0,0,0,1,1,0,,,,0,0,0,,,
"May 20, 2024 3:00 AM",1,1,0,0,0,0,0,0,0,0,0,0,0,0,0,,,,0,0,0,,,
"May 20, 2024 4:00 AM",0,0,0,0,0,0,0,0,0,0,0,0,1,0,1,,,,2,1,1,,,
"May 20, 2024 5:00 AM",13,5,8,0,0,0,1,0,1,1,0,1,0,0,0,,,,9,2,7,,,
"May 20, 2024 6:00 AM",57,26,31,10,8,2,19,14,5,12,9,3,23,12,11,,,,20,9,11,,,
"May 20, 2024 7:00 AM",85,53,32,33,17,16,27,10,17,22,7,15,51,41,10,,,,34,17,17,,,
"May 20, 2024 8:00 AM",125,60,65,38,8,30,25,15,10,51,19,32,96,53,43,,,,117,81,36,,,
"May 20, 2024 9:00 AM",160,78,82,28,18,10,19,9,10,26,15,11,82,41,41,,,,73,29,44,,,
"May 20, 2024 10:00 AM",204,113,91,37,27,10,28,14,14,22,14,8,84,48,36,,,,55,26,29,,,
"May 20, 2024 11:00 AM",360,198,162,69,18,51,41,15,26,26,11,15,83,48,35,,,,120,94,26,,,
"May 20, 2024 12:00 PM",358,175,183,55,27,28,42,15,27,33,19,14,101,58,43,,,,176,152,24,,,
"May 20, 2024 1:00 PM",452,262,190,48,22,26,62,33,29,47,26,21,179,110,69,,,,129,86,43,,,
"May 20, 2024 2:00 PM",409,219,190,53,29,24,40,26,14,22,9,13,108,53,55,,,,87,50,37,,,
"May 20, 2024 3:00 PM",328,167,161,56,27,29,46,21,25,24,15,9,110,60,50,,,,102,38,64,,,
"May 20, 2024 4:00 PM",383,188,195,49,25,24,47,19,28,19,8,11,119,56,63,,,,87,47,40,,,
"May 20, 2024 5:00 PM",341,154,187,60,32,28,61,30,31,35,12,23,151,91,60,,,,102,55,47,,,
"May 20, 2024 6:00 PM",437,226,211,193,125,68,53,28,25,28,15,13,204,118,86,,,,67,43,24,,,
"May 20, 2024 7:00 PM",455,218,237,122,63,59,73,35,38,32,17,15,130,70,60,,,,114,72,42,,,
"May 20, 2024 8:00 PM",394,220,174,154,41,113,51,32,19,19,9,10,71,31,40,,,,59,30,29,,,
"May 20, 2024 9:00 PM",252,119,133,38,10,28,36,20,16,11,6,5,56,35,21,,,,53,25,28,,,
"May 20, 2024 10:00 PM",64,38,26,14,5,9,15,13,2,7,5,2,26,16,10,,,,16,8,8,,,
"May 20, 2024 11:00 PM",15,8,7,2,0,2,8,4,4,3,2,1,10,6,4,,,,11,5,6,,,
"May 21, 2024 12:00 AM",2,1,1,4,2,2,9,2,7,0,0,0,8,3,5,,,,7,4,3,,,
"May 21, 2024 1:00 AM",0,0,0,2,1,1,1,0,1,3,2,1,7,4,3,,,,6,4,2,,,
"May 21, 2024 2:00 AM",0,0,0,1,0,1,2,2,0,0,0,0,1,1,0,,,,0,0,0,,,
"May 21, 2024 3:00 AM",0,0,0,0,0,0,3,3,0,0,0,0,0,0,0,,,,2,0,2,,,
"May 21, 2024 4:00 AM",1,0,1,0,0,0,0,0,0,0,0,0,0,0,0,,,,0,0,0,,,
"May 21, 2024 5:00 AM",12,4,8,3,2,1,2,2,0,8,6,2,8,5,3,,,,6,3,3,,,
"May 21, 2024 6:00 AM",70,41,29,16,10,6,15,12,3,15,11,4,24,12,12,,,,14,6,8,,,
"May 21, 2024 7:00 AM",116,64,52,25,12,13,21,8,13,24,8,16,68,32,36,,,,34,20,14,,,
"May 21, 2024 8:00 AM",131,53,78,48,30,18,32,23,9,50,25,25,151,74,77,,,,124,87,37,,,
"May 21, 2024 9:00 AM",184,96,88,54,23,31,33,17,16,22,17,5,92,41,51,,,,78,40,38,,,
"May 21, 2024 10:00 AM",222,131,91,53,23,30,30,21,9,14,11,3,52,35,17,,,,76,54,22,,,
"May 21, 2024 11:00 AM",290,148,142,59,27,32,29,10,19,27,12,15,76,40,36,,,,91,73,18,,,
"May 21, 2024 12:00 PM",270,139,131,77,37,40,38,22,16,50,26,24,105,59,46,,,,95,46,49,,,
"May 21, 2024 1:00 PM",340,190,150,46,19,27,57,32,25,47,28,19,264,158,106,,,,81,41,40,,,
"May 21, 2024 2:00 PM",207,96,111,30,17,13,27,16,11,28,9,19,175,82,93,,,,98,45,53,,,
"May 21, 2024 3:00 PM",258,144,114,27,14,13,40,19,21,36,16,20,108,39,69,,,,106,58,48,,,
"May 21, 2024 4:00 PM",262,129,133,40,23,17,46,26,20,32,21,11,118,59,59,,,,93,50,43,,,
"May 21, 2024 5:00 PM",268,132,136,73,40,33,49,34,15,31,20,11,130,64,66,,,,97,51,46,,,
"May 21, 2024 6:00 PM",308,151,157,83,44,39,62,38,24,31,14,17,171,89,82,,,,93,52,41,,,
"May 21, 2024 7:00 PM",306,151,155,87,53,34,56,31,25,48,27,21,180,98,82,,,,85,49,36,,,
"May 21, 2024 8:00 PM",358,182,176,72,35,37,55,30,25,30,18,12,114,65,49,,,,48,22,26,,,
"May 21, 2024 9:00 PM",239,104,135,38,24,14,25,13,12,17,7,10,51,25,26,,,,37,13,24,,,
"May 21, 2024 10:00 PM",87,48,39,12,6,6,17,9,8,3,2,1,61,40,21,,,,19,8,11,,,
"May 21, 2024 11:00 PM",13,8,5,2,2,0,4,1,3,3,1,2,28,15,13,,,,8,2,6,,,
"May 22, 2024 12:00 AM",0,0,0,1,0,1,2,2,0,0,0,0,10,6,4,,,,8,5,3,,,
"May 22, 2024 1:00 AM",5,5,0,3,1,2,1,0,1,1,0,1,4,4,0,,,,2,2,0,,,
"May 22, 2024 2:00 AM",1,0,1,0,0,0,0,0,0,0,0,0,0,0,0,,,,2,0,2,,,
"May 22, 2024 3:00 AM",0,0,0,0,0,0,0,0,0,0,0,0,0,0,0,,,,5,3,2,,,
"May 22, 2024 4:00 AM",0,0,0,0,0,0,1,1,0,0,0,0,0,0,0,,,,0,0,0,,,
"May 22, 2024 5:00 AM",16,7,9,2,2,0,0,0,0,0,0,0,5,2,3,,,,6,4,2,,,
"May 22, 2024 6:00 AM",85,46,39,13,10,3,12,8,4,13,8,5,43,25,18,,,,16,7,9,,,
"May 22, 2024 7:00 AM",138,78,60,27,9,18,26,9,17,21,6,15,107,57,50,,,,37,23,14,,,
"May 22, 2024 8:00 AM",113,56,57,45,20,25,22,15,7,69,30,39,187,113,74,,,,125,86,39,,,
"May 22, 2024 9:00 AM",138,66,72,31,16,15,21,14,7,36,26,10,93,52,41,,,,56,29,27,,,
"May 22, 2024 10:00 AM",151,76,75,26,17,9,31,20,11,22,16,6,100,75,25,,,,39,17,22,,,
"May 22, 2024 11:00 AM",180,103,77,42,20,22,27,18,9,30,9,21,77,49,28,,,,44,21,23,,,
"May 22, 2024 12:00 PM",188,98,90,58,29,29,32,24,8,27,12,15,87,45,42,,,,64,30,34,,,
"May 22, 2024 1:00 PM",188,101,87,33,18,15,38,19,19,45,24,21,140,98,42,,,,72,27,45,,,
"May 22, 2024 2:00 PM",164,84,80,33,16,17,39,21,18,30,16,14,107,40,67,,,,87,27,60,,,
"May 22, 2024 3:00 PM",157,91,66,21,9,12,22,15,7,29,14,15,104,54,50,,,,102,22,80,,,
"May 22, 2024 4:00 PM",88,45,43,26,11,15,17,6,11,24,9,15,75,40,35,,,,73,31,42,,,
"May 22, 2024 5:00 PM",148,97,51,37,21,16,40,19,21,43,24,19,120,74,46,,,,73,37,36,,,
"May 22, 2024 6:00 PM",142,82,60,47,19,28,38,24,14,31,16,15,128,77,51,,,,78,42,36,,,
"May 22, 2024 7:00 PM",156,91,65,44,29,15,33,22,11,36,11,25,85,43,42,,,,52,15,37,,,
"May 22, 2024 8:00 PM",121,56,65,33,17,16,34,15,19,35,19,16,96,62,34,,,,43,22,21,,,
"May 22, 2024 9:00 PM",64,30,34,17,8,9,10,4,6,12,5,7,100,69,31,,,,20,5,15,,,
"May 22, 2024 10:00 PM",31,24,7,8,3,5,10,7,3,9,2,7,64,38,26,,,,17,10,7,,,
"May 22, 2024 11:00 PM",11,8,3,8,6,2,3,3,0,1,0,1,60,30,30,,,,6,3,3,,,
"May 23, 2024 12:00 AM",0,0,0,0,0,0,1,0,1,0,0,0,11,5,6,,,,9,6,3,,,
"May 23, 2024 1:00 AM",0,0,0,0,0,0,0,0,0,0,0,0,2,0,2,,,,7,4,3,,,
"May 23, 2024 2:00 AM",0,0,0,0,0,0,0,0,0,0,0,0,2,2,0,,,,3,2,1,,,
"May 23, 2024 3:00 AM",0,0,0,0,0,0,0,0,0,0,0,0,2,1,1,,,,1,1,0,,,
"May 23, 2024 4:00 AM",0,0,0,0,0,0,0,0,0,0,0,0,1,0,1,,,,0,0,0,,,
"May 23, 2024 5:00 AM",17,8,9,0,0,0,0,0,0,1,0,1,49,14,35,,,,6,4,2,,,
"May 23, 2024 6:00 AM",50,25,25,8,6,2,8,6,2,10,7,3,48,28,20,,,,10,4,6,,,
"May 23, 2024 7:00 AM",76,39,37,34,17,17,10,5,5,18,8,10,101,50,51,,,,29,11,18,,,
"May 23, 2024 8:00 AM",93,53,40,20,12,8,19,14,5,66,26,40,135,82,53,,,,103,72,31,,,
"May 23, 2024 9:00 AM",92,42,50,28,14,14,24,14,10,39,21,18,102,47,55,,,,47,24,23,,,
"May 23, 2024 10:00 AM",91,58,33,27,18,9,19,12,7,17,13,4,54,34,20,,,,22,9,13,,,
"May 23, 2024 11:00 AM",88,44,44,19,9,10,10,6,4,19,9,10,47,31,16,,,,33,17,16,,,
"May 23, 2024 12:00 PM",164,78,86,27,11,16,21,7,14,27,11,16,123,90,33,,,,52,23,29,,,
"May 23, 2024 1:00 PM",139,86,53,30,15,15,26,17,9,40,26,14,167,115,52,,,,80,38,42,,,
"May 23, 2024 2:00 PM",105,45,60,29,10,19,21,9,12,36,20,16,130,78,52,,,,92,33,59,,,
"May 23, 2024 3:00 PM",111,59,52,35,19,16,15,7,8,26,18,8,142,64,78,,,,100,21,79,,,
"May 23, 2024 4:00 PM",162,65,97,46,23,23,24,14,10,37,18,19,142,88,54,,,,67,33,34,,,
"May 23, 2024 5:00 PM",131,65,66,35,20,15,34,15,19,33,11,22,181,125,56,,,,70,29,41,,,
"May 23, 2024 6:00 PM",126,82,44,33,18,15,25,12,13,31,16,15,166,97,69,,,,77,37,40,,,
"May 23, 2024 7:00 PM",111,54,57,46,31,15,30,13,17,27,17,10,132,62,70,,,,49,24,25,,,
"May 23, 2024 8:00 PM",152,81,71,36,13,23,30,16,14,23,13,10,119,78,41,,,,48,20,28,,,
"May 23, 2024 9:00 PM",80,39,41,12,5,7,14,8,6,17,10,7,108,52,56,,,,23,6,17,,,
"May 23, 2024 10:00 PM",36,17,19,5,1,4,5,1,4,4,1,3,45,22,23,,,,14,6,8,,,
"May 23, 2024 11:00 PM",16,5,11,5,1,4,3,1,2,0,0,0,11,5,6,,,,9,6,3,,,
"May 24, 2024 12:00 AM",0,0,0,1,1,0,0,0,0,3,1,2,21,19,2,,,,5,4,1,,,
"May 24, 2024 1:00 AM",0,0,0,0,0,0,0,0,0,1,1,0,11,11,0,,,,2,1,1,,,
"May 24, 2024 2:00 AM",0,0,0,0,0,0,0,0,0,1,1,0,4,3,1,,,,0,0,0,,,
"May 24, 2024 3:00 AM",0,0,0,2,2,0,0,0,0,0,0,0,1,1,0,,,,0,0,0,,,
"May 24, 2024 4:00 AM",0,0,0,0,0,0,1,1,0,0,0,0,8,3,5,,,,17,9,8,,,
"May 24, 2024 5:00 AM",11,5,6,2,1,1,1,1,0,0,0,0,8,4,4,,,,44,20,24,,,
"May 24, 2024 6:00 AM",52,25,27,11,6,5,8,3,5,22,12,10,119,112,7,,,,16,4,12,,,
"May 24, 2024 7:00 AM",82,44,38,25,12,13,19,9,10,12,3,9,121,83,38,,,,26,13,13,,,
"May 24, 2024 8:00 AM",77,37,40,22,9,13,28,16,12,50,20,30,193,140,53,,,,83,51,32,,,
"May 24, 2024 9:00 AM",76,36,40,16,6,10,19,12,7,20,10,10,133,103,30,,,,35,13,22,,,
"May 24, 2024 10:00 AM",116,66,50,31,13,18,34,19,15,27,17,10,64,49,15,,,,39,20,19,,,
"May 24, 2024 11:00 AM",144,78,66,20,7,13,15,8,7,34,16,18,50,27,23,,,,41,15,26,,,
"May 24, 2024 12:00 PM",130,65,65,32,14,18,26,18,8,22,11,11,58,30,28,,,,50,24,26,,,
"May 24, 2024 1:00 PM",170,89,81,32,15,17,46,21,25,41,17,24,73,44,29,,,,70,19,51,,,
"May 24, 2024 2:00 PM",180,88,92,43,13,30,24,16,8,12,9,3,100,69,31,,,,74,26,48,,,
"May 24, 2024 3:00 PM",135,65,70,23,14,9,22,11,11,29,7,22,139,70,69,,,,50,20,30,,,
"May 24, 2024 4:00 PM",126,62,64,43,23,20,29,15,14,23,12,11,110,67,43,,,,57,27,30,,,
"May 24, 2024 5:00 PM",138,60,78,41,22,19,44,21,23,30,17,13,194,116,78,,,,44,19,25,,,
"May 24, 2024 6:00 PM",161,86,75,29,10,19,29,18,11,26,10,16,221,143,78,,,,56,24,32,,,
"May 24, 2024 7:00 PM",179,88,91,30,13,17,49,23,26,10,4,6,108,67,41,,,,51,24,27,,,
"May 24, 2024 8:00 PM",147,81,66,22,4,18,46,16,30,14,7,7,61,35,26,,,,51,29,22,,,
"May 24, 2024 9:00 PM",105,54,51,15,7,8,18,5,13,5,3,2,41,28,13,,,,25,10,15,,,
"May 24, 2024 10:00 PM",56,25,31,14,5,9,20,9,11,13,8,5,31,23,8,,,,20,10,10,,,
"May 24, 2024 11:00 PM",21,13,8,12,6,6,12,5,7,3,1,2,18,13,5,,,,10,9,1,,,
"May 25, 2024 12:00 AM",2,1,1,0,0,0,13,4,9,1,0,1,8,7,1,,,,3,1,2,,,
"May 25, 2024 1:00 AM",13,11,2,4,1,3,6,1,5,0,0,0,4,3,1,,,,8,5,3,,,
"May 25, 2024 2:00 AM",0,0,0,1,0,1,0,0,0,2,0,2,0,0,0,,,,2,0,2,,,
"May 25, 2024 3:00 AM",0,0,0,0,0,0,0,0,0,2,0,2,1,1,0,,,,4,4,0,,,
"May 25, 2024 4:00 AM",3,1,2,0,0,0,2,2,0,1,1,0,0,0,0,,,,0,0,0,,,
"May 25, 2024 5:00 AM",10,8,2,0,0,0,1,1,0,1,1,0,4,4,0,,,,2,2,0,,,
"May 25, 2024 6:00 AM",42,12,30,4,3,1,5,5,0,1,1,0,8,7,1,,,,6,1,5,,,
"May 25, 2024 7:00 AM",114,68,46,27,11,16,24,15,9,10,5,5,36,23,13,,,,20,11,9,,,
"May 25, 2024 8:00 AM",188,101,87,36,17,19,42,21,21,27,12,15,111,65,46,,,,33,21,12,,,
"May 25, 2024 9:00 AM",296,166,130,76,43,33,66,40,26,25,14,11,103,65,38,,,,103,75,28,,,
"May 25, 2024 10:00 AM",398,221,177,125,79,46,63,33,30,52,33,19,138,75,63,,,,104,81,23,,,
"May 25, 2024 11:00 AM",427,215,212,95,49,46,68,47,21,56,31,25,212,124,88,,,,78,57,21,,,
"May 25, 2024 12:00 PM",395,196,199,105,60,45,60,26,34,77,49,28,139,80,59,,,,63,40,23,,,
"May 25, 2024 1:00 PM",471,220,251,106,60,46,90,48,42,54,14,40,130,60,70,,,,51,30,21,,,
"May 25, 2024 2:00 PM",408,190,218,86,45,41,70,32,38,41,9,32,108,67,41,,,,54,24,30,,,
"May 25, 2024 3:00 PM",460,233,227,71,46,25,56,30,26,47,15,32,89,48,41,,,,50,24,26,,,
"May 25, 2024 4:00 PM",404,172,232,69,35,34,49,18,31,27,17,10,66,28,38,,,,44,17,27,,,
"May 25, 2024 5:00 PM",370,166,204,61,21,40,37,22,15,33,19,14,103,53,50,,,,58,33,25,,,
"May 25, 2024 6:00 PM",284,120,164,53,22,31,35,19,16,23,15,8,83,42,41,,,,51,25,26,,,
"May 25, 2024 7:00 PM",174,91,83,23,15,8,31,15,16,15,11,4,51,32,19,,,,48,22,26,,,
"May 25, 2024 8:00 PM",182,100,82,23,13,10,30,17,13,17,8,9,44,24,20,,,,49,20,29,,,
"May 25, 2024 9:00 PM",94,47,47,18,8,10,30,12,18,12,4,8,15,5,10,,,,22,9,13,,,
"May 25, 2024 10:00 PM",45,15,30,7,5,2,10,5,5,3,1,2,14,6,8,,,,14,7,7,,,
"May 25, 2024 11:00 PM",8,3,5,9,3,6,5,1,4,2,1,1,14,9,5,,,,17,13,4,,,
"May 26, 2024 12:00 AM",1,1,0,1,0,1,6,5,1,2,1,1,4,2,2,,,,7,5,2,,,
"May 26, 2024 1:00 AM",0,0,0,1,0,1,3,0,3,1,0,1,2,2,0,,,,15,6,9,,,
"May 26, 2024 2:00 AM",0,0,0,0,0,0,5,2,3,0,0,0,0,0,0,,,,10,5,5,,,
"May 26, 2024 3:00 AM",0,0,0,1,0,1,0,0,0,0,0,0,0,0,0,,,,3,2,1,,,
"May 26, 2024 4:00 AM",1,1,0,0,0,0,0,0,0,2,0,2,17,17,0,,,,2,0,2,,,
"May 26, 2024 5:00 AM",0,0,0,2,0,2,0,0,0,0,0,0,2,2,0,,,,2,1,1,,,
"May 26, 2024 6:00 AM",14,5,9,3,2,1,3,0,3,0,0,0,5,2,3,,,,5,4,1,,,
"May 26, 2024 7:00 AM",39,20,19,21,6,15,5,3,2,3,0,3,18,13,5,,,,8,4,4,,,
"May 26, 2024 8:00 AM",83,37,46,24,14,10,18,9,9,25,15,10,23,11,12,,,,16,9,7,,,
"May 26, 2024 9:00 AM",138,75,63,52,30,22,25,14,11,19,10,9,94,60,34,,,,29,13,16,,,
"May 26, 2024 10:00 AM",218,122,96,51,23,28,57,34,23,33,18,15,124,74,50,,,,21,8,13,,,
"May 26, 2024 11:00 AM",304,164,140,37,23,14,42,23,19,41,24,17,76,43,33,,,,35,19,16,,,
"May 26, 2024 12:00 PM",348,188,160,47,15,32,33,16,17,25,11,14,85,51,34,,,,43,24,19,,,
"May 26, 2024 1:00 PM",397,209,188,50,32,18,56,35,21,38,19,19,98,68,30,,,,31,16,15,,,
"May 26, 2024 2:00 PM",549,277,272,73,42,31,58,37,21,34,22,12,133,74,59,,,,44,17,27,,,
"May 26, 2024 3:00 PM",282,144,138,38,12,26,38,17,21,23,8,15,35,13,22,,,,17,11,6,,,
"May 26, 2024 4:00 PM",280,149,131,32,17,15,34,22,12,29,18,11,81,45,36,,,,14,1,13,,,
"May 26, 2024 5:00 PM",267,138,129,44,27,17,34,14,20,25,13,12,91,53,38,,,,42,25,17,,,
"May 26, 2024 6:00 PM",190,99,91,35,25,10,27,15,12,15,10,5,74,45,29,,,,38,21,17,,,
"May 26, 2024 7:00 PM",118,62,56,27,16,11,36,17,19,13,4,9,78,57,21,,,,32,17,15,,,
"May 26, 2024 8:00 PM",66,32,34,13,10,3,18,10,8,18,9,9,83,69,14,,,,21,11,10,,,
"May 26, 2024 9:00 PM",48,27,21,12,6,6,13,5,8,8,3,5,175,144,31,,,,11,3,8,,,
"May 26, 2024 10:00 PM",38,18,20,10,7,3,10,7,3,0,0,0,95,71,24,,,,9,5,4,,,
"May 26, 2024 11:00 PM",7,4,3,3,3,0,2,2,0,0,0,0,74,61,13,,,,3,2,1,,,
"May 27, 2024 12:00 AM",0,0,0,0,0,0,1,0,1,0,0,0,9,7,2,,,,5,5,0,,,
"May 27, 2024 1:00 AM",0,0,0,1,1,0,0,0,0,4,4,0,6,5,1,,,,0,0,0,,,
"May 27, 2024 2:00 AM",0,0,0,0,0,0,0,0,0,0,0,0,63,49,14,,,,5,1,4,,,
"May 27, 2024 3:00 AM",0,0,0,0,0,0,1,0,1,0,0,0,9,3,6,,,,1,1,0,,,
"May 27, 2024 4:00 AM",0,0,0,1,0,1,0,0,0,0,0,0,4,4,0,,,,1,1,0,,,
"May 27, 2024 5:00 AM",18,4,14,2,1,1,0,0,0,0,0,0,3,2,1,,,,8,4,4,,,
"May 27, 2024 6:00 AM",55,23,32,14,9,5,8,6,2,14,7,7,21,15,6,,,,18,9,9,,,
"May 27, 2024 7:00 AM",86,51,35,28,10,18,19,3,16,14,2,12,84,40,44,,,,26,11,15,,,
"May 27, 2024 8:00 AM",122,66,56,30,14,16,20,16,4,73,36,37,315,149,166,,,,93,53,40,,,
"May 27, 2024 9:00 AM",185,103,82,32,18,14,23,14,9,28,17,11,103,64,39,,,,69,43,26,,,
"May 27, 2024 10:00 AM",243,133,110,40,20,20,36,20,16,28,19,9,87,52,35,,,,63,43,20,,,
"May 27, 2024 11:00 AM",285,156,129,57,28,29,37,21,16,24,10,14,79,41,38,,,,70,42,28,,,
"May 27, 2024 12:00 PM",267,144,123,44,24,20,26,16,10,19,5,14,95,50,45,,,,73,31,42,,,
"May 27, 2024 1:00 PM",271,132,139,49,18,31,52,25,27,29,19,10,124,82,42,,,,64,27,37,,,
"May 27, 2024 2:00 PM",245,121,124,29,16,13,18,10,8,27,14,13,133,71,62,,,,64,20,44,,,
"May 27, 2024 3:00 PM",202,99,103,20,14,6,23,10,13,25,11,14,154,80,74,,,,56,25,31,,,
"May 27, 2024 4:00 PM",214,95,119,43,25,18,46,21,25,38,20,18,119,59,60,,,,49,27,22,,,
"May 27, 2024 5:00 PM",241,132,109,59,36,23,48,29,19,38,23,15,211,123,88,,,,86,43,43,,,
"May 27, 2024 6:00 PM",260,142,118,96,52,44,73,38,35,53,26,27,178,115,63,,,,84,49,35,,,
"May 27, 2024 7:00 PM",340,149,191,65,30,35,57,30,27,21,9,12,158,70,88,,,,83,42,41,,,
"May 27, 2024 8:00 PM",360,181,179,50,21,29,41,21,20,22,7,15,96,50,46,,,,56,34,22,,,
"May 27, 2024 9:00 PM",199,103,96,42,17,25,49,23,26,17,11,6,72,37,35,,,,56,32,24,,,
"May 27, 2024 10:00 PM",60,38,22,18,7,11,9,4,5,2,0,2,33,16,17,,,,31,17,14,,,
"May 27, 2024 11:00 PM",14,5,9,5,2,3,10,4,6,2,2,0,16,6,10,,,,6,1,5,,,
"May 28, 2024 12:00 AM",3,3,0,0,0,0,3,3,0,0,0,0,18,15,3,,,,4,1,3,,,
"May 28, 2024 1:00 AM",0,0,0,0,0,0,1,0,1,0,0,0,18,11,7,,,,3,3,0,,,
"May 28, 2024 2:00 AM",0,0,0,0,0,0,0,0,0,0,0,0,0,0,0,,,,0,0,0,,,
"May 28, 2024 3:00 AM",0,0,0,0,0,0,0,0,0,0,0,0,1,0,1,,,,0,0,0,,,
"May 28, 2024 4:00 AM",2,1,1,0,0,0,3,2,1,0,0,0,0,0,0,,,,0,0,0,,,
"May 28, 2024 5:00 AM",10,3,7,5,5,0,0,0,0,0,0,0,0,0,0,,,,8,3,5,,,
"May 28, 2024 6:00 AM",30,18,12,9,4,5,21,10,11,13,8,5,18,15,3,,,,10,4,6,,,
"May 28, 2024 7:00 AM",71,38,33,23,12,11,25,11,14,13,4,9,75,44,31,,,,45,21,24,,,
"May 28, 2024 8:00 AM",83,42,41,40,14,26,21,16,5,47,21,26,122,66,56,,,,77,49,28,,,
"May 28, 2024 9:00 AM",131,69,62,26,14,12,23,16,7,49,16,33,108,63,45,,,,70,41,29,,,
"May 28, 2024 10:00 AM",152,95,57,42,23,19,31,18,13,24,11,13,88,59,29,,,,32,16,16,,,
"May 28, 2024 11:00 AM",193,96,97,36,21,15,30,16,14,35,17,18,77,44,33,,,,42,14,28,,,
"May 28, 2024 12:00 PM",227,99,128,37,21,16,34,24,10,31,12,19,83,50,33,,,,71,31,40,,,
"May 28, 2024 1:00 PM",271,137,134,40,16,24,38,9,29,37,22,15,155,105,50,,,,82,49,33,,,
"May 28, 2024 2:00 PM",196,100,96,38,17,21,45,24,21,39,14,25,192,84,108,,,,109,55,54,,,
"May 28, 2024 3:00 PM",255,117,138,20,11,9,46,25,21,36,23,13,165,91,74,,,,102,45,57,,,
"May 28, 2024 4:00 PM",207,100,107,53,28,25,50,29,21,46,24,22,268,137,131,,,,80,41,39,,,
"May 28, 2024 5:00 PM",173,91,82,57,28,29,64,45,19,34,16,18,215,108,107,,,,103,52,51,,,
"May 28, 2024 6:00 PM",235,114,121,52,34,18,45,28,17,28,10,18,158,100,58,,,,90,44,46,,,
"May 28, 2024 7:00 PM",261,153,108,77,47,30,60,35,25,27,17,10,120,69,51,,,,88,47,41,,,
"May 28, 2024 8:00 PM",258,136,122,70,29,41,47,21,26,23,10,13,120,67,53,,,,72,32,40,,,
"May 28, 2024 9:00 PM",184,87,97,44,24,20,25,8,17,7,4,3,68,35,33,,,,49,20,29,,,
"May 28, 2024 10:00 PM",71,38,33,9,3,6,12,7,5,3,2,1,36,21,15,,,,39,21,18,,,
"May 28, 2024 11:00 PM",22,13,9,5,4,1,3,2,1,0,0,0,127,104,23,,,,13,8,5,,,
"May 29, 2024 12:00 AM",1,1,0,0,0,0,1,0,1,1,1,0,114,71,43,,,,8,5,3,,,
"May 29, 2024 1:00 AM",0,0,0,0,0,0,4,3,1,0,0,0,0,0,0,,,,3,2,1,,,
"May 29, 2024 2:00 AM",2,2,0,0,0,0,0,0,0,0,0,0,2,2,0,,,,0,0,0,,,
"May 29, 2024 3:00 AM",0,0,0,1,1,0,1,1,0,0,0,0,0,0,0,,,,3,3,0,,,
"May 29, 2024 4:00 AM",1,0,1,0,0,0,0,0,0,0,0,0,1,1,0,,,,3,1,2,,,
"May 29, 2024 5:00 AM",19,6,13,5,3,2,4,2,2,1,0,1,10,7,3,,,,6,3,3,,,
"May 29, 2024 6:00 AM",70,39,31,33,21,12,27,14,13,8,4,4,115,79,36,,,,19,11,8,,,
"May 29, 2024 7:00 AM",94,54,40,34,11,23,34,13,21,17,7,10,92,54,38,,,,39,21,18,,,
"May 29, 2024 8:00 AM",121,67,54,35,20,15,25,11,14,67,29,38,240,119,121,,,,100,60,40,,,
"May 29, 2024 9:00 AM",141,71,70,32,11,21,33,20,13,30,15,15,120,57,63,,,,92,50,42,,,
"May 29, 2024 10:00 AM",133,83,50,24,13,11,12,7,5,19,12,7,118,58,60,,,,33,17,16,,,
"May 29, 2024 11:00 AM",170,109,61,32,21,11,31,16,15,31,13,18,252,178,74,,,,54,25,29,,,
"May 29, 2024 12:00 PM",188,93,95,40,21,19,22,17,5,28,20,8,101,57,44,,,,62,25,37,,,
"May 29, 2024 1:00 PM",217,109,108,40,25,15,50,31,19,30,17,13,199,139,60,,,,89,37,52,,,
"May 29, 2024 2:00 PM",183,95,88,44,25,19,31,14,17,29,13,16,124,64,60,,,,87,24,63,,,
"May 29, 2024 3:00 PM",147,83,64,32,13,19,38,18,20,24,11,13,109,62,47,,,,77,31,46,,,
"May 29, 2024 4:00 PM",164,77,87,42,23,19,38,19,19,28,13,15,161,88,73,,,,48,23,25,,,
"May 29, 2024 5:00 PM",231,130,101,47,29,18,41,23,18,44,21,23,235,160,75,,,,102,44,58,,,
"May 29, 2024 6:00 PM",198,100,98,68,40,28,47,24,23,41,23,18,275,200,75,,,,100,51,49,,,
"May 29, 2024 7:00 PM",181,97,84,48,31,17,43,28,15,34,14,20,228,156,72,,,,81,27,54,,,
"May 29, 2024 8:00 PM",195,104,91,45,20,25,39,17,22,17,6,11,98,63,35,,,,53,22,31,,,
"May 29, 2024 9:00 PM",143,74,69,26,12,14,24,10,14,15,8,7,236,176,60,,,,40,14,26,,,
"May 29, 2024 10:00 PM",48,31,17,14,6,8,19,10,9,3,1,2,287,196,91,,,,16,9,7,,,
"May 29, 2024 11:00 PM",16,11,5,0,0,0,12,6,6,2,1,1,44,30,14,,,,4,0,4,,,
"May 30, 2024 12:00 AM",0,0,0,4,0,4,2,0,2,0,0,0,18,14,4,,,,11,7,4,,,
"May 30, 2024 1:00 AM",1,0,1,0,0,0,0,0,0,0,0,0,14,4,10,,,,4,4,0,,,
"May 30, 2024 2:00 AM",0,0,0,0,0,0,0,0,0,0,0,0,2,2,0,,,,0,0,0,,,
"May 30, 2024 3:00 AM",0,0,0,0,0,0,0,0,0,0,0,0,1,1,0,,,,0,0,0,,,
"May 30, 2024 4:00 AM",0,0,0,0,0,0,0,0,0,0,0,0,5,2,3,,,,1,1,0,,,
"May 30, 2024 5:00 AM",18,8,10,4,2,2,1,1,0,1,0,1,13,9,4,,,,7,4,3,,,
"May 30, 2024 6:00 AM",56,29,27,11,4,7,25,13,12,17,10,7,54,41,13,,,,18,8,10,,,
"May 30, 2024 7:00 AM",85,42,43,41,19,22,30,13,17,14,6,8,122,73,49,,,,38,15,23,,,
"May 30, 2024 8:00 AM",112,59,53,38,25,13,24,16,8,48,19,29,157,91,66,,,,73,47,26,,,
"May 30, 2024 9:00 AM",113,59,54,39,21,18,30,19,11,30,14,16,130,62,68,,,,64,30,34,,,
"May 30, 2024 10:00 AM",93,50,43,37,24,13,15,10,5,32,16,16,102,63,39,,,,37,18,19,,,
"May 30, 2024 11:00 AM",156,90,66,33,17,16,27,13,14,37,20,17,91,44,47,,,,51,29,22,,,
"May 30, 2024 12:00 PM",161,92,69,28,16,12,20,10,10,22,11,11,112,57,55,,,,90,43,47,,,
"May 30, 2024 1:00 PM",184,113,71,38,20,18,31,14,17,24,8,16,165,89,76,,,,62,25,37,,,
"May 30, 2024 2:00 PM",133,76,57,20,14,6,14,10,4,29,14,15,225,124,101,,,,56,21,35,,,
"May 30, 2024 3:00 PM",129,64,65,41,27,14,31,21,10,38,14,24,125,59,66,,,,67,23,44,,,
"May 30, 2024 4:00 PM",155,81,74,30,15,15,38,19,19,28,14,14,211,80,131,,,,51,19,32,,,
"May 30, 2024 5:00 PM",178,90,88,39,27,12,65,34,31,43,22,21,129,84,45,,,,65,30,35,,,
"May 30, 2024 6:00 PM",175,100,75,46,24,22,58,20,38,40,18,22,146,83,63,,,,68,39,29,,,
"May 30, 2024 7:00 PM",198,98,100,43,21,22,39,16,23,32,19,13,140,77,63,,,,65,35,30,,,
"May 30, 2024 8:00 PM",185,93,92,42,21,21,33,14,19,32,12,20,73,42,31,,,,68,19,49,,,
"May 30, 2024 9:00 PM",109,45,64,19,9,10,19,7,12,15,11,4,62,38,24,,,,33,11,22,,,
"May 30, 2024 10:00 PM",83,50,33,5,4,1,12,6,6,13,5,8,47,29,18,,,,25,18,7,,,
"May 30, 2024 11:00 PM",9,6,3,3,1,2,5,2,3,2,0,2,32,18,14,,,,5,3,2,,,
"May 31, 2024 12:00 AM",0,0,0,0,0,0,0,0,0,2,0,2,9,2,7,,,,8,6,2,,,
"May 31, 2024 1:00 AM",0,0,0,0,0,0,1,1,0,0,0,0,1,1,0,,,,0,0,0,,,
"May 31, 2024 2:00 AM",0,0,0,2,2,0,0,0,0,0,0,0,6,3,3,,,,3,1,2,,,
"May 31, 2024 3:00 AM",1,1,0,0,0,0,1,1,0,1,1,0,0,0,0,,,,1,0,1,,,
"May 31, 2024 4:00 AM",4,3,1,1,1,0,1,1,0,0,0,0,7,2,5,,,,3,3,0,,,
"May 31, 2024 5:00 AM",13,2,11,1,0,1,3,1,2,0,0,0,5,3,2,,,,4,1,3,,,
"May 31, 2024 6:00 AM",52,22,30,14,8,6,10,6,4,9,5,4,41,21,20,,,,22,8,14,,,
"May 31, 2024 7:00 AM",104,60,44,39,20,19,31,17,14,24,15,9,83,46,37,,,,37,22,15,,,
"May 31, 2024 8:00 AM",112,51,61,54,25,29,37,23,14,45,20,25,138,78,60,,,,84,46,38,,,
"May 31, 2024 9:00 AM",155,93,62,47,26,21,41,23,18,22,13,9,83,45,38,,,,54,28,26,,,
"May 31, 2024 10:00 AM",229,126,103,28,14,14,41,23,18,26,18,8,76,50,26,,,,59,26,33,,,
"May 31, 2024 11:00 AM",330,192,138,44,21,23,35,17,18,21,7,14,81,49,32,,,,44,18,26,,,
"May 31, 2024 12:00 PM",374,223,151,40,18,22,33,20,13,40,15,25,374,295,79,,,,79,35,44,,,
"May 31, 2024 1:00 PM",332,181,151,68,34,34,37,20,17,33,22,11,450,208,242,,,,75,34,41,,,
"May 31, 2024 2:00 PM",383,168,215,61,25,36,41,27,14,20,8,12,322,131,191,,,,76,30,46,,,
"May 31, 2024 3:00 PM",338,184,154,50,22,28,49,27,22,24,10,14,148,79,69,,,,88,47,41,,,
"May 31, 2024 4:00 PM",274,121,153,78,35,43,50,28,22,27,18,9,127,64,63,,,,73,38,35,,,
"May 31, 2024 5:00 PM",278,161,117,56,32,24,44,20,24,42,19,23,145,81,64,,,,71,30,41,,,
"May 31, 2024 6:00 PM",247,114,133,29,22,7,45,29,16,28,9,19,110,59,51,,,,71,30,41,,,
"May 31, 2024 7:00 PM",265,136,129,58,33,25,45,23,22,20,6,14,119,72,47,,,,46,12,34,,,
"May 31, 2024 8:00 PM",247,132,115,32,21,11,37,11,26,14,6,8,178,93,85,,,,52,26,26,,,
"May 31, 2024 9:00 PM",194,96,98,32,8,24,36,22,14,7,5,2,93,58,35,,,,64,23,41,,,
"May 31, 2024 10:00 PM",106,56,50,27,13,14,23,11,12,5,1,4,99,52,47,,,,28,10,18,,,
"May 31, 2024 11:00 PM",13,6,7,9,1,8,8,6,2,1,0,1,38,27,11,,,,20,12,8,,,
"Jun 1, 2024 12:00 AM",1,1,0,1,0,1,13,4,9,8,5,3,27,13,14,,,,10,6,4,,,
"Jun 1, 2024 1:00 AM",5,2,3,3,2,1,6,4,2,0,0,0,17,13,4,,,,10,8,2,,,
"Jun 1, 2024 2:00 AM",2,1,1,2,0,2,1,0,1,1,0,1,1,0,1,,,,0,0,0,,,
"Jun 1, 2024 3:00 AM",2,1,1,0,0,0,1,0,1,0,0,0,1,0,1,,,,2,1,1,,,
"Jun 1, 2024 4:00 AM",6,4,2,0,0,0,0,0,0,0,0,0,17,10,7,,,,0,0,0,,,
"Jun 1, 2024 5:00 AM",6,3,3,3,2,1,5,3,2,0,0,0,2,1,1,,,,2,2,0,,,
"Jun 1, 2024 6:00 AM",13,6,7,10,5,5,6,2,4,2,0,2,18,12,6,,,,7,5,2,,,
"Jun 1, 2024 7:00 AM",80,40,40,23,12,11,30,15,15,3,2,1,31,15,16,,,,18,7,11,,,
"Jun 1, 2024 8:00 AM",129,75,54,40,16,24,27,12,15,26,13,13,131,55,76,,,,25,12,13,,,
"Jun 1, 2024 9:00 AM",192,118,74,54,32,22,37,20,17,37,22,15,147,104,43,,,,36,15,21,,,
"Jun 1, 2024 10:00 AM",282,163,119,73,37,36,41,24,17,34,14,20,141,91,50,,,,53,28,25,,,
"Jun 1, 2024 11:00 AM",444,261,183,71,43,28,76,40,36,27,15,12,136,88,48,,,,63,24,39,,,
"Jun 1, 2024 12:00 PM",471,233,238,83,44,39,63,36,27,41,17,24,147,87,60,,,,83,67,16,,,
"Jun 1, 2024 1:00 PM",459,202,257,84,51,33,57,34,23,35,13,22,135,77,58,,,,88,63,25,,,
"Jun 1, 2024 2:00 PM",560,279,281,85,45,40,98,52,46,42,25,17,118,79,39,,,,69,46,23,,,
"Jun 1, 2024 3:00 PM",578,325,253,87,45,42,51,22,29,19,10,9,142,74,68,,,,37,15,22,,,
"Jun 1, 2024 4:00 PM",604,304,300,70,38,32,55,31,24,26,10,16,182,104,78,,,,89,54,35,,,
"Jun 1, 2024 5:00 PM",513,228,285,65,26,39,56,21,35,21,12,9,160,95,65,,,,49,20,29,,,
"Jun 1, 2024 6:00 PM",422,203,219,63,25,38,57,31,26,29,15,14,105,56,49,,,,76,32,44,,,
"Jun 1, 2024 7:00 PM",362,195,167,56,24,32,43,11,32,20,12,8,75,35,40,,,,42,23,19,,,
"Jun 1, 2024 8:00 PM",272,107,165,41,20,21,37,20,17,18,6,12,65,29,36,,,,29,17,12,,,
"Jun 1, 2024 9:00 PM",175,82,93,31,16,15,43,12,31,15,3,12,60,33,27,,,,56,21,35,,,
"Jun 1, 2024 10:00 PM",72,32,40,13,3,10,13,3,10,8,3,5,26,14,12,,,,34,17,17,,,
"Jun 1, 2024 11:00 PM",19,12,7,4,3,1,9,6,3,2,2,0,18,8,10,,,,14,12,2,,,
"Jun 2, 2024 12:00 AM",0,0,0,0,0,0,3,2,1,1,0,1,57,17,40,,,,20,10,10,,,
"Jun 2, 2024 1:00 AM",2,2,0,0,0,0,1,0,1,0,0,0,22,10,12,,,,5,2,3,,,
"Jun 2, 2024 2:00 AM",0,0,0,1,1,0,0,0,0,1,0,1,8,6,2,,,,6,1,5,,,
"Jun 2, 2024 3:00 AM",3,2,1,0,0,0,0,0,0,0,0,0,1,1,0,,,,3,2,1,,,
"Jun 2, 2024 4:00 AM",1,1,0,0,0,0,1,0,1,0,0,0,1,0,1,,,,4,3,1,,,
"Jun 2, 2024 5:00 AM",6,3,3,4,1,3,2,2,0,0,0,0,3,0,3,,,,2,1,1,,,
"Jun 2, 2024 6:00 AM",18,9,9,6,5,1,9,5,4,2,1,1,5,2,3,,,,9,3,6,,,
"Jun 2, 2024 7:00 AM",79,38,41,16,9,7,14,9,5,8,6,2,41,22,19,,,,15,5,10,,,
"Jun 2, 2024 8:00 AM",159,90,69,26,12,14,26,18,8,17,8,9,74,53,21,,,,31,17,14,,,
"Jun 2, 2024 9:00 AM",285,169,116,78,47,31,38,20,18,21,13,8,132,76,56,,,,40,28,12,,,
"Jun 2, 2024 10:00 AM",457,252,205,92,50,42,65,39,26,29,17,12,149,93,56,,,,48,24,24,,,
"Jun 2, 2024 11:00 AM",566,336,230,97,58,39,94,47,47,43,22,21,196,127,69,,,,82,39,43,,,
"Jun 2, 2024 12:00 PM",893,481,412,122,63,59,115,70,45,38,20,18,207,126,81,,,,262,230,32,,,
"Jun 2, 2024 1:00 PM",894,456,438,82,47,35,100,56,44,58,29,29,163,92,71,,,,116,92,24,,,
"Jun 2, 2024 2:00 PM",991,519,472,99,63,36,85,43,42,44,25,19,228,129,99,,,,81,61,20,,,
"Jun 2, 2024 3:00 PM",947,489,458,72,37,35,95,55,40,24,8,16,205,117,88,,,,53,29,24,,,
"Jun 2, 2024 4:00 PM",739,303,436,100,48,52,85,41,44,64,31,33,145,88,57,,,,51,32,19,,,
"Jun 2, 2024 5:00 PM",617,282,335,78,46,32,54,34,20,30,15,15,148,70,78,,,,35,16,19,,,
"Jun 2, 2024 6:00 PM",458,236,222,56,36,20,38,19,19,18,9,9,135,58,77,,,,64,31,33,,,
"Jun 2, 2024 7:00 PM",253,120,133,37,22,15,37,16,21,20,11,9,115,56,59,,,,43,26,17,,,
"Jun 2, 2024 8:00 PM",209,102,107,23,11,12,29,13,16,13,6,7,206,86,120,,,,45,25,20,,,
"Jun 2, 2024 9:00 PM",130,63,67,19,7,12,20,10,10,13,11,2,197,100,97,,,,47,16,31,,,
"Jun 2, 2024 10:00 PM",84,45,39,10,2,8,8,5,3,7,5,2,28,18,10,,,,35,16,19,,,
"Jun 2, 2024 11:00 PM",12,3,9,4,2,2,6,3,3,3,1,2,32,20,12,,,,15,5,10,,,
"Jun 3, 2024 12:00 AM",0,0,0,2,2,0,1,1,0,2,1,1,65,29,36,,,,11,6,5,,,
"Jun 3, 2024 1:00 AM",1,1,0,1,0,1,2,2,0,4,1,3,16,7,9,,,,16,11,5,,,
"Jun 3, 2024 2:00 AM",0,0,0,0,0,0,0,0,0,0,0,0,1,1,0,,,,5,4,1,,,
"Jun 3, 2024 3:00 AM",0,0,0,0,0,0,0,0,0,0,0,0,2,1,1,,,,4,1,3,,,
"Jun 3, 2024 4:00 AM",2,1,1,0,0,0,1,1,0,0,0,0,1,1,0,,,,4,4,0,,,
"Jun 3, 2024 5:00 AM",6,2,4,4,2,2,0,0,0,0,0,0,18,12,6,,,,1,0,1,,,
"Jun 3, 2024 6:00 AM",19,5,14,4,4,0,3,0,3,3,2,1,52,46,6,,,,5,4,1,,,
"Jun 3, 2024 7:00 AM",49,28,21,14,9,5,10,7,3,7,3,4,45,37,8,,,,10,3,7,,,
"Jun 3, 2024 8:00 AM",120,60,60,23,13,10,17,9,8,14,6,8,96,80,16,,,,17,11,6,,,
"Jun 3, 2024 9:00 AM",165,91,74,44,29,15,30,17,13,40,19,21,230,173,57,,,,33,17,16,,,
"Jun 3, 2024 10:00 AM",289,182,107,79,40,39,51,34,17,38,24,14,699,535,164,,,,31,15,16,,,
"Jun 3, 2024 11:00 AM",417,232,185,80,59,21,49,30,19,34,12,22,163,94,69,,,,31,12,19,,,
"Jun 3, 2024 12:00 PM",505,303,202,76,39,37,78,49,29,55,27,28,231,146,85,,,,57,25,32,,,
"Jun 3, 2024 1:00 PM",526,260,266,58,31,27,90,52,38,55,33,22,237,125,112,,,,45,14,31,,,
"Jun 3, 2024 2:00 PM",473,254,219,92,48,44,55,23,32,45,23,22,129,70,59,,,,67,31,36,,,
"Jun 3, 2024 3:00 PM",524,274,250,68,34,34,67,32,35,44,25,19,177,103,74,,,,51,16,35,,,
"Jun 3, 2024 4:00 PM",508,244,264,59,34,25,67,39,28,36,17,19,151,87,64,,,,73,39,34,,,
"Jun 3, 2024 5:00 PM",410,193,217,78,45,33,53,19,34,34,15,19,152,85,67,,,,59,35,24,,,
"Jun 3, 2024 6:00 PM",300,152,148,45,26,19,42,21,21,24,11,13,103,63,40,,,,40,17,23,,,
"Jun 3, 2024 7:00 PM",312,151,161,36,22,14,41,17,24,13,7,6,181,103,78,,,,33,11,22,,,
"Jun 3, 2024 8:00 PM",286,132,154,36,19,17,46,17,29,11,6,5,182,100,82,,,,50,23,27,,,
"Jun 3, 2024 9:00 PM",173,96,77,27,10,17,28,13,15,20,12,8,58,32,26,,,,38,14,24,,,
"Jun 3, 2024 10:00 PM",63,29,34,14,11,3,16,10,6,4,3,1,52,32,20,,,,38,16,22,,,
"Jun 3, 2024 11:00 PM",22,15,7,2,2,0,6,6,0,2,0,2,48,17,31,,,,17,7,10,,,
"Jun 4, 2024 12:00 AM",0,0,0,2,0,2,4,1,3,1,0,1,3,3,0,,,,8,7,1,,,
"Jun 4, 2024 1:00 AM",6,4,2,2,1,1,7,3,4,0,0,0,65,29,36,,,,2,2,0,,,
"Jun 4, 2024 2:00 AM",0,0,0,0,0,0,3,1,2,0,0,0,31,23,8,,,,2,2,0,,,
"Jun 4, 2024 3:00 AM",2,0,2,1,0,1,0,0,0,0,0,0,11,8,3,,,,1,1,0,,,
"Jun 4, 2024 4:00 AM",1,0,1,0,0,0,0,0,0,0,0,0,2,1,1,,,,3,2,1,,,
"Jun 4, 2024 5:00 AM",19,8,11,3,1,2,1,0,1,0,0,0,16,5,11,,,,5,2,3,,,
"Jun 4, 2024 6:00 AM",54,29,25,11,6,5,13,11,2,11,6,5,85,46,39,,,,11,8,3,,,
"Jun 4, 2024 7:00 AM",95,50,45,13,4,9,21,8,13,17,8,9,81,51,30,,,,31,21,10,,,
"Jun 4, 2024 8:00 AM",111,47,64,22,11,11,27,16,11,33,8,25,135,69,66,,,,45,14,31,,,
"Jun 4, 2024 9:00 AM",123,55,68,25,19,6,29,13,16,18,11,7,209,100,109,,,,39,16,23,,,
"Jun 4, 2024 10:00 AM",116,62,54,24,15,9,18,7,11,12,6,6,95,60,35,,,,32,15,17,,,
"Jun 4, 2024 11:00 AM",164,79,85,30,16,14,28,14,14,24,10,14,123,69,54,,,,50,23,27,,,
"Jun 4, 2024 12:00 PM",158,89,69,41,22,19,35,26,9,30,13,17,101,53,48,,,,61,32,29,,,
"Jun 4, 2024 1:00 PM",200,101,99,33,18,15,30,10,20,28,12,16,129,62,67,,,,50,23,27,,,
"Jun 4, 2024 2:00 PM",157,87,70,32,18,14,31,14,17,24,13,11,162,65,97,,,,39,18,21,,,
"Jun 4, 2024 3:00 PM",163,92,71,31,18,13,27,16,11,29,15,14,137,65,72,,,,47,18,29,,,
"Jun 4, 2024 4:00 PM",140,82,58,48,37,11,33,24,9,28,8,20,358,153,205,,,,55,22,33,,,
"Jun 4, 2024 5:00 PM",207,116,91,66,46,20,54,35,19,35,16,19,396,209,187,,,,89,41,48,,,
"Jun 4, 2024 6:00 PM",256,135,121,57,30,27,66,29,37,45,28,17,147,80,67,,,,87,47,40,,,
"Jun 4, 2024 7:00 PM",212,104,108,57,33,24,44,23,21,35,16,19,204,124,80,,,,92,36,56,,,
"Jun 4, 2024 8:00 PM",241,128,113,44,26,18,37,18,19,28,14,14,333,140,193,,,,51,23,28,,,
"Jun 4, 2024 9:00 PM",125,63,62,41,21,20,21,10,11,21,10,11,129,55,74,,,,37,14,23,,,
"Jun 4, 2024 10:00 PM",57,28,29,20,9,11,13,4,9,9,5,4,143,87,56,,,,18,10,8,,,
"Jun 4, 2024 11:00 PM",18,12,6,1,0,1,1,0,1,2,1,1,56,24,32,,,,3,2,1,,,
"Jun 5, 2024 12:00 AM",0,0,0,0,0,0,0,0,0,1,0,1,60,31,29,,,,10,7,3,,,
"Jun 5, 2024 1:00 AM",0,0,0,1,1,0,0,0,0,1,1,0,1,0,1,,,,4,1,3,,,
"Jun 5, 2024 2:00 AM",1,0,1,0,0,0,0,0,0,4,4,0,2,1,1,,,,0,0,0,,,
"Jun 5, 2024 3:00 AM",1,1,0,0,0,0,0,0,0,0,0,0,2,2,0,,,,0,0,0,,,
"Jun 5, 2024 4:00 AM",4,3,1,0,0,0,0,0,0,0,0,0,3,2,1,,,,1,1,0,,,
"Jun 5, 2024 5:00 AM",11,3,8,3,1,2,0,0,0,0,0,0,16,10,6,,,,8,3,5,,,
"Jun 5, 2024 6:00 AM",57,30,27,20,13,7,16,13,3,8,5,3,88,36,52,,,,15,9,6,,,
"Jun 5, 2024 7:00 AM",119,69,50,34,17,17,40,18,22,18,6,12,142,83,59,,,,34,17,17,,,
"Jun 5, 2024 8:00 AM",122,61,61,21,15,6,31,16,15,43,22,21,224,135,89,,,,110,71,39,,,
"Jun 5, 2024 9:00 AM",162,78,84,35,16,19,30,11,19,39,16,23,122,69,53,,,,141,102,39,,,
"Jun 5, 2024 10:00 AM",179,107,72,40,20,20,32,22,10,39,22,17,92,55,37,,,,127,98,29,,,
"Jun 5, 2024 11:00 AM",204,116,88,57,31,26,28,14,14,30,11,19,156,95,61,,,,79,43,36,,,
"Jun 5, 2024 12:00 PM",188,108,80,60,24,36,33,20,13,38,19,19,168,88,80,,,,109,69,40,,,
"Jun 5, 2024 1:00 PM",205,109,96,62,35,27,39,20,19,34,18,16,127,62,65,,,,67,40,27,,,
"Jun 5, 2024 2:00 PM",174,93,81,43,15,28,21,11,10,30,12,18,133,68,65,,,,70,20,50,,,
"Jun 5, 2024 3:00 PM",200,88,112,30,18,12,40,17,23,31,15,16,82,40,42,,,,79,29,50,,,
"Jun 5, 2024 4:00 PM",151,75,76,56,30,26,30,17,13,34,18,16,133,73,60,,,,81,34,47,,,
"Jun 5, 2024 5:00 PM",148,84,64,39,20,19,45,26,19,40,26,14,180,103,77,,,,68,28,40,,,
"Jun 5, 2024 6:00 PM",180,89,91,50,26,24,40,22,18,33,18,15,153,92,61,,,,84,48,36,,,
"Jun 5, 2024 7:00 PM",205,107,98,40,20,20,80,29,51,26,13,13,291,160,131,,,,63,23,40,,,
"Jun 5, 2024 8:00 PM",185,94,91,33,22,11,35,19,16,31,10,21,354,170,184,,,,53,23,30,,,
"Jun 5, 2024 9:00 PM",138,74,64,38,19,19,29,15,14,4,0,4,299,152,147,,,,34,11,23,,,
"Jun 5, 2024 10:00 PM",67,38,29,11,6,5,66,57,9,5,4,1,200,102,98,,,,23,10,13,,,
"Jun 5, 2024 11:00 PM",11,10,1,2,2,0,8,6,2,7,4,3,121,64,57,,,,8,4,4,,,
"Jun 6, 2024 12:00 AM",0,0,0,0,0,0,2,1,1,0,0,0,80,27,53,,,,7,6,1,,,
"Jun 6, 2024 1:00 AM",1,1,0,2,0,2,0,0,0,0,0,0,105,46,59,,,,1,1,0,,,
"Jun 6, 2024 2:00 AM",1,1,0,0,0,0,0,0,0,0,0,0,0,0,0,,,,5,3,2,,,
"Jun 6, 2024 3:00 AM",0,0,0,0,0,0,0,0,0,0,0,0,11,6,5,,,,3,1,2,,,
"Jun 6, 2024 4:00 AM",0,0,0,1,1,0,0,0,0,0,0,0,1,1,0,,,,1,1,0,,,
"Jun 6, 2024 5:00 AM",19,7,12,4,1,3,4,1,3,1,0,1,14,9,5,,,,5,2,3,,,
"Jun 6, 2024 6:00 AM",69,37,32,6,4,2,14,12,2,14,8,6,158,68,90,,,,20,12,8,,,
"Jun 6, 2024 7:00 AM",109,65,44,29,19,10,29,14,15,18,8,10,126,58,68,,,,37,17,20,,,
"Jun 6, 2024 8:00 AM",132,56,76,29,14,15,38,20,18,44,21,23,257,120,137,,,,75,46,29,,,
"Jun 6, 2024 9:00 AM",131,76,55,32,16,16,26,9,17,34,20,14,419,201,218,,,,52,26,26,,,
"Jun 6, 2024 10:00 AM",142,82,60,43,24,19,10,6,4,22,10,12,190,136,54,,,,68,41,27,,,
"Jun 6, 2024 11:00 AM",224,138,86,30,15,15,29,19,10,32,16,16,272,150,122,,,,120,77,43,,,
"Jun 6, 2024 12:00 PM",206,114,92,48,22,26,34,16,18,21,11,10,213,123,90,,,,74,41,33,,,
"Jun 6, 2024 1:00 PM",241,115,126,55,24,31,44,24,20,41,21,20,229,161,68,,,,78,44,34,,,
"Jun 6, 2024 2:00 PM",206,86,120,27,14,13,27,16,11,31,21,10,168,86,82,,,,110,46,64,,,
"Jun 6, 2024 3:00 PM",197,117,80,21,7,14,31,16,15,23,15,8,159,74,85,,,,68,28,40,,,
"Jun 6, 2024 4:00 PM",168,89,79,26,13,13,32,19,13,22,11,11,197,103,94,,,,53,24,29,,,
"Jun 6, 2024 5:00 PM",181,97,84,63,38,25,57,23,34,25,9,16,472,223,249,,,,90,42,48,,,
"Jun 6, 2024 6:00 PM",211,113,98,48,23,25,37,17,20,24,11,13,282,151,131,,,,96,44,52,,,
"Jun 6, 2024 7:00 PM",232,116,116,53,30,23,31,16,15,28,10,18,278,161,117,,,,77,37,40,,,
"Jun 6, 2024 8:00 PM",218,116,102,38,22,16,43,17,26,24,19,5,349,214,135,,,,65,24,41,,,
"Jun 6, 2024 9:00 PM",142,78,64,25,12,13,27,13,14,19,9,10,276,171,105,,,,49,12,37,,,
"Jun 6, 2024 10:00 PM",53,24,29,13,5,8,7,4,3,6,4,2,265,162,103,,,,17,6,11,,,
"Jun 6, 2024 11:00 PM",16,10,6,4,1,3,5,3,2,6,6,0,196,116,80,,,,12,4,8,,,
"Jun 7, 2024 12:00 AM",0,0,0,0,0,0,2,1,1,1,1,0,69,42,27,,,,11,3,8,,,
"Jun 7, 2024 1:00 AM",0,0,0,0,0,0,2,1,1,1,0,1,8,7,1,,,,4,4,0,,,
"Jun 7, 2024 2:00 AM",3,2,1,0,0,0,0,0,0,0,0,0,6,3,3,,,,1,0,1,,,
"Jun 7, 2024 3:00 AM",1,0,1,0,0,0,0,0,0,0,0,0,0,0,0,,,,0,0,0,,,
"Jun 7, 2024 4:00 AM",1,0,1,0,0,0,0,0,0,0,0,0,45,27,18,,,,1,1,0,,,
"Jun 7, 2024 5:00 AM",4,3,1,2,1,1,1,1,0,1,1,0,4,3,1,,,,1,0,1,,,
"Jun 7, 2024 6:00 AM",47,16,31,11,7,4,8,4,4,10,5,5,52,37,15,,,,14,9,5,,,
"Jun 7, 2024 7:00 AM",120,64,56,20,11,9,22,9,13,15,7,8,332,191,141,,,,23,15,8,,,
"Jun 7, 2024 8:00 AM",121,65,56,34,18,16,30,16,14,40,15,25,197,99,98,,,,59,29,30,,,
"Jun 7, 2024 9:00 AM",149,76,73,25,14,11,28,16,12,19,13,6,174,100,74,,,,58,26,32,,,
"Jun 7, 2024 10:00 AM",159,87,72,38,18,20,39,16,23,16,10,6,159,75,84,,,,39,15,24,,,
"Jun 7, 2024 11:00 AM",205,108,97,31,10,21,24,14,10,24,10,14,122,55,67,,,,63,26,37,,,
"Jun 7, 2024 12:00 PM",183,90,93,30,10,20,22,12,10,35,16,19,108,62,46,,,,62,33,29,,,
"Jun 7, 2024 1:00 PM",259,140,119,46,18,28,33,19,14,30,18,12,200,109,91,,,,49,33,16,,,
"Jun 7, 2024 2:00 PM",242,126,116,66,35,31,30,19,11,21,7,14,134,80,54,,,,56,29,27,,,
"Jun 7, 2024 3:00 PM",274,156,118,30,15,15,33,14,19,36,16,20,246,128,118,,,,58,20,38,,,
"Jun 7, 2024 4:00 PM",228,113,115,65,47,18,38,17,21,21,8,13,227,111,116,,,,101,49,52,,,
"Jun 7, 2024 5:00 PM",204,108,96,39,19,20,44,22,22,28,17,11,106,71,35,,,,61,16,45,,,
"Jun 7, 2024 6:00 PM",175,69,106,88,35,53,46,22,24,27,12,15,157,92,65,,,,65,42,23,,,
"Jun 7, 2024 7:00 PM",208,121,87,46,26,20,32,13,19,27,15,12,151,94,57,,,,37,21,16,,,
"Jun 7, 2024 8:00 PM",147,75,72,42,23,19,35,22,13,10,4,6,245,106,139,,,,39,13,26,,,
"Jun 7, 2024 9:00 PM",157,96,61,35,9,26,18,8,10,9,4,5,106,63,43,,,,33,16,17,,,
"Jun 7, 2024 10:00 PM",66,30,36,16,8,8,15,12,3,9,5,4,199,82,117,,,,30,19,11,,,
"Jun 7, 2024 11:00 PM",18,9,9,7,1,6,4,1,3,6,2,4,103,60,43,,,,18,10,8,,,
"Jun 8, 2024 12:00 AM",0,0,0,1,1,0,2,1,1,0,0,0,80,28,52,,,,11,5,6,,,
"Jun 8, 2024 1:00 AM",9,7,2,1,1,0,1,0,1,0,0,0,42,26,16,,,,3,3,0,,,
"Jun 8, 2024 2:00 AM",1,1,0,0,0,0,1,0,1,1,0,1,10,2,8,,,,10,6,4,,,
"Jun 8, 2024 3:00 AM",0,0,0,0,0,0,0,0,0,1,0,1,14,11,3,,,,15,4,11,,,
"Jun 8, 2024 4:00 AM",1,0,1,0,0,0,0,0,0,0,0,0,7,4,3,,,,0,0,0,,,
"Jun 8, 2024 5:00 AM",4,2,2,1,1,0,1,1,0,1,0,1,10,4,6,,,,0,0,0,,,
"Jun 8, 2024 6:00 AM",32,15,17,3,3,0,3,1,2,0,0,0,51,24,27,,,,6,4,2,,,
"Jun 8, 2024 7:00 AM",76,34,42,14,10,4,9,5,4,11,6,5,32,20,12,,,,11,8,3,,,
"Jun 8, 2024 8:00 AM",111,58,53,47,18,29,28,11,17,18,4,14,77,38,39,,,,33,14,19,,,
"Jun 8, 2024 9:00 AM",191,129,62,85,60,25,51,35,16,24,14,10,154,78,76,,,,43,17,26,,,
"Jun 8, 2024 10:00 AM",258,147,111,103,40,63,62,36,26,31,14,17,119,77,42,,,,52,28,24,,,
"Jun 8, 2024 11:00 AM",338,188,150,104,74,30,73,37,36,34,17,17,171,89,82,,,,60,33,27,,,
"Jun 8, 2024 12:00 PM",458,273,185,114,72,42,91,60,31,60,36,24,285,158,127,,,,53,28,25,,,
"Jun 8, 2024 1:00 PM",431,243,188,85,40,45,59,29,30,32,14,18,269,151,118,,,,79,35,44,,,
"Jun 8, 2024 2:00 PM",429,228,201,103,56,47,59,37,22,43,18,25,154,101,53,,,,60,23,37,,,
"Jun 8, 2024 3:00 PM",509,276,233,86,38,48,44,23,21,50,30,20,208,112,96,,,,77,28,49,,,
"Jun 8, 2024 4:00 PM",497,263,234,102,65,37,72,41,31,50,25,25,209,109,100,,,,77,37,40,,,
"Jun 8, 2024 5:00 PM",487,214,273,77,30,47,51,27,24,28,13,15,140,80,60,,,,69,43,26,,,
"Jun 8, 2024 6:00 PM",421,205,216,38,14,24,48,21,27,21,7,14,140,75,65,,,,44,17,27,,,
"Jun 8, 2024 7:00 PM",381,208,173,59,31,28,49,19,30,26,15,11,143,78,65,,,,52,24,28,,,
"Jun 8, 2024 8:00 PM",296,142,154,50,25,25,33,12,21,22,13,9,146,86,60,,,,46,12,34,,,
"Jun 8, 2024 9:00 PM",175,84,91,24,9,15,29,16,13,7,5,2,101,54,47,,,,55,24,31,,,
"Jun 8, 2024 10:00 PM",58,20,38,15,6,9,14,6,8,11,5,6,72,48,24,,,,10,7,3,,,
"Jun 8, 2024 11:00 PM",32,16,16,7,4,3,13,9,4,3,1,2,104,58,46,,,,6,4,2,,,
"Jun 9, 2024 12:00 AM",0,0,0,2,0,2,2,0,2,2,1,1,90,52,38,,,,5,3,2,,,
"Jun 9, 2024 1:00 AM",2,1,1,0,0,0,2,2,0,1,0,1,22,7,15,,,,9,6,3,,,
"Jun 9, 2024 2:00 AM",3,3,0,0,0,0,0,0,0,2,1,1,45,26,19,,,,4,1,3,,,
"Jun 9, 2024 3:00 AM",0,0,0,0,0,0,0,0,0,0,0,0,21,11,10,,,,1,0,1,,,
"Jun 9, 2024 4:00 AM",0,0,0,0,0,0,2,1,1,0,0,0,80,59,21,,,,5,3,2,,,
"Jun 9, 2024 5:00 AM",4,1,3,3,2,1,0,0,0,0,0,0,15,14,1,,,,1,0,1,,,
"Jun 9, 2024 6:00 AM",25,9,16,3,1,2,3,1,2,2,1,1,13,11,2,,,,9,4,5,,,
"Jun 9, 2024 7:00 AM",56,31,25,13,9,4,7,5,2,4,1,3,54,38,16,,,,14,7,7,,,
"Jun 9, 2024 8:00 AM",102,47,55,22,14,8,26,12,14,20,11,9,80,64,16,,,,22,12,10,,,
"Jun 9, 2024 9:00 AM",213,125,88,102,78,24,47,25,22,15,8,7,138,66,72,,,,34,19,15,,,
"Jun 9, 2024 10:00 AM",349,199,150,97,53,44,69,38,31,42,25,17,214,123,91,,,,48,28,20,,,
"Jun 9, 2024 11:00 AM",487,291,196,99,52,47,66,43,23,52,21,31,166,88,78,,,,72,29,43,,,
"Jun 9, 2024 12:00 PM",593,329,264,91,40,51,79,45,34,51,25,26,198,103,95,,,,48,22,26,,,
"Jun 9, 2024 1:00 PM",586,299,287,91,48,43,59,33,26,51,30,21,133,63,70,,,,60,38,22,,,
"Jun 9, 2024 2:00 PM",576,288,288,66,38,28,63,35,28,31,11,20,156,86,70,,,,56,26,30,,,
"Jun 9, 2024 3:00 PM",418,207,211,62,42,20,44,22,22,41,20,21,65,29,36,,,,37,14,23,,,
"Jun 9, 2024 4:00 PM",441,206,235,54,22,32,56,27,29,39,20,19,114,55,59,,,,33,16,17,,,
"Jun 9, 2024 5:00 PM",223,86,137,25,13,12,21,16,5,34,12,22,68,39,29,,,,44,23,21,,,
"Jun 9, 2024 6:00 PM",127,74,53,14,5,9,18,7,11,22,10,12,111,48,63,,,,23,8,15,,,
"Jun 9, 2024 7:00 PM",98,49,49,9,8,1,31,21,10,16,8,8,178,80,98,,,,28,11,17,,,
"Jun 9, 2024 8:00 PM",29,20,9,2,2,0,8,6,2,9,4,5,64,36,28,,,,15,5,10,,,
"Jun 9, 2024 9:00 PM",38,18,20,7,5,2,12,6,6,8,4,4,181,101,80,,,,13,6,7,,,
"Jun 9, 2024 10:00 PM",18,10,8,4,3,1,8,4,4,4,2,2,88,61,27,,,,7,4,3,,,
"Jun 9, 2024 11:00 PM",3,3,0,7,6,1,2,1,1,1,0,1,7,7,0,,,,2,2,0,,,
"Jun 10, 2024 12:00 AM",0,0,0,2,0,2,2,0,2,3,0,3,10,6,4,,,,8,7,1,,,
"Jun 10, 2024 1:00 AM",0,0,0,1,0,1,1,1,0,0,0,0,4,2,2,,,,3,1,2,,,
"Jun 10, 2024 2:00 AM",0,0,0,0,0,0,0,0,0,1,0,1,0,0,0,,,,0,0,0,,,
"Jun 10, 2024 3:00 AM",1,1,0,0,0,0,0,0,0,0,0,0,0,0,0,,,,1,1,0,,,
"Jun 10, 2024 4:00 AM",0,0,0,0,0,0,0,0,0,0,0,0,0,0,0,,,,1,1,0,,,
"Jun 10, 2024 5:00 AM",12,3,9,0,0,0,1,1,0,0,0,0,6,5,1,,,,3,1,2,,,
"Jun 10, 2024 6:00 AM",52,28,24,13,7,6,21,13,8,6,4,2,132,81,51,,,,21,15,6,,,
"Jun 10, 2024 7:00 AM",82,42,40,10,5,5,28,11,17,18,6,12,251,131,120,,,,28,12,16,,,
"Jun 10, 2024 8:00 AM",137,74,63,30,22,8,28,16,12,43,17,26,169,76,93,,,,75,49,26,,,
"Jun 10, 2024 9:00 AM",176,108,68,28,13,15,20,9,11,26,12,14,88,53,35,,,,72,44,28,,,
"Jun 10, 2024 10:00 AM",208,133,75,30,20,10,27,17,10,31,11,20,86,46,40,,,,63,20,43,,,
"Jun 10, 2024 11:00 AM",167,90,77,32,11,21,19,6,13,32,22,10,264,111,153,,,,64,29,35,,,
"Jun 10, 2024 12:00 PM",186,92,94,52,27,25,31,13,18,34,8,26,302,115,187,,,,66,30,36,,,
"Jun 10, 2024 1:00 PM",245,127,118,45,26,19,36,20,16,36,22,14,160,93,67,,,,76,38,38,,,
"Jun 10, 2024 2:00 PM",238,134,104,29,21,8,43,17,26,31,13,18,125,67,58,,,,99,24,75,,,
"Jun 10, 2024 3:00 PM",161,72,89,31,16,15,17,9,8,120,49,71,96,54,42,,,,74,29,45,,,
"Jun 10, 2024 4:00 PM",163,88,75,35,19,16,21,12,9,37,19,18,219,104,115,,,,70,37,33,,,
"Jun 10, 2024 5:00 PM",175,76,99,35,18,17,37,22,15,39,16,23,211,111,100,,,,77,31,46,,,
"Jun 10, 2024 6:00 PM",239,153,86,64,34,30,52,22,30,37,19,18,219,125,94,,,,83,43,40,,,
"Jun 10, 2024 7:00 PM",235,116,119,60,33,27,38,20,18,30,14,16,131,73,58,,,,72,34,38,,,
"Jun 10, 2024 8:00 PM",304,141,163,49,28,21,46,23,23,27,12,15,433,188,245,,,,44,20,24,,,
"Jun 10, 2024 9:00 PM",158,86,72,25,9,16,30,15,15,28,15,13,238,134,104,,,,64,20,44,,,
"Jun 10, 2024 10:00 PM",70,43,27,9,5,4,13,3,10,6,5,1,47,28,19,,,,35,20,15,,,
"Jun 10, 2024 11:00 PM",11,4,7,5,1,4,4,0,4,1,1,0,154,71,83,,,,11,7,4,,,
"Jun 11, 2024 12:00 AM",0,0,0,1,0,1,1,0,1,0,0,0,169,61,108,,,,8,5,3,,,
"Jun 11, 2024 1:00 AM",0,0,0,2,2,0,2,2,0,0,0,0,18,9,9,,,,5,4,1,,,
"Jun 11, 2024 2:00 AM",4,1,3,0,0,0,0,0,0,0,0,0,38,16,22,,,,0,0,0,,,
"Jun 11, 2024 3:00 AM",1,0,1,0,0,0,0,0,0,0,0,0,5,1,4,,,,1,1,0,,,
"Jun 11, 2024 4:00 AM",1,0,1,0,0,0,0,0,0,0,0,0,0,0,0,,,,1,1,0,,,
"Jun 11, 2024 5:00 AM",16,7,9,0,0,0,1,1,0,0,0,0,10,7,3,,,,5,1,4,,,
"Jun 11, 2024 6:00 AM",65,38,27,14,9,5,11,9,2,7,4,3,49,34,15,,,,22,11,11,,,
"Jun 11, 2024 7:00 AM",107,57,50,32,15,17,32,13,19,26,6,20,144,77,67,,,,35,18,17,,,
"Jun 11, 2024 8:00 AM",104,59,45,32,12,20,39,21,18,42,20,22,240,137,103,,,,79,43,36,,,
"Jun 11, 2024 9:00 AM",103,47,56,20,6,14,29,15,14,20,12,8,321,187,134,,,,46,19,27,,,
"Jun 11, 2024 10:00 AM",152,106,46,26,18,8,32,20,12,22,15,7,121,80,41,,,,49,20,29,,,
"Jun 11, 2024 11:00 AM",167,87,80,32,23,9,34,19,15,29,12,17,134,78,56,,,,59,20,39,,,
"Jun 11, 2024 12:00 PM",204,119,85,32,16,16,46,22,24,43,17,26,114,68,46,,,,66,27,39,,,
"Jun 11, 2024 1:00 PM",211,108,103,52,25,27,35,14,21,42,15,27,151,101,50,,,,72,35,37,,,
"Jun 11, 2024 2:00 PM",166,96,70,46,32,14,29,20,9,24,7,17,166,75,91,,,,84,33,51,,,
"Jun 11, 2024 3:00 PM",172,91,81,45,21,24,32,16,16,37,18,19,185,81,104,,,,65,16,49,,,
"Jun 11, 2024 4:00 PM",200,92,108,40,25,15,29,17,12,21,11,10,109,54,55,,,,69,35,34,,,
"Jun 11, 2024 5:00 PM",149,75,74,51,28,23,43,28,15,43,20,23,168,73,95,,,,95,58,37,,,
"Jun 11, 2024 6:00 PM",181,96,85,64,36,28,48,20,28,41,15,26,120,67,53,,,,84,46,38,,,
"Jun 11, 2024 7:00 PM",208,103,105,54,29,25,38,19,19,34,18,16,129,54,75,,,,87,40,47,,,
"Jun 11, 2024 8:00 PM",228,121,107,54,27,27,42,20,22,24,8,16,127,52,75,,,,55,18,37,,,
"Jun 11, 2024 9:00 PM",135,73,62,33,15,18,27,9,18,9,7,2,124,48,76,,,,29,10,19,,,
"Jun 11, 2024 10:00 PM",67,31,36,10,5,5,14,4,10,2,2,0,50,20,30,,,,26,10,16,,,
"Jun 11, 2024 11:00 PM",11,5,6,7,2,5,10,6,4,0,0,0,109,64,45,,,,14,8,6,,,
"Jun 12, 2024 12:00 AM",0,0,0,0,0,0,1,0,1,1,0,1,53,21,32,,,,4,4,0,,,
"Jun 12, 2024 1:00 AM",0,0,0,1,1,0,0,0,0,0,0,0,52,14,38,,,,6,4,2,,,
"Jun 12, 2024 2:00 AM",0,0,0,1,0,1,0,0,0,0,0,0,1,0,1,,,,0,0,0,,,
"Jun 12, 2024 3:00 AM",0,0,0,0,0,0,0,0,0,0,0,0,6,3,3,,,,1,0,1,,,
"Jun 12, 2024 4:00 AM",2,1,1,0,0,0,0,0,0,0,0,0,9,4,5,,,,1,1,0,,,
"Jun 12, 2024 5:00 AM",19,7,12,1,0,1,3,1,2,1,1,0,28,18,10,,,,4,2,2,,,
"Jun 12, 2024 6:00 AM",56,29,27,21,15,6,15,9,6,10,6,4,39,15,24,,,,18,9,9,,,
"Jun 12, 2024 7:00 AM",100,55,45,31,11,20,18,8,10,13,3,10,120,58,62,,,,33,16,17,,,
"Jun 12, 2024 8:00 AM",132,66,66,35,21,14,26,11,15,54,28,26,188,79,109,,,,71,42,29,,,
"Jun 12, 2024 9:00 AM",137,63,74,24,14,10,22,13,9,27,12,15,81,38,43,,,,69,45,24,,,
"Jun 12, 2024 10:00 AM",175,113,62,16,6,10,35,18,17,25,15,10,100,51,49,,,,42,15,27,,,
"Jun 12, 2024 11:00 AM",227,119,108,49,24,25,23,14,9,45,29,16,119,60,59,,,,72,25,47,,,
"Jun 12, 2024 12:00 PM",285,164,121,36,22,14,21,13,8,44,21,23,141,73,68,,,,76,35,41,,,
"Jun 12, 2024 1:00 PM",255,125,130,41,26,15,51,31,20,36,21,15,293,199,94,,,,91,46,45,,,
"Jun 12, 2024 2:00 PM",194,101,93,46,23,23,32,16,16,31,9,22,151,66,85,,,,91,32,59,,,
"Jun 12, 2024 3:00 PM",224,109,115,59,31,28,28,15,13,18,8,10,96,65,31,,,,62,26,36,,,
"Jun 12, 2024 4:00 PM",228,106,122,50,21,29,32,12,20,38,13,25,99,66,33,,,,97,42,55,,,
"Jun 12, 2024 5:00 PM",202,87,115,64,47,17,30,18,12,22,14,8,187,109,78,,,,101,49,52,,,
"Jun 12, 2024 6:00 PM",218,130,88,78,38,40,54,29,25,20,9,11,190,109,81,,,,86,44,42,,,
"Jun 12, 2024 7:00 PM",326,142,184,56,30,26,39,20,19,36,18,18,206,100,106,,,,76,39,37,,,
"Jun 12, 2024 8:00 PM",276,150,126,40,20,20,33,20,13,19,8,11,94,48,46,,,,42,18,24,,,
"Jun 12, 2024 9:00 PM",138,75,63,24,13,11,25,17,8,15,6,9,220,112,108,,,,67,25,42,,,
"Jun 12, 2024 10:00 PM",56,36,20,12,3,9,14,8,6,2,1,1,34,22,12,,,,30,8,22,,,
"Jun 12, 2024 11:00 PM",19,8,11,1,1,0,1,1,0,3,3,0,13,4,9,,,,6,4,2,,,
"Jun 13, 2024 12:00 AM",0,0,0,0,0,0,3,2,1,0,0,0,17,12,5,,,,11,8,3,,,
"Jun 13, 2024 1:00 AM",1,0,1,2,1,1,2,0,2,0,0,0,21,15,6,,,,4,3,1,,,
"Jun 13, 2024 2:00 AM",0,0,0,0,0,0,3,3,0,0,0,0,2,0,2,,,,0,0,0,,,
"Jun 13, 2024 3:00 AM",0,0,0,0,0,0,0,0,0,0,0,0,0,0,0,,,,1,0,1,,,
"Jun 13, 2024 4:00 AM",0,0,0,1,0,1,0,0,0,0,0,0,1,1,0,,,,2,1,1,,,
"Jun 13, 2024 5:00 AM",5,2,3,2,0,2,2,1,1,0,0,0,3,1,2,,,,3,2,1,,,
"Jun 13, 2024 6:00 AM",50,21,29,17,11,6,12,8,4,17,8,9,37,21,16,,,,11,5,6,,,
"Jun 13, 2024 7:00 AM",78,39,39,13,5,8,19,7,12,12,7,5,47,20,27,,,,39,19,20,,,
"Jun 13, 2024 8:00 AM",38,18,20,11,5,6,18,9,9,39,15,24,45,17,28,,,,60,29,31,,,
"Jun 13, 2024 9:00 AM",43,19,24,14,7,7,9,3,6,11,4,7,36,15,21,,,,33,12,21,,,
"Jun 13, 2024 10:00 AM",30,14,16,3,2,1,9,6,3,10,2,8,33,15,18,,,,15,8,7,,,
"Jun 13, 2024 11:00 AM",18,9,9,5,2,3,9,5,4,7,1,6,26,8,18,,,,17,6,11,,,
"Jun 13, 2024 12:00 PM",26,12,14,10,4,6,3,1,2,5,2,3,12,6,6,,,,16,6,10,,,
"Jun 13, 2024 1:00 PM",9,3,6,8,5,3,6,1,5,8,6,2,29,18,11,,,,24,17,7,,,
"Jun 13, 2024 2:00 PM",16,3,13,2,1,1,2,2,0,13,11,2,43,15,28,,,,40,8,32,,,
"Jun 13, 2024 3:00 PM",51,35,16,19,12,7,10,6,4,29,11,18,70,39,31,,,,35,15,20,,,
"Jun 13, 2024 4:00 PM",138,67,71,23,10,13,24,17,7,29,22,7,87,47,40,,,,71,40,31,,,
"Jun 13, 2024 5:00 PM",156,84,72,39,26,13,52,26,26,44,18,26,128,61,67,,,,56,29,27,,,
"Jun 13, 2024 6:00 PM",235,140,95,54,27,27,49,17,32,29,14,15,220,111,109,,,,67,36,31,,,
"Jun 13, 2024 7:00 PM",339,175,164,74,37,37,57,30,27,27,10,17,175,82,93,,,,75,41,34,,,
"Jun 13, 2024 8:00 PM",269,132,137,42,21,21,55,25,30,21,9,12,169,68,101,,,,58,24,34,,,
"Jun 13, 2024 9:00 PM",136,67,69,23,7,16,33,18,15,12,9,3,175,81,94,,,,41,13,28,,,
"Jun 13, 2024 10:00 PM",55,31,24,10,5,5,16,8,8,6,4,2,134,39,95,,,,11,7,4,,,
"Jun 13, 2024 11:00 PM",16,6,10,2,0,2,2,2,0,2,1,1,145,23,122,,,,8,5,3,,,
"Jun 14, 2024 12:00 AM",1,1,0,0,0,0,3,1,2,0,0,0,60,31,29,,,,9,6,3,,,
"Jun 14, 2024 1:00 AM",1,1,0,0,0,0,1,0,1,2,1,1,79,29,50,,,,7,4,3,,,
"Jun 14, 2024 2:00 AM",0,0,0,0,0,0,0,0,0,0,0,0,17,12,5,,,,7,5,2,,,
"Jun 14, 2024 3:00 AM",0,0,0,0,0,0,0,0,0,0,0,0,0,0,0,,,,6,4,2,,,
"Jun 14, 2024 4:00 AM",2,2,0,0,0,0,0,0,0,1,1,0,20,9,11,,,,2,2,0,,,
"Jun 14, 2024 5:00 AM",8,3,5,1,0,1,0,0,0,0,0,0,1,1,0,,,,4,2,2,,,
"Jun 14, 2024 6:00 AM",42,19,23,14,11,3,10,7,3,7,6,1,78,41,37,,,,16,10,6,,,
"Jun 14, 2024 7:00 AM",142,78,64,40,20,20,33,15,18,23,11,12,147,71,76,,,,34,15,19,,,
"Jun 14, 2024 8:00 AM",118,63,55,43,25,18,46,31,15,56,24,32,324,137,187,,,,67,36,31,,,
"Jun 14, 2024 9:00 AM",178,115,63,34,11,23,37,26,11,33,19,14,183,107,76,,,,74,41,33,,,
"Jun 14, 2024 10:00 AM",202,117,85,36,23,13,47,22,25,18,9,9,110,41,69,,,,79,54,25,,,
"Jun 14, 2024 11:00 AM",210,102,108,37,21,16,30,12,18,45,23,22,139,77,62,,,,42,13,29,,,
"Jun 14, 2024 12:00 PM",265,128,137,43,19,24,28,17,11,57,21,36,90,38,52,,,,60,33,27,,,
"Jun 14, 2024 1:00 PM",180,97,83,27,13,14,31,18,13,33,15,18,85,42,43,,,,64,32,32,,,
"Jun 14, 2024 2:00 PM",155,78,77,39,26,13,29,19,10,33,13,20,117,63,54,,,,78,33,45,,,
"Jun 14, 2024 3:00 PM",202,79,123,45,25,20,32,19,13,28,18,10,146,72,74,,,,77,34,43,,,
"Jun 14, 2024 4:00 PM",241,114,127,39,26,13,55,18,37,34,16,18,113,63,50,,,,78,16,62,,,
"Jun 14, 2024 5:00 PM",180,79,101,48,29,19,53,26,27,35,12,23,152,71,81,,,,66,42,24,,,
"Jun 14, 2024 6:00 PM",144,85,59,43,25,18,45,19,26,29,16,13,73,36,37,,,,50,15,35,,,
"Jun 14, 2024 7:00 PM",154,73,81,45,28,17,31,21,10,17,11,6,56,35,21,,,,64,30,34,,,
"Jun 14, 2024 8:00 PM",190,86,104,25,13,12,33,13,20,16,11,5,60,23,37,,,,35,25,10,,,
"Jun 14, 2024 9:00 PM",137,66,71,11,6,5,19,7,12,9,3,6,48,13,35,,,,41,16,25,,,
"Jun 14, 2024 10:00 PM",66,17,49,22,16,6,14,11,3,11,2,9,21,7,14,,,,23,14,9,,,
"Jun 14, 2024 11:00 PM",13,9,4,2,1,1,6,2,4,1,0,1,54,30,24,,,,13,9,4,,,
"Jun 15, 2024 12:00 AM",1,1,0,1,1,0,3,0,3,3,1,2,75,27,48,,,,8,4,4,,,
"Jun 15, 2024 1:00 AM",1,0,1,2,0,2,0,0,0,0,0,0,36,22,14,,,,12,9,3,,,
"Jun 15, 2024 2:00 AM",1,1,0,0,0,0,1,0,1,0,0,0,0,0,0,,,,9,5,4,,,
"Jun 15, 2024 3:00 AM",0,0,0,0,0,0,0,0,0,2,0,2,4,2,2,,,,0,0,0,,,
"Jun 15, 2024 4:00 AM",0,0,0,0,0,0,0,0,0,0,0,0,0,0,0,,,,2,2,0,,,
"Jun 15, 2024 5:00 AM",10,5,5,2,2,0,2,2,0,0,0,0,1,1,0,,,,3,2,1,,,
"Jun 15, 2024 6:00 AM",24,14,10,5,3,2,9,4,5,3,3,0,9,3,6,,,,5,2,3,,,
"Jun 15, 2024 7:00 AM",85,44,41,16,7,9,19,12,7,2,0,2,28,13,15,,,,24,12,12,,,
"Jun 15, 2024 8:00 AM",136,70,66,40,19,21,160,85,75,21,11,10,71,45,26,,,,43,28,15,,,
"Jun 15, 2024 9:00 AM",212,119,93,69,37,32,58,35,23,38,23,15,246,142,104,,,,76,54,22,,,
"Jun 15, 2024 10:00 AM",286,158,128,78,42,36,73,45,28,30,15,15,175,106,69,,,,45,25,20,,,
"Jun 15, 2024 11:00 AM",361,208,153,70,38,32,63,40,23,43,25,18,157,96,61,,,,73,32,41,,,
"Jun 15, 2024 12:00 PM",369,186,183,84,33,51,67,27,40,34,17,17,219,89,130,,,,58,34,24,,,
"Jun 15, 2024 1:00 PM",300,163,137,54,26,28,52,34,18,37,8,29,116,69,47,,,,50,25,25,,,
"Jun 15, 2024 2:00 PM",356,183,173,64,27,37,32,17,15,29,17,12,136,68,68,,,,49,24,25,,,
"Jun 15, 2024 3:00 PM",403,202,201,59,31,28,53,37,16,30,17,13,170,94,76,,,,55,20,35,,,
"Jun 15, 2024 4:00 PM",400,186,214,25,13,12,27,16,11,39,18,21,143,61,82,,,,46,29,17,,,
"Jun 15, 2024 5:00 PM",328,150,178,39,20,19,44,25,19,28,14,14,96,42,54,,,,49,23,26,,,
"Jun 15, 2024 6:00 PM",250,130,120,39,14,25,43,20,23,14,8,6,86,36,50,,,,58,25,33,,,
"Jun 15, 2024 7:00 PM",207,102,105,25,12,13,31,8,23,8,3,5,101,53,48,,,,51,27,24,,,
"Jun 15, 2024 8:00 PM",181,82,99,27,15,12,31,12,19,13,5,8,105,57,48,,,,31,13,18,,,
"Jun 15, 2024 9:00 PM",123,55,68,13,3,10,22,14,8,8,8,0,81,45,36,,,,20,7,13,,,
"Jun 15, 2024 10:00 PM",86,40,46,10,5,5,24,8,16,6,4,2,114,47,67,,,,21,7,14,,,
"Jun 15, 2024 11:00 PM",44,22,22,5,1,4,10,4,6,2,2,0,96,52,44,,,,14,9,5,,,
"Jun 16, 2024 12:00 AM",0,0,0,1,0,1,3,1,2,1,0,1,331,94,237,,,,14,10,4,,,
"Jun 16, 2024 1:00 AM",5,3,2,0,0,0,1,1,0,0,0,0,12,4,8,,,,4,4,0,,,
"Jun 16, 2024 2:00 AM",5,5,0,0,0,0,2,1,1,1,1,0,1,1,0,,,,6,3,3,,,
"Jun 16, 2024 3:00 AM",1,1,0,0,0,0,0,0,0,0,0,0,1,1,0,,,,4,3,1,,,
"Jun 16, 2024 4:00 AM",0,0,0,0,0,0,0,0,0,0,0,0,3,2,1,,,,4,3,1,,,
"Jun 16, 2024 5:00 AM",6,4,2,1,1,0,0,0,0,0,0,0,11,4,7,,,,5,1,4,,,
"Jun 16, 2024 6:00 AM",33,13,20,6,6,0,8,4,4,1,1,0,12,8,4,,,,11,8,3,,,
"Jun 16, 2024 7:00 AM",69,41,28,22,12,10,13,9,4,3,1,2,29,18,11,,,,15,6,9,,,
"Jun 16, 2024 8:00 AM",158,86,72,40,23,17,38,20,18,12,5,7,88,55,33,,,,21,9,12,,,
"Jun 16, 2024 9:00 AM",290,180,110,68,44,24,48,31,17,21,9,12,129,80,49,,,,47,25,22,,,
"Jun 16, 2024 10:00 AM",443,276,167,102,58,44,53,43,10,41,20,21,167,105,62,,,,72,36,36,,,
"Jun 16, 2024 11:00 AM",640,370,270,108,61,47,98,59,39,57,32,25,201,109,92,,,,91,59,32,,,
"Jun 16, 2024 12:00 PM",801,447,354,125,62,63,88,54,34,38,19,19,193,114,79,,,,84,52,32,,,
"Jun 16, 2024 1:00 PM",777,402,375,113,64,49,76,43,33,67,44,23,130,67,63,,,,97,69,28,,,
"Jun 16, 2024 2:00 PM",858,441,417,95,52,43,88,56,32,48,25,23,159,84,75,,,,58,27,31,,,
"Jun 16, 2024 3:00 PM",967,490,477,83,50,33,83,45,38,63,37,26,139,75,64,,,,70,30,40,,,
"Jun 16, 2024 4:00 PM",742,390,352,85,43,42,84,46,38,37,14,23,137,74,63,,,,69,27,42,,,
"Jun 16, 2024 5:00 PM",643,281,362,78,38,40,56,26,30,35,17,18,168,88,80,,,,69,29,40,,,
"Jun 16, 2024 6:00 PM",360,168,192,75,30,45,47,24,23,19,8,11,162,95,67,,,,44,15,29,,,
"Jun 16, 2024 7:00 PM",150,79,71,39,26,13,19,11,8,19,9,10,96,60,36,,,,36,20,16,,,
"Jun 16, 2024 8:00 PM",165,76,89,27,15,12,20,8,12,21,11,10,74,52,22,,,,44,18,26,,,
"Jun 16, 2024 9:00 PM",133,62,71,40,17,23,15,7,8,11,7,4,143,75,68,,,,23,7,16,,,
"Jun 16, 2024 10:00 PM",41,15,26,12,6,6,7,3,4,10,7,3,96,63,33,,,,15,7,8,,,
"Jun 16, 2024 11:00 PM",12,6,6,4,1,3,5,1,4,0,0,0,121,53,68,,,,23,15,8,,,
"Jun 17, 2024 12:00 AM",0,0,0,0,0,0,0,0,0,3,0,3,6,6,0,,,,15,9,6,,,
"Jun 17, 2024 1:00 AM",2,2,0,0,0,0,0,0,0,0,0,0,2,1,1,,,,0,0,0,,,
"Jun 17, 2024 2:00 AM",1,0,1,0,0,0,0,0,0,1,1,0,3,3,0,,,,2,1,1,,,
"Jun 17, 2024 3:00 AM",4,4,0,2,2,0,0,0,0,0,0,0,0,0,0,,,,0,0,0,,,
"Jun 17, 2024 4:00 AM",0,0,0,0,0,0,1,1,0,0,0,0,9,9,0,,,,0,0,0,,,
"Jun 17, 2024 5:00 AM",10,4,6,1,1,0,1,0,1,1,1,0,5,5,0,,,,0,0,0,,,
"Jun 17, 2024 6:00 AM",56,34,22,15,12,3,15,12,3,8,5,3,33,18,15,,,,0,0,0,,,
"Jun 17, 2024 7:00 AM",89,56,33,17,10,7,20,7,13,13,8,5,89,61,28,,,,0,0,0,,,
"Jun 17, 2024 8:00 AM",124,72,52,33,15,18,24,12,12,47,18,29,158,96,62,,,,0,0,0,,,
"Jun 17, 2024 9:00 AM",118,51,67,21,13,8,22,11,11,27,14,13,248,135,113,,,,0,0,0,,,
"Jun 17, 2024 10:00 AM",146,79,67,32,15,17,15,11,4,33,17,16,91,56,35,,,,0,0,0,,,
"Jun 17, 2024 11:00 AM",212,135,77,39,22,17,31,16,15,26,9,17,111,69,42,,,,0,0,0,,,
"Jun 17, 2024 12:00 PM",203,97,106,46,24,22,29,13,16,28,9,19,162,122,40,,,,0,0,0,,,
"Jun 17, 2024 1:00 PM",249,126,123,52,32,20,30,17,13,35,23,12,200,142,58,,,,49,23,26,,,
"Jun 17, 2024 2:00 PM",198,95,103,50,26,24,33,20,13,47,23,24,86,45,41,,,,87,25,62,,,
"Jun 17, 2024 3:00 PM",210,126,84,32,14,18,37,21,16,52,27,25,67,40,27,,,,64,30,34,,,
"Jun 17, 2024 4:00 PM",209,103,106,54,34,20,27,15,12,52,34,18,106,66,40,,,,54,19,35,,,
"Jun 17, 2024 5:00 PM",246,117,129,51,40,11,53,31,22,35,15,20,126,75,51,,,,92,38,54,,,
"Jun 17, 2024 6:00 PM",248,122,126,46,24,22,55,21,34,37,12,25,163,109,54,,,,76,38,38,,,
"Jun 17, 2024 7:00 PM",234,115,119,56,29,27,53,24,29,27,9,18,128,58,70,,,,80,41,39,,,
"Jun 17, 2024 8:00 PM",227,101,126,47,23,24,33,20,13,24,11,13,87,48,39,,,,54,26,28,,,
"Jun 17, 2024 9:00 PM",111,62,49,14,7,7,20,13,7,12,5,7,92,59,33,,,,42,18,24,,,
"Jun 17, 2024 10:00 PM",37,14,23,6,2,4,10,5,5,8,3,5,94,49,45,,,,29,11,18,,,
"Jun 17, 2024 11:00 PM",13,11,2,2,0,2,4,0,4,5,3,2,17,11,6,,,,14,9,5,,,
"Jun 18, 2024 12:00 AM",0,0,0,0,0,0,1,0,1,0,0,0,17,11,6,,,,24,10,14,,,
"Jun 18, 2024 1:00 AM",1,1,0,0,0,0,0,0,0,0,0,0,22,17,5,,,,6,3,3,,,
"Jun 18, 2024 2:00 AM",0,0,0,0,0,0,0,0,0,0,0,0,0,0,0,,,,0,0,0,,,
"Jun 18, 2024 3:00 AM",0,0,0,0,0,0,0,0,0,1,0,1,0,0,0,,,,2,0,2,,,
"Jun 18, 2024 4:00 AM",0,0,0,0,0,0,0,0,0,0,0,0,12,6,6,,,,2,2,0,,,
"Jun 18, 2024 5:00 AM",18,3,15,1,0,1,2,2,0,1,0,1,25,17,8,,,,9,6,3,,,
"Jun 18, 2024 6:00 AM",62,32,30,18,7,11,8,4,4,8,6,2,36,25,11,,,,15,8,7,,,
"Jun 18, 2024 7:00 AM",106,65,41,35,16,19,25,14,11,20,11,9,108,63,45,,,,40,16,24,,,
"Jun 18, 2024 8:00 AM",109,49,60,25,15,10,18,7,11,39,22,17,297,182,115,,,,77,41,36,,,
"Jun 18, 2024 9:00 AM",111,60,51,30,16,14,37,23,14,28,12,16,281,136,145,,,,48,25,23,,,
"Jun 18, 2024 10:00 AM",184,103,81,29,15,14,19,11,8,28,11,17,155,79,76,,,,40,20,20,,,
"Jun 18, 2024 11:00 AM",188,106,82,29,16,13,25,12,13,31,23,8,181,112,69,,,,47,17,30,,,
"Jun 18, 2024 12:00 PM",178,88,90,42,20,22,28,17,11,36,12,24,163,104,59,,,,52,19,33,,,
"Jun 18, 2024 1:00 PM",172,103,69,25,15,10,36,20,16,29,13,16,334,241,93,,,,67,36,31,,,
"Jun 18, 2024 2:00 PM",184,85,99,19,9,10,26,13,13,21,10,11,231,116,115,,,,74,29,45,,,
"Jun 18, 2024 3:00 PM",143,72,71,34,19,15,22,10,12,17,12,5,94,48,46,,,,67,32,35,,,
"Jun 18, 2024 4:00 PM",145,87,58,36,26,10,27,13,14,24,12,12,90,44,46,,,,66,26,40,,,
"Jun 18, 2024 5:00 PM",154,81,73,52,25,27,37,23,14,30,15,15,120,56,64,,,,79,36,43,,,
"Jun 18, 2024 6:00 PM",189,95,94,72,44,28,53,23,30,36,21,15,141,83,58,,,,59,20,39,,,
"Jun 18, 2024 7:00 PM",241,136,105,66,37,29,39,20,19,27,13,14,118,71,47,,,,43,20,23,,,
"Jun 18, 2024 8:00 PM",183,94,89,27,13,14,22,13,9,27,13,14,88,38,50,,,,51,23,28,,,
"Jun 18, 2024 9:00 PM",99,55,44,19,10,9,18,8,10,11,3,8,69,40,29,,,,34,17,17,,,
"Jun 18, 2024 10:00 PM",54,25,29,12,4,8,13,5,8,5,2,3,16,9,7,,,,34,11,23,,,
"Jun 18, 2024 11:00 PM",6,5,1,3,1,2,5,0,5,3,2,1,92,52,40,,,,6,4,2,,,
"Jun 19, 2024 12:00 AM",0,0,0,1,0,1,4,1,3,0,0,0,10,4,6,,,,14,8,6,,,
"Jun 19, 2024 1:00 AM",1,1,0,0,0,0,0,0,0,0,0,0,8,3,5,,,,1,1,0,,,
"Jun 19, 2024 2:00 AM",1,0,1,0,0,0,0,0,0,0,0,0,0,0,0,,,,1,0,1,,,
"Jun 19, 2024 3:00 AM",0,0,0,0,0,0,0,0,0,0,0,0,2,0,2,,,,0,0,0,,,
"Jun 19, 2024 4:00 AM",3,3,0,0,0,0,0,0,0,2,2,0,0,0,0,,,,1,1,0,,,
"Jun 19, 2024 5:00 AM",17,10,7,2,1,1,2,0,2,1,0,1,9,5,4,,,,6,3,3,,,
"Jun 19, 2024 6:00 AM",53,29,24,14,11,3,17,10,7,14,8,6,33,23,10,,,,21,9,12,,,
"Jun 19, 2024 7:00 AM",128,70,58,32,16,16,23,10,13,17,6,11,135,91,44,,,,28,14,14,,,
"Jun 19, 2024 8:00 AM",102,53,49,27,13,14,18,10,8,57,25,32,238,153,85,,,,71,39,32,,,
"Jun 19, 2024 9:00 AM",164,93,71,37,15,22,26,15,11,35,15,20,136,76,60,,,,60,20,40,,,
"Jun 19, 2024 10:00 AM",210,113,97,49,35,14,32,20,12,19,12,7,143,97,46,,,,42,23,19,,,
"Jun 19, 2024 11:00 AM",279,154,125,61,21,40,40,19,21,39,16,23,127,79,48,,,,41,18,23,,,
"Jun 19, 2024 12:00 PM",321,172,149,58,25,33,53,30,23,33,14,19,163,103,60,,,,119,98,21,,,
"Jun 19, 2024 1:00 PM",389,209,180,60,37,23,62,37,25,39,26,13,213,139,74,,,,111,73,38,,,
"Jun 19, 2024 2:00 PM",285,141,144,57,30,27,32,12,20,29,10,19,198,106,92,,,,86,48,38,,,
"Jun 19, 2024 3:00 PM",325,186,139,51,28,23,42,15,27,35,12,23,154,100,54,,,,58,37,21,,,
"Jun 19, 2024 4:00 PM",330,159,171,38,25,13,63,43,20,39,21,18,241,129,112,,,,83,43,40,,,
"Jun 19, 2024 5:00 PM",294,140,154,65,32,33,69,44,25,39,15,24,220,148,72,,,,80,44,36,,,
"Jun 19, 2024 6:00 PM",317,169,148,56,26,30,62,30,32,37,22,15,242,155,87,,,,92,52,40,,,
"Jun 19, 2024 7:00 PM",393,192,201,91,65,26,77,48,29,41,23,18,237,163,74,,,,73,35,38,,,
"Jun 19, 2024 8:00 PM",412,207,205,77,42,35,48,32,16,23,12,11,187,117,70,,,,54,23,31,,,
"Jun 19, 2024 9:00 PM",258,113,145,42,23,19,45,22,23,15,14,1,184,112,72,,,,54,18,36,,,
"Jun 19, 2024 10:00 PM",108,61,47,22,8,14,19,8,11,17,11,6,81,57,24,,,,19,7,12,,,
"Jun 19, 2024 11:00 PM",26,15,11,8,3,5,5,1,4,2,1,1,50,31,19,,,,17,8,9,,,
"Jun 20, 2024 12:00 AM",0,0,0,2,0,2,3,1,2,2,0,2,97,78,19,,,,7,5,2,,,
"Jun 20, 2024 1:00 AM",3,0,3,4,4,0,3,3,0,0,0,0,32,31,1,,,,5,4,1,,,
"Jun 20, 2024 2:00 AM",0,0,0,1,1,0,0,0,0,0,0,0,30,27,3,,,,0,0,0,,,
"Jun 20, 2024 3:00 AM",1,1,0,0,0,0,2,2,0,0,0,0,1,0,1,,,,1,0,1,,,
"Jun 20, 2024 4:00 AM",0,0,0,0,0,0,0,0,0,0,0,0,9,3,6,,,,1,1,0,,,
"Jun 20, 2024 5:00 AM",14,4,10,2,2,0,2,2,0,1,1,0,7,4,3,,,,3,2,1,,,
"Jun 20, 2024 6:00 AM",66,39,27,18,13,5,25,13,12,12,9,3,17,11,6,,,,21,11,10,,,
"Jun 20, 2024 7:00 AM",105,58,47,39,17,22,20,10,10,13,8,5,153,54,99,,,,23,9,14,,,
"Jun 20, 2024 8:00 AM",125,64,61,37,23,14,38,24,14,46,15,31,98,47,51,,,,78,52,26,,,
"Jun 20, 2024 9:00 AM",114,59,55,34,8,26,46,20,26,31,8,23,116,63,53,,,,76,32,44,,,
"Jun 20, 2024 10:00 AM",216,135,81,50,34,16,28,20,8,21,14,7,147,66,81,,,,91,65,26,,,
"Jun 20, 2024 11:00 AM",277,144,133,47,18,29,31,12,19,27,17,10,124,46,78,,,,119,87,32,,,
"Jun 20, 2024 12:00 PM",277,135,142,53,22,31,31,12,19,18,8,10,164,80,84,,,,49,25,24,,,
"Jun 20, 2024 1:00 PM",283,155,128,59,23,36,49,28,21,38,19,19,113,58,55,,,,80,44,36,,,
"Jun 20, 2024 2:00 PM",273,147,126,38,15,23,38,23,15,37,18,19,174,89,85,,,,88,31,57,,,
"Jun 20, 2024 3:00 PM",185,91,94,22,14,8,36,25,11,24,10,14,131,64,67,,,,47,26,21,,,
"Jun 20, 2024 4:00 PM",206,110,96,49,27,22,39,28,11,24,11,13,147,70,77,,,,69,35,34,,,
"Jun 20, 2024 5:00 PM",248,134,114,46,23,23,51,34,17,38,15,23,167,90,77,,,,67,40,27,,,
"Jun 20, 2024 6:00 PM",279,143,136,54,27,27,65,38,27,30,13,17,171,103,68,,,,101,49,52,,,
"Jun 20, 2024 7:00 PM",347,172,175,89,53,36,61,28,33,30,13,17,127,75,52,,,,104,57,47,,,
"Jun 20, 2024 8:00 PM",342,177,165,51,36,15,55,22,33,24,13,11,144,74,70,,,,66,19,47,,,
"Jun 20, 2024 9:00 PM",236,104,132,38,23,15,23,12,11,21,9,12,133,84,49,,,,44,16,28,,,
"Jun 20, 2024 10:00 PM",116,67,49,25,9,16,20,7,13,3,2,1,28,14,14,,,,23,7,16,,,
"Jun 20, 2024 11:00 PM",37,20,17,11,4,7,9,8,1,5,1,4,21,13,8,,,,27,17,10,,,
"Jun 21, 2024 12:00 AM",1,1,0,0,0,0,4,1,3,0,0,0,22,8,14,,,,3,3,0,,,
"Jun 21, 2024 1:00 AM",3,2,1,0,0,0,0,0,0,0,0,0,13,6,7,,,,3,1,2,,,
"Jun 21, 2024 2:00 AM",1,0,1,2,2,0,1,1,0,0,0,0,49,28,21,,,,1,0,1,,,
"Jun 21, 2024 3:00 AM",2,1,1,0,0,0,0,0,0,0,0,0,1,0,1,,,,1,1,0,,,
"Jun 21, 2024 4:00 AM",1,1,0,0,0,0,0,0,0,0,0,0,2,2,0,,,,1,1,0,,,
"Jun 21, 2024 5:00 AM",10,6,4,2,1,1,1,0,1,2,0,2,7,3,4,,,,4,3,1,,,
"Jun 21, 2024 6:00 AM",62,29,33,14,7,7,10,7,3,7,5,2,29,19,10,,,,17,13,4,,,
"Jun 21, 2024 7:00 AM",131,71,60,34,15,19,30,19,11,15,6,9,87,52,35,,,,25,9,16,,,
"Jun 21, 2024 8:00 AM",115,55,60,47,19,28,33,19,14,42,17,25,230,129,101,,,,68,36,32,,,
"Jun 21, 2024 9:00 AM",145,70,75,38,20,18,18,9,9,25,14,11,128,48,80,,,,30,9,21,,,
"Jun 21, 2024 10:00 AM",196,103,93,55,18,37,31,21,10,24,16,8,80,36,44,,,,43,23,20,,,
"Jun 21, 2024 11:00 AM",283,150,133,37,23,14,38,22,16,21,6,15,56,30,26,,,,60,39,21,,,
"Jun 21, 2024 12:00 PM",240,103,137,60,29,31,31,16,15,21,16,5,90,40,50,,,,117,90,27,,,
"Jun 21, 2024 1:00 PM",230,125,105,48,29,19,37,25,12,38,25,13,147,67,80,,,,114,72,42,,,
"Jun 21, 2024 2:00 PM",208,109,99,46,33,13,22,14,8,36,15,21,129,84,45,,,,73,39,34,,,
"Jun 21, 2024 3:00 PM",198,86,112,24,18,6,27,12,15,35,12,23,72,37,35,,,,45,25,20,,,
"Jun 21, 2024 4:00 PM",123,51,72,26,15,11,25,13,12,26,14,12,51,26,25,,,,67,30,37,,,
"Jun 21, 2024 5:00 PM",120,71,49,33,22,11,32,16,16,25,12,13,88,38,50,,,,49,25,24,,,
"Jun 21, 2024 6:00 PM",79,44,35,37,11,26,31,10,21,28,13,15,40,20,20,,,,67,28,39,,,
"Jun 21, 2024 7:00 PM",111,56,55,16,10,6,30,16,14,16,9,7,25,15,10,,,,27,11,16,,,
"Jun 21, 2024 8:00 PM",181,107,74,16,7,9,17,13,4,14,8,6,32,14,18,,,,43,24,19,,,
"Jun 21, 2024 9:00 PM",139,66,73,14,7,7,22,8,14,10,6,4,37,19,18,,,,19,7,12,,,
"Jun 21, 2024 10:00 PM",89,45,44,26,15,11,16,11,5,8,5,3,41,24,17,,,,15,10,5,,,
"Jun 21, 2024 11:00 PM",32,20,12,5,0,5,6,3,3,5,3,2,38,21,17,,,,16,7,9,,,
"Jun 22, 2024 12:00 AM",0,0,0,1,0,1,2,1,1,1,1,0,27,17,10,,,,9,6,3,,,
"Jun 22, 2024 1:00 AM",9,2,7,5,1,4,5,1,4,0,0,0,2,1,1,,,,8,7,1,,,
"Jun 22, 2024 2:00 AM",0,0,0,0,0,0,0,0,0,1,0,1,4,2,2,,,,9,3,6,,,
"Jun 22, 2024 3:00 AM",0,0,0,1,0,1,1,1,0,0,0,0,2,2,0,,,,2,1,1,,,
"Jun 22, 2024 4:00 AM",2,1,1,2,0,2,0,0,0,0,0,0,1,1,0,,,,1,1,0,,,
"Jun 22, 2024 5:00 AM",6,3,3,2,0,2,0,0,0,0,0,0,1,1,0,,,,1,1,0,,,
"Jun 22, 2024 6:00 AM",36,17,19,10,7,3,6,6,0,3,2,1,27,14,13,,,,6,4,2,,,
"Jun 22, 2024 7:00 AM",91,44,47,16,10,6,14,10,4,7,2,5,56,29,27,,,,16,8,8,,,
"Jun 22, 2024 8:00 AM",144,84,60,41,24,17,32,26,6,26,13,13,89,56,33,,,,55,29,26,,,
"Jun 22, 2024 9:00 AM",234,137,97,74,35,39,39,22,17,27,14,13,101,56,45,,,,55,40,15,,,
"Jun 22, 2024 10:00 AM",336,193,143,100,58,42,75,47,28,27,13,14,141,91,50,,,,48,24,24,,,
"Jun 22, 2024 11:00 AM",461,251,210,108,55,53,75,45,30,39,23,16,145,72,73,,,,53,23,30,,,
"Jun 22, 2024 12:00 PM",568,303,265,82,37,45,73,26,47,47,21,26,165,107,58,,,,66,35,31,,,
"Jun 22, 2024 1:00 PM",519,261,258,107,66,41,91,63,28,44,25,19,149,69,80,,,,144,116,28,,,
"Jun 22, 2024 2:00 PM",550,251,299,86,36,50,74,43,31,37,17,20,148,77,71,,,,71,47,24,,,
"Jun 22, 2024 3:00 PM",524,281,243,111,57,54,65,26,39,21,10,11,103,62,41,,,,48,25,23,,,
"Jun 22, 2024 4:00 PM",521,264,257,81,42,39,42,24,18,38,17,21,147,73,74,,,,36,13,23,,,
"Jun 22, 2024 5:00 PM",398,210,188,70,40,30,48,29,19,30,12,18,125,77,48,,,,42,19,23,,,
"Jun 22, 2024 6:00 PM",312,156,156,49,19,30,49,22,27,14,6,8,65,41,24,,,,46,23,23,,,
"Jun 22, 2024 7:00 PM",280,128,152,40,23,17,54,29,25,17,13,4,92,53,39,,,,36,18,18,,,
"Jun 22, 2024 8:00 PM",195,94,101,20,12,8,25,15,10,18,5,13,52,18,34,,,,41,13,28,,,
"Jun 22, 2024 9:00 PM",160,71,89,20,11,9,29,16,13,6,3,3,104,43,61,,,,20,15,5,,,
"Jun 22, 2024 10:00 PM",98,45,53,7,2,5,13,3,10,7,4,3,30,16,14,,,,14,5,9,,,
"Jun 22, 2024 11:00 PM",36,19,17,4,3,1,13,8,5,7,4,3,38,22,16,,,,9,7,2,,,
"Jun 23, 2024 12:00 AM",0,0,0,5,2,3,5,3,2,7,4,3,17,8,9,,,,6,4,2,,,
"Jun 23, 2024 1:00 AM",1,0,1,2,2,0,5,3,2,2,0,2,7,6,1,,,,6,2,4,,,
"Jun 23, 2024 2:00 AM",0,0,0,2,2,0,0,0,0,1,0,1,0,0,0,,,,3,1,2,,,
"Jun 23, 2024 3:00 AM",1,1,0,0,0,0,2,2,0,3,1,2,0,0,0,,,,3,0,3,,,
"Jun 23, 2024 4:00 AM",4,3,1,3,0,3,1,1,0,1,1,0,2,0,2,,,,4,3,1,,,
"Jun 23, 2024 5:00 AM",3,1,2,0,0,0,0,0,0,0,0,0,2,2,0,,,,8,1,7,,,
"Jun 23, 2024 6:00 AM",24,15,9,5,3,2,5,3,2,1,0,1,9,6,3,,,,6,4,2,,,
"Jun 23, 2024 7:00 AM",63,31,32,9,5,4,9,5,4,3,0,3,18,12,6,,,,6,1,5,,,
"Jun 23, 2024 8:00 AM",153,85,68,29,21,8,22,8,14,16,5,11,68,42,26,,,,30,13,17,,,
"Jun 23, 2024 9:00 AM",273,146,127,64,37,27,53,24,29,28,18,10,114,57,57,,,,29,13,16,,,
"Jun 23, 2024 10:00 AM",426,241,185,111,58,53,89,51,38,28,15,13,155,100,55,,,,86,54,32,,,
"Jun 23, 2024 11:00 AM",673,383,290,120,80,40,90,55,35,48,29,19,149,90,59,,,,362,319,43,,,
"Jun 23, 2024 12:00 PM",931,474,457,193,117,76,109,57,52,45,34,11,218,130,88,,,,220,168,52,,,
"Jun 23, 2024 1:00 PM",973,533,440,170,82,88,110,57,53,57,25,32,223,122,101,,,,184,136,48,,,
"Jun 23, 2024 2:00 PM",1066,531,535,163,95,68,118,72,46,41,21,20,221,122,99,,,,92,66,26,,,
"Jun 23, 2024 3:00 PM",1209,683,526,158,68,90,124,74,50,64,35,29,228,124,104,,,,66,46,20,,,
"Jun 23, 2024 4:00 PM",1161,586,575,123,56,67,130,60,70,46,21,25,142,77,65,,,,62,36,26,,,
"Jun 23, 2024 5:00 PM",1001,470,531,145,69,76,113,46,67,41,21,20,121,60,61,,,,49,24,25,,,
"Jun 23, 2024 6:00 PM",814,312,502,98,47,51,63,23,40,29,18,11,125,51,74,,,,53,23,30,,,
"Jun 23, 2024 7:00 PM",539,250,289,93,38,55,72,41,31,17,7,10,127,61,66,,,,36,18,18,,,
"Jun 23, 2024 8:00 PM",415,180,235,79,40,39,47,21,26,19,14,5,112,35,77,,,,41,26,15,,,
"Jun 23, 2024 9:00 PM",208,107,101,36,19,17,40,17,23,18,11,7,80,31,49,,,,26,8,18,,,
"Jun 23, 2024 10:00 PM",95,45,50,29,9,20,20,14,6,2,1,1,17,9,8,,,,13,3,10,,,
"Jun 23, 2024 11:00 PM",38,11,27,0,0,0,5,4,1,5,3,2,15,9,6,,,,17,6,11,,,
"Jun 24, 2024 12:00 AM",3,0,3,0,0,0,7,4,3,1,0,1,23,22,1,,,,7,6,1,,,
"Jun 24, 2024 1:00 AM",5,2,3,1,0,1,0,0,0,0,0,0,2,0,2,,,,6,2,4,,,
"Jun 24, 2024 2:00 AM",1,0,1,0,0,0,0,0,0,0,0,0,1,1,0,,,,6,2,4,,,
"Jun 24, 2024 3:00 AM",3,2,1,0,0,0,0,0,0,0,0,0,1,0,1,,,,2,2,0,,,
"Jun 24, 2024 4:00 AM",0,0,0,0,0,0,0,0,0,0,0,0,1,1,0,,,,1,1,0,,,
"Jun 24, 2024 5:00 AM",10,5,5,1,1,0,1,1,0,0,0,0,6,4,2,,,,5,3,2,,,
"Jun 24, 2024 6:00 AM",49,24,25,8,4,4,8,5,3,14,9,5,3,2,1,,,,18,9,9,,,
"Jun 24, 2024 7:00 AM",102,55,47,17,11,6,8,5,3,17,8,9,49,29,20,,,,30,15,15,,,
"Jun 24, 2024 8:00 AM",146,72,74,24,12,12,24,10,14,43,16,27,80,46,34,,,,73,39,34,,,
"Jun 24, 2024 9:00 AM",156,81,75,36,19,17,25,14,11,21,16,5,83,41,42,,,,41,18,23,,,
"Jun 24, 2024 10:00 AM",179,92,87,37,22,15,38,16,22,18,8,10,52,35,17,,,,31,13,18,,,
"Jun 24, 2024 11:00 AM",306,204,102,70,44,26,36,18,18,44,22,22,76,45,31,,,,48,28,20,,,
"Jun 24, 2024 12:00 PM",321,189,132,65,43,22,36,20,16,27,12,15,103,57,46,,,,49,23,26,,,
"Jun 24, 2024 1:00 PM",427,246,181,62,33,29,53,30,23,37,14,23,124,71,53,,,,73,31,42,,,
"Jun 24, 2024 2:00 PM",528,333,195,87,63,24,53,31,22,45,19,26,161,93,68,,,,81,33,48,,,
"Jun 24, 2024 3:00 PM",583,316,267,108,61,47,70,40,30,34,20,14,98,47,51,,,,69,34,35,,,
"Jun 24, 2024 4:00 PM",615,311,304,94,47,47,59,40,19,36,18,18,99,43,56,,,,79,42,37,,,
"Jun 24, 2024 5:00 PM",565,266,299,108,68,40,74,42,32,36,12,24,135,70,65,,,,68,30,38,,,
"Jun 24, 2024 6:00 PM",541,255,286,138,76,62,82,44,38,23,6,17,131,71,60,,,,72,41,31,,,
"Jun 24, 2024 7:00 PM",633,281,352,117,54,63,72,46,26,28,19,9,140,72,68,,,,62,31,31,,,
"Jun 24, 2024 8:00 PM",642,286,356,106,63,43,72,42,30,23,13,10,114,58,56,,,,47,13,34,,,
"Jun 24, 2024 9:00 PM",428,186,242,75,25,50,46,24,22,22,6,16,83,27,56,,,,42,27,15,,,
"Jun 24, 2024 10:00 PM",181,81,100,31,7,24,34,19,15,8,3,5,21,8,13,,,,26,7,19,,,
"Jun 24, 2024 11:00 PM",36,17,19,12,2,10,14,6,8,3,2,1,10,4,6,,,,13,9,4,,,
"Jun 25, 2024 12:00 AM",0,0,0,2,0,2,2,2,0,1,1,0,1,1,0,,,,9,5,4,,,
"Jun 25, 2024 1:00 AM",2,1,1,0,0,0,0,0,0,0,0,0,2,1,1,,,,6,3,3,,,
"Jun 25, 2024 2:00 AM",1,0,1,0,0,0,2,2,0,1,0,1,1,1,0,,,,0,0,0,,,
"Jun 25, 2024 3:00 AM",2,1,1,0,0,0,0,0,0,0,0,0,7,2,5,,,,1,0,1,,,
"Jun 25, 2024 4:00 AM",1,1,0,0,0,0,0,0,0,0,0,0,8,0,8,,,,3,3,0,,,
"Jun 25, 2024 5:00 AM",22,10,12,1,1,0,2,0,2,2,0,2,4,2,2,,,,7,5,2,,,
"Jun 25, 2024 6:00 AM",62,33,29,20,14,6,16,12,4,12,8,4,34,19,15,,,,14,6,8,,,
"Jun 25, 2024 7:00 AM",113,56,57,25,14,11,18,7,11,23,14,9,71,36,35,,,,35,16,19,,,
"Jun 25, 2024 8:00 AM",131,70,61,28,11,17,21,11,10,37,13,24,83,39,44,,,,76,40,36,,,
"Jun 25, 2024 9:00 AM",132,75,57,39,20,19,20,7,13,29,15,14,66,33,33,,,,47,21,26,,,
"Jun 25, 2024 10:00 AM",133,73,60,26,15,11,16,8,8,27,8,19,49,25,24,,,,32,17,15,,,
"Jun 25, 2024 11:00 AM",101,57,44,35,21,14,22,15,7,17,6,11,77,28,49,,,,35,10,25,,,
"Jun 25, 2024 12:00 PM",146,79,67,26,15,11,28,14,14,24,10,14,58,30,28,,,,35,15,20,,,
"Jun 25, 2024 1:00 PM",195,106,89,40,22,18,34,17,17,31,16,15,91,52,39,,,,52,26,26,,,
"Jun 25, 2024 2:00 PM",156,83,73,35,16,19,15,7,8,23,13,10,158,94,64,,,,68,28,40,,,
"Jun 25, 2024 3:00 PM",201,90,111,28,14,14,17,10,7,25,15,10,80,34,46,,,,49,23,26,,,
"Jun 25, 2024 4:00 PM",189,90,99,34,21,13,64,27,37,34,17,17,75,38,37,,,,54,28,26,,,
"Jun 25, 2024 5:00 PM",186,95,91,30,15,15,62,42,20,26,10,16,124,58,66,,,,71,44,27,,,
"Jun 25, 2024 6:00 PM",166,93,73,67,31,36,35,23,12,28,8,20,130,70,60,,,,128,81,47,,,
"Jun 25, 2024 7:00 PM",199,107,92,52,20,32,47,18,29,19,4,15,102,52,50,,,,106,43,63,,,
"Jun 25, 2024 8:00 PM",220,117,103,57,36,21,27,7,20,35,19,16,85,52,33,,,,83,25,58,,,
"Jun 25, 2024 9:00 PM",132,65,67,24,10,14,31,13,18,12,7,5,65,28,37,,,,41,12,29,,,
"Jun 25, 2024 10:00 PM",100,51,49,16,8,8,25,13,12,8,6,2,16,7,9,,,,34,21,13,,,
"Jun 25, 2024 11:00 PM",8,6,2,6,3,3,4,2,2,6,0,6,10,8,2,,,,11,7,4,,,
"Jun 26, 2024 12:00 AM",0,0,0,1,1,0,4,2,2,3,1,2,3,2,1,,,,10,7,3,,,
"Jun 26, 2024 1:00 AM",1,1,0,1,1,0,1,1,0,0,0,0,2,1,1,,,,1,1,0,,,
"Jun 26, 2024 2:00 AM",0,0,0,0,0,0,1,1,0,0,0,0,0,0,0,,,,0,0,0,,,
"Jun 26, 2024 3:00 AM",1,1,0,1,0,1,0,0,0,0,0,0,1,1,0,,,,0,0,0,,,
"Jun 26, 2024 4:00 AM",3,2,1,2,2,0,0,0,0,0,0,0,3,3,0,,,,2,2,0,,,
"Jun 26, 2024 5:00 AM",22,11,11,3,2,1,2,1,1,0,0,0,22,13,9,,,,7,3,4,,,
"Jun 26, 2024 6:00 AM",57,30,27,20,14,6,18,10,8,8,8,0,30,15,15,,,,25,18,7,,,
"Jun 26, 2024 7:00 AM",123,67,56,40,11,29,29,11,18,17,4,13,63,38,25,,,,42,20,22,,,
"Jun 26, 2024 8:00 AM",136,68,68,40,19,21,32,17,15,39,15,24,94,51,43,,,,83,44,39,,,
"Jun 26, 2024 9:00 AM",139,63,76,41,22,19,31,14,17,20,11,9,82,45,37,,,,49,24,25,,,
"Jun 26, 2024 10:00 AM",212,141,71,32,16,16,34,19,15,37,24,13,72,54,18,,,,83,56,27,,,
"Jun 26, 2024 11:00 AM",372,230,142,53,28,25,43,26,17,20,11,9,117,64,53,,,,165,148,17,,,
"Jun 26, 2024 12:00 PM",419,241,178,63,29,34,55,24,31,31,12,19,170,109,61,,,,207,185,22,,,
"Jun 26, 2024 1:00 PM",465,230,235,78,41,37,49,29,20,35,19,16,184,98,86,,,,176,138,38,,,
"Jun 26, 2024 2:00 PM",362,164,198,57,29,28,41,21,20,37,18,19,160,81,79,,,,140,87,53,,,
"Jun 26, 2024 3:00 PM",378,191,187,58,24,34,44,22,22,27,18,9,119,73,46,,,,58,31,27,,,
"Jun 26, 2024 4:00 PM",440,237,203,66,38,28,63,43,20,25,14,11,118,54,64,,,,67,44,23,,,
"Jun 26, 2024 5:00 PM",338,151,187,68,35,33,61,38,23,23,10,13,169,95,74,,,,97,48,49,,,
"Jun 26, 2024 6:00 PM",257,127,130,68,42,26,49,30,19,16,8,8,137,81,56,,,,107,77,30,,,
"Jun 26, 2024 7:00 PM",264,145,119,76,46,30,68,38,30,27,11,16,128,72,56,,,,117,48,69,,,
"Jun 26, 2024 8:00 PM",277,158,119,33,10,23,33,22,11,25,16,9,79,46,33,,,,74,28,46,,,
"Jun 26, 2024 9:00 PM",200,95,105,32,14,18,24,7,17,8,2,6,36,20,16,,,,44,18,26,,,
"Jun 26, 2024 10:00 PM",67,28,39,12,5,7,23,10,13,18,7,11,39,26,13,,,,24,11,13,,,
"Jun 26, 2024 11:00 PM",19,12,7,5,1,4,3,0,3,5,0,5,14,7,7,,,,8,1,7,,,
"Jun 27, 2024 12:00 AM",1,1,0,0,0,0,4,2,2,1,1,0,22,15,7,,,,10,7,3,,,
"Jun 27, 2024 1:00 AM",4,0,4,0,0,0,0,0,0,0,0,0,12,3,9,,,,5,3,2,,,
"Jun 27, 2024 2:00 AM",0,0,0,0,0,0,0,0,0,0,0,0,30,3,27,,,,6,4,2,,,
"Jun 27, 2024 3:00 AM",0,0,0,0,0,0,0,0,0,0,0,0,9,2,7,,,,2,1,1,,,
"Jun 27, 2024 4:00 AM",0,0,0,0,0,0,0,0,0,0,0,0,18,11,7,,,,2,2,0,,,
"Jun 27, 2024 5:00 AM",19,8,11,3,2,1,1,0,1,0,0,0,25,14,11,,,,5,2,3,,,
"Jun 27, 2024 6:00 AM",62,37,25,14,7,7,19,15,4,18,9,9,82,44,38,,,,23,11,12,,,
"Jun 27, 2024 7:00 AM",109,55,54,21,11,10,17,3,14,20,10,10,186,107,79,,,,73,56,17,,,
"Jun 27, 2024 8:00 AM",117,62,55,32,15,17,39,15,24,41,18,23,161,90,71,,,,425,394,31,,,
"Jun 27, 2024 9:00 AM",118,63,55,39,20,19,28,14,14,37,18,19,97,51,46,,,,277,256,21,,,
"Jun 27, 2024 10:00 AM",148,84,64,32,16,16,42,17,25,20,11,9,103,68,35,,,,32,16,16,,,
"Jun 27, 2024 11:00 AM",121,69,52,26,8,18,26,15,11,20,8,12,135,77,58,,,,60,44,16,,,
"Jun 27, 2024 12:00 PM",149,80,69,30,22,8,30,16,14,31,11,20,159,107,52,,,,52,25,27,,,
"Jun 27, 2024 1:00 PM",158,75,83,23,12,11,26,14,12,49,26,23,114,65,49,,,,55,18,37,,,
"Jun 27, 2024 2:00 PM",149,67,82,22,6,16,13,7,6,29,19,10,102,58,44,,,,67,42,25,,,
"Jun 27, 2024 3:00 PM",129,70,59,35,23,12,33,16,17,18,13,5,125,51,74,,,,72,43,29,,,
"Jun 27, 2024 4:00 PM",101,58,43,42,30,12,30,20,10,16,8,8,123,76,47,,,,49,31,18,,,
"Jun 27, 2024 5:00 PM",108,55,53,47,29,18,25,13,12,27,13,14,123,51,72,,,,57,18,39,,,
"Jun 27, 2024 6:00 PM",148,75,73,49,30,19,24,15,9,49,26,23,144,85,59,,,,80,35,45,,,
"Jun 27, 2024 7:00 PM",141,81,60,33,15,18,40,27,13,22,9,13,119,60,59,,,,51,24,27,,,
"Jun 27, 2024 8:00 PM",135,64,71,29,16,13,46,22,24,18,6,12,151,74,77,,,,38,15,23,,,
"Jun 27, 2024 9:00 PM",78,35,43,29,11,18,32,11,21,14,3,11,199,86,113,,,,29,13,16,,,
"Jun 27, 2024 10:00 PM",53,32,21,10,6,4,9,6,3,11,7,4,141,55,86,,,,14,9,5,,,
"Jun 27, 2024 11:00 PM",9,6,3,7,4,3,3,2,1,2,1,1,178,99,79,,,,10,6,4,,,
"Jun 28, 2024 12:00 AM",0,0,0,0,0,0,3,0,3,2,1,1,42,27,15,,,,4,2,2,,,
"Jun 28, 2024 1:00 AM",0,0,0,1,1,0,0,0,0,1,0,1,1,1,0,,,,2,2,0,,,
"Jun 28, 2024 2:00 AM",1,0,1,0,0,0,0,0,0,0,0,0,11,11,0,,,,3,3,0,,,
"Jun 28, 2024 3:00 AM",1,1,0,0,0,0,1,0,1,0,0,0,8,6,2,,,,0,0,0,,,
"Jun 28, 2024 4:00 AM",2,1,1,0,0,0,0,0,0,3,2,1,8,7,1,,,,2,2,0,,,
"Jun 28, 2024 5:00 AM",11,6,5,2,2,0,2,1,1,1,1,0,25,22,3,,,,2,0,2,,,
"Jun 28, 2024 6:00 AM",42,20,22,18,13,5,9,6,3,10,3,7,40,32,8,,,,20,14,6,,,
"Jun 28, 2024 7:00 AM",92,53,39,31,16,15,22,14,8,15,8,7,63,39,24,,,,28,11,17,,,
"Jun 28, 2024 8:00 AM",111,64,47,29,11,18,33,12,21,40,21,19,87,51,36,,,,138,113,25,,,
"Jun 28, 2024 9:00 AM",134,66,68,22,11,11,18,10,8,35,18,17,118,93,25,,,,88,57,31,,,
"Jun 28, 2024 10:00 AM",166,99,67,39,23,16,30,19,11,38,17,21,66,41,25,,,,40,27,13,,,
"Jun 28, 2024 11:00 AM",326,175,151,46,27,19,19,10,9,23,12,11,101,65,36,,,,62,39,23,,,
"Jun 28, 2024 12:00 PM",257,142,115,41,30,11,24,13,11,25,10,15,555,390,165,,,,78,26,52,,,
"Jun 28, 2024 1:00 PM",214,119,95,38,16,22,28,17,11,19,6,13,382,177,205,,,,47,18,29,,,
"Jun 28, 2024 2:00 PM",257,143,114,45,25,20,17,10,7,14,4,10,212,88,124,,,,52,34,18,,,
"Jun 28, 2024 3:00 PM",216,99,117,43,23,20,35,16,19,13,4,9,112,66,46,,,,61,29,32,,,
"Jun 28, 2024 4:00 PM",260,138,122,48,28,20,48,26,22,20,9,11,102,57,45,,,,65,31,34,,,
"Jun 28, 2024 5:00 PM",205,115,90,47,25,22,49,28,21,25,7,18,120,60,60,,,,79,40,39,,,
"Jun 28, 2024 6:00 PM",240,132,108,55,36,19,58,30,28,30,8,22,89,48,41,,,,66,31,35,,,
"Jun 28, 2024 7:00 PM",240,128,112,50,22,28,47,23,24,37,16,21,66,35,31,,,,49,22,27,,,
"Jun 28, 2024 8:00 PM",247,103,144,38,23,15,47,28,19,18,11,7,58,30,28,,,,44,22,22,,,
"Jun 28, 2024 9:00 PM",161,90,71,24,9,15,31,15,16,15,8,7,38,12,26,,,,26,8,18,,,
"Jun 28, 2024 10:00 PM",97,46,51,13,4,9,32,16,16,14,6,8,38,14,24,,,,17,10,7,,,
"Jun 28, 2024 11:00 PM",29,15,14,8,0,8,4,1,3,16,11,5,9,4,5,,,,20,10,10,,,
"Jun 29, 2024 12:00 AM",1,1,0,0,0,0,4,2,2,3,1,2,8,3,5,,,,7,2,5,,,
"Jun 29, 2024 1:00 AM",4,4,0,4,3,1,1,0,1,0,0,0,1,1,0,,,,6,3,3,,,
"Jun 29, 2024 2:00 AM",1,1,0,0,0,0,6,5,1,1,0,1,0,0,0,,,,7,6,1,,,
"Jun 29, 2024 3:00 AM",0,0,0,0,0,0,0,0,0,0,0,0,0,0,0,,,,0,0,0,,,
"Jun 29, 2024 4:00 AM",0,0,0,0,0,0,0,0,0,1,1,0,0,0,0,,,,1,1,0,,,
"Jun 29, 2024 5:00 AM",9,5,4,1,1,0,0,0,0,1,1,0,0,0,0,,,,4,2,2,,,
"Jun 29, 2024 6:00 AM",14,5,9,2,2,0,1,1,0,2,1,1,0,0,0,,,,8,4,4,,,
"Jun 29, 2024 7:00 AM",33,14,19,14,7,7,10,5,5,4,0,4,25,14,11,,,,10,3,7,,,
"Jun 29, 2024 8:00 AM",58,32,26,31,16,15,20,11,9,11,7,4,50,30,20,,,,10,3,7,,,
"Jun 29, 2024 9:00 AM",116,56,60,38,27,11,46,28,18,18,12,6,46,29,17,,,,29,13,16,,,
"Jun 29, 2024 10:00 AM",157,96,61,64,29,35,68,27,41,37,18,19,68,30,38,,,,34,21,13,,,
"Jun 29, 2024 11:00 AM",220,102,118,51,28,23,29,22,7,23,12,11,59,31,28,,,,42,20,22,,,
"Jun 29, 2024 12:00 PM",200,84,116,33,19,14,41,19,22,31,16,15,50,26,24,,,,41,20,21,,,
"Jun 29, 2024 1:00 PM",121,71,50,31,17,14,31,14,17,20,7,13,30,17,13,,,,25,9,16,,,
"Jun 29, 2024 2:00 PM",89,47,42,10,2,8,17,14,3,10,4,6,31,15,16,,,,23,11,12,,,
"Jun 29, 2024 3:00 PM",91,35,56,15,4,11,24,8,16,15,10,5,28,9,19,,,,25,9,16,,,
"Jun 29, 2024 4:00 PM",89,49,40,27,14,13,17,9,8,17,12,5,17,11,6,,,,17,9,8,,,
"Jun 29, 2024 5:00 PM",97,50,47,27,18,9,23,15,8,11,3,8,47,25,22,,,,23,13,10,,,
"Jun 29, 2024 6:00 PM",184,101,83,55,23,32,54,28,26,11,4,7,63,38,25,,,,38,19,19,,,
"Jun 29, 2024 7:00 PM",276,153,123,46,30,16,44,19,25,25,15,10,45,26,19,,,,39,12,27,,,
"Jun 29, 2024 8:00 PM",348,194,154,37,20,17,53,26,27,20,11,9,71,33,38,,,,25,10,15,,,
"Jun 29, 2024 9:00 PM",249,119,130,17,6,11,23,12,11,6,1,5,36,17,19,,,,35,22,13,,,
"Jun 29, 2024 10:00 PM",108,45,63,23,6,17,33,20,13,6,5,1,26,12,14,,,,21,12,9,,,
"Jun 29, 2024 11:00 PM",37,23,14,9,5,4,10,5,5,4,3,1,10,5,5,,,,19,14,5,,,
"Jun 30, 2024 12:00 AM",0,0,0,0,0,0,0,0,0,4,2,2,3,1,2,,,,17,13,4,,,
"Jun 30, 2024 1:00 AM",1,1,0,1,0,1,6,3,3,1,1,0,6,3,3,,,,7,7,0,,,
"Jun 30, 2024 2:00 AM",0,0,0,0,0,0,0,0,0,0,0,0,2,1,1,,,,8,6,2,,,
"Jun 30, 2024 3:00 AM",1,1,0,0,0,0,0,0,0,0,0,0,2,1,1,,,,4,4,0,,,
"Jun 30, 2024 4:00 AM",6,5,1,3,3,0,0,0,0,0,0,0,0,0,0,,,,1,0,1,,,
"Jun 30, 2024 5:00 AM",5,1,4,3,1,2,1,1,0,0,0,0,1,0,1,,,,2,0,2,,,
"Jun 30, 2024 6:00 AM",21,7,14,10,6,4,4,1,3,1,0,1,5,5,0,,,,11,3,8,,,
"Jun 30, 2024 7:00 AM",45,20,25,12,8,4,6,3,3,6,1,5,15,11,4,,,,5,3,2,,,
"Jun 30, 2024 8:00 AM",96,49,47,50,28,22,27,14,13,17,6,11,44,28,16,,,,16,8,8,,,
"Jun 30, 2024 9:00 AM",215,114,101,47,26,21,55,37,18,23,11,12,95,54,41,,,,25,9,16,,,
"Jun 30, 2024 10:00 AM",356,210,146,85,39,46,61,34,27,43,30,13,182,121,61,,,,58,36,22,,,
"Jun 30, 2024 11:00 AM",522,292,230,112,60,52,82,48,34,55,34,21,172,95,77,,,,73,49,24,,,
"Jun 30, 2024 12:00 PM",713,382,331,89,41,48,78,41,37,70,29,41,143,86,57,,,,75,28,47,,,
"Jun 30, 2024 1:00 PM",930,534,396,110,60,50,74,37,37,55,26,29,124,72,52,,,,61,24,37,,,
"Jun 30, 2024 2:00 PM",773,440,333,97,61,36,90,43,47,50,29,21,130,71,59,,,,47,23,24,,,
"Jun 30, 2024 3:00 PM",716,386,330,80,30,50,85,45,40,43,22,21,131,75,56,,,,60,30,30,,,
"Jun 30, 2024 4:00 PM",676,329,347,64,32,32,54,27,27,35,14,21,111,57,54,,,,59,26,33,,,
"Jun 30, 2024 5:00 PM",476,200,276,55,17,38,50,16,34,21,9,12,115,61,54,,,,44,24,20,,,
"Jun 30, 2024 6:00 PM",388,193,195,49,24,25,52,27,25,13,6,7,63,21,42,,,,33,14,19,,,
"Jun 30, 2024 7:00 PM",313,161,152,43,17,26,42,10,32,25,11,14,77,41,36,,,,33,12,21,,,
"Jun 30, 2024 8:00 PM",280,145,135,24,8,16,39,20,19,10,6,4,84,38,46,,,,41,17,24,,,
"Jun 30, 2024 9:00 PM",163,80,83,11,3,8,18,9,9,13,5,8,46,19,27,,,,25,15,10,,,
"Jun 30, 2024 10:00 PM",66,30,36,8,5,3,13,7,6,3,2,1,23,12,11,,,,16,10,6,,,
"Jun 30, 2024 11:00 PM",11,6,5,8,4,4,2,2,0,3,3,0,38,17,21,,,,13,7,6,,,
"Jul 1, 2024 12:00 AM",0,0,0,0,0,0,0,0,0,3,0,3,7,5,2,,,,13,11,2,,,
"Jul 1, 2024 1:00 AM",0,0,0,3,3,0,0,0,0,0,0,0,0,0,0,,,,2,0,2,,,
"Jul 1, 2024 2:00 AM",0,0,0,0,0,0,2,2,0,0,0,0,0,0,0,,,,0,0,0,,,
"Jul 1, 2024 3:00 AM",0,0,0,0,0,0,0,0,0,0,0,0,0,0,0,,,,0,0,0,,,
"Jul 1, 2024 4:00 AM",0,0,0,0,0,0,0,0,0,0,0,0,2,1,1,,,,1,1,0,,,
"Jul 1, 2024 5:00 AM",5,2,3,0,0,0,4,2,2,0,0,0,5,2,3,,,,3,1,2,,,
"Jul 1, 2024 6:00 AM",37,18,19,9,6,3,5,4,1,10,6,4,32,9,23,,,,11,7,4,,,
"Jul 1, 2024 7:00 AM",83,47,36,28,17,11,13,8,5,15,8,7,46,25,21,,,,43,22,21,,,
"Jul 1, 2024 8:00 AM",111,62,49,19,10,9,33,14,19,37,12,25,69,29,40,,,,0,0,0,,,
"Jul 1, 2024 9:00 AM",99,48,51,22,12,10,28,19,9,20,9,11,68,45,23,,,,0,0,0,,,
"Jul 1, 2024 10:00 AM",147,79,68,34,15,19,21,11,10,32,21,11,94,60,34,,,,0,0,0,,,
"Jul 1, 2024 11:00 AM",221,138,83,31,14,17,34,22,12,28,10,18,104,69,35,,,,0,0,0,,,
"Jul 1, 2024 12:00 PM",236,131,105,58,38,20,36,10,26,26,14,12,70,41,29,,,,0,0,0,,,
"Jul 1, 2024 1:00 PM",281,142,139,28,13,15,37,18,19,37,24,13,85,39,46,,,,0,0,0,,,
"Jul 1, 2024 2:00 PM",224,99,125,29,16,13,22,16,6,27,15,12,120,40,80,,,,0,0,0,,,
"Jul 1, 2024 3:00 PM",202,98,104,24,19,5,36,20,16,28,9,19,84,29,55,,,,0,0,0,,,
"Jul 1, 2024 4:00 PM",179,97,82,20,11,9,21,12,9,21,14,7,67,36,31,,,,0,0,0,,,
"Jul 1, 2024 5:00 PM",156,73,83,36,25,11,48,29,19,34,17,17,114,55,59,,,,0,0,0,,,
"Jul 1, 2024 6:00 PM",196,114,82,55,33,22,51,23,28,36,16,20,193,73,120,,,,0,0,0,,,
"Jul 1, 2024 7:00 PM",199,97,102,55,27,28,32,18,14,28,10,18,104,58,46,,,,0,0,0,,,
"Jul 1, 2024 8:00 PM",171,103,68,39,26,13,25,12,13,26,12,14,76,34,42,,,,0,0,0,,,
"Jul 1, 2024 9:00 PM",121,46,75,24,8,16,18,7,11,28,13,15,34,17,17,,,,0,0,0,,,
"Jul 1, 2024 10:00 PM",36,16,20,12,3,9,7,4,3,2,2,0,21,10,11,,,,0,0,0,,,
"Jul 1, 2024 11:00 PM",6,3,3,1,0,1,2,0,2,3,2,1,7,3,4,,,,0,0,0,,,
"Jul 2, 2024 12:00 AM",0,0,0,0,0,0,0,0,0,0,0,0,9,2,7,,,,0,0,0,,,
"Jul 2, 2024 1:00 AM",0,0,0,3,1,2,1,1,0,0,0,0,0,0,0,,,,0,0,0,,,
"Jul 2, 2024 2:00 AM",1,1,0,0,0,0,0,0,0,0,0,0,0,0,0,,,,0,0,0,,,
"Jul 2, 2024 3:00 AM",0,0,0,0,0,0,0,0,0,0,0,0,0,0,0,,,,0,0,0,,,
"Jul 2, 2024 4:00 AM",0,0,0,2,1,1,0,0,0,0,0,0,1,1,0,,,,0,0,0,,,
"Jul 2, 2024 5:00 AM",7,1,6,1,0,1,2,0,2,0,0,0,6,3,3,,,,0,0,0,,,
"Jul 2, 2024 6:00 AM",41,21,20,13,9,4,18,14,4,5,4,1,28,18,10,,,,0,0,0,,,
"Jul 2, 2024 7:00 AM",106,65,41,33,17,16,14,8,6,29,13,16,60,32,28,,,,0,0,0,,,
"Jul 2, 2024 8:00 AM",89,38,51,23,13,10,13,6,7,37,14,23,98,50,48,,,,0,0,0,,,
"Jul 2, 2024 9:00 AM",107,55,52,22,8,14,23,11,12,25,12,13,68,40,28,,,,0,0,0,,,
"Jul 2, 2024 10:00 AM",141,83,58,33,25,8,37,22,15,21,11,10,89,50,39,,,,0,0,0,,,
"Jul 2, 2024 11:00 AM",231,131,100,52,26,26,43,24,19,26,12,14,113,60,53,,,,0,0,0,,,
"Jul 2, 2024 12:00 PM",283,152,131,50,22,28,35,23,12,36,14,22,105,46,59,,,,0,0,0,,,
"Jul 2, 2024 1:00 PM",271,133,138,43,12,31,48,24,24,30,15,15,88,46,42,,,,0,0,0,,,
"Jul 2, 2024 2:00 PM",210,102,108,31,14,17,22,10,12,31,15,16,82,37,45,,,,0,0,0,,,
"Jul 2, 2024 3:00 PM",240,126,114,43,28,15,31,16,15,23,14,9,113,69,44,,,,0,0,0,,,
"Jul 2, 2024 4:00 PM",234,123,111,44,25,19,39,25,14,32,15,17,129,64,65,,,,0,0,0,,,
"Jul 2, 2024 5:00 PM",192,112,80,55,31,24,49,29,20,37,14,23,121,55,66,,,,0,0,0,,,
"Jul 2, 2024 6:00 PM",259,134,125,64,37,27,37,27,10,37,18,19,98,56,42,,,,0,0,0,,,
"Jul 2, 2024 7:00 PM",243,141,102,84,50,34,44,26,18,31,12,19,139,82,57,,,,0,0,0,,,
"Jul 2, 2024 8:00 PM",400,197,203,64,24,40,46,19,27,17,6,11,121,63,58,,,,0,0,0,,,
"Jul 2, 2024 9:00 PM",193,75,118,23,13,10,29,12,17,17,12,5,45,16,29,,,,0,0,0,,,
"Jul 2, 2024 10:00 PM",60,32,28,11,4,7,15,7,8,9,6,3,16,7,9,,,,0,0,0,,,
"Jul 2, 2024 11:00 PM",15,11,4,0,0,0,4,1,3,0,0,0,5,4,1,,,,0,0,0,,,
"Jul 3, 2024 12:00 AM",0,0,0,0,0,0,2,1,1,0,0,0,1,0,1,,,,0,0,0,,,
"Jul 3, 2024 1:00 AM",2,1,1,0,0,0,0,0,0,0,0,0,7,2,5,,,,0,0,0,,,
"Jul 3, 2024 2:00 AM",2,0,2,0,0,0,0,0,0,0,0,0,1,0,1,,,,0,0,0,,,
"Jul 3, 2024 3:00 AM",0,0,0,0,0,0,0,0,0,0,0,0,0,0,0,,,,0,0,0,,,
"Jul 3, 2024 4:00 AM",4,4,0,2,1,1,0,0,0,0,0,0,2,1,1,,,,0,0,0,,,
"Jul 3, 2024 5:00 AM",6,2,4,0,0,0,2,0,2,2,2,0,4,1,3,,,,0,0,0,,,
"Jul 3, 2024 6:00 AM",30,15,15,13,8,5,10,9,1,9,5,4,20,14,6,,,,0,0,0,,,
"Jul 3, 2024 7:00 AM",133,59,74,35,20,15,23,14,9,16,8,8,69,38,31,,,,0,0,0,,,
"Jul 3, 2024 8:00 AM",118,50,68,37,20,17,39,15,24,37,14,23,120,80,40,,,,0,0,0,,,
"Jul 3, 2024 9:00 AM",125,63,62,20,9,11,12,6,6,21,12,9,66,42,24,,,,0,0,0,,,
"Jul 3, 2024 10:00 AM",150,87,63,25,13,12,27,12,15,24,11,13,84,56,28,,,,0,0,0,,,
"Jul 3, 2024 11:00 AM",216,120,96,53,22,31,34,21,13,25,7,18,104,68,36,,,,0,0,0,,,
"Jul 3, 2024 12:00 PM",219,135,84,45,18,27,35,14,21,38,16,22,74,42,32,,,,0,0,0,,,
"Jul 3, 2024 1:00 PM",231,100,131,40,24,16,52,29,23,32,16,16,99,53,46,,,,0,0,0,,,
"Jul 3, 2024 2:00 PM",290,145,145,39,20,19,27,15,12,26,13,13,85,51,34,,,,0,0,0,,,
"Jul 3, 2024 3:00 PM",315,146,169,33,17,16,34,15,19,24,9,15,80,54,26,,,,0,0,0,,,
"Jul 3, 2024 4:00 PM",219,117,102,44,21,23,35,25,10,28,11,17,180,129,51,,,,0,0,0,,,
"Jul 3, 2024 5:00 PM",253,144,109,44,28,16,55,26,29,32,11,21,241,142,99,,,,0,0,0,,,
"Jul 3, 2024 6:00 PM",260,138,122,53,37,16,59,31,28,39,21,18,222,145,77,,,,0,0,0,,,
"Jul 3, 2024 7:00 PM",338,179,159,66,38,28,56,34,22,35,16,19,222,132,90,,,,0,0,0,,,
"Jul 3, 2024 8:00 PM",389,185,204,56,33,23,45,27,18,20,15,5,216,126,90,,,,0,0,0,,,
"Jul 3, 2024 9:00 PM",200,94,106,36,21,15,35,19,16,10,6,4,105,67,38,,,,0,0,0,,,
"Jul 3, 2024 10:00 PM",49,21,28,16,8,8,16,8,8,3,2,1,46,35,11,,,,0,0,0,,,
"Jul 3, 2024 11:00 PM",10,8,2,4,2,2,4,3,1,2,1,1,30,21,9,,,,0,0,0,,,
"Jul 4, 2024 12:00 AM",1,0,1,0,0,0,0,0,0,1,1,0,18,9,9,,,,9,7,2,,,
"Jul 4, 2024 1:00 AM",1,1,0,0,0,0,2,2,0,0,0,0,2,2,0,,,,3,3,0,,,
"Jul 4, 2024 2:00 AM",0,0,0,0,0,0,0,0,0,1,0,1,0,0,0,,,,0,0,0,,,
"Jul 4, 2024 3:00 AM",0,0,0,0,0,0,1,1,0,0,0,0,0,0,0,,,,0,0,0,,,
"Jul 4, 2024 4:00 AM",0,0,0,0,0,0,0,0,0,0,0,0,2,1,1,,,,2,2,0,,,
"Jul 4, 2024 5:00 AM",8,0,8,1,1,0,1,0,1,0,0,0,3,1,2,,,,7,3,4,,,
"Jul 4, 2024 6:00 AM",32,17,15,16,7,9,12,8,4,6,5,1,32,20,12,,,,22,11,11,,,
"Jul 4, 2024 7:00 AM",89,51,38,23,9,14,25,14,11,14,8,6,47,27,20,,,,15,5,10,,,
"Jul 4, 2024 8:00 AM",110,61,49,36,7,29,35,18,17,28,10,18,92,48,44,,,,30,13,17,,,
"Jul 4, 2024 9:00 AM",80,38,42,30,17,13,22,12,10,28,15,13,71,39,32,,,,29,14,15,,,
"Jul 4, 2024 10:00 AM",123,81,42,40,15,25,26,14,12,22,12,10,57,33,24,,,,37,17,20,,,
"Jul 4, 2024 11:00 AM",178,110,68,27,13,14,19,12,7,42,22,20,102,42,60,,,,53,27,26,,,
"Jul 4, 2024 12:00 PM",224,118,106,41,21,20,39,21,18,28,11,17,111,70,41,,,,72,41,31,,,
"Jul 4, 2024 1:00 PM",251,123,128,37,23,14,48,30,18,31,16,15,152,75,77,,,,128,103,25,,,
"Jul 4, 2024 2:00 PM",276,153,123,35,10,25,36,20,16,21,13,8,104,58,46,,,,108,94,14,,,
"Jul 4, 2024 3:00 PM",288,124,164,44,25,19,35,16,19,17,10,7,78,42,36,,,,79,53,26,,,
"Jul 4, 2024 4:00 PM",265,138,127,42,24,18,28,16,12,44,22,22,75,41,34,,,,80,41,39,,,
"Jul 4, 2024 5:00 PM",227,115,112,29,19,10,47,27,20,38,12,26,277,121,156,,,,84,39,45,,,
"Jul 4, 2024 6:00 PM",205,99,106,33,21,12,42,22,20,31,11,20,257,129,128,,,,90,60,30,,,
"Jul 4, 2024 7:00 PM",298,186,112,45,32,13,34,20,14,18,6,12,117,66,51,,,,82,29,53,,,
"Jul 4, 2024 8:00 PM",276,128,148,39,24,15,30,12,18,16,7,9,97,51,46,,,,66,23,43,,,
"Jul 4, 2024 9:00 PM",142,62,80,42,15,27,21,11,10,12,8,4,51,24,27,,,,24,8,16,,,
"Jul 4, 2024 10:00 PM",63,32,31,14,8,6,14,3,11,13,9,4,11,4,7,,,,23,17,6,,,
"Jul 4, 2024 11:00 PM",19,12,7,6,2,4,2,0,2,0,0,0,3,2,1,,,,14,11,3,,,
"Jul 5, 2024 12:00 AM",0,0,0,1,0,1,4,1,3,2,0,2,2,1,1,,,,8,4,4,,,
"Jul 5, 2024 1:00 AM",2,2,0,1,1,0,2,2,0,2,2,0,0,0,0,,,,3,2,1,,,
"Jul 5, 2024 2:00 AM",0,0,0,0,0,0,0,0,0,0,0,0,0,0,0,,,,0,0,0,,,
"Jul 5, 2024 3:00 AM",0,0,0,0,0,0,0,0,0,0,0,0,0,0,0,,,,1,1,0,,,
"Jul 5, 2024 4:00 AM",1,0,1,0,0,0,0,0,0,2,2,0,0,0,0,,,,3,3,0,,,
"Jul 5, 2024 5:00 AM",5,3,2,2,1,1,0,0,0,0,0,0,3,1,2,,,,4,1,3,,,
"Jul 5, 2024 6:00 AM",32,12,20,9,5,4,6,3,3,5,3,2,10,7,3,,,,20,15,5,,,
"Jul 5, 2024 7:00 AM",116,72,44,19,14,5,26,18,8,12,6,6,47,30,17,,,,24,10,14,,,
"Jul 5, 2024 8:00 AM",150,68,82,43,20,23,33,17,16,30,16,14,77,40,37,,,,36,17,19,,,
"Jul 5, 2024 9:00 AM",124,68,56,32,19,13,25,13,12,23,13,10,78,49,29,,,,43,14,29,,,
"Jul 5, 2024 10:00 AM",267,173,94,34,20,14,36,19,17,26,15,11,76,38,38,,,,120,102,18,,,
"Jul 5, 2024 11:00 AM",322,169,153,36,23,13,24,18,6,28,13,15,74,42,32,,,,91,67,24,,,
"Jul 5, 2024 12:00 PM",301,170,131,49,28,21,38,23,15,33,16,17,101,56,45,,,,60,34,26,,,
"Jul 5, 2024 1:00 PM",272,151,121,47,31,16,50,34,16,48,21,27,114,54,60,,,,46,22,24,,,
"Jul 5, 2024 2:00 PM",267,123,144,29,18,11,33,28,5,25,11,14,73,40,33,,,,44,20,24,,,
"Jul 5, 2024 3:00 PM",379,198,181,29,15,14,31,10,21,18,13,5,86,47,39,,,,59,26,33,,,
"Jul 5, 2024 4:00 PM",298,129,169,44,22,22,41,26,15,25,12,13,194,91,103,,,,72,32,40,,,
"Jul 5, 2024 5:00 PM",176,96,80,39,19,20,38,13,25,20,9,11,164,59,105,,,,77,30,47,,,
"Jul 5, 2024 6:00 PM",175,90,85,49,25,24,27,18,9,15,11,4,99,43,56,,,,39,19,20,,,
"Jul 5, 2024 7:00 PM",191,93,98,26,12,14,32,16,16,10,4,6,43,23,20,,,,46,15,31,,,
"Jul 5, 2024 8:00 PM",151,75,76,25,17,8,20,5,15,11,5,6,31,16,15,,,,37,21,16,,,
"Jul 5, 2024 9:00 PM",93,36,57,15,7,8,18,7,11,8,5,3,19,9,10,,,,29,15,14,,,
"Jul 5, 2024 10:00 PM",37,22,15,1,1,0,25,21,4,5,5,0,2,2,0,,,,19,11,8,,,
"Jul 5, 2024 11:00 PM",13,9,4,0,0,0,13,10,3,2,0,2,7,4,3,,,,12,8,4,,,
"Jul 6, 2024 12:00 AM",0,0,0,0,0,0,2,1,1,2,1,1,10,3,7,,,,4,3,1,,,
"Jul 6, 2024 1:00 AM",3,2,1,0,0,0,4,2,2,0,0,0,0,0,0,,,,14,10,4,,,
"Jul 6, 2024 2:00 AM",0,0,0,0,0,0,0,0,0,0,0,0,0,0,0,,,,6,3,3,,,
"Jul 6, 2024 3:00 AM",1,1,0,0,0,0,0,0,0,0,0,0,0,0,0,,,,0,0,0,,,
"Jul 6, 2024 4:00 AM",1,0,1,0,0,0,0,0,0,0,0,0,0,0,0,,,,3,1,2,,,
"Jul 6, 2024 5:00 AM",6,2,4,1,0,1,0,0,0,0,0,0,4,3,1,,,,2,1,1,,,
"Jul 6, 2024 6:00 AM",24,10,14,6,4,2,6,3,3,3,1,2,20,10,10,,,,8,6,2,,,
"Jul 6, 2024 7:00 AM",52,21,31,13,5,8,7,4,3,7,3,4,24,11,13,,,,6,2,4,,,
"Jul 6, 2024 8:00 AM",141,77,64,34,16,18,44,25,19,22,13,9,71,47,24,,,,16,11,5,,,
"Jul 6, 2024 9:00 AM",185,108,77,65,37,28,44,23,21,17,8,9,104,62,42,,,,58,42,16,,,
"Jul 6, 2024 10:00 AM",336,188,148,106,63,43,96,56,40,40,26,14,155,104,51,,,,124,100,24,,,
"Jul 6, 2024 11:00 AM",409,233,176,102,53,49,88,61,27,43,28,15,218,143,75,,,,152,118,34,,,
"Jul 6, 2024 12:00 PM",575,308,267,141,90,51,130,92,38,38,18,20,178,94,84,,,,140,107,33,,,
"Jul 6, 2024 1:00 PM",599,297,302,67,40,27,82,56,26,34,12,22,123,58,65,,,,198,150,48,,,
"Jul 6, 2024 2:00 PM",465,230,235,63,38,25,77,36,41,39,17,22,144,77,67,,,,88,57,31,,,
"Jul 6, 2024 3:00 PM",487,263,224,74,46,28,57,29,28,34,24,10,129,69,60,,,,71,32,39,,,
"Jul 6, 2024 4:00 PM",571,289,282,59,24,35,67,34,33,19,8,11,127,72,55,,,,66,29,37,,,
"Jul 6, 2024 5:00 PM",409,194,215,43,16,27,39,15,24,31,16,15,113,42,71,,,,40,25,15,,,
"Jul 6, 2024 6:00 PM",284,140,144,15,7,8,43,22,21,18,12,6,30,13,17,,,,44,17,27,,,
"Jul 6, 2024 7:00 PM",226,100,126,12,10,2,33,13,20,8,5,3,45,25,20,,,,35,12,23,,,
"Jul 6, 2024 8:00 PM",252,127,125,36,15,21,46,17,29,13,5,8,135,77,58,,,,44,20,24,,,
"Jul 6, 2024 9:00 PM",169,61,108,22,7,15,33,20,13,24,13,11,44,15,29,,,,54,18,36,,,
"Jul 6, 2024 10:00 PM",90,53,37,5,1,4,33,23,10,4,3,1,24,10,14,,,,13,5,8,,,
"Jul 6, 2024 11:00 PM",38,19,19,7,2,5,21,13,8,4,1,3,10,7,3,,,,18,11,7,,,
"Jul 7, 2024 12:00 AM",1,1,0,0,0,0,0,0,0,2,1,1,93,51,42,,,,19,11,8,,,
"Jul 7, 2024 1:00 AM",6,5,1,0,0,0,2,1,1,0,0,0,1,1,0,,,,10,6,4,,,
"Jul 7, 2024 2:00 AM",2,0,2,4,0,4,2,0,2,1,0,1,0,0,0,,,,7,1,6,,,
"Jul 7, 2024 3:00 AM",0,0,0,2,2,0,2,2,0,0,0,0,0,0,0,,,,0,0,0,,,
"Jul 7, 2024 4:00 AM",1,1,0,0,0,0,1,0,1,0,0,0,3,1,2,,,,7,2,5,,,
"Jul 7, 2024 5:00 AM",2,2,0,1,1,0,0,0,0,0,0,0,5,1,4,,,,8,5,3,,,
"Jul 7, 2024 6:00 AM",17,7,10,3,3,0,3,1,2,1,0,1,4,3,1,,,,6,4,2,,,
"Jul 7, 2024 7:00 AM",51,24,27,12,4,8,9,5,4,2,1,1,22,9,13,,,,6,3,3,,,
"Jul 7, 2024 8:00 AM",113,59,54,24,18,6,24,14,10,9,3,6,63,36,27,,,,8,4,4,,,
"Jul 7, 2024 9:00 AM",255,137,118,64,41,23,46,30,16,20,7,13,102,64,38,,,,21,10,11,,,
"Jul 7, 2024 10:00 AM",444,229,215,92,49,43,85,51,34,41,24,17,183,112,71,,,,54,24,30,,,
"Jul 7, 2024 11:00 AM",813,416,397,109,56,53,106,67,39,55,26,29,272,116,156,,,,80,56,24,,,
"Jul 7, 2024 12:00 PM",834,420,414,94,57,37,79,44,35,73,40,33,263,110,153,,,,114,83,31,,,
"Jul 7, 2024 1:00 PM",508,249,259,75,40,35,86,44,42,28,16,12,125,59,66,,,,61,31,30,,,
"Jul 7, 2024 2:00 PM",608,290,318,75,41,34,41,25,16,36,14,22,120,50,70,,,,92,47,45,,,
"Jul 7, 2024 3:00 PM",859,431,428,77,36,41,99,42,57,31,16,15,167,69,98,,,,51,27,24,,,
"Jul 7, 2024 4:00 PM",789,396,393,54,28,26,68,29,39,26,8,18,116,65,51,,,,76,17,59,,,
"Jul 7, 2024 5:00 PM",545,264,281,50,24,26,49,24,25,13,3,10,112,46,66,,,,54,26,28,,,
"Jul 7, 2024 6:00 PM",379,182,197,54,31,23,53,27,26,21,7,14,84,37,47,,,,55,22,33,,,
"Jul 7, 2024 7:00 PM",271,125,146,45,25,20,30,16,14,19,12,7,69,40,29,,,,32,20,12,,,
"Jul 7, 2024 8:00 PM",201,114,87,41,20,21,35,17,18,14,4,10,44,23,21,,,,33,17,16,,,
"Jul 7, 2024 9:00 PM",136,64,72,17,5,12,25,18,7,23,13,10,102,75,27,,,,22,10,12,,,
"Jul 7, 2024 10:00 PM",53,25,28,9,5,4,15,9,6,7,2,5,20,12,8,,,,40,27,13,,,
"Jul 7, 2024 11:00 PM",19,12,7,1,1,0,8,7,1,2,0,2,11,6,5,,,,14,4,10,,,
"Jul 8, 2024 12:00 AM",0,0,0,1,1,0,10,7,3,0,0,0,2,2,0,,,,13,10,3,,,
"Jul 8, 2024 1:00 AM",3,1,2,0,0,0,0,0,0,0,0,0,0,0,0,,,,3,1,2,,,
"Jul 8, 2024 2:00 AM",0,0,0,1,1,0,0,0,0,0,0,0,0,0,0,,,,2,0,2,,,
"Jul 8, 2024 3:00 AM",0,0,0,0,0,0,2,2,0,1,1,0,0,0,0,,,,0,0,0,,,
"Jul 8, 2024 4:00 AM",0,0,0,0,0,0,0,0,0,0,0,0,8,1,7,,,,3,2,1,,,
"Jul 8, 2024 5:00 AM",10,3,7,3,2,1,2,1,1,2,2,0,51,8,43,,,,7,4,3,,,
"Jul 8, 2024 6:00 AM",40,17,23,8,6,2,5,4,1,9,7,2,22,14,8,,,,19,10,9,,,
"Jul 8, 2024 7:00 AM",115,65,50,25,11,14,17,9,8,13,9,4,100,79,21,,,,32,17,15,,,
"Jul 8, 2024 8:00 AM",129,69,60,27,14,13,33,15,18,26,14,12,84,46,38,,,,79,57,22,,,
"Jul 8, 2024 9:00 AM",138,63,75,43,30,13,26,17,9,16,8,8,68,51,17,,,,261,246,15,,,
"Jul 8, 2024 10:00 AM",268,137,131,32,24,8,43,27,16,29,16,13,111,76,35,,,,353,327,26,,,
"Jul 8, 2024 11:00 AM",408,230,178,63,30,33,60,33,27,28,14,14,168,123,45,,,,293,261,32,,,
"Jul 8, 2024 12:00 PM",426,217,209,81,47,34,59,35,24,36,15,21,183,132,51,,,,191,170,21,,,
"Jul 8, 2024 1:00 PM",514,250,264,95,47,48,82,44,38,34,14,20,197,145,52,,,,155,129,26,,,
"Jul 8, 2024 2:00 PM",502,245,257,77,30,47,52,24,28,30,15,15,136,83,53,,,,101,75,26,,,
"Jul 8, 2024 3:00 PM",518,254,264,86,40,46,52,19,33,21,11,10,162,109,53,,,,71,44,27,,,
"Jul 8, 2024 4:00 PM",571,265,306,65,30,35,33,18,15,39,23,16,188,103,85,,,,80,43,37,,,
"Jul 8, 2024 5:00 PM",445,188,257,77,40,37,74,33,41,38,20,18,280,166,114,,,,96,57,39,,,
"Jul 8, 2024 6:00 PM",493,272,221,72,41,31,75,37,38,24,14,10,257,167,90,,,,81,37,44,,,
"Jul 8, 2024 7:00 PM",472,219,253,85,42,43,55,34,21,23,13,10,229,159,70,,,,73,42,31,,,
"Jul 8, 2024 8:00 PM",456,244,212,77,38,39,63,24,39,42,23,19,230,148,82,,,,65,27,38,,,
"Jul 8, 2024 9:00 PM",228,103,125,47,18,29,38,13,25,18,12,6,169,116,53,,,,54,23,31,,,
"Jul 8, 2024 10:00 PM",71,38,33,23,9,14,18,9,9,7,5,2,74,57,17,,,,50,27,23,,,
"Jul 8, 2024 11:00 PM",18,11,7,0,0,0,2,0,2,0,0,0,12,11,1,,,,8,3,5,,,
"Jul 9, 2024 12:00 AM",1,0,1,0,0,0,0,0,0,1,1,0,101,96,5,,,,4,3,1,,,
"Jul 9, 2024 1:00 AM",1,1,0,0,0,0,0,0,0,0,0,0,141,129,12,,,,3,3,0,,,
"Jul 9, 2024 2:00 AM",0,0,0,0,0,0,0,0,0,0,0,0,9,8,1,,,,1,0,1,,,
"Jul 9, 2024 3:00 AM",0,0,0,0,0,0,0,0,0,0,0,0,6,6,0,,,,0,0,0,,,
"Jul 9, 2024 4:00 AM",1,0,1,0,0,0,1,0,1,0,0,0,33,33,0,,,,2,2,0,,,
"Jul 9, 2024 5:00 AM",13,6,7,1,1,0,2,1,1,0,0,0,3,1,2,,,,3,2,1,,,
"Jul 9, 2024 6:00 AM",15,5,10,5,1,4,3,2,1,9,4,5,60,23,37,,,,13,5,8,,,
"Jul 9, 2024 7:00 AM",43,29,14,16,4,12,8,4,4,13,4,9,47,28,19,,,,22,6,16,,,
"Jul 9, 2024 8:00 AM",26,15,11,12,5,7,16,5,11,17,9,8,63,35,28,,,,20,5,15,,,
"Jul 9, 2024 9:00 AM",16,11,5,8,4,4,7,4,3,2,1,1,15,11,4,,,,12,4,8,,,
"Jul 9, 2024 10:00 AM",16,7,9,1,0,1,5,2,3,3,1,2,3,1,2,,,,15,7,8,,,
"Jul 9, 2024 11:00 AM",32,11,21,2,1,1,6,2,4,5,3,2,17,14,3,,,,18,6,12,,,
"Jul 9, 2024 12:00 PM",63,35,28,9,4,5,11,6,5,21,11,10,12,6,6,,,,27,12,15,,,
"Jul 9, 2024 1:00 PM",71,51,20,14,10,4,21,12,9,16,9,7,16,12,4,,,,29,13,16,,,
"Jul 9, 2024 2:00 PM",70,30,40,10,6,4,12,4,8,14,5,9,19,13,6,,,,26,10,16,,,
"Jul 9, 2024 3:00 PM",70,39,31,8,4,4,16,4,12,20,5,15,16,9,7,,,,26,8,18,,,
"Jul 9, 2024 4:00 PM",104,49,55,24,11,13,23,17,6,35,15,20,41,20,21,,,,47,26,21,,,
"Jul 9, 2024 5:00 PM",146,69,77,27,16,11,39,24,15,25,12,13,46,26,20,,,,55,28,27,,,
"Jul 9, 2024 6:00 PM",116,66,50,38,21,17,27,17,10,31,12,19,67,38,29,,,,47,22,25,,,
"Jul 9, 2024 7:00 PM",121,61,60,37,24,13,30,15,15,19,6,13,43,21,22,,,,42,15,27,,,
"Jul 9, 2024 8:00 PM",104,54,50,15,11,4,13,3,10,24,8,16,22,12,10,,,,31,11,20,,,
"Jul 9, 2024 9:00 PM",57,31,26,10,2,8,4,1,3,12,6,6,10,7,3,,,,16,6,10,,,
"Jul 9, 2024 10:00 PM",21,11,10,8,6,2,9,1,8,3,1,2,1,1,0,,,,23,16,7,,,
"Jul 9, 2024 11:00 PM",9,4,5,2,0,2,1,1,0,1,0,1,0,0,0,,,,10,5,5,,,
"Jul 10, 2024 12:00 AM",0,0,0,0,0,0,5,0,5,2,0,2,0,0,0,,,,14,11,3,,,
"Jul 10, 2024 1:00 AM",6,2,4,0,0,0,0,0,0,0,0,0,0,0,0,,,,2,0,2,,,
"Jul 10, 2024 2:00 AM",1,1,0,0,0,0,0,0,0,0,0,0,0,0,0,,,,0,0,0,,,
"Jul 10, 2024 3:00 AM",0,0,0,0,0,0,0,0,0,0,0,0,0,0,0,,,,0,0,0,,,
"Jul 10, 2024 4:00 AM",3,3,0,0,0,0,0,0,0,1,1,0,0,0,0,,,,1,1,0,,,
"Jul 10, 2024 5:00 AM",8,4,4,4,2,2,1,0,1,1,0,1,4,2,2,,,,4,1,3,,,
"Jul 10, 2024 6:00 AM",47,19,28,10,6,4,12,6,6,12,6,6,17,8,9,,,,17,12,5,,,
"Jul 10, 2024 7:00 AM",72,47,25,19,7,12,14,6,8,19,11,8,43,24,19,,,,27,10,17,,,
"Jul 10, 2024 8:00 AM",65,30,35,15,7,8,19,6,13,21,8,13,39,20,19,,,,31,15,16,,,
"Jul 10, 2024 9:00 AM",58,29,29,17,9,8,5,3,2,11,8,3,18,7,11,,,,42,17,25,,,
"Jul 10, 2024 10:00 AM",68,40,28,21,13,8,11,8,3,13,8,5,16,10,6,,,,22,5,17,,,
"Jul 10, 2024 11:00 AM",79,55,24,22,13,9,13,6,7,20,12,8,20,14,6,,,,23,10,13,,,
"Jul 10, 2024 12:00 PM",134,62,72,31,16,15,21,12,9,17,6,11,38,24,14,,,,52,23,29,,,
"Jul 10, 2024 1:00 PM",145,77,68,32,23,9,35,16,19,22,9,13,55,40,15,,,,27,12,15,,,
"Jul 10, 2024 2:00 PM",169,86,83,31,15,16,27,12,15,31,18,13,53,29,24,,,,38,20,18,,,
"Jul 10, 2024 3:00 PM",183,85,98,37,19,18,25,15,10,18,8,10,67,42,25,,,,46,25,21,,,
"Jul 10, 2024 4:00 PM",191,95,96,29,17,12,39,23,16,32,17,15,103,48,55,,,,53,28,25,,,
"Jul 10, 2024 5:00 PM",176,78,98,35,19,16,49,27,22,34,12,22,143,81,62,,,,67,32,35,,,
"Jul 10, 2024 6:00 PM",206,116,90,56,30,26,41,23,18,29,11,18,153,90,63,,,,60,28,32,,,
"Jul 10, 2024 7:00 PM",227,133,94,49,26,23,32,13,19,20,10,10,108,62,46,,,,60,29,31,,,
"Jul 10, 2024 8:00 PM",174,103,71,28,14,14,24,10,14,17,4,13,101,50,51,,,,59,23,36,,,
"Jul 10, 2024 9:00 PM",119,46,73,18,11,7,16,5,11,11,5,6,30,17,13,,,,32,16,16,,,
"Jul 10, 2024 10:00 PM",39,21,18,7,2,5,10,5,5,6,4,2,24,18,6,,,,14,9,5,,,
"Jul 10, 2024 11:00 PM",11,6,5,4,1,3,4,2,2,0,0,0,43,31,12,,,,11,7,4,,,
"Jul 11, 2024 12:00 AM",0,0,0,1,0,1,1,0,1,2,2,0,7,6,1,,,,6,5,1,,,
"Jul 11, 2024 1:00 AM",1,1,0,0,0,0,0,0,0,0,0,0,0,0,0,,,,1,1,0,,,
"Jul 11, 2024 2:00 AM",0,0,0,0,0,0,0,0,0,0,0,0,0,0,0,,,,0,0,0,,,
"Jul 11, 2024 3:00 AM",0,0,0,0,0,0,0,0,0,0,0,0,0,0,0,,,,0,0,0,,,
"Jul 11, 2024 4:00 AM",0,0,0,0,0,0,0,0,0,0,0,0,0,0,0,,,,1,1,0,,,
"Jul 11, 2024 5:00 AM",7,3,4,0,0,0,1,1,0,2,1,1,4,2,2,,,,2,0,2,,,
"Jul 11, 2024 6:00 AM",14,8,6,11,8,3,5,4,1,17,9,8,15,9,6,,,,17,7,10,,,
"Jul 11, 2024 7:00 AM",69,42,27,26,10,16,11,7,4,10,5,5,24,12,12,,,,20,5,15,,,
"Jul 11, 2024 8:00 AM",78,40,38,23,10,13,26,12,14,18,8,10,53,31,22,,,,38,19,19,,,
"Jul 11, 2024 9:00 AM",70,29,41,28,16,12,21,11,10,21,10,11,61,40,21,,,,33,18,15,,,
"Jul 11, 2024 10:00 AM",173,108,65,29,15,14,34,22,12,27,14,13,61,39,22,,,,41,17,24,,,
"Jul 11, 2024 11:00 AM",244,135,109,54,21,33,29,14,15,42,24,18,96,49,47,,,,35,12,23,,,
"Jul 11, 2024 12:00 PM",254,142,112,47,25,22,36,20,16,32,14,18,135,71,64,,,,56,25,31,,,
"Jul 11, 2024 1:00 PM",254,119,135,33,16,17,28,15,13,32,21,11,114,51,63,,,,49,25,24,,,
"Jul 11, 2024 2:00 PM",196,114,82,23,14,9,37,24,13,29,13,16,72,44,28,,,,34,14,20,,,
"Jul 11, 2024 3:00 PM",224,122,102,37,18,19,24,16,8,15,9,6,115,62,53,,,,60,27,33,,,
"Jul 11, 2024 4:00 PM",218,128,90,32,15,17,31,18,13,28,16,12,87,41,46,,,,71,37,34,,,
"Jul 11, 2024 5:00 PM",213,105,108,55,33,22,53,28,25,27,10,17,101,49,52,,,,72,31,41,,,
"Jul 11, 2024 6:00 PM",273,152,121,80,34,46,54,38,16,23,7,16,135,77,58,,,,64,26,38,,,
"Jul 11, 2024 7:00 PM",353,182,171,62,39,23,52,26,26,21,11,10,125,66,59,,,,62,29,33,,,
"Jul 11, 2024 8:00 PM",245,134,111,32,13,19,30,17,13,22,10,12,68,29,39,,,,26,10,16,,,
"Jul 11, 2024 9:00 PM",136,65,71,43,13,30,33,16,17,7,4,3,40,18,22,,,,28,12,16,,,
"Jul 11, 2024 10:00 PM",49,27,22,14,4,10,24,14,10,5,1,4,2,2,0,,,,24,12,12,,,
"Jul 11, 2024 11:00 PM",6,2,4,4,1,3,5,1,4,3,2,1,0,0,0,,,,12,7,5,,,
"Jul 12, 2024 12:00 AM",0,0,0,0,0,0,1,1,0,1,1,0,8,4,4,,,,3,2,1,,,
"Jul 12, 2024 1:00 AM",2,1,1,0,0,0,0,0,0,0,0,0,0,0,0,,,,3,3,0,,,
"Jul 12, 2024 2:00 AM",0,0,0,0,0,0,0,0,0,0,0,0,0,0,0,,,,0,0,0,,,
"Jul 12, 2024 3:00 AM",0,0,0,0,0,0,0,0,0,0,0,0,0,0,0,,,,0,0,0,,,
"Jul 12, 2024 4:00 AM",0,0,0,0,0,0,0,0,0,0,0,0,1,0,1,,,,2,2,0,,,
"Jul 12, 2024 5:00 AM",9,4,5,2,1,1,1,1,0,0,0,0,1,0,1,,,,7,2,5,,,
"Jul 12, 2024 6:00 AM",32,10,22,9,3,6,10,5,5,7,5,2,25,12,13,,,,13,7,6,,,
"Jul 12, 2024 7:00 AM",92,62,30,38,24,14,23,16,7,8,4,4,60,32,28,,,,24,9,15,,,
"Jul 12, 2024 8:00 AM",116,66,50,19,10,9,26,8,18,30,13,17,84,49,35,,,,41,19,22,,,
"Jul 12, 2024 9:00 AM",83,43,40,40,25,15,24,13,11,24,13,11,60,35,25,,,,37,10,27,,,
"Jul 12, 2024 10:00 AM",189,105,84,22,9,13,36,21,15,13,5,8,62,36,26,,,,40,14,26,,,
"Jul 12, 2024 11:00 AM",257,130,127,32,18,14,33,17,16,25,18,7,69,45,24,,,,43,27,16,,,
"Jul 12, 2024 12:00 PM",235,122,113,32,12,20,24,6,18,25,12,13,59,28,31,,,,55,25,30,,,
"Jul 12, 2024 1:00 PM",247,155,92,34,17,17,35,16,19,25,11,14,62,44,18,,,,61,21,40,,,
"Jul 12, 2024 2:00 PM",188,108,80,44,23,21,31,17,14,15,8,7,86,42,44,,,,33,13,20,,,
"Jul 12, 2024 3:00 PM",256,130,126,37,18,19,28,11,17,31,13,18,80,43,37,,,,48,22,26,,,
"Jul 12, 2024 4:00 PM",311,125,186,42,23,19,41,25,16,26,10,16,88,45,43,,,,75,31,44,,,
"Jul 12, 2024 5:00 PM",265,136,129,38,18,20,33,8,25,34,17,17,104,48,56,,,,66,20,46,,,
"Jul 12, 2024 6:00 PM",236,118,118,51,27,24,59,30,29,24,13,11,68,39,29,,,,63,32,31,,,
"Jul 12, 2024 7:00 PM",231,118,113,41,19,22,43,17,26,17,9,8,73,46,27,,,,54,27,27,,,
"Jul 12, 2024 8:00 PM",287,162,125,36,13,23,36,15,21,15,6,9,69,32,37,,,,46,20,26,,,
"Jul 12, 2024 9:00 PM",188,88,100,20,12,8,17,8,9,5,3,2,36,19,17,,,,31,11,20,,,
"Jul 12, 2024 10:00 PM",91,52,39,14,10,4,23,11,12,7,2,5,0,0,0,,,,34,19,15,,,
"Jul 12, 2024 11:00 PM",23,14,9,4,3,1,12,7,5,2,1,1,9,2,7,,,,13,6,7,,,
"Jul 13, 2024 12:00 AM",0,0,0,1,0,1,5,2,3,0,0,0,7,2,5,,,,10,6,4,,,
"Jul 13, 2024 1:00 AM",14,5,9,7,2,5,2,2,0,2,1,1,4,0,4,,,,13,8,5,,,
"Jul 13, 2024 2:00 AM",1,1,0,0,0,0,0,0,0,1,1,0,0,0,0,,,,10,4,6,,,
"Jul 13, 2024 3:00 AM",2,2,0,0,0,0,1,1,0,0,0,0,0,0,0,,,,3,3,0,,,
"Jul 13, 2024 4:00 AM",2,1,1,0,0,0,0,0,0,0,0,0,0,0,0,,,,1,1,0,,,
"Jul 13, 2024 5:00 AM",7,2,5,1,1,0,0,0,0,0,0,0,2,1,1,,,,6,3,3,,,
"Jul 13, 2024 6:00 AM",23,8,15,2,1,1,6,3,3,1,0,1,3,1,2,,,,10,7,3,,,
"Jul 13, 2024 7:00 AM",74,41,33,13,6,7,20,16,4,3,0,3,59,49,10,,,,17,6,11,,,
"Jul 13, 2024 8:00 AM",148,76,72,41,24,17,37,20,17,26,10,16,84,51,33,,,,35,18,17,,,
"Jul 13, 2024 9:00 AM",224,128,96,67,33,34,47,27,20,19,11,8,117,70,47,,,,49,19,30,,,
"Jul 13, 2024 10:00 AM",322,174,148,78,42,36,60,32,28,39,23,16,134,90,44,,,,148,120,28,,,
"Jul 13, 2024 11:00 AM",537,307,230,79,49,30,91,47,44,34,17,17,168,100,68,,,,145,122,23,,,
"Jul 13, 2024 12:00 PM",630,329,301,116,86,30,57,34,23,48,21,27,148,77,71,,,,107,86,21,,,
"Jul 13, 2024 1:00 PM",620,320,300,73,33,40,58,42,16,33,18,15,131,82,49,,,,134,96,38,,,
"Jul 13, 2024 2:00 PM",639,360,279,98,59,39,70,40,30,17,8,9,152,82,70,,,,64,34,30,,,
"Jul 13, 2024 3:00 PM",634,271,363,74,49,25,43,23,20,33,14,19,118,73,45,,,,50,32,18,,,
"Jul 13, 2024 4:00 PM",564,298,266,66,28,38,68,28,40,23,6,17,142,71,71,,,,55,22,33,,,
"Jul 13, 2024 5:00 PM",565,254,311,110,52,58,56,28,28,25,16,9,96,51,45,,,,60,40,20,,,
"Jul 13, 2024 6:00 PM",520,254,266,45,27,18,48,16,32,25,12,13,117,50,67,,,,67,33,34,,,
"Jul 13, 2024 7:00 PM",351,160,191,50,28,22,59,36,23,15,7,8,66,32,34,,,,60,25,35,,,
"Jul 13, 2024 8:00 PM",236,125,111,27,15,12,45,21,24,16,7,9,50,27,23,,,,59,17,42,,,
"Jul 13, 2024 9:00 PM",196,88,108,15,6,9,37,23,14,9,5,4,46,26,20,,,,26,8,18,,,
"Jul 13, 2024 10:00 PM",79,39,40,15,3,12,15,6,9,6,2,4,17,1,16,,,,32,22,10,,,
"Jul 13, 2024 11:00 PM",30,19,11,11,4,7,28,18,10,3,2,1,2,2,0,,,,17,8,9,,,
"Jul 14, 2024 12:00 AM",0,0,0,0,0,0,5,5,0,2,2,0,0,0,0,,,,19,11,8,,,
"Jul 14, 2024 1:00 AM",3,2,1,0,0,0,2,1,1,0,0,0,0,0,0,,,,15,11,4,,,
"Jul 14, 2024 2:00 AM",1,0,1,0,0,0,1,0,1,0,0,0,2,2,0,,,,9,4,5,,,
"Jul 14, 2024 3:00 AM",0,0,0,4,3,1,1,1,0,0,0,0,0,0,0,,,,24,19,5,,,
"Jul 14, 2024 4:00 AM",0,0,0,0,0,0,3,3,0,2,0,2,0,0,0,,,,,,,,,
"Jul 14, 2024 5:00 AM",4,1,3,2,1,1,0,0,0,0,0,0,0,0,0,,,,,,,,,
"Jul 14, 2024 6:00 AM",18,7,11,8,1,7,5,2,3,0,0,0,3,1,2,,,,,,,,,
"Jul 14, 2024 7:00 AM",49,21,28,8,7,1,5,3,2,2,1,1,51,21,30,,,,,,,,,
"Jul 14, 2024 8:00 AM",110,51,59,37,19,18,35,12,23,12,5,7,54,32,22,,,,,,,,,
"Jul 14, 2024 9:00 AM",199,120,79,64,36,28,44,20,24,19,10,9,82,49,33,,,,0,0,0,,,
"Jul 14, 2024 10:00 AM",475,303,172,89,56,33,92,58,34,30,17,13,144,95,49,,,,0,0,0,,,
"Jul 14, 2024 11:00 AM",711,387,324,113,59,54,85,43,42,48,26,22,150,82,68,,,,0,0,0,,,
"Jul 14, 2024 12:00 PM",787,416,371,89,58,31,84,53,31,68,31,37,163,97,66,,,,0,0,0,,,
"Jul 14, 2024 1:00 PM",813,387,426,85,40,45,81,33,48,45,28,17,125,67,58,,,,0,0,0,,,
"Jul 14, 2024 2:00 PM",850,428,422,78,55,23,72,54,18,47,17,30,132,64,68,,,,0,0,0,,,
"Jul 14, 2024 3:00 PM",895,424,471,69,41,28,63,21,42,33,24,9,97,43,54,,,,0,0,0,,,
"Jul 14, 2024 4:00 PM",700,295,405,85,29,56,85,41,44,35,15,20,116,51,65,,,,0,0,0,,,
"Jul 14, 2024 5:00 PM",306,139,167,85,40,45,64,48,16,25,13,12,99,36,63,,,,0,0,0,,,
"Jul 14, 2024 6:00 PM",254,112,142,49,27,22,44,24,20,29,13,16,55,32,23,,,,0,0,0,,,
"Jul 14, 2024 7:00 PM",184,87,97,36,14,22,31,19,12,27,14,13,51,26,25,,,,0,0,0,,,
"Jul 14, 2024 8:00 PM",112,49,63,21,11,10,11,3,8,11,3,8,70,26,44,,,,0,0,0,,,
"Jul 14, 2024 9:00 PM",79,37,42,11,5,6,12,3,9,5,2,3,80,24,56,,,,0,0,0,,,
"Jul 14, 2024 10:00 PM",49,13,36,14,6,8,26,15,11,10,8,2,14,1,13,,,,,,,,,
"Jul 14, 2024 11:00 PM",11,10,1,7,3,4,6,3,3,1,1,0,3,1,2,,,,,,,,,
"Jul 15, 2024 12:00 AM",1,0,1,0,0,0,0,0,0,10,6,4,2,1,1,,,,,,,,,
"Jul 15, 2024 1:00 AM",2,1,1,3,3,0,0,0,0,0,0,0,0,0,0,,,,,,,,,
"Jul 15, 2024 2:00 AM",0,0,0,0,0,0,0,0,0,0,0,0,0,0,0,,,,,,,,,
"Jul 15, 2024 3:00 AM",0,0,0,0,0,0,1,1,0,0,0,0,0,0,0,,,,,,,,,
"Jul 15, 2024 4:00 AM",1,1,0,0,0,0,0,0,0,0,0,0,0,0,0,,,,,,,,,
"Jul 15, 2024 5:00 AM",10,4,6,3,3,0,0,0,0,0,0,0,7,4,3,,,,,,,,,
"Jul 15, 2024 6:00 AM",40,20,20,6,3,3,8,3,5,9,4,5,10,6,4,,,,,,,,,
"Jul 15, 2024 7:00 AM",114,61,53,21,8,13,20,14,6,13,10,3,46,22,24,,,,0,0,0,,,
"Jul 15, 2024 8:00 AM",125,66,59,43,26,17,26,9,17,33,13,20,85,37,48,,,,0,0,0,,,
"Jul 15, 2024 9:00 AM",122,67,55,21,10,11,30,25,5,18,11,7,57,32,25,,,,0,0,0,,,
"Jul 15, 2024 10:00 AM",186,101,85,38,22,16,22,11,11,26,12,14,57,31,26,,,,0,0,0,,,
"Jul 15, 2024 11:00 AM",255,129,126,41,15,26,48,18,30,37,20,17,70,42,28,,,,0,0,0,,,
"Jul 15, 2024 12:00 PM",270,152,118,43,25,18,43,22,21,29,13,16,65,24,41,,,,0,0,0,,,
"Jul 15, 2024 1:00 PM",280,179,101,43,25,18,57,27,30,39,20,19,77,42,35,,,,0,0,0,,,
"Jul 15, 2024 2:00 PM",245,122,123,34,13,21,35,13,22,28,18,10,64,41,23,,,,0,0,0,,,
"Jul 15, 2024 3:00 PM",192,83,109,21,13,8,24,11,13,24,9,15,43,22,21,,,,0,0,0,,,
"Jul 15, 2024 4:00 PM",147,74,73,26,19,7,23,15,8,21,9,12,34,17,17,,,,0,0,0,,,
"Jul 15, 2024 5:00 PM",148,71,77,29,17,12,56,33,23,30,14,16,81,41,40,,,,0,0,0,,,
"Jul 15, 2024 6:00 PM",205,110,95,50,26,24,33,16,17,19,7,12,96,58,38,,,,0,0,0,,,
"Jul 15, 2024 7:00 PM",210,108,102,51,37,14,38,22,16,30,16,14,110,49,61,,,,0,0,0,,,
"Jul 15, 2024 8:00 PM",193,97,96,43,19,24,25,14,11,17,6,11,59,24,35,,,,0,0,0,,,
"Jul 15, 2024 9:00 PM",82,38,44,15,8,7,4,2,2,14,8,6,25,13,12,,,,0,0,0,,,
"Jul 15, 2024 10:00 PM",61,32,29,14,3,11,14,9,5,5,4,1,13,8,5,,,,0,0,0,,,
"Jul 15, 2024 11:00 PM",10,5,5,5,3,2,2,0,2,0,0,0,5,5,0,,,,0,0,0,,,
"Jul 16, 2024 12:00 AM",0,0,0,0,0,0,0,0,0,0,0,0,3,0,3,,,,0,0,0,,,
"Jul 16, 2024 1:00 AM",5,2,3,0,0,0,0,0,0,0,0,0,0,0,0,,,,0,0,0,,,
"Jul 16, 2024 2:00 AM",0,0,0,0,0,0,0,0,0,0,0,0,0,0,0,,,,0,0,0,,,
"Jul 16, 2024 3:00 AM",0,0,0,0,0,0,0,0,0,1,1,0,0,0,0,,,,0,0,0,,,
"Jul 16, 2024 4:00 AM",0,0,0,0,0,0,0,0,0,0,0,0,0,0,0,,,,0,0,0,,,
"Jul 16, 2024 5:00 AM",11,4,7,1,0,1,0,0,0,0,0,0,4,1,3,,,,0,0,0,,,
"Jul 16, 2024 6:00 AM",54,27,27,19,11,8,11,5,6,11,8,3,18,14,4,,,,0,0,0,,,
"Jul 16, 2024 7:00 AM",134,79,55,20,7,13,22,9,13,16,9,7,54,28,26,,,,0,0,0,,,
"Jul 16, 2024 8:00 AM",135,77,58,44,22,22,30,9,21,27,11,16,67,34,33,,,,0,0,0,,,
"Jul 16, 2024 9:00 AM",161,91,70,20,7,13,25,13,12,25,17,8,51,30,21,,,,0,0,0,,,
"Jul 16, 2024 10:00 AM",167,89,78,29,15,14,27,11,16,18,7,11,69,38,31,,,,0,0,0,,,
"Jul 16, 2024 11:00 AM",232,143,89,35,16,19,35,20,15,30,16,14,72,36,36,,,,0,0,0,,,
"Jul 16, 2024 12:00 PM",215,115,100,27,12,15,23,14,9,32,11,21,75,40,35,,,,0,0,0,,,
"Jul 16, 2024 1:00 PM",250,141,109,45,20,25,25,16,9,39,25,14,105,50,55,,,,0,0,0,,,
"Jul 16, 2024 2:00 PM",223,121,102,24,17,7,46,26,20,16,10,6,90,40,50,,,,0,0,0,,,
"Jul 16, 2024 3:00 PM",282,149,133,74,52,22,26,15,11,21,7,14,74,40,34,,,,0,0,0,,,
"Jul 16, 2024 4:00 PM",243,121,122,89,29,60,34,22,12,31,11,20,83,42,41,,,,0,0,0,,,
"Jul 16, 2024 5:00 PM",246,131,115,64,41,23,52,30,22,30,11,19,131,83,48,,,,0,0,0,,,
"Jul 16, 2024 6:00 PM",290,150,140,66,41,25,62,40,22,37,16,21,145,71,74,,,,0,0,0,,,
"Jul 16, 2024 7:00 PM",340,170,170,91,67,24,77,36,41,54,24,30,125,68,57,,,,0,0,0,,,
"Jul 16, 2024 8:00 PM",344,164,180,83,40,43,41,24,17,21,12,9,104,59,45,,,,0,0,0,,,
"Jul 16, 2024 9:00 PM",220,116,104,45,9,36,25,12,13,25,15,10,80,29,51,,,,0,0,0,,,
"Jul 16, 2024 10:00 PM",90,47,43,21,12,9,19,7,12,8,5,3,12,8,4,,,,0,0,0,,,
"Jul 16, 2024 11:00 PM",15,9,6,4,1,3,9,2,7,2,0,2,6,6,0,,,,0,0,0,,,
"Jul 17, 2024 12:00 AM",0,0,0,0,0,0,4,2,2,2,2,0,5,2,3,,,,0,0,0,,,
"Jul 17, 2024 1:00 AM",1,1,0,1,1,0,2,2,0,0,0,0,8,4,4,,,,0,0,0,,,
"Jul 17, 2024 2:00 AM",1,1,0,0,0,0,1,1,0,0,0,0,4,2,2,,,,0,0,0,,,
"Jul 17, 2024 3:00 AM",1,0,1,0,0,0,0,0,0,0,0,0,0,0,0,,,,0,0,0,,,
"Jul 17, 2024 4:00 AM",4,4,0,6,4,2,0,0,0,2,2,0,3,0,3,,,,0,0,0,,,
"Jul 17, 2024 5:00 AM",14,8,6,2,1,1,0,0,0,1,0,1,6,2,4,,,,0,0,0,,,
"Jul 17, 2024 6:00 AM",64,29,35,16,9,7,12,10,2,4,2,2,27,11,16,,,,0,0,0,,,
"Jul 17, 2024 7:00 AM",124,67,57,26,12,14,28,18,10,9,6,3,156,55,101,,,,0,0,0,,,
"Jul 17, 2024 8:00 AM",162,72,90,53,29,24,41,19,22,34,14,20,134,86,48,,,,0,0,0,,,
"Jul 17, 2024 9:00 AM",163,92,71,47,32,15,25,12,13,23,15,8,128,64,64,,,,0,0,0,,,
"Jul 17, 2024 10:00 AM",229,135,94,48,24,24,20,11,9,29,14,15,87,54,33,,,,0,0,0,,,
"Jul 17, 2024 11:00 AM",323,178,145,41,15,26,37,16,21,27,9,18,108,56,52,,,,0,0,0,,,
"Jul 17, 2024 12:00 PM",337,165,172,43,25,18,39,21,18,44,24,20,90,48,42,,,,0,0,0,,,
"Jul 17, 2024 1:00 PM",337,157,180,61,33,28,74,42,32,45,24,21,126,66,60,,,,0,0,0,,,
"Jul 17, 2024 2:00 PM",303,152,151,59,42,17,40,22,18,42,17,25,82,48,34,,,,0,0,0,,,
"Jul 17, 2024 3:00 PM",361,216,145,54,36,18,25,13,12,19,10,9,104,55,49,,,,0,0,0,,,
"Jul 17, 2024 4:00 PM",279,135,144,47,22,25,50,30,20,29,6,23,112,69,43,,,,0,0,0,,,
"Jul 17, 2024 5:00 PM",300,153,147,67,34,33,68,41,27,34,16,18,106,60,46,,,,0,0,0,,,
"Jul 17, 2024 6:00 PM",238,108,130,83,52,31,50,33,17,44,21,23,142,83,59,,,,0,0,0,,,
"Jul 17, 2024 7:00 PM",276,149,127,92,47,45,39,26,13,25,8,17,159,101,58,,,,0,0,0,,,
"Jul 17, 2024 8:00 PM",305,136,169,56,28,28,30,21,9,21,9,12,79,32,47,,,,0,0,0,,,
"Jul 17, 2024 9:00 PM",168,78,90,24,6,18,38,21,17,14,9,5,68,32,36,,,,0,0,0,,,
"Jul 17, 2024 10:00 PM",42,19,23,10,6,4,6,5,1,7,3,4,48,21,27,,,,0,0,0,,,
"Jul 17, 2024 11:00 PM",20,13,7,9,5,4,6,1,5,0,0,0,71,33,38,,,,0,0,0,,,
"Jul 18, 2024 12:00 AM",0,0,0,0,0,0,1,1,0,1,1,0,9,5,4,,,,0,0,0,,,
"Jul 18, 2024 1:00 AM",2,1,1,0,0,0,1,1,0,0,0,0,8,2,6,,,,0,0,0,,,
"Jul 18, 2024 2:00 AM",1,0,1,0,0,0,0,0,0,0,0,0,1,0,1,,,,0,0,0,,,
"Jul 18, 2024 3:00 AM",0,0,0,0,0,0,0,0,0,0,0,0,2,0,2,,,,0,0,0,,,
"Jul 18, 2024 4:00 AM",0,0,0,0,0,0,0,0,0,0,0,0,0,0,0,,,,0,0,0,,,
"Jul 18, 2024 5:00 AM",8,4,4,1,0,1,0,0,0,0,0,0,2,0,2,,,,0,0,0,,,
"Jul 18, 2024 6:00 AM",33,18,15,4,2,2,12,10,2,5,3,2,31,19,12,,,,0,0,0,,,
"Jul 18, 2024 7:00 AM",79,46,33,16,6,10,17,7,10,12,6,6,80,41,39,,,,0,0,0,,,
"Jul 18, 2024 8:00 AM",121,58,63,36,17,19,39,15,24,20,8,12,99,68,31,,,,0,0,0,,,
"Jul 18, 2024 9:00 AM",107,55,52,32,18,14,23,12,11,27,13,14,114,91,23,,,,0,0,0,,,
"Jul 18, 2024 10:00 AM",122,62,60,27,17,10,33,17,16,28,14,14,64,45,19,,,,0,0,0,,,
"Jul 18, 2024 11:00 AM",153,77,76,32,12,20,23,13,10,19,9,10,111,70,41,,,,0,0,0,,,
"Jul 18, 2024 12:00 PM",167,76,91,30,20,10,25,12,13,30,8,22,80,42,38,,,,0,0,0,,,
"Jul 18, 2024 1:00 PM",176,84,92,35,22,13,36,17,19,22,9,13,73,43,30,,,,0,0,0,,,
"Jul 18, 2024 2:00 PM",165,82,83,19,7,12,13,5,8,17,10,7,103,59,44,,,,0,0,0,,,
"Jul 18, 2024 3:00 PM",180,88,92,27,20,7,22,15,7,26,14,12,112,74,38,,,,0,0,0,,,
"Jul 18, 2024 4:00 PM",167,81,86,37,21,16,29,14,15,35,13,22,129,85,44,,,,0,0,0,,,
"Jul 18, 2024 5:00 PM",178,99,79,39,21,18,50,27,23,24,7,17,114,63,51,,,,0,0,0,,,
"Jul 18, 2024 6:00 PM",189,102,87,54,34,20,47,24,23,31,16,15,139,64,75,,,,0,0,0,,,
"Jul 18, 2024 7:00 PM",205,104,101,43,24,19,31,15,16,30,15,15,133,55,78,,,,0,0,0,,,
"Jul 18, 2024 8:00 PM",263,147,116,25,14,11,24,10,14,25,17,8,111,49,62,,,,0,0,0,,,
"Jul 18, 2024 9:00 PM",178,69,109,37,12,25,30,12,18,21,11,10,27,11,16,,,,0,0,0,,,
"Jul 18, 2024 10:00 PM",94,48,46,15,8,7,16,10,6,4,1,3,4,3,1,,,,0,0,0,,,
"Jul 18, 2024 11:00 PM",18,13,5,5,4,1,6,1,5,5,5,0,0,0,0,,,,0,0,0,,,
"Jul 19, 2024 12:00 AM",1,1,0,1,0,1,5,4,1,3,1,2,10,1,9,,,,0,0,0,,,
"Jul 19, 2024 1:00 AM",2,2,0,0,0,0,1,0,1,1,1,0,4,0,4,,,,0,0,0,,,
"Jul 19, 2024 2:00 AM",0,0,0,0,0,0,0,0,0,0,0,0,1,1,0,,,,0,0,0,,,
"Jul 19, 2024 3:00 AM",0,0,0,0,0,0,0,0,0,0,0,0,26,11,15,,,,0,0,0,,,
"Jul 19, 2024 4:00 AM",1,1,0,1,1,0,0,0,0,0,0,0,8,6,2,,,,0,0,0,,,
"Jul 19, 2024 5:00 AM",18,14,4,3,1,2,1,0,1,3,2,1,4,2,2,,,,0,0,0,,,
"Jul 19, 2024 6:00 AM",52,24,28,17,9,8,9,7,2,11,9,2,22,13,9,,,,0,0,0,,,
"Jul 19, 2024 7:00 AM",120,67,53,30,18,12,21,17,4,8,6,2,87,43,44,,,,0,0,0,,,
"Jul 19, 2024 8:00 AM",129,61,68,42,15,27,41,20,21,30,11,19,90,52,38,,,,0,0,0,,,
"Jul 19, 2024 9:00 AM",125,67,58,26,15,11,21,11,10,17,7,10,84,39,45,,,,0,0,0,,,
"Jul 19, 2024 10:00 AM",283,185,98,36,22,14,33,16,17,20,11,9,78,47,31,,,,0,0,0,,,
"Jul 19, 2024 11:00 AM",264,131,133,34,21,13,34,26,8,22,12,10,124,60,64,,,,0,0,0,,,
"Jul 19, 2024 12:00 PM",277,148,129,34,23,11,31,15,16,26,16,10,108,48,60,,,,0,0,0,,,
"Jul 19, 2024 1:00 PM",305,168,137,54,37,17,32,18,14,32,18,14,124,52,72,,,,,,,,,
"Jul 19, 2024 2:00 PM",251,133,118,60,29,31,41,24,17,31,15,16,89,43,46,,,,69,42,27,,,
"Jul 19, 2024 3:00 PM",409,210,199,56,29,27,36,17,19,13,5,8,103,54,49,,,,33,28,5,,,
"Jul 19, 2024 4:00 PM",524,278,246,43,21,22,38,23,15,25,10,15,103,51,52,,,,,,,,,
"Jul 19, 2024 5:00 PM",314,174,140,105,79,26,90,62,28,37,22,15,116,56,60,,,,,,,,,
"Jul 19, 2024 6:00 PM",387,194,193,88,56,32,109,70,39,49,13,36,119,63,56,,,,,,,,,
"Jul 19, 2024 7:00 PM",437,237,200,72,29,43,48,24,24,14,5,9,107,62,45,,,,0,0,0,,,
"Jul 19, 2024 8:00 PM",386,218,168,40,12,28,41,19,22,17,7,10,78,33,45,,,,0,0,0,,,
"Jul 19, 2024 9:00 PM",265,122,143,24,15,9,18,5,13,8,1,7,36,18,18,,,,0,0,0,,,
"Jul 19, 2024 10:00 PM",83,34,49,13,2,11,19,3,16,8,4,4,28,14,14,,,,0,0,0,,,
"Jul 19, 2024 11:00 PM",19,6,13,6,5,1,17,6,11,6,5,1,34,13,21,,,,0,0,0,,,
"Jul 20, 2024 12:00 AM",4,3,1,1,0,1,4,0,4,2,2,0,3,1,2,,,,0,0,0,,,
"Jul 20, 2024 1:00 AM",4,1,3,1,1,0,1,1,0,0,0,0,1,0,1,,,,0,0,0,,,
"Jul 20, 2024 2:00 AM",4,4,0,0,0,0,0,0,0,1,1,0,2,0,2,,,,0,0,0,,,
"Jul 20, 2024 3:00 AM",0,0,0,1,0,1,0,0,0,1,0,1,3,0,3,,,,0,0,0,,,
"Jul 20, 2024 4:00 AM",2,0,2,0,0,0,1,0,1,0,0,0,4,2,2,,,,0,0,0,,,
"Jul 20, 2024 5:00 AM",1,1,0,1,1,0,4,4,0,0,0,0,2,1,1,,,,0,0,0,,,
"Jul 20, 2024 6:00 AM",28,7,21,4,2,2,9,6,3,2,0,2,6,5,1,,,,0,0,0,,,
"Jul 20, 2024 7:00 AM",63,27,36,18,10,8,7,4,3,9,7,2,39,24,15,,,,0,0,0,,,
"Jul 20, 2024 8:00 AM",113,55,58,31,16,15,30,16,14,28,12,16,60,40,20,,,,0,0,0,,,
"Jul 20, 2024 9:00 AM",186,96,90,57,33,24,48,23,25,30,19,11,74,34,40,,,,0,0,0,,,
"Jul 20, 2024 10:00 AM",138,70,68,75,47,28,28,19,9,28,18,10,78,49,29,,,,0,0,0,,,
"Jul 20, 2024 11:00 AM",173,99,74,62,32,30,23,17,6,20,12,8,101,50,51,,,,0,0,0,,,
"Jul 20, 2024 12:00 PM",141,63,78,52,22,30,28,18,10,22,10,12,38,22,16,,,,0,0,0,,,
"Jul 20, 2024 1:00 PM",134,65,69,34,12,22,35,18,17,24,10,14,38,21,17,,,,0,0,0,,,
"Jul 20, 2024 2:00 PM",183,91,92,40,25,15,32,14,18,9,5,4,46,26,20,,,,0,0,0,,,
"Jul 20, 2024 3:00 PM",236,107,129,40,24,16,50,33,17,28,16,12,46,27,19,,,,0,0,0,,,
"Jul 20, 2024 4:00 PM",357,176,181,54,24,30,38,24,14,36,22,14,86,55,31,,,,0,0,0,,,
"Jul 20, 2024 5:00 PM",279,148,131,25,15,10,26,12,14,32,12,20,79,44,35,,,,0,0,0,,,
"Jul 20, 2024 6:00 PM",169,78,91,38,27,11,20,11,9,28,16,12,74,33,41,,,,0,0,0,,,
"Jul 20, 2024 7:00 PM",160,76,84,21,9,12,31,22,9,24,10,14,35,20,15,,,,0,0,0,,,
"Jul 20, 2024 8:00 PM",164,89,75,18,12,6,24,16,8,15,9,6,38,15,23,,,,0,0,0,,,
"Jul 20, 2024 9:00 PM",121,63,58,14,4,10,14,7,7,12,3,9,28,13,15,,,,0,0,0,,,
"Jul 20, 2024 10:00 PM",51,22,29,18,7,11,18,11,7,14,9,5,28,16,12,,,,0,0,0,,,
"Jul 20, 2024 11:00 PM",21,16,5,2,1,1,5,1,4,6,3,3,13,6,7,,,,0,0,0,,,
"Jul 21, 2024 12:00 AM",0,0,0,1,1,0,4,4,0,0,0,0,7,2,5,,,,0,0,0,,,
"Jul 21, 2024 1:00 AM",3,3,0,1,0,1,1,1,0,0,0,0,1,1,0,,,,0,0,0,,,
"Jul 21, 2024 2:00 AM",2,0,2,1,1,0,2,1,1,0,0,0,0,0,0,,,,0,0,0,,,
"Jul 21, 2024 3:00 AM",0,0,0,2,2,0,2,2,0,1,1,0,0,0,0,,,,0,0,0,,,
"Jul 21, 2024 4:00 AM",1,1,0,1,0,1,0,0,0,0,0,0,4,1,3,,,,0,0,0,,,
"Jul 21, 2024 5:00 AM",3,1,2,2,1,1,0,0,0,0,0,0,4,2,2,,,,0,0,0,,,
"Jul 21, 2024 6:00 AM",18,7,11,5,5,0,5,2,3,1,0,1,9,5,4,,,,0,0,0,,,
"Jul 21, 2024 7:00 AM",58,29,29,21,12,9,15,9,6,7,1,6,33,14,19,,,,0,0,0,,,
"Jul 21, 2024 8:00 AM",114,58,56,41,27,14,34,22,12,14,4,10,60,35,25,,,,0,0,0,,,
"Jul 21, 2024 9:00 AM",294,175,119,74,38,36,71,30,41,18,11,7,117,59,58,,,,0,0,0,,,
"Jul 21, 2024 10:00 AM",429,250,179,110,57,53,68,40,28,41,25,16,212,133,79,,,,0,0,0,,,
"Jul 21, 2024 11:00 AM",624,338,286,123,71,52,80,41,39,48,34,14,164,95,69,,,,0,0,0,,,
"Jul 21, 2024 12:00 PM",777,411,366,92,56,36,77,40,37,49,22,27,164,86,78,,,,0,0,0,,,
"Jul 21, 2024 1:00 PM",753,440,313,94,56,38,76,43,33,31,16,15,127,82,45,,,,0,0,0,,,
"Jul 21, 2024 2:00 PM",810,419,391,75,35,40,81,48,33,54,33,21,130,64,66,,,,0,0,0,,,
"Jul 21, 2024 3:00 PM",776,348,428,99,56,43,48,22,26,45,23,22,119,65,54,,,,0,0,0,,,
"Jul 21, 2024 4:00 PM",620,281,339,83,48,35,68,37,31,35,10,25,79,40,39,,,,0,0,0,,,
"Jul 21, 2024 5:00 PM",523,229,294,51,28,23,53,21,32,24,11,13,86,33,53,,,,0,0,0,,,
"Jul 21, 2024 6:00 PM",291,132,159,41,21,20,43,24,19,17,9,8,77,37,40,,,,0,0,0,,,
"Jul 21, 2024 7:00 PM",270,141,129,20,12,8,35,7,28,11,3,8,76,43,33,,,,0,0,0,,,
"Jul 21, 2024 8:00 PM",156,64,92,41,20,21,24,12,12,25,16,9,57,27,30,,,,0,0,0,,,
"Jul 21, 2024 9:00 PM",94,59,35,6,2,4,18,5,13,11,5,6,33,9,24,,,,0,0,0,,,
"Jul 21, 2024 10:00 PM",30,15,15,6,4,2,6,4,2,3,2,1,18,3,15,,,,0,0,0,,,
"Jul 21, 2024 11:00 PM",10,5,5,2,0,2,2,0,2,0,0,0,3,1,2,,,,0,0,0,,,
"Jul 22, 2024 12:00 AM",0,0,0,0,0,0,2,0,2,1,0,1,18,6,12,,,,0,0,0,,,
"Jul 22, 2024 1:00 AM",0,0,0,0,0,0,1,1,0,1,1,0,2,0,2,,,,0,0,0,,,
"Jul 22, 2024 2:00 AM",1,1,0,0,0,0,0,0,0,0,0,0,0,0,0,,,,0,0,0,,,
"Jul 22, 2024 3:00 AM",1,0,1,0,0,0,0,0,0,0,0,0,2,0,2,,,,0,0,0,,,
"Jul 22, 2024 4:00 AM",2,2,0,0,0,0,0,0,0,1,1,0,0,0,0,,,,0,0,0,,,
"Jul 22, 2024 5:00 AM",8,3,5,3,2,1,0,0,0,0,0,0,3,2,1,,,,0,0,0,,,
"Jul 22, 2024 6:00 AM",48,23,25,11,5,6,16,10,6,12,7,5,46,18,28,,,,0,0,0,,,
"Jul 22, 2024 7:00 AM",105,63,42,14,7,7,13,3,10,18,12,6,42,21,21,,,,0,0,0,,,
"Jul 22, 2024 8:00 AM",114,48,66,31,15,16,30,15,15,36,14,22,122,57,65,,,,0,0,0,,,
"Jul 22, 2024 9:00 AM",131,64,67,30,19,11,25,9,16,19,7,12,80,48,32,,,,0,0,0,,,
"Jul 22, 2024 10:00 AM",142,83,59,42,26,16,33,18,15,34,24,10,89,60,29,,,,0,0,0,,,
"Jul 22, 2024 11:00 AM",235,128,107,37,21,16,32,17,15,24,11,13,77,46,31,,,,0,0,0,,,
"Jul 22, 2024 12:00 PM",303,180,123,49,28,21,52,31,21,28,14,14,72,30,42,,,,0,0,0,,,
"Jul 22, 2024 1:00 PM",315,161,154,63,39,24,54,27,27,40,20,20,184,83,101,,,,0,0,0,,,
"Jul 22, 2024 2:00 PM",318,170,148,55,29,26,38,21,17,29,15,14,76,27,49,,,,,,,,,
"Jul 22, 2024 3:00 PM",341,166,175,43,20,23,39,20,19,24,14,10,90,58,32,,,,21,10,11,,,
"Jul 22, 2024 4:00 PM",292,121,171,47,25,22,42,17,25,20,7,13,93,53,40,,,,,,,,,
"Jul 22, 2024 5:00 PM",249,121,128,65,29,36,55,23,32,34,15,19,134,72,62,,,,,,,,,
"Jul 22, 2024 6:00 PM",306,159,147,81,40,41,74,26,48,35,16,19,119,55,64,,,,,,,,,
"Jul 22, 2024 7:00 PM",305,148,157,51,28,23,48,25,23,26,14,12,101,58,43,,,,,,,,,
"Jul 22, 2024 8:00 PM",157,96,61,36,18,18,34,22,12,26,10,16,77,26,51,,,,,,,,,
"Jul 22, 2024 9:00 PM",35,14,21,11,5,6,7,4,3,6,1,5,6,2,4,,,,,,,,,
"Jul 22, 2024 10:00 PM",17,6,11,4,1,3,2,1,1,1,1,0,1,1,0,,,,,,,,,
"Jul 22, 2024 11:00 PM",6,4,2,0,0,0,7,5,2,3,1,2,0,0,0,,,,0,0,0,,,
"Jul 23, 2024 12:00 AM",1,1,0,2,0,2,5,1,4,0,0,0,1,1,0,,,,0,0,0,,,
"Jul 23, 2024 1:00 AM",0,0,0,0,0,0,0,0,0,0,0,0,0,0,0,,,,0,0,0,,,
"Jul 23, 2024 2:00 AM",1,1,0,0,0,0,1,0,1,0,0,0,0,0,0,,,,0,0,0,,,
"Jul 23, 2024 3:00 AM",0,0,0,2,0,2,0,0,0,0,0,0,0,0,0,,,,0,0,0,,,
"Jul 23, 2024 4:00 AM",0,0,0,0,0,0,0,0,0,0,0,0,7,2,5,,,,0,0,0,,,
"Jul 23, 2024 5:00 AM",9,4,5,4,2,2,2,1,1,0,0,0,8,3,5,,,,0,0,0,,,
"Jul 23, 2024 6:00 AM",35,16,19,17,8,9,14,8,6,17,8,9,26,16,10,,,,0,0,0,,,
"Jul 23, 2024 7:00 AM",109,55,54,31,10,21,18,7,11,11,2,9,44,21,23,,,,0,0,0,,,
"Jul 23, 2024 8:00 AM",109,49,60,26,13,13,31,16,15,26,13,13,103,47,56,,,,0,0,0,,,
"Jul 23, 2024 9:00 AM",159,93,66,19,6,13,18,8,10,24,13,11,88,52,36,,,,0,0,0,,,
"Jul 23, 2024 10:00 AM",219,128,91,38,19,19,37,24,13,25,14,11,84,46,38,,,,0,0,0,,,
"Jul 23, 2024 11:00 AM",268,161,107,42,28,14,49,34,15,27,10,17,78,40,38,,,,0,0,0,,,
"Jul 23, 2024 12:00 PM",345,187,158,44,19,25,46,23,23,39,18,21,91,48,43,,,,0,0,0,,,
"Jul 23, 2024 1:00 PM",471,220,251,69,31,38,57,25,32,35,19,16,143,81,62,,,,0,0,0,,,
"Jul 23, 2024 2:00 PM",448,206,242,51,29,22,41,19,22,35,9,26,130,74,56,,,,0,0,0,,,
"Jul 23, 2024 3:00 PM",423,186,237,62,26,36,40,18,22,24,14,10,110,46,64,,,,0,0,0,,,
"Jul 23, 2024 4:00 PM",345,156,189,82,49,33,47,19,28,33,18,15,125,61,64,,,,0,0,0,,,
"Jul 23, 2024 5:00 PM",256,117,139,79,42,37,69,42,27,30,15,15,220,143,77,,,,0,0,0,,,
"Jul 23, 2024 6:00 PM",265,127,138,97,49,48,72,37,35,32,15,17,304,215,89,,,,0,0,0,,,
"Jul 23, 2024 7:00 PM",291,135,156,68,30,38,62,33,29,42,20,22,219,137,82,,,,0,0,0,,,
"Jul 23, 2024 8:00 PM",336,179,157,63,34,29,40,17,23,23,15,8,201,125,76,,,,0,0,0,,,
"Jul 23, 2024 9:00 PM",217,110,107,43,18,25,30,13,17,16,6,10,151,90,61,,,,0,0,0,,,
"Jul 23, 2024 10:00 PM",65,34,31,14,4,10,32,26,6,4,2,2,13,12,1,,,,0,0,0,,,
"Jul 23, 2024 11:00 PM",29,15,14,4,3,1,3,1,2,2,1,1,7,2,5,,,,0,0,0,,,
"Jul 24, 2024 12:00 AM",0,0,0,2,0,2,9,5,4,1,1,0,21,18,3,,,,0,0,0,,,
"Jul 24, 2024 1:00 AM",0,0,0,5,3,2,0,0,0,0,0,0,0,0,0,,,,0,0,0,,,
"Jul 24, 2024 2:00 AM",2,2,0,0,0,0,0,0,0,0,0,0,2,2,0,,,,0,0,0,,,
"Jul 24, 2024 3:00 AM",0,0,0,3,0,3,0,0,0,0,0,0,2,0,2,,,,0,0,0,,,
"Jul 24, 2024 4:00 AM",1,1,0,0,0,0,0,0,0,2,2,0,1,1,0,,,,0,0,0,,,
"Jul 24, 2024 5:00 AM",9,4,5,3,1,2,1,0,1,0,0,0,6,4,2,,,,0,0,0,,,
"Jul 24, 2024 6:00 AM",57,21,36,15,9,6,13,8,5,7,3,4,146,120,26,,,,0,0,0,,,
"Jul 24, 2024 7:00 AM",116,67,49,24,11,13,20,10,10,15,10,5,170,116,54,,,,0,0,0,,,
"Jul 24, 2024 8:00 AM",130,53,77,40,19,21,45,19,26,33,14,19,111,66,45,,,,0,0,0,,,
"Jul 24, 2024 9:00 AM",145,80,65,25,14,11,34,20,14,16,11,5,91,61,30,,,,0,0,0,,,
"Jul 24, 2024 10:00 AM",183,96,87,21,13,8,25,11,14,21,8,13,44,21,23,,,,0,0,0,,,
"Jul 24, 2024 11:00 AM",127,64,63,11,4,7,14,5,9,17,7,10,56,44,12,,,,0,0,0,,,
"Jul 24, 2024 12:00 PM",135,62,73,21,12,9,23,16,7,28,13,15,45,31,14,,,,0,0,0,,,
"Jul 24, 2024 1:00 PM",262,136,126,32,15,17,45,24,21,24,11,13,85,50,35,,,,0,0,0,,,
"Jul 24, 2024 2:00 PM",204,98,106,24,19,5,25,10,15,37,17,20,94,64,30,,,,0,0,0,,,
"Jul 24, 2024 3:00 PM",268,156,112,33,17,16,21,9,12,31,17,14,128,89,39,,,,0,0,0,,,
"Jul 24, 2024 4:00 PM",226,99,127,48,26,22,38,19,19,27,14,13,120,89,31,,,,0,0,0,,,
"Jul 24, 2024 5:00 PM",302,141,161,70,41,29,65,37,28,35,21,14,156,85,71,,,,0,0,0,,,
"Jul 24, 2024 6:00 PM",261,125,136,64,29,35,53,33,20,33,15,18,125,61,64,,,,0,0,0,,,
"Jul 24, 2024 7:00 PM",345,161,184,64,34,30,65,32,33,27,17,10,145,93,52,,,,0,0,0,,,
"Jul 24, 2024 8:00 PM",378,213,165,54,32,22,33,11,22,34,14,20,171,101,70,,,,0,0,0,,,
"Jul 24, 2024 9:00 PM",229,109,120,45,20,25,38,18,20,8,4,4,87,52,35,,,,0,0,0,,,
"Jul 24, 2024 10:00 PM",72,49,23,22,13,9,17,6,11,4,3,1,16,13,3,,,,0,0,0,,,
"Jul 24, 2024 11:00 PM",24,9,15,3,1,2,0,0,0,1,0,1,8,5,3,,,,0,0,0,,,
"Jul 25, 2024 12:00 AM",0,0,0,0,0,0,6,4,2,1,1,0,9,6,3,,,,0,0,0,,,
"Jul 25, 2024 1:00 AM",7,4,3,0,0,0,2,1,1,0,0,0,0,0,0,,,,0,0,0,,,
"Jul 25, 2024 2:00 AM",0,0,0,0,0,0,0,0,0,0,0,0,1,1,0,,,,0,0,0,,,
"Jul 25, 2024 3:00 AM",0,0,0,0,0,0,0,0,0,0,0,0,1,0,1,,,,0,0,0,,,
"Jul 25, 2024 4:00 AM",0,0,0,3,3,0,0,0,0,0,0,0,1,1,0,,,,0,0,0,,,
"Jul 25, 2024 5:00 AM",9,4,5,3,2,1,0,0,0,0,0,0,2,1,1,,,,0,0,0,,,
"Jul 25, 2024 6:00 AM",43,16,27,12,7,5,18,9,9,6,5,1,23,14,9,,,,0,0,0,,,
"Jul 25, 2024 7:00 AM",115,54,61,30,16,14,20,11,9,21,10,11,66,42,24,,,,0,0,0,,,
"Jul 25, 2024 8:00 AM",140,62,78,29,13,16,42,14,28,26,10,16,132,99,33,,,,0,0,0,,,
"Jul 25, 2024 9:00 AM",113,57,56,37,22,15,18,11,7,22,11,11,93,60,33,,,,0,0,0,,,
"Jul 25, 2024 10:00 AM",195,112,83,30,16,14,40,18,22,30,18,12,86,61,25,,,,0,0,0,,,
"Jul 25, 2024 11:00 AM",264,130,134,38,28,10,25,13,12,18,8,10,118,76,42,,,,0,0,0,,,
"Jul 25, 2024 12:00 PM",245,136,109,43,21,22,38,23,15,34,19,15,131,97,34,,,,0,0,0,,,
"Jul 25, 2024 1:00 PM",277,145,132,50,27,23,43,28,15,22,9,13,92,55,37,,,,0,0,0,,,
"Jul 25, 2024 2:00 PM",198,91,107,22,11,11,21,11,10,25,5,20,74,42,32,,,,0,0,0,,,
"Jul 25, 2024 3:00 PM",187,89,98,24,13,11,24,12,12,23,8,15,55,28,27,,,,0,0,0,,,
"Jul 25, 2024 4:00 PM",218,119,99,47,31,16,33,22,11,38,24,14,90,61,29,,,,0,0,0,,,
"Jul 25, 2024 5:00 PM",262,132,130,50,31,19,40,28,12,36,13,23,125,75,50,,,,0,0,0,,,
"Jul 25, 2024 6:00 PM",281,156,125,64,45,19,40,22,18,26,11,15,108,72,36,,,,0,0,0,,,
"Jul 25, 2024 7:00 PM",409,200,209,77,43,34,61,35,26,22,14,8,139,79,60,,,,0,0,0,,,
"Jul 25, 2024 8:00 PM",402,221,181,49,23,26,44,18,26,28,15,13,112,49,63,,,,0,0,0,,,
"Jul 25, 2024 9:00 PM",224,100,124,25,12,13,18,11,7,14,10,4,74,40,34,,,,0,0,0,,,
"Jul 25, 2024 10:00 PM",101,47,54,13,6,7,10,8,2,5,0,5,23,23,0,,,,0,0,0,,,
"Jul 25, 2024 11:00 PM",15,7,8,4,1,3,4,2,2,1,1,0,7,7,0,,,,0,0,0,,,
"Jul 26, 2024 12:00 AM",0,0,0,2,2,0,4,2,2,2,1,1,6,3,3,,,,0,0,0,,,
"Jul 26, 2024 1:00 AM",9,5,4,3,3,0,4,2,2,0,0,0,62,17,45,,,,0,0,0,,,
"Jul 26, 2024 2:00 AM",0,0,0,0,0,0,0,0,0,0,0,0,0,0,0,,,,0,0,0,,,
"Jul 26, 2024 3:00 AM",0,0,0,0,0,0,0,0,0,0,0,0,4,0,4,,,,0,0,0,,,
"Jul 26, 2024 4:00 AM",0,0,0,0,0,0,0,0,0,0,0,0,2,2,0,,,,0,0,0,,,
"Jul 26, 2024 5:00 AM",7,3,4,1,0,1,0,0,0,2,1,1,4,3,1,,,,0,0,0,,,
"Jul 26, 2024 6:00 AM",56,29,27,10,6,4,19,11,8,9,4,5,25,14,11,,,,0,0,0,,,
"Jul 26, 2024 7:00 AM",121,74,47,33,17,16,29,17,12,12,5,7,146,40,106,,,,0,0,0,,,
"Jul 26, 2024 8:00 AM",194,85,109,41,20,21,38,15,23,31,14,17,64,34,30,,,,0,0,0,,,
"Jul 26, 2024 9:00 AM",180,106,74,30,12,18,30,16,14,25,16,9,66,34,32,,,,0,0,0,,,
"Jul 26, 2024 10:00 AM",232,136,96,41,25,16,30,14,16,19,6,13,81,47,34,,,,0,0,0,,,
"Jul 26, 2024 11:00 AM",241,129,112,40,16,24,28,12,16,23,9,14,68,38,30,,,,0,0,0,,,
"Jul 26, 2024 12:00 PM",277,153,124,42,26,16,27,16,11,27,11,16,100,56,44,,,,0,0,0,,,
"Jul 26, 2024 1:00 PM",362,186,176,72,38,34,42,24,18,34,11,23,94,54,40,,,,0,0,0,,,
"Jul 26, 2024 2:00 PM",297,173,124,48,32,16,42,25,17,18,12,6,74,48,26,,,,0,0,0,,,
"Jul 26, 2024 3:00 PM",363,200,163,57,25,32,27,14,13,28,12,16,91,55,36,,,,0,0,0,,,
"Jul 26, 2024 4:00 PM",350,174,176,63,30,33,47,19,28,20,11,9,107,54,53,,,,0,0,0,,,
"Jul 26, 2024 5:00 PM",284,147,137,38,16,22,56,27,29,23,13,10,143,74,69,,,,0,0,0,,,
"Jul 26, 2024 6:00 PM",271,148,123,47,26,21,42,12,30,19,6,13,61,29,32,,,,0,0,0,,,
"Jul 26, 2024 7:00 PM",233,120,113,34,13,21,50,21,29,13,7,6,66,43,23,,,,0,0,0,,,
"Jul 26, 2024 8:00 PM",224,110,114,38,21,17,28,14,14,18,12,6,70,33,37,,,,0,0,0,,,
"Jul 26, 2024 9:00 PM",151,62,89,15,3,12,17,10,7,11,6,5,42,23,19,,,,0,0,0,,,
"Jul 26, 2024 10:00 PM",51,23,28,7,2,5,12,7,5,5,3,2,3,2,1,,,,0,0,0,,,
"Jul 26, 2024 11:00 PM",3,3,0,8,1,7,2,0,2,4,2,2,1,1,0,,,,0,0,0,,,
"Jul 27, 2024 12:00 AM",0,0,0,1,0,1,2,0,2,6,5,1,3,1,2,,,,0,0,0,,,
"Jul 27, 2024 1:00 AM",2,1,1,0,0,0,2,0,2,0,0,0,1,0,1,,,,0,0,0,,,
"Jul 27, 2024 2:00 AM",0,0,0,1,0,1,1,1,0,1,0,1,0,0,0,,,,0,0,0,,,
"Jul 27, 2024 3:00 AM",1,1,0,0,0,0,0,0,0,2,1,1,0,0,0,,,,0,0,0,,,
"Jul 27, 2024 4:00 AM",3,1,2,0,0,0,0,0,0,5,0,5,0,0,0,,,,0,0,0,,,
"Jul 27, 2024 5:00 AM",4,3,1,4,3,1,1,0,1,0,0,0,1,1,0,,,,0,0,0,,,
"Jul 27, 2024 6:00 AM",25,11,14,4,3,1,5,3,2,2,1,1,11,7,4,,,,0,0,0,,,
"Jul 27, 2024 7:00 AM",94,49,45,15,8,7,23,8,15,1,0,1,31,21,10,,,,0,0,0,,,
"Jul 27, 2024 8:00 AM",95,45,50,37,17,20,36,19,17,10,7,3,56,25,31,,,,0,0,0,,,
"Jul 27, 2024 9:00 AM",125,64,61,44,26,18,45,26,19,12,7,5,64,41,23,,,,0,0,0,,,
"Jul 27, 2024 10:00 AM",279,140,139,63,30,33,58,39,19,32,16,16,105,68,37,,,,0,0,0,,,
"Jul 27, 2024 11:00 AM",327,156,171,86,51,35,55,24,31,41,25,16,126,78,48,,,,0,0,0,,,
"Jul 27, 2024 12:00 PM",411,241,170,72,33,39,49,20,29,38,17,21,129,57,72,,,,0,0,0,,,
"Jul 27, 2024 1:00 PM",452,221,231,79,39,40,62,34,28,41,19,22,140,79,61,,,,0,0,0,,,
"Jul 27, 2024 2:00 PM",560,236,324,95,61,34,72,47,25,29,23,6,124,73,51,,,,0,0,0,,,
"Jul 27, 2024 3:00 PM",542,292,250,64,40,24,74,43,31,33,16,17,126,67,59,,,,0,0,0,,,
"Jul 27, 2024 4:00 PM",647,323,324,75,49,26,61,29,32,34,22,12,122,59,63,,,,0,0,0,,,
"Jul 27, 2024 5:00 PM",395,172,223,65,27,38,40,14,26,23,14,9,135,63,72,,,,0,0,0,,,
"Jul 27, 2024 6:00 PM",309,156,153,40,19,21,30,8,22,18,9,9,71,33,38,,,,0,0,0,,,
"Jul 27, 2024 7:00 PM",329,171,158,62,34,28,25,10,15,15,9,6,133,72,61,,,,0,0,0,,,
"Jul 27, 2024 8:00 PM",286,131,155,38,15,23,36,19,17,25,10,15,105,52,53,,,,0,0,0,,,
"Jul 27, 2024 9:00 PM",217,113,104,17,10,7,23,13,10,9,2,7,66,31,35,,,,0,0,0,,,
"Jul 27, 2024 10:00 PM",99,49,50,12,5,7,13,6,7,8,2,6,1,1,0,,,,0,0,0,,,
"Jul 27, 2024 11:00 PM",26,18,8,2,1,1,9,3,6,3,1,2,21,8,13,,,,0,0,0,,,
"Jul 28, 2024 12:00 AM",2,2,0,2,1,1,11,6,5,2,2,0,29,11,18,,,,0,0,0,,,
"Jul 28, 2024 1:00 AM",10,8,2,4,4,0,2,0,2,0,0,0,0,0,0,,,,0,0,0,,,
"Jul 28, 2024 2:00 AM",1,0,1,0,0,0,2,1,1,0,0,0,1,1,0,,,,0,0,0,,,
"Jul 28, 2024 3:00 AM",0,0,0,0,0,0,0,0,0,0,0,0,0,0,0,,,,0,0,0,,,
"Jul 28, 2024 4:00 AM",3,2,1,0,0,0,0,0,0,1,0,1,0,0,0,,,,0,0,0,,,
"Jul 28, 2024 5:00 AM",5,2,3,3,0,3,0,0,0,0,0,0,1,0,1,,,,0,0,0,,,
"Jul 28, 2024 6:00 AM",18,9,9,4,3,1,4,3,1,0,0,0,9,3,6,,,,0,0,0,,,
"Jul 28, 2024 7:00 AM",84,47,37,21,9,12,22,10,12,10,6,4,41,29,12,,,,0,0,0,,,
"Jul 28, 2024 8:00 AM",159,84,75,49,29,20,47,24,23,25,11,14,73,48,25,,,,0,0,0,,,
"Jul 28, 2024 9:00 AM",338,177,161,83,51,32,61,33,28,21,8,13,134,73,61,,,,0,0,0,,,
"Jul 28, 2024 10:00 AM",469,289,180,121,65,56,71,40,31,36,23,13,217,129,88,,,,0,0,0,,,
"Jul 28, 2024 11:00 AM",780,451,329,121,74,47,82,65,17,58,24,34,186,109,77,,,,0,0,0,,,
"Jul 28, 2024 12:00 PM",922,509,413,150,85,65,88,48,40,57,31,26,182,95,87,,,,0,0,0,,,
"Jul 28, 2024 1:00 PM",1007,505,502,123,79,44,94,54,40,50,26,24,176,116,60,,,,0,0,0,,,
"Jul 28, 2024 2:00 PM",970,510,460,104,59,45,92,64,28,51,18,33,156,74,82,,,,0,0,0,,,
"Jul 28, 2024 3:00 PM",965,531,434,103,58,45,60,24,36,31,11,20,166,98,68,,,,0,0,0,,,
"Jul 28, 2024 4:00 PM",910,435,475,80,35,45,108,61,47,47,19,28,106,57,49,,,,0,0,0,,,
"Jul 28, 2024 5:00 PM",878,406,472,99,54,45,68,25,43,31,14,17,136,62,74,,,,0,0,0,,,
"Jul 28, 2024 6:00 PM",581,246,335,113,60,53,87,46,41,29,17,12,140,72,68,,,,0,0,0,,,
"Jul 28, 2024 7:00 PM",451,222,229,57,23,34,31,13,18,24,13,11,85,32,53,,,,0,0,0,,,
"Jul 28, 2024 8:00 PM",318,153,165,49,18,31,50,29,21,24,12,12,81,44,37,,,,0,0,0,,,
"Jul 28, 2024 9:00 PM",153,68,85,33,14,19,47,30,17,13,9,4,48,18,30,,,,0,0,0,,,
"Jul 28, 2024 10:00 PM",81,41,40,11,7,4,19,9,10,2,2,0,5,3,2,,,,0,0,0,,,
"Jul 28, 2024 11:00 PM",10,6,4,4,0,4,1,1,0,3,2,1,2,2,0,,,,0,0,0,,,
"Jul 29, 2024 12:00 AM",0,0,0,0,0,0,1,1,0,1,0,1,44,11,33,,,,0,0,0,,,
"Jul 29, 2024 1:00 AM",1,0,1,0,0,0,0,0,0,0,0,0,25,8,17,,,,0,0,0,,,
"Jul 29, 2024 2:00 AM",1,1,0,0,0,0,0,0,0,0,0,0,24,12,12,,,,0,0,0,,,
"Jul 29, 2024 3:00 AM",1,0,1,0,0,0,0,0,0,9,6,3,7,3,4,,,,0,0,0,,,
"Jul 29, 2024 4:00 AM",1,1,0,0,0,0,0,0,0,1,1,0,1,0,1,,,,0,0,0,,,
"Jul 29, 2024 5:00 AM",11,5,6,7,6,1,0,0,0,1,0,1,6,5,1,,,,0,0,0,,,
"Jul 29, 2024 6:00 AM",37,15,22,13,8,5,5,4,1,9,4,5,62,33,29,,,,0,0,0,,,
"Jul 29, 2024 7:00 AM",83,39,44,37,19,18,25,14,11,15,11,4,307,204,103,,,,0,0,0,,,
"Jul 29, 2024 8:00 AM",153,79,74,39,25,14,36,14,22,21,11,10,95,51,44,,,,0,0,0,,,
"Jul 29, 2024 9:00 AM",132,66,66,33,10,23,21,11,10,21,15,6,100,56,44,,,,0,0,0,,,
"Jul 29, 2024 10:00 AM",191,92,99,36,17,19,29,13,16,27,12,15,114,71,43,,,,0,0,0,,,
"Jul 29, 2024 11:00 AM",275,163,112,43,22,21,24,11,13,33,18,15,94,49,45,,,,0,0,0,,,
"Jul 29, 2024 12:00 PM",305,170,135,39,24,15,22,13,9,29,7,22,70,29,41,,,,0,0,0,,,
"Jul 29, 2024 1:00 PM",325,171,154,40,22,18,44,22,22,47,24,23,164,80,84,,,,0,0,0,,,
"Jul 29, 2024 2:00 PM",358,173,185,31,20,11,24,11,13,18,6,12,113,67,46,,,,0,0,0,,,
"Jul 29, 2024 3:00 PM",336,189,147,29,20,9,31,16,15,26,14,12,140,74,66,,,,0,0,0,,,
"Jul 29, 2024 4:00 PM",340,163,177,53,25,28,52,29,23,32,11,21,115,47,68,,,,0,0,0,,,
"Jul 29, 2024 5:00 PM",377,197,180,66,44,22,58,34,24,38,14,24,133,66,67,,,,0,0,0,,,
"Jul 29, 2024 6:00 PM",387,200,187,106,62,44,78,46,32,33,16,17,178,109,69,,,,0,0,0,,,
"Jul 29, 2024 7:00 PM",540,269,271,144,90,54,61,34,27,30,11,19,157,92,65,,,,0,0,0,,,
"Jul 29, 2024 8:00 PM",496,247,249,107,46,61,60,29,31,24,14,10,141,67,74,,,,0,0,0,,,
"Jul 29, 2024 9:00 PM",279,139,140,57,21,36,33,18,15,11,5,6,81,31,50,,,,0,0,0,,,
"Jul 29, 2024 10:00 PM",105,57,48,18,5,13,18,10,8,4,4,0,36,18,18,,,,0,0,0,,,
"Jul 29, 2024 11:00 PM",33,19,14,11,3,8,10,7,3,1,1,0,10,9,1,,,,0,0,0,,,
"Jul 30, 2024 12:00 AM",0,0,0,0,0,0,1,0,1,1,1,0,45,33,12,,,,0,0,0,,,
"Jul 30, 2024 1:00 AM",0,0,0,0,0,0,0,0,0,0,0,0,7,5,2,,,,0,0,0,,,
"Jul 30, 2024 2:00 AM",1,1,0,0,0,0,0,0,0,0,0,0,0,0,0,,,,0,0,0,,,
"Jul 30, 2024 3:00 AM",0,0,0,0,0,0,0,0,0,0,0,0,0,0,0,,,,0,0,0,,,
"Jul 30, 2024 4:00 AM",0,0,0,0,0,0,0,0,0,0,0,0,2,2,0,,,,0,0,0,,,
"Jul 30, 2024 5:00 AM",11,4,7,4,4,0,1,0,1,1,1,0,4,2,2,,,,0,0,0,,,
"Jul 30, 2024 6:00 AM",45,17,28,15,8,7,19,13,6,7,4,3,27,15,12,,,,0,0,0,,,
"Jul 30, 2024 7:00 AM",108,63,45,26,12,14,16,7,9,26,13,13,356,130,226,,,,0,0,0,,,
"Jul 30, 2024 8:00 AM",129,60,69,46,26,20,38,19,19,31,14,17,82,47,35,,,,0,0,0,,,
"Jul 30, 2024 9:00 AM",155,84,71,60,26,34,25,17,8,27,14,13,85,45,40,,,,0,0,0,,,
"Jul 30, 2024 10:00 AM",212,109,103,42,21,21,73,24,49,26,13,13,91,53,38,,,,0,0,0,,,
"Jul 30, 2024 11:00 AM",309,175,134,57,18,39,63,49,14,33,18,15,87,45,42,,,,0,0,0,,,
"Jul 30, 2024 12:00 PM",440,250,190,73,46,27,61,35,26,38,16,22,95,54,41,,,,0,0,0,,,
"Jul 30, 2024 1:00 PM",464,241,223,56,28,28,39,14,25,25,7,18,114,61,53,,,,0,0,0,,,
"Jul 30, 2024 2:00 PM",426,205,221,53,23,30,41,19,22,26,12,14,98,51,47,,,,0,0,0,,,
"Jul 30, 2024 3:00 PM",523,264,259,38,18,20,39,16,23,24,13,11,169,117,52,,,,0,0,0,,,
"Jul 30, 2024 4:00 PM",462,221,241,63,31,32,41,25,16,28,13,15,104,45,59,,,,0,0,0,,,
"Jul 30, 2024 5:00 PM",441,218,223,93,51,42,83,44,39,40,20,20,148,77,71,,,,0,0,0,,,
"Jul 30, 2024 6:00 PM",412,180,232,154,93,61,76,43,33,26,16,10,205,134,71,,,,0,0,0,,,
"Jul 30, 2024 7:00 PM",432,223,209,140,62,78,78,27,51,26,8,18,167,86,81,,,,0,0,0,,,
"Jul 30, 2024 8:00 PM",374,195,179,102,44,58,52,28,24,22,12,10,177,84,93,,,,0,0,0,,,
"Jul 30, 2024 9:00 PM",251,121,130,54,17,37,37,21,16,13,5,8,54,24,30,,,,0,0,0,,,
"Jul 30, 2024 10:00 PM",97,46,51,19,8,11,12,8,4,3,2,1,18,11,7,,,,0,0,0,,,
"Jul 30, 2024 11:00 PM",24,16,8,3,1,2,6,3,3,1,0,1,7,4,3,,,,0,0,0,,,
"Jul 31, 2024 12:00 AM",0,0,0,0,0,0,4,2,2,1,1,0,6,5,1,,,,0,0,0,,,
"Jul 31, 2024 1:00 AM",1,0,1,0,0,0,1,1,0,0,0,0,2,0,2,,,,0,0,0,,,
"Jul 31, 2024 2:00 AM",5,5,0,0,0,0,0,0,0,0,0,0,1,0,1,,,,0,0,0,,,
"Jul 31, 2024 3:00 AM",0,0,0,0,0,0,0,0,0,1,0,1,0,0,0,,,,0,0,0,,,
"Jul 31, 2024 4:00 AM",2,1,1,1,1,0,0,0,0,2,2,0,0,0,0,,,,0,0,0,,,
"Jul 31, 2024 5:00 AM",13,8,5,6,2,4,1,1,0,1,0,1,5,4,1,,,,0,0,0,,,
"Jul 31, 2024 6:00 AM",51,24,27,17,7,10,11,6,5,8,1,7,29,16,13,,,,0,0,0,,,
"Jul 31, 2024 7:00 AM",133,66,67,27,14,13,22,12,10,14,9,5,104,61,43,,,,0,0,0,,,
"Jul 31, 2024 8:00 AM",164,84,80,54,32,22,44,19,25,34,20,14,130,79,51,,,,0,0,0,,,
"Jul 31, 2024 9:00 AM",190,109,81,60,40,20,28,17,11,27,18,9,85,52,33,,,,0,0,0,,,
"Jul 31, 2024 10:00 AM",268,146,122,41,19,22,41,28,13,35,22,13,112,61,51,,,,11,7,4,,,
"Jul 31, 2024 11:00 AM",436,271,165,77,40,37,33,24,9,39,16,23,150,87,63,,,,,,,,,
"Jul 31, 2024 12:00 PM",524,277,247,67,40,27,66,37,29,25,14,11,137,82,55,,,,,,,,,
"Jul 31, 2024 1:00 PM",579,302,277,79,46,33,56,24,32,32,17,15,164,94,70,,,,93,62,31,,,
"Jul 31, 2024 2:00 PM",594,300,294,51,19,32,58,33,25,25,11,14,124,82,42,,,,57,32,25,,,
"Jul 31, 2024 3:00 PM",595,326,269,82,49,33,58,33,25,20,13,7,220,141,79,,,,15,10,5,,,
"Jul 31, 2024 4:00 PM",616,311,305,50,18,32,55,37,18,33,14,19,157,97,60,,,,,,,,,
"Jul 31, 2024 5:00 PM",527,228,299,62,36,26,58,29,29,31,14,17,208,116,92,,,,0,0,0,,,
"Jul 31, 2024 6:00 PM",439,207,232,84,54,30,77,40,37,29,13,16,234,135,99,,,,0,0,0,,,
"Jul 31, 2024 7:00 PM",454,199,255,101,59,42,68,36,32,31,16,15,247,118,129,,,,0,0,0,,,
"Jul 31, 2024 8:00 PM",406,203,203,71,30,41,64,36,28,36,20,16,145,65,80,,,,0,0,0,,,
"Jul 31, 2024 9:00 PM",248,119,129,70,37,33,44,20,24,14,9,5,126,65,61,,,,0,0,0,,,
"Jul 31, 2024 10:00 PM",92,38,54,21,7,14,18,4,14,1,1,0,34,20,14,,,,0,0,0,,,
"Jul 31, 2024 11:00 PM",20,10,10,8,0,8,1,0,1,1,1,0,13,8,5,,,,0,0,0,,,
"Aug 1, 2024 12:00 AM",0,0,0,0,0,0,2,0,2,1,0,1,8,6,2,,,,0,0,0,,,
"Aug 1, 2024 1:00 AM",0,0,0,1,1,0,0,0,0,0,0,0,5,4,1,,,,0,0,0,,,
"Aug 1, 2024 2:00 AM",3,1,2,0,0,0,0,0,0,0,0,0,0,0,0,,,,0,0,0,,,
"Aug 1, 2024 3:00 AM",0,0,0,0,0,0,0,0,0,0,0,0,6,4,2,,,,0,0,0,,,
"Aug 1, 2024 4:00 AM",0,0,0,1,0,1,0,0,0,0,0,0,7,0,7,,,,0,0,0,,,
"Aug 1, 2024 5:00 AM",15,7,8,1,0,1,4,3,1,0,0,0,10,2,8,,,,0,0,0,,,
"Aug 1, 2024 6:00 AM",51,22,29,12,4,8,15,13,2,6,5,1,35,20,15,,,,0,0,0,,,
"Aug 1, 2024 7:00 AM",120,60,60,34,18,16,22,11,11,12,7,5,55,31,24,,,,0,0,0,,,
"Aug 1, 2024 8:00 AM",149,77,72,50,17,33,33,15,18,17,5,12,140,50,90,,,,0,0,0,,,
"Aug 1, 2024 9:00 AM",153,72,81,25,9,16,26,14,12,19,6,13,83,52,31,,,,0,0,0,,,
"Aug 1, 2024 10:00 AM",224,147,77,60,21,39,24,17,7,35,14,21,77,47,30,,,,0,0,0,,,
"Aug 1, 2024 11:00 AM",295,157,138,48,34,14,36,15,21,28,10,18,92,54,38,,,,0,0,0,,,
"Aug 1, 2024 12:00 PM",361,212,149,64,28,36,42,22,20,24,10,14,176,115,61,,,,0,0,0,,,
"Aug 1, 2024 1:00 PM",439,249,190,54,39,15,45,30,15,22,10,12,135,69,66,,,,,,,,,
"Aug 1, 2024 2:00 PM",441,273,168,56,38,18,32,8,24,20,13,7,86,47,39,,,,41,24,17,,,
"Aug 1, 2024 3:00 PM",513,276,237,72,26,46,45,16,29,11,4,7,108,62,46,,,,63,29,34,,,
"Aug 1, 2024 4:00 PM",556,277,279,76,38,38,53,23,30,32,7,25,126,63,63,,,,51,23,28,,,
"Aug 1, 2024 5:00 PM",450,187,263,79,34,45,63,28,35,27,17,10,150,71,79,,,,65,32,33,,,
"Aug 1, 2024 6:00 PM",425,177,248,88,39,49,58,31,27,42,21,21,179,101,78,,,,82,49,33,,,
"Aug 1, 2024 7:00 PM",394,181,213,105,46,59,55,24,31,16,8,8,118,61,57,,,,52,23,29,,,
"Aug 1, 2024 8:00 PM",415,223,192,55,26,29,34,22,12,9,5,4,101,56,45,,,,39,12,27,,,
"Aug 1, 2024 9:00 PM",304,132,172,62,26,36,34,16,18,9,6,3,89,37,52,,,,21,7,14,,,
"Aug 1, 2024 10:00 PM",133,46,87,27,12,15,14,8,6,7,4,3,37,9,28,,,,22,13,9,,,
"Aug 1, 2024 11:00 PM",30,18,12,1,1,0,6,3,3,4,3,1,70,11,59,,,,18,5,13,,,
"Aug 2, 2024 12:00 AM",1,0,1,0,0,0,4,4,0,5,0,5,18,7,11,,,,16,13,3,,,
"Aug 2, 2024 1:00 AM",3,1,2,2,0,2,1,1,0,0,0,0,0,0,0,,,,4,3,1,,,
"Aug 2, 2024 2:00 AM",0,0,0,0,0,0,5,0,5,0,0,0,1,1,0,,,,0,0,0,,,
"Aug 2, 2024 3:00 AM",0,0,0,2,0,2,0,0,0,2,2,0,4,2,2,,,,0,0,0,,,
"Aug 2, 2024 4:00 AM",1,0,1,0,0,0,0,0,0,0,0,0,1,1,0,,,,2,2,0,,,
"Aug 2, 2024 5:00 AM",10,4,6,3,3,0,2,1,1,2,1,1,2,1,1,,,,4,3,1,,,
"Aug 2, 2024 6:00 AM",47,16,31,6,3,3,9,6,3,4,3,1,74,35,39,,,,10,4,6,,,
"Aug 2, 2024 7:00 AM",122,71,51,23,14,9,17,9,8,19,9,10,1040,610,430,,,,31,15,16,,,
"Aug 2, 2024 8:00 AM",152,68,84,60,31,29,41,16,25,28,15,13,305,223,82,,,,25,10,15,,,
"Aug 2, 2024 9:00 AM",143,87,56,32,18,14,34,16,18,33,10,23,106,74,32,,,,38,18,20,,,
"Aug 2, 2024 10:00 AM",201,124,77,41,22,19,37,16,21,28,19,9,75,42,33,,,,40,18,22,,,
"Aug 2, 2024 11:00 AM",266,166,100,39,21,18,28,18,10,26,14,12,87,50,37,,,,39,17,22,,,
"Aug 2, 2024 12:00 PM",323,160,163,51,26,25,35,16,19,33,15,18,129,76,53,,,,54,31,23,,,
"Aug 2, 2024 1:00 PM",307,165,142,48,29,19,48,28,20,14,6,8,119,73,46,,,,44,16,28,,,
"Aug 2, 2024 2:00 PM",264,125,139,43,23,20,27,16,11,31,8,23,56,27,29,,,,40,16,24,,,
"Aug 2, 2024 3:00 PM",288,150,138,30,20,10,23,13,10,20,16,4,67,47,20,,,,61,32,29,,,
"Aug 2, 2024 4:00 PM",266,126,140,50,23,27,42,25,17,34,15,19,76,39,37,,,,51,23,28,,,
"Aug 2, 2024 5:00 PM",191,93,98,41,21,20,35,15,20,28,14,14,96,50,46,,,,45,22,23,,,
"Aug 2, 2024 6:00 PM",203,109,94,48,23,25,47,20,27,21,8,13,122,79,43,,,,57,26,31,,,
"Aug 2, 2024 7:00 PM",215,102,113,53,26,27,38,17,21,32,28,4,76,38,38,,,,34,14,20,,,
"Aug 2, 2024 8:00 PM",204,104,100,19,7,12,23,14,9,39,33,6,61,40,21,,,,27,8,19,,,
"Aug 2, 2024 9:00 PM",123,61,62,10,7,3,19,8,11,18,14,4,54,23,31,,,,26,15,11,,,
"Aug 2, 2024 10:00 PM",85,40,45,17,9,8,19,11,8,9,4,5,17,9,8,,,,16,6,10,,,
"Aug 2, 2024 11:00 PM",17,14,3,5,3,2,7,4,3,12,7,5,8,7,1,,,,11,6,5,,,
"Aug 3, 2024 12:00 AM",0,0,0,2,0,2,4,2,2,2,1,1,12,8,4,,,,3,0,3,,,
"Aug 3, 2024 1:00 AM",4,2,2,0,0,0,2,2,0,2,2,0,10,9,1,,,,6,3,3,,,
"Aug 3, 2024 2:00 AM",2,1,1,1,0,1,1,0,1,1,1,0,1,0,1,,,,4,1,3,,,
"Aug 3, 2024 3:00 AM",0,0,0,0,0,0,0,0,0,0,0,0,3,2,1,,,,1,0,1,,,
"Aug 3, 2024 4:00 AM",1,0,1,0,0,0,0,0,0,0,0,0,0,0,0,,,,4,1,3,,,
"Aug 3, 2024 5:00 AM",6,1,5,1,1,0,0,0,0,0,0,0,3,2,1,,,,1,1,0,,,
"Aug 3, 2024 6:00 AM",33,19,14,8,6,2,7,5,2,0,0,0,8,7,1,,,,8,6,2,,,
"Aug 3, 2024 7:00 AM",72,34,38,20,12,8,14,10,4,10,7,3,39,24,15,,,,12,4,8,,,
"Aug 3, 2024 8:00 AM",171,91,80,47,20,27,43,23,20,19,6,13,77,51,26,,,,31,14,17,,,
"Aug 3, 2024 9:00 AM",259,134,125,81,43,38,58,28,30,31,18,13,117,72,45,,,,48,23,25,,,
"Aug 3, 2024 10:00 AM",247,145,102,90,47,43,58,35,23,109,49,60,123,72,51,,,,33,13,20,,,
"Aug 3, 2024 11:00 AM",397,243,154,88,51,37,74,44,30,34,19,15,127,77,50,,,,33,14,19,,,
"Aug 3, 2024 12:00 PM",383,218,165,76,51,25,55,30,25,31,18,13,136,65,71,,,,46,20,26,,,
"Aug 3, 2024 1:00 PM",476,245,231,97,54,43,59,28,31,42,18,24,108,66,42,,,,41,18,23,,,
"Aug 3, 2024 2:00 PM",506,260,246,89,46,43,47,27,20,26,10,16,135,72,63,,,,37,12,25,,,
"Aug 3, 2024 3:00 PM",530,292,238,56,31,25,56,29,27,25,12,13,80,45,35,,,,43,15,28,,,
"Aug 3, 2024 4:00 PM",469,217,252,56,26,30,40,24,16,26,14,12,97,44,53,,,,52,23,29,,,
"Aug 3, 2024 5:00 PM",396,179,217,46,27,19,35,19,16,24,9,15,92,46,46,,,,54,22,32,,,
"Aug 3, 2024 6:00 PM",381,182,199,44,20,24,30,15,15,18,11,7,105,51,54,,,,47,16,31,,,
"Aug 3, 2024 7:00 PM",272,143,129,24,11,13,42,26,16,15,12,3,98,48,50,,,,38,17,21,,,
"Aug 3, 2024 8:00 PM",200,100,100,25,16,9,35,18,17,10,3,7,88,34,54,,,,44,23,21,,,
"Aug 3, 2024 9:00 PM",148,63,85,26,12,14,11,6,5,8,4,4,51,25,26,,,,20,9,11,,,
"Aug 3, 2024 10:00 PM",89,45,44,12,0,12,13,7,6,6,5,1,36,13,23,,,,14,8,6,,,
"Aug 3, 2024 11:00 PM",13,4,9,11,1,10,3,2,1,0,0,0,18,4,14,,,,5,4,1,,,
"Aug 4, 2024 12:00 AM",0,0,0,2,0,2,5,3,2,3,1,2,7,1,6,,,,5,4,1,,,
"Aug 4, 2024 1:00 AM",2,2,0,3,3,0,3,3,0,0,0,0,2,0,2,,,,7,5,2,,,
"Aug 4, 2024 2:00 AM",2,1,1,0,0,0,1,0,1,1,0,1,4,0,4,,,,2,0,2,,,
"Aug 4, 2024 3:00 AM",0,0,0,0,0,0,0,0,0,1,0,1,0,0,0,,,,3,3,0,,,
"Aug 4, 2024 4:00 AM",0,0,0,0,0,0,0,0,0,0,0,0,0,0,0,,,,3,2,1,,,
"Aug 4, 2024 5:00 AM",3,2,1,2,0,2,0,0,0,0,0,0,0,0,0,,,,3,1,2,,,
"Aug 4, 2024 6:00 AM",13,7,6,6,4,2,2,1,1,4,2,2,7,2,5,,,,4,1,3,,,
"Aug 4, 2024 7:00 AM",22,7,15,7,5,2,8,7,1,5,2,3,7,6,1,,,,7,3,4,,,
"Aug 4, 2024 8:00 AM",92,45,47,34,18,16,22,12,10,14,6,8,38,23,15,,,,11,1,10,,,
"Aug 4, 2024 9:00 AM",146,76,70,47,21,26,44,26,18,13,5,8,81,39,42,,,,17,9,8,,,
"Aug 4, 2024 10:00 AM",232,120,112,62,36,26,43,22,21,16,9,7,113,71,42,,,,37,11,26,,,
"Aug 4, 2024 11:00 AM",423,214,209,75,49,26,59,36,23,29,12,17,111,79,32,,,,35,23,12,,,
"Aug 4, 2024 12:00 PM",654,361,293,78,45,33,80,50,30,45,25,20,88,48,40,,,,48,22,26,,,
"Aug 4, 2024 1:00 PM",628,354,274,70,31,39,54,21,33,39,18,21,96,45,51,,,,44,27,17,,,
"Aug 4, 2024 2:00 PM",389,199,190,44,19,25,39,21,18,15,7,8,42,28,14,,,,37,17,20,,,
"Aug 4, 2024 3:00 PM",451,194,257,47,30,17,36,19,17,42,21,21,68,42,26,,,,36,22,14,,,
"Aug 4, 2024 4:00 PM",398,191,207,53,37,16,48,31,17,18,8,10,83,44,39,,,,23,8,15,,,
"Aug 4, 2024 5:00 PM",298,136,162,43,20,23,43,15,28,20,14,6,102,39,63,,,,40,25,15,,,
"Aug 4, 2024 6:00 PM",222,98,124,38,15,23,48,25,23,25,12,13,90,45,45,,,,41,22,19,,,
"Aug 4, 2024 7:00 PM",207,98,109,47,30,17,25,9,16,14,11,3,48,21,27,,,,44,20,24,,,
"Aug 4, 2024 8:00 PM",184,101,83,15,6,9,87,33,54,13,5,8,30,20,10,,,,30,15,15,,,
"Aug 4, 2024 9:00 PM",104,59,45,23,7,16,16,5,11,16,10,6,28,10,18,,,,30,13,17,,,
"Aug 4, 2024 10:00 PM",58,30,28,12,1,11,24,13,11,1,1,0,20,12,8,,,,28,18,10,,,
"Aug 4, 2024 11:00 PM",23,12,11,3,2,1,6,2,4,5,3,2,23,7,16,,,,10,7,3,,,
"Aug 5, 2024 12:00 AM",0,0,0,1,0,1,0,0,0,3,2,1,38,24,14,,,,9,6,3,,,
"Aug 5, 2024 1:00 AM",2,0,2,0,0,0,2,1,1,0,0,0,12,11,1,,,,9,3,6,,,
"Aug 5, 2024 2:00 AM",3,3,0,1,0,1,4,2,2,0,0,0,8,5,3,,,,12,9,3,,,
"Aug 5, 2024 3:00 AM",0,0,0,3,0,3,0,0,0,0,0,0,11,10,1,,,,13,6,7,,,
"Aug 5, 2024 4:00 AM",3,2,1,0,0,0,1,1,0,0,0,0,5,4,1,,,,3,2,1,,,
"Aug 5, 2024 5:00 AM",8,3,5,4,1,3,1,0,1,30,29,1,7,5,2,,,,1,1,0,,,
"Aug 5, 2024 6:00 AM",26,10,16,5,2,3,6,3,3,2,1,1,9,7,2,,,,6,4,2,,,
"Aug 5, 2024 7:00 AM",51,25,26,13,5,8,5,3,2,7,2,5,20,14,6,,,,6,3,3,,,
"Aug 5, 2024 8:00 AM",144,77,67,35,25,10,35,20,15,21,9,12,51,35,16,,,,22,10,12,,,
"Aug 5, 2024 9:00 AM",274,146,128,57,26,31,71,34,37,31,17,14,100,54,46,,,,39,28,11,,,
"Aug 5, 2024 10:00 AM",420,271,149,114,65,49,53,29,24,49,26,23,121,79,42,,,,68,50,18,,,
"Aug 5, 2024 11:00 AM",548,327,221,63,32,31,58,28,30,48,26,22,120,71,49,,,,31,18,13,,,
"Aug 5, 2024 12:00 PM",621,332,289,105,62,43,62,27,35,36,15,21,133,78,55,,,,36,15,21,,,
"Aug 5, 2024 1:00 PM",602,287,315,88,51,37,54,33,21,36,24,12,130,66,64,,,,29,12,17,,,
"Aug 5, 2024 2:00 PM",699,375,324,80,41,39,56,35,21,39,18,21,89,42,47,,,,30,16,14,,,
"Aug 5, 2024 3:00 PM",638,282,356,55,33,22,42,21,21,26,14,12,100,55,45,,,,40,16,24,,,
"Aug 5, 2024 4:00 PM",546,309,237,52,24,28,55,28,27,19,12,7,108,55,53,,,,45,22,23,,,
"Aug 5, 2024 5:00 PM",197,82,115,26,19,7,29,10,19,20,12,8,42,27,15,,,,52,18,34,,,
"Aug 5, 2024 6:00 PM",216,123,93,40,21,19,36,16,20,24,10,14,73,35,38,,,,44,16,28,,,
"Aug 5, 2024 7:00 PM",191,97,94,33,16,17,32,23,9,11,6,5,65,28,37,,,,36,10,26,,,
"Aug 5, 2024 8:00 PM",156,88,68,15,12,3,26,11,15,34,18,16,38,15,23,,,,33,10,23,,,
"Aug 5, 2024 9:00 PM",81,38,43,30,17,13,12,6,6,10,8,2,29,19,10,,,,21,5,16,,,
"Aug 5, 2024 10:00 PM",46,24,22,8,4,4,3,2,1,1,1,0,15,12,3,,,,15,8,7,,,
"Aug 5, 2024 11:00 PM",11,6,5,6,4,2,4,3,1,2,0,2,1,1,0,,,,16,9,7,,,
"Aug 6, 2024 12:00 AM",0,0,0,0,0,0,0,0,0,1,0,1,4,2,2,,,,7,5,2,,,
"Aug 6, 2024 1:00 AM",0,0,0,2,1,1,0,0,0,1,0,1,0,0,0,,,,1,0,1,,,
"Aug 6, 2024 2:00 AM",0,0,0,0,0,0,0,0,0,0,0,0,1,0,1,,,,0,0,0,,,
"Aug 6, 2024 3:00 AM",0,0,0,0,0,0,0,0,0,0,0,0,0,0,0,,,,0,0,0,,,
"Aug 6, 2024 4:00 AM",0,0,0,0,0,0,0,0,0,0,0,0,0,0,0,,,,1,1,0,,,
"Aug 6, 2024 5:00 AM",12,4,8,4,2,2,1,0,1,1,0,1,14,1,13,,,,4,1,3,,,
"Aug 6, 2024 6:00 AM",51,27,24,12,8,4,8,6,2,8,2,6,24,13,11,,,,13,7,6,,,
"Aug 6, 2024 7:00 AM",127,76,51,19,9,10,26,12,14,10,3,7,55,29,26,,,,28,17,11,,,
"Aug 6, 2024 8:00 AM",141,63,78,41,19,22,46,26,20,33,18,15,47,22,25,,,,41,15,26,,,
"Aug 6, 2024 9:00 AM",132,71,61,25,14,11,25,12,13,22,19,3,70,44,26,,,,47,17,30,,,
"Aug 6, 2024 10:00 AM",178,101,77,28,17,11,30,15,15,33,16,17,57,30,27,,,,35,23,12,,,
"Aug 6, 2024 11:00 AM",302,176,126,47,21,26,51,27,24,35,20,15,77,51,26,,,,59,39,20,,,
"Aug 6, 2024 12:00 PM",376,214,162,57,29,28,33,18,15,30,17,13,97,55,42,,,,46,20,26,,,
"Aug 6, 2024 1:00 PM",467,241,226,52,24,28,46,19,27,23,13,10,104,62,42,,,,35,18,17,,,
"Aug 6, 2024 2:00 PM",404,202,202,36,24,12,48,18,30,35,18,17,75,40,35,,,,30,13,17,,,
"Aug 6, 2024 3:00 PM",424,222,202,57,26,31,33,15,18,25,13,12,105,63,42,,,,66,34,32,,,
"Aug 6, 2024 4:00 PM",387,185,202,62,36,26,56,24,32,30,16,14,138,59,79,,,,63,27,36,,,
"Aug 6, 2024 5:00 PM",185,80,105,69,35,34,48,28,20,30,12,18,122,68,54,,,,64,25,39,,,
"Aug 6, 2024 6:00 PM",305,145,160,62,39,23,44,28,16,28,15,13,150,73,77,,,,67,26,41,,,
"Aug 6, 2024 7:00 PM",285,144,141,54,21,33,42,21,21,24,16,8,91,50,41,,,,71,19,52,,,
"Aug 6, 2024 8:00 PM",256,131,125,52,32,20,40,26,14,19,11,8,86,49,37,,,,45,10,35,,,
"Aug 6, 2024 9:00 PM",192,98,94,23,5,18,18,13,5,17,8,9,68,22,46,,,,37,10,27,,,
"Aug 6, 2024 10:00 PM",43,25,18,5,3,2,15,8,7,1,1,0,10,8,2,,,,10,2,8,,,
"Aug 6, 2024 11:00 PM",11,6,5,2,1,1,2,2,0,1,1,0,7,4,3,,,,3,0,3,,,
"Aug 7, 2024 12:00 AM",1,0,1,0,0,0,1,0,1,2,1,1,6,2,4,,,,7,6,1,,,
"Aug 7, 2024 1:00 AM",0,0,0,0,0,0,0,0,0,0,0,0,2,0,2,,,,0,0,0,,,
"Aug 7, 2024 2:00 AM",1,0,1,0,0,0,0,0,0,0,0,0,3,2,1,,,,5,4,1,,,
"Aug 7, 2024 3:00 AM",0,0,0,2,2,0,1,0,1,0,0,0,8,0,8,,,,0,0,0,,,
"Aug 7, 2024 4:00 AM",0,0,0,2,1,1,1,1,0,0,0,0,1,0,1,,,,2,1,1,,,
"Aug 7, 2024 5:00 AM",12,6,6,4,2,2,1,1,0,0,0,0,7,2,5,,,,7,1,6,,,
"Aug 7, 2024 6:00 AM",44,21,23,12,5,7,6,3,3,9,5,4,14,6,8,,,,11,9,2,,,
"Aug 7, 2024 7:00 AM",102,58,44,31,14,17,22,14,8,19,6,13,53,32,21,,,,29,14,15,,,
"Aug 7, 2024 8:00 AM",123,64,59,40,22,18,34,16,18,25,12,13,78,43,35,,,,32,13,19,,,
"Aug 7, 2024 9:00 AM",119,66,53,35,18,17,25,14,11,31,15,16,78,44,34,,,,37,19,18,,,
"Aug 7, 2024 10:00 AM",162,92,70,34,16,18,36,17,19,24,12,12,73,40,33,,,,47,30,17,,,
"Aug 7, 2024 11:00 AM",214,108,106,38,23,15,35,22,13,27,12,15,82,50,32,,,,44,26,18,,,
"Aug 7, 2024 12:00 PM",286,154,132,59,37,22,47,22,25,30,15,15,92,53,39,,,,38,20,18,,,
"Aug 7, 2024 1:00 PM",301,146,155,64,26,38,47,30,17,32,12,20,97,63,34,,,,44,17,27,,,
"Aug 7, 2024 2:00 PM",329,144,185,33,23,10,46,23,23,31,12,19,113,71,42,,,,42,16,26,,,
"Aug 7, 2024 3:00 PM",346,208,138,42,23,19,30,18,12,22,8,14,90,50,40,,,,52,19,33,,,
"Aug 7, 2024 4:00 PM",290,121,169,50,31,19,32,19,13,40,20,20,107,54,53,,,,76,37,39,,,
"Aug 7, 2024 5:00 PM",210,110,100,65,46,19,59,37,22,41,14,27,119,65,54,,,,93,38,55,,,
"Aug 7, 2024 6:00 PM",223,113,110,72,34,38,61,24,37,30,12,18,157,78,79,,,,85,33,52,,,
"Aug 7, 2024 7:00 PM",252,123,129,40,27,13,52,33,19,29,12,17,131,67,64,,,,57,22,35,,,
"Aug 7, 2024 8:00 PM",271,133,138,43,17,26,41,24,17,25,11,14,85,44,41,,,,67,15,52,,,
"Aug 7, 2024 9:00 PM",204,90,114,45,26,19,21,10,11,25,13,12,63,36,27,,,,30,13,17,,,
"Aug 7, 2024 10:00 PM",47,19,28,18,8,10,17,9,8,5,1,4,21,13,8,,,,34,16,18,,,
"Aug 7, 2024 11:00 PM",23,14,9,5,2,3,5,4,1,0,0,0,0,0,0,,,,7,2,5,,,
"Aug 8, 2024 12:00 AM",0,0,0,0,0,0,3,2,1,0,0,0,5,3,2,,,,7,2,5,,,
"Aug 8, 2024 1:00 AM",1,1,0,2,1,1,2,1,1,0,0,0,7,3,4,,,,4,3,1,,,
"Aug 8, 2024 2:00 AM",0,0,0,0,0,0,0,0,0,0,0,0,1,1,0,,,,1,1,0,,,
"Aug 8, 2024 3:00 AM",1,0,1,1,0,1,1,0,1,0,0,0,1,1,0,,,,2,0,2,,,
"Aug 8, 2024 4:00 AM",1,0,1,1,1,0,0,0,0,1,1,0,4,4,0,,,,2,2,0,,,
"Aug 8, 2024 5:00 AM",15,5,10,3,0,3,1,1,0,1,0,1,4,3,1,,,,2,1,1,,,
"Aug 8, 2024 6:00 AM",48,23,25,12,8,4,10,9,1,6,4,2,36,16,20,,,,14,8,6,,,
"Aug 8, 2024 7:00 AM",92,47,45,30,11,19,27,16,11,18,10,8,69,38,31,,,,34,20,14,,,
"Aug 8, 2024 8:00 AM",120,58,62,30,15,15,28,11,17,27,8,19,81,36,45,,,,35,14,21,,,
"Aug 8, 2024 9:00 AM",76,38,38,16,7,9,25,13,12,20,9,11,60,37,23,,,,29,15,14,,,
"Aug 8, 2024 10:00 AM",153,88,65,36,15,21,21,13,8,17,12,5,72,33,39,,,,31,16,15,,,
"Aug 8, 2024 11:00 AM",250,150,100,39,18,21,37,18,19,39,22,17,70,36,34,,,,33,15,18,,,
"Aug 8, 2024 12:00 PM",265,152,113,43,19,24,43,23,20,35,16,19,75,38,37,,,,66,36,30,,,
"Aug 8, 2024 1:00 PM",313,163,150,49,29,20,47,24,23,37,15,22,89,48,41,,,,55,37,18,,,
"Aug 8, 2024 2:00 PM",261,123,138,39,18,21,34,17,17,22,11,11,106,60,46,,,,58,29,29,,,
"Aug 8, 2024 3:00 PM",279,114,165,15,8,7,30,20,10,37,12,25,80,46,34,,,,49,25,24,,,
"Aug 8, 2024 4:00 PM",192,98,94,25,16,9,55,18,37,16,6,10,86,48,38,,,,63,28,35,,,
"Aug 8, 2024 5:00 PM",187,98,89,48,29,19,47,28,19,25,16,9,145,77,68,,,,69,32,37,,,
"Aug 8, 2024 6:00 PM",260,151,109,59,38,21,40,20,20,30,15,15,119,55,64,,,,57,27,30,,,
"Aug 8, 2024 7:00 PM",199,100,99,30,15,15,33,16,17,17,8,9,154,82,72,,,,58,23,35,,,
"Aug 8, 2024 8:00 PM",260,141,119,50,24,26,27,13,14,18,10,8,118,59,59,,,,42,10,32,,,
"Aug 8, 2024 9:00 PM",118,52,66,29,13,16,26,15,11,24,13,11,50,19,31,,,,33,12,21,,,
"Aug 8, 2024 10:00 PM",34,16,18,3,1,2,20,7,13,3,3,0,10,4,6,,,,18,8,10,,,
"Aug 8, 2024 11:00 PM",9,5,4,4,1,3,11,5,6,4,4,0,20,13,7,,,,2,0,2,,,
"Aug 9, 2024 12:00 AM",0,0,0,1,0,1,4,3,1,1,1,0,2,2,0,,,,2,2,0,,,
"Aug 9, 2024 1:00 AM",0,0,0,0,0,0,0,0,0,0,0,0,4,2,2,,,,1,1,0,,,
"Aug 9, 2024 2:00 AM",0,0,0,0,0,0,0,0,0,0,0,0,3,3,0,,,,3,0,3,,,
"Aug 9, 2024 3:00 AM",0,0,0,0,0,0,0,0,0,0,0,0,0,0,0,,,,2,1,1,,,
"Aug 9, 2024 4:00 AM",5,3,2,0,0,0,0,0,0,2,2,0,0,0,0,,,,3,2,1,,,
"Aug 9, 2024 5:00 AM",11,1,10,3,2,1,0,0,0,0,0,0,2,0,2,,,,2,0,2,,,
"Aug 9, 2024 6:00 AM",49,25,24,15,6,9,11,7,4,6,2,4,41,19,22,,,,12,6,6,,,
"Aug 9, 2024 7:00 AM",95,63,32,20,8,12,21,16,5,12,5,7,78,41,37,,,,23,13,10,,,
"Aug 9, 2024 8:00 AM",190,97,93,38,16,22,37,17,20,26,13,13,65,40,25,,,,38,18,20,,,
"Aug 9, 2024 9:00 AM",162,81,81,44,30,14,22,13,9,31,11,20,57,40,17,,,,38,20,18,,,
"Aug 9, 2024 10:00 AM",218,128,90,36,18,18,29,20,9,27,18,9,92,64,28,,,,31,12,19,,,
"Aug 9, 2024 11:00 AM",311,156,155,38,18,20,30,18,12,28,17,11,84,46,38,,,,53,24,29,,,
"Aug 9, 2024 12:00 PM",324,172,152,64,32,32,47,21,26,35,12,23,99,36,63,,,,46,27,19,,,
"Aug 9, 2024 1:00 PM",404,214,190,57,31,26,50,29,21,31,17,14,98,53,45,,,,31,13,18,,,
"Aug 9, 2024 2:00 PM",328,167,161,48,31,17,39,27,12,20,14,6,101,66,35,,,,44,19,25,,,
"Aug 9, 2024 3:00 PM",409,215,194,51,32,19,35,16,19,27,12,15,103,61,42,,,,75,35,40,,,
"Aug 9, 2024 4:00 PM",350,188,162,53,26,27,52,23,29,31,16,15,112,66,46,,,,56,20,36,,,
"Aug 9, 2024 5:00 PM",340,167,173,54,31,23,53,29,24,35,15,20,131,61,70,,,,67,21,46,,,
"Aug 9, 2024 6:00 PM",353,182,171,65,43,22,44,26,18,20,7,13,107,56,51,,,,55,22,33,,,
"Aug 9, 2024 7:00 PM",331,166,165,50,32,18,27,15,12,29,10,19,84,45,39,,,,43,21,22,,,
"Aug 9, 2024 8:00 PM",283,132,151,51,32,19,49,29,20,27,12,15,80,32,48,,,,57,16,41,,,
"Aug 9, 2024 9:00 PM",215,96,119,39,13,26,38,16,22,5,3,2,48,19,29,,,,28,12,16,,,
"Aug 9, 2024 10:00 PM",101,46,55,36,12,24,14,6,8,2,1,1,18,9,9,,,,22,9,13,,,
"Aug 9, 2024 11:00 PM",14,9,5,4,2,2,10,6,4,5,5,0,13,6,7,,,,7,4,3,,,
"Aug 10, 2024 12:00 AM",6,0,6,4,1,3,3,1,2,7,3,4,0,0,0,,,,13,3,10,,,
"Aug 10, 2024 1:00 AM",1,0,1,3,3,0,1,0,1,1,1,0,2,1,1,,,,8,3,5,,,
"Aug 10, 2024 2:00 AM",6,6,0,0,0,0,6,3,3,0,0,0,1,0,1,,,,8,6,2,,,
"Aug 10, 2024 3:00 AM",0,0,0,1,0,1,0,0,0,0,0,0,5,1,4,,,,0,0,0,,,
"Aug 10, 2024 4:00 AM",0,0,0,1,0,1,0,0,0,0,0,0,4,1,3,,,,1,0,1,,,
"Aug 10, 2024 5:00 AM",3,1,2,3,3,0,0,0,0,0,0,0,2,2,0,,,,6,1,5,,,
"Aug 10, 2024 6:00 AM",34,12,22,9,8,1,6,4,2,3,2,1,5,2,3,,,,12,4,8,,,
"Aug 10, 2024 7:00 AM",71,38,33,24,12,12,18,11,7,6,4,2,42,25,17,,,,8,2,6,,,
"Aug 10, 2024 8:00 AM",139,69,70,42,22,20,47,24,23,19,6,13,88,55,33,,,,39,17,22,,,
"Aug 10, 2024 9:00 AM",262,148,114,65,40,25,58,36,22,34,13,21,100,60,40,,,,51,32,19,,,
"Aug 10, 2024 10:00 AM",302,175,127,106,60,46,79,50,29,34,26,8,156,101,55,,,,48,23,25,,,
"Aug 10, 2024 11:00 AM",459,267,192,120,69,51,101,62,39,38,20,18,165,92,73,,,,44,15,29,,,
"Aug 10, 2024 12:00 PM",561,332,229,119,82,37,67,44,23,39,20,19,157,88,69,,,,34,11,23,,,
"Aug 10, 2024 1:00 PM",604,346,258,112,72,40,63,40,23,34,20,14,131,78,53,,,,43,23,20,,,
"Aug 10, 2024 2:00 PM",642,347,295,107,52,55,68,37,31,40,24,16,113,63,50,,,,36,24,12,,,
"Aug 10, 2024 3:00 PM",785,404,381,92,41,51,81,33,48,41,20,21,159,91,68,,,,38,19,19,,,
"Aug 10, 2024 4:00 PM",771,403,368,147,86,61,59,22,37,53,28,25,125,58,67,,,,43,20,23,,,
"Aug 10, 2024 5:00 PM",693,326,367,139,56,83,59,23,36,29,12,17,139,56,83,,,,57,20,37,,,
"Aug 10, 2024 6:00 PM",640,294,346,97,43,54,62,33,29,33,20,13,113,58,55,,,,43,20,23,,,
"Aug 10, 2024 7:00 PM",469,226,243,68,34,34,40,15,25,10,3,7,80,38,42,,,,44,18,26,,,
"Aug 10, 2024 8:00 PM",389,180,209,43,14,29,42,23,19,20,11,9,75,22,53,,,,34,14,20,,,
"Aug 10, 2024 9:00 PM",254,113,141,23,11,12,27,19,8,25,14,11,47,22,25,,,,42,14,28,,,
"Aug 10, 2024 10:00 PM",78,33,45,10,6,4,15,12,3,3,1,2,18,6,12,,,,20,9,11,,,
"Aug 10, 2024 11:00 PM",29,14,15,7,4,3,7,2,5,2,1,1,149,91,58,,,,10,4,6,,,
"Aug 11, 2024 12:00 AM",0,0,0,1,0,1,3,1,2,3,2,1,4,1,3,,,,12,5,7,,,
"Aug 11, 2024 1:00 AM",18,9,9,2,0,2,2,2,0,1,0,1,2,1,1,,,,11,6,5,,,
"Aug 11, 2024 2:00 AM",1,1,0,0,0,0,0,0,0,2,1,1,7,3,4,,,,26,13,13,,,
"Aug 11, 2024 3:00 AM",4,3,1,0,0,0,0,0,0,0,0,0,3,1,2,,,,3,1,2,,,
"Aug 11, 2024 4:00 AM",0,0,0,2,2,0,0,0,0,1,1,0,1,0,1,,,,0,0,0,,,
"Aug 11, 2024 5:00 AM",7,5,2,2,0,2,0,0,0,0,0,0,0,0,0,,,,3,2,1,,,
"Aug 11, 2024 6:00 AM",22,7,15,1,1,0,1,1,0,0,0,0,5,2,3,,,,9,4,5,,,
"Aug 11, 2024 7:00 AM",62,32,30,9,6,3,14,7,7,10,6,4,36,23,13,,,,12,5,7,,,
"Aug 11, 2024 8:00 AM",180,97,83,38,12,26,29,11,18,17,6,11,80,46,34,,,,19,10,9,,,
"Aug 11, 2024 9:00 AM",357,226,131,78,40,38,59,29,30,35,17,18,183,101,82,,,,45,31,14,,,
"Aug 11, 2024 10:00 AM",609,381,228,155,106,49,105,70,35,41,30,11,229,146,83,,,,66,45,21,,,
"Aug 11, 2024 11:00 AM",894,515,379,148,85,63,130,73,57,38,22,16,258,141,117,,,,75,52,23,,,
"Aug 11, 2024 12:00 PM",1054,540,514,171,105,66,113,61,52,59,33,26,177,116,61,,,,87,68,19,,,
"Aug 11, 2024 1:00 PM",1063,609,454,174,103,71,124,77,47,52,30,22,239,115,124,,,,66,48,18,,,
"Aug 11, 2024 2:00 PM",1166,569,597,167,90,77,106,63,43,47,28,19,268,97,171,,,,45,22,23,,,
"Aug 11, 2024 3:00 PM",1151,634,517,141,53,88,116,53,63,62,28,34,182,93,89,,,,48,31,17,,,
"Aug 11, 2024 4:00 PM",994,468,526,143,52,91,103,57,46,40,20,20,204,86,118,,,,45,19,26,,,
"Aug 11, 2024 5:00 PM",805,354,451,144,57,87,81,31,50,33,17,16,108,48,60,,,,35,15,20,,,
"Aug 11, 2024 6:00 PM",533,232,301,87,41,46,56,23,33,32,17,15,138,50,88,,,,30,11,19,,,
"Aug 11, 2024 7:00 PM",366,177,189,71,33,38,66,34,32,17,9,8,122,60,62,,,,36,17,19,,,
"Aug 11, 2024 8:00 PM",212,95,117,36,18,18,30,9,21,16,11,5,150,37,113,,,,30,18,12,,,
"Aug 11, 2024 9:00 PM",43,24,19,12,6,6,22,14,8,4,2,2,18,9,9,,,,15,10,5,,,
"Aug 11, 2024 10:00 PM",27,14,13,13,4,9,3,2,1,3,1,2,5,3,2,,,,17,9,8,,,
"Aug 11, 2024 11:00 PM",11,6,5,5,4,1,1,0,1,1,0,1,18,3,15,,,,5,3,2,,,
"Aug 12, 2024 12:00 AM",1,1,0,0,0,0,5,2,3,3,1,2,4,0,4,,,,5,3,2,,,
"Aug 12, 2024 1:00 AM",4,0,4,2,0,2,1,0,1,2,0,2,0,0,0,,,,1,0,1,,,
"Aug 12, 2024 2:00 AM",0,0,0,0,0,0,0,0,0,1,0,1,6,5,1,,,,4,0,4,,,
"Aug 12, 2024 3:00 AM",0,0,0,0,0,0,0,0,0,0,0,0,2,1,1,,,,1,0,1,,,
"Aug 12, 2024 4:00 AM",0,0,0,0,0,0,0,0,0,0,0,0,1,1,0,,,,1,1,0,,,
"Aug 12, 2024 5:00 AM",5,1,4,0,0,0,0,0,0,1,0,1,2,1,1,,,,6,2,4,,,
"Aug 12, 2024 6:00 AM",32,15,17,11,8,3,5,4,1,19,10,9,15,9,6,,,,16,10,6,,,
"Aug 12, 2024 7:00 AM",90,52,38,36,16,20,37,18,19,15,11,4,55,33,22,,,,21,11,10,,,
"Aug 12, 2024 8:00 AM",142,67,75,45,24,21,28,8,20,27,13,14,135,61,74,,,,36,18,18,,,
"Aug 12, 2024 9:00 AM",121,59,62,46,22,24,27,16,11,21,10,11,87,48,39,,,,44,25,19,,,
"Aug 12, 2024 10:00 AM",202,116,86,44,22,22,23,18,5,23,13,10,78,54,24,,,,41,20,21,,,
"Aug 12, 2024 11:00 AM",307,174,133,63,30,33,43,25,18,42,21,21,89,60,29,,,,48,30,18,,,
"Aug 12, 2024 12:00 PM",445,219,226,61,41,20,42,25,17,32,19,13,121,64,57,,,,48,19,29,,,
"Aug 12, 2024 1:00 PM",453,242,211,63,34,29,46,26,20,41,20,21,107,63,44,,,,37,13,24,,,
"Aug 12, 2024 2:00 PM",401,220,181,75,40,35,43,17,26,38,26,12,94,53,41,,,,38,23,15,,,
"Aug 12, 2024 3:00 PM",405,234,171,50,21,29,37,18,19,27,11,16,88,50,38,,,,65,29,36,,,
"Aug 12, 2024 4:00 PM",443,221,222,74,36,38,38,18,20,42,23,19,133,75,58,,,,77,36,41,,,
"Aug 12, 2024 5:00 PM",429,220,209,75,47,28,81,39,42,26,11,15,183,95,88,,,,76,34,42,,,
"Aug 12, 2024 6:00 PM",431,235,196,132,75,57,65,31,34,47,21,26,188,98,90,,,,65,40,25,,,
"Aug 12, 2024 7:00 PM",407,182,225,99,46,53,89,48,41,41,15,26,263,154,109,,,,55,22,33,,,
"Aug 12, 2024 8:00 PM",485,227,258,62,36,26,54,27,27,28,14,14,121,45,76,,,,70,36,34,,,
"Aug 12, 2024 9:00 PM",219,108,111,31,14,17,18,6,12,18,9,9,78,31,47,,,,47,18,29,,,
"Aug 12, 2024 10:00 PM",65,35,30,25,8,17,15,7,8,1,1,0,16,6,10,,,,19,10,9,,,
"Aug 12, 2024 11:00 PM",17,10,7,1,1,0,6,2,4,1,1,0,20,8,12,,,,10,4,6,,,
"Aug 13, 2024 12:00 AM",0,0,0,2,2,0,1,1,0,1,1,0,15,13,2,,,,4,3,1,,,
"Aug 13, 2024 1:00 AM",2,0,2,0,0,0,0,0,0,0,0,0,24,16,8,,,,0,0,0,,,
"Aug 13, 2024 2:00 AM",0,0,0,0,0,0,0,0,0,1,0,1,26,21,5,,,,0,0,0,,,
"Aug 13, 2024 3:00 AM",0,0,0,0,0,0,0,0,0,1,0,1,17,14,3,,,,0,0,0,,,
"Aug 13, 2024 4:00 AM",0,0,0,0,0,0,0,0,0,0,0,0,7,7,0,,,,1,1,0,,,
"Aug 13, 2024 5:00 AM",11,3,8,3,1,2,0,0,0,1,0,1,3,2,1,,,,4,0,4,,,
"Aug 13, 2024 6:00 AM",43,24,19,10,6,4,5,4,1,7,4,3,76,68,8,,,,21,10,11,,,
"Aug 13, 2024 7:00 AM",99,59,40,26,10,16,17,10,7,18,11,7,120,64,56,,,,21,10,11,,,
"Aug 13, 2024 8:00 AM",111,63,48,43,24,19,36,17,19,32,7,25,101,60,41,,,,27,10,17,,,
"Aug 13, 2024 9:00 AM",93,42,51,28,12,16,29,15,14,23,13,10,74,48,26,,,,24,7,17,,,
"Aug 13, 2024 10:00 AM",149,86,63,31,9,22,28,15,13,19,7,12,89,56,33,,,,33,14,19,,,
"Aug 13, 2024 11:00 AM",230,129,101,33,19,14,27,14,13,31,19,12,85,47,38,,,,35,20,15,,,
"Aug 13, 2024 12:00 PM",261,148,113,32,21,11,28,16,12,41,20,21,121,92,29,,,,40,12,28,,,
"Aug 13, 2024 1:00 PM",411,210,201,76,45,31,45,22,23,29,17,12,130,77,53,,,,43,26,17,,,
"Aug 13, 2024 2:00 PM",346,177,169,44,29,15,30,12,18,32,17,15,103,71,32,,,,40,21,19,,,
"Aug 13, 2024 3:00 PM",341,183,158,97,73,24,30,19,11,41,20,21,121,81,40,,,,34,15,19,,,
"Aug 13, 2024 4:00 PM",352,188,164,68,28,40,49,18,31,37,16,21,129,82,47,,,,50,22,28,,,
"Aug 13, 2024 5:00 PM",327,159,168,71,48,23,39,22,17,37,19,18,194,105,89,,,,38,14,24,,,
"Aug 13, 2024 6:00 PM",299,176,123,90,55,35,50,35,15,31,15,16,217,115,102,,,,62,27,35,,,
"Aug 13, 2024 7:00 PM",340,162,178,91,61,30,45,12,33,26,13,13,148,73,75,,,,69,32,37,,,
"Aug 13, 2024 8:00 PM",369,173,196,50,24,26,49,29,20,18,9,9,251,88,163,,,,47,23,24,,,
"Aug 13, 2024 9:00 PM",169,80,89,54,28,26,22,6,16,11,8,3,97,52,45,,,,34,12,22,,,
"Aug 13, 2024 10:00 PM",42,29,13,11,4,7,12,3,9,7,3,4,34,22,12,,,,25,10,15,,,
"Aug 13, 2024 11:00 PM",15,6,9,3,0,3,3,2,1,1,1,0,20,14,6,,,,6,3,3,,,
"Aug 14, 2024 12:00 AM",0,0,0,0,0,0,4,1,3,1,0,1,75,54,21,,,,10,5,5,,,
"Aug 14, 2024 1:00 AM",0,0,0,1,0,1,0,0,0,0,0,0,37,26,11,,,,5,4,1,,,
"Aug 14, 2024 2:00 AM",1,0,1,0,0,0,0,0,0,1,0,1,6,4,2,,,,0,0,0,,,
"Aug 14, 2024 3:00 AM",0,0,0,1,0,1,1,0,1,0,0,0,7,5,2,,,,1,1,0,,,
"Aug 14, 2024 4:00 AM",0,0,0,0,0,0,0,0,0,0,0,0,2,1,1,,,,2,0,2,,,
"Aug 14, 2024 5:00 AM",14,11,3,1,0,1,1,1,0,3,1,2,3,2,1,,,,5,3,2,,,
"Aug 14, 2024 6:00 AM",74,39,35,9,5,4,11,9,2,13,10,3,37,19,18,,,,29,17,12,,,
"Aug 14, 2024 7:00 AM",141,69,72,39,18,21,36,19,17,27,14,13,93,65,28,,,,35,21,14,,,
"Aug 14, 2024 8:00 AM",190,85,105,37,19,18,41,24,17,24,9,15,106,54,52,,,,36,10,26,,,
"Aug 14, 2024 9:00 AM",149,72,77,48,29,19,44,24,20,30,15,15,92,63,29,,,,79,46,33,,,
"Aug 14, 2024 10:00 AM",221,134,87,60,22,38,35,10,25,34,18,16,223,155,68,,,,80,60,20,,,
"Aug 14, 2024 11:00 AM",370,235,135,53,25,28,32,15,17,44,22,22,179,97,82,,,,103,73,30,,,
"Aug 14, 2024 12:00 PM",494,267,227,71,33,38,50,24,26,38,26,12,240,145,95,,,,104,88,16,,,
"Aug 14, 2024 1:00 PM",551,299,252,81,50,31,55,31,24,38,21,17,317,154,163,,,,74,58,16,,,
"Aug 14, 2024 2:00 PM",442,215,227,62,31,31,46,21,25,29,18,11,121,70,51,,,,54,20,34,,,
"Aug 14, 2024 3:00 PM",526,288,238,52,19,33,39,11,28,26,7,19,200,103,97,,,,55,20,35,,,
"Aug 14, 2024 4:00 PM",521,260,261,56,38,18,46,22,24,39,18,21,203,111,92,,,,82,32,50,,,
"Aug 14, 2024 5:00 PM",401,195,206,117,59,58,61,34,27,40,14,26,324,134,190,,,,80,33,47,,,
"Aug 14, 2024 6:00 PM",403,201,202,98,52,46,79,36,43,34,15,19,429,193,236,,,,77,35,42,,,
"Aug 14, 2024 7:00 PM",424,214,210,104,52,52,57,30,27,43,24,19,485,258,227,,,,59,25,34,,,
"Aug 14, 2024 8:00 PM",371,174,197,96,40,56,77,40,37,28,10,18,256,104,152,,,,47,24,23,,,
"Aug 14, 2024 9:00 PM",209,91,118,42,15,27,25,13,12,15,6,9,48,21,27,,,,26,6,20,,,
"Aug 14, 2024 10:00 PM",66,38,28,14,6,8,16,7,9,4,3,1,15,2,13,,,,28,10,18,,,
"Aug 14, 2024 11:00 PM",19,9,10,5,2,3,4,3,1,0,0,0,103,20,83,,,,5,3,2,,,
"Aug 15, 2024 12:00 AM",0,0,0,0,0,0,3,2,1,2,2,0,117,31,86,,,,3,1,2,,,
"Aug 15, 2024 1:00 AM",2,2,0,1,1,0,1,1,0,0,0,0,52,16,36,,,,4,4,0,,,
"Aug 15, 2024 2:00 AM",3,3,0,0,0,0,0,0,0,1,0,1,0,0,0,,,,0,0,0,,,
"Aug 15, 2024 3:00 AM",0,0,0,0,0,0,0,0,0,1,1,0,2,0,2,,,,0,0,0,,,
"Aug 15, 2024 4:00 AM",1,0,1,0,0,0,0,0,0,0,0,0,25,10,15,,,,5,1,4,,,
"Aug 15, 2024 5:00 AM",6,2,4,3,2,1,1,0,1,0,0,0,4,1,3,,,,5,1,4,,,
"Aug 15, 2024 6:00 AM",51,25,26,11,5,6,6,4,2,10,7,3,17,9,8,,,,15,4,11,,,
"Aug 15, 2024 7:00 AM",50,25,25,14,6,8,10,6,4,17,10,7,53,31,22,,,,17,7,10,,,
"Aug 15, 2024 8:00 AM",104,50,54,20,8,12,27,12,15,21,8,13,93,39,54,,,,23,9,14,,,
"Aug 15, 2024 9:00 AM",106,54,52,20,10,10,24,10,14,23,12,11,122,75,47,,,,40,20,20,,,
"Aug 15, 2024 10:00 AM",140,88,52,38,25,13,22,14,8,16,9,7,186,133,53,,,,17,3,14,,,
"Aug 15, 2024 11:00 AM",186,94,92,32,11,21,37,15,22,33,12,21,188,110,78,,,,47,26,21,,,
"Aug 15, 2024 12:00 PM",233,142,91,49,23,26,41,18,23,32,18,14,159,96,63,,,,86,39,47,,,
"Aug 15, 2024 1:00 PM",239,125,114,53,32,21,39,18,21,33,19,14,167,94,73,,,,40,20,20,,,
"Aug 15, 2024 2:00 PM",186,105,81,32,18,14,19,7,12,20,12,8,190,131,59,,,,33,12,21,,,
"Aug 15, 2024 3:00 PM",240,139,101,34,20,14,23,17,6,22,6,16,116,65,51,,,,38,15,23,,,
"Aug 15, 2024 4:00 PM",274,144,130,47,26,21,41,30,11,20,10,10,104,59,45,,,,51,23,28,,,
"Aug 15, 2024 5:00 PM",251,132,119,43,26,17,64,36,28,41,19,22,131,74,57,,,,51,25,26,,,
"Aug 15, 2024 6:00 PM",277,149,128,67,38,29,56,34,22,25,6,19,131,72,59,,,,91,45,46,,,
"Aug 15, 2024 7:00 PM",317,182,135,71,53,18,45,28,17,22,11,11,128,71,57,,,,51,23,28,,,
"Aug 15, 2024 8:00 PM",287,143,144,70,38,32,39,23,16,17,8,9,151,69,82,,,,30,15,15,,,
"Aug 15, 2024 9:00 PM",168,87,81,35,16,19,38,19,19,13,5,8,83,27,56,,,,63,25,38,,,
"Aug 15, 2024 10:00 PM",50,24,26,13,4,9,7,4,3,5,1,4,25,4,21,,,,16,8,8,,,
"Aug 15, 2024 11:00 PM",27,15,12,6,0,6,2,2,0,1,1,0,26,5,21,,,,13,7,6,,,
"Aug 16, 2024 12:00 AM",0,0,0,3,0,3,6,0,6,1,1,0,2,1,1,,,,2,2,0,,,
"Aug 16, 2024 1:00 AM",3,0,3,0,0,0,2,0,2,0,0,0,22,2,20,,,,3,1,2,,,
"Aug 16, 2024 2:00 AM",0,0,0,0,0,0,0,0,0,1,0,1,1,0,1,,,,2,0,2,,,
"Aug 16, 2024 3:00 AM",0,0,0,0,0,0,0,0,0,0,0,0,0,0,0,,,,0,0,0,,,
"Aug 16, 2024 4:00 AM",0,0,0,0,0,0,0,0,0,2,2,0,18,8,10,,,,2,2,0,,,
"Aug 16, 2024 5:00 AM",10,4,6,1,1,0,0,0,0,0,0,0,5,4,1,,,,1,0,1,,,
"Aug 16, 2024 6:00 AM",53,28,25,9,5,4,7,6,1,12,6,6,38,20,18,,,,20,7,13,,,
"Aug 16, 2024 7:00 AM",127,74,53,32,21,11,31,19,12,19,8,11,204,129,75,,,,23,9,14,,,
"Aug 16, 2024 8:00 AM",175,85,90,52,22,30,35,15,20,28,12,16,166,89,77,,,,44,24,20,,,
"Aug 16, 2024 9:00 AM",188,107,81,39,24,15,29,14,15,24,7,17,116,64,52,,,,39,15,24,,,
"Aug 16, 2024 10:00 AM",213,128,85,74,32,42,28,12,16,22,12,10,149,91,58,,,,61,33,28,,,
"Aug 16, 2024 11:00 AM",337,199,138,85,41,44,38,21,17,28,13,15,189,107,82,,,,47,22,25,,,
"Aug 16, 2024 12:00 PM",383,202,181,53,27,26,43,23,20,31,13,18,210,131,79,,,,42,15,27,,,
"Aug 16, 2024 1:00 PM",342,177,165,76,44,32,49,22,27,26,15,11,114,63,51,,,,35,21,14,,,
"Aug 16, 2024 2:00 PM",352,214,138,69,41,28,34,17,17,31,19,12,110,71,39,,,,39,17,22,,,
"Aug 16, 2024 3:00 PM",365,193,172,44,30,14,42,20,22,38,17,21,117,53,64,,,,43,23,20,,,
"Aug 16, 2024 4:00 PM",358,168,190,40,26,14,40,21,19,47,24,23,112,57,55,,,,59,33,26,,,
"Aug 16, 2024 5:00 PM",409,227,182,49,34,15,41,19,22,27,13,14,178,107,71,,,,74,22,52,,,
"Aug 16, 2024 6:00 PM",320,157,163,53,30,23,58,35,23,39,25,14,127,57,70,,,,46,19,27,,,
"Aug 16, 2024 7:00 PM",294,126,168,45,23,22,41,20,21,28,10,18,173,99,74,,,,53,26,27,,,
"Aug 16, 2024 8:00 PM",211,102,109,48,25,23,30,20,10,16,8,8,121,62,59,,,,43,20,23,,,
"Aug 16, 2024 9:00 PM",122,50,72,30,11,19,20,12,8,7,2,5,39,26,13,,,,21,6,15,,,
"Aug 16, 2024 10:00 PM",53,27,26,6,1,5,20,16,4,2,1,1,59,38,21,,,,42,27,15,,,
"Aug 16, 2024 11:00 PM",28,14,14,8,6,2,19,13,6,4,3,1,103,52,51,,,,11,4,7,,,
"Aug 17, 2024 12:00 AM",0,0,0,2,0,2,3,0,3,2,0,2,317,201,116,,,,6,3,3,,,
"Aug 17, 2024 1:00 AM",2,1,1,3,0,3,3,3,0,1,0,1,30,9,21,,,,12,7,5,,,
"Aug 17, 2024 2:00 AM",0,0,0,0,0,0,0,0,0,2,0,2,20,11,9,,,,1,1,0,,,
"Aug 17, 2024 3:00 AM",1,0,1,0,0,0,0,0,0,0,0,0,26,9,17,,,,3,1,2,,,
"Aug 17, 2024 4:00 AM",0,0,0,0,0,0,0,0,0,0,0,0,51,30,21,,,,1,1,0,,,
"Aug 17, 2024 5:00 AM",4,2,2,1,1,0,0,0,0,0,0,0,248,52,196,,,,0,0,0,,,
"Aug 17, 2024 6:00 AM",23,7,16,12,5,7,1,0,1,1,1,0,22,14,8,,,,10,4,6,,,
"Aug 17, 2024 7:00 AM",73,44,29,22,15,7,22,15,7,6,2,4,72,37,35,,,,17,10,7,,,
"Aug 17, 2024 8:00 AM",149,74,75,44,32,12,40,24,16,21,9,12,147,99,48,,,,25,12,13,,,
"Aug 17, 2024 9:00 AM",199,121,78,98,59,39,67,36,31,28,18,10,227,152,75,,,,26,10,16,,,
"Aug 17, 2024 10:00 AM",247,120,127,140,67,73,56,36,20,37,25,12,199,113,86,,,,44,25,19,,,
"Aug 17, 2024 11:00 AM",438,252,186,107,57,50,76,40,36,33,22,11,173,102,71,,,,49,21,28,,,
"Aug 17, 2024 12:00 PM",456,230,226,102,43,59,71,44,27,32,10,22,332,184,148,,,,48,26,22,,,
"Aug 17, 2024 1:00 PM",430,225,205,68,36,32,56,27,29,36,22,14,100,51,49,,,,27,7,20,,,
"Aug 17, 2024 2:00 PM",432,237,195,85,52,33,44,27,17,38,19,19,165,100,65,,,,52,23,29,,,
"Aug 17, 2024 3:00 PM",521,289,232,58,34,24,47,24,23,37,13,24,187,113,74,,,,38,17,21,,,
"Aug 17, 2024 4:00 PM",543,251,292,54,29,25,53,25,28,35,13,22,124,63,61,,,,50,22,28,,,
"Aug 17, 2024 5:00 PM",380,164,216,43,25,18,51,29,22,32,11,21,114,59,55,,,,51,19,32,,,
"Aug 17, 2024 6:00 PM",270,125,145,35,21,14,26,10,16,43,23,20,323,130,193,,,,45,18,27,,,
"Aug 17, 2024 7:00 PM",217,105,112,27,16,11,49,27,22,16,4,12,288,123,165,,,,43,12,31,,,
"Aug 17, 2024 8:00 PM",166,93,73,20,5,15,19,8,11,16,7,9,97,51,46,,,,30,13,17,,,
"Aug 17, 2024 9:00 PM",93,47,46,27,13,14,25,19,6,10,6,4,36,10,26,,,,30,18,12,,,
"Aug 17, 2024 10:00 PM",58,34,24,10,5,5,11,7,4,2,2,0,28,4,24,,,,21,9,12,,,
"Aug 17, 2024 11:00 PM",15,9,6,9,4,5,9,4,5,4,2,2,199,43,156,,,,11,4,7,,,
"Aug 18, 2024 12:00 AM",1,1,0,0,0,0,4,2,2,0,0,0,79,10,69,,,,7,5,2,,,
"Aug 18, 2024 1:00 AM",1,0,1,1,0,1,2,2,0,2,1,1,3,0,3,,,,8,6,2,,,
"Aug 18, 2024 2:00 AM",1,1,0,0,0,0,0,0,0,0,0,0,6,2,4,,,,2,2,0,,,
"Aug 18, 2024 3:00 AM",1,1,0,0,0,0,0,0,0,0,0,0,0,0,0,,,,7,5,2,,,
"Aug 18, 2024 4:00 AM",0,0,0,0,0,0,0,0,0,1,0,1,16,4,12,,,,1,0,1,,,
"Aug 18, 2024 5:00 AM",2,0,2,2,1,1,0,0,0,0,0,0,18,15,3,,,,1,1,0,,,
"Aug 18, 2024 6:00 AM",15,6,9,2,1,1,1,1,0,0,0,0,91,28,63,,,,2,1,1,,,
"Aug 18, 2024 7:00 AM",45,22,23,20,10,10,13,9,4,4,3,1,108,80,28,,,,10,4,6,,,
"Aug 18, 2024 8:00 AM",106,67,39,54,32,22,52,30,22,15,6,9,83,53,30,,,,18,8,10,,,
"Aug 18, 2024 9:00 AM",296,167,129,91,57,34,69,39,30,30,14,16,313,165,148,,,,29,12,17,,,
"Aug 18, 2024 10:00 AM",436,254,182,92,40,52,77,38,39,50,27,23,259,144,115,,,,67,39,28,,,
"Aug 18, 2024 11:00 AM",657,371,286,131,78,53,85,46,39,59,27,32,198,122,76,,,,49,26,23,,,
"Aug 18, 2024 12:00 PM",810,443,367,125,59,66,97,53,44,42,18,24,259,154,105,,,,43,26,17,,,
"Aug 18, 2024 1:00 PM",801,400,401,123,67,56,99,65,34,52,28,24,211,102,109,,,,44,18,26,,,
"Aug 18, 2024 2:00 PM",851,485,366,104,56,48,81,40,41,41,22,19,220,116,104,,,,41,18,23,,,
"Aug 18, 2024 3:00 PM",917,467,450,97,41,56,67,34,33,36,21,15,192,103,89,,,,48,17,31,,,
"Aug 18, 2024 4:00 PM",828,388,440,81,35,46,97,46,51,44,17,27,172,88,84,,,,55,21,34,,,
"Aug 18, 2024 5:00 PM",681,298,383,79,39,40,79,46,33,45,23,22,172,87,85,,,,37,17,20,,,
"Aug 18, 2024 6:00 PM",466,247,219,45,23,22,56,22,34,33,17,16,410,278,132,,,,47,27,20,,,
"Aug 18, 2024 7:00 PM",375,161,214,74,43,31,51,22,29,32,17,15,107,53,54,,,,21,4,17,,,
"Aug 18, 2024 8:00 PM",288,135,153,52,33,19,53,32,21,12,6,6,136,36,100,,,,39,14,25,,,
"Aug 18, 2024 9:00 PM",130,56,74,47,27,20,21,10,11,5,4,1,70,21,49,,,,24,9,15,,,
"Aug 18, 2024 10:00 PM",34,19,15,17,7,10,5,1,4,7,4,3,143,39,104,,,,19,10,9,,,
"Aug 18, 2024 11:00 PM",5,5,0,5,1,4,2,0,2,2,2,0,67,13,54,,,,10,6,4,,,
"Aug 19, 2024 12:00 AM",0,0,0,1,0,1,4,3,1,2,0,2,16,4,12,,,,5,2,3,,,
"Aug 19, 2024 1:00 AM",2,2,0,1,0,1,0,0,0,0,0,0,15,1,14,,,,4,1,3,,,
"Aug 19, 2024 2:00 AM",1,1,0,0,0,0,0,0,0,0,0,0,16,5,11,,,,2,1,1,,,
"Aug 19, 2024 3:00 AM",1,0,1,0,0,0,0,0,0,0,0,0,15,4,11,,,,1,0,1,,,
"Aug 19, 2024 4:00 AM",0,0,0,0,0,0,0,0,0,0,0,0,22,4,18,,,,2,2,0,,,
"Aug 19, 2024 5:00 AM",8,3,5,2,2,0,2,2,0,0,0,0,30,17,13,,,,2,1,1,,,
"Aug 19, 2024 6:00 AM",43,24,19,13,7,6,9,6,3,15,9,6,150,81,69,,,,15,4,11,,,
"Aug 19, 2024 7:00 AM",110,52,58,16,7,9,19,12,7,14,7,7,239,104,135,,,,28,16,12,,,
"Aug 19, 2024 8:00 AM",144,64,80,33,21,12,31,11,20,39,10,29,150,50,100,,,,39,15,24,,,
"Aug 19, 2024 9:00 AM",127,60,67,35,16,19,21,9,12,17,13,4,126,55,71,,,,28,14,14,,,
"Aug 19, 2024 10:00 AM",137,71,66,50,30,20,33,22,11,15,7,8,130,63,67,,,,28,19,9,,,
"Aug 19, 2024 11:00 AM",165,97,68,38,17,21,35,17,18,21,9,12,128,63,65,,,,56,18,38,,,
"Aug 19, 2024 12:00 PM",160,78,82,35,20,15,32,17,15,18,14,4,106,31,75,,,,37,16,21,,,
"Aug 19, 2024 1:00 PM",184,90,94,26,10,16,43,21,22,29,13,16,125,63,62,,,,40,21,19,,,
"Aug 19, 2024 2:00 PM",160,72,88,21,7,14,30,13,17,29,11,18,136,69,67,,,,38,19,19,,,
"Aug 19, 2024 3:00 PM",137,66,71,24,9,15,22,10,12,20,9,11,172,56,116,,,,39,16,23,,,
"Aug 19, 2024 4:00 PM",182,88,94,47,26,21,32,18,14,23,10,13,173,77,96,,,,45,23,22,,,
"Aug 19, 2024 5:00 PM",183,99,84,28,13,15,48,27,21,33,12,21,190,86,104,,,,47,22,25,,,
"Aug 19, 2024 6:00 PM",303,177,126,71,36,35,48,15,33,31,21,10,175,97,78,,,,60,28,32,,,
"Aug 19, 2024 7:00 PM",306,151,155,67,39,28,61,28,33,27,18,9,188,98,90,,,,56,20,36,,,
"Aug 19, 2024 8:00 PM",282,141,141,49,22,27,33,13,20,41,25,16,132,54,78,,,,46,17,29,,,
"Aug 19, 2024 9:00 PM",138,69,69,33,14,19,13,6,7,12,5,7,55,18,37,,,,38,10,28,,,
"Aug 19, 2024 10:00 PM",61,35,26,9,3,6,10,5,5,3,3,0,59,44,15,,,,15,6,9,,,
"Aug 19, 2024 11:00 PM",19,5,14,7,4,3,2,0,2,1,1,0,112,80,32,,,,6,4,2,,,
"Aug 20, 2024 12:00 AM",0,0,0,0,0,0,0,0,0,1,1,0,266,169,97,,,,4,3,1,,,
"Aug 20, 2024 1:00 AM",0,0,0,2,0,2,0,0,0,0,0,0,82,58,24,,,,0,0,0,,,
"Aug 20, 2024 2:00 AM",0,0,0,0,0,0,1,1,0,1,1,0,33,14,19,,,,3,0,3,,,
"Aug 20, 2024 3:00 AM",0,0,0,0,0,0,0,0,0,0,0,0,4,4,0,,,,0,0,0,,,
"Aug 20, 2024 4:00 AM",1,1,0,0,0,0,0,0,0,1,1,0,0,0,0,,,,2,2,0,,,
"Aug 20, 2024 5:00 AM",12,4,8,3,1,2,2,1,1,0,0,0,7,6,1,,,,4,2,2,,,
"Aug 20, 2024 6:00 AM",53,27,26,5,1,4,10,6,4,7,3,4,196,146,50,,,,14,9,5,,,
"Aug 20, 2024 7:00 AM",140,93,47,31,15,16,21,18,3,38,20,18,422,193,229,,,,35,15,20,,,
"Aug 20, 2024 8:00 AM",141,74,67,40,20,20,59,17,42,27,9,18,264,106,158,,,,37,17,20,,,
"Aug 20, 2024 9:00 AM",150,82,68,32,15,17,36,21,15,21,14,7,249,164,85,,,,52,32,20,,,
"Aug 20, 2024 10:00 AM",197,106,91,42,24,18,34,15,19,34,23,11,213,136,77,,,,64,47,17,,,
"Aug 20, 2024 11:00 AM",283,184,99,43,16,27,34,18,16,32,15,17,258,138,120,,,,86,66,20,,,
"Aug 20, 2024 12:00 PM",351,197,154,83,40,43,25,15,10,45,24,21,252,146,106,,,,98,76,22,,,
"Aug 20, 2024 1:00 PM",412,199,213,81,50,31,68,39,29,36,18,18,206,138,68,,,,78,51,27,,,
"Aug 20, 2024 2:00 PM",304,144,160,28,11,17,30,16,14,34,19,15,157,90,67,,,,48,28,20,,,
"Aug 20, 2024 3:00 PM",249,111,138,30,15,15,26,17,9,15,7,8,93,49,44,,,,33,13,20,,,
"Aug 20, 2024 4:00 PM",242,128,114,37,19,18,29,15,14,32,15,17,268,164,104,,,,84,35,49,,,
"Aug 20, 2024 5:00 PM",249,97,152,60,42,18,40,24,16,32,16,16,342,189,153,,,,79,41,38,,,
"Aug 20, 2024 6:00 PM",208,131,77,56,35,21,39,24,15,52,28,24,315,166,149,,,,67,21,46,,,
"Aug 20, 2024 7:00 PM",269,143,126,52,36,16,35,14,21,19,10,9,198,115,83,,,,64,31,33,,,
"Aug 20, 2024 8:00 PM",280,141,139,52,25,27,45,25,20,25,16,9,127,84,43,,,,40,11,29,,,
"Aug 20, 2024 9:00 PM",162,89,73,21,5,16,18,1,17,12,7,5,86,37,49,,,,27,13,14,,,
"Aug 20, 2024 10:00 PM",44,26,18,16,6,10,5,1,4,5,2,3,84,50,34,,,,11,6,5,,,
"Aug 20, 2024 11:00 PM",15,7,8,3,0,3,6,3,3,4,2,2,40,12,28,,,,12,4,8,,,
"Aug 21, 2024 12:00 AM",0,0,0,0,0,0,0,0,0,3,1,2,58,20,38,,,,14,10,4,,,
"Aug 21, 2024 1:00 AM",0,0,0,1,0,1,0,0,0,0,0,0,0,0,0,,,,0,0,0,,,
"Aug 21, 2024 2:00 AM",1,0,1,0,0,0,0,0,0,0,0,0,5,3,2,,,,1,0,1,,,
"Aug 21, 2024 3:00 AM",0,0,0,2,2,0,1,1,0,0,0,0,5,0,5,,,,1,1,0,,,
"Aug 21, 2024 4:00 AM",1,1,0,0,0,0,0,0,0,0,0,0,4,3,1,,,,2,1,1,,,
"Aug 21, 2024 5:00 AM",18,10,8,2,2,0,1,1,0,3,2,1,13,3,10,,,,4,2,2,,,
"Aug 21, 2024 6:00 AM",45,17,28,8,3,5,7,3,4,11,7,4,58,37,21,,,,23,13,10,,,
"Aug 21, 2024 7:00 AM",131,72,59,43,21,22,23,15,8,19,10,9,194,125,69,,,,35,19,16,,,
"Aug 21, 2024 8:00 AM",161,84,77,34,16,18,38,19,19,24,10,14,231,120,111,,,,41,24,17,,,
"Aug 21, 2024 9:00 AM",128,63,65,41,20,21,26,16,10,25,13,12,136,66,70,,,,52,24,28,,,
"Aug 21, 2024 10:00 AM",141,62,79,26,10,16,35,17,18,29,15,14,108,70,38,,,,33,18,15,,,
"Aug 21, 2024 11:00 AM",229,129,100,51,36,15,26,13,13,36,22,14,94,50,44,,,,40,19,21,,,
"Aug 21, 2024 12:00 PM",282,148,134,44,22,22,33,18,15,19,5,14,209,133,76,,,,46,27,19,,,
"Aug 21, 2024 1:00 PM",306,164,142,72,37,35,44,26,18,31,18,13,307,161,146,,,,45,20,25,,,
"Aug 21, 2024 2:00 PM",212,98,114,35,13,22,32,14,18,33,16,17,67,41,26,,,,47,18,29,,,
"Aug 21, 2024 3:00 PM",238,119,119,48,16,32,28,16,12,33,19,14,235,131,104,,,,46,25,21,,,
"Aug 21, 2024 4:00 PM",195,94,101,25,9,16,30,14,16,37,19,18,241,121,120,,,,68,39,29,,,
"Aug 21, 2024 5:00 PM",190,90,100,40,23,17,53,30,23,30,16,14,224,117,107,,,,75,43,32,,,
"Aug 21, 2024 6:00 PM",185,114,71,57,28,29,53,30,23,35,17,18,207,101,106,,,,63,36,27,,,
"Aug 21, 2024 7:00 PM",209,91,118,42,16,26,45,18,27,29,16,13,332,175,157,,,,62,34,28,,,
"Aug 21, 2024 8:00 PM",231,119,112,35,15,20,49,20,29,20,13,7,120,69,51,,,,70,27,43,,,
"Aug 21, 2024 9:00 PM",110,49,61,20,8,12,22,15,7,8,4,4,60,47,13,,,,29,10,19,,,
"Aug 21, 2024 10:00 PM",37,18,19,10,8,2,5,1,4,1,0,1,48,21,27,,,,8,3,5,,,
"Aug 21, 2024 11:00 PM",8,4,4,5,2,3,2,0,2,3,0,3,46,24,22,,,,7,5,2,,,
"Aug 22, 2024 12:00 AM",0,0,0,2,2,0,3,3,0,0,0,0,45,19,26,,,,6,5,1,,,
"Aug 22, 2024 1:00 AM",2,2,0,0,0,0,0,0,0,0,0,0,7,4,3,,,,7,6,1,,,
"Aug 22, 2024 2:00 AM",0,0,0,0,0,0,2,1,1,0,0,0,9,8,1,,,,5,3,2,,,
"Aug 22, 2024 3:00 AM",0,0,0,0,0,0,0,0,0,0,0,0,3,3,0,,,,2,1,1,,,
"Aug 22, 2024 4:00 AM",1,0,1,0,0,0,0,0,0,0,0,0,11,7,4,,,,1,1,0,,,
"Aug 22, 2024 5:00 AM",9,5,4,3,1,2,2,1,1,1,0,1,42,27,15,,,,6,2,4,,,
"Aug 22, 2024 6:00 AM",38,18,20,5,3,2,3,2,1,9,7,2,88,57,31,,,,23,14,9,,,
"Aug 22, 2024 7:00 AM",87,45,42,31,11,20,23,14,9,19,11,8,169,122,47,,,,22,8,14,,,
"Aug 22, 2024 8:00 AM",94,49,45,32,13,19,30,12,18,20,4,16,161,94,67,,,,34,16,18,,,
"Aug 22, 2024 9:00 AM",112,61,51,26,17,9,16,8,8,16,9,7,149,85,64,,,,31,10,21,,,
"Aug 22, 2024 10:00 AM",155,84,71,38,13,25,24,13,11,23,12,11,135,86,49,,,,30,13,17,,,
"Aug 22, 2024 11:00 AM",232,125,107,30,19,11,24,12,12,31,17,14,121,80,41,,,,40,19,21,,,
"Aug 22, 2024 12:00 PM",242,141,101,49,21,28,37,15,22,33,17,16,197,144,53,,,,50,22,28,,,
"Aug 22, 2024 1:00 PM",287,118,169,41,27,14,37,19,18,28,12,16,115,78,37,,,,59,29,30,,,
"Aug 22, 2024 2:00 PM",220,117,103,36,23,13,29,19,10,26,17,9,177,107,70,,,,42,11,31,,,
"Aug 22, 2024 3:00 PM",251,119,132,33,14,19,40,20,20,28,9,19,172,97,75,,,,41,23,18,,,
"Aug 22, 2024 4:00 PM",209,95,114,22,17,5,51,30,21,30,16,14,218,101,117,,,,48,19,29,,,
"Aug 22, 2024 5:00 PM",142,59,83,26,16,10,44,26,18,32,13,19,233,128,105,,,,57,32,25,,,
"Aug 22, 2024 6:00 PM",117,79,38,31,17,14,29,17,12,20,9,11,175,106,69,,,,57,25,32,,,
"Aug 22, 2024 7:00 PM",94,37,57,37,23,14,29,17,12,14,7,7,163,103,60,,,,42,15,27,,,
"Aug 22, 2024 8:00 PM",67,29,38,11,4,7,18,11,7,10,3,7,295,249,46,,,,21,5,16,,,
"Aug 22, 2024 9:00 PM",16,10,6,11,5,6,10,4,6,2,0,2,93,86,7,,,,15,3,12,,,
"Aug 22, 2024 10:00 PM",9,7,2,2,1,1,3,1,2,3,2,1,163,154,9,,,,14,8,6,,,
"Aug 22, 2024 11:00 PM",7,6,1,3,1,2,3,1,2,2,1,1,148,133,15,,,,8,6,2,,,
"Aug 23, 2024 12:00 AM",1,1,0,0,0,0,2,1,1,1,0,1,9,7,2,,,,2,2,0,,,
"Aug 23, 2024 1:00 AM",5,4,1,0,0,0,3,2,1,1,0,1,2,2,0,,,,3,3,0,,,
"Aug 23, 2024 2:00 AM",0,0,0,0,0,0,2,1,1,2,1,1,1,1,0,,,,1,0,1,,,
"Aug 23, 2024 3:00 AM",1,0,1,0,0,0,0,0,0,0,0,0,5,5,0,,,,0,0,0,,,
"Aug 23, 2024 4:00 AM",0,0,0,0,0,0,0,0,0,0,0,0,0,0,0,,,,1,1,0,,,
"Aug 23, 2024 5:00 AM",2,1,1,0,0,0,1,0,1,1,1,0,2,2,0,,,,3,0,3,,,
"Aug 23, 2024 6:00 AM",32,15,17,12,6,6,6,3,3,5,4,1,48,37,11,,,,22,10,12,,,
"Aug 23, 2024 7:00 AM",92,49,43,30,22,8,23,12,11,15,8,7,95,53,42,,,,26,7,19,,,
"Aug 23, 2024 8:00 AM",140,79,61,43,25,18,42,22,20,33,17,16,136,93,43,,,,42,22,20,,,
"Aug 23, 2024 9:00 AM",147,65,82,32,17,15,35,16,19,28,17,11,164,97,67,,,,38,18,20,,,
"Aug 23, 2024 10:00 AM",193,107,86,46,19,27,21,13,8,35,24,11,140,98,42,,,,66,41,25,,,
"Aug 23, 2024 11:00 AM",275,121,154,39,17,22,20,11,9,45,26,19,148,87,61,,,,66,38,28,,,
"Aug 23, 2024 12:00 PM",330,167,163,49,28,21,59,29,30,41,25,16,214,141,73,,,,60,24,36,,,
"Aug 23, 2024 1:00 PM",327,152,175,57,32,25,52,22,30,52,29,23,218,141,77,,,,60,35,25,,,
"Aug 23, 2024 2:00 PM",342,205,137,52,22,30,42,25,17,21,11,10,150,89,61,,,,56,28,28,,,
"Aug 23, 2024 3:00 PM",261,143,118,40,24,16,39,15,24,22,11,11,169,106,63,,,,51,22,29,,,
"Aug 23, 2024 4:00 PM",248,107,141,46,35,11,46,25,21,37,13,24,120,75,45,,,,60,25,35,,,
"Aug 23, 2024 5:00 PM",301,156,145,60,23,37,69,37,32,25,12,13,199,108,91,,,,94,45,49,,,
"Aug 23, 2024 6:00 PM",276,140,136,46,23,23,50,27,23,41,14,27,144,92,52,,,,66,24,42,,,
"Aug 23, 2024 7:00 PM",181,101,80,31,19,12,46,21,25,28,17,11,147,95,52,,,,40,19,21,,,
"Aug 23, 2024 8:00 PM",125,68,57,20,10,10,23,14,9,12,8,4,90,60,30,,,,24,14,10,,,
"Aug 23, 2024 9:00 PM",94,43,51,15,8,7,16,14,2,4,0,4,29,19,10,,,,23,15,8,,,
"Aug 23, 2024 10:00 PM",31,14,17,8,4,4,14,2,12,4,1,3,7,5,2,,,,14,7,7,,,
"Aug 23, 2024 11:00 PM",18,8,10,0,0,0,3,1,2,1,1,0,39,30,9,,,,6,2,4,,,
"Aug 24, 2024 12:00 AM",0,0,0,0,0,0,6,2,4,2,0,2,13,8,5,,,,7,5,2,,,
"Aug 24, 2024 1:00 AM",3,2,1,0,0,0,0,0,0,1,0,1,16,11,5,,,,8,6,2,,,
"Aug 24, 2024 2:00 AM",0,0,0,0,0,0,0,0,0,0,0,0,2,0,2,,,,4,1,3,,,
"Aug 24, 2024 3:00 AM",0,0,0,0,0,0,0,0,0,0,0,0,0,0,0,,,,2,0,2,,,
"Aug 24, 2024 4:00 AM",0,0,0,2,2,0,0,0,0,0,0,0,17,7,10,,,,3,1,2,,,
"Aug 24, 2024 5:00 AM",5,2,3,0,0,0,0,0,0,0,0,0,1,1,0,,,,1,0,1,,,
"Aug 24, 2024 6:00 AM",23,8,15,8,7,1,10,8,2,2,1,1,52,31,21,,,,11,4,7,,,
"Aug 24, 2024 7:00 AM",104,52,52,22,13,9,15,10,5,10,3,7,60,34,26,,,,12,6,6,,,
"Aug 24, 2024 8:00 AM",187,104,83,66,33,33,48,30,18,17,7,10,101,62,39,,,,41,17,24,,,
"Aug 24, 2024 9:00 AM",311,172,139,102,58,44,65,46,19,49,33,16,155,96,59,,,,56,22,34,,,
"Aug 24, 2024 10:00 AM",392,216,176,100,53,47,78,47,31,39,19,20,183,109,74,,,,56,35,21,,,
"Aug 24, 2024 11:00 AM",426,227,199,111,74,37,111,58,53,51,27,24,193,121,72,,,,69,39,30,,,
"Aug 24, 2024 12:00 PM",506,279,227,121,66,55,76,41,35,56,16,40,184,86,98,,,,63,34,29,,,
"Aug 24, 2024 1:00 PM",483,252,231,93,43,50,91,62,29,42,16,26,196,129,67,,,,65,36,29,,,
"Aug 24, 2024 2:00 PM",523,253,270,98,49,49,55,33,22,55,35,20,248,157,91,,,,63,34,29,,,
"Aug 24, 2024 3:00 PM",598,286,312,80,52,28,63,34,29,45,22,23,206,118,88,,,,54,27,27,,,
"Aug 24, 2024 4:00 PM",632,295,337,77,43,34,66,36,30,57,27,30,154,74,80,,,,80,41,39,,,
"Aug 24, 2024 5:00 PM",343,147,196,53,27,26,40,21,19,35,16,19,92,39,53,,,,52,17,35,,,
"Aug 24, 2024 6:00 PM",255,138,117,39,22,17,41,19,22,25,15,10,68,43,25,,,,51,16,35,,,
"Aug 24, 2024 7:00 PM",160,76,84,31,14,17,26,14,12,13,5,8,84,48,36,,,,44,18,26,,,
"Aug 24, 2024 8:00 PM",156,69,87,28,14,14,12,3,9,17,7,10,69,32,37,,,,38,12,26,,,
"Aug 24, 2024 9:00 PM",81,45,36,16,5,11,18,15,3,11,5,6,14,12,2,,,,32,14,18,,,
"Aug 24, 2024 10:00 PM",30,13,17,6,4,2,16,7,9,9,8,1,18,11,7,,,,11,5,6,,,
"Aug 24, 2024 11:00 PM",7,6,1,4,1,3,7,3,4,7,5,2,152,85,67,,,,8,3,5,,,
"Aug 25, 2024 12:00 AM",2,2,0,4,3,1,11,11,0,2,1,1,6,2,4,,,,5,3,2,,,
"Aug 25, 2024 1:00 AM",7,3,4,1,1,0,1,1,0,1,0,1,10,6,4,,,,10,5,5,,,
"Aug 25, 2024 2:00 AM",1,1,0,2,1,1,0,0,0,0,0,0,4,3,1,,,,6,1,5,,,
"Aug 25, 2024 3:00 AM",1,1,0,0,0,0,0,0,0,2,0,2,1,1,0,,,,2,1,1,,,
"Aug 25, 2024 4:00 AM",0,0,0,1,0,1,0,0,0,2,2,0,16,5,11,,,,0,0,0,,,
"Aug 25, 2024 5:00 AM",1,0,1,0,0,0,0,0,0,0,0,0,0,0,0,,,,3,0,3,,,
"Aug 25, 2024 6:00 AM",13,5,8,7,6,1,5,1,4,3,2,1,71,57,14,,,,5,2,3,,,
"Aug 25, 2024 7:00 AM",46,18,28,6,2,4,11,7,4,5,2,3,67,57,10,,,,13,3,10,,,
"Aug 25, 2024 8:00 AM",116,71,45,45,27,18,36,25,11,22,10,12,105,58,47,,,,15,6,9,,,
"Aug 25, 2024 9:00 AM",196,107,89,93,65,28,50,24,26,20,11,9,210,127,83,,,,22,16,6,,,
"Aug 25, 2024 10:00 AM",267,144,123,76,38,38,73,34,39,32,19,13,267,174,93,,,,28,10,18,,,
"Aug 25, 2024 11:00 AM",409,242,167,98,57,41,86,48,38,42,26,16,166,88,78,,,,29,14,15,,,
"Aug 25, 2024 12:00 PM",547,304,243,91,48,43,70,41,29,60,24,36,220,117,103,,,,40,18,22,,,
"Aug 25, 2024 1:00 PM",550,283,267,59,36,23,63,39,24,69,34,35,232,140,92,,,,33,20,13,,,
"Aug 25, 2024 2:00 PM",583,304,279,51,33,18,50,23,27,70,28,42,203,120,83,,,,33,14,19,,,
"Aug 25, 2024 3:00 PM",670,348,322,76,39,37,65,38,27,41,15,26,167,96,71,,,,27,12,15,,,
"Aug 25, 2024 4:00 PM",601,241,360,44,21,23,53,33,20,47,25,22,173,87,86,,,,37,17,20,,,
"Aug 25, 2024 5:00 PM",500,214,286,55,34,21,38,21,17,41,22,19,222,136,86,,,,38,15,23,,,
"Aug 25, 2024 6:00 PM",362,152,210,39,21,18,53,26,27,45,28,17,202,100,102,,,,26,12,14,,,
"Aug 25, 2024 7:00 PM",316,150,166,38,25,13,58,20,38,32,11,21,150,84,66,,,,24,16,8,,,
"Aug 25, 2024 8:00 PM",241,107,134,39,16,23,26,14,12,38,16,22,200,114,86,,,,40,6,34,,,
"Aug 25, 2024 9:00 PM",101,42,59,15,3,12,21,10,11,15,10,5,67,26,41,,,,13,5,8,,,
"Aug 25, 2024 10:00 PM",29,15,14,9,3,6,7,5,2,4,3,1,15,9,6,,,,16,7,9,,,
"Aug 25, 2024 11:00 PM",19,13,6,4,3,1,2,1,1,4,3,1,88,45,43,,,,10,4,6,,,
"Aug 26, 2024 12:00 AM",0,0,0,1,1,0,6,1,5,6,4,2,17,5,12,,,,5,4,1,,,
"Aug 26, 2024 1:00 AM",2,0,2,2,0,2,5,2,3,1,1,0,5,2,3,,,,0,0,0,,,
"Aug 26, 2024 2:00 AM",0,0,0,0,0,0,0,0,0,0,0,0,0,0,0,,,,0,0,0,,,
"Aug 26, 2024 3:00 AM",0,0,0,0,0,0,0,0,0,1,1,0,55,26,29,,,,3,0,3,,,
"Aug 26, 2024 4:00 AM",0,0,0,0,0,0,0,0,0,0,0,0,17,5,12,,,,1,1,0,,,
"Aug 26, 2024 5:00 AM",19,5,14,4,3,1,4,3,1,1,1,0,2,1,1,,,,4,3,1,,,
"Aug 26, 2024 6:00 AM",45,26,19,10,2,8,12,7,5,11,7,4,66,50,16,,,,19,11,8,,,
"Aug 26, 2024 7:00 AM",101,49,52,25,11,14,19,10,9,19,11,8,304,214,90,,,,28,14,14,,,
"Aug 26, 2024 8:00 AM",122,62,60,48,21,27,27,11,16,31,15,16,207,118,89,,,,51,23,28,,,
"Aug 26, 2024 9:00 AM",155,64,91,31,16,15,35,20,15,19,8,11,189,128,61,,,,58,33,25,,,
"Aug 26, 2024 10:00 AM",214,118,96,37,17,20,33,24,9,31,22,9,291,208,83,,,,41,18,23,,,
"Aug 26, 2024 11:00 AM",256,138,118,45,29,16,33,22,11,44,21,23,267,190,77,,,,48,18,30,,,
"Aug 26, 2024 12:00 PM",259,138,121,52,30,22,46,33,13,39,21,18,256,183,73,,,,67,35,32,,,
"Aug 26, 2024 1:00 PM",276,117,159,50,32,18,40,17,23,44,27,17,148,87,61,,,,53,30,23,,,
"Aug 26, 2024 2:00 PM",273,124,149,33,17,16,33,18,15,22,10,12,147,84,63,,,,55,28,27,,,
"Aug 26, 2024 3:00 PM",344,180,164,46,25,21,51,17,34,26,15,11,203,131,72,,,,37,17,20,,,
"Aug 26, 2024 4:00 PM",253,126,127,41,23,18,46,32,14,44,18,26,252,157,95,,,,55,27,28,,,
"Aug 26, 2024 5:00 PM",281,138,143,52,32,20,64,30,34,42,23,19,272,158,114,,,,72,33,39,,,
"Aug 26, 2024 6:00 PM",229,114,115,61,31,30,52,27,25,16,4,12,186,120,66,,,,67,34,33,,,
"Aug 26, 2024 7:00 PM",238,122,116,48,24,24,41,15,26,28,18,10,142,87,55,,,,56,32,24,,,
"Aug 26, 2024 8:00 PM",226,106,120,44,21,23,32,11,21,15,8,7,97,52,45,,,,40,16,24,,,
"Aug 26, 2024 9:00 PM",87,36,51,24,12,12,15,10,5,5,2,3,42,20,22,,,,23,8,15,,,
"Aug 26, 2024 10:00 PM",20,10,10,6,2,4,6,4,2,2,2,0,12,9,3,,,,17,11,6,,,
"Aug 26, 2024 11:00 PM",25,22,3,9,5,4,3,1,2,2,0,2,10,5,5,,,,10,5,5,,,
"Aug 27, 2024 12:00 AM",0,0,0,0,0,0,2,2,0,4,3,1,35,13,22,,,,4,3,1,,,
"Aug 27, 2024 1:00 AM",0,0,0,1,1,0,1,1,0,0,0,0,16,11,5,,,,0,0,0,,,
"Aug 27, 2024 2:00 AM",0,0,0,0,0,0,0,0,0,3,1,2,3,3,0,,,,0,0,0,,,
"Aug 27, 2024 3:00 AM",0,0,0,0,0,0,0,0,0,1,0,1,35,29,6,,,,0,0,0,,,
"Aug 27, 2024 4:00 AM",0,0,0,0,0,0,1,1,0,0,0,0,9,2,7,,,,1,1,0,,,
"Aug 27, 2024 5:00 AM",4,2,2,1,1,0,1,0,1,1,1,0,3,2,1,,,,2,1,1,,,
"Aug 27, 2024 6:00 AM",24,14,10,10,8,2,15,9,6,6,4,2,72,35,37,,,,18,8,10,,,
"Aug 27, 2024 7:00 AM",86,49,37,15,6,9,16,11,5,17,6,11,453,244,209,,,,31,11,20,,,
"Aug 27, 2024 8:00 AM",51,22,29,18,6,12,12,3,9,20,6,14,213,109,104,,,,33,18,15,,,
"Aug 27, 2024 9:00 AM",69,28,41,24,13,11,13,6,7,21,9,12,128,86,42,,,,27,21,6,,,
"Aug 27, 2024 10:00 AM",117,65,52,26,16,10,32,19,13,26,15,11,88,57,31,,,,34,14,20,,,
"Aug 27, 2024 11:00 AM",208,114,94,29,15,14,23,16,7,25,13,12,202,130,72,,,,52,16,36,,,
"Aug 27, 2024 12:00 PM",244,121,123,60,22,38,45,15,30,40,23,17,182,101,81,,,,65,36,29,,,
"Aug 27, 2024 1:00 PM",306,141,165,51,29,22,58,32,26,31,7,24,145,92,53,,,,54,26,28,,,
"Aug 27, 2024 2:00 PM",256,132,124,52,24,28,44,23,21,35,16,19,196,94,102,,,,51,26,25,,,
"Aug 27, 2024 3:00 PM",321,183,138,46,26,20,36,22,14,27,15,12,167,92,75,,,,56,31,25,,,
"Aug 27, 2024 4:00 PM",266,130,136,53,27,26,31,14,17,25,12,13,125,66,59,,,,76,43,33,,,
"Aug 27, 2024 5:00 PM",278,138,140,49,28,21,44,28,16,52,26,26,273,112,161,,,,92,42,50,,,
"Aug 27, 2024 6:00 PM",344,180,164,76,48,28,80,34,46,42,27,15,278,133,145,,,,99,54,45,,,
"Aug 27, 2024 7:00 PM",436,204,232,103,66,37,63,36,27,28,13,15,180,94,86,,,,88,52,36,,,
"Aug 27, 2024 8:00 PM",385,196,189,94,44,50,40,21,19,25,12,13,179,70,109,,,,67,31,36,,,
"Aug 27, 2024 9:00 PM",158,72,86,28,15,13,18,11,7,11,8,3,32,9,23,,,,20,6,14,,,
"Aug 27, 2024 10:00 PM",62,34,28,6,4,2,8,3,5,2,0,2,14,7,7,,,,26,14,12,,,
"Aug 27, 2024 11:00 PM",13,9,4,2,2,0,0,0,0,2,0,2,38,8,30,,,,10,6,4,,,
"Aug 28, 2024 12:00 AM",1,0,1,0,0,0,0,0,0,2,1,1,36,6,30,,,,4,4,0,,,
"Aug 28, 2024 1:00 AM",1,0,1,0,0,0,0,0,0,0,0,0,14,9,5,,,,6,5,1,,,
"Aug 28, 2024 2:00 AM",0,0,0,1,1,0,0,0,0,0,0,0,2,2,0,,,,7,5,2,,,
"Aug 28, 2024 3:00 AM",1,0,1,0,0,0,0,0,0,1,1,0,5,5,0,,,,0,0,0,,,
"Aug 28, 2024 4:00 AM",0,0,0,0,0,0,0,0,0,1,1,0,1,1,0,,,,5,3,2,,,
"Aug 28, 2024 5:00 AM",25,17,8,8,4,4,3,2,1,1,1,0,10,4,6,,,,6,4,2,,,
"Aug 28, 2024 6:00 AM",60,34,26,19,10,9,15,8,7,13,9,4,107,73,34,,,,23,14,9,,,
"Aug 28, 2024 7:00 AM",142,73,69,27,15,12,18,12,6,29,10,19,154,63,91,,,,38,22,16,,,
"Aug 28, 2024 8:00 AM",124,61,63,46,20,26,41,21,20,58,21,37,250,141,109,,,,122,84,38,,,
"Aug 28, 2024 9:00 AM",145,65,80,48,19,29,24,12,12,31,21,10,172,91,81,,,,66,29,37,,,
"Aug 28, 2024 10:00 AM",186,96,90,48,24,24,25,12,13,29,16,13,168,106,62,,,,38,19,19,,,
"Aug 28, 2024 11:00 AM",295,165,130,45,17,28,24,16,8,18,10,8,119,75,44,,,,50,34,16,,,
"Aug 28, 2024 12:00 PM",326,172,154,38,21,17,42,20,22,29,11,18,295,170,125,,,,55,29,26,,,
"Aug 28, 2024 1:00 PM",352,170,182,44,21,23,60,40,20,30,19,11,188,105,83,,,,49,24,25,,,
"Aug 28, 2024 2:00 PM",254,99,155,18,11,7,28,16,12,46,25,21,111,65,46,,,,54,26,28,,,
"Aug 28, 2024 3:00 PM",254,123,131,43,23,20,34,24,10,37,16,21,148,76,72,,,,88,35,53,,,
"Aug 28, 2024 4:00 PM",238,123,115,68,46,22,52,30,22,22,11,11,625,249,376,,,,79,32,47,,,
"Aug 28, 2024 5:00 PM",269,135,134,47,23,24,91,49,42,36,15,21,326,129,197,,,,97,43,54,,,
"Aug 28, 2024 6:00 PM",293,154,139,86,37,49,59,28,31,46,27,19,580,245,335,,,,79,41,38,,,
"Aug 28, 2024 7:00 PM",327,155,172,78,52,26,68,51,17,26,17,9,350,139,211,,,,59,23,36,,,
"Aug 28, 2024 8:00 PM",349,175,174,84,29,55,51,25,26,21,11,10,182,84,98,,,,51,13,38,,,
"Aug 28, 2024 9:00 PM",143,67,76,33,16,17,27,12,15,14,8,6,112,52,60,,,,44,19,25,,,
"Aug 28, 2024 10:00 PM",38,22,16,12,5,7,11,4,7,4,3,1,123,46,77,,,,14,5,9,,,
"Aug 28, 2024 11:00 PM",26,15,11,2,0,2,3,0,3,0,0,0,39,20,19,,,,7,4,3,,,
"Aug 29, 2024 12:00 AM",1,1,0,0,0,0,0,0,0,0,0,0,34,11,23,,,,2,2,0,,,
"Aug 29, 2024 1:00 AM",2,1,1,0,0,0,0,0,0,0,0,0,68,49,19,,,,5,3,2,,,
"Aug 29, 2024 2:00 AM",0,0,0,0,0,0,0,0,0,2,1,1,11,8,3,,,,1,0,1,,,
"Aug 29, 2024 3:00 AM",0,0,0,0,0,0,0,0,0,0,0,0,0,0,0,,,,0,0,0,,,
"Aug 29, 2024 4:00 AM",1,1,0,0,0,0,1,0,1,2,2,0,6,1,5,,,,2,2,0,,,
"Aug 29, 2024 5:00 AM",11,1,10,0,0,0,1,0,1,1,0,1,22,4,18,,,,5,0,5,,,
"Aug 29, 2024 6:00 AM",38,19,19,14,10,4,20,11,9,14,8,6,265,200,65,,,,22,13,9,,,
"Aug 29, 2024 7:00 AM",124,71,53,33,16,17,25,12,13,19,8,11,229,147,82,,,,37,15,22,,,
"Aug 29, 2024 8:00 AM",133,70,63,46,23,23,37,20,17,41,21,20,275,139,136,,,,143,98,45,,,
"Aug 29, 2024 9:00 AM",169,85,84,125,69,56,26,16,10,41,25,16,123,65,58,,,,57,39,18,,,
"Aug 29, 2024 10:00 AM",250,137,113,60,31,29,35,19,16,33,21,12,84,51,33,,,,41,19,22,,,
"Aug 29, 2024 11:00 AM",343,192,151,38,15,23,37,21,16,40,21,19,144,95,49,,,,49,23,26,,,
"Aug 29, 2024 12:00 PM",267,141,126,46,29,17,42,17,25,41,19,22,158,100,58,,,,45,25,20,,,
"Aug 29, 2024 1:00 PM",325,159,166,59,28,31,27,12,15,35,16,19,223,119,104,,,,42,10,32,,,
"Aug 29, 2024 2:00 PM",233,94,139,36,24,12,29,19,10,33,18,15,235,120,115,,,,46,16,30,,,
"Aug 29, 2024 3:00 PM",226,120,106,50,25,25,25,15,10,34,12,22,222,109,113,,,,97,29,68,,,
"Aug 29, 2024 4:00 PM",225,113,112,50,31,19,44,17,27,33,27,6,310,135,175,,,,64,29,35,,,
"Aug 29, 2024 5:00 PM",241,116,125,64,33,31,45,27,18,47,24,23,468,147,321,,,,100,39,61,,,
"Aug 29, 2024 6:00 PM",290,158,132,66,39,27,66,43,23,28,14,14,276,164,112,,,,76,32,44,,,
"Aug 29, 2024 7:00 PM",354,176,178,74,53,21,65,38,27,20,5,15,254,121,133,,,,48,14,34,,,
"Aug 29, 2024 8:00 PM",258,129,129,45,21,24,36,22,14,21,12,9,107,55,52,,,,54,18,36,,,
"Aug 29, 2024 9:00 PM",126,53,73,24,8,16,21,7,14,5,3,2,47,28,19,,,,26,11,15,,,
"Aug 29, 2024 10:00 PM",53,27,26,12,8,4,13,5,8,3,0,3,53,36,17,,,,19,6,13,,,
"Aug 29, 2024 11:00 PM",16,9,7,8,3,5,7,2,5,4,2,2,16,6,10,,,,5,2,3,,,
"Aug 30, 2024 12:00 AM",1,0,1,0,0,0,7,3,4,5,4,1,23,10,13,,,,4,2,2,,,
"Aug 30, 2024 1:00 AM",3,2,1,0,0,0,3,1,2,0,0,0,81,48,33,,,,3,2,1,,,
"Aug 30, 2024 2:00 AM",3,3,0,0,0,0,2,0,2,0,0,0,5,4,1,,,,0,0,0,,,
"Aug 30, 2024 3:00 AM",0,0,0,3,0,3,0,0,0,0,0,0,11,6,5,,,,0,0,0,,,
"Aug 30, 2024 4:00 AM",0,0,0,3,0,3,0,0,0,0,0,0,1,1,0,,,,2,0,2,,,
"Aug 30, 2024 5:00 AM",10,3,7,2,2,0,3,2,1,0,0,0,10,5,5,,,,3,1,2,,,
"Aug 30, 2024 6:00 AM",52,24,28,16,10,6,15,8,7,5,5,0,101,64,37,,,,18,9,9,,,
"Aug 30, 2024 7:00 AM",133,76,57,28,13,15,24,12,12,20,8,12,128,67,61,,,,43,16,27,,,
"Aug 30, 2024 8:00 AM",181,87,94,54,20,34,43,23,20,56,31,25,340,151,189,,,,137,101,36,,,
"Aug 30, 2024 9:00 AM",190,92,98,61,34,27,25,14,11,43,20,23,186,106,80,,,,58,32,26,,,
"Aug 30, 2024 10:00 AM",276,162,114,60,39,21,31,16,15,23,14,9,189,79,110,,,,49,24,25,,,
"Aug 30, 2024 11:00 AM",376,203,173,81,48,33,39,20,19,34,14,20,148,64,84,,,,98,83,15,,,
"Aug 30, 2024 12:00 PM",417,220,197,67,27,40,40,19,21,38,16,22,175,104,71,,,,101,74,27,,,
"Aug 30, 2024 1:00 PM",418,216,202,49,25,24,72,38,34,28,15,13,291,146,145,,,,115,56,59,,,
"Aug 30, 2024 2:00 PM",433,167,266,45,24,21,35,12,23,26,18,8,282,163,119,,,,102,50,52,,,
"Aug 30, 2024 3:00 PM",481,268,213,58,33,25,50,28,22,31,13,18,226,108,118,,,,65,22,43,,,
"Aug 30, 2024 4:00 PM",443,180,263,58,21,37,56,28,28,39,18,21,318,158,160,,,,88,37,51,,,
"Aug 30, 2024 5:00 PM",456,196,260,75,38,37,62,24,38,44,16,28,218,100,118,,,,102,32,70,,,
"Aug 30, 2024 6:00 PM",406,232,174,73,47,26,69,31,38,32,21,11,396,215,181,,,,92,38,54,,,
"Aug 30, 2024 7:00 PM",392,187,205,61,38,23,59,24,35,25,13,12,171,103,68,,,,66,33,33,,,
"Aug 30, 2024 8:00 PM",314,147,167,46,23,23,47,19,28,13,9,4,102,49,53,,,,61,16,45,,,
"Aug 30, 2024 9:00 PM",140,61,79,29,10,19,23,12,11,7,3,4,32,19,13,,,,43,18,25,,,
"Aug 30, 2024 10:00 PM",56,25,31,4,2,2,18,10,8,2,1,1,26,12,14,,,,13,8,5,,,
"Aug 30, 2024 11:00 PM",24,18,6,8,3,5,9,3,6,4,3,1,23,7,16,,,,4,1,3,,,
"Aug 31, 2024 12:00 AM",0,0,0,0,0,0,7,4,3,6,5,1,22,14,8,,,,7,5,2,,,
"Aug 31, 2024 1:00 AM",0,0,0,3,2,1,2,1,1,0,0,0,4,2,2,,,,13,10,3,,,
"Aug 31, 2024 2:00 AM",1,1,0,1,0,1,0,0,0,2,1,1,5,3,2,,,,2,0,2,,,
"Aug 31, 2024 3:00 AM",3,2,1,0,0,0,0,0,0,0,0,0,12,3,9,,,,2,1,1,,,
"Aug 31, 2024 4:00 AM",1,1,0,2,1,1,0,0,0,0,0,0,4,0,4,,,,3,2,1,,,
"Aug 31, 2024 5:00 AM",10,2,8,1,1,0,0,0,0,2,1,1,9,5,4,,,,6,3,3,,,
"Aug 31, 2024 6:00 AM",37,19,18,5,3,2,5,3,2,4,3,1,78,55,23,,,,9,4,5,,,
"Aug 31, 2024 7:00 AM",98,38,60,37,23,14,29,17,12,12,7,5,146,71,75,,,,8,3,5,,,
"Aug 31, 2024 8:00 AM",178,96,82,52,32,20,46,31,15,18,8,10,186,97,89,,,,38,9,29,,,
"Aug 31, 2024 9:00 AM",259,141,118,87,42,45,56,24,32,30,18,12,244,145,99,,,,41,23,18,,,
"Aug 31, 2024 10:00 AM",423,228,195,122,65,57,70,40,30,41,29,12,330,131,199,,,,58,29,29,,,
"Aug 31, 2024 11:00 AM",489,265,224,140,67,73,74,30,44,54,24,30,376,216,160,,,,82,51,31,,,
"Aug 31, 2024 12:00 PM",623,347,276,176,107,69,71,44,27,57,20,37,299,165,134,,,,51,32,19,,,
"Aug 31, 2024 1:00 PM",632,309,323,125,62,63,98,51,47,50,20,30,237,126,111,,,,43,25,18,,,
"Aug 31, 2024 2:00 PM",740,397,343,110,65,45,76,40,36,42,21,21,215,128,87,,,,66,31,35,,,
"Aug 31, 2024 3:00 PM",859,432,427,82,41,41,100,50,50,44,22,22,252,133,119,,,,86,32,54,,,
"Aug 31, 2024 4:00 PM",903,460,443,130,52,78,77,33,44,46,25,21,389,214,175,,,,65,30,35,,,
"Aug 31, 2024 5:00 PM",842,391,451,115,61,54,78,30,48,33,15,18,383,184,199,,,,77,36,41,,,
"Aug 31, 2024 6:00 PM",603,309,294,94,47,47,73,32,41,27,18,9,236,127,109,,,,87,35,52,,,
"Aug 31, 2024 7:00 PM",419,173,246,56,27,29,64,37,27,15,9,6,138,58,80,,,,71,26,45,,,
"Aug 31, 2024 8:00 PM",337,158,179,47,27,20,45,14,31,23,17,6,127,64,63,,,,56,18,38,,,
"Aug 31, 2024 9:00 PM",154,88,66,32,13,19,22,12,10,5,3,2,80,17,63,,,,52,9,43,,,
"Aug 31, 2024 10:00 PM",59,26,33,18,7,11,11,8,3,10,3,7,17,4,13,,,,32,11,21,,,
"Aug 31, 2024 11:00 PM",22,10,12,10,4,6,2,0,2,2,0,2,55,7,48,,,,15,8,7,,,
"Sep 1, 2024 12:00 AM",0,0,0,5,1,4,3,2,1,0,0,0,7,5,2,,,,10,4,6,,,
"Sep 1, 2024 1:00 AM",4,4,0,1,0,1,0,0,0,0,0,0,1,0,1,,,,7,6,1,,,
"Sep 1, 2024 2:00 AM",2,0,2,0,0,0,4,4,0,0,0,0,10,1,9,,,,6,2,4,,,
"Sep 1, 2024 3:00 AM",0,0,0,0,0,0,0,0,0,1,0,1,5,2,3,,,,7,4,3,,,
"Sep 1, 2024 4:00 AM",0,0,0,0,0,0,0,0,0,1,1,0,0,0,0,,,,5,5,0,,,
"Sep 1, 2024 5:00 AM",2,0,2,0,0,0,0,0,0,0,0,0,0,0,0,,,,3,1,2,,,
"Sep 1, 2024 6:00 AM",24,13,11,3,2,1,8,5,3,0,0,0,60,50,10,,,,7,2,5,,,
"Sep 1, 2024 7:00 AM",91,43,48,15,10,5,12,6,6,1,1,0,54,35,19,,,,6,4,2,,,
"Sep 1, 2024 8:00 AM",138,59,79,44,21,23,42,29,13,12,5,7,87,47,40,,,,23,7,16,,,
"Sep 1, 2024 9:00 AM",261,128,133,101,56,45,63,36,27,19,12,7,167,97,70,,,,36,17,19,,,
"Sep 1, 2024 10:00 AM",423,247,176,107,62,45,101,48,53,35,21,14,258,165,93,,,,40,22,18,,,
"Sep 1, 2024 11:00 AM",592,318,274,155,80,75,99,58,41,39,19,20,243,146,97,,,,56,32,24,,,
"Sep 1, 2024 12:00 PM",713,358,355,157,84,73,89,47,42,55,25,30,253,139,114,,,,56,29,27,,,
"Sep 1, 2024 1:00 PM",703,331,372,111,56,55,66,31,35,59,31,28,233,109,124,,,,47,24,23,,,
"Sep 1, 2024 2:00 PM",690,380,310,82,49,33,94,53,41,34,13,21,226,103,123,,,,42,23,19,,,
"Sep 1, 2024 3:00 PM",669,307,362,99,51,48,58,28,30,43,22,21,420,164,256,,,,63,26,37,,,
"Sep 1, 2024 4:00 PM",544,223,321,101,40,61,62,29,33,60,39,21,247,95,152,,,,44,18,26,,,
"Sep 1, 2024 5:00 PM",428,200,228,64,22,42,48,29,19,37,12,25,203,76,127,,,,43,25,18,,,
"Sep 1, 2024 6:00 PM",275,127,148,44,24,20,29,15,14,25,16,9,129,63,66,,,,50,26,24,,,
"Sep 1, 2024 7:00 PM",217,106,111,53,31,22,43,14,29,20,10,10,105,53,52,,,,42,23,19,,,
"Sep 1, 2024 8:00 PM",184,95,89,32,14,18,47,17,30,18,10,8,69,32,37,,,,41,17,24,,,
"Sep 1, 2024 9:00 PM",73,28,45,16,5,11,18,7,11,8,3,5,49,10,39,,,,14,9,5,,,
"Sep 1, 2024 10:00 PM",40,20,20,12,4,8,7,2,5,2,0,2,41,9,32,,,,11,5,6,,,
"Sep 1, 2024 11:00 PM",10,6,4,3,2,1,3,3,0,1,1,0,52,16,36,,,,4,3,1,,,
"Sep 2, 2024 12:00 AM",0,0,0,0,0,0,3,0,3,0,0,0,117,83,34,,,,5,3,2,,,
"Sep 2, 2024 1:00 AM",2,2,0,0,0,0,2,0,2,0,0,0,7,5,2,,,,1,0,1,,,
"Sep 2, 2024 2:00 AM",1,1,0,1,0,1,0,0,0,0,0,0,0,0,0,,,,1,1,0,,,
"Sep 2, 2024 3:00 AM",0,0,0,1,0,1,0,0,0,0,0,0,7,4,3,,,,1,0,1,,,
"Sep 2, 2024 4:00 AM",0,0,0,0,0,0,0,0,0,1,1,0,115,51,64,,,,0,0,0,,,
"Sep 2, 2024 5:00 AM",7,2,5,3,3,0,2,2,0,1,1,0,27,12,15,,,,3,1,2,,,
"Sep 2, 2024 6:00 AM",48,22,26,17,10,7,26,17,9,18,11,7,38,28,10,,,,18,7,11,,,
"Sep 2, 2024 7:00 AM",87,51,36,16,8,8,14,5,9,19,5,14,94,46,48,,,,30,11,19,,,
"Sep 2, 2024 8:00 AM",43,24,19,26,14,12,9,6,3,33,13,20,56,23,33,,,,57,41,16,,,
"Sep 2, 2024 9:00 AM",35,15,20,10,6,4,2,2,0,11,7,4,18,7,11,,,,13,7,6,,,
"Sep 2, 2024 10:00 AM",30,14,16,5,4,1,8,4,4,9,7,2,20,11,9,,,,18,7,11,,,
"Sep 2, 2024 11:00 AM",48,23,25,18,11,7,8,3,5,11,7,4,12,6,6,,,,22,13,9,,,
"Sep 2, 2024 12:00 PM",61,30,31,16,7,9,11,7,4,18,7,11,20,14,6,,,,27,14,13,,,
"Sep 2, 2024 1:00 PM",55,31,24,18,9,9,20,7,13,17,8,9,14,8,6,,,,27,11,16,,,
"Sep 2, 2024 2:00 PM",54,26,28,11,10,1,9,5,4,16,7,9,13,10,3,,,,18,6,12,,,
"Sep 2, 2024 3:00 PM",55,28,27,15,4,11,9,3,6,11,7,4,44,28,16,,,,54,13,41,,,
"Sep 2, 2024 4:00 PM",66,24,42,17,10,7,14,8,6,32,20,12,51,34,17,,,,58,18,40,,,
"Sep 2, 2024 5:00 PM",86,38,48,14,4,10,41,21,20,25,10,15,77,38,39,,,,60,28,32,,,
"Sep 2, 2024 6:00 PM",129,68,61,50,28,22,39,14,25,47,18,29,102,68,34,,,,49,25,24,,,
"Sep 2, 2024 7:00 PM",153,78,75,57,35,22,45,32,13,40,20,20,97,59,38,,,,78,33,45,,,
"Sep 2, 2024 8:00 PM",146,73,73,47,20,27,31,17,14,26,12,14,73,52,21,,,,49,18,31,,,
"Sep 2, 2024 9:00 PM",73,39,34,23,8,15,14,6,8,7,4,3,6,3,3,,,,22,10,12,,,
"Sep 2, 2024 10:00 PM",20,10,10,16,8,8,6,2,4,6,3,3,13,9,4,,,,7,3,4,,,
"Sep 2, 2024 11:00 PM",16,8,8,14,9,5,9,2,7,2,1,1,10,3,7,,,,4,3,1,,,
"Sep 3, 2024 12:00 AM",0,0,0,0,0,0,0,0,0,0,0,0,14,4,10,,,,14,8,6,,,
"Sep 3, 2024 1:00 AM",2,1,1,0,0,0,0,0,0,0,0,0,0,0,0,,,,0,0,0,,,
"Sep 3, 2024 2:00 AM",0,0,0,0,0,0,0,0,0,0,0,0,6,2,4,,,,1,1,0,,,
"Sep 3, 2024 3:00 AM",0,0,0,0,0,0,0,0,0,0,0,0,1,0,1,,,,0,0,0,,,
"Sep 3, 2024 4:00 AM",2,2,0,0,0,0,0,0,0,2,0,2,2,2,0,,,,1,1,0,,,
"Sep 3, 2024 5:00 AM",10,6,4,4,3,1,1,1,0,2,0,2,7,2,5,,,,4,1,3,,,
"Sep 3, 2024 6:00 AM",60,32,28,15,4,11,14,6,8,6,3,3,30,23,7,,,,15,7,8,,,
"Sep 3, 2024 7:00 AM",138,76,62,26,16,10,28,15,13,22,5,17,82,40,42,,,,47,19,28,,,
"Sep 3, 2024 8:00 AM",127,51,76,29,15,14,30,13,17,61,34,27,151,72,79,,,,130,85,45,,,
"Sep 3, 2024 9:00 AM",126,66,60,34,13,21,23,14,9,33,23,10,105,48,57,,,,52,25,27,,,
"Sep 3, 2024 10:00 AM",162,85,77,44,24,20,33,20,13,29,13,16,85,44,41,,,,39,20,19,,,
"Sep 3, 2024 11:00 AM",249,136,113,32,19,13,33,15,18,21,11,10,104,51,53,,,,35,21,14,,,
"Sep 3, 2024 12:00 PM",242,126,116,65,34,31,45,21,24,40,19,21,207,147,60,,,,47,26,21,,,
"Sep 3, 2024 1:00 PM",270,144,126,54,23,31,57,27,30,43,21,22,133,68,65,,,,87,45,42,,,
"Sep 3, 2024 2:00 PM",209,106,103,38,21,17,41,15,26,26,14,12,135,62,73,,,,69,19,50,,,
"Sep 3, 2024 3:00 PM",163,77,86,21,10,11,28,17,11,25,12,13,62,32,30,,,,83,13,70,,,
"Sep 3, 2024 4:00 PM",157,65,92,33,22,11,25,20,5,31,17,14,119,62,57,,,,57,27,30,,,
"Sep 3, 2024 5:00 PM",169,91,78,31,17,14,32,19,13,30,20,10,123,72,51,,,,57,26,31,,,
"Sep 3, 2024 6:00 PM",193,114,79,57,32,25,49,24,25,33,11,22,224,80,144,,,,69,32,37,,,
"Sep 3, 2024 7:00 PM",195,104,91,48,30,18,40,23,17,27,14,13,113,62,51,,,,77,33,44,,,
"Sep 3, 2024 8:00 PM",215,101,114,35,13,22,24,8,16,20,10,10,36,26,10,,,,49,22,27,,,
"Sep 3, 2024 9:00 PM",112,68,44,29,14,15,26,10,16,10,4,6,25,10,15,,,,24,8,16,,,
"Sep 3, 2024 10:00 PM",38,17,21,7,4,3,3,0,3,0,0,0,23,16,7,,,,17,11,6,,,
"Sep 3, 2024 11:00 PM",14,7,7,3,1,2,1,1,0,1,1,0,86,16,70,,,,10,7,3,,,
"Sep 4, 2024 12:00 AM",0,0,0,0,0,0,0,0,0,0,0,0,12,3,9,,,,3,1,2,,,
"Sep 4, 2024 1:00 AM",0,0,0,0,0,0,0,0,0,0,0,0,5,3,2,,,,6,3,3,,,
"Sep 4, 2024 2:00 AM",2,2,0,0,0,0,0,0,0,0,0,0,2,2,0,,,,0,0,0,,,
"Sep 4, 2024 3:00 AM",0,0,0,0,0,0,0,0,0,0,0,0,0,0,0,,,,0,0,0,,,
"Sep 4, 2024 4:00 AM",0,0,0,2,2,0,0,0,0,1,1,0,13,5,8,,,,2,2,0,,,
"Sep 4, 2024 5:00 AM",16,10,6,7,4,3,4,2,2,1,1,0,10,7,3,,,,3,0,3,,,
"Sep 4, 2024 6:00 AM",51,26,25,19,12,7,10,3,7,19,8,11,35,18,17,,,,19,9,10,,,
"Sep 4, 2024 7:00 AM",120,65,55,34,21,13,29,15,14,25,9,16,130,55,75,,,,48,23,25,,,
"Sep 4, 2024 8:00 AM",120,43,77,57,26,31,38,15,23,60,29,31,169,82,87,,,,136,96,40,,,
"Sep 4, 2024 9:00 AM",159,82,77,59,30,29,31,16,15,31,18,13,94,54,40,,,,63,30,33,,,
"Sep 4, 2024 10:00 AM",243,151,92,58,29,29,57,29,28,41,29,12,101,46,55,,,,44,23,21,,,
"Sep 4, 2024 11:00 AM",250,138,112,44,20,24,28,16,12,48,26,22,121,60,61,,,,47,20,27,,,
"Sep 4, 2024 12:00 PM",193,101,92,46,26,20,40,21,19,50,26,24,75,34,41,,,,31,15,16,,,
"Sep 4, 2024 1:00 PM",264,171,93,49,26,23,47,28,19,26,15,11,164,85,79,,,,66,29,37,,,
"Sep 4, 2024 2:00 PM",199,82,117,32,16,16,25,10,15,36,17,19,129,77,52,,,,62,20,42,,,
"Sep 4, 2024 3:00 PM",112,57,55,23,15,8,13,8,5,27,12,15,97,45,52,,,,86,28,58,,,
"Sep 4, 2024 4:00 PM",147,75,72,27,15,12,48,20,28,33,12,21,114,67,47,,,,72,24,48,,,
"Sep 4, 2024 5:00 PM",59,28,31,29,22,7,43,31,12,14,7,7,95,40,55,,,,57,31,26,,,
"Sep 4, 2024 6:00 PM",119,64,55,44,22,22,26,13,13,22,11,11,124,62,62,,,,59,30,29,,,
"Sep 4, 2024 7:00 PM",169,93,76,61,39,22,39,19,20,21,8,13,101,56,45,,,,43,11,32,,,
"Sep 4, 2024 8:00 PM",85,48,37,32,16,16,46,30,16,15,10,5,25,9,16,,,,35,9,26,,,
"Sep 4, 2024 9:00 PM",76,30,46,14,7,7,16,9,7,17,11,6,8,3,5,,,,19,16,3,,,
"Sep 4, 2024 10:00 PM",29,15,14,7,1,6,8,2,6,5,2,3,16,12,4,,,,10,6,4,,,
"Sep 4, 2024 11:00 PM",17,11,6,3,1,2,0,0,0,3,1,2,20,17,3,,,,2,1,1,,,
"Sep 5, 2024 12:00 AM",0,0,0,0,0,0,3,0,3,0,0,0,39,27,12,,,,0,0,0,,,
"Sep 5, 2024 1:00 AM",0,0,0,0,0,0,1,0,1,0,0,0,20,14,6,,,,5,3,2,,,
"Sep 5, 2024 2:00 AM",0,0,0,1,1,0,1,1,0,0,0,0,0,0,0,,,,0,0,0,,,
"Sep 5, 2024 3:00 AM",5,3,2,0,0,0,5,1,4,0,0,0,2,0,2,,,,0,0,0,,,
"Sep 5, 2024 4:00 AM",1,0,1,0,0,0,0,0,0,0,0,0,2,2,0,,,,1,1,0,,,
"Sep 5, 2024 5:00 AM",8,2,6,1,1,0,1,1,0,0,0,0,12,7,5,,,,5,1,4,,,
"Sep 5, 2024 6:00 AM",38,18,20,15,7,8,19,11,8,8,5,3,48,27,21,,,,17,7,10,,,
"Sep 5, 2024 7:00 AM",100,58,42,24,12,12,19,8,11,20,7,13,153,93,60,,,,33,12,21,,,
"Sep 5, 2024 8:00 AM",117,48,69,34,16,18,31,17,14,49,19,30,243,145,98,,,,123,87,36,,,
"Sep 5, 2024 9:00 AM",107,56,51,34,18,16,23,13,10,26,13,13,171,106,65,,,,48,24,24,,,
"Sep 5, 2024 10:00 AM",146,90,56,40,18,22,57,40,17,22,12,10,147,85,62,,,,55,30,25,,,
"Sep 5, 2024 11:00 AM",281,153,128,56,21,35,37,20,17,44,24,20,134,69,65,,,,43,18,25,,,
"Sep 5, 2024 12:00 PM",212,113,99,35,20,15,44,23,21,29,10,19,259,138,121,,,,40,18,22,,,
"Sep 5, 2024 1:00 PM",228,124,104,46,14,32,63,25,38,35,20,15,273,158,115,,,,43,15,28,,,
"Sep 5, 2024 2:00 PM",186,96,90,48,20,28,21,12,9,35,11,24,186,103,83,,,,48,16,32,,,
"Sep 5, 2024 3:00 PM",169,81,88,23,16,7,29,15,14,26,14,12,166,83,83,,,,72,17,55,,,
"Sep 5, 2024 4:00 PM",150,78,72,28,11,17,21,11,10,35,11,24,173,62,111,,,,57,16,41,,,
"Sep 5, 2024 5:00 PM",141,67,74,47,22,25,33,18,15,39,18,21,150,83,67,,,,72,33,39,,,
"Sep 5, 2024 6:00 PM",109,62,47,47,31,16,41,22,19,37,21,16,182,91,91,,,,95,48,47,,,
"Sep 5, 2024 7:00 PM",164,89,75,43,17,26,51,13,38,17,9,8,180,102,78,,,,72,29,43,,,
"Sep 5, 2024 8:00 PM",125,66,59,35,13,22,15,8,7,13,8,5,53,28,25,,,,49,17,32,,,
"Sep 5, 2024 9:00 PM",71,37,34,21,12,9,19,10,9,10,6,4,19,12,7,,,,24,11,13,,,
"Sep 5, 2024 10:00 PM",29,18,11,12,10,2,4,2,2,0,0,0,6,3,3,,,,12,5,7,,,
"Sep 5, 2024 11:00 PM",9,6,3,4,0,4,5,2,3,0,0,0,17,13,4,,,,4,2,2,,,
"Sep 6, 2024 12:00 AM",0,0,0,0,0,0,7,2,5,3,3,0,48,17,31,,,,10,4,6,,,
"Sep 6, 2024 1:00 AM",1,1,0,1,1,0,3,3,0,1,0,1,1,1,0,,,,8,5,3,,,
"Sep 6, 2024 2:00 AM",0,0,0,0,0,0,2,1,1,0,0,0,3,0,3,,,,1,1,0,,,
"Sep 6, 2024 3:00 AM",0,0,0,0,0,0,0,0,0,0,0,0,0,0,0,,,,0,0,0,,,
"Sep 6, 2024 4:00 AM",0,0,0,0,0,0,1,1,0,0,0,0,9,2,7,,,,0,0,0,,,
"Sep 6, 2024 5:00 AM",9,4,5,4,2,2,4,3,1,2,2,0,20,9,11,,,,4,2,2,,,
"Sep 6, 2024 6:00 AM",41,20,21,19,9,10,13,8,5,8,6,2,43,26,17,,,,18,6,12,,,
"Sep 6, 2024 7:00 AM",109,60,49,26,15,11,15,6,9,21,7,14,73,38,35,,,,45,18,27,,,
"Sep 6, 2024 8:00 AM",135,69,66,45,20,25,40,23,17,58,27,31,180,82,98,,,,122,82,40,,,
"Sep 6, 2024 9:00 AM",153,84,69,37,23,14,26,9,17,46,27,19,109,49,60,,,,44,27,17,,,
"Sep 6, 2024 10:00 AM",150,96,54,33,16,17,29,18,11,17,13,4,127,61,66,,,,48,26,22,,,
"Sep 6, 2024 11:00 AM",208,119,89,49,26,23,38,23,15,30,20,10,137,79,58,,,,41,18,23,,,
"Sep 6, 2024 12:00 PM",333,188,145,74,49,25,45,21,24,36,10,26,128,67,61,,,,43,23,20,,,
"Sep 6, 2024 1:00 PM",395,232,163,102,43,59,57,40,17,38,17,21,126,71,55,,,,82,23,59,,,
"Sep 6, 2024 2:00 PM",442,235,207,82,46,36,35,16,19,41,13,28,215,112,103,,,,55,24,31,,,
"Sep 6, 2024 3:00 PM",443,244,199,73,36,37,51,34,17,38,18,20,230,110,120,,,,87,35,52,,,
"Sep 6, 2024 4:00 PM",475,226,249,87,50,37,79,48,31,44,21,23,263,133,130,,,,117,51,66,,,
"Sep 6, 2024 5:00 PM",509,270,239,89,53,36,77,39,38,27,11,16,372,214,158,,,,84,31,53,,,
"Sep 6, 2024 6:00 PM",492,245,247,92,48,44,55,32,23,39,20,19,296,157,139,,,,80,31,49,,,
"Sep 6, 2024 7:00 PM",432,181,251,68,35,33,76,31,45,22,11,11,244,161,83,,,,71,31,40,,,
"Sep 6, 2024 8:00 PM",341,172,169,74,25,49,47,22,25,15,5,10,60,36,24,,,,85,25,60,,,
"Sep 6, 2024 9:00 PM",155,83,72,28,14,14,24,19,5,5,1,4,35,28,7,,,,56,19,37,,,
"Sep 6, 2024 10:00 PM",48,20,28,23,9,14,13,5,8,3,1,2,147,100,47,,,,14,5,9,,,
"Sep 6, 2024 11:00 PM",23,15,8,3,2,1,17,11,6,2,2,0,21,16,5,,,,10,3,7,,,
"Sep 7, 2024 12:00 AM",1,1,0,2,1,1,6,4,2,3,2,1,19,12,7,,,,7,2,5,,,
"Sep 7, 2024 1:00 AM",1,0,1,2,2,0,5,3,2,0,0,0,14,13,1,,,,11,9,2,,,
"Sep 7, 2024 2:00 AM",0,0,0,0,0,0,0,0,0,0,0,0,14,14,0,,,,6,5,1,,,
"Sep 7, 2024 3:00 AM",0,0,0,0,0,0,0,0,0,0,0,0,32,28,4,,,,2,1,1,,,
"Sep 7, 2024 4:00 AM",0,0,0,0,0,0,0,0,0,0,0,0,23,9,14,,,,1,0,1,,,
"Sep 7, 2024 5:00 AM",4,2,2,1,0,1,2,1,1,1,0,1,7,2,5,,,,1,1,0,,,
"Sep 7, 2024 6:00 AM",38,17,21,7,4,3,9,5,4,1,1,0,23,12,11,,,,10,7,3,,,
"Sep 7, 2024 7:00 AM",103,48,55,27,16,11,26,18,8,6,3,3,72,35,37,,,,11,6,5,,,
"Sep 7, 2024 8:00 AM",146,69,77,51,32,19,44,30,14,25,10,15,141,74,67,,,,31,13,18,,,
"Sep 7, 2024 9:00 AM",210,111,99,111,81,30,82,52,30,37,21,16,173,106,67,,,,47,22,25,,,
"Sep 7, 2024 10:00 AM",337,190,147,144,76,68,125,68,57,32,12,20,199,103,96,,,,42,24,18,,,
"Sep 7, 2024 11:00 AM",378,197,181,95,55,40,100,56,44,57,28,29,184,102,82,,,,54,25,29,,,
"Sep 7, 2024 12:00 PM",411,189,222,109,53,56,73,40,33,38,17,21,179,85,94,,,,46,21,25,,,
"Sep 7, 2024 1:00 PM",525,246,279,110,68,42,73,34,39,23,10,13,173,98,75,,,,48,27,21,,,
"Sep 7, 2024 2:00 PM",639,332,307,130,69,61,84,29,55,46,21,25,223,136,87,,,,52,28,24,,,
"Sep 7, 2024 3:00 PM",730,396,334,123,69,54,104,61,43,31,21,10,188,104,84,,,,65,21,44,,,
"Sep 7, 2024 4:00 PM",786,380,406,136,66,70,79,53,26,46,31,15,258,125,133,,,,78,32,46,,,
"Sep 7, 2024 5:00 PM",696,328,368,130,64,66,77,36,41,34,21,13,230,102,128,,,,66,31,35,,,
"Sep 7, 2024 6:00 PM",404,209,195,40,12,28,61,23,38,28,16,12,139,68,71,,,,60,24,36,,,
"Sep 7, 2024 7:00 PM",383,166,217,66,35,31,73,32,41,19,12,7,166,69,97,,,,72,24,48,,,
"Sep 7, 2024 8:00 PM",269,128,141,66,38,28,27,14,13,12,4,8,136,65,71,,,,60,15,45,,,
"Sep 7, 2024 9:00 PM",120,50,70,35,15,20,20,5,15,11,7,4,28,9,19,,,,45,15,30,,,
"Sep 7, 2024 10:00 PM",40,16,24,17,8,9,29,20,9,4,1,3,13,2,11,,,,21,7,14,,,
"Sep 7, 2024 11:00 PM",20,11,9,5,4,1,12,4,8,0,0,0,37,8,29,,,,11,7,4,,,
"Sep 8, 2024 12:00 AM",3,3,0,1,0,1,9,4,5,2,2,0,19,3,16,,,,6,3,3,,,
"Sep 8, 2024 1:00 AM",4,2,2,1,1,0,1,0,1,1,0,1,7,3,4,,,,3,1,2,,,
"Sep 8, 2024 2:00 AM",1,1,0,2,0,2,0,0,0,4,0,4,1,1,0,,,,5,2,3,,,
"Sep 8, 2024 3:00 AM",2,1,1,2,2,0,3,3,0,0,0,0,1,1,0,,,,6,4,2,,,
"Sep 8, 2024 4:00 AM",0,0,0,5,1,4,0,0,0,0,0,0,4,3,1,,,,1,0,1,,,
"Sep 8, 2024 5:00 AM",2,1,1,1,1,0,0,0,0,0,0,0,9,7,2,,,,4,0,4,,,
"Sep 8, 2024 6:00 AM",18,6,12,5,1,4,11,7,4,3,2,1,23,21,2,,,,8,3,5,,,
"Sep 8, 2024 7:00 AM",93,48,45,18,11,7,20,15,5,7,2,5,46,36,10,,,,10,6,4,,,
"Sep 8, 2024 8:00 AM",121,57,64,53,26,27,42,26,16,21,7,14,60,35,25,,,,23,9,14,,,
"Sep 8, 2024 9:00 AM",386,238,148,86,50,36,56,33,23,32,23,9,157,84,73,,,,33,16,17,,,
"Sep 8, 2024 10:00 AM",463,277,186,97,60,37,79,54,25,45,27,18,214,135,79,,,,51,29,22,,,
"Sep 8, 2024 11:00 AM",515,280,235,126,80,46,73,42,31,67,38,29,177,99,78,,,,69,32,37,,,
"Sep 8, 2024 12:00 PM",530,298,232,121,85,36,109,76,33,61,19,42,194,106,88,,,,56,25,31,,,
"Sep 8, 2024 1:00 PM",590,320,270,185,153,32,189,140,49,58,30,28,142,78,64,,,,52,21,31,,,
"Sep 8, 2024 2:00 PM",564,309,255,101,68,33,86,49,37,32,16,16,150,78,72,,,,58,26,32,,,
"Sep 8, 2024 3:00 PM",560,290,270,75,40,35,87,54,33,60,25,35,139,93,46,,,,59,20,39,,,
"Sep 8, 2024 4:00 PM",468,190,278,69,35,34,55,23,32,49,25,24,158,75,83,,,,60,27,33,,,
"Sep 8, 2024 5:00 PM",300,146,154,59,28,31,74,36,38,36,14,22,116,45,71,,,,52,19,33,,,
"Sep 8, 2024 6:00 PM",170,85,85,44,23,21,45,30,15,18,5,13,103,52,51,,,,57,33,24,,,
"Sep 8, 2024 7:00 PM",145,74,71,31,20,11,24,13,11,18,7,11,66,36,30,,,,167,70,97,,,
"Sep 8, 2024 8:00 PM",85,46,39,37,23,14,30,11,19,15,11,4,24,10,14,,,,38,12,26,,,
"Sep 8, 2024 9:00 PM",40,19,21,13,8,5,17,12,5,10,6,4,16,9,7,,,,18,11,7,,,
"Sep 8, 2024 10:00 PM",15,8,7,7,3,4,3,2,1,0,0,0,25,5,20,,,,3,1,2,,,
"Sep 8, 2024 11:00 PM",6,1,5,3,3,0,2,0,2,4,3,1,5,1,4,,,,5,0,5,,,
"Sep 9, 2024 12:00 AM",1,1,0,0,0,0,1,1,0,1,0,1,7,3,4,,,,4,3,1,,,
"Sep 9, 2024 1:00 AM",0,0,0,0,0,0,0,0,0,0,0,0,3,2,1,,,,0,0,0,,,
"Sep 9, 2024 2:00 AM",2,0,2,0,0,0,0,0,0,0,0,0,2,2,0,,,,0,0,0,,,
"Sep 9, 2024 3:00 AM",0,0,0,0,0,0,0,0,0,0,0,0,18,14,4,,,,2,0,2,,,
"Sep 9, 2024 4:00 AM",0,0,0,0,0,0,0,0,0,1,1,0,3,1,2,,,,3,1,2,,,
"Sep 9, 2024 5:00 AM",5,1,4,2,1,1,0,0,0,2,1,1,2,1,1,,,,3,1,2,,,
"Sep 9, 2024 6:00 AM",30,16,14,13,5,8,13,11,2,5,3,2,42,31,11,,,,10,5,5,,,
"Sep 9, 2024 7:00 AM",85,45,40,20,8,12,24,7,17,20,7,13,99,61,38,,,,37,15,22,,,
"Sep 9, 2024 8:00 AM",103,42,61,37,21,16,41,21,20,71,37,34,163,68,95,,,,120,79,41,,,
"Sep 9, 2024 9:00 AM",136,72,64,38,16,22,27,15,12,40,27,13,121,65,56,,,,59,34,25,,,
"Sep 9, 2024 10:00 AM",189,94,95,50,25,25,31,19,12,30,14,16,133,71,62,,,,36,15,21,,,
"Sep 9, 2024 11:00 AM",207,91,116,43,20,23,37,18,19,20,11,9,119,56,63,,,,43,18,25,,,
"Sep 9, 2024 12:00 PM",219,102,117,78,35,43,37,24,13,33,17,16,124,73,51,,,,42,24,18,,,
"Sep 9, 2024 1:00 PM",248,140,108,64,28,36,52,31,21,35,24,11,151,79,72,,,,62,35,27,,,
"Sep 9, 2024 2:00 PM",208,103,105,30,16,14,16,8,8,23,11,12,103,53,50,,,,61,29,32,,,
"Sep 9, 2024 3:00 PM",197,103,94,44,17,27,15,5,10,30,9,21,132,65,67,,,,100,26,74,,,
"Sep 9, 2024 4:00 PM",187,95,92,47,28,19,29,18,11,38,17,21,165,73,92,,,,104,35,69,,,
"Sep 9, 2024 5:00 PM",151,78,73,40,26,14,56,29,27,31,14,17,248,106,142,,,,85,31,54,,,
"Sep 9, 2024 6:00 PM",157,85,72,48,28,20,34,19,15,38,12,26,145,77,68,,,,76,33,43,,,
"Sep 9, 2024 7:00 PM",186,86,100,71,44,27,29,13,16,41,18,23,77,38,39,,,,66,28,38,,,
"Sep 9, 2024 8:00 PM",157,80,77,31,18,13,29,14,15,37,20,17,23,14,9,,,,43,20,23,,,
"Sep 9, 2024 9:00 PM",72,39,33,23,11,12,10,5,5,12,6,6,4,1,3,,,,34,11,23,,,
"Sep 9, 2024 10:00 PM",24,12,12,9,6,3,5,3,2,3,1,2,7,2,5,,,,14,8,6,,,
"Sep 9, 2024 11:00 PM",17,10,7,2,0,2,3,0,3,4,1,3,18,6,12,,,,5,1,4,,,
"Sep 10, 2024 12:00 AM",0,0,0,0,0,0,1,0,1,1,1,0,15,5,10,,,,3,3,0,,,
"Sep 10, 2024 1:00 AM",0,0,0,0,0,0,4,1,3,0,0,0,10,8,2,,,,1,1,0,,,
"Sep 10, 2024 2:00 AM",0,0,0,0,0,0,0,0,0,1,0,1,7,3,4,,,,0,0,0,,,
"Sep 10, 2024 3:00 AM",0,0,0,2,1,1,0,0,0,0,0,0,76,25,51,,,,0,0,0,,,
"Sep 10, 2024 4:00 AM",0,0,0,0,0,0,0,0,0,0,0,0,8,5,3,,,,1,1,0,,,
"Sep 10, 2024 5:00 AM",10,4,6,1,0,1,0,0,0,3,1,2,9,3,6,,,,2,0,2,,,
"Sep 10, 2024 6:00 AM",44,21,23,18,10,8,17,12,5,10,7,3,26,15,11,,,,15,6,9,,,
"Sep 10, 2024 7:00 AM",80,50,30,27,19,8,23,13,10,23,11,12,74,37,37,,,,51,25,26,,,
"Sep 10, 2024 8:00 AM",122,58,64,34,19,15,30,18,12,36,21,15,105,55,50,,,,136,90,46,,,
"Sep 10, 2024 9:00 AM",71,38,33,17,7,10,23,9,14,22,13,9,59,33,26,,,,26,15,11,,,
"Sep 10, 2024 10:00 AM",37,19,18,18,10,8,14,7,7,11,4,7,31,10,21,,,,20,12,8,,,
"Sep 10, 2024 11:00 AM",38,15,23,19,8,11,8,6,2,10,4,6,23,11,12,,,,16,7,9,,,
"Sep 10, 2024 12:00 PM",82,46,36,21,8,13,34,31,3,34,15,19,52,33,19,,,,34,20,14,,,
"Sep 10, 2024 1:00 PM",188,102,86,48,24,24,56,22,34,24,13,11,130,68,62,,,,42,19,23,,,
"Sep 10, 2024 2:00 PM",179,98,81,29,23,6,26,12,14,36,20,16,187,102,85,,,,52,14,38,,,
"Sep 10, 2024 3:00 PM",173,91,82,30,16,14,26,13,13,27,15,12,161,74,87,,,,107,31,76,,,
"Sep 10, 2024 4:00 PM",189,110,79,41,16,25,39,22,17,44,24,20,194,75,119,,,,78,30,48,,,
"Sep 10, 2024 5:00 PM",159,79,80,74,40,34,44,27,17,47,17,30,238,114,124,,,,90,41,49,,,
"Sep 10, 2024 6:00 PM",175,98,77,77,43,34,45,28,17,30,16,14,203,112,91,,,,102,40,62,,,
"Sep 10, 2024 7:00 PM",141,68,73,35,19,16,35,16,19,20,11,9,147,75,72,,,,67,24,43,,,
"Sep 10, 2024 8:00 PM",131,82,49,46,23,23,23,14,9,8,2,6,107,52,55,,,,39,16,23,,,
"Sep 10, 2024 9:00 PM",66,22,44,20,12,8,11,4,7,5,3,2,44,27,17,,,,22,9,13,,,
"Sep 10, 2024 10:00 PM",23,11,12,6,3,3,3,0,3,7,5,2,38,9,29,,,,6,4,2,,,
"Sep 10, 2024 11:00 PM",13,10,3,6,0,6,0,0,0,1,0,1,6,5,1,,,,4,2,2,,,
"Sep 11, 2024 12:00 AM",0,0,0,0,0,0,1,0,1,0,0,0,7,4,3,,,,1,1,0,,,
"Sep 11, 2024 1:00 AM",0,0,0,0,0,0,1,1,0,0,0,0,8,3,5,,,,3,3,0,,,
"Sep 11, 2024 2:00 AM",0,0,0,1,0,1,0,0,0,0,0,0,1,0,1,,,,1,0,1,,,
"Sep 11, 2024 3:00 AM",0,0,0,1,0,1,2,0,2,0,0,0,55,14,41,,,,1,1,0,,,
"Sep 11, 2024 4:00 AM",1,1,0,1,1,0,1,1,0,3,2,1,29,18,11,,,,0,0,0,,,
"Sep 11, 2024 5:00 AM",16,11,5,2,1,1,0,0,0,1,1,0,6,4,2,,,,4,1,3,,,
"Sep 11, 2024 6:00 AM",47,23,24,12,7,5,9,5,4,10,7,3,40,23,17,,,,15,8,7,,,
"Sep 11, 2024 7:00 AM",96,51,45,31,15,16,20,8,12,23,9,14,82,48,34,,,,37,14,23,,,
"Sep 11, 2024 8:00 AM",100,52,48,38,22,16,45,18,27,56,35,21,138,60,78,,,,135,88,47,,,
"Sep 11, 2024 9:00 AM",124,73,51,41,23,18,40,13,27,35,13,22,134,81,53,,,,47,27,20,,,
"Sep 11, 2024 10:00 AM",146,85,61,34,22,12,28,13,15,37,24,13,111,62,49,,,,48,29,19,,,
"Sep 11, 2024 11:00 AM",174,91,83,50,19,31,38,24,14,42,15,27,71,35,36,,,,34,17,17,,,
"Sep 11, 2024 12:00 PM",200,110,90,45,17,28,43,29,14,41,22,19,103,68,35,,,,45,21,24,,,
"Sep 11, 2024 1:00 PM",242,141,101,44,20,24,50,33,17,41,21,20,135,77,58,,,,58,28,30,,,
"Sep 11, 2024 2:00 PM",192,79,113,39,19,20,29,12,17,37,22,15,111,55,56,,,,66,30,36,,,
"Sep 11, 2024 3:00 PM",179,94,85,48,20,28,28,18,10,24,8,16,186,90,96,,,,107,39,68,,,
"Sep 11, 2024 4:00 PM",88,47,41,61,33,28,25,17,8,24,5,19,136,55,81,,,,93,31,62,,,
"Sep 11, 2024 5:00 PM",95,59,36,32,17,15,30,15,15,27,15,12,89,44,45,,,,67,31,36,,,
"Sep 11, 2024 6:00 PM",150,87,63,57,39,18,31,20,11,26,12,14,178,89,89,,,,60,24,36,,,
"Sep 11, 2024 7:00 PM",170,71,99,53,28,25,45,23,22,10,8,2,106,53,53,,,,50,23,27,,,
"Sep 11, 2024 8:00 PM",179,109,70,34,18,16,47,20,27,21,7,14,40,12,28,,,,51,18,33,,,
"Sep 11, 2024 9:00 PM",58,29,29,23,11,12,22,8,14,4,1,3,10,5,5,,,,36,14,22,,,
"Sep 11, 2024 10:00 PM",26,19,7,15,8,7,24,20,4,2,0,2,55,21,34,,,,11,2,9,,,
"Sep 11, 2024 11:00 PM",4,2,2,4,0,4,3,1,2,0,0,0,6,2,4,,,,5,4,1,,,
"Sep 12, 2024 12:00 AM",0,0,0,1,1,0,7,1,6,0,0,0,7,3,4,,,,2,1,1,,,
"Sep 12, 2024 1:00 AM",1,0,1,1,1,0,1,1,0,0,0,0,0,0,0,,,,3,1,2,,,
"Sep 12, 2024 2:00 AM",0,0,0,2,2,0,0,0,0,0,0,0,1,0,1,,,,2,1,1,,,
"Sep 12, 2024 3:00 AM",0,0,0,1,1,0,0,0,0,0,0,0,0,0,0,,,,1,1,0,,,
"Sep 12, 2024 4:00 AM",3,3,0,0,0,0,0,0,0,0,0,0,3,0,3,,,,1,0,1,,,
"Sep 12, 2024 5:00 AM",4,0,4,1,0,1,4,2,2,0,0,0,7,5,2,,,,4,2,2,,,
"Sep 12, 2024 6:00 AM",46,23,23,17,10,7,18,13,5,5,5,0,31,20,11,,,,16,6,10,,,
"Sep 12, 2024 7:00 AM",103,67,36,32,16,16,15,12,3,17,6,11,73,36,37,,,,46,16,30,,,
"Sep 12, 2024 8:00 AM",117,57,60,49,22,27,36,16,20,45,21,24,156,69,87,,,,121,92,29,,,
"Sep 12, 2024 9:00 AM",209,119,90,53,22,31,37,21,16,39,23,16,94,45,49,,,,57,37,20,,,
"Sep 12, 2024 10:00 AM",170,100,70,43,24,19,27,21,6,34,24,10,107,53,54,,,,53,23,30,,,
"Sep 12, 2024 11:00 AM",258,134,124,42,20,22,34,18,16,44,23,21,66,34,32,,,,41,27,14,,,
"Sep 12, 2024 12:00 PM",224,108,116,34,16,18,45,25,20,37,18,19,71,32,39,,,,47,19,28,,,
"Sep 12, 2024 1:00 PM",212,118,94,37,20,17,43,20,23,22,11,11,92,54,38,,,,38,20,18,,,
"Sep 12, 2024 2:00 PM",166,77,89,36,11,25,17,11,6,27,10,17,124,86,38,,,,60,27,33,,,
"Sep 12, 2024 3:00 PM",166,72,94,31,18,13,24,15,9,30,14,16,131,54,77,,,,109,39,70,,,
"Sep 12, 2024 4:00 PM",221,129,92,35,18,17,32,13,19,40,25,15,237,97,140,,,,136,59,77,,,
"Sep 12, 2024 5:00 PM",195,100,95,66,48,18,49,25,24,31,19,12,204,74,130,,,,86,32,54,,,
"Sep 12, 2024 6:00 PM",152,78,74,67,45,22,50,29,21,30,14,16,221,79,142,,,,88,35,53,,,
"Sep 12, 2024 7:00 PM",189,85,104,61,41,20,58,32,26,26,15,11,168,74,94,,,,62,31,31,,,
"Sep 12, 2024 8:00 PM",157,83,74,41,19,22,32,20,12,17,9,8,22,7,15,,,,65,27,38,,,
"Sep 12, 2024 9:00 PM",63,32,31,33,16,17,19,8,11,11,6,5,27,3,24,,,,44,13,31,,,
"Sep 12, 2024 10:00 PM",27,14,13,12,4,8,8,3,5,3,0,3,1,1,0,,,,13,9,4,,,
"Sep 12, 2024 11:00 PM",9,5,4,5,2,3,1,0,1,5,2,3,3,0,3,,,,3,1,2,,,
"Sep 13, 2024 12:00 AM",0,0,0,0,0,0,1,0,1,1,1,0,5,2,3,,,,5,3,2,,,
"Sep 13, 2024 1:00 AM",1,1,0,1,0,1,0,0,0,0,0,0,0,0,0,,,,3,1,2,,,
"Sep 13, 2024 2:00 AM",0,0,0,0,0,0,0,0,0,0,0,0,4,1,3,,,,2,1,1,,,
"Sep 13, 2024 3:00 AM",0,0,0,0,0,0,0,0,0,1,1,0,2,0,2,,,,1,0,1,,,
"Sep 13, 2024 4:00 AM",1,0,1,1,1,0,0,0,0,0,0,0,5,5,0,,,,2,1,1,,,
"Sep 13, 2024 5:00 AM",10,3,7,9,5,4,5,4,1,1,1,0,3,1,2,,,,5,2,3,,,
"Sep 13, 2024 6:00 AM",50,21,29,19,12,7,15,11,4,6,3,3,24,16,8,,,,14,7,7,,,
"Sep 13, 2024 7:00 AM",90,50,40,38,22,16,21,12,9,20,8,12,98,56,42,,,,37,13,24,,,
"Sep 13, 2024 8:00 AM",111,59,52,48,23,25,42,23,19,43,27,16,133,73,60,,,,120,80,40,,,
"Sep 13, 2024 9:00 AM",175,83,92,40,25,15,41,20,21,23,10,13,131,60,71,,,,54,30,24,,,
"Sep 13, 2024 10:00 AM",225,120,105,43,21,22,38,20,18,33,19,14,131,86,45,,,,35,21,14,,,
"Sep 13, 2024 11:00 AM",234,122,112,32,10,22,26,8,18,38,19,19,92,56,36,,,,54,31,23,,,
"Sep 13, 2024 12:00 PM",217,100,117,43,22,21,39,24,15,37,18,19,81,47,34,,,,74,30,44,,,
"Sep 13, 2024 1:00 PM",241,119,122,40,14,26,27,14,13,45,26,19,189,107,82,,,,94,29,65,,,
"Sep 13, 2024 2:00 PM",174,84,90,33,11,22,26,15,11,31,13,18,171,103,68,,,,60,24,36,,,
"Sep 13, 2024 3:00 PM",193,75,118,38,21,17,21,16,5,27,14,13,194,61,133,,,,71,40,31,,,
"Sep 13, 2024 4:00 PM",199,96,103,65,37,28,41,22,19,24,11,13,246,127,119,,,,74,37,37,,,
"Sep 13, 2024 5:00 PM",185,97,88,50,28,22,40,15,25,24,10,14,197,83,114,,,,85,48,37,,,
"Sep 13, 2024 6:00 PM",195,93,102,44,23,21,45,30,15,23,9,14,249,109,140,,,,112,50,62,,,
"Sep 13, 2024 7:00 PM",220,128,92,50,28,22,25,8,17,21,10,11,137,57,80,,,,105,44,61,,,
"Sep 13, 2024 8:00 PM",159,78,81,36,16,20,33,12,21,10,4,6,75,43,32,,,,86,44,42,,,
"Sep 13, 2024 9:00 PM",85,43,42,11,6,5,36,22,14,10,3,7,34,26,8,,,,195,111,84,,,
"Sep 13, 2024 10:00 PM",40,25,15,13,3,10,18,12,6,5,4,1,45,23,22,,,,47,18,29,,,
"Sep 13, 2024 11:00 PM",21,9,12,5,1,4,7,1,6,3,3,0,31,7,24,,,,9,5,4,,,
"Sep 14, 2024 12:00 AM",0,0,0,2,0,2,6,6,0,1,0,1,7,3,4,,,,10,7,3,,,
"Sep 14, 2024 1:00 AM",6,5,1,1,0,1,2,2,0,5,1,4,14,10,4,,,,6,3,3,,,
"Sep 14, 2024 2:00 AM",1,0,1,0,0,0,0,0,0,0,0,0,9,9,0,,,,2,1,1,,,
"Sep 14, 2024 3:00 AM",0,0,0,0,0,0,0,0,0,0,0,0,12,6,6,,,,1,0,1,,,
"Sep 14, 2024 4:00 AM",0,0,0,3,2,1,0,0,0,0,0,0,54,49,5,,,,3,2,1,,,
"Sep 14, 2024 5:00 AM",2,1,1,1,0,1,1,0,1,4,2,2,14,10,4,,,,3,1,2,,,
"Sep 14, 2024 6:00 AM",23,9,14,4,2,2,5,3,2,3,1,2,8,6,2,,,,6,5,1,,,
"Sep 14, 2024 7:00 AM",101,40,61,23,10,13,22,12,10,9,2,7,49,24,25,,,,4,1,3,,,
"Sep 14, 2024 8:00 AM",162,81,81,42,27,15,49,25,24,32,18,14,100,65,35,,,,31,12,19,,,
"Sep 14, 2024 9:00 AM",252,158,94,81,42,39,66,39,27,40,21,19,163,90,73,,,,45,31,14,,,
"Sep 14, 2024 10:00 AM",338,172,166,126,65,61,90,55,35,45,24,21,201,109,92,,,,52,23,29,,,
"Sep 14, 2024 11:00 AM",484,303,181,89,44,45,102,66,36,33,17,16,223,112,111,,,,93,50,43,,,
"Sep 14, 2024 12:00 PM",498,245,253,88,49,39,75,40,35,48,18,30,178,102,76,,,,56,24,32,,,
"Sep 14, 2024 1:00 PM",535,273,262,92,57,35,65,37,28,55,20,35,284,129,155,,,,46,20,26,,,
"Sep 14, 2024 2:00 PM",474,227,247,61,28,33,60,34,26,45,20,25,199,97,102,,,,58,30,28,,,
"Sep 14, 2024 3:00 PM",402,210,192,50,29,21,46,19,27,43,20,23,137,57,80,,,,47,28,19,,,
"Sep 14, 2024 4:00 PM",433,198,235,52,26,26,39,20,19,26,11,15,149,73,76,,,,45,30,15,,,
"Sep 14, 2024 5:00 PM",343,164,179,39,13,26,45,20,25,41,15,26,104,47,57,,,,42,14,28,,,
"Sep 14, 2024 6:00 PM",226,127,99,39,22,17,37,16,21,34,15,19,95,45,50,,,,34,16,18,,,
"Sep 14, 2024 7:00 PM",294,152,142,21,7,14,54,15,39,20,8,12,145,56,89,,,,71,33,38,,,
"Sep 14, 2024 8:00 PM",186,91,95,10,2,8,30,18,12,12,7,5,20,13,7,,,,75,34,41,,,
"Sep 14, 2024 9:00 PM",107,56,51,13,5,8,16,4,12,10,4,6,10,4,6,,,,86,45,41,,,
"Sep 14, 2024 10:00 PM",44,18,26,4,1,3,16,8,8,5,3,2,7,4,3,,,,27,11,16,,,
"Sep 14, 2024 11:00 PM",37,27,10,9,2,7,4,2,2,7,3,4,1,0,1,,,,5,5,0,,,
"Sep 15, 2024 12:00 AM",1,1,0,2,1,1,4,1,3,3,1,2,40,5,35,,,,4,3,1,,,
"Sep 15, 2024 1:00 AM",1,0,1,5,1,4,2,1,1,3,1,2,2,1,1,,,,16,7,9,,,
"Sep 15, 2024 2:00 AM",1,1,0,2,1,1,0,0,0,2,1,1,9,6,3,,,,3,2,1,,,
"Sep 15, 2024 3:00 AM",1,0,1,0,0,0,0,0,0,1,0,1,5,3,2,,,,0,0,0,,,
"Sep 15, 2024 4:00 AM",1,1,0,0,0,0,0,0,0,1,0,1,1,1,0,,,,3,1,2,,,
"Sep 15, 2024 5:00 AM",2,0,2,2,2,0,0,0,0,1,1,0,1,1,0,,,,4,4,0,,,
"Sep 15, 2024 6:00 AM",12,6,6,3,1,2,7,4,3,1,1,0,22,9,13,,,,5,5,0,,,
"Sep 15, 2024 7:00 AM",77,32,45,18,9,9,9,5,4,6,1,5,47,21,26,,,,9,6,3,,,
"Sep 15, 2024 8:00 AM",213,120,93,45,33,12,48,24,24,20,11,9,109,59,50,,,,19,8,11,,,
"Sep 15, 2024 9:00 AM",318,212,106,133,100,33,68,52,16,31,18,13,142,75,67,,,,22,11,11,,,
"Sep 15, 2024 10:00 AM",397,246,151,119,67,52,82,39,43,40,24,16,143,80,63,,,,44,19,25,,,
"Sep 15, 2024 11:00 AM",489,304,185,86,52,34,68,46,22,42,18,24,128,65,63,,,,50,23,27,,,
"Sep 15, 2024 12:00 PM",472,249,223,66,35,31,73,40,33,37,21,16,122,65,57,,,,46,29,17,,,
"Sep 15, 2024 1:00 PM",749,333,416,78,34,44,85,49,36,80,32,48,142,72,70,,,,57,33,24,,,
"Sep 15, 2024 2:00 PM",572,288,284,93,40,53,65,31,34,48,28,20,189,94,95,,,,66,26,40,,,
"Sep 15, 2024 3:00 PM",665,370,295,82,39,43,91,59,32,75,45,30,154,94,60,,,,68,24,44,,,
"Sep 15, 2024 4:00 PM",781,368,413,76,46,30,68,30,38,50,34,16,244,142,102,,,,61,21,40,,,
"Sep 15, 2024 5:00 PM",640,315,325,102,52,50,74,28,46,60,24,36,216,112,104,,,,76,27,49,,,
"Sep 15, 2024 6:00 PM",480,241,239,75,40,35,82,41,41,37,12,25,222,95,127,,,,56,18,38,,,
"Sep 15, 2024 7:00 PM",339,165,174,46,26,20,70,32,38,27,8,19,171,86,85,,,,85,40,45,,,
"Sep 15, 2024 8:00 PM",215,115,100,43,20,23,47,23,24,15,7,8,145,90,55,,,,59,20,39,,,
"Sep 15, 2024 9:00 PM",87,39,48,11,4,7,16,8,8,7,2,5,16,11,5,,,,22,5,17,,,
"Sep 15, 2024 10:00 PM",41,18,23,12,2,10,8,2,6,0,0,0,43,18,25,,,,7,2,5,,,
"Sep 15, 2024 11:00 PM",10,6,4,4,2,2,2,2,0,2,1,1,180,141,39,,,,4,0,4,,,
"Sep 16, 2024 12:00 AM",0,0,0,0,0,0,1,0,1,0,0,0,60,41,19,,,,10,8,2,,,
"Sep 16, 2024 1:00 AM",0,0,0,1,0,1,0,0,0,0,0,0,30,23,7,,,,0,0,0,,,
"Sep 16, 2024 2:00 AM",0,0,0,0,0,0,0,0,0,0,0,0,13,9,4,,,,1,1,0,,,
"Sep 16, 2024 3:00 AM",1,1,0,0,0,0,0,0,0,0,0,0,14,14,0,,,,0,0,0,,,
"Sep 16, 2024 4:00 AM",1,0,1,1,1,0,1,1,0,0,0,0,10,8,2,,,,1,1,0,,,
"Sep 16, 2024 5:00 AM",9,2,7,2,2,0,3,1,2,3,2,1,12,8,4,,,,1,0,1,,,
"Sep 16, 2024 6:00 AM",48,17,31,19,11,8,23,13,10,11,10,1,65,48,17,,,,21,11,10,,,
"Sep 16, 2024 7:00 AM",82,53,29,29,11,18,17,8,9,23,8,15,97,58,39,,,,41,19,22,,,
"Sep 16, 2024 8:00 AM",125,65,60,48,24,24,21,11,10,71,36,35,254,141,113,,,,132,86,46,,,
"Sep 16, 2024 9:00 AM",184,89,95,45,26,19,38,24,14,40,26,14,167,96,71,,,,85,39,46,,,
"Sep 16, 2024 10:00 AM",250,132,118,45,20,25,48,26,22,31,17,14,127,73,54,,,,51,30,21,,,
"Sep 16, 2024 11:00 AM",304,186,118,65,33,32,22,17,5,27,12,15,121,75,46,,,,69,54,15,,,
"Sep 16, 2024 12:00 PM",329,171,158,66,39,27,38,20,18,40,15,25,129,72,57,,,,52,37,15,,,
"Sep 16, 2024 1:00 PM",389,192,197,79,26,53,54,25,29,35,21,14,241,142,99,,,,79,40,39,,,
"Sep 16, 2024 2:00 PM",342,167,175,44,23,21,47,22,25,40,18,22,166,85,81,,,,65,35,30,,,
"Sep 16, 2024 3:00 PM",369,192,177,50,23,27,30,15,15,20,10,10,159,94,65,,,,115,43,72,,,
"Sep 16, 2024 4:00 PM",416,208,208,58,26,32,78,53,25,37,17,20,354,178,176,,,,112,55,57,,,
"Sep 16, 2024 5:00 PM",327,169,158,84,60,24,54,26,28,39,16,23,572,268,304,,,,91,43,48,,,
"Sep 16, 2024 6:00 PM",300,142,158,106,57,49,69,34,35,31,14,17,333,179,154,,,,96,47,49,,,
"Sep 16, 2024 7:00 PM",388,207,181,100,61,39,75,42,33,25,14,11,229,140,89,,,,87,43,44,,,
"Sep 16, 2024 8:00 PM",265,134,131,59,24,35,41,15,26,25,13,12,78,39,39,,,,112,41,71,,,
"Sep 16, 2024 9:00 PM",119,64,55,32,13,19,24,12,12,9,4,5,106,80,26,,,,30,13,17,,,
"Sep 16, 2024 10:00 PM",25,15,10,13,6,7,8,5,3,3,1,2,127,70,57,,,,18,7,11,,,
"Sep 16, 2024 11:00 PM",8,5,3,2,1,1,3,1,2,2,0,2,56,38,18,,,,30,17,13,,,
"Sep 17, 2024 12:00 AM",0,0,0,0,0,0,1,1,0,1,0,1,33,15,18,,,,11,6,5,,,
"Sep 17, 2024 1:00 AM",2,0,2,0,0,0,0,0,0,0,0,0,18,16,2,,,,1,1,0,,,
"Sep 17, 2024 2:00 AM",0,0,0,0,0,0,0,0,0,0,0,0,6,6,0,,,,2,0,2,,,
"Sep 17, 2024 3:00 AM",1,1,0,0,0,0,0,0,0,0,0,0,1,1,0,,,,0,0,0,,,
"Sep 17, 2024 4:00 AM",2,2,0,0,0,0,0,0,0,0,0,0,1,0,1,,,,1,1,0,,,
"Sep 17, 2024 5:00 AM",12,4,8,3,2,1,3,1,2,0,0,0,7,4,3,,,,2,1,1,,,
"Sep 17, 2024 6:00 AM",51,25,26,16,12,4,10,5,5,10,3,7,57,24,33,,,,19,9,10,,,
"Sep 17, 2024 7:00 AM",89,41,48,33,9,24,15,4,11,27,14,13,100,46,54,,,,54,27,27,,,
"Sep 17, 2024 8:00 AM",124,63,61,50,22,28,31,15,16,52,27,25,166,71,95,,,,136,92,44,,,
"Sep 17, 2024 9:00 AM",163,88,75,44,19,25,38,12,26,31,17,14,92,45,47,,,,58,25,33,,,
"Sep 17, 2024 10:00 AM",230,119,111,44,28,16,35,22,13,32,17,15,105,48,57,,,,71,34,37,,,
"Sep 17, 2024 11:00 AM",311,167,144,68,34,34,33,16,17,27,19,8,120,51,69,,,,44,30,14,,,
"Sep 17, 2024 12:00 PM",352,194,158,70,28,42,29,15,14,52,23,29,199,92,107,,,,74,59,15,,,
"Sep 17, 2024 1:00 PM",437,245,192,97,59,38,62,31,31,41,18,23,249,99,150,,,,78,36,42,,,
"Sep 17, 2024 2:00 PM",411,216,195,69,29,40,26,8,18,30,14,16,259,129,130,,,,82,21,61,,,
"Sep 17, 2024 3:00 PM",482,262,220,47,22,25,51,25,26,28,11,17,285,142,143,,,,130,51,79,,,
"Sep 17, 2024 4:00 PM",403,188,215,57,33,24,42,25,17,47,23,24,397,215,182,,,,106,37,69,,,
"Sep 17, 2024 5:00 PM",424,205,219,104,55,49,65,38,27,45,21,24,329,190,139,,,,101,51,50,,,
"Sep 17, 2024 6:00 PM",394,182,212,108,62,46,62,30,32,41,22,19,449,208,241,,,,120,61,59,,,
"Sep 17, 2024 7:00 PM",499,238,261,106,63,43,59,33,26,38,16,22,398,195,203,,,,87,41,46,,,
"Sep 17, 2024 8:00 PM",329,154,175,76,27,49,47,25,22,22,10,12,179,62,117,,,,52,21,31,,,
"Sep 17, 2024 9:00 PM",98,58,40,38,20,18,19,8,11,9,4,5,104,47,57,,,,45,11,34,,,
"Sep 17, 2024 10:00 PM",49,30,19,10,7,3,6,4,2,0,0,0,67,31,36,,,,14,9,5,,,
"Sep 17, 2024 11:00 PM",13,7,6,6,4,2,1,0,1,1,1,0,74,45,29,,,,4,2,2,,,
"Sep 18, 2024 12:00 AM",0,0,0,0,0,0,1,0,1,1,1,0,70,29,41,,,,2,1,1,,,
"Sep 18, 2024 1:00 AM",1,1,0,0,0,0,0,0,0,0,0,0,4,2,2,,,,3,2,1,,,
"Sep 18, 2024 2:00 AM",0,0,0,0,0,0,0,0,0,0,0,0,0,0,0,,,,1,1,0,,,
"Sep 18, 2024 3:00 AM",0,0,0,2,0,2,1,0,1,0,0,0,4,2,2,,,,0,0,0,,,
"Sep 18, 2024 4:00 AM",0,0,0,0,0,0,0,0,0,2,2,0,35,30,5,,,,4,1,3,,,
"Sep 18, 2024 5:00 AM",10,3,7,4,0,4,2,2,0,2,1,1,47,45,2,,,,3,0,3,,,
"Sep 18, 2024 6:00 AM",36,18,18,19,11,8,15,11,4,6,4,2,64,38,26,,,,18,5,13,,,
"Sep 18, 2024 7:00 AM",134,68,66,48,20,28,27,12,15,25,14,11,233,160,73,,,,31,16,15,,,
"Sep 18, 2024 8:00 AM",172,97,75,51,23,28,38,23,15,53,28,25,195,84,111,,,,116,81,35,,,
"Sep 18, 2024 9:00 AM",145,69,76,55,18,37,38,19,19,35,13,22,107,54,53,,,,67,32,35,,,
"Sep 18, 2024 10:00 AM",230,128,102,42,20,22,32,24,8,26,11,15,104,62,42,,,,45,26,19,,,
"Sep 18, 2024 11:00 AM",329,173,156,53,30,23,32,19,13,37,18,19,146,74,72,,,,50,36,14,,,
"Sep 18, 2024 12:00 PM",397,200,197,73,34,39,62,42,20,29,17,12,173,101,72,,,,72,48,24,,,
"Sep 18, 2024 1:00 PM",429,224,205,55,30,25,75,52,23,35,18,17,323,131,192,,,,79,42,37,,,
"Sep 18, 2024 2:00 PM",319,151,168,103,50,53,39,21,18,37,20,17,241,116,125,,,,91,37,54,,,
"Sep 18, 2024 3:00 PM",386,203,183,56,26,30,39,20,19,33,15,18,575,210,365,,,,138,57,81,,,
"Sep 18, 2024 4:00 PM",434,215,219,62,32,30,40,25,15,40,19,21,478,159,319,,,,102,30,72,,,
"Sep 18, 2024 5:00 PM",362,173,189,83,45,38,50,29,21,31,14,17,401,168,233,,,,112,48,64,,,
"Sep 18, 2024 6:00 PM",351,155,196,90,43,47,48,26,22,19,7,12,202,116,86,,,,86,36,50,,,
"Sep 18, 2024 7:00 PM",288,149,139,83,48,35,43,24,19,18,9,9,171,87,84,,,,84,29,55,,,
"Sep 18, 2024 8:00 PM",220,104,116,45,17,28,38,19,19,12,5,7,25,12,13,,,,53,22,31,,,
"Sep 18, 2024 9:00 PM",91,39,52,33,19,14,22,10,12,13,7,6,84,59,25,,,,28,7,21,,,
"Sep 18, 2024 10:00 PM",23,10,13,22,9,13,12,2,10,3,0,3,28,16,12,,,,15,6,9,,,
"Sep 18, 2024 11:00 PM",10,5,5,3,0,3,4,0,4,1,1,0,32,15,17,,,,9,3,6,,,
"Sep 19, 2024 12:00 AM",0,0,0,0,0,0,2,2,0,2,0,2,7,2,5,,,,2,2,0,,,
"Sep 19, 2024 1:00 AM",0,0,0,0,0,0,2,0,2,0,0,0,1,1,0,,,,1,1,0,,,
"Sep 19, 2024 2:00 AM",0,0,0,0,0,0,0,0,0,0,0,0,0,0,0,,,,2,1,1,,,
"Sep 19, 2024 3:00 AM",0,0,0,1,0,1,0,0,0,0,0,0,2,0,2,,,,2,0,2,,,
"Sep 19, 2024 4:00 AM",1,1,0,0,0,0,0,0,0,0,0,0,1,1,0,,,,0,0,0,,,
"Sep 19, 2024 5:00 AM",8,1,7,0,0,0,1,1,0,0,0,0,5,3,2,,,,3,0,3,,,
"Sep 19, 2024 6:00 AM",51,31,20,21,13,8,13,6,7,11,8,3,36,28,8,,,,10,5,5,,,
"Sep 19, 2024 7:00 AM",117,64,53,40,24,16,27,12,15,15,7,8,84,41,43,,,,42,19,23,,,
"Sep 19, 2024 8:00 AM",164,83,81,47,25,22,37,21,16,52,23,29,158,75,83,,,,150,105,45,,,
"Sep 19, 2024 9:00 AM",218,95,123,38,19,19,68,22,46,31,12,19,111,43,68,,,,58,23,35,,,
"Sep 19, 2024 10:00 AM",254,151,103,62,34,28,27,13,14,33,21,12,150,59,91,,,,45,26,19,,,
"Sep 19, 2024 11:00 AM",341,190,151,57,27,30,42,24,18,28,14,14,148,48,100,,,,54,31,23,,,
"Sep 19, 2024 12:00 PM",371,190,181,82,48,34,53,26,27,31,9,22,124,68,56,,,,60,33,27,,,
"Sep 19, 2024 1:00 PM",419,219,200,55,23,32,87,53,34,43,23,20,224,107,117,,,,45,19,26,,,
"Sep 19, 2024 2:00 PM",353,143,210,35,16,19,33,13,20,31,15,16,212,129,83,,,,69,29,40,,,
"Sep 19, 2024 3:00 PM",300,168,132,47,21,26,35,25,10,23,14,9,232,105,127,,,,125,48,77,,,
"Sep 19, 2024 4:00 PM",306,168,138,46,19,27,40,22,18,44,26,18,389,139,250,,,,131,48,83,,,
"Sep 19, 2024 5:00 PM",281,149,132,78,49,29,48,24,24,38,14,24,351,140,211,,,,61,24,37,,,
"Sep 19, 2024 6:00 PM",242,110,132,67,34,33,53,33,20,31,16,15,185,69,116,,,,87,32,55,,,
"Sep 19, 2024 7:00 PM",287,134,153,64,42,22,48,28,20,23,10,13,195,94,101,,,,99,43,56,,,
"Sep 19, 2024 8:00 PM",192,95,97,49,21,28,38,17,21,15,7,8,124,45,79,,,,42,17,25,,,
"Sep 19, 2024 9:00 PM",88,48,40,27,14,13,34,15,19,6,4,2,39,18,21,,,,31,9,22,,,
"Sep 19, 2024 10:00 PM",31,20,11,6,4,2,6,2,4,2,2,0,8,4,4,,,,15,4,11,,,
"Sep 19, 2024 11:00 PM",21,15,6,2,1,1,1,0,1,0,0,0,15,0,15,,,,8,3,5,,,
"Sep 20, 2024 12:00 AM",0,0,0,1,1,0,2,1,1,4,1,3,41,18,23,,,,7,6,1,,,
"Sep 20, 2024 1:00 AM",1,0,1,0,0,0,0,0,0,0,0,0,1,1,0,,,,2,1,1,,,
"Sep 20, 2024 2:00 AM",1,1,0,0,0,0,0,0,0,1,0,1,2,2,0,,,,0,0,0,,,
"Sep 20, 2024 3:00 AM",0,0,0,1,1,0,1,1,0,0,0,0,2,1,1,,,,0,0,0,,,
"Sep 20, 2024 4:00 AM",1,1,0,1,0,1,0,0,0,0,0,0,0,0,0,,,,3,2,1,,,
"Sep 20, 2024 5:00 AM",8,2,6,4,3,1,2,2,0,2,1,1,4,2,2,,,,4,0,4,,,
"Sep 20, 2024 6:00 AM",71,35,36,14,6,8,14,10,4,9,6,3,37,20,17,,,,14,9,5,,,
"Sep 20, 2024 7:00 AM",89,59,30,26,14,12,22,13,9,14,5,9,117,68,49,,,,35,11,24,,,
"Sep 20, 2024 8:00 AM",137,64,73,48,26,22,41,23,18,53,34,19,211,141,70,,,,118,84,34,,,
"Sep 20, 2024 9:00 AM",161,73,88,39,24,15,32,13,19,33,14,19,115,67,48,,,,47,20,27,,,
"Sep 20, 2024 10:00 AM",209,123,86,66,38,28,44,26,18,14,5,9,150,96,54,,,,42,22,20,,,
"Sep 20, 2024 11:00 AM",232,123,109,49,29,20,25,12,13,25,9,16,217,138,79,,,,35,17,18,,,
"Sep 20, 2024 12:00 PM",259,138,121,47,22,25,35,19,16,28,13,15,148,76,72,,,,60,25,35,,,
"Sep 20, 2024 1:00 PM",207,118,89,54,25,29,36,20,16,32,16,16,184,119,65,,,,100,24,76,,,
"Sep 20, 2024 2:00 PM",212,104,108,41,22,19,26,12,14,34,13,21,205,131,74,,,,73,25,48,,,
"Sep 20, 2024 3:00 PM",187,98,89,58,29,29,40,26,14,25,10,15,270,126,144,,,,64,35,29,,,
"Sep 20, 2024 4:00 PM",171,75,96,29,19,10,35,22,13,26,13,13,387,176,211,,,,74,36,38,,,
"Sep 20, 2024 5:00 PM",168,90,78,44,28,16,42,24,18,25,13,12,443,200,243,,,,66,35,31,,,
"Sep 20, 2024 6:00 PM",164,80,84,48,27,21,54,26,28,16,10,6,330,132,198,,,,69,25,44,,,
"Sep 20, 2024 7:00 PM",153,78,75,29,18,11,52,24,28,39,22,17,104,67,37,,,,74,34,40,,,
"Sep 20, 2024 8:00 PM",102,48,54,29,13,16,21,7,14,20,12,8,48,28,20,,,,101,54,47,,,
"Sep 20, 2024 9:00 PM",78,37,41,21,12,9,18,9,9,6,4,2,66,38,28,,,,37,18,19,,,
"Sep 20, 2024 10:00 PM",39,28,11,14,3,11,11,8,3,1,1,0,103,58,45,,,,26,11,15,,,
"Sep 20, 2024 11:00 PM",19,9,10,2,0,2,9,4,5,1,1,0,17,8,9,,,,19,9,10,,,
"Sep 21, 2024 12:00 AM",2,2,0,0,0,0,1,1,0,2,1,1,417,164,253,,,,14,8,6,,,
"Sep 21, 2024 1:00 AM",3,2,1,0,0,0,0,0,0,0,0,0,95,51,44,,,,5,5,0,,,
"Sep 21, 2024 2:00 AM",1,0,1,1,0,1,0,0,0,0,0,0,132,105,27,,,,26,16,10,,,
"Sep 21, 2024 3:00 AM",0,0,0,0,0,0,0,0,0,2,0,2,47,36,11,,,,18,10,8,,,
"Sep 21, 2024 4:00 AM",2,2,0,0,0,0,1,1,0,0,0,0,41,26,15,,,,1,1,0,,,
"Sep 21, 2024 5:00 AM",4,1,3,1,0,1,0,0,0,2,0,2,218,178,40,,,,0,0,0,,,
"Sep 21, 2024 6:00 AM",27,11,16,4,3,1,5,5,0,4,1,3,96,72,24,,,,3,1,2,,,
"Sep 21, 2024 7:00 AM",110,60,50,35,21,14,28,17,11,15,6,9,160,91,69,,,,10,7,3,,,
"Sep 21, 2024 8:00 AM",140,70,70,58,29,29,36,16,20,19,11,8,289,152,137,,,,21,9,12,,,
"Sep 21, 2024 9:00 AM",309,136,173,62,38,24,60,30,30,26,13,13,239,140,99,,,,36,19,17,,,
"Sep 21, 2024 10:00 AM",386,229,157,95,51,44,64,36,28,48,22,26,575,293,282,,,,49,27,22,,,
"Sep 21, 2024 11:00 AM",340,173,167,104,63,41,89,41,48,48,23,25,391,191,200,,,,72,30,42,,,
"Sep 21, 2024 12:00 PM",339,189,150,106,54,52,65,36,29,45,24,21,362,174,188,,,,60,28,32,,,
"Sep 21, 2024 1:00 PM",358,177,181,85,40,45,43,22,21,47,23,24,284,125,159,,,,50,19,31,,,
"Sep 21, 2024 2:00 PM",314,173,141,61,38,23,57,36,21,24,14,10,299,151,148,,,,77,32,45,,,
"Sep 21, 2024 3:00 PM",319,174,145,49,25,24,50,27,23,23,7,16,327,172,155,,,,41,24,17,,,
"Sep 21, 2024 4:00 PM",315,162,153,45,26,19,57,30,27,23,13,10,473,254,219,,,,41,20,21,,,
"Sep 21, 2024 5:00 PM",264,126,138,44,20,24,39,16,23,28,13,15,284,135,149,,,,70,31,39,,,
"Sep 21, 2024 6:00 PM",165,92,73,37,12,25,33,15,18,24,10,14,264,130,134,,,,40,19,21,,,
"Sep 21, 2024 7:00 PM",147,81,66,20,12,8,30,11,19,18,9,9,396,183,213,,,,32,13,19,,,
"Sep 21, 2024 8:00 PM",84,48,36,22,9,13,19,4,15,6,4,2,295,95,200,,,,26,9,17,,,
"Sep 21, 2024 9:00 PM",46,18,28,13,7,6,6,4,2,5,3,2,106,52,54,,,,32,15,17,,,
"Sep 21, 2024 10:00 PM",32,11,21,7,5,2,18,8,10,2,1,1,49,24,25,,,,21,13,8,,,
"Sep 21, 2024 11:00 PM",20,8,12,6,3,3,7,1,6,1,1,0,135,60,75,,,,10,3,7,,,
"Sep 22, 2024 12:00 AM",1,1,0,3,0,3,9,3,6,3,1,2,55,21,34,,,,27,21,6,,,
"Sep 22, 2024 1:00 AM",4,3,1,1,0,1,1,0,1,0,0,0,6,5,1,,,,35,17,18,,,
"Sep 22, 2024 2:00 AM",2,2,0,0,0,0,0,0,0,1,1,0,3,2,1,,,,5,4,1,,,
"Sep 22, 2024 3:00 AM",0,0,0,0,0,0,0,0,0,0,0,0,2,1,1,,,,0,0,0,,,
"Sep 22, 2024 4:00 AM",0,0,0,0,0,0,0,0,0,2,0,2,1,0,1,,,,5,5,0,,,
"Sep 22, 2024 5:00 AM",1,0,1,0,0,0,0,0,0,0,0,0,1,0,1,,,,1,1,0,,,
"Sep 22, 2024 6:00 AM",10,3,7,4,2,2,3,1,2,2,1,1,12,8,4,,,,4,4,0,,,
"Sep 22, 2024 7:00 AM",37,21,16,10,5,5,8,5,3,4,0,4,18,10,8,,,,14,6,8,,,
"Sep 22, 2024 8:00 AM",117,55,62,41,21,20,38,20,18,16,5,11,55,33,22,,,,17,8,9,,,
"Sep 22, 2024 9:00 AM",182,95,87,60,35,25,46,29,17,15,4,11,112,67,45,,,,26,16,10,,,
"Sep 22, 2024 10:00 AM",262,148,114,88,42,46,70,33,37,31,14,17,203,121,82,,,,50,26,24,,,
"Sep 22, 2024 11:00 AM",466,277,189,94,50,44,49,29,20,41,19,22,341,193,148,,,,64,42,22,,,
"Sep 22, 2024 12:00 PM",443,227,216,87,51,36,75,41,34,59,27,32,227,138,89,,,,62,33,29,,,
"Sep 22, 2024 1:00 PM",439,254,185,108,64,44,106,59,47,43,18,25,183,94,89,,,,55,32,23,,,
"Sep 22, 2024 2:00 PM",422,238,184,68,38,30,79,38,41,32,12,20,155,97,58,,,,60,28,32,,,
"Sep 22, 2024 3:00 PM",442,228,214,80,41,39,66,35,31,46,27,19,180,132,48,,,,56,23,33,,,
"Sep 22, 2024 4:00 PM",417,202,215,52,21,31,61,25,36,44,24,20,189,93,96,,,,44,24,20,,,
"Sep 22, 2024 5:00 PM",275,142,133,50,25,25,39,24,15,36,17,19,144,72,72,,,,54,28,26,,,
"Sep 22, 2024 6:00 PM",159,79,80,40,17,23,35,15,20,25,8,17,133,46,87,,,,45,18,27,,,
"Sep 22, 2024 7:00 PM",111,58,53,31,16,15,18,9,9,6,2,4,74,35,39,,,,30,14,16,,,
"Sep 22, 2024 8:00 PM",72,42,30,15,8,7,20,10,10,13,8,5,76,44,32,,,,48,24,24,,,
"Sep 22, 2024 9:00 PM",43,26,17,12,7,5,13,10,3,5,5,0,95,44,51,,,,45,18,27,,,
"Sep 22, 2024 10:00 PM",15,7,8,5,4,1,5,2,3,5,2,3,69,41,28,,,,6,3,3,,,
"Sep 22, 2024 11:00 PM",13,5,8,2,1,1,1,1,0,1,0,1,32,19,13,,,,7,4,3,,,
"Sep 23, 2024 12:00 AM",0,0,0,0,0,0,0,0,0,0,0,0,16,16,0,,,,2,2,0,,,
"Sep 23, 2024 1:00 AM",0,0,0,0,0,0,0,0,0,0,0,0,7,7,0,,,,0,0,0,,,
"Sep 23, 2024 2:00 AM",0,0,0,0,0,0,0,0,0,0,0,0,2,2,0,,,,0,0,0,,,
"Sep 23, 2024 3:00 AM",0,0,0,0,0,0,0,0,0,0,0,0,7,5,2,,,,0,0,0,,,
"Sep 23, 2024 4:00 AM",0,0,0,0,0,0,0,0,0,0,0,0,5,5,0,,,,2,2,0,,,
"Sep 23, 2024 5:00 AM",7,3,4,4,2,2,1,1,0,0,0,0,2,2,0,,,,4,1,3,,,
"Sep 23, 2024 6:00 AM",28,10,18,9,5,4,18,9,9,7,5,2,7,6,1,,,,16,9,7,,,
"Sep 23, 2024 7:00 AM",73,40,33,26,8,18,20,10,10,21,4,17,71,38,33,,,,32,16,16,,,
"Sep 23, 2024 8:00 AM",97,49,48,43,20,23,34,18,16,49,17,32,116,50,66,,,,122,80,42,,,
"Sep 23, 2024 9:00 AM",116,61,55,35,19,16,22,15,7,29,18,11,75,33,42,,,,60,33,27,,,
"Sep 23, 2024 10:00 AM",172,90,82,41,29,12,25,13,12,15,9,6,70,32,38,,,,37,18,19,,,
"Sep 23, 2024 11:00 AM",173,94,79,36,16,20,30,18,12,25,12,13,85,35,50,,,,36,20,16,,,
"Sep 23, 2024 12:00 PM",162,78,84,41,17,24,25,13,12,36,22,14,109,44,65,,,,52,25,27,,,
"Sep 23, 2024 1:00 PM",193,106,87,31,16,15,39,21,18,21,11,10,105,63,42,,,,71,34,37,,,
"Sep 23, 2024 2:00 PM",155,64,91,33,18,15,14,8,6,42,25,17,68,39,29,,,,75,33,42,,,
"Sep 23, 2024 3:00 PM",110,54,56,31,20,11,23,9,14,28,12,16,66,42,24,,,,94,28,66,,,
"Sep 23, 2024 4:00 PM",115,47,68,45,18,27,32,18,14,35,18,17,149,55,94,,,,81,38,43,,,
"Sep 23, 2024 5:00 PM",124,66,58,49,31,18,30,16,14,30,17,13,266,135,131,,,,62,28,34,,,
"Sep 23, 2024 6:00 PM",161,72,89,74,55,19,42,24,18,37,15,22,266,150,116,,,,85,30,55,,,
"Sep 23, 2024 7:00 PM",199,94,105,62,31,31,38,23,15,23,13,10,170,113,57,,,,67,26,41,,,
"Sep 23, 2024 8:00 PM",122,69,53,44,13,31,28,17,11,16,9,7,25,17,8,,,,41,17,24,,,
"Sep 23, 2024 9:00 PM",62,29,33,22,12,10,16,6,10,14,6,8,41,19,22,,,,35,12,23,,,
"Sep 23, 2024 10:00 PM",17,14,3,11,5,6,6,1,5,5,2,3,95,50,45,,,,20,12,8,,,
"Sep 23, 2024 11:00 PM",9,4,5,2,0,2,3,0,3,1,0,1,12,10,2,,,,5,1,4,,,
"Sep 24, 2024 12:00 AM",0,0,0,0,0,0,1,0,1,1,0,1,14,7,7,,,,7,4,3,,,
"Sep 24, 2024 1:00 AM",0,0,0,0,0,0,1,0,1,0,0,0,21,17,4,,,,3,2,1,,,
"Sep 24, 2024 2:00 AM",3,0,3,0,0,0,0,0,0,0,0,0,2,1,1,,,,0,0,0,,,
"Sep 24, 2024 3:00 AM",0,0,0,0,0,0,0,0,0,0,0,0,0,0,0,,,,0,0,0,,,
"Sep 24, 2024 4:00 AM",2,2,0,0,0,0,0,0,0,0,0,0,0,0,0,,,,1,1,0,,,
"Sep 24, 2024 5:00 AM",15,7,8,2,1,1,3,1,2,3,2,1,26,11,15,,,,4,0,4,,,
"Sep 24, 2024 6:00 AM",35,23,12,24,15,9,16,11,5,7,6,1,24,15,9,,,,17,10,7,,,
"Sep 24, 2024 7:00 AM",91,55,36,27,8,19,21,10,11,15,7,8,88,60,28,,,,34,19,15,,,
"Sep 24, 2024 8:00 AM",129,59,70,44,18,26,33,17,16,64,37,27,218,105,113,,,,137,89,48,,,
"Sep 24, 2024 9:00 AM",144,80,64,44,23,21,46,22,24,40,23,17,91,38,53,,,,49,24,25,,,
"Sep 24, 2024 10:00 AM",184,101,83,55,27,28,47,21,26,28,15,13,61,35,26,,,,49,21,28,,,
"Sep 24, 2024 11:00 AM",194,102,92,43,21,22,33,20,13,34,23,11,80,44,36,,,,35,14,21,,,
"Sep 24, 2024 12:00 PM",239,124,115,38,23,15,35,22,13,29,14,15,91,46,45,,,,60,29,31,,,
"Sep 24, 2024 1:00 PM",235,115,120,41,21,20,55,38,17,28,17,11,133,77,56,,,,65,31,34,,,
"Sep 24, 2024 2:00 PM",237,113,124,35,18,17,36,20,16,26,16,10,163,101,62,,,,63,32,31,,,
"Sep 24, 2024 3:00 PM",188,94,94,26,14,12,33,19,14,36,19,17,173,89,84,,,,98,31,67,,,
"Sep 24, 2024 4:00 PM",170,94,76,41,27,14,33,16,17,36,17,19,123,71,52,,,,90,37,53,,,
"Sep 24, 2024 5:00 PM",160,80,80,53,30,23,49,31,18,34,14,20,231,131,100,,,,89,36,53,,,
"Sep 24, 2024 6:00 PM",206,102,104,82,43,39,47,30,17,55,27,28,175,103,72,,,,108,41,67,,,
"Sep 24, 2024 7:00 PM",251,134,117,73,42,31,59,32,27,20,10,10,188,91,97,,,,99,45,54,,,
"Sep 24, 2024 8:00 PM",185,98,87,53,21,32,33,15,18,19,7,12,153,75,78,,,,44,15,29,,,
"Sep 24, 2024 9:00 PM",64,31,33,22,9,13,14,7,7,6,2,4,62,17,45,,,,37,11,26,,,
"Sep 24, 2024 10:00 PM",30,17,13,8,1,7,6,3,3,2,2,0,57,25,32,,,,9,6,3,,,
"Sep 24, 2024 11:00 PM",13,6,7,8,5,3,0,0,0,1,0,1,12,7,5,,,,8,4,4,,,
"Sep 25, 2024 12:00 AM",0,0,0,0,0,0,1,1,0,1,1,0,0,0,0,,,,5,2,3,,,
"Sep 25, 2024 1:00 AM",0,0,0,1,1,0,1,1,0,0,0,0,0,0,0,,,,3,2,1,,,
"Sep 25, 2024 2:00 AM",2,2,0,0,0,0,0,0,0,0,0,0,0,0,0,,,,0,0,0,,,
"Sep 25, 2024 3:00 AM",0,0,0,1,1,0,1,0,1,0,0,0,4,3,1,,,,1,1,0,,,
"Sep 25, 2024 4:00 AM",0,0,0,2,1,1,0,0,0,0,0,0,1,1,0,,,,1,0,1,,,
"Sep 25, 2024 5:00 AM",22,16,6,0,0,0,0,0,0,3,2,1,5,0,5,,,,7,2,5,,,
"Sep 25, 2024 6:00 AM",43,24,19,19,11,8,14,9,5,8,4,4,44,34,10,,,,14,9,5,,,
"Sep 25, 2024 7:00 AM",98,41,57,38,15,23,24,8,16,23,7,16,86,51,35,,,,32,15,17,,,
"Sep 25, 2024 8:00 AM",113,52,61,50,23,27,24,12,12,48,21,27,154,70,84,,,,111,75,36,,,
"Sep 25, 2024 9:00 AM",112,66,46,41,16,25,31,18,13,25,12,13,171,78,93,,,,50,13,37,,,
"Sep 25, 2024 10:00 AM",175,109,66,36,17,19,34,15,19,21,12,9,147,61,86,,,,38,18,20,,,
"Sep 25, 2024 11:00 AM",176,78,98,31,19,12,27,19,8,29,11,18,137,53,84,,,,48,26,22,,,
"Sep 25, 2024 12:00 PM",88,42,46,20,5,15,23,6,17,25,14,11,138,67,71,,,,37,14,23,,,
"Sep 25, 2024 1:00 PM",66,35,31,19,9,10,14,10,4,21,13,8,65,30,35,,,,47,14,33,,,
"Sep 25, 2024 2:00 PM",32,11,21,12,1,11,11,6,5,17,6,11,28,17,11,,,,36,15,21,,,
"Sep 25, 2024 3:00 PM",25,12,13,3,1,2,11,6,5,11,8,3,58,30,28,,,,51,13,38,,,
"Sep 25, 2024 4:00 PM",12,6,6,5,4,1,9,7,2,8,3,5,45,19,26,,,,45,18,27,,,
"Sep 25, 2024 5:00 PM",28,18,10,15,9,6,22,14,8,10,4,6,43,25,18,,,,48,21,27,,,
"Sep 25, 2024 6:00 PM",46,26,20,29,22,7,23,16,7,22,13,9,103,63,40,,,,34,15,19,,,
"Sep 25, 2024 7:00 PM",43,19,24,27,14,13,19,8,11,15,5,10,135,86,49,,,,35,17,18,,,
"Sep 25, 2024 8:00 PM",30,18,12,24,7,17,21,10,11,9,6,3,96,70,26,,,,21,9,12,,,
"Sep 25, 2024 9:00 PM",28,13,15,9,8,1,14,12,2,5,3,2,109,97,12,,,,24,13,11,,,
"Sep 25, 2024 10:00 PM",18,9,9,4,3,1,5,2,3,3,3,0,29,25,4,,,,13,5,8,,,
"Sep 25, 2024 11:00 PM",6,4,2,2,1,1,8,3,5,0,0,0,33,19,14,,,,3,2,1,,,
"Sep 26, 2024 12:00 AM",0,0,0,0,0,0,0,0,0,1,0,1,1,1,0,,,,4,4,0,,,
"Sep 26, 2024 1:00 AM",2,2,0,0,0,0,0,0,0,0,0,0,1,0,1,,,,1,1,0,,,
"Sep 26, 2024 2:00 AM",1,0,1,0,0,0,0,0,0,0,0,0,1,1,0,,,,5,3,2,,,
"Sep 26, 2024 3:00 AM",0,0,0,1,0,1,0,0,0,0,0,0,0,0,0,,,,0,0,0,,,
"Sep 26, 2024 4:00 AM",0,0,0,0,0,0,0,0,0,0,0,0,0,0,0,,,,2,2,0,,,
"Sep 26, 2024 5:00 AM",11,3,8,2,1,1,2,1,1,0,0,0,2,0,2,,,,4,1,3,,,
"Sep 26, 2024 6:00 AM",45,21,24,10,6,4,18,11,7,4,3,1,15,9,6,,,,11,5,6,,,
"Sep 26, 2024 7:00 AM",65,39,26,32,11,21,15,6,9,12,5,7,78,52,26,,,,29,8,21,,,
"Sep 26, 2024 8:00 AM",97,47,50,28,14,14,25,12,13,41,14,27,116,71,45,,,,90,64,26,,,
"Sep 26, 2024 9:00 AM",107,64,43,36,20,16,28,16,12,16,8,8,68,39,29,,,,40,19,21,,,
"Sep 26, 2024 10:00 AM",92,50,42,42,15,27,28,15,13,8,4,4,67,40,27,,,,41,22,19,,,
"Sep 26, 2024 11:00 AM",120,59,61,22,11,11,19,7,12,20,11,9,63,42,21,,,,41,20,21,,,
"Sep 26, 2024 12:00 PM",106,62,44,31,16,15,35,21,14,25,5,20,43,29,14,,,,44,15,29,,,
"Sep 26, 2024 1:00 PM",129,73,56,21,10,11,30,13,17,34,20,14,57,34,23,,,,41,18,23,,,
"Sep 26, 2024 2:00 PM",82,33,49,17,10,7,22,11,11,16,9,7,89,55,34,,,,32,16,16,,,
"Sep 26, 2024 3:00 PM",56,23,33,12,10,2,9,6,3,12,4,8,69,27,42,,,,56,15,41,,,
"Sep 26, 2024 4:00 PM",44,24,20,12,6,6,18,12,6,19,8,11,73,30,43,,,,38,18,20,,,
"Sep 26, 2024 5:00 PM",18,11,7,21,15,6,20,15,5,18,7,11,51,22,29,,,,23,12,11,,,
"Sep 26, 2024 6:00 PM",26,13,13,10,7,3,8,4,4,8,6,2,20,8,12,,,,30,7,23,,,
"Sep 26, 2024 7:00 PM",22,15,7,13,7,6,15,6,9,2,1,1,34,15,19,,,,17,8,9,,,
"Sep 26, 2024 8:00 PM",8,5,3,3,1,2,1,0,1,0,0,0,5,2,3,,,,7,0,7,,,
"Sep 26, 2024 9:00 PM",6,4,2,5,5,0,6,4,2,1,1,0,5,3,2,,,,8,4,4,,,
"Sep 26, 2024 10:00 PM",5,4,1,6,4,2,1,0,1,2,0,2,40,11,29,,,,4,2,2,,,
"Sep 26, 2024 11:00 PM",3,2,1,2,1,1,1,0,1,1,1,0,13,7,6,,,,4,3,1,,,
"Sep 27, 2024 12:00 AM",0,0,0,1,1,0,5,2,3,1,1,0,3,0,3,,,,8,7,1,,,
"Sep 27, 2024 1:00 AM",0,0,0,0,0,0,0,0,0,0,0,0,4,4,0,,,,4,3,1,,,
"Sep 27, 2024 2:00 AM",0,0,0,0,0,0,0,0,0,0,0,0,0,0,0,,,,2,1,1,,,
"Sep 27, 2024 3:00 AM",0,0,0,0,0,0,2,1,1,0,0,0,0,0,0,,,,0,0,0,,,
"Sep 27, 2024 4:00 AM",0,0,0,0,0,0,0,0,0,0,0,0,0,0,0,,,,2,2,0,,,
"Sep 27, 2024 5:00 AM",7,1,6,4,2,2,1,0,1,0,0,0,1,1,0,,,,3,0,3,,,
"Sep 27, 2024 6:00 AM",29,12,17,14,5,9,11,5,6,8,6,2,16,10,6,,,,8,3,5,,,
"Sep 27, 2024 7:00 AM",84,50,34,31,13,18,23,13,10,11,3,8,105,64,41,,,,22,5,17,,,
"Sep 27, 2024 8:00 AM",123,59,64,67,26,41,35,17,18,38,17,21,115,72,43,,,,99,69,30,,,
"Sep 27, 2024 9:00 AM",135,66,69,40,19,21,36,19,17,24,16,8,114,61,53,,,,41,20,21,,,
"Sep 27, 2024 10:00 AM",166,89,77,46,28,18,42,31,11,38,18,20,79,44,35,,,,46,28,18,,,
"Sep 27, 2024 11:00 AM",249,141,108,61,38,23,39,20,19,39,18,21,75,46,29,,,,40,22,18,,,
"Sep 27, 2024 12:00 PM",239,117,122,57,29,28,49,29,20,30,16,14,100,41,59,,,,61,23,38,,,
"Sep 27, 2024 1:00 PM",129,49,80,38,18,20,29,19,10,19,7,12,111,47,64,,,,58,23,35,,,
"Sep 27, 2024 2:00 PM",148,66,82,29,19,10,29,15,14,32,16,16,78,41,37,,,,68,34,34,,,
"Sep 27, 2024 3:00 PM",179,96,83,52,25,27,28,17,11,24,11,13,107,36,71,,,,57,25,32,,,
"Sep 27, 2024 4:00 PM",163,79,84,52,38,14,30,15,15,39,13,26,87,47,40,,,,68,33,35,,,
"Sep 27, 2024 5:00 PM",132,71,61,34,23,11,39,16,23,37,16,21,65,34,31,,,,63,31,32,,,
"Sep 27, 2024 6:00 PM",133,65,68,39,21,18,42,25,17,25,10,15,90,49,41,,,,63,24,39,,,
"Sep 27, 2024 7:00 PM",144,86,58,41,15,26,50,28,22,13,9,4,66,26,40,,,,47,20,27,,,
"Sep 27, 2024 8:00 PM",97,48,49,17,7,10,23,9,14,8,3,5,59,30,29,,,,36,19,17,,,
"Sep 27, 2024 9:00 PM",45,28,17,10,5,5,10,5,5,10,8,2,49,15,34,,,,30,14,16,,,
"Sep 27, 2024 10:00 PM",24,11,13,11,8,3,12,8,4,4,2,2,248,84,164,,,,13,7,6,,,
"Sep 27, 2024 11:00 PM",10,5,5,8,1,7,7,6,1,0,0,0,44,14,30,,,,5,2,3,,,
"Sep 28, 2024 12:00 AM",3,3,0,2,0,2,0,0,0,5,0,5,14,6,8,,,,7,5,2,,,
"Sep 28, 2024 1:00 AM",4,2,2,3,0,3,0,0,0,0,0,0,0,0,0,,,,12,10,2,,,
"Sep 28, 2024 2:00 AM",0,0,0,0,0,0,1,0,1,0,0,0,7,3,4,,,,10,9,1,,,
"Sep 28, 2024 3:00 AM",1,0,1,0,0,0,0,0,0,1,0,1,2,0,2,,,,4,3,1,,,
"Sep 28, 2024 4:00 AM",0,0,0,0,0,0,0,0,0,2,1,1,1,1,0,,,,13,11,2,,,
"Sep 28, 2024 5:00 AM",9,5,4,1,1,0,1,1,0,0,0,0,0,0,0,,,,0,0,0,,,
"Sep 28, 2024 6:00 AM",15,6,9,4,3,1,3,2,1,2,2,0,25,22,3,,,,8,2,6,,,
"Sep 28, 2024 7:00 AM",68,41,27,27,15,12,21,13,8,9,4,5,47,32,15,,,,5,3,2,,,
"Sep 28, 2024 8:00 AM",171,98,73,60,34,26,44,19,25,18,6,12,83,46,37,,,,24,12,12,,,
"Sep 28, 2024 9:00 AM",273,161,112,95,39,56,73,34,39,70,51,19,141,77,64,,,,62,33,29,,,
"Sep 28, 2024 10:00 AM",363,200,163,126,77,49,90,54,36,89,30,59,175,103,72,,,,46,13,33,,,
"Sep 28, 2024 11:00 AM",447,249,198,134,62,72,93,56,37,61,29,32,253,136,117,,,,83,36,47,,,
"Sep 28, 2024 12:00 PM",582,295,287,132,75,57,72,48,24,66,28,38,173,74,99,,,,59,30,29,,,
"Sep 28, 2024 1:00 PM",599,327,272,77,41,36,55,35,20,49,24,25,142,68,74,,,,46,20,26,,,
"Sep 28, 2024 2:00 PM",561,311,250,92,55,37,76,46,30,53,28,25,175,91,84,,,,58,22,36,,,
"Sep 28, 2024 3:00 PM",502,268,234,77,43,34,66,36,30,60,31,29,166,113,53,,,,49,23,26,,,
"Sep 28, 2024 4:00 PM",542,246,296,86,47,39,63,39,24,45,19,26,147,79,68,,,,30,12,18,,,
"Sep 28, 2024 5:00 PM",377,172,205,53,26,27,57,28,29,39,22,17,156,93,63,,,,49,21,28,,,
"Sep 28, 2024 6:00 PM",311,126,185,48,26,22,54,18,36,40,27,13,74,39,35,,,,45,19,26,,,
"Sep 28, 2024 7:00 PM",211,115,96,37,17,20,38,18,20,14,8,6,72,33,39,,,,42,21,21,,,
"Sep 28, 2024 8:00 PM",113,53,60,47,34,13,26,15,11,24,8,16,17,10,7,,,,36,16,20,,,
"Sep 28, 2024 9:00 PM",63,31,32,42,10,32,9,4,5,6,4,2,12,7,5,,,,27,9,18,,,
"Sep 28, 2024 10:00 PM",65,34,31,5,2,3,13,6,7,3,2,1,21,10,11,,,,18,14,4,,,
"Sep 28, 2024 11:00 PM",26,17,9,5,2,3,2,0,2,6,1,5,34,19,15,,,,11,3,8,,,
"Sep 29, 2024 12:00 AM",0,0,0,0,0,0,11,4,7,0,0,0,11,7,4,,,,9,7,2,,,
"Sep 29, 2024 1:00 AM",3,2,1,3,0,3,3,1,2,0,0,0,1,1,0,,,,4,4,0,,,
"Sep 29, 2024 2:00 AM",1,1,0,4,1,3,5,0,5,3,2,1,7,6,1,,,,1,0,1,,,
"Sep 29, 2024 3:00 AM",0,0,0,1,0,1,0,0,0,1,0,1,3,3,0,,,,3,0,3,,,
"Sep 29, 2024 4:00 AM",0,0,0,0,0,0,1,0,1,0,0,0,2,2,0,,,,7,3,4,,,
"Sep 29, 2024 5:00 AM",2,2,0,1,0,1,3,0,3,0,0,0,5,4,1,,,,0,0,0,,,
"Sep 29, 2024 6:00 AM",12,4,8,3,1,2,4,3,1,2,1,1,4,2,2,,,,2,1,1,,,
"Sep 29, 2024 7:00 AM",51,27,24,17,8,9,13,8,5,4,1,3,34,19,15,,,,8,6,2,,,
"Sep 29, 2024 8:00 AM",135,63,72,35,17,18,30,16,14,19,7,12,73,39,34,,,,19,7,12,,,
"Sep 29, 2024 9:00 AM",216,113,103,72,32,40,70,32,38,34,19,15,184,84,100,,,,26,17,9,,,
"Sep 29, 2024 10:00 AM",323,163,160,82,46,36,55,39,16,32,10,22,213,113,100,,,,37,16,21,,,
"Sep 29, 2024 11:00 AM",407,213,194,73,31,42,77,40,37,42,20,22,155,85,70,,,,26,11,15,,,
"Sep 29, 2024 12:00 PM",367,178,189,88,45,43,28,13,15,65,27,38,116,70,46,,,,39,23,16,,,
"Sep 29, 2024 1:00 PM",380,181,199,42,19,23,40,15,25,55,36,19,108,50,58,,,,21,7,14,,,
"Sep 29, 2024 2:00 PM",130,67,63,30,13,17,27,10,17,19,7,12,68,44,24,,,,18,10,8,,,
"Sep 29, 2024 3:00 PM",94,34,60,14,9,5,19,9,10,11,6,5,29,14,15,,,,10,6,4,,,
"Sep 29, 2024 4:00 PM",103,40,63,21,10,11,9,7,2,29,14,15,62,20,42,,,,12,5,7,,,
"Sep 29, 2024 5:00 PM",55,30,25,17,10,7,14,6,8,13,9,4,37,18,19,,,,15,8,7,,,
"Sep 29, 2024 6:00 PM",39,22,17,20,11,9,8,4,4,2,2,0,26,10,16,,,,17,5,12,,,
"Sep 29, 2024 7:00 PM",13,8,5,8,7,1,6,2,4,2,1,1,13,10,3,,,,12,7,5,,,
"Sep 29, 2024 8:00 PM",15,8,7,4,0,4,3,2,1,8,3,5,3,1,2,,,,9,6,3,,,
"Sep 29, 2024 9:00 PM",11,2,9,8,6,2,5,0,5,3,0,3,47,15,32,,,,13,5,8,,,
"Sep 29, 2024 10:00 PM",18,8,10,1,1,0,3,1,2,1,0,1,65,22,43,,,,3,3,0,,,
"Sep 29, 2024 11:00 PM",8,7,1,1,0,1,2,1,1,0,0,0,2,1,1,,,,10,3,7,,,
"Sep 30, 2024 12:00 AM",1,1,0,0,0,0,0,0,0,0,0,0,1,0,1,,,,4,3,1,,,
"Sep 30, 2024 1:00 AM",0,0,0,0,0,0,0,0,0,0,0,0,0,0,0,,,,0,0,0,,,
"Sep 30, 2024 2:00 AM",1,1,0,0,0,0,0,0,0,0,0,0,0,0,0,,,,0,0,0,,,
"Sep 30, 2024 3:00 AM",1,1,0,1,1,0,0,0,0,0,0,0,0,0,0,,,,0,0,0,,,
"Sep 30, 2024 4:00 AM",0,0,0,0,0,0,0,0,0,1,1,0,0,0,0,,,,2,2,0,,,
"Sep 30, 2024 5:00 AM",8,2,6,0,0,0,2,1,1,3,2,1,0,0,0,,,,1,0,1,,,
"Sep 30, 2024 6:00 AM",30,11,19,11,4,7,18,9,9,5,3,2,10,6,4,,,,11,5,6,,,
"Sep 30, 2024 7:00 AM",44,24,20,21,6,15,9,2,7,9,4,5,48,22,26,,,,22,5,17,,,
"Sep 30, 2024 8:00 AM",60,35,25,29,15,14,24,14,10,42,19,23,76,38,38,,,,53,27,26,,,
"Sep 30, 2024 9:00 AM",85,40,45,21,10,11,12,8,4,27,17,10,42,22,20,,,,31,8,23,,,
"Sep 30, 2024 10:00 AM",71,40,31,14,9,5,16,9,7,10,6,4,17,9,8,,,,16,6,10,,,
"Sep 30, 2024 11:00 AM",38,20,18,15,9,6,8,3,5,19,11,8,21,14,7,,,,28,13,15,,,
"Sep 30, 2024 12:00 PM",49,28,21,10,4,6,9,6,3,14,7,7,19,9,10,,,,27,11,16,,,
"Sep 30, 2024 1:00 PM",76,39,37,14,7,7,14,6,8,16,9,7,29,20,9,,,,24,12,12,,,
"Sep 30, 2024 2:00 PM",118,61,57,15,6,9,27,14,13,31,18,13,38,24,14,,,,49,27,22,,,
"Sep 30, 2024 3:00 PM",138,71,67,28,20,8,19,12,7,28,11,17,59,33,26,,,,38,14,24,,,
"Sep 30, 2024 4:00 PM",130,63,67,52,29,23,40,18,22,44,17,27,81,41,40,,,,69,34,35,,,
"Sep 30, 2024 5:00 PM",189,102,87,49,26,23,48,26,22,33,11,22,111,58,53,,,,63,28,35,,,
"Sep 30, 2024 6:00 PM",198,99,99,89,51,38,66,37,29,42,25,17,162,91,71,,,,73,38,35,,,
"Sep 30, 2024 7:00 PM",190,92,98,65,28,37,59,29,30,25,15,10,60,28,32,,,,53,22,31,,,
"Sep 30, 2024 8:00 PM",114,66,48,60,21,39,33,17,16,15,8,7,8,0,8,,,,38,16,22,,,
"Sep 30, 2024 9:00 PM",58,34,24,18,13,5,26,14,12,2,2,0,0,0,0,,,,51,23,28,,,
"Sep 30, 2024 10:00 PM",20,12,8,11,5,6,8,1,7,2,2,0,5,5,0,,,,10,5,5,,,
"Sep 30, 2024 11:00 PM",14,8,6,3,0,3,1,0,1,2,0,2,0,0,0,,,,6,1,5,,,
"Oct 1, 2024 12:00 AM",0,0,0,0,0,0,2,0,2,1,0,1,11,10,1,,,,5,4,1,,,
"Oct 1, 2024 1:00 AM",0,0,0,0,0,0,0,0,0,0,0,0,2,2,0,,,,2,1,1,,,
"Oct 1, 2024 2:00 AM",1,1,0,0,0,0,0,0,0,1,0,1,1,1,0,,,,2,2,0,,,
"Oct 1, 2024 3:00 AM",1,0,1,0,0,0,0,0,0,0,0,0,1,1,0,,,,0,0,0,,,
"Oct 1, 2024 4:00 AM",0,0,0,0,0,0,0,0,0,0,0,0,0,0,0,,,,1,1,0,,,
"Oct 1, 2024 5:00 AM",12,4,8,3,0,3,1,0,1,0,0,0,6,5,1,,,,6,1,5,,,
"Oct 1, 2024 6:00 AM",40,23,17,18,7,11,17,8,9,4,3,1,47,38,9,,,,20,11,9,,,
"Oct 1, 2024 7:00 AM",78,51,27,28,9,19,27,15,12,16,4,12,76,51,25,,,,30,14,16,,,
"Oct 1, 2024 8:00 AM",134,66,68,46,17,29,37,19,18,48,25,23,116,68,48,,,,131,85,46,,,
"Oct 1, 2024 9:00 AM",118,59,59,30,17,13,36,13,23,33,16,17,82,49,33,,,,61,24,37,,,
"Oct 1, 2024 10:00 AM",148,72,76,39,16,23,33,15,18,29,14,15,80,53,27,,,,49,14,35,,,
"Oct 1, 2024 11:00 AM",197,117,80,40,17,23,38,20,18,28,14,14,64,35,29,,,,25,13,12,,,
"Oct 1, 2024 12:00 PM",252,134,118,60,32,28,54,30,24,41,22,19,94,46,48,,,,61,43,18,,,
"Oct 1, 2024 1:00 PM",302,142,160,49,24,25,49,30,19,26,10,16,135,71,64,,,,58,24,34,,,
"Oct 1, 2024 2:00 PM",208,80,128,43,28,15,19,9,10,32,17,15,158,90,68,,,,65,32,33,,,
"Oct 1, 2024 3:00 PM",234,112,122,67,45,22,24,17,7,27,10,17,99,41,58,,,,104,39,65,,,
"Oct 1, 2024 4:00 PM",177,85,92,47,28,19,35,14,21,38,15,23,110,57,53,,,,97,45,52,,,
"Oct 1, 2024 5:00 PM",152,80,72,76,48,28,49,31,18,46,25,21,107,54,53,,,,71,37,34,,,
"Oct 1, 2024 6:00 PM",197,91,106,56,35,21,47,29,18,33,15,18,130,76,54,,,,81,29,52,,,
"Oct 1, 2024 7:00 PM",202,108,94,72,34,38,44,21,23,30,15,15,59,33,26,,,,75,40,35,,,
"Oct 1, 2024 8:00 PM",138,73,65,33,11,22,29,15,14,13,7,6,20,10,10,,,,43,16,27,,,
"Oct 1, 2024 9:00 PM",54,29,25,19,9,10,16,6,10,9,6,3,22,15,7,,,,26,9,17,,,
"Oct 1, 2024 10:00 PM",17,13,4,6,3,3,4,3,1,4,2,2,3,3,0,,,,23,10,13,,,
"Oct 1, 2024 11:00 PM",7,3,4,5,2,3,5,1,4,0,0,0,1,1,0,,,,15,9,6,,,
"Oct 2, 2024 12:00 AM",0,0,0,0,0,0,0,0,0,0,0,0,0,0,0,,,,9,2,7,,,
"Oct 2, 2024 1:00 AM",2,2,0,0,0,0,0,0,0,0,0,0,0,0,0,,,,1,0,1,,,
"Oct 2, 2024 2:00 AM",1,0,1,0,0,0,0,0,0,0,0,0,0,0,0,,,,0,0,0,,,
"Oct 2, 2024 3:00 AM",0,0,0,0,0,0,0,0,0,0,0,0,10,9,1,,,,3,0,3,,,
"Oct 2, 2024 4:00 AM",0,0,0,0,0,0,0,0,0,2,2,0,0,0,0,,,,2,2,0,,,
"Oct 2, 2024 5:00 AM",8,1,7,0,0,0,2,1,1,3,2,1,2,1,1,,,,7,3,4,,,
"Oct 2, 2024 6:00 AM",40,24,16,15,8,7,13,7,6,5,3,2,18,12,6,,,,17,7,10,,,
"Oct 2, 2024 7:00 AM",100,50,50,38,24,14,27,13,14,23,4,19,83,49,34,,,,41,17,24,,,
"Oct 2, 2024 8:00 AM",91,46,45,43,16,27,41,20,21,56,25,31,166,82,84,,,,122,88,34,,,
"Oct 2, 2024 9:00 AM",132,59,73,38,13,25,20,8,12,34,15,19,134,65,69,,,,77,35,42,,,
"Oct 2, 2024 10:00 AM",123,62,61,28,11,17,29,16,13,22,8,14,97,43,54,,,,27,12,15,,,
"Oct 2, 2024 11:00 AM",195,108,87,52,26,26,26,17,9,27,13,14,92,61,31,,,,44,26,18,,,
"Oct 2, 2024 12:00 PM",195,100,95,48,28,20,37,25,12,33,10,23,112,47,65,,,,40,20,20,,,
"Oct 2, 2024 1:00 PM",275,147,128,45,22,23,49,27,22,41,27,14,182,90,92,,,,67,33,34,,,
"Oct 2, 2024 2:00 PM",238,105,133,38,21,17,36,15,21,35,15,20,118,71,47,,,,58,26,32,,,
"Oct 2, 2024 3:00 PM",234,111,123,35,18,17,38,19,19,40,21,19,200,92,108,,,,150,71,79,,,
"Oct 2, 2024 4:00 PM",211,107,104,32,24,8,38,24,14,37,10,27,235,108,127,,,,81,42,39,,,
"Oct 2, 2024 5:00 PM",179,95,84,59,40,19,58,38,20,34,15,19,236,133,103,,,,77,39,38,,,
"Oct 2, 2024 6:00 PM",209,111,98,73,45,28,51,30,21,25,12,13,254,119,135,,,,81,36,45,,,
"Oct 2, 2024 7:00 PM",186,94,92,73,38,35,40,24,16,29,11,18,183,100,83,,,,55,24,31,,,
"Oct 2, 2024 8:00 PM",149,76,73,53,20,33,38,20,18,12,6,6,108,62,46,,,,38,17,21,,,
"Oct 2, 2024 9:00 PM",57,35,22,20,12,8,18,7,11,9,4,5,86,46,40,,,,39,18,21,,,
"Oct 2, 2024 10:00 PM",34,18,16,6,1,5,6,2,4,2,1,1,81,56,25,,,,10,4,6,,,
"Oct 2, 2024 11:00 PM",5,3,2,1,0,1,5,2,3,1,1,0,72,25,47,,,,2,2,0,,,
"Oct 3, 2024 12:00 AM",0,0,0,0,0,0,1,0,1,0,0,0,2,2,0,,,,3,2,1,,,
"Oct 3, 2024 1:00 AM",0,0,0,1,1,0,0,0,0,0,0,0,0,0,0,,,,5,3,2,,,
"Oct 3, 2024 2:00 AM",0,0,0,0,0,0,0,0,0,0,0,0,0,0,0,,,,2,2,0,,,
"Oct 3, 2024 3:00 AM",0,0,0,0,0,0,0,0,0,0,0,0,0,0,0,,,,0,0,0,,,
"Oct 3, 2024 4:00 AM",0,0,0,0,0,0,0,0,0,3,3,0,0,0,0,,,,2,2,0,,,
"Oct 3, 2024 5:00 AM",8,1,7,1,0,1,2,0,2,1,1,0,7,4,3,,,,4,2,2,,,
"Oct 3, 2024 6:00 AM",47,26,21,15,9,6,18,9,9,5,1,4,68,52,16,,,,20,6,14,,,
"Oct 3, 2024 7:00 AM",85,45,40,34,15,19,24,8,16,21,9,12,104,64,40,,,,34,12,22,,,
"Oct 3, 2024 8:00 AM",102,48,54,49,24,25,39,22,17,66,42,24,171,97,74,,,,144,99,45,,,
"Oct 3, 2024 9:00 AM",166,85,81,52,18,34,30,15,15,32,22,10,115,48,67,,,,48,28,20,,,
"Oct 3, 2024 10:00 AM",197,94,103,44,25,19,31,24,7,17,11,6,155,82,73,,,,42,23,19,,,
"Oct 3, 2024 11:00 AM",211,129,82,47,28,19,14,6,8,33,9,24,131,90,41,,,,42,28,14,,,
"Oct 3, 2024 12:00 PM",277,144,133,68,35,33,38,27,11,26,15,11,256,213,43,,,,42,30,12,,,
"Oct 3, 2024 1:00 PM",278,143,135,57,25,32,62,38,24,35,25,10,142,84,58,,,,62,33,29,,,
"Oct 3, 2024 2:00 PM",260,121,139,31,13,18,30,13,17,35,26,9,172,105,67,,,,91,41,50,,,
"Oct 3, 2024 3:00 PM",231,110,121,41,23,18,44,22,22,25,16,9,177,81,96,,,,78,38,40,,,
"Oct 3, 2024 4:00 PM",163,71,92,61,37,24,26,16,10,34,17,17,252,118,134,,,,85,42,43,,,
"Oct 3, 2024 5:00 PM",151,72,79,63,44,19,38,14,24,35,13,22,191,90,101,,,,60,29,31,,,
"Oct 3, 2024 6:00 PM",164,76,88,58,35,23,38,25,13,25,12,13,181,96,85,,,,76,40,36,,,
"Oct 3, 2024 7:00 PM",181,87,94,74,37,37,55,26,29,27,14,13,172,112,60,,,,75,40,35,,,
"Oct 3, 2024 8:00 PM",94,50,44,29,16,13,24,7,17,10,4,6,35,23,12,,,,36,11,25,,,
"Oct 3, 2024 9:00 PM",57,30,27,18,10,8,9,9,0,6,2,4,29,29,0,,,,42,13,29,,,
"Oct 3, 2024 10:00 PM",38,25,13,6,3,3,20,16,4,4,1,3,28,26,2,,,,8,5,3,,,
"Oct 3, 2024 11:00 PM",10,7,3,5,2,3,4,3,1,2,1,1,23,12,11,,,,6,2,4,,,
"Oct 4, 2024 12:00 AM",0,0,0,0,0,0,3,1,2,2,0,2,2,1,1,,,,3,1,2,,,
"Oct 4, 2024 1:00 AM",0,0,0,0,0,0,0,0,0,0,0,0,0,0,0,,,,3,3,0,,,
"Oct 4, 2024 2:00 AM",0,0,0,0,0,0,0,0,0,0,0,0,0,0,0,,,,2,1,1,,,
"Oct 4, 2024 3:00 AM",0,0,0,0,0,0,0,0,0,0,0,0,0,0,0,,,,0,0,0,,,
"Oct 4, 2024 4:00 AM",0,0,0,0,0,0,0,0,0,0,0,0,0,0,0,,,,2,2,0,,,
"Oct 4, 2024 5:00 AM",4,2,2,5,3,2,3,2,1,2,2,0,12,8,4,,,,4,0,4,,,
"Oct 4, 2024 6:00 AM",30,10,20,20,3,17,7,2,5,5,3,2,21,14,7,,,,8,4,4,,,
"Oct 4, 2024 7:00 AM",93,53,40,24,12,12,14,7,7,14,7,7,77,44,33,,,,30,7,23,,,
"Oct 4, 2024 8:00 AM",112,62,50,52,27,25,27,17,10,40,14,26,99,52,47,,,,103,73,30,,,
"Oct 4, 2024 9:00 AM",154,90,64,28,17,11,28,19,9,22,11,11,72,38,34,,,,40,23,17,,,
"Oct 4, 2024 10:00 AM",159,90,69,29,12,17,26,14,12,22,5,17,105,49,56,,,,34,18,16,,,
"Oct 4, 2024 11:00 AM",169,90,79,29,14,15,23,8,15,28,13,15,95,45,50,,,,35,12,23,,,
"Oct 4, 2024 12:00 PM",182,96,86,47,26,21,30,20,10,30,14,16,92,53,39,,,,56,24,32,,,
"Oct 4, 2024 1:00 PM",191,99,92,41,17,24,30,13,17,25,18,7,156,98,58,,,,98,27,71,,,
"Oct 4, 2024 2:00 PM",140,57,83,29,19,10,30,15,15,21,12,9,147,88,59,,,,67,26,41,,,
"Oct 4, 2024 3:00 PM",122,57,65,38,21,17,27,15,12,29,11,18,120,58,62,,,,71,34,37,,,
"Oct 4, 2024 4:00 PM",121,52,69,61,42,19,24,12,12,25,12,13,124,60,64,,,,70,34,36,,,
"Oct 4, 2024 5:00 PM",115,50,65,37,21,16,37,20,17,28,12,16,103,40,63,,,,62,24,38,,,
"Oct 4, 2024 6:00 PM",100,54,46,53,21,32,31,15,16,20,11,9,77,40,37,,,,59,32,27,,,
"Oct 4, 2024 7:00 PM",77,30,47,22,11,11,30,16,14,7,2,5,76,60,16,,,,39,22,17,,,
"Oct 4, 2024 8:00 PM",56,29,27,20,7,13,25,16,9,17,8,9,68,47,21,,,,23,9,14,,,
"Oct 4, 2024 9:00 PM",49,21,28,6,4,2,13,5,8,4,2,2,27,17,10,,,,30,14,16,,,
"Oct 4, 2024 10:00 PM",22,14,8,7,3,4,10,6,4,1,0,1,50,38,12,,,,9,8,1,,,
"Oct 4, 2024 11:00 PM",15,11,4,1,0,1,6,4,2,2,1,1,5,3,2,,,,13,11,2,,,
"Oct 5, 2024 12:00 AM",0,0,0,0,0,0,1,1,0,0,0,0,4,3,1,,,,8,6,2,,,
"Oct 5, 2024 1:00 AM",3,1,2,1,1,0,2,1,1,0,0,0,3,0,3,,,,8,6,2,,,
"Oct 5, 2024 2:00 AM",0,0,0,0,0,0,1,0,1,0,0,0,1,1,0,,,,1,0,1,,,
"Oct 5, 2024 3:00 AM",0,0,0,1,0,1,0,0,0,1,0,1,1,1,0,,,,2,0,2,,,
"Oct 5, 2024 4:00 AM",5,3,2,0,0,0,0,0,0,0,0,0,0,0,0,,,,4,2,2,,,
"Oct 5, 2024 5:00 AM",4,2,2,0,0,0,0,0,0,0,0,0,0,0,0,,,,1,0,1,,,
"Oct 5, 2024 6:00 AM",34,14,20,4,2,2,5,2,3,4,3,1,13,11,2,,,,7,3,4,,,
"Oct 5, 2024 7:00 AM",84,41,43,43,27,16,17,13,4,5,1,4,47,30,17,,,,10,7,3,,,
"Oct 5, 2024 8:00 AM",133,69,64,62,28,34,32,17,15,27,16,11,91,49,42,,,,37,20,17,,,
"Oct 5, 2024 9:00 AM",156,83,73,76,44,32,54,33,21,30,9,21,147,94,53,,,,41,26,15,,,
"Oct 5, 2024 10:00 AM",268,133,135,87,50,37,70,41,29,49,24,25,185,98,87,,,,39,21,18,,,
"Oct 5, 2024 11:00 AM",289,147,142,121,69,52,78,49,29,51,21,30,231,146,85,,,,49,20,29,,,
"Oct 5, 2024 12:00 PM",260,114,146,86,36,50,74,33,41,37,20,17,335,189,146,,,,53,26,27,,,
"Oct 5, 2024 1:00 PM",299,163,136,77,39,38,65,28,37,48,21,27,143,81,62,,,,37,19,18,,,
"Oct 5, 2024 2:00 PM",306,155,151,58,28,30,43,27,16,38,18,20,123,79,44,,,,49,31,18,,,
"Oct 5, 2024 3:00 PM",277,116,161,58,30,28,30,13,17,27,15,12,112,64,48,,,,49,26,23,,,
"Oct 5, 2024 4:00 PM",324,152,172,54,34,20,46,26,20,42,28,14,131,73,58,,,,41,23,18,,,
"Oct 5, 2024 5:00 PM",233,121,112,38,19,19,26,13,13,21,8,13,142,83,59,,,,59,23,36,,,
"Oct 5, 2024 6:00 PM",126,65,61,21,12,9,40,24,16,25,11,14,135,87,48,,,,48,27,21,,,
"Oct 5, 2024 7:00 PM",76,39,37,20,11,9,18,10,8,16,11,5,86,60,26,,,,39,21,18,,,
"Oct 5, 2024 8:00 PM",39,26,13,12,4,8,15,4,11,4,1,3,49,36,13,,,,28,15,13,,,
"Oct 5, 2024 9:00 PM",33,17,16,6,2,4,6,2,4,5,2,3,24,17,7,,,,12,7,5,,,
"Oct 5, 2024 10:00 PM",9,5,4,3,1,2,6,5,1,1,0,1,16,14,2,,,,6,3,3,,,
"Oct 5, 2024 11:00 PM",12,5,7,4,1,3,7,5,2,2,0,2,16,10,6,,,,2,0,2,,,
"Oct 6, 2024 12:00 AM",1,0,1,1,0,1,6,2,4,1,0,1,10,8,2,,,,5,4,1,,,
"Oct 6, 2024 1:00 AM",3,1,2,1,1,0,2,1,1,0,0,0,15,14,1,,,,6,5,1,,,
"Oct 6, 2024 2:00 AM",2,0,2,3,1,2,2,2,0,0,0,0,2,2,0,,,,3,2,1,,,
"Oct 6, 2024 3:00 AM",1,1,0,0,0,0,0,0,0,1,0,1,0,0,0,,,,0,0,0,,,
"Oct 6, 2024 4:00 AM",0,0,0,0,0,0,0,0,0,0,0,0,0,0,0,,,,9,5,4,,,
"Oct 6, 2024 5:00 AM",3,2,1,1,1,0,2,2,0,0,0,0,1,1,0,,,,3,3,0,,,
"Oct 6, 2024 6:00 AM",8,4,4,2,1,1,8,6,2,2,0,2,1,1,0,,,,6,4,2,,,
"Oct 6, 2024 7:00 AM",31,14,17,12,8,4,5,1,4,3,0,3,35,21,14,,,,6,3,3,,,
"Oct 6, 2024 8:00 AM",89,38,51,39,27,12,18,11,7,22,8,14,59,31,28,,,,18,11,7,,,
"Oct 6, 2024 9:00 AM",129,66,63,72,40,32,59,32,27,21,12,9,92,51,41,,,,18,7,11,,,
"Oct 6, 2024 10:00 AM",224,108,116,75,44,31,67,37,30,21,13,8,129,73,56,,,,22,10,12,,,
"Oct 6, 2024 11:00 AM",344,196,148,73,38,35,66,29,37,38,21,17,95,56,39,,,,25,12,13,,,
"Oct 6, 2024 12:00 PM",229,117,112,58,32,26,41,23,18,34,21,13,188,108,80,,,,19,11,8,,,
"Oct 6, 2024 1:00 PM",303,147,156,52,27,25,48,34,14,41,21,20,134,73,61,,,,29,11,18,,,
"Oct 6, 2024 2:00 PM",432,214,218,61,35,26,73,39,34,33,16,17,101,57,44,,,,35,15,20,,,
"Oct 6, 2024 3:00 PM",519,245,274,90,53,37,75,51,24,45,20,25,215,103,112,,,,51,19,32,,,
"Oct 6, 2024 4:00 PM",638,290,348,93,49,44,80,48,32,38,20,18,185,100,85,,,,55,24,31,,,
"Oct 6, 2024 5:00 PM",500,244,256,82,45,37,65,25,40,49,17,32,138,64,74,,,,48,24,24,,,
"Oct 6, 2024 6:00 PM",369,196,173,72,41,31,63,37,26,33,12,21,103,46,57,,,,53,25,28,,,
"Oct 6, 2024 7:00 PM",325,199,126,61,22,39,27,12,15,14,4,10,35,16,19,,,,43,19,24,,,
"Oct 6, 2024 8:00 PM",126,46,80,21,9,12,23,14,9,4,3,1,7,6,1,,,,31,20,11,,,
"Oct 6, 2024 9:00 PM",66,25,41,13,3,10,16,6,10,8,4,4,12,11,1,,,,20,10,10,,,
"Oct 6, 2024 10:00 PM",24,15,9,6,1,5,12,9,3,4,2,2,48,28,20,,,,18,9,9,,,
"Oct 6, 2024 11:00 PM",14,6,8,2,0,2,4,4,0,1,1,0,19,10,9,,,,9,5,4,,,
"Oct 7, 2024 12:00 AM",0,0,0,0,0,0,0,0,0,0,0,0,4,3,1,,,,6,4,2,,,
"Oct 7, 2024 1:00 AM",0,0,0,0,0,0,0,0,0,0,0,0,1,1,0,,,,0,0,0,,,
"Oct 7, 2024 2:00 AM",0,0,0,0,0,0,0,0,0,0,0,0,0,0,0,,,,0,0,0,,,
"Oct 7, 2024 3:00 AM",0,0,0,0,0,0,0,0,0,0,0,0,53,52,1,,,,0,0,0,,,
"Oct 7, 2024 4:00 AM",0,0,0,0,0,0,0,0,0,1,1,0,1,1,0,,,,1,1,0,,,
"Oct 7, 2024 5:00 AM",11,4,7,1,1,0,1,1,0,1,1,0,3,2,1,,,,4,2,2,,,
"Oct 7, 2024 6:00 AM",48,24,24,18,7,11,23,13,10,3,1,2,23,15,8,,,,8,3,5,,,
"Oct 7, 2024 7:00 AM",64,39,25,30,13,17,17,7,10,17,7,10,62,41,21,,,,22,10,12,,,
"Oct 7, 2024 8:00 AM",114,50,64,43,20,23,34,18,16,66,34,32,107,65,42,,,,132,94,38,,,
"Oct 7, 2024 9:00 AM",170,79,91,36,13,23,24,14,10,34,18,16,74,32,42,,,,60,36,24,,,
"Oct 7, 2024 10:00 AM",197,79,118,22,12,10,42,23,19,25,15,10,87,35,52,,,,38,17,21,,,
"Oct 7, 2024 11:00 AM",221,109,112,53,26,27,29,13,16,26,12,14,95,62,33,,,,45,24,21,,,
"Oct 7, 2024 12:00 PM",211,97,114,60,36,24,33,21,12,33,18,15,110,61,49,,,,62,37,25,,,
"Oct 7, 2024 1:00 PM",314,165,149,61,25,36,71,36,35,40,23,17,174,99,75,,,,59,27,32,,,
"Oct 7, 2024 2:00 PM",300,136,164,51,24,27,33,15,18,35,19,16,142,66,76,,,,59,31,28,,,
"Oct 7, 2024 3:00 PM",277,146,131,32,19,13,41,18,23,12,5,7,88,49,39,,,,116,40,76,,,
"Oct 7, 2024 4:00 PM",218,93,125,105,76,29,31,18,13,44,22,22,156,87,69,,,,79,43,36,,,
"Oct 7, 2024 5:00 PM",183,96,87,50,35,15,43,26,17,43,17,26,134,68,66,,,,61,36,25,,,
"Oct 7, 2024 6:00 PM",177,95,82,103,43,60,42,23,19,35,21,14,177,101,76,,,,69,33,36,,,
"Oct 7, 2024 7:00 PM",183,89,94,64,31,33,48,23,25,17,10,7,71,44,27,,,,60,28,32,,,
"Oct 7, 2024 8:00 PM",118,54,64,27,12,15,25,12,13,12,7,5,9,8,1,,,,43,15,28,,,
"Oct 7, 2024 9:00 PM",68,33,35,10,5,5,17,9,8,11,5,6,35,4,31,,,,21,11,10,,,
"Oct 7, 2024 10:00 PM",5,5,0,4,2,2,7,2,5,2,1,1,79,11,68,,,,13,6,7,,,
"Oct 7, 2024 11:00 PM",12,8,4,1,0,1,3,3,0,4,4,0,1,1,0,,,,6,3,3,,,
"Oct 8, 2024 12:00 AM",0,0,0,0,0,0,0,0,0,0,0,0,0,0,0,,,,2,2,0,,,
"Oct 8, 2024 1:00 AM",0,0,0,0,0,0,2,1,1,0,0,0,0,0,0,,,,0,0,0,,,
"Oct 8, 2024 2:00 AM",0,0,0,0,0,0,0,0,0,0,0,0,0,0,0,,,,0,0,0,,,
"Oct 8, 2024 3:00 AM",0,0,0,0,0,0,0,0,0,0,0,0,0,0,0,,,,0,0,0,,,
"Oct 8, 2024 4:00 AM",0,0,0,0,0,0,0,0,0,0,0,0,0,0,0,,,,0,0,0,,,
"Oct 8, 2024 5:00 AM",7,5,2,1,1,0,2,2,0,2,1,1,6,4,2,,,,3,0,3,,,
"Oct 8, 2024 6:00 AM",30,14,16,19,13,6,9,5,4,3,2,1,31,19,12,,,,17,10,7,,,
"Oct 8, 2024 7:00 AM",68,38,30,20,5,15,15,8,7,17,11,6,39,21,18,,,,35,12,23,,,
"Oct 8, 2024 8:00 AM",112,49,63,30,15,15,21,11,10,42,18,24,123,70,53,,,,124,88,36,,,
"Oct 8, 2024 9:00 AM",146,74,72,32,16,16,33,9,24,36,23,13,50,20,30,,,,45,19,26,,,
"Oct 8, 2024 10:00 AM",109,53,56,22,15,7,34,16,18,25,14,11,53,34,19,,,,46,19,27,,,
"Oct 8, 2024 11:00 AM",177,99,78,40,24,16,37,23,14,20,13,7,54,25,29,,,,24,16,8,,,
"Oct 8, 2024 12:00 PM",201,88,113,27,12,15,22,7,15,34,19,15,98,60,38,,,,62,38,24,,,
"Oct 8, 2024 1:00 PM",212,106,106,37,16,21,41,25,16,26,10,16,108,68,40,,,,54,28,26,,,
"Oct 8, 2024 2:00 PM",180,62,118,50,27,23,32,12,20,29,16,13,175,101,74,,,,46,18,28,,,
"Oct 8, 2024 3:00 PM",200,99,101,23,9,14,27,7,20,39,16,23,121,53,68,,,,101,27,74,,,
"Oct 8, 2024 4:00 PM",204,97,107,25,16,9,28,21,7,44,23,21,137,75,62,,,,84,28,56,,,
"Oct 8, 2024 5:00 PM",176,100,76,57,26,31,37,28,9,38,18,20,136,82,54,,,,60,30,30,,,
"Oct 8, 2024 6:00 PM",204,96,108,75,44,31,46,27,19,42,20,22,156,88,68,,,,85,43,42,,,
"Oct 8, 2024 7:00 PM",169,81,88,69,34,35,62,32,30,18,8,10,55,29,26,,,,69,32,37,,,
"Oct 8, 2024 8:00 PM",133,73,60,53,26,27,24,10,14,14,4,10,21,19,2,,,,35,14,21,,,
"Oct 8, 2024 9:00 PM",61,32,29,23,11,12,13,5,8,14,9,5,9,8,1,,,,31,6,25,,,
"Oct 8, 2024 10:00 PM",27,16,11,11,8,3,7,2,5,8,5,3,2,2,0,,,,9,8,1,,,
"Oct 8, 2024 11:00 PM",16,7,9,3,0,3,7,4,3,1,0,1,10,10,0,,,,7,2,5,,,
"Oct 9, 2024 12:00 AM",0,0,0,1,0,1,1,0,1,0,0,0,0,0,0,,,,2,0,2,,,
"Oct 9, 2024 1:00 AM",0,0,0,0,0,0,0,0,0,0,0,0,0,0,0,,,,2,2,0,,,
"Oct 9, 2024 2:00 AM",0,0,0,0,0,0,0,0,0,0,0,0,1,1,0,,,,0,0,0,,,
"Oct 9, 2024 3:00 AM",0,0,0,0,0,0,0,0,0,0,0,0,0,0,0,,,,1,1,0,,,
"Oct 9, 2024 4:00 AM",0,0,0,0,0,0,0,0,0,0,0,0,0,0,0,,,,0,0,0,,,
"Oct 9, 2024 5:00 AM",7,3,4,1,1,0,0,0,0,3,2,1,3,1,2,,,,3,0,3,,,
"Oct 9, 2024 6:00 AM",29,14,15,11,7,4,10,7,3,5,4,1,17,10,7,,,,19,9,10,,,
"Oct 9, 2024 7:00 AM",54,25,29,30,13,17,22,11,11,16,6,10,62,37,25,,,,26,12,14,,,
"Oct 9, 2024 8:00 AM",73,36,37,53,21,32,27,8,19,63,32,31,106,43,63,,,,116,89,27,,,
"Oct 9, 2024 9:00 AM",72,38,34,27,19,8,22,14,8,31,17,14,73,37,36,,,,50,16,34,,,
"Oct 9, 2024 10:00 AM",80,44,36,30,8,22,20,12,8,31,12,19,45,23,22,,,,31,13,18,,,
"Oct 9, 2024 11:00 AM",72,43,29,18,10,8,29,16,13,24,12,12,36,18,18,,,,31,18,13,,,
"Oct 9, 2024 12:00 PM",78,41,37,27,7,20,22,16,6,26,11,15,70,31,39,,,,51,16,35,,,
"Oct 9, 2024 1:00 PM",105,65,40,31,15,16,28,17,11,41,26,15,124,50,74,,,,79,35,44,,,
"Oct 9, 2024 2:00 PM",81,42,39,35,23,12,15,5,10,28,17,11,72,37,35,,,,73,27,46,,,
"Oct 9, 2024 3:00 PM",128,65,63,32,16,16,15,8,7,23,10,13,89,43,46,,,,97,24,73,,,
"Oct 9, 2024 4:00 PM",69,38,31,41,16,25,19,13,6,42,19,23,65,32,33,,,,92,40,52,,,
"Oct 9, 2024 5:00 PM",112,65,47,39,25,14,41,22,19,28,11,17,125,62,63,,,,76,35,41,,,
"Oct 9, 2024 6:00 PM",136,71,65,76,40,36,60,30,30,36,15,21,133,74,59,,,,71,31,40,,,
"Oct 9, 2024 7:00 PM",112,65,47,68,38,30,42,23,19,16,12,4,84,47,37,,,,90,38,52,,,
"Oct 9, 2024 8:00 PM",122,70,52,36,13,23,29,11,18,10,8,2,31,11,20,,,,37,21,16,,,
"Oct 9, 2024 9:00 PM",63,28,35,15,5,10,12,4,8,7,5,2,47,15,32,,,,23,7,16,,,
"Oct 9, 2024 10:00 PM",32,18,14,8,5,3,9,6,3,2,0,2,1,1,0,,,,20,8,12,,,
"Oct 9, 2024 11:00 PM",11,7,4,2,2,0,1,0,1,0,0,0,0,0,0,,,,4,0,4,,,
"Oct 10, 2024 12:00 AM",1,1,0,1,1,0,0,0,0,0,0,0,9,3,6,,,,7,4,3,,,
"Oct 10, 2024 1:00 AM",1,1,0,0,0,0,2,1,1,1,1,0,0,0,0,,,,3,3,0,,,
"Oct 10, 2024 2:00 AM",0,0,0,0,0,0,0,0,0,0,0,0,0,0,0,,,,0,0,0,,,
"Oct 10, 2024 3:00 AM",0,0,0,2,0,2,0,0,0,0,0,0,0,0,0,,,,0,0,0,,,
"Oct 10, 2024 4:00 AM",2,1,1,0,0,0,0,0,0,0,0,0,0,0,0,,,,1,1,0,,,
"Oct 10, 2024 5:00 AM",9,3,6,2,2,0,1,1,0,0,0,0,6,4,2,,,,3,0,3,,,
"Oct 10, 2024 6:00 AM",44,21,23,13,6,7,20,12,8,7,2,5,21,11,10,,,,17,7,10,,,
"Oct 10, 2024 7:00 AM",81,47,34,32,18,14,20,7,13,10,7,3,63,35,28,,,,38,15,23,,,
"Oct 10, 2024 8:00 AM",106,51,55,52,25,27,33,20,13,65,30,35,91,34,57,,,,115,78,37,,,
"Oct 10, 2024 9:00 AM",146,88,58,42,25,17,36,20,16,30,19,11,58,24,34,,,,45,27,18,,,
"Oct 10, 2024 10:00 AM",171,90,81,23,13,10,36,26,10,34,25,9,70,38,32,,,,42,21,21,,,
"Oct 10, 2024 11:00 AM",291,135,156,34,16,18,45,20,25,32,10,22,52,38,14,,,,67,37,30,,,
"Oct 10, 2024 12:00 PM",272,141,131,43,21,22,37,21,16,61,17,44,56,30,26,,,,67,39,28,,,
"Oct 10, 2024 1:00 PM",338,153,185,54,27,27,41,23,18,34,22,12,94,56,38,,,,61,27,34,,,
"Oct 10, 2024 2:00 PM",237,130,107,27,9,18,24,16,8,30,18,12,115,71,44,,,,70,33,37,,,
"Oct 10, 2024 3:00 PM",184,87,97,31,20,11,21,8,13,29,20,9,159,79,80,,,,86,34,52,,,
"Oct 10, 2024 4:00 PM",192,86,106,60,34,26,34,23,11,25,10,15,133,63,70,,,,97,43,54,,,
"Oct 10, 2024 5:00 PM",178,97,81,58,37,21,63,24,39,28,16,12,118,64,54,,,,78,39,39,,,
"Oct 10, 2024 6:00 PM",187,101,86,55,36,19,42,25,17,32,21,11,134,65,69,,,,78,38,40,,,
"Oct 10, 2024 7:00 PM",173,93,80,38,20,18,45,26,19,22,14,8,96,40,56,,,,87,45,42,,,
"Oct 10, 2024 8:00 PM",123,78,45,23,13,10,23,18,5,15,5,10,52,30,22,,,,42,19,23,,,
"Oct 10, 2024 9:00 PM",80,37,43,26,13,13,20,8,12,7,5,2,72,17,55,,,,32,12,20,,,
"Oct 10, 2024 10:00 PM",56,25,31,9,5,4,15,10,5,3,3,0,69,19,50,,,,10,5,5,,,
"Oct 10, 2024 11:00 PM",30,23,7,6,3,3,16,9,7,2,0,2,8,3,5,,,,7,4,3,,,
"Oct 11, 2024 12:00 AM",0,0,0,0,0,0,4,2,2,0,0,0,4,4,0,,,,4,3,1,,,
"Oct 11, 2024 1:00 AM",1,0,1,2,0,2,0,0,0,0,0,0,0,0,0,,,,2,1,1,,,
"Oct 11, 2024 2:00 AM",0,0,0,1,0,1,3,2,1,0,0,0,0,0,0,,,,5,2,3,,,
"Oct 11, 2024 3:00 AM",0,0,0,0,0,0,0,0,0,0,0,0,1,1,0,,,,1,1,0,,,
"Oct 11, 2024 4:00 AM",1,0,1,1,1,0,0,0,0,0,0,0,0,0,0,,,,2,2,0,,,
"Oct 11, 2024 5:00 AM",8,3,5,3,1,2,4,2,2,1,1,0,6,2,4,,,,5,1,4,,,
"Oct 11, 2024 6:00 AM",37,12,25,17,9,8,7,2,5,9,6,3,26,18,8,,,,18,10,8,,,
"Oct 11, 2024 7:00 AM",75,44,31,32,15,17,20,10,10,12,4,8,40,28,12,,,,30,8,22,,,
"Oct 11, 2024 8:00 AM",126,53,73,34,15,19,31,20,11,50,25,25,109,76,33,,,,113,83,30,,,
"Oct 11, 2024 9:00 AM",158,97,61,45,17,28,31,16,15,21,13,8,116,74,42,,,,56,24,32,,,
"Oct 11, 2024 10:00 AM",192,101,91,45,22,23,26,14,12,23,9,14,60,36,24,,,,43,25,18,,,
"Oct 11, 2024 11:00 AM",266,126,140,51,19,32,32,19,13,24,10,14,93,52,41,,,,47,25,22,,,
"Oct 11, 2024 12:00 PM",304,143,161,51,27,24,48,22,26,35,17,18,93,53,40,,,,66,35,31,,,
"Oct 11, 2024 1:00 PM",377,183,194,81,52,29,48,31,17,40,23,17,124,72,52,,,,103,39,64,,,
"Oct 11, 2024 2:00 PM",312,154,158,63,38,25,49,28,21,42,19,23,196,117,79,,,,73,28,45,,,
"Oct 11, 2024 3:00 PM",224,121,103,53,29,24,25,12,13,21,11,10,135,68,67,,,,71,31,40,,,
"Oct 11, 2024 4:00 PM",239,106,133,43,21,22,46,22,24,34,12,22,154,75,79,,,,64,34,30,,,
"Oct 11, 2024 5:00 PM",169,88,81,67,46,21,61,24,37,39,17,22,135,75,60,,,,95,41,54,,,
"Oct 11, 2024 6:00 PM",202,114,88,52,26,26,60,26,34,35,18,17,106,51,55,,,,72,37,35,,,
"Oct 11, 2024 7:00 PM",139,68,71,52,28,24,56,29,27,18,10,8,40,21,19,,,,38,17,21,,,
"Oct 11, 2024 8:00 PM",106,68,38,24,9,15,31,11,20,5,3,2,8,7,1,,,,29,9,20,,,
"Oct 11, 2024 9:00 PM",56,18,38,12,9,3,24,19,5,5,2,3,78,52,26,,,,15,8,7,,,
"Oct 11, 2024 10:00 PM",30,18,12,6,4,2,7,3,4,9,4,5,158,116,42,,,,10,7,3,,,
"Oct 11, 2024 11:00 PM",10,7,3,3,0,3,13,13,0,2,0,2,27,26,1,,,,8,5,3,,,
"Oct 12, 2024 12:00 AM",0,0,0,0,0,0,4,4,0,2,0,2,2,1,1,,,,2,2,0,,,
"Oct 12, 2024 1:00 AM",4,3,1,2,0,2,1,0,1,1,0,1,22,21,1,,,,10,5,5,,,
"Oct 12, 2024 2:00 AM",4,2,2,0,0,0,3,1,2,0,0,0,0,0,0,,,,6,5,1,,,
"Oct 12, 2024 3:00 AM",2,2,0,0,0,0,0,0,0,1,0,1,0,0,0,,,,9,4,5,,,
"Oct 12, 2024 4:00 AM",0,0,0,0,0,0,0,0,0,0,0,0,2,1,1,,,,4,3,1,,,
"Oct 12, 2024 5:00 AM",3,1,2,0,0,0,0,0,0,0,0,0,1,1,0,,,,0,0,0,,,
"Oct 12, 2024 6:00 AM",22,10,12,8,5,3,13,8,5,5,4,1,8,6,2,,,,5,3,2,,,
"Oct 12, 2024 7:00 AM",66,37,29,23,17,6,18,13,5,10,7,3,37,24,13,,,,14,6,8,,,
"Oct 12, 2024 8:00 AM",154,84,70,54,23,31,42,23,19,17,9,8,133,53,80,,,,29,16,13,,,
"Oct 12, 2024 9:00 AM",177,93,84,121,73,48,55,28,27,24,12,12,155,91,64,,,,41,24,17,,,
"Oct 12, 2024 10:00 AM",317,169,148,112,37,75,92,52,40,34,24,10,172,98,74,,,,52,25,27,,,
"Oct 12, 2024 11:00 AM",305,173,132,98,51,47,88,45,43,35,13,22,123,69,54,,,,50,16,34,,,
"Oct 12, 2024 12:00 PM",276,121,155,67,32,35,54,27,27,34,18,16,118,61,57,,,,55,27,28,,,
"Oct 12, 2024 1:00 PM",356,175,181,70,41,29,64,35,29,42,27,15,111,66,45,,,,50,28,22,,,
"Oct 12, 2024 2:00 PM",302,147,155,80,49,31,60,36,24,38,15,23,89,47,42,,,,50,21,29,,,
"Oct 12, 2024 3:00 PM",383,192,191,82,47,35,61,36,25,41,20,21,99,68,31,,,,35,18,17,,,
"Oct 12, 2024 4:00 PM",380,179,201,60,33,27,56,42,14,55,28,27,83,34,49,,,,40,16,24,,,
"Oct 12, 2024 5:00 PM",185,95,90,50,29,21,44,21,23,37,18,19,102,61,41,,,,54,17,37,,,
"Oct 12, 2024 6:00 PM",161,87,74,40,15,25,44,15,29,19,12,7,46,14,32,,,,34,13,21,,,
"Oct 12, 2024 7:00 PM",100,41,59,21,10,11,15,8,7,14,7,7,41,29,12,,,,43,21,22,,,
"Oct 12, 2024 8:00 PM",40,18,22,11,7,4,7,4,3,15,7,8,12,9,3,,,,23,10,13,,,
"Oct 12, 2024 9:00 PM",26,17,9,13,9,4,6,3,3,9,5,4,53,33,20,,,,21,11,10,,,
"Oct 12, 2024 10:00 PM",13,9,4,3,1,2,5,1,4,2,1,1,6,3,3,,,,15,9,6,,,
"Oct 12, 2024 11:00 PM",7,5,2,1,1,0,2,2,0,3,3,0,1,0,1,,,,10,8,2,,,
"Oct 13, 2024 12:00 AM",0,0,0,1,1,0,4,4,0,1,1,0,3,0,3,,,,8,5,3,,,
"Oct 13, 2024 1:00 AM",0,0,0,2,0,2,1,0,1,1,0,1,3,2,1,,,,5,4,1,,,
"Oct 13, 2024 2:00 AM",0,0,0,1,1,0,2,2,0,2,0,2,0,0,0,,,,0,0,0,,,
"Oct 13, 2024 3:00 AM",2,2,0,0,0,0,0,0,0,1,0,1,1,0,1,,,,4,0,4,,,
"Oct 13, 2024 4:00 AM",1,1,0,0,0,0,0,0,0,0,0,0,3,1,2,,,,4,2,2,,,
"Oct 13, 2024 5:00 AM",2,1,1,0,0,0,0,0,0,0,0,0,9,4,5,,,,0,0,0,,,
"Oct 13, 2024 6:00 AM",14,6,8,0,0,0,1,1,0,1,1,0,6,2,4,,,,0,0,0,,,
"Oct 13, 2024 7:00 AM",42,17,25,12,2,10,7,3,4,7,4,3,24,13,11,,,,26,21,5,,,
"Oct 13, 2024 8:00 AM",133,69,64,39,25,14,37,19,18,21,10,11,69,37,32,,,,0,0,0,,,
"Oct 13, 2024 9:00 AM",154,73,81,61,33,28,48,22,26,23,15,8,111,57,54,,,,0,0,0,,,
"Oct 13, 2024 10:00 AM",361,172,189,88,52,36,61,34,27,42,25,17,128,78,50,,,,0,0,0,,,
"Oct 13, 2024 11:00 AM",485,298,187,113,41,72,77,42,35,41,24,17,193,109,84,,,,0,0,0,,,
"Oct 13, 2024 12:00 PM",512,242,270,109,61,48,69,44,25,52,32,20,137,83,54,,,,0,0,0,,,
"Oct 13, 2024 1:00 PM",615,321,294,82,46,36,79,48,31,51,29,22,225,134,91,,,,0,0,0,,,
"Oct 13, 2024 2:00 PM",579,291,288,68,32,36,76,37,39,40,22,18,137,69,68,,,,0,0,0,,,
"Oct 13, 2024 3:00 PM",567,246,321,64,35,29,71,35,36,58,20,38,146,77,69,,,,0,0,0,,,
"Oct 13, 2024 4:00 PM",386,171,215,60,34,26,54,21,33,44,20,24,134,71,63,,,,0,0,0,,,
"Oct 13, 2024 5:00 PM",279,130,149,55,32,23,58,33,25,28,13,15,109,44,65,,,,0,0,0,,,
"Oct 13, 2024 6:00 PM",164,97,67,38,16,22,35,13,22,13,5,8,181,118,63,,,,0,0,0,,,
"Oct 13, 2024 7:00 PM",78,40,38,29,12,17,22,9,13,11,4,7,79,40,39,,,,0,0,0,,,
"Oct 13, 2024 8:00 PM",56,34,22,14,5,9,19,2,17,8,4,4,46,23,23,,,,0,0,0,,,
"Oct 13, 2024 9:00 PM",34,13,21,10,2,8,6,3,3,4,1,3,284,189,95,,,,0,0,0,,,
"Oct 13, 2024 10:00 PM",17,9,8,2,1,1,6,4,2,10,3,7,456,296,160,,,,0,0,0,,,
"Oct 13, 2024 11:00 PM",6,4,2,0,0,0,1,0,1,1,0,1,3,1,2,,,,0,0,0,,,
"Oct 14, 2024 12:00 AM",0,0,0,0,0,0,2,1,1,0,0,0,10,3,7,,,,0,0,0,,,
"Oct 14, 2024 1:00 AM",0,0,0,0,0,0,0,0,0,0,0,0,11,9,2,,,,0,0,0,,,
"Oct 14, 2024 2:00 AM",0,0,0,0,0,0,2,1,1,0,0,0,0,0,0,,,,0,0,0,,,
"Oct 14, 2024 3:00 AM",0,0,0,0,0,0,0,0,0,0,0,0,36,15,21,,,,0,0,0,,,
"Oct 14, 2024 4:00 AM",0,0,0,0,0,0,0,0,0,1,1,0,3,1,2,,,,0,0,0,,,
"Oct 14, 2024 5:00 AM",11,4,7,2,0,2,1,0,1,3,2,1,4,1,3,,,,0,0,0,,,
"Oct 14, 2024 6:00 AM",40,19,21,10,6,4,12,7,5,4,3,1,20,13,7,,,,0,0,0,,,
"Oct 14, 2024 7:00 AM",85,43,42,27,14,13,16,7,9,16,5,11,73,49,24,,,,0,0,0,,,
"Oct 14, 2024 8:00 AM",132,59,73,41,18,23,35,18,17,57,29,28,135,81,54,,,,0,0,0,,,
"Oct 14, 2024 9:00 AM",167,73,94,38,13,25,34,20,14,51,32,19,77,38,39,,,,0,0,0,,,
"Oct 14, 2024 10:00 AM",202,96,106,51,25,26,33,15,18,36,23,13,76,45,31,,,,0,0,0,,,
"Oct 14, 2024 11:00 AM",236,109,127,52,29,23,40,17,23,30,12,18,78,45,33,,,,0,0,0,,,
"Oct 14, 2024 12:00 PM",298,149,149,69,39,30,42,24,18,36,15,21,85,54,31,,,,0,0,0,,,
"Oct 14, 2024 1:00 PM",339,171,168,62,28,34,59,34,25,41,17,24,126,61,65,,,,0,0,0,,,
"Oct 14, 2024 2:00 PM",280,140,140,40,25,15,33,17,16,38,14,24,135,84,51,,,,0,0,0,,,
"Oct 14, 2024 3:00 PM",297,159,138,48,26,22,30,19,11,36,17,19,111,59,52,,,,0,0,0,,,
"Oct 14, 2024 4:00 PM",284,148,136,56,28,28,27,15,12,23,8,15,136,69,67,,,,0,0,0,,,
"Oct 14, 2024 5:00 PM",245,114,131,97,76,21,51,31,20,42,17,25,197,87,110,,,,0,0,0,,,
"Oct 14, 2024 6:00 PM",244,118,126,81,42,39,68,28,40,38,18,20,177,105,72,,,,0,0,0,,,
"Oct 14, 2024 7:00 PM",158,91,67,102,28,74,44,25,19,25,15,10,78,51,27,,,,0,0,0,,,
"Oct 14, 2024 8:00 PM",108,57,51,32,11,21,24,20,4,16,6,10,29,19,10,,,,0,0,0,,,
"Oct 14, 2024 9:00 PM",56,34,22,23,10,13,9,4,5,5,3,2,152,87,65,,,,0,0,0,,,
"Oct 14, 2024 10:00 PM",27,16,11,11,2,9,6,2,4,2,0,2,61,27,34,,,,0,0,0,,,
"Oct 14, 2024 11:00 PM",12,6,6,0,0,0,3,0,3,2,2,0,3,1,2,,,,0,0,0,,,
"Oct 15, 2024 12:00 AM",0,0,0,1,1,0,1,0,1,2,1,1,7,4,3,,,,0,0,0,,,
"Oct 15, 2024 1:00 AM",0,0,0,0,0,0,2,1,1,0,0,0,8,8,0,,,,0,0,0,,,
"Oct 15, 2024 2:00 AM",3,0,3,0,0,0,0,0,0,0,0,0,1,1,0,,,,0,0,0,,,
"Oct 15, 2024 3:00 AM",0,0,0,0,0,0,0,0,0,0,0,0,0,0,0,,,,0,0,0,,,
"Oct 15, 2024 4:00 AM",1,1,0,0,0,0,0,0,0,0,0,0,1,1,0,,,,0,0,0,,,
"Oct 15, 2024 5:00 AM",14,6,8,1,0,1,3,1,2,0,0,0,3,1,2,,,,0,0,0,,,
"Oct 15, 2024 6:00 AM",26,15,11,23,13,10,15,12,3,7,3,4,27,18,9,,,,0,0,0,,,
"Oct 15, 2024 7:00 AM",71,36,35,28,7,21,26,12,14,15,4,11,77,48,29,,,,0,0,0,,,
"Oct 15, 2024 8:00 AM",73,35,38,37,17,20,25,9,16,45,25,20,105,64,41,,,,0,0,0,,,
"Oct 15, 2024 9:00 AM",67,30,37,32,17,15,40,10,30,21,12,9,62,33,29,,,,0,0,0,,,
"Oct 15, 2024 10:00 AM",116,58,58,35,21,14,28,11,17,18,9,9,66,44,22,,,,0,0,0,,,
"Oct 15, 2024 11:00 AM",139,70,69,23,12,11,27,19,8,25,11,14,112,53,59,,,,0,0,0,,,
"Oct 15, 2024 12:00 PM",176,83,93,46,18,28,33,25,8,37,15,22,102,61,41,,,,0,0,0,,,
"Oct 15, 2024 1:00 PM",209,96,113,39,15,24,47,28,19,44,24,20,135,76,59,,,,0,0,0,,,
"Oct 15, 2024 2:00 PM",137,54,83,22,8,14,19,7,12,26,19,7,98,56,42,,,,0,0,0,,,
"Oct 15, 2024 3:00 PM",57,22,35,17,6,11,5,4,1,14,5,9,78,44,34,,,,0,0,0,,,
"Oct 15, 2024 4:00 PM",46,21,25,21,6,15,20,9,11,21,11,10,106,64,42,,,,0,0,0,,,
"Oct 15, 2024 5:00 PM",86,60,26,32,25,7,34,16,18,26,14,12,144,90,54,,,,0,0,0,,,
"Oct 15, 2024 6:00 PM",98,48,50,47,25,22,36,20,16,28,13,15,174,114,60,,,,0,0,0,,,
"Oct 15, 2024 7:00 PM",86,38,48,68,34,34,48,26,22,17,8,9,73,49,24,,,,0,0,0,,,
"Oct 15, 2024 8:00 PM",77,39,38,24,9,15,16,6,10,8,3,5,13,5,8,,,,0,0,0,,,
"Oct 15, 2024 9:00 PM",13,9,4,5,2,3,5,1,4,8,4,4,0,0,0,,,,0,0,0,,,
"Oct 15, 2024 10:00 PM",4,2,2,4,2,2,4,2,2,1,1,0,0,0,0,,,,0,0,0,,,
"Oct 15, 2024 11:00 PM",2,0,2,4,3,1,2,2,0,0,0,0,0,0,0,,,,0,0,0,,,
"Oct 16, 2024 12:00 AM",0,0,0,0,0,0,2,0,2,1,1,0,0,0,0,,,,0,0,0,,,
"Oct 16, 2024 1:00 AM",0,0,0,1,0,1,1,1,0,0,0,0,0,0,0,,,,0,0,0,,,
"Oct 16, 2024 2:00 AM",0,0,0,0,0,0,1,1,0,0,0,0,0,0,0,,,,0,0,0,,,
"Oct 16, 2024 3:00 AM",0,0,0,0,0,0,1,0,1,0,0,0,1,1,0,,,,0,0,0,,,
"Oct 16, 2024 4:00 AM",0,0,0,0,0,0,0,0,0,1,1,0,1,1,0,,,,0,0,0,,,
"Oct 16, 2024 5:00 AM",3,1,2,0,0,0,0,0,0,3,2,1,1,0,1,,,,0,0,0,,,
"Oct 16, 2024 6:00 AM",25,9,16,14,8,6,6,2,4,4,3,1,10,7,3,,,,0,0,0,,,
"Oct 16, 2024 7:00 AM",78,46,32,26,9,17,8,3,5,15,7,8,50,23,27,,,,0,0,0,,,
"Oct 16, 2024 8:00 AM",104,46,58,51,24,27,32,15,17,56,28,28,110,59,51,,,,0,0,0,,,
"Oct 16, 2024 9:00 AM",103,54,49,44,16,28,30,16,14,24,16,8,75,35,40,,,,0,0,0,,,
"Oct 16, 2024 10:00 AM",134,63,71,33,12,21,38,14,24,26,8,18,54,27,27,,,,0,0,0,,,
"Oct 16, 2024 11:00 AM",190,102,88,41,20,21,29,22,7,52,27,25,61,38,23,,,,0,0,0,,,
"Oct 16, 2024 12:00 PM",227,103,124,47,27,20,34,18,16,41,22,19,66,37,29,,,,0,0,0,,,
"Oct 16, 2024 1:00 PM",251,127,124,40,17,23,48,30,18,52,23,29,113,57,56,,,,0,0,0,,,
"Oct 16, 2024 2:00 PM",202,106,96,43,26,17,21,12,9,25,11,14,66,35,31,,,,0,,0,,,
"Oct 16, 2024 3:00 PM",148,69,79,36,21,15,15,8,7,29,16,13,104,43,61,,,,0,,0,,,
"Oct 16, 2024 4:00 PM",54,24,30,20,10,10,21,9,12,15,4,11,71,31,40,,,,0,0,0,,,
"Oct 16, 2024 5:00 PM",87,55,32,38,24,14,24,17,7,26,9,17,71,28,43,,,,0,0,0,,,
"Oct 16, 2024 6:00 PM",66,37,29,27,12,15,37,13,24,20,13,7,60,27,33,,,,0,0,0,,,
"Oct 16, 2024 7:00 PM",94,45,49,46,28,18,30,20,10,15,6,9,24,14,10,,,,0,0,0,,,
"Oct 16, 2024 8:00 PM",82,47,35,24,14,10,21,6,15,7,2,5,5,2,3,,,,0,0,0,,,
"Oct 16, 2024 9:00 PM",63,36,27,13,5,8,17,6,11,7,2,5,10,7,3,,,,0,0,0,,,
"Oct 16, 2024 10:00 PM",27,21,6,9,7,2,9,2,7,3,2,1,1,1,0,,,,0,0,0,,,
"Oct 16, 2024 11:00 PM",8,5,3,4,1,3,5,3,2,2,2,0,4,2,2,,,,0,0,0,,,
"Oct 17, 2024 12:00 AM",0,0,0,0,0,0,4,0,4,1,0,1,1,0,1,,,,0,0,0,,,
"Oct 17, 2024 1:00 AM",1,0,1,0,0,0,0,0,0,0,0,0,0,0,0,,,,0,0,0,,,
"Oct 17, 2024 2:00 AM",0,0,0,0,0,0,0,0,0,0,0,0,0,0,0,,,,0,0,0,,,
"Oct 17, 2024 3:00 AM",1,0,1,1,0,1,1,0,1,0,0,0,0,0,0,,,,0,0,0,,,
"Oct 17, 2024 4:00 AM",0,0,0,0,0,0,0,0,0,1,0,1,2,0,2,,,,0,0,0,,,
"Oct 17, 2024 5:00 AM",5,2,3,0,0,0,3,2,1,0,0,0,8,6,2,,,,0,0,0,,,
"Oct 17, 2024 6:00 AM",39,19,20,15,11,4,15,7,8,4,3,1,35,17,18,,,,0,0,0,,,
"Oct 17, 2024 7:00 AM",80,42,38,16,10,6,13,7,6,16,7,9,63,40,23,,,,0,0,0,,,
"Oct 17, 2024 8:00 AM",136,63,73,39,19,20,35,22,13,55,27,28,135,77,58,,,,0,0,0,,,
"Oct 17, 2024 9:00 AM",154,76,78,38,15,23,33,13,20,22,9,13,76,43,33,,,,0,,0,,,
"Oct 17, 2024 10:00 AM",162,80,82,43,19,24,23,14,9,30,17,13,65,39,26,,,,0,,0,,,
"Oct 17, 2024 11:00 AM",207,104,103,40,17,23,35,23,12,24,11,13,85,50,35,,,,,,,,,
"Oct 17, 2024 12:00 PM",238,108,130,50,26,24,35,12,23,34,18,16,81,52,29,,,,0,,0,,,
"Oct 17, 2024 1:00 PM",272,144,128,49,26,23,53,31,22,39,20,19,271,226,45,,,,0,,0,,,
"Oct 17, 2024 2:00 PM",251,132,119,40,26,14,32,19,13,26,10,16,133,80,53,,,,,,,,,
"Oct 17, 2024 3:00 PM",251,111,140,35,16,19,21,11,10,23,8,15,124,58,66,,,,,,,,,
"Oct 17, 2024 4:00 PM",185,88,97,40,21,19,38,26,12,30,12,18,108,53,55,,,,,,,,,
"Oct 17, 2024 5:00 PM",159,75,84,49,30,19,45,29,16,32,13,19,145,68,77,,,,,,,,,
"Oct 17, 2024 6:00 PM",162,90,72,74,47,27,47,18,29,36,18,18,137,76,61,,,,,,,,,
"Oct 17, 2024 7:00 PM",141,67,74,39,25,14,46,28,18,11,6,5,18,11,7,,,,,,,,,
"Oct 17, 2024 8:00 PM",119,75,44,45,28,17,33,18,15,10,5,5,10,6,4,,,,,,,,,
"Oct 17, 2024 9:00 PM",58,30,28,30,22,8,19,10,9,5,5,0,50,24,26,,,,,,,,,
"Oct 17, 2024 10:00 PM",39,23,16,13,4,9,13,8,5,3,3,0,15,12,3,,,,,,,,,
"Oct 17, 2024 11:00 PM",5,3,2,6,4,2,9,6,3,1,1,0,11,4,7,,,,,,,,,
"Oct 18, 2024 12:00 AM",0,0,0,1,0,1,4,1,3,0,0,0,0,0,0,,,,,,,,,
"Oct 18, 2024 1:00 AM",0,0,0,0,0,0,0,0,0,0,0,0,7,6,1,,,,0,0,0,,,
"Oct 18, 2024 2:00 AM",1,1,0,0,0,0,2,2,0,0,0,0,2,2,0,,,,0,0,0,,,
"Oct 18, 2024 3:00 AM",2,2,0,0,0,0,0,0,0,0,0,0,2,2,0,,,,0,0,0,,,
"Oct 18, 2024 4:00 AM",0,0,0,1,1,0,0,0,0,1,1,0,3,3,0,,,,0,0,0,,,
"Oct 18, 2024 5:00 AM",5,1,4,0,0,0,0,0,0,2,1,1,4,3,1,,,,0,0,0,,,
"Oct 18, 2024 6:00 AM",39,18,21,10,5,5,6,3,3,6,4,2,21,18,3,,,,0,0,0,,,
"Oct 18, 2024 7:00 AM",89,48,41,29,12,17,10,4,6,16,5,11,63,41,22,,,,0,0,0,,,
"Oct 18, 2024 8:00 AM",111,52,59,33,17,16,31,17,14,43,23,20,104,61,43,,,,0,0,0,,,
"Oct 18, 2024 9:00 AM",108,45,63,26,9,17,11,6,5,29,14,15,80,52,28,,,,0,0,0,,,
"Oct 18, 2024 10:00 AM",118,53,65,20,13,7,16,14,2,17,7,10,54,30,24,,,,0,0,0,,,
"Oct 18, 2024 11:00 AM",127,74,53,41,21,20,16,7,9,26,14,12,57,34,23,,,,0,0,0,,,
"Oct 18, 2024 12:00 PM",176,83,93,30,18,12,24,15,9,35,16,19,61,31,30,,,,0,0,0,,,
"Oct 18, 2024 1:00 PM",151,69,82,36,28,8,43,19,24,27,13,14,102,61,41,,,,0,0,0,,,
"Oct 18, 2024 2:00 PM",133,54,79,21,10,11,22,12,10,26,11,15,128,80,48,,,,0,0,0,,,
"Oct 18, 2024 3:00 PM",97,44,53,34,17,17,22,14,8,26,15,11,129,57,72,,,,0,0,0,,,
"Oct 18, 2024 4:00 PM",95,39,56,24,9,15,18,9,9,28,11,17,128,55,73,,,,0,0,0,,,
"Oct 18, 2024 5:00 PM",54,33,21,32,20,12,27,19,8,16,9,7,43,18,25,,,,0,0,0,,,
"Oct 18, 2024 6:00 PM",84,50,34,42,24,18,33,22,11,17,11,6,39,19,20,,,,0,0,0,,,
"Oct 18, 2024 7:00 PM",75,34,41,34,19,15,31,16,15,11,7,4,7,4,3,,,,0,0,0,,,
"Oct 18, 2024 8:00 PM",68,34,34,16,7,9,17,13,4,8,3,5,11,6,5,,,,0,0,0,,,
"Oct 18, 2024 9:00 PM",53,22,31,24,16,8,11,7,4,5,3,2,14,12,2,,,,0,0,0,,,
"Oct 18, 2024 10:00 PM",25,10,15,10,2,8,17,4,13,1,0,1,24,5,19,,,,0,0,0,,,
"Oct 18, 2024 11:00 PM",24,12,12,4,1,3,4,1,3,5,1,4,5,2,3,,,,0,0,0,,,
"Oct 19, 2024 12:00 AM",0,0,0,0,0,0,2,1,1,3,0,3,5,2,3,,,,0,0,0,,,
"Oct 19, 2024 1:00 AM",5,3,2,5,2,3,0,0,0,0,0,0,1,0,1,,,,0,0,0,,,
"Oct 19, 2024 2:00 AM",0,0,0,0,0,0,1,0,1,1,0,1,0,0,0,,,,0,0,0,,,
"Oct 19, 2024 3:00 AM",0,0,0,2,0,2,1,1,0,0,0,0,1,1,0,,,,0,0,0,,,
"Oct 19, 2024 4:00 AM",1,1,0,1,1,0,0,0,0,1,0,1,2,2,0,,,,0,0,0,,,
"Oct 19, 2024 5:00 AM",5,1,4,2,2,0,1,1,0,0,0,0,4,0,4,,,,0,0,0,,,
"Oct 19, 2024 6:00 AM",24,10,14,7,2,5,1,1,0,0,0,0,10,7,3,,,,0,0,0,,,
"Oct 19, 2024 7:00 AM",77,40,37,30,14,16,12,8,4,6,5,1,24,15,9,,,,0,0,0,,,
"Oct 19, 2024 8:00 AM",164,88,76,50,33,17,43,23,20,18,8,10,87,51,36,,,,0,0,0,,,
"Oct 19, 2024 9:00 AM",256,117,139,68,32,36,56,21,35,21,14,7,118,80,38,,,,0,0,0,,,
"Oct 19, 2024 10:00 AM",336,173,163,103,61,42,66,37,29,43,21,22,173,105,68,,,,0,0,0,,,
"Oct 19, 2024 11:00 AM",493,270,223,123,64,59,91,52,39,46,24,22,253,143,110,,,,0,0,0,,,
"Oct 19, 2024 12:00 PM",627,319,308,152,68,84,90,48,42,44,22,22,206,94,112,,,,0,,0,,,
"Oct 19, 2024 1:00 PM",701,362,339,119,54,65,74,49,25,34,13,21,159,91,68,,,,0,0,0,,,
"Oct 19, 2024 2:00 PM",729,388,341,92,44,48,66,40,26,46,27,19,181,113,68,,,,0,,0,,,
"Oct 19, 2024 3:00 PM",766,378,388,113,60,53,96,46,50,67,41,26,154,80,74,,,,0,,0,,,
"Oct 19, 2024 4:00 PM",658,305,353,91,52,39,96,51,45,46,18,28,183,94,89,,,,0,0,0,,,
"Oct 19, 2024 5:00 PM",457,216,241,70,32,38,67,27,40,36,17,19,152,77,75,,,,0,,0,,,
"Oct 19, 2024 6:00 PM",317,176,141,61,35,26,43,24,19,25,18,7,78,37,41,,,,0,,0,,,
"Oct 19, 2024 7:00 PM",199,84,115,30,11,19,56,29,27,6,6,0,65,51,14,,,,0,,0,,,
"Oct 19, 2024 8:00 PM",136,42,94,15,9,6,14,5,9,9,6,3,178,121,57,,,,0,,0,,,
"Oct 19, 2024 9:00 PM",44,19,25,8,5,3,8,4,4,5,2,3,184,154,30,,,,0,,0,,,
"Oct 19, 2024 10:00 PM",28,21,7,5,2,3,11,4,7,7,2,5,54,45,9,,,,0,,0,,,
"Oct 19, 2024 11:00 PM",21,7,14,2,0,2,7,1,6,6,2,4,39,30,9,,,,0,,0,,,
"Oct 20, 2024 12:00 AM",2,2,0,2,0,2,8,5,3,7,4,3,20,19,1,,,,0,,0,,,
"Oct 20, 2024 1:00 AM",3,2,1,1,0,1,3,3,0,0,0,0,2,2,0,,,,0,,0,,,
"Oct 20, 2024 2:00 AM",0,0,0,1,1,0,0,0,0,1,0,1,2,2,0,,,,,,,,,
"Oct 20, 2024 3:00 AM",0,0,0,0,0,0,0,0,0,1,0,1,1,1,0,,,,,,,,,
"Oct 20, 2024 4:00 AM",0,0,0,0,0,0,1,1,0,0,0,0,4,3,1,,,,,,,,,
"Oct 20, 2024 5:00 AM",2,2,0,0,0,0,2,2,0,0,0,0,1,0,1,,,,0,,0,,,
"Oct 20, 2024 6:00 AM",3,1,2,0,0,0,2,0,2,0,0,0,0,0,0,,,,0,0,0,,,
"Oct 20, 2024 7:00 AM",11,4,7,6,1,5,5,1,4,1,0,1,69,66,3,,,,0,0,0,,,
"Oct 20, 2024 8:00 AM",57,27,30,19,14,5,18,15,3,14,6,8,40,31,9,,,,0,0,0,,,
"Oct 20, 2024 9:00 AM",212,120,92,63,28,35,45,22,23,28,12,16,112,64,48,,,,0,0,0,,,
"Oct 20, 2024 10:00 AM",392,212,180,73,41,32,66,42,24,41,20,21,131,78,53,,,,0,0,0,,,
"Oct 20, 2024 11:00 AM",592,294,298,111,60,51,69,46,23,53,31,22,149,88,61,,,,0,0,0,,,
"Oct 20, 2024 12:00 PM",778,329,449,123,63,60,74,32,42,41,20,21,149,83,66,,,,0,0,0,,,
"Oct 20, 2024 1:00 PM",720,347,373,99,43,56,73,49,24,60,37,23,173,106,67,,,,0,0,0,,,
"Oct 20, 2024 2:00 PM",648,294,354,90,52,38,77,41,36,42,17,25,146,89,57,,,,0,0,0,,,
"Oct 20, 2024 3:00 PM",603,305,298,68,37,31,76,39,37,42,17,25,109,53,56,,,,0,0,0,,,
"Oct 20, 2024 4:00 PM",427,207,220,41,22,19,45,23,22,38,14,24,112,67,45,,,,0,0,0,,,
"Oct 20, 2024 5:00 PM",227,107,120,29,11,18,22,8,14,36,23,13,86,50,36,,,,0,,0,,,
"Oct 20, 2024 6:00 PM",69,39,30,24,12,12,22,15,7,14,8,6,70,26,44,,,,0,,0,,,
"Oct 20, 2024 7:00 PM",40,22,18,9,5,4,11,3,8,12,6,6,75,48,27,,,,0,,0,,,
"Oct 20, 2024 8:00 PM",20,12,8,6,4,2,3,0,3,3,3,0,48,36,12,,,,0,,0,,,
"Oct 20, 2024 9:00 PM",13,5,8,6,4,2,5,3,2,7,3,4,19,13,6,,,,0,,0,,,
"Oct 20, 2024 10:00 PM",5,1,4,2,0,2,1,1,0,1,1,0,44,37,7,,,,0,,0,,,
"Oct 20, 2024 11:00 PM",4,3,1,1,0,1,4,0,4,1,0,1,4,4,0,,,,0,,0,,,
"Oct 21, 2024 12:00 AM",0,0,0,0,0,0,0,0,0,1,0,1,4,1,3,,,,0,,0,,,
"Oct 21, 2024 1:00 AM",1,1,0,0,0,0,0,0,0,10,10,0,1,1,0,,,,0,,0,,,
"Oct 21, 2024 2:00 AM",1,1,0,1,1,0,1,1,0,6,4,2,0,0,0,,,,0,,0,,,
"Oct 21, 2024 3:00 AM",0,0,0,0,0,0,0,0,0,0,0,0,0,0,0,,,,0,,0,,,
"Oct 21, 2024 4:00 AM",0,0,0,0,0,0,0,0,0,0,0,0,2,2,0,,,,0,,0,,,
"Oct 21, 2024 5:00 AM",6,1,5,0,0,0,0,0,0,2,2,0,5,3,2,,,,0,,0,,,
"Oct 21, 2024 6:00 AM",35,17,18,11,4,7,18,10,8,9,5,4,18,11,7,,,,0,,0,,,
"Oct 21, 2024 7:00 AM",53,28,25,18,5,13,8,5,3,15,5,10,45,26,19,,,,0,,0,,,
"Oct 21, 2024 8:00 AM",110,50,60,36,20,16,24,12,12,50,26,24,100,54,46,,,,0,,0,,,
"Oct 21, 2024 9:00 AM",121,49,72,35,9,26,21,11,10,32,19,13,73,30,43,,,,0,,0,,,
"Oct 21, 2024 10:00 AM",167,88,79,39,21,18,31,20,11,31,16,15,83,47,36,,,,0,0,0,,,
"Oct 21, 2024 11:00 AM",242,98,144,44,14,30,43,26,17,31,17,14,83,41,42,,,,0,0,0,,,
"Oct 21, 2024 12:00 PM",263,128,135,42,16,26,30,14,16,36,22,14,75,35,40,,,,0,0,0,,,
"Oct 21, 2024 1:00 PM",292,146,146,46,20,26,45,26,19,34,12,22,115,66,49,,,,0,0,0,,,
"Oct 21, 2024 2:00 PM",235,112,123,41,20,21,31,16,15,24,11,13,111,59,52,,,,0,0,0,,,
"Oct 21, 2024 3:00 PM",284,137,147,42,21,21,37,17,20,25,12,13,101,53,48,,,,0,0,0,,,
"Oct 21, 2024 4:00 PM",191,98,93,46,26,20,30,14,16,36,17,19,148,65,83,,,,0,,0,,,
"Oct 21, 2024 5:00 PM",143,68,75,61,31,30,63,33,30,30,15,15,157,70,87,,,,0,,0,,,
"Oct 21, 2024 6:00 PM",171,100,71,114,79,35,58,33,25,45,25,20,179,91,88,,,,,,,,,
"Oct 21, 2024 7:00 PM",154,70,84,40,17,23,56,27,29,17,14,3,5,3,2,,,,,,,,,
"Oct 21, 2024 8:00 PM",137,67,70,57,11,46,34,16,18,14,8,6,27,3,24,,,,0,,0,,,
"Oct 21, 2024 9:00 PM",56,37,19,11,5,6,17,4,13,10,2,8,104,15,89,,,,,,,,,
"Oct 21, 2024 10:00 PM",24,14,10,10,2,8,10,3,7,3,3,0,48,23,25,,,,,,,,,
"Oct 21, 2024 11:00 PM",11,9,2,6,0,6,1,0,1,1,1,0,0,0,0,,,,,,,,,
"Oct 22, 2024 12:00 AM",0,0,0,0,0,0,0,0,0,0,0,0,1,0,1,,,,,,,,,
"Oct 22, 2024 1:00 AM",2,1,1,0,0,0,0,0,0,0,0,0,4,4,0,,,,,,,,,
"Oct 22, 2024 2:00 AM",0,0,0,3,3,0,0,0,0,0,0,0,12,4,8,,,,,,,,,
"Oct 22, 2024 3:00 AM",0,0,0,0,0,0,0,0,0,0,0,0,0,0,0,,,,,,,,,
"Oct 22, 2024 4:00 AM",0,0,0,0,0,0,0,0,0,0,0,0,0,0,0,,,,,,,,,
"Oct 22, 2024 5:00 AM",13,5,8,1,1,0,2,1,1,0,0,0,3,1,2,,,,,,,,,
"Oct 22, 2024 6:00 AM",36,17,19,19,9,10,14,8,6,7,5,2,26,17,9,,,,,,,,,
"Oct 22, 2024 7:00 AM",74,42,32,24,12,12,12,9,3,23,11,12,54,32,22,,,,,,,,,
"Oct 22, 2024 8:00 AM",154,75,79,31,15,16,35,15,20,53,31,22,119,63,56,,,,,,,,,
"Oct 22, 2024 9:00 AM",154,71,83,30,17,13,17,8,9,37,14,23,86,40,46,,,,,,,,,
"Oct 22, 2024 10:00 AM",183,99,84,43,19,24,42,33,9,23,15,8,67,35,32,,,,0,0,0,,,
"Oct 22, 2024 11:00 AM",208,105,103,46,15,31,31,15,16,29,10,19,123,58,65,,,,0,,0,,,
"Oct 22, 2024 12:00 PM",260,121,139,51,29,22,37,20,17,40,18,22,94,53,41,,,,0,,0,,,
"Oct 22, 2024 1:00 PM",284,142,142,35,18,17,48,24,24,35,19,16,132,66,66,,,,,,,,,
"Oct 22, 2024 2:00 PM",229,102,127,33,18,15,30,15,15,29,15,14,103,69,34,,,,,,,,,
"Oct 22, 2024 3:00 PM",221,122,99,32,14,18,31,17,14,34,15,19,88,37,51,,,,,,,,,
"Oct 22, 2024 4:00 PM",149,63,86,30,17,13,23,12,11,30,18,12,108,44,64,,,,,,,,,
"Oct 22, 2024 5:00 PM",157,74,83,55,36,19,40,15,25,36,17,19,154,81,73,,,,,,,,,
"Oct 22, 2024 6:00 PM",211,92,119,68,44,24,51,29,22,31,13,18,153,75,78,,,,,,,,,
"Oct 22, 2024 7:00 PM",185,98,87,61,25,36,58,25,33,22,8,14,56,39,17,,,,,,,,,
"Oct 22, 2024 8:00 PM",129,69,60,46,19,27,24,11,13,14,6,8,3,3,0,,,,,,,,,
"Oct 22, 2024 9:00 PM",72,30,42,18,6,12,12,8,4,9,6,3,5,3,2,,,,,,,,,
"Oct 22, 2024 10:00 PM",26,15,11,3,3,0,7,4,3,3,1,2,38,18,20,,,,,,,,,
"Oct 22, 2024 11:00 PM",7,4,3,1,1,0,0,0,0,1,0,1,3,1,2,,,,,,,,,
"Oct 23, 2024 12:00 AM",0,0,0,0,0,0,0,0,0,1,0,1,3,0,3,,,,,,,,,
"Oct 23, 2024 1:00 AM",0,0,0,1,0,1,0,0,0,0,0,0,1,1,0,,,,,,,,,
"Oct 23, 2024 2:00 AM",0,0,0,0,0,0,0,0,0,0,0,0,0,0,0,,,,0,0,0,,,
"Oct 23, 2024 3:00 AM",0,0,0,0,0,0,0,0,0,0,0,0,1,1,0,,,,0,0,0,,,
"Oct 23, 2024 4:00 AM",0,0,0,0,0,0,0,0,0,1,1,0,1,1,0,,,,0,0,0,,,
"Oct 23, 2024 5:00 AM",7,1,6,1,1,0,0,0,0,2,1,1,6,3,3,,,,0,0,0,,,
"Oct 23, 2024 6:00 AM",32,16,16,16,10,6,14,9,5,4,4,0,18,10,8,,,,0,0,0,,,
"Oct 23, 2024 7:00 AM",91,51,40,26,14,12,23,12,11,18,7,11,56,31,25,,,,0,0,0,,,
"Oct 23, 2024 8:00 AM",165,84,81,35,21,14,20,12,8,54,34,20,102,48,54,,,,0,0,0,,,
"Oct 23, 2024 9:00 AM",151,69,82,50,24,26,18,9,9,30,14,16,81,37,44,,,,0,0,0,,,
"Oct 23, 2024 10:00 AM",217,119,98,39,19,20,30,22,8,20,10,10,61,37,24,,,,0,0,0,,,
"Oct 23, 2024 11:00 AM",267,121,146,39,14,25,27,13,14,29,10,19,109,65,44,,,,0,0,0,,,
"Oct 23, 2024 12:00 PM",265,134,131,51,30,21,31,16,15,41,17,24,112,48,64,,,,0,0,0,,,
"Oct 23, 2024 1:00 PM",300,144,156,34,25,9,50,30,20,41,25,16,174,92,82,,,,0,0,0,,,
"Oct 23, 2024 2:00 PM",244,117,127,32,13,19,40,18,22,25,8,17,130,68,62,,,,0,,0,,,
"Oct 23, 2024 3:00 PM",156,70,86,41,24,17,19,12,7,17,9,8,157,74,83,,,,,,,,,
"Oct 23, 2024 4:00 PM",140,77,63,50,28,22,35,22,13,21,12,9,192,92,100,,,,,,,,,
"Oct 23, 2024 5:00 PM",163,83,80,47,28,19,35,19,16,33,13,20,172,83,89,,,,,,,,,
"Oct 23, 2024 6:00 PM",162,89,73,59,36,23,39,22,17,34,15,19,92,45,47,,,,,,,,,
"Oct 23, 2024 7:00 PM",143,81,62,36,17,19,32,15,17,20,7,13,24,18,6,,,,,,,,,
"Oct 23, 2024 8:00 PM",106,46,60,38,17,21,22,9,13,5,1,4,2,2,0,,,,,,,,,
"Oct 23, 2024 9:00 PM",57,29,28,15,10,5,18,12,6,10,5,5,74,43,31,,,,,,,,,
"Oct 23, 2024 10:00 PM",21,12,9,11,3,8,10,6,4,6,2,4,177,103,74,,,,,,,,,
"Oct 23, 2024 11:00 PM",8,6,2,7,3,4,2,0,2,3,1,2,87,62,25,,,,,,,,,
"Oct 24, 2024 12:00 AM",0,0,0,1,0,1,1,0,1,2,1,1,6,1,5,,,,,,,,,
"Oct 24, 2024 1:00 AM",0,0,0,0,0,0,0,0,0,0,0,0,13,12,1,,,,,,,,,
"Oct 24, 2024 2:00 AM",0,0,0,0,0,0,0,0,0,0,0,0,0,0,0,,,,,,,,,
"Oct 24, 2024 3:00 AM",0,0,0,0,0,0,1,1,0,0,0,0,0,0,0,,,,,,,,,
"Oct 24, 2024 4:00 AM",0,0,0,0,0,0,0,0,0,0,0,0,0,0,0,,,,,,,,,
"Oct 24, 2024 5:00 AM",3,0,3,0,0,0,2,1,1,1,0,1,3,1,2,,,,,,,,,
"Oct 24, 2024 6:00 AM",49,22,27,8,6,2,22,15,7,7,6,1,15,8,7,,,,,,,,,
"Oct 24, 2024 7:00 AM",100,56,44,32,11,21,15,7,8,20,8,12,38,25,13,,,,,,,,,
"Oct 24, 2024 8:00 AM",99,55,44,39,16,23,27,17,10,47,28,19,107,50,57,,,,,,,,,
"Oct 24, 2024 9:00 AM",107,52,55,33,20,13,20,9,11,35,16,19,80,48,32,,,,,,,,,
"Oct 24, 2024 10:00 AM",148,72,76,43,26,17,22,11,11,34,22,12,66,33,33,,,,,,,,,
"Oct 24, 2024 11:00 AM",199,98,101,39,20,19,28,11,17,27,15,12,57,27,30,,,,,,,,,
"Oct 24, 2024 12:00 PM",183,99,84,41,20,21,30,17,13,39,23,16,78,38,40,,,,,,,,,
"Oct 24, 2024 1:00 PM",173,84,89,53,24,29,52,36,16,38,18,20,92,52,40,,,,,,,,,
"Oct 24, 2024 2:00 PM",129,69,60,27,21,6,20,10,10,32,15,17,108,54,54,,,,,,,,,
"Oct 24, 2024 3:00 PM",122,52,70,24,8,16,11,5,6,27,16,11,138,59,79,,,,0,,0,,,
"Oct 24, 2024 4:00 PM",124,60,64,40,18,22,21,10,11,23,14,9,147,86,61,,,,0,,0,,,
"Oct 24, 2024 5:00 PM",134,65,69,27,9,18,33,23,10,35,14,21,196,99,97,,,,,,,,,
"Oct 24, 2024 6:00 PM",87,47,40,40,20,20,30,13,17,17,11,6,101,69,32,,,,,,,,,
"Oct 24, 2024 7:00 PM",86,40,46,34,18,16,24,14,10,19,8,11,22,19,3,,,,0,0,0,,,
"Oct 24, 2024 8:00 PM",92,48,44,28,10,18,19,8,11,10,8,2,55,42,13,,,,0,0,0,,,
"Oct 24, 2024 9:00 PM",38,16,22,16,6,10,18,8,10,11,5,6,64,58,6,,,,0,0,0,,,
"Oct 24, 2024 10:00 PM",15,10,5,9,4,5,9,1,8,4,1,3,11,8,3,,,,0,0,0,,,
"Oct 24, 2024 11:00 PM",10,7,3,4,1,3,9,6,3,0,0,0,1,1,0,,,,0,0,0,,,
"Oct 25, 2024 12:00 AM",0,0,0,0,0,0,2,1,1,2,1,1,1,1,0,,,,0,0,0,,,
"Oct 25, 2024 1:00 AM",0,0,0,3,0,3,0,0,0,0,0,0,0,0,0,,,,0,0,0,,,
"Oct 25, 2024 2:00 AM",0,0,0,0,0,0,0,0,0,0,0,0,0,0,0,,,,0,0,0,,,
"Oct 25, 2024 3:00 AM",0,0,0,0,0,0,0,0,0,0,0,0,0,0,0,,,,0,0,0,,,
"Oct 25, 2024 4:00 AM",1,1,0,0,0,0,0,0,0,1,1,0,0,0,0,,,,0,0,0,,,
"Oct 25, 2024 5:00 AM",2,0,2,1,0,1,3,1,2,1,0,1,1,0,1,,,,0,0,0,,,
"Oct 25, 2024 6:00 AM",27,11,16,17,10,7,11,7,4,4,2,2,18,14,4,,,,0,0,0,,,
"Oct 25, 2024 7:00 AM",80,44,36,26,14,12,21,8,13,14,3,11,29,20,9,,,,0,0,0,,,
"Oct 25, 2024 8:00 AM",76,32,44,26,13,13,14,7,7,43,19,24,54,30,24,,,,0,0,0,,,
"Oct 25, 2024 9:00 AM",55,30,25,18,7,11,23,13,10,15,7,8,29,16,13,,,,0,0,0,,,
"Oct 25, 2024 10:00 AM",71,44,27,15,8,7,10,6,4,11,5,6,16,7,9,,,,0,0,0,,,
"Oct 25, 2024 11:00 AM",79,39,40,20,9,11,20,11,9,17,8,9,267,120,147,,,,0,0,0,,,
"Oct 25, 2024 12:00 PM",131,58,73,21,11,10,27,8,19,29,13,16,62,30,32,,,,0,0,0,,,
"Oct 25, 2024 1:00 PM",167,92,75,42,22,20,28,13,15,22,9,13,69,42,27,,,,0,0,0,,,
"Oct 25, 2024 2:00 PM",138,65,73,39,16,23,35,20,15,30,14,16,100,60,40,,,,0,0,0,,,
"Oct 25, 2024 3:00 PM",238,110,128,46,26,20,41,25,16,29,15,14,137,57,80,,,,0,0,0,,,
"Oct 25, 2024 4:00 PM",252,135,117,51,28,23,58,27,31,30,14,16,117,65,52,,,,0,0,0,,,
"Oct 25, 2024 5:00 PM",244,130,114,53,26,27,66,34,32,38,20,18,98,48,50,,,,0,0,0,,,
"Oct 25, 2024 6:00 PM",166,86,80,54,26,28,52,19,33,21,10,11,78,46,32,,,,0,0,0,,,
"Oct 25, 2024 7:00 PM",114,50,64,29,12,17,42,11,31,12,8,4,24,15,9,,,,0,0,0,,,
"Oct 25, 2024 8:00 PM",85,36,49,27,18,9,26,15,11,7,4,3,6,4,2,,,,0,0,0,,,
"Oct 25, 2024 9:00 PM",27,14,13,17,9,8,18,12,6,4,1,3,8,6,2,,,,0,0,0,,,
"Oct 25, 2024 10:00 PM",38,23,15,13,5,8,7,2,5,5,4,1,8,5,3,,,,0,0,0,,,
"Oct 25, 2024 11:00 PM",15,7,8,4,2,2,20,16,4,5,2,3,6,6,0,,,,0,0,0,,,
"Oct 26, 2024 12:00 AM",0,0,0,2,1,1,2,1,1,2,1,1,5,2,3,,,,0,0,0,,,
"Oct 26, 2024 1:00 AM",4,2,2,2,1,1,0,0,0,0,0,0,1,1,0,,,,0,0,0,,,
"Oct 26, 2024 2:00 AM",6,4,2,2,0,2,0,0,0,0,0,0,1,0,1,,,,0,0,0,,,
"Oct 26, 2024 3:00 AM",0,0,0,0,0,0,0,0,0,0,0,0,4,2,2,,,,0,0,0,,,
"Oct 26, 2024 4:00 AM",1,1,0,0,0,0,0,0,0,0,0,0,1,0,1,,,,0,0,0,,,
"Oct 26, 2024 5:00 AM",2,0,2,3,2,1,0,0,0,1,1,0,2,1,1,,,,0,0,0,,,
"Oct 26, 2024 6:00 AM",22,8,14,2,2,0,6,2,4,1,0,1,3,1,2,,,,0,0,0,,,
"Oct 26, 2024 7:00 AM",63,21,42,13,6,7,8,4,4,4,0,4,16,11,5,,,,0,0,0,,,
"Oct 26, 2024 8:00 AM",139,76,63,37,24,13,35,20,15,17,6,11,68,47,21,,,,0,0,0,,,
"Oct 26, 2024 9:00 AM",266,117,149,53,24,29,30,12,18,28,14,14,66,42,24,,,,0,0,0,,,
"Oct 26, 2024 10:00 AM",337,198,139,76,42,34,63,37,26,33,18,15,116,74,42,,,,0,0,0,,,
"Oct 26, 2024 11:00 AM",380,223,157,93,43,50,52,26,26,38,24,14,164,99,65,,,,0,0,0,,,
"Oct 26, 2024 12:00 PM",457,226,231,71,41,30,65,30,35,25,11,14,115,53,62,,,,0,0,0,,,
"Oct 26, 2024 1:00 PM",439,204,235,77,42,35,74,37,37,35,16,19,101,57,44,,,,0,0,0,,,
"Oct 26, 2024 2:00 PM",431,220,211,74,50,24,63,35,28,41,26,15,87,48,39,,,,0,0,0,,,
"Oct 26, 2024 3:00 PM",481,260,221,59,33,26,55,37,18,48,32,16,101,56,45,,,,0,0,0,,,
"Oct 26, 2024 4:00 PM",416,179,237,45,19,26,38,22,16,42,15,27,95,46,49,,,,0,0,0,,,
"Oct 26, 2024 5:00 PM",250,117,133,43,21,22,44,20,24,20,11,9,88,56,32,,,,0,,0,,,
"Oct 26, 2024 6:00 PM",157,79,78,25,11,14,39,19,20,28,12,16,42,18,24,,,,0,0,0,,,
"Oct 26, 2024 7:00 PM",83,35,48,10,4,6,18,6,12,15,9,6,19,10,9,,,,0,0,0,,,
"Oct 26, 2024 8:00 PM",39,19,20,9,4,5,9,4,5,4,3,1,8,5,3,,,,0,0,0,,,
"Oct 26, 2024 9:00 PM",48,23,25,5,3,2,9,5,4,1,1,0,0,0,0,,,,0,0,0,,,
"Oct 26, 2024 10:00 PM",20,9,11,5,0,5,4,3,1,4,4,0,0,0,0,,,,0,0,0,,,
"Oct 26, 2024 11:00 PM",9,4,5,5,3,2,2,2,0,2,0,2,3,2,1,,,,0,0,0,,,
"Oct 27, 2024 12:00 AM",0,0,0,0,0,0,4,3,1,3,1,2,3,3,0,,,,0,0,0,,,
"Oct 27, 2024 1:00 AM",3,3,0,6,3,3,0,0,0,1,0,1,0,0,0,,,,0,0,0,,,
"Oct 27, 2024 2:00 AM",1,1,0,0,0,0,0,0,0,0,0,0,0,0,0,,,,0,0,0,,,
"Oct 27, 2024 3:00 AM",1,1,0,0,0,0,0,0,0,0,0,0,0,0,0,,,,0,0,0,,,
"Oct 27, 2024 4:00 AM",0,0,0,0,0,0,0,0,0,0,0,0,0,0,0,,,,0,0,0,,,
"Oct 27, 2024 5:00 AM",2,0,2,0,0,0,1,1,0,0,0,0,2,2,0,,,,0,0,0,,,
"Oct 27, 2024 6:00 AM",12,8,4,4,4,0,3,2,1,2,2,0,6,2,4,,,,0,0,0,,,
"Oct 27, 2024 7:00 AM",88,42,46,17,7,10,19,11,8,5,3,2,38,21,17,,,,0,0,0,,,
"Oct 27, 2024 8:00 AM",154,83,71,47,25,22,38,21,17,14,5,9,52,34,18,,,,0,0,0,,,
"Oct 27, 2024 9:00 AM",249,127,122,66,34,32,41,20,21,19,9,10,99,64,35,,,,0,0,0,,,
"Oct 27, 2024 10:00 AM",353,200,153,90,52,38,56,33,23,33,19,14,101,49,52,,,,0,0,0,,,
"Oct 27, 2024 11:00 AM",535,261,274,72,38,34,62,33,29,37,20,17,113,62,51,,,,0,0,0,,,
"Oct 27, 2024 12:00 PM",490,252,238,72,41,31,48,23,25,54,18,36,114,61,53,,,,0,0,0,,,
"Oct 27, 2024 1:00 PM",457,234,223,60,23,37,42,22,20,37,17,20,92,52,40,,,,0,0,0,,,
"Oct 27, 2024 2:00 PM",378,180,198,61,33,28,53,26,27,34,15,19,87,52,35,,,,0,0,0,,,
"Oct 27, 2024 3:00 PM",213,89,124,21,14,7,36,16,20,27,12,15,60,32,28,,,,0,0,0,,,
"Oct 27, 2024 4:00 PM",109,58,51,27,7,20,11,7,4,23,8,15,25,13,12,,,,0,0,0,,,
"Oct 27, 2024 5:00 PM",48,25,23,17,10,7,22,13,9,14,5,9,23,14,9,,,,0,0,0,,,
"Oct 27, 2024 6:00 PM",66,40,26,11,5,6,10,4,6,8,5,3,3,2,1,,,,0,0,0,,,
"Oct 27, 2024 7:00 PM",42,13,29,13,9,4,26,11,15,12,6,6,2,1,1,,,,0,0,0,,,
"Oct 27, 2024 8:00 PM",49,27,22,8,2,6,9,2,7,6,3,3,0,0,0,,,,0,0,0,,,
"Oct 27, 2024 9:00 PM",40,21,19,8,5,3,5,5,0,8,4,4,1,1,0,,,,0,0,0,,,
"Oct 27, 2024 10:00 PM",16,11,5,4,3,1,7,6,1,2,2,0,2,0,2,,,,0,0,0,,,
"Oct 27, 2024 11:00 PM",1,1,0,1,0,1,5,2,3,2,1,1,1,1,0,,,,0,0,0,,,
"Oct 28, 2024 12:00 AM",1,1,0,6,2,4,0,0,0,0,0,0,0,0,0,,,,0,0,0,,,
"Oct 28, 2024 1:00 AM",1,0,1,0,0,0,0,0,0,4,2,2,0,0,0,,,,0,0,0,,,
"Oct 28, 2024 2:00 AM",0,0,0,0,0,0,0,0,0,0,0,0,0,0,0,,,,0,0,0,,,
"Oct 28, 2024 3:00 AM",1,1,0,0,0,0,0,0,0,0,0,0,0,0,0,,,,0,0,0,,,
"Oct 28, 2024 4:00 AM",0,0,0,3,0,3,1,0,1,0,0,0,0,0,0,,,,0,0,0,,,
"Oct 28, 2024 5:00 AM",4,1,3,0,0,0,0,0,0,3,2,1,1,0,1,,,,0,0,0,,,
"Oct 28, 2024 6:00 AM",12,4,8,3,1,2,7,5,2,4,2,2,2,2,0,,,,0,0,0,,,
"Oct 28, 2024 7:00 AM",60,31,29,11,10,1,16,9,7,9,4,5,14,7,7,,,,0,0,0,,,
"Oct 28, 2024 8:00 AM",149,73,76,36,16,20,32,18,14,11,5,6,42,23,19,,,,0,0,0,,,
"Oct 28, 2024 9:00 AM",272,141,131,59,32,27,53,27,26,33,19,14,102,65,37,,,,0,0,0,,,
"Oct 28, 2024 10:00 AM",346,195,151,93,42,51,54,30,24,38,14,24,133,75,58,,,,0,0,0,,,
"Oct 28, 2024 11:00 AM",516,284,232,82,40,42,55,34,21,45,28,17,117,66,51,,,,0,0,0,,,
"Oct 28, 2024 12:00 PM",552,260,292,83,39,44,62,36,26,57,30,27,119,71,48,,,,0,0,0,,,
"Oct 28, 2024 1:00 PM",621,342,279,77,34,43,64,38,26,50,28,22,111,56,55,,,,0,0,0,,,
"Oct 28, 2024 2:00 PM",733,371,362,68,50,18,58,34,24,41,16,25,157,103,54,,,,0,0,0,,,
"Oct 28, 2024 3:00 PM",643,314,329,78,42,36,64,35,29,45,27,18,149,87,62,,,,0,0,0,,,
"Oct 28, 2024 4:00 PM",522,254,268,109,43,66,71,34,37,51,16,35,135,63,72,,,,0,0,0,,,
"Oct 28, 2024 5:00 PM",343,177,166,77,38,39,58,30,28,30,23,7,68,38,30,,,,0,,0,,,
"Oct 28, 2024 6:00 PM",161,84,77,33,12,21,47,20,27,18,11,7,35,28,7,,,,0,0,0,,,
"Oct 28, 2024 7:00 PM",105,54,51,14,2,12,36,10,26,14,7,7,27,17,10,,,,0,0,0,,,
"Oct 28, 2024 8:00 PM",87,56,31,21,13,8,29,6,23,7,4,3,7,5,2,,,,0,0,0,,,
"Oct 28, 2024 9:00 PM",57,28,29,22,10,12,13,8,5,5,1,4,4,2,2,,,,0,0,0,,,
"Oct 28, 2024 10:00 PM",13,6,7,6,2,4,3,1,2,4,3,1,1,1,0,,,,0,0,0,,,
"Oct 28, 2024 11:00 PM",0,0,0,0,0,0,1,0,1,1,0,1,4,2,2,,,,0,0,0,,,
"Oct 29, 2024 12:00 AM",0,0,0,0,0,0,2,1,1,0,0,0,0,0,0,,,,0,0,0,,,
"Oct 29, 2024 1:00 AM",1,1,0,0,0,0,2,1,1,0,0,0,0,0,0,,,,0,0,0,,,
"Oct 29, 2024 2:00 AM",1,0,1,1,1,0,0,0,0,0,0,0,0,0,0,,,,0,0,0,,,
"Oct 29, 2024 3:00 AM",0,0,0,0,0,0,0,0,0,0,0,0,0,0,0,,,,0,0,0,,,
"Oct 29, 2024 4:00 AM",0,0,0,0,0,0,0,0,0,1,1,0,0,0,0,,,,0,0,0,,,
"Oct 29, 2024 5:00 AM",12,5,7,2,1,1,0,0,0,4,3,1,3,1,2,,,,0,0,0,,,
"Oct 29, 2024 6:00 AM",32,14,18,11,6,5,10,9,1,6,3,3,24,17,7,,,,0,0,0,,,
"Oct 29, 2024 7:00 AM",90,45,45,25,15,10,20,12,8,14,7,7,49,29,20,,,,0,0,0,,,
"Oct 29, 2024 8:00 AM",176,101,75,46,22,24,27,14,13,28,13,15,95,49,46,,,,0,0,0,,,
"Oct 29, 2024 9:00 AM",149,81,68,30,12,18,28,13,15,20,14,6,77,50,27,,,,0,0,0,,,
"Oct 29, 2024 10:00 AM",230,117,113,37,17,20,20,10,10,23,12,11,86,58,28,,,,0,0,0,,,
"Oct 29, 2024 11:00 AM",276,155,121,32,15,17,32,19,13,33,12,21,94,55,39,,,,0,0,0,,,
"Oct 29, 2024 12:00 PM",314,159,155,29,19,10,38,20,18,30,12,18,114,52,62,,,,0,,0,,,
"Oct 29, 2024 1:00 PM",306,146,160,50,31,19,47,28,19,34,21,13,78,42,36,,,,0,0,0,,,
"Oct 29, 2024 2:00 PM",346,150,196,39,20,19,46,18,28,32,19,13,83,51,32,,,,0,0,0,,,
"Oct 29, 2024 3:00 PM",271,122,149,74,45,29,40,26,14,32,16,16,97,58,39,,,,0,,0,,,
"Oct 29, 2024 4:00 PM",206,103,103,104,59,45,47,31,16,37,11,26,95,42,53,,,,0,0,0,,,
"Oct 29, 2024 5:00 PM",185,99,86,63,32,31,33,21,12,21,11,10,67,49,18,,,,0,0,0,,,
"Oct 29, 2024 6:00 PM",127,61,66,38,21,17,52,25,27,28,15,13,4,4,0,,,,0,,0,,,
"Oct 29, 2024 7:00 PM",150,71,79,47,24,23,34,18,16,12,6,6,7,7,0,,,,0,0,0,,,
"Oct 29, 2024 8:00 PM",122,69,53,28,16,12,20,9,11,12,3,9,9,8,1,,,,0,0,0,,,
"Oct 29, 2024 9:00 PM",79,46,33,22,12,10,18,5,13,13,10,3,10,9,1,,,,0,0,0,,,
"Oct 29, 2024 10:00 PM",24,14,10,8,5,3,5,3,2,2,1,1,1,1,0,,,,0,0,0,,,
"Oct 29, 2024 11:00 PM",12,7,5,3,1,2,0,0,0,3,1,2,1,1,0,,,,0,0,0,,,
"Oct 30, 2024 12:00 AM",0,0,0,0,0,0,1,0,1,4,4,0,3,1,2,,,,0,0,0,,,
"Oct 30, 2024 1:00 AM",4,2,2,0,0,0,0,0,0,0,0,0,0,0,0,,,,0,0,0,,,
"Oct 30, 2024 2:00 AM",0,0,0,0,0,0,2,0,2,0,0,0,1,1,0,,,,0,0,0,,,
"Oct 30, 2024 3:00 AM",0,0,0,0,0,0,0,0,0,0,0,0,1,0,1,,,,0,0,0,,,
"Oct 30, 2024 4:00 AM",0,0,0,0,0,0,0,0,0,0,0,0,0,0,0,,,,0,0,0,,,
"Oct 30, 2024 5:00 AM",8,2,6,13,7,6,0,0,0,4,3,1,5,2,3,,,,0,0,0,,,
"Oct 30, 2024 6:00 AM",31,17,14,17,10,7,11,5,6,7,7,0,21,13,8,,,,0,0,0,,,
"Oct 30, 2024 7:00 AM",106,58,48,40,13,27,20,10,10,20,10,10,50,29,21,,,,0,0,0,,,
"Oct 30, 2024 8:00 AM",148,78,70,49,21,28,31,15,16,39,19,20,83,53,30,,,,0,0,0,,,
"Oct 30, 2024 9:00 AM",171,85,86,37,23,14,37,21,16,25,13,12,76,45,31,,,,0,0,0,,,
"Oct 30, 2024 10:00 AM",251,128,123,50,24,26,40,11,29,18,11,7,70,39,31,,,,0,0,0,,,
"Oct 30, 2024 11:00 AM",326,181,145,63,29,34,32,18,14,22,13,9,86,51,35,,,,0,0,0,,,
"Oct 30, 2024 12:00 PM",361,178,183,51,20,31,49,35,14,34,19,15,101,53,48,,,,0,0,0,,,
"Oct 30, 2024 1:00 PM",361,173,188,41,23,18,47,30,17,43,26,17,124,62,62,,,,0,0,0,,,
"Oct 30, 2024 2:00 PM",341,177,164,27,14,13,37,19,18,34,11,23,97,59,38,,,,0,0,0,,,
"Oct 30, 2024 3:00 PM",251,117,134,54,28,26,26,15,11,29,19,10,93,43,50,,,,0,0,0,,,
"Oct 30, 2024 4:00 PM",228,107,121,32,18,14,38,17,21,35,13,22,90,49,41,,,,0,,0,,,
"Oct 30, 2024 5:00 PM",149,74,75,45,24,21,42,25,17,30,15,15,95,46,49,,,,0,,0,,,
"Oct 30, 2024 6:00 PM",125,61,64,63,44,19,50,32,18,18,9,9,19,18,1,,,,0,,0,,,
"Oct 30, 2024 7:00 PM",160,77,83,45,22,23,48,22,26,9,5,4,0,0,0,,,,0,0,0,,,
"Oct 30, 2024 8:00 PM",129,76,53,32,18,14,39,11,28,9,7,2,1,1,0,,,,0,0,0,,,
"Oct 30, 2024 9:00 PM",72,43,29,27,10,17,34,17,17,4,2,2,1,1,0,,,,0,0,0,,,
"Oct 30, 2024 10:00 PM",32,19,13,6,4,2,12,6,6,3,1,2,1,1,0,,,,0,0,0,,,
"Oct 30, 2024 11:00 PM",11,6,5,2,2,0,2,0,2,1,0,1,2,2,0,,,,0,0,0,,,
"Oct 31, 2024 12:00 AM",1,0,1,0,0,0,3,0,3,2,0,2,1,1,0,,,,0,0,0,,,
"Oct 31, 2024 1:00 AM",4,2,2,0,0,0,0,0,0,3,0,3,0,0,0,,,,0,0,0,,,
"Oct 31, 2024 2:00 AM",0,0,0,1,0,1,4,1,3,4,3,1,0,0,0,,,,0,0,0,,,
"Oct 31, 2024 3:00 AM",2,0,2,0,0,0,0,0,0,0,0,0,0,0,0,,,,0,0,0,,,
"Oct 31, 2024 4:00 AM",1,0,1,0,0,0,0,0,0,1,1,0,0,0,0,,,,0,0,0,,,
"Oct 31, 2024 5:00 AM",5,1,4,1,0,1,1,0,1,2,1,1,4,2,2,,,,0,0,0,,,
"Oct 31, 2024 6:00 AM",35,15,20,12,6,6,11,8,3,3,3,0,16,10,6,,,,0,0,0,,,
"Oct 31, 2024 7:00 AM",94,51,43,28,15,13,24,12,12,10,8,2,52,29,23,,,,0,0,0,,,
"Oct 31, 2024 8:00 AM",164,76,88,39,18,21,28,11,17,36,14,22,83,39,44,,,,0,0,0,,,
"Oct 31, 2024 9:00 AM",128,69,59,48,20,28,21,12,9,20,10,10,68,41,27,,,,0,,0,,,
"Oct 31, 2024 10:00 AM",175,98,77,43,27,16,37,26,11,31,19,12,48,33,15,,,,0,0,0,,,
"Oct 31, 2024 11:00 AM",263,137,126,51,24,27,30,16,14,41,22,19,96,63,33,,,,0,0,0,,,
"Oct 31, 2024 12:00 PM",239,122,117,58,30,28,42,24,18,30,12,18,102,53,49,,,,0,0,0,,,
"Oct 31, 2024 1:00 PM",277,143,134,41,17,24,36,19,17,21,13,8,109,67,42,,,,0,0,0,,,
"Oct 31, 2024 2:00 PM",212,95,117,37,15,22,35,18,17,28,18,10,68,44,24,,,,0,0,0,,,
"Oct 31, 2024 3:00 PM",203,86,117,35,15,20,27,17,10,34,16,18,75,48,27,,,,0,,0,,,
"Oct 31, 2024 4:00 PM",168,87,81,43,25,18,34,23,11,17,7,10,98,46,52,,,,0,,0,,,
"Oct 31, 2024 5:00 PM",138,73,65,49,30,19,42,21,21,21,7,14,56,33,23,,,,0,0,0,,,
"Oct 31, 2024 6:00 PM",88,38,50,59,36,23,36,21,15,13,7,6,29,23,6,,,,0,0,0,,,
"Oct 31, 2024 7:00 PM",112,71,41,31,21,10,30,17,13,7,2,5,8,6,2,,,,0,0,0,,,
"Oct 31, 2024 8:00 PM",77,42,35,19,9,10,19,10,9,22,6,16,9,7,2,,,,0,0,0,,,
"Oct 31, 2024 9:00 PM",45,19,26,18,12,6,6,3,3,8,2,6,10,10,0,,,,0,0,0,,,
"Oct 31, 2024 10:00 PM",26,15,11,3,1,2,4,1,3,2,2,0,10,10,0,,,,0,0,0,,,
"Oct 31, 2024 11:00 PM",10,4,6,3,1,2,2,0,2,2,2,0,3,3,0,,,,0,0,0,,,
"Nov 1, 2024 12:00 AM",0,0,0,2,0,2,3,3,0,5,5,0,1,0,1,,,,0,0,0,,,
"Nov 1, 2024 1:00 AM",0,0,0,0,0,0,1,0,1,0,0,0,2,0,2,,,,0,0,0,,,
"Nov 1, 2024 2:00 AM",1,1,0,2,2,0,0,0,0,1,1,0,1,1,0,,,,0,0,0,,,
"Nov 1, 2024 3:00 AM",1,1,0,0,0,0,0,0,0,3,0,3,3,2,1,,,,0,0,0,,,
"Nov 1, 2024 4:00 AM",1,0,1,1,1,0,1,0,1,1,1,0,0,0,0,,,,0,0,0,,,
"Nov 1, 2024 5:00 AM",6,1,5,3,2,1,2,2,0,4,3,1,2,2,0,,,,0,0,0,,,
"Nov 1, 2024 6:00 AM",40,20,20,15,9,6,22,14,8,6,1,5,15,9,6,,,,0,0,0,,,
"Nov 1, 2024 7:00 AM",115,70,45,34,14,20,23,14,9,8,4,4,27,17,10,,,,0,0,0,,,
"Nov 1, 2024 8:00 AM",134,66,68,42,21,21,31,18,13,35,23,12,61,37,24,,,,0,0,0,,,
"Nov 1, 2024 9:00 AM",127,70,57,37,15,22,32,16,16,17,15,2,59,35,24,,,,0,0,0,,,
"Nov 1, 2024 10:00 AM",164,91,73,38,17,21,16,8,8,25,9,16,73,47,26,,,,0,0,0,,,
"Nov 1, 2024 11:00 AM",225,122,103,34,18,16,21,13,8,27,10,17,68,37,31,,,,0,0,0,,,
"Nov 1, 2024 12:00 PM",251,122,129,42,28,14,49,33,16,34,16,18,56,28,28,,,,0,0,0,,,
"Nov 1, 2024 1:00 PM",255,133,122,49,23,26,35,19,16,30,12,18,63,42,21,,,,0,0,0,,,
"Nov 1, 2024 2:00 PM",189,92,97,41,28,13,28,15,13,27,9,18,89,55,34,,,,0,0,0,,,
"Nov 1, 2024 3:00 PM",234,113,121,32,17,15,26,12,14,28,16,12,114,68,46,,,,0,0,0,,,
"Nov 1, 2024 4:00 PM",185,70,115,44,21,23,32,14,18,15,5,10,128,56,72,,,,0,0,0,,,
"Nov 1, 2024 5:00 PM",190,91,99,52,30,22,64,36,28,26,8,18,44,26,18,,,,0,0,0,,,
"Nov 1, 2024 6:00 PM",137,72,65,26,11,15,45,11,34,14,6,8,2,2,0,,,,0,0,0,,,
"Nov 1, 2024 7:00 PM",129,71,58,34,11,23,15,5,10,7,4,3,2,1,1,,,,0,0,0,,,
"Nov 1, 2024 8:00 PM",73,29,44,30,16,14,24,10,14,2,1,1,6,6,0,,,,0,0,0,,,
"Nov 1, 2024 9:00 PM",62,27,35,26,15,11,9,4,5,8,5,3,5,4,1,,,,0,0,0,,,
"Nov 1, 2024 10:00 PM",38,18,20,13,4,9,10,7,3,3,3,0,13,8,5,,,,0,0,0,,,
"Nov 1, 2024 11:00 PM",11,7,4,8,2,6,2,0,2,4,2,2,4,2,2,,,,0,0,0,,,
"Nov 2, 2024 12:00 AM",0,0,0,0,0,0,0,0,0,1,0,1,2,1,1,,,,0,0,0,,,
"Nov 2, 2024 1:00 AM",4,4,0,1,0,1,0,0,0,0,0,0,1,1,0,,,,0,0,0,,,
"Nov 2, 2024 2:00 AM",0,0,0,2,0,2,1,1,0,0,0,0,3,3,0,,,,0,0,0,,,
"Nov 2, 2024 3:00 AM",0,0,0,0,0,0,0,0,0,0,0,0,0,0,0,,,,0,0,0,,,
"Nov 2, 2024 4:00 AM",0,0,0,1,1,0,1,1,0,0,0,0,0,0,0,,,,0,0,0,,,
"Nov 2, 2024 5:00 AM",6,3,3,0,0,0,1,1,0,1,1,0,0,0,0,,,,0,0,0,,,
"Nov 2, 2024 6:00 AM",14,4,10,3,2,1,2,1,1,3,0,3,4,4,0,,,,0,0,0,,,
"Nov 2, 2024 7:00 AM",49,23,26,17,8,9,8,6,2,5,4,1,29,16,13,,,,0,0,0,,,
"Nov 2, 2024 8:00 AM",110,48,62,44,26,18,19,7,12,14,7,7,56,34,22,,,,0,0,0,,,
"Nov 2, 2024 9:00 AM",156,79,77,40,22,18,43,28,15,24,13,11,87,52,35,,,,0,0,0,,,
"Nov 2, 2024 10:00 AM",204,112,92,63,29,34,38,17,21,34,19,15,89,49,40,,,,0,0,0,,,
"Nov 2, 2024 11:00 AM",261,137,124,69,40,29,47,29,18,31,12,19,127,72,55,,,,0,0,0,,,
"Nov 2, 2024 12:00 PM",337,171,166,84,42,42,43,18,25,32,18,14,116,69,47,,,,0,0,0,,,
"Nov 2, 2024 1:00 PM",331,178,153,56,35,21,47,19,28,30,10,20,97,52,45,,,,0,0,0,,,
"Nov 2, 2024 2:00 PM",344,159,185,81,39,42,57,33,24,41,21,20,94,54,40,,,,0,0,0,,,
"Nov 2, 2024 3:00 PM",352,164,188,75,36,39,44,22,22,35,12,23,84,46,38,,,,0,0,0,,,
"Nov 2, 2024 4:00 PM",333,139,194,45,20,25,51,24,27,31,15,16,92,49,43,,,,0,0,0,,,
"Nov 2, 2024 5:00 PM",244,104,140,51,27,24,35,21,14,18,15,3,46,28,18,,,,0,0,0,,,
"Nov 2, 2024 6:00 PM",156,72,84,43,25,18,45,22,23,12,8,4,1,1,0,,,,0,0,0,,,
"Nov 2, 2024 7:00 PM",143,73,70,27,13,14,25,8,17,6,1,5,10,10,0,,,,0,0,0,,,
"Nov 2, 2024 8:00 PM",77,39,38,18,6,12,16,9,7,7,2,5,9,9,0,,,,0,0,0,,,
"Nov 2, 2024 9:00 PM",57,31,26,15,5,10,20,7,13,2,1,1,7,4,3,,,,0,0,0,,,
"Nov 2, 2024 10:00 PM",21,10,11,8,2,6,9,5,4,1,1,0,1,1,0,,,,0,0,0,,,
"Nov 2, 2024 11:00 PM",11,4,7,14,10,4,8,5,3,2,1,1,0,0,0,,,,0,0,0,,,
"Nov 3, 2024 12:00 AM",0,0,0,0,0,0,6,4,2,1,0,1,0,0,0,,,,0,0,0,,,
"Nov 3, 2024 1:00 AM",6,4,2,4,2,2,2,0,2,1,1,0,0,0,0,,,,0,0,0,,,
"Nov 3, 2024 2:00 AM",1,0,1,0,0,0,1,0,1,3,0,3,0,0,0,,,,0,0,0,,,
"Nov 3, 2024 3:00 AM",0,0,0,3,3,0,0,0,0,0,0,0,1,0,1,,,,0,0,0,,,
"Nov 3, 2024 4:00 AM",3,3,0,0,0,0,5,5,0,1,1,0,2,1,1,,,,0,0,0,,,
"Nov 3, 2024 5:00 AM",5,2,3,0,0,0,1,1,0,0,0,0,0,0,0,,,,0,0,0,,,
"Nov 3, 2024 6:00 AM",11,6,5,1,1,0,1,0,1,1,0,1,0,0,0,,,,0,0,0,,,
"Nov 3, 2024 7:00 AM",53,26,27,11,8,3,11,8,3,8,4,4,25,19,6,,,,0,0,0,,,
"Nov 3, 2024 8:00 AM",127,65,62,32,20,12,42,20,22,16,9,7,43,24,19,,,,0,0,0,,,
"Nov 3, 2024 9:00 AM",239,122,117,72,32,40,45,18,27,24,14,10,106,58,48,,,,0,0,0,,,
"Nov 3, 2024 10:00 AM",375,203,172,72,36,36,93,45,48,42,19,23,137,86,51,,,,0,0,0,,,
"Nov 3, 2024 11:00 AM",535,278,257,112,65,47,95,55,40,58,34,24,168,99,69,,,,0,0,0,,,
"Nov 3, 2024 12:00 PM",621,347,274,109,51,58,87,48,39,54,31,23,158,84,74,,,,0,0,0,,,
"Nov 3, 2024 1:00 PM",639,308,331,92,38,54,85,37,48,56,20,36,146,73,73,,,,0,0,0,,,
"Nov 3, 2024 2:00 PM",622,293,329,61,26,35,87,53,34,55,24,31,140,79,61,,,,0,,0,,,
"Nov 3, 2024 3:00 PM",713,361,352,88,42,46,68,44,24,39,17,22,125,78,47,,,,0,,0,,,
"Nov 3, 2024 4:00 PM",510,246,264,61,28,33,57,29,28,40,24,16,158,72,86,,,,0,,0,,,
"Nov 3, 2024 5:00 PM",273,150,123,66,36,30,43,20,23,36,18,18,78,43,35,,,,0,0,0,,,
"Nov 3, 2024 6:00 PM",134,73,61,27,18,9,19,8,11,16,8,8,2,2,0,,,,0,0,0,,,
"Nov 3, 2024 7:00 PM",74,35,39,16,7,9,24,12,12,7,3,4,0,0,0,,,,0,0,0,,,
"Nov 3, 2024 8:00 PM",60,34,26,18,8,10,24,13,11,7,4,3,1,1,0,,,,0,0,0,,,
"Nov 3, 2024 9:00 PM",45,28,17,13,2,11,9,6,3,5,2,3,0,0,0,,,,0,0,0,,,
"Nov 3, 2024 10:00 PM",17,6,11,3,1,2,7,2,5,2,0,2,3,2,1,,,,0,0,0,,,
"Nov 3, 2024 11:00 PM",8,6,2,0,0,0,1,0,1,1,1,0,0,0,0,,,,0,0,0,,,
"Nov 4, 2024 12:00 AM",0,0,0,1,1,0,0,0,0,0,0,0,3,2,1,,,,0,0,0,,,
"Nov 4, 2024 1:00 AM",1,1,0,2,0,2,1,0,1,0,0,0,0,0,0,,,,0,0,0,,,
"Nov 4, 2024 2:00 AM",0,0,0,1,0,1,1,0,1,0,0,0,0,0,0,,,,0,0,0,,,
"Nov 4, 2024 3:00 AM",0,0,0,0,0,0,0,0,0,0,0,0,0,0,0,,,,0,0,0,,,
"Nov 4, 2024 4:00 AM",0,0,0,0,0,0,0,0,0,1,1,0,0,0,0,,,,0,0,0,,,
"Nov 4, 2024 5:00 AM",7,2,5,0,0,0,14,7,7,2,2,0,0,0,0,,,,0,0,0,,,
"Nov 4, 2024 6:00 AM",38,19,19,16,10,6,25,13,12,6,2,4,27,18,9,,,,0,0,0,,,
"Nov 4, 2024 7:00 AM",103,51,52,26,9,17,15,5,10,17,9,8,48,24,24,,,,0,0,0,,,
"Nov 4, 2024 8:00 AM",118,60,58,44,21,23,22,15,7,52,24,28,100,60,40,,,,0,0,0,,,
"Nov 4, 2024 9:00 AM",142,67,75,30,12,18,22,10,12,47,19,28,93,49,44,,,,0,0,0,,,
"Nov 4, 2024 10:00 AM",159,67,92,26,9,17,29,11,18,24,8,16,59,35,24,,,,0,0,0,,,
"Nov 4, 2024 11:00 AM",167,81,86,49,25,24,29,12,17,38,14,24,44,29,15,,,,0,0,0,,,
"Nov 4, 2024 12:00 PM",182,93,89,40,19,21,34,17,17,37,16,21,69,42,27,,,,0,0,0,,,
"Nov 4, 2024 1:00 PM",213,109,104,37,13,24,33,16,17,31,18,13,130,88,42,,,,0,0,0,,,
"Nov 4, 2024 2:00 PM",160,78,82,38,24,14,29,12,17,31,17,14,98,66,32,,,,0,0,0,,,
"Nov 4, 2024 3:00 PM",154,73,81,35,18,17,21,11,10,35,22,13,102,66,36,,,,0,,0,,,
"Nov 4, 2024 4:00 PM",151,71,80,34,13,21,27,17,10,34,13,21,102,49,53,,,,0,,0,,,
"Nov 4, 2024 5:00 PM",127,66,61,73,44,29,39,21,18,21,11,10,64,40,24,,,,,,,,,
"Nov 4, 2024 6:00 PM",125,69,56,55,20,35,47,30,17,28,15,13,2,2,0,,,,,,,,,
"Nov 4, 2024 7:00 PM",142,71,71,48,25,23,36,20,16,17,12,5,7,6,1,,,,0,,0,,,
"Nov 4, 2024 8:00 PM",128,65,63,45,16,29,43,19,24,10,3,7,9,9,0,,,,0,0,0,,,
"Nov 4, 2024 9:00 PM",87,53,34,21,12,9,15,5,10,7,4,3,9,9,0,,,,0,0,0,,,
"Nov 4, 2024 10:00 PM",15,10,5,6,2,4,9,5,4,2,1,1,3,3,0,,,,0,0,0,,,
"Nov 4, 2024 11:00 PM",5,1,4,4,2,2,5,1,4,2,1,1,2,2,0,,,,0,0,0,,,
"Nov 5, 2024 12:00 AM",0,0,0,0,0,0,0,0,0,0,0,0,3,3,0,,,,0,0,0,,,
"Nov 5, 2024 1:00 AM",0,0,0,0,0,0,0,0,0,0,0,0,1,1,0,,,,0,0,0,,,
"Nov 5, 2024 2:00 AM",0,0,0,0,0,0,0,0,0,0,0,0,0,0,0,,,,0,0,0,,,
"Nov 5, 2024 3:00 AM",0,0,0,0,0,0,0,0,0,0,0,0,0,0,0,,,,0,0,0,,,
"Nov 5, 2024 4:00 AM",0,0,0,0,0,0,0,0,0,0,0,0,0,0,0,,,,0,0,0,,,
"Nov 5, 2024 5:00 AM",16,6,10,1,0,1,5,3,2,0,0,0,3,1,2,,,,0,0,0,,,
"Nov 5, 2024 6:00 AM",44,23,21,18,9,9,10,6,4,6,4,2,15,10,5,,,,0,0,0,,,
"Nov 5, 2024 7:00 AM",70,44,26,22,7,15,10,6,4,20,8,12,53,35,18,,,,0,0,0,,,
"Nov 5, 2024 8:00 AM",132,52,80,30,13,17,31,18,13,60,24,36,110,62,48,,,,0,0,0,,,
"Nov 5, 2024 9:00 AM",136,73,63,35,15,20,24,13,11,42,19,23,65,28,37,,,,0,0,0,,,
"Nov 5, 2024 10:00 AM",126,56,70,39,14,25,32,14,18,26,14,12,46,32,14,,,,0,0,0,,,
"Nov 5, 2024 11:00 AM",92,55,37,32,19,13,18,11,7,21,12,9,33,14,19,,,,0,0,0,,,
"Nov 5, 2024 12:00 PM",128,71,57,23,9,14,28,10,18,25,7,18,66,35,31,,,,0,0,0,,,
"Nov 5, 2024 1:00 PM",189,98,91,35,16,19,37,19,18,30,19,11,88,54,34,,,,0,0,0,,,
"Nov 5, 2024 2:00 PM",154,60,94,21,10,11,19,12,7,25,9,16,93,56,37,,,,0,0,0,,,
"Nov 5, 2024 3:00 PM",181,79,102,37,15,22,23,14,9,30,11,19,75,33,42,,,,0,0,0,,,
"Nov 5, 2024 4:00 PM",158,74,84,38,18,20,26,11,15,47,26,21,107,52,55,,,,0,0,0,,,
"Nov 5, 2024 5:00 PM",160,87,73,46,27,19,37,22,15,24,7,17,67,46,21,,,,0,0,0,,,
"Nov 5, 2024 6:00 PM",135,67,68,52,25,27,55,28,27,28,9,19,11,10,1,,,,0,0,0,,,
"Nov 5, 2024 7:00 PM",148,76,72,47,24,23,43,21,22,17,4,13,2,1,1,,,,0,0,0,,,
"Nov 5, 2024 8:00 PM",107,63,44,51,26,25,23,14,9,11,8,3,6,4,2,,,,0,0,0,,,
"Nov 5, 2024 9:00 PM",76,35,41,21,7,14,10,3,7,9,3,6,38,18,20,,,,0,0,0,,,
"Nov 5, 2024 10:00 PM",26,18,8,6,2,4,7,2,5,3,2,1,65,19,46,,,,0,0,0,,,
"Nov 5, 2024 11:00 PM",4,2,2,1,1,0,3,1,2,1,0,1,15,10,5,,,,0,0,0,,,
"Nov 6, 2024 12:00 AM",0,0,0,0,0,0,0,0,0,1,0,1,4,3,1,,,,0,0,0,,,
"Nov 6, 2024 1:00 AM",0,0,0,0,0,0,0,0,0,0,0,0,1,1,0,,,,0,0,0,,,
"Nov 6, 2024 2:00 AM",0,0,0,1,1,0,0,0,0,0,0,0,0,0,0,,,,0,0,0,,,
"Nov 6, 2024 3:00 AM",0,0,0,0,0,0,0,0,0,0,0,0,0,0,0,,,,0,0,0,,,
"Nov 6, 2024 4:00 AM",2,1,1,1,1,0,0,0,0,1,1,0,0,0,0,,,,0,0,0,,,
"Nov 6, 2024 5:00 AM",11,3,8,1,0,1,2,1,1,2,1,1,3,2,1,,,,0,0,0,,,
"Nov 6, 2024 6:00 AM",48,24,24,18,8,10,16,11,5,7,5,2,28,18,10,,,,0,0,0,,,
"Nov 6, 2024 7:00 AM",106,62,44,35,14,21,28,16,12,17,9,8,61,32,29,,,,0,0,0,,,
"Nov 6, 2024 8:00 AM",127,56,71,44,24,20,30,19,11,73,34,39,110,70,40,,,,0,0,0,,,
"Nov 6, 2024 9:00 AM",155,71,84,36,11,25,20,11,9,40,20,20,87,47,40,,,,,,,,,
"Nov 6, 2024 10:00 AM",143,79,64,33,12,21,35,18,17,22,13,9,74,46,28,,,,,,,,,
"Nov 6, 2024 11:00 AM",188,97,91,53,31,22,32,21,11,26,16,10,64,31,33,,,,,,,,,
"Nov 6, 2024 12:00 PM",240,110,130,67,44,23,41,20,21,33,12,21,109,58,51,,,,,,,,,
"Nov 6, 2024 1:00 PM",285,141,144,75,40,35,42,21,21,33,22,11,125,70,55,,,,,,,,,
"Nov 6, 2024 2:00 PM",241,126,115,47,23,24,48,25,23,27,15,12,134,90,44,,,,,,,,,
"Nov 6, 2024 3:00 PM",196,90,106,39,18,21,27,12,15,27,16,11,97,52,45,,,,,,,,,
"Nov 6, 2024 4:00 PM",176,88,88,40,28,12,28,15,13,25,8,17,88,51,37,,,,,,,,,
"Nov 6, 2024 5:00 PM",173,91,82,47,36,11,49,23,26,25,12,13,68,43,25,,,,,,,,,
"Nov 6, 2024 6:00 PM",133,64,69,47,32,15,48,28,20,15,11,4,75,50,25,,,,,,,,,
"Nov 6, 2024 7:00 PM",178,97,81,41,19,22,38,24,14,13,8,5,28,28,0,,,,,,,,,
"Nov 6, 2024 8:00 PM",135,72,63,24,12,12,24,8,16,9,4,5,110,68,42,,,,,,,,,
"Nov 6, 2024 9:00 PM",55,30,25,14,3,11,14,9,5,7,5,2,6,5,1,,,,,,,,,
"Nov 6, 2024 10:00 PM",20,7,13,11,6,5,14,6,8,1,0,1,40,20,20,,,,,,,,,
"Nov 6, 2024 11:00 PM",14,8,6,2,0,2,6,2,4,2,2,0,50,23,27,,,,,,,,,
"Nov 7, 2024 12:00 AM",2,2,0,1,1,0,0,0,0,1,0,1,1,1,0,,,,,,,,,
"Nov 7, 2024 1:00 AM",7,2,5,0,0,0,1,0,1,0,0,0,0,0,0,,,,,,,,,
"Nov 7, 2024 2:00 AM",0,0,0,0,0,0,0,0,0,0,0,0,0,0,0,,,,,,,,,
"Nov 7, 2024 3:00 AM",0,0,0,0,0,0,0,0,0,0,0,0,0,0,0,,,,,,,,,
"Nov 7, 2024 4:00 AM",1,0,1,1,0,1,0,0,0,0,0,0,0,0,0,,,,,,,,,
"Nov 7, 2024 5:00 AM",5,1,4,2,0,2,0,0,0,1,1,0,2,0,2,,,,,,,,,
"Nov 7, 2024 6:00 AM",33,15,18,21,9,12,16,13,3,7,4,3,25,15,10,,,,,,,,,
"Nov 7, 2024 7:00 AM",86,45,41,27,6,21,17,9,8,14,2,12,52,33,19,,,,,,,,,
"Nov 7, 2024 8:00 AM",115,55,60,28,15,13,27,14,13,50,27,23,133,88,45,,,,,,,,,
"Nov 7, 2024 9:00 AM",136,67,69,47,26,21,36,24,12,32,20,12,88,45,43,,,,,,,,,
"Nov 7, 2024 10:00 AM",138,67,71,23,13,10,24,12,12,30,20,10,53,32,21,,,,,,,,,
"Nov 7, 2024 11:00 AM",155,78,77,37,20,17,25,12,13,33,6,27,64,33,31,,,,,,,,,
"Nov 7, 2024 12:00 PM",148,72,76,23,10,13,19,9,10,23,9,14,69,40,29,,,,,,,,,
"Nov 7, 2024 1:00 PM",166,78,88,41,20,21,30,11,19,37,20,17,121,61,60,,,,,,,,,
"Nov 7, 2024 2:00 PM",141,64,77,22,14,8,34,19,15,34,18,16,85,58,27,,,,,,,,,
"Nov 7, 2024 3:00 PM",146,68,78,28,14,14,34,20,14,22,10,12,148,72,76,,,,,,,,,
"Nov 7, 2024 4:00 PM",115,57,58,36,21,15,22,9,13,41,16,25,104,46,58,,,,,,,,,
"Nov 7, 2024 5:00 PM",116,62,54,35,18,17,34,13,21,21,13,8,59,32,27,,,,,,,,,
"Nov 7, 2024 6:00 PM",95,56,39,35,21,14,19,12,7,13,5,8,16,12,4,,,,,,,,,
"Nov 7, 2024 7:00 PM",125,54,71,38,23,15,40,23,17,12,5,7,31,28,3,,,,,,,,,
"Nov 7, 2024 8:00 PM",143,65,78,32,15,17,30,13,17,7,6,1,29,23,6,,,,,,,,,
"Nov 7, 2024 9:00 PM",72,46,26,26,8,18,25,14,11,4,3,1,10,9,1,,,,,,,,,
"Nov 7, 2024 10:00 PM",25,16,9,3,3,0,5,3,2,12,9,3,101,69,32,,,,,,,,,
"Nov 7, 2024 11:00 PM",10,6,4,2,0,2,16,8,8,3,2,1,206,157,49,,,,,,,,,
"Nov 8, 2024 12:00 AM",0,0,0,0,0,0,2,2,0,3,2,1,16,12,4,,,,,,,,,
"Nov 8, 2024 1:00 AM",1,1,0,0,0,0,1,0,1,0,0,0,0,0,0,,,,,,,,,
"Nov 8, 2024 2:00 AM",0,0,0,1,1,0,0,0,0,1,0,1,0,0,0,,,,,,,,,
"Nov 8, 2024 3:00 AM",0,0,0,0,0,0,0,0,0,0,0,0,0,0,0,,,,,,,,,
"Nov 8, 2024 4:00 AM",0,0,0,0,0,0,0,0,0,2,2,0,0,0,0,,,,,,,,,
"Nov 8, 2024 5:00 AM",8,1,7,1,1,0,0,0,0,2,2,0,2,0,2,,,,,,,,,
"Nov 8, 2024 6:00 AM",46,23,23,18,10,8,14,10,4,5,3,2,16,11,5,,,,,,,,,
"Nov 8, 2024 7:00 AM",105,61,44,28,12,16,19,12,7,15,5,10,45,25,20,,,,,,,,,
"Nov 8, 2024 8:00 AM",138,65,73,43,23,20,30,20,10,59,30,29,92,45,47,,,,,,,,,
"Nov 8, 2024 9:00 AM",147,65,82,38,9,29,20,10,10,27,11,16,63,34,29,,,,,,,,,
"Nov 8, 2024 10:00 AM",162,67,95,37,24,13,29,20,9,18,13,5,63,38,25,,,,,,,,,
"Nov 8, 2024 11:00 AM",172,94,78,25,12,13,32,15,17,23,14,9,59,33,26,,,,,,,,,
"Nov 8, 2024 12:00 PM",223,101,122,45,21,24,32,18,14,33,14,19,63,35,28,,,,,,,,,
"Nov 8, 2024 1:00 PM",174,81,93,53,24,29,32,19,13,38,12,26,97,60,37,,,,,,,,,
"Nov 8, 2024 2:00 PM",140,61,79,38,18,20,16,11,5,33,16,17,92,45,47,,,,,,,,,
"Nov 8, 2024 3:00 PM",115,67,48,28,14,14,16,7,9,15,7,8,74,34,40,,,,,,,,,
"Nov 8, 2024 4:00 PM",94,47,47,33,12,21,39,19,20,32,19,13,72,29,43,,,,,,,,,
"Nov 8, 2024 5:00 PM",80,46,34,26,16,10,35,17,18,17,9,8,22,9,13,,,,,,,,,
"Nov 8, 2024 6:00 PM",81,41,40,37,17,20,36,19,17,16,6,10,1,1,0,,,,,,,,,
"Nov 8, 2024 7:00 PM",52,27,25,33,21,12,31,13,18,11,4,7,0,0,0,,,,,,,,,
"Nov 8, 2024 8:00 PM",35,18,17,24,12,12,8,1,7,3,3,0,3,2,1,,,,,,,,,
"Nov 8, 2024 9:00 PM",47,20,27,12,4,8,11,3,8,11,6,5,9,4,5,,,,,,,,,
"Nov 8, 2024 10:00 PM",36,22,14,9,7,2,22,15,7,4,2,2,7,1,6,,,,,,,,,
"Nov 8, 2024 11:00 PM",27,13,14,5,3,2,8,1,7,7,3,4,1,0,1,,,,,,,,,
"Nov 9, 2024 12:00 AM",1,1,0,0,0,0,0,0,0,0,0,0,3,1,2,,,,,,,,,
"Nov 9, 2024 1:00 AM",6,4,2,2,2,0,2,0,2,0,0,0,2,2,0,,,,,,,,,
"Nov 9, 2024 2:00 AM",2,1,1,0,0,0,2,0,2,1,0,1,0,0,0,,,,,,,,,
"Nov 9, 2024 3:00 AM",4,4,0,0,0,0,1,0,1,0,0,0,0,0,0,,,,,,,,,
"Nov 9, 2024 4:00 AM",0,0,0,1,0,1,0,0,0,0,0,0,0,0,0,,,,,,,,,
"Nov 9, 2024 5:00 AM",1,0,1,0,0,0,1,1,0,2,1,1,0,0,0,,,,,,,,,
"Nov 9, 2024 6:00 AM",15,5,10,1,0,1,3,3,0,1,1,0,4,2,2,,,,,,,,,
"Nov 9, 2024 7:00 AM",42,20,22,18,8,10,9,3,6,3,2,1,26,23,3,,,,,,,,,
"Nov 9, 2024 8:00 AM",116,67,49,34,18,16,20,9,11,10,2,8,56,46,10,,,,,,,,,
"Nov 9, 2024 9:00 AM",165,80,85,77,57,20,38,23,15,15,6,9,97,57,40,,,,,,,,,
"Nov 9, 2024 10:00 AM",156,90,66,82,34,48,41,26,15,29,16,13,98,54,44,,,,,,,,,
"Nov 9, 2024 11:00 AM",206,122,84,54,27,27,52,40,12,37,23,14,133,88,45,,,,,,,,,
"Nov 9, 2024 12:00 PM",267,138,129,50,24,26,41,24,17,32,15,17,102,56,46,,,,,,,,,
"Nov 9, 2024 1:00 PM",274,125,149,52,24,28,49,32,17,30,15,15,103,56,47,,,,,,,,,
"Nov 9, 2024 2:00 PM",278,124,154,51,31,20,57,33,24,35,16,19,96,55,41,,,,,,,,,
"Nov 9, 2024 3:00 PM",351,176,175,48,24,24,43,22,21,37,20,17,92,53,39,,,,,,,,,
"Nov 9, 2024 4:00 PM",265,122,143,61,36,25,55,25,30,28,17,11,92,53,39,,,,,,,,,
"Nov 9, 2024 5:00 PM",152,78,74,45,29,16,40,21,19,21,11,10,32,27,5,,,,,,,,,
"Nov 9, 2024 6:00 PM",100,44,56,26,11,15,37,16,21,6,3,3,1,1,0,,,,,,,,,
"Nov 9, 2024 7:00 PM",104,49,55,25,15,10,44,15,29,16,9,7,2,1,1,,,,,,,,,
"Nov 9, 2024 8:00 PM",52,22,30,13,2,11,36,10,26,2,0,2,4,3,1,,,,,,,,,
"Nov 9, 2024 9:00 PM",43,16,27,16,7,9,11,4,7,4,2,2,46,31,15,,,,,,,,,
"Nov 9, 2024 10:00 PM",32,22,10,9,3,6,25,16,9,1,0,1,106,94,12,,,,,,,,,
"Nov 9, 2024 11:00 PM",13,5,8,6,4,2,5,1,4,2,2,0,5,2,3,,,,,,,,,
"Nov 10, 2024 12:00 AM",1,1,0,0,0,0,4,1,3,6,5,1,5,3,2,,,,,,,,,
"Nov 10, 2024 1:00 AM",5,2,3,1,1,0,5,3,2,1,0,1,0,0,0,,,,,,,,,
"Nov 10, 2024 2:00 AM",3,2,1,2,0,2,1,0,1,5,2,3,0,0,0,,,,,,,,,
"Nov 10, 2024 3:00 AM",0,0,0,0,0,0,0,0,0,0,0,0,0,0,0,,,,,,,,,
"Nov 10, 2024 4:00 AM",0,0,0,0,0,0,0,0,0,1,0,1,1,0,1,,,,,,,,,
"Nov 10, 2024 5:00 AM",2,1,1,2,1,1,2,2,0,1,1,0,2,2,0,,,,,,,,,
"Nov 10, 2024 6:00 AM",10,4,6,2,1,1,1,1,0,0,0,0,1,0,1,,,,,,,,,
"Nov 10, 2024 7:00 AM",40,22,18,9,1,8,9,5,4,2,1,1,22,13,9,,,,,,,,,
"Nov 10, 2024 8:00 AM",107,52,55,31,15,16,26,11,15,12,2,10,35,22,13,,,,,,,,,
"Nov 10, 2024 9:00 AM",242,115,127,50,20,30,50,24,26,25,12,13,105,66,39,,,,,,,,,
"Nov 10, 2024 10:00 AM",374,208,166,63,29,34,66,37,29,45,18,27,137,90,47,,,,,,,,,
"Nov 10, 2024 11:00 AM",607,318,289,85,38,47,66,42,24,74,43,31,172,94,78,,,,,,,,,
"Nov 10, 2024 12:00 PM",651,348,303,84,41,43,81,43,38,69,36,33,145,76,69,,,,,,,,,
"Nov 10, 2024 1:00 PM",643,340,303,91,42,49,75,46,29,55,23,32,122,69,53,,,,,,,,,
"Nov 10, 2024 2:00 PM",730,372,358,86,47,39,75,42,33,59,27,32,116,61,55,,,,,,,,,
"Nov 10, 2024 3:00 PM",614,330,284,55,32,23,83,44,39,45,21,24,113,63,50,,,,,,,,,
"Nov 10, 2024 4:00 PM",372,153,219,58,25,33,75,22,53,41,17,24,111,62,49,,,,,,,,,
"Nov 10, 2024 5:00 PM",237,117,120,43,18,25,33,17,16,18,11,7,76,40,36,,,,,,,,,
"Nov 10, 2024 6:00 PM",129,74,55,37,16,21,35,22,13,14,10,4,33,23,10,,,,,,,,,
"Nov 10, 2024 7:00 PM",109,54,55,23,15,8,31,14,17,9,3,6,17,16,1,,,,,,,,,
"Nov 10, 2024 8:00 PM",76,40,36,24,15,9,32,15,17,9,7,2,27,21,6,,,,,,,,,
"Nov 10, 2024 9:00 PM",41,18,23,15,8,7,15,4,11,6,3,3,70,52,18,,,,,,,,,
"Nov 10, 2024 10:00 PM",17,12,5,3,1,2,11,6,5,7,3,4,5,4,1,,,,,,,,,
"Nov 10, 2024 11:00 PM",0,0,0,4,0,4,2,0,2,1,0,1,1,1,0,,,,,,,,,
"Nov 11, 2024 12:00 AM",0,0,0,0,0,0,0,0,0,0,0,0,1,1,0,,,,,,,,,
"Nov 11, 2024 1:00 AM",0,0,0,2,2,0,0,0,0,0,0,0,0,0,0,,,,,,,,,
"Nov 11, 2024 2:00 AM",1,0,1,0,0,0,0,0,0,0,0,0,0,0,0,,,,,,,,,
"Nov 11, 2024 3:00 AM",0,0,0,0,0,0,0,0,0,0,0,0,0,0,0,,,,,,,,,
"Nov 11, 2024 4:00 AM",0,0,0,0,0,0,1,1,0,0,0,0,0,0,0,,,,,,,,,
"Nov 11, 2024 5:00 AM",7,3,4,3,2,1,3,2,1,4,3,1,3,2,1,,,,,,,,,
"Nov 11, 2024 6:00 AM",33,16,17,17,11,6,25,14,11,2,1,1,26,12,14,,,,,,,,,
"Nov 11, 2024 7:00 AM",81,31,50,25,7,18,20,10,10,16,9,7,85,48,37,,,,,,,,,
"Nov 11, 2024 8:00 AM",130,70,60,41,23,18,26,17,9,62,35,27,100,59,41,,,,,,,,,
"Nov 11, 2024 9:00 AM",163,76,87,38,19,19,17,11,6,38,15,23,72,34,38,,,,,,,,,
"Nov 11, 2024 10:00 AM",192,97,95,28,11,17,28,19,9,28,18,10,63,30,33,,,,,,,,,
"Nov 11, 2024 11:00 AM",194,92,102,52,31,21,35,13,22,24,8,16,50,32,18,,,,,,,,,
"Nov 11, 2024 12:00 PM",284,135,149,58,30,28,42,27,15,40,19,21,87,48,39,,,,,,,,,
"Nov 11, 2024 1:00 PM",291,148,143,56,21,35,67,45,22,39,23,16,114,68,46,,,,,,,,,
"Nov 11, 2024 2:00 PM",223,114,109,47,21,26,44,28,16,34,20,14,86,51,35,,,,,,,,,
"Nov 11, 2024 3:00 PM",200,85,115,29,17,12,30,18,12,47,21,26,89,46,43,,,,,,,,,
"Nov 11, 2024 4:00 PM",204,93,111,65,25,40,46,25,21,32,14,18,124,78,46,,,,,,,,,
"Nov 11, 2024 5:00 PM",157,80,77,41,24,17,43,26,17,29,11,18,120,70,50,,,,,,,,,
"Nov 11, 2024 6:00 PM",129,69,60,90,54,36,54,27,27,16,3,13,117,104,13,,,,,,,,,
"Nov 11, 2024 7:00 PM",143,80,63,67,31,36,39,21,18,19,13,6,66,58,8,,,,,,,,,
"Nov 11, 2024 8:00 PM",107,59,48,32,17,15,20,11,9,19,8,11,43,36,7,,,,,,,,,
"Nov 11, 2024 9:00 PM",64,37,27,16,8,8,18,6,12,10,6,4,14,11,3,,,,,,,,,
"Nov 11, 2024 10:00 PM",24,15,9,9,2,7,11,1,10,5,2,3,8,5,3,,,,,,,,,
"Nov 11, 2024 11:00 PM",4,2,2,9,2,7,5,1,4,1,0,1,4,2,2,,,,,,,,,
"Nov 12, 2024 12:00 AM",0,0,0,0,0,0,0,0,0,1,1,0,2,1,1,,,,,,,,,
"Nov 12, 2024 1:00 AM",1,1,0,0,0,0,1,1,0,0,0,0,0,0,0,,,,,,,,,
"Nov 12, 2024 2:00 AM",2,2,0,0,0,0,0,0,0,4,2,2,0,0,0,,,,,,,,,
"Nov 12, 2024 3:00 AM",0,0,0,0,0,0,0,0,0,0,0,0,0,0,0,,,,,,,,,
"Nov 12, 2024 4:00 AM",0,0,0,0,0,0,0,0,0,0,0,0,0,0,0,,,,,,,,,
"Nov 12, 2024 5:00 AM",12,4,8,1,0,1,2,1,1,2,1,1,1,0,1,,,,,,,,,
"Nov 12, 2024 6:00 AM",37,21,16,13,9,4,15,8,7,9,6,3,23,15,8,,,,,,,,,
"Nov 12, 2024 7:00 AM",96,51,45,32,14,18,19,10,9,23,8,15,42,22,20,,,,,,,,,
"Nov 12, 2024 8:00 AM",137,57,80,36,16,20,24,14,10,61,30,31,112,54,58,,,,,,,,,
"Nov 12, 2024 9:00 AM",119,66,53,38,15,23,36,23,13,38,18,20,66,32,34,,,,,,,,,
"Nov 12, 2024 10:00 AM",160,70,90,25,15,10,20,10,10,25,13,12,50,29,21,,,,,,,,,
"Nov 12, 2024 11:00 AM",222,108,114,51,29,22,33,19,14,18,7,11,48,33,15,,,,,,,,,
"Nov 12, 2024 12:00 PM",215,116,99,41,15,26,46,16,30,30,12,18,85,55,30,,,,,,,,,
"Nov 12, 2024 1:00 PM",237,114,123,37,12,25,39,23,16,21,15,6,124,60,64,,,,,,,,,
"Nov 12, 2024 2:00 PM",208,84,124,22,9,13,19,8,11,31,15,16,120,67,53,,,,,,,,,
"Nov 12, 2024 3:00 PM",180,97,83,36,20,16,25,16,9,31,14,17,74,37,37,,,,,,,,,
"Nov 12, 2024 4:00 PM",162,83,79,50,29,21,19,14,5,35,17,18,88,39,49,,,,,,,,,
"Nov 12, 2024 5:00 PM",125,65,60,73,46,27,48,24,24,22,8,14,105,59,46,,,,,,,,,
"Nov 12, 2024 6:00 PM",106,45,61,52,33,19,58,33,25,26,9,17,51,31,20,,,,,,,,,
"Nov 12, 2024 7:00 PM",117,58,59,43,20,23,36,16,20,13,5,8,63,50,13,,,,,,,,,
"Nov 12, 2024 8:00 PM",113,63,50,33,19,14,33,12,21,12,8,4,48,35,13,,,,,,,,,
"Nov 12, 2024 9:00 PM",71,42,29,18,9,9,18,6,12,5,2,3,22,9,13,,,,,,,,,
"Nov 12, 2024 10:00 PM",33,18,15,6,1,5,5,1,4,3,2,1,6,3,3,,,,,,,,,
"Nov 12, 2024 11:00 PM",9,5,4,1,0,1,4,2,2,0,0,0,3,1,2,,,,,,,,,
"Nov 13, 2024 12:00 AM",0,0,0,0,0,0,0,0,0,0,0,0,1,1,0,,,,,,,,,
"Nov 13, 2024 1:00 AM",0,0,0,0,0,0,2,1,1,0,0,0,0,0,0,,,,,,,,,
"Nov 13, 2024 2:00 AM",0,0,0,0,0,0,0,0,0,0,0,0,0,0,0,,,,,,,,,
"Nov 13, 2024 3:00 AM",0,0,0,4,2,2,0,0,0,0,0,0,0,0,0,,,,,,,,,
"Nov 13, 2024 4:00 AM",0,0,0,0,0,0,0,0,0,2,2,0,0,0,0,,,,,,,,,
"Nov 13, 2024 5:00 AM",6,3,3,2,1,1,1,1,0,3,2,1,3,1,2,,,,,,,,,
"Nov 13, 2024 6:00 AM",33,14,19,20,7,13,22,12,10,2,1,1,11,7,4,,,,,,,,,
"Nov 13, 2024 7:00 AM",79,41,38,34,20,14,14,7,7,19,10,9,49,29,20,,,,,,,,,
"Nov 13, 2024 8:00 AM",125,63,62,38,14,24,27,13,14,58,32,26,97,44,53,,,,,,,,,
"Nov 13, 2024 9:00 AM",125,47,78,39,19,20,13,7,6,28,15,13,82,50,32,,,,,,,,,
"Nov 13, 2024 10:00 AM",163,95,68,41,21,20,34,21,13,19,12,7,59,35,24,,,,,,,,,
"Nov 13, 2024 11:00 AM",227,105,122,23,13,10,21,12,9,20,9,11,71,29,42,,,,,,,,,
"Nov 13, 2024 12:00 PM",266,131,135,39,21,18,17,9,8,38,20,18,84,48,36,,,,,,,,,
"Nov 13, 2024 1:00 PM",276,122,154,50,23,27,62,39,23,28,20,8,99,46,53,,,,,,,,,
"Nov 13, 2024 2:00 PM",164,72,92,45,24,21,42,23,19,20,7,13,102,55,47,,,,,,,,,
"Nov 13, 2024 3:00 PM",158,93,65,31,17,14,20,14,6,26,14,12,48,22,26,,,,,,,,,
"Nov 13, 2024 4:00 PM",97,54,43,20,13,7,26,11,15,22,7,15,60,32,28,,,,,,,,,
"Nov 13, 2024 5:00 PM",82,41,41,28,20,8,45,27,18,18,10,8,66,39,27,,,,,,,,,
"Nov 13, 2024 6:00 PM",84,52,32,44,26,18,48,21,27,16,6,10,50,39,11,,,,,,,,,
"Nov 13, 2024 7:00 PM",131,70,61,36,20,16,56,31,25,20,9,11,33,30,3,,,,,,,,,
"Nov 13, 2024 8:00 PM",115,62,53,35,20,15,30,19,11,8,5,3,17,17,0,,,,,,,,,
"Nov 13, 2024 9:00 PM",53,20,33,15,9,6,15,8,7,6,3,3,1,1,0,,,,,,,,,
"Nov 13, 2024 10:00 PM",22,18,4,7,4,3,9,4,5,3,2,1,5,5,0,,,,,,,,,
"Nov 13, 2024 11:00 PM",4,1,3,2,1,1,4,0,4,6,3,3,6,6,0,,,,,,,,,
"Nov 14, 2024 12:00 AM",0,0,0,0,0,0,0,0,0,0,0,0,0,0,0,,,,,,,,,
"Nov 14, 2024 1:00 AM",2,2,0,0,0,0,1,1,0,0,0,0,0,0,0,,,,,,,,,
"Nov 14, 2024 2:00 AM",1,0,1,2,2,0,1,0,1,1,0,1,0,0,0,,,,,,,,,
"Nov 14, 2024 3:00 AM",0,0,0,0,0,0,0,0,0,0,0,0,0,0,0,,,,,,,,,
"Nov 14, 2024 4:00 AM",0,0,0,0,0,0,0,0,0,2,1,1,0,0,0,,,,,,,,,
"Nov 14, 2024 5:00 AM",5,1,4,4,3,1,0,0,0,1,1,0,8,5,3,,,,,,,,,
"Nov 14, 2024 6:00 AM",49,22,27,7,5,2,21,9,12,4,3,1,22,15,7,,,,,,,,,
"Nov 14, 2024 7:00 AM",74,37,37,32,15,17,18,14,4,18,4,14,45,31,14,,,,,,,,,
"Nov 14, 2024 8:00 AM",128,57,71,22,4,18,26,14,12,58,30,28,99,61,38,,,,,,,,,
"Nov 14, 2024 9:00 AM",138,67,71,25,11,14,23,16,7,35,21,14,90,54,36,,,,,,,,,
"Nov 14, 2024 10:00 AM",122,71,51,29,17,12,19,9,10,28,16,12,50,30,20,,,,,,,,,
"Nov 14, 2024 11:00 AM",132,69,63,33,14,19,21,13,8,41,13,28,66,39,27,,,,,,,,,
"Nov 14, 2024 12:00 PM",96,47,49,23,7,16,22,10,12,29,10,19,73,39,34,,,,,,,,,
"Nov 14, 2024 1:00 PM",149,73,76,22,9,13,32,17,15,24,16,8,44,23,21,,,,,,,,,
"Nov 14, 2024 2:00 PM",101,51,50,17,9,8,18,7,11,26,10,16,54,36,18,,,,,,,,,
"Nov 14, 2024 3:00 PM",102,46,56,20,13,7,25,14,11,19,11,8,93,43,50,,,,,,,,,
"Nov 14, 2024 4:00 PM",93,46,47,33,22,11,24,13,11,37,17,20,56,23,33,,,,,,,,,
"Nov 14, 2024 5:00 PM",95,45,50,38,22,16,34,14,20,22,8,14,44,26,18,,,,,,,,,
"Nov 14, 2024 6:00 PM",80,38,42,44,22,22,40,25,15,36,17,19,14,10,4,,,,,,,,,
"Nov 14, 2024 7:00 PM",80,41,39,29,18,11,20,13,7,14,7,7,10,7,3,,,,,,,,,
"Nov 14, 2024 8:00 PM",73,44,29,32,18,14,20,10,10,8,3,5,11,5,6,,,,,,,,,
"Nov 14, 2024 9:00 PM",47,28,19,13,7,6,16,9,7,11,5,6,2,0,2,,,,,,,,,
"Nov 14, 2024 10:00 PM",29,16,13,7,3,4,10,3,7,3,1,2,3,3,0,,,,,,,,,
"Nov 14, 2024 11:00 PM",11,6,5,2,0,2,2,0,2,4,1,3,2,1,1,,,,,,,,,
"Nov 15, 2024 12:00 AM",0,0,0,2,2,0,3,1,2,0,0,0,0,0,0,,,,,,,,,
"Nov 15, 2024 1:00 AM",1,1,0,1,1,0,0,0,0,0,0,0,0,0,0,,,,,,,,,
"Nov 15, 2024 2:00 AM",0,0,0,0,0,0,3,1,2,1,0,1,0,0,0,,,,,,,,,
"Nov 15, 2024 3:00 AM",0,0,0,0,0,0,0,0,0,0,0,0,0,0,0,,,,,,,,,
"Nov 15, 2024 4:00 AM",0,0,0,0,0,0,0,0,0,1,1,0,0,0,0,,,,,,,,,
"Nov 15, 2024 5:00 AM",12,5,7,2,1,1,0,0,0,2,2,0,0,0,0,,,,,,,,,
"Nov 15, 2024 6:00 AM",35,19,16,15,8,7,14,10,4,3,1,2,12,10,2,,,,,,,,,
"Nov 15, 2024 7:00 AM",99,53,46,32,16,16,16,6,10,25,11,14,54,33,21,,,,,,,,,
"Nov 15, 2024 8:00 AM",157,76,81,42,19,23,29,19,10,44,21,23,95,57,38,,,,,,,,,
"Nov 15, 2024 9:00 AM",163,84,79,45,20,25,36,22,14,46,22,24,61,26,35,,,,,,,,,
"Nov 15, 2024 10:00 AM",169,94,75,40,23,17,22,11,11,26,17,9,51,25,26,,,,,,,,,
"Nov 15, 2024 11:00 AM",203,93,110,34,16,18,37,21,16,24,11,13,47,29,18,,,,,,,,,
"Nov 15, 2024 12:00 PM",205,102,103,45,20,25,42,25,17,42,25,17,63,31,32,,,,,,,,,
"Nov 15, 2024 1:00 PM",199,106,93,46,28,18,56,33,23,38,15,23,129,83,46,,,,,,,,,
"Nov 15, 2024 2:00 PM",167,78,89,24,14,10,33,13,20,31,14,17,156,88,68,,,,,,,,,
"Nov 15, 2024 3:00 PM",187,88,99,34,23,11,36,22,14,17,8,9,99,57,42,,,,,,,,,
"Nov 15, 2024 4:00 PM",162,74,88,48,24,24,43,20,23,36,17,19,96,49,47,,,,,,,,,
"Nov 15, 2024 5:00 PM",148,82,66,37,24,13,50,26,24,32,15,17,74,33,41,,,,,,,,,
"Nov 15, 2024 6:00 PM",134,72,62,22,14,8,21,5,16,28,14,14,29,19,10,,,,,,,,,
"Nov 15, 2024 7:00 PM",95,46,49,19,14,5,49,22,27,11,0,11,13,11,2,,,,,,,,,
"Nov 15, 2024 8:00 PM",66,39,27,14,6,8,30,4,26,7,5,2,15,13,2,,,,,,,,,
"Nov 15, 2024 9:00 PM",40,24,16,7,5,2,8,6,2,9,1,8,5,3,2,,,,,,,,,
"Nov 15, 2024 10:00 PM",29,15,14,12,6,6,29,22,7,3,2,1,6,1,5,,,,,,,,,
"Nov 15, 2024 11:00 PM",34,26,8,7,7,0,7,4,3,11,8,3,1,1,0,,,,,,,,,
"Nov 16, 2024 12:00 AM",0,0,0,0,0,0,1,1,0,1,0,1,0,0,0,,,,,,,,,
"Nov 16, 2024 1:00 AM",1,0,1,0,0,0,1,1,0,1,0,1,0,0,0,,,,,,,,,
"Nov 16, 2024 2:00 AM",1,1,0,0,0,0,1,0,1,0,0,0,2,2,0,,,,,,,,,
"Nov 16, 2024 3:00 AM",0,0,0,0,0,0,0,0,0,0,0,0,4,4,0,,,,,,,,,
"Nov 16, 2024 4:00 AM",0,0,0,0,0,0,1,1,0,0,0,0,13,12,1,,,,,,,,,
"Nov 16, 2024 5:00 AM",4,3,1,2,1,1,1,1,0,0,0,0,0,0,0,,,,,,,,,
"Nov 16, 2024 6:00 AM",30,13,17,5,2,3,7,5,2,2,2,0,4,4,0,,,,,,,,,
"Nov 16, 2024 7:00 AM",66,38,28,21,9,12,12,6,6,5,0,5,18,11,7,,,,,,,,,
"Nov 16, 2024 8:00 AM",70,35,35,19,9,10,16,8,8,16,8,8,44,26,18,,,,,,,,,
"Nov 16, 2024 9:00 AM",130,59,71,49,24,25,39,24,15,19,10,9,60,38,22,,,,,,,,,
"Nov 16, 2024 10:00 AM",165,80,85,74,42,32,44,23,21,24,11,13,114,71,43,,,,,,,,,
"Nov 16, 2024 11:00 AM",280,143,137,57,28,29,38,25,13,44,26,18,132,73,59,,,,,,,,,
"Nov 16, 2024 12:00 PM",416,203,213,103,56,47,52,33,19,49,26,23,109,58,51,,,,,,,,,
"Nov 16, 2024 1:00 PM",439,215,224,69,36,33,66,44,22,40,15,25,124,70,54,,,,,,,,,
"Nov 16, 2024 2:00 PM",453,258,195,87,59,28,57,37,20,39,18,21,113,62,51,,,,,,,,,
"Nov 16, 2024 3:00 PM",357,178,179,57,36,21,51,27,24,46,23,23,115,62,53,,,,,,,,,
"Nov 16, 2024 4:00 PM",261,119,142,43,29,14,38,20,18,39,26,13,90,38,52,,,,,,,,,
"Nov 16, 2024 5:00 PM",180,85,95,49,20,29,24,12,12,17,7,10,46,20,26,,,,,,,,,
"Nov 16, 2024 6:00 PM",96,55,41,19,8,11,43,20,23,11,5,6,28,15,13,,,,,,,,,
"Nov 16, 2024 7:00 PM",66,34,32,30,15,15,31,11,20,12,4,8,13,7,6,,,,,,,,,
"Nov 16, 2024 8:00 PM",56,25,31,13,5,8,14,5,9,4,2,2,25,21,4,,,,,,,,,
"Nov 16, 2024 9:00 PM",21,8,13,4,3,1,16,7,9,3,2,1,12,9,3,,,,,,,,,
"Nov 16, 2024 10:00 PM",11,7,4,6,3,3,11,6,5,0,0,0,15,12,3,,,,,,,,,
"Nov 16, 2024 11:00 PM",21,11,10,4,2,2,9,6,3,1,0,1,3,2,1,,,,,,,,,
"Nov 17, 2024 12:00 AM",3,1,2,3,3,0,10,6,4,0,0,0,0,0,0,,,,,,,,,
"Nov 17, 2024 1:00 AM",3,2,1,8,0,8,2,1,1,3,3,0,1,1,0,,,,,,,,,
"Nov 17, 2024 2:00 AM",1,1,0,0,0,0,3,1,2,4,1,3,0,0,0,,,,,,,,,
"Nov 17, 2024 3:00 AM",0,0,0,0,0,0,0,0,0,0,0,0,0,0,0,,,,,,,,,
"Nov 17, 2024 4:00 AM",0,0,0,0,0,0,2,2,0,0,0,0,0,0,0,,,,,,,,,
"Nov 17, 2024 5:00 AM",3,2,1,0,0,0,1,0,1,2,1,1,0,0,0,,,,,,,,,
"Nov 17, 2024 6:00 AM",25,8,17,3,2,1,1,1,0,0,0,0,1,1,0,,,,,,,,,
"Nov 17, 2024 7:00 AM",40,23,17,14,8,6,7,4,3,5,2,3,17,13,4,,,,,,,,,
"Nov 17, 2024 8:00 AM",110,55,55,32,19,13,35,21,14,12,6,6,46,28,18,,,,,,,,,
"Nov 17, 2024 9:00 AM",184,101,83,62,28,34,36,16,20,22,10,12,114,59,55,,,,,,,,,
"Nov 17, 2024 10:00 AM",338,193,145,106,61,45,84,42,42,28,13,15,116,78,38,,,,,,,,,
"Nov 17, 2024 11:00 AM",488,274,214,83,53,30,67,37,30,41,28,13,133,82,51,,,,,,,,,
"Nov 17, 2024 12:00 PM",533,283,250,77,36,41,81,48,33,49,27,22,161,104,57,,,,,,,,,
"Nov 17, 2024 1:00 PM",544,294,250,92,45,47,73,33,40,50,32,18,141,89,52,,,,,,,,,
"Nov 17, 2024 2:00 PM",491,242,249,63,41,22,56,31,25,39,23,16,129,74,55,,,,,,,,,
"Nov 17, 2024 3:00 PM",373,173,200,50,23,27,53,32,21,48,22,26,112,51,61,,,,,,,,,
"Nov 17, 2024 4:00 PM",249,112,137,43,22,21,42,23,19,28,10,18,70,30,40,,,,,,,,,
"Nov 17, 2024 5:00 PM",106,55,51,28,14,14,26,11,15,22,10,12,54,38,16,,,,,,,,,
"Nov 17, 2024 6:00 PM",71,40,31,19,11,8,24,11,13,3,2,1,15,7,8,,,,,,,,,
"Nov 17, 2024 7:00 PM",19,12,7,12,4,8,15,6,9,5,1,4,1,1,0,,,,,,,,,
"Nov 17, 2024 8:00 PM",22,14,8,5,4,1,16,4,12,8,5,3,15,5,10,,,,,,,,,
"Nov 17, 2024 9:00 PM",16,6,10,6,3,3,13,4,9,1,1,0,6,4,2,,,,,,,,,
"Nov 17, 2024 10:00 PM",11,6,5,3,2,1,6,1,5,0,0,0,3,1,2,,,,,,,,,
"Nov 17, 2024 11:00 PM",6,4,2,0,0,0,1,0,1,2,0,2,1,1,0,,,,,,,,,
"Nov 18, 2024 12:00 AM",0,0,0,4,2,2,0,0,0,1,0,1,0,0,0,,,,,,,,,
"Nov 18, 2024 1:00 AM",0,0,0,0,0,0,0,0,0,0,0,0,0,0,0,,,,,,,,,
"Nov 18, 2024 2:00 AM",0,0,0,0,0,0,0,0,0,0,0,0,0,0,0,,,,,,,,,
"Nov 18, 2024 3:00 AM",0,0,0,0,0,0,0,0,0,0,0,0,0,0,0,,,,,,,,,
"Nov 18, 2024 4:00 AM",0,0,0,0,0,0,1,1,0,1,1,0,0,0,0,,,,,,,,,
"Nov 18, 2024 5:00 AM",9,3,6,0,0,0,3,1,2,3,2,1,1,1,0,,,,,,,,,
"Nov 18, 2024 6:00 AM",38,19,19,14,7,7,20,11,9,5,4,1,17,9,8,,,,,,,,,
"Nov 18, 2024 7:00 AM",69,35,34,25,9,16,24,13,11,19,8,11,57,34,23,,,,,,,,,
"Nov 18, 2024 8:00 AM",127,60,67,31,15,16,20,10,10,47,21,26,86,40,46,,,,,,,,,
"Nov 18, 2024 9:00 AM",128,64,64,26,15,11,24,17,7,31,19,12,70,35,35,,,,,,,,,
"Nov 18, 2024 10:00 AM",102,56,46,28,13,15,17,7,10,18,7,11,32,17,15,,,,,,,,,
"Nov 18, 2024 11:00 AM",71,36,35,31,15,16,8,5,3,18,7,11,30,20,10,,,,,,,,,
"Nov 18, 2024 12:00 PM",52,27,25,15,5,10,13,9,4,16,10,6,27,14,13,,,,,,,,,
"Nov 18, 2024 1:00 PM",40,21,19,18,5,13,10,4,6,11,6,5,18,9,9,,,,,,,,,
"Nov 18, 2024 2:00 PM",21,8,13,3,1,2,7,3,4,13,10,3,12,6,6,,,,,,,,,
"Nov 18, 2024 3:00 PM",16,9,7,4,4,0,9,4,5,16,7,9,29,11,18,,,,,,,,,
"Nov 18, 2024 4:00 PM",22,9,13,11,7,4,5,4,1,12,8,4,20,8,12,,,,,,,,,
"Nov 18, 2024 5:00 PM",25,16,9,16,9,7,15,9,6,17,10,7,33,13,20,,,,,,,,,
"Nov 18, 2024 6:00 PM",26,14,12,17,10,7,15,9,6,11,6,5,35,17,18,,,,,,,,,
"Nov 18, 2024 7:00 PM",19,10,9,12,8,4,8,5,3,6,3,3,16,10,6,,,,,,,,,
"Nov 18, 2024 8:00 PM",10,5,5,6,4,2,9,3,6,4,1,3,3,2,1,,,,,,,,,
"Nov 18, 2024 9:00 PM",5,4,1,5,3,2,2,1,1,2,2,0,13,7,6,,,,,,,,,
"Nov 18, 2024 10:00 PM",2,1,1,0,0,0,1,1,0,2,2,0,1,0,1,,,,,,,,,
"Nov 18, 2024 11:00 PM",2,1,1,2,1,1,0,0,0,0,0,0,0,0,0,,,,,,,,,
"Nov 19, 2024 12:00 AM",0,0,0,0,0,0,3,2,1,1,1,0,0,0,0,,,,,,,,,
"Nov 19, 2024 1:00 AM",0,0,0,0,0,0,0,0,0,0,0,0,2,2,0,,,,,,,,,
"Nov 19, 2024 2:00 AM",0,0,0,0,0,0,0,0,0,0,0,0,0,0,0,,,,,,,,,
"Nov 19, 2024 3:00 AM",0,0,0,0,0,0,0,0,0,0,0,0,0,0,0,,,,,,,,,
"Nov 19, 2024 4:00 AM",2,2,0,0,0,0,0,0,0,0,0,0,0,0,0,,,,,,,,,
"Nov 19, 2024 5:00 AM",8,5,3,0,0,0,0,0,0,1,1,0,2,1,1,,,,,,,,,
"Nov 19, 2024 6:00 AM",10,5,5,12,8,4,4,3,1,3,1,2,6,3,3,,,,,,,,,
"Nov 19, 2024 7:00 AM",17,10,7,22,9,13,9,3,6,12,6,6,19,14,5,,,,,,,,,
"Nov 19, 2024 8:00 AM",22,9,13,16,8,8,9,2,7,35,13,22,51,30,21,,,,,,,,,
"Nov 19, 2024 9:00 AM",48,29,19,20,12,8,12,8,4,27,14,13,37,16,21,,,,,,,,,
"Nov 19, 2024 10:00 AM",67,31,36,20,9,11,10,9,1,16,8,8,15,10,5,,,,,,,,,
"Nov 19, 2024 11:00 AM",48,29,19,25,11,14,15,10,5,15,8,7,16,6,10,,,,,,,,,
"Nov 19, 2024 12:00 PM",46,26,20,11,4,7,11,3,8,10,1,9,16,9,7,,,,,,,,,
"Nov 19, 2024 1:00 PM",62,32,30,8,6,2,22,11,11,5,3,2,38,20,18,,,,,,,,,
"Nov 19, 2024 2:00 PM",91,40,51,21,14,7,16,6,10,27,14,13,35,23,12,,,,,,,,,
"Nov 19, 2024 3:00 PM",118,59,59,33,14,19,23,11,12,25,15,10,56,25,31,,,,,,,,,
"Nov 19, 2024 4:00 PM",106,43,63,42,12,30,20,13,7,29,11,18,74,39,35,,,,,,,,,
"Nov 19, 2024 5:00 PM",92,58,34,37,23,14,38,22,16,15,7,8,89,39,50,,,,,,,,,
"Nov 19, 2024 6:00 PM",99,54,45,56,28,28,38,17,21,19,10,9,60,36,24,,,,,,,,,
"Nov 19, 2024 7:00 PM",94,47,47,47,21,26,35,20,15,21,8,13,49,24,25,,,,,,,,,
"Nov 19, 2024 8:00 PM",81,38,43,33,12,21,36,19,17,10,7,3,39,19,20,,,,,,,,,
"Nov 19, 2024 9:00 PM",35,24,11,14,12,2,14,5,9,6,4,2,21,8,13,,,,,,,,,
"Nov 19, 2024 10:00 PM",12,5,7,4,1,3,2,1,1,0,0,0,7,2,5,,,,,,,,,
"Nov 19, 2024 11:00 PM",5,4,1,3,1,2,3,1,2,1,1,0,5,3,2,,,,,,,,,
"Nov 20, 2024 12:00 AM",0,0,0,0,0,0,2,0,2,0,0,0,3,1,2,,,,,,,,,
"Nov 20, 2024 1:00 AM",0,0,0,0,0,0,3,1,2,1,0,1,1,1,0,,,,,,,,,
"Nov 20, 2024 2:00 AM",0,0,0,0,0,0,0,0,0,0,0,0,1,0,1,,,,,,,,,
"Nov 20, 2024 3:00 AM",0,0,0,0,0,0,2,1,1,0,0,0,0,0,0,,,,,,,,,
"Nov 20, 2024 4:00 AM",0,0,0,0,0,0,0,0,0,1,1,0,0,0,0,,,,,,,,,
"Nov 20, 2024 5:00 AM",6,2,4,0,0,0,1,1,0,3,2,1,2,1,1,,,,,,,,,
"Nov 20, 2024 6:00 AM",30,17,13,9,5,4,11,8,3,11,6,5,20,12,8,,,,,,,,,
"Nov 20, 2024 7:00 AM",58,31,27,26,10,16,13,7,6,14,8,6,41,24,17,,,,,,,,,
"Nov 20, 2024 8:00 AM",105,53,52,31,13,18,28,13,15,41,23,18,85,41,44,,,,,,,,,
"Nov 20, 2024 9:00 AM",157,84,73,26,12,14,18,9,9,43,21,22,75,40,35,,,,,,,,,
"Nov 20, 2024 10:00 AM",163,86,77,25,10,15,24,13,11,16,13,3,42,23,19,,,,,,,,,
"Nov 20, 2024 11:00 AM",211,97,114,49,21,28,31,21,10,25,15,10,76,47,29,,,,,,,,,
"Nov 20, 2024 12:00 PM",214,106,108,47,36,11,38,21,17,31,16,15,80,47,33,,,,,,,,,
"Nov 20, 2024 1:00 PM",295,128,167,51,28,23,49,23,26,39,20,19,144,69,75,,,,,,,,,
"Nov 20, 2024 2:00 PM",214,90,124,46,27,19,38,23,15,26,8,18,103,60,43,,,,,,,,,
"Nov 20, 2024 3:00 PM",180,85,95,38,15,23,14,7,7,29,18,11,74,42,32,,,,,,,,,
"Nov 20, 2024 4:00 PM",123,65,58,38,22,16,42,26,16,24,13,11,83,36,47,,,,,,,,,
"Nov 20, 2024 5:00 PM",77,33,44,40,20,20,33,16,17,16,8,8,60,34,26,,,,,,,,,
"Nov 20, 2024 6:00 PM",93,51,42,36,27,9,26,14,12,16,10,6,61,26,35,,,,,,,,,
"Nov 20, 2024 7:00 PM",94,44,50,39,19,20,32,15,17,13,5,8,54,33,21,,,,,,,,,
"Nov 20, 2024 8:00 PM",82,49,33,22,9,13,15,9,6,6,3,3,29,10,19,,,,,,,,,
"Nov 20, 2024 9:00 PM",43,21,22,13,8,5,16,8,8,12,5,7,11,8,3,,,,,,,,,
"Nov 20, 2024 10:00 PM",22,14,8,5,1,4,6,1,5,3,2,1,8,1,7,,,,,,,,,
"Nov 20, 2024 11:00 PM",6,5,1,1,0,1,1,1,0,0,0,0,4,2,2,,,,,,,,,
"Nov 21, 2024 12:00 AM",0,0,0,0,0,0,1,1,0,0,0,0,2,1,1,,,,,,,,,
"Nov 21, 2024 1:00 AM",0,0,0,0,0,0,0,0,0,0,0,0,0,0,0,,,,,,,,,
"Nov 21, 2024 2:00 AM",0,0,0,0,0,0,0,0,0,0,0,0,0,0,0,,,,,,,,,
"Nov 21, 2024 3:00 AM",0,0,0,0,0,0,0,0,0,0,0,0,1,1,0,,,,,,,,,
"Nov 21, 2024 4:00 AM",0,0,0,1,1,0,0,0,0,0,0,0,0,0,0,,,,,,,,,
"Nov 21, 2024 5:00 AM",5,1,4,2,2,0,0,0,0,3,2,1,1,1,0,,,,,,,,,
"Nov 21, 2024 6:00 AM",35,20,15,15,6,9,9,6,3,4,4,0,9,5,4,,,,,,,,,
"Nov 21, 2024 7:00 AM",59,35,24,24,11,13,14,8,6,12,5,7,27,16,11,,,,,,,,,
"Nov 21, 2024 8:00 AM",91,45,46,19,8,11,25,14,11,48,23,25,97,55,42,,,,,,,,,
"Nov 21, 2024 9:00 AM",108,55,53,34,14,20,22,10,12,24,11,13,62,31,31,,,,,,,,,
"Nov 21, 2024 10:00 AM",114,56,58,25,13,12,31,19,12,20,12,8,35,17,18,,,,,,,,,
"Nov 21, 2024 11:00 AM",162,84,78,26,9,17,22,11,11,30,13,17,43,33,10,,,,,,,,,
"Nov 21, 2024 12:00 PM",157,82,75,49,23,26,29,14,15,27,13,14,46,27,19,,,,,,,,,
"Nov 21, 2024 1:00 PM",177,94,83,39,15,24,35,26,9,26,16,10,91,53,38,,,,,,,,,
"Nov 21, 2024 2:00 PM",144,66,78,40,15,25,27,17,10,25,11,14,88,49,39,,,,,,,,,
"Nov 21, 2024 3:00 PM",133,68,65,31,15,16,25,11,14,26,8,18,106,57,49,,,,,,,,,
"Nov 21, 2024 4:00 PM",102,52,50,38,21,17,18,13,5,38,18,20,67,35,32,,,,,,,,,
"Nov 21, 2024 5:00 PM",71,34,37,30,15,15,25,12,13,18,7,11,48,13,35,,,,,,,,,
"Nov 21, 2024 6:00 PM",92,56,36,29,19,10,34,20,14,12,7,5,43,25,18,,,,,,,,,
"Nov 21, 2024 7:00 PM",67,35,32,24,9,15,23,10,13,6,3,3,45,16,29,,,,,,,,,
"Nov 21, 2024 8:00 PM",46,27,19,10,5,5,8,6,2,11,6,5,30,17,13,,,,,,,,,
"Nov 21, 2024 9:00 PM",23,12,11,7,3,4,7,2,5,6,3,3,11,4,7,,,,,,,,,
"Nov 21, 2024 10:00 PM",11,9,2,3,2,1,3,1,2,5,3,2,8,3,5,,,,,,,,,
"Nov 21, 2024 11:00 PM",5,3,2,3,2,1,4,2,2,2,1,1,2,2,0,,,,,,,,,
"Nov 22, 2024 12:00 AM",0,0,0,0,0,0,0,0,0,1,0,1,1,1,0,,,,,,,,,
"Nov 22, 2024 1:00 AM",1,1,0,1,1,0,2,1,1,0,0,0,0,0,0,,,,,,,,,
"Nov 22, 2024 2:00 AM",0,0,0,0,0,0,0,0,0,0,0,0,0,0,0,,,,,,,,,
"Nov 22, 2024 3:00 AM",0,0,0,0,0,0,0,0,0,1,1,0,0,0,0,,,,,,,,,
"Nov 22, 2024 4:00 AM",1,1,0,0,0,0,0,0,0,1,1,0,0,0,0,,,,,,,,,
"Nov 22, 2024 5:00 AM",7,3,4,2,2,0,2,2,0,2,2,0,1,1,0,,,,,,,,,
"Nov 22, 2024 6:00 AM",35,15,20,17,6,11,22,13,9,12,8,4,11,6,5,,,,,,,,,
"Nov 22, 2024 7:00 AM",66,41,25,17,7,10,16,9,7,13,6,7,29,17,12,,,,,,,,,
"Nov 22, 2024 8:00 AM",106,55,51,41,16,25,29,19,10,40,20,20,70,39,31,,,,,,,,,
"Nov 22, 2024 9:00 AM",115,60,55,22,12,10,21,12,9,35,21,14,76,37,39,,,,,,,,,
"Nov 22, 2024 10:00 AM",165,78,87,31,12,19,23,15,8,22,12,10,54,31,23,,,,,,,,,
"Nov 22, 2024 11:00 AM",171,78,93,34,23,11,25,17,8,29,15,14,47,32,15,,,,,,,,,
"Nov 22, 2024 12:00 PM",273,124,149,49,22,27,37,17,20,26,16,10,66,33,33,,,,,,,,,
"Nov 22, 2024 1:00 PM",211,105,106,44,20,24,42,28,14,42,21,21,90,53,37,,,,,,,,,
"Nov 22, 2024 2:00 PM",199,90,109,24,11,13,20,8,12,32,10,22,85,46,39,,,,,,,,,
"Nov 22, 2024 3:00 PM",170,83,87,29,17,12,21,11,10,16,7,9,75,39,36,,,,,,,,,
"Nov 22, 2024 4:00 PM",135,58,77,32,20,12,27,12,15,32,15,17,78,35,43,,,,,,,,,
"Nov 22, 2024 5:00 PM",93,38,55,40,26,14,34,19,15,27,11,16,65,30,35,,,,,,,,,
"Nov 22, 2024 6:00 PM",80,45,35,24,14,10,33,15,18,20,10,10,41,24,17,,,,,,,,,
"Nov 22, 2024 7:00 PM",67,35,32,20,11,9,26,10,16,18,10,8,26,14,12,,,,,,,,,
"Nov 22, 2024 8:00 PM",49,21,28,14,3,11,17,10,7,6,5,1,22,13,9,,,,,,,,,
"Nov 22, 2024 9:00 PM",45,26,19,9,3,6,18,8,10,7,2,5,12,6,6,,,,,,,,,
"Nov 22, 2024 10:00 PM",11,9,2,5,3,2,13,5,8,3,2,1,13,3,10,,,,,,,,,
"Nov 22, 2024 11:00 PM",10,7,3,4,0,4,10,6,4,2,0,2,0,0,0,,,,,,,,,
"Nov 23, 2024 12:00 AM",0,0,0,0,0,0,0,0,0,4,1,3,0,0,0,,,,,,,,,
"Nov 23, 2024 1:00 AM",0,0,0,0,0,0,0,0,0,1,0,1,0,0,0,,,,,,,,,
"Nov 23, 2024 2:00 AM",0,0,0,0,0,0,2,0,2,0,0,0,0,0,0,,,,,,,,,
"Nov 23, 2024 3:00 AM",0,0,0,1,1,0,1,1,0,0,0,0,0,0,0,,,,,,,,,
"Nov 23, 2024 4:00 AM",0,0,0,0,0,0,0,0,0,27,27,0,0,0,0,,,,,,,,,
"Nov 23, 2024 5:00 AM",1,1,0,0,0,0,0,0,0,80,80,0,0,0,0,,,,,,,,,
"Nov 23, 2024 6:00 AM",7,0,7,2,1,1,1,1,0,3,0,3,0,0,0,,,,,,,,,
"Nov 23, 2024 7:00 AM",26,12,14,5,2,3,8,6,2,0,0,0,6,3,3,,,,,,,,,
"Nov 23, 2024 8:00 AM",48,23,25,12,3,9,8,3,5,8,3,5,15,5,10,,,,,,,,,
"Nov 23, 2024 9:00 AM",72,45,27,16,10,6,11,9,2,9,3,6,22,17,5,,,,,,,,,
"Nov 23, 2024 10:00 AM",105,51,54,30,13,17,21,14,7,19,13,6,48,27,21,,,,,,,,,
"Nov 23, 2024 11:00 AM",237,128,109,45,24,21,34,16,18,30,18,12,91,60,31,,,,,,,,,
"Nov 23, 2024 12:00 PM",314,150,164,79,48,31,73,46,27,32,16,16,97,49,48,,,,,,,,,
"Nov 23, 2024 1:00 PM",315,175,140,58,32,26,55,28,27,40,16,24,105,48,57,,,,,,,,,
"Nov 23, 2024 2:00 PM",353,172,181,59,32,27,50,26,24,29,10,19,111,61,50,,,,,,,,,
"Nov 23, 2024 3:00 PM",297,122,175,51,31,20,40,24,16,34,13,21,94,47,47,,,,,,,,,
"Nov 23, 2024 4:00 PM",320,166,154,47,28,19,55,30,25,18,7,11,58,29,29,,,,,,,,,
"Nov 23, 2024 5:00 PM",165,74,91,36,15,21,44,21,23,23,9,14,29,18,11,,,,,,,,,
"Nov 23, 2024 6:00 PM",114,55,59,34,18,16,37,21,16,10,7,3,18,9,9,,,,,,,,,
"Nov 23, 2024 7:00 PM",91,51,40,21,15,6,28,17,11,10,9,1,12,9,3,,,,,,,,,
"Nov 23, 2024 8:00 PM",49,26,23,17,13,4,16,11,5,4,2,2,18,8,10,,,,,,,,,
"Nov 23, 2024 9:00 PM",20,11,9,8,2,6,14,8,6,11,4,7,0,0,0,,,,,,,,,
"Nov 23, 2024 10:00 PM",9,3,6,6,5,1,2,0,2,6,4,2,1,1,0,,,,,,,,,
"Nov 23, 2024 11:00 PM",14,8,6,7,4,3,3,2,1,0,0,0,2,2,0,,,,,,,,,
"Nov 24, 2024 12:00 AM",0,0,0,0,0,0,4,0,4,4,3,1,1,0,1,,,,,,,,,
"Nov 24, 2024 1:00 AM",0,0,0,0,0,0,1,1,0,0,0,0,0,0,0,,,,,,,,,
"Nov 24, 2024 2:00 AM",3,0,3,0,0,0,0,0,0,1,1,0,0,0,0,,,,,,,,,
"Nov 24, 2024 3:00 AM",0,0,0,1,1,0,1,1,0,4,3,1,0,0,0,,,,,,,,,
"Nov 24, 2024 4:00 AM",1,0,1,1,0,1,1,1,0,0,0,0,0,0,0,,,,,,,,,
"Nov 24, 2024 5:00 AM",3,2,1,0,0,0,0,0,0,0,0,0,1,1,0,,,,,,,,,
"Nov 24, 2024 6:00 AM",13,5,8,3,1,2,1,1,0,0,0,0,0,0,0,,,,,,,,,
"Nov 24, 2024 7:00 AM",36,17,19,16,4,12,11,4,7,5,3,2,25,16,9,,,,,,,,,
"Nov 24, 2024 8:00 AM",98,47,51,43,20,23,19,13,6,11,4,7,50,30,20,,,,,,,,,
"Nov 24, 2024 9:00 AM",197,110,87,43,24,19,38,29,9,18,10,8,100,51,49,,,,,,,,,
"Nov 24, 2024 10:00 AM",371,200,171,87,56,31,67,40,27,47,16,31,134,84,50,,,,,,,,,
"Nov 24, 2024 11:00 AM",563,267,296,94,49,45,55,37,18,34,14,20,146,90,56,,,,,,,,,
"Nov 24, 2024 12:00 PM",685,347,338,102,39,63,88,56,32,44,24,20,178,105,73,,,,,,,,,
"Nov 24, 2024 1:00 PM",624,326,298,75,40,35,56,35,21,46,15,31,123,67,56,,,,,,,,,
"Nov 24, 2024 2:00 PM",522,251,271,98,59,39,68,38,30,47,24,23,108,48,60,,,,,,,,,
"Nov 24, 2024 3:00 PM",466,211,255,61,27,34,72,47,25,25,10,15,108,61,47,,,,,,,,,
"Nov 24, 2024 4:00 PM",364,177,187,73,40,33,58,22,36,41,19,22,104,60,44,,,,,,,,,
"Nov 24, 2024 5:00 PM",212,105,107,45,23,22,19,9,10,15,10,5,47,25,22,,,,,,,,,
"Nov 24, 2024 6:00 PM",95,57,38,28,11,17,16,7,9,11,4,7,10,4,6,,,,,,,,,
"Nov 24, 2024 7:00 PM",55,22,33,2,1,1,12,7,5,6,4,2,2,1,1,,,,,,,,,
"Nov 24, 2024 8:00 PM",38,23,15,10,5,5,17,4,13,8,6,2,2,1,1,,,,,,,,,
"Nov 24, 2024 9:00 PM",27,13,14,4,1,3,10,4,6,8,6,2,2,2,0,,,,,,,,,
"Nov 24, 2024 10:00 PM",11,8,3,3,2,1,3,2,1,0,0,0,2,0,2,,,,,,,,,
"Nov 24, 2024 11:00 PM",7,3,4,1,0,1,5,2,3,2,1,1,0,0,0,,,,,,,,,
"Nov 25, 2024 12:00 AM",0,0,0,0,0,0,0,0,0,0,0,0,0,0,0,,,,,,,,,
"Nov 25, 2024 1:00 AM",0,0,0,0,0,0,0,0,0,0,0,0,0,0,0,,,,,,,,,
"Nov 25, 2024 2:00 AM",0,0,0,0,0,0,0,0,0,0,0,0,0,0,0,,,,,,,,,
"Nov 25, 2024 3:00 AM",0,0,0,0,0,0,0,0,0,0,0,0,0,0,0,,,,,,,,,
"Nov 25, 2024 4:00 AM",0,0,0,0,0,0,0,0,0,1,1,0,0,0,0,,,,,,,,,
"Nov 25, 2024 5:00 AM",12,5,7,0,0,0,3,3,0,2,2,0,1,0,1,,,,,,,,,
"Nov 25, 2024 6:00 AM",25,11,14,14,10,4,15,9,6,7,4,3,14,10,4,,,,,,,,,
"Nov 25, 2024 7:00 AM",57,24,33,15,6,9,12,5,7,18,6,12,45,28,17,,,,,,,,,
"Nov 25, 2024 8:00 AM",113,57,56,34,15,19,30,18,12,49,27,22,90,53,37,,,,,,,,,
"Nov 25, 2024 9:00 AM",120,55,65,24,8,16,27,14,13,27,13,14,56,25,31,,,,,,,,,
"Nov 25, 2024 10:00 AM",127,56,71,39,23,16,14,9,5,19,11,8,36,21,15,,,,,,,,,
"Nov 25, 2024 11:00 AM",172,87,85,40,21,19,29,16,13,30,13,17,62,33,29,,,,,,,,,
"Nov 25, 2024 12:00 PM",151,83,68,41,15,26,37,23,14,27,15,12,64,34,30,,,,,,,,,
"Nov 25, 2024 1:00 PM",198,95,103,41,14,27,54,24,30,26,17,9,83,51,32,,,,,,,,,
"Nov 25, 2024 2:00 PM",184,83,101,38,22,16,26,18,8,37,20,17,72,44,28,,,,,,,,,
"Nov 25, 2024 3:00 PM",182,83,99,27,14,13,29,13,16,26,11,15,62,29,33,,,,,,,,,
"Nov 25, 2024 4:00 PM",180,87,93,32,20,12,26,17,9,31,16,15,70,39,31,,,,,,,,,
"Nov 25, 2024 5:00 PM",110,55,55,30,11,19,44,25,19,26,10,16,82,40,42,,,,,,,,,
"Nov 25, 2024 6:00 PM",96,52,44,47,23,24,46,27,19,20,11,9,56,27,29,,,,,,,,,
"Nov 25, 2024 7:00 PM",127,63,64,48,24,24,30,18,12,19,8,11,53,25,28,,,,,,,,,
"Nov 25, 2024 8:00 PM",96,55,41,26,8,18,28,16,12,8,5,3,35,17,18,,,,,,,,,
"Nov 25, 2024 9:00 PM",47,24,23,10,6,4,11,4,7,3,2,1,13,7,6,,,,,,,,,
"Nov 25, 2024 10:00 PM",12,6,6,5,3,2,7,1,6,2,2,0,8,5,3,,,,,,,,,
"Nov 25, 2024 11:00 PM",7,5,2,2,0,2,4,0,4,0,0,0,1,1,0,,,,,,,,,
"Nov 26, 2024 12:00 AM",0,0,0,0,0,0,2,1,1,1,0,1,0,0,0,,,,,,,,,
"Nov 26, 2024 1:00 AM",0,0,0,0,0,0,1,1,0,0,0,0,1,1,0,,,,,,,,,
"Nov 26, 2024 2:00 AM",1,0,1,0,0,0,1,0,1,0,0,0,0,0,0,,,,,,,,,
"Nov 26, 2024 3:00 AM",0,0,0,0,0,0,0,0,0,0,0,0,0,0,0,,,,,,,,,
"Nov 26, 2024 4:00 AM",0,0,0,0,0,0,0,0,0,0,0,0,0,0,0,,,,,,,,,
"Nov 26, 2024 5:00 AM",11,5,6,1,0,1,2,0,2,1,1,0,1,1,0,,,,,,,,,
"Nov 26, 2024 6:00 AM",33,14,19,21,10,11,16,11,5,4,3,1,14,10,4,,,,,,,,,
"Nov 26, 2024 7:00 AM",75,40,35,26,10,16,15,10,5,15,8,7,42,28,14,,,,,,,,,
"Nov 26, 2024 8:00 AM",106,48,58,42,12,30,24,11,13,62,33,29,93,52,41,,,,,,,,,
"Nov 26, 2024 9:00 AM",139,61,78,36,20,16,31,17,14,32,16,16,70,38,32,,,,,,,,,
"Nov 26, 2024 10:00 AM",162,96,66,35,13,22,29,17,12,21,12,9,55,25,30,,,,,,,,,
"Nov 26, 2024 11:00 AM",280,123,157,35,21,14,22,8,14,25,16,9,71,46,25,,,,,,,,,
"Nov 26, 2024 12:00 PM",233,109,124,35,20,15,42,26,16,36,17,19,88,53,35,,,,,,,,,
"Nov 26, 2024 1:00 PM",287,116,171,35,20,15,41,22,19,27,14,13,127,69,58,,,,,,,,,
"Nov 26, 2024 2:00 PM",209,110,99,41,9,32,25,12,13,27,9,18,121,65,56,,,,,,,,,
"Nov 26, 2024 3:00 PM",188,92,96,40,25,15,25,11,14,16,10,6,97,43,54,,,,,,,,,
"Nov 26, 2024 4:00 PM",151,67,84,33,19,14,32,19,13,27,14,13,92,43,49,,,,,,,,,
"Nov 26, 2024 5:00 PM",85,47,38,43,27,16,49,29,20,17,4,13,79,32,47,,,,,,,,,
"Nov 26, 2024 6:00 PM",111,66,45,57,26,31,43,24,19,20,12,8,76,47,29,,,,,,,,,
"Nov 26, 2024 7:00 PM",83,41,42,67,36,31,49,29,20,14,6,8,58,27,31,,,,,,,,,
"Nov 26, 2024 8:00 PM",80,51,29,29,10,19,34,16,18,9,6,3,44,24,20,,,,,,,,,
"Nov 26, 2024 9:00 PM",46,27,19,17,5,12,10,3,7,10,5,5,13,4,9,,,,,,,,,
"Nov 26, 2024 10:00 PM",12,8,4,13,9,4,5,2,3,3,1,2,3,1,2,,,,,,,,,
"Nov 26, 2024 11:00 PM",7,5,2,1,1,0,0,0,0,1,1,0,2,1,1,,,,,,,,,
"Nov 27, 2024 12:00 AM",0,0,0,0,0,0,1,1,0,0,0,0,0,0,0,,,,,,,,,
"Nov 27, 2024 1:00 AM",1,1,0,0,0,0,0,0,0,0,0,0,0,0,0,,,,,,,,,
"Nov 27, 2024 2:00 AM",0,0,0,0,0,0,0,0,0,0,0,0,0,0,0,,,,,,,,,
"Nov 27, 2024 3:00 AM",0,0,0,0,0,0,0,0,0,0,0,0,0,0,0,,,,,,,,,
"Nov 27, 2024 4:00 AM",0,0,0,0,0,0,0,0,0,2,2,0,0,0,0,,,,,,,,,
"Nov 27, 2024 5:00 AM",7,1,6,0,0,0,2,2,0,3,2,1,2,2,0,,,,,,,,,
"Nov 27, 2024 6:00 AM",35,17,18,19,7,12,12,7,5,9,6,3,6,3,3,,,,,,,,,
"Nov 27, 2024 7:00 AM",79,47,32,20,10,10,30,17,13,18,10,8,54,31,23,,,,,,,,,
"Nov 27, 2024 8:00 AM",112,47,65,43,17,26,22,13,9,48,25,23,100,50,50,,,,,,,,,
"Nov 27, 2024 9:00 AM",155,80,75,40,21,19,12,8,4,27,10,17,73,39,34,,,,,,,,,
"Nov 27, 2024 10:00 AM",150,75,75,56,25,31,29,16,13,19,9,10,49,29,20,,,,,,,,,
"Nov 27, 2024 11:00 AM",191,91,100,43,25,18,35,23,12,28,14,14,53,36,17,,,,,,,,,
"Nov 27, 2024 12:00 PM",251,137,114,38,17,21,43,25,18,41,21,20,74,35,39,,,,,,,,,
"Nov 27, 2024 1:00 PM",258,116,142,48,24,24,37,24,13,41,27,14,134,78,56,,,,,,,,,
"Nov 27, 2024 2:00 PM",189,97,92,45,26,19,23,16,7,35,16,19,91,51,40,,,,,,,,,
"Nov 27, 2024 3:00 PM",175,89,86,37,21,16,22,13,9,27,11,16,97,42,55,,,,,,,,,
"Nov 27, 2024 4:00 PM",169,87,82,26,15,11,23,8,15,16,7,9,66,26,40,,,,,,,,,
"Nov 27, 2024 5:00 PM",126,63,63,42,24,18,42,26,16,23,11,12,56,27,29,,,,,,,,,
"Nov 27, 2024 6:00 PM",100,48,52,37,17,20,34,22,12,17,10,7,49,26,23,,,,,,,,,
"Nov 27, 2024 7:00 PM",115,59,56,43,23,20,23,15,8,10,6,4,53,25,28,,,,,,,,,
"Nov 27, 2024 8:00 PM",51,32,19,30,17,13,23,12,11,11,5,6,30,11,19,,,,,,,,,
"Nov 27, 2024 9:00 PM",37,24,13,13,6,7,9,4,5,4,3,1,21,10,11,,,,,,,,,
"Nov 27, 2024 10:00 PM",18,10,8,8,4,4,10,2,8,1,1,0,5,3,2,,,,,,,,,
"Nov 27, 2024 11:00 PM",3,2,1,3,1,2,2,0,2,0,0,0,5,2,3,,,,,,,,,
"Nov 28, 2024 12:00 AM",0,0,0,0,0,0,0,0,0,1,1,0,1,1,0,,,,,,,,,
"Nov 28, 2024 1:00 AM",0,0,0,0,0,0,0,0,0,0,0,0,0,0,0,,,,,,,,,
"Nov 28, 2024 2:00 AM",0,0,0,1,0,1,1,0,1,0,0,0,0,0,0,,,,,,,,,
"Nov 28, 2024 3:00 AM",0,0,0,0,0,0,0,0,0,0,0,0,1,0,1,,,,,,,,,
"Nov 28, 2024 4:00 AM",0,0,0,0,0,0,0,0,0,178,178,0,0,0,0,,,,,,,,,
"Nov 28, 2024 5:00 AM",5,1,4,1,1,0,2,0,2,110,110,0,1,0,1,,,,,,,,,
"Nov 28, 2024 6:00 AM",51,28,23,9,5,4,16,11,5,11,9,2,10,7,3,,,,,,,,,
"Nov 28, 2024 7:00 AM",70,37,33,28,11,17,18,11,7,11,7,4,38,19,19,,,,,,,,,
"Nov 28, 2024 8:00 AM",107,54,53,42,16,26,17,9,8,32,15,17,94,47,47,,,,,,,,,
"Nov 28, 2024 9:00 AM",127,82,45,18,8,10,13,8,5,28,10,18,55,25,30,,,,,,,,,
"Nov 28, 2024 10:00 AM",139,57,82,26,16,10,21,9,12,32,15,17,46,25,21,,,,,,,,,
"Nov 28, 2024 11:00 AM",110,54,56,26,9,17,16,8,8,23,14,9,41,19,22,,,,,,,,,
"Nov 28, 2024 12:00 PM",80,39,41,22,13,9,17,8,9,39,21,18,35,16,19,,,,,,,,,
"Nov 28, 2024 1:00 PM",51,27,24,24,10,14,12,5,7,24,13,11,22,15,7,,,,,,,,,
"Nov 28, 2024 2:00 PM",46,20,26,11,5,6,14,11,3,17,5,12,26,16,10,,,,,,,,,
"Nov 28, 2024 3:00 PM",73,31,42,15,4,11,9,5,4,26,14,12,43,24,19,,,,,,,,,
"Nov 28, 2024 4:00 PM",57,29,28,21,14,7,25,15,10,23,8,15,33,19,14,,,,,,,,,
"Nov 28, 2024 5:00 PM",57,36,21,27,17,10,39,21,18,17,8,9,46,19,27,,,,,,,,,
"Nov 28, 2024 6:00 PM",67,31,36,27,13,14,37,19,18,17,8,9,43,20,23,,,,,,,,,
"Nov 28, 2024 7:00 PM",55,32,23,24,13,11,27,9,18,9,8,1,46,21,25,,,,,,,,,
"Nov 28, 2024 8:00 PM",57,35,22,25,12,13,20,11,9,12,6,6,23,14,9,,,,,,,,,
"Nov 28, 2024 9:00 PM",40,23,17,16,4,12,29,16,13,9,2,7,12,6,6,,,,,,,,,
"Nov 28, 2024 10:00 PM",11,6,5,6,2,4,5,1,4,5,3,2,5,1,4,,,,,,,,,
"Nov 28, 2024 11:00 PM",4,2,2,2,1,1,1,0,1,4,1,3,1,0,1,,,,,,,,,
"Nov 29, 2024 12:00 AM",0,0,0,0,0,0,1,0,1,1,0,1,1,1,0,,,,,,,,,
"Nov 29, 2024 1:00 AM",0,0,0,0,0,0,2,0,2,0,0,0,0,0,0,,,,,,,,,
"Nov 29, 2024 2:00 AM",0,0,0,1,0,1,0,0,0,0,0,0,0,0,0,,,,,,,,,
"Nov 29, 2024 3:00 AM",3,3,0,0,0,0,0,0,0,0,0,0,0,0,0,,,,,,,,,
"Nov 29, 2024 4:00 AM",0,0,0,1,1,0,1,1,0,0,0,0,0,0,0,,,,,,,,,
"Nov 29, 2024 5:00 AM",8,4,4,0,0,0,4,2,2,2,2,0,1,1,0,,,,,,,,,
"Nov 29, 2024 6:00 AM",25,10,15,9,4,5,13,8,5,6,4,2,9,3,6,,,,,,,,,
"Nov 29, 2024 7:00 AM",66,34,32,19,10,9,14,5,9,14,6,8,20,10,10,,,,,,,,,
"Nov 29, 2024 8:00 AM",74,36,38,33,17,16,18,11,7,33,19,14,54,35,19,,,,,,,,,
"Nov 29, 2024 9:00 AM",85,43,42,24,8,16,20,11,9,22,11,11,56,31,25,,,,,,,,,
"Nov 29, 2024 10:00 AM",64,36,28,15,9,6,19,9,10,26,14,12,31,14,17,,,,,,,,,
"Nov 29, 2024 11:00 AM",80,30,50,25,8,17,12,5,7,25,9,16,40,20,20,,,,,,,,,
"Nov 29, 2024 12:00 PM",66,31,35,18,9,9,16,11,5,16,12,4,24,15,9,,,,,,,,,
"Nov 29, 2024 1:00 PM",42,20,22,17,9,8,15,10,5,17,9,8,21,10,11,,,,,,,,,
"Nov 29, 2024 2:00 PM",34,16,18,15,5,10,7,3,4,10,6,4,28,21,7,,,,,,,,,
"Nov 29, 2024 3:00 PM",35,16,19,11,6,5,12,6,6,15,8,7,31,18,13,,,,,,,,,
"Nov 29, 2024 4:00 PM",51,23,28,22,11,11,20,9,11,17,7,10,50,29,21,,,,,,,,,
"Nov 29, 2024 5:00 PM",68,26,42,22,6,16,22,11,11,20,12,8,46,17,29,,,,,,,,,
"Nov 29, 2024 6:00 PM",65,47,18,30,16,14,22,11,11,17,7,10,25,14,11,,,,,,,,,
"Nov 29, 2024 7:00 PM",62,37,25,19,10,9,34,13,21,7,4,3,27,11,16,,,,,,,,,
"Nov 29, 2024 8:00 PM",43,23,20,12,5,7,11,5,6,3,1,2,28,14,14,,,,,,,,,
"Nov 29, 2024 9:00 PM",26,10,16,16,7,9,8,3,5,6,4,2,6,5,1,,,,,,,,,
"Nov 29, 2024 10:00 PM",32,12,20,7,1,6,11,6,5,4,2,2,8,5,3,,,,,,,,,
"Nov 29, 2024 11:00 PM",16,11,5,4,3,1,15,8,7,4,2,2,3,2,1,,,,,,,,,
"Nov 30, 2024 12:00 AM",0,0,0,1,0,1,2,0,2,1,1,0,5,3,2,,,,,,,,,
"Nov 30, 2024 1:00 AM",3,1,2,2,0,2,1,0,1,0,0,0,0,0,0,,,,,,,,,
"Nov 30, 2024 2:00 AM",2,2,0,0,0,0,1,0,1,0,0,0,0,0,0,,,,,,,,,
"Nov 30, 2024 3:00 AM",2,1,1,0,0,0,0,0,0,3,0,3,0,0,0,,,,,,,,,
"Nov 30, 2024 4:00 AM",1,1,0,0,0,0,1,0,1,0,0,0,0,0,0,,,,,,,,,
"Nov 30, 2024 5:00 AM",2,0,2,0,0,0,1,0,1,0,0,0,2,1,1,,,,,,,,,
"Nov 30, 2024 6:00 AM",11,4,7,4,2,2,3,2,1,2,0,2,8,6,2,,,,,,,,,
"Nov 30, 2024 7:00 AM",58,32,26,14,7,7,11,6,5,1,1,0,24,16,8,,,,,,,,,
"Nov 30, 2024 8:00 AM",154,85,69,44,22,22,32,17,15,12,5,7,65,39,26,,,,,,,,,
"Nov 30, 2024 9:00 AM",206,99,107,88,43,45,50,23,27,25,14,11,96,62,34,,,,,,,,,
"Nov 30, 2024 10:00 AM",326,175,151,77,46,31,66,37,29,30,10,20,144,88,56,,,,,,,,,
"Nov 30, 2024 11:00 AM",337,160,177,77,39,38,56,30,26,36,13,23,155,94,61,,,,,,,,,
"Nov 30, 2024 12:00 PM",373,189,184,86,40,46,55,28,27,49,27,22,137,73,64,,,,,,,,,
"Nov 30, 2024 1:00 PM",293,131,162,57,33,24,25,17,8,43,20,23,108,58,50,,,,,,,,,
"Nov 30, 2024 2:00 PM",274,169,105,43,30,13,44,20,24,31,17,14,88,41,47,,,,,,,,,
"Nov 30, 2024 3:00 PM",197,75,122,26,10,16,48,27,21,30,13,17,59,32,27,,,,,,,,,
"Nov 30, 2024 4:00 PM",168,84,84,40,21,19,18,9,9,10,4,6,35,14,21,,,,,,,,,
"Nov 30, 2024 5:00 PM",160,78,82,41,20,21,36,17,19,13,7,6,41,16,25,,,,,,,,,
"Nov 30, 2024 6:00 PM",91,43,48,30,15,15,29,15,14,12,7,5,15,8,7,,,,,,,,,
"Nov 30, 2024 7:00 PM",49,23,26,11,2,9,26,13,13,9,7,2,11,4,7,,,,,,,,,
"Nov 30, 2024 8:00 PM",21,14,7,16,9,7,20,9,11,10,5,5,17,10,7,,,,,,,,,
"Nov 30, 2024 9:00 PM",26,12,14,11,5,6,4,1,3,4,1,3,16,9,7,,,,,,,,,
"Nov 30, 2024 10:00 PM",27,21,6,6,4,2,5,2,3,2,2,0,11,3,8,,,,,,,,,
"Nov 30, 2024 11:00 PM",13,4,9,3,1,2,10,2,8,2,2,0,2,0,2,,,,,,,,,
"Dec 1, 2024 12:00 AM",2,1,1,1,0,1,3,0,3,11,9,2,2,1,1,,,,,,,,,
"Dec 1, 2024 1:00 AM",5,2,3,1,0,1,2,1,1,2,2,0,1,1,0,,,,,,,,,
"Dec 1, 2024 2:00 AM",1,1,0,1,0,1,0,0,0,3,1,2,1,0,1,,,,,,,,,
"Dec 1, 2024 3:00 AM",0,0,0,0,0,0,0,0,0,1,1,0,1,1,0,,,,,,,,,
"Dec 1, 2024 4:00 AM",0,0,0,0,0,0,0,0,0,0,0,0,0,0,0,,,,,,,,,
"Dec 1, 2024 5:00 AM",2,1,1,0,0,0,0,0,0,0,0,0,1,1,0,,,,,,,,,
"Dec 1, 2024 6:00 AM",18,7,11,3,2,1,1,1,0,0,0,0,2,1,1,,,,,,,,,
"Dec 1, 2024 7:00 AM",46,24,22,8,2,6,8,4,4,3,3,0,24,14,10,,,,,,,,,
"Dec 1, 2024 8:00 AM",125,63,62,40,29,11,33,20,13,20,8,12,42,26,16,,,,,,,,,
"Dec 1, 2024 9:00 AM",263,138,125,70,33,37,51,25,26,21,12,9,102,62,40,,,,,,,,,
"Dec 1, 2024 10:00 AM",423,225,198,87,49,38,68,38,30,36,20,16,128,83,45,,,,,,,,,
"Dec 1, 2024 11:00 AM",560,284,276,114,61,53,86,49,37,50,25,25,164,95,69,,,,,,,,,
"Dec 1, 2024 12:00 PM",653,332,321,90,47,43,95,58,37,47,24,23,179,93,86,,,,,,,,,
"Dec 1, 2024 1:00 PM",703,352,351,103,60,43,76,49,27,71,33,38,125,71,54,,,,,,,,,
"Dec 1, 2024 2:00 PM",733,339,394,68,36,32,105,58,47,41,22,19,155,85,70,,,,,,,,,
"Dec 1, 2024 3:00 PM",645,341,304,75,39,36,99,39,60,36,17,19,152,90,62,,,,,,,,,
"Dec 1, 2024 4:00 PM",384,187,197,52,21,31,61,34,27,21,2,19,82,32,50,,,,,,,,,
"Dec 1, 2024 5:00 PM",164,79,85,28,15,13,30,19,11,12,8,4,16,6,10,,,,,,,,,
"Dec 1, 2024 6:00 PM",84,45,39,26,17,9,18,5,13,9,4,5,20,9,11,,,,,,,,,
"Dec 1, 2024 7:00 PM",75,35,40,14,5,9,19,13,6,16,12,4,13,7,6,,,,,,,,,
"Dec 1, 2024 8:00 PM",68,36,32,13,7,6,13,3,10,9,5,4,22,11,11,,,,,,,,,
"Dec 1, 2024 9:00 PM",22,14,8,7,2,5,5,2,3,3,1,2,11,5,6,,,,,,,,,
"Dec 1, 2024 10:00 PM",13,8,5,4,2,2,4,3,1,3,0,3,3,2,1,,,,,,,,,
"Dec 1, 2024 11:00 PM",3,1,2,0,0,0,1,0,1,3,3,0,4,2,2,,,,,,,,,
"Dec 2, 2024 12:00 AM",0,0,0,0,0,0,0,0,0,0,0,0,1,1,0,,,,,,,,,
"Dec 2, 2024 1:00 AM",0,0,0,0,0,0,0,0,0,0,0,0,0,0,0,,,,,,,,,
"Dec 2, 2024 2:00 AM",0,0,0,0,0,0,0,0,0,1,0,1,0,0,0,,,,,,,,,
"Dec 2, 2024 3:00 AM",0,0,0,0,0,0,0,0,0,0,0,0,0,0,0,,,,,,,,,
"Dec 2, 2024 4:00 AM",0,0,0,0,0,0,0,0,0,1,1,0,0,0,0,,,,,,,,,
"Dec 2, 2024 5:00 AM",16,6,10,2,2,0,2,1,1,3,3,0,1,1,0,,,,,,,,,
"Dec 2, 2024 6:00 AM",42,22,20,14,6,8,16,10,6,7,4,3,13,9,4,,,,,,,,,
"Dec 2, 2024 7:00 AM",49,25,24,15,9,6,12,8,4,15,5,10,27,15,12,,,,,,,,,
"Dec 2, 2024 8:00 AM",143,69,74,28,13,15,24,18,6,50,24,26,79,48,31,,,,,,,,,
"Dec 2, 2024 9:00 AM",148,77,71,38,15,23,17,9,8,30,16,14,69,36,33,,,,,,,,,
"Dec 2, 2024 10:00 AM",168,79,89,31,12,19,19,14,5,26,15,11,54,26,28,,,,,,,,,
"Dec 2, 2024 11:00 AM",181,92,89,42,23,19,20,9,11,25,15,10,60,38,22,,,,,,,,,
"Dec 2, 2024 12:00 PM",248,127,121,50,26,24,32,18,14,32,16,16,77,45,32,,,,,,,,,
"Dec 2, 2024 1:00 PM",279,131,148,32,11,21,35,22,13,35,19,16,95,56,39,,,,,,,,,
"Dec 2, 2024 2:00 PM",171,88,83,26,14,12,22,15,7,29,18,11,105,55,50,,,,,,,,,
"Dec 2, 2024 3:00 PM",181,69,112,54,36,18,36,24,12,29,11,18,63,32,31,,,,,,,,,
"Dec 2, 2024 4:00 PM",119,63,56,30,17,13,29,19,10,32,17,15,48,25,23,,,,,,,,,
"Dec 2, 2024 5:00 PM",93,51,42,36,19,17,35,17,18,21,9,12,77,36,41,,,,,,,,,
"Dec 2, 2024 6:00 PM",91,46,45,57,27,30,49,30,19,17,9,8,67,38,29,,,,,,,,,
"Dec 2, 2024 7:00 PM",87,44,43,38,18,20,24,13,11,19,10,9,32,17,15,,,,,,,,,
"Dec 2, 2024 8:00 PM",71,39,32,44,19,25,28,14,14,22,9,13,37,18,19,,,,,,,,,
"Dec 2, 2024 9:00 PM",47,25,22,16,6,10,7,4,3,10,6,4,12,8,4,,,,,,,,,
"Dec 2, 2024 10:00 PM",17,11,6,6,3,3,7,4,3,5,1,4,7,4,3,,,,,,,,,
"Dec 2, 2024 11:00 PM",3,1,2,3,0,3,2,0,2,0,0,0,5,3,2,,,,,,,,,
"Dec 3, 2024 12:00 AM",0,0,0,0,0,0,0,0,0,1,0,1,0,0,0,,,,,,,,,
"Dec 3, 2024 1:00 AM",0,0,0,0,0,0,0,0,0,0,0,0,0,0,0,,,,,,,,,
"Dec 3, 2024 2:00 AM",0,0,0,0,0,0,0,0,0,0,0,0,0,0,0,,,,,,,,,
"Dec 3, 2024 3:00 AM",0,0,0,0,0,0,0,0,0,0,0,0,0,0,0,,,,,,,,,
"Dec 3, 2024 4:00 AM",0,0,0,0,0,0,0,0,0,0,0,0,0,0,0,,,,,,,,,
"Dec 3, 2024 5:00 AM",8,3,5,1,1,0,3,1,2,2,2,0,0,0,0,,,,,,,,,
"Dec 3, 2024 6:00 AM",35,18,17,18,11,7,16,8,8,6,6,0,15,10,5,,,,,,,,,
"Dec 3, 2024 7:00 AM",68,38,30,28,13,15,14,9,5,22,8,14,31,15,16,,,,,,,,,
"Dec 3, 2024 8:00 AM",143,57,86,23,12,11,13,5,8,49,22,27,74,37,37,,,,,,,,,
"Dec 3, 2024 9:00 AM",132,60,72,35,13,22,22,11,11,31,20,11,67,33,34,,,,,,,,,
"Dec 3, 2024 10:00 AM",172,79,93,29,17,12,19,11,8,20,8,12,55,31,24,,,,,,,,,
"Dec 3, 2024 11:00 AM",204,109,95,29,19,10,56,31,25,35,19,16,58,32,26,,,,,,,,,
"Dec 3, 2024 12:00 PM",273,162,111,39,18,21,34,12,22,34,20,14,91,45,46,,,,,,,,,
"Dec 3, 2024 1:00 PM",285,135,150,55,27,28,48,32,16,27,17,10,140,77,63,,,,,,,,,
"Dec 3, 2024 2:00 PM",177,78,99,35,21,14,26,10,16,35,20,15,93,53,40,,,,,,,,,
"Dec 3, 2024 3:00 PM",176,90,86,38,21,17,22,11,11,36,15,21,97,42,55,,,,,,,,,
"Dec 3, 2024 4:00 PM",108,56,52,35,12,23,20,9,11,21,7,14,60,26,34,,,,,,,,,
"Dec 3, 2024 5:00 PM",104,50,54,26,15,11,33,17,16,17,8,9,65,29,36,,,,,,,,,
"Dec 3, 2024 6:00 PM",89,38,51,46,25,21,31,18,13,16,8,8,56,33,23,,,,,,,,,
"Dec 3, 2024 7:00 PM",108,55,53,43,23,20,38,19,19,17,10,7,47,20,27,,,,,,,,,
"Dec 3, 2024 8:00 PM",74,47,27,25,9,16,21,8,13,9,5,4,26,16,10,,,,,,,,,
"Dec 3, 2024 9:00 PM",50,27,23,9,6,3,7,2,5,6,3,3,11,6,5,,,,,,,,,
"Dec 3, 2024 10:00 PM",13,9,4,8,3,5,12,2,10,4,4,0,1,1,0,,,,,,,,,
"Dec 3, 2024 11:00 PM",5,2,3,0,0,0,1,0,1,1,1,0,0,0,0,,,,,,,,,
"Dec 4, 2024 12:00 AM",1,1,0,0,0,0,2,1,1,1,1,0,1,0,1,,,,,,,,,
"Dec 4, 2024 1:00 AM",0,0,0,0,0,0,0,0,0,0,0,0,0,0,0,,,,,,,,,
"Dec 4, 2024 2:00 AM",0,0,0,1,0,1,0,0,0,0,0,0,3,2,1,,,,,,,,,
"Dec 4, 2024 3:00 AM",0,0,0,0,0,0,0,0,0,6,5,1,1,1,0,,,,,,,,,
"Dec 4, 2024 4:00 AM",3,2,1,0,0,0,0,0,0,0,0,0,0,0,0,,,,,,,,,
"Dec 4, 2024 5:00 AM",7,3,4,4,3,1,2,1,1,3,2,1,0,0,0,,,,,,,,,
"Dec 4, 2024 6:00 AM",31,15,16,12,4,8,13,8,5,9,8,1,20,12,8,,,,,,,,,
"Dec 4, 2024 7:00 AM",140,74,66,24,10,14,14,7,7,15,10,5,31,18,13,,,,,,,,,
"Dec 4, 2024 8:00 AM",155,76,79,40,15,25,19,12,7,46,28,18,93,46,47,,,,,,,,,
"Dec 4, 2024 9:00 AM",138,59,79,30,15,15,27,12,15,29,10,19,60,29,31,,,,,,,,,
"Dec 4, 2024 10:00 AM",237,79,158,33,17,16,17,9,8,15,8,7,35,17,18,,,,,,,,,
"Dec 4, 2024 11:00 AM",170,95,75,43,27,16,37,23,14,27,10,17,39,23,16,,,,,,,,,
"Dec 4, 2024 12:00 PM",231,126,105,31,11,20,16,3,13,34,15,19,58,22,36,,,,,,,,,
"Dec 4, 2024 1:00 PM",94,54,40,29,14,15,17,8,9,30,20,10,41,14,27,,,,,,,,,
"Dec 4, 2024 2:00 PM",84,34,50,13,7,6,1,1,0,16,8,8,11,5,6,,,,,,,,,
"Dec 4, 2024 3:00 PM",77,44,33,16,10,6,12,6,6,13,6,7,24,15,9,,,,,,,,,
"Dec 4, 2024 4:00 PM",101,52,49,34,19,15,17,9,8,10,5,5,42,20,22,,,,,,,,,
"Dec 4, 2024 5:00 PM",63,26,37,31,16,15,30,18,12,16,7,9,40,22,18,,,,,,,,,
"Dec 4, 2024 6:00 PM",91,43,48,29,19,10,21,10,11,29,13,16,38,25,13,,,,,,,,,
"Dec 4, 2024 7:00 PM",99,48,51,30,15,15,34,15,19,10,4,6,28,12,16,,,,,,,,,
"Dec 4, 2024 8:00 PM",78,46,32,23,14,9,26,14,12,7,3,4,21,9,12,,,,,,,,,
"Dec 4, 2024 9:00 PM",30,18,12,11,5,6,13,5,8,3,2,1,15,9,6,,,,,,,,,
"Dec 4, 2024 10:00 PM",22,14,8,7,4,3,8,4,4,2,1,1,4,3,1,,,,,,,,,
"Dec 4, 2024 11:00 PM",2,2,0,8,5,3,4,1,3,0,0,0,6,2,4,,,,,,,,,
"Dec 5, 2024 12:00 AM",0,0,0,0,0,0,0,0,0,0,0,0,3,3,0,,,,,,,,,
"Dec 5, 2024 1:00 AM",0,0,0,0,0,0,0,0,0,0,0,0,1,1,0,,,,,,,,,
"Dec 5, 2024 2:00 AM",1,1,0,0,0,0,0,0,0,0,0,0,0,0,0,,,,,,,,,
"Dec 5, 2024 3:00 AM",0,0,0,0,0,0,1,1,0,0,0,0,0,0,0,,,,,,,,,
"Dec 5, 2024 4:00 AM",1,0,1,0,0,0,0,0,0,0,0,0,0,0,0,,,,,,,,,
"Dec 5, 2024 5:00 AM",2,1,1,2,1,1,2,1,1,4,2,2,0,0,0,,,,,,,,,
"Dec 5, 2024 6:00 AM",36,20,16,17,12,5,14,10,4,8,5,3,21,13,8,,,,,,,,,
"Dec 5, 2024 7:00 AM",96,44,52,33,12,21,23,10,13,13,4,9,43,19,24,,,,,,,,,
"Dec 5, 2024 8:00 AM",136,69,67,31,14,17,23,12,11,38,20,18,89,47,42,,,,,,,,,
"Dec 5, 2024 9:00 AM",153,73,80,37,12,25,23,10,13,45,24,21,59,31,28,,,,,,,,,
"Dec 5, 2024 10:00 AM",115,55,60,35,20,15,32,21,11,24,10,14,39,25,14,,,,,,,,,
"Dec 5, 2024 11:00 AM",180,98,82,24,17,7,26,17,9,31,11,20,45,33,12,,,,,,,,,
"Dec 5, 2024 12:00 PM",139,70,69,19,8,11,27,16,11,30,14,16,35,17,18,,,,,,,,,
"Dec 5, 2024 1:00 PM",53,33,20,18,9,9,12,7,5,11,8,3,17,8,9,,,,,,,,,
"Dec 5, 2024 2:00 PM",24,8,16,5,5,0,15,10,5,10,7,3,15,5,10,,,,,,,,,
"Dec 5, 2024 3:00 PM",63,38,25,16,9,7,10,3,7,14,6,8,31,14,17,,,,,,,,,
"Dec 5, 2024 4:00 PM",44,18,26,9,8,1,15,9,6,17,5,12,27,15,12,,,,,,,,,
"Dec 5, 2024 5:00 PM",43,28,15,20,11,9,30,16,14,15,8,7,44,21,23,,,,,,,,,
"Dec 5, 2024 6:00 PM",48,31,17,34,26,8,10,8,2,14,7,7,30,14,16,,,,,,,,,
"Dec 5, 2024 7:00 PM",55,34,21,24,19,5,24,12,12,12,8,4,38,16,22,,,,,,,,,
"Dec 5, 2024 8:00 PM",48,29,19,10,4,6,17,8,9,12,5,7,14,9,5,,,,,,,,,
"Dec 5, 2024 9:00 PM",34,19,15,16,8,8,14,8,6,17,12,5,5,3,2,,,,,,,,,
"Dec 5, 2024 10:00 PM",16,8,8,4,1,3,8,3,5,2,2,0,2,0,2,,,,,,,,,
"Dec 5, 2024 11:00 PM",3,0,3,1,0,1,1,1,0,3,3,0,0,0,0,,,,,,,,,
"Dec 6, 2024 12:00 AM",0,0,0,0,0,0,10,2,8,2,0,2,2,1,1,,,,,,,,,
"Dec 6, 2024 1:00 AM",0,0,0,0,0,0,0,0,0,1,0,1,1,0,1,,,,,,,,,
"Dec 6, 2024 2:00 AM",3,3,0,0,0,0,0,0,0,0,0,0,0,0,0,,,,,,,,,
"Dec 6, 2024 3:00 AM",1,1,0,0,0,0,0,0,0,1,0,1,0,0,0,,,,,,,,,
"Dec 6, 2024 4:00 AM",0,0,0,0,0,0,0,0,0,0,0,0,0,0,0,,,,,,,,,
"Dec 6, 2024 5:00 AM",7,1,6,1,1,0,2,0,2,3,2,1,0,0,0,,,,,,,,,
"Dec 6, 2024 6:00 AM",30,16,14,18,7,11,14,8,6,9,4,5,16,8,8,,,,,,,,,
"Dec 6, 2024 7:00 AM",59,34,25,23,13,10,16,10,6,13,7,6,26,13,13,,,,,,,,,
"Dec 6, 2024 8:00 AM",149,69,80,30,16,14,23,14,9,44,27,17,79,49,30,,,,,,,,,
"Dec 6, 2024 9:00 AM",147,70,77,45,24,21,31,19,12,30,14,16,71,30,41,,,,,,,,,
"Dec 6, 2024 10:00 AM",151,79,72,26,10,16,23,12,11,35,20,15,52,24,28,,,,,,,,,
"Dec 6, 2024 11:00 AM",84,46,38,20,11,9,16,10,6,22,11,11,35,20,15,,,,,,,,,
"Dec 6, 2024 12:00 PM",84,36,48,19,10,9,24,10,14,24,10,14,44,21,23,,,,,,,,,
"Dec 6, 2024 1:00 PM",81,42,39,18,8,10,19,13,6,17,12,5,30,13,17,,,,,,,,,
"Dec 6, 2024 2:00 PM",44,27,17,14,4,10,9,4,5,27,16,11,25,9,16,,,,,,,,,
"Dec 6, 2024 3:00 PM",35,12,23,14,6,8,13,7,6,27,8,19,31,17,14,,,,,,,,,
"Dec 6, 2024 4:00 PM",57,24,33,35,21,14,13,5,8,11,3,8,32,11,21,,,,,,,,,
"Dec 6, 2024 5:00 PM",37,16,21,20,10,10,28,16,12,13,7,6,23,10,13,,,,,,,,,
"Dec 6, 2024 6:00 PM",39,19,20,21,11,10,21,9,12,9,7,2,21,14,7,,,,,,,,,
"Dec 6, 2024 7:00 PM",44,25,19,12,8,4,12,9,3,11,3,8,15,8,7,,,,,,,,,
"Dec 6, 2024 8:00 PM",51,32,19,15,5,10,8,3,5,6,3,3,4,2,2,,,,,,,,,
"Dec 6, 2024 9:00 PM",18,10,8,14,4,10,11,3,8,3,1,2,5,3,2,,,,,,,,,
"Dec 6, 2024 10:00 PM",11,5,6,5,3,2,8,4,4,0,0,0,6,4,2,,,,,,,,,
"Dec 6, 2024 11:00 PM",9,5,4,7,1,6,4,3,1,11,8,3,4,2,2,,,,,,,,,
"Dec 7, 2024 12:00 AM",0,0,0,0,0,0,4,1,3,5,0,5,0,0,0,,,,,,,,,
"Dec 7, 2024 1:00 AM",0,0,0,1,0,1,1,0,1,18,18,0,1,1,0,,,,,,,,,
"Dec 7, 2024 2:00 AM",0,0,0,1,1,0,2,1,1,4,4,0,0,0,0,,,,,,,,,
"Dec 7, 2024 3:00 AM",0,0,0,0,0,0,0,0,0,0,0,0,0,0,0,,,,,,,,,
"Dec 7, 2024 4:00 AM",2,2,0,0,0,0,0,0,0,0,0,0,0,0,0,,,,,,,,,
"Dec 7, 2024 5:00 AM",1,1,0,0,0,0,0,0,0,0,0,0,0,0,0,,,,,,,,,
"Dec 7, 2024 6:00 AM",5,2,3,4,3,1,1,1,0,1,1,0,0,0,0,,,,,,,,,
"Dec 7, 2024 7:00 AM",13,8,5,3,2,1,0,0,0,1,0,1,8,5,3,,,,,,,,,
"Dec 7, 2024 8:00 AM",30,17,13,8,2,6,7,3,4,10,5,5,12,8,4,,,,,,,,,
"Dec 7, 2024 9:00 AM",44,27,17,20,12,8,13,9,4,10,5,5,20,13,7,,,,,,,,,
"Dec 7, 2024 10:00 AM",106,64,42,26,15,11,20,10,10,18,8,10,31,20,11,,,,,,,,,
"Dec 7, 2024 11:00 AM",152,94,58,41,24,17,32,19,13,29,17,12,70,49,21,,,,,,,,,
"Dec 7, 2024 12:00 PM",165,93,72,50,21,29,27,16,11,30,16,14,54,35,19,,,,,,,,,
"Dec 7, 2024 1:00 PM",198,109,89,56,33,23,22,9,13,32,22,10,67,42,25,,,,,,,,,
"Dec 7, 2024 2:00 PM",157,90,67,39,24,15,28,19,9,37,15,22,58,35,23,,,,,,,,,
"Dec 7, 2024 3:00 PM",249,141,108,44,29,15,30,20,10,35,16,19,49,32,17,,,,,,,,,
"Dec 7, 2024 4:00 PM",215,101,114,27,11,16,28,15,13,29,15,14,36,20,16,,,,,,,,,
"Dec 7, 2024 5:00 PM",71,40,31,31,17,14,17,11,6,10,3,7,27,12,15,,,,,,,,,
"Dec 7, 2024 6:00 PM",57,34,23,14,7,7,16,6,10,8,7,1,22,9,13,,,,,,,,,
"Dec 7, 2024 7:00 PM",63,44,19,13,9,4,7,4,3,8,3,5,9,8,1,,,,,,,,,
"Dec 7, 2024 8:00 PM",53,27,26,3,1,2,6,2,4,4,2,2,9,5,4,,,,,,,,,
"Dec 7, 2024 9:00 PM",11,5,6,3,0,3,8,2,6,5,2,3,0,0,0,,,,,,,,,
"Dec 7, 2024 10:00 PM",10,4,6,2,0,2,5,3,2,3,2,1,5,2,3,,,,,,,,,
"Dec 7, 2024 11:00 PM",11,9,2,1,0,1,7,3,4,1,1,0,0,0,0,,,,,,,,,
"Dec 8, 2024 12:00 AM",0,0,0,0,0,0,0,0,0,1,1,0,2,1,1,,,,,,,,,
"Dec 8, 2024 1:00 AM",1,1,0,1,0,1,2,2,0,0,0,0,1,1,0,,,,,,,,,
"Dec 8, 2024 2:00 AM",1,0,1,0,0,0,0,0,0,0,0,0,0,0,0,,,,,,,,,
"Dec 8, 2024 3:00 AM",1,1,0,0,0,0,0,0,0,0,0,0,0,0,0,,,,,,,,,
"Dec 8, 2024 4:00 AM",0,0,0,0,0,0,0,0,0,3,1,2,0,0,0,,,,,,,,,
"Dec 8, 2024 5:00 AM",3,1,2,1,1,0,2,1,1,0,0,0,0,0,0,,,,,,,,,
"Dec 8, 2024 6:00 AM",10,4,6,3,2,1,0,0,0,2,0,2,2,1,1,,,,,,,,,
"Dec 8, 2024 7:00 AM",37,19,18,5,3,2,6,2,4,3,1,2,9,8,1,,,,,,,,,
"Dec 8, 2024 8:00 AM",99,45,54,25,13,12,9,5,4,14,3,11,33,21,12,,,,,,,,,
"Dec 8, 2024 9:00 AM",162,86,76,51,27,24,24,15,9,27,16,11,89,49,40,,,,,,,,,
"Dec 8, 2024 10:00 AM",361,205,156,57,33,24,63,40,23,32,16,16,117,74,43,,,,,,,,,
"Dec 8, 2024 11:00 AM",454,237,217,99,64,35,76,54,22,50,24,26,143,86,57,,,,,,,,,
"Dec 8, 2024 12:00 PM",489,242,247,69,43,26,85,53,32,77,41,36,131,75,56,,,,,,,,,
"Dec 8, 2024 1:00 PM",474,222,252,65,35,30,67,36,31,60,20,40,89,57,32,,,,,,,,,
"Dec 8, 2024 2:00 PM",426,233,193,54,29,25,52,25,27,50,22,28,132,71,61,,,,,,,,,
"Dec 8, 2024 3:00 PM",395,207,188,53,27,26,58,32,26,33,13,20,70,41,29,,,,,,,,,
"Dec 8, 2024 4:00 PM",254,122,132,48,27,21,48,16,32,25,9,16,54,19,35,,,,,,,,,
"Dec 8, 2024 5:00 PM",119,66,53,38,22,16,36,18,18,14,5,9,28,12,16,,,,,,,,,
"Dec 8, 2024 6:00 PM",82,54,28,20,10,10,22,12,10,7,4,3,20,11,9,,,,,,,,,
"Dec 8, 2024 7:00 PM",62,35,27,13,4,9,16,5,11,6,3,3,14,5,9,,,,,,,,,
"Dec 8, 2024 8:00 PM",42,19,23,13,7,6,27,15,12,10,5,5,6,3,3,,,,,,,,,
"Dec 8, 2024 9:00 PM",33,19,14,10,2,8,5,1,4,7,3,4,4,2,2,,,,,,,,,
"Dec 8, 2024 10:00 PM",9,5,4,2,1,1,0,0,0,4,1,3,3,1,2,,,,,,,,,
"Dec 8, 2024 11:00 PM",5,3,2,4,4,0,2,0,2,0,0,0,3,3,0,,,,,,,,,
"Dec 9, 2024 12:00 AM",1,1,0,0,0,0,0,0,0,0,0,0,2,0,2,,,,,,,,,
"Dec 9, 2024 1:00 AM",0,0,0,0,0,0,1,1,0,0,0,0,0,0,0,,,,,,,,,
"Dec 9, 2024 2:00 AM",0,0,0,0,0,0,0,0,0,0,0,0,0,0,0,,,,,,,,,
"Dec 9, 2024 3:00 AM",0,0,0,0,0,0,0,0,0,0,0,0,0,0,0,,,,,,,,,
"Dec 9, 2024 4:00 AM",0,0,0,0,0,0,0,0,0,1,1,0,0,0,0,,,,,,,,,
"Dec 9, 2024 5:00 AM",10,3,7,3,2,1,5,4,1,4,2,2,0,0,0,,,,,,,,,
"Dec 9, 2024 6:00 AM",24,12,12,19,13,6,14,7,7,3,2,1,23,14,9,,,,,,,,,
"Dec 9, 2024 7:00 AM",58,32,26,33,13,20,14,9,5,12,4,8,44,25,19,,,,,,,,,
"Dec 9, 2024 8:00 AM",106,56,50,20,9,11,18,8,10,35,15,20,76,38,38,,,,,,,,,
"Dec 9, 2024 9:00 AM",110,50,60,27,11,16,22,14,8,36,15,21,60,36,24,,,,,,,,,
"Dec 9, 2024 10:00 AM",121,65,56,35,19,16,21,11,10,19,11,8,34,15,19,,,,,,,,,
"Dec 9, 2024 11:00 AM",128,67,61,50,16,34,24,16,8,27,16,11,33,22,11,,,,,,,,,
"Dec 9, 2024 12:00 PM",155,70,85,26,17,9,34,15,19,41,17,24,53,30,23,,,,,,,,,
"Dec 9, 2024 1:00 PM",147,75,72,38,14,24,33,17,16,55,24,31,26,14,12,,,,,,,,,
"Dec 9, 2024 2:00 PM",95,48,47,18,9,9,17,8,9,30,18,12,44,26,18,,,,,,,,,
"Dec 9, 2024 3:00 PM",132,61,71,43,24,19,13,9,4,39,20,19,72,31,41,,,,,,,,,
"Dec 9, 2024 4:00 PM",100,55,45,31,15,16,24,15,9,32,16,16,60,26,34,,,,,,,,,
"Dec 9, 2024 5:00 PM",80,43,37,46,32,14,34,18,16,22,6,16,49,18,31,,,,,,,,,
"Dec 9, 2024 6:00 PM",83,43,40,65,34,31,42,23,19,18,10,8,69,32,37,,,,,,,,,
"Dec 9, 2024 7:00 PM",94,52,42,52,27,25,41,22,19,25,10,15,50,30,20,,,,,,,,,
"Dec 9, 2024 8:00 PM",63,42,21,27,10,17,29,18,11,15,10,5,29,13,16,,,,,,,,,
"Dec 9, 2024 9:00 PM",57,35,22,9,3,6,7,2,5,9,3,6,6,3,3,,,,,,,,,
"Dec 9, 2024 10:00 PM",14,9,5,7,5,2,3,2,1,6,3,3,2,2,0,,,,,,,,,
"Dec 9, 2024 11:00 PM",10,1,9,6,3,3,3,1,2,4,2,2,8,4,4,,,,,,,,,
"Dec 10, 2024 12:00 AM",0,0,0,0,0,0,3,1,2,0,0,0,1,1,0,,,,,,,,,
"Dec 10, 2024 1:00 AM",0,0,0,1,1,0,0,0,0,0,0,0,0,0,0,,,,,,,,,
"Dec 10, 2024 2:00 AM",1,1,0,0,0,0,0,0,0,1,0,1,0,0,0,,,,,,,,,
"Dec 10, 2024 3:00 AM",0,0,0,0,0,0,0,0,0,0,0,0,0,0,0,,,,,,,,,
"Dec 10, 2024 4:00 AM",0,0,0,0,0,0,1,1,0,0,0,0,0,0,0,,,,,,,,,
"Dec 10, 2024 5:00 AM",7,3,4,3,1,2,2,0,2,2,2,0,2,1,1,,,,,,,,,
"Dec 10, 2024 6:00 AM",28,16,12,11,7,4,8,7,1,5,4,1,11,6,5,,,,,,,,,
"Dec 10, 2024 7:00 AM",66,37,29,27,9,18,17,7,10,19,9,10,46,26,20,,,,,,,,,
"Dec 10, 2024 8:00 AM",100,48,52,28,14,14,20,12,8,46,23,23,87,40,47,,,,,,,,,
"Dec 10, 2024 9:00 AM",109,51,58,32,12,20,24,16,8,43,24,19,60,29,31,,,,,,,,,
"Dec 10, 2024 10:00 AM",98,55,43,25,9,16,25,16,9,25,14,11,45,26,19,,,,,,,,,
"Dec 10, 2024 11:00 AM",163,93,70,28,21,7,23,13,10,16,8,8,46,29,17,,,,,,,,,
"Dec 10, 2024 12:00 PM",151,76,75,32,18,14,27,9,18,35,12,23,66,42,24,,,,,,,,,
"Dec 10, 2024 1:00 PM",177,94,83,43,22,21,30,17,13,37,20,17,77,40,37,,,,,,,,,
"Dec 10, 2024 2:00 PM",106,56,50,31,13,18,20,11,9,22,12,10,90,45,45,,,,,,,,,
"Dec 10, 2024 3:00 PM",116,49,67,33,16,17,24,11,13,25,10,15,60,32,28,,,,,,,,,
"Dec 10, 2024 4:00 PM",117,53,64,21,13,8,29,15,14,29,20,9,48,23,25,,,,,,,,,
"Dec 10, 2024 5:00 PM",82,44,38,26,15,11,33,18,15,17,8,9,68,38,30,,,,,,,,,
"Dec 10, 2024 6:00 PM",95,50,45,50,27,23,39,24,15,21,11,10,71,38,33,,,,,,,,,
"Dec 10, 2024 7:00 PM",102,49,53,46,21,25,32,10,22,16,5,11,35,18,17,,,,,,,,,
"Dec 10, 2024 8:00 PM",112,62,50,31,13,18,27,14,13,16,12,4,27,15,12,,,,,,,,,
"Dec 10, 2024 9:00 PM",51,34,17,21,13,8,15,3,12,8,3,5,11,5,6,,,,,,,,,
"Dec 10, 2024 10:00 PM",31,19,12,5,3,2,5,2,3,2,1,1,6,2,4,,,,,,,,,
"Dec 10, 2024 11:00 PM",3,2,1,2,1,1,1,0,1,1,1,0,8,5,3,,,,,,,,,
"Dec 11, 2024 12:00 AM",0,0,0,1,1,0,2,0,2,1,0,1,2,1,1,,,,,,,,,
"Dec 11, 2024 1:00 AM",0,0,0,0,0,0,2,1,1,0,0,0,0,0,0,,,,,,,,,
"Dec 11, 2024 2:00 AM",0,0,0,0,0,0,0,0,0,0,0,0,0,0,0,,,,,,,,,
"Dec 11, 2024 3:00 AM",0,0,0,0,0,0,0,0,0,0,0,0,1,0,1,,,,,,,,,
"Dec 11, 2024 4:00 AM",2,1,1,0,0,0,0,0,0,0,0,0,0,0,0,,,,,,,,,
"Dec 11, 2024 5:00 AM",7,2,5,0,0,0,1,0,1,4,2,2,1,1,0,,,,,,,,,
"Dec 11, 2024 6:00 AM",35,20,15,15,9,6,7,5,2,14,9,5,13,8,5,,,,,,,,,
"Dec 11, 2024 7:00 AM",65,33,32,27,13,14,21,10,11,21,9,12,52,24,28,,,,,,,,,
"Dec 11, 2024 8:00 AM",109,59,50,40,20,20,29,20,9,45,31,14,84,43,41,,,,,,,,,
"Dec 11, 2024 9:00 AM",106,57,49,36,16,20,31,19,12,28,14,14,52,24,28,,,,,,,,,
"Dec 11, 2024 10:00 AM",106,47,59,31,12,19,18,10,8,27,17,10,52,32,20,,,,,,,,,
"Dec 11, 2024 11:00 AM",132,77,55,32,24,8,25,9,16,22,9,13,50,26,24,,,,,,,,,
"Dec 11, 2024 12:00 PM",161,90,71,41,22,19,27,15,12,24,13,11,73,32,41,,,,,,,,,
"Dec 11, 2024 1:00 PM",170,83,87,49,31,18,34,19,15,25,18,7,82,46,36,,,,,,,,,
"Dec 11, 2024 2:00 PM",138,76,62,36,22,14,25,10,15,23,14,9,70,42,28,,,,,,,,,
"Dec 11, 2024 3:00 PM",136,58,78,28,12,16,17,7,10,24,13,11,52,24,28,,,,,,,,,
"Dec 11, 2024 4:00 PM",105,56,49,28,11,17,29,17,12,22,8,14,53,24,29,,,,,,,,,
"Dec 11, 2024 5:00 PM",95,47,48,50,29,21,26,14,12,30,9,21,54,23,31,,,,,,,,,
"Dec 11, 2024 6:00 PM",86,53,33,43,27,16,28,15,13,20,9,11,72,38,34,,,,,,,,,
"Dec 11, 2024 7:00 PM",95,47,48,35,7,28,34,17,17,15,6,9,39,20,19,,,,,,,,,
"Dec 11, 2024 8:00 PM",71,44,27,28,12,16,23,10,13,15,9,6,36,16,20,,,,,,,,,
"Dec 11, 2024 9:00 PM",37,19,18,19,10,9,13,3,10,7,2,5,11,6,5,,,,,,,,,
"Dec 11, 2024 10:00 PM",19,12,7,4,3,1,4,2,2,4,3,1,7,3,4,,,,,,,,,
"Dec 11, 2024 11:00 PM",12,10,2,7,2,5,5,1,4,1,1,0,1,0,1,,,,,,,,,
"Dec 12, 2024 12:00 AM",0,0,0,0,0,0,0,0,0,0,0,0,1,1,0,,,,,,,,,
"Dec 12, 2024 1:00 AM",1,0,1,1,1,0,0,0,0,0,0,0,0,0,0,,,,,,,,,
"Dec 12, 2024 2:00 AM",1,0,1,0,0,0,1,1,0,0,0,0,1,1,0,,,,,,,,,
"Dec 12, 2024 3:00 AM",0,0,0,0,0,0,0,0,0,0,0,0,0,0,0,,,,,,,,,
"Dec 12, 2024 4:00 AM",0,0,0,0,0,0,0,0,0,0,0,0,0,0,0,,,,,,,,,
"Dec 12, 2024 5:00 AM",6,1,5,2,0,2,2,1,1,1,1,0,0,0,0,,,,,,,,,
"Dec 12, 2024 6:00 AM",35,16,19,7,3,4,19,10,9,5,5,0,12,7,5,,,,,,,,,
"Dec 12, 2024 7:00 AM",51,27,24,17,8,9,17,11,6,16,5,11,43,24,19,,,,,,,,,
"Dec 12, 2024 8:00 AM",98,45,53,33,13,20,30,14,16,42,20,22,82,44,38,,,,,,,,,
"Dec 12, 2024 9:00 AM",109,61,48,37,11,26,25,12,13,34,16,18,61,24,37,,,,,,,,,
"Dec 12, 2024 10:00 AM",173,113,60,27,12,15,30,24,6,21,12,9,42,26,16,,,,,,,,,
"Dec 12, 2024 11:00 AM",179,80,99,19,8,11,26,11,15,9,4,5,40,21,19,,,,,,,,,
"Dec 12, 2024 12:00 PM",154,90,64,29,20,9,21,13,8,30,14,16,64,33,31,,,,,,,,,
"Dec 12, 2024 1:00 PM",155,79,76,40,24,16,30,19,11,28,11,17,80,35,45,,,,,,,,,
"Dec 12, 2024 2:00 PM",120,54,66,27,14,13,29,18,11,35,18,17,72,52,20,,,,,,,,,
"Dec 12, 2024 3:00 PM",142,70,72,30,22,8,22,13,9,27,17,10,104,42,62,,,,,,,,,
"Dec 12, 2024 4:00 PM",166,73,93,22,8,14,23,10,13,28,12,16,51,26,25,,,,,,,,,
"Dec 12, 2024 5:00 PM",87,45,42,43,27,16,38,23,15,19,5,14,57,31,26,,,,,,,,,
"Dec 12, 2024 6:00 PM",75,46,29,47,23,24,35,16,19,23,14,9,31,19,12,,,,,,,,,
"Dec 12, 2024 7:00 PM",83,48,35,35,24,11,39,24,15,6,2,4,42,26,16,,,,,,,,,
"Dec 12, 2024 8:00 PM",74,34,40,16,9,7,20,11,9,10,4,6,24,9,15,,,,,,,,,
"Dec 12, 2024 9:00 PM",44,20,24,15,3,12,17,4,13,8,4,4,12,6,6,,,,,,,,,
"Dec 12, 2024 10:00 PM",18,9,9,4,3,1,5,2,3,6,4,2,14,5,9,,,,,,,,,
"Dec 12, 2024 11:00 PM",8,5,3,3,2,1,3,0,3,0,0,0,9,6,3,,,,,,,,,
"Dec 13, 2024 12:00 AM",0,0,0,0,0,0,0,0,0,1,1,0,1,1,0,,,,,,,,,
"Dec 13, 2024 1:00 AM",3,2,1,0,0,0,1,1,0,0,0,0,3,2,1,,,,,,,,,
"Dec 13, 2024 2:00 AM",0,0,0,2,2,0,0,0,0,0,0,0,0,0,0,,,,,,,,,
"Dec 13, 2024 3:00 AM",1,1,0,0,0,0,0,0,0,0,0,0,0,0,0,,,,,,,,,
"Dec 13, 2024 4:00 AM",0,0,0,0,0,0,0,0,0,0,0,0,0,0,0,,,,,,,,,
"Dec 13, 2024 5:00 AM",7,2,5,2,2,0,3,2,1,3,2,1,2,1,1,,,,,,,,,
"Dec 13, 2024 6:00 AM",42,19,23,18,11,7,18,11,7,2,2,0,14,9,5,,,,,,,,,
"Dec 13, 2024 7:00 AM",67,36,31,20,10,10,13,5,8,13,6,7,39,21,18,,,,,,,,,
"Dec 13, 2024 8:00 AM",108,61,47,43,17,26,21,11,10,49,28,21,73,46,27,,,,,,,,,
"Dec 13, 2024 9:00 AM",126,63,63,33,12,21,13,9,4,35,17,18,64,33,31,,,,,,,,,
"Dec 13, 2024 10:00 AM",126,70,56,30,20,10,27,15,12,23,15,8,52,28,24,,,,,,,,,
"Dec 13, 2024 11:00 AM",205,99,106,36,13,23,26,14,12,26,15,11,60,31,29,,,,,,,,,
"Dec 13, 2024 12:00 PM",166,96,70,39,19,20,35,20,15,33,18,15,71,35,36,,,,,,,,,
"Dec 13, 2024 1:00 PM",175,79,96,35,17,18,34,21,13,27,16,11,80,50,30,,,,,,,,,
"Dec 13, 2024 2:00 PM",169,83,86,37,26,11,40,28,12,26,9,17,69,35,34,,,,,,,,,
"Dec 13, 2024 3:00 PM",126,62,64,24,8,16,31,17,14,26,13,13,69,31,38,,,,,,,,,
"Dec 13, 2024 4:00 PM",121,58,63,35,21,14,26,15,11,28,16,12,59,27,32,,,,,,,,,
"Dec 13, 2024 5:00 PM",82,45,37,39,14,25,30,13,17,29,14,15,39,21,18,,,,,,,,,
"Dec 13, 2024 6:00 PM",65,44,21,24,13,11,26,16,10,24,14,10,36,19,17,,,,,,,,,
"Dec 13, 2024 7:00 PM",53,30,23,26,14,12,25,12,13,24,7,17,31,23,8,,,,,,,,,
"Dec 13, 2024 8:00 PM",37,22,15,8,1,7,14,10,4,11,3,8,19,7,12,,,,,,,,,
"Dec 13, 2024 9:00 PM",37,21,16,4,2,2,5,4,1,3,3,0,15,10,5,,,,,,,,,
"Dec 13, 2024 10:00 PM",28,17,11,8,5,3,4,1,3,6,2,4,2,0,2,,,,,,,,,
"Dec 13, 2024 11:00 PM",10,7,3,4,4,0,9,4,5,4,2,2,7,3,4,,,,,,,,,
"Dec 14, 2024 12:00 AM",1,1,0,5,1,4,4,1,3,1,1,0,3,0,3,,,,,,,,,
"Dec 14, 2024 1:00 AM",3,2,1,2,1,1,0,0,0,0,0,0,11,10,1,,,,,,,,,
"Dec 14, 2024 2:00 AM",9,9,0,2,1,1,8,1,7,0,0,0,1,1,0,,,,,,,,,
"Dec 14, 2024 3:00 AM",0,0,0,0,0,0,2,2,0,0,0,0,1,1,0,,,,,,,,,
"Dec 14, 2024 4:00 AM",0,0,0,1,0,1,0,0,0,0,0,0,0,0,0,,,,,,,,,
"Dec 14, 2024 5:00 AM",5,2,3,1,0,1,4,1,3,2,1,1,0,0,0,,,,,,,,,
"Dec 14, 2024 6:00 AM",16,6,10,2,2,0,4,3,1,0,0,0,1,1,0,,,,,,,,,
"Dec 14, 2024 7:00 AM",56,34,22,24,19,5,9,6,3,3,2,1,21,16,5,,,,,,,,,
"Dec 14, 2024 8:00 AM",86,46,40,22,10,12,18,8,10,18,4,14,48,25,23,,,,,,,,,
"Dec 14, 2024 9:00 AM",146,65,81,78,46,32,37,24,13,19,13,6,67,45,22,,,,,,,,,
"Dec 14, 2024 10:00 AM",176,86,90,72,30,42,38,28,10,30,21,9,102,63,39,,,,,,,,,
"Dec 14, 2024 11:00 AM",275,143,132,85,40,45,76,40,36,42,20,22,117,74,43,,,,,,,,,
"Dec 14, 2024 12:00 PM",273,154,119,84,42,42,48,19,29,39,19,20,112,62,50,,,,,,,,,
"Dec 14, 2024 1:00 PM",211,97,114,56,28,28,44,28,16,36,16,20,88,38,50,,,,,,,,,
"Dec 14, 2024 2:00 PM",224,121,103,48,20,28,48,26,22,30,17,13,70,41,29,,,,,,,,,
"Dec 14, 2024 3:00 PM",224,107,117,34,19,15,46,23,23,24,13,11,69,37,32,,,,,,,,,
"Dec 14, 2024 4:00 PM",136,72,64,43,16,27,34,21,13,19,9,10,50,25,25,,,,,,,,,
"Dec 14, 2024 5:00 PM",86,48,38,21,16,5,29,6,23,11,6,5,33,19,14,,,,,,,,,
"Dec 14, 2024 6:00 PM",56,33,23,24,10,14,9,4,5,8,5,3,15,7,8,,,,,,,,,
"Dec 14, 2024 7:00 PM",58,34,24,13,5,8,22,11,11,11,6,5,8,5,3,,,,,,,,,
"Dec 14, 2024 8:00 PM",46,27,19,9,5,4,9,4,5,8,4,4,8,4,4,,,,,,,,,
"Dec 14, 2024 9:00 PM",29,18,11,13,9,4,12,5,7,3,1,2,5,3,2,,,,,,,,,
"Dec 14, 2024 10:00 PM",9,5,4,5,3,2,11,4,7,6,4,2,6,3,3,,,,,,,,,
"Dec 14, 2024 11:00 PM",14,7,7,3,1,2,6,3,3,0,0,0,10,5,5,,,,,,,,,
"Dec 15, 2024 12:00 AM",2,1,1,4,2,2,6,2,4,4,4,0,4,2,2,,,,,,,,,
"Dec 15, 2024 1:00 AM",8,2,6,2,2,0,5,1,4,2,2,0,0,0,0,,,,,,,,,
"Dec 15, 2024 2:00 AM",0,0,0,2,1,1,0,0,0,0,0,0,0,0,0,,,,,,,,,
"Dec 15, 2024 3:00 AM",0,0,0,0,0,0,0,0,0,0,0,0,0,0,0,,,,,,,,,
"Dec 15, 2024 4:00 AM",0,0,0,0,0,0,0,0,0,3,2,1,0,0,0,,,,,,,,,
"Dec 15, 2024 5:00 AM",3,1,2,1,1,0,0,0,0,0,0,0,0,0,0,,,,,,,,,
"Dec 15, 2024 6:00 AM",6,0,6,2,1,1,1,1,0,1,0,1,0,0,0,,,,,,,,,
"Dec 15, 2024 7:00 AM",34,18,16,8,5,3,10,5,5,3,2,1,7,5,2,,,,,,,,,
"Dec 15, 2024 8:00 AM",85,39,46,26,16,10,25,15,10,11,2,9,28,16,12,,,,,,,,,
"Dec 15, 2024 9:00 AM",181,91,90,60,37,23,26,18,8,22,14,8,79,46,33,,,,,,,,,
"Dec 15, 2024 10:00 AM",265,151,114,69,41,28,46,22,24,37,22,15,84,55,29,,,,,,,,,
"Dec 15, 2024 11:00 AM",391,198,193,87,47,40,59,30,29,47,24,23,90,56,34,,,,,,,,,
"Dec 15, 2024 12:00 PM",467,252,215,95,42,53,86,56,30,38,18,20,82,51,31,,,,,,,,,
"Dec 15, 2024 1:00 PM",423,210,213,70,35,35,100,50,50,49,28,21,103,58,45,,,,,,,,,
"Dec 15, 2024 2:00 PM",415,215,200,55,21,34,79,43,36,38,15,23,90,53,37,,,,,,,,,
"Dec 15, 2024 3:00 PM",519,279,240,69,28,41,73,34,39,39,17,22,97,52,45,,,,,,,,,
"Dec 15, 2024 4:00 PM",386,161,225,63,42,21,74,55,19,34,16,18,70,37,33,,,,,,,,,
"Dec 15, 2024 5:00 PM",198,102,96,43,19,24,47,21,26,11,4,7,30,17,13,,,,,,,,,
"Dec 15, 2024 6:00 PM",95,49,46,24,13,11,20,7,13,15,7,8,25,10,15,,,,,,,,,
"Dec 15, 2024 7:00 PM",83,44,39,29,21,8,16,9,7,9,3,6,4,4,0,,,,,,,,,
"Dec 15, 2024 8:00 PM",62,27,35,7,6,1,19,7,12,5,3,2,10,5,5,,,,,,,,,
"Dec 15, 2024 9:00 PM",45,26,19,15,7,8,22,9,13,10,4,6,5,4,1,,,,,,,,,
"Dec 15, 2024 10:00 PM",17,8,9,5,2,3,11,6,5,1,0,1,5,2,3,,,,,,,,,
"Dec 15, 2024 11:00 PM",7,5,2,2,1,1,2,0,2,3,2,1,5,2,3,,,,,,,,,
"Dec 16, 2024 12:00 AM",0,0,0,0,0,0,1,0,1,0,0,0,0,0,0,,,,,,,,,
"Dec 16, 2024 1:00 AM",0,0,0,2,0,2,0,0,0,0,0,0,3,3,0,,,,,,,,,
"Dec 16, 2024 2:00 AM",0,0,0,0,0,0,0,0,0,0,0,0,0,0,0,,,,,,,,,
"Dec 16, 2024 3:00 AM",0,0,0,0,0,0,0,0,0,0,0,0,0,0,0,,,,,,,,,
"Dec 16, 2024 4:00 AM",0,0,0,0,0,0,0,0,0,0,0,0,0,0,0,,,,,,,,,
"Dec 16, 2024 5:00 AM",11,6,5,1,1,0,2,0,2,2,2,0,0,0,0,,,,,,,,,
"Dec 16, 2024 6:00 AM",30,13,17,16,10,6,20,10,10,7,5,2,11,6,5,,,,,,,,,
"Dec 16, 2024 7:00 AM",64,32,32,16,8,8,17,9,8,14,3,11,33,19,14,,,,,,,,,
"Dec 16, 2024 8:00 AM",110,59,51,26,12,14,23,10,13,35,17,18,58,33,25,,,,,,,,,
"Dec 16, 2024 9:00 AM",118,61,57,27,13,14,21,14,7,34,17,17,59,30,29,,,,,,,,,
"Dec 16, 2024 10:00 AM",143,70,73,35,22,13,25,12,13,30,13,17,56,30,26,,,,,,,,,
"Dec 16, 2024 11:00 AM",189,112,77,32,17,15,20,11,9,29,14,15,48,30,18,,,,,,,,,
"Dec 16, 2024 12:00 PM",174,92,82,36,25,11,30,18,12,39,17,22,58,32,26,,,,,,,,,
"Dec 16, 2024 1:00 PM",141,75,66,46,23,23,37,19,18,46,21,25,62,39,23,,,,,,,,,
"Dec 16, 2024 2:00 PM",130,57,73,29,13,16,33,18,15,25,8,17,75,40,35,,,,,,,,,
"Dec 16, 2024 3:00 PM",103,49,54,18,9,9,27,15,12,19,9,10,76,42,34,,,,,,,,,
"Dec 16, 2024 4:00 PM",98,45,53,35,22,13,26,13,13,30,14,16,51,26,25,,,,,,,,,
"Dec 16, 2024 5:00 PM",111,58,53,37,20,17,29,17,12,30,15,15,62,22,40,,,,,,,,,
"Dec 16, 2024 6:00 PM",118,63,55,50,20,30,30,16,14,27,12,15,53,26,27,,,,,,,,,
"Dec 16, 2024 7:00 PM",102,51,51,28,10,18,39,24,15,31,13,18,44,21,23,,,,,,,,,
"Dec 16, 2024 8:00 PM",109,65,44,37,12,25,33,19,14,11,6,5,28,13,15,,,,,,,,,
"Dec 16, 2024 9:00 PM",55,26,29,16,9,7,18,6,12,13,4,9,24,13,11,,,,,,,,,
"Dec 16, 2024 10:00 PM",25,17,8,11,4,7,8,3,5,5,4,1,1,1,0,,,,,,,,,
"Dec 16, 2024 11:00 PM",7,6,1,5,3,2,3,2,1,2,1,1,3,1,2,,,,,,,,,
"Dec 17, 2024 12:00 AM",0,0,0,0,0,0,0,0,0,0,0,0,0,0,0,,,,,,,,,
"Dec 17, 2024 1:00 AM",0,0,0,0,0,0,0,0,0,0,0,0,1,1,0,,,,,,,,,
"Dec 17, 2024 2:00 AM",0,0,0,0,0,0,0,0,0,0,0,0,1,0,1,,,,,,,,,
"Dec 17, 2024 3:00 AM",3,1,2,0,0,0,0,0,0,0,0,0,0,0,0,,,,,,,,,
"Dec 17, 2024 4:00 AM",0,0,0,1,0,1,1,0,1,0,0,0,0,0,0,,,,,,,,,
"Dec 17, 2024 5:00 AM",4,2,2,2,0,2,2,1,1,3,1,2,1,1,0,,,,,,,,,
"Dec 17, 2024 6:00 AM",36,18,18,10,5,5,13,8,5,6,5,1,10,4,6,,,,,,,,,
"Dec 17, 2024 7:00 AM",66,34,32,31,12,19,18,7,11,24,13,11,32,18,14,,,,,,,,,
"Dec 17, 2024 8:00 AM",97,51,46,20,10,10,22,15,7,35,16,19,72,35,37,,,,,,,,,
"Dec 17, 2024 9:00 AM",106,59,47,25,10,15,22,10,12,30,15,15,42,20,22,,,,,,,,,
"Dec 17, 2024 10:00 AM",129,73,56,21,5,16,17,6,11,29,21,8,48,30,18,,,,,,,,,
"Dec 17, 2024 11:00 AM",120,73,47,46,18,28,21,15,6,23,15,8,34,22,12,,,,,,,,,
"Dec 17, 2024 12:00 PM",111,59,52,42,20,22,26,13,13,28,13,15,65,39,26,,,,,,,,,
"Dec 17, 2024 1:00 PM",134,55,79,25,11,14,47,25,22,23,11,12,102,50,52,,,,,,,,,
"Dec 17, 2024 2:00 PM",92,45,47,29,20,9,25,8,17,28,15,13,57,22,35,,,,,,,,,
"Dec 17, 2024 3:00 PM",54,31,23,16,5,11,17,7,10,14,5,9,38,19,19,,,,,,,,,
"Dec 17, 2024 4:00 PM",48,20,28,30,16,14,21,10,11,20,6,14,30,17,13,,,,,,,,,
"Dec 17, 2024 5:00 PM",37,22,15,20,13,7,22,15,7,17,8,9,44,18,26,,,,,,,,,
"Dec 17, 2024 6:00 PM",27,15,12,25,9,16,23,9,14,17,9,8,31,17,14,,,,,,,,,
"Dec 17, 2024 7:00 PM",57,33,24,29,18,11,23,17,6,3,3,0,35,20,15,,,,,,,,,
"Dec 17, 2024 8:00 PM",50,26,24,19,8,11,15,7,8,8,6,2,21,13,8,,,,,,,,,
"Dec 17, 2024 9:00 PM",49,19,30,13,6,7,11,4,7,13,7,6,11,5,6,,,,,,,,,
"Dec 17, 2024 10:00 PM",28,17,11,3,1,2,6,4,2,5,5,0,9,2,7,,,,,,,,,
"Dec 17, 2024 11:00 PM",6,4,2,3,0,3,2,0,2,7,2,5,2,2,0,,,,,,,,,
"Dec 18, 2024 12:00 AM",1,1,0,0,0,0,0,0,0,4,2,2,0,0,0,,,,,,,,,
"Dec 18, 2024 1:00 AM",0,0,0,0,0,0,0,0,0,1,0,1,1,1,0,,,,,,,,,
"Dec 18, 2024 2:00 AM",0,0,0,0,0,0,0,0,0,0,0,0,1,1,0,,,,,,,,,
"Dec 18, 2024 3:00 AM",2,2,0,4,2,2,0,0,0,0,0,0,0,0,0,,,,,,,,,
"Dec 18, 2024 4:00 AM",1,0,1,0,0,0,0,0,0,0,0,0,0,0,0,,,,,,,,,
"Dec 18, 2024 5:00 AM",7,4,3,4,2,2,3,2,1,2,1,1,4,3,1,,,,,,,,,
"Dec 18, 2024 6:00 AM",20,8,12,7,3,4,8,4,4,13,8,5,10,4,6,,,,,,,,,
"Dec 18, 2024 7:00 AM",47,27,20,22,11,11,12,7,5,16,8,8,47,29,18,,,,,,,,,
"Dec 18, 2024 8:00 AM",95,48,47,40,18,22,17,6,11,42,24,18,74,37,37,,,,,,,,,
"Dec 18, 2024 9:00 AM",136,69,67,28,7,21,17,9,8,18,9,9,52,32,20,,,,,,,,,
"Dec 18, 2024 10:00 AM",142,92,50,34,17,17,26,19,7,25,12,13,53,30,23,,,,,,,,,
"Dec 18, 2024 11:00 AM",131,63,68,27,13,14,28,9,19,27,12,15,55,30,25,,,,,,,,,
"Dec 18, 2024 12:00 PM",146,96,50,37,18,19,22,12,10,34,16,18,76,34,42,,,,,,,,,
"Dec 18, 2024 1:00 PM",151,76,75,27,10,17,28,15,13,35,17,18,93,52,41,,,,,,,,,
"Dec 18, 2024 2:00 PM",78,35,43,28,13,15,21,13,8,24,16,8,44,19,25,,,,,,,,,
"Dec 18, 2024 3:00 PM",77,36,41,15,8,7,24,10,14,21,11,10,32,19,13,,,,,,,,,
"Dec 18, 2024 4:00 PM",75,36,39,34,19,15,17,13,4,22,11,11,37,21,16,,,,,,,,,
"Dec 18, 2024 5:00 PM",61,28,33,34,25,9,19,13,6,16,5,11,48,19,29,,,,,,,,,
"Dec 18, 2024 6:00 PM",78,44,34,36,23,13,24,8,16,17,7,10,32,21,11,,,,,,,,,
"Dec 18, 2024 7:00 PM",68,26,42,18,9,9,29,14,15,10,5,5,46,21,25,,,,,,,,,
"Dec 18, 2024 8:00 PM",64,34,30,17,7,10,21,10,11,8,6,2,24,14,10,,,,,,,,,
"Dec 18, 2024 9:00 PM",35,15,20,10,5,5,12,8,4,10,6,4,9,6,3,,,,,,,,,
"Dec 18, 2024 10:00 PM",19,11,8,11,8,3,9,3,6,2,1,1,2,0,2,,,,,,,,,
"Dec 18, 2024 11:00 PM",3,3,0,0,0,0,7,2,5,2,1,1,7,7,0,,,,,,,,,
"Dec 19, 2024 12:00 AM",0,0,0,0,0,0,2,1,1,2,1,1,1,1,0,,,,,,,,,
"Dec 19, 2024 1:00 AM",0,0,0,0,0,0,0,0,0,0,0,0,0,0,0,,,,,,,,,
"Dec 19, 2024 2:00 AM",1,1,0,0,0,0,1,1,0,0,0,0,1,1,0,,,,,,,,,
"Dec 19, 2024 3:00 AM",0,0,0,0,0,0,0,0,0,0,0,0,1,1,0,,,,,,,,,
"Dec 19, 2024 4:00 AM",0,0,0,0,0,0,0,0,0,0,0,0,0,0,0,,,,,,,,,
"Dec 19, 2024 5:00 AM",14,6,8,4,3,1,5,2,3,1,1,0,3,2,1,,,,,,,,,
"Dec 19, 2024 6:00 AM",27,13,14,13,7,6,18,10,8,3,3,0,20,12,8,,,,,,,,,
"Dec 19, 2024 7:00 AM",66,36,30,13,9,4,27,20,7,15,7,8,17,9,8,,,,,,,,,
"Dec 19, 2024 8:00 AM",101,54,47,33,17,16,21,8,13,40,15,25,79,48,31,,,,,,,,,
"Dec 19, 2024 9:00 AM",118,60,58,29,7,22,16,7,9,26,10,16,52,28,24,,,,,,,,,
"Dec 19, 2024 10:00 AM",133,72,61,27,15,12,33,19,14,30,14,16,69,47,22,,,,,,,,,
"Dec 19, 2024 11:00 AM",225,103,122,51,35,16,27,20,7,27,11,16,65,25,40,,,,,,,,,
"Dec 19, 2024 12:00 PM",210,98,112,36,15,21,34,15,19,29,17,12,72,41,31,,,,,,,,,
"Dec 19, 2024 1:00 PM",193,112,81,43,20,23,30,17,13,33,20,13,55,33,22,,,,,,,,,
"Dec 19, 2024 2:00 PM",170,78,92,39,24,15,41,25,16,34,17,17,59,47,12,,,,,,,,,
"Dec 19, 2024 3:00 PM",137,61,76,35,16,19,38,19,19,38,18,20,101,47,54,,,,,,,,,
"Dec 19, 2024 4:00 PM",76,36,40,22,13,9,35,16,19,33,15,18,72,37,35,,,,,,,,,
"Dec 19, 2024 5:00 PM",54,27,27,29,15,14,41,19,22,20,11,9,63,23,40,,,,,,,,,
"Dec 19, 2024 6:00 PM",59,31,28,31,17,14,30,13,17,15,7,8,30,14,16,,,,,,,,,
"Dec 19, 2024 7:00 PM",52,28,24,24,12,12,20,6,14,12,7,5,29,10,19,,,,,,,,,
"Dec 19, 2024 8:00 PM",55,28,27,12,8,4,14,10,4,4,0,4,14,9,5,,,,,,,,,
"Dec 19, 2024 9:00 PM",29,18,11,13,3,10,17,8,9,4,2,2,8,3,5,,,,,,,,,
"Dec 19, 2024 10:00 PM",25,14,11,6,3,3,7,2,5,5,3,2,2,0,2,,,,,,,,,
"Dec 19, 2024 11:00 PM",7,5,2,1,1,0,6,4,2,6,4,2,6,4,2,,,,,,,,,
"Dec 20, 2024 12:00 AM",0,0,0,0,0,0,1,1,0,1,1,0,3,1,2,,,,,,,,,
"Dec 20, 2024 1:00 AM",2,1,1,1,0,1,0,0,0,1,1,0,0,0,0,,,,,,,,,
"Dec 20, 2024 2:00 AM",2,0,2,0,0,0,0,0,0,2,0,2,0,0,0,,,,,,,,,
"Dec 20, 2024 3:00 AM",0,0,0,0,0,0,0,0,0,0,0,0,0,0,0,,,,,,,,,
"Dec 20, 2024 4:00 AM",0,0,0,2,2,0,0,0,0,0,0,0,1,1,0,,,,,,,,,
"Dec 20, 2024 5:00 AM",6,3,3,1,1,0,2,1,1,1,1,0,0,0,0,,,,,,,,,
"Dec 20, 2024 6:00 AM",22,8,14,11,6,5,11,6,5,6,4,2,7,5,2,,,,,,,,,
"Dec 20, 2024 7:00 AM",85,45,40,20,12,8,22,13,9,11,7,4,41,24,17,,,,,,,,,
"Dec 20, 2024 8:00 AM",95,51,44,29,12,17,24,16,8,44,22,22,51,31,20,,,,,,,,,
"Dec 20, 2024 9:00 AM",102,50,52,19,7,12,10,5,5,21,9,12,38,16,22,,,,,,,,,
"Dec 20, 2024 10:00 AM",98,54,44,24,12,12,21,11,10,25,14,11,44,27,17,,,,,,,,,
"Dec 20, 2024 11:00 AM",102,50,52,37,23,14,24,12,12,25,14,11,44,22,22,,,,,,,,,
"Dec 20, 2024 12:00 PM",172,81,91,35,19,16,23,9,14,28,19,9,82,49,33,,,,,,,,,
"Dec 20, 2024 1:00 PM",178,93,85,28,16,12,38,21,17,35,16,19,78,41,37,,,,,,,,,
"Dec 20, 2024 2:00 PM",183,86,97,29,9,20,37,18,19,41,22,19,51,29,22,,,,,,,,,
"Dec 20, 2024 3:00 PM",212,99,113,53,34,19,44,27,17,35,19,16,64,32,32,,,,,,,,,
"Dec 20, 2024 4:00 PM",147,71,76,38,17,21,34,15,19,21,9,12,54,29,25,,,,,,,,,
"Dec 20, 2024 5:00 PM",124,65,59,31,18,13,27,14,13,25,10,15,41,21,20,,,,,,,,,
"Dec 20, 2024 6:00 PM",74,46,28,35,20,15,42,24,18,18,4,14,28,10,18,,,,,,,,,
"Dec 20, 2024 7:00 PM",65,49,16,21,10,11,17,6,11,8,2,6,24,14,10,,,,,,,,,
"Dec 20, 2024 8:00 PM",37,18,19,15,8,7,17,9,8,3,2,1,18,8,10,,,,,,,,,
"Dec 20, 2024 9:00 PM",27,7,20,9,6,3,10,2,8,5,3,2,9,5,4,,,,,,,,,
"Dec 20, 2024 10:00 PM",25,18,7,6,3,3,14,9,5,5,4,1,12,6,6,,,,,,,,,
"Dec 20, 2024 11:00 PM",9,6,3,6,5,1,6,5,1,5,3,2,6,5,1,,,,,,,,,
"Dec 21, 2024 12:00 AM",1,1,0,0,0,0,6,5,1,5,4,1,2,1,1,,,,,,,,,
"Dec 21, 2024 1:00 AM",1,0,1,0,0,0,0,0,0,1,0,1,0,0,0,,,,,,,,,
"Dec 21, 2024 2:00 AM",1,0,1,1,0,1,1,0,1,0,0,0,0,0,0,,,,,,,,,
"Dec 21, 2024 3:00 AM",0,0,0,1,0,1,0,0,0,1,1,0,1,0,1,,,,,,,,,
"Dec 21, 2024 4:00 AM",1,1,0,0,0,0,0,0,0,0,0,0,1,1,0,,,,,,,,,
"Dec 21, 2024 5:00 AM",2,1,1,0,0,0,0,0,0,0,0,0,1,1,0,,,,,,,,,
"Dec 21, 2024 6:00 AM",13,3,10,2,1,1,2,0,2,2,2,0,2,1,1,,,,,,,,,
"Dec 21, 2024 7:00 AM",27,14,13,11,6,5,7,5,2,5,4,1,13,6,7,,,,,,,,,
"Dec 21, 2024 8:00 AM",74,49,25,27,17,10,24,15,9,7,4,3,30,17,13,,,,,,,,,
"Dec 21, 2024 9:00 AM",98,55,43,40,17,23,41,23,18,41,20,21,46,32,14,,,,,,,,,
"Dec 21, 2024 10:00 AM",155,86,69,43,17,26,31,16,15,40,21,19,68,39,29,,,,,,,,,
"Dec 21, 2024 11:00 AM",204,103,101,67,33,34,33,21,12,45,28,17,86,53,33,,,,,,,,,
"Dec 21, 2024 12:00 PM",215,114,101,49,20,29,34,20,14,43,24,19,85,53,32,,,,,,,,,
"Dec 21, 2024 1:00 PM",218,103,115,34,20,14,25,15,10,42,19,23,52,27,25,,,,,,,,,
"Dec 21, 2024 2:00 PM",222,114,108,35,21,14,37,18,19,45,20,25,47,30,17,,,,,,,,,
"Dec 21, 2024 3:00 PM",198,103,95,55,27,28,31,20,11,32,15,17,53,32,21,,,,,,,,,
"Dec 21, 2024 4:00 PM",137,65,72,40,22,18,30,14,16,28,10,18,67,35,32,,,,,,,,,
"Dec 21, 2024 5:00 PM",80,51,29,31,24,7,26,14,12,20,6,14,15,7,8,,,,,,,,,
"Dec 21, 2024 6:00 PM",57,35,22,19,4,15,17,7,10,17,10,7,14,6,8,,,,,,,,,
"Dec 21, 2024 7:00 PM",35,24,11,9,6,3,17,6,11,10,7,3,9,7,2,,,,,,,,,
"Dec 21, 2024 8:00 PM",27,16,11,12,9,3,13,6,7,5,4,1,17,6,11,,,,,,,,,
"Dec 21, 2024 9:00 PM",24,12,12,7,5,2,2,2,0,5,3,2,7,4,3,,,,,,,,,
"Dec 21, 2024 10:00 PM",9,5,4,3,2,1,3,0,3,12,7,5,2,0,2,,,,,,,,,
"Dec 21, 2024 11:00 PM",11,7,4,0,0,0,1,0,1,2,1,1,4,2,2,,,,,,,,,
"Dec 22, 2024 12:00 AM",0,0,0,0,0,0,5,4,1,2,0,2,2,2,0,,,,,,,,,
"Dec 22, 2024 1:00 AM",1,1,0,3,2,1,2,0,2,0,0,0,1,0,1,,,,,,,,,
"Dec 22, 2024 2:00 AM",0,0,0,2,2,0,2,2,0,0,0,0,0,0,0,,,,,,,,,
"Dec 22, 2024 3:00 AM",0,0,0,0,0,0,1,1,0,1,0,1,2,2,0,,,,,,,,,
"Dec 22, 2024 4:00 AM",2,1,1,0,0,0,0,0,0,2,1,1,0,0,0,,,,,,,,,
"Dec 22, 2024 5:00 AM",4,1,3,0,0,0,1,0,1,2,2,0,0,0,0,,,,,,,,,
"Dec 22, 2024 6:00 AM",4,1,3,1,0,1,1,1,0,0,0,0,1,1,0,,,,,,,,,
"Dec 22, 2024 7:00 AM",20,9,11,4,2,2,2,2,0,4,2,2,13,9,4,,,,,,,,,
"Dec 22, 2024 8:00 AM",60,31,29,21,15,6,10,7,3,8,2,6,21,12,9,,,,,,,,,
"Dec 22, 2024 9:00 AM",80,48,32,18,5,13,11,5,6,25,17,8,54,25,29,,,,,,,,,
"Dec 22, 2024 10:00 AM",140,77,63,36,17,19,29,19,10,23,14,9,64,39,25,,,,,,,,,
"Dec 22, 2024 11:00 AM",311,144,167,57,25,32,41,24,17,40,23,17,94,63,31,,,,,,,,,
"Dec 22, 2024 12:00 PM",386,179,207,58,29,29,48,31,17,45,26,19,97,52,45,,,,,,,,,
"Dec 22, 2024 1:00 PM",365,175,190,50,28,22,51,32,19,49,25,24,83,49,34,,,,,,,,,
"Dec 22, 2024 2:00 PM",293,143,150,44,23,21,43,19,24,32,17,15,62,30,32,,,,,,,,,
"Dec 22, 2024 3:00 PM",247,117,130,57,30,27,31,18,13,28,14,14,67,35,32,,,,,,,,,
"Dec 22, 2024 4:00 PM",176,78,98,31,9,22,27,18,9,31,17,14,37,20,17,,,,,,,,,
"Dec 22, 2024 5:00 PM",91,48,43,37,13,24,50,36,14,9,5,4,21,8,13,,,,,,,,,
"Dec 22, 2024 6:00 PM",52,26,26,21,13,8,19,13,6,17,8,9,13,5,8,,,,,,,,,
"Dec 22, 2024 7:00 PM",43,26,17,14,6,8,16,12,4,6,5,1,10,7,3,,,,,,,,,
"Dec 22, 2024 8:00 PM",19,11,8,15,8,7,15,8,7,3,1,2,4,1,3,,,,,,,,,
"Dec 22, 2024 9:00 PM",28,11,17,5,3,2,9,5,4,1,1,0,5,3,2,,,,,,,,,
"Dec 22, 2024 10:00 PM",4,3,1,3,2,1,6,2,4,3,1,2,5,4,1,,,,,,,,,
"Dec 22, 2024 11:00 PM",2,1,1,0,0,0,2,0,2,2,1,1,0,0,0,,,,,,,,,
"Dec 23, 2024 12:00 AM",0,0,0,0,0,0,2,0,2,4,4,0,0,0,0,,,,,,,,,
"Dec 23, 2024 1:00 AM",3,2,1,0,0,0,1,1,0,0,0,0,0,0,0,,,,,,,,,
"Dec 23, 2024 2:00 AM",0,0,0,0,0,0,0,0,0,0,0,0,1,0,1,,,,,,,,,
"Dec 23, 2024 3:00 AM",0,0,0,0,0,0,0,0,0,1,0,1,0,0,0,,,,,,,,,
"Dec 23, 2024 4:00 AM",0,0,0,0,0,0,0,0,0,1,0,1,1,1,0,,,,,,,,,
"Dec 23, 2024 5:00 AM",3,1,2,0,0,0,1,0,1,1,0,1,0,0,0,,,,,,,,,
"Dec 23, 2024 6:00 AM",12,5,7,6,5,1,8,5,3,1,1,0,9,3,6,,,,,,,,,
"Dec 23, 2024 7:00 AM",49,22,27,18,9,9,15,10,5,9,7,2,16,11,5,,,,,,,,,
"Dec 23, 2024 8:00 AM",86,46,40,37,13,24,23,11,12,30,14,16,32,20,12,,,,,,,,,
"Dec 23, 2024 9:00 AM",129,66,63,30,13,17,15,6,9,20,11,9,62,38,24,,,,,,,,,
"Dec 23, 2024 10:00 AM",152,73,79,41,19,22,26,16,10,31,17,14,53,30,23,,,,,,,,,
"Dec 23, 2024 11:00 AM",196,99,97,52,24,28,38,25,13,48,31,17,96,56,40,,,,,,,,,
"Dec 23, 2024 12:00 PM",222,108,114,47,25,22,35,22,13,39,18,21,44,18,26,,,,,,,,,
"Dec 23, 2024 1:00 PM",145,80,65,25,13,12,25,13,12,22,12,10,36,21,15,,,,,,,,,
"Dec 23, 2024 2:00 PM",160,79,81,43,22,21,36,14,22,30,17,13,31,17,14,,,,,,,,,
"Dec 23, 2024 3:00 PM",221,110,111,31,21,10,23,16,7,37,15,22,60,42,18,,,,,,,,,
"Dec 23, 2024 4:00 PM",217,109,108,41,16,25,27,12,15,39,18,21,52,23,29,,,,,,,,,
"Dec 23, 2024 5:00 PM",91,44,47,37,21,16,26,7,19,35,14,21,22,12,10,,,,,,,,,
"Dec 23, 2024 6:00 PM",82,48,34,22,13,9,26,11,15,24,11,13,26,15,11,,,,,,,,,
"Dec 23, 2024 7:00 PM",58,35,23,12,9,3,14,7,7,11,4,7,9,5,4,,,,,,,,,
"Dec 23, 2024 8:00 PM",48,30,18,17,6,11,24,18,6,11,4,7,14,6,8,,,,,,,,,
"Dec 23, 2024 9:00 PM",38,25,13,7,1,6,7,2,5,11,5,6,7,2,5,,,,,,,,,
"Dec 23, 2024 10:00 PM",17,8,9,5,3,2,9,7,2,6,4,2,0,0,0,,,,,,,,,
"Dec 23, 2024 11:00 PM",5,3,2,4,1,3,2,1,1,4,4,0,1,1,0,,,,,,,,,
"Dec 24, 2024 12:00 AM",1,1,0,0,0,0,1,0,1,1,1,0,3,1,2,,,,,,,,,
"Dec 24, 2024 1:00 AM",0,0,0,0,0,0,0,0,0,0,0,0,3,3,0,,,,,,,,,
"Dec 24, 2024 2:00 AM",0,0,0,0,0,0,0,0,0,3,3,0,1,1,0,,,,,,,,,
"Dec 24, 2024 3:00 AM",0,0,0,0,0,0,0,0,0,0,0,0,0,0,0,,,,,,,,,
"Dec 24, 2024 4:00 AM",0,0,0,0,0,0,0,0,0,0,0,0,0,0,0,,,,,,,,,
"Dec 24, 2024 5:00 AM",2,1,1,0,0,0,1,0,1,1,1,0,1,1,0,,,,,,,,,
"Dec 24, 2024 6:00 AM",12,4,8,4,3,1,3,1,2,0,0,0,1,0,1,,,,,,,,,
"Dec 24, 2024 7:00 AM",52,27,25,19,14,5,9,6,3,6,4,2,16,12,4,,,,,,,,,
"Dec 24, 2024 8:00 AM",184,80,104,41,19,22,22,17,5,11,5,6,38,24,14,,,,,,,,,
"Dec 24, 2024 9:00 AM",206,121,85,39,18,21,38,22,16,27,15,12,68,51,17,,,,,,,,,
"Dec 24, 2024 10:00 AM",236,116,120,71,35,36,59,34,25,39,21,18,116,74,42,,,,,,,,,
"Dec 24, 2024 11:00 AM",363,176,187,42,14,28,38,17,21,46,24,22,101,56,45,,,,,,,,,
"Dec 24, 2024 12:00 PM",434,228,206,61,27,34,41,22,19,44,18,26,102,63,39,,,,,,,,,
"Dec 24, 2024 1:00 PM",427,211,216,41,29,12,43,27,16,38,17,21,88,45,43,,,,,,,,,
"Dec 24, 2024 2:00 PM",398,215,183,62,35,27,45,21,24,58,26,32,86,46,40,,,,,,,,,
"Dec 24, 2024 3:00 PM",437,222,215,59,28,31,59,39,20,30,14,16,122,72,50,,,,,,,,,
"Dec 24, 2024 4:00 PM",248,120,128,54,27,27,41,13,28,29,8,21,99,44,55,,,,,,,,,
"Dec 24, 2024 5:00 PM",103,59,44,27,9,18,36,24,12,21,14,7,30,13,17,,,,,,,,,
"Dec 24, 2024 6:00 PM",66,41,25,45,24,21,10,4,6,7,2,5,10,4,6,,,,,,,,,
"Dec 24, 2024 7:00 PM",31,19,12,8,3,5,17,7,10,11,7,4,6,5,1,,,,,,,,,
"Dec 24, 2024 8:00 PM",19,7,12,17,6,11,3,1,2,12,5,7,4,1,3,,,,,,,,,
"Dec 24, 2024 9:00 PM",22,12,10,8,2,6,9,6,3,8,7,1,3,2,1,,,,,,,,,
"Dec 24, 2024 10:00 PM",12,5,7,10,5,5,2,1,1,5,3,2,3,2,1,,,,,,,,,
"Dec 24, 2024 11:00 PM",4,2,2,0,0,0,4,3,1,8,6,2,7,4,3,,,,,,,,,
"Dec 25, 2024 12:00 AM",0,0,0,2,2,0,0,0,0,20,18,2,4,2,2,,,,,,,,,
"Dec 25, 2024 1:00 AM",3,1,2,0,0,0,3,3,0,0,0,0,0,0,0,,,,,,,,,
"Dec 25, 2024 2:00 AM",0,0,0,0,0,0,0,0,0,3,3,0,0,0,0,,,,,,,,,
"Dec 25, 2024 3:00 AM",2,1,1,1,1,0,1,1,0,1,0,1,0,0,0,,,,,,,,,
"Dec 25, 2024 4:00 AM",0,0,0,0,0,0,0,0,0,1,1,0,0,0,0,,,,,,,,,
"Dec 25, 2024 5:00 AM",1,0,1,0,0,0,0,0,0,0,0,0,0,0,0,,,,,,,,,
"Dec 25, 2024 6:00 AM",12,4,8,5,3,2,1,1,0,1,1,0,3,2,1,,,,,,,,,
"Dec 25, 2024 7:00 AM",28,16,12,11,5,6,13,5,8,2,1,1,6,5,1,,,,,,,,,
"Dec 25, 2024 8:00 AM",118,70,48,56,38,18,22,17,5,7,4,3,37,26,11,,,,,,,,,
"Dec 25, 2024 9:00 AM",247,134,113,135,76,59,41,25,16,19,11,8,45,26,19,,,,,,,,,
"Dec 25, 2024 10:00 AM",488,290,198,123,62,61,43,24,19,24,8,16,95,57,38,,,,,,,,,
"Dec 25, 2024 11:00 AM",555,315,240,114,54,60,40,23,17,33,21,12,115,62,53,,,,,,,,,
"Dec 25, 2024 12:00 PM",740,381,359,111,52,59,73,40,33,36,21,15,91,64,27,,,,,,,,,
"Dec 25, 2024 1:00 PM",604,260,344,83,36,47,61,21,40,32,20,12,134,61,73,,,,,,,,,
"Dec 25, 2024 2:00 PM",505,293,212,75,38,37,49,21,28,36,23,13,74,45,29,,,,,,,,,
"Dec 25, 2024 3:00 PM",377,160,217,41,19,22,35,15,20,26,9,17,91,47,44,,,,,,,,,
"Dec 25, 2024 4:00 PM",275,144,131,33,13,20,25,12,13,16,7,9,81,38,43,,,,,,,,,
"Dec 25, 2024 5:00 PM",116,60,56,31,16,15,11,2,9,9,6,3,28,8,20,,,,,,,,,
"Dec 25, 2024 6:00 PM",84,42,42,8,3,5,18,14,4,3,1,2,7,5,2,,,,,,,,,
"Dec 25, 2024 7:00 PM",39,21,18,10,9,1,11,4,7,1,1,0,15,7,8,,,,,,,,,
"Dec 25, 2024 8:00 PM",31,17,14,10,8,2,7,6,1,5,1,4,12,5,7,,,,,,,,,
"Dec 25, 2024 9:00 PM",21,11,10,14,8,6,6,3,3,5,2,3,4,3,1,,,,,,,,,
"Dec 25, 2024 10:00 PM",10,4,6,0,0,0,2,1,1,9,4,5,3,2,1,,,,,,,,,
"Dec 25, 2024 11:00 PM",8,2,6,1,1,0,1,1,0,4,1,3,1,1,0,,,,,,,,,
"Dec 26, 2024 12:00 AM",3,3,0,0,0,0,1,0,1,5,0,5,0,0,0,,,,,,,,,
"Dec 26, 2024 1:00 AM",0,0,0,0,0,0,0,0,0,0,0,0,0,0,0,,,,,,,,,
"Dec 26, 2024 2:00 AM",0,0,0,0,0,0,0,0,0,0,0,0,0,0,0,,,,,,,,,
"Dec 26, 2024 3:00 AM",0,0,0,0,0,0,0,0,0,0,0,0,0,0,0,,,,,,,,,
"Dec 26, 2024 4:00 AM",0,0,0,0,0,0,0,0,0,0,0,0,0,0,0,,,,,,,,,
"Dec 26, 2024 5:00 AM",4,1,3,0,0,0,0,0,0,0,0,0,0,0,0,,,,,,,,,
"Dec 26, 2024 6:00 AM",8,4,4,1,0,1,1,0,1,0,0,0,1,1,0,,,,,,,,,
"Dec 26, 2024 7:00 AM",20,12,8,6,4,2,6,5,1,1,1,0,6,5,1,,,,,,,,,
"Dec 26, 2024 8:00 AM",58,31,27,24,14,10,22,12,10,10,5,5,22,15,7,,,,,,,,,
"Dec 26, 2024 9:00 AM",146,65,81,36,23,13,29,16,13,35,16,19,40,24,16,,,,,,,,,
"Dec 26, 2024 10:00 AM",272,134,138,76,49,27,63,41,22,23,15,8,89,57,32,,,,,,,,,
"Dec 26, 2024 11:00 AM",493,277,216,69,27,42,73,38,35,55,31,24,135,82,53,,,,,,,,,
"Dec 26, 2024 12:00 PM",627,380,247,97,57,40,71,35,36,52,24,28,117,65,52,,,,,,,,,
"Dec 26, 2024 1:00 PM",638,357,281,98,43,55,87,53,34,44,27,17,104,50,54,,,,,,,,,
"Dec 26, 2024 2:00 PM",667,356,311,91,47,44,51,30,21,65,33,32,113,55,58,,,,,,,,,
"Dec 26, 2024 3:00 PM",642,340,302,90,43,47,49,28,21,52,26,26,127,62,65,,,,,,,,,
"Dec 26, 2024 4:00 PM",348,173,175,75,18,57,68,30,38,43,21,22,90,39,51,,,,,,,,,
"Dec 26, 2024 5:00 PM",192,100,92,55,27,28,29,9,20,13,5,8,42,18,24,,,,,,,,,
"Dec 26, 2024 6:00 PM",87,49,38,15,4,11,14,5,9,12,5,7,16,9,7,,,,,,,,,
"Dec 26, 2024 7:00 PM",74,54,20,17,8,9,14,11,3,22,11,11,16,7,9,,,,,,,,,
"Dec 26, 2024 8:00 PM",44,23,21,10,5,5,12,4,8,7,5,2,9,3,6,,,,,,,,,
"Dec 26, 2024 9:00 PM",31,18,13,8,5,3,4,2,2,6,1,5,2,2,0,,,,,,,,,
"Dec 26, 2024 10:00 PM",8,4,4,3,3,0,3,1,2,6,4,2,2,1,1,,,,,,,,,
"Dec 26, 2024 11:00 PM",10,6,4,6,4,2,0,0,0,7,7,0,1,1,0,,,,,,,,,
"Dec 27, 2024 12:00 AM",0,0,0,1,0,1,2,0,2,3,1,2,1,1,0,,,,,,,,,
"Dec 27, 2024 1:00 AM",4,2,2,2,0,2,1,1,0,0,0,0,0,0,0,,,,,,,,,
"Dec 27, 2024 2:00 AM",1,1,0,0,0,0,0,0,0,0,0,0,3,1,2,,,,,,,,,
"Dec 27, 2024 3:00 AM",0,0,0,0,0,0,2,2,0,0,0,0,0,0,0,,,,,,,,,
"Dec 27, 2024 4:00 AM",0,0,0,0,0,0,0,0,0,0,0,0,0,0,0,,,,,,,,,
"Dec 27, 2024 5:00 AM",1,0,1,0,0,0,0,0,0,0,0,0,0,0,0,,,,,,,,,
"Dec 27, 2024 6:00 AM",7,6,1,2,0,2,0,0,0,0,0,0,1,0,1,,,,,,,,,
"Dec 27, 2024 7:00 AM",27,11,16,17,8,9,10,6,4,2,0,2,2,1,1,,,,,,,,,
"Dec 27, 2024 8:00 AM",56,29,27,30,15,15,10,4,6,16,10,6,20,12,8,,,,,,,,,
"Dec 27, 2024 9:00 AM",108,50,58,36,17,19,33,16,17,27,11,16,43,26,17,,,,,,,,,
"Dec 27, 2024 10:00 AM",199,99,100,36,16,20,28,18,10,36,22,14,70,46,24,,,,,,,,,
"Dec 27, 2024 11:00 AM",378,192,186,81,45,36,49,24,25,38,16,22,84,48,36,,,,,,,,,
"Dec 27, 2024 12:00 PM",451,233,218,61,26,35,45,28,17,30,18,12,96,51,45,,,,,,,,,
"Dec 27, 2024 1:00 PM",473,243,230,72,36,36,65,32,33,59,20,39,74,43,31,,,,,,,,,
"Dec 27, 2024 2:00 PM",538,236,302,55,19,36,52,23,29,41,22,19,105,60,45,,,,,,,,,
"Dec 27, 2024 3:00 PM",557,283,274,65,39,26,87,45,42,35,19,16,90,53,37,,,,,,,,,
"Dec 27, 2024 4:00 PM",326,158,168,77,31,46,60,19,41,38,17,21,92,43,49,,,,,,,,,
"Dec 27, 2024 5:00 PM",158,87,71,25,17,8,38,25,13,18,8,10,23,3,20,,,,,,,,,
"Dec 27, 2024 6:00 PM",118,62,56,34,19,15,15,6,9,15,7,8,25,5,20,,,,,,,,,
"Dec 27, 2024 7:00 PM",85,43,42,12,4,8,20,3,17,8,5,3,10,7,3,,,,,,,,,
"Dec 27, 2024 8:00 PM",54,34,20,21,8,13,21,3,18,9,4,5,27,16,11,,,,,,,,,
"Dec 27, 2024 9:00 PM",50,27,23,11,4,7,10,7,3,9,8,1,9,3,6,,,,,,,,,
"Dec 27, 2024 10:00 PM",22,13,9,10,7,3,10,7,3,8,4,4,4,1,3,,,,,,,,,
"Dec 27, 2024 11:00 PM",13,7,6,8,6,2,4,4,0,2,1,1,6,1,5,,,,,,,,,
"Dec 28, 2024 12:00 AM",0,0,0,0,0,0,1,0,1,7,5,2,2,2,0,,,,,,,,,
"Dec 28, 2024 1:00 AM",3,1,2,0,0,0,2,2,0,1,1,0,2,1,1,,,,,,,,,
"Dec 28, 2024 2:00 AM",4,3,1,1,1,0,0,0,0,0,0,0,0,0,0,,,,,,,,,
"Dec 28, 2024 3:00 AM",1,1,0,0,0,0,0,0,0,0,0,0,2,1,1,,,,,,,,,
"Dec 28, 2024 4:00 AM",0,0,0,2,2,0,0,0,0,0,0,0,0,0,0,,,,,,,,,
"Dec 28, 2024 5:00 AM",1,1,0,0,0,0,1,1,0,1,1,0,0,0,0,,,,,,,,,
"Dec 28, 2024 6:00 AM",12,4,8,0,0,0,2,0,2,1,1,0,0,0,0,,,,,,,,,
"Dec 28, 2024 7:00 AM",30,17,13,11,8,3,8,6,2,6,2,4,8,5,3,,,,,,,,,
"Dec 28, 2024 8:00 AM",85,42,43,24,14,10,17,8,9,15,8,7,31,21,10,,,,,,,,,
"Dec 28, 2024 9:00 AM",195,94,101,50,30,20,40,24,16,26,16,10,57,40,17,,,,,,,,,
"Dec 28, 2024 10:00 AM",368,191,177,73,41,32,55,36,19,26,15,11,98,65,33,,,,,,,,,
"Dec 28, 2024 11:00 AM",562,265,297,68,34,34,68,34,34,50,25,25,98,67,31,,,,,,,,,
"Dec 28, 2024 12:00 PM",677,322,355,112,57,55,98,48,50,53,21,32,125,55,70,,,,,,,,,
"Dec 28, 2024 1:00 PM",697,348,349,69,33,36,78,42,36,59,40,19,125,78,47,,,,,,,,,
"Dec 28, 2024 2:00 PM",827,406,421,65,34,31,99,55,44,94,45,49,105,57,48,,,,,,,,,
"Dec 28, 2024 3:00 PM",769,380,389,67,38,29,73,38,35,35,18,17,139,70,69,,,,,,,,,
"Dec 28, 2024 4:00 PM",534,263,271,79,43,36,74,32,42,45,27,18,74,30,44,,,,,,,,,
"Dec 28, 2024 5:00 PM",226,114,112,37,10,27,41,15,26,13,8,5,30,10,20,,,,,,,,,
"Dec 28, 2024 6:00 PM",140,72,68,24,13,11,24,9,15,14,6,8,24,14,10,,,,,,,,,
"Dec 28, 2024 7:00 PM",106,54,52,22,1,21,22,8,14,10,3,7,12,5,7,,,,,,,,,
"Dec 28, 2024 8:00 PM",79,37,42,18,15,3,24,15,9,4,4,0,9,4,5,,,,,,,,,
"Dec 28, 2024 9:00 PM",38,14,24,4,3,1,11,7,4,8,6,2,3,1,2,,,,,,,,,
"Dec 28, 2024 10:00 PM",15,7,8,1,0,1,12,9,3,5,4,1,1,0,1,,,,,,,,,
"Dec 28, 2024 11:00 PM",7,7,0,7,1,6,9,4,5,0,0,0,2,2,0,,,,,,,,,
"Dec 29, 2024 12:00 AM",1,1,0,1,0,1,2,0,2,0,0,0,3,1,2,,,,,,,,,
"Dec 29, 2024 1:00 AM",9,4,5,0,0,0,0,0,0,0,0,0,1,1,0,,,,,,,,,
"Dec 29, 2024 2:00 AM",5,4,1,2,1,1,0,0,0,3,1,2,0,0,0,,,,,,,,,
"Dec 29, 2024 3:00 AM",2,1,1,0,0,0,0,0,0,1,0,1,0,0,0,,,,,,,,,
"Dec 29, 2024 4:00 AM",0,0,0,0,0,0,0,0,0,0,0,0,0,0,0,,,,,,,,,
"Dec 29, 2024 5:00 AM",4,2,2,0,0,0,0,0,0,0,0,0,1,1,0,,,,,,,,,
"Dec 29, 2024 6:00 AM",9,4,5,0,0,0,0,0,0,0,0,0,0,0,0,,,,,,,,,
"Dec 29, 2024 7:00 AM",31,17,14,6,4,2,5,4,1,2,2,0,4,3,1,,,,,,,,,
"Dec 29, 2024 8:00 AM",96,47,49,19,12,7,13,8,5,9,3,6,34,21,13,,,,,,,,,
"Dec 29, 2024 9:00 AM",232,123,109,36,23,13,31,22,9,20,10,10,64,41,23,,,,,,,,,
"Dec 29, 2024 10:00 AM",338,177,161,61,37,24,60,31,29,24,16,8,86,57,29,,,,,,,,,
"Dec 29, 2024 11:00 AM",515,292,223,85,39,46,56,30,26,65,44,21,118,73,45,,,,,,,,,
"Dec 29, 2024 12:00 PM",607,313,294,93,54,39,93,58,35,57,33,24,103,62,41,,,,,,,,,
"Dec 29, 2024 1:00 PM",665,331,334,80,41,39,81,41,40,54,37,17,121,73,48,,,,,,,,,
"Dec 29, 2024 2:00 PM",624,322,302,51,30,21,71,39,32,42,24,18,77,43,34,,,,,,,,,
"Dec 29, 2024 3:00 PM",529,255,274,74,33,41,60,34,26,40,22,18,77,43,34,,,,,,,,,
"Dec 29, 2024 4:00 PM",410,223,187,73,43,30,67,33,34,26,10,16,65,31,34,,,,,,,,,
"Dec 29, 2024 5:00 PM",160,83,77,42,18,24,48,31,17,22,9,13,11,5,6,,,,,,,,,
"Dec 29, 2024 6:00 PM",109,63,46,18,10,8,33,15,18,10,9,1,23,13,10,,,,,,,,,
"Dec 29, 2024 7:00 PM",83,46,37,17,8,9,12,6,6,11,4,7,8,5,3,,,,,,,,,
"Dec 29, 2024 8:00 PM",71,38,33,14,6,8,13,6,7,5,3,2,10,4,6,,,,,,,,,
"Dec 29, 2024 9:00 PM",37,19,18,8,3,5,16,7,9,4,2,2,4,1,3,,,,,,,,,
"Dec 29, 2024 10:00 PM",21,13,8,5,1,4,2,0,2,1,0,1,3,3,0,,,,,,,,,
"Dec 29, 2024 11:00 PM",13,9,4,7,0,7,9,4,5,4,2,2,6,3,3,,,,,,,,,
"Dec 30, 2024 12:00 AM",2,1,1,0,0,0,1,0,1,1,0,1,2,1,1,,,,,,,,,
"Dec 30, 2024 1:00 AM",5,3,2,0,0,0,0,0,0,0,0,0,0,0,0,,,,,,,,,
"Dec 30, 2024 2:00 AM",2,1,1,0,0,0,0,0,0,0,0,0,1,1,0,,,,,,,,,
"Dec 30, 2024 3:00 AM",3,2,1,0,0,0,2,0,2,0,0,0,1,0,1,,,,,,,,,
"Dec 30, 2024 4:00 AM",0,0,0,0,0,0,0,0,0,0,0,0,0,0,0,,,,,,,,,
"Dec 30, 2024 5:00 AM",2,1,1,0,0,0,1,1,0,1,1,0,2,1,1,,,,,,,,,
"Dec 30, 2024 6:00 AM",9,4,5,2,0,2,2,1,1,1,1,0,1,1,0,,,,,,,,,
"Dec 30, 2024 7:00 AM",36,20,16,9,7,2,4,3,1,2,1,1,9,8,1,,,,,,,,,
"Dec 30, 2024 8:00 AM",93,51,42,21,12,9,15,10,5,7,3,4,22,13,9,,,,,,,,,
"Dec 30, 2024 9:00 AM",122,57,65,22,12,10,18,12,6,24,12,12,38,23,15,,,,,,,,,
"Dec 30, 2024 10:00 AM",280,160,120,49,32,17,36,27,9,44,25,19,84,53,31,,,,,,,,,
"Dec 30, 2024 11:00 AM",315,176,139,54,28,26,42,18,24,39,17,22,93,59,34,,,,,,,,,
"Dec 30, 2024 12:00 PM",454,225,229,55,24,31,56,29,27,39,21,18,90,45,45,,,,,,,,,
"Dec 30, 2024 1:00 PM",459,251,208,48,26,22,54,16,38,35,16,19,64,39,25,,,,,,,,,
"Dec 30, 2024 2:00 PM",448,209,239,46,20,26,42,24,18,48,21,27,55,31,24,,,,,,,,,
"Dec 30, 2024 3:00 PM",501,252,249,48,26,22,44,22,22,35,15,20,94,53,41,,,,,,,,,
"Dec 30, 2024 4:00 PM",415,188,227,51,25,26,55,32,23,37,19,18,92,44,48,,,,,,,,,
"Dec 30, 2024 5:00 PM",264,147,117,43,27,16,37,17,20,20,5,15,41,14,27,,,,,,,,,
"Dec 30, 2024 6:00 PM",144,85,59,38,22,16,31,14,17,12,8,4,33,21,12,,,,,,,,,
"Dec 30, 2024 7:00 PM",116,60,56,15,6,9,20,10,10,10,4,6,18,9,9,,,,,,,,,
"Dec 30, 2024 8:00 PM",117,64,53,18,9,9,13,12,1,3,3,0,13,5,8,,,,,,,,,
"Dec 30, 2024 9:00 PM",50,30,20,11,5,6,15,7,8,7,3,4,7,1,6,,,,,,,,,
"Dec 30, 2024 10:00 PM",31,13,18,7,6,1,7,3,4,4,2,2,1,1,0,,,,,,,,,
"Dec 30, 2024 11:00 PM",5,4,1,5,4,1,7,1,6,1,0,1,1,1,0,,,,,,,,,
"Dec 31, 2024 12:00 AM",1,1,0,0,0,0,1,0,1,2,2,0,2,1,1,,,,,,,,,
"Dec 31, 2024 1:00 AM",3,0,3,1,1,0,3,1,2,0,0,0,1,1,0,,,,,,,,,
"Dec 31, 2024 2:00 AM",5,3,2,0,0,0,4,2,2,3,3,0,0,0,0,,,,,,,,,
"Dec 31, 2024 3:00 AM",1,0,1,0,0,0,0,0,0,0,0,0,0,0,0,,,,,,,,,
"Dec 31, 2024 4:00 AM",2,1,1,0,0,0,1,0,1,0,0,0,0,0,0,,,,,,,,,
"Dec 31, 2024 5:00 AM",2,0,2,0,0,0,2,1,1,2,1,1,0,0,0,,,,,,,,,
"Dec 31, 2024 6:00 AM",15,10,5,5,3,2,0,0,0,0,0,0,1,1,0,,,,,,,,,
"Dec 31, 2024 7:00 AM",37,19,18,10,8,2,11,8,3,13,9,4,10,7,3,,,,,,,,,
"Dec 31, 2024 8:00 AM",97,50,47,13,9,4,11,4,7,19,4,15,15,10,5,,,,,,,,,
"Dec 31, 2024 9:00 AM",100,52,48,15,7,8,17,11,6,22,15,7,17,9,8,,,,,,,,,
"Dec 31, 2024 10:00 AM",100,58,42,20,15,5,28,10,18,20,12,8,27,14,13,,,,,,,,,
"Dec 31, 2024 11:00 AM",155,93,62,21,10,11,12,4,8,24,13,11,26,15,11,,,,,,,,,
"Dec 31, 2024 12:00 PM",172,94,78,21,12,9,24,13,11,21,12,9,16,10,6,,,,,,,,,
"Dec 31, 2024 1:00 PM",173,102,71,14,6,8,17,9,8,16,7,9,13,8,5,,,,,,,,,
"Dec 31, 2024 2:00 PM",134,62,72,20,14,6,20,7,13,11,6,5,10,6,4,,,,,,,,,
"Dec 31, 2024 3:00 PM",158,84,74,37,18,19,21,15,6,17,5,12,27,15,12,,,,,,,,,
"Dec 31, 2024 4:00 PM",157,76,81,23,9,14,27,15,12,12,7,5,30,15,15,,,,,,,,,
"Dec 31, 2024 5:00 PM",136,80,56,19,7,12,21,7,14,13,8,5,15,9,6,,,,,,,,,
"Dec 31, 2024 6:00 PM",212,133,79,24,11,13,21,12,9,12,8,4,7,5,2,,,,,,,,,
"Dec 31, 2024 7:00 PM",814,585,229,35,32,3,185,176,9,27,20,7,10,5,5,,,,,,,,,
"Dec 31, 2024 8:00 PM",577,211,366,79,26,53,251,78,173,26,11,15,10,2,8,,,,,,,,,
"Dec 31, 2024 9:00 PM",232,124,108,22,13,9,44,15,29,8,3,5,6,3,3,,,,,,,,,
"Dec 31, 2024 10:00 PM",51,24,27,11,5,6,22,6,16,10,6,4,1,0,1,,,,,,,,,
"Dec 31, 2024 11:00 PM",65,43,22,6,3,3,16,11,5,1,1,0,2,2,0,,,,,,,,,
