Time,dun_laoghaire_peoples_park_total,dun_laoghaire_peoples_park_in,dun_laoghaire_peoples_park_out,dun_laoghaire_seapoint_beach_total,dun_laoghaire_seapoint_beach_in,dun_laoghaire_seapoint_beach_out,dun_laoghaire_york_road_total,dun_laoghaire_york_road_in,dun_laoghaire_york_road_out,glenageary_total,glenageary_in,glenageary_out,n11_totem_inbound_total,n11_totem_inbound_in,n11_totem_inbound_out,rock_road_park_total,rock_road_park_in,rock_road_park_out,wyattville_road_bicycles_towards_n11_total,wyattville_road_bicycles_towards_n11_in,wyattville_road_bicycles_towards_n11_out,wyattville_road_park_gates_total,wyattville_road_park_gates_in,wyattville_road_park_gates_out,wyattville_road_steps_total,wyattville_road_steps_in,wyattville_road_steps_out
01/01/2022 00:00,3,3,0,7,5,2,17,10,7,9,5,4,,,,6,3,3,,,,,,,,,
01/01/2022 01:00,7,4,3,3,0,3,8,7,1,4,1,3,,,,5,4,1,,,,,,,,,
01/01/2022 02:00,8,6,2,2,0,2,9,5,4,0,0,0,,,,4,4,0,,,,,,,,,
01/01/2022 03:00,2,1,1,2,0,2,1,0,1,8,7,1,,,,0,0,0,,,,,,,,,
01/01/2022 04:00,6,3,3,0,0,0,2,1,1,2,2,0,,,,1,0,1,,,,,,,,,
01/01/2022 05:00,0,0,0,0,0,0,0,0,0,61,57,4,,,,0,0,0,,,,,,,,,
01/01/2022 06:00,8,1,7,0,0,0,0,0,0,56,42,14,,,,2,2,0,,,,,,,,,
01/01/2022 07:00,16,7,9,5,5,0,7,6,1,92,60,32,,,,1,0,1,,,,,,,,,
01/01/2022 08:00,46,21,25,17,10,7,8,3,5,264,245,19,,,,14,12,2,,,,,,,,,
01/01/2022 09:00,100,50,50,27,13,14,24,10,14,43,38,5,,,,39,24,15,,,,,,,,,
01/01/2022 10:00,195,91,104,56,38,18,31,22,9,25,13,12,,,,67,49,18,,,,,,,,,
01/01/2022 11:00,418,193,225,102,65,37,43,33,10,51,27,24,,,,141,84,57,,,,,,,,,
01/01/2022 12:00,602,275,327,102,52,50,95,51,44,129,77,52,,,,156,84,72,,,,,,,,,
01/01/2022 13:00,708,356,352,106,57,49,104,58,46,105,58,47,,,,152,65,87,,,,,,,,,
01/01/2022 14:00,765,387,378,104,40,64,95,50,45,74,32,42,,,,142,79,63,,,,,,,,,
01/01/2022 15:00,782,423,359,119,50,69,114,66,48,80,38,42,,,,153,77,76,,,,,,,,,
01/01/2022 16:00,607,313,294,103,44,59,112,53,59,67,35,32,,,,105,39,66,,,,,,,,,
01/01/2022 17:00,260,125,135,66,27,39,78,32,46,16,10,6,,,,42,17,25,,,,,,,,,
01/01/2022 18:00,140,81,59,27,14,13,25,14,11,6,2,4,,,,25,12,13,,,,,,,,,
01/01/2022 19:00,103,58,45,12,4,8,15,6,9,3,0,3,,,,23,8,15,,,,,,,,,
01/01/2022 20:00,89,43,46,24,9,15,14,7,7,11,6,5,,,,6,2,4,,,,,,,,,
01/01/2022 21:00,60,29,31,21,11,10,8,3,5,5,1,4,,,,5,3,2,,,,,,,,,
01/01/2022 22:00,16,9,7,4,2,2,8,3,5,3,1,2,,,,7,0,7,,,,,,,,,
01/01/2022 23:00,8,5,3,3,2,1,0,0,0,3,2,1,,,,3,1,2,,,,,,,,,
02/01/2022 00:00,0,0,0,1,1,0,1,0,1,0,0,0,,,,0,0,0,,,,,,,,,
02/01/2022 01:00,0,0,0,1,0,1,0,0,0,2,2,0,,,,0,0,0,,,,,,,,,
02/01/2022 02:00,0,0,0,0,0,0,0,0,0,0,0,0,,,,0,0,0,,,,,,,,,
02/01/2022 03:00,0,0,0,0,0,0,1,0,1,0,0,0,,,,0,0,0,,,,,,,,,
02/01/2022 04:00,0,0,0,1,1,0,1,1,0,0,0,0,,,,0,0,0,,,,,,,,,
02/01/2022 05:00,1,0,1,0,0,0,0,0,0,0,0,0,,,,1,0,1,,,,,,,,,
02/01/2022 06:00,10,4,6,3,0,3,1,0,1,0,0,0,,,,1,0,1,,,,,,,,,
02/01/2022 07:00,16,5,11,5,2,3,3,1,2,3,2,1,,,,5,4,1,,,,,,,,,
02/01/2022 08:00,84,41,43,26,15,11,22,15,7,12,8,4,,,,21,15,6,,,,,,,,,
02/01/2022 09:00,174,82,92,44,26,18,26,18,8,26,9,17,,,,45,29,16,,,,,,,,,
02/01/2022 10:00,288,136,152,57,32,25,29,15,14,48,31,17,,,,83,52,31,,,,,,,,,
02/01/2022 11:00,403,187,216,76,37,39,66,47,19,45,21,24,,,,114,65,49,,,,,,,,,
02/01/2022 12:00,649,283,366,78,39,39,87,54,33,93,54,39,,,,175,100,75,,,,,,,,,
02/01/2022 13:00,750,392,358,111,55,56,117,66,51,246,213,33,,,,199,114,85,,,,,,,,,
02/01/2022 14:00,780,375,405,120,67,53,130,77,53,75,34,41,,,,120,72,48,,,,,,,,,
02/01/2022 15:00,720,336,384,71,43,28,70,42,28,85,46,39,,,,104,59,45,,,,,,,,,
02/01/2022 16:00,523,275,248,76,43,33,64,23,41,60,30,30,,,,93,52,41,,,,,,,,,
02/01/2022 17:00,233,140,93,65,21,44,35,20,15,19,10,9,,,,43,19,24,,,,,,,,,
02/01/2022 18:00,96,51,45,24,11,13,27,9,18,11,5,6,,,,18,9,9,,,,,,,,,
02/01/2022 19:00,105,56,49,27,11,16,16,7,9,18,8,10,,,,17,9,8,,,,,,,,,
02/01/2022 20:00,87,47,40,17,5,12,16,7,9,16,11,5,,,,19,11,8,,,,,,,,,
02/01/2022 21:00,42,19,23,15,9,6,10,5,5,4,2,2,,,,7,3,4,,,,,,,,,
02/01/2022 22:00,21,14,7,15,8,7,6,3,3,5,4,1,,,,1,1,0,,,,,,,,,
02/01/2022 23:00,11,4,7,3,2,1,1,1,0,1,0,1,,,,0,0,0,,,,,,,,,
03/01/2022 00:00,0,0,0,0,0,0,1,1,0,5,3,2,,,,1,1,0,,,,,,,,,
03/01/2022 01:00,0,0,0,0,0,0,2,2,0,35,34,1,,,,0,0,0,,,,,,,,,
03/01/2022 02:00,0,0,0,3,0,3,2,1,1,0,0,0,,,,0,0,0,,,,,,,,,
03/01/2022 03:00,0,0,0,0,0,0,0,0,0,38,38,0,,,,0,0,0,,,,,,,,,
03/01/2022 04:00,0,0,0,1,1,0,0,0,0,3,3,0,,,,0,0,0,,,,,,,,,
03/01/2022 05:00,0,0,0,0,0,0,0,0,0,38,38,0,,,,2,2,0,,,,,,,,,
03/01/2022 06:00,7,1,6,2,0,2,0,0,0,193,191,2,,,,5,3,2,,,,,,,,,
03/01/2022 07:00,26,14,12,4,1,3,7,4,3,18,16,2,,,,6,4,2,,,,,,,,,
03/01/2022 08:00,70,36,34,20,14,6,15,8,7,23,15,8,,,,14,10,4,,,,,,,,,
03/01/2022 09:00,152,75,77,32,7,25,31,14,17,35,24,11,,,,52,34,18,,,,,,,,,
03/01/2022 10:00,256,134,122,55,32,23,51,32,19,112,96,16,,,,79,45,34,,,,,,,,,
03/01/2022 11:00,352,179,173,73,40,33,65,37,28,63,38,25,,,,129,86,43,,,,,,,,,
03/01/2022 12:00,564,277,287,104,62,42,90,61,29,154,91,63,,,,162,84,78,,,,,,,,,
03/01/2022 13:00,544,259,285,108,53,55,100,49,51,92,41,51,,,,133,71,62,,,,,,,,,
03/01/2022 14:00,546,255,291,64,29,35,87,44,43,73,25,48,,,,140,79,61,,,,,,,,,
03/01/2022 15:00,629,315,314,119,69,50,76,43,33,70,31,39,,,,145,71,74,,,,,,,,,
03/01/2022 16:00,521,269,252,86,33,53,75,32,43,52,28,24,,,,104,54,50,,,,,,,,,
03/01/2022 17:00,193,113,80,62,31,31,44,25,19,17,8,9,,,,73,33,40,,,,,,,,,
03/01/2022 18:00,94,52,42,28,8,20,33,19,14,7,3,4,,,,29,16,13,,,,,,,,,
03/01/2022 19:00,84,49,35,12,4,8,16,10,6,17,7,10,,,,2,1,1,,,,,,,,,
03/01/2022 20:00,18,12,6,4,3,1,4,1,3,4,2,2,,,,3,3,0,,,,,,,,,
03/01/2022 21:00,8,4,4,4,1,3,1,0,1,3,2,1,,,,2,1,1,,,,,,,,,
03/01/2022 22:00,9,4,5,2,2,0,1,1,0,2,1,1,,,,0,0,0,,,,,,,,,
03/01/2022 23:00,5,3,2,2,0,2,0,0,0,12,7,5,,,,1,0,1,,,,,,,,,
04/01/2022 00:00,0,0,0,0,0,0,0,0,0,3,0,3,,,,0,0,0,,,,,,,,,
04/01/2022 01:00,0,0,0,0,0,0,0,0,0,0,0,0,,,,0,0,0,,,,,,,,,
04/01/2022 02:00,0,0,0,0,0,0,0,0,0,0,0,0,,,,0,0,0,,,,,,,,,
04/01/2022 03:00,0,0,0,0,0,0,0,0,0,0,0,0,,,,0,0,0,,,,,,,,,
04/01/2022 04:00,0,0,0,0,0,0,0,0,0,0,0,0,,,,0,0,0,,,,,,,,,
04/01/2022 05:00,1,1,0,0,0,0,0,0,0,2,1,1,,,,1,0,1,,,,,,,,,
04/01/2022 06:00,17,9,8,6,1,5,8,3,5,5,2,3,,,,9,7,2,,,,,,,,,
04/01/2022 07:00,64,28,36,19,8,11,17,9,8,15,5,10,,,,24,13,11,,,,,,,,,
04/01/2022 08:00,86,44,42,31,14,17,22,13,9,23,11,12,,,,43,29,14,,,,,,,,,
04/01/2022 09:00,107,53,54,29,11,18,14,9,5,27,12,15,,,,28,21,7,,,,,,,,,
04/01/2022 10:00,114,49,65,29,17,12,25,10,15,33,17,16,,,,56,33,23,,,,,,,,,
04/01/2022 11:00,240,123,117,26,17,9,26,19,7,30,17,13,,,,83,47,36,,,,,,,,,
04/01/2022 12:00,317,150,167,75,38,37,41,21,20,40,21,19,,,,115,57,58,,,,,,,,,
04/01/2022 13:00,319,153,166,82,39,43,52,27,25,39,21,18,,,,141,79,62,,,,,,,,,
04/01/2022 14:00,279,138,141,65,36,29,45,18,27,51,18,33,,,,93,59,34,,,,,,,,,
04/01/2022 15:00,264,133,131,64,27,37,50,24,26,41,20,21,,,,102,57,45,,,,,,,,,
04/01/2022 16:00,211,104,107,58,31,27,45,25,20,45,20,25,,,,83,39,44,,,,,,,,,
04/01/2022 17:00,124,69,55,50,26,24,46,24,22,39,21,18,,,,60,25,35,,,,,,,,,
04/01/2022 18:00,149,70,79,42,27,15,32,15,17,30,11,19,,,,36,20,16,,,,,,,,,
04/01/2022 19:00,160,86,74,49,25,24,35,22,13,18,7,11,,,,38,21,17,,,,,,,,,
04/01/2022 20:00,111,50,61,26,9,17,22,6,16,10,4,6,,,,29,16,13,,,,,,,,,
04/01/2022 21:00,40,23,17,9,4,5,7,2,5,9,6,3,,,,9,3,6,,,,,,,,,
04/01/2022 22:00,14,7,7,6,2,4,4,3,1,5,4,1,,,,3,3,0,,,,,,,,,
04/01/2022 23:00,4,3,1,1,0,1,2,1,1,0,0,0,,,,0,0,0,,,,,,,,,
05/01/2022 00:00,0,0,0,0,0,0,0,0,0,0,0,0,,,,0,0,0,,,,,,,,,
05/01/2022 01:00,0,0,0,0,0,0,0,0,0,0,0,0,,,,1,1,0,,,,,,,,,
05/01/2022 02:00,0,0,0,0,0,0,0,0,0,0,0,0,,,,0,0,0,,,,,,,,,
05/01/2022 03:00,0,0,0,0,0,0,0,0,0,0,0,0,,,,0,0,0,,,,,,,,,
05/01/2022 04:00,0,0,0,0,0,0,0,0,0,1,1,0,,,,0,0,0,,,,,,,,,
05/01/2022 05:00,5,2,3,1,0,1,1,0,1,1,0,1,,,,3,2,1,,,,,,,,,
05/01/2022 06:00,23,12,11,4,2,2,5,4,1,3,3,0,,,,13,6,7,,,,,,,,,
05/01/2022 07:00,57,32,25,23,8,15,17,9,8,10,3,7,,,,26,18,8,,,,,,,,,
05/01/2022 08:00,96,46,50,36,15,21,21,9,12,21,11,10,,,,60,42,18,,,,,,,,,
05/01/2022 09:00,107,55,52,24,10,14,16,10,6,15,7,8,,,,34,20,14,,,,,,,,,
05/01/2022 10:00,157,83,74,21,9,12,20,11,9,19,8,11,,,,66,46,20,,,,,,,,,
05/01/2022 11:00,228,119,109,49,22,27,31,18,13,28,18,10,,,,109,60,49,,,,,,,,,
05/01/2022 12:00,390,182,208,77,36,41,42,25,17,25,12,13,,,,122,77,45,,,,,,,,,
05/01/2022 13:00,337,186,151,60,35,25,68,37,31,53,27,26,,,,158,89,69,,,,,,,,,
05/01/2022 14:00,298,138,160,53,25,28,54,31,23,45,16,29,,,,112,75,37,,,,,,,,,
05/01/2022 15:00,278,138,140,67,27,40,44,26,18,34,14,20,,,,97,48,49,,,,,,,,,
05/01/2022 16:00,191,95,96,60,29,31,48,24,24,32,22,10,,,,88,42,46,,,,,,,,,
05/01/2022 17:00,154,76,78,58,28,30,55,34,21,30,11,19,,,,56,24,32,,,,,,,,,
05/01/2022 18:00,135,75,60,58,32,26,54,29,25,17,5,12,,,,39,22,17,,,,,,,,,
05/01/2022 19:00,115,58,57,34,17,17,38,24,14,11,7,4,,,,48,25,23,,,,,,,,,
05/01/2022 20:00,94,49,45,28,6,22,32,14,18,12,6,6,,,,33,15,18,,,,,,,,,
05/01/2022 21:00,60,31,29,24,11,13,14,4,10,6,5,1,,,,16,8,8,,,,,,,,,
05/01/2022 22:00,17,9,8,4,2,2,6,2,4,4,3,1,,,,4,2,2,,,,,,,,,
05/01/2022 23:00,5,4,1,4,3,1,2,2,0,0,0,0,,,,1,0,1,,,,,,,,,
06/01/2022 00:00,0,0,0,0,0,0,0,0,0,0,0,0,,,,0,0,0,,,,,,,,,
06/01/2022 01:00,0,0,0,0,0,0,0,0,0,1,1,0,,,,0,0,0,,,,,,,,,
06/01/2022 02:00,0,0,0,0,0,0,0,0,0,0,0,0,,,,0,0,0,,,,,,,,,
06/01/2022 03:00,1,1,0,0,0,0,0,0,0,0,0,0,,,,0,0,0,,,,,,,,,
06/01/2022 04:00,0,0,0,0,0,0,0,0,0,0,0,0,,,,1,1,0,,,,,,,,,
06/01/2022 05:00,2,1,1,2,0,2,0,0,0,3,3,0,,,,2,0,2,,,,,,,,,
06/01/2022 06:00,23,13,10,5,2,3,12,7,5,5,5,0,,,,12,9,3,,,,,,,,,
06/01/2022 07:00,29,12,17,14,4,10,7,2,5,8,4,4,,,,18,8,10,,,,,,,,,
06/01/2022 08:00,48,19,29,14,9,5,12,9,3,61,46,15,,,,36,21,15,,,,,,,,,
06/01/2022 09:00,60,32,28,20,10,10,6,4,2,25,12,13,,,,35,19,16,,,,,,,,,
06/01/2022 10:00,37,16,21,19,8,11,7,5,2,14,4,10,,,,52,26,26,,,,,,,,,
06/01/2022 11:00,44,25,19,16,8,8,14,8,6,20,9,11,,,,26,10,16,,,,,,,,,
06/01/2022 12:00,102,44,58,32,16,16,20,7,13,41,21,20,,,,42,23,19,,,,,,,,,
06/01/2022 13:00,124,62,62,49,22,27,43,17,26,26,12,14,,,,46,27,19,,,,,,,,,
06/01/2022 14:00,103,52,51,16,5,11,25,16,9,14,8,6,,,,52,26,26,,,,,,,,,
06/01/2022 15:00,117,47,70,45,25,20,28,16,12,26,12,14,,,,57,29,28,,,,,,,,,
06/01/2022 16:00,141,69,72,46,27,19,31,15,16,33,22,11,,,,70,38,32,,,,,,,,,
06/01/2022 17:00,105,51,54,52,28,24,48,22,26,33,17,16,,,,50,18,32,,,,,,,,,
06/01/2022 18:00,78,49,29,43,25,18,27,18,9,19,4,15,,,,63,34,29,,,,,,,,,
06/01/2022 19:00,89,53,36,30,16,14,27,13,14,15,7,8,,,,44,21,23,,,,,,,,,
06/01/2022 20:00,29,16,13,12,6,6,8,2,6,4,1,3,,,,15,9,6,,,,,,,,,
06/01/2022 21:00,35,20,15,14,8,6,4,1,3,6,2,4,,,,14,5,9,,,,,,,,,
06/01/2022 22:00,8,3,5,3,2,1,8,3,5,1,1,0,,,,7,1,6,,,,,,,,,
06/01/2022 23:00,3,2,1,0,0,0,0,0,0,0,0,0,,,,1,1,0,,,,,,,,,
07/01/2022 00:00,0,0,0,0,0,0,0,0,0,0,0,0,,,,0,0,0,,,,,,,,,
07/01/2022 01:00,0,0,0,0,0,0,0,0,0,3,3,0,,,,0,0,0,,,,,,,,,
07/01/2022 02:00,0,0,0,0,0,0,0,0,0,0,0,0,,,,0,0,0,,,,,,,,,
07/01/2022 03:00,0,0,0,0,0,0,0,0,0,2,2,0,,,,0,0,0,,,,,,,,,
07/01/2022 04:00,0,0,0,0,0,0,0,0,0,1,1,0,,,,0,0,0,,,,,,,,,
07/01/2022 05:00,6,3,3,0,0,0,0,0,0,5,4,1,,,,3,1,2,,,,,,,,,
07/01/2022 06:00,21,14,7,7,3,4,8,5,3,2,2,0,,,,10,8,2,,,,,,,,,
07/01/2022 07:00,33,16,17,19,7,12,16,10,6,11,6,5,,,,22,15,7,,,,,,,,,
07/01/2022 08:00,87,38,49,42,15,27,27,13,14,24,13,11,,,,65,41,24,,,,,,,,,
07/01/2022 09:00,143,64,79,26,20,6,24,16,8,32,21,11,,,,73,38,35,,,,,,,,,
07/01/2022 10:00,134,60,74,30,15,15,29,13,16,19,14,5,,,,33,19,14,,,,,,,,,
07/01/2022 11:00,91,56,35,24,12,12,25,15,10,27,14,13,,,,29,14,15,,,,,,,,,
07/01/2022 12:00,40,20,20,16,8,8,17,7,10,14,5,9,,,,16,8,8,,,,,,,,,
07/01/2022 13:00,114,54,60,37,22,15,30,19,11,36,20,16,,,,56,36,20,,,,,,,,,
07/01/2022 14:00,161,79,82,65,30,35,25,12,13,38,22,16,,,,70,49,21,,,,,,,,,
07/01/2022 15:00,167,79,88,49,26,23,48,24,24,32,13,19,,,,84,45,39,,,,,,,,,
07/01/2022 16:00,126,67,59,38,14,24,40,20,20,37,18,19,,,,70,30,40,,,,,,,,,
07/01/2022 17:00,97,51,46,38,19,19,46,22,24,16,6,10,,,,51,22,29,,,,,,,,,
07/01/2022 18:00,96,56,40,33,24,9,38,21,17,14,7,7,,,,34,19,15,,,,,,,,,
07/01/2022 19:00,90,50,40,35,17,18,18,7,11,15,10,5,,,,14,5,9,,,,,,,,,
07/01/2022 20:00,73,38,35,32,10,22,30,10,20,4,3,1,,,,29,15,14,,,,,,,,,
07/01/2022 21:00,61,33,28,13,6,7,8,4,4,6,2,4,,,,7,0,7,,,,,,,,,
07/01/2022 22:00,13,4,9,7,1,6,7,1,6,4,2,2,,,,1,0,1,,,,,,,,,
07/01/2022 23:00,10,7,3,3,1,2,4,2,2,4,3,1,,,,2,1,1,,,,,,,,,
08/01/2022 00:00,1,0,1,1,0,1,0,0,0,1,1,0,,,,0,0,0,,,,,,,,,
08/01/2022 01:00,0,0,0,0,0,0,1,0,1,0,0,0,,,,0,0,0,,,,,,,,,
08/01/2022 02:00,0,0,0,0,0,0,0,0,0,0,0,0,,,,0,0,0,,,,,,,,,
08/01/2022 03:00,0,0,0,1,1,0,1,1,0,0,0,0,,,,0,0,0,,,,,,,,,
08/01/2022 04:00,2,2,0,0,0,0,0,0,0,3,1,2,,,,0,0,0,,,,,,,,,
08/01/2022 05:00,1,0,1,0,0,0,0,0,0,0,0,0,,,,1,1,0,,,,,,,,,
08/01/2022 06:00,11,3,8,2,2,0,2,1,1,3,1,2,,,,4,3,1,,,,,,,,,
08/01/2022 07:00,17,10,7,6,5,1,9,3,6,7,4,3,,,,10,4,6,,,,,,,,,
08/01/2022 08:00,50,26,24,22,12,10,16,12,4,11,5,6,,,,24,14,10,,,,,,,,,
08/01/2022 09:00,65,29,36,18,8,10,8,7,1,16,6,10,,,,50,30,20,,,,,,,,,
08/01/2022 10:00,173,88,85,32,13,19,36,10,26,32,14,18,,,,91,55,36,,,,,,,,,
08/01/2022 11:00,240,114,126,58,33,25,55,38,17,45,23,22,,,,113,61,52,,,,,,,,,
08/01/2022 12:00,358,181,177,95,50,45,63,35,28,52,19,33,,,,148,92,56,,,,,,,,,
08/01/2022 13:00,360,181,179,89,51,38,79,51,28,58,34,24,,,,148,86,62,,,,,,,,,
08/01/2022 14:00,392,197,195,83,40,43,66,38,28,81,49,32,,,,132,82,50,,,,,,,,,
08/01/2022 15:00,409,221,188,93,40,53,65,36,29,47,27,20,,,,131,88,43,,,,,,,,,
08/01/2022 16:00,298,152,146,99,44,55,48,25,23,65,30,35,,,,115,60,55,,,,,,,,,
08/01/2022 17:00,189,97,92,51,27,24,39,19,20,25,10,15,,,,43,18,25,,,,,,,,,
08/01/2022 18:00,97,47,50,29,14,15,31,12,19,22,5,17,,,,28,18,10,,,,,,,,,
08/01/2022 19:00,64,37,27,21,10,11,14,7,7,19,14,5,,,,7,2,5,,,,,,,,,
08/01/2022 20:00,54,33,21,16,6,10,9,5,4,13,5,8,,,,8,4,4,,,,,,,,,
08/01/2022 21:00,38,13,25,14,11,3,2,0,2,2,1,1,,,,3,1,2,,,,,,,,,
08/01/2022 22:00,10,9,1,0,0,0,6,3,3,4,3,1,,,,1,1,0,,,,,,,,,
08/01/2022 23:00,5,4,1,0,0,0,0,0,0,3,2,1,,,,4,0,4,,,,,,,,,
09/01/2022 00:00,0,0,0,3,0,3,0,0,0,2,2,0,,,,0,0,0,,,,,,,,,
09/01/2022 01:00,0,0,0,1,1,0,4,4,0,5,5,0,,,,0,0,0,,,,,,,,,
09/01/2022 02:00,0,0,0,0,0,0,1,1,0,0,0,0,,,,0,0,0,,,,,,,,,
09/01/2022 03:00,0,0,0,0,0,0,0,0,0,8,8,0,,,,0,0,0,,,,,,,,,
09/01/2022 04:00,0,0,0,0,0,0,0,0,0,5,5,0,,,,0,0,0,,,,,,,,,
09/01/2022 05:00,0,0,0,1,0,1,0,0,0,9,9,0,,,,0,0,0,,,,0,0,0,,,
09/01/2022 06:00,8,2,6,3,1,2,5,4,1,12,12,0,,,,1,1,0,,,,0,0,0,,,
09/01/2022 07:00,15,10,5,5,3,2,6,4,2,13,12,1,,,,7,5,2,,,,0,0,0,,,
09/01/2022 08:00,49,16,33,22,11,11,9,4,5,32,16,16,,,,19,11,8,,,,0,0,0,,,
09/01/2022 09:00,157,82,75,28,14,14,26,14,12,31,16,15,,,,64,34,30,,,,0,0,0,,,
09/01/2022 10:00,269,158,111,48,24,24,53,33,20,52,27,25,,,,103,71,32,,,,0,0,0,,,
09/01/2022 11:00,440,213,227,68,39,29,63,37,26,70,37,33,,,,148,79,69,,,,0,0,0,,,
09/01/2022 12:00,534,296,238,99,50,49,86,55,31,67,34,33,,,,129,73,56,,,,0,0,0,,,
09/01/2022 13:00,583,310,273,119,58,61,66,36,30,57,32,25,,,,117,61,56,,,,0,0,0,,,
09/01/2022 14:00,586,311,275,111,47,64,85,40,45,55,29,26,,,,144,85,59,,,,70,39,31,,,
09/01/2022 15:00,645,322,323,102,56,46,91,46,45,64,45,19,,,,151,80,71,,,,56,25,31,,,
09/01/2022 16:00,471,249,222,74,34,40,82,34,48,59,29,30,,,,106,54,52,,,,52,27,25,,,
09/01/2022 17:00,206,109,97,55,22,33,36,12,24,17,8,9,,,,46,23,23,,,,30,13,17,,,
09/01/2022 18:00,110,63,47,23,13,10,19,9,10,6,4,2,,,,20,9,11,,,,38,16,22,,,
09/01/2022 19:00,82,46,36,22,7,15,10,5,5,12,4,8,,,,26,14,12,,,,25,12,13,,,
09/01/2022 20:00,63,31,32,19,10,9,14,9,5,11,9,2,,,,20,11,9,,,,25,15,10,,,
09/01/2022 21:00,42,23,19,16,8,8,11,3,8,6,4,2,,,,3,1,2,,,,11,5,6,,,
09/01/2022 22:00,10,8,2,0,0,0,4,3,1,4,3,1,,,,4,2,2,,,,7,2,5,,,
09/01/2022 23:00,5,2,3,0,0,0,0,0,0,0,0,0,,,,0,0,0,,,,3,3,0,,,
10/01/2022 00:00,0,0,0,0,0,0,2,1,1,0,0,0,,,,2,1,1,,,,1,1,0,,,
10/01/2022 01:00,1,1,0,2,2,0,0,0,0,0,0,0,,,,0,0,0,,,,2,2,0,,,
10/01/2022 02:00,1,0,1,0,0,0,0,0,0,0,0,0,,,,0,0,0,,,,0,0,0,,,
10/01/2022 03:00,0,0,0,0,0,0,0,0,0,1,0,1,,,,0,0,0,,,,0,0,0,,,
10/01/2022 04:00,0,0,0,0,0,0,0,0,0,0,0,0,,,,0,0,0,,,,0,0,0,,,
10/01/2022 05:00,5,1,4,1,1,0,0,0,0,3,2,1,,,,3,2,1,,,,3,2,1,,,
10/01/2022 06:00,41,19,22,13,9,4,24,15,9,8,4,4,,,,12,6,6,,,,13,10,3,,,
10/01/2022 07:00,68,38,30,29,14,15,21,12,9,14,7,7,,,,32,18,14,,,,28,11,17,,,
10/01/2022 08:00,127,63,64,45,24,21,35,20,15,23,8,15,,,,91,63,28,,,,111,76,35,,,
10/01/2022 09:00,121,61,60,55,26,29,19,10,9,26,12,14,,,,69,35,34,,,,35,14,21,,,
10/01/2022 10:00,104,56,48,35,23,12,20,13,7,24,16,8,,,,41,20,21,,,,27,15,12,,,
10/01/2022 11:00,188,92,96,38,19,19,29,20,9,36,13,23,,,,62,33,29,,,,40,18,22,,,
10/01/2022 12:00,235,124,111,62,29,33,44,20,24,40,14,26,,,,106,70,36,,,,61,26,35,,,
10/01/2022 13:00,247,114,133,49,21,28,40,20,20,48,27,21,,,,130,64,66,,,,47,25,22,,,
10/01/2022 14:00,192,95,97,34,19,15,43,25,18,39,18,21,,,,98,44,54,,,,63,27,36,,,
10/01/2022 15:00,201,105,96,43,16,27,51,26,25,32,14,18,,,,98,51,47,,,,104,26,78,,,
10/01/2022 16:00,169,96,73,46,23,23,20,13,7,36,17,19,,,,87,43,44,,,,85,37,48,,,
10/01/2022 17:00,176,89,87,58,28,30,49,30,19,48,18,30,,,,81,36,45,,,,69,30,39,,,
10/01/2022 18:00,146,81,65,51,28,23,58,34,24,27,11,16,,,,64,38,26,,,,45,24,21,,,
10/01/2022 19:00,179,93,86,43,13,30,41,20,21,25,14,11,,,,56,37,19,,,,40,24,16,,,
10/01/2022 20:00,146,87,59,36,15,21,14,3,11,7,4,3,,,,36,13,23,,,,25,12,13,,,
10/01/2022 21:00,53,34,19,16,9,7,12,7,5,10,5,5,,,,11,4,7,,,,22,8,14,,,
10/01/2022 22:00,41,21,20,7,2,5,7,1,6,3,2,1,,,,3,2,1,,,,10,6,4,,,
10/01/2022 23:00,3,1,2,3,0,3,3,2,1,3,2,1,,,,1,0,1,,,,9,6,3,,,
11/01/2022 00:00,0,0,0,0,0,0,2,2,0,0,0,0,,,,2,2,0,,,,1,0,1,,,
11/01/2022 01:00,1,1,0,0,0,0,1,1,0,0,0,0,,,,2,1,1,,,,1,0,1,,,
11/01/2022 02:00,0,0,0,1,1,0,0,0,0,0,0,0,,,,0,0,0,,,,0,0,0,,,
11/01/2022 03:00,0,0,0,0,0,0,0,0,0,0,0,0,,,,0,0,0,,,,0,0,0,,,
11/01/2022 04:00,0,0,0,0,0,0,0,0,0,0,0,0,,,,0,0,0,,,,1,1,0,,,
11/01/2022 05:00,6,2,4,1,1,0,0,0,0,1,1,0,,,,2,2,0,,,,6,4,2,,,
11/01/2022 06:00,49,26,23,11,6,5,16,13,3,7,2,5,,,,21,10,11,,,,12,9,3,,,
11/01/2022 07:00,85,40,45,33,14,19,15,10,5,15,9,6,,,,43,25,18,,,,37,14,23,,,
11/01/2022 08:00,142,75,67,42,21,21,30,14,16,29,15,14,,,,103,63,40,,,,107,77,30,,,
11/01/2022 09:00,157,76,81,39,27,12,25,14,11,34,23,11,,,,50,19,31,,,,48,24,24,,,
11/01/2022 10:00,162,80,82,38,13,25,38,24,14,37,19,18,,,,80,57,23,,,,53,27,26,,,
11/01/2022 11:00,236,114,122,54,30,24,30,17,13,25,11,14,,,,100,54,46,,,,71,38,33,,,
11/01/2022 12:00,309,167,142,82,39,43,47,22,25,32,18,14,,,,99,60,39,,,,68,34,34,,,
11/01/2022 13:00,322,187,135,95,32,63,60,28,32,43,18,25,,,,142,85,57,,,,85,39,46,,,
11/01/2022 14:00,220,102,118,49,27,22,39,24,15,33,17,16,,,,151,83,68,,,,83,34,49,,,
11/01/2022 15:00,219,129,90,51,19,32,37,14,23,32,12,20,,,,113,55,58,,,,129,41,88,,,
11/01/2022 16:00,198,107,91,56,35,21,45,23,22,72,45,27,,,,96,41,55,,,,87,36,51,,,
11/01/2022 17:00,172,81,91,41,21,20,61,33,28,27,17,10,,,,67,27,40,,,,65,31,34,,,
11/01/2022 18:00,158,89,69,72,34,38,54,31,23,23,12,11,,,,78,49,29,,,,59,33,26,,,
11/01/2022 19:00,165,85,80,77,35,42,46,25,21,30,14,16,,,,39,20,19,,,,51,19,32,,,
11/01/2022 20:00,154,91,63,47,22,25,32,14,18,17,13,4,,,,33,18,15,,,,22,10,12,,,
11/01/2022 21:00,71,42,29,21,9,12,11,4,7,9,6,3,,,,23,13,10,,,,24,11,13,,,
11/01/2022 22:00,30,16,14,15,5,10,9,6,3,4,2,2,,,,11,5,6,,,,7,4,3,,,
11/01/2022 23:00,6,2,4,5,3,2,3,2,1,0,0,0,,,,0,0,0,,,,6,4,2,,,
12/01/2022 00:00,0,0,0,0,0,0,0,0,0,0,0,0,,,,1,1,0,,,,4,2,2,,,
12/01/2022 01:00,0,0,0,0,0,0,0,0,0,1,1,0,,,,0,0,0,,,,2,2,0,,,
12/01/2022 02:00,0,0,0,0,0,0,0,0,0,0,0,0,,,,0,0,0,,,,0,0,0,,,
12/01/2022 03:00,0,0,0,0,0,0,0,0,0,0,0,0,,,,1,0,1,,,,0,0,0,,,
12/01/2022 04:00,0,0,0,0,0,0,0,0,0,0,0,0,,,,0,0,0,,,,1,1,0,,,
12/01/2022 05:00,4,2,2,3,0,3,1,0,1,4,1,3,,,,1,1,0,,,,1,0,1,,,
12/01/2022 06:00,37,16,21,14,8,6,14,7,7,5,4,1,,,,21,11,10,,,,13,5,8,,,
12/01/2022 07:00,70,35,35,43,26,17,21,11,10,16,5,11,,,,41,24,17,,,,25,11,14,,,
12/01/2022 08:00,134,67,67,55,36,19,33,18,15,27,13,14,,,,91,51,40,,,,120,92,28,,,
12/01/2022 09:00,154,77,77,44,26,18,34,17,17,28,18,10,,,,62,32,30,,,,48,21,27,,,
12/01/2022 10:00,196,104,92,51,28,23,17,11,6,29,13,16,,,,90,56,34,,,,32,17,15,,,
12/01/2022 11:00,235,125,110,38,23,15,33,20,13,28,15,13,,,,85,45,40,,,,39,21,18,,,
12/01/2022 12:00,273,145,128,76,36,40,39,20,19,33,19,14,,,,127,72,55,,,,52,27,25,,,
12/01/2022 13:00,325,161,164,60,34,26,54,25,29,39,22,17,,,,194,105,89,,,,83,39,44,,,
12/01/2022 14:00,273,132,141,47,27,20,50,19,31,35,12,23,,,,151,88,63,,,,88,42,46,,,
12/01/2022 15:00,274,140,134,54,33,21,50,23,27,24,9,15,,,,98,51,47,,,,126,37,89,,,
12/01/2022 16:00,242,127,115,51,20,31,42,17,25,40,20,20,,,,90,39,51,,,,71,31,40,,,
12/01/2022 17:00,156,78,78,65,37,28,58,26,32,23,12,11,,,,65,30,35,,,,69,39,30,,,
12/01/2022 18:00,181,88,93,52,25,27,55,34,21,36,20,16,,,,71,50,21,,,,56,29,27,,,
12/01/2022 19:00,187,99,88,62,26,36,35,16,19,15,8,7,,,,48,20,28,,,,47,28,19,,,
12/01/2022 20:00,183,111,72,43,15,28,34,13,21,39,23,16,,,,30,13,17,,,,54,25,29,,,
12/01/2022 21:00,81,38,43,11,4,7,20,11,9,9,2,7,,,,7,4,3,,,,14,8,6,,,
12/01/2022 22:00,27,14,13,10,2,8,10,2,8,3,2,1,,,,3,0,3,,,,10,6,4,,,
12/01/2022 23:00,4,0,4,4,3,1,2,1,1,0,0,0,,,,0,0,0,,,,4,3,1,,,
13/01/2022 00:00,0,0,0,0,0,0,1,0,1,1,0,1,,,,0,0,0,,,,1,1,0,,,
13/01/2022 01:00,1,1,0,0,0,0,0,0,0,0,0,0,,,,0,0,0,,,,2,2,0,,,
13/01/2022 02:00,0,0,0,0,0,0,0,0,0,0,0,0,,,,0,0,0,,,,0,0,0,,,
13/01/2022 03:00,0,0,0,0,0,0,0,0,0,0,0,0,,,,0,0,0,,,,1,1,0,,,
13/01/2022 04:00,0,0,0,0,0,0,0,0,0,0,0,0,,,,0,0,0,,,,0,0,0,,,
13/01/2022 05:00,5,2,3,2,2,0,3,2,1,1,0,1,,,,1,1,0,,,,3,2,1,,,
13/01/2022 06:00,33,17,16,11,5,6,26,15,11,4,2,2,,,,11,6,5,,,,9,4,5,,,
13/01/2022 07:00,69,34,35,24,5,19,22,13,9,4,3,1,,,,40,22,18,,,,24,11,13,,,
13/01/2022 08:00,137,64,73,34,17,17,23,12,11,42,15,27,,,,83,49,34,,,,104,76,28,,,
13/01/2022 09:00,140,70,70,47,28,19,21,10,11,28,15,13,,,,75,35,40,,,,45,21,24,,,
13/01/2022 10:00,195,102,93,51,22,29,35,20,15,28,17,11,,,,61,37,24,,,,42,24,18,,,
13/01/2022 11:00,207,104,103,55,28,27,43,21,22,44,27,17,,,,75,37,38,,,,37,16,21,,,
13/01/2022 12:00,236,126,110,53,25,28,50,21,29,44,23,21,,,,95,63,32,,,,63,35,28,,,
13/01/2022 13:00,261,127,134,68,37,31,61,32,29,49,31,18,,,,155,93,62,,,,75,34,41,,,
13/01/2022 14:00,223,106,117,64,33,31,44,26,18,38,19,19,,,,128,81,47,,,,98,42,56,,,
13/01/2022 15:00,204,118,86,39,26,13,29,19,10,46,22,24,,,,88,39,49,,,,125,31,94,,,
13/01/2022 16:00,155,81,74,47,21,26,34,19,15,29,14,15,,,,95,46,49,,,,55,24,31,,,
13/01/2022 17:00,132,54,78,33,18,15,37,15,22,22,8,14,,,,58,26,32,,,,57,20,37,,,
13/01/2022 18:00,157,84,73,39,18,21,43,25,18,13,8,5,,,,62,39,23,,,,62,28,34,,,
13/01/2022 19:00,195,90,105,50,19,31,34,14,20,14,9,5,,,,73,29,44,,,,23,11,12,,,
13/01/2022 20:00,160,85,75,41,21,20,32,15,17,7,2,5,,,,35,25,10,,,,25,15,10,,,
13/01/2022 21:00,98,61,37,23,10,13,16,6,10,8,6,2,,,,17,9,8,,,,17,7,10,,,
13/01/2022 22:00,19,15,4,14,2,12,9,4,5,6,1,5,,,,5,3,2,,,,8,4,4,,,
13/01/2022 23:00,4,1,3,5,2,3,5,1,4,2,0,2,,,,3,0,3,,,,2,1,1,,,
14/01/2022 00:00,1,1,0,0,0,0,0,0,0,0,0,0,,,,0,0,0,,,,2,2,0,,,
14/01/2022 01:00,1,1,0,0,0,0,0,0,0,0,0,0,,,,0,0,0,,,,1,1,0,,,
14/01/2022 02:00,0,0,0,0,0,0,0,0,0,0,0,0,,,,0,0,0,,,,2,0,2,,,
14/01/2022 03:00,0,0,0,0,0,0,0,0,0,0,0,0,,,,0,0,0,,,,1,1,0,,,
14/01/2022 04:00,1,0,1,0,0,0,0,0,0,1,0,1,,,,0,0,0,,,,1,1,0,,,
14/01/2022 05:00,6,2,4,2,1,1,1,0,1,1,1,0,,,,2,1,1,,,,4,2,2,,,
14/01/2022 06:00,33,11,22,11,7,4,12,8,4,5,3,2,,,,8,6,2,,,,13,7,6,,,
14/01/2022 07:00,62,27,35,30,13,17,14,6,8,16,9,7,,,,43,26,17,,,,41,17,24,,,
14/01/2022 08:00,111,60,51,53,26,27,38,28,10,26,14,12,,,,80,46,34,,,,106,83,23,,,
14/01/2022 09:00,157,81,76,43,23,20,26,16,10,37,21,16,,,,58,32,26,,,,35,15,20,,,
14/01/2022 10:00,159,78,81,48,21,27,29,15,14,21,12,9,,,,46,30,16,,,,31,12,19,,,
14/01/2022 11:00,188,78,110,46,23,23,19,12,7,43,24,19,,,,68,39,29,,,,43,27,16,,,
14/01/2022 12:00,206,108,98,49,28,21,33,12,21,31,12,19,,,,79,39,40,,,,46,14,32,,,
14/01/2022 13:00,207,103,104,69,36,33,48,34,14,38,18,20,,,,155,83,72,,,,131,36,95,,,
14/01/2022 14:00,160,78,82,27,9,18,39,19,20,37,14,23,,,,92,47,45,,,,84,43,41,,,
14/01/2022 15:00,193,88,105,41,22,19,35,24,11,33,19,14,,,,101,49,52,,,,80,32,48,,,
14/01/2022 16:00,194,95,99,51,22,29,44,20,24,30,14,16,,,,76,37,39,,,,48,25,23,,,
14/01/2022 17:00,137,70,67,57,30,27,39,23,16,36,18,18,,,,66,31,35,,,,67,30,37,,,
14/01/2022 18:00,137,63,74,36,17,19,35,12,23,9,3,6,,,,43,22,21,,,,62,30,32,,,
14/01/2022 19:00,100,52,48,32,13,19,26,15,11,14,3,11,,,,24,8,16,,,,22,8,14,,,
14/01/2022 20:00,112,61,51,19,14,5,22,12,10,12,1,11,,,,11,5,6,,,,51,27,24,,,
14/01/2022 21:00,59,34,25,9,6,3,12,2,10,10,1,9,,,,4,1,3,,,,24,15,9,,,
14/01/2022 22:00,33,15,18,6,2,4,12,2,10,3,3,0,,,,6,2,4,,,,4,2,2,,,
14/01/2022 23:00,10,5,5,5,3,2,3,2,1,0,0,0,,,,6,4,2,,,,12,6,6,,,
15/01/2022 00:00,0,0,0,1,1,0,5,2,3,0,0,0,,,,0,0,0,,,,4,1,3,,,
15/01/2022 01:00,0,0,0,0,0,0,1,0,1,2,1,1,,,,0,0,0,,,,2,2,0,,,
15/01/2022 02:00,0,0,0,2,1,1,0,0,0,0,0,0,,,,0,0,0,,,,9,4,5,,,
15/01/2022 03:00,0,0,0,0,0,0,0,0,0,1,1,0,,,,0,0,0,,,,2,2,0,,,
15/01/2022 04:00,1,1,0,0,0,0,0,0,0,0,0,0,,,,0,0,0,,,,1,0,1,,,
15/01/2022 05:00,2,1,1,0,0,0,1,1,0,0,0,0,,,,1,1,0,,,,1,0,1,,,
15/01/2022 06:00,8,1,7,0,0,0,2,0,2,0,0,0,,,,11,9,2,,,,3,2,1,,,
15/01/2022 07:00,34,15,19,9,5,4,6,4,2,1,1,0,,,,16,8,8,,,,9,4,5,,,
15/01/2022 08:00,100,53,47,21,12,9,27,19,8,10,4,6,,,,38,21,17,,,,15,7,8,,,
15/01/2022 09:00,138,66,72,38,22,16,40,20,20,24,10,14,,,,63,45,18,,,,22,10,12,,,
15/01/2022 10:00,162,91,71,74,43,31,44,27,17,42,18,24,,,,85,53,32,,,,34,24,10,,,
15/01/2022 11:00,229,115,114,67,38,29,53,32,21,54,25,29,,,,118,68,50,,,,38,19,19,,,
15/01/2022 12:00,262,119,143,74,40,34,46,21,25,60,28,32,,,,130,67,63,,,,43,24,19,,,
15/01/2022 13:00,272,145,127,57,24,33,39,19,20,33,18,15,,,,82,47,35,,,,69,37,32,,,
15/01/2022 14:00,300,147,153,70,26,44,63,23,40,40,23,17,,,,107,54,53,,,,58,25,33,,,
15/01/2022 15:00,455,275,180,65,36,29,62,34,28,71,51,20,,,,132,76,56,,,,77,44,33,,,
15/01/2022 16:00,619,240,379,68,35,33,66,31,35,45,21,24,,,,128,62,66,,,,45,21,24,,,
15/01/2022 17:00,233,102,131,86,37,49,49,21,28,28,13,15,,,,130,51,79,,,,50,23,27,,,
15/01/2022 18:00,134,62,72,25,11,14,19,8,11,26,15,11,,,,41,23,18,,,,40,26,14,,,
15/01/2022 19:00,93,57,36,25,11,14,15,9,6,18,11,7,,,,22,13,9,,,,28,12,16,,,
15/01/2022 20:00,70,37,33,32,13,19,21,14,7,16,9,7,,,,20,8,12,,,,25,15,10,,,
15/01/2022 21:00,63,30,33,7,5,2,14,7,7,11,5,6,,,,21,10,11,,,,11,3,8,,,
15/01/2022 22:00,49,29,20,10,4,6,10,5,5,6,3,3,,,,5,3,2,,,,9,4,5,,,
15/01/2022 23:00,11,5,6,2,0,2,5,1,4,0,0,0,,,,3,1,2,,,,7,5,2,,,
16/01/2022 00:00,0,0,0,1,0,1,4,2,2,2,1,1,,,,0,0,0,,,,11,8,3,,,
16/01/2022 01:00,1,0,1,2,0,2,1,0,1,0,0,0,,,,0,0,0,,,,2,2,0,,,
16/01/2022 02:00,0,0,0,0,0,0,0,0,0,0,0,0,,,,0,0,0,,,,3,0,3,,,
16/01/2022 03:00,1,0,1,0,0,0,0,0,0,0,0,0,,,,0,0,0,,,,8,4,4,,,
16/01/2022 04:00,0,0,0,1,1,0,0,0,0,0,0,0,,,,0,0,0,,,,0,0,0,,,
16/01/2022 05:00,1,0,1,0,0,0,0,0,0,0,0,0,,,,0,0,0,,,,5,2,3,,,
16/01/2022 06:00,8,2,6,2,0,2,1,0,1,0,0,0,,,,2,1,1,,,,1,1,0,,,
16/01/2022 07:00,25,14,11,8,7,1,9,8,1,4,3,1,,,,12,9,3,,,,7,2,5,,,
16/01/2022 08:00,69,32,37,21,16,5,29,18,11,12,5,7,,,,27,18,9,,,,16,8,8,,,
16/01/2022 09:00,184,82,102,52,28,24,47,18,29,24,10,14,,,,103,50,53,,,,34,13,21,,,
16/01/2022 10:00,320,185,135,77,50,27,35,17,18,44,23,21,,,,118,62,56,,,,57,29,28,,,
16/01/2022 11:00,458,256,202,126,62,64,69,37,32,51,21,30,,,,141,83,58,,,,62,29,33,,,
16/01/2022 12:00,651,333,318,112,50,62,95,51,44,64,31,33,,,,169,111,58,,,,52,25,27,,,
16/01/2022 13:00,730,379,351,104,62,42,80,39,41,78,35,43,,,,168,100,68,,,,78,39,39,,,
16/01/2022 14:00,713,389,324,127,67,60,115,62,53,80,50,30,,,,172,128,44,,,,63,25,38,,,
16/01/2022 15:00,766,432,334,133,64,69,91,51,40,68,30,38,,,,210,115,95,,,,98,37,61,,,
16/01/2022 16:00,589,271,318,116,58,58,79,37,42,45,26,19,,,,149,76,73,,,,74,40,34,,,
16/01/2022 17:00,254,135,119,74,33,41,41,17,24,32,21,11,,,,64,31,33,,,,56,32,24,,,
16/01/2022 18:00,124,60,64,40,15,25,30,18,12,11,9,2,,,,26,11,15,,,,27,18,9,,,
16/01/2022 19:00,87,42,45,27,15,12,36,19,17,11,4,7,,,,18,7,11,,,,28,12,16,,,
16/01/2022 20:00,64,37,27,14,7,7,9,7,2,9,8,1,,,,16,7,9,,,,22,10,12,,,
16/01/2022 21:00,27,16,11,10,5,5,12,4,8,5,2,3,,,,10,5,5,,,,26,17,9,,,
16/01/2022 22:00,13,8,5,3,0,3,2,0,2,1,1,0,,,,4,1,3,,,,11,3,8,,,
16/01/2022 23:00,5,4,1,4,2,2,0,0,0,0,0,0,,,,2,1,1,,,,2,2,0,,,
17/01/2022 00:00,0,0,0,0,0,0,0,0,0,0,0,0,,,,1,0,1,,,,1,1,0,,,
17/01/2022 01:00,0,0,0,0,0,0,0,0,0,0,0,0,,,,0,0,0,,,,4,3,1,,,
17/01/2022 02:00,0,0,0,1,1,0,0,0,0,0,0,0,,,,0,0,0,,,,1,0,1,,,
17/01/2022 03:00,0,0,0,0,0,0,0,0,0,0,0,0,,,,0,0,0,,,,1,1,0,,,
17/01/2022 04:00,0,0,0,0,0,0,0,0,0,0,0,0,,,,0,0,0,,,,1,0,1,,,
17/01/2022 05:00,6,2,4,0,0,0,0,0,0,1,1,0,,,,1,1,0,,,,3,2,1,,,
17/01/2022 06:00,32,18,14,8,5,3,24,14,10,6,2,4,,,,10,6,4,,,,14,8,6,,,
17/01/2022 07:00,52,26,26,33,12,21,18,10,8,7,4,3,,,,27,16,11,,,,34,16,18,,,
17/01/2022 08:00,117,53,64,38,20,18,23,10,13,32,16,16,,,,96,54,42,,,,103,74,29,,,
17/01/2022 09:00,153,79,74,46,26,20,26,16,10,19,10,9,,,,53,28,25,,,,40,22,18,,,
17/01/2022 10:00,183,93,90,57,23,34,20,11,9,26,21,5,,,,64,43,21,,,,37,20,17,,,
17/01/2022 11:00,245,125,120,41,24,17,38,18,20,35,20,15,,,,78,31,47,,,,44,21,23,,,
17/01/2022 12:00,286,140,146,48,22,26,46,26,20,43,21,22,,,,130,70,60,,,,58,29,29,,,
17/01/2022 13:00,300,152,148,71,38,33,57,26,31,40,19,21,,,,128,80,48,,,,56,24,32,,,
17/01/2022 14:00,223,117,106,51,21,30,33,18,15,26,17,9,,,,163,98,65,,,,80,38,42,,,
17/01/2022 15:00,271,150,121,58,25,33,47,25,22,33,21,12,,,,101,47,54,,,,140,43,97,,,
17/01/2022 16:00,239,136,103,49,22,27,43,22,21,31,15,16,,,,93,40,53,,,,76,40,36,,,
17/01/2022 17:00,148,80,68,60,31,29,66,30,36,37,22,15,,,,73,32,41,,,,86,40,46,,,
17/01/2022 18:00,178,84,94,54,28,26,48,24,24,22,11,11,,,,55,38,17,,,,55,30,25,,,
17/01/2022 19:00,158,74,84,54,30,24,46,30,16,21,9,12,,,,45,22,23,,,,51,27,24,,,
17/01/2022 20:00,156,87,69,30,6,24,22,13,9,17,8,9,,,,29,10,19,,,,39,23,16,,,
17/01/2022 21:00,65,42,23,32,9,23,14,6,8,11,6,5,,,,26,14,12,,,,24,11,13,,,
17/01/2022 22:00,29,15,14,4,2,2,4,1,3,4,4,0,,,,7,2,5,,,,14,8,6,,,
17/01/2022 23:00,7,3,4,0,0,0,1,0,1,1,0,1,,,,0,0,0,,,,3,1,2,,,
18/01/2022 00:00,0,0,0,0,0,0,0,0,0,0,0,0,,,,0,0,0,,,,0,0,0,,,
18/01/2022 01:00,0,0,0,0,0,0,2,1,1,0,0,0,,,,0,0,0,,,,2,2,0,,,
18/01/2022 02:00,0,0,0,0,0,0,0,0,0,1,0,1,,,,0,0,0,,,,2,1,1,,,
18/01/2022 03:00,0,0,0,1,0,1,1,0,1,0,0,0,,,,0,0,0,,,,0,0,0,,,
18/01/2022 04:00,0,0,0,0,0,0,0,0,0,0,0,0,,,,0,0,0,,,,1,1,0,,,
18/01/2022 05:00,6,3,3,0,0,0,0,0,0,0,0,0,,,,2,1,1,,,,5,4,1,,,
18/01/2022 06:00,42,17,25,10,4,6,8,4,4,6,3,3,,,,31,17,14,,,,8,6,2,,,
18/01/2022 07:00,70,35,35,22,7,15,24,14,10,12,7,5,,,,35,23,12,,,,31,16,15,,,
18/01/2022 08:00,132,56,76,43,18,25,33,18,15,37,16,21,,,,104,66,38,,,,116,84,32,,,
18/01/2022 09:00,131,74,57,38,24,14,23,13,10,29,18,11,,,,68,29,39,,,,47,28,19,,,
18/01/2022 10:00,138,63,75,40,18,22,19,12,7,21,15,6,,,,69,42,27,,,,69,24,45,,,
18/01/2022 11:00,159,84,75,45,22,23,26,16,10,22,9,13,,,,51,25,26,,,,54,32,22,,,
18/01/2022 12:00,169,90,79,44,17,27,37,16,21,34,19,15,,,,74,37,37,,,,75,47,28,,,
18/01/2022 13:00,222,116,106,61,27,34,50,23,27,46,24,22,,,,164,82,82,,,,86,36,50,,,
18/01/2022 14:00,196,92,104,40,23,17,30,18,12,33,17,16,,,,114,58,56,,,,81,40,41,,,
18/01/2022 15:00,199,100,99,37,15,22,28,10,18,28,16,12,,,,104,47,57,,,,112,31,81,,,
18/01/2022 16:00,109,49,60,47,30,17,36,15,21,32,16,16,,,,97,38,59,,,,70,34,36,,,
18/01/2022 17:00,136,61,75,52,27,25,41,19,22,25,13,12,,,,77,38,39,,,,65,20,45,,,
18/01/2022 18:00,162,84,78,50,25,25,59,33,26,25,8,17,,,,60,36,24,,,,72,38,34,,,
18/01/2022 19:00,177,91,86,90,43,47,63,33,30,21,9,12,,,,71,33,38,,,,58,33,25,,,
18/01/2022 20:00,189,106,83,51,20,31,69,36,33,19,8,11,,,,51,23,28,,,,46,20,26,,,
18/01/2022 21:00,73,43,30,23,11,12,20,5,15,6,4,2,,,,14,9,5,,,,25,10,15,,,
18/01/2022 22:00,25,16,9,4,2,2,6,2,4,2,2,0,,,,1,0,1,,,,15,10,5,,,
18/01/2022 23:00,7,3,4,0,0,0,1,0,1,0,0,0,,,,5,2,3,,,,6,3,3,,,
19/01/2022 00:00,0,0,0,0,0,0,0,0,0,1,1,0,,,,0,0,0,,,,2,1,1,,,
19/01/2022 01:00,0,0,0,0,0,0,0,0,0,7,6,1,,,,1,0,1,,,,1,1,0,,,
19/01/2022 02:00,0,0,0,0,0,0,0,0,0,0,0,0,,,,0,0,0,,,,0,0,0,,,
19/01/2022 03:00,1,0,1,0,0,0,0,0,0,5,5,0,,,,0,0,0,,,,0,0,0,,,
19/01/2022 04:00,1,0,1,0,0,0,0,0,0,3,0,3,,,,0,0,0,,,,2,2,0,,,
19/01/2022 05:00,7,4,3,2,1,1,1,0,1,2,2,0,,,,1,1,0,,,,2,2,0,,,
19/01/2022 06:00,28,14,14,11,6,5,11,6,5,8,2,6,,,,6,3,3,,,,6,4,2,,,
19/01/2022 07:00,60,30,30,33,15,18,18,11,7,18,10,8,,,,36,26,10,,,,26,11,15,,,
19/01/2022 08:00,110,58,52,42,23,19,30,19,11,36,15,21,,,,107,63,44,,,,97,79,18,,,
19/01/2022 09:00,147,86,61,51,24,27,32,17,15,33,16,17,,,,70,29,41,,,,36,11,25,,,
19/01/2022 10:00,156,77,79,43,22,21,31,15,16,40,13,27,,,,68,38,30,,,,44,22,22,,,
19/01/2022 11:00,181,89,92,41,19,22,29,10,19,33,17,16,,,,73,49,24,,,,43,30,13,,,
19/01/2022 12:00,183,91,92,57,35,22,28,19,9,42,24,18,,,,109,55,54,,,,55,24,31,,,
19/01/2022 13:00,165,93,72,66,37,29,43,24,19,63,32,31,,,,112,63,49,,,,64,27,37,,,
19/01/2022 14:00,143,67,76,43,23,20,20,8,12,43,18,25,,,,109,69,40,,,,91,30,61,,,
19/01/2022 15:00,152,84,68,36,20,16,35,16,19,40,21,19,,,,88,40,48,,,,114,33,81,,,
19/01/2022 16:00,129,67,62,53,25,28,60,30,30,34,16,18,,,,50,27,23,,,,68,26,42,,,
19/01/2022 17:00,138,72,66,45,27,18,50,28,22,20,14,6,,,,56,29,27,,,,73,27,46,,,
19/01/2022 18:00,130,71,59,36,18,18,51,37,14,16,6,10,,,,55,29,26,,,,49,27,22,,,
19/01/2022 19:00,164,92,72,65,34,31,45,24,21,17,11,6,,,,52,25,27,,,,41,25,16,,,
19/01/2022 20:00,165,85,80,51,25,26,46,20,26,15,3,12,,,,36,17,19,,,,21,10,11,,,
19/01/2022 21:00,95,53,42,18,3,15,21,6,15,7,3,4,,,,13,7,6,,,,23,10,13,,,
19/01/2022 22:00,24,13,11,4,0,4,7,1,6,6,5,1,,,,10,4,6,,,,10,4,6,,,
19/01/2022 23:00,4,2,2,2,0,2,2,0,2,0,0,0,,,,5,1,4,,,,8,4,4,,,
20/01/2022 00:00,0,0,0,0,0,0,0,0,0,0,0,0,,,,0,0,0,,,,2,1,1,,,
20/01/2022 01:00,2,1,1,0,0,0,0,0,0,0,0,0,,,,0,0,0,,,,2,1,1,,,
20/01/2022 02:00,1,1,0,1,1,0,0,0,0,0,0,0,,,,0,0,0,,,,0,0,0,,,
20/01/2022 03:00,0,0,0,0,0,0,0,0,0,0,0,0,,,,0,0,0,,,,1,1,0,,,
20/01/2022 04:00,0,0,0,0,0,0,0,0,0,0,0,0,,,,0,0,0,,,,0,0,0,,,
20/01/2022 05:00,6,3,3,2,2,0,0,0,0,2,2,0,,,,0,0,0,,,,0,0,0,,,
20/01/2022 06:00,30,14,16,11,5,6,22,10,12,3,2,1,,,,15,10,5,,,,12,6,6,,,
20/01/2022 07:00,60,32,28,30,9,21,18,10,8,10,4,6,,,,35,19,16,,,,32,13,19,,,
20/01/2022 08:00,117,56,61,47,22,25,35,21,14,35,13,22,,,,103,58,45,,,,111,89,22,,,
20/01/2022 09:00,114,53,61,41,23,18,25,11,14,36,21,15,,,,78,37,41,,,,46,24,22,,,
20/01/2022 10:00,113,59,54,29,18,11,29,15,14,23,9,14,,,,67,40,27,,,,39,18,21,,,
20/01/2022 11:00,181,90,91,29,16,13,36,27,9,32,13,19,,,,59,29,30,,,,37,17,20,,,
20/01/2022 12:00,177,97,80,44,15,29,39,15,24,45,19,26,,,,81,43,38,,,,58,30,28,,,
20/01/2022 13:00,246,122,124,47,24,23,33,21,12,46,19,27,,,,108,60,48,,,,62,31,31,,,
20/01/2022 14:00,182,95,87,46,17,29,22,11,11,28,10,18,,,,82,38,44,,,,103,29,74,,,
20/01/2022 15:00,171,96,75,24,9,15,26,17,9,19,10,9,,,,73,34,39,,,,93,18,75,,,
20/01/2022 16:00,124,69,55,23,12,11,30,10,20,19,8,11,,,,70,28,42,,,,63,31,32,,,
20/01/2022 17:00,133,70,63,44,28,16,48,30,18,26,11,15,,,,86,37,49,,,,66,34,32,,,
20/01/2022 18:00,133,61,72,53,27,26,59,39,20,13,9,4,,,,58,35,23,,,,120,72,48,,,
20/01/2022 19:00,164,81,83,42,21,21,39,20,19,15,7,8,,,,81,38,43,,,,45,21,24,,,
20/01/2022 20:00,138,82,56,43,18,25,42,18,24,15,9,6,,,,64,36,28,,,,32,14,18,,,
20/01/2022 21:00,56,31,25,19,7,12,15,7,8,6,3,3,,,,24,13,11,,,,28,18,10,,,
20/01/2022 22:00,26,10,16,4,2,2,3,1,2,4,2,2,,,,13,6,7,,,,10,5,5,,,
20/01/2022 23:00,10,8,2,4,2,2,1,0,1,1,0,1,,,,4,2,2,,,,8,6,2,,,
21/01/2022 00:00,0,0,0,0,0,0,1,1,0,1,0,1,,,,1,0,1,,,,5,4,1,,,
21/01/2022 01:00,2,1,1,3,2,1,5,2,3,0,0,0,,,,0,0,0,,,,1,1,0,,,
21/01/2022 02:00,0,0,0,0,0,0,0,0,0,0,0,0,,,,0,0,0,,,,1,0,1,,,
21/01/2022 03:00,0,0,0,0,0,0,0,0,0,0,0,0,,,,0,0,0,,,,1,1,0,,,
21/01/2022 04:00,0,0,0,0,0,0,0,0,0,0,0,0,,,,0,0,0,,,,0,0,0,,,
21/01/2022 05:00,5,2,3,1,1,0,0,0,0,1,1,0,,,,4,3,1,,,,0,0,0,,,
21/01/2022 06:00,39,14,25,13,7,6,14,8,6,3,2,1,,,,12,8,4,,,,4,1,3,,,
21/01/2022 07:00,76,41,35,26,14,12,15,10,5,7,3,4,,,,47,33,14,,,,24,15,9,,,
21/01/2022 08:00,136,63,73,48,21,27,26,12,14,31,12,19,,,,85,49,36,,,,111,81,30,,,
21/01/2022 09:00,159,85,74,47,24,23,19,14,5,30,16,14,,,,74,35,39,,,,34,13,21,,,
21/01/2022 10:00,168,87,81,38,16,22,24,13,11,27,15,12,,,,59,28,31,,,,30,13,17,,,
21/01/2022 11:00,158,77,81,46,26,20,21,8,13,28,10,18,,,,49,31,18,,,,47,25,22,,,
21/01/2022 12:00,167,89,78,47,21,26,22,7,15,29,18,11,,,,73,35,38,,,,56,19,37,,,
21/01/2022 13:00,163,86,77,32,16,16,39,20,19,27,18,9,,,,121,66,55,,,,125,38,87,,,
21/01/2022 14:00,148,62,86,36,16,20,42,18,24,31,19,12,,,,103,55,48,,,,88,43,45,,,
21/01/2022 15:00,129,77,52,25,12,13,27,12,15,23,13,10,,,,69,24,45,,,,69,26,43,,,
21/01/2022 16:00,169,80,89,59,29,30,33,12,21,41,23,18,,,,92,44,48,,,,64,36,28,,,
21/01/2022 17:00,143,68,75,45,13,32,41,27,14,28,14,14,,,,56,27,29,,,,61,22,39,,,
21/01/2022 18:00,125,68,57,43,19,24,36,19,17,14,6,8,,,,48,28,20,,,,65,35,30,,,
21/01/2022 19:00,115,49,66,25,15,10,19,7,12,15,10,5,,,,39,20,19,,,,40,19,21,,,
21/01/2022 20:00,98,60,38,35,14,21,20,9,11,13,7,6,,,,17,8,9,,,,36,26,10,,,
21/01/2022 21:00,69,45,24,27,18,9,19,14,5,6,4,2,,,,21,8,13,,,,27,11,16,,,
21/01/2022 22:00,23,12,11,10,5,5,10,7,3,5,4,1,,,,7,2,5,,,,9,5,4,,,
21/01/2022 23:00,7,4,3,7,3,4,1,0,1,1,1,0,,,,1,0,1,,,,16,10,6,,,
22/01/2022 00:00,0,0,0,0,0,0,2,0,2,0,0,0,,,,0,0,0,,,,4,3,1,,,
22/01/2022 01:00,0,0,0,1,1,0,2,2,0,5,2,3,,,,0,0,0,,,,3,1,2,,,
22/01/2022 02:00,1,0,1,1,1,0,0,0,0,0,0,0,,,,0,0,0,,,,2,1,1,,,
22/01/2022 03:00,1,1,0,0,0,0,0,0,0,0,0,0,,,,0,0,0,,,,2,0,2,,,
22/01/2022 04:00,1,1,0,0,0,0,0,0,0,0,0,0,,,,0,0,0,,,,0,0,0,,,
22/01/2022 05:00,0,0,0,0,0,0,0,0,0,1,0,1,,,,1,1,0,,,,1,0,1,,,
22/01/2022 06:00,13,3,10,6,4,2,4,2,2,2,1,1,,,,5,4,1,,,,1,0,1,,,
22/01/2022 07:00,42,22,20,14,9,5,11,5,6,2,1,1,,,,22,14,8,,,,7,0,7,,,
22/01/2022 08:00,97,46,51,33,19,14,32,21,11,14,4,10,,,,38,26,12,,,,13,5,8,,,
22/01/2022 09:00,159,77,82,30,14,16,44,24,20,22,10,12,,,,102,61,41,,,,36,18,18,,,
22/01/2022 10:00,189,103,86,56,41,15,46,28,18,45,27,18,,,,119,73,46,,,,44,24,20,,,
22/01/2022 11:00,252,128,124,87,45,42,48,30,18,45,26,19,,,,149,82,67,,,,64,24,40,,,
22/01/2022 12:00,298,160,138,70,37,33,45,20,25,53,20,33,,,,157,89,68,,,,85,39,46,,,
22/01/2022 13:00,305,177,128,91,48,43,57,36,21,44,24,20,,,,113,66,47,,,,69,24,45,,,
22/01/2022 14:00,367,194,173,68,37,31,50,24,26,48,29,19,,,,117,72,45,,,,68,28,40,,,
22/01/2022 15:00,357,166,191,76,57,19,75,40,35,37,16,21,,,,113,62,51,,,,64,34,30,,,
22/01/2022 16:00,307,172,135,60,28,32,51,23,28,40,13,27,,,,100,54,46,,,,63,29,34,,,
22/01/2022 17:00,212,124,88,72,31,41,52,26,26,52,26,26,,,,62,21,41,,,,57,25,32,,,
22/01/2022 18:00,124,75,49,41,20,21,29,13,16,16,7,9,,,,23,12,11,,,,32,16,16,,,
22/01/2022 19:00,117,58,59,20,6,14,25,9,16,6,3,3,,,,14,6,8,,,,36,25,11,,,
22/01/2022 20:00,85,44,41,15,1,14,20,11,9,7,2,5,,,,10,4,6,,,,18,9,9,,,
22/01/2022 21:00,43,28,15,14,5,9,13,3,10,9,3,6,,,,7,1,6,,,,26,15,11,,,
22/01/2022 22:00,42,25,17,10,5,5,19,11,8,3,2,1,,,,1,0,1,,,,29,12,17,,,
22/01/2022 23:00,21,6,15,2,1,1,5,2,3,4,0,4,,,,5,3,2,,,,15,9,6,,,
23/01/2022 00:00,0,0,0,0,0,0,3,1,2,0,0,0,,,,2,1,1,,,,13,11,2,,,
23/01/2022 01:00,1,0,1,2,2,0,5,4,1,2,1,1,,,,1,0,1,,,,7,3,4,,,
23/01/2022 02:00,5,3,2,4,1,3,1,0,1,0,0,0,,,,0,0,0,,,,13,12,1,,,
23/01/2022 03:00,0,0,0,0,0,0,0,0,0,0,0,0,,,,3,2,1,,,,2,1,1,,,
23/01/2022 04:00,0,0,0,2,1,1,1,1,0,0,0,0,,,,0,0,0,,,,2,2,0,,,
23/01/2022 05:00,0,0,0,0,0,0,0,0,0,0,0,0,,,,1,1,0,,,,2,2,0,,,
23/01/2022 06:00,10,2,8,4,3,1,3,0,3,1,1,0,,,,3,0,3,,,,2,2,0,,,
23/01/2022 07:00,24,10,14,9,4,5,8,5,3,2,1,1,,,,7,4,3,,,,6,2,4,,,
23/01/2022 08:00,75,39,36,23,15,8,21,13,8,12,8,4,,,,18,15,3,,,,11,7,4,,,
23/01/2022 09:00,225,112,113,52,27,25,50,29,21,27,10,17,,,,94,52,42,,,,24,15,9,,,
23/01/2022 10:00,296,151,145,65,38,27,76,45,31,37,20,17,,,,142,92,50,,,,40,21,19,,,
23/01/2022 11:00,460,236,224,93,56,37,55,28,27,46,21,25,,,,174,90,84,,,,64,37,27,,,
23/01/2022 12:00,614,310,304,83,50,33,81,48,33,50,21,29,,,,199,125,74,,,,48,22,26,,,
23/01/2022 13:00,577,306,271,99,44,55,84,42,42,55,25,30,,,,168,75,93,,,,73,30,43,,,
23/01/2022 14:00,604,321,283,106,46,60,93,52,41,37,12,25,,,,145,84,61,,,,91,52,39,,,
23/01/2022 15:00,679,363,316,89,45,44,73,33,40,53,26,27,,,,168,91,77,,,,47,22,25,,,
23/01/2022 16:00,550,285,265,89,49,40,68,40,28,51,20,31,,,,116,60,56,,,,42,23,19,,,
23/01/2022 17:00,263,141,122,52,22,30,49,18,31,25,12,13,,,,62,26,36,,,,42,21,21,,,
23/01/2022 18:00,125,65,60,28,12,16,20,6,14,3,1,2,,,,24,13,11,,,,38,19,19,,,
23/01/2022 19:00,109,57,52,26,15,11,17,5,12,8,4,4,,,,30,15,15,,,,24,10,14,,,
23/01/2022 20:00,59,28,31,29,12,17,25,12,13,14,11,3,,,,8,3,5,,,,17,11,6,,,
23/01/2022 21:00,36,15,21,6,2,4,7,3,4,11,5,6,,,,13,6,7,,,,23,10,13,,,
23/01/2022 22:00,16,8,8,3,3,0,2,1,1,3,1,2,,,,3,2,1,,,,10,5,5,,,
23/01/2022 23:00,5,2,3,1,0,1,9,2,7,0,0,0,,,,5,2,3,,,,12,6,6,,,
24/01/2022 00:00,0,0,0,1,0,1,1,0,1,0,0,0,,,,3,0,3,,,,,,,,,
24/01/2022 01:00,0,0,0,0,0,0,2,2,0,0,0,0,,,,0,0,0,,,,,,,,,
24/01/2022 02:00,0,0,0,0,0,0,0,0,0,0,0,0,,,,0,0,0,,,,,,,,,
24/01/2022 03:00,0,0,0,0,0,0,0,0,0,0,0,0,,,,0,0,0,,,,,,,,,
24/01/2022 04:00,0,0,0,0,0,0,0,0,0,0,0,0,,,,0,0,0,,,,,,,,,
24/01/2022 05:00,6,2,4,0,0,0,0,0,0,1,1,0,,,,2,2,0,,,,,,,,,
24/01/2022 06:00,30,15,15,16,11,5,25,13,12,4,3,1,,,,15,11,4,,,,,,,,,
24/01/2022 07:00,72,38,34,25,9,16,23,13,10,14,8,6,,,,37,26,11,,,,,,,,,
24/01/2022 08:00,124,62,62,60,26,34,26,14,12,32,14,18,,,,101,65,36,,,,,,,,,
24/01/2022 09:00,161,77,84,48,19,29,40,24,16,39,24,15,,,,65,33,32,,,,,,,,,
24/01/2022 10:00,190,84,106,47,23,24,20,11,9,29,19,10,,,,60,35,25,,,,,,,,,
24/01/2022 11:00,197,93,104,62,32,30,39,22,17,52,25,27,,,,84,46,38,,,,,,,,,
24/01/2022 12:00,196,100,96,79,32,47,37,19,18,33,10,23,,,,109,59,50,,,,,,,,,
24/01/2022 13:00,202,103,99,49,24,25,58,34,24,46,23,23,,,,149,69,80,,,,,,,,,
24/01/2022 14:00,155,78,77,24,10,14,24,11,13,40,17,23,,,,95,42,53,,,,,,,,,
24/01/2022 15:00,151,69,82,34,17,17,27,15,12,21,9,12,,,,66,33,33,,,,,,,,,
24/01/2022 16:00,111,61,50,18,9,9,32,11,21,25,14,11,,,,58,24,34,,,,,,,,,
24/01/2022 17:00,132,74,58,42,25,17,46,29,17,35,16,19,,,,82,29,53,,,,,,,,,
24/01/2022 18:00,130,73,57,50,22,28,41,27,14,21,6,15,,,,56,34,22,,,,,,,,,
24/01/2022 19:00,136,60,76,37,15,22,40,17,23,16,13,3,,,,55,31,24,,,,,,,,,
24/01/2022 20:00,142,81,61,46,18,28,30,14,16,23,15,8,,,,48,25,23,,,,,,,,,
24/01/2022 21:00,46,25,21,17,5,12,19,6,13,7,5,2,,,,10,6,4,,,,,,,,,
24/01/2022 22:00,22,12,10,4,1,3,5,2,3,4,1,3,,,,6,4,2,,,,,,,,,
24/01/2022 23:00,6,2,4,0,0,0,2,0,2,0,0,0,,,,3,1,2,,,,,,,,,
25/01/2022 00:00,0,0,0,0,0,0,2,1,1,0,0,0,,,,0,0,0,,,,,,,,,
25/01/2022 01:00,2,1,1,0,0,0,2,1,1,1,0,1,,,,0,0,0,,,,,,,,,
25/01/2022 02:00,0,0,0,1,0,1,1,0,1,0,0,0,,,,0,0,0,,,,,,,,,
25/01/2022 03:00,0,0,0,1,1,0,0,0,0,0,0,0,,,,1,1,0,,,,,,,,,
25/01/2022 04:00,0,0,0,1,1,0,0,0,0,0,0,0,,,,0,0,0,,,,,,,,,
25/01/2022 05:00,6,3,3,0,0,0,1,1,0,1,1,0,,,,2,1,1,,,,,,,,,
25/01/2022 06:00,96,55,41,8,4,4,20,11,9,7,6,1,,,,20,15,5,,,,,,,,,
25/01/2022 07:00,115,62,53,32,12,20,33,16,17,16,8,8,,,,46,24,22,,,,,,,,,
25/01/2022 08:00,136,64,72,30,18,12,37,21,16,44,16,28,,,,113,56,57,,,,,,,,,
25/01/2022 09:00,157,84,73,46,24,22,26,16,10,18,14,4,,,,62,35,27,,,,,,,,,
25/01/2022 10:00,158,80,78,33,16,17,31,24,7,21,13,8,,,,68,39,29,,,,,,,,,
25/01/2022 11:00,141,72,69,39,21,18,37,24,13,36,17,19,,,,48,27,21,,,,,,,,,
25/01/2022 12:00,155,75,80,44,26,18,38,16,22,30,15,15,,,,60,29,31,,,,,,,,,
25/01/2022 13:00,196,100,96,59,25,34,50,22,28,35,14,21,,,,137,84,53,,,,,,,,,
25/01/2022 14:00,130,45,85,35,24,11,28,17,11,19,11,8,,,,100,49,51,,,,,,,,,
25/01/2022 15:00,126,78,48,32,15,17,21,9,12,37,16,21,,,,82,41,41,,,,,,,,,
25/01/2022 16:00,131,72,59,56,30,26,28,16,12,44,24,20,,,,80,37,43,,,,,,,,,
25/01/2022 17:00,168,90,78,65,31,34,38,17,21,25,12,13,,,,104,47,57,,,,,,,,,
25/01/2022 18:00,146,81,65,61,32,29,73,36,37,18,7,11,,,,63,31,32,,,,,,,,,
25/01/2022 19:00,133,66,67,83,48,35,59,29,30,20,12,8,,,,57,29,28,,,,,,,,,
25/01/2022 20:00,141,75,66,52,21,31,41,20,21,14,10,4,,,,24,5,19,,,,,,,,,
25/01/2022 21:00,76,50,26,26,9,17,16,3,13,10,4,6,,,,14,7,7,,,,,,,,,
25/01/2022 22:00,23,12,11,3,1,2,6,3,3,4,1,3,,,,12,8,4,,,,,,,,,
25/01/2022 23:00,8,3,5,3,2,1,3,2,1,1,1,0,,,,9,4,5,,,,,,,,,
26/01/2022 00:00,0,0,0,0,0,0,0,0,0,0,0,0,,,,0,0,0,,,,,,,,,
26/01/2022 01:00,0,0,0,1,1,0,3,2,1,0,0,0,,,,2,2,0,,,,,,,,,
26/01/2022 02:00,0,0,0,1,1,0,0,0,0,0,0,0,,,,1,0,1,,,,,,,,,
26/01/2022 03:00,0,0,0,0,0,0,0,0,0,1,0,1,,,,0,0,0,,,,,,,,,
26/01/2022 04:00,0,0,0,1,1,0,0,0,0,1,0,1,,,,0,0,0,,,,,,,,,
26/01/2022 05:00,2,0,2,2,1,1,2,1,1,0,0,0,,,,3,1,2,,,,,,,,,
26/01/2022 06:00,32,13,19,22,11,11,15,10,5,5,1,4,,,,26,13,13,,,,,,,,,
26/01/2022 07:00,81,41,40,24,7,17,21,10,11,14,8,6,,,,39,24,15,,,,,,,,,
26/01/2022 08:00,115,52,63,57,33,24,40,24,16,35,12,23,,,,96,63,33,,,,,,,,,
26/01/2022 09:00,138,74,64,48,23,25,33,16,17,18,11,7,,,,89,48,41,,,,,,,,,
26/01/2022 10:00,164,85,79,41,22,19,31,17,14,32,18,14,,,,53,31,22,,,,,,,,,
26/01/2022 11:00,202,107,95,65,39,26,26,12,14,40,23,17,,,,54,35,19,,,,,,,,,
26/01/2022 12:00,257,127,130,61,25,36,42,28,14,31,15,16,,,,94,57,37,,,,,,,,,
26/01/2022 13:00,257,133,124,76,39,37,64,38,26,48,22,26,,,,146,87,59,,,,,,,,,
26/01/2022 14:00,215,106,109,49,22,27,28,17,11,32,13,19,,,,97,52,45,,,,,,,,,
26/01/2022 15:00,146,75,71,36,15,21,37,21,16,23,15,8,,,,88,39,49,,,,,,,,,
26/01/2022 16:00,164,73,91,64,42,22,37,21,16,31,16,15,,,,58,27,31,,,,,,,,,
26/01/2022 17:00,137,76,61,55,22,33,40,22,18,22,8,14,,,,52,18,34,,,,,,,,,
26/01/2022 18:00,157,75,82,52,22,30,45,23,22,21,11,10,,,,50,31,19,,,,,,,,,
26/01/2022 19:00,152,81,71,55,28,27,42,26,16,21,18,3,,,,54,26,28,,,,,,,,,
26/01/2022 20:00,142,74,68,31,13,18,42,18,24,36,26,10,,,,35,22,13,,,,,,,,,
26/01/2022 21:00,57,35,22,21,11,10,13,6,7,27,21,6,,,,35,18,17,,,,,,,,,
26/01/2022 22:00,17,10,7,12,5,7,5,2,3,13,11,2,,,,9,5,4,,,,,,,,,
26/01/2022 23:00,3,2,1,6,3,3,1,0,1,19,17,2,,,,5,2,3,,,,,,,,,
27/01/2022 00:00,0,0,0,0,0,0,3,1,2,14,10,4,,,,2,0,2,,,,,,,,,
27/01/2022 01:00,0,0,0,1,0,1,0,0,0,7,6,1,,,,0,0,0,,,,,,,,,
27/01/2022 02:00,0,0,0,0,0,0,0,0,0,0,0,0,,,,0,0,0,,,,,,,,,
27/01/2022 03:00,0,0,0,0,0,0,0,0,0,0,0,0,,,,0,0,0,,,,,,,,,
27/01/2022 04:00,0,0,0,0,0,0,0,0,0,0,0,0,,,,0,0,0,,,,,,,,,
27/01/2022 05:00,8,5,3,2,1,1,0,0,0,4,4,0,,,,1,1,0,,,,,,,,,
27/01/2022 06:00,33,14,19,9,3,6,16,11,5,8,4,4,,,,14,11,3,,,,,,,,,
27/01/2022 07:00,70,34,36,27,8,19,26,8,18,18,8,10,,,,50,29,21,,,,,,,,,
27/01/2022 08:00,142,76,66,30,17,13,35,20,15,38,15,23,,,,110,56,54,,,,,,,,,
27/01/2022 09:00,163,87,76,39,16,23,26,16,10,24,11,13,,,,78,36,42,,,,,,,,,
27/01/2022 10:00,154,65,89,31,20,11,27,21,6,27,16,11,,,,77,44,33,,,,,,,,,
27/01/2022 11:00,213,114,99,50,31,19,45,24,21,35,11,24,,,,70,35,35,,,,,,,,,
27/01/2022 12:00,214,116,98,60,35,25,52,23,29,30,14,16,,,,97,58,39,,,,,,,,,
27/01/2022 13:00,243,123,120,67,34,33,85,33,52,39,18,21,,,,144,70,74,,,,,,,,,
27/01/2022 14:00,159,82,77,35,18,17,35,22,13,36,19,17,,,,92,48,44,,,,,,,,,
27/01/2022 15:00,134,63,71,40,14,26,21,11,10,27,16,11,,,,80,35,45,,,,,,,,,
27/01/2022 16:00,128,68,60,57,35,22,37,23,14,32,16,16,,,,88,43,45,,,,,,,,,
27/01/2022 17:00,139,60,79,50,38,12,40,30,10,31,15,16,,,,67,28,39,,,,,,,,,
27/01/2022 18:00,157,87,70,64,34,30,40,20,20,14,9,5,,,,84,45,39,,,,,,,,,
27/01/2022 19:00,167,87,80,59,29,30,49,31,18,8,4,4,,,,78,38,40,,,,,,,,,
27/01/2022 20:00,124,72,52,52,26,26,36,17,19,11,5,6,,,,42,26,16,,,,,,,,,
27/01/2022 21:00,59,28,31,25,11,14,19,7,12,3,1,2,,,,20,10,10,,,,,,,,,
27/01/2022 22:00,22,10,12,5,3,2,3,3,0,6,4,2,,,,14,8,6,,,,,,,,,
27/01/2022 23:00,11,8,3,6,4,2,3,0,3,2,2,0,,,,8,3,5,,,,,,,,,
28/01/2022 00:00,0,0,0,0,0,0,1,1,0,1,1,0,,,,1,0,1,,,,,,,,,
28/01/2022 01:00,4,3,1,0,0,0,1,0,1,2,0,2,,,,0,0,0,,,,,,,,,
28/01/2022 02:00,0,0,0,2,2,0,0,0,0,0,0,0,,,,1,0,1,,,,,,,,,
28/01/2022 03:00,2,1,1,1,1,0,1,1,0,0,0,0,,,,1,1,0,,,,,,,,,
28/01/2022 04:00,0,0,0,0,0,0,0,0,0,1,0,1,,,,0,0,0,,,,,,,,,
28/01/2022 05:00,7,3,4,3,2,1,2,1,1,1,1,0,,,,3,2,1,,,,,,,,,
28/01/2022 06:00,33,15,18,18,12,6,19,11,8,4,1,3,,,,12,6,6,,,,,,,,,
28/01/2022 07:00,67,43,24,28,16,12,22,14,8,13,8,5,,,,45,21,24,,,,,,,,,
28/01/2022 08:00,135,59,76,46,24,22,32,16,16,33,21,12,,,,97,62,35,,,,,,,,,
28/01/2022 09:00,157,77,80,22,10,12,31,19,12,18,7,11,,,,85,47,38,,,,,,,,,
28/01/2022 10:00,165,85,80,33,14,19,25,13,12,23,8,15,,,,78,48,30,,,,,,,,,
28/01/2022 11:00,189,91,98,42,20,22,27,10,17,24,12,12,,,,60,26,34,,,,,,,,,
28/01/2022 12:00,193,99,94,42,21,21,34,24,10,27,10,17,,,,66,40,26,,,,,,,,,
28/01/2022 13:00,175,81,94,48,22,26,43,21,22,37,20,17,,,,130,71,59,,,,,,,,,
28/01/2022 14:00,161,94,67,32,13,19,29,13,16,26,14,12,,,,94,53,41,,,,,,,,,
28/01/2022 15:00,173,81,92,39,17,22,30,13,17,27,16,11,,,,112,49,63,,,,,,,,,
28/01/2022 16:00,161,86,75,34,17,17,24,13,11,46,22,24,,,,75,43,32,,,,,,,,,
28/01/2022 17:00,134,58,76,37,17,20,33,15,18,36,13,23,,,,90,34,56,,,,,,,,,
28/01/2022 18:00,107,56,51,48,18,30,32,14,18,20,9,11,,,,45,28,17,,,,,,,,,
28/01/2022 19:00,107,70,37,46,20,26,31,22,9,20,9,11,,,,48,30,18,,,,,,,,,
28/01/2022 20:00,97,49,48,26,14,12,27,18,9,14,9,5,,,,21,9,12,,,,,,,,,
28/01/2022 21:00,45,28,17,14,5,9,12,8,4,9,6,3,,,,13,4,9,,,,,,,,,
28/01/2022 22:00,28,11,17,3,2,1,6,2,4,5,2,3,,,,6,0,6,,,,,,,,,
28/01/2022 23:00,15,9,6,5,5,0,7,4,3,11,10,1,,,,5,4,1,,,,,,,,,
29/01/2022 00:00,1,0,1,0,0,0,3,0,3,14,6,8,,,,2,1,1,,,,,,,,,
29/01/2022 01:00,1,0,1,0,0,0,0,0,0,8,7,1,,,,0,0,0,,,,,,,,,
29/01/2022 02:00,2,2,0,0,0,0,0,0,0,35,33,2,,,,1,1,0,,,,,,,,,
29/01/2022 03:00,1,1,0,0,0,0,0,0,0,38,36,2,,,,1,1,0,,,,,,,,,
29/01/2022 04:00,1,1,0,1,0,1,0,0,0,44,37,7,,,,3,2,1,,,,,,,,,
29/01/2022 05:00,2,0,2,0,0,0,0,0,0,56,52,4,,,,3,3,0,,,,,,,,,
29/01/2022 06:00,9,1,8,3,2,1,4,1,3,56,51,5,,,,3,0,3,,,,,,,,,
29/01/2022 07:00,40,18,22,7,3,4,19,12,7,9,4,5,,,,11,7,4,,,,,,,,,
29/01/2022 08:00,70,29,41,35,20,15,27,8,19,10,7,3,,,,31,18,13,,,,,,,,,
29/01/2022 09:00,127,59,68,37,22,15,33,17,16,16,5,11,,,,68,41,27,,,,,,,,,
29/01/2022 10:00,156,82,74,58,39,19,33,22,11,54,21,33,,,,92,52,40,,,,,,,,,
29/01/2022 11:00,203,98,105,54,28,26,44,24,20,70,48,22,,,,115,70,45,,,,,,,,,
29/01/2022 12:00,276,141,135,92,42,50,40,30,10,144,71,73,,,,106,49,57,,,,,,,,,
29/01/2022 13:00,284,160,124,67,34,33,63,33,30,52,26,26,,,,101,53,48,,,,,,,,,
29/01/2022 14:00,285,157,128,82,44,38,52,30,22,58,28,30,,,,101,61,40,,,,,,,,,
29/01/2022 15:00,294,149,145,68,45,23,75,44,31,34,18,16,,,,119,62,57,,,,,,,,,
29/01/2022 16:00,281,146,135,66,36,30,53,31,22,35,17,18,,,,119,64,55,,,,,,,,,
29/01/2022 17:00,213,86,127,54,28,26,49,31,18,26,11,15,,,,52,25,27,,,,,,,,,
29/01/2022 18:00,126,68,58,23,9,14,21,8,13,18,9,9,,,,31,19,12,,,,,,,,,
29/01/2022 19:00,78,40,38,21,10,11,21,13,8,16,8,8,,,,16,8,8,,,,,,,,,
29/01/2022 20:00,59,29,30,17,9,8,11,5,6,3,2,1,,,,20,8,12,,,,,,,,,
29/01/2022 21:00,57,34,23,9,6,3,18,9,9,8,5,3,,,,5,2,3,,,,,,,,,
29/01/2022 22:00,59,17,42,9,3,6,10,6,4,17,4,13,,,,2,1,1,,,,,,,,,
29/01/2022 23:00,20,9,11,2,1,1,13,6,7,4,4,0,,,,8,3,5,,,,,,,,,
30/01/2022 00:00,1,0,1,0,0,0,5,1,4,3,1,2,,,,2,2,0,,,,,,,,,
30/01/2022 01:00,0,0,0,3,0,3,1,1,0,4,4,0,,,,1,0,1,,,,,,,,,
30/01/2022 02:00,1,1,0,0,0,0,0,0,0,0,0,0,,,,1,1,0,,,,,,,,,
30/01/2022 03:00,1,0,1,0,0,0,0,0,0,0,0,0,,,,1,1,0,,,,,,,,,
30/01/2022 04:00,0,0,0,0,0,0,0,0,0,0,0,0,,,,0,0,0,,,,,,,,,
30/01/2022 05:00,0,0,0,2,0,2,2,1,1,0,0,0,,,,0,0,0,,,,,,,,,
30/01/2022 06:00,7,1,6,1,0,1,0,0,0,1,1,0,,,,4,3,1,,,,,,,,,
30/01/2022 07:00,29,12,17,5,3,2,7,4,3,2,0,2,,,,21,11,10,,,,,,,,,
30/01/2022 08:00,85,43,42,35,20,15,21,13,8,11,8,3,,,,20,12,8,,,,,,,,,
30/01/2022 09:00,195,94,101,61,28,33,37,23,14,32,13,19,,,,94,60,34,,,,,,,,,
30/01/2022 10:00,318,165,153,91,38,53,65,31,34,52,25,27,,,,118,76,42,,,,,,,,,
30/01/2022 11:00,483,258,225,87,59,28,64,35,29,57,18,39,,,,143,90,53,,,,,,,,,
30/01/2022 12:00,587,324,263,80,42,38,77,34,43,51,23,28,,,,157,79,78,,,,,,,,,
30/01/2022 13:00,588,301,287,104,57,47,77,27,50,98,67,31,,,,122,68,54,,,,,,,,,
30/01/2022 14:00,514,266,248,94,54,40,83,47,36,80,33,47,,,,117,63,54,,,,,,,,,
30/01/2022 15:00,522,251,271,73,39,34,52,24,28,77,46,31,,,,111,67,44,,,,,,,,,
30/01/2022 16:00,342,190,152,55,25,30,39,21,18,43,21,22,,,,66,36,30,,,,,,,,,
30/01/2022 17:00,159,91,68,31,12,19,32,13,19,24,14,10,,,,26,15,11,,,,,,,,,
30/01/2022 18:00,61,29,32,22,11,11,23,10,13,14,7,7,,,,19,7,12,,,,,,,,,
30/01/2022 19:00,38,22,16,11,5,6,17,9,8,4,0,4,,,,11,5,6,,,,,,,,,
30/01/2022 20:00,43,24,19,14,8,6,14,3,11,10,4,6,,,,8,3,5,,,,,,,,,
30/01/2022 21:00,20,12,8,10,4,6,4,0,4,7,6,1,,,,2,1,1,,,,,,,,,
30/01/2022 22:00,2,2,0,5,0,5,6,1,5,1,1,0,,,,2,1,1,,,,,,,,,
30/01/2022 23:00,4,2,2,1,0,1,1,0,1,1,0,1,,,,25,17,8,,,,,,,,,
31/01/2022 00:00,0,0,0,0,0,0,0,0,0,2,0,2,,,,0,0,0,,,,,,,,,
31/01/2022 01:00,1,1,0,0,0,0,2,1,1,0,0,0,,,,0,0,0,,,,,,,,,
31/01/2022 02:00,0,0,0,1,1,0,0,0,0,0,0,0,,,,0,0,0,,,,,,,,,
31/01/2022 03:00,0,0,0,0,0,0,0,0,0,0,0,0,,,,0,0,0,,,,,,,,,
31/01/2022 04:00,0,0,0,0,0,0,0,0,0,0,0,0,,,,0,0,0,,,,,,,,,
31/01/2022 05:00,4,2,2,1,0,1,0,0,0,2,1,1,,,,2,1,1,,,,,,,,,
31/01/2022 06:00,30,14,16,15,9,6,13,7,6,8,4,4,,,,15,10,5,,,,,,,,,
31/01/2022 07:00,47,24,23,21,10,11,19,11,8,16,9,7,,,,42,24,18,,,,,,,,,
31/01/2022 08:00,114,54,60,46,18,28,26,17,9,21,8,13,,,,93,47,46,,,,,,,,,
31/01/2022 09:00,125,54,71,49,30,19,19,10,9,29,14,15,,,,65,31,34,,,,,,,,,
31/01/2022 10:00,145,73,72,30,14,16,22,13,9,20,6,14,,,,75,51,24,,,,,,,,,
31/01/2022 11:00,171,84,87,58,35,23,34,19,15,48,26,22,,,,80,38,42,,,,,,,,,
31/01/2022 12:00,155,88,67,35,14,21,28,11,17,34,17,17,,,,96,59,37,,,,,,,,,
31/01/2022 13:00,152,76,76,44,21,23,45,17,28,38,20,18,,,,113,56,57,,,,,,,,,
31/01/2022 14:00,136,66,70,22,8,14,25,10,15,34,16,18,,,,77,36,41,,,,,,,,,
31/01/2022 15:00,82,43,39,26,13,13,24,11,13,29,13,16,,,,58,29,29,,,,,,,,,
31/01/2022 16:00,110,55,55,38,22,16,27,14,13,31,11,20,,,,57,28,29,,,,,,,,,
31/01/2022 17:00,130,63,67,46,27,19,43,31,12,30,15,15,,,,65,31,34,,,,,,,,,
31/01/2022 18:00,111,63,48,60,35,25,57,33,24,22,13,9,,,,66,39,27,,,,,,,,,
31/01/2022 19:00,132,67,65,56,28,28,35,19,16,18,9,9,,,,58,35,23,,,,,,,,,
31/01/2022 20:00,116,78,38,27,10,17,25,12,13,12,4,8,,,,45,16,29,,,,,,,,,
31/01/2022 21:00,41,23,18,15,7,8,19,9,10,10,6,4,,,,14,6,8,,,,,,,,,
31/01/2022 22:00,19,11,8,7,4,3,8,1,7,6,5,1,,,,4,1,3,,,,,,,,,
31/01/2022 23:00,1,1,0,1,0,1,2,1,1,9,9,0,,,,1,1,0,,,,,,,,,
01/02/2022 00:00,0,0,0,1,0,1,0,0,0,9,9,0,,,,0,0,0,,,,,,,,,
01/02/2022 01:00,0,0,0,1,0,1,0,0,0,16,15,1,,,,0,0,0,,,,,,,,,
01/02/2022 02:00,0,0,0,0,0,0,0,0,0,0,0,0,,,,0,0,0,,,,,,,,,
01/02/2022 03:00,0,0,0,0,0,0,0,0,0,0,0,0,,,,0,0,0,,,,,,,,,
01/02/2022 04:00,0,0,0,0,0,0,0,0,0,1,0,1,,,,0,0,0,,,,,,,,,
01/02/2022 05:00,3,2,1,0,0,0,0,0,0,3,0,3,,,,3,3,0,,,,,,,,,
01/02/2022 06:00,39,18,21,12,6,6,11,7,4,3,3,0,,,,32,20,12,,,,,,,,,
01/02/2022 07:00,76,43,33,35,17,18,16,8,8,16,9,7,,,,42,27,15,,,,,,,,,
01/02/2022 08:00,125,57,68,42,25,17,34,18,16,36,13,23,,,,100,51,49,,,,,,,,,
01/02/2022 09:00,106,56,50,42,24,18,26,14,12,22,13,9,,,,50,26,24,,,,,,,,,
01/02/2022 10:00,89,34,55,22,3,19,18,5,13,30,15,15,,,,23,13,10,,,,,,,,,
01/02/2022 11:00,121,59,62,35,15,20,22,11,11,38,21,17,,,,40,22,18,,,,,,,,,
01/02/2022 12:00,94,59,35,28,10,18,31,16,15,46,30,16,,,,43,26,17,,,,,,,,,
01/02/2022 13:00,147,69,78,41,20,21,31,13,18,39,17,22,,,,79,48,31,,,,,,,,,
01/02/2022 14:00,107,50,57,27,12,15,14,6,8,28,13,15,,,,70,43,27,,,,,,,,,
01/02/2022 15:00,109,62,47,24,13,11,15,7,8,27,11,16,,,,53,23,30,,,,,,,,,
01/02/2022 16:00,105,51,54,29,13,16,24,14,10,33,17,16,,,,52,24,28,,,,,,,,,
01/02/2022 17:00,114,63,51,34,23,11,41,22,19,28,16,12,,,,60,28,32,,,,,,,,,
01/02/2022 18:00,116,53,63,64,29,35,55,26,29,34,13,21,,,,57,32,25,,,,,,,,,
01/02/2022 19:00,137,71,66,81,39,42,39,16,23,17,7,10,,,,180,93,87,,,,,,,,,
01/02/2022 20:00,101,64,37,35,17,18,27,13,14,21,6,15,,,,29,9,20,,,,,,,,,
01/02/2022 21:00,56,34,22,15,6,9,10,4,6,13,10,3,,,,14,6,8,,,,,,,,,
01/02/2022 22:00,21,9,12,6,3,3,5,2,3,3,1,2,,,,8,5,3,,,,,,,,,
01/02/2022 23:00,2,1,1,2,1,1,5,0,5,1,0,1,,,,3,2,1,,,,,,,,,
02/02/2022 00:00,0,0,0,0,0,0,2,2,0,1,0,1,,,,3,1,2,,,,,,,,,
02/02/2022 01:00,1,1,0,0,0,0,2,1,1,0,0,0,,,,0,0,0,,,,,,,,,
02/02/2022 02:00,1,1,0,0,0,0,0,0,0,0,0,0,,,,0,0,0,,,,,,,,,
02/02/2022 03:00,0,0,0,1,1,0,0,0,0,0,0,0,,,,0,0,0,,,,,,,,,
02/02/2022 04:00,0,0,0,0,0,0,0,0,0,1,1,0,,,,0,0,0,,,,,,,,,
02/02/2022 05:00,7,4,3,1,0,1,1,0,1,3,0,3,,,,1,1,0,,,,,,,,,
02/02/2022 06:00,34,16,18,12,7,5,11,7,4,4,2,2,,,,20,9,11,,,,,,,,,
02/02/2022 07:00,71,38,33,35,18,17,23,13,10,16,7,9,,,,52,35,17,,,,,,,,,
02/02/2022 08:00,149,75,74,40,26,14,37,15,22,22,10,12,,,,109,58,51,,,,,,,,,
02/02/2022 09:00,156,74,82,55,26,29,25,14,11,28,20,8,,,,55,22,33,,,,,,,,,
02/02/2022 10:00,146,76,70,26,12,14,23,13,10,23,12,11,,,,55,35,20,,,,,,,,,
02/02/2022 11:00,155,88,67,43,29,14,21,9,12,17,8,9,,,,74,47,27,,,,,,,,,
02/02/2022 12:00,154,78,76,65,33,32,30,16,14,28,16,12,,,,83,44,39,,,,,,,,,
02/02/2022 13:00,184,93,91,49,23,26,39,22,17,39,16,23,,,,139,75,64,,,,,,,,,
02/02/2022 14:00,165,84,81,89,22,67,34,17,17,37,20,17,,,,107,44,63,,,,,,,,,
02/02/2022 15:00,178,88,90,26,12,14,18,6,12,29,15,14,,,,114,37,77,,,,,,,,,
02/02/2022 16:00,97,44,53,41,26,15,35,18,17,36,17,19,,,,87,31,56,,,,,,,,,
02/02/2022 17:00,154,69,85,50,27,23,36,23,13,32,17,15,,,,102,41,61,,,,,,,,,
02/02/2022 18:00,133,65,68,76,44,32,59,32,27,21,10,11,,,,64,39,25,,,,,,,,,
02/02/2022 19:00,159,97,62,56,30,26,63,34,29,25,12,13,,,,44,18,26,,,,,,,,,
02/02/2022 20:00,160,82,78,28,15,13,24,13,11,17,10,7,,,,37,18,19,,,,,,,,,
02/02/2022 21:00,81,41,40,21,12,9,17,6,11,7,2,5,,,,20,7,13,,,,,,,,,
02/02/2022 22:00,21,11,10,7,2,5,6,4,2,5,3,2,,,,7,5,2,,,,,,,,,
02/02/2022 23:00,8,6,2,3,0,3,1,1,0,1,0,1,,,,2,1,1,,,,,,,,,
03/02/2022 00:00,0,0,0,0,0,0,0,0,0,0,0,0,,,,1,1,0,,,,,,,,,
03/02/2022 01:00,3,1,2,0,0,0,0,0,0,0,0,0,,,,1,1,0,,,,,,,,,
03/02/2022 02:00,1,1,0,0,0,0,1,1,0,0,0,0,,,,0,0,0,,,,,,,,,
03/02/2022 03:00,0,0,0,0,0,0,0,0,0,0,0,0,,,,0,0,0,,,,,,,,,
03/02/2022 04:00,0,0,0,1,1,0,1,1,0,0,0,0,,,,0,0,0,,,,,,,,,
03/02/2022 05:00,7,3,4,0,0,0,0,0,0,1,1,0,,,,3,3,0,,,,,,,,,
03/02/2022 06:00,51,20,31,17,9,8,16,9,7,7,1,6,,,,18,12,6,,,,,,,,,
03/02/2022 07:00,85,50,35,35,15,20,27,15,12,12,7,5,,,,45,22,23,,,,,,,,,
03/02/2022 08:00,136,68,68,36,22,14,29,15,14,39,13,26,,,,99,58,41,,,,,,,,,
03/02/2022 09:00,126,61,65,53,31,22,22,15,7,28,15,13,,,,81,47,34,,,,,,,,,
03/02/2022 10:00,128,71,57,33,16,17,28,18,10,24,16,8,,,,56,24,32,,,,,,,,,
03/02/2022 11:00,205,107,98,40,22,18,29,20,9,40,20,20,,,,69,31,38,,,,,,,,,
03/02/2022 12:00,185,91,94,68,35,33,54,29,25,34,22,12,,,,56,29,27,,,,,,,,,
03/02/2022 13:00,196,104,92,54,25,29,51,26,25,66,37,29,,,,98,60,38,,,,,,,,,
03/02/2022 14:00,162,85,77,32,16,16,39,20,19,33,23,10,,,,73,36,37,,,,,,,,,
03/02/2022 15:00,160,73,87,31,14,17,23,12,11,36,19,17,,,,92,42,50,,,,,,,,,
03/02/2022 16:00,143,79,64,30,16,14,27,9,18,33,14,19,,,,62,32,30,,,,,,,,,
03/02/2022 17:00,137,60,77,48,32,16,44,20,24,31,17,14,,,,75,32,43,,,,,,,,,
03/02/2022 18:00,135,70,65,57,31,26,46,23,23,24,9,15,,,,95,51,44,,,,,,,,,
03/02/2022 19:00,116,58,58,45,25,20,48,29,19,16,7,9,,,,71,32,39,,,,,,,,,
03/02/2022 20:00,46,31,15,16,6,10,16,7,9,10,6,4,,,,12,5,7,,,,,,,,,
03/02/2022 21:00,10,7,3,11,3,8,17,12,5,0,0,0,,,,8,3,5,,,,,,,,,
03/02/2022 22:00,6,4,2,1,1,0,6,3,3,3,0,3,,,,6,3,3,,,,,,,,,
03/02/2022 23:00,3,2,1,0,0,0,2,2,0,0,0,0,,,,0,0,0,,,,,,,,,
04/02/2022 00:00,1,1,0,0,0,0,0,0,0,6,2,4,,,,0,0,0,,,,,,,,,
04/02/2022 01:00,0,0,0,0,0,0,0,0,0,2,2,0,,,,1,0,1,,,,,,,,,
04/02/2022 02:00,0,0,0,1,1,0,0,0,0,0,0,0,,,,0,0,0,,,,,,,,,
04/02/2022 03:00,0,0,0,0,0,0,0,0,0,0,0,0,,,,0,0,0,,,,,,,,,
04/02/2022 04:00,0,0,0,0,0,0,0,0,0,0,0,0,,,,0,0,0,,,,,,,,,
04/02/2022 05:00,3,1,2,4,4,0,2,1,1,2,2,0,,,,1,1,0,,,,,,,,,
04/02/2022 06:00,32,16,16,12,5,7,19,13,6,2,2,0,,,,7,7,0,,,,,,,,,
04/02/2022 07:00,71,38,33,40,19,21,19,9,10,20,5,15,,,,34,22,12,,,,,,,,,
04/02/2022 08:00,126,66,60,39,21,18,27,12,15,33,14,19,,,,113,64,49,,,,,,,,,
04/02/2022 09:00,140,77,63,49,26,23,16,8,8,22,11,11,,,,68,33,35,,,,,,,,,
04/02/2022 10:00,158,80,78,39,18,21,17,11,6,38,29,9,,,,50,36,14,,,,,,,,,
04/02/2022 11:00,170,84,86,60,36,24,19,13,6,37,23,14,,,,78,49,29,,,,,,,,,
04/02/2022 12:00,172,92,80,45,16,29,36,18,18,103,53,50,,,,97,51,46,,,,,,,,,
04/02/2022 13:00,156,77,79,47,28,19,44,27,17,37,22,15,,,,94,53,41,,,,,,,,,
04/02/2022 14:00,93,44,49,17,4,13,32,14,18,32,17,15,,,,80,49,31,,,,,,,,,
04/02/2022 15:00,83,37,46,16,9,7,20,10,10,23,13,10,,,,70,27,43,,,,,,,,,
04/02/2022 16:00,104,55,49,28,18,10,22,11,11,31,9,22,,,,84,46,38,,,,,,,,,
04/02/2022 17:00,127,60,67,27,19,8,40,23,17,18,10,8,,,,61,27,34,,,,,,,,,
04/02/2022 18:00,83,50,33,36,21,15,34,19,15,21,4,17,,,,47,30,17,,,,,,,,,
04/02/2022 19:00,78,42,36,39,23,16,19,13,6,15,6,9,,,,35,16,19,,,,,,,,,
04/02/2022 20:00,51,31,20,19,12,7,21,10,11,10,3,7,,,,23,10,13,,,,,,,,,
04/02/2022 21:00,46,31,15,4,1,3,14,5,9,4,4,0,,,,12,7,5,,,,,,,,,
04/02/2022 22:00,7,3,4,3,2,1,10,6,4,3,2,1,,,,2,1,1,,,,,,,,,
04/02/2022 23:00,5,4,1,4,3,1,13,2,11,0,0,0,,,,2,1,1,,,,,,,,,
05/02/2022 00:00,1,1,0,0,0,0,6,5,1,0,0,0,,,,0,0,0,,,,,,,,,
05/02/2022 01:00,0,0,0,0,0,0,1,0,1,1,0,1,,,,1,1,0,,,,,,,,,
05/02/2022 02:00,0,0,0,0,0,0,0,0,0,0,0,0,,,,1,0,1,,,,,,,,,
05/02/2022 03:00,0,0,0,0,0,0,0,0,0,2,2,0,,,,0,0,0,,,,,,,,,
05/02/2022 04:00,1,1,0,0,0,0,0,0,0,0,0,0,,,,1,1,0,,,,,,,,,
05/02/2022 05:00,2,1,1,0,0,0,0,0,0,14,14,0,,,,4,2,2,,,,,,,,,
05/02/2022 06:00,8,3,5,4,3,1,3,1,2,19,18,1,,,,8,3,5,,,,,,,,,
05/02/2022 07:00,35,18,17,11,8,3,13,9,4,56,43,13,,,,16,11,5,,,,,,,,,
05/02/2022 08:00,82,42,40,31,21,10,31,18,13,29,23,6,,,,43,22,21,,,,,,,,,
05/02/2022 09:00,127,70,57,43,21,22,29,18,11,74,56,18,,,,60,35,25,,,,,,,,,
05/02/2022 10:00,142,65,77,48,24,24,44,17,27,138,106,32,,,,94,53,41,,,,,,,,,
05/02/2022 11:00,173,94,79,60,37,23,41,26,15,74,41,33,,,,72,33,39,,,,,,,,,
05/02/2022 12:00,135,75,60,43,19,24,45,25,20,92,67,25,,,,59,39,20,,,,,,,,,
05/02/2022 13:00,99,48,51,47,19,28,28,15,13,21,9,12,,,,36,14,22,,,,,,,,,
05/02/2022 14:00,91,46,45,28,14,14,15,7,8,30,14,16,,,,45,27,18,,,,,,,,,
05/02/2022 15:00,62,28,34,27,14,13,23,16,7,18,7,11,,,,23,9,14,,,,,,,,,
05/02/2022 16:00,61,26,35,10,8,2,15,6,9,31,23,8,,,,21,12,9,,,,,,,,,
05/02/2022 17:00,51,31,20,26,18,8,22,11,11,37,20,17,,,,18,12,6,,,,,,,,,
05/02/2022 18:00,15,8,7,7,3,4,9,4,5,7,3,4,,,,4,1,3,,,,,,,,,
05/02/2022 19:00,40,23,17,6,3,3,15,11,4,7,3,4,,,,8,5,3,,,,,,,,,
05/02/2022 20:00,40,15,25,7,4,3,3,1,2,136,113,23,,,,6,3,3,,,,,,,,,
05/02/2022 21:00,13,6,7,5,3,2,15,12,3,384,367,17,,,,9,5,4,,,,,,,,,
05/02/2022 22:00,15,11,4,2,1,1,4,0,4,191,181,10,,,,1,1,0,,,,,,,,,
05/02/2022 23:00,4,3,1,1,0,1,1,1,0,26,24,2,,,,0,0,0,,,,,,,,,
06/02/2022 00:00,0,0,0,0,0,0,6,0,6,141,136,5,,,,2,2,0,,,,,,,,,
06/02/2022 01:00,0,0,0,2,1,1,0,0,0,0,0,0,,,,1,0,1,,,,,,,,,
06/02/2022 02:00,0,0,0,0,0,0,0,0,0,0,0,0,,,,1,0,1,,,,,,,,,
06/02/2022 03:00,0,0,0,1,0,1,0,0,0,1,0,1,,,,0,0,0,,,,,,,,,
06/02/2022 04:00,0,0,0,0,0,0,0,0,0,2,0,2,,,,0,0,0,,,,,,,,,
06/02/2022 05:00,1,1,0,0,0,0,1,0,1,80,79,1,,,,2,2,0,,,,,,,,,
06/02/2022 06:00,5,1,4,5,3,2,2,2,0,0,0,0,,,,4,2,2,,,,,,,,,
06/02/2022 07:00,20,8,12,6,2,4,7,3,4,7,4,3,,,,9,7,2,,,,,,,,,
06/02/2022 08:00,71,31,40,20,13,7,20,11,9,14,9,5,,,,19,8,11,,,,,,,,,
06/02/2022 09:00,134,73,61,29,18,11,27,17,10,20,10,10,,,,59,28,31,,,,,,,,,
06/02/2022 10:00,236,121,115,58,33,25,52,33,19,22,13,9,,,,94,66,28,,,,,,,,,
06/02/2022 11:00,336,177,159,83,40,43,70,41,29,86,46,40,,,,153,91,62,,,,,,,,,
06/02/2022 12:00,435,224,211,75,37,38,63,30,33,92,51,41,,,,127,79,48,,,,,,,,,
06/02/2022 13:00,459,241,218,69,37,32,64,38,26,103,69,34,,,,110,67,43,,,,,,,,,
06/02/2022 14:00,436,245,191,74,33,41,83,48,35,77,45,32,,,,110,62,48,,,,,,,,,
06/02/2022 15:00,314,164,150,63,40,23,31,21,10,42,22,20,,,,77,40,37,,,,,,,,,
06/02/2022 16:00,305,169,136,63,41,22,57,34,23,39,21,18,,,,94,58,36,,,,,,,,,
06/02/2022 17:00,194,91,103,50,28,22,40,17,23,32,16,16,,,,53,26,27,,,,,,,,,
06/02/2022 18:00,67,35,32,52,20,32,25,11,14,16,9,7,,,,35,20,15,,,,,,,,,
06/02/2022 19:00,52,22,30,8,4,4,20,4,16,13,7,6,,,,12,6,6,,,,,,,,,
06/02/2022 20:00,44,20,24,17,12,5,12,7,5,7,3,4,,,,5,2,3,,,,,,,,,
06/02/2022 21:00,20,14,6,15,5,10,9,5,4,8,4,4,,,,10,4,6,,,,,,,,,
06/02/2022 22:00,15,7,8,2,1,1,5,2,3,3,2,1,,,,1,1,0,,,,,,,,,
06/02/2022 23:00,1,1,0,0,0,0,2,0,2,1,0,1,,,,1,0,1,,,,,,,,,
07/02/2022 00:00,0,0,0,0,0,0,1,0,1,2,0,2,,,,0,0,0,,,,,,,,,
07/02/2022 01:00,2,0,2,0,0,0,0,0,0,0,0,0,,,,1,1,0,,,,,,,,,
07/02/2022 02:00,0,0,0,0,0,0,0,0,0,0,0,0,,,,0,0,0,,,,,,,,,
07/02/2022 03:00,0,0,0,0,0,0,0,0,0,0,0,0,,,,0,0,0,,,,,,,,,
07/02/2022 04:00,0,0,0,0,0,0,0,0,0,0,0,0,,,,0,0,0,,,,,,,,,
07/02/2022 05:00,6,3,3,1,1,0,0,0,0,1,1,0,,,,4,2,2,,,,,,,,,
07/02/2022 06:00,51,22,29,18,10,8,13,8,5,9,3,6,,,,12,6,6,,,,,,,,,
07/02/2022 07:00,63,27,36,23,10,13,19,11,8,10,5,5,,,,29,16,13,,,,,,,,,
07/02/2022 08:00,132,64,68,36,15,21,21,13,8,26,10,16,,,,101,56,45,,,,,,,,,
07/02/2022 09:00,126,65,61,43,25,18,26,15,11,27,10,17,,,,58,31,27,,,,,,,,,
07/02/2022 10:00,131,58,73,34,13,21,22,16,6,27,17,10,,,,76,50,26,,,,,,,,,
07/02/2022 11:00,171,80,91,30,15,15,22,17,5,26,15,11,,,,63,30,33,,,,,,,,,
07/02/2022 12:00,177,89,88,26,9,17,46,23,23,38,18,20,,,,71,46,25,,,,,,,,,
07/02/2022 13:00,164,82,82,40,23,17,38,20,18,37,19,18,,,,69,30,39,,,,,,,,,
07/02/2022 14:00,118,61,57,33,13,20,24,14,10,33,17,16,,,,82,58,24,,,,,,,,,
07/02/2022 15:00,140,77,63,25,11,14,24,7,17,28,15,13,,,,88,36,52,,,,,,,,,
07/02/2022 16:00,148,80,68,28,18,10,25,10,15,34,19,15,,,,72,31,41,,,,,,,,,
07/02/2022 17:00,177,75,102,47,29,18,48,24,24,26,12,14,,,,75,26,49,,,,,,,,,
07/02/2022 18:00,181,106,75,44,23,21,52,37,15,26,11,15,,,,43,25,18,,,,,,,,,
07/02/2022 19:00,121,54,67,38,21,17,39,24,15,19,10,9,,,,54,30,24,,,,,,,,,
07/02/2022 20:00,122,76,46,33,14,19,17,8,9,22,14,8,,,,36,13,23,,,,,,,,,
07/02/2022 21:00,47,27,20,17,3,14,20,11,9,8,1,7,,,,13,5,8,,,,,,,,,
07/02/2022 22:00,15,7,8,10,2,8,7,3,4,14,11,3,,,,2,0,2,,,,,,,,,
07/02/2022 23:00,2,2,0,1,1,0,4,1,3,4,3,1,,,,0,0,0,,,,,,,,,
08/02/2022 00:00,0,0,0,1,0,1,0,0,0,46,45,1,,,,0,0,0,,,,,,,,,
08/02/2022 01:00,0,0,0,0,0,0,0,0,0,0,0,0,,,,0,0,0,,,,,,,,,
08/02/2022 02:00,0,0,0,0,0,0,2,1,1,0,0,0,,,,0,0,0,,,,,,,,,
08/02/2022 03:00,2,2,0,0,0,0,0,0,0,0,0,0,,,,0,0,0,,,,,,,,,
08/02/2022 04:00,0,0,0,0,0,0,0,0,0,0,0,0,,,,0,0,0,,,,,,,,,
08/02/2022 05:00,8,2,6,1,1,0,0,0,0,2,1,1,,,,3,2,1,,,,,,,,,
08/02/2022 06:00,34,18,16,16,9,7,16,10,6,9,5,4,,,,29,19,10,,,,,,,,,
08/02/2022 07:00,94,44,50,29,11,18,26,14,12,16,7,9,,,,42,21,21,,,,,,,,,
08/02/2022 08:00,142,67,75,29,12,17,30,19,11,30,9,21,,,,105,56,49,,,,,,,,,
08/02/2022 09:00,118,68,50,39,25,14,22,13,9,30,18,12,,,,69,29,40,,,,,,,,,
08/02/2022 10:00,68,36,32,21,12,9,22,9,13,17,7,10,,,,27,15,12,,,,,,,,,
08/02/2022 11:00,54,29,25,14,3,11,22,12,10,16,7,9,,,,22,10,12,,,,,,,,,
08/02/2022 12:00,77,41,36,25,13,12,15,6,9,32,19,13,,,,36,22,14,,,,,,,,,
08/02/2022 13:00,110,50,60,30,14,16,34,13,21,32,18,14,,,,39,24,15,,,,,,,,,
08/02/2022 14:00,55,28,27,14,6,8,14,7,7,18,9,9,,,,33,20,13,,,,,,,,,
08/02/2022 15:00,63,35,28,24,13,11,20,10,10,16,8,8,,,,52,25,27,,,,,,,,,
08/02/2022 16:00,63,32,31,22,13,9,14,8,6,20,11,9,,,,35,19,16,,,,,,,,,
08/02/2022 17:00,75,39,36,44,19,25,26,16,10,20,12,8,,,,35,15,20,,,,,,,,,
08/02/2022 18:00,78,40,38,37,12,25,30,13,17,16,11,5,,,,51,24,27,,,,,,,,,
08/02/2022 19:00,64,36,28,40,20,20,27,13,14,16,3,13,,,,34,18,16,,,,,,,,,
08/02/2022 20:00,56,35,21,22,6,16,9,6,3,12,8,4,,,,10,5,5,,,,,,,,,
08/02/2022 21:00,32,14,18,8,2,6,10,5,5,5,4,1,,,,9,5,4,,,,,,,,,
08/02/2022 22:00,6,4,2,6,3,3,7,5,2,6,2,4,,,,3,2,1,,,,,,,,,
08/02/2022 23:00,1,1,0,3,2,1,1,1,0,0,0,0,,,,3,1,2,,,,,,,,,
09/02/2022 00:00,0,0,0,0,0,0,0,0,0,3,2,1,,,,2,2,0,,,,,,,,,
09/02/2022 01:00,2,1,1,0,0,0,1,0,1,0,0,0,,,,0,0,0,,,,,,,,,
09/02/2022 02:00,0,0,0,0,0,0,2,2,0,0,0,0,,,,0,0,0,,,,,,,,,
09/02/2022 03:00,0,0,0,0,0,0,0,0,0,0,0,0,,,,0,0,0,,,,,,,,,
09/02/2022 04:00,0,0,0,0,0,0,0,0,0,0,0,0,,,,0,0,0,,,,,,,,,
09/02/2022 05:00,3,1,2,3,1,2,1,0,1,1,1,0,,,,2,2,0,,,,,,,,,
09/02/2022 06:00,37,16,21,13,7,6,8,5,3,3,1,2,,,,11,7,4,,,,,,,,,
09/02/2022 07:00,78,41,37,35,15,20,24,10,14,11,4,7,,,,45,27,18,,,,,,,,,
09/02/2022 08:00,135,67,68,52,24,28,26,16,10,35,16,19,,,,132,82,50,,,,,,,,,
09/02/2022 09:00,153,82,71,67,32,35,20,12,8,20,11,9,,,,79,41,38,,,,,,,,,
09/02/2022 10:00,165,82,83,45,31,14,28,21,7,38,27,11,,,,70,43,27,,,,,,,,,
09/02/2022 11:00,141,56,85,43,24,19,15,9,6,33,15,18,,,,83,42,41,,,,,,,,,
09/02/2022 12:00,206,103,103,52,24,28,25,14,11,32,22,10,,,,82,39,43,,,,,,,,,
09/02/2022 13:00,186,95,91,66,33,33,54,25,29,51,28,23,,,,110,70,40,,,,,,,,,
09/02/2022 14:00,156,69,87,31,12,19,31,14,17,25,13,12,,,,91,53,38,,,,,,,,,
09/02/2022 15:00,174,89,85,26,10,16,28,9,19,11,6,5,,,,82,32,50,,,,,,,,,
09/02/2022 16:00,144,78,66,54,32,22,38,22,16,45,25,20,,,,58,28,30,,,,,,,,,
09/02/2022 17:00,135,66,69,49,25,24,42,25,17,26,13,13,,,,98,44,54,,,,,,,,,
09/02/2022 18:00,100,58,42,55,18,37,45,24,21,19,12,7,,,,66,42,24,,,,,,,,,
09/02/2022 19:00,99,53,46,31,16,15,28,19,9,12,5,7,,,,50,31,19,,,,,,,,,
09/02/2022 20:00,106,56,50,28,13,15,30,20,10,8,3,5,,,,30,16,14,,,,,,,,,
09/02/2022 21:00,47,25,22,11,9,2,17,8,9,5,3,2,,,,7,1,6,,,,,,,,,
09/02/2022 22:00,15,9,6,9,5,4,13,6,7,6,3,3,,,,5,2,3,,,,,,,,,
09/02/2022 23:00,5,4,1,0,0,0,2,2,0,2,2,0,,,,2,1,1,,,,,,,,,
10/02/2022 00:00,0,0,0,0,0,0,5,1,4,0,0,0,,,,0,0,0,,,,,,,,,
10/02/2022 01:00,0,0,0,1,1,0,0,0,0,0,0,0,,,,0,0,0,,,,,,,,,
10/02/2022 02:00,0,0,0,2,1,1,3,0,3,0,0,0,,,,0,0,0,,,,,,,,,
10/02/2022 03:00,0,0,0,0,0,0,0,0,0,0,0,0,,,,1,1,0,,,,,,,,,
10/02/2022 04:00,0,0,0,0,0,0,0,0,0,0,0,0,,,,0,0,0,,,,,,,,,
10/02/2022 05:00,8,3,5,0,0,0,0,0,0,2,1,1,,,,4,3,1,,,,,,,,,
10/02/2022 06:00,33,16,17,8,3,5,9,6,3,5,1,4,,,,13,8,5,,,,,,,,,
10/02/2022 07:00,79,37,42,35,16,19,17,10,7,8,3,5,,,,32,19,13,,,,,,,,,
10/02/2022 08:00,137,63,74,41,27,14,29,15,14,35,10,25,,,,107,52,55,,,,,,,,,
10/02/2022 09:00,122,58,64,32,19,13,16,6,10,27,15,12,,,,66,28,38,,,,,,,,,
10/02/2022 10:00,112,59,53,45,21,24,21,19,2,30,14,16,,,,67,39,28,,,,,,,,,
10/02/2022 11:00,188,95,93,52,22,30,32,19,13,34,17,17,,,,51,29,22,,,,,,,,,
10/02/2022 12:00,193,102,91,49,29,20,36,23,13,41,24,17,,,,64,37,27,,,,,,,,,
10/02/2022 13:00,223,126,97,60,28,32,51,33,18,42,26,16,,,,116,63,53,,,,,,,,,
10/02/2022 14:00,155,85,70,26,13,13,27,17,10,24,10,14,,,,105,55,50,,,,,,,,,
10/02/2022 15:00,90,44,46,17,9,8,14,5,9,23,13,10,,,,53,27,26,,,,,,,,,
10/02/2022 16:00,110,60,50,28,16,12,34,16,18,26,16,10,,,,69,34,35,,,,,,,,,
10/02/2022 17:00,100,45,55,50,29,21,49,31,18,28,17,11,,,,82,41,41,,,,,,,,,
10/02/2022 18:00,105,53,52,50,28,22,30,21,9,18,9,9,,,,58,34,24,,,,,,,,,
10/02/2022 19:00,99,50,49,41,22,19,35,20,15,9,7,2,,,,77,43,34,,,,,,,,,
10/02/2022 20:00,76,45,31,25,11,14,25,14,11,8,4,4,,,,28,18,10,,,,,,,,,
10/02/2022 21:00,48,21,27,10,4,6,11,2,9,4,3,1,,,,13,3,10,,,,,,,,,
10/02/2022 22:00,20,17,3,5,3,2,6,3,3,5,1,4,,,,6,3,3,,,,,,,,,
10/02/2022 23:00,3,1,2,4,2,2,3,2,1,1,1,0,,,,1,1,0,,,,,,,,,
11/02/2022 00:00,0,0,0,0,0,0,1,1,0,0,0,0,,,,0,0,0,,,,,,,,,
11/02/2022 01:00,1,1,0,0,0,0,0,0,0,0,0,0,,,,1,1,0,,,,,,,,,
11/02/2022 02:00,0,0,0,0,0,0,0,0,0,0,0,0,,,,1,0,1,,,,,,,,,
11/02/2022 03:00,0,0,0,0,0,0,0,0,0,0,0,0,,,,0,0,0,,,,,,,,,
11/02/2022 04:00,0,0,0,2,1,1,0,0,0,1,1,0,,,,4,4,0,,,,,,,,,
11/02/2022 05:00,2,1,1,0,0,0,2,1,1,0,0,0,,,,2,2,0,,,,,,,,,
11/02/2022 06:00,23,11,12,16,9,7,18,10,8,1,0,1,,,,9,6,3,,,,,,,,,
11/02/2022 07:00,66,37,29,39,17,22,20,11,9,16,7,9,,,,38,23,15,,,,,,,,,
11/02/2022 08:00,123,61,62,38,16,22,26,12,14,25,13,12,,,,89,49,40,,,,,,,,,
11/02/2022 09:00,143,67,76,42,25,17,17,12,5,26,15,11,,,,74,38,36,,,,,,,,,
11/02/2022 10:00,157,84,73,36,17,19,21,13,8,25,13,12,,,,104,63,41,,,,,,,,,
11/02/2022 11:00,162,84,78,43,26,17,28,14,14,33,17,16,,,,48,29,19,,,,,,,,,
11/02/2022 12:00,186,89,97,43,23,20,58,36,22,27,13,14,,,,47,21,26,,,,,,,,,
11/02/2022 13:00,222,111,111,55,32,23,44,28,16,47,22,25,,,,135,76,59,,,,,,,,,
11/02/2022 14:00,138,73,65,48,25,23,21,13,8,32,17,15,,,,104,55,49,,,,,,,,,
11/02/2022 15:00,151,72,79,43,25,18,28,12,16,17,9,8,,,,87,43,44,,,,,,,,,
11/02/2022 16:00,128,66,62,53,29,24,33,12,21,27,13,14,,,,88,40,48,,,,,,,,,
11/02/2022 17:00,115,54,61,49,27,22,33,16,17,30,15,15,,,,44,19,25,,,,,,,,,
11/02/2022 18:00,108,51,57,42,20,22,44,23,21,15,9,6,,,,25,14,11,,,,,,,,,
11/02/2022 19:00,71,44,27,34,19,15,17,7,10,16,8,8,,,,20,10,10,,,,,,,,,
11/02/2022 20:00,50,24,26,20,11,9,19,12,7,5,3,2,,,,12,6,6,,,,,,,,,
11/02/2022 21:00,16,12,4,11,3,8,12,7,5,23,20,3,,,,4,2,2,,,,,,,,,
11/02/2022 22:00,19,9,10,14,5,9,9,2,7,179,170,9,,,,7,2,5,,,,,,,,,
11/02/2022 23:00,9,6,3,3,0,3,2,1,1,25,22,3,,,,1,1,0,,,,,,,,,
12/02/2022 00:00,0,0,0,1,0,1,9,1,8,8,8,0,,,,2,1,1,,,,,,,,,
12/02/2022 01:00,3,1,2,1,0,1,1,0,1,0,0,0,,,,0,0,0,,,,,,,,,
12/02/2022 02:00,1,0,1,1,1,0,0,0,0,0,0,0,,,,0,0,0,,,,,,,,,
12/02/2022 03:00,1,1,0,0,0,0,2,2,0,1,1,0,,,,1,0,1,,,,,,,,,
12/02/2022 04:00,0,0,0,0,0,0,0,0,0,0,0,0,,,,0,0,0,,,,,,,,,
12/02/2022 05:00,0,0,0,0,0,0,0,0,0,8,8,0,,,,1,1,0,,,,,,,,,
12/02/2022 06:00,15,5,10,3,3,0,1,0,1,2,2,0,,,,8,2,6,,,,,,,,,
12/02/2022 07:00,41,24,17,10,6,4,10,4,6,4,2,2,,,,20,11,9,,,,,,,,,
12/02/2022 08:00,73,31,42,33,16,17,24,13,11,8,2,6,,,,37,22,15,,,,,,,,,
12/02/2022 09:00,123,52,71,55,31,24,36,18,18,14,9,5,,,,100,53,47,,,,,,,,,
12/02/2022 10:00,200,114,86,79,35,44,42,22,20,45,19,26,,,,148,88,60,,,,,,,,,
12/02/2022 11:00,232,117,115,63,27,36,65,35,30,55,35,20,,,,134,73,61,,,,,,,,,
12/02/2022 12:00,273,125,148,74,48,26,62,33,29,53,28,25,,,,111,64,47,,,,,,,,,
12/02/2022 13:00,260,141,119,62,30,32,60,37,23,43,26,17,,,,108,45,63,,,,,,,,,
12/02/2022 14:00,268,129,139,72,40,32,52,24,28,44,15,29,,,,96,63,33,,,,,,,,,
12/02/2022 15:00,310,165,145,74,22,52,45,19,26,36,19,17,,,,113,77,36,,,,,,,,,
12/02/2022 16:00,200,86,114,67,46,21,44,22,22,26,12,14,,,,88,43,45,,,,,,,,,
12/02/2022 17:00,197,116,81,32,14,18,33,13,20,29,12,17,,,,67,28,39,,,,,,,,,
12/02/2022 18:00,116,55,61,21,5,16,29,14,15,15,6,9,,,,17,11,6,,,,,,,,,
12/02/2022 19:00,108,59,49,14,7,7,24,14,10,15,6,9,,,,22,15,7,,,,,,,,,
12/02/2022 20:00,74,38,36,18,14,4,17,9,8,8,5,3,,,,14,6,8,,,,,,,,,
12/02/2022 21:00,59,32,27,4,2,2,29,18,11,4,3,1,,,,5,2,3,,,,,,,,,
12/02/2022 22:00,34,17,17,10,1,9,10,5,5,8,5,3,,,,2,1,1,,,,,,,,,
12/02/2022 23:00,102,41,61,7,3,4,9,2,7,4,2,2,,,,1,0,1,,,,,,,,,
13/02/2022 00:00,0,0,0,0,0,0,5,2,3,5,1,4,,,,1,1,0,,,,,,,,,
13/02/2022 01:00,1,0,1,3,2,1,5,1,4,2,0,2,,,,2,1,1,,,,,,,,,
13/02/2022 02:00,2,1,1,1,1,0,1,0,1,0,0,0,,,,0,0,0,,,,,,,,,
13/02/2022 03:00,1,1,0,1,0,1,0,0,0,0,0,0,,,,1,0,1,,,,,,,,,
13/02/2022 04:00,0,0,0,1,1,0,0,0,0,0,0,0,,,,1,1,0,,,,,,,,,
13/02/2022 05:00,0,0,0,0,0,0,0,0,0,0,0,0,,,,0,0,0,,,,,,,,,
13/02/2022 06:00,0,0,0,4,2,2,0,0,0,0,0,0,,,,2,1,1,,,,,,,,,
13/02/2022 07:00,0,0,0,7,6,1,4,3,1,1,1,0,,,,1,0,1,,,,,,,,,
13/02/2022 08:00,0,0,0,23,13,10,24,15,9,9,5,4,,,,26,17,9,,,,,,,,,
13/02/2022 09:00,0,0,0,24,12,12,24,13,11,17,10,7,,,,53,24,29,,,,,,,,,
13/02/2022 10:00,0,0,0,43,23,20,37,20,17,17,11,6,,,,100,61,39,,,,,,,,,
13/02/2022 11:00,20,17,3,74,48,26,46,24,22,23,12,11,,,,91,57,34,,,,,,,,,
13/02/2022 12:00,18,14,4,91,49,42,64,39,25,42,19,23,,,,108,64,44,,,,,,,,,
13/02/2022 13:00,32,28,4,74,31,43,69,40,29,50,19,31,,,,107,57,50,,,,,,,,,
13/02/2022 14:00,21,20,1,64,44,20,62,34,28,52,26,26,,,,127,74,53,,,,,,,,,
13/02/2022 15:00,18,16,2,88,38,50,48,27,21,51,20,31,,,,108,55,53,,,,,,,,,
13/02/2022 16:00,11,5,6,51,28,23,42,21,21,32,17,15,,,,62,30,32,,,,,,,,,
13/02/2022 17:00,4,4,0,28,11,17,22,17,5,24,12,12,,,,26,15,11,,,,,,,,,
13/02/2022 18:00,3,3,0,19,11,8,21,9,12,8,3,5,,,,26,14,12,,,,,,,,,
13/02/2022 19:00,0,0,0,27,12,15,13,6,7,6,2,4,,,,21,12,9,,,,,,,,,
13/02/2022 20:00,0,0,0,24,12,12,11,3,8,8,5,3,,,,9,4,5,,,,,,,,,
13/02/2022 21:00,0,0,0,6,4,2,5,3,2,1,1,0,,,,6,2,4,,,,,,,,,
13/02/2022 22:00,0,0,0,4,0,4,4,1,3,4,4,0,,,,2,1,1,,,,,,,,,
13/02/2022 23:00,0,0,0,4,1,3,0,0,0,1,1,0,,,,1,0,1,,,,,,,,,
14/02/2022 00:00,0,0,0,1,0,1,1,0,1,1,1,0,,,,0,0,0,,,,,,,,,
14/02/2022 01:00,0,0,0,0,0,0,0,0,0,0,0,0,,,,0,0,0,,,,,,,,,
14/02/2022 02:00,0,0,0,0,0,0,2,1,1,0,0,0,,,,0,0,0,,,,,,,,,
14/02/2022 03:00,0,0,0,1,0,1,0,0,0,0,0,0,,,,0,0,0,,,,,,,,,
14/02/2022 04:00,0,0,0,0,0,0,0,0,0,0,0,0,,,,0,0,0,,,,,,,,,
14/02/2022 05:00,0,0,0,2,2,0,0,0,0,2,1,1,,,,1,1,0,,,,,,,,,
14/02/2022 06:00,0,0,0,22,10,12,22,11,11,4,2,2,,,,13,10,3,,,,,,,,,
14/02/2022 07:00,0,0,0,16,7,9,11,2,9,21,13,8,,,,54,30,24,,,,,,,,,
14/02/2022 08:00,4,2,2,30,13,17,21,11,10,33,15,18,,,,104,51,53,,,,,,,,,
14/02/2022 09:00,103,54,49,44,21,23,19,13,6,39,18,21,,,,78,40,38,,,,,,,,,
14/02/2022 10:00,132,66,66,36,21,15,22,8,14,35,15,20,,,,64,32,32,,,,,,,,,
14/02/2022 11:00,123,72,51,30,14,16,23,15,8,35,25,10,,,,33,20,13,,,,,,,,,
14/02/2022 12:00,127,56,71,33,16,17,34,14,20,35,12,23,,,,63,41,22,,,,,,,,,
14/02/2022 13:00,178,88,90,75,31,44,43,22,21,44,22,22,,,,92,50,42,,,,,,,,,
14/02/2022 14:00,140,66,74,33,19,14,27,23,4,44,23,21,,,,84,43,41,,,,,,,,,
14/02/2022 15:00,125,61,64,30,11,19,29,12,17,32,11,21,,,,77,44,33,,,,,,,,,
14/02/2022 16:00,131,71,60,30,19,11,20,7,13,33,13,20,,,,63,28,35,,,,,,,,,
14/02/2022 17:00,136,77,59,33,19,14,40,24,16,28,14,14,,,,61,33,28,,,,,,,,,
14/02/2022 18:00,142,74,68,53,32,21,32,19,13,23,10,13,,,,48,30,18,,,,,,,,,
14/02/2022 19:00,125,66,59,52,23,29,32,24,8,12,8,4,,,,48,23,25,,,,,,,,,
14/02/2022 20:00,99,55,44,21,17,4,20,8,12,9,5,4,,,,18,10,8,,,,,,,,,
14/02/2022 21:00,52,30,22,15,4,11,15,9,6,7,6,1,,,,6,3,3,,,,,,,,,
14/02/2022 22:00,20,10,10,6,2,4,3,1,2,3,2,1,,,,4,1,3,,,,,,,,,
14/02/2022 23:00,9,6,3,1,0,1,3,2,1,4,3,1,,,,2,0,2,,,,,,,,,
15/02/2022 00:00,0,0,0,1,1,0,2,1,1,2,2,0,,,,0,0,0,,,,,,,,,
15/02/2022 01:00,0,0,0,2,1,1,0,0,0,3,3,0,,,,0,0,0,,,,,,,,,
15/02/2022 02:00,0,0,0,0,0,0,0,0,0,1,1,0,,,,0,0,0,,,,,,,,,
15/02/2022 03:00,3,2,1,0,0,0,0,0,0,131,103,28,,,,0,0,0,,,,,,,,,
15/02/2022 04:00,0,0,0,0,0,0,1,1,0,53,39,14,,,,0,0,0,,,,,,,,,
15/02/2022 05:00,4,3,1,1,1,0,0,0,0,75,61,14,,,,0,0,0,,,,,,,,,
15/02/2022 06:00,30,19,11,1,1,0,10,6,4,15,14,1,,,,12,9,3,,,,,,,,,
15/02/2022 07:00,53,24,29,20,8,12,20,15,5,24,11,13,,,,51,26,25,,,,,,,,,
15/02/2022 08:00,128,63,65,30,16,14,28,11,17,55,24,31,,,,91,51,40,,,,,,,,,
15/02/2022 09:00,105,48,57,51,28,23,34,23,11,25,13,12,,,,46,24,22,,,,,,,,,
15/02/2022 10:00,120,67,53,22,16,6,26,14,12,21,11,10,,,,52,33,19,,,,,,,,,
15/02/2022 11:00,129,72,57,27,13,14,22,11,11,30,12,18,,,,61,34,27,,,,,,,,,
15/02/2022 12:00,152,76,76,45,18,27,59,31,28,30,13,17,,,,57,35,22,,,,,,,,,
15/02/2022 13:00,170,81,89,36,16,20,32,15,17,40,26,14,,,,99,55,44,,,,,,,,,
15/02/2022 14:00,135,64,71,45,25,20,20,7,13,26,16,10,,,,105,60,45,,,,,,,,,
15/02/2022 15:00,159,68,91,29,15,14,32,14,18,21,14,7,,,,80,28,52,,,,,,,,,
15/02/2022 16:00,118,71,47,38,22,16,34,22,12,52,25,27,,,,69,33,36,,,,,,,,,
15/02/2022 17:00,142,63,79,43,24,19,41,24,17,35,16,19,,,,63,27,36,,,,,,,,,
15/02/2022 18:00,120,68,52,41,20,21,55,28,27,22,12,10,,,,60,34,26,,,,,,,,,
15/02/2022 19:00,80,43,37,59,32,27,39,19,20,7,5,2,,,,31,14,17,,,,,,,,,
15/02/2022 20:00,52,34,18,5,3,2,16,4,12,12,5,7,,,,18,10,8,,,,,,,,,
15/02/2022 21:00,28,13,15,13,10,3,7,4,3,3,2,1,,,,15,7,8,,,,,,,,,
15/02/2022 22:00,12,8,4,7,2,5,6,2,4,11,10,1,,,,1,0,1,,,,,,,,,
15/02/2022 23:00,5,2,3,1,0,1,1,0,1,63,46,17,,,,2,1,1,,,,,,,,,
16/02/2022 00:00,0,0,0,0,0,0,1,0,1,116,91,25,,,,0,0,0,,,,,,,,,
16/02/2022 01:00,0,0,0,0,0,0,0,0,0,119,91,28,,,,0,0,0,,,,,,,,,
16/02/2022 02:00,1,1,0,0,0,0,0,0,0,12,8,4,,,,0,0,0,,,,,,,,,
16/02/2022 03:00,0,0,0,0,0,0,0,0,0,130,96,34,,,,0,0,0,,,,,,,,,
16/02/2022 04:00,0,0,0,0,0,0,0,0,0,187,138,49,,,,0,0,0,,,,,,,,,
16/02/2022 05:00,4,3,1,2,1,1,3,2,1,56,44,12,,,,2,2,0,,,,,,,,,
16/02/2022 06:00,19,6,13,7,3,4,5,3,2,116,95,21,,,,7,6,1,,,,,,,,,
16/02/2022 07:00,52,24,28,17,10,7,13,5,8,149,127,22,,,,39,25,14,,,,,,,,,
16/02/2022 08:00,110,57,53,42,15,27,23,13,10,80,59,21,,,,84,41,43,,,,,,,,,
16/02/2022 09:00,96,48,48,41,17,24,19,14,5,27,13,14,,,,65,40,25,,,,,,,,,
16/02/2022 10:00,110,57,53,39,20,19,25,15,10,40,30,10,,,,72,33,39,,,,,,,,,
16/02/2022 11:00,87,51,36,24,10,14,18,10,8,36,13,23,,,,40,20,20,,,,,,,,,
16/02/2022 12:00,57,31,26,19,9,10,9,4,5,32,21,11,,,,34,21,13,,,,,,,,,
16/02/2022 13:00,36,21,15,8,6,2,8,4,4,37,25,12,,,,16,7,9,,,,,,,,,
16/02/2022 14:00,18,13,5,10,6,4,11,7,4,11,11,0,,,,21,10,11,,,,,,,,,
16/02/2022 15:00,47,22,25,16,7,9,16,7,9,15,7,8,,,,33,18,15,,,,,,,,,
16/02/2022 16:00,84,46,38,20,13,7,12,6,6,18,6,12,,,,48,22,26,,,,,,,,,
16/02/2022 17:00,112,54,58,34,24,10,27,14,13,36,21,15,,,,58,30,28,,,,,,,,,
16/02/2022 18:00,73,42,31,33,12,21,27,12,15,67,53,14,,,,44,24,20,,,,,,,,,
16/02/2022 19:00,68,31,37,30,14,16,29,13,16,8,5,3,,,,34,18,16,,,,,,,,,
16/02/2022 20:00,51,26,25,12,5,7,15,6,9,4,2,2,,,,24,13,11,,,,,,,,,
16/02/2022 21:00,16,10,6,9,5,4,7,2,5,7,5,2,,,,2,1,1,,,,,,,,,
16/02/2022 22:00,10,5,5,2,1,1,8,4,4,3,1,2,,,,1,1,0,,,,,,,,,
16/02/2022 23:00,2,2,0,0,0,0,7,3,4,3,2,1,,,,2,2,0,,,,,,,,,
17/02/2022 00:00,0,0,0,0,0,0,1,0,1,0,0,0,,,,0,0,0,,,,,,,,,
17/02/2022 01:00,0,0,0,0,0,0,0,0,0,0,0,0,,,,2,1,1,,,,,,,,,
17/02/2022 02:00,0,0,0,0,0,0,0,0,0,0,0,0,,,,0,0,0,,,,,,,,,
17/02/2022 03:00,0,0,0,0,0,0,0,0,0,0,0,0,,,,0,0,0,,,,,,,,,
17/02/2022 04:00,0,0,0,0,0,0,0,0,0,0,0,0,,,,0,0,0,,,,,,,,,
17/02/2022 05:00,2,1,1,1,1,0,0,0,0,1,1,0,,,,0,0,0,,,,,,,,,
17/02/2022 06:00,30,16,14,12,4,8,19,7,12,4,2,2,,,,11,8,3,,,,,,,,,
17/02/2022 07:00,62,35,27,29,13,16,17,10,7,15,10,5,,,,37,22,15,,,,,,,,,
17/02/2022 08:00,135,69,66,38,17,21,35,23,12,36,20,16,,,,80,42,38,,,,,,,,,
17/02/2022 09:00,104,61,43,45,18,27,25,15,10,21,13,8,,,,58,27,31,,,,,,,,,
17/02/2022 10:00,68,35,33,12,7,5,15,5,10,23,13,10,,,,25,11,14,,,,,,,,,
17/02/2022 11:00,99,45,54,28,11,17,23,13,10,27,20,7,,,,34,24,10,,,,,,,,,
17/02/2022 12:00,131,67,64,51,26,25,32,17,15,30,10,20,,,,73,40,33,,,,,,,,,
17/02/2022 13:00,120,53,67,41,23,18,40,26,14,34,16,18,,,,113,61,52,,,,,,,,,
17/02/2022 14:00,93,48,45,25,10,15,17,10,7,19,12,7,,,,63,43,20,,,,,,,,,
17/02/2022 15:00,77,43,34,22,8,14,19,10,9,15,9,6,,,,78,34,44,,,,,,,,,
17/02/2022 16:00,86,48,38,31,21,10,24,15,9,12,5,7,,,,61,22,39,,,,,,,,,
17/02/2022 17:00,87,46,41,30,20,10,29,20,9,29,13,16,,,,67,33,34,,,,,,,,,
17/02/2022 18:00,97,63,34,47,27,20,47,29,18,18,7,11,,,,84,55,29,,,,,,,,,
17/02/2022 19:00,100,51,49,38,21,17,35,20,15,17,9,8,,,,61,32,29,,,,,,,,,
17/02/2022 20:00,73,44,29,28,13,15,24,7,17,9,6,3,,,,44,26,18,,,,,,,,,
17/02/2022 21:00,45,23,22,20,7,13,18,7,11,8,1,7,,,,10,3,7,,,,,,,,,
17/02/2022 22:00,12,7,5,9,2,7,12,3,9,5,3,2,,,,2,1,1,,,,,,,,,
17/02/2022 23:00,1,1,0,3,3,0,2,0,2,1,1,0,,,,0,0,0,,,,,,,,,
18/02/2022 00:00,0,0,0,0,0,0,0,0,0,0,0,0,,,,0,0,0,,,,,,,,,
18/02/2022 01:00,0,0,0,1,0,1,0,0,0,0,0,0,,,,0,0,0,,,,,,,,,
18/02/2022 02:00,0,0,0,0,0,0,0,0,0,0,0,0,,,,0,0,0,,,,,,,,,
18/02/2022 03:00,0,0,0,0,0,0,0,0,0,0,0,0,,,,0,0,0,,,,,,,,,
18/02/2022 04:00,0,0,0,0,0,0,0,0,0,19,18,1,,,,0,0,0,,,,,,,,,
18/02/2022 05:00,1,1,0,1,1,0,1,1,0,1,0,1,,,,1,0,1,,,,,,,,,
18/02/2022 06:00,12,4,8,1,1,0,6,3,3,8,5,3,,,,9,8,1,,,,,,,,,
18/02/2022 07:00,45,23,22,12,2,10,13,6,7,16,6,10,,,,39,18,21,,,,,,,,,
18/02/2022 08:00,97,50,47,45,19,26,23,12,11,41,21,20,,,,61,33,28,,,,,,,,,
18/02/2022 09:00,111,60,51,73,57,16,33,18,15,19,11,8,,,,42,21,21,,,,,,,,,
18/02/2022 10:00,45,28,17,11,7,4,9,5,4,26,17,9,,,,19,7,12,,,,,,,,,
18/02/2022 11:00,24,14,10,5,3,2,4,3,1,11,8,3,,,,11,6,5,,,,,,,,,
18/02/2022 12:00,54,31,23,13,7,6,10,6,4,81,53,28,,,,20,13,7,,,,,,,,,
18/02/2022 13:00,108,63,45,38,17,21,28,17,11,199,159,40,,,,60,31,29,,,,,,,,,
18/02/2022 14:00,119,69,50,30,20,10,6,4,2,27,14,13,,,,62,41,21,,,,,,,,,
18/02/2022 15:00,103,55,48,30,10,20,17,4,13,58,38,20,,,,57,26,31,,,,,,,,,
18/02/2022 16:00,75,37,38,21,15,6,16,7,9,52,33,19,,,,48,26,22,,,,,,,,,
18/02/2022 17:00,51,33,18,28,20,8,16,8,8,30,15,15,,,,34,20,14,,,,,,,,,
18/02/2022 18:00,36,16,20,17,12,5,10,6,4,19,10,9,,,,25,14,11,,,,,,,,,
18/02/2022 19:00,35,18,17,10,7,3,11,8,3,5,3,2,,,,15,8,7,,,,,,,,,
18/02/2022 20:00,13,9,4,6,2,4,6,5,1,4,2,2,,,,10,5,5,,,,,,,,,
18/02/2022 21:00,15,6,9,10,5,5,3,1,2,6,4,2,,,,2,0,2,,,,,,,,,
18/02/2022 22:00,8,5,3,5,4,1,7,3,4,2,2,0,,,,3,0,3,,,,,,,,,
18/02/2022 23:00,13,5,8,5,2,3,8,5,3,1,1,0,,,,1,0,1,,,,,,,,,
19/02/2022 00:00,0,0,0,0,0,0,6,5,1,1,1,0,,,,3,2,1,,,,,,,,,
19/02/2022 01:00,1,1,0,1,0,1,4,0,4,0,0,0,,,,0,0,0,,,,,,,,,
19/02/2022 02:00,1,0,1,1,0,1,2,0,2,0,0,0,,,,0,0,0,,,,,,,,,
19/02/2022 03:00,0,0,0,0,0,0,1,0,1,2,2,0,,,,1,0,1,,,,,,,,,
19/02/2022 04:00,0,0,0,1,0,1,0,0,0,0,0,0,,,,0,0,0,,,,,,,,,
19/02/2022 05:00,1,1,0,1,1,0,1,1,0,0,0,0,,,,1,1,0,,,,,,,,,
19/02/2022 06:00,5,0,5,3,2,1,4,2,2,1,1,0,,,,5,1,4,,,,,,,,,
19/02/2022 07:00,11,9,2,6,2,4,8,3,5,1,1,0,,,,7,5,2,,,,,,,,,
19/02/2022 08:00,30,17,13,18,13,5,11,9,2,6,2,4,,,,11,5,6,,,,,,,,,
19/02/2022 09:00,79,44,35,22,11,11,22,10,12,24,13,11,,,,27,12,15,,,,,,,,,
19/02/2022 10:00,105,58,47,38,18,20,21,11,10,27,12,15,,,,51,28,23,,,,,,,,,
19/02/2022 11:00,130,68,62,35,20,15,20,12,8,35,16,19,,,,51,36,15,,,,,,,,,
19/02/2022 12:00,223,126,97,56,34,22,36,23,13,24,16,8,,,,84,47,37,,,,,,,,,
19/02/2022 13:00,226,119,107,54,33,21,47,23,24,35,15,20,,,,114,66,48,,,,,,,,,
19/02/2022 14:00,278,157,121,57,27,30,54,28,26,57,27,30,,,,106,57,49,,,,,,,,,
19/02/2022 15:00,278,153,125,59,35,24,57,27,30,53,28,25,,,,124,73,51,,,,,,,,,
19/02/2022 16:00,274,148,126,65,22,43,69,39,30,42,19,23,,,,110,54,56,,,,,,,,,
19/02/2022 17:00,222,114,108,43,20,23,49,24,25,38,20,18,,,,74,32,42,,,,,,,,,
19/02/2022 18:00,88,45,43,33,14,19,23,9,14,18,12,6,,,,34,11,23,,,,,,,,,
19/02/2022 19:00,33,14,19,11,3,8,6,4,2,4,2,2,,,,12,8,4,,,,,,,,,
19/02/2022 20:00,41,24,17,15,8,7,4,2,2,3,2,1,,,,7,5,2,,,,,,,,,
19/02/2022 21:00,24,11,13,7,3,4,11,4,7,6,4,2,,,,13,5,8,,,,,,,,,
19/02/2022 22:00,9,6,3,3,1,2,3,0,3,11,6,5,,,,6,4,2,,,,,,,,,
19/02/2022 23:00,6,2,4,2,0,2,10,3,7,52,40,12,,,,5,3,2,,,,,,,,,
20/02/2022 00:00,0,0,0,1,0,1,3,0,3,136,92,44,,,,1,0,1,,,,,,,,,
20/02/2022 01:00,4,4,0,3,1,2,1,0,1,47,33,14,,,,0,0,0,,,,,,,,,
20/02/2022 02:00,1,1,0,0,0,0,0,0,0,0,0,0,,,,0,0,0,,,,,,,,,
20/02/2022 03:00,0,0,0,1,1,0,1,1,0,14,11,3,,,,1,1,0,,,,,,,,,
20/02/2022 04:00,0,0,0,0,0,0,0,0,0,78,56,22,,,,2,2,0,,,,,,,,,
20/02/2022 05:00,0,0,0,1,1,0,1,1,0,45,33,12,,,,0,0,0,,,,,,,,,
20/02/2022 06:00,4,3,1,2,2,0,0,0,0,1,1,0,,,,0,0,0,,,,,,,,,
20/02/2022 07:00,7,3,4,2,2,0,5,2,3,19,15,4,,,,7,6,1,,,,,,,,,
20/02/2022 08:00,25,11,14,6,4,2,7,3,4,80,69,11,,,,12,7,5,,,,,,,,,
20/02/2022 09:00,63,29,34,13,9,4,17,10,7,86,57,29,,,,21,10,11,,,,,,,,,
20/02/2022 10:00,102,50,52,28,14,14,22,9,13,32,23,9,,,,40,20,20,,,,,,,,,
20/02/2022 11:00,106,52,54,19,9,10,23,8,15,23,10,13,,,,28,17,11,,,,,,,,,
20/02/2022 12:00,51,32,19,21,11,10,12,8,4,53,47,6,,,,13,7,6,,,,,,,,,
20/02/2022 13:00,35,22,13,14,9,5,14,7,7,27,23,4,,,,8,5,3,,,,,,,,,
20/02/2022 14:00,88,45,43,30,15,15,14,5,9,38,27,11,,,,34,22,12,,,,,,,,,
20/02/2022 15:00,81,41,40,18,11,7,19,8,11,50,41,9,,,,26,16,10,,,,,,,,,
20/02/2022 16:00,114,66,48,31,17,14,18,7,11,30,21,9,,,,32,17,15,,,,,,,,,
20/02/2022 17:00,129,74,55,30,16,14,23,12,11,51,37,14,,,,50,28,22,,,,,,,,,
20/02/2022 18:00,60,30,30,23,14,9,11,7,4,24,20,4,,,,26,10,16,,,,,,,,,
20/02/2022 19:00,21,10,11,12,6,6,3,1,2,19,16,3,,,,15,8,7,,,,,,,,,
20/02/2022 20:00,16,10,6,9,4,5,10,5,5,21,20,1,,,,3,0,3,,,,,,,,,
20/02/2022 21:00,11,5,6,5,1,4,4,1,3,14,12,2,,,,2,2,0,,,,,,,,,
20/02/2022 22:00,6,2,4,4,3,1,4,1,3,2,1,1,,,,2,1,1,,,,,,,,,
20/02/2022 23:00,2,2,0,2,1,1,3,1,2,4,1,3,,,,2,2,0,,,,,,,,,
21/02/2022 00:00,0,0,0,0,0,0,1,0,1,17,13,4,,,,0,0,0,,,,,,,,,
21/02/2022 01:00,1,1,0,1,0,1,2,1,1,55,45,10,,,,1,1,0,,,,,,,,,
21/02/2022 02:00,0,0,0,0,0,0,0,0,0,35,31,4,,,,0,0,0,,,,,,,,,
21/02/2022 03:00,1,0,1,0,0,0,0,0,0,126,95,31,,,,1,1,0,,,,,,,,,
21/02/2022 04:00,0,0,0,0,0,0,0,0,0,118,92,26,,,,0,0,0,,,,,,,,,
21/02/2022 05:00,2,1,1,0,0,0,0,0,0,71,59,12,,,,1,1,0,,,,,,,,,
21/02/2022 06:00,17,8,9,6,1,5,4,2,2,70,55,15,,,,7,5,2,,,,,,,,,
21/02/2022 07:00,40,18,22,7,6,1,8,5,3,53,48,5,,,,20,13,7,,,,,,,,,
21/02/2022 08:00,63,32,31,19,10,9,13,4,9,39,31,8,,,,38,24,14,,,,,,,,,
21/02/2022 09:00,56,32,24,18,11,7,14,11,3,19,11,8,,,,19,8,11,,,,,,,,,
21/02/2022 10:00,91,41,50,27,13,14,18,13,5,21,13,8,,,,39,26,13,,,,,,,,,
21/02/2022 11:00,114,54,60,18,7,11,20,12,8,41,26,15,,,,66,45,21,,,,,,,,,
21/02/2022 12:00,146,90,56,38,23,15,25,17,8,65,35,30,,,,80,42,38,,,,,,,,,
21/02/2022 13:00,172,88,84,39,21,18,46,23,23,45,26,19,,,,66,32,34,,,,,,,,,
21/02/2022 14:00,198,92,106,38,20,18,24,14,10,50,26,24,,,,88,51,37,,,,,,,,,
21/02/2022 15:00,210,114,96,42,21,21,36,18,18,46,28,18,,,,103,63,40,,,,,,,,,
21/02/2022 16:00,200,100,100,48,26,22,49,26,23,40,14,26,,,,85,44,41,,,,,,,,,
21/02/2022 17:00,230,129,101,57,22,35,36,19,17,41,25,16,,,,94,42,52,,,,,,,,,
21/02/2022 18:00,201,104,97,51,22,29,48,27,21,40,16,24,,,,75,34,41,,,,,,,,,
21/02/2022 19:00,159,91,68,55,27,28,50,25,25,19,12,7,,,,52,29,23,,,,,,,,,
21/02/2022 20:00,101,56,45,48,19,29,41,19,22,11,3,8,,,,42,18,24,,,,,,,,,
21/02/2022 21:00,70,44,26,15,6,9,9,4,5,12,5,7,,,,8,4,4,,,,,,,,,
21/02/2022 22:00,16,11,5,14,5,9,14,5,9,2,2,0,,,,7,3,4,,,,,,,,,
21/02/2022 23:00,11,6,5,3,2,1,5,1,4,2,1,1,,,,4,2,2,,,,,,,,,
22/02/2022 00:00,1,0,1,0,0,0,3,2,1,14,11,3,,,,0,0,0,,,,,,,,,
22/02/2022 01:00,0,0,0,0,0,0,0,0,0,46,31,15,,,,0,0,0,,,,,,,,,
22/02/2022 02:00,0,0,0,0,0,0,0,0,0,6,6,0,,,,0,0,0,,,,,,,,,
22/02/2022 03:00,0,0,0,1,1,0,3,2,1,29,24,5,,,,0,0,0,,,,,,,,,
22/02/2022 04:00,0,0,0,0,0,0,0,0,0,30,27,3,,,,0,0,0,,,,,,,,,
22/02/2022 05:00,0,0,0,0,0,0,0,0,0,127,93,34,,,,1,1,0,,,,,,,,,
22/02/2022 06:00,23,14,9,3,2,1,10,6,4,64,56,8,,,,8,5,3,,,,,,,,,
22/02/2022 07:00,21,9,12,8,3,5,3,3,0,4,1,3,,,,12,6,6,,,,,,,,,
22/02/2022 08:00,86,47,39,35,17,18,13,7,6,24,13,11,,,,69,35,34,,,,,,,,,
22/02/2022 09:00,91,41,50,30,13,17,30,12,18,32,22,10,,,,43,18,25,,,,,,,,,
22/02/2022 10:00,124,73,51,36,21,15,19,10,9,71,46,25,,,,75,50,25,,,,,,,,,
22/02/2022 11:00,170,96,74,26,11,15,21,14,7,70,44,26,,,,55,28,27,,,,,,,,,
22/02/2022 12:00,150,68,82,37,14,23,31,12,19,41,21,20,,,,67,39,28,,,,,,,,,
22/02/2022 13:00,215,104,111,65,19,46,39,18,21,72,33,39,,,,84,36,48,,,,,,,,,
22/02/2022 14:00,181,87,94,46,19,27,35,16,19,67,37,30,,,,113,77,36,,,,,,,,,
22/02/2022 15:00,247,113,134,33,14,19,30,21,9,51,28,23,,,,96,51,45,,,,,,,,,
22/02/2022 16:00,199,96,103,42,20,22,41,17,24,64,36,28,,,,88,41,47,,,,,,,,,
22/02/2022 17:00,173,102,71,43,26,17,39,24,15,48,21,27,,,,95,45,50,,,,,,,,,
22/02/2022 18:00,195,100,95,41,22,19,39,22,17,22,16,6,,,,67,40,27,,,,,,,,,
22/02/2022 19:00,126,66,60,86,46,40,49,26,23,10,8,2,,,,137,69,68,,,,,,,,,
22/02/2022 20:00,89,53,36,23,9,14,35,16,19,12,7,5,,,,38,17,21,,,,,,,,,
22/02/2022 21:00,62,33,29,15,7,8,11,3,8,3,3,0,,,,12,5,7,,,,,,,,,
22/02/2022 22:00,12,10,2,12,8,4,11,5,6,4,4,0,,,,9,3,6,,,,,,,,,
22/02/2022 23:00,5,3,2,0,0,0,3,0,3,1,0,1,,,,3,2,1,,,,,,,,,
23/02/2022 00:00,0,0,0,0,0,0,2,0,2,0,0,0,,,,2,1,1,,,,,,,,,
23/02/2022 01:00,0,0,0,0,0,0,0,0,0,0,0,0,,,,0,0,0,,,,,,,,,
23/02/2022 02:00,0,0,0,0,0,0,0,0,0,0,0,0,,,,1,1,0,,,,,,,,,
23/02/2022 03:00,0,0,0,0,0,0,0,0,0,5,3,2,,,,0,0,0,,,,,,,,,
23/02/2022 04:00,0,0,0,0,0,0,0,0,0,0,0,0,,,,0,0,0,,,,,,,,,
23/02/2022 05:00,4,2,2,1,1,0,0,0,0,3,3,0,,,,3,2,1,,,,,,,,,
23/02/2022 06:00,32,15,17,8,4,4,8,6,2,6,3,3,,,,14,10,4,,,,,,,,,
23/02/2022 07:00,60,32,28,23,11,12,21,10,11,8,6,2,,,,47,27,20,,,,,,,,,
23/02/2022 08:00,99,46,53,40,20,20,35,20,15,29,14,15,,,,79,47,32,,,,,,,,,
23/02/2022 09:00,100,45,55,43,26,17,21,15,6,19,9,10,,,,57,34,23,,,,,,,,,
23/02/2022 10:00,140,62,78,29,13,16,22,10,12,39,30,9,,,,62,34,28,,,,,,,,,
23/02/2022 11:00,162,68,94,38,20,18,28,19,9,116,68,48,,,,82,44,38,,,,,,,,,
23/02/2022 12:00,248,144,104,26,10,16,53,25,28,472,299,173,,,,75,34,41,,,,,,,,,
23/02/2022 13:00,229,113,116,69,34,35,47,30,17,689,357,332,,,,102,46,56,,,,,,,,,
23/02/2022 14:00,212,101,111,38,23,15,30,13,17,245,176,69,,,,69,38,31,,,,,,,,,
23/02/2022 15:00,165,74,91,30,9,21,33,18,15,291,187,104,,,,45,28,17,,,,,,,,,
23/02/2022 16:00,92,42,50,14,4,10,18,13,5,96,77,19,,,,36,16,20,,,,,,,,,
23/02/2022 17:00,85,44,41,16,13,3,27,11,16,59,48,11,,,,50,28,22,,,,,,,,,
23/02/2022 18:00,103,54,49,39,23,16,28,18,10,69,58,11,,,,42,21,21,,,,,,,,,
23/02/2022 19:00,51,27,24,33,17,16,17,11,6,25,19,6,,,,21,14,7,,,,,,,,,
23/02/2022 20:00,35,13,22,18,10,8,5,1,4,14,9,5,,,,26,13,13,,,,,,,,,
23/02/2022 21:00,36,20,16,6,3,3,5,2,3,7,5,2,,,,6,3,3,,,,,,,,,
23/02/2022 22:00,17,12,5,4,3,1,8,3,5,6,5,1,,,,2,1,1,,,,,,,,,
23/02/2022 23:00,6,5,1,6,2,4,2,1,1,7,7,0,,,,4,1,3,,,,,,,,,
24/02/2022 00:00,0,0,0,0,0,0,3,1,2,0,0,0,,,,1,1,0,,,,,,,,,
24/02/2022 01:00,0,0,0,3,1,2,0,0,0,12,12,0,,,,2,1,1,,,,,,,,,
24/02/2022 02:00,0,0,0,0,0,0,4,2,2,0,0,0,,,,0,0,0,,,,,,,,,
24/02/2022 03:00,0,0,0,1,0,1,0,0,0,0,0,0,,,,2,0,2,,,,,,,,,
24/02/2022 04:00,0,0,0,0,0,0,0,0,0,9,9,0,,,,1,0,1,,,,,,,,,
24/02/2022 05:00,5,3,2,0,0,0,0,0,0,10,10,0,,,,2,2,0,,,,0,0,0,,,
24/02/2022 06:00,16,6,10,8,6,2,3,2,1,19,17,2,,,,11,8,3,,,,1,1,0,,,
24/02/2022 07:00,72,40,32,17,6,11,13,7,6,22,17,5,,,,36,15,21,,,,0,0,0,,,
24/02/2022 08:00,84,46,38,38,18,20,19,10,9,28,14,14,,,,52,27,25,,,,0,0,0,,,
24/02/2022 09:00,60,27,33,19,15,4,12,8,4,35,27,8,,,,44,20,24,,,,0,0,0,,,
24/02/2022 10:00,119,64,55,33,16,17,19,11,8,109,72,37,,,,35,21,14,,,,0,0,0,,,
24/02/2022 11:00,126,64,62,52,28,24,26,16,10,129,68,61,,,,79,48,31,,,,0,0,0,,,
24/02/2022 12:00,162,82,80,51,24,27,35,20,15,137,90,47,,,,81,37,44,,,,0,0,0,,,
24/02/2022 13:00,187,105,82,52,22,30,36,18,18,187,102,85,,,,80,39,41,,,,0,0,0,,,
24/02/2022 14:00,168,90,78,25,15,10,22,11,11,152,105,47,,,,79,49,30,,,,0,0,0,,,
24/02/2022 15:00,114,54,60,41,15,26,30,14,16,94,61,33,,,,49,29,20,,,,0,0,0,,,
24/02/2022 16:00,107,48,59,30,17,13,20,12,8,102,63,39,,,,37,23,14,,,,0,0,0,,,
24/02/2022 17:00,100,67,33,31,16,15,23,12,11,50,25,25,,,,71,39,32,,,,0,0,0,,,
24/02/2022 18:00,82,44,38,31,13,18,20,14,6,65,60,5,,,,64,33,31,,,,37,18,19,,,
24/02/2022 19:00,69,38,31,24,10,14,21,11,10,62,53,9,,,,32,17,15,,,,59,23,36,,,
24/02/2022 20:00,30,19,11,10,5,5,21,10,11,10,7,3,,,,25,13,12,,,,36,23,13,,,
24/02/2022 21:00,31,11,20,12,7,5,7,5,2,5,3,2,,,,2,0,2,,,,15,5,10,,,
24/02/2022 22:00,7,4,3,4,3,1,7,4,3,4,3,1,,,,1,1,0,,,,12,6,6,,,
24/02/2022 23:00,3,3,0,4,2,2,7,3,4,0,0,0,,,,3,2,1,,,,5,3,2,,,
25/02/2022 00:00,1,1,0,0,0,0,0,0,0,1,0,1,,,,0,0,0,,,,,,,,,
25/02/2022 01:00,0,0,0,0,0,0,0,0,0,0,0,0,,,,0,0,0,,,,,,,,,
25/02/2022 02:00,0,0,0,0,0,0,0,0,0,0,0,0,,,,0,0,0,,,,,,,,,
25/02/2022 03:00,0,0,0,0,0,0,0,0,0,0,0,0,,,,0,0,0,,,,,,,,,
25/02/2022 04:00,0,0,0,0,0,0,0,0,0,0,0,0,,,,0,0,0,,,,,,,,,
25/02/2022 05:00,2,1,1,2,2,0,1,1,0,1,1,0,,,,1,1,0,,,,,,,,,
25/02/2022 06:00,28,14,14,7,4,3,9,5,4,8,4,4,,,,9,7,2,,,,,,,,,
25/02/2022 07:00,68,38,30,22,11,11,17,10,7,12,4,8,,,,48,29,19,,,,,,,,,
25/02/2022 08:00,108,54,54,41,22,19,32,20,12,34,26,8,,,,76,40,36,,,,,,,,,
25/02/2022 09:00,124,65,59,32,17,15,23,18,5,24,13,11,,,,56,29,27,,,,,,,,,
25/02/2022 10:00,174,88,86,50,27,23,34,18,16,28,18,10,,,,61,38,23,,,,,,,,,
25/02/2022 11:00,212,110,102,69,29,40,21,14,7,31,17,14,,,,96,58,38,,,,,,,,,
25/02/2022 12:00,284,146,138,32,17,15,24,12,12,50,27,23,,,,101,59,42,,,,,,,,,
25/02/2022 13:00,291,143,148,39,14,25,33,16,17,38,13,25,,,,84,40,44,,,,,,,,,
25/02/2022 14:00,273,132,141,43,26,17,45,22,23,42,14,28,,,,78,44,34,,,,,,,,,
25/02/2022 15:00,267,140,127,38,19,19,40,16,24,25,10,15,,,,70,33,37,,,,,,,,,
25/02/2022 16:00,241,120,121,35,22,13,34,17,17,33,21,12,,,,75,43,32,,,,,,,,,
25/02/2022 17:00,161,77,84,47,20,27,38,15,23,32,24,8,,,,80,31,49,,,,,,,,,
25/02/2022 18:00,167,78,89,48,26,22,40,16,24,23,9,14,,,,45,19,26,,,,,,,,,
25/02/2022 19:00,88,47,41,29,12,17,30,23,7,11,6,5,,,,31,21,10,,,,,,,,,
25/02/2022 20:00,61,34,27,12,8,4,20,9,11,11,6,5,,,,27,13,14,,,,,,,,,
25/02/2022 21:00,26,12,14,8,3,5,9,4,5,6,3,3,,,,6,4,2,,,,,,,,,
25/02/2022 22:00,30,22,8,10,4,6,10,5,5,4,1,3,,,,3,2,1,,,,,,,,,
25/02/2022 23:00,6,4,2,2,0,2,5,3,2,2,2,0,,,,4,4,0,,,,,,,,,
26/02/2022 00:00,1,1,0,0,0,0,1,0,1,7,4,3,,,,1,0,1,,,,,,,,,
26/02/2022 01:00,5,4,1,0,0,0,5,3,2,1,1,0,,,,0,0,0,,,,,,,,,
26/02/2022 02:00,0,0,0,3,1,2,0,0,0,0,0,0,,,,1,1,0,,,,,,,,,
26/02/2022 03:00,0,0,0,1,1,0,0,0,0,0,0,0,,,,0,0,0,,,,,,,,,
26/02/2022 04:00,0,0,0,1,0,1,0,0,0,0,0,0,,,,0,0,0,,,,,,,,,
26/02/2022 05:00,3,1,2,0,0,0,1,1,0,1,1,0,,,,2,2,0,,,,,,,,,
26/02/2022 06:00,9,5,4,1,1,0,2,1,1,0,0,0,,,,5,1,4,,,,,,,,,
26/02/2022 07:00,43,19,24,5,3,2,15,10,5,8,1,7,,,,7,6,1,,,,,,,,,
26/02/2022 08:00,88,40,48,40,29,11,25,15,10,23,10,13,,,,57,36,21,,,,,,,,,
26/02/2022 09:00,130,69,61,46,29,17,25,20,5,29,15,14,,,,74,44,30,,,,,,,,,
26/02/2022 10:00,166,100,66,66,35,31,53,33,20,33,17,16,,,,122,71,51,,,,,,,,,
26/02/2022 11:00,246,123,123,82,39,43,34,18,16,87,61,26,,,,103,58,45,,,,,,,,,
26/02/2022 12:00,235,109,126,70,36,34,49,19,30,146,123,23,,,,117,64,53,,,,,,,,,
26/02/2022 13:00,161,92,69,51,26,25,28,15,13,54,36,18,,,,99,55,44,,,,,,,,,
26/02/2022 14:00,152,67,85,44,29,15,26,15,11,62,46,16,,,,59,35,24,,,,,,,,,
26/02/2022 15:00,156,86,70,49,27,22,36,15,21,35,15,20,,,,63,37,26,,,,,,,,,
26/02/2022 16:00,165,81,84,33,18,15,27,13,14,30,17,13,,,,61,29,32,,,,,,,,,
26/02/2022 17:00,149,76,73,31,17,14,22,9,13,28,14,14,,,,50,25,25,,,,,,,,,
26/02/2022 18:00,73,41,32,26,15,11,13,8,5,14,8,6,,,,18,6,12,,,,,,,,,
26/02/2022 19:00,57,33,24,15,11,4,13,9,4,8,3,5,,,,12,7,5,,,,,,,,,
26/02/2022 20:00,47,22,25,18,6,12,16,7,9,9,1,8,,,,12,9,3,,,,,,,,,
26/02/2022 21:00,63,26,37,2,2,0,4,3,1,10,7,3,,,,13,6,7,,,,,,,,,
26/02/2022 22:00,24,13,11,1,1,0,3,0,3,6,3,3,,,,5,1,4,,,,,,,,,
26/02/2022 23:00,12,8,4,7,4,3,2,0,2,4,2,2,,,,0,0,0,,,,,,,,,
27/02/2022 00:00,2,2,0,2,2,0,1,0,1,2,2,0,,,,2,1,1,,,,,,,,,
27/02/2022 01:00,1,1,0,1,1,0,3,1,2,1,0,1,,,,0,0,0,,,,,,,,,
27/02/2022 02:00,0,0,0,0,0,0,2,2,0,0,0,0,,,,0,0,0,,,,,,,,,
27/02/2022 03:00,0,0,0,1,0,1,0,0,0,1,0,1,,,,1,1,0,,,,,,,,,
27/02/2022 04:00,2,1,1,2,1,1,0,0,0,0,0,0,,,,0,0,0,,,,,,,,,
27/02/2022 05:00,1,0,1,2,1,1,0,0,0,1,1,0,,,,0,0,0,,,,,,,,,
27/02/2022 06:00,7,4,3,1,0,1,1,0,1,1,0,1,,,,2,1,1,,,,,,,,,
27/02/2022 07:00,21,10,11,9,6,3,7,4,3,1,0,1,,,,8,4,4,,,,,,,,,
27/02/2022 08:00,66,30,36,23,14,9,18,8,10,17,6,11,,,,28,16,12,,,,,,,,,
27/02/2022 09:00,135,70,65,41,20,21,20,9,11,28,9,19,,,,72,34,38,,,,,,,,,
27/02/2022 10:00,242,119,123,68,35,33,48,20,28,27,13,14,,,,142,84,58,,,,,,,,,
27/02/2022 11:00,417,188,229,93,53,40,51,25,26,53,30,23,,,,171,107,64,,,,,,,,,
27/02/2022 12:00,413,199,214,82,40,42,68,37,31,46,19,27,,,,117,52,65,,,,,,,,,
27/02/2022 13:00,388,193,195,60,24,36,53,25,28,41,19,22,,,,82,42,40,,,,,,,,,
27/02/2022 14:00,272,124,148,53,26,27,32,12,20,46,18,28,,,,100,53,47,,,,,,,,,
27/02/2022 15:00,196,102,94,34,16,18,30,13,17,31,12,19,,,,60,29,31,,,,,,,,,
27/02/2022 16:00,110,49,61,31,12,19,26,14,12,30,13,17,,,,63,37,26,,,,,,,,,
27/02/2022 17:00,103,44,59,30,15,15,29,17,12,24,13,11,,,,57,32,25,,,,,,,,,
27/02/2022 18:00,116,67,49,37,15,22,28,12,16,11,6,5,,,,38,18,20,,,,,,,,,
27/02/2022 19:00,54,33,21,22,13,9,22,9,13,20,12,8,,,,27,15,12,,,,,,,,,
27/02/2022 20:00,59,31,28,11,6,5,12,5,7,8,5,3,,,,15,7,8,,,,,,,,,
27/02/2022 21:00,12,4,8,5,2,3,7,2,5,2,1,1,,,,11,3,8,,,,,,,,,
27/02/2022 22:00,12,6,6,2,0,2,1,0,1,3,1,2,,,,3,2,1,,,,,,,,,
27/02/2022 23:00,1,0,1,4,3,1,1,1,0,5,5,0,,,,3,2,1,,,,,,,,,
28/02/2022 00:00,0,0,0,0,0,0,1,0,1,3,3,0,,,,2,2,0,,,,,,,,,
28/02/2022 01:00,0,0,0,0,0,0,0,0,0,0,0,0,,,,0,0,0,,,,,,,,,
28/02/2022 02:00,0,0,0,1,1,0,0,0,0,0,0,0,,,,0,0,0,,,,,,,,,
28/02/2022 03:00,2,1,1,0,0,0,0,0,0,0,0,0,,,,0,0,0,,,,,,,,,
28/02/2022 04:00,0,0,0,0,0,0,0,0,0,0,0,0,,,,0,0,0,,,,,,,,,
28/02/2022 05:00,1,0,1,0,0,0,0,0,0,1,0,1,,,,1,0,1,,,,,,,,,
28/02/2022 06:00,29,11,18,9,4,5,17,8,9,2,1,1,,,,8,4,4,,,,,,,,,
28/02/2022 07:00,52,31,21,19,4,15,17,6,11,23,13,10,,,,34,18,16,,,,,,,,,
28/02/2022 08:00,106,45,61,33,13,20,22,10,12,46,26,20,,,,101,46,55,,,,,,,,,
28/02/2022 09:00,146,79,67,37,23,14,22,15,7,33,19,14,,,,46,29,17,,,,,,,,,
28/02/2022 10:00,107,50,57,31,14,17,32,22,10,15,5,10,,,,51,31,20,,,,,,,,,
28/02/2022 11:00,109,52,57,35,14,21,18,11,7,21,10,11,,,,48,26,22,,,,,,,,,
28/02/2022 12:00,139,63,76,42,23,19,22,8,14,23,16,7,,,,53,29,24,,,,,,,,,
28/02/2022 13:00,121,73,48,36,15,21,38,24,14,21,4,17,,,,61,31,30,,,,,,,,,
28/02/2022 14:00,66,29,37,14,7,7,10,2,8,18,7,11,,,,35,22,13,,,,,,,,,
28/02/2022 15:00,81,39,42,20,8,12,15,10,5,17,11,6,,,,46,22,24,,,,,,,,,
28/02/2022 16:00,130,72,58,34,15,19,26,19,7,42,15,27,,,,54,29,25,,,,,,,,,
28/02/2022 17:00,148,75,73,33,16,17,57,31,26,37,14,23,,,,57,33,24,,,,,,,,,
28/02/2022 18:00,171,96,75,66,38,28,50,34,16,31,14,17,,,,80,45,35,,,,,,,,,
28/02/2022 19:00,116,65,51,46,16,30,50,32,18,22,13,9,,,,63,38,25,,,,,,,,,
28/02/2022 20:00,91,50,41,30,15,15,21,5,16,9,7,2,,,,48,24,24,,,,,,,,,
28/02/2022 21:00,42,27,15,17,10,7,10,5,5,4,0,4,,,,9,3,6,,,,,,,,,
28/02/2022 22:00,24,12,12,8,2,6,7,3,4,1,1,0,,,,6,2,4,,,,,,,,,
28/02/2022 23:00,5,4,1,1,0,1,4,0,4,0,0,0,,,,0,0,0,,,,,,,,,
01/03/2022 00:00,0,0,0,0,0,0,4,2,2,0,0,0,,,,0,0,0,,,,0,0,0,,,
01/03/2022 01:00,0,0,0,0,0,0,0,0,0,0,0,0,,,,0,0,0,,,,0,0,0,,,
01/03/2022 02:00,0,0,0,0,0,0,0,0,0,0,0,0,,,,1,1,0,,,,0,0,0,,,
01/03/2022 03:00,0,0,0,0,0,0,0,0,0,0,0,0,,,,1,1,0,,,,0,0,0,,,
01/03/2022 04:00,0,0,0,0,0,0,0,0,0,0,0,0,,,,0,0,0,,,,0,0,0,,,
01/03/2022 05:00,4,2,2,1,1,0,0,0,0,2,0,2,,,,2,2,0,,,,0,0,0,,,
01/03/2022 06:00,43,18,25,10,5,5,12,4,8,4,1,3,,,,14,8,6,,,,0,0,0,,,
01/03/2022 07:00,80,35,45,22,11,11,13,8,5,23,14,9,,,,38,14,24,,,,0,0,0,,,
01/03/2022 08:00,160,74,86,48,18,30,38,18,20,35,19,16,,,,99,53,46,,,,0,0,0,,,
01/03/2022 09:00,153,78,75,44,24,20,29,14,15,33,17,16,,,,64,31,33,,,,0,0,0,,,
01/03/2022 10:00,167,77,90,39,19,20,35,22,13,32,24,8,,,,82,47,35,,,,0,0,0,,,
01/03/2022 11:00,196,99,97,81,36,45,35,22,13,28,13,15,,,,66,32,34,,,,0,0,0,,,
01/03/2022 12:00,215,112,103,52,17,35,45,19,26,35,14,21,,,,95,39,56,,,,0,0,0,,,
01/03/2022 13:00,269,141,128,65,27,38,53,25,28,35,11,24,,,,196,92,104,,,,0,0,0,,,
01/03/2022 14:00,203,100,103,52,21,31,28,14,14,24,9,15,,,,83,48,35,,,,0,0,0,,,
01/03/2022 15:00,186,94,92,46,19,27,44,31,13,22,9,13,,,,218,63,155,,,,0,0,0,,,
01/03/2022 16:00,184,98,86,62,31,31,43,14,29,33,17,16,,,,94,46,48,,,,0,0,0,,,
01/03/2022 17:00,163,92,71,57,22,35,57,34,23,30,18,12,,,,103,61,42,,,,0,0,0,,,
01/03/2022 18:00,142,74,68,45,27,18,47,24,23,26,13,13,,,,87,48,39,,,,0,0,0,,,
01/03/2022 19:00,117,54,63,67,35,32,44,26,18,20,16,4,,,,68,34,34,,,,0,0,0,,,
01/03/2022 20:00,79,55,24,28,12,16,28,10,18,13,5,8,,,,34,17,17,,,,0,0,0,,,
01/03/2022 21:00,59,32,27,11,2,9,8,3,5,3,3,0,,,,14,8,6,,,,0,0,0,,,
01/03/2022 22:00,16,9,7,8,4,4,6,3,3,2,2,0,,,,5,2,3,,,,0,0,0,,,
01/03/2022 23:00,2,2,0,0,0,0,2,0,2,1,0,1,,,,3,3,0,,,,0,0,0,,,
02/03/2022 00:00,0,0,0,0,0,0,1,0,1,1,1,0,,,,1,1,0,,,,0,0,0,,,
02/03/2022 01:00,2,1,1,0,0,0,0,0,0,0,0,0,,,,1,0,1,,,,0,0,0,,,
02/03/2022 02:00,0,0,0,0,0,0,0,0,0,0,0,0,,,,0,0,0,,,,0,0,0,,,
02/03/2022 03:00,0,0,0,0,0,0,0,0,0,0,0,0,,,,0,0,0,,,,0,0,0,,,
02/03/2022 04:00,0,0,0,0,0,0,0,0,0,0,0,0,,,,0,0,0,,,,0,0,0,,,
02/03/2022 05:00,3,1,2,3,2,1,2,1,1,0,0,0,,,,4,1,3,,,,0,0,0,,,
02/03/2022 06:00,22,11,11,9,5,4,13,8,5,7,3,4,,,,6,3,3,,,,0,0,0,,,
02/03/2022 07:00,52,27,25,12,4,8,14,5,9,15,6,9,,,,26,12,14,,,,0,0,0,,,
02/03/2022 08:00,49,23,26,39,21,18,24,14,10,29,13,16,,,,51,23,28,,,,0,0,0,,,
02/03/2022 09:00,48,27,21,29,10,19,15,6,9,13,8,5,,,,29,18,11,,,,0,0,0,,,
02/03/2022 10:00,26,13,13,15,8,7,10,6,4,10,6,4,,,,18,9,9,,,,0,0,0,,,
02/03/2022 11:00,28,15,13,6,4,2,8,5,3,7,2,5,,,,7,3,4,,,,0,0,0,,,
02/03/2022 12:00,29,12,17,16,9,7,16,7,9,16,10,6,,,,13,8,5,,,,0,0,0,,,
02/03/2022 13:00,22,8,14,17,11,6,12,7,5,23,9,14,,,,24,7,17,,,,0,0,0,,,
02/03/2022 14:00,20,6,14,3,2,1,7,4,3,11,5,6,,,,20,10,10,,,,0,0,0,,,
02/03/2022 15:00,43,24,19,8,5,3,8,5,3,11,6,5,,,,17,6,11,,,,0,0,0,,,
02/03/2022 16:00,17,7,10,10,5,5,11,5,6,11,3,8,,,,31,11,20,,,,0,0,0,,,
02/03/2022 17:00,24,10,14,13,7,6,23,14,9,24,10,14,,,,40,18,22,,,,0,0,0,,,
02/03/2022 18:00,69,36,33,34,17,17,23,10,13,18,8,10,,,,42,26,16,,,,0,0,0,,,
02/03/2022 19:00,59,28,31,39,24,15,24,13,11,15,7,8,,,,40,24,16,,,,0,0,0,,,
02/03/2022 20:00,60,29,31,31,11,20,20,12,8,7,3,4,,,,21,14,7,,,,0,0,0,,,
02/03/2022 21:00,38,16,22,14,3,11,10,1,9,9,4,5,,,,12,5,7,,,,0,0,0,,,
02/03/2022 22:00,19,9,10,14,1,13,3,1,2,0,0,0,,,,4,3,1,,,,0,0,0,,,
02/03/2022 23:00,2,1,1,1,1,0,1,0,1,2,2,0,,,,1,0,1,,,,0,0,0,,,
03/03/2022 00:00,1,1,0,0,0,0,2,2,0,0,0,0,,,,0,0,0,,,,0,0,0,,,
03/03/2022 01:00,1,0,1,0,0,0,2,0,2,0,0,0,,,,0,0,0,,,,0,0,0,,,
03/03/2022 02:00,0,0,0,0,0,0,0,0,0,0,0,0,,,,0,0,0,,,,0,0,0,,,
03/03/2022 03:00,1,0,1,0,0,0,0,0,0,0,0,0,,,,0,0,0,,,,0,0,0,,,
03/03/2022 04:00,0,0,0,0,0,0,0,0,0,0,0,0,,,,1,1,0,,,,0,0,0,,,
03/03/2022 05:00,5,3,2,1,1,0,0,0,0,2,1,1,,,,1,1,0,,,,0,0,0,,,
03/03/2022 06:00,33,12,21,5,3,2,12,4,8,4,2,2,,,,14,9,5,,,,0,0,0,,,
03/03/2022 07:00,52,31,21,25,12,13,15,10,5,16,10,6,,,,54,27,27,,,,0,0,0,,,
03/03/2022 08:00,115,64,51,61,35,26,30,19,11,47,17,30,,,,141,81,60,,,,0,0,0,,,
03/03/2022 09:00,124,58,66,41,24,17,24,17,7,25,12,13,,,,88,50,38,,,,0,0,0,,,
03/03/2022 10:00,137,68,69,39,18,21,16,9,7,23,15,8,,,,79,49,30,,,,0,0,0,,,
03/03/2022 11:00,180,84,96,53,30,23,33,21,12,28,8,20,,,,76,37,39,,,,0,0,0,,,
03/03/2022 12:00,221,111,110,68,36,32,41,17,24,32,23,9,,,,96,47,49,,,,0,0,0,,,
03/03/2022 13:00,230,116,114,75,31,44,47,20,27,35,18,17,,,,145,86,59,,,,0,0,0,,,
03/03/2022 14:00,188,99,89,63,32,31,27,20,7,23,9,14,,,,118,59,59,,,,0,0,0,,,
03/03/2022 15:00,192,94,98,45,17,28,36,16,20,23,11,12,,,,105,55,50,,,,0,0,0,,,
03/03/2022 16:00,203,99,104,27,13,14,30,16,14,45,28,17,,,,66,32,34,,,,0,0,0,,,
03/03/2022 17:00,144,69,75,36,22,14,56,27,29,25,11,14,,,,91,51,40,,,,0,0,0,,,
03/03/2022 18:00,184,106,78,73,45,28,67,38,29,19,10,9,,,,91,48,43,,,,0,0,0,,,
03/03/2022 19:00,139,76,63,50,26,24,30,18,12,11,9,2,,,,52,26,26,,,,0,0,0,,,
03/03/2022 20:00,96,50,46,31,17,14,25,10,15,6,4,2,,,,40,26,14,,,,0,0,0,,,
03/03/2022 21:00,59,31,28,7,0,7,14,5,9,11,6,5,,,,12,6,6,,,,0,0,0,,,
03/03/2022 22:00,19,14,5,8,5,3,10,3,7,5,3,2,,,,4,2,2,,,,0,0,0,,,
03/03/2022 23:00,12,9,3,3,0,3,4,0,4,1,1,0,,,,2,0,2,,,,0,0,0,,,
04/03/2022 00:00,1,1,0,1,0,1,2,1,1,2,0,2,,,,0,0,0,,,,0,0,0,,,
04/03/2022 01:00,4,1,3,1,0,1,2,0,2,0,0,0,,,,0,0,0,,,,0,0,0,,,
04/03/2022 02:00,0,0,0,0,0,0,0,0,0,0,0,0,,,,2,2,0,,,,0,0,0,,,
04/03/2022 03:00,0,0,0,1,1,0,0,0,0,1,1,0,,,,1,0,1,,,,0,0,0,,,
04/03/2022 04:00,0,0,0,0,0,0,0,0,0,0,0,0,,,,0,0,0,,,,0,0,0,,,
04/03/2022 05:00,3,0,3,1,1,0,2,1,1,1,0,1,,,,3,2,1,,,,0,0,0,,,
04/03/2022 06:00,42,20,22,16,9,7,15,6,9,6,2,4,,,,10,7,3,,,,0,0,0,,,
04/03/2022 07:00,77,43,34,25,12,13,23,6,17,16,9,7,,,,42,24,18,,,,0,0,0,,,
04/03/2022 08:00,127,62,65,43,20,23,30,19,11,54,21,33,,,,102,57,45,,,,0,0,0,,,
04/03/2022 09:00,154,77,77,61,38,23,21,13,8,26,14,12,,,,65,41,24,,,,0,0,0,,,
04/03/2022 10:00,155,81,74,48,26,22,25,17,8,23,13,10,,,,98,54,44,,,,0,0,0,,,
04/03/2022 11:00,200,86,114,47,24,23,15,9,6,34,11,23,,,,74,46,28,,,,0,0,0,,,
04/03/2022 12:00,234,121,113,53,27,26,49,19,30,40,14,26,,,,101,54,47,,,,0,0,0,,,
04/03/2022 13:00,197,116,81,46,29,17,36,22,14,25,12,13,,,,138,87,51,,,,0,0,0,,,
04/03/2022 14:00,173,82,91,25,9,16,31,17,14,28,18,10,,,,154,97,57,,,,0,0,0,,,
04/03/2022 15:00,240,123,117,44,16,28,50,23,27,27,13,14,,,,111,65,46,,,,0,0,0,,,
04/03/2022 16:00,196,89,107,44,23,21,50,26,24,38,17,21,,,,144,82,62,,,,0,0,0,,,
04/03/2022 17:00,188,99,89,40,20,20,45,26,19,41,21,20,,,,133,89,44,,,,0,0,0,,,
04/03/2022 18:00,144,81,63,46,25,21,47,19,28,26,12,14,,,,114,80,34,,,,0,0,0,,,
04/03/2022 19:00,98,57,41,29,16,13,34,14,20,18,6,12,,,,67,51,16,,,,0,0,0,,,
04/03/2022 20:00,55,21,34,9,3,6,14,7,7,8,3,5,,,,44,36,8,,,,0,0,0,,,
04/03/2022 21:00,27,16,11,14,8,6,11,7,4,7,6,1,,,,22,13,9,,,,0,0,0,,,
04/03/2022 22:00,19,12,7,9,3,6,11,3,8,2,1,1,,,,17,15,2,,,,0,0,0,,,
04/03/2022 23:00,9,7,2,7,1,6,1,1,0,10,1,9,,,,13,13,0,,,,0,0,0,,,
05/03/2022 00:00,0,0,0,1,0,1,3,2,1,6,3,3,,,,20,19,1,,,,0,0,0,,,
05/03/2022 01:00,0,0,0,2,1,1,4,2,2,3,1,2,,,,3,3,0,,,,0,0,0,,,
05/03/2022 02:00,0,0,0,0,0,0,0,0,0,0,0,0,,,,16,16,0,,,,0,0,0,,,
05/03/2022 03:00,0,0,0,0,0,0,0,0,0,1,0,1,,,,0,0,0,,,,0,0,0,,,
05/03/2022 04:00,0,0,0,0,0,0,0,0,0,0,0,0,,,,5,3,2,,,,0,0,0,,,
05/03/2022 05:00,3,2,1,0,0,0,0,0,0,0,0,0,,,,0,0,0,,,,0,0,0,,,
05/03/2022 06:00,15,2,13,6,5,1,4,3,1,0,0,0,,,,8,7,1,,,,0,0,0,,,
05/03/2022 07:00,49,27,22,13,7,6,14,8,6,9,3,6,,,,40,36,4,,,,0,0,0,,,
05/03/2022 08:00,108,45,63,40,18,22,27,12,15,15,6,9,,,,62,39,23,,,,0,0,0,,,
05/03/2022 09:00,153,73,80,34,14,20,29,17,12,28,15,13,,,,59,41,18,,,,0,0,0,,,
05/03/2022 10:00,254,133,121,86,46,40,41,24,17,32,11,21,,,,162,120,42,,,,0,0,0,,,
05/03/2022 11:00,326,182,144,122,60,62,87,58,29,45,22,23,,,,217,134,83,,,,0,0,0,,,
05/03/2022 12:00,283,148,135,104,54,50,48,32,16,60,39,21,,,,181,108,73,,,,0,0,0,,,
05/03/2022 13:00,311,162,149,72,29,43,51,28,23,35,17,18,,,,175,100,75,,,,0,0,0,,,
05/03/2022 14:00,365,230,135,93,48,45,66,34,32,41,16,25,,,,186,123,63,,,,0,0,0,,,
05/03/2022 15:00,508,283,225,103,66,37,59,33,26,40,19,21,,,,245,152,93,,,,0,0,0,,,
05/03/2022 16:00,453,228,225,98,51,47,85,37,48,47,32,15,,,,232,152,80,,,,0,0,0,,,
05/03/2022 17:00,301,171,130,57,33,24,53,22,31,25,12,13,,,,127,78,49,,,,0,0,0,,,
05/03/2022 18:00,142,67,75,38,15,23,36,18,18,21,12,9,,,,112,77,35,,,,0,0,0,,,
05/03/2022 19:00,86,42,44,24,9,15,29,19,10,9,4,5,,,,47,38,9,,,,0,0,0,,,
05/03/2022 20:00,57,25,32,7,3,4,15,6,9,8,6,2,,,,43,38,5,,,,0,0,0,,,
05/03/2022 21:00,34,16,18,8,5,3,8,3,5,6,4,2,,,,61,57,4,,,,0,0,0,,,
05/03/2022 22:00,29,15,14,2,0,2,5,0,5,1,0,1,,,,44,42,2,,,,0,0,0,,,
05/03/2022 23:00,8,4,4,8,3,5,2,1,1,6,3,3,,,,42,37,5,,,,0,0,0,,,
06/03/2022 00:00,0,0,0,0,0,0,2,0,2,3,2,1,,,,4,3,1,,,,0,0,0,,,
06/03/2022 01:00,0,0,0,0,0,0,0,0,0,3,2,1,,,,7,6,1,,,,0,0,0,,,
06/03/2022 02:00,0,0,0,0,0,0,3,0,3,0,0,0,,,,9,9,0,,,,0,0,0,,,
06/03/2022 03:00,0,0,0,2,1,1,1,1,0,2,0,2,,,,1,1,0,,,,0,0,0,,,
06/03/2022 04:00,1,1,0,1,1,0,1,1,0,0,0,0,,,,12,12,0,,,,0,0,0,,,
06/03/2022 05:00,1,0,1,0,0,0,0,0,0,1,1,0,,,,1,1,0,,,,0,0,0,,,
06/03/2022 06:00,7,2,5,5,3,2,2,0,2,3,2,1,,,,4,3,1,,,,0,0,0,,,
06/03/2022 07:00,41,24,17,11,3,8,16,11,5,4,1,3,,,,17,11,6,,,,0,0,0,,,
06/03/2022 08:00,67,27,40,32,21,11,20,6,14,18,9,9,,,,56,34,22,,,,0,0,0,,,
06/03/2022 09:00,162,74,88,35,16,19,28,17,11,36,13,23,,,,125,79,46,,,,0,0,0,,,
06/03/2022 10:00,329,171,158,77,38,39,55,31,24,42,27,15,,,,180,104,76,,,,0,0,0,,,
06/03/2022 11:00,498,263,235,119,60,59,72,44,28,52,27,25,,,,197,111,86,,,,0,0,0,,,
06/03/2022 12:00,705,348,357,144,72,72,82,47,35,58,27,31,,,,178,115,63,,,,0,0,0,,,
06/03/2022 13:00,804,440,364,123,75,48,93,42,51,44,15,29,,,,178,73,105,,,,0,0,0,,,
06/03/2022 14:00,889,455,434,125,62,63,93,51,42,67,29,38,,,,221,118,103,,,,0,0,0,,,
06/03/2022 15:00,959,487,472,104,47,57,102,62,40,63,32,31,,,,279,144,135,,,,0,0,0,,,
06/03/2022 16:00,666,343,323,115,66,49,91,38,53,51,26,25,,,,225,145,80,,,,0,0,0,,,
06/03/2022 17:00,327,168,159,84,34,50,67,32,35,47,17,30,,,,191,140,51,,,,0,0,0,,,
06/03/2022 18:00,176,90,86,40,16,24,35,16,19,16,7,9,,,,67,43,24,,,,0,0,0,,,
06/03/2022 19:00,87,47,40,35,17,18,24,8,16,9,7,2,,,,61,41,20,,,,0,0,0,,,
06/03/2022 20:00,60,36,24,22,10,12,11,4,7,9,8,1,,,,42,34,8,,,,0,0,0,,,
06/03/2022 21:00,27,13,14,4,3,1,4,3,1,6,5,1,,,,47,45,2,,,,0,0,0,,,
06/03/2022 22:00,9,4,5,7,4,3,6,4,2,1,1,0,,,,27,25,2,,,,0,0,0,,,
06/03/2022 23:00,1,1,0,1,0,1,1,0,1,1,0,1,,,,9,9,0,,,,0,0,0,,,
07/03/2022 00:00,0,0,0,0,0,0,1,0,1,1,0,1,,,,3,3,0,,,,0,0,0,,,
07/03/2022 01:00,0,0,0,0,0,0,0,0,0,0,0,0,,,,6,6,0,,,,0,0,0,,,
07/03/2022 02:00,0,0,0,3,1,2,0,0,0,1,1,0,,,,0,0,0,,,,0,0,0,,,
07/03/2022 03:00,0,0,0,0,0,0,0,0,0,3,3,0,,,,0,0,0,,,,0,0,0,,,
07/03/2022 04:00,0,0,0,0,0,0,0,0,0,1,1,0,,,,0,0,0,,,,0,0,0,,,
07/03/2022 05:00,4,2,2,0,0,0,0,0,0,0,0,0,,,,1,1,0,,,,0,0,0,,,
07/03/2022 06:00,33,15,18,11,7,4,19,10,9,9,3,6,,,,26,23,3,,,,0,0,0,,,
07/03/2022 07:00,52,28,24,30,12,18,12,6,6,20,10,10,,,,90,71,19,,,,0,0,0,,,
07/03/2022 08:00,91,42,49,58,22,36,21,12,9,45,24,21,,,,165,117,48,,,,0,0,0,,,
07/03/2022 09:00,120,53,67,30,11,19,14,7,7,26,17,9,,,,103,83,20,,,,0,0,0,,,
07/03/2022 10:00,91,44,47,27,17,10,19,11,8,26,18,8,,,,98,74,24,,,,0,0,0,,,
07/03/2022 11:00,95,41,54,18,10,8,11,4,7,35,15,20,,,,87,62,25,,,,0,0,0,,,
07/03/2022 12:00,102,48,54,39,16,23,28,13,15,31,17,14,,,,121,84,37,,,,0,0,0,,,
07/03/2022 13:00,105,45,60,33,16,17,34,16,18,39,17,22,,,,106,71,35,,,,0,0,0,,,
07/03/2022 14:00,93,40,53,46,35,11,25,14,11,30,15,15,,,,80,54,26,,,,0,0,0,,,
07/03/2022 15:00,83,38,45,25,10,15,14,8,6,26,14,12,,,,66,41,25,,,,0,0,0,,,
07/03/2022 16:00,77,36,41,30,19,11,21,16,5,39,25,14,,,,95,65,30,,,,0,0,0,,,
07/03/2022 17:00,131,68,63,33,10,23,34,23,11,40,23,17,,,,109,73,36,,,,0,0,0,,,
07/03/2022 18:00,132,67,65,32,19,13,34,19,15,47,20,27,,,,138,97,41,,,,0,0,0,,,
07/03/2022 19:00,108,53,55,41,18,23,27,16,11,15,9,6,,,,74,47,27,,,,0,0,0,,,
07/03/2022 20:00,68,37,31,23,5,18,22,10,12,17,8,9,,,,79,60,19,,,,0,0,0,,,
07/03/2022 21:00,28,18,10,9,4,5,11,3,8,8,4,4,,,,29,20,9,,,,0,0,0,,,
07/03/2022 22:00,3,3,0,0,0,0,2,1,1,3,0,3,,,,20,19,1,,,,0,0,0,,,
07/03/2022 23:00,4,1,3,1,1,0,6,2,4,1,0,1,,,,15,13,2,,,,0,0,0,,,
08/03/2022 00:00,0,0,0,0,0,0,0,0,0,1,1,0,,,,13,13,0,,,,0,0,0,,,
08/03/2022 01:00,0,0,0,0,0,0,0,0,0,1,1,0,,,,0,0,0,,,,0,0,0,,,
08/03/2022 02:00,0,0,0,0,0,0,0,0,0,0,0,0,,,,0,0,0,,,,0,0,0,,,
08/03/2022 03:00,0,0,0,0,0,0,0,0,0,0,0,0,,,,0,0,0,,,,0,0,0,,,
08/03/2022 04:00,1,0,1,0,0,0,0,0,0,0,0,0,,,,0,0,0,,,,0,0,0,,,
08/03/2022 05:00,2,1,1,0,0,0,0,0,0,1,0,1,,,,1,1,0,,,,0,0,0,,,
08/03/2022 06:00,35,15,20,9,6,3,12,4,8,10,5,5,,,,15,12,3,,,,0,0,0,,,
08/03/2022 07:00,38,20,18,19,9,10,12,7,5,21,11,10,,,,58,41,17,,,,0,0,0,,,
08/03/2022 08:00,87,44,43,33,13,20,22,15,7,37,16,21,,,,147,108,39,,,,0,0,0,,,
08/03/2022 09:00,75,37,38,22,13,9,19,11,8,18,8,10,,,,65,50,15,,,,0,0,0,,,
08/03/2022 10:00,52,26,26,16,9,7,22,15,7,24,13,11,,,,63,48,15,,,,0,0,0,,,
08/03/2022 11:00,38,19,19,12,7,5,8,3,5,18,6,12,,,,27,22,5,,,,0,0,0,,,
08/03/2022 12:00,27,14,13,11,5,6,16,5,11,18,7,11,,,,21,14,7,,,,0,0,0,,,
08/03/2022 13:00,26,12,14,15,8,7,11,9,2,20,8,12,,,,32,25,7,,,,0,0,0,,,
08/03/2022 14:00,31,19,12,14,9,5,21,11,10,16,7,9,,,,88,66,22,,,,0,0,0,,,
08/03/2022 15:00,112,48,64,32,16,16,30,15,15,21,12,9,,,,96,57,39,,,,0,0,0,,,
08/03/2022 16:00,82,44,38,22,9,13,22,10,12,25,18,7,,,,62,26,36,,,,0,0,0,,,
08/03/2022 17:00,93,37,56,32,20,12,40,32,8,28,17,11,,,,110,56,54,,,,0,0,0,,,
08/03/2022 18:00,131,69,62,56,27,29,44,22,22,21,10,11,,,,84,52,32,,,,0,0,0,,,
08/03/2022 19:00,107,49,58,58,34,24,40,18,22,23,11,12,,,,212,113,99,,,,0,0,0,,,
08/03/2022 20:00,79,47,32,26,11,15,17,10,7,13,7,6,,,,64,50,14,,,,0,0,0,,,
08/03/2022 21:00,33,22,11,20,9,11,14,4,10,6,1,5,,,,33,23,10,,,,0,0,0,,,
08/03/2022 22:00,20,11,9,4,4,0,9,2,7,2,0,2,,,,35,32,3,,,,0,0,0,,,
08/03/2022 23:00,9,5,4,2,0,2,2,0,2,6,4,2,,,,4,3,1,,,,0,0,0,,,
09/03/2022 00:00,0,0,0,0,0,0,3,0,3,1,0,1,,,,5,4,1,,,,0,0,0,,,
09/03/2022 01:00,0,0,0,0,0,0,0,0,0,1,1,0,,,,0,0,0,,,,0,0,0,,,
09/03/2022 02:00,0,0,0,0,0,0,0,0,0,0,0,0,,,,0,0,0,,,,0,0,0,,,
09/03/2022 03:00,0,0,0,0,0,0,0,0,0,0,0,0,,,,1,1,0,,,,0,0,0,,,
09/03/2022 04:00,1,1,0,1,1,0,0,0,0,0,0,0,,,,1,1,0,,,,0,0,0,,,
09/03/2022 05:00,1,0,1,0,0,0,0,0,0,0,0,0,,,,2,1,1,,,,0,0,0,,,
09/03/2022 06:00,26,11,15,7,6,1,12,5,7,8,4,4,,,,11,5,6,,,,0,0,0,,,
09/03/2022 07:00,38,17,21,16,9,7,12,8,4,15,8,7,,,,43,28,15,,,,0,0,0,,,
09/03/2022 08:00,52,21,31,25,12,13,10,5,5,42,20,22,,,,34,20,14,,,,0,0,0,,,
09/03/2022 09:00,36,18,18,18,6,12,13,4,9,24,13,11,,,,30,18,12,,,,0,0,0,,,
09/03/2022 10:00,18,8,10,9,5,4,20,13,7,18,10,8,,,,15,4,11,,,,0,0,0,,,
09/03/2022 11:00,24,8,16,6,2,4,7,6,1,11,5,6,,,,12,4,8,,,,0,0,0,,,
09/03/2022 12:00,27,12,15,18,10,8,9,6,3,8,5,3,,,,12,6,6,,,,0,0,0,,,
09/03/2022 13:00,7,3,4,3,3,0,7,4,3,18,10,8,,,,18,7,11,,,,0,0,0,,,
09/03/2022 14:00,11,6,5,6,4,2,5,2,3,4,2,2,,,,17,9,8,,,,0,0,0,,,
09/03/2022 15:00,14,7,7,6,3,3,1,1,0,8,5,3,,,,12,6,6,,,,0,0,0,,,
09/03/2022 16:00,22,10,12,5,2,3,7,5,2,5,4,1,,,,18,5,13,,,,0,0,0,,,
09/03/2022 17:00,28,20,8,9,5,4,11,7,4,14,6,8,,,,21,6,15,,,,0,0,0,,,
09/03/2022 18:00,25,16,9,13,7,6,12,6,6,7,1,6,,,,25,13,12,,,,0,0,0,,,
09/03/2022 19:00,18,10,8,10,6,4,11,7,4,5,1,4,,,,30,16,14,,,,0,0,0,,,
09/03/2022 20:00,19,8,11,15,3,12,15,7,8,6,4,2,,,,25,15,10,,,,0,0,0,,,
09/03/2022 21:00,16,8,8,6,4,2,8,3,5,4,1,3,,,,4,2,2,,,,0,0,0,,,
09/03/2022 22:00,8,6,2,2,2,0,3,1,2,2,2,0,,,,2,2,0,,,,0,0,0,,,
09/03/2022 23:00,6,5,1,2,0,2,4,0,4,0,0,0,,,,2,1,1,,,,0,0,0,,,
10/03/2022 00:00,0,0,0,0,0,0,0,0,0,2,2,0,,,,0,0,0,,,,0,0,0,,,
10/03/2022 01:00,0,0,0,0,0,0,0,0,0,0,0,0,,,,0,0,0,,,,0,0,0,,,
10/03/2022 02:00,0,0,0,0,0,0,0,0,0,0,0,0,,,,0,0,0,,,,0,0,0,,,
10/03/2022 03:00,0,0,0,0,0,0,0,0,0,0,0,0,,,,0,0,0,,,,0,0,0,,,
10/03/2022 04:00,0,0,0,0,0,0,0,0,0,0,0,0,,,,0,0,0,,,,0,0,0,,,
10/03/2022 05:00,3,1,2,1,0,1,1,0,1,2,2,0,,,,4,3,1,,,,0,0,0,,,
10/03/2022 06:00,39,17,22,9,5,4,12,5,7,5,3,2,,,,13,9,4,,,,0,0,0,,,
10/03/2022 07:00,61,33,28,28,10,18,16,7,9,20,8,12,,,,47,26,21,,,,0,0,0,,,
10/03/2022 08:00,110,45,65,42,22,20,35,27,8,39,23,16,,,,107,59,48,,,,0,0,0,,,
10/03/2022 09:00,134,70,64,59,27,32,25,13,12,34,16,18,,,,80,40,40,,,,0,0,0,,,
10/03/2022 10:00,174,82,92,61,23,38,26,20,6,26,16,10,,,,93,52,41,,,,0,0,0,,,
10/03/2022 11:00,242,125,117,40,22,18,30,17,13,42,9,33,,,,83,44,39,,,,0,0,0,,,
10/03/2022 12:00,202,98,104,81,36,45,50,26,24,39,18,21,,,,97,50,47,,,,0,0,0,,,
10/03/2022 13:00,214,104,110,53,29,24,47,26,21,40,23,17,,,,168,97,71,,,,0,0,0,,,
10/03/2022 14:00,200,107,93,67,36,31,42,24,18,44,19,25,,,,116,57,59,,,,0,0,0,,,
10/03/2022 15:00,217,112,105,47,28,19,31,12,19,38,27,11,,,,102,64,38,,,,0,0,0,,,
10/03/2022 16:00,155,75,80,30,16,14,38,21,17,44,23,21,,,,94,44,50,,,,0,0,0,,,
10/03/2022 17:00,127,61,66,39,17,22,44,27,17,36,16,20,,,,67,32,35,,,,0,0,0,,,
10/03/2022 18:00,131,58,73,59,31,28,33,28,5,33,19,14,,,,95,60,35,,,,0,0,0,,,
10/03/2022 19:00,97,61,36,35,14,21,35,25,10,17,10,7,,,,59,35,24,,,,0,0,0,,,
10/03/2022 20:00,73,43,30,30,18,12,21,8,13,5,3,2,,,,33,20,13,,,,0,0,0,,,
10/03/2022 21:00,47,22,25,9,2,7,13,4,9,5,2,3,,,,23,17,6,,,,0,0,0,,,
10/03/2022 22:00,15,10,5,6,1,5,9,4,5,3,2,1,,,,19,18,1,,,,0,0,0,,,
10/03/2022 23:00,4,4,0,1,0,1,7,2,5,8,4,4,,,,8,8,0,,,,0,0,0,,,
11/03/2022 00:00,0,0,0,2,0,2,2,0,2,0,0,0,,,,6,6,0,,,,0,0,0,,,
11/03/2022 01:00,0,0,0,3,2,1,1,1,0,0,0,0,,,,0,0,0,,,,0,0,0,,,
11/03/2022 02:00,0,0,0,0,0,0,0,0,0,0,0,0,,,,0,0,0,,,,0,0,0,,,
11/03/2022 03:00,0,0,0,0,0,0,0,0,0,0,0,0,,,,1,1,0,,,,0,0,0,,,
11/03/2022 04:00,0,0,0,0,0,0,0,0,0,0,0,0,,,,1,1,0,,,,0,0,0,,,
11/03/2022 05:00,2,1,1,1,0,1,1,0,1,1,1,0,,,,1,1,0,,,,0,0,0,,,
11/03/2022 06:00,28,13,15,6,2,4,10,7,3,4,2,2,,,,11,7,4,,,,0,0,0,,,
11/03/2022 07:00,38,21,17,23,13,10,13,7,6,21,10,11,,,,41,24,17,,,,0,0,0,,,
11/03/2022 08:00,33,17,16,22,11,11,18,11,7,22,16,6,,,,37,22,15,,,,0,0,0,,,
11/03/2022 09:00,29,14,15,14,5,9,16,7,9,17,7,10,,,,15,6,9,,,,0,0,0,,,
11/03/2022 10:00,8,5,3,15,7,8,4,1,3,14,6,8,,,,6,2,4,,,,0,0,0,,,
11/03/2022 11:00,10,4,6,13,6,7,4,3,1,10,3,7,,,,7,4,3,,,,0,0,0,,,
11/03/2022 12:00,20,14,6,6,5,1,3,1,2,15,12,3,,,,11,5,6,,,,0,0,0,,,
11/03/2022 13:00,38,17,21,18,10,8,27,15,12,12,3,9,,,,38,21,17,,,,0,0,0,,,
11/03/2022 14:00,109,45,64,36,17,19,11,6,5,29,17,12,,,,80,52,28,,,,0,0,0,,,
11/03/2022 15:00,158,79,79,27,11,16,37,20,17,32,16,16,,,,78,45,33,,,,0,0,0,,,
11/03/2022 16:00,178,85,93,39,18,21,41,18,23,34,16,18,,,,107,57,50,,,,0,0,0,,,
11/03/2022 17:00,156,93,63,50,25,25,36,12,24,33,17,16,,,,91,40,51,,,,0,0,0,,,
11/03/2022 18:00,131,72,59,39,22,17,32,23,9,17,7,10,,,,77,42,35,,,,0,0,0,,,
11/03/2022 19:00,96,47,49,31,10,21,35,24,11,15,10,5,,,,19,9,10,,,,0,0,0,,,
11/03/2022 20:00,55,28,27,18,13,5,19,8,11,4,2,2,,,,20,12,8,,,,0,0,0,,,
11/03/2022 21:00,30,13,17,4,2,2,7,5,2,1,1,0,,,,13,5,8,,,,0,0,0,,,
11/03/2022 22:00,32,14,18,6,4,2,14,7,7,4,4,0,,,,5,4,1,,,,0,0,0,,,
11/03/2022 23:00,11,9,2,4,0,4,9,3,6,5,1,4,,,,4,2,2,,,,0,0,0,,,
12/03/2022 00:00,0,0,0,1,1,0,9,3,6,1,0,1,,,,3,3,0,,,,0,0,0,,,
12/03/2022 01:00,1,0,1,1,1,0,1,1,0,5,1,4,,,,2,0,2,,,,0,0,0,,,
12/03/2022 02:00,0,0,0,0,0,0,1,0,1,0,0,0,,,,0,0,0,,,,0,0,0,,,
12/03/2022 03:00,0,0,0,0,0,0,1,1,0,0,0,0,,,,0,0,0,,,,0,0,0,,,
12/03/2022 04:00,0,0,0,0,0,0,1,1,0,1,0,1,,,,2,2,0,,,,0,0,0,,,
12/03/2022 05:00,2,2,0,1,0,1,0,0,0,0,0,0,,,,2,2,0,,,,0,0,0,,,
12/03/2022 06:00,18,4,14,2,1,1,2,1,1,2,0,2,,,,4,2,2,,,,0,0,0,,,
12/03/2022 07:00,54,27,27,20,11,9,16,8,8,10,5,5,,,,13,8,5,,,,0,0,0,,,
12/03/2022 08:00,120,61,59,28,14,14,18,9,9,11,2,9,,,,72,39,33,,,,0,0,0,,,
12/03/2022 09:00,185,85,100,57,34,23,34,24,10,25,12,13,,,,93,57,36,,,,0,0,0,,,
12/03/2022 10:00,352,191,161,97,52,45,73,46,27,49,26,23,,,,188,114,74,,,,0,0,0,,,
12/03/2022 11:00,368,191,177,110,54,56,80,51,29,57,32,25,,,,236,137,99,,,,0,0,0,,,
12/03/2022 12:00,354,186,168,88,48,40,75,35,40,43,20,23,,,,155,77,78,,,,0,0,0,,,
12/03/2022 13:00,301,149,152,63,28,35,59,26,33,47,18,29,,,,134,65,69,,,,0,0,0,,,
12/03/2022 14:00,240,138,102,56,32,24,54,33,21,43,27,16,,,,121,68,53,,,,0,0,0,,,
12/03/2022 15:00,190,102,88,22,8,14,35,16,19,16,7,9,,,,90,43,47,,,,0,0,0,,,
12/03/2022 16:00,32,12,20,16,6,10,9,6,3,7,4,3,,,,19,9,10,,,,0,0,0,,,
12/03/2022 17:00,23,11,12,4,1,3,3,0,3,5,5,0,,,,1,1,0,,,,0,0,0,,,
12/03/2022 18:00,14,7,7,4,2,2,4,3,1,3,1,2,,,,7,2,5,,,,0,0,0,,,
12/03/2022 19:00,13,9,4,2,2,0,4,1,3,3,1,2,,,,4,1,3,,,,0,0,0,,,
12/03/2022 20:00,11,6,5,4,2,2,8,3,5,4,0,4,,,,3,1,2,,,,0,0,0,,,
12/03/2022 21:00,7,5,2,2,0,2,2,1,1,2,1,1,,,,2,1,1,,,,0,0,0,,,
12/03/2022 22:00,6,4,2,1,1,0,4,2,2,2,2,0,,,,0,0,0,,,,0,0,0,,,
12/03/2022 23:00,1,1,0,4,2,2,3,1,2,4,0,4,,,,0,0,0,,,,0,0,0,,,
13/03/2022 00:00,0,0,0,0,0,0,1,0,1,0,0,0,,,,0,0,0,,,,0,0,0,,,
13/03/2022 01:00,1,0,1,1,1,0,1,1,0,3,1,2,,,,0,0,0,,,,0,0,0,,,
13/03/2022 02:00,0,0,0,1,1,0,0,0,0,0,0,0,,,,0,0,0,,,,0,0,0,,,
13/03/2022 03:00,0,0,0,0,0,0,0,0,0,2,2,0,,,,0,0,0,,,,0,0,0,,,
13/03/2022 04:00,0,0,0,0,0,0,0,0,0,27,26,1,,,,0,0,0,,,,0,0,0,,,
13/03/2022 05:00,0,0,0,0,0,0,0,0,0,11,11,0,,,,0,0,0,,,,0,0,0,,,
13/03/2022 06:00,3,1,2,3,1,2,1,1,0,18,18,0,,,,1,0,1,,,,0,0,0,,,
13/03/2022 07:00,13,5,8,3,0,3,3,1,2,4,2,2,,,,7,3,4,,,,0,0,0,,,
13/03/2022 08:00,34,12,22,3,3,0,5,5,0,7,4,3,,,,13,10,3,,,,0,0,0,,,
13/03/2022 09:00,99,49,50,32,17,15,26,13,13,22,10,12,,,,54,36,18,,,,0,0,0,,,
13/03/2022 10:00,216,114,102,54,28,26,32,17,15,22,10,12,,,,93,54,39,,,,0,0,0,,,
13/03/2022 11:00,328,163,165,71,41,30,54,31,23,40,22,18,,,,112,69,43,,,,0,0,0,,,
13/03/2022 12:00,462,211,251,103,63,40,60,38,22,38,19,19,,,,102,59,43,,,,0,0,0,,,
13/03/2022 13:00,563,299,264,93,45,48,84,51,33,112,72,40,,,,118,80,38,,,,0,0,0,,,
13/03/2022 14:00,643,305,338,119,59,60,73,50,23,127,70,57,,,,160,93,67,,,,0,0,0,,,
13/03/2022 15:00,723,384,339,93,48,45,75,38,37,120,67,53,,,,119,65,54,,,,0,0,0,,,
13/03/2022 16:00,594,281,313,81,38,43,73,41,32,122,66,56,,,,122,64,58,,,,0,0,0,,,
13/03/2022 17:00,314,163,151,69,37,32,43,19,24,54,27,27,,,,64,36,28,,,,0,0,0,,,
13/03/2022 18:00,237,123,114,46,12,34,37,18,19,24,13,11,,,,35,23,12,,,,0,0,0,,,
13/03/2022 19:00,111,56,55,27,13,14,18,14,4,12,5,7,,,,29,17,12,,,,0,0,0,,,
13/03/2022 20:00,63,39,24,20,8,12,23,12,11,13,6,7,,,,12,7,5,,,,0,0,0,,,
13/03/2022 21:00,34,16,18,6,4,2,6,2,4,6,3,3,,,,9,6,3,,,,0,0,0,,,
13/03/2022 22:00,14,8,6,2,0,2,2,0,2,6,4,2,,,,0,0,0,,,,0,0,0,,,
13/03/2022 23:00,3,3,0,2,2,0,0,0,0,0,0,0,,,,1,1,0,,,,0,0,0,,,
14/03/2022 00:00,0,0,0,0,0,0,2,1,1,1,0,1,,,,1,1,0,,,,0,0,0,,,
14/03/2022 01:00,0,0,0,2,1,1,3,1,2,0,0,0,,,,0,0,0,,,,0,0,0,,,
14/03/2022 02:00,0,0,0,0,0,0,0,0,0,0,0,0,,,,0,0,0,,,,0,0,0,,,
14/03/2022 03:00,0,0,0,0,0,0,0,0,0,0,0,0,,,,0,0,0,,,,0,0,0,,,
14/03/2022 04:00,0,0,0,0,0,0,0,0,0,0,0,0,,,,0,0,0,,,,0,0,0,,,
14/03/2022 05:00,4,1,3,0,0,0,0,0,0,1,1,0,,,,1,1,0,,,,0,0,0,,,
14/03/2022 06:00,38,15,23,12,6,6,18,9,9,4,1,3,,,,22,15,7,,,,0,0,0,,,
14/03/2022 07:00,76,41,35,23,10,13,14,7,7,20,10,10,,,,43,30,13,,,,0,0,0,,,
14/03/2022 08:00,117,65,52,39,20,19,31,18,13,41,20,21,,,,97,46,51,,,,0,0,0,,,
14/03/2022 09:00,78,40,38,22,14,8,23,13,10,21,10,11,,,,37,17,20,,,,0,0,0,,,
14/03/2022 10:00,51,27,24,9,5,4,18,12,6,14,12,2,,,,19,10,9,,,,0,0,0,,,
14/03/2022 11:00,90,45,45,28,11,17,22,10,12,33,19,14,,,,38,25,13,,,,0,0,0,,,
14/03/2022 12:00,123,75,48,25,12,13,28,16,12,55,29,26,,,,88,57,31,,,,0,0,0,,,
14/03/2022 13:00,140,62,78,26,20,6,29,14,15,42,16,26,,,,71,38,33,,,,0,0,0,,,
14/03/2022 14:00,132,62,70,37,23,14,29,17,12,26,17,9,,,,82,52,30,,,,0,0,0,,,
14/03/2022 15:00,170,74,96,32,13,19,29,22,7,49,35,14,,,,66,34,32,,,,0,0,0,,,
14/03/2022 16:00,110,59,51,34,21,13,22,13,9,24,9,15,,,,47,24,23,,,,0,0,0,,,
14/03/2022 17:00,152,77,75,46,29,17,63,41,22,45,18,27,,,,76,43,33,,,,0,0,0,,,
14/03/2022 18:00,153,69,84,67,25,42,53,30,23,20,10,10,,,,128,71,57,,,,0,0,0,,,
14/03/2022 19:00,151,75,76,42,21,21,29,16,13,22,13,9,,,,44,19,25,,,,0,0,0,,,
14/03/2022 20:00,93,57,36,20,4,16,17,6,11,15,12,3,,,,29,16,13,,,,0,0,0,,,
14/03/2022 21:00,23,13,10,15,10,5,12,3,9,2,1,1,,,,22,15,7,,,,0,0,0,,,
14/03/2022 22:00,17,11,6,1,1,0,5,1,4,9,5,4,,,,64,61,3,,,,0,0,0,,,
14/03/2022 23:00,8,2,6,2,0,2,3,0,3,0,0,0,,,,14,14,0,,,,0,0,0,,,
15/03/2022 00:00,0,0,0,0,0,0,2,1,1,2,2,0,,,,2,0,2,,,,0,0,0,,,
15/03/2022 01:00,0,0,0,2,0,2,0,0,0,0,0,0,,,,0,0,0,,,,0,0,0,,,
15/03/2022 02:00,0,0,0,1,1,0,1,1,0,0,0,0,,,,0,0,0,,,,0,0,0,,,
15/03/2022 03:00,0,0,0,0,0,0,0,0,0,0,0,0,,,,0,0,0,,,,0,0,0,,,
15/03/2022 04:00,0,0,0,1,0,1,0,0,0,0,0,0,,,,0,0,0,,,,0,0,0,,,
15/03/2022 05:00,5,1,4,2,0,2,1,0,1,2,0,2,,,,5,3,2,,,,0,0,0,,,
15/03/2022 06:00,38,19,19,11,5,6,9,4,5,6,3,3,,,,28,21,7,,,,0,0,0,,,
15/03/2022 07:00,66,32,34,20,9,11,8,6,2,13,8,5,,,,54,33,21,,,,0,0,0,,,
15/03/2022 08:00,104,60,44,32,16,16,26,13,13,33,17,16,,,,100,50,50,,,,0,0,0,,,
15/03/2022 09:00,121,56,65,37,18,19,12,7,5,36,20,16,,,,66,42,24,,,,0,0,0,,,
15/03/2022 10:00,131,73,58,61,19,42,31,18,13,25,15,10,,,,56,28,28,,,,0,0,0,,,
15/03/2022 11:00,132,60,72,35,24,11,36,12,24,35,8,27,,,,47,27,20,,,,0,0,0,,,
15/03/2022 12:00,156,76,80,34,17,17,32,16,16,42,20,22,,,,75,46,29,,,,0,0,0,,,
15/03/2022 13:00,154,82,72,38,21,17,35,13,22,33,14,19,,,,128,87,41,,,,0,0,0,,,
15/03/2022 14:00,112,49,63,28,20,8,16,3,13,46,28,18,,,,113,47,66,,,,0,0,0,,,
15/03/2022 15:00,121,50,71,36,20,16,17,7,10,20,10,10,,,,69,30,39,,,,0,0,0,,,
15/03/2022 16:00,112,55,57,42,19,23,25,18,7,32,16,16,,,,69,34,35,,,,35,18,17,,,
15/03/2022 17:00,150,72,78,47,23,24,38,20,18,34,12,22,,,,72,38,34,,,,83,40,43,,,
15/03/2022 18:00,176,77,99,58,23,35,47,25,22,38,23,15,,,,92,49,43,,,,96,62,34,,,
15/03/2022 19:00,114,69,45,62,33,29,40,23,17,22,13,9,,,,51,31,20,,,,74,34,40,,,
15/03/2022 20:00,77,34,43,29,12,17,16,9,7,10,4,6,,,,34,19,15,,,,26,5,21,,,
15/03/2022 21:00,44,24,20,4,1,3,13,5,8,3,2,1,,,,18,12,6,,,,26,15,11,,,
15/03/2022 22:00,13,7,6,6,2,4,5,2,3,6,1,5,,,,17,12,5,,,,12,5,7,,,
15/03/2022 23:00,3,2,1,2,2,0,5,1,4,0,0,0,,,,7,6,1,,,,4,2,2,,,
16/03/2022 00:00,0,0,0,3,3,0,3,1,2,0,0,0,,,,9,9,0,,,,6,6,0,,,
16/03/2022 01:00,1,1,0,2,1,1,1,0,1,0,0,0,,,,10,10,0,,,,5,4,1,,,
16/03/2022 02:00,0,0,0,2,2,0,0,0,0,0,0,0,,,,1,0,1,,,,0,0,0,,,
16/03/2022 03:00,0,0,0,0,0,0,0,0,0,0,0,0,,,,0,0,0,,,,1,1,0,,,
16/03/2022 04:00,0,0,0,0,0,0,0,0,0,0,0,0,,,,0,0,0,,,,0,0,0,,,
16/03/2022 05:00,5,3,2,0,0,0,0,0,0,1,1,0,,,,1,1,0,,,,4,1,3,,,
16/03/2022 06:00,22,9,13,8,5,3,6,4,2,5,3,2,,,,22,15,7,,,,10,1,9,,,
16/03/2022 07:00,66,30,36,15,4,11,8,5,3,15,7,8,,,,45,30,15,,,,31,11,20,,,
16/03/2022 08:00,97,49,48,47,29,18,30,22,8,37,17,20,,,,72,45,27,,,,85,56,29,,,
16/03/2022 09:00,112,55,57,34,13,21,23,11,12,31,21,10,,,,46,25,21,,,,25,12,13,,,
16/03/2022 10:00,121,57,64,36,23,13,19,11,8,17,11,6,,,,56,34,22,,,,36,17,19,,,
16/03/2022 11:00,148,72,76,40,20,20,17,8,9,36,16,20,,,,66,41,25,,,,45,25,20,,,
16/03/2022 12:00,177,81,96,43,26,17,36,21,15,23,11,12,,,,83,50,33,,,,71,34,37,,,
16/03/2022 13:00,165,90,75,27,10,17,35,24,11,30,18,12,,,,109,66,43,,,,52,18,34,,,
16/03/2022 14:00,141,67,74,37,18,19,41,23,18,18,9,9,,,,101,68,33,,,,56,27,29,,,
16/03/2022 15:00,187,91,96,42,25,17,34,19,15,34,19,15,,,,140,81,59,,,,103,27,76,,,
16/03/2022 16:00,190,88,102,41,29,12,48,25,23,40,24,16,,,,108,70,38,,,,66,28,38,,,
16/03/2022 17:00,170,97,73,48,29,19,71,35,36,35,17,18,,,,75,43,32,,,,82,37,45,,,
16/03/2022 18:00,182,97,85,41,19,22,40,25,15,34,16,18,,,,73,42,31,,,,69,36,33,,,
16/03/2022 19:00,96,50,46,39,18,21,39,13,26,9,4,5,,,,48,30,18,,,,47,23,24,,,
16/03/2022 20:00,62,31,31,18,2,16,17,4,13,10,6,4,,,,30,14,16,,,,39,21,18,,,
16/03/2022 21:00,31,17,14,7,1,6,12,4,8,6,2,4,,,,10,7,3,,,,25,12,13,,,
16/03/2022 22:00,20,15,5,9,7,2,11,7,4,3,2,1,,,,5,5,0,,,,7,3,4,,,
16/03/2022 23:00,10,8,2,4,1,3,7,4,3,4,1,3,,,,7,6,1,,,,9,5,4,,,
17/03/2022 00:00,0,0,0,0,0,0,3,0,3,4,1,3,,,,2,2,0,,,,4,4,0,,,
17/03/2022 01:00,0,0,0,2,0,2,0,0,0,3,3,0,,,,0,0,0,,,,6,5,1,,,
17/03/2022 02:00,1,1,0,1,1,0,0,0,0,0,0,0,,,,0,0,0,,,,11,10,1,,,
17/03/2022 03:00,0,0,0,2,2,0,3,1,2,0,0,0,,,,5,2,3,,,,1,1,0,,,
17/03/2022 04:00,0,0,0,0,0,0,0,0,0,0,0,0,,,,1,1,0,,,,3,1,2,,,
17/03/2022 05:00,4,1,3,0,0,0,0,0,0,1,1,0,,,,1,1,0,,,,0,0,0,,,
17/03/2022 06:00,23,13,10,2,0,2,1,0,1,22,19,3,,,,5,4,1,,,,3,0,3,,,
17/03/2022 07:00,51,21,30,11,4,7,9,3,6,16,12,4,,,,15,10,5,,,,13,9,4,,,
17/03/2022 08:00,81,36,45,29,20,9,32,17,15,115,88,27,,,,35,22,13,,,,19,11,8,,,
17/03/2022 09:00,153,68,85,48,20,28,28,15,13,35,26,9,,,,103,49,54,,,,39,20,19,,,
17/03/2022 10:00,231,122,109,93,36,57,83,53,30,128,90,38,,,,304,76,228,,,,31,13,18,,,
17/03/2022 11:00,346,174,172,109,37,72,66,29,37,51,35,16,,,,396,83,313,,,,49,19,30,,,
17/03/2022 12:00,349,168,181,70,34,36,62,38,24,53,28,25,,,,162,79,83,,,,58,29,29,,,
17/03/2022 13:00,352,177,175,157,119,38,93,66,27,71,34,37,,,,214,154,60,,,,38,15,23,,,
17/03/2022 14:00,391,191,200,211,168,43,156,124,32,72,52,20,,,,263,225,38,,,,47,27,20,,,
17/03/2022 15:00,396,209,187,230,185,45,179,139,40,72,33,39,,,,196,145,51,,,,47,22,25,,,
17/03/2022 16:00,419,211,208,140,109,31,124,74,50,57,26,31,,,,98,57,41,,,,42,21,21,,,
17/03/2022 17:00,252,130,122,62,39,23,57,33,24,37,20,17,,,,62,40,22,,,,63,26,37,,,
17/03/2022 18:00,177,90,87,40,18,22,32,17,15,16,10,6,,,,60,25,35,,,,45,20,25,,,
17/03/2022 19:00,114,58,56,26,15,11,19,6,13,13,9,4,,,,37,22,15,,,,47,22,25,,,
17/03/2022 20:00,81,43,38,16,3,13,22,7,15,13,8,5,,,,23,18,5,,,,44,22,22,,,
17/03/2022 21:00,49,28,21,17,3,14,29,20,9,3,1,2,,,,29,21,8,,,,41,25,16,,,
17/03/2022 22:00,18,7,11,6,5,1,7,4,3,8,7,1,,,,11,8,3,,,,11,5,6,,,
17/03/2022 23:00,7,2,5,10,4,6,7,5,2,1,0,1,,,,11,10,1,,,,17,10,7,,,
18/03/2022 00:00,0,0,0,0,0,0,1,1,0,5,1,4,,,,15,15,0,,,,13,11,2,,,
18/03/2022 01:00,1,1,0,2,2,0,1,1,0,0,0,0,,,,3,3,0,,,,12,8,4,,,
18/03/2022 02:00,1,1,0,0,0,0,1,0,1,0,0,0,,,,1,1,0,,,,4,3,1,,,
18/03/2022 03:00,1,1,0,1,0,1,0,0,0,0,0,0,,,,0,0,0,,,,3,1,2,,,
18/03/2022 04:00,0,0,0,0,0,0,0,0,0,1,0,1,,,,2,2,0,,,,3,1,2,,,
18/03/2022 05:00,6,3,3,1,0,1,1,0,1,1,0,1,,,,1,1,0,,,,1,1,0,,,
18/03/2022 06:00,15,6,9,3,0,3,1,0,1,0,0,0,,,,9,8,1,,,,8,2,6,,,
18/03/2022 07:00,26,12,14,14,8,6,12,9,3,8,3,5,,,,16,9,7,,,,9,5,4,,,
18/03/2022 08:00,102,44,58,34,25,9,25,14,11,6,3,3,,,,44,27,17,,,,31,19,12,,,
18/03/2022 09:00,152,72,80,47,21,26,32,16,16,20,7,13,,,,80,50,30,,,,35,20,15,,,
18/03/2022 10:00,273,142,131,62,33,29,48,25,23,55,24,31,,,,127,73,54,,,,39,12,27,,,
18/03/2022 11:00,414,220,194,117,68,49,55,38,17,77,44,33,,,,184,113,71,,,,66,35,31,,,
18/03/2022 12:00,526,281,245,100,41,59,68,35,33,73,38,35,,,,183,88,95,,,,76,47,29,,,
18/03/2022 13:00,517,275,242,99,44,55,102,58,44,35,14,21,,,,134,63,71,,,,65,36,29,,,
18/03/2022 14:00,628,319,309,96,54,42,68,39,29,37,25,12,,,,161,91,70,,,,79,38,41,,,
18/03/2022 15:00,648,325,323,85,43,42,116,61,55,66,41,25,,,,160,90,70,,,,62,39,23,,,
18/03/2022 16:00,602,301,301,85,57,28,88,47,41,59,31,28,,,,224,100,124,,,,62,24,38,,,
18/03/2022 17:00,428,210,218,56,31,25,66,29,37,51,34,17,,,,141,82,59,,,,62,26,36,,,
18/03/2022 18:00,252,117,135,46,17,29,52,27,25,25,11,14,,,,58,26,32,,,,43,14,29,,,
18/03/2022 19:00,153,78,75,32,11,21,24,11,13,15,8,7,,,,39,21,18,,,,28,18,10,,,
18/03/2022 20:00,70,36,34,19,6,13,12,8,4,12,8,4,,,,12,10,2,,,,20,13,7,,,
18/03/2022 21:00,35,21,14,9,4,5,7,3,4,6,4,2,,,,18,15,3,,,,36,16,20,,,
18/03/2022 22:00,22,13,9,3,1,2,10,6,4,11,9,2,,,,23,19,4,,,,7,4,3,,,
18/03/2022 23:00,4,2,2,2,0,2,9,5,4,2,0,2,,,,35,33,2,,,,21,14,7,,,
19/03/2022 00:00,0,0,0,1,0,1,3,1,2,1,1,0,,,,4,4,0,,,,3,3,0,,,
19/03/2022 01:00,1,1,0,1,1,0,1,0,1,1,1,0,,,,1,0,1,,,,4,2,2,,,
19/03/2022 02:00,1,0,1,1,0,1,1,1,0,0,0,0,,,,0,0,0,,,,2,1,1,,,
19/03/2022 03:00,0,0,0,0,0,0,1,0,1,0,0,0,,,,0,0,0,,,,2,2,0,,,
19/03/2022 04:00,1,0,1,0,0,0,0,0,0,0,0,0,,,,0,0,0,,,,6,1,5,,,
19/03/2022 05:00,1,0,1,0,0,0,0,0,0,0,0,0,,,,0,0,0,,,,1,0,1,,,
19/03/2022 06:00,25,10,15,4,2,2,1,0,1,6,0,6,,,,6,3,3,,,,7,1,6,,,
19/03/2022 07:00,43,24,19,12,6,6,11,9,2,8,3,5,,,,20,13,7,,,,10,7,3,,,
19/03/2022 08:00,85,36,49,37,25,12,38,21,17,15,5,10,,,,58,37,21,,,,23,12,11,,,
19/03/2022 09:00,172,83,89,46,22,24,52,37,15,18,6,12,,,,86,51,35,,,,49,23,26,,,
19/03/2022 10:00,286,155,131,88,42,46,74,45,29,46,18,28,,,,111,70,41,,,,47,29,18,,,
19/03/2022 11:00,407,207,200,86,53,33,47,31,16,40,23,17,,,,145,82,63,,,,59,30,29,,,
19/03/2022 12:00,405,231,174,98,43,55,92,48,44,45,28,17,,,,140,65,75,,,,65,37,28,,,
19/03/2022 13:00,458,217,241,88,37,51,67,27,40,40,18,22,,,,144,78,66,,,,73,43,30,,,
19/03/2022 14:00,480,252,228,89,39,50,77,42,35,30,13,17,,,,151,83,68,,,,60,41,19,,,
19/03/2022 15:00,546,272,274,97,52,45,62,30,32,59,25,34,,,,176,83,93,,,,61,34,27,,,
19/03/2022 16:00,458,233,225,111,61,50,73,34,39,35,20,15,,,,166,96,70,,,,42,24,18,,,
19/03/2022 17:00,241,112,129,29,14,15,30,11,19,22,10,12,,,,113,75,38,,,,57,24,33,,,
19/03/2022 18:00,149,69,80,40,21,19,29,19,10,10,6,4,,,,72,50,22,,,,45,27,18,,,
19/03/2022 19:00,118,62,56,28,16,12,23,11,12,11,5,6,,,,50,32,18,,,,57,21,36,,,
19/03/2022 20:00,43,19,24,11,7,4,12,5,7,6,3,3,,,,20,18,2,,,,20,11,9,,,
19/03/2022 21:00,24,11,13,9,6,3,3,0,3,24,23,1,,,,12,10,2,,,,22,13,9,,,
19/03/2022 22:00,15,3,12,5,3,2,8,6,2,26,26,0,,,,50,46,4,,,,13,9,4,,,
19/03/2022 23:00,3,1,2,7,4,3,5,2,3,7,6,1,,,,20,19,1,,,,11,8,3,,,
20/03/2022 00:00,0,0,0,1,1,0,1,0,1,4,3,1,,,,8,7,1,,,,11,8,3,,,
20/03/2022 01:00,2,2,0,0,0,0,3,2,1,0,0,0,,,,1,1,0,,,,2,2,0,,,
20/03/2022 02:00,0,0,0,0,0,0,0,0,0,1,0,1,,,,2,2,0,,,,7,7,0,,,
20/03/2022 03:00,0,0,0,0,0,0,0,0,0,4,3,1,,,,3,3,0,,,,5,3,2,,,
20/03/2022 04:00,0,0,0,0,0,0,0,0,0,0,0,0,,,,3,3,0,,,,5,4,1,,,
20/03/2022 05:00,2,1,1,0,0,0,0,0,0,0,0,0,,,,1,1,0,,,,2,0,2,,,
20/03/2022 06:00,11,4,7,1,1,0,5,3,2,0,0,0,,,,6,4,2,,,,4,2,2,,,
20/03/2022 07:00,57,28,29,8,5,3,8,3,5,4,2,2,,,,23,17,6,,,,17,10,7,,,
20/03/2022 08:00,81,33,48,32,19,13,23,14,9,11,5,6,,,,36,25,11,,,,27,13,14,,,
20/03/2022 09:00,184,83,101,49,25,24,39,24,15,29,13,16,,,,87,51,36,,,,37,18,19,,,
20/03/2022 10:00,336,194,142,110,56,54,84,43,41,43,29,14,,,,113,69,44,,,,43,30,13,,,
20/03/2022 11:00,589,286,303,106,68,38,72,52,20,59,40,19,,,,150,97,53,,,,67,40,27,,,
20/03/2022 12:00,637,337,300,145,71,74,93,61,32,52,23,29,,,,181,96,85,,,,58,36,22,,,
20/03/2022 13:00,679,335,344,87,44,43,76,44,32,52,22,30,,,,144,67,77,,,,60,39,21,,,
20/03/2022 14:00,912,436,476,123,59,64,93,50,43,42,15,27,,,,157,94,63,,,,62,31,31,,,
20/03/2022 15:00,773,383,390,89,43,46,83,38,45,51,33,18,,,,160,104,56,,,,42,24,18,,,
20/03/2022 16:00,576,304,272,64,32,32,72,29,43,46,28,18,,,,200,110,90,,,,44,27,17,,,
20/03/2022 17:00,283,170,113,70,29,41,62,25,37,18,9,9,,,,125,72,53,,,,45,23,22,,,
20/03/2022 18:00,174,76,98,44,20,24,25,17,8,14,10,4,,,,108,75,33,,,,48,22,26,,,
20/03/2022 19:00,82,35,47,15,11,4,24,12,12,13,7,6,,,,81,67,14,,,,29,14,15,,,
20/03/2022 20:00,52,32,20,15,7,8,22,9,13,20,13,7,,,,73,63,10,,,,19,10,9,,,
20/03/2022 21:00,23,9,14,13,3,10,14,8,6,0,0,0,,,,68,63,5,,,,13,3,10,,,
20/03/2022 22:00,13,8,5,10,5,5,5,2,3,2,2,0,,,,53,47,6,,,,7,3,4,,,
20/03/2022 23:00,7,4,3,3,1,2,6,3,3,1,0,1,,,,12,11,1,,,,2,1,1,,,
21/03/2022 00:00,0,0,0,0,0,0,2,1,1,0,0,0,,,,5,4,1,,,,6,5,1,,,
21/03/2022 01:00,0,0,0,0,0,0,0,0,0,0,0,0,,,,0,0,0,,,,1,1,0,,,
21/03/2022 02:00,0,0,0,0,0,0,0,0,0,0,0,0,,,,2,2,0,,,,1,1,0,,,
21/03/2022 03:00,0,0,0,0,0,0,0,0,0,0,0,0,,,,0,0,0,,,,0,0,0,,,
21/03/2022 04:00,0,0,0,1,1,0,0,0,0,0,0,0,,,,0,0,0,,,,1,1,0,,,
21/03/2022 05:00,1,0,1,2,0,2,0,0,0,1,0,1,,,,3,2,1,,,,4,2,2,,,
21/03/2022 06:00,36,13,23,17,9,8,19,11,8,9,5,4,,,,34,26,8,,,,8,4,4,,,
21/03/2022 07:00,64,30,34,30,11,19,15,6,9,17,10,7,,,,78,59,19,,,,27,8,19,,,
21/03/2022 08:00,126,60,66,41,21,20,35,18,17,39,17,22,,,,138,97,41,,,,75,37,38,,,
21/03/2022 09:00,100,51,49,30,20,10,22,9,13,29,12,17,,,,75,50,25,,,,42,22,20,,,
21/03/2022 10:00,102,50,52,22,15,7,24,12,12,36,13,23,,,,75,48,27,,,,39,17,22,,,
21/03/2022 11:00,114,59,55,30,13,17,24,15,9,22,14,8,,,,71,49,22,,,,41,19,22,,,
21/03/2022 12:00,141,67,74,39,15,24,20,10,10,44,20,24,,,,88,47,41,,,,51,29,22,,,
21/03/2022 13:00,213,120,93,82,42,40,42,21,21,44,28,16,,,,132,73,59,,,,60,32,28,,,
21/03/2022 14:00,221,99,122,41,21,20,39,20,19,34,20,14,,,,106,67,39,,,,73,25,48,,,
21/03/2022 15:00,216,117,99,37,17,20,35,20,15,36,22,14,,,,187,105,82,,,,61,27,34,,,
21/03/2022 16:00,193,109,84,39,28,11,48,21,27,36,18,18,,,,158,89,69,,,,58,31,27,,,
21/03/2022 17:00,166,73,93,44,18,26,52,32,20,32,21,11,,,,150,106,44,,,,78,37,41,,,
21/03/2022 18:00,179,86,93,59,39,20,58,31,27,22,8,14,,,,133,82,51,,,,63,33,30,,,
21/03/2022 19:00,172,90,82,51,24,27,30,13,17,29,25,4,,,,94,61,33,,,,65,26,39,,,
21/03/2022 20:00,105,68,37,33,15,18,25,13,12,9,3,6,,,,46,31,15,,,,28,16,12,,,
21/03/2022 21:00,46,28,18,11,6,5,13,5,8,3,3,0,,,,30,23,7,,,,29,14,15,,,
21/03/2022 22:00,24,13,11,5,2,3,6,1,5,7,6,1,,,,32,26,6,,,,7,5,2,,,
21/03/2022 23:00,7,3,4,4,3,1,0,0,0,1,1,0,,,,26,26,0,,,,5,3,2,,,
22/03/2022 00:00,0,0,0,0,0,0,2,0,2,0,0,0,,,,6,5,1,,,,4,2,2,,,
22/03/2022 01:00,1,0,1,0,0,0,3,0,3,0,0,0,,,,0,0,0,,,,0,0,0,,,
22/03/2022 02:00,0,0,0,0,0,0,0,0,0,0,0,0,,,,2,2,0,,,,1,1,0,,,
22/03/2022 03:00,0,0,0,0,0,0,0,0,0,0,0,0,,,,0,0,0,,,,0,0,0,,,
22/03/2022 04:00,0,0,0,1,0,1,0,0,0,1,0,1,,,,0,0,0,,,,1,1,0,,,
22/03/2022 05:00,11,6,5,3,2,1,0,0,0,3,1,2,,,,4,3,1,,,,7,5,2,,,
22/03/2022 06:00,50,20,30,12,7,5,10,6,4,6,4,2,,,,41,26,15,,,,17,10,7,,,
22/03/2022 07:00,94,47,47,32,12,20,18,6,12,22,11,11,,,,107,72,35,,,,42,21,21,,,
22/03/2022 08:00,143,80,63,51,23,28,37,25,12,42,18,24,,,,132,90,42,,,,161,124,37,,,
22/03/2022 09:00,169,75,94,44,25,19,30,18,12,45,19,26,,,,81,43,38,,,,49,15,34,,,
22/03/2022 10:00,164,83,81,44,22,22,42,26,16,26,14,12,,,,96,57,39,,,,61,28,33,,,
22/03/2022 11:00,174,92,82,51,24,27,50,24,26,28,15,13,,,,161,111,50,,,,52,25,27,,,
22/03/2022 12:00,227,121,106,86,48,38,36,12,24,44,19,25,,,,156,63,93,,,,60,41,19,,,
22/03/2022 13:00,245,126,119,57,26,31,67,40,27,32,17,15,,,,167,73,94,,,,81,52,29,,,
22/03/2022 14:00,265,125,140,61,28,33,36,14,22,27,16,11,,,,153,87,66,,,,104,43,61,,,
22/03/2022 15:00,264,139,125,49,25,24,32,16,16,24,11,13,,,,177,87,90,,,,124,49,75,,,
22/03/2022 16:00,252,110,142,54,29,25,47,22,25,38,13,25,,,,152,91,61,,,,84,42,42,,,
22/03/2022 17:00,221,111,110,80,45,35,56,31,25,31,18,13,,,,158,99,59,,,,93,54,39,,,
22/03/2022 18:00,259,144,115,69,37,32,66,37,29,38,26,12,,,,139,87,52,,,,88,44,44,,,
22/03/2022 19:00,201,99,102,79,50,29,50,33,17,17,7,10,,,,113,74,39,,,,86,39,47,,,
22/03/2022 20:00,104,53,51,45,19,26,26,16,10,16,9,7,,,,40,30,10,,,,32,14,18,,,
22/03/2022 21:00,54,33,21,21,12,9,11,3,8,10,4,6,,,,38,26,12,,,,38,20,18,,,
22/03/2022 22:00,16,7,9,13,7,6,14,10,4,3,0,3,,,,44,41,3,,,,14,12,2,,,
22/03/2022 23:00,12,10,2,0,0,0,0,0,0,0,0,0,,,,35,33,2,,,,2,1,1,,,
23/03/2022 00:00,0,0,0,2,2,0,0,0,0,1,0,1,,,,17,16,1,,,,9,6,3,,,
23/03/2022 01:00,0,0,0,1,1,0,0,0,0,1,0,1,,,,5,5,0,,,,1,1,0,,,
23/03/2022 02:00,0,0,0,0,0,0,2,1,1,0,0,0,,,,3,1,2,,,,0,0,0,,,
23/03/2022 03:00,0,0,0,1,0,1,0,0,0,0,0,0,,,,2,1,1,,,,0,0,0,,,
23/03/2022 04:00,0,0,0,0,0,0,1,0,1,1,1,0,,,,1,1,0,,,,1,0,1,,,
23/03/2022 05:00,5,2,3,0,0,0,0,0,0,1,0,1,,,,2,2,0,,,,8,3,5,,,
23/03/2022 06:00,44,23,21,12,7,5,15,10,5,9,6,3,,,,46,31,15,,,,19,11,8,,,
23/03/2022 07:00,94,38,56,24,8,16,19,6,13,30,15,15,,,,126,96,30,,,,49,27,22,,,
23/03/2022 08:00,139,70,69,55,19,36,31,17,14,42,15,27,,,,176,120,56,,,,162,122,40,,,
23/03/2022 09:00,132,73,59,58,32,26,30,16,14,27,16,11,,,,90,56,34,,,,45,20,25,,,
23/03/2022 10:00,197,92,105,55,30,25,43,29,14,25,17,8,,,,110,73,37,,,,32,18,14,,,
23/03/2022 11:00,223,109,114,82,45,37,37,20,17,25,15,10,,,,68,39,29,,,,39,22,17,,,
23/03/2022 12:00,252,138,114,100,43,57,57,36,21,44,24,20,,,,127,80,47,,,,51,32,19,,,
23/03/2022 13:00,254,122,132,76,30,46,64,29,35,36,21,15,,,,165,85,80,,,,99,50,49,,,
23/03/2022 14:00,255,138,117,48,20,28,48,21,27,30,14,16,,,,143,82,61,,,,86,38,48,,,
23/03/2022 15:00,271,120,151,48,15,33,54,21,33,21,8,13,,,,161,83,78,,,,116,55,61,,,
23/03/2022 16:00,261,140,121,76,44,32,43,27,16,20,10,10,,,,157,71,86,,,,82,36,46,,,
23/03/2022 17:00,239,121,118,55,31,24,64,34,30,29,18,11,,,,150,76,74,,,,103,55,48,,,
23/03/2022 18:00,236,118,118,76,37,39,67,33,34,37,17,20,,,,129,74,55,,,,85,47,38,,,
23/03/2022 19:00,187,103,84,58,17,41,49,29,20,21,9,12,,,,97,49,48,,,,68,37,31,,,
23/03/2022 20:00,127,69,58,46,11,35,45,27,18,15,9,6,,,,53,32,21,,,,33,19,14,,,
23/03/2022 21:00,62,30,32,14,6,8,21,13,8,9,5,4,,,,34,24,10,,,,15,4,11,,,
23/03/2022 22:00,21,15,6,7,4,3,12,9,3,4,2,2,,,,41,40,1,,,,16,2,14,,,
23/03/2022 23:00,8,4,4,4,1,3,8,2,6,0,0,0,,,,37,36,1,,,,3,2,1,,,
24/03/2022 00:00,1,1,0,0,0,0,2,1,1,2,1,1,,,,3,3,0,,,,3,3,0,,,
24/03/2022 01:00,0,0,0,0,0,0,0,0,0,0,0,0,,,,2,2,0,,,,1,1,0,,,
24/03/2022 02:00,0,0,0,0,0,0,0,0,0,0,0,0,,,,2,2,0,,,,0,0,0,,,
24/03/2022 03:00,0,0,0,0,0,0,0,0,0,0,0,0,,,,3,3,0,,,,0,0,0,,,
24/03/2022 04:00,1,1,0,1,0,1,0,0,0,0,0,0,,,,2,2,0,,,,0,0,0,,,
24/03/2022 05:00,5,2,3,5,3,2,0,0,0,1,1,0,,,,4,2,2,,,,8,4,4,,,
24/03/2022 06:00,45,19,26,7,4,3,10,8,2,7,2,5,,,,51,34,17,,,,12,6,6,,,
24/03/2022 07:00,91,40,51,38,14,24,24,7,17,22,16,6,,,,99,63,36,,,,37,17,20,,,
24/03/2022 08:00,126,59,67,38,18,20,33,19,14,59,31,28,,,,130,79,51,,,,123,89,34,,,
24/03/2022 09:00,152,80,72,42,17,25,29,17,12,20,11,9,,,,76,46,30,,,,51,20,31,,,
24/03/2022 10:00,139,67,72,39,16,23,24,7,17,19,9,10,,,,81,48,33,,,,33,20,13,,,
24/03/2022 11:00,175,79,96,46,28,18,31,19,12,37,19,18,,,,92,61,31,,,,41,16,25,,,
24/03/2022 12:00,223,112,111,64,33,31,22,11,11,36,15,21,,,,106,51,55,,,,58,29,29,,,
24/03/2022 13:00,255,133,122,55,34,21,52,18,34,41,20,21,,,,195,106,89,,,,51,30,21,,,
24/03/2022 14:00,232,120,112,47,16,31,27,7,20,34,17,17,,,,135,77,58,,,,112,66,46,,,
24/03/2022 15:00,249,122,127,36,27,9,27,13,14,25,14,11,,,,160,99,61,,,,158,79,79,,,
24/03/2022 16:00,240,111,129,58,31,27,43,21,22,43,21,22,,,,159,92,67,,,,77,40,37,,,
24/03/2022 17:00,261,128,133,80,52,28,65,36,29,44,22,22,,,,141,76,65,,,,94,55,39,,,
24/03/2022 18:00,235,110,125,88,47,41,44,15,29,31,16,15,,,,151,85,66,,,,71,44,27,,,
24/03/2022 19:00,179,95,84,66,28,38,38,17,21,24,12,12,,,,125,68,57,,,,110,56,54,,,
24/03/2022 20:00,111,61,50,31,15,16,26,13,13,16,11,5,,,,51,40,11,,,,67,35,32,,,
24/03/2022 21:00,53,26,27,16,2,14,15,6,9,4,3,1,,,,37,34,3,,,,37,13,24,,,
24/03/2022 22:00,24,15,9,14,7,7,8,1,7,4,1,3,,,,28,25,3,,,,15,5,10,,,
24/03/2022 23:00,8,5,3,4,2,2,5,4,1,2,0,2,,,,42,42,0,,,,12,4,8,,,
25/03/2022 00:00,0,0,0,0,0,0,4,1,3,3,3,0,,,,18,15,3,,,,3,3,0,,,
25/03/2022 01:00,0,0,0,0,0,0,0,0,0,0,0,0,,,,0,0,0,,,,7,5,2,,,
25/03/2022 02:00,0,0,0,1,1,0,0,0,0,0,0,0,,,,0,0,0,,,,4,2,2,,,
25/03/2022 03:00,0,0,0,0,0,0,2,0,2,0,0,0,,,,0,0,0,,,,0,0,0,,,
25/03/2022 04:00,0,0,0,1,0,1,0,0,0,1,1,0,,,,0,0,0,,,,0,0,0,,,
25/03/2022 05:00,6,3,3,0,0,0,0,0,0,1,0,1,,,,6,4,2,,,,6,1,5,,,
25/03/2022 06:00,52,27,25,15,13,2,15,10,5,6,2,4,,,,26,18,8,,,,18,9,9,,,
25/03/2022 07:00,83,40,43,31,15,16,22,9,13,18,9,9,,,,88,60,28,,,,39,22,17,,,
25/03/2022 08:00,132,60,72,56,28,28,30,16,14,41,22,19,,,,121,75,46,,,,127,89,38,,,
25/03/2022 09:00,155,74,81,54,26,28,32,21,11,32,18,14,,,,112,68,44,,,,37,17,20,,,
25/03/2022 10:00,177,94,83,32,20,12,47,34,13,29,18,11,,,,68,49,19,,,,35,20,15,,,
25/03/2022 11:00,180,90,90,77,46,31,27,8,19,29,14,15,,,,98,53,45,,,,50,24,26,,,
25/03/2022 12:00,244,121,123,62,33,29,44,21,23,49,25,24,,,,117,69,48,,,,51,25,26,,,
25/03/2022 13:00,277,151,126,66,35,31,47,28,19,24,11,13,,,,245,108,137,,,,113,51,62,,,
25/03/2022 14:00,268,151,117,55,26,29,41,19,22,24,13,11,,,,150,72,78,,,,138,78,60,,,
25/03/2022 15:00,239,108,131,58,27,31,41,20,21,30,16,14,,,,159,66,93,,,,97,54,43,,,
25/03/2022 16:00,261,128,133,71,34,37,54,35,19,29,15,14,,,,206,103,103,,,,84,54,30,,,
25/03/2022 17:00,238,124,114,74,43,31,38,21,17,42,19,23,,,,204,129,75,,,,62,31,31,,,
25/03/2022 18:00,195,95,100,72,34,38,47,26,21,18,8,10,,,,141,69,72,,,,66,31,35,,,
25/03/2022 19:00,192,108,84,40,21,19,40,21,19,8,4,4,,,,85,62,23,,,,45,14,31,,,
25/03/2022 20:00,90,53,37,17,5,12,34,17,17,16,9,7,,,,44,37,7,,,,34,11,23,,,
25/03/2022 21:00,48,24,24,15,4,11,11,5,6,5,2,3,,,,26,20,6,,,,24,12,12,,,
25/03/2022 22:00,31,18,13,7,0,7,16,10,6,2,0,2,,,,30,20,10,,,,13,8,5,,,
25/03/2022 23:00,7,3,4,2,1,1,7,1,6,4,1,3,,,,28,25,3,,,,2,1,1,,,
26/03/2022 00:00,0,0,0,1,1,0,5,2,3,3,2,1,,,,17,16,1,,,,5,1,4,,,
26/03/2022 01:00,0,0,0,3,1,2,9,6,3,3,2,1,,,,11,11,0,,,,14,10,4,,,
26/03/2022 02:00,1,1,0,0,0,0,0,0,0,0,0,0,,,,17,17,0,,,,13,12,1,,,
26/03/2022 03:00,1,0,1,2,0,2,0,0,0,0,0,0,,,,3,3,0,,,,2,1,1,,,
26/03/2022 04:00,1,1,0,1,1,0,0,0,0,4,0,4,,,,1,1,0,,,,1,1,0,,,
26/03/2022 05:00,3,2,1,1,0,1,1,0,1,0,0,0,,,,5,4,1,,,,4,1,3,,,
26/03/2022 06:00,22,8,14,5,3,2,6,1,5,2,1,1,,,,23,15,8,,,,5,3,2,,,
26/03/2022 07:00,71,39,32,26,16,10,22,15,7,18,7,11,,,,28,16,12,,,,15,9,6,,,
26/03/2022 08:00,123,56,67,59,35,24,22,12,10,14,5,9,,,,74,45,29,,,,28,15,13,,,
26/03/2022 09:00,175,78,97,57,32,25,45,24,21,40,21,19,,,,133,86,47,,,,40,15,25,,,
26/03/2022 10:00,247,144,103,129,58,71,55,34,21,40,24,16,,,,140,94,46,,,,49,28,21,,,
26/03/2022 11:00,333,180,153,104,55,49,55,39,16,60,27,33,,,,160,73,87,,,,65,39,26,,,
26/03/2022 12:00,442,242,200,98,58,40,82,49,33,54,23,31,,,,215,123,92,,,,84,58,26,,,
26/03/2022 13:00,412,224,188,132,66,66,92,48,44,37,26,11,,,,192,95,97,,,,72,42,30,,,
26/03/2022 14:00,558,319,239,103,63,40,85,47,38,48,21,27,,,,227,137,90,,,,83,48,35,,,
26/03/2022 15:00,586,308,278,125,65,60,82,46,36,48,25,23,,,,263,134,129,,,,78,42,36,,,
26/03/2022 16:00,653,358,295,98,49,49,90,48,42,41,15,26,,,,193,96,97,,,,66,42,24,,,
26/03/2022 17:00,388,176,212,116,54,62,73,36,37,38,18,20,,,,160,91,69,,,,63,34,29,,,
26/03/2022 18:00,291,147,144,43,20,23,58,31,27,18,8,10,,,,101,61,40,,,,59,29,30,,,
26/03/2022 19:00,155,88,67,48,21,27,30,13,17,20,8,12,,,,66,44,22,,,,67,36,31,,,
26/03/2022 20:00,98,55,43,15,3,12,22,7,15,11,8,3,,,,48,38,10,,,,36,20,16,,,
26/03/2022 21:00,42,18,24,6,4,2,7,4,3,7,4,3,,,,29,22,7,,,,73,41,32,,,
26/03/2022 22:00,22,8,14,13,5,8,13,7,6,5,1,4,,,,35,31,4,,,,30,10,20,,,
26/03/2022 23:00,10,6,4,6,2,4,4,3,1,4,1,3,,,,17,15,2,,,,13,5,8,,,
27/03/2022 00:00,1,1,0,0,0,0,11,6,5,5,4,1,,,,10,10,0,,,,11,7,4,,,
27/03/2022 02:00,,,,,,,,,,,,,,,,,,,,,,,,,,,
27/03/2022 02:00,1,1,0,1,1,0,1,0,1,0,0,0,,,,6,6,0,,,,9,7,2,,,
27/03/2022 03:00,4,4,0,1,0,1,1,0,1,0,0,0,,,,0,0,0,,,,9,6,3,,,
27/03/2022 04:00,0,0,0,0,0,0,0,0,0,0,0,0,,,,1,1,0,,,,2,2,0,,,
27/03/2022 05:00,2,1,1,5,4,1,0,0,0,0,0,0,,,,1,1,0,,,,2,1,1,,,
27/03/2022 06:00,5,1,4,4,2,2,3,1,2,3,2,1,,,,6,6,0,,,,1,1,0,,,
27/03/2022 07:00,35,18,17,7,3,4,4,3,1,1,0,1,,,,21,13,8,,,,2,1,1,,,
27/03/2022 08:00,71,33,38,17,12,5,15,8,7,5,3,2,,,,35,22,13,,,,12,4,8,,,
27/03/2022 09:00,171,76,95,41,23,18,34,18,16,20,12,8,,,,83,45,38,,,,27,16,11,,,
27/03/2022 10:00,305,174,131,84,42,42,54,31,23,29,13,16,,,,145,86,59,,,,43,19,24,,,
27/03/2022 11:00,484,245,239,116,64,52,80,44,36,37,21,16,,,,145,86,59,,,,41,22,19,,,
27/03/2022 12:00,681,358,323,123,68,55,69,47,22,51,34,17,,,,162,109,53,,,,62,33,29,,,
27/03/2022 13:00,842,490,352,110,57,53,93,53,40,59,21,38,,,,180,107,73,,,,54,24,30,,,
27/03/2022 14:00,913,486,427,125,70,55,113,64,49,43,24,19,,,,170,68,102,,,,84,58,26,,,
27/03/2022 15:00,1086,531,555,121,78,43,114,64,50,36,24,12,,,,200,83,117,,,,90,56,34,,,
27/03/2022 16:00,1030,534,496,140,66,74,109,49,60,42,19,23,,,,213,104,109,,,,81,54,27,,,
27/03/2022 17:00,725,333,392,120,40,80,96,45,51,30,10,20,,,,260,158,102,,,,57,30,27,,,
27/03/2022 18:00,413,192,221,55,27,28,55,24,31,12,9,3,,,,127,82,45,,,,50,32,18,,,
27/03/2022 19:00,254,127,127,55,23,32,43,25,18,17,4,13,,,,111,73,38,,,,63,34,29,,,
27/03/2022 20:00,125,62,63,29,13,16,22,9,13,17,7,10,,,,45,30,15,,,,71,42,29,,,
27/03/2022 21:00,36,21,15,27,11,16,10,4,6,6,5,1,,,,47,36,11,,,,22,11,11,,,
27/03/2022 22:00,18,6,12,6,3,3,10,4,6,3,2,1,,,,32,29,3,,,,17,10,7,,,
27/03/2022 23:00,5,3,2,4,2,2,2,0,2,1,1,0,,,,61,60,1,,,,8,4,4,,,
28/03/2022 00:00,0,0,0,4,4,0,0,0,0,1,1,0,,,,16,15,1,,,,7,4,3,,,
28/03/2022 01:00,0,0,0,0,0,0,1,0,1,0,0,0,,,,0,0,0,,,,0,0,0,,,
28/03/2022 02:00,1,0,1,0,0,0,0,0,0,0,0,0,,,,9,9,0,,,,3,2,1,,,
28/03/2022 03:00,0,0,0,0,0,0,0,0,0,0,0,0,,,,1,1,0,,,,0,0,0,,,
28/03/2022 04:00,0,0,0,0,0,0,0,0,0,0,0,0,,,,0,0,0,,,,0,0,0,,,
28/03/2022 05:00,3,2,1,2,1,1,4,2,2,2,2,0,,,,3,2,1,,,,4,1,3,,,
28/03/2022 06:00,27,12,15,9,6,3,14,9,5,8,6,2,,,,28,21,7,,,,14,9,5,,,
28/03/2022 07:00,57,27,30,22,7,15,10,6,4,19,8,11,,,,98,79,19,,,,32,18,14,,,
28/03/2022 08:00,103,46,57,41,21,20,29,17,12,41,21,20,,,,164,122,42,,,,130,78,52,,,
28/03/2022 09:00,128,63,65,50,25,25,24,12,12,26,16,10,,,,110,76,34,,,,66,33,33,,,
28/03/2022 10:00,135,71,64,54,24,30,22,15,7,14,7,7,,,,82,58,24,,,,28,15,13,,,
28/03/2022 11:00,194,96,98,88,59,29,21,9,12,26,8,18,,,,90,60,30,,,,36,21,15,,,
28/03/2022 12:00,246,137,109,62,27,35,53,27,26,42,24,18,,,,117,62,55,,,,52,23,29,,,
28/03/2022 13:00,265,143,122,80,41,39,47,21,26,51,21,30,,,,173,99,74,,,,66,32,34,,,
28/03/2022 14:00,248,130,118,61,26,35,32,15,17,27,20,7,,,,160,55,105,,,,102,66,36,,,
28/03/2022 15:00,237,127,110,46,21,25,51,26,25,20,10,10,,,,121,58,63,,,,125,77,48,,,
28/03/2022 16:00,230,107,123,53,24,29,51,24,27,63,30,33,,,,148,79,69,,,,93,45,48,,,
28/03/2022 17:00,197,100,97,61,43,18,57,36,21,40,20,20,,,,225,133,92,,,,75,40,35,,,
28/03/2022 18:00,287,151,136,94,44,50,57,28,29,49,22,27,,,,203,103,100,,,,131,88,43,,,
28/03/2022 19:00,279,145,134,98,40,58,58,33,25,33,17,16,,,,152,86,66,,,,130,68,62,,,
28/03/2022 20:00,222,108,114,59,30,29,46,25,21,15,6,9,,,,79,36,43,,,,101,40,61,,,
28/03/2022 21:00,70,40,30,19,9,10,19,9,10,11,3,8,,,,49,36,13,,,,28,15,13,,,
28/03/2022 22:00,24,14,10,14,8,6,11,1,10,1,1,0,,,,26,24,2,,,,20,10,10,,,
28/03/2022 23:00,6,4,2,3,2,1,2,1,1,0,0,0,,,,42,41,1,,,,3,2,1,,,
29/03/2022 00:00,0,0,0,0,0,0,5,0,5,0,0,0,,,,12,9,3,,,,3,3,0,,,
29/03/2022 01:00,0,0,0,0,0,0,1,1,0,0,0,0,,,,2,2,0,,,,1,1,0,,,
29/03/2022 02:00,0,0,0,5,3,2,1,0,1,0,0,0,,,,1,1,0,,,,0,0,0,,,
29/03/2022 03:00,1,1,0,0,0,0,0,0,0,0,0,0,,,,0,0,0,,,,0,0,0,,,
29/03/2022 04:00,0,0,0,0,0,0,0,0,0,0,0,0,,,,0,0,0,,,,1,1,0,,,
29/03/2022 05:00,4,2,2,4,3,1,0,0,0,1,0,1,,,,4,3,1,,,,2,2,0,,,
29/03/2022 06:00,39,19,20,8,3,5,10,4,6,6,5,1,,,,18,13,5,,,,12,8,4,,,
29/03/2022 07:00,68,34,34,27,12,15,11,6,5,18,10,8,,,,70,40,30,,,,43,17,26,,,
29/03/2022 08:00,117,58,59,38,17,21,25,14,11,41,21,20,,,,115,89,26,,,,135,93,42,,,
29/03/2022 09:00,98,47,51,31,22,9,35,18,17,23,13,10,,,,78,46,32,,,,56,30,26,,,
29/03/2022 10:00,106,60,46,31,18,13,22,11,11,28,13,15,,,,69,47,22,,,,67,21,46,,,
29/03/2022 11:00,121,55,66,25,9,16,24,11,13,33,14,19,,,,52,41,11,,,,38,20,18,,,
29/03/2022 12:00,131,66,65,44,22,22,26,13,13,39,18,21,,,,92,64,28,,,,81,51,30,,,
29/03/2022 13:00,176,89,87,46,16,30,47,29,18,32,19,13,,,,127,68,59,,,,60,29,31,,,
29/03/2022 14:00,146,55,91,32,16,16,25,18,7,29,13,16,,,,143,77,66,,,,94,38,56,,,
29/03/2022 15:00,160,83,77,39,21,18,42,18,24,35,11,24,,,,167,80,87,,,,111,29,82,,,
29/03/2022 16:00,167,84,83,46,20,26,32,15,17,42,21,21,,,,128,73,55,,,,70,33,37,,,
29/03/2022 17:00,180,76,104,47,32,15,52,32,20,33,15,18,,,,173,113,60,,,,96,43,53,,,
29/03/2022 18:00,229,120,109,97,56,41,62,30,32,33,17,16,,,,152,79,73,,,,94,55,39,,,
29/03/2022 19:00,241,113,128,89,47,42,56,24,32,28,13,15,,,,118,58,60,,,,87,48,39,,,
29/03/2022 20:00,192,95,97,51,26,25,41,21,20,17,12,5,,,,67,44,23,,,,45,21,24,,,
29/03/2022 21:00,74,48,26,27,5,22,29,13,16,7,1,6,,,,40,31,9,,,,29,10,19,,,
29/03/2022 22:00,23,15,8,11,8,3,11,3,8,6,1,5,,,,32,31,1,,,,23,12,11,,,
29/03/2022 23:00,7,4,3,6,3,3,6,2,4,0,0,0,,,,28,27,1,,,,13,8,5,,,
30/03/2022 00:00,1,0,1,0,0,0,0,0,0,0,0,0,,,,14,11,3,,,,2,1,1,,,
30/03/2022 01:00,0,0,0,0,0,0,0,0,0,1,0,1,,,,3,3,0,,,,3,2,1,,,
30/03/2022 02:00,0,0,0,0,0,0,0,0,0,0,0,0,,,,14,14,0,,,,1,1,0,,,
30/03/2022 03:00,1,1,0,0,0,0,0,0,0,0,0,0,,,,1,1,0,,,,0,0,0,,,
30/03/2022 04:00,0,0,0,2,1,1,0,0,0,0,0,0,,,,0,0,0,,,,0,0,0,,,
30/03/2022 05:00,7,4,3,1,1,0,1,0,1,2,1,1,,,,1,1,0,,,,5,2,3,,,
30/03/2022 06:00,21,6,15,12,7,5,13,6,7,5,3,2,,,,26,13,13,,,,16,9,7,,,
30/03/2022 07:00,60,28,32,19,9,10,21,13,8,20,8,12,,,,93,69,24,,,,48,23,25,,,
30/03/2022 08:00,126,66,60,43,20,23,30,13,17,35,9,26,,,,162,109,53,,,,143,106,37,,,
30/03/2022 09:00,108,61,47,30,21,9,25,15,10,20,16,4,,,,89,56,33,,,,43,14,29,,,
30/03/2022 10:00,90,44,46,16,6,10,18,8,10,30,15,15,,,,68,46,22,,,,33,14,19,,,
30/03/2022 11:00,93,47,46,19,12,7,14,4,10,30,10,20,,,,75,53,22,,,,39,22,17,,,
30/03/2022 12:00,105,51,54,36,20,16,25,11,14,49,24,25,,,,79,57,22,,,,56,27,29,,,
30/03/2022 13:00,112,57,55,32,17,15,50,21,29,34,15,19,,,,150,94,56,,,,67,24,43,,,
30/03/2022 14:00,90,43,47,33,12,21,19,8,11,35,18,17,,,,87,56,31,,,,103,38,65,,,
30/03/2022 15:00,69,31,38,16,7,9,15,8,7,26,16,10,,,,97,69,28,,,,105,25,80,,,
30/03/2022 16:00,71,35,36,17,9,8,17,12,5,23,12,11,,,,77,49,28,,,,53,24,29,,,
30/03/2022 17:00,38,18,20,21,16,5,28,21,7,20,11,9,,,,95,69,26,,,,40,17,23,,,
30/03/2022 18:00,91,52,39,34,20,14,32,21,11,26,9,17,,,,127,97,30,,,,61,32,29,,,
30/03/2022 19:00,72,37,35,36,15,21,25,17,8,25,11,14,,,,105,81,24,,,,101,51,50,,,
30/03/2022 20:00,48,26,22,17,8,9,15,7,8,5,3,2,,,,90,67,23,,,,27,13,14,,,
30/03/2022 21:00,28,12,16,12,7,5,4,1,3,4,1,3,,,,76,68,8,,,,14,6,8,,,
30/03/2022 22:00,6,1,5,5,1,4,6,1,5,3,3,0,,,,63,61,2,,,,26,16,10,,,
30/03/2022 23:00,7,6,1,1,1,0,1,0,1,2,0,2,,,,49,47,2,,,,8,3,5,,,
31/03/2022 00:00,0,0,0,0,0,0,3,0,3,3,1,2,,,,3,3,0,,,,6,5,1,,,
31/03/2022 01:00,0,0,0,0,0,0,3,0,3,0,0,0,,,,1,1,0,,,,2,2,0,,,
31/03/2022 02:00,0,0,0,4,0,4,0,0,0,0,0,0,,,,4,4,0,,,,0,0,0,,,
31/03/2022 03:00,0,0,0,0,0,0,0,0,0,0,0,0,,,,0,0,0,,,,1,1,0,,,
31/03/2022 04:00,0,0,0,0,0,0,0,0,0,0,0,0,,,,0,0,0,,,,0,0,0,,,
31/03/2022 05:00,4,2,2,0,0,0,0,0,0,3,3,0,,,,4,3,1,,,,5,2,3,,,
31/03/2022 06:00,31,15,16,10,5,5,12,4,8,9,3,6,,,,38,25,13,,,,14,7,7,,,
31/03/2022 07:00,43,23,20,16,8,8,7,2,5,14,8,6,,,,78,55,23,,,,32,15,17,,,
31/03/2022 08:00,80,38,42,19,8,11,25,11,14,39,15,24,,,,173,131,42,,,,76,45,31,,,
31/03/2022 09:00,83,51,32,21,14,7,27,15,12,30,11,19,,,,104,72,32,,,,41,11,30,,,
31/03/2022 10:00,73,37,36,41,20,21,16,12,4,22,11,11,,,,70,51,19,,,,18,7,11,,,
31/03/2022 11:00,95,49,46,64,53,11,21,15,6,29,10,19,,,,73,46,27,,,,40,19,21,,,
31/03/2022 12:00,120,69,51,80,22,58,26,8,18,33,20,13,,,,92,61,31,,,,63,34,29,,,
31/03/2022 13:00,163,84,79,28,13,15,40,20,20,40,20,20,,,,182,110,72,,,,61,29,32,,,
31/03/2022 14:00,154,78,76,51,30,21,32,17,15,48,26,22,,,,159,111,48,,,,95,52,43,,,
31/03/2022 15:00,133,76,57,48,23,25,34,16,18,31,16,15,,,,181,127,54,,,,61,25,36,,,
31/03/2022 16:00,149,73,76,46,23,23,38,21,17,34,16,18,,,,163,97,66,,,,117,64,53,,,
31/03/2022 17:00,151,77,74,46,23,23,54,28,26,39,16,23,,,,146,106,40,,,,88,51,37,,,
31/03/2022 18:00,170,81,89,50,25,25,41,17,24,22,12,10,,,,199,152,47,,,,115,72,43,,,
31/03/2022 19:00,163,84,79,69,38,31,25,12,13,21,14,7,,,,147,109,38,,,,112,44,68,,,
31/03/2022 20:00,120,75,45,37,21,16,23,14,9,11,5,6,,,,113,92,21,,,,56,19,37,,,
31/03/2022 21:00,42,21,21,19,10,9,12,2,10,10,5,5,,,,70,61,9,,,,26,8,18,,,
31/03/2022 22:00,16,10,6,5,1,4,4,3,1,3,1,2,,,,65,57,8,,,,10,5,5,,,
31/03/2022 23:00,6,6,0,4,2,2,4,1,3,3,3,0,,,,33,26,7,,,,3,1,2,,,
01/04/2022 00:00,0,0,0,0,0,0,1,0,1,0,0,0,,,,13,13,0,,,,4,2,2,,,
01/04/2022 01:00,2,1,1,0,0,0,9,4,5,0,0,0,,,,7,7,0,,,,3,3,0,,,
01/04/2022 02:00,0,0,0,1,0,1,0,0,0,0,0,0,,,,2,2,0,,,,0,0,0,,,
01/04/2022 03:00,0,0,0,0,0,0,0,0,0,0,0,0,,,,2,2,0,,,,2,2,0,,,
01/04/2022 04:00,0,0,0,0,0,0,0,0,0,2,2,0,,,,0,0,0,,,,0,0,0,,,
01/04/2022 05:00,6,3,3,3,1,2,1,1,0,0,0,0,,,,4,4,0,,,,3,2,1,,,
01/04/2022 06:00,31,14,17,13,7,6,13,6,7,6,1,5,,,,20,11,9,,,,13,7,6,,,
01/04/2022 07:00,59,30,29,20,12,8,11,4,7,15,6,9,,,,156,132,24,,,,36,18,18,,,
01/04/2022 08:00,108,54,54,32,18,14,22,16,6,29,13,16,,,,127,89,38,,,,112,76,36,,,
01/04/2022 09:00,120,64,56,36,18,18,30,20,10,38,16,22,,,,105,69,36,,,,46,19,27,,,
01/04/2022 10:00,123,71,52,45,21,24,39,23,16,23,9,14,,,,115,79,36,,,,34,16,18,,,
01/04/2022 11:00,121,47,74,49,22,27,28,14,14,28,12,16,,,,106,69,37,,,,42,17,25,,,
01/04/2022 12:00,158,97,61,52,28,24,35,18,17,44,21,23,,,,108,76,32,,,,67,30,37,,,
01/04/2022 13:00,174,98,76,46,32,14,51,23,28,32,16,16,,,,200,116,84,,,,116,50,66,,,
01/04/2022 14:00,136,80,56,48,23,25,37,20,17,31,13,18,,,,131,69,62,,,,113,59,54,,,
01/04/2022 15:00,150,71,79,32,19,13,26,13,13,30,12,18,,,,118,63,55,,,,103,46,57,,,
01/04/2022 16:00,136,63,73,38,18,20,28,14,14,18,10,8,,,,138,100,38,,,,60,36,24,,,
01/04/2022 17:00,136,62,74,49,28,21,38,10,28,22,9,13,,,,99,63,36,,,,58,28,30,,,
01/04/2022 18:00,38,19,19,20,13,7,23,12,11,17,12,5,,,,84,73,11,,,,46,19,27,,,
01/04/2022 19:00,34,20,14,13,7,6,15,5,10,8,4,4,,,,64,51,13,,,,27,12,15,,,
01/04/2022 20:00,41,25,16,9,7,2,17,9,8,7,4,3,,,,52,45,7,,,,27,12,15,,,
01/04/2022 21:00,28,17,11,7,4,3,10,9,1,6,4,2,,,,38,33,5,,,,21,9,12,,,
01/04/2022 22:00,23,12,11,8,1,7,7,2,5,2,1,1,,,,25,25,0,,,,13,6,7,,,
01/04/2022 23:00,9,7,2,7,6,1,7,5,2,2,1,1,,,,30,27,3,,,,19,14,5,,,
02/04/2022 00:00,0,0,0,0,0,0,1,1,0,3,1,2,,,,7,7,0,,,,13,7,6,,,
02/04/2022 01:00,4,3,1,1,1,0,1,0,1,0,0,0,,,,2,2,0,,,,10,7,3,,,
02/04/2022 02:00,0,0,0,0,0,0,0,0,0,0,0,0,,,,1,1,0,,,,5,2,3,,,
02/04/2022 03:00,0,0,0,0,0,0,3,0,3,0,0,0,,,,0,0,0,,,,0,0,0,,,
02/04/2022 04:00,1,1,0,0,0,0,0,0,0,0,0,0,,,,5,3,2,,,,1,0,1,,,
02/04/2022 05:00,2,1,1,0,0,0,0,0,0,2,1,1,,,,0,0,0,,,,1,1,0,,,
02/04/2022 06:00,11,3,8,0,0,0,0,0,0,3,1,2,,,,5,4,1,,,,8,2,6,,,
02/04/2022 07:00,35,15,20,6,4,2,7,1,6,13,4,9,,,,13,11,2,,,,7,5,2,,,
02/04/2022 08:00,73,32,41,30,15,15,15,10,5,11,7,4,,,,46,28,18,,,,14,5,9,,,
02/04/2022 09:00,101,48,53,23,8,15,21,9,12,14,8,6,,,,76,56,20,,,,32,12,20,,,
02/04/2022 10:00,152,73,79,75,37,38,48,33,15,40,24,16,,,,96,56,40,,,,29,13,16,,,
02/04/2022 11:00,176,99,77,62,39,23,28,12,16,43,22,21,,,,139,82,57,,,,40,20,20,,,
02/04/2022 12:00,237,128,109,78,28,50,68,27,41,44,23,21,,,,149,89,60,,,,40,19,21,,,
02/04/2022 13:00,263,147,116,63,28,35,55,33,22,44,25,19,,,,93,61,32,,,,65,28,37,,,
02/04/2022 14:00,250,139,111,71,45,26,52,30,22,50,19,31,,,,136,85,51,,,,70,37,33,,,
02/04/2022 15:00,338,150,188,66,29,37,47,20,27,46,25,21,,,,143,96,47,,,,83,50,33,,,
02/04/2022 16:00,351,189,162,67,33,34,60,27,33,24,14,10,,,,136,71,65,,,,71,35,36,,,
02/04/2022 17:00,318,170,148,57,29,28,50,25,25,34,16,18,,,,158,93,65,,,,67,29,38,,,
02/04/2022 18:00,197,97,100,42,22,20,53,23,30,29,15,14,,,,131,101,30,,,,51,30,21,,,
02/04/2022 19:00,115,59,56,26,13,13,37,20,17,31,12,19,,,,106,73,33,,,,62,30,32,,,
02/04/2022 20:00,104,58,46,18,8,10,22,14,8,7,2,5,,,,83,64,19,,,,39,20,19,,,
02/04/2022 21:00,49,25,24,17,7,10,9,4,5,11,8,3,,,,79,66,13,,,,25,14,11,,,
02/04/2022 22:00,27,11,16,0,0,0,3,0,3,4,0,4,,,,49,44,5,,,,17,9,8,,,
02/04/2022 23:00,16,10,6,5,3,2,8,4,4,4,0,4,,,,50,49,1,,,,14,9,5,,,
03/04/2022 00:00,0,0,0,1,1,0,1,0,1,0,0,0,,,,17,16,1,,,,6,1,5,,,
03/04/2022 01:00,1,0,1,0,0,0,0,0,0,0,0,0,,,,8,8,0,,,,16,12,4,,,
03/04/2022 02:00,1,1,0,0,0,0,1,0,1,0,0,0,,,,10,10,0,,,,2,1,1,,,
03/04/2022 03:00,0,0,0,2,1,1,0,0,0,3,0,3,,,,5,4,1,,,,7,3,4,,,
03/04/2022 04:00,2,2,0,0,0,0,0,0,0,0,0,0,,,,4,4,0,,,,6,5,1,,,
03/04/2022 05:00,0,0,0,1,0,1,0,0,0,0,0,0,,,,2,2,0,,,,2,1,1,,,
03/04/2022 06:00,7,1,6,0,0,0,2,2,0,0,0,0,,,,4,3,1,,,,3,1,2,,,
03/04/2022 07:00,28,15,13,8,6,2,12,6,6,4,0,4,,,,16,10,6,,,,11,2,9,,,
03/04/2022 08:00,79,36,43,20,11,9,17,14,3,16,9,7,,,,53,38,15,,,,18,7,11,,,
03/04/2022 09:00,184,85,99,52,30,22,32,18,14,26,15,11,,,,112,69,43,,,,30,13,17,,,
03/04/2022 10:00,344,183,161,74,34,40,47,35,12,34,20,14,,,,147,98,49,,,,56,31,25,,,
03/04/2022 11:00,470,246,224,83,44,39,76,56,20,54,26,28,,,,185,107,78,,,,74,35,39,,,
03/04/2022 12:00,573,304,269,86,49,37,76,50,26,54,25,29,,,,166,114,52,,,,81,30,51,,,
03/04/2022 13:00,624,355,269,108,60,48,94,54,40,58,31,27,,,,152,79,73,,,,43,27,16,,,
03/04/2022 14:00,671,376,295,135,79,56,92,50,42,58,28,30,,,,141,91,50,,,,55,24,31,,,
03/04/2022 15:00,757,377,380,146,79,67,103,54,49,62,36,26,,,,157,100,57,,,,73,45,28,,,
03/04/2022 16:00,656,321,335,116,53,63,82,33,49,33,14,19,,,,153,106,47,,,,70,35,35,,,
03/04/2022 17:00,442,231,211,81,29,52,69,25,44,50,20,30,,,,127,79,48,,,,63,33,30,,,
03/04/2022 18:00,242,136,106,33,16,17,29,17,12,29,16,13,,,,82,37,45,,,,60,29,31,,,
03/04/2022 19:00,130,65,65,36,24,12,36,20,16,15,9,6,,,,44,24,20,,,,38,13,25,,,
03/04/2022 20:00,84,48,36,17,3,14,15,6,9,9,5,4,,,,62,50,12,,,,35,10,25,,,
03/04/2022 21:00,41,23,18,17,8,9,13,7,6,11,8,3,,,,27,23,4,,,,13,5,8,,,
03/04/2022 22:00,13,10,3,8,4,4,5,2,3,14,14,0,,,,14,14,0,,,,11,8,3,,,
03/04/2022 23:00,5,3,2,0,0,0,1,0,1,25,23,2,,,,17,17,0,,,,5,5,0,,,
04/04/2022 00:00,0,0,0,0,0,0,0,0,0,24,24,0,,,,8,8,0,,,,5,2,3,,,
04/04/2022 01:00,1,1,0,0,0,0,0,0,0,0,0,0,,,,1,1,0,,,,1,1,0,,,
04/04/2022 02:00,0,0,0,0,0,0,2,1,1,0,0,0,,,,0,0,0,,,,0,0,0,,,
04/04/2022 03:00,0,0,0,0,0,0,0,0,0,0,0,0,,,,1,1,0,,,,1,1,0,,,
04/04/2022 04:00,0,0,0,1,1,0,0,0,0,0,0,0,,,,0,0,0,,,,0,0,0,,,
04/04/2022 05:00,6,2,4,1,0,1,0,0,0,1,1,0,,,,1,1,0,,,,2,1,1,,,
04/04/2022 06:00,35,17,18,8,3,5,9,6,3,6,1,5,,,,21,12,9,,,,13,4,9,,,
04/04/2022 07:00,57,30,27,21,9,12,19,9,10,16,6,10,,,,63,40,23,,,,32,13,19,,,
04/04/2022 08:00,93,48,45,31,17,14,26,13,13,28,12,16,,,,117,69,48,,,,121,86,35,,,
04/04/2022 09:00,105,56,49,30,19,11,21,14,7,24,14,10,,,,60,35,25,,,,46,27,19,,,
04/04/2022 10:00,90,49,41,38,18,20,18,11,7,27,12,15,,,,47,29,18,,,,23,9,14,,,
04/04/2022 11:00,96,56,40,18,6,12,14,10,4,24,17,7,,,,52,30,22,,,,44,24,20,,,
04/04/2022 12:00,135,71,64,38,19,19,32,17,15,37,19,18,,,,47,21,26,,,,41,20,21,,,
04/04/2022 13:00,134,68,66,50,22,28,30,18,12,25,11,14,,,,86,50,36,,,,50,19,31,,,
04/04/2022 14:00,84,42,42,34,18,16,15,6,9,26,7,19,,,,59,37,22,,,,76,25,51,,,
04/04/2022 15:00,114,70,44,26,14,12,13,4,9,55,43,12,,,,66,37,29,,,,79,14,65,,,
04/04/2022 16:00,119,67,52,23,14,9,27,15,12,70,43,27,,,,67,37,30,,,,76,33,43,,,
04/04/2022 17:00,93,49,44,36,25,11,31,23,8,44,31,13,,,,91,61,30,,,,67,34,33,,,
04/04/2022 18:00,106,67,39,30,16,14,41,20,21,37,23,14,,,,93,66,27,,,,81,42,39,,,
04/04/2022 19:00,119,57,62,49,24,25,43,22,21,19,14,5,,,,71,44,27,,,,43,20,23,,,
04/04/2022 20:00,102,62,40,30,16,14,19,10,9,22,15,7,,,,46,25,21,,,,29,19,10,,,
04/04/2022 21:00,57,31,26,20,6,14,16,6,10,11,8,3,,,,18,14,4,,,,9,2,7,,,
04/04/2022 22:00,19,11,8,0,0,0,6,2,4,11,4,7,,,,17,16,1,,,,8,3,5,,,
04/04/2022 23:00,12,9,3,2,2,0,5,2,3,5,4,1,,,,7,5,2,,,,9,3,6,,,
05/04/2022 00:00,0,0,0,0,0,0,1,0,1,1,0,1,,,,1,1,0,,,,6,4,2,,,
05/04/2022 01:00,1,0,1,0,0,0,0,0,0,0,0,0,,,,0,0,0,,,,2,1,1,,,
05/04/2022 02:00,0,0,0,0,0,0,0,0,0,0,0,0,,,,0,0,0,,,,1,1,0,,,
05/04/2022 03:00,0,0,0,0,0,0,0,0,0,0,0,0,,,,0,0,0,,,,1,1,0,,,
05/04/2022 04:00,0,0,0,0,0,0,0,0,0,0,0,0,,,,0,0,0,,,,1,1,0,,,
05/04/2022 05:00,6,1,5,1,0,1,0,0,0,1,0,1,,,,3,3,0,,,,4,2,2,,,
05/04/2022 06:00,35,17,18,12,7,5,16,11,5,10,4,6,,,,25,16,9,,,,14,7,7,,,
05/04/2022 07:00,61,28,33,21,12,9,15,8,7,19,9,10,,,,49,34,15,,,,34,16,18,,,
05/04/2022 08:00,100,53,47,53,27,26,24,15,9,47,24,23,,,,106,58,48,,,,132,85,47,,,
05/04/2022 09:00,106,41,65,22,11,11,16,11,5,27,11,16,,,,69,46,23,,,,46,20,26,,,
05/04/2022 10:00,90,51,39,33,19,14,20,7,13,26,12,14,,,,31,20,11,,,,50,13,37,,,
05/04/2022 11:00,141,52,89,40,26,14,18,10,8,20,14,6,,,,68,51,17,,,,59,23,36,,,
05/04/2022 12:00,117,61,56,33,12,21,18,12,6,32,12,20,,,,52,38,14,,,,61,36,25,,,
05/04/2022 13:00,119,64,55,26,15,11,25,12,13,35,9,26,,,,86,56,30,,,,51,27,24,,,
05/04/2022 14:00,109,50,59,28,17,11,12,5,7,49,30,19,,,,134,86,48,,,,72,31,41,,,
05/04/2022 15:00,139,76,63,24,16,8,26,12,14,87,56,31,,,,79,31,48,,,,114,22,92,,,
05/04/2022 16:00,104,64,40,30,17,13,32,16,16,48,26,22,,,,74,39,35,,,,55,27,28,,,
05/04/2022 17:00,112,61,51,41,30,11,48,35,13,44,20,24,,,,86,50,36,,,,83,40,43,,,
05/04/2022 18:00,117,60,57,40,17,23,43,21,22,22,13,9,,,,79,47,32,,,,69,26,43,,,
05/04/2022 19:00,129,69,60,41,14,27,26,15,11,20,12,8,,,,69,36,33,,,,50,25,25,,,
05/04/2022 20:00,98,51,47,27,11,16,17,10,7,11,7,4,,,,38,23,15,,,,43,19,24,,,
05/04/2022 21:00,55,26,29,14,6,8,9,5,4,12,11,1,,,,22,15,7,,,,21,9,12,,,
05/04/2022 22:00,26,14,12,1,1,0,6,1,5,4,3,1,,,,5,4,1,,,,14,7,7,,,
05/04/2022 23:00,12,9,3,2,2,0,3,3,0,4,3,1,,,,0,0,0,,,,5,3,2,,,
06/04/2022 00:00,1,1,0,1,0,1,4,1,3,0,0,0,,,,3,3,0,,,,4,4,0,,,
06/04/2022 01:00,1,1,0,0,0,0,0,0,0,0,0,0,,,,0,0,0,,,,1,1,0,,,
06/04/2022 02:00,0,0,0,1,1,0,0,0,0,0,0,0,,,,0,0,0,,,,0,0,0,,,
06/04/2022 03:00,0,0,0,0,0,0,0,0,0,0,0,0,,,,0,0,0,,,,2,2,0,,,
06/04/2022 04:00,0,0,0,0,0,0,0,0,0,0,0,0,,,,0,0,0,,,,1,0,1,,,
06/04/2022 05:00,4,1,3,2,1,1,0,0,0,2,1,1,,,,1,1,0,,,,5,3,2,,,
06/04/2022 06:00,20,10,10,9,5,4,14,8,6,8,4,4,,,,18,11,7,,,,16,7,9,,,
06/04/2022 07:00,52,22,30,14,4,10,10,3,7,20,5,15,,,,40,29,11,,,,27,8,19,,,
06/04/2022 08:00,96,40,56,32,15,17,17,11,6,23,12,11,,,,93,54,39,,,,108,75,33,,,
06/04/2022 09:00,102,56,46,36,21,15,18,7,11,32,16,16,,,,60,31,29,,,,30,11,19,,,
06/04/2022 10:00,115,64,51,67,11,56,14,6,8,15,9,6,,,,85,69,16,,,,37,22,15,,,
06/04/2022 11:00,141,62,79,84,31,53,38,19,19,40,27,13,,,,50,40,10,,,,45,20,25,,,
06/04/2022 12:00,115,67,48,80,63,17,39,23,16,33,19,14,,,,99,48,51,,,,56,28,28,,,
06/04/2022 13:00,123,64,59,68,48,20,34,21,13,78,40,38,,,,91,54,37,,,,62,18,44,,,
06/04/2022 14:00,118,66,52,28,10,18,20,12,8,217,132,85,,,,93,51,42,,,,63,26,37,,,
06/04/2022 15:00,138,86,52,17,12,5,21,12,9,131,106,25,,,,87,40,47,,,,112,32,80,,,
06/04/2022 16:00,131,67,64,41,23,18,22,11,11,107,74,33,,,,76,45,31,,,,73,32,41,,,
06/04/2022 17:00,74,45,29,26,17,9,38,19,19,34,19,15,,,,35,17,18,,,,53,21,32,,,
06/04/2022 18:00,59,31,28,29,15,14,16,11,5,110,60,50,,,,61,46,15,,,,42,23,19,,,
06/04/2022 19:00,70,36,34,31,18,13,24,10,14,146,108,38,,,,49,30,19,,,,44,19,25,,,
06/04/2022 20:00,76,33,43,26,12,14,19,10,9,100,74,26,,,,68,42,26,,,,44,12,32,,,
06/04/2022 21:00,29,19,10,14,5,9,15,5,10,54,47,7,,,,29,23,6,,,,27,17,10,,,
06/04/2022 22:00,11,9,2,5,1,4,1,1,0,66,66,0,,,,28,27,1,,,,12,6,6,,,
06/04/2022 23:00,5,3,2,1,0,1,2,1,1,42,42,0,,,,18,18,0,,,,4,1,3,,,
07/04/2022 00:00,0,0,0,0,0,0,0,0,0,33,33,0,,,,3,3,0,,,,5,3,2,,,
07/04/2022 01:00,0,0,0,0,0,0,1,0,1,14,14,0,,,,0,0,0,,,,0,0,0,,,
07/04/2022 02:00,0,0,0,0,0,0,0,0,0,2,2,0,,,,1,0,1,,,,0,0,0,,,
07/04/2022 03:00,0,0,0,0,0,0,0,0,0,1,1,0,,,,0,0,0,,,,1,1,0,,,
07/04/2022 04:00,0,0,0,0,0,0,0,0,0,2,2,0,,,,0,0,0,,,,2,1,1,,,
07/04/2022 05:00,3,1,2,0,0,0,1,1,0,1,1,0,,,,3,3,0,,,,4,1,3,,,
07/04/2022 06:00,31,11,20,7,3,4,7,5,2,8,2,6,,,,18,10,8,,,,7,3,4,,,
07/04/2022 07:00,53,37,16,17,7,10,8,2,6,20,7,13,,,,50,37,13,,,,33,14,19,,,
07/04/2022 08:00,83,39,44,33,19,14,23,13,10,31,10,21,,,,123,81,42,,,,93,68,25,,,
07/04/2022 09:00,98,56,42,32,19,13,15,12,3,23,14,9,,,,115,64,51,,,,43,18,25,,,
07/04/2022 10:00,103,52,51,43,27,16,18,11,7,26,16,10,,,,80,70,10,,,,15,7,8,,,
07/04/2022 11:00,79,39,40,44,12,32,11,6,5,27,13,14,,,,93,54,39,,,,41,21,20,,,
07/04/2022 12:00,101,38,63,38,16,22,15,10,5,60,38,22,,,,75,55,20,,,,43,14,29,,,
07/04/2022 13:00,169,74,95,38,19,19,33,15,18,33,18,15,,,,144,85,59,,,,39,19,20,,,
07/04/2022 14:00,115,59,56,22,10,12,24,11,13,29,16,13,,,,120,91,29,,,,90,38,52,,,
07/04/2022 15:00,103,53,50,25,18,7,32,12,20,31,15,16,,,,152,98,54,,,,85,27,58,,,
07/04/2022 16:00,143,73,70,58,29,29,41,16,25,42,22,20,,,,160,127,33,,,,64,22,42,,,
07/04/2022 17:00,122,69,53,35,23,12,41,25,16,42,25,17,,,,126,89,37,,,,85,45,40,,,
07/04/2022 18:00,147,70,77,45,27,18,38,16,22,32,23,9,,,,99,79,20,,,,57,24,33,,,
07/04/2022 19:00,189,96,93,37,18,19,41,19,22,23,12,11,,,,127,91,36,,,,74,34,40,,,
07/04/2022 20:00,134,67,67,37,15,22,31,14,17,22,10,12,,,,106,87,19,,,,59,24,35,,,
07/04/2022 21:00,70,33,37,12,4,8,14,6,8,14,9,5,,,,47,34,13,,,,34,11,23,,,
07/04/2022 22:00,22,13,9,10,5,5,8,1,7,3,3,0,,,,37,33,4,,,,13,5,8,,,
07/04/2022 23:00,7,5,2,2,0,2,11,3,8,3,2,1,,,,55,55,0,,,,13,8,5,,,
08/04/2022 00:00,0,0,0,0,0,0,4,2,2,2,0,2,,,,0,0,0,,,,6,4,2,,,
08/04/2022 01:00,1,1,0,0,0,0,13,10,3,2,0,2,,,,15,15,0,,,,6,3,3,,,
08/04/2022 02:00,0,0,0,0,0,0,0,0,0,0,0,0,,,,0,0,0,,,,4,2,2,,,
08/04/2022 03:00,1,1,0,0,0,0,1,1,0,0,0,0,,,,5,5,0,,,,1,1,0,,,
08/04/2022 04:00,0,0,0,1,1,0,0,0,0,3,1,2,,,,0,0,0,,,,3,0,3,,,
08/04/2022 05:00,4,2,2,3,1,2,0,0,0,2,1,1,,,,3,3,0,,,,8,4,4,,,
08/04/2022 06:00,33,15,18,10,7,3,12,7,5,5,1,4,,,,20,16,4,,,,11,3,8,,,
08/04/2022 07:00,70,37,33,32,17,15,21,11,10,22,9,13,,,,101,81,20,,,,44,19,25,,,
08/04/2022 08:00,123,62,61,38,19,19,32,22,10,29,17,12,,,,168,127,41,,,,108,76,32,,,
08/04/2022 09:00,139,69,70,31,18,13,32,18,14,182,97,85,,,,105,57,48,,,,50,22,28,,,
08/04/2022 10:00,160,90,70,32,15,17,30,17,13,25,18,7,,,,86,61,25,,,,24,12,12,,,
08/04/2022 11:00,163,81,82,38,22,16,22,12,10,23,12,11,,,,131,93,38,,,,62,28,34,,,
08/04/2022 12:00,90,50,40,37,14,23,26,11,15,33,15,18,,,,139,91,48,,,,107,32,75,,,
08/04/2022 13:00,88,39,49,16,11,5,19,10,9,29,14,15,,,,78,55,23,,,,70,20,50,,,
08/04/2022 14:00,85,43,42,29,12,17,24,11,13,17,6,11,,,,102,83,19,,,,37,12,25,,,
08/04/2022 15:00,76,45,31,26,15,11,16,9,7,29,15,14,,,,111,90,21,,,,22,9,13,,,
08/04/2022 16:00,68,28,40,17,4,13,21,11,10,23,15,8,,,,128,105,23,,,,26,11,15,,,
08/04/2022 17:00,102,47,55,35,22,13,38,18,20,20,10,10,,,,152,121,31,,,,48,24,24,,,
08/04/2022 18:00,95,49,46,42,26,16,26,13,13,33,13,20,,,,128,96,32,,,,51,25,26,,,
08/04/2022 19:00,122,63,59,40,24,16,30,16,14,17,11,6,,,,85,61,24,,,,33,11,22,,,
08/04/2022 20:00,68,41,27,17,9,8,22,9,13,9,3,6,,,,58,39,19,,,,55,25,30,,,
08/04/2022 21:00,55,23,32,9,4,5,9,8,1,4,4,0,,,,121,110,11,,,,21,9,12,,,
08/04/2022 22:00,19,11,8,4,2,2,4,3,1,3,2,1,,,,89,84,5,,,,12,5,7,,,
08/04/2022 23:00,7,3,4,2,0,2,7,5,2,3,3,0,,,,32,32,0,,,,14,11,3,,,
09/04/2022 00:00,2,1,1,0,0,0,5,2,3,2,2,0,,,,37,36,1,,,,14,6,8,,,
09/04/2022 01:00,1,1,0,1,1,0,1,0,1,5,1,4,,,,0,0,0,,,,17,12,5,,,
09/04/2022 02:00,0,0,0,1,1,0,0,0,0,0,0,0,,,,1,0,1,,,,3,1,2,,,
09/04/2022 03:00,0,0,0,0,0,0,1,0,1,0,0,0,,,,6,6,0,,,,8,2,6,,,
09/04/2022 04:00,1,1,0,1,0,1,0,0,0,0,0,0,,,,2,2,0,,,,1,1,0,,,
09/04/2022 05:00,2,0,2,0,0,0,0,0,0,0,0,0,,,,7,6,1,,,,1,1,0,,,
09/04/2022 06:00,13,2,11,1,0,1,2,1,1,1,0,1,,,,6,5,1,,,,6,2,4,,,
09/04/2022 07:00,57,28,29,10,3,7,12,7,5,9,6,3,,,,56,47,9,,,,16,6,10,,,
09/04/2022 08:00,97,44,53,21,15,6,19,10,9,18,5,13,,,,60,38,22,,,,33,18,15,,,
09/04/2022 09:00,143,80,63,59,35,24,37,18,19,23,15,8,,,,132,100,32,,,,37,16,21,,,
09/04/2022 10:00,274,142,132,55,28,27,63,39,24,33,20,13,,,,130,90,40,,,,41,20,21,,,
09/04/2022 11:00,316,156,160,88,53,35,83,51,32,45,28,17,,,,186,132,54,,,,53,26,27,,,
09/04/2022 12:00,307,164,143,96,56,40,82,60,22,45,28,17,,,,143,82,61,,,,73,34,39,,,
09/04/2022 13:00,334,153,181,40,17,23,72,33,39,43,24,19,,,,159,85,74,,,,66,20,46,,,
09/04/2022 14:00,334,182,152,61,30,31,54,27,27,26,17,9,,,,133,93,40,,,,52,24,28,,,
09/04/2022 15:00,368,197,171,72,32,40,71,42,29,34,9,25,,,,154,84,70,,,,50,27,23,,,
09/04/2022 16:00,282,145,137,57,32,25,38,22,16,20,11,9,,,,159,97,62,,,,54,29,25,,,
09/04/2022 17:00,217,109,108,49,29,20,23,13,10,23,15,8,,,,98,44,54,,,,36,19,17,,,
09/04/2022 18:00,156,73,83,47,23,24,24,12,12,38,22,16,,,,91,49,42,,,,46,29,17,,,
09/04/2022 19:00,132,64,68,25,11,14,20,14,6,14,10,4,,,,65,43,22,,,,32,16,16,,,
09/04/2022 20:00,80,36,44,26,19,7,16,6,10,15,11,4,,,,47,32,15,,,,27,10,17,,,
09/04/2022 21:00,49,28,21,20,2,18,17,12,5,10,6,4,,,,91,86,5,,,,20,10,10,,,
09/04/2022 22:00,29,16,13,6,1,5,11,6,5,2,2,0,,,,69,62,7,,,,10,2,8,,,
09/04/2022 23:00,15,8,7,7,2,5,7,3,4,1,1,0,,,,67,64,3,,,,15,9,6,,,
10/04/2022 00:00,0,0,0,2,1,1,4,1,3,4,1,3,,,,14,13,1,,,,10,6,4,,,
10/04/2022 01:00,1,1,0,0,0,0,3,0,3,2,1,1,,,,8,8,0,,,,13,9,4,,,
10/04/2022 02:00,1,1,0,0,0,0,0,0,0,0,0,0,,,,7,7,0,,,,4,3,1,,,
10/04/2022 03:00,1,0,1,0,0,0,0,0,0,0,0,0,,,,5,5,0,,,,10,2,8,,,
10/04/2022 04:00,1,1,0,0,0,0,0,0,0,0,0,0,,,,7,7,0,,,,5,2,3,,,
10/04/2022 05:00,0,0,0,0,0,0,0,0,0,0,0,0,,,,0,0,0,,,,0,0,0,,,
10/04/2022 06:00,14,2,12,5,1,4,4,3,1,2,1,1,,,,8,6,2,,,,0,0,0,,,
10/04/2022 07:00,33,17,16,8,4,4,8,5,3,3,0,3,,,,25,15,10,,,,11,6,5,,,
10/04/2022 08:00,80,32,48,19,14,5,16,13,3,10,4,6,,,,29,19,10,,,,25,14,11,,,
10/04/2022 09:00,141,75,66,41,19,22,39,23,16,29,10,19,,,,81,54,27,,,,42,24,18,,,
10/04/2022 10:00,248,126,122,61,28,33,35,21,14,29,17,12,,,,164,116,48,,,,49,26,23,,,
10/04/2022 11:00,383,182,201,51,24,27,65,38,27,44,16,28,,,,139,99,40,,,,54,27,27,,,
10/04/2022 12:00,374,201,173,79,31,48,70,33,37,63,18,45,,,,116,75,41,,,,55,28,27,,,
10/04/2022 13:00,379,186,193,77,40,37,67,31,36,65,28,37,,,,98,46,52,,,,61,26,35,,,
10/04/2022 14:00,368,179,189,51,30,21,59,33,26,60,27,33,,,,118,76,42,,,,35,13,22,,,
10/04/2022 15:00,373,133,240,35,20,15,34,19,15,47,25,22,,,,124,84,40,,,,43,20,23,,,
10/04/2022 16:00,206,100,106,35,18,17,32,12,20,36,17,19,,,,90,44,46,,,,30,17,13,,,
10/04/2022 17:00,117,65,52,23,14,9,17,8,9,26,10,16,,,,72,54,18,,,,15,10,5,,,
10/04/2022 18:00,58,35,23,20,7,13,27,11,16,17,7,10,,,,70,50,20,,,,28,14,14,,,
10/04/2022 19:00,75,43,32,28,13,15,18,11,7,4,2,2,,,,112,81,31,,,,32,13,19,,,
10/04/2022 20:00,78,37,41,23,9,14,16,6,10,7,2,5,,,,80,66,14,,,,15,7,8,,,
10/04/2022 21:00,35,20,15,11,7,4,12,5,7,4,3,1,,,,47,45,2,,,,27,13,14,,,
10/04/2022 22:00,18,6,12,1,0,1,7,4,3,1,1,0,,,,23,19,4,,,,6,4,2,,,
10/04/2022 23:00,3,3,0,3,1,2,2,0,2,2,1,1,,,,20,19,1,,,,6,4,2,,,
11/04/2022 00:00,0,0,0,0,0,0,1,0,1,2,1,1,,,,1,1,0,,,,3,2,1,,,
11/04/2022 01:00,1,0,1,0,0,0,0,0,0,0,0,0,,,,0,0,0,,,,1,1,0,,,
11/04/2022 02:00,0,0,0,1,0,1,1,1,0,0,0,0,,,,0,0,0,,,,1,0,1,,,
11/04/2022 03:00,0,0,0,0,0,0,0,0,0,0,0,0,,,,1,1,0,,,,1,1,0,,,
11/04/2022 04:00,0,0,0,0,0,0,0,0,0,0,0,0,,,,1,0,1,,,,0,0,0,,,
11/04/2022 05:00,3,0,3,1,1,0,0,0,0,1,1,0,,,,1,1,0,,,,4,2,2,,,
11/04/2022 06:00,30,11,19,18,11,7,14,8,6,6,3,3,,,,15,10,5,,,,13,4,9,,,
11/04/2022 07:00,60,28,32,21,10,11,10,6,4,15,7,8,,,,68,53,15,,,,26,13,13,,,
11/04/2022 08:00,87,49,38,20,9,11,35,11,24,22,7,15,,,,89,57,32,,,,23,9,14,,,
11/04/2022 09:00,92,39,53,27,12,15,20,11,9,17,8,9,,,,80,56,24,,,,31,14,17,,,
11/04/2022 10:00,133,73,60,32,16,16,25,17,8,38,17,21,,,,96,71,25,,,,22,9,13,,,
11/04/2022 11:00,157,91,66,37,16,21,26,9,17,34,17,17,,,,90,61,29,,,,40,22,18,,,
11/04/2022 12:00,80,37,43,8,4,4,18,10,8,31,12,19,,,,67,38,29,,,,38,18,20,,,
11/04/2022 13:00,133,49,84,26,16,10,32,18,14,42,17,25,,,,70,38,32,,,,43,24,19,,,
11/04/2022 14:00,91,38,53,21,10,11,22,17,5,23,15,8,,,,48,28,20,,,,52,27,25,,,
11/04/2022 15:00,102,56,46,39,17,22,27,9,18,23,10,13,,,,90,66,24,,,,33,16,17,,,
11/04/2022 16:00,112,66,46,24,9,15,18,7,11,23,7,16,,,,88,57,31,,,,39,15,24,,,
11/04/2022 17:00,107,46,61,33,17,16,52,31,21,33,20,13,,,,103,58,45,,,,65,28,37,,,
11/04/2022 18:00,165,81,84,53,23,30,49,29,20,35,21,14,,,,75,54,21,,,,61,32,29,,,
11/04/2022 19:00,145,68,77,42,21,21,53,31,22,23,8,15,,,,103,59,44,,,,53,24,29,,,
11/04/2022 20:00,121,65,56,37,25,12,17,7,10,20,10,10,,,,66,36,30,,,,43,23,20,,,
11/04/2022 21:00,53,29,24,21,14,7,22,8,14,11,5,6,,,,34,21,13,,,,15,5,10,,,
11/04/2022 22:00,32,15,17,7,2,5,2,1,1,3,3,0,,,,24,21,3,,,,12,6,6,,,
11/04/2022 23:00,6,3,3,3,0,3,6,0,6,3,2,1,,,,12,11,1,,,,3,2,1,,,
12/04/2022 00:00,1,0,1,0,0,0,4,1,3,1,1,0,,,,1,0,1,,,,5,3,2,,,
12/04/2022 01:00,1,0,1,0,0,0,3,3,0,0,0,0,,,,1,1,0,,,,0,0,0,,,
12/04/2022 02:00,1,0,1,0,0,0,0,0,0,0,0,0,,,,1,1,0,,,,0,0,0,,,
12/04/2022 03:00,1,1,0,0,0,0,0,0,0,0,0,0,,,,0,0,0,,,,1,1,0,,,
12/04/2022 04:00,2,1,1,1,1,0,0,0,0,0,0,0,,,,0,0,0,,,,0,0,0,,,
12/04/2022 05:00,3,1,2,4,1,3,1,0,1,2,1,1,,,,4,3,1,,,,1,1,0,,,
12/04/2022 06:00,39,19,20,9,4,5,7,4,3,7,2,5,,,,30,24,6,,,,10,4,6,,,
12/04/2022 07:00,79,38,41,20,9,11,21,14,7,13,10,3,,,,58,37,21,,,,27,12,15,,,
12/04/2022 08:00,84,50,34,26,5,21,22,7,15,21,10,11,,,,76,53,23,,,,30,10,20,,,
12/04/2022 09:00,28,8,20,4,4,0,11,6,5,14,8,6,,,,27,16,11,,,,18,10,8,,,
12/04/2022 10:00,42,25,17,7,4,3,6,2,4,17,11,6,,,,15,9,6,,,,14,8,6,,,
12/04/2022 11:00,17,8,9,6,4,2,6,2,4,8,1,7,,,,10,4,6,,,,8,3,5,,,
12/04/2022 12:00,28,15,13,7,6,1,1,0,1,10,4,6,,,,19,14,5,,,,11,8,3,,,
12/04/2022 13:00,71,38,33,12,7,5,18,9,9,14,6,8,,,,39,31,8,,,,30,11,19,,,
12/04/2022 14:00,57,30,27,9,6,3,10,5,5,23,7,16,,,,12,7,5,,,,23,9,14,,,
12/04/2022 15:00,49,21,28,16,7,9,16,10,6,20,11,9,,,,28,10,18,,,,30,13,17,,,
12/04/2022 16:00,103,45,58,21,10,11,17,8,9,31,17,14,,,,51,31,20,,,,36,19,17,,,
12/04/2022 17:00,120,64,56,38,24,14,37,23,14,26,9,17,,,,74,37,37,,,,66,41,25,,,
12/04/2022 18:00,105,56,49,42,21,21,41,27,14,28,12,16,,,,71,41,30,,,,56,27,29,,,
12/04/2022 19:00,131,63,68,46,26,20,37,21,16,23,11,12,,,,88,58,30,,,,64,28,36,,,
12/04/2022 20:00,138,77,61,39,18,21,33,20,13,17,9,8,,,,56,29,27,,,,47,21,26,,,
12/04/2022 21:00,65,34,31,27,15,12,21,7,14,8,3,5,,,,20,9,11,,,,18,7,11,,,
12/04/2022 22:00,19,9,10,7,2,5,7,3,4,4,2,2,,,,6,5,1,,,,22,12,10,,,
12/04/2022 23:00,6,5,1,5,3,2,10,3,7,2,2,0,,,,13,11,2,,,,9,7,2,,,
13/04/2022 00:00,0,0,0,0,0,0,1,0,1,0,0,0,,,,1,1,0,,,,7,5,2,,,
13/04/2022 01:00,1,0,1,0,0,0,0,0,0,0,0,0,,,,3,3,0,,,,3,2,1,,,
13/04/2022 02:00,0,0,0,0,0,0,0,0,0,0,0,0,,,,0,0,0,,,,1,1,0,,,
13/04/2022 03:00,0,0,0,0,0,0,0,0,0,0,0,0,,,,0,0,0,,,,1,1,0,,,
13/04/2022 04:00,0,0,0,1,1,0,0,0,0,0,0,0,,,,0,0,0,,,,0,0,0,,,
13/04/2022 05:00,4,1,3,1,1,0,0,0,0,1,1,0,,,,6,4,2,,,,5,2,3,,,
13/04/2022 06:00,25,11,14,14,9,5,14,8,6,6,1,5,,,,27,21,6,,,,10,6,4,,,
13/04/2022 07:00,75,37,38,29,13,16,15,9,6,18,12,6,,,,71,42,29,,,,32,13,19,,,
13/04/2022 08:00,100,46,54,39,13,26,23,13,10,26,11,15,,,,82,40,42,,,,37,22,15,,,
13/04/2022 09:00,90,52,38,28,12,16,18,9,9,16,8,8,,,,49,29,20,,,,43,20,23,,,
13/04/2022 10:00,114,48,66,30,19,11,39,24,15,25,14,11,,,,74,42,32,,,,36,20,16,,,
13/04/2022 11:00,177,95,82,66,36,30,42,23,19,27,12,15,,,,77,48,29,,,,58,25,33,,,
13/04/2022 12:00,229,105,124,29,14,15,39,25,14,33,15,18,,,,86,50,36,,,,54,23,31,,,
13/04/2022 13:00,278,126,152,64,37,27,56,34,22,36,19,17,,,,101,61,40,,,,58,32,26,,,
13/04/2022 14:00,211,108,103,48,24,24,23,13,10,38,21,17,,,,99,60,39,,,,59,27,32,,,
13/04/2022 15:00,247,108,139,25,7,18,18,10,8,30,21,9,,,,65,40,25,,,,73,44,29,,,
13/04/2022 16:00,189,102,87,40,20,20,29,12,17,34,17,17,,,,86,57,29,,,,58,23,35,,,
13/04/2022 17:00,188,93,95,39,18,21,52,31,21,32,14,18,,,,92,50,42,,,,53,25,28,,,
13/04/2022 18:00,163,80,83,57,38,19,52,23,29,35,15,20,,,,105,72,33,,,,87,44,43,,,
13/04/2022 19:00,246,130,116,52,23,29,70,39,31,21,11,10,,,,112,64,48,,,,62,29,33,,,
13/04/2022 20:00,200,110,90,35,24,11,44,19,25,19,10,9,,,,83,53,30,,,,52,17,35,,,
13/04/2022 21:00,125,68,57,36,24,12,25,14,11,11,9,2,,,,32,18,14,,,,20,13,7,,,
13/04/2022 22:00,34,21,13,14,3,11,21,9,12,1,1,0,,,,28,23,5,,,,21,10,11,,,
13/04/2022 23:00,14,11,3,5,2,3,6,0,6,2,1,1,,,,22,15,7,,,,9,8,1,,,
14/04/2022 00:00,0,0,0,0,0,0,6,3,3,0,0,0,,,,9,8,1,,,,10,6,4,,,
14/04/2022 01:00,5,3,2,1,0,1,0,0,0,1,1,0,,,,2,1,1,,,,3,3,0,,,
14/04/2022 02:00,2,0,2,0,0,0,2,0,2,0,0,0,,,,0,0,0,,,,0,0,0,,,
14/04/2022 03:00,0,0,0,0,0,0,0,0,0,1,1,0,,,,4,4,0,,,,3,2,1,,,
14/04/2022 04:00,0,0,0,1,1,0,0,0,0,0,0,0,,,,1,1,0,,,,0,0,0,,,
14/04/2022 05:00,2,2,0,5,2,3,0,0,0,2,1,1,,,,19,18,1,,,,4,2,2,,,
14/04/2022 06:00,22,8,14,6,4,2,4,3,1,5,1,4,,,,37,31,6,,,,12,4,8,,,
14/04/2022 07:00,73,33,40,26,15,11,14,6,8,16,12,4,,,,94,76,18,,,,24,10,14,,,
14/04/2022 08:00,96,50,46,38,19,19,37,21,16,25,11,14,,,,127,92,35,,,,37,18,19,,,
14/04/2022 09:00,89,46,43,24,9,15,18,11,7,22,12,10,,,,55,39,16,,,,37,13,24,,,
14/04/2022 10:00,139,76,63,34,17,17,23,17,6,34,26,8,,,,64,55,9,,,,31,19,12,,,
14/04/2022 11:00,219,97,122,49,25,24,33,22,11,24,15,9,,,,92,63,29,,,,45,23,22,,,
14/04/2022 12:00,213,94,119,34,20,14,33,17,16,30,13,17,,,,76,37,39,,,,43,14,29,,,
14/04/2022 13:00,227,105,122,48,24,24,35,18,17,30,15,15,,,,80,49,31,,,,59,34,25,,,
14/04/2022 14:00,143,73,70,30,16,14,35,13,22,32,17,15,,,,92,51,41,,,,45,24,21,,,
14/04/2022 15:00,128,70,58,33,18,15,25,15,10,30,12,18,,,,66,39,27,,,,62,40,22,,,
14/04/2022 16:00,129,67,62,30,14,16,36,23,13,19,9,10,,,,74,46,28,,,,56,31,25,,,
14/04/2022 17:00,146,72,74,21,9,12,40,30,10,42,16,26,,,,83,45,38,,,,67,28,39,,,
14/04/2022 18:00,148,80,68,45,23,22,33,15,18,19,7,12,,,,96,60,36,,,,55,29,26,,,
14/04/2022 19:00,166,77,89,32,20,12,44,23,21,18,14,4,,,,85,55,30,,,,51,27,24,,,
14/04/2022 20:00,142,79,63,40,13,27,28,16,12,12,8,4,,,,61,28,33,,,,42,20,22,,,
14/04/2022 21:00,89,48,41,21,7,14,18,11,7,5,3,2,,,,35,19,16,,,,35,20,15,,,
14/04/2022 22:00,26,15,11,8,3,5,12,5,7,2,2,0,,,,14,13,1,,,,16,7,9,,,
14/04/2022 23:00,19,4,15,4,1,3,5,3,2,0,0,0,,,,32,30,2,,,,14,9,5,,,
15/04/2022 00:00,0,0,0,5,2,3,1,1,0,3,2,1,,,,6,5,1,,,,5,4,1,,,
15/04/2022 01:00,0,0,0,2,2,0,0,0,0,3,3,0,,,,1,1,0,,,,6,3,3,,,
15/04/2022 02:00,0,0,0,0,0,0,1,0,1,0,0,0,,,,0,0,0,,,,0,0,0,,,
15/04/2022 03:00,0,0,0,0,0,0,0,0,0,0,0,0,,,,0,0,0,,,,4,3,1,,,
15/04/2022 04:00,0,0,0,1,1,0,0,0,0,0,0,0,,,,0,0,0,,,,1,1,0,,,
15/04/2022 05:00,7,3,4,4,4,0,1,1,0,2,2,0,,,,2,2,0,,,,3,0,3,,,
15/04/2022 06:00,16,8,8,4,1,3,1,0,1,2,1,1,,,,10,7,3,,,,13,9,4,,,
15/04/2022 07:00,64,25,39,15,7,8,17,11,6,2,1,1,,,,24,19,5,,,,22,9,13,,,
15/04/2022 08:00,97,55,42,44,21,23,26,13,13,16,9,7,,,,47,28,19,,,,29,10,19,,,
15/04/2022 09:00,127,67,60,37,26,11,30,18,12,31,13,18,,,,79,44,35,,,,49,20,29,,,
15/04/2022 10:00,162,89,73,51,34,17,24,17,7,36,20,16,,,,90,58,32,,,,27,18,9,,,
15/04/2022 11:00,268,123,145,54,35,19,40,20,20,33,19,14,,,,74,46,28,,,,50,20,30,,,
15/04/2022 12:00,246,137,109,53,28,25,59,32,27,44,23,21,,,,115,51,64,,,,40,14,26,,,
15/04/2022 13:00,285,155,130,62,33,29,55,38,17,28,16,12,,,,91,53,38,,,,52,35,17,,,
15/04/2022 14:00,308,141,167,64,27,37,39,15,24,36,20,16,,,,72,46,26,,,,83,39,44,,,
15/04/2022 15:00,288,145,143,44,28,16,41,29,12,36,17,19,,,,68,31,37,,,,63,34,29,,,
15/04/2022 16:00,375,187,188,59,35,24,70,36,34,22,14,8,,,,107,49,58,,,,59,28,31,,,
15/04/2022 17:00,240,115,125,45,26,19,52,21,31,37,13,24,,,,134,66,68,,,,84,40,44,,,
15/04/2022 18:00,206,104,102,38,19,19,37,14,23,20,6,14,,,,106,60,46,,,,67,34,33,,,
15/04/2022 19:00,216,104,112,36,24,12,37,19,18,9,8,1,,,,60,29,31,,,,48,27,21,,,
15/04/2022 20:00,132,62,70,25,17,8,22,12,10,13,6,7,,,,44,24,20,,,,31,17,14,,,
15/04/2022 21:00,69,33,36,13,6,7,24,14,10,8,3,5,,,,29,16,13,,,,28,12,16,,,
15/04/2022 22:00,24,16,8,9,2,7,21,15,6,6,3,3,,,,44,31,13,,,,14,6,8,,,
15/04/2022 23:00,17,7,10,6,4,2,7,3,4,5,0,5,,,,11,8,3,,,,14,10,4,,,
16/04/2022 00:00,1,0,1,1,1,0,3,0,3,2,0,2,,,,12,12,0,,,,7,5,2,,,
16/04/2022 01:00,5,3,2,1,0,1,0,0,0,0,0,0,,,,2,2,0,,,,3,2,1,,,
16/04/2022 02:00,1,0,1,0,0,0,0,0,0,0,0,0,,,,2,2,0,,,,1,1,0,,,
16/04/2022 03:00,0,0,0,0,0,0,0,0,0,2,0,2,,,,0,0,0,,,,7,5,2,,,
16/04/2022 04:00,0,0,0,0,0,0,0,0,0,0,0,0,,,,1,1,0,,,,1,1,0,,,
16/04/2022 05:00,2,1,1,2,1,1,1,1,0,0,0,0,,,,2,0,2,,,,1,1,0,,,
16/04/2022 06:00,16,4,12,5,2,3,0,0,0,1,1,0,,,,0,0,0,,,,5,2,3,,,
16/04/2022 07:00,53,23,30,12,6,6,8,1,7,5,3,2,,,,28,24,4,,,,17,11,6,,,
16/04/2022 08:00,88,38,50,20,12,8,21,10,11,17,10,7,,,,52,32,20,,,,22,12,10,,,
16/04/2022 09:00,141,71,70,36,20,16,33,22,11,23,12,11,,,,67,36,31,,,,25,9,16,,,
16/04/2022 10:00,178,93,85,47,27,20,43,23,20,29,14,15,,,,120,88,32,,,,38,15,23,,,
16/04/2022 11:00,249,127,122,64,36,28,39,23,16,48,30,18,,,,113,64,49,,,,52,23,29,,,
16/04/2022 12:00,332,162,170,78,36,42,40,25,15,51,18,33,,,,122,70,52,,,,49,23,26,,,
16/04/2022 13:00,341,209,132,65,28,37,45,27,18,41,22,19,,,,107,45,62,,,,37,21,16,,,
16/04/2022 14:00,390,211,179,94,45,49,62,38,24,33,22,11,,,,129,66,63,,,,48,30,18,,,
16/04/2022 15:00,555,303,252,84,44,40,54,30,24,73,38,35,,,,120,43,77,,,,63,30,33,,,
16/04/2022 16:00,495,238,257,63,24,39,64,26,38,44,28,16,,,,94,53,41,,,,55,34,21,,,
16/04/2022 17:00,344,166,178,48,29,19,55,33,22,42,27,15,,,,103,48,55,,,,47,21,26,,,
16/04/2022 18:00,243,136,107,30,15,15,33,11,22,24,7,17,,,,53,28,25,,,,44,18,26,,,
16/04/2022 19:00,175,87,88,21,17,4,29,12,17,14,8,6,,,,60,40,20,,,,31,20,11,,,
16/04/2022 20:00,140,74,66,16,9,7,17,7,10,13,7,6,,,,41,24,17,,,,41,20,21,,,
16/04/2022 21:00,73,34,39,16,9,7,19,8,11,10,8,2,,,,31,26,5,,,,21,6,15,,,
16/04/2022 22:00,27,13,14,9,2,7,26,19,7,2,2,0,,,,41,39,2,,,,16,11,5,,,
16/04/2022 23:00,10,7,3,3,2,1,10,6,4,4,2,2,,,,21,19,2,,,,9,7,2,,,
17/04/2022 00:00,1,1,0,1,0,1,6,5,1,3,0,3,,,,9,4,5,,,,4,4,0,,,
17/04/2022 01:00,1,1,0,3,0,3,6,3,3,1,1,0,,,,2,2,0,,,,7,5,2,,,
17/04/2022 02:00,0,0,0,0,0,0,0,0,0,0,0,0,,,,1,1,0,,,,2,0,2,,,
17/04/2022 03:00,1,1,0,0,0,0,0,0,0,3,0,3,,,,1,1,0,,,,3,0,3,,,
17/04/2022 04:00,3,2,1,0,0,0,2,0,2,0,0,0,,,,0,0,0,,,,4,3,1,,,
17/04/2022 05:00,1,0,1,0,0,0,0,0,0,0,0,0,,,,0,0,0,,,,8,2,6,,,
17/04/2022 06:00,13,5,8,4,1,3,0,0,0,0,0,0,,,,1,0,1,,,,2,2,0,,,
17/04/2022 07:00,33,14,19,9,6,3,8,5,3,2,2,0,,,,28,17,11,,,,9,8,1,,,
17/04/2022 08:00,88,44,44,20,16,4,20,14,6,15,9,6,,,,31,19,12,,,,10,8,2,,,
17/04/2022 09:00,154,72,82,36,18,18,21,15,6,17,5,12,,,,65,42,23,,,,21,7,14,,,
17/04/2022 10:00,237,129,108,48,23,25,43,23,20,32,17,15,,,,95,67,28,,,,40,17,23,,,
17/04/2022 11:00,300,158,142,77,40,37,62,34,28,63,34,29,,,,86,47,39,,,,45,32,13,,,
17/04/2022 12:00,450,204,246,49,30,19,33,16,17,39,14,25,,,,86,49,37,,,,55,21,34,,,
17/04/2022 13:00,399,199,200,45,19,26,42,27,15,37,22,15,,,,52,30,22,,,,49,20,29,,,
17/04/2022 14:00,194,116,78,28,9,19,28,15,13,22,8,14,,,,38,21,17,,,,27,16,11,,,
17/04/2022 15:00,110,65,45,18,11,7,14,11,3,19,14,5,,,,32,22,10,,,,32,16,16,,,
17/04/2022 16:00,115,53,62,31,16,15,19,12,7,20,7,13,,,,49,29,20,,,,33,14,19,,,
17/04/2022 17:00,175,86,89,34,19,15,30,13,17,29,13,16,,,,48,24,24,,,,30,16,14,,,
17/04/2022 18:00,221,102,119,21,10,11,34,15,19,14,8,6,,,,69,42,27,,,,44,22,22,,,
17/04/2022 19:00,189,108,81,37,14,23,32,10,22,28,13,15,,,,72,40,32,,,,49,29,20,,,
17/04/2022 20:00,125,58,67,26,11,15,29,12,17,12,6,6,,,,33,20,13,,,,34,22,12,,,
17/04/2022 21:00,56,30,26,14,8,6,22,11,11,5,4,1,,,,13,5,8,,,,20,10,10,,,
17/04/2022 22:00,24,15,9,7,3,4,6,3,3,8,5,3,,,,13,11,2,,,,21,7,14,,,
17/04/2022 23:00,14,9,5,2,1,1,8,5,3,2,1,1,,,,6,6,0,,,,6,6,0,,,
18/04/2022 00:00,1,0,1,0,0,0,5,2,3,2,1,1,,,,2,2,0,,,,8,5,3,,,
18/04/2022 01:00,1,0,1,3,0,3,2,0,2,1,1,0,,,,0,0,0,,,,8,7,1,,,
18/04/2022 02:00,1,0,1,0,0,0,2,1,1,0,0,0,,,,0,0,0,,,,10,5,5,,,
18/04/2022 03:00,1,1,0,0,0,0,0,0,0,0,0,0,,,,0,0,0,,,,3,2,1,,,
18/04/2022 04:00,2,0,2,2,2,0,0,0,0,0,0,0,,,,0,0,0,,,,7,1,6,,,
18/04/2022 05:00,1,0,1,1,1,0,1,0,1,1,0,1,,,,1,1,0,,,,10,0,10,,,
18/04/2022 06:00,19,9,10,6,2,4,1,1,0,1,1,0,,,,3,2,1,,,,13,6,7,,,
18/04/2022 07:00,45,20,25,7,3,4,9,6,3,7,4,3,,,,6,4,2,,,,8,3,5,,,
18/04/2022 08:00,90,39,51,18,8,10,17,10,7,12,9,3,,,,29,14,15,,,,23,13,10,,,
18/04/2022 09:00,152,70,82,33,15,18,29,11,18,36,21,15,,,,54,34,20,,,,27,15,12,,,
18/04/2022 10:00,254,144,110,52,17,35,45,27,18,43,26,17,,,,106,77,29,,,,45,20,25,,,
18/04/2022 11:00,353,189,164,97,40,57,61,34,27,32,21,11,,,,114,68,46,,,,54,34,20,,,
18/04/2022 12:00,417,199,218,57,31,26,68,30,38,56,28,28,,,,150,84,66,,,,46,12,34,,,
18/04/2022 13:00,337,169,168,79,46,33,64,26,38,41,21,20,,,,96,56,40,,,,39,22,17,,,
18/04/2022 14:00,289,147,142,72,44,28,58,36,22,39,18,21,,,,82,41,41,,,,50,25,25,,,
18/04/2022 15:00,207,97,110,44,25,19,38,15,23,19,12,7,,,,50,24,26,,,,25,9,16,,,
18/04/2022 16:00,178,92,86,33,15,18,29,11,18,35,23,12,,,,51,26,25,,,,31,17,14,,,
18/04/2022 17:00,266,149,117,48,28,20,39,22,17,30,13,17,,,,89,51,38,,,,28,12,16,,,
18/04/2022 18:00,228,119,109,27,16,11,56,26,30,24,7,17,,,,77,44,33,,,,43,22,21,,,
18/04/2022 19:00,217,92,125,42,25,17,46,22,24,18,6,12,,,,68,32,36,,,,28,15,13,,,
18/04/2022 20:00,158,93,65,34,12,22,24,11,13,14,8,6,,,,75,59,16,,,,32,16,16,,,
18/04/2022 21:00,70,42,28,21,11,10,20,9,11,17,10,7,,,,39,31,8,,,,21,11,10,,,
18/04/2022 22:00,29,23,6,4,1,3,8,2,6,4,4,0,,,,43,34,9,,,,13,4,9,,,
18/04/2022 23:00,9,4,5,1,1,0,8,4,4,0,0,0,,,,8,5,3,,,,6,5,1,,,
19/04/2022 00:00,0,0,0,0,0,0,7,4,3,0,0,0,,,,6,3,3,,,,10,5,5,,,
19/04/2022 01:00,1,1,0,2,1,1,0,0,0,1,0,1,,,,7,7,0,,,,0,0,0,,,
19/04/2022 02:00,0,0,0,1,1,0,1,0,1,0,0,0,,,,0,0,0,,,,1,1,0,,,
19/04/2022 03:00,0,0,0,1,1,0,0,0,0,0,0,0,,,,0,0,0,,,,1,1,0,,,
19/04/2022 04:00,1,1,0,2,2,0,2,2,0,0,0,0,,,,0,0,0,,,,2,2,0,,,
19/04/2022 05:00,4,2,2,1,0,1,1,1,0,2,2,0,,,,4,4,0,,,,7,2,5,,,
19/04/2022 06:00,45,22,23,9,4,5,10,5,5,5,3,2,,,,24,15,9,,,,15,9,6,,,
19/04/2022 07:00,73,33,40,16,8,8,13,5,8,11,7,4,,,,73,39,34,,,,31,14,17,,,
19/04/2022 08:00,109,56,53,25,14,11,32,15,17,17,7,10,,,,91,61,30,,,,42,18,24,,,
19/04/2022 09:00,111,56,55,31,15,16,24,15,9,28,18,10,,,,64,48,16,,,,28,12,16,,,
19/04/2022 10:00,135,78,57,26,13,13,37,28,9,34,20,14,,,,75,45,30,,,,36,18,18,,,
19/04/2022 11:00,235,115,120,41,23,18,35,22,13,49,25,24,,,,81,52,29,,,,61,26,35,,,
19/04/2022 12:00,207,123,84,44,25,19,57,39,18,37,19,18,,,,94,55,39,,,,59,24,35,,,
19/04/2022 13:00,258,142,116,44,26,18,44,21,23,54,24,30,,,,94,59,35,,,,67,34,33,,,
19/04/2022 14:00,252,100,152,45,25,20,46,24,22,32,19,13,,,,94,58,36,,,,55,33,22,,,
19/04/2022 15:00,251,120,131,60,29,31,56,26,30,30,12,18,,,,114,54,60,,,,66,35,31,,,
19/04/2022 16:00,235,113,122,54,23,31,41,20,21,44,18,26,,,,176,109,67,,,,55,32,23,,,
19/04/2022 17:00,262,107,155,59,31,28,74,37,37,37,14,23,,,,161,88,73,,,,108,51,57,,,
19/04/2022 18:00,289,154,135,68,43,25,53,25,28,22,9,13,,,,179,106,73,,,,80,50,30,,,
19/04/2022 19:00,273,151,122,64,36,28,45,16,29,25,13,12,,,,223,95,128,,,,76,35,41,,,
19/04/2022 20:00,208,115,93,69,37,32,57,17,40,32,15,17,,,,53,30,23,,,,49,16,33,,,
19/04/2022 21:00,79,43,36,23,8,15,23,8,15,4,3,1,,,,53,42,11,,,,41,23,18,,,
19/04/2022 22:00,32,14,18,16,4,12,8,4,4,3,2,1,,,,36,32,4,,,,29,12,17,,,
19/04/2022 23:00,19,13,6,3,1,2,6,3,3,4,1,3,,,,40,39,1,,,,15,7,8,,,
20/04/2022 00:00,2,1,1,1,1,0,4,1,3,4,1,3,,,,8,8,0,,,,6,5,1,,,
20/04/2022 01:00,1,0,1,0,0,0,0,0,0,0,0,0,,,,10,10,0,,,,3,3,0,,,
20/04/2022 02:00,0,0,0,0,0,0,2,1,1,0,0,0,,,,2,2,0,,,,2,0,2,,,
20/04/2022 03:00,0,0,0,0,0,0,0,0,0,3,0,3,,,,3,3,0,,,,0,0,0,,,
20/04/2022 04:00,0,0,0,0,0,0,0,0,0,2,2,0,,,,3,3,0,,,,2,2,0,,,
20/04/2022 05:00,8,3,5,1,1,0,0,0,0,0,0,0,,,,2,2,0,,,,4,2,2,,,
20/04/2022 06:00,54,30,24,19,10,9,14,9,5,11,4,7,,,,36,29,7,,,,14,6,8,,,
20/04/2022 07:00,88,36,52,22,10,12,11,5,6,14,10,4,,,,162,122,40,,,,31,13,18,,,
20/04/2022 08:00,165,81,84,32,13,19,34,21,13,30,16,14,,,,136,84,52,,,,48,28,20,,,
20/04/2022 09:00,108,50,58,30,18,12,24,15,9,24,14,10,,,,100,64,36,,,,52,16,36,,,
20/04/2022 10:00,156,71,85,52,28,24,33,20,13,27,21,6,,,,73,54,19,,,,37,19,18,,,
20/04/2022 11:00,231,97,134,66,31,35,33,22,11,42,20,22,,,,106,74,32,,,,37,18,19,,,
20/04/2022 12:00,366,199,167,69,33,36,50,30,20,43,21,22,,,,93,52,41,,,,63,35,28,,,
20/04/2022 13:00,360,188,172,53,29,24,48,18,30,49,20,29,,,,113,62,51,,,,75,49,26,,,
20/04/2022 14:00,333,177,156,71,36,35,46,22,24,34,14,20,,,,97,56,41,,,,78,51,27,,,
20/04/2022 15:00,373,198,175,39,23,16,42,27,15,36,20,16,,,,96,42,54,,,,77,51,26,,,
20/04/2022 16:00,299,140,159,54,33,21,42,18,24,16,8,8,,,,118,69,49,,,,87,59,28,,,
20/04/2022 17:00,282,146,136,93,49,44,82,46,36,30,11,19,,,,155,86,69,,,,93,55,38,,,
20/04/2022 18:00,299,148,151,75,39,36,51,20,31,37,16,21,,,,137,61,76,,,,103,64,39,,,
20/04/2022 19:00,309,148,161,76,35,41,65,35,30,22,10,12,,,,108,61,47,,,,98,47,51,,,
20/04/2022 20:00,267,148,119,54,19,35,44,17,27,27,14,13,,,,59,34,25,,,,59,24,35,,,
20/04/2022 21:00,108,49,59,21,7,14,34,17,17,14,7,7,,,,48,28,20,,,,32,14,18,,,
20/04/2022 22:00,30,17,13,10,3,7,17,7,10,6,2,4,,,,16,15,1,,,,21,4,17,,,
20/04/2022 23:00,10,5,5,3,2,1,3,0,3,2,1,1,,,,40,40,0,,,,13,6,7,,,
21/04/2022 00:00,1,1,0,0,0,0,1,0,1,3,2,1,,,,6,6,0,,,,9,9,0,,,
21/04/2022 01:00,0,0,0,0,0,0,0,0,0,0,0,0,,,,0,0,0,,,,2,1,1,,,
21/04/2022 02:00,1,1,0,0,0,0,0,0,0,0,0,0,,,,0,0,0,,,,0,0,0,,,
21/04/2022 03:00,2,2,0,0,0,0,0,0,0,0,0,0,,,,1,1,0,,,,1,1,0,,,
21/04/2022 04:00,1,0,1,1,1,0,0,0,0,0,0,0,,,,1,1,0,,,,0,0,0,,,
21/04/2022 05:00,8,4,4,0,0,0,2,0,2,2,1,1,,,,2,2,0,,,,4,1,3,,,
21/04/2022 06:00,43,23,20,8,3,5,11,5,6,4,2,2,,,,52,47,5,,,,14,3,11,,,
21/04/2022 07:00,75,30,45,19,7,12,16,8,8,17,8,9,,,,81,59,22,,,,30,15,15,,,
21/04/2022 08:00,129,66,63,39,21,18,30,17,13,18,11,7,,,,113,82,31,,,,37,19,18,,,
21/04/2022 09:00,90,47,43,34,20,14,29,16,13,19,10,9,,,,52,30,22,,,,27,11,16,,,
21/04/2022 10:00,149,82,67,36,15,21,24,15,9,16,11,5,,,,54,38,16,,,,22,9,13,,,
21/04/2022 11:00,227,111,116,38,21,17,29,19,10,31,13,18,,,,70,42,28,,,,51,30,21,,,
21/04/2022 12:00,244,116,128,38,23,15,36,16,20,24,13,11,,,,76,50,26,,,,43,15,28,,,
21/04/2022 13:00,259,132,127,48,27,21,40,22,18,39,18,21,,,,75,43,32,,,,45,32,13,,,
21/04/2022 14:00,205,95,110,55,33,22,35,13,22,23,9,14,,,,76,55,21,,,,65,36,29,,,
21/04/2022 15:00,252,146,106,57,23,34,39,21,18,17,7,10,,,,44,20,24,,,,80,44,36,,,
21/04/2022 16:00,241,98,143,50,29,21,53,30,23,26,13,13,,,,105,70,35,,,,75,39,36,,,
21/04/2022 17:00,214,113,101,45,19,26,66,41,25,37,15,22,,,,106,70,36,,,,64,37,27,,,
21/04/2022 18:00,190,94,96,68,33,35,40,21,19,38,19,19,,,,49,31,18,,,,89,48,41,,,
21/04/2022 19:00,212,111,101,58,36,22,40,14,26,19,8,11,,,,41,25,16,,,,79,39,40,,,
21/04/2022 20:00,160,68,92,26,16,10,26,13,13,21,14,7,,,,47,42,5,,,,52,22,30,,,
21/04/2022 21:00,74,44,30,17,9,8,27,10,17,10,4,6,,,,24,16,8,,,,40,15,25,,,
21/04/2022 22:00,25,14,11,12,6,6,10,6,4,5,3,2,,,,8,7,1,,,,28,11,17,,,
21/04/2022 23:00,5,4,1,4,0,4,3,0,3,2,1,1,,,,8,8,0,,,,10,7,3,,,
22/04/2022 00:00,1,0,1,0,0,0,0,0,0,4,2,2,,,,4,2,2,,,,7,7,0,,,
22/04/2022 01:00,1,1,0,0,0,0,0,0,0,0,0,0,,,,1,1,0,,,,7,7,0,,,
22/04/2022 02:00,0,0,0,0,0,0,0,0,0,0,0,0,,,,0,0,0,,,,0,0,0,,,
22/04/2022 03:00,0,0,0,0,0,0,1,0,1,0,0,0,,,,6,5,1,,,,2,2,0,,,
22/04/2022 04:00,1,0,1,0,0,0,0,0,0,0,0,0,,,,0,0,0,,,,1,1,0,,,
22/04/2022 05:00,6,3,3,1,1,0,1,1,0,0,0,0,,,,3,3,0,,,,5,1,4,,,
22/04/2022 06:00,36,15,21,5,3,2,6,4,2,11,5,6,,,,19,14,5,,,,13,6,7,,,
22/04/2022 07:00,50,21,29,25,11,14,23,12,11,12,7,5,,,,47,22,25,,,,24,6,18,,,
22/04/2022 08:00,112,58,54,36,17,19,31,13,18,26,13,13,,,,61,43,18,,,,43,23,20,,,
22/04/2022 09:00,101,52,49,27,9,18,17,9,8,26,16,10,,,,51,35,16,,,,38,11,27,,,
22/04/2022 10:00,101,58,43,23,14,9,26,15,11,34,13,21,,,,52,40,12,,,,28,11,17,,,
22/04/2022 11:00,102,52,50,30,19,11,21,10,11,39,23,16,,,,41,24,17,,,,33,15,18,,,
22/04/2022 12:00,117,59,58,23,13,10,36,16,20,24,12,12,,,,37,23,14,,,,39,22,17,,,
22/04/2022 13:00,150,74,76,42,22,20,24,11,13,45,11,34,,,,71,53,18,,,,53,24,29,,,
22/04/2022 14:00,116,65,51,35,23,12,27,13,14,39,20,19,,,,48,30,18,,,,58,32,26,,,
22/04/2022 15:00,146,79,67,50,26,24,24,15,9,43,23,20,,,,64,39,25,,,,56,28,28,,,
22/04/2022 16:00,133,76,57,57,30,27,48,18,30,33,13,20,,,,108,57,51,,,,68,32,36,,,
22/04/2022 17:00,186,86,100,63,36,27,39,25,14,34,17,17,,,,108,57,51,,,,75,37,38,,,
22/04/2022 18:00,193,90,103,58,33,25,38,21,17,27,9,18,,,,110,63,47,,,,71,29,42,,,
22/04/2022 19:00,193,98,95,33,17,16,52,20,32,19,9,10,,,,68,37,31,,,,78,38,40,,,
22/04/2022 20:00,150,68,82,61,19,42,39,15,24,18,7,11,,,,37,20,17,,,,46,32,14,,,
22/04/2022 21:00,52,35,17,20,9,11,17,12,5,10,8,2,,,,20,16,4,,,,37,17,20,,,
22/04/2022 22:00,24,17,7,12,4,8,17,7,10,2,0,2,,,,20,16,4,,,,17,8,9,,,
22/04/2022 23:00,14,7,7,8,6,2,6,3,3,5,3,2,,,,16,13,3,,,,16,6,10,,,
23/04/2022 00:00,0,0,0,0,0,0,2,1,1,0,0,0,,,,2,2,0,,,,14,4,10,,,
23/04/2022 01:00,0,0,0,0,0,0,1,0,1,3,0,3,,,,0,0,0,,,,8,6,2,,,
23/04/2022 02:00,0,0,0,5,2,3,3,0,3,0,0,0,,,,0,0,0,,,,6,4,2,,,
23/04/2022 03:00,0,0,0,2,0,2,0,0,0,1,0,1,,,,0,0,0,,,,0,0,0,,,
23/04/2022 04:00,0,0,0,0,0,0,0,0,0,0,0,0,,,,0,0,0,,,,3,2,1,,,
23/04/2022 05:00,1,1,0,1,1,0,0,0,0,1,0,1,,,,5,4,1,,,,1,1,0,,,
23/04/2022 06:00,26,12,14,0,0,0,7,3,4,2,1,1,,,,5,3,2,,,,4,0,4,,,
23/04/2022 07:00,52,29,23,17,8,9,18,13,5,6,4,2,,,,24,17,7,,,,16,10,6,,,
23/04/2022 08:00,89,34,55,24,18,6,23,12,11,23,10,13,,,,52,26,26,,,,27,14,13,,,
23/04/2022 09:00,120,58,62,44,29,15,40,23,17,25,7,18,,,,78,56,22,,,,31,15,16,,,
23/04/2022 10:00,138,70,68,49,20,29,41,22,19,36,22,14,,,,106,62,44,,,,45,28,17,,,
23/04/2022 11:00,206,106,100,55,24,31,45,25,20,29,13,16,,,,112,55,57,,,,66,30,36,,,
23/04/2022 12:00,218,126,92,72,45,27,62,40,22,40,18,22,,,,91,49,42,,,,58,28,30,,,
23/04/2022 13:00,225,119,106,31,17,14,53,35,18,74,24,50,,,,60,31,29,,,,52,17,35,,,
23/04/2022 14:00,168,95,73,44,28,16,34,15,19,52,23,29,,,,74,39,35,,,,62,34,28,,,
23/04/2022 15:00,181,93,88,37,19,18,42,29,13,62,34,28,,,,84,44,40,,,,46,20,26,,,
23/04/2022 16:00,175,105,70,27,13,14,33,15,18,46,17,29,,,,97,54,43,,,,45,19,26,,,
23/04/2022 17:00,159,86,73,34,20,14,31,15,16,26,14,12,,,,63,38,25,,,,69,29,40,,,
23/04/2022 18:00,162,85,77,39,21,18,30,12,18,14,6,8,,,,51,27,24,,,,42,20,22,,,
23/04/2022 19:00,120,58,62,25,14,11,30,12,18,12,5,7,,,,58,35,23,,,,46,23,23,,,
23/04/2022 20:00,100,52,48,22,11,11,15,8,7,27,13,14,,,,49,27,22,,,,31,11,20,,,
23/04/2022 21:00,64,31,33,16,9,7,18,5,13,12,4,8,,,,32,20,12,,,,30,22,8,,,
23/04/2022 22:00,25,15,10,11,7,4,9,2,7,7,5,2,,,,7,5,2,,,,11,2,9,,,
23/04/2022 23:00,6,2,4,5,2,3,13,7,6,5,3,2,,,,10,9,1,,,,9,7,2,,,
24/04/2022 00:00,2,0,2,0,0,0,6,5,1,1,0,1,,,,2,2,0,,,,10,8,2,,,
24/04/2022 01:00,1,1,0,2,0,2,4,2,2,2,0,2,,,,2,1,1,,,,15,9,6,,,
24/04/2022 02:00,1,0,1,0,0,0,1,0,1,0,0,0,,,,2,1,1,,,,3,3,0,,,
24/04/2022 03:00,0,0,0,0,0,0,1,0,1,0,0,0,,,,2,1,1,,,,3,2,1,,,
24/04/2022 04:00,1,1,0,0,0,0,0,0,0,1,1,0,,,,0,0,0,,,,2,2,0,,,
24/04/2022 05:00,1,1,0,1,1,0,0,0,0,1,1,0,,,,2,2,0,,,,4,0,4,,,
24/04/2022 06:00,13,2,11,1,0,1,2,1,1,4,2,2,,,,1,0,1,,,,4,3,1,,,
24/04/2022 07:00,34,13,21,8,5,3,10,5,5,7,2,5,,,,9,5,4,,,,14,5,9,,,
24/04/2022 08:00,94,43,51,19,11,8,13,5,8,7,3,4,,,,36,20,16,,,,15,8,7,,,
24/04/2022 09:00,191,105,86,42,26,16,26,16,10,18,12,6,,,,80,48,32,,,,39,21,18,,,
24/04/2022 10:00,286,170,116,70,41,29,54,31,23,39,23,16,,,,92,53,39,,,,46,27,19,,,
24/04/2022 11:00,435,236,199,112,62,50,89,50,39,48,29,19,,,,145,94,51,,,,43,25,18,,,
24/04/2022 12:00,594,328,266,105,53,52,66,43,23,62,32,30,,,,141,75,66,,,,79,46,33,,,
24/04/2022 13:00,536,298,238,122,63,59,78,37,41,57,25,32,,,,139,75,64,,,,76,35,41,,,
24/04/2022 14:00,632,361,271,102,54,48,82,46,36,62,30,32,,,,258,148,110,,,,56,27,29,,,
24/04/2022 15:00,640,349,291,88,39,49,87,29,58,41,17,24,,,,174,85,89,,,,63,35,28,,,
24/04/2022 16:00,651,341,310,111,43,68,86,31,55,47,26,21,,,,113,66,47,,,,77,37,40,,,
24/04/2022 17:00,499,231,268,88,39,49,59,27,32,43,16,27,,,,128,66,62,,,,54,29,25,,,
24/04/2022 18:00,280,127,153,63,27,36,51,26,25,12,8,4,,,,91,39,52,,,,48,26,22,,,
24/04/2022 19:00,188,99,89,42,19,23,39,17,22,26,11,15,,,,76,44,32,,,,52,22,30,,,
24/04/2022 20:00,136,66,70,28,18,10,28,12,16,18,8,10,,,,43,18,25,,,,46,22,24,,,
24/04/2022 21:00,69,32,37,19,9,10,9,5,4,9,5,4,,,,18,6,12,,,,16,9,7,,,
24/04/2022 22:00,10,8,2,5,5,0,7,2,5,7,4,3,,,,19,12,7,,,,27,8,19,,,
24/04/2022 23:00,13,8,5,2,1,1,1,0,1,0,0,0,,,,3,3,0,,,,3,1,2,,,
25/04/2022 00:00,0,0,0,0,0,0,3,2,1,0,0,0,,,,0,0,0,,,,6,6,0,,,
25/04/2022 01:00,0,0,0,0,0,0,3,1,2,0,0,0,,,,0,0,0,,,,0,0,0,,,
25/04/2022 02:00,0,0,0,0,0,0,0,0,0,0,0,0,,,,0,0,0,,,,1,0,1,,,
25/04/2022 03:00,0,0,0,0,0,0,0,0,0,0,0,0,,,,0,0,0,,,,2,2,0,,,
25/04/2022 04:00,0,0,0,1,1,0,0,0,0,0,0,0,,,,1,1,0,,,,1,1,0,,,
25/04/2022 05:00,7,2,5,4,4,0,0,0,0,0,0,0,,,,1,1,0,,,,5,1,4,,,
25/04/2022 06:00,33,13,20,11,5,6,9,6,3,6,3,3,,,,24,16,8,,,,13,4,9,,,
25/04/2022 07:00,53,29,24,19,8,11,18,11,7,19,10,9,,,,41,23,18,,,,46,19,27,,,
25/04/2022 08:00,117,54,63,31,14,17,20,8,12,51,25,26,,,,97,58,39,,,,124,92,32,,,
25/04/2022 09:00,127,60,67,22,11,11,23,15,8,13,8,5,,,,54,27,27,,,,45,17,28,,,
25/04/2022 10:00,123,55,68,51,26,25,21,15,6,16,6,10,,,,41,28,13,,,,24,11,13,,,
25/04/2022 11:00,134,64,70,44,27,17,37,21,16,32,21,11,,,,56,35,21,,,,33,19,14,,,
25/04/2022 12:00,166,80,86,43,25,18,37,20,17,37,20,17,,,,98,60,38,,,,49,29,20,,,
25/04/2022 13:00,189,106,83,67,30,37,44,26,18,28,18,10,,,,139,77,62,,,,55,27,28,,,
25/04/2022 14:00,194,92,102,42,29,13,24,16,8,45,19,26,,,,92,34,58,,,,93,48,45,,,
25/04/2022 15:00,162,83,79,29,15,14,25,13,12,35,17,18,,,,88,29,59,,,,135,60,75,,,
25/04/2022 16:00,155,78,77,36,11,25,25,13,12,38,20,18,,,,106,47,59,,,,83,50,33,,,
25/04/2022 17:00,169,80,89,49,19,30,41,27,14,29,15,14,,,,116,51,65,,,,76,48,28,,,
25/04/2022 18:00,197,96,101,77,46,31,58,36,22,25,15,10,,,,135,62,73,,,,105,58,47,,,
25/04/2022 19:00,214,99,115,66,31,35,42,20,22,26,14,12,,,,120,51,69,,,,85,45,40,,,
25/04/2022 20:00,212,114,98,56,23,33,38,13,25,27,10,17,,,,73,42,31,,,,43,20,23,,,
25/04/2022 21:00,95,52,43,21,13,8,27,14,13,8,6,2,,,,29,15,14,,,,38,23,15,,,
25/04/2022 22:00,31,20,11,6,0,6,3,1,2,8,3,5,,,,11,6,5,,,,11,5,6,,,
25/04/2022 23:00,9,3,6,2,0,2,8,4,4,1,0,1,,,,41,39,2,,,,6,5,1,,,
26/04/2022 00:00,0,0,0,1,1,0,3,0,3,0,0,0,,,,1,1,0,,,,4,3,1,,,
26/04/2022 01:00,0,0,0,1,0,1,0,0,0,0,0,0,,,,4,3,1,,,,0,0,0,,,
26/04/2022 02:00,1,0,1,1,0,1,1,0,1,0,0,0,,,,1,0,1,,,,2,1,1,,,
26/04/2022 03:00,0,0,0,0,0,0,0,0,0,0,0,0,,,,0,0,0,,,,0,0,0,,,
26/04/2022 04:00,0,0,0,0,0,0,0,0,0,0,0,0,,,,0,0,0,,,,0,0,0,,,
26/04/2022 05:00,7,3,4,0,0,0,0,0,0,2,0,2,,,,7,5,2,,,,4,3,1,,,
26/04/2022 06:00,51,21,30,15,7,8,8,4,4,4,2,2,,,,23,14,9,,,,17,8,9,,,
26/04/2022 07:00,87,43,44,33,15,18,17,9,8,22,12,10,,,,63,36,27,,,,47,24,23,,,
26/04/2022 08:00,113,55,58,32,14,18,22,9,13,43,17,26,,,,106,68,38,,,,144,101,43,,,
26/04/2022 09:00,117,55,62,27,13,14,24,11,13,41,25,16,,,,52,33,19,,,,43,24,19,,,
26/04/2022 10:00,140,75,65,34,16,18,33,12,21,32,17,15,,,,55,29,26,,,,35,21,14,,,
26/04/2022 11:00,141,72,69,47,19,28,23,15,8,26,12,14,,,,92,54,38,,,,40,16,24,,,
26/04/2022 12:00,171,93,78,36,14,22,35,21,14,28,9,19,,,,61,38,23,,,,58,36,22,,,
26/04/2022 13:00,172,85,87,46,26,20,51,25,26,31,17,14,,,,109,62,47,,,,73,41,32,,,
26/04/2022 14:00,137,64,73,52,23,29,25,15,10,37,24,13,,,,132,69,63,,,,86,42,44,,,
26/04/2022 15:00,142,67,75,35,18,17,23,10,13,31,15,16,,,,93,37,56,,,,123,46,77,,,
26/04/2022 16:00,128,68,60,47,27,20,42,23,19,39,22,17,,,,96,38,58,,,,100,55,45,,,
26/04/2022 17:00,160,83,77,37,18,19,59,36,23,28,15,13,,,,126,69,57,,,,126,75,51,,,
26/04/2022 18:00,205,97,108,84,41,43,55,29,26,22,9,13,,,,148,68,80,,,,67,33,34,,,
26/04/2022 19:00,229,127,102,66,32,34,49,22,27,22,12,10,,,,108,44,64,,,,84,42,42,,,
26/04/2022 20:00,241,119,122,36,12,24,50,25,25,34,15,19,,,,71,31,40,,,,55,23,32,,,
26/04/2022 21:00,128,69,59,23,13,10,26,8,18,17,12,5,,,,23,10,13,,,,21,8,13,,,
26/04/2022 22:00,50,24,26,7,2,5,8,4,4,5,1,4,,,,16,10,6,,,,15,7,8,,,
26/04/2022 23:00,8,4,4,9,0,9,5,3,2,1,0,1,,,,3,1,2,,,,5,3,2,,,
27/04/2022 00:00,0,0,0,0,0,0,1,0,1,1,0,1,,,,1,1,0,,,,3,2,1,,,
27/04/2022 01:00,1,1,0,1,0,1,1,0,1,0,0,0,,,,0,0,0,,,,5,5,0,,,
27/04/2022 02:00,0,0,0,0,0,0,0,0,0,0,0,0,,,,1,1,0,,,,2,2,0,,,
27/04/2022 03:00,1,0,1,1,1,0,0,0,0,0,0,0,,,,0,0,0,,,,1,0,1,,,
27/04/2022 04:00,0,0,0,1,1,0,0,0,0,0,0,0,,,,0,0,0,,,,0,0,0,,,
27/04/2022 05:00,6,3,3,2,1,1,1,1,0,1,1,0,,,,2,2,0,,,,6,2,4,,,
27/04/2022 06:00,53,19,34,8,3,5,17,9,8,6,3,3,,,,14,8,6,,,,20,12,8,,,
27/04/2022 07:00,92,47,45,30,13,17,27,17,10,14,8,6,,,,72,43,29,,,,61,25,36,,,
27/04/2022 08:00,140,64,76,25,14,11,38,18,20,46,18,28,,,,90,48,42,,,,153,113,40,,,
27/04/2022 09:00,157,86,71,34,20,14,35,23,12,27,16,11,,,,71,31,40,,,,40,16,24,,,
27/04/2022 10:00,129,62,67,49,23,26,27,14,13,17,8,9,,,,45,22,23,,,,35,23,12,,,
27/04/2022 11:00,148,82,66,48,16,32,21,9,12,30,11,19,,,,49,28,21,,,,33,17,16,,,
27/04/2022 12:00,152,82,70,38,23,15,36,18,18,36,14,22,,,,70,42,28,,,,41,22,19,,,
27/04/2022 13:00,155,73,82,56,18,38,51,28,23,42,26,16,,,,109,68,41,,,,83,38,45,,,
27/04/2022 14:00,130,69,61,50,16,34,32,18,14,24,17,7,,,,93,47,46,,,,88,33,55,,,
27/04/2022 15:00,137,66,71,28,12,16,34,21,13,26,7,19,,,,79,39,40,,,,113,46,67,,,
27/04/2022 16:00,155,76,79,41,11,30,24,9,15,23,9,14,,,,92,43,49,,,,87,38,49,,,
27/04/2022 17:00,163,76,87,55,41,14,41,26,15,26,13,13,,,,101,46,55,,,,99,54,45,,,
27/04/2022 18:00,212,123,89,93,40,53,55,20,35,37,23,14,,,,126,58,68,,,,73,47,26,,,
27/04/2022 19:00,199,97,102,56,30,26,42,25,17,19,9,10,,,,92,47,45,,,,65,24,41,,,
27/04/2022 20:00,159,93,66,31,13,18,35,10,25,23,12,11,,,,60,23,37,,,,44,19,25,,,
27/04/2022 21:00,81,42,39,23,12,11,29,20,9,8,4,4,,,,27,20,7,,,,24,17,7,,,
27/04/2022 22:00,20,16,4,14,7,7,12,4,8,5,4,1,,,,13,11,2,,,,33,18,15,,,
27/04/2022 23:00,4,3,1,7,4,3,11,7,4,2,0,2,,,,4,3,1,,,,22,15,7,,,
28/04/2022 00:00,1,1,0,0,0,0,0,0,0,4,2,2,,,,1,1,0,,,,5,5,0,,,
28/04/2022 01:00,0,0,0,0,0,0,1,0,1,1,0,1,,,,0,0,0,,,,2,1,1,,,
28/04/2022 02:00,2,2,0,0,0,0,0,0,0,0,0,0,,,,0,0,0,,,,3,3,0,,,
28/04/2022 03:00,0,0,0,0,0,0,0,0,0,0,0,0,,,,1,1,0,,,,0,0,0,,,
28/04/2022 04:00,1,1,0,0,0,0,0,0,0,0,0,0,,,,0,0,0,,,,1,0,1,,,
28/04/2022 05:00,6,2,4,1,1,0,0,0,0,3,0,3,,,,1,1,0,,,,5,1,4,,,
28/04/2022 06:00,37,15,22,13,6,7,12,7,5,11,8,3,,,,20,15,5,,,,20,8,12,,,
28/04/2022 07:00,75,42,33,24,9,15,18,12,6,20,9,11,,,,43,23,20,,,,45,19,26,,,
28/04/2022 08:00,120,62,58,41,23,18,34,10,24,38,21,17,,,,108,63,45,,,,156,108,48,,,
28/04/2022 09:00,111,53,58,32,19,13,20,13,7,17,10,7,,,,54,25,29,,,,43,20,23,,,
28/04/2022 10:00,94,45,49,28,19,9,28,12,16,11,3,8,,,,60,37,23,,,,29,18,11,,,
28/04/2022 11:00,126,64,62,21,9,12,29,16,13,27,11,16,,,,68,31,37,,,,49,19,30,,,
28/04/2022 12:00,104,52,52,30,13,17,20,10,10,25,15,10,,,,53,29,24,,,,52,26,26,,,
28/04/2022 13:00,107,58,49,36,16,20,32,17,15,37,24,13,,,,128,69,59,,,,69,33,36,,,
28/04/2022 14:00,110,41,69,19,7,12,17,10,7,23,9,14,,,,107,49,58,,,,91,28,63,,,
28/04/2022 15:00,173,97,76,22,9,13,31,9,22,31,12,19,,,,89,35,54,,,,109,30,79,,,
28/04/2022 16:00,145,69,76,27,10,17,40,23,17,27,21,6,,,,114,47,67,,,,57,34,23,,,
28/04/2022 17:00,153,75,78,61,41,20,65,44,21,29,15,14,,,,116,51,65,,,,81,55,26,,,
28/04/2022 18:00,184,91,93,52,21,31,42,21,21,20,10,10,,,,160,69,91,,,,78,45,33,,,
28/04/2022 19:00,195,103,92,41,26,15,37,27,10,27,9,18,,,,84,41,43,,,,89,47,42,,,
28/04/2022 20:00,147,76,71,28,15,13,35,20,15,29,9,20,,,,46,15,31,,,,58,26,32,,,
28/04/2022 21:00,94,49,45,13,4,9,16,7,9,13,7,6,,,,25,7,18,,,,28,14,14,,,
28/04/2022 22:00,27,12,15,14,2,12,5,2,3,5,5,0,,,,6,4,2,,,,19,7,12,,,
28/04/2022 23:00,14,8,6,5,1,4,4,4,0,5,2,3,,,,3,2,1,,,,10,6,4,,,
29/04/2022 00:00,2,1,1,0,0,0,6,4,2,0,0,0,,,,0,0,0,,,,9,7,2,,,
29/04/2022 01:00,4,2,2,1,1,0,2,0,2,0,0,0,,,,0,0,0,,,,1,1,0,,,
29/04/2022 02:00,1,0,1,0,0,0,2,1,1,0,0,0,,,,0,0,0,,,,0,0,0,,,
29/04/2022 03:00,0,0,0,0,0,0,0,0,0,0,0,0,,,,0,0,0,,,,1,0,1,,,
29/04/2022 04:00,1,1,0,0,0,0,0,0,0,0,0,0,,,,0,0,0,,,,0,0,0,,,
29/04/2022 05:00,7,4,3,2,1,1,3,2,1,2,2,0,,,,2,2,0,,,,4,2,2,,,
29/04/2022 06:00,42,20,22,13,6,7,8,4,4,7,4,3,,,,19,12,7,,,,25,13,12,,,
29/04/2022 07:00,61,31,30,17,8,9,14,7,7,21,11,10,,,,47,30,17,,,,36,18,18,,,
29/04/2022 08:00,123,56,67,41,16,25,18,10,8,35,16,19,,,,67,42,25,,,,125,88,37,,,
29/04/2022 09:00,120,55,65,40,19,21,28,18,10,23,11,12,,,,56,30,26,,,,50,21,29,,,
29/04/2022 10:00,158,82,76,37,17,20,30,18,12,23,14,9,,,,46,24,22,,,,50,23,27,,,
29/04/2022 11:00,187,96,91,50,25,25,26,16,10,29,11,18,,,,59,31,28,,,,63,25,38,,,
29/04/2022 12:00,165,85,80,49,26,23,33,14,19,35,19,16,,,,58,26,32,,,,49,29,20,,,
29/04/2022 13:00,205,111,94,48,25,23,50,29,21,32,20,12,,,,150,98,52,,,,116,51,65,,,
29/04/2022 14:00,171,100,71,49,32,17,45,28,17,32,14,18,,,,156,73,83,,,,84,40,44,,,
29/04/2022 15:00,187,85,102,31,18,13,65,42,23,30,20,10,,,,100,36,64,,,,84,41,43,,,
29/04/2022 16:00,154,68,86,32,14,18,31,13,18,34,17,17,,,,111,54,57,,,,77,38,39,,,
29/04/2022 17:00,170,81,89,36,24,12,59,33,26,40,17,23,,,,67,26,41,,,,69,40,29,,,
29/04/2022 18:00,171,99,72,58,28,30,34,17,17,26,13,13,,,,99,42,57,,,,65,35,30,,,
29/04/2022 19:00,128,62,66,41,21,20,34,12,22,25,10,15,,,,57,32,25,,,,66,29,37,,,
29/04/2022 20:00,151,71,80,34,15,19,30,15,15,19,12,7,,,,29,11,18,,,,63,31,32,,,
29/04/2022 21:00,115,59,56,19,11,8,27,19,8,7,7,0,,,,30,15,15,,,,29,19,10,,,
29/04/2022 22:00,37,18,19,9,6,3,10,1,9,3,2,1,,,,4,1,3,,,,30,10,20,,,
29/04/2022 23:00,13,11,2,3,0,3,9,7,2,1,1,0,,,,3,1,2,,,,19,13,6,,,
30/04/2022 00:00,0,0,0,0,0,0,1,1,0,2,2,0,,,,5,5,0,,,,6,4,2,,,
30/04/2022 01:00,0,0,0,5,1,4,1,0,1,2,0,2,,,,0,0,0,,,,9,6,3,,,
30/04/2022 02:00,0,0,0,0,0,0,0,0,0,0,0,0,,,,0,0,0,,,,3,2,1,,,
30/04/2022 03:00,2,2,0,0,0,0,0,0,0,0,0,0,,,,9,9,0,,,,5,3,2,,,
30/04/2022 04:00,0,0,0,1,0,1,1,0,1,0,0,0,,,,0,0,0,,,,2,2,0,,,
30/04/2022 05:00,6,1,5,0,0,0,1,1,0,2,0,2,,,,2,1,1,,,,3,3,0,,,
30/04/2022 06:00,22,9,13,2,1,1,1,0,1,2,1,1,,,,3,1,2,,,,6,1,5,,,
30/04/2022 07:00,50,27,23,16,11,5,10,7,3,11,8,3,,,,13,11,2,,,,6,3,3,,,
30/04/2022 08:00,99,51,48,31,20,11,34,22,12,15,7,8,,,,38,24,14,,,,26,12,14,,,
30/04/2022 09:00,149,71,78,41,22,19,30,15,15,27,13,14,,,,33,18,15,,,,24,13,11,,,
30/04/2022 10:00,127,65,62,48,19,29,24,15,9,31,18,13,,,,48,27,21,,,,34,13,21,,,
30/04/2022 11:00,140,74,66,43,26,17,30,21,9,48,19,29,,,,52,29,23,,,,33,16,17,,,
30/04/2022 12:00,162,80,82,41,24,17,37,19,18,36,17,19,,,,58,26,32,,,,33,12,21,,,
30/04/2022 13:00,171,79,92,38,18,20,32,14,18,38,21,17,,,,41,19,22,,,,29,10,19,,,
30/04/2022 14:00,144,79,65,33,20,13,13,9,4,39,20,19,,,,30,16,14,,,,43,24,19,,,
30/04/2022 15:00,208,125,83,41,25,16,30,13,17,31,20,11,,,,49,27,22,,,,49,23,26,,,
30/04/2022 16:00,134,67,67,33,18,15,50,29,21,40,20,20,,,,31,13,18,,,,49,23,26,,,
30/04/2022 17:00,108,66,42,21,8,13,28,12,16,16,8,8,,,,35,20,15,,,,31,16,15,,,
30/04/2022 18:00,71,41,30,15,8,7,24,11,13,26,8,18,,,,13,5,8,,,,30,18,12,,,
30/04/2022 19:00,35,13,22,8,3,5,22,9,13,11,6,5,,,,17,9,8,,,,16,9,7,,,
30/04/2022 20:00,32,16,16,3,0,3,6,6,0,9,2,7,,,,8,5,3,,,,14,6,8,,,
30/04/2022 21:00,19,15,4,8,6,2,19,14,5,11,5,6,,,,4,3,1,,,,30,16,14,,,
30/04/2022 22:00,14,11,3,0,0,0,7,6,1,2,2,0,,,,2,0,2,,,,7,3,4,,,
30/04/2022 23:00,17,13,4,2,0,2,10,8,2,1,0,1,,,,0,0,0,,,,8,7,1,,,
01/05/2022 00:00,1,0,1,0,0,0,9,5,4,5,0,5,,,,4,1,3,,,,7,6,1,,,
01/05/2022 01:00,3,2,1,1,1,0,1,0,1,4,1,3,,,,0,0,0,,,,12,8,4,,,
01/05/2022 02:00,0,0,0,3,1,2,2,2,0,0,0,0,,,,1,1,0,,,,3,2,1,,,
01/05/2022 03:00,1,1,0,1,1,0,3,1,2,1,0,1,,,,0,0,0,,,,2,1,1,,,
01/05/2022 04:00,0,0,0,2,2,0,1,1,0,0,0,0,,,,0,0,0,,,,5,2,3,,,
01/05/2022 05:00,1,1,0,0,0,0,0,0,0,1,0,1,,,,0,0,0,,,,2,1,1,,,
01/05/2022 06:00,10,3,7,1,1,0,0,0,0,2,2,0,,,,3,3,0,,,,4,1,3,,,
01/05/2022 07:00,29,12,17,10,4,6,6,3,3,7,1,6,,,,7,4,3,,,,5,0,5,,,
01/05/2022 08:00,72,34,38,24,11,13,16,9,7,21,18,3,,,,30,17,13,,,,29,17,12,,,
01/05/2022 09:00,155,89,66,41,22,19,26,17,9,23,14,9,,,,52,25,27,,,,23,12,11,,,
01/05/2022 10:00,239,115,124,55,29,26,38,20,18,30,19,11,,,,98,56,42,,,,45,23,22,,,
01/05/2022 11:00,219,133,86,41,24,17,48,20,28,21,9,12,,,,44,21,23,,,,35,18,17,,,
01/05/2022 12:00,90,45,45,27,8,19,22,13,9,32,17,15,,,,31,18,13,,,,24,10,14,,,
01/05/2022 13:00,134,76,58,29,20,9,23,15,8,12,6,6,,,,30,19,11,,,,15,4,11,,,
01/05/2022 14:00,155,73,82,24,15,9,29,10,19,22,7,15,,,,31,12,19,,,,27,13,14,,,
01/05/2022 15:00,262,117,145,30,15,15,47,28,19,32,18,14,,,,65,35,30,,,,30,15,15,,,
01/05/2022 16:00,337,157,180,53,28,25,46,20,26,42,25,17,,,,85,54,31,,,,57,39,18,,,
01/05/2022 17:00,263,141,122,62,34,28,47,23,24,30,16,14,,,,89,48,41,,,,51,23,28,,,
01/05/2022 18:00,169,95,74,27,17,10,45,20,25,27,8,19,,,,58,25,33,,,,44,19,25,,,
01/05/2022 19:00,163,86,77,43,19,24,25,12,13,19,6,13,,,,73,37,36,,,,34,13,21,,,
01/05/2022 20:00,158,91,67,24,10,14,24,13,11,16,7,9,,,,42,19,23,,,,38,18,20,,,
01/05/2022 21:00,125,64,61,15,7,8,19,8,11,14,8,6,,,,16,6,10,,,,14,6,8,,,
01/05/2022 22:00,44,25,19,10,3,7,19,14,5,4,2,2,,,,8,3,5,,,,8,3,5,,,
01/05/2022 23:00,32,19,13,10,2,8,15,3,12,2,1,1,,,,3,3,0,,,,10,6,4,,,
02/05/2022 00:00,3,0,3,1,0,1,4,1,3,3,2,1,,,,1,0,1,,,,15,9,6,,,
02/05/2022 01:00,3,3,0,0,0,0,0,0,0,3,1,2,,,,0,0,0,,,,6,4,2,,,
02/05/2022 02:00,2,0,2,1,0,1,1,0,1,1,0,1,,,,0,0,0,,,,12,10,2,,,
02/05/2022 03:00,0,0,0,0,0,0,0,0,0,0,0,0,,,,0,0,0,,,,4,0,4,,,
02/05/2022 04:00,1,0,1,0,0,0,0,0,0,0,0,0,,,,1,0,1,,,,5,2,3,,,
02/05/2022 05:00,0,0,0,1,0,1,2,1,1,0,0,0,,,,3,2,1,,,,6,4,2,,,
02/05/2022 06:00,12,5,7,3,1,2,2,1,1,5,2,3,,,,7,6,1,,,,13,6,7,,,
02/05/2022 07:00,40,18,22,10,6,4,8,3,5,7,3,4,,,,14,11,3,,,,14,7,7,,,
02/05/2022 08:00,85,41,44,12,4,8,28,19,9,9,9,0,,,,30,20,10,,,,23,14,9,,,
02/05/2022 09:00,132,53,79,40,19,21,34,20,14,27,10,17,,,,52,36,16,,,,29,13,16,,,
02/05/2022 10:00,258,133,125,57,31,26,64,29,35,49,24,25,,,,115,57,58,,,,38,19,19,,,
02/05/2022 11:00,362,187,175,75,37,38,52,26,26,64,24,40,,,,117,66,51,,,,54,29,25,,,
02/05/2022 12:00,442,227,215,95,51,44,59,26,33,61,34,27,,,,130,71,59,,,,59,28,31,,,
02/05/2022 13:00,453,226,227,95,37,58,73,49,24,58,29,29,,,,131,71,60,,,,74,35,39,,,
02/05/2022 14:00,539,232,307,54,34,20,56,23,33,33,19,14,,,,135,85,50,,,,60,27,33,,,
02/05/2022 15:00,645,351,294,73,36,37,71,33,38,79,33,46,,,,120,64,56,,,,77,40,37,,,
02/05/2022 16:00,551,286,265,60,31,29,59,22,37,47,26,21,,,,99,57,42,,,,70,38,32,,,
02/05/2022 17:00,386,207,179,49,22,27,39,17,22,43,25,18,,,,84,36,48,,,,44,21,23,,,
02/05/2022 18:00,229,107,122,26,14,12,32,13,19,42,23,19,,,,70,35,35,,,,45,24,21,,,
02/05/2022 19:00,160,86,74,29,15,14,31,15,16,27,13,14,,,,52,30,22,,,,46,26,20,,,
02/05/2022 20:00,108,57,51,18,6,12,17,5,12,16,8,8,,,,33,18,15,,,,33,22,11,,,
02/05/2022 21:00,102,48,54,28,13,15,20,4,16,11,5,6,,,,16,6,10,,,,23,15,8,,,
02/05/2022 22:00,32,21,11,11,3,8,8,1,7,6,5,1,,,,7,4,3,,,,18,14,4,,,
02/05/2022 23:00,5,3,2,0,0,0,4,2,2,0,0,0,,,,2,0,2,,,,6,2,4,,,
03/05/2022 00:00,0,0,0,0,0,0,8,4,4,0,0,0,,,,0,0,0,,,,7,6,1,,,
03/05/2022 01:00,0,0,0,3,2,1,0,0,0,0,0,0,,,,2,0,2,,,,6,1,5,,,
03/05/2022 02:00,0,0,0,0,0,0,0,0,0,0,0,0,,,,0,0,0,,,,0,0,0,,,
03/05/2022 03:00,0,0,0,1,0,1,0,0,0,0,0,0,,,,0,0,0,,,,1,1,0,,,
03/05/2022 04:00,0,0,0,1,1,0,0,0,0,0,0,0,,,,1,1,0,,,,3,2,1,,,
03/05/2022 05:00,7,2,5,0,0,0,0,0,0,1,1,0,,,,2,2,0,,,,7,4,3,,,
03/05/2022 06:00,36,15,21,8,3,5,9,7,2,6,3,3,,,,13,9,4,,,,17,10,7,,,
03/05/2022 07:00,68,30,38,20,7,13,8,3,5,27,16,11,,,,39,19,20,,,,39,17,22,,,
03/05/2022 08:00,121,66,55,27,9,18,22,15,7,32,16,16,,,,85,47,38,,,,123,76,47,,,
03/05/2022 09:00,125,49,76,37,19,18,30,15,15,18,12,6,,,,63,29,34,,,,45,19,26,,,
03/05/2022 10:00,159,95,64,35,18,17,26,11,15,30,13,17,,,,53,35,18,,,,45,27,18,,,
03/05/2022 11:00,190,99,91,42,22,20,26,17,9,29,16,13,,,,92,61,31,,,,43,18,25,,,
03/05/2022 12:00,148,81,67,37,23,14,29,14,15,26,12,14,,,,83,49,34,,,,47,27,20,,,
03/05/2022 13:00,157,78,79,39,16,23,47,27,20,49,25,24,,,,108,63,45,,,,49,23,26,,,
03/05/2022 14:00,154,70,84,26,14,12,21,11,10,24,16,8,,,,125,73,52,,,,92,51,41,,,
03/05/2022 15:00,149,68,81,27,11,16,30,15,15,30,15,15,,,,118,46,72,,,,98,22,76,,,
03/05/2022 16:00,155,79,76,34,16,18,28,19,9,29,12,17,,,,73,38,35,,,,78,28,50,,,
03/05/2022 17:00,134,65,69,42,19,23,57,38,19,26,12,14,,,,94,43,51,,,,87,44,43,,,
03/05/2022 18:00,146,80,66,55,26,29,64,39,25,18,7,11,,,,95,53,42,,,,65,39,26,,,
03/05/2022 19:00,169,90,79,46,17,29,41,15,26,23,10,13,,,,97,51,46,,,,64,29,35,,,
03/05/2022 20:00,193,113,80,43,20,23,31,16,15,29,14,15,,,,59,25,34,,,,40,18,22,,,
03/05/2022 21:00,96,56,40,25,15,10,17,8,9,14,4,10,,,,31,12,19,,,,34,12,22,,,
03/05/2022 22:00,42,23,19,8,4,4,11,5,6,3,2,1,,,,9,3,6,,,,23,10,13,,,
03/05/2022 23:00,9,7,2,5,2,3,2,0,2,5,1,4,,,,0,0,0,,,,6,5,1,,,
04/05/2022 00:00,0,0,0,1,0,1,2,0,2,0,0,0,,,,2,0,2,,,,11,8,3,,,
04/05/2022 01:00,0,0,0,0,0,0,0,0,0,0,0,0,,,,0,0,0,,,,0,0,0,,,
04/05/2022 02:00,0,0,0,1,1,0,0,0,0,0,0,0,,,,0,0,0,,,,0,0,0,,,
04/05/2022 03:00,0,0,0,0,0,0,0,0,0,0,0,0,,,,0,0,0,,,,0,0,0,,,
04/05/2022 04:00,3,2,1,0,0,0,0,0,0,0,0,0,,,,1,1,0,,,,1,1,0,,,
04/05/2022 05:00,4,1,3,5,4,1,0,0,0,2,1,1,,,,8,6,2,,,,4,1,3,,,
04/05/2022 06:00,55,27,28,13,5,8,9,4,5,9,4,5,,,,17,8,9,,,,15,4,11,,,
04/05/2022 07:00,78,36,42,32,13,19,20,8,12,26,12,14,,,,44,26,18,,,,55,30,25,,,
04/05/2022 08:00,108,57,51,35,16,19,37,22,15,38,17,21,,,,100,46,54,,,,142,97,45,,,
04/05/2022 09:00,117,60,57,36,23,13,19,9,10,18,11,7,,,,56,28,28,,,,44,17,27,,,
04/05/2022 10:00,135,74,61,31,17,14,17,11,6,25,12,13,,,,42,24,18,,,,37,19,18,,,
04/05/2022 11:00,132,57,75,29,12,17,19,8,11,15,11,4,,,,51,32,19,,,,47,27,20,,,
04/05/2022 12:00,165,90,75,55,35,20,38,19,19,28,18,10,,,,77,42,35,,,,48,27,21,,,
04/05/2022 13:00,203,128,75,78,41,37,55,29,26,34,19,15,,,,153,94,59,,,,76,27,49,,,
04/05/2022 14:00,149,80,69,33,14,19,18,6,12,34,10,24,,,,130,54,76,,,,93,33,60,,,
04/05/2022 15:00,152,82,70,58,30,28,43,25,18,27,11,16,,,,71,44,27,,,,103,17,86,,,
04/05/2022 16:00,150,75,75,44,25,19,38,18,20,21,12,9,,,,92,37,55,,,,99,45,54,,,
04/05/2022 17:00,215,92,123,50,34,16,64,39,25,40,18,22,,,,102,68,34,,,,99,47,52,,,
04/05/2022 18:00,243,127,116,71,40,31,44,28,16,33,18,15,,,,118,76,42,,,,89,52,37,,,
04/05/2022 19:00,262,142,120,58,36,22,38,21,17,21,10,11,,,,118,65,53,,,,56,23,33,,,
04/05/2022 20:00,249,130,119,42,22,20,40,13,27,21,11,10,,,,72,33,39,,,,58,22,36,,,
04/05/2022 21:00,142,79,63,47,23,24,31,17,14,14,5,9,,,,21,5,16,,,,29,15,14,,,
04/05/2022 22:00,40,26,14,13,5,8,18,7,11,6,4,2,,,,8,3,5,,,,10,2,8,,,
04/05/2022 23:00,12,8,4,1,0,1,3,2,1,1,1,0,,,,1,1,0,,,,10,7,3,,,
05/05/2022 00:00,0,0,0,0,0,0,2,2,0,0,0,0,,,,0,0,0,,,,12,10,2,,,
05/05/2022 01:00,0,0,0,0,0,0,0,0,0,0,0,0,,,,0,0,0,,,,0,0,0,,,
05/05/2022 02:00,0,0,0,0,0,0,0,0,0,0,0,0,,,,0,0,0,,,,2,2,0,,,
05/05/2022 03:00,1,1,0,1,0,1,0,0,0,0,0,0,,,,0,0,0,,,,1,1,0,,,
05/05/2022 04:00,2,0,2,0,0,0,0,0,0,1,0,1,,,,0,0,0,,,,1,1,0,,,
05/05/2022 05:00,10,3,7,0,0,0,1,1,0,1,1,0,,,,3,3,0,,,,5,1,4,,,
05/05/2022 06:00,51,25,26,14,7,7,14,7,7,11,5,6,,,,15,7,8,,,,11,6,5,,,
05/05/2022 07:00,62,29,33,17,3,14,11,5,6,27,12,15,,,,34,18,16,,,,50,25,25,,,
05/05/2022 08:00,112,53,59,45,21,24,30,18,12,27,11,16,,,,98,61,37,,,,149,107,42,,,
05/05/2022 09:00,101,56,45,35,24,11,34,20,14,27,15,12,,,,63,35,28,,,,46,20,26,,,
05/05/2022 10:00,126,62,64,39,11,28,29,17,12,29,21,8,,,,46,24,22,,,,44,24,20,,,
05/05/2022 11:00,148,72,76,29,12,17,23,12,11,47,17,30,,,,51,30,21,,,,42,16,26,,,
05/05/2022 12:00,228,120,108,42,24,18,18,10,8,28,8,20,,,,78,45,33,,,,61,31,30,,,
05/05/2022 13:00,201,111,90,40,26,14,55,21,34,43,26,17,,,,104,69,35,,,,59,24,35,,,
05/05/2022 14:00,156,66,90,26,13,13,47,26,21,27,12,15,,,,115,59,56,,,,73,24,49,,,
05/05/2022 15:00,114,57,57,17,13,4,26,10,16,20,13,7,,,,105,55,50,,,,96,34,62,,,
05/05/2022 16:00,139,80,59,40,18,22,33,18,15,34,19,15,,,,69,33,36,,,,85,35,50,,,
05/05/2022 17:00,129,70,59,49,35,14,56,35,21,19,12,7,,,,67,26,41,,,,85,37,48,,,
05/05/2022 18:00,137,69,68,50,27,23,48,25,23,28,7,21,,,,99,54,45,,,,90,41,49,,,
05/05/2022 19:00,193,100,93,36,18,18,40,21,19,22,11,11,,,,93,48,45,,,,64,32,32,,,
05/05/2022 20:00,173,83,90,36,15,21,25,12,13,21,13,8,,,,38,15,23,,,,44,19,25,,,
05/05/2022 21:00,123,74,49,34,20,14,22,11,11,15,8,7,,,,36,17,19,,,,39,13,26,,,
05/05/2022 22:00,52,30,22,9,6,3,14,3,11,8,1,7,,,,12,7,5,,,,17,9,8,,,
05/05/2022 23:00,11,6,5,5,3,2,6,4,2,3,0,3,,,,2,2,0,,,,9,6,3,,,
06/05/2022 00:00,0,0,0,0,0,0,5,3,2,2,1,1,,,,3,0,3,,,,11,8,3,,,
06/05/2022 01:00,1,1,0,0,0,0,1,0,1,0,0,0,,,,0,0,0,,,,2,2,0,,,
06/05/2022 02:00,1,1,0,1,0,1,0,0,0,0,0,0,,,,0,0,0,,,,1,0,1,,,
06/05/2022 03:00,0,0,0,0,0,0,0,0,0,0,0,0,,,,1,1,0,,,,2,1,1,,,
06/05/2022 04:00,0,0,0,1,1,0,0,0,0,0,0,0,,,,0,0,0,,,,0,0,0,,,
06/05/2022 05:00,139,13,126,3,2,1,3,2,1,0,0,0,,,,2,2,0,,,,7,3,4,,,
06/05/2022 06:00,170,140,30,12,4,8,14,6,8,9,5,4,,,,17,8,9,,,,18,8,10,,,
06/05/2022 07:00,80,40,40,30,17,13,24,11,13,20,7,13,,,,47,25,22,,,,44,20,24,,,
06/05/2022 08:00,120,59,61,41,14,27,31,15,16,36,16,20,,,,73,39,34,,,,134,100,34,,,
06/05/2022 09:00,130,61,69,33,17,16,34,13,21,35,15,20,,,,70,45,25,,,,50,25,25,,,
06/05/2022 10:00,143,69,74,46,19,27,27,17,10,24,10,14,,,,63,45,18,,,,46,15,31,,,
06/05/2022 11:00,111,70,41,26,13,13,31,13,18,18,4,14,,,,46,27,19,,,,47,18,29,,,
06/05/2022 12:00,77,36,41,23,14,9,11,3,8,22,9,13,,,,94,47,47,,,,58,22,36,,,
06/05/2022 13:00,102,53,49,23,14,9,21,10,11,35,16,19,,,,74,42,32,,,,110,24,86,,,
06/05/2022 14:00,87,59,28,13,5,8,13,8,5,17,9,8,,,,1,0,1,,,,83,38,45,,,
06/05/2022 15:00,24,10,14,13,6,7,12,9,3,11,6,5,,,,14,7,7,,,,31,8,23,,,
06/05/2022 16:00,42,14,28,9,9,0,14,9,5,16,11,5,,,,9,4,5,,,,50,17,33,,,
06/05/2022 17:00,103,60,43,28,20,8,35,22,13,26,11,15,,,,39,12,27,,,,91,48,43,,,
06/05/2022 18:00,157,81,76,37,23,14,36,17,19,30,13,17,,,,0,0,0,,,,51,27,24,,,
06/05/2022 19:00,124,64,60,34,18,16,43,21,22,22,9,13,,,,0,0,0,,,,53,28,25,,,
06/05/2022 20:00,189,95,94,27,10,17,58,26,32,15,8,7,,,,0,0,0,,,,40,17,23,,,
06/05/2022 21:00,132,62,70,19,16,3,23,11,12,14,7,7,,,,0,0,0,,,,30,14,16,,,
06/05/2022 22:00,34,20,14,16,5,11,20,12,8,5,4,1,,,,0,0,0,,,,26,12,14,,,
06/05/2022 23:00,14,9,5,7,2,5,13,6,7,1,1,0,,,,0,0,0,,,,9,7,2,,,
07/05/2022 00:00,0,0,0,4,0,4,2,1,1,3,1,2,,,,0,0,0,,,,4,4,0,,,
07/05/2022 01:00,4,2,2,1,0,1,2,1,1,0,0,0,,,,0,0,0,,,,3,2,1,,,
07/05/2022 02:00,0,0,0,0,0,0,0,0,0,0,0,0,,,,0,0,0,,,,2,2,0,,,
07/05/2022 03:00,0,0,0,1,1,0,2,2,0,1,0,1,,,,0,0,0,,,,5,3,2,,,
07/05/2022 04:00,48,21,27,10,9,1,15,13,2,0,0,0,,,,0,0,0,,,,5,5,0,,,
07/05/2022 05:00,168,92,76,26,22,4,20,12,8,0,0,0,,,,0,0,0,,,,11,1,10,,,
07/05/2022 06:00,113,57,56,26,13,13,14,4,10,7,5,2,,,,0,0,0,,,,10,5,5,,,
07/05/2022 07:00,75,40,35,15,9,6,37,21,16,11,7,4,,,,0,0,0,,,,14,6,8,,,
07/05/2022 08:00,103,47,56,45,23,22,35,18,17,14,7,7,,,,0,0,0,,,,22,12,10,,,
07/05/2022 09:00,147,70,77,51,31,20,31,22,9,23,14,9,,,,0,0,0,,,,35,13,22,,,
07/05/2022 10:00,232,125,107,69,33,36,45,24,21,50,25,25,,,,0,0,0,,,,44,23,21,,,
07/05/2022 11:00,263,142,121,94,40,54,67,41,26,49,22,27,,,,0,0,0,,,,70,37,33,,,
07/05/2022 12:00,234,115,119,66,34,32,62,27,35,48,28,20,,,,0,0,0,,,,58,21,37,,,
07/05/2022 13:00,209,107,102,50,25,25,47,25,22,51,17,34,,,,0,0,0,,,,55,17,38,,,
07/05/2022 14:00,287,156,131,52,27,25,61,31,30,42,21,21,,,,0,0,0,,,,50,34,16,,,
07/05/2022 15:00,354,206,148,40,15,25,52,27,25,46,23,23,,,,0,0,0,,,,52,31,21,,,
07/05/2022 16:00,408,214,194,64,34,30,60,35,25,30,13,17,,,,0,0,0,,,,67,26,41,,,
07/05/2022 17:00,319,165,154,50,26,24,69,36,33,52,33,19,,,,0,0,0,,,,53,24,29,,,
07/05/2022 18:00,238,110,128,42,21,21,61,29,32,31,17,14,,,,0,0,0,,,,54,30,24,,,
07/05/2022 19:00,179,85,94,36,19,17,35,13,22,16,11,5,,,,0,0,0,,,,45,29,16,,,
07/05/2022 20:00,178,82,96,25,9,16,44,19,25,23,13,10,,,,0,0,0,,,,45,20,25,,,
07/05/2022 21:00,79,38,41,20,8,12,17,5,12,12,3,9,,,,0,0,0,,,,19,11,8,,,
07/05/2022 22:00,44,24,20,14,6,8,12,7,5,4,2,2,,,,0,0,0,,,,31,11,20,,,
07/05/2022 23:00,21,13,8,1,0,1,18,11,7,5,4,1,,,,0,0,0,,,,17,9,8,,,
08/05/2022 00:00,1,1,0,0,0,0,3,1,2,2,0,2,,,,0,0,0,,,,6,1,5,,,
08/05/2022 01:00,3,2,1,3,0,3,3,0,3,2,1,1,,,,0,0,0,,,,9,9,0,,,
08/05/2022 02:00,1,0,1,4,2,2,5,2,3,0,0,0,,,,0,0,0,,,,5,3,2,,,
08/05/2022 03:00,3,3,0,0,0,0,2,1,1,0,0,0,,,,0,0,0,,,,2,1,1,,,
08/05/2022 04:00,0,0,0,1,1,0,0,0,0,0,0,0,,,,0,0,0,,,,3,2,1,,,
08/05/2022 05:00,1,1,0,0,0,0,0,0,0,0,0,0,,,,0,0,0,,,,2,2,0,,,
08/05/2022 06:00,15,5,10,4,2,2,6,4,2,2,1,1,,,,0,0,0,,,,4,3,1,,,
08/05/2022 07:00,48,14,34,18,8,10,14,9,5,9,4,5,,,,0,0,0,,,,14,7,7,,,
08/05/2022 08:00,90,46,44,27,16,11,26,19,7,15,8,7,,,,0,0,0,,,,37,22,15,,,
08/05/2022 09:00,253,132,121,46,37,9,37,26,11,16,10,6,,,,0,0,0,,,,44,22,22,,,
08/05/2022 10:00,409,220,189,78,46,32,67,40,27,34,11,23,,,,0,0,0,,,,55,34,21,,,
08/05/2022 11:00,608,325,283,104,73,31,85,61,24,49,21,28,,,,0,0,0,,,,58,38,20,,,
08/05/2022 12:00,765,436,329,143,76,67,105,72,33,42,22,20,,,,0,0,0,,,,80,36,44,,,
08/05/2022 13:00,743,382,361,160,99,61,110,78,32,65,42,23,,,,0,0,0,,,,55,29,26,,,
08/05/2022 14:00,932,503,429,153,73,80,117,66,51,59,30,29,,,,0,0,0,,,,57,31,26,,,
08/05/2022 15:00,875,440,435,155,66,89,136,59,77,53,26,27,,,,0,0,0,,,,61,34,27,,,
08/05/2022 16:00,737,376,361,165,67,98,136,68,68,56,23,33,,,,0,0,0,,,,71,32,39,,,
08/05/2022 17:00,608,301,307,134,50,84,107,45,62,30,15,15,,,,0,0,0,,,,55,29,26,,,
08/05/2022 18:00,489,222,267,99,43,56,59,29,30,24,6,18,,,,0,0,0,,,,73,32,41,,,
08/05/2022 19:00,310,151,159,85,39,46,54,25,29,29,11,18,,,,0,0,0,,,,38,16,22,,,
08/05/2022 20:00,153,89,64,68,11,57,28,13,15,14,7,7,,,,29,11,18,,,,37,18,19,,,
08/05/2022 21:00,78,28,50,19,9,10,20,11,9,10,5,5,,,,0,0,0,,,,22,11,11,,,
08/05/2022 22:00,37,25,12,4,3,1,8,6,2,4,3,1,,,,0,0,0,,,,9,6,3,,,
08/05/2022 23:00,15,11,4,6,2,4,5,0,5,0,0,0,,,,0,0,0,,,,15,7,8,,,
09/05/2022 00:00,2,0,2,0,0,0,1,0,1,1,0,1,,,,0,0,0,,,,5,5,0,,,
09/05/2022 01:00,1,1,0,1,0,1,0,0,0,0,0,0,,,,0,0,0,,,,1,0,1,,,
09/05/2022 02:00,0,0,0,0,0,0,0,0,0,0,0,0,,,,0,0,0,,,,1,0,1,,,
09/05/2022 03:00,0,0,0,0,0,0,1,0,1,0,0,0,,,,0,0,0,,,,2,2,0,,,
09/05/2022 04:00,0,0,0,0,0,0,0,0,0,0,0,0,,,,0,0,0,,,,0,0,0,,,
09/05/2022 05:00,6,0,6,5,2,3,0,0,0,4,2,2,,,,0,0,0,,,,6,3,3,,,
09/05/2022 06:00,43,18,25,12,5,7,11,7,4,10,4,6,,,,0,0,0,,,,14,5,9,,,
09/05/2022 07:00,54,28,26,21,11,10,13,6,7,22,8,14,,,,0,0,0,,,,33,15,18,,,
09/05/2022 08:00,73,40,33,50,12,38,21,14,7,29,10,19,,,,0,0,0,,,,129,93,36,,,
09/05/2022 09:00,93,47,46,29,14,15,20,11,9,27,17,10,,,,0,0,0,,,,42,19,23,,,
09/05/2022 10:00,132,63,69,29,13,16,28,15,13,20,8,12,,,,0,0,0,,,,22,13,9,,,
09/05/2022 11:00,109,57,52,43,18,25,15,7,8,28,11,17,,,,0,0,0,,,,25,14,11,,,
09/05/2022 12:00,92,53,39,24,13,11,28,11,17,34,15,19,,,,0,0,0,,,,24,14,10,,,
09/05/2022 13:00,110,55,55,29,18,11,24,12,12,27,15,12,,,,0,0,0,,,,46,19,27,,,
09/05/2022 14:00,98,35,63,17,9,8,15,9,6,18,8,10,,,,0,0,0,,,,68,29,39,,,
09/05/2022 15:00,66,46,20,14,6,8,15,8,7,17,11,6,,,,0,0,0,,,,67,13,54,,,
09/05/2022 16:00,70,36,34,19,12,7,22,14,8,24,10,14,,,,0,0,0,,,,54,22,32,,,
09/05/2022 17:00,75,37,38,34,19,15,36,20,16,35,17,18,,,,0,0,0,,,,45,19,26,,,
09/05/2022 18:00,128,67,61,46,21,25,33,12,21,27,19,8,,,,0,0,0,,,,77,44,33,,,
09/05/2022 19:00,146,69,77,41,23,18,47,27,20,28,17,11,,,,0,0,0,,,,43,20,23,,,
09/05/2022 20:00,146,66,80,42,23,19,33,14,19,22,12,10,,,,0,0,0,,,,56,33,23,,,
09/05/2022 21:00,96,68,28,21,8,13,16,9,7,7,4,3,,,,0,0,0,,,,21,9,12,,,
09/05/2022 22:00,19,13,6,11,6,5,3,2,1,5,2,3,,,,0,0,0,,,,14,8,6,,,
09/05/2022 23:00,8,3,5,6,5,1,5,1,4,0,0,0,,,,0,0,0,,,,5,3,2,,,
10/05/2022 00:00,0,0,0,1,0,1,7,6,1,1,0,1,,,,0,0,0,,,,3,3,0,,,
10/05/2022 01:00,4,2,2,0,0,0,0,0,0,0,0,0,,,,0,0,0,,,,0,0,0,,,
10/05/2022 02:00,0,0,0,0,0,0,1,1,0,0,0,0,,,,0,0,0,,,,0,0,0,,,
10/05/2022 03:00,0,0,0,0,0,0,0,0,0,0,0,0,,,,0,0,0,,,,2,0,2,,,
10/05/2022 04:00,0,0,0,0,0,0,0,0,0,0,0,0,,,,0,0,0,,,,1,1,0,,,
10/05/2022 05:00,13,5,8,2,0,2,0,0,0,0,0,0,,,,0,0,0,,,,6,3,3,,,
10/05/2022 06:00,60,29,31,11,5,6,15,8,7,11,4,7,,,,0,0,0,,,,24,11,13,,,
10/05/2022 07:00,108,56,52,29,11,18,14,6,8,23,11,12,,,,0,0,0,,,,40,22,18,,,
10/05/2022 08:00,130,61,69,50,24,26,34,18,16,44,22,22,,,,0,0,0,,,,134,91,43,,,
10/05/2022 09:00,116,66,50,45,25,20,27,18,9,25,10,15,,,,0,0,0,,,,62,30,32,,,
10/05/2022 10:00,132,68,64,27,12,15,27,11,16,41,22,19,,,,0,0,0,,,,39,19,20,,,
10/05/2022 11:00,158,78,80,42,19,23,28,17,11,37,22,15,,,,0,0,0,,,,48,22,26,,,
10/05/2022 12:00,183,98,85,55,31,24,34,18,16,26,13,13,,,,0,0,0,,,,54,28,26,,,
10/05/2022 13:00,193,101,92,68,33,35,88,48,40,37,23,14,,,,0,0,0,,,,53,21,32,,,
10/05/2022 14:00,155,66,89,35,11,24,33,14,19,32,10,22,,,,0,0,0,,,,93,47,46,,,
10/05/2022 15:00,165,98,67,38,26,12,25,13,12,26,12,14,,,,0,0,0,,,,111,28,83,,,
10/05/2022 16:00,188,108,80,31,17,14,27,13,14,34,19,15,,,,0,0,0,,,,79,33,46,,,
10/05/2022 17:00,186,93,93,69,40,29,65,37,28,40,22,18,,,,0,0,0,,,,121,59,62,,,
10/05/2022 18:00,215,115,100,58,44,14,50,26,24,45,22,23,,,,0,0,0,,,,93,34,59,,,
10/05/2022 19:00,224,105,119,60,33,27,44,20,24,29,17,12,,,,0,0,0,,,,68,34,34,,,
10/05/2022 20:00,175,105,70,53,26,27,40,21,19,24,8,16,,,,0,0,0,,,,65,22,43,,,
10/05/2022 21:00,103,52,51,33,12,21,19,12,7,16,9,7,,,,0,0,0,,,,29,8,21,,,
10/05/2022 22:00,44,33,11,9,5,4,12,4,8,9,4,5,,,,0,0,0,,,,20,14,6,,,
10/05/2022 23:00,15,10,5,7,2,5,4,2,2,1,1,0,,,,0,0,0,,,,7,5,2,,,
11/05/2022 00:00,0,0,0,1,0,1,5,2,3,3,0,3,,,,0,0,0,,,,7,6,1,,,
11/05/2022 01:00,0,0,0,1,0,1,3,3,0,0,0,0,,,,0,0,0,,,,0,0,0,,,
11/05/2022 02:00,2,1,1,2,2,0,1,0,1,0,0,0,,,,0,0,0,,,,1,1,0,,,
11/05/2022 03:00,0,0,0,0,0,0,0,0,0,0,0,0,,,,0,0,0,,,,0,0,0,,,
11/05/2022 04:00,3,0,3,1,0,1,3,0,3,0,0,0,,,,0,0,0,,,,0,0,0,,,
11/05/2022 05:00,7,3,4,2,0,2,0,0,0,0,0,0,,,,0,0,0,,,,4,2,2,,,
11/05/2022 06:00,50,21,29,17,9,8,10,7,3,5,2,3,,,,0,0,0,,,,17,8,9,,,
11/05/2022 07:00,86,42,44,24,8,16,12,4,8,25,12,13,,,,0,0,0,,,,51,27,24,,,
11/05/2022 08:00,121,56,65,49,24,25,24,12,12,37,19,18,,,,0,0,0,,,,152,101,51,,,
11/05/2022 09:00,144,75,69,32,20,12,28,18,10,22,8,14,,,,0,0,0,,,,56,28,28,,,
11/05/2022 10:00,105,62,43,38,23,15,38,26,12,28,17,11,,,,0,0,0,,,,43,22,21,,,
11/05/2022 11:00,155,79,76,48,26,22,26,13,13,36,24,12,,,,0,0,0,,,,34,19,15,,,
11/05/2022 12:00,189,90,99,54,21,33,37,24,13,42,24,18,,,,0,0,0,,,,57,31,26,,,
11/05/2022 13:00,155,79,76,37,27,10,60,38,22,43,18,25,,,,0,0,0,,,,72,30,42,,,
11/05/2022 14:00,186,77,109,43,20,23,29,11,18,26,15,11,,,,0,0,0,,,,79,27,52,,,
11/05/2022 15:00,154,66,88,47,23,24,22,13,9,34,18,16,,,,0,0,0,,,,127,44,83,,,
11/05/2022 16:00,139,81,58,28,15,13,28,20,8,38,20,18,,,,0,0,0,,,,92,42,50,,,
11/05/2022 17:00,124,60,64,39,17,22,36,25,11,27,15,12,,,,0,0,0,,,,64,37,27,,,
11/05/2022 18:00,123,60,63,37,24,13,40,24,16,26,15,11,,,,0,0,0,,,,58,34,24,,,
11/05/2022 19:00,185,89,96,51,32,19,50,25,25,23,11,12,,,,0,0,0,,,,72,27,45,,,
11/05/2022 20:00,191,105,86,35,12,23,27,16,11,19,8,11,,,,0,0,0,,,,42,26,16,,,
11/05/2022 21:00,160,89,71,21,10,11,16,6,10,19,9,10,,,,0,0,0,,,,37,14,23,,,
11/05/2022 22:00,35,16,19,11,6,5,8,3,5,9,4,5,,,,0,0,0,,,,19,6,13,,,
11/05/2022 23:00,10,8,2,3,0,3,5,3,2,1,1,0,,,,0,0,0,,,,5,2,3,,,
12/05/2022 00:00,1,0,1,0,0,0,7,2,5,0,0,0,,,,0,0,0,,,,4,4,0,,,
12/05/2022 01:00,3,2,1,1,0,1,1,1,0,0,0,0,,,,0,0,0,,,,1,1,0,,,
12/05/2022 02:00,1,1,0,0,0,0,0,0,0,0,0,0,,,,0,0,0,,,,0,0,0,,,
12/05/2022 03:00,0,0,0,0,0,0,1,0,1,0,0,0,,,,0,0,0,,,,1,1,0,,,
12/05/2022 04:00,0,0,0,0,0,0,0,0,0,0,0,0,,,,0,0,0,,,,0,0,0,,,
12/05/2022 05:00,9,1,8,1,0,1,0,0,0,0,0,0,,,,0,0,0,,,,1,0,1,,,
12/05/2022 06:00,46,22,24,13,6,7,15,7,8,4,2,2,,,,0,0,0,,,,19,8,11,,,
12/05/2022 07:00,78,43,35,29,12,17,16,6,10,22,8,14,,,,0,0,0,,,,41,19,22,,,
12/05/2022 08:00,122,57,65,46,25,21,29,18,11,43,20,23,,,,0,0,0,,,,170,112,58,,,
12/05/2022 09:00,150,80,70,47,31,16,27,16,11,25,13,12,,,,0,0,0,,,,64,36,28,,,
12/05/2022 10:00,98,46,52,41,20,21,28,17,11,31,20,11,,,,0,0,0,,,,50,17,33,,,
12/05/2022 11:00,130,68,62,39,17,22,31,14,17,25,10,15,,,,0,0,0,,,,48,17,31,,,
12/05/2022 12:00,150,78,72,46,23,23,31,12,19,36,14,22,,,,0,0,0,,,,55,26,29,,,
12/05/2022 13:00,130,64,66,44,34,10,35,20,15,26,11,15,,,,0,0,0,,,,69,26,43,,,
12/05/2022 14:00,109,51,58,24,11,13,26,14,12,17,9,8,,,,0,0,0,,,,126,30,96,,,
12/05/2022 15:00,107,57,50,23,14,9,27,12,15,13,6,7,,,,0,0,0,,,,87,27,60,,,
12/05/2022 16:00,110,62,48,33,18,15,14,9,5,31,21,10,,,,0,0,0,,,,52,18,34,,,
12/05/2022 17:00,109,56,53,33,22,11,52,31,21,25,14,11,,,,0,0,0,,,,69,37,32,,,
12/05/2022 18:00,127,63,64,45,27,18,38,17,21,12,6,6,,,,0,0,0,,,,67,39,28,,,
12/05/2022 19:00,128,69,59,39,22,17,37,23,14,29,16,13,,,,0,0,0,,,,92,31,61,,,
12/05/2022 20:00,104,62,42,42,27,15,14,6,8,15,11,4,,,,0,0,0,,,,38,13,25,,,
12/05/2022 21:00,64,32,32,12,4,8,13,9,4,14,10,4,,,,0,0,0,,,,25,12,13,,,
12/05/2022 22:00,26,15,11,9,2,7,6,1,5,4,3,1,,,,0,0,0,,,,14,8,6,,,
12/05/2022 23:00,8,5,3,4,0,4,4,2,2,3,0,3,,,,0,0,0,,,,14,9,5,,,
13/05/2022 00:00,0,0,0,0,0,0,0,0,0,2,1,1,,,,0,0,0,,,,9,7,2,,,
13/05/2022 01:00,3,3,0,3,1,2,0,0,0,0,0,0,,,,0,0,0,,,,2,2,0,,,
13/05/2022 02:00,0,0,0,0,0,0,0,0,0,0,0,0,,,,0,0,0,,,,0,0,0,,,
13/05/2022 03:00,0,0,0,0,0,0,0,0,0,0,0,0,,,,0,0,0,,,,2,2,0,,,
13/05/2022 04:00,0,0,0,0,0,0,0,0,0,0,0,0,,,,0,0,0,,,,3,2,1,,,
13/05/2022 05:00,10,2,8,1,0,1,0,0,0,0,0,0,,,,0,0,0,,,,4,0,4,,,
13/05/2022 06:00,39,21,18,12,6,6,10,8,2,9,6,3,,,,0,0,0,,,,21,12,9,,,
13/05/2022 07:00,56,31,25,25,12,13,14,6,8,20,8,12,,,,0,0,0,,,,40,16,24,,,
13/05/2022 08:00,106,53,53,26,7,19,26,15,11,42,24,18,,,,0,0,0,,,,129,90,39,,,
13/05/2022 09:00,109,50,59,33,22,11,25,15,10,30,17,13,,,,0,0,0,,,,49,23,26,,,
13/05/2022 10:00,140,70,70,27,16,11,29,13,16,23,12,11,,,,0,0,0,,,,31,13,18,,,
13/05/2022 11:00,166,82,84,33,18,15,23,12,11,30,13,17,,,,0,0,0,,,,41,17,24,,,
13/05/2022 12:00,144,75,69,38,20,18,19,9,10,36,21,15,,,,0,0,0,,,,57,16,41,,,
13/05/2022 13:00,174,93,81,39,15,24,42,31,11,58,21,37,,,,0,0,0,,,,114,34,80,,,
13/05/2022 14:00,154,78,76,21,13,8,25,11,14,37,18,19,,,,0,0,0,,,,78,25,53,,,
13/05/2022 15:00,185,95,90,32,18,14,31,20,11,36,16,20,,,,0,0,0,,,,64,34,30,,,
13/05/2022 16:00,238,138,100,40,21,19,47,30,17,28,7,21,,,,0,0,0,,,,65,22,43,,,
13/05/2022 17:00,211,97,114,56,38,18,55,23,32,41,20,21,,,,0,0,0,,,,74,34,40,,,
13/05/2022 18:00,238,129,109,72,44,28,74,40,34,25,16,9,,,,0,0,0,,,,72,32,40,,,
13/05/2022 19:00,273,145,128,58,26,32,44,25,19,19,10,9,,,,0,0,0,,,,56,24,32,,,
13/05/2022 20:00,208,94,114,48,29,19,53,22,31,22,15,7,,,,0,0,0,,,,49,17,32,,,
13/05/2022 21:00,131,69,62,25,12,13,26,14,12,9,4,5,,,,0,0,0,,,,35,20,15,,,
13/05/2022 22:00,47,22,25,15,6,9,15,3,12,10,6,4,,,,0,0,0,,,,17,9,8,,,
13/05/2022 23:00,13,9,4,11,3,8,6,6,0,1,1,0,,,,0,0,0,,,,18,10,8,,,
14/05/2022 00:00,2,0,2,0,0,0,1,1,0,0,0,0,,,,0,0,0,,,,12,4,8,,,
14/05/2022 01:00,3,2,1,3,1,2,2,1,1,0,0,0,,,,0,0,0,,,,6,6,0,,,
14/05/2022 02:00,6,6,0,7,2,5,1,0,1,0,0,0,,,,0,0,0,,,,3,1,2,,,
14/05/2022 03:00,0,0,0,2,1,1,1,0,1,1,0,1,,,,0,0,0,,,,2,2,0,,,
14/05/2022 04:00,0,0,0,2,1,1,1,1,0,0,0,0,,,,0,0,0,,,,2,1,1,,,
14/05/2022 05:00,10,4,6,5,4,1,10,6,4,0,0,0,,,,0,0,0,,,,6,5,1,,,
14/05/2022 06:00,31,10,21,4,2,2,5,3,2,1,1,0,,,,0,0,0,,,,8,3,5,,,
14/05/2022 07:00,84,39,45,17,6,11,7,3,4,11,5,6,,,,0,0,0,,,,24,12,12,,,
14/05/2022 08:00,137,66,71,30,20,10,18,11,7,17,10,7,,,,0,0,0,,,,33,15,18,,,
14/05/2022 09:00,166,89,77,53,32,21,47,31,16,19,15,4,,,,0,0,0,,,,44,22,22,,,
14/05/2022 10:00,282,163,119,89,49,40,70,41,29,33,16,17,,,,0,0,0,,,,48,26,22,,,
14/05/2022 11:00,348,181,167,125,60,65,70,39,31,46,29,17,,,,0,0,0,,,,83,46,37,,,
14/05/2022 12:00,318,182,136,121,66,55,59,33,26,47,26,21,,,,0,0,0,,,,63,29,34,,,
14/05/2022 13:00,401,211,190,98,49,49,72,34,38,49,20,29,,,,0,0,0,,,,52,23,29,,,
14/05/2022 14:00,354,171,183,97,56,41,47,29,18,45,17,28,,,,0,0,0,,,,80,45,35,,,
14/05/2022 15:00,411,216,195,83,49,34,54,28,26,29,13,16,,,,0,0,0,,,,56,34,22,,,
14/05/2022 16:00,387,194,193,64,25,39,53,24,29,20,10,10,,,,0,0,0,,,,77,45,32,,,
14/05/2022 17:00,378,170,208,60,32,28,47,21,26,35,21,14,,,,0,0,0,,,,66,39,27,,,
14/05/2022 18:00,356,176,180,58,31,27,51,26,25,14,4,10,,,,0,0,0,,,,54,25,29,,,
14/05/2022 19:00,209,91,118,58,24,34,47,16,31,16,10,6,,,,0,0,0,,,,52,28,24,,,
14/05/2022 20:00,164,83,81,32,6,26,52,20,32,12,5,7,,,,0,0,0,,,,45,21,24,,,
14/05/2022 21:00,91,39,52,21,7,14,26,9,17,13,7,6,,,,0,0,0,,,,34,14,20,,,
14/05/2022 22:00,30,16,14,15,10,5,13,7,6,6,2,4,,,,0,0,0,,,,22,13,9,,,
14/05/2022 23:00,15,12,3,8,3,5,9,7,2,2,1,1,,,,0,0,0,,,,13,10,3,,,
15/05/2022 00:00,1,1,0,1,0,1,2,1,1,3,2,1,,,,0,0,0,,,,16,14,2,,,
15/05/2022 01:00,5,3,2,0,0,0,1,0,1,4,1,3,,,,0,0,0,,,,3,1,2,,,
15/05/2022 02:00,3,2,1,0,0,0,0,0,0,2,0,2,,,,0,0,0,,,,3,2,1,,,
15/05/2022 03:00,0,0,0,0,0,0,0,0,0,3,0,3,,,,0,0,0,,,,11,5,6,,,
15/05/2022 04:00,1,1,0,0,0,0,0,0,0,0,0,0,,,,0,0,0,,,,6,3,3,,,
15/05/2022 05:00,3,1,2,1,0,1,0,0,0,0,0,0,,,,0,0,0,,,,4,4,0,,,
15/05/2022 06:00,10,6,4,3,0,3,3,0,3,0,0,0,,,,0,0,0,,,,6,4,2,,,
15/05/2022 07:00,44,20,24,16,10,6,11,6,5,3,2,1,,,,0,0,0,,,,9,4,5,,,
15/05/2022 08:00,98,47,51,33,19,14,25,16,9,13,6,7,,,,0,0,0,,,,25,15,10,,,
15/05/2022 09:00,216,112,104,49,28,21,35,18,17,26,13,13,,,,0,0,0,,,,32,19,13,,,
15/05/2022 10:00,337,173,164,69,43,26,43,22,21,38,25,13,,,,0,0,0,,,,36,16,20,,,
15/05/2022 11:00,520,254,266,154,104,50,79,41,38,42,28,14,,,,0,0,0,,,,43,26,17,,,
15/05/2022 12:00,613,325,288,115,68,47,55,37,18,58,29,29,,,,0,0,0,,,,47,29,18,,,
15/05/2022 13:00,601,311,290,100,48,52,65,46,19,54,31,23,,,,0,0,0,,,,54,22,32,,,
15/05/2022 14:00,713,373,340,110,52,58,66,33,33,39,17,22,,,,0,0,0,,,,37,16,21,,,
15/05/2022 15:00,642,318,324,82,49,33,88,44,44,49,25,24,,,,0,0,0,,,,44,22,22,,,
15/05/2022 16:00,650,316,334,72,49,23,42,22,20,45,27,18,,,,0,0,0,,,,32,12,20,,,
15/05/2022 17:00,421,214,207,54,23,31,56,21,35,30,18,12,,,,0,0,0,,,,53,29,24,,,
15/05/2022 18:00,272,127,145,48,30,18,53,24,29,27,16,11,,,,0,0,0,,,,41,22,19,,,
15/05/2022 19:00,231,114,117,50,25,25,35,15,20,18,7,11,,,,0,0,0,,,,31,14,17,,,
15/05/2022 20:00,193,89,104,36,17,19,33,19,14,18,12,6,,,,0,0,0,,,,16,8,8,,,
15/05/2022 21:00,70,35,35,17,8,9,27,8,19,19,7,12,,,,0,0,0,,,,36,20,16,,,
15/05/2022 22:00,18,15,3,4,1,3,7,3,4,2,2,0,,,,0,0,0,,,,11,8,3,,,
15/05/2022 23:00,12,6,6,0,0,0,3,0,3,0,0,0,,,,0,0,0,,,,9,4,5,,,
16/05/2022 00:00,0,0,0,0,0,0,0,0,0,1,0,1,,,,0,0,0,,,,2,1,1,,,
16/05/2022 01:00,0,0,0,0,0,0,0,0,0,0,0,0,,,,0,0,0,,,,0,0,0,,,
16/05/2022 02:00,0,0,0,0,0,0,0,0,0,0,0,0,,,,0,0,0,,,,1,0,1,,,
16/05/2022 03:00,0,0,0,2,2,0,0,0,0,0,0,0,,,,0,0,0,,,,1,1,0,,,
16/05/2022 04:00,0,0,0,1,1,0,0,0,0,0,0,0,,,,0,0,0,,,,6,2,4,,,
16/05/2022 05:00,8,2,6,1,1,0,0,0,0,0,0,0,,,,0,0,0,,,,2,1,1,,,
16/05/2022 06:00,41,16,25,13,7,6,8,6,2,9,6,3,,,,0,0,0,,,,10,4,6,,,
16/05/2022 07:00,49,26,23,20,8,12,6,2,4,21,9,12,,,,0,0,0,,,,34,14,20,,,
16/05/2022 08:00,87,43,44,43,27,16,26,15,11,34,12,22,,,,0,0,0,,,,115,71,44,,,
16/05/2022 09:00,109,59,50,27,14,13,24,14,10,21,13,8,,,,0,0,0,,,,43,22,21,,,
16/05/2022 10:00,97,57,40,14,4,10,27,11,16,23,15,8,,,,0,0,0,,,,43,27,16,,,
16/05/2022 11:00,123,58,65,63,28,35,15,9,6,28,15,13,,,,0,0,0,,,,32,13,19,,,
16/05/2022 12:00,137,72,65,46,16,30,27,19,8,37,16,21,,,,0,0,0,,,,43,20,23,,,
16/05/2022 13:00,91,42,49,39,22,17,20,14,6,29,7,22,,,,0,0,0,,,,37,12,25,,,
16/05/2022 14:00,137,64,73,38,22,16,19,10,9,33,15,18,,,,0,0,0,,,,70,25,45,,,
16/05/2022 15:00,133,67,66,24,7,17,30,19,11,37,19,18,,,,0,0,0,,,,76,24,52,,,
16/05/2022 16:00,197,93,104,47,27,20,41,28,13,38,18,20,,,,0,0,0,,,,73,45,28,,,
16/05/2022 17:00,226,123,103,56,27,29,59,31,28,51,18,33,,,,0,0,0,,,,74,38,36,,,
16/05/2022 18:00,252,122,130,77,46,31,62,32,30,32,17,15,,,,0,0,0,,,,93,56,37,,,
16/05/2022 19:00,266,125,141,74,33,41,69,34,35,38,20,18,,,,0,0,0,,,,73,30,43,,,
16/05/2022 20:00,267,151,116,76,28,48,33,13,20,25,12,13,,,,0,0,0,,,,53,22,31,,,
16/05/2022 21:00,149,86,63,25,14,11,15,4,11,4,2,2,,,,0,0,0,,,,30,14,16,,,
16/05/2022 22:00,41,20,21,17,9,8,7,2,5,5,3,2,,,,0,0,0,,,,23,13,10,,,
16/05/2022 23:00,12,8,4,3,3,0,10,6,4,1,1,0,,,,0,0,0,,,,7,4,3,,,
17/05/2022 00:00,5,4,1,0,0,0,4,1,3,0,0,0,,,,0,0,0,,,,5,2,3,,,
17/05/2022 01:00,2,1,1,0,0,0,1,0,1,2,0,2,,,,0,0,0,,,,2,2,0,,,
17/05/2022 02:00,1,0,1,2,1,1,1,1,0,0,0,0,,,,0,0,0,,,,4,3,1,,,
17/05/2022 03:00,0,0,0,0,0,0,0,0,0,0,0,0,,,,0,0,0,,,,2,0,2,,,
17/05/2022 04:00,1,1,0,1,1,0,0,0,0,0,0,0,,,,0,0,0,,,,1,1,0,,,
17/05/2022 05:00,9,2,7,0,0,0,0,0,0,0,0,0,,,,0,0,0,,,,5,4,1,,,
17/05/2022 06:00,53,21,32,17,10,7,15,8,7,11,5,6,,,,0,0,0,,,,12,5,7,,,
17/05/2022 07:00,58,35,23,27,10,17,24,13,11,24,13,11,,,,0,0,0,,,,47,21,26,,,
17/05/2022 08:00,111,54,57,28,11,17,28,13,15,34,12,22,,,,0,0,0,,,,141,100,41,,,
17/05/2022 09:00,103,63,40,32,24,8,16,13,3,29,16,13,,,,0,0,0,,,,37,12,25,,,
17/05/2022 10:00,103,47,56,25,15,10,39,21,18,32,16,16,,,,0,0,0,,,,32,16,16,,,
17/05/2022 11:00,103,59,44,28,11,17,16,4,12,41,23,18,,,,0,0,0,,,,54,28,26,,,
17/05/2022 12:00,89,42,47,26,10,16,21,11,10,33,15,18,,,,0,0,0,,,,25,16,9,,,
17/05/2022 13:00,53,24,29,18,10,8,19,12,7,16,9,7,,,,0,0,0,,,,36,10,26,,,
17/05/2022 14:00,22,12,10,10,9,1,4,3,1,15,7,8,,,,0,0,0,,,,31,13,18,,,
17/05/2022 15:00,23,12,11,9,3,6,9,4,5,11,2,9,,,,0,0,0,,,,59,11,48,,,
17/05/2022 16:00,24,16,8,10,8,2,8,7,1,16,12,4,,,,0,0,0,,,,26,11,15,,,
17/05/2022 17:00,35,19,16,5,3,2,8,6,2,14,5,9,,,,0,0,0,,,,21,13,8,,,
17/05/2022 18:00,62,30,32,40,22,18,29,19,10,29,10,19,,,,0,0,0,,,,39,20,19,,,
17/05/2022 19:00,138,55,83,32,15,17,33,20,13,29,16,13,,,,0,0,0,,,,43,24,19,,,
17/05/2022 20:00,198,109,89,51,19,32,44,17,27,25,14,11,,,,0,0,0,,,,41,20,21,,,
17/05/2022 21:00,116,65,51,25,12,13,36,11,25,19,10,9,,,,0,0,0,,,,31,17,14,,,
17/05/2022 22:00,41,28,13,7,2,5,17,14,3,3,0,3,,,,0,0,0,,,,15,8,7,,,
17/05/2022 23:00,12,3,9,1,0,1,4,1,3,5,2,3,,,,0,0,0,,,,3,2,1,,,
18/05/2022 00:00,0,0,0,2,0,2,3,1,2,1,0,1,,,,0,0,0,,,,3,2,1,,,
18/05/2022 01:00,0,0,0,0,0,0,0,0,0,0,0,0,,,,0,0,0,,,,1,1,0,,,
18/05/2022 02:00,0,0,0,0,0,0,0,0,0,0,0,0,,,,0,0,0,,,,0,0,0,,,
18/05/2022 03:00,1,1,0,0,0,0,0,0,0,0,0,0,,,,0,0,0,,,,0,0,0,,,
18/05/2022 04:00,0,0,0,1,1,0,0,0,0,0,0,0,,,,0,0,0,,,,0,0,0,,,
18/05/2022 05:00,22,8,14,2,0,2,1,1,0,1,1,0,,,,0,0,0,,,,6,3,3,,,
18/05/2022 06:00,47,23,24,12,4,8,14,9,5,14,8,6,,,,0,0,0,,,,18,10,8,,,
18/05/2022 07:00,100,58,42,28,13,15,21,10,11,25,8,17,,,,0,0,0,,,,55,27,28,,,
18/05/2022 08:00,143,68,75,40,21,19,29,17,12,38,18,20,,,,0,0,0,,,,157,110,47,,,
18/05/2022 09:00,151,83,68,43,29,14,38,22,16,34,19,15,,,,0,0,0,,,,61,28,33,,,
18/05/2022 10:00,127,60,67,27,11,16,29,9,20,23,17,6,,,,0,0,0,,,,35,19,16,,,
18/05/2022 11:00,181,85,96,33,13,20,24,9,15,35,19,16,,,,0,0,0,,,,45,18,27,,,
18/05/2022 12:00,117,56,61,39,19,20,20,11,9,32,12,20,,,,0,0,0,,,,47,24,23,,,
18/05/2022 13:00,117,56,61,39,19,20,34,19,15,40,18,22,,,,0,0,0,,,,73,32,41,,,
18/05/2022 14:00,108,45,63,32,13,19,24,10,14,24,13,11,,,,0,0,0,,,,153,54,99,,,
18/05/2022 15:00,103,50,53,26,8,18,25,10,15,15,5,10,,,,0,0,0,,,,74,26,48,,,
18/05/2022 16:00,129,73,56,32,19,13,32,13,19,25,7,18,,,,0,0,0,,,,68,33,35,,,
18/05/2022 17:00,104,47,57,34,19,15,44,30,14,31,14,17,,,,0,0,0,,,,65,30,35,,,
18/05/2022 18:00,128,75,53,38,21,17,43,21,22,25,11,14,,,,0,0,0,,,,93,48,45,,,
18/05/2022 19:00,144,77,67,34,18,16,23,10,13,16,10,6,,,,0,0,0,,,,55,30,25,,,
18/05/2022 20:00,52,23,29,15,8,7,14,7,7,4,4,0,,,,0,0,0,,,,31,16,15,,,
18/05/2022 21:00,58,30,28,12,3,9,20,10,10,13,8,5,,,,0,0,0,,,,18,9,9,,,
18/05/2022 22:00,28,13,15,14,4,10,18,8,10,4,3,1,,,,0,0,0,,,,9,3,6,,,
18/05/2022 23:00,22,13,9,5,1,4,2,0,2,3,2,1,,,,0,0,0,,,,3,2,1,,,
19/05/2022 00:00,0,0,0,1,0,1,9,2,7,0,0,0,,,,0,0,0,,,,4,4,0,,,
19/05/2022 01:00,0,0,0,2,0,2,2,2,0,1,0,1,,,,0,0,0,,,,6,3,3,,,
19/05/2022 02:00,1,1,0,0,0,0,0,0,0,0,0,0,,,,0,0,0,,,,0,0,0,,,
19/05/2022 03:00,0,0,0,1,1,0,0,0,0,0,0,0,,,,0,0,0,,,,1,1,0,,,
19/05/2022 04:00,1,1,0,0,0,0,0,0,0,0,0,0,,,,0,0,0,,,,1,1,0,,,
19/05/2022 05:00,8,3,5,5,2,3,0,0,0,1,1,0,,,,0,0,0,,,,10,5,5,,,
19/05/2022 06:00,64,33,31,8,6,2,15,9,6,14,5,9,,,,0,0,0,,,,28,16,12,,,
19/05/2022 07:00,84,42,42,23,13,10,25,11,14,21,10,11,,,,0,0,0,,,,42,22,20,,,
19/05/2022 08:00,121,55,66,24,12,12,33,17,16,40,18,22,,,,0,0,0,,,,162,119,43,,,
19/05/2022 09:00,168,94,74,61,43,18,40,22,18,17,8,9,,,,0,0,0,,,,62,24,38,,,
19/05/2022 10:00,128,62,66,40,22,18,41,20,21,22,15,7,,,,0,0,0,,,,28,18,10,,,
19/05/2022 11:00,177,78,99,51,16,35,40,16,24,34,15,19,,,,0,0,0,,,,58,28,30,,,
19/05/2022 12:00,187,93,94,51,26,25,34,18,16,19,8,11,,,,0,0,0,,,,54,20,34,,,
19/05/2022 13:00,243,125,118,41,22,19,84,57,27,32,15,17,,,,0,0,0,,,,62,25,37,,,
19/05/2022 14:00,185,94,91,79,39,40,48,23,25,28,16,12,,,,0,0,0,,,,86,28,58,,,
19/05/2022 15:00,182,93,89,50,27,23,46,17,29,25,13,12,,,,0,0,0,,,,112,35,77,,,
19/05/2022 16:00,216,103,113,45,23,22,47,36,11,44,20,24,,,,0,0,0,,,,85,50,35,,,
19/05/2022 17:00,212,106,106,55,27,28,62,34,28,38,20,18,,,,0,0,0,,,,120,76,44,,,
19/05/2022 18:00,219,112,107,62,39,23,59,35,24,27,12,15,,,,0,0,0,,,,110,53,57,,,
19/05/2022 19:00,266,123,143,73,40,33,47,25,22,33,16,17,,,,0,0,0,,,,88,36,52,,,
19/05/2022 20:00,203,94,109,41,26,15,38,18,20,24,11,13,,,,0,0,0,,,,46,24,22,,,
19/05/2022 21:00,120,70,50,25,6,19,25,17,8,8,6,2,,,,0,0,0,,,,44,15,29,,,
19/05/2022 22:00,47,25,22,8,6,2,24,13,11,4,2,2,,,,0,0,0,,,,19,9,10,,,
19/05/2022 23:00,12,7,5,7,3,4,4,0,4,2,1,1,,,,0,0,0,,,,5,3,2,,,
20/05/2022 00:00,0,0,0,0,0,0,0,0,0,1,0,1,,,,0,0,0,,,,4,4,0,,,
20/05/2022 01:00,4,3,1,0,0,0,0,0,0,0,0,0,,,,0,0,0,,,,0,0,0,,,
20/05/2022 02:00,1,1,0,0,0,0,0,0,0,0,0,0,,,,0,0,0,,,,11,6,5,,,
20/05/2022 03:00,1,1,0,0,0,0,0,0,0,0,0,0,,,,0,0,0,,,,9,3,6,,,
20/05/2022 04:00,1,1,0,1,1,0,0,0,0,0,0,0,,,,0,0,0,,,,2,1,1,,,
20/05/2022 05:00,10,4,6,1,0,1,2,1,1,1,1,0,,,,0,0,0,,,,4,1,3,,,
20/05/2022 06:00,46,23,23,10,5,5,7,3,4,6,3,3,,,,0,0,0,,,,13,6,7,,,
20/05/2022 07:00,83,42,41,22,11,11,21,13,8,21,7,14,,,,0,0,0,,,,39,16,23,,,
20/05/2022 08:00,116,66,50,39,17,22,27,17,10,38,18,20,,,,0,0,0,,,,101,76,25,,,
20/05/2022 09:00,124,54,70,41,23,18,36,20,16,19,9,10,,,,0,0,0,,,,39,13,26,,,
20/05/2022 10:00,141,71,70,26,15,11,21,11,10,17,11,6,,,,0,0,0,,,,36,22,14,,,
20/05/2022 11:00,109,49,60,30,19,11,25,12,13,21,11,10,,,,0,0,0,,,,41,19,22,,,
20/05/2022 12:00,98,50,48,25,11,14,26,12,14,31,17,14,,,,0,0,0,,,,46,18,28,,,
20/05/2022 13:00,90,53,37,29,13,16,34,18,16,22,13,9,,,,0,0,0,,,,87,22,65,,,
20/05/2022 14:00,95,44,51,38,22,16,29,19,10,14,5,9,,,,0,0,0,,,,83,39,44,,,
20/05/2022 15:00,86,53,33,28,10,18,36,18,18,21,13,8,,,,0,0,0,,,,48,18,30,,,
20/05/2022 16:00,111,59,52,30,11,19,24,14,10,26,7,19,,,,0,0,0,,,,55,25,30,,,
20/05/2022 17:00,113,59,54,43,26,17,35,20,15,13,8,5,,,,0,0,0,,,,66,33,33,,,
20/05/2022 18:00,168,93,75,63,30,33,37,23,14,24,11,13,,,,0,0,0,,,,91,45,46,,,
20/05/2022 19:00,192,102,90,38,12,26,26,13,13,32,16,16,,,,0,0,0,,,,50,21,29,,,
20/05/2022 20:00,178,84,94,19,10,9,56,20,36,22,8,14,,,,0,0,0,,,,42,11,31,,,
20/05/2022 21:00,114,68,46,20,13,7,18,9,9,14,6,8,,,,0,0,0,,,,36,17,19,,,
20/05/2022 22:00,66,37,29,11,6,5,20,9,11,3,2,1,,,,0,0,0,,,,20,10,10,,,
20/05/2022 23:00,17,12,5,7,2,5,5,2,3,0,0,0,,,,0,0,0,,,,17,10,7,,,
21/05/2022 00:00,1,1,0,0,0,0,2,2,0,0,0,0,,,,0,0,0,,,,7,4,3,,,
21/05/2022 01:00,3,1,2,0,0,0,3,1,2,2,0,2,,,,0,0,0,,,,8,6,2,,,
21/05/2022 02:00,3,2,1,0,0,0,0,0,0,0,0,0,,,,0,0,0,,,,5,3,2,,,
21/05/2022 03:00,0,0,0,0,0,0,0,0,0,0,0,0,,,,0,0,0,,,,1,1,0,,,
21/05/2022 04:00,2,0,2,0,0,0,0,0,0,1,1,0,,,,0,0,0,,,,16,11,5,,,
21/05/2022 05:00,6,3,3,0,0,0,0,0,0,0,0,0,,,,0,0,0,,,,4,0,4,,,
21/05/2022 06:00,33,10,23,4,2,2,3,0,3,4,2,2,,,,0,0,0,,,,7,3,4,,,
21/05/2022 07:00,70,33,37,14,7,7,14,9,5,8,4,4,,,,0,0,0,,,,18,10,8,,,
21/05/2022 08:00,103,49,54,17,10,7,25,13,12,21,7,14,,,,0,0,0,,,,33,17,16,,,
21/05/2022 09:00,142,69,73,50,24,26,45,20,25,25,11,14,,,,0,0,0,,,,28,13,15,,,
21/05/2022 10:00,150,81,69,60,25,35,43,24,19,27,20,7,,,,0,0,0,,,,45,32,13,,,
21/05/2022 11:00,225,112,113,59,36,23,51,27,24,18,8,10,,,,0,0,0,,,,46,19,27,,,
21/05/2022 12:00,210,110,100,69,29,40,48,24,24,34,12,22,,,,0,0,0,,,,62,26,36,,,
21/05/2022 13:00,222,128,94,55,33,22,55,28,27,33,14,19,,,,0,0,0,,,,56,29,27,,,
21/05/2022 14:00,259,126,133,56,26,30,41,31,10,34,22,12,,,,0,0,0,,,,53,21,32,,,
21/05/2022 15:00,303,148,155,69,39,30,70,42,28,24,8,16,,,,0,0,0,,,,53,25,28,,,
21/05/2022 16:00,334,160,174,73,33,40,61,35,26,26,11,15,,,,0,0,0,,,,39,17,22,,,
21/05/2022 17:00,248,152,96,68,39,29,36,14,22,25,11,14,,,,0,0,0,,,,58,21,37,,,
21/05/2022 18:00,167,74,93,53,21,32,58,26,32,36,16,20,,,,0,0,0,,,,41,10,31,,,
21/05/2022 19:00,146,84,62,23,13,10,30,19,11,19,11,8,,,,0,0,0,,,,34,18,16,,,
21/05/2022 20:00,139,72,67,23,12,11,34,15,19,17,5,12,,,,0,0,0,,,,29,14,15,,,
21/05/2022 21:00,103,52,51,15,7,8,26,17,9,15,10,5,,,,0,0,0,,,,18,7,11,,,
21/05/2022 22:00,36,21,15,17,2,15,23,6,17,11,7,4,,,,0,0,0,,,,10,6,4,,,
21/05/2022 23:00,22,17,5,3,2,1,8,0,8,0,0,0,,,,0,0,0,,,,9,4,5,,,
22/05/2022 00:00,0,0,0,1,0,1,3,1,2,4,1,3,,,,0,0,0,,,,17,11,6,,,
22/05/2022 01:00,0,0,0,0,0,0,8,2,6,2,0,2,,,,0,0,0,,,,6,5,1,,,
22/05/2022 02:00,3,2,1,2,1,1,5,1,4,0,0,0,,,,0,0,0,,,,0,0,0,,,
22/05/2022 03:00,1,0,1,0,0,0,1,0,1,3,2,1,,,,0,0,0,,,,4,3,1,,,
22/05/2022 04:00,0,0,0,1,0,1,1,0,1,0,0,0,,,,0,0,0,,,,5,1,4,,,
22/05/2022 05:00,1,1,0,1,0,1,0,0,0,0,0,0,,,,0,0,0,,,,10,4,6,,,
22/05/2022 06:00,12,4,8,3,2,1,4,2,2,0,0,0,,,,0,0,0,,,,2,1,1,,,
22/05/2022 07:00,40,14,26,16,9,7,17,11,6,6,3,3,,,,0,0,0,,,,8,4,4,,,
22/05/2022 08:00,83,42,41,25,12,13,26,16,10,15,5,10,,,,0,0,0,,,,18,11,7,,,
22/05/2022 09:00,153,74,79,44,28,16,41,24,17,17,9,8,,,,0,0,0,,,,39,19,20,,,
22/05/2022 10:00,275,140,135,56,28,28,46,25,21,26,20,6,,,,0,0,0,,,,54,30,24,,,
22/05/2022 11:00,342,178,164,40,13,27,59,28,31,34,17,17,,,,0,0,0,,,,51,25,26,,,
22/05/2022 12:00,485,263,222,60,35,25,60,39,21,39,16,23,,,,0,0,0,,,,54,20,34,,,
22/05/2022 13:00,501,247,254,53,26,27,55,23,32,50,20,30,,,,0,0,0,,,,44,15,29,,,
22/05/2022 14:00,559,312,247,68,44,24,87,39,48,31,10,21,,,,0,0,0,,,,51,29,22,,,
22/05/2022 15:00,588,286,302,63,38,25,61,33,28,45,21,24,,,,0,0,0,,,,48,23,25,,,
22/05/2022 16:00,446,199,247,48,31,17,53,28,25,38,17,21,,,,0,0,0,,,,56,27,29,,,
22/05/2022 17:00,282,130,152,85,44,41,52,22,30,31,13,18,,,,0,0,0,,,,32,10,22,,,
22/05/2022 18:00,166,85,81,34,18,16,24,11,13,17,8,9,,,,0,0,0,,,,13,7,6,,,
22/05/2022 19:00,174,78,96,36,19,17,37,15,22,16,9,7,,,,0,0,0,,,,39,25,14,,,
22/05/2022 20:00,182,86,96,39,15,24,40,13,27,16,13,3,,,,0,0,0,,,,32,11,21,,,
22/05/2022 21:00,131,74,57,29,12,17,19,8,11,5,2,3,,,,0,0,0,,,,34,19,15,,,
22/05/2022 22:00,59,28,31,18,11,7,34,14,20,5,4,1,,,,0,0,0,,,,12,6,6,,,
22/05/2022 23:00,16,10,6,6,0,6,4,2,2,1,1,0,,,,0,0,0,,,,6,3,3,,,
23/05/2022 00:00,1,1,0,0,0,0,2,0,2,2,2,0,,,,0,0,0,,,,5,5,0,,,
23/05/2022 01:00,0,0,0,0,0,0,1,0,1,0,0,0,,,,0,0,0,,,,3,0,3,,,
23/05/2022 02:00,1,1,0,0,0,0,0,0,0,0,0,0,,,,0,0,0,,,,0,0,0,,,
23/05/2022 03:00,0,0,0,0,0,0,1,1,0,1,0,1,,,,0,0,0,,,,1,1,0,,,
23/05/2022 04:00,0,0,0,1,1,0,0,0,0,0,0,0,,,,0,0,0,,,,0,0,0,,,
23/05/2022 05:00,12,4,8,2,0,2,0,0,0,1,0,1,,,,0,0,0,,,,6,2,4,,,
23/05/2022 06:00,52,22,30,13,7,6,14,8,6,6,4,2,,,,0,0,0,,,,19,12,7,,,
23/05/2022 07:00,62,36,26,29,12,17,13,3,10,21,8,13,,,,0,0,0,,,,40,13,27,,,
23/05/2022 08:00,122,49,73,30,13,17,31,16,15,39,22,17,,,,0,0,0,,,,120,83,37,,,
23/05/2022 09:00,139,67,72,36,20,16,28,19,9,24,17,7,,,,0,0,0,,,,52,20,32,,,
23/05/2022 10:00,144,84,60,37,21,16,29,22,7,31,17,14,,,,0,0,0,,,,49,29,20,,,
23/05/2022 11:00,197,98,99,38,22,16,47,23,24,31,13,18,,,,0,0,0,,,,48,19,29,,,
23/05/2022 12:00,194,90,104,58,30,28,45,24,21,36,18,18,,,,0,0,0,,,,51,26,25,,,
23/05/2022 13:00,128,66,62,37,15,22,30,20,10,33,14,19,,,,0,0,0,,,,75,23,52,,,
23/05/2022 14:00,55,30,25,18,10,8,16,9,7,21,7,14,,,,0,0,0,,,,60,32,28,,,
23/05/2022 15:00,77,33,44,42,27,15,32,16,16,22,12,10,,,,0,0,0,,,,96,24,72,,,
23/05/2022 16:00,97,57,40,26,16,10,32,25,7,37,16,21,,,,0,0,0,,,,70,25,45,,,
23/05/2022 17:00,134,79,55,44,24,20,35,21,14,35,22,13,,,,0,0,0,,,,54,24,30,,,
23/05/2022 18:00,62,41,21,35,22,13,18,15,3,17,9,8,,,,0,0,0,,,,49,25,24,,,
23/05/2022 19:00,61,22,39,29,16,13,20,12,8,21,12,9,,,,0,0,0,,,,47,25,22,,,
23/05/2022 20:00,151,76,75,54,29,25,33,20,13,24,14,10,,,,0,0,0,,,,48,14,34,,,
23/05/2022 21:00,102,54,48,22,7,15,17,12,5,12,10,2,,,,0,0,0,,,,30,18,12,,,
23/05/2022 22:00,38,23,15,15,5,10,9,1,8,4,2,2,,,,0,0,0,,,,13,5,8,,,
23/05/2022 23:00,6,5,1,1,1,0,5,1,4,2,1,1,,,,0,0,0,,,,7,3,4,,,
24/05/2022 00:00,0,0,0,3,0,3,5,0,5,1,0,1,,,,0,0,0,,,,4,3,1,,,
24/05/2022 01:00,0,0,0,1,0,1,1,0,1,0,0,0,,,,0,0,0,,,,2,2,0,,,
24/05/2022 02:00,0,0,0,1,0,1,0,0,0,0,0,0,,,,0,0,0,,,,0,0,0,,,
24/05/2022 03:00,0,0,0,0,0,0,1,1,0,0,0,0,,,,0,0,0,,,,1,1,0,,,
24/05/2022 04:00,0,0,0,0,0,0,0,0,0,1,0,1,,,,0,0,0,,,,3,2,1,,,
24/05/2022 05:00,10,4,6,0,0,0,2,2,0,3,2,1,,,,0,0,0,,,,6,3,3,,,
24/05/2022 06:00,70,28,42,15,8,7,18,8,10,12,7,5,,,,0,0,0,,,,23,10,13,,,
24/05/2022 07:00,84,47,37,42,21,21,25,16,9,23,12,11,,,,0,0,0,,,,33,16,17,,,
24/05/2022 08:00,135,64,71,40,16,24,30,15,15,44,22,22,,,,0,0,0,,,,146,95,51,,,
24/05/2022 09:00,124,64,60,43,28,15,28,14,14,17,6,11,,,,0,0,0,,,,52,22,30,,,
24/05/2022 10:00,130,64,66,32,17,15,27,13,14,33,17,16,,,,0,0,0,,,,28,15,13,,,
24/05/2022 11:00,202,93,109,40,22,18,24,8,16,43,23,20,,,,0,0,0,,,,46,25,21,,,
24/05/2022 12:00,157,72,85,35,17,18,45,25,20,28,11,17,,,,0,0,0,,,,52,26,26,,,
24/05/2022 13:00,179,93,86,50,25,25,44,23,21,29,11,18,,,,0,0,0,,,,58,20,38,,,
24/05/2022 14:00,148,70,78,34,19,15,26,14,12,20,6,14,,,,0,0,0,,,,92,28,64,,,
24/05/2022 15:00,144,74,70,56,29,27,32,21,11,28,12,16,,,,0,0,0,,,,126,34,92,,,
24/05/2022 16:00,162,99,63,38,23,15,34,15,19,36,21,15,,,,0,0,0,,,,76,32,44,,,
24/05/2022 17:00,144,69,75,57,33,24,43,22,21,26,13,13,,,,0,0,0,,,,98,50,48,,,
24/05/2022 18:00,179,105,74,47,30,17,45,25,20,23,13,10,,,,0,0,0,,,,80,44,36,,,
24/05/2022 19:00,245,116,129,49,21,28,35,20,15,25,11,14,,,,0,0,0,,,,82,42,40,,,
24/05/2022 20:00,238,134,104,43,22,21,41,20,21,19,12,7,,,,0,0,0,,,,41,18,23,,,
24/05/2022 21:00,127,70,57,24,11,13,17,6,11,14,10,4,,,,0,0,0,,,,25,9,16,,,
24/05/2022 22:00,57,29,28,18,8,10,15,1,14,5,4,1,,,,0,0,0,,,,10,8,2,,,
24/05/2022 23:00,16,8,8,1,0,1,9,4,5,0,0,0,,,,0,0,0,,,,12,7,5,,,
25/05/2022 00:00,1,1,0,1,0,1,3,1,2,0,0,0,,,,0,0,0,,,,5,5,0,,,
25/05/2022 01:00,1,0,1,2,2,0,3,1,2,0,0,0,,,,0,0,0,,,,1,1,0,,,
25/05/2022 02:00,2,1,1,2,0,2,0,0,0,0,0,0,,,,0,0,0,,,,4,3,1,,,
25/05/2022 03:00,0,0,0,0,0,0,0,0,0,0,0,0,,,,0,0,0,,,,1,1,0,,,
25/05/2022 04:00,1,1,0,0,0,0,0,0,0,1,0,1,,,,0,0,0,,,,1,1,0,,,
25/05/2022 05:00,7,1,6,0,0,0,1,0,1,0,0,0,,,,0,0,0,,,,5,2,3,,,
25/05/2022 06:00,56,28,28,8,2,6,14,9,5,15,7,8,,,,0,0,0,,,,14,8,6,,,
25/05/2022 07:00,85,42,43,25,9,16,13,5,8,21,7,14,,,,0,0,0,,,,29,14,15,,,
25/05/2022 08:00,115,45,70,49,15,34,26,13,13,34,17,17,,,,0,0,0,,,,126,85,41,,,
25/05/2022 09:00,118,65,53,41,24,17,19,14,5,18,7,11,,,,0,0,0,,,,52,25,27,,,
25/05/2022 10:00,107,61,46,35,19,16,21,12,9,31,15,16,,,,0,0,0,,,,40,19,21,,,
25/05/2022 11:00,129,54,75,40,23,17,30,17,13,23,13,10,,,,0,0,0,,,,40,18,22,,,
25/05/2022 12:00,123,63,60,37,18,19,26,11,15,16,13,3,,,,0,0,0,,,,41,20,21,,,
25/05/2022 13:00,140,65,75,37,18,19,30,18,12,38,18,20,,,,0,0,0,,,,57,17,40,,,
25/05/2022 14:00,109,61,48,23,10,13,23,15,8,28,14,14,,,,0,0,0,,,,100,38,62,,,
25/05/2022 15:00,104,55,49,22,6,16,18,8,10,19,11,8,,,,0,0,0,,,,90,19,71,,,
25/05/2022 16:00,134,56,78,29,16,13,30,19,11,30,7,23,,,,0,0,0,,,,58,29,29,,,
25/05/2022 17:00,130,63,67,39,25,14,35,19,16,31,16,15,,,,0,0,0,,,,82,33,49,,,
25/05/2022 18:00,156,77,79,53,35,18,40,24,16,29,13,16,,,,0,0,0,,,,91,51,40,,,
25/05/2022 19:00,231,126,105,49,32,17,57,26,31,33,18,15,,,,0,0,0,,,,75,32,43,,,
25/05/2022 20:00,242,120,122,50,25,25,33,18,15,16,8,8,,,,0,0,0,,,,72,28,44,,,
25/05/2022 21:00,175,101,74,36,17,19,34,13,21,25,11,14,,,,0,0,0,,,,36,17,19,,,
25/05/2022 22:00,44,22,22,19,6,13,30,15,15,9,4,5,,,,0,0,0,,,,25,13,12,,,
25/05/2022 23:00,19,10,9,7,0,7,8,5,3,1,1,0,,,,0,0,0,,,,5,1,4,,,
26/05/2022 00:00,0,0,0,0,0,0,2,0,2,2,1,1,,,,0,0,0,,,,6,6,0,,,
26/05/2022 01:00,1,0,1,0,0,0,0,0,0,0,0,0,,,,0,0,0,,,,0,0,0,,,
26/05/2022 02:00,1,0,1,0,0,0,0,0,0,0,0,0,,,,0,0,0,,,,2,2,0,,,
26/05/2022 03:00,1,1,0,0,0,0,0,0,0,0,0,0,,,,0,0,0,,,,3,2,1,,,
26/05/2022 04:00,0,0,0,0,0,0,0,0,0,0,0,0,,,,0,0,0,,,,1,0,1,,,
26/05/2022 05:00,9,3,6,2,0,2,0,0,0,4,3,1,,,,0,0,0,,,,5,3,2,,,
26/05/2022 06:00,44,20,24,12,9,3,18,11,7,11,5,6,,,,0,0,0,,,,11,4,7,,,
26/05/2022 07:00,81,41,40,29,14,15,11,2,9,27,16,11,,,,0,0,0,,,,29,11,18,,,
26/05/2022 08:00,117,63,54,43,13,30,34,24,10,38,21,17,,,,0,0,0,,,,155,104,51,,,
26/05/2022 09:00,111,53,58,26,14,12,15,12,3,23,13,10,,,,0,0,0,,,,43,20,23,,,
26/05/2022 10:00,111,64,47,26,16,10,13,8,5,21,12,9,,,,0,0,0,,,,33,18,15,,,
26/05/2022 11:00,112,61,51,22,12,10,23,12,11,18,7,11,,,,0,0,0,,,,35,15,20,,,
26/05/2022 12:00,108,44,64,43,28,15,15,7,8,27,11,16,,,,0,0,0,,,,49,29,20,,,
26/05/2022 13:00,178,85,93,35,21,14,30,15,15,30,15,15,,,,0,0,0,,,,68,28,40,,,
26/05/2022 14:00,133,71,62,27,21,6,21,12,9,20,8,12,,,,0,0,0,,,,104,33,71,,,
26/05/2022 15:00,199,108,91,80,62,18,63,49,14,24,11,13,,,,0,0,0,,,,90,18,72,,,
26/05/2022 16:00,188,110,78,53,29,24,39,19,20,39,14,25,,,,0,0,0,,,,78,33,45,,,
26/05/2022 17:00,168,86,82,44,27,17,45,27,18,31,18,13,,,,0,0,0,,,,90,46,44,,,
26/05/2022 18:00,205,97,108,64,38,26,40,22,18,29,16,13,,,,0,0,0,,,,91,52,39,,,
26/05/2022 19:00,220,121,99,60,34,26,41,22,19,31,11,20,,,,0,0,0,,,,91,36,55,,,
26/05/2022 20:00,196,94,102,66,27,39,37,14,23,29,16,13,,,,0,0,0,,,,64,24,40,,,
26/05/2022 21:00,119,68,51,23,13,10,35,15,20,9,5,4,,,,0,0,0,,,,46,18,28,,,
26/05/2022 22:00,51,30,21,8,7,1,14,6,8,2,1,1,,,,0,0,0,,,,16,10,6,,,
26/05/2022 23:00,9,6,3,5,0,5,5,2,3,4,2,2,,,,0,0,0,,,,7,4,3,,,
27/05/2022 00:00,0,0,0,0,0,0,4,1,3,5,2,3,,,,0,0,0,,,,5,4,1,,,
27/05/2022 01:00,1,1,0,0,0,0,1,0,1,2,0,2,,,,0,0,0,,,,2,1,1,,,
27/05/2022 02:00,0,0,0,0,0,0,0,0,0,0,0,0,,,,0,0,0,,,,0,0,0,,,
27/05/2022 03:00,0,0,0,0,0,0,0,0,0,0,0,0,,,,0,0,0,,,,1,1,0,,,
27/05/2022 04:00,0,0,0,0,0,0,0,0,0,0,0,0,,,,0,0,0,,,,0,0,0,,,
27/05/2022 05:00,13,4,9,1,0,1,1,1,0,2,1,1,,,,0,0,0,,,,5,1,4,,,
27/05/2022 06:00,57,29,28,11,7,4,13,10,3,9,6,3,,,,0,0,0,,,,7,2,5,,,
27/05/2022 07:00,81,44,37,31,12,19,16,8,8,18,5,13,,,,0,0,0,,,,37,20,17,,,
27/05/2022 08:00,103,47,56,40,18,22,23,12,11,48,26,22,,,,0,0,0,,,,129,91,38,,,
27/05/2022 09:00,162,90,72,38,21,17,33,20,13,27,13,14,,,,0,0,0,,,,44,13,31,,,
27/05/2022 10:00,164,98,66,44,23,21,17,11,6,38,17,21,,,,0,0,0,,,,28,18,10,,,
27/05/2022 11:00,187,75,112,48,22,26,22,13,9,31,10,21,,,,0,0,0,,,,49,14,35,,,
27/05/2022 12:00,210,111,99,58,30,28,31,15,16,31,18,13,,,,0,0,0,,,,74,30,44,,,
27/05/2022 13:00,202,96,106,55,28,27,40,22,18,44,16,28,,,,0,0,0,,,,97,25,72,,,
27/05/2022 14:00,172,79,93,38,16,22,39,10,29,18,13,5,,,,0,0,0,,,,89,35,54,,,
27/05/2022 15:00,190,96,94,48,21,27,23,15,8,35,17,18,,,,0,0,0,,,,50,26,24,,,
27/05/2022 16:00,202,107,95,52,28,24,23,14,9,31,15,16,,,,0,0,0,,,,76,49,27,,,
27/05/2022 17:00,238,108,130,60,42,18,34,14,20,32,12,20,,,,0,0,0,,,,85,45,40,,,
27/05/2022 18:00,241,93,148,70,40,30,62,27,35,37,20,17,,,,0,0,0,,,,68,31,37,,,
27/05/2022 19:00,211,110,101,70,42,28,51,34,17,24,11,13,,,,0,0,0,,,,72,40,32,,,
27/05/2022 20:00,203,91,112,60,22,38,35,13,22,28,10,18,,,,0,0,0,,,,50,22,28,,,
27/05/2022 21:00,135,81,54,32,16,16,27,15,12,11,4,7,,,,0,0,0,,,,37,19,18,,,
27/05/2022 22:00,74,41,33,14,4,10,19,5,14,8,4,4,,,,0,0,0,,,,25,11,14,,,
27/05/2022 23:00,30,22,8,6,2,4,16,9,7,10,5,5,,,,0,0,0,,,,21,8,13,,,
28/05/2022 00:00,8,8,0,7,2,5,2,0,2,2,0,2,,,,0,0,0,,,,10,7,3,,,
28/05/2022 01:00,4,2,2,2,0,2,1,0,1,1,0,1,,,,0,0,0,,,,4,3,1,,,
28/05/2022 02:00,2,1,1,0,0,0,2,0,2,1,0,1,,,,0,0,0,,,,5,4,1,,,
28/05/2022 03:00,2,0,2,1,0,1,1,0,1,0,0,0,,,,0,0,0,,,,3,0,3,,,
28/05/2022 04:00,4,3,1,0,0,0,0,0,0,0,0,0,,,,0,0,0,,,,4,3,1,,,
28/05/2022 05:00,6,2,4,0,0,0,0,0,0,3,2,1,,,,0,0,0,,,,1,1,0,,,
28/05/2022 06:00,26,9,17,0,0,0,3,1,2,5,3,2,,,,0,0,0,,,,4,0,4,,,
28/05/2022 07:00,66,31,35,14,9,5,18,13,5,9,2,7,,,,0,0,0,,,,14,6,8,,,
28/05/2022 08:00,161,72,89,26,16,10,20,11,9,13,5,8,,,,0,0,0,,,,30,12,18,,,
28/05/2022 09:00,145,68,77,68,46,22,45,27,18,23,12,11,,,,0,0,0,,,,39,16,23,,,
28/05/2022 10:00,239,133,106,105,67,38,46,32,14,50,28,22,,,,0,0,0,,,,59,32,27,,,
28/05/2022 11:00,257,134,123,96,47,49,63,33,30,53,41,12,,,,0,0,0,,,,59,30,29,,,
28/05/2022 12:00,320,164,156,115,51,64,64,40,24,47,21,26,,,,0,0,0,,,,43,25,18,,,
28/05/2022 13:00,336,185,151,83,40,43,64,27,37,59,26,33,,,,0,0,0,,,,80,38,42,,,
28/05/2022 14:00,445,263,182,78,43,35,70,40,30,43,17,26,,,,0,0,0,,,,68,40,28,,,
28/05/2022 15:00,444,217,227,81,45,36,93,55,38,40,15,25,,,,0,0,0,,,,68,37,31,,,
28/05/2022 16:00,393,171,222,56,26,30,63,36,27,39,14,25,,,,0,0,0,,,,54,26,28,,,
28/05/2022 17:00,347,159,188,41,24,17,66,25,41,22,11,11,,,,0,,0,,,,64,32,32,,,
28/05/2022 18:00,264,117,147,50,24,26,44,24,20,17,9,8,,,,0,,0,,,,71,35,36,,,
28/05/2022 19:00,194,80,114,58,29,29,42,25,17,24,14,10,,,,0,,0,,,,78,35,43,,,
28/05/2022 20:00,141,66,75,31,14,17,28,8,20,9,5,4,,,,0,0,0,,,,40,23,17,,,
28/05/2022 21:00,89,44,45,10,3,7,27,9,18,7,6,1,,,,0,0,0,,,,28,17,11,,,
28/05/2022 22:00,57,27,30,4,1,3,17,6,11,13,6,7,,,,0,0,0,,,,21,5,16,,,
28/05/2022 23:00,25,16,9,1,1,0,14,7,7,7,4,3,,,,0,,0,,,,23,15,8,,,
29/05/2022 00:00,0,0,0,0,0,0,2,1,1,5,1,4,,,,0,,0,,,,35,11,24,,,
29/05/2022 01:00,4,3,1,3,0,3,7,3,4,4,1,3,,,,0,,0,,,,29,20,9,,,
29/05/2022 02:00,1,1,0,2,2,0,0,0,0,0,0,0,,,,0,,0,,,,43,19,24,,,
29/05/2022 03:00,0,0,0,0,0,0,1,1,0,1,0,1,,,,0,,0,,,,11,5,6,,,
29/05/2022 04:00,2,2,0,0,0,0,0,0,0,0,0,0,,,,0,,0,,,,5,4,1,,,
29/05/2022 05:00,6,4,2,3,1,2,4,4,0,1,0,1,,,,0,,0,,,,8,3,5,,,
29/05/2022 06:00,23,12,11,2,0,2,0,0,0,2,0,2,,,,0,,0,,,,9,5,4,,,
29/05/2022 07:00,41,22,19,11,11,0,10,5,5,4,1,3,,,,0,,0,,,,5,4,1,,,
29/05/2022 08:00,111,54,57,40,25,15,24,14,10,14,8,6,,,,0,,0,,,,24,16,8,,,
29/05/2022 09:00,204,98,106,65,44,21,34,20,14,19,7,12,,,,0,,0,,,,38,13,25,,,
29/05/2022 10:00,307,184,123,54,38,16,52,26,26,37,27,10,,,,0,,0,,,,41,23,18,,,
29/05/2022 11:00,406,233,173,100,55,45,50,28,22,51,31,20,,,,0,,0,,,,62,32,30,,,
29/05/2022 12:00,454,242,212,108,53,55,76,41,35,39,21,18,,,,0,,0,,,,44,17,27,,,
29/05/2022 13:00,460,249,211,108,58,50,70,42,28,78,41,37,,,,0,,0,,,,60,28,32,,,
29/05/2022 14:00,550,337,213,71,36,35,37,18,19,44,20,24,,,,0,,0,,,,41,18,23,,,
29/05/2022 15:00,557,291,266,95,48,47,73,36,37,46,20,26,,,,0,,0,,,,64,30,34,,,
29/05/2022 16:00,522,249,273,95,40,55,70,41,29,46,21,25,,,,0,,0,,,,87,46,41,,,
29/05/2022 17:00,423,202,221,79,31,48,52,18,34,36,19,17,,,,0,,0,,,,51,26,25,,,
29/05/2022 18:00,387,208,179,58,19,39,49,15,34,19,8,11,,,,0,,0,,,,74,39,35,,,
29/05/2022 19:00,307,150,157,72,35,37,39,16,23,24,9,15,,,,0,,0,,,,66,38,28,,,
29/05/2022 20:00,175,84,91,47,21,26,35,24,11,17,11,6,,,,0,,0,,,,53,22,31,,,
29/05/2022 21:00,110,54,56,23,9,14,21,14,7,12,4,8,,,,0,,0,,,,22,11,11,,,
29/05/2022 22:00,39,27,12,14,2,12,21,12,9,5,2,3,,,,0,,0,,,,16,7,9,,,
29/05/2022 23:00,8,4,4,3,1,2,2,0,2,3,3,0,,,,0,,0,,,,3,3,0,,,
30/05/2022 00:00,0,0,0,0,0,0,1,1,0,2,0,2,,,,0,,0,,,,11,9,2,,,
30/05/2022 01:00,1,0,1,0,0,0,0,0,0,2,0,2,,,,0,,0,,,,5,4,1,,,
30/05/2022 02:00,0,0,0,0,0,0,0,0,0,0,0,0,,,,0,,0,,,,0,0,0,,,
30/05/2022 03:00,0,0,0,0,0,0,0,0,0,0,0,0,,,,0,,0,,,,1,1,0,,,
30/05/2022 04:00,0,0,0,0,0,0,0,0,0,0,0,0,,,,0,,0,,,,1,1,0,,,
30/05/2022 05:00,6,3,3,2,1,1,1,1,0,3,2,1,,,,0,,0,,,,5,1,4,,,
30/05/2022 06:00,36,18,18,8,3,5,13,8,5,11,3,8,,,,0,,0,,,,13,7,6,,,
30/05/2022 07:00,63,33,30,25,15,10,11,5,6,21,7,14,,,,0,,0,,,,33,14,19,,,
30/05/2022 08:00,90,48,42,42,19,23,19,13,6,31,17,14,,,,0,,0,,,,95,62,33,,,
30/05/2022 09:00,126,56,70,34,22,12,11,5,6,31,15,16,,,,0,,0,,,,52,22,30,,,
30/05/2022 10:00,102,50,52,41,21,20,7,3,4,34,19,15,,,,0,,0,,,,48,27,21,,,
30/05/2022 11:00,134,68,66,22,5,17,14,9,5,35,19,16,,,,0,,0,,,,78,31,47,,,
30/05/2022 12:00,153,77,76,34,16,18,23,16,7,31,13,18,,,,0,,0,,,,64,27,37,,,
30/05/2022 13:00,135,71,64,43,18,25,28,14,14,38,10,28,,,,0,,0,,,,52,19,33,,,
30/05/2022 14:00,102,47,55,25,14,11,21,9,12,32,22,10,,,,0,,0,,,,74,31,43,,,
30/05/2022 15:00,56,25,31,13,11,2,24,17,7,9,4,5,,,,0,,0,,,,82,20,62,,,
30/05/2022 16:00,69,34,35,17,13,4,27,17,10,16,8,8,,,,0,,0,,,,41,15,26,,,
30/05/2022 17:00,53,29,24,18,12,6,26,15,11,15,9,6,,,,0,,0,,,,45,25,20,,,
30/05/2022 18:00,90,44,46,30,19,11,31,19,12,22,6,16,,,,0,,0,,,,47,30,17,,,
30/05/2022 19:00,86,47,39,40,27,13,26,16,10,22,10,12,,,,0,,0,,,,55,25,30,,,
30/05/2022 20:00,54,23,31,17,11,6,16,10,6,19,12,7,,,,0,,0,,,,25,12,13,,,
30/05/2022 21:00,87,43,44,25,8,17,14,4,10,9,3,6,,,,0,,0,,,,15,6,9,,,
30/05/2022 22:00,47,29,18,5,3,2,3,1,2,6,6,0,,,,0,,0,,,,7,4,3,,,
30/05/2022 23:00,17,10,7,5,3,2,6,2,4,0,0,0,,,,0,,0,,,,7,4,3,,,
31/05/2022 00:00,0,0,0,1,1,0,1,0,1,1,0,1,,,,0,,0,,,,6,5,1,,,
31/05/2022 01:00,1,1,0,0,0,0,4,4,0,0,0,0,,,,0,,0,,,,1,0,1,,,
31/05/2022 02:00,0,0,0,0,0,0,0,0,0,0,0,0,,,,0,,0,,,,0,0,0,,,
31/05/2022 03:00,0,0,0,0,0,0,0,0,0,0,0,0,,,,0,,0,,,,1,0,1,,,
31/05/2022 04:00,0,0,0,0,0,0,0,0,0,0,0,0,,,,0,,0,,,,1,1,0,,,
31/05/2022 05:00,10,3,7,2,1,1,0,0,0,5,2,3,,,,0,,0,,,,6,3,3,,,
31/05/2022 06:00,58,28,30,10,5,5,16,8,8,10,5,5,,,,0,,0,,,,12,5,7,,,
31/05/2022 07:00,73,35,38,20,8,12,8,2,6,21,8,13,,,,0,,0,,,,35,16,19,,,
31/05/2022 08:00,123,58,65,41,18,23,42,29,13,35,13,22,,,,0,,0,,,,101,66,35,,,
31/05/2022 09:00,124,62,62,43,20,23,27,18,9,36,23,13,,,,0,,0,,,,69,36,33,,,
31/05/2022 10:00,145,77,68,33,15,18,35,12,23,40,22,18,,,,0,,0,,,,35,15,20,,,
31/05/2022 11:00,162,82,80,42,19,23,32,18,14,33,20,13,,,,0,,0,,,,93,36,57,,,
31/05/2022 12:00,120,67,53,58,27,31,43,21,22,18,8,10,,,,0,,0,,,,62,26,36,,,
31/05/2022 13:00,121,66,55,27,16,11,36,26,10,35,16,19,,,,0,,0,,,,76,40,36,,,
31/05/2022 14:00,135,73,62,36,16,20,35,16,19,37,20,17,,,,0,,0,,,,90,32,58,,,
31/05/2022 15:00,72,40,32,18,9,9,20,10,10,18,10,8,,,,0,,0,,,,43,18,25,,,
31/05/2022 16:00,113,54,59,23,15,8,36,20,16,17,11,6,,,,0,,0,,,,53,32,21,,,
31/05/2022 17:00,62,34,28,17,12,5,28,22,6,14,9,5,,,,0,,0,,,,78,40,38,,,
31/05/2022 18:00,68,40,28,18,14,4,19,14,5,12,6,6,,,,0,,0,,,,41,22,19,,,
31/05/2022 19:00,56,28,28,28,15,13,24,13,11,23,11,12,,,,0,,0,,,,38,17,21,,,
31/05/2022 20:00,106,50,56,34,20,14,27,16,11,26,17,9,,,,0,,0,,,,38,16,22,,,
31/05/2022 21:00,65,34,31,25,10,15,9,5,4,12,7,5,,,,0,,0,,,,15,10,5,,,
31/05/2022 22:00,40,26,14,12,4,8,16,7,9,7,4,3,,,,0,,0,,,,10,2,8,,,
31/05/2022 23:00,10,6,4,0,0,0,3,2,1,1,1,0,,,,0,,0,,,,10,8,2,,,
01/06/2022 00:00,0,0,0,0,0,0,5,0,5,0,0,0,,,,0,,0,,,,6,4,2,,,
01/06/2022 01:00,0,0,0,0,0,0,0,0,0,0,0,0,,,,0,,0,,,,1,1,0,,,
01/06/2022 02:00,0,0,0,0,0,0,0,0,0,0,0,0,,,,,,,,,,0,0,0,,,
01/06/2022 03:00,0,0,0,0,0,0,0,0,0,0,0,0,,,,,,,,,,0,0,0,,,
01/06/2022 04:00,0,0,0,1,1,0,1,0,1,2,2,0,,,,,,,,,,1,1,0,,,
01/06/2022 05:00,12,6,6,3,0,3,2,0,2,2,0,2,,,,,,,,,,7,2,5,,,
01/06/2022 06:00,52,29,23,14,9,5,11,7,4,11,5,6,,,,,,,,,,13,4,9,,,
01/06/2022 07:00,93,46,47,33,18,15,29,16,13,13,6,7,,,,,,,,,,38,22,16,,,
01/06/2022 08:00,135,60,75,55,25,30,40,25,15,44,13,31,,,,,,,,,,104,72,32,,,
01/06/2022 09:00,122,55,67,35,19,16,24,15,9,22,11,11,,,,,,,,,,71,34,37,,,
01/06/2022 10:00,140,71,69,25,10,15,25,15,10,25,10,15,,,,,,,,,,42,9,33,,,
01/06/2022 11:00,178,82,96,42,18,24,29,19,10,21,11,10,,,,,,,,,,102,52,50,,,
01/06/2022 12:00,222,108,114,57,32,25,36,19,17,28,14,14,,,,,,,,,,72,31,41,,,
01/06/2022 13:00,226,121,105,70,33,37,57,32,25,51,23,28,,,,,,,,,,72,38,34,,,
01/06/2022 14:00,174,90,84,55,36,19,55,22,33,37,15,22,,,,,,,,,,105,65,40,,,
01/06/2022 15:00,227,104,123,47,19,28,32,12,20,26,9,17,,,,,,,,,,84,37,47,,,
01/06/2022 16:00,212,114,98,62,30,32,53,31,22,53,30,23,,,,,,,,,,87,52,35,,,
01/06/2022 17:00,231,109,122,79,38,41,43,23,20,43,18,25,,,,,,,,,,101,64,37,,,
01/06/2022 18:00,259,125,134,69,39,30,61,33,28,25,9,16,,,,0,,0,,,,106,63,43,,,
01/06/2022 19:00,314,153,161,69,35,34,48,30,18,23,11,12,,,,0,,0,,,,81,40,41,,,
01/06/2022 20:00,281,140,141,66,38,28,54,27,27,14,8,6,,,,0,,0,,,,85,39,46,,,
01/06/2022 21:00,232,110,122,66,31,35,33,15,18,11,5,6,,,,0,,0,,,,75,35,40,,,
01/06/2022 22:00,99,58,41,20,8,12,13,9,4,5,2,3,,,,0,,0,,,,21,4,17,,,
01/06/2022 23:00,21,16,5,6,3,3,13,5,8,4,2,2,,,,0,,0,,,,9,5,4,,,
02/06/2022 00:00,1,0,1,0,0,0,6,0,6,0,0,0,,,,0,,0,,,,5,4,1,,,
02/06/2022 01:00,5,4,1,1,1,0,2,2,0,3,1,2,,,,,,,,,,1,1,0,,,
02/06/2022 02:00,0,0,0,0,0,0,0,0,0,0,0,0,,,,,,,,,,2,1,1,,,
02/06/2022 03:00,0,0,0,0,0,0,0,0,0,0,0,0,,,,0,,0,,,,1,1,0,,,
02/06/2022 04:00,1,0,1,1,1,0,0,0,0,0,0,0,,,,,,,,,,2,2,0,,,
02/06/2022 05:00,9,2,7,0,0,0,2,1,1,3,1,2,,,,0,,0,,,,8,4,4,,,
02/06/2022 06:00,60,23,37,13,6,7,11,5,6,13,8,5,,,,,,,,,,15,9,6,,,
02/06/2022 07:00,75,38,37,26,8,18,14,5,9,27,15,12,,,,,,,,,,49,20,29,,,
02/06/2022 08:00,126,60,66,45,30,15,43,27,16,28,14,14,,,,,,,,,,68,40,28,,,
02/06/2022 09:00,136,71,65,26,15,11,26,14,12,18,10,8,,,,,,,,,,50,29,21,,,
02/06/2022 10:00,118,52,66,53,15,38,26,14,12,30,16,14,,,,,,,,,,30,15,15,,,
02/06/2022 11:00,170,106,64,31,18,13,33,15,18,36,18,18,,,,0,,0,,,,77,36,41,,,
02/06/2022 12:00,139,59,80,40,23,17,23,11,12,36,15,21,,,,,,,,,,73,35,38,,,
02/06/2022 13:00,155,73,82,41,18,23,33,21,12,37,18,19,,,,0,,0,,,,64,31,33,,,
02/06/2022 14:00,125,63,62,26,16,10,23,13,10,36,18,18,,,,0,,0,,,,44,24,20,,,
02/06/2022 15:00,124,68,56,21,12,9,14,8,6,26,14,12,,,,0,,0,,,,71,31,40,,,
02/06/2022 16:00,134,65,69,40,25,15,22,17,5,42,14,28,,,,0,,0,,,,52,33,19,,,
02/06/2022 17:00,101,46,55,24,15,9,38,26,12,20,12,8,,,,0,,0,,,,90,41,49,,,
02/06/2022 18:00,96,53,43,39,22,17,39,22,17,17,13,4,,,,0,,0,,,,83,42,41,,,
02/06/2022 19:00,48,30,18,15,10,5,31,19,12,6,2,4,,,,0,,0,,,,50,21,29,,,
02/06/2022 20:00,28,18,10,11,8,3,22,12,10,3,2,1,,,,0,,0,,,,27,15,12,,,
02/06/2022 21:00,8,5,3,4,1,3,8,4,4,5,3,2,,,,0,,0,,,,8,5,3,,,
02/06/2022 22:00,15,9,6,2,0,2,7,4,3,2,1,1,,,,,,,,,,13,6,7,,,
02/06/2022 23:00,4,3,1,1,0,1,4,2,2,1,0,1,,,,,,,,,,11,10,1,,,
03/06/2022 00:00,0,0,0,0,0,0,2,1,1,3,3,0,,,,,,,,,,4,1,3,,,
03/06/2022 01:00,1,1,0,0,0,0,3,1,2,0,0,0,,,,,,,,,,1,1,0,,,
03/06/2022 02:00,0,0,0,1,1,0,1,1,0,0,0,0,,,,,,,,,,0,0,0,,,
03/06/2022 03:00,0,0,0,0,0,0,0,0,0,1,0,1,,,,,,,,,,1,1,0,,,
03/06/2022 04:00,0,0,0,1,1,0,0,0,0,2,1,1,,,,,,,,,,3,0,3,,,
03/06/2022 05:00,8,4,4,0,0,0,0,0,0,1,0,1,,,,,,,,,,3,1,2,,,
03/06/2022 06:00,35,18,17,11,8,3,10,8,2,5,3,2,,,,,,,,,,9,5,4,,,
03/06/2022 07:00,86,43,43,31,13,18,17,11,6,11,2,9,,,,,,,,,,32,11,21,,,
03/06/2022 08:00,131,57,74,33,13,20,24,11,13,25,13,12,,,,,,,,,,43,25,18,,,
03/06/2022 09:00,121,63,58,25,10,15,20,11,9,29,13,16,,,,,,,,,,76,41,35,,,
03/06/2022 10:00,147,73,74,31,20,11,16,6,10,28,9,19,,,,,,,,,,46,23,23,,,
03/06/2022 11:00,183,79,104,27,18,9,23,11,12,29,15,14,,,,,,,,,,61,21,40,,,
03/06/2022 12:00,170,99,71,30,12,18,29,13,16,29,15,14,,,,,,,,,,59,40,19,,,
03/06/2022 13:00,176,100,76,29,21,8,28,15,13,33,16,17,,,,,,,,,,67,28,39,,,
03/06/2022 14:00,172,93,79,52,21,31,39,26,13,20,11,9,,,,,,,,,,54,23,31,,,
03/06/2022 15:00,182,81,101,36,24,12,51,20,31,48,25,23,,,,,,,,,,49,21,28,,,
03/06/2022 16:00,237,106,131,37,15,22,61,29,32,43,16,27,,,,,,,,,,79,42,37,,,
03/06/2022 17:00,199,102,97,53,25,28,38,19,19,27,14,13,,,,,,,,,,72,47,25,,,
03/06/2022 18:00,227,106,121,47,32,15,46,28,18,38,15,23,,,,,,,,,,72,26,46,,,
03/06/2022 19:00,188,97,91,53,30,23,39,14,25,30,20,10,,,,,,,,,,63,30,33,,,
03/06/2022 20:00,148,89,59,38,20,18,44,29,15,13,4,9,,,,,,,,,,48,15,33,,,
03/06/2022 21:00,111,53,58,23,11,12,23,7,16,5,4,1,,,,,,,,,,31,16,15,,,
03/06/2022 22:00,45,31,14,9,2,7,22,11,11,5,2,3,,,,,,,,,,31,15,16,,,
03/06/2022 23:00,14,8,6,5,2,3,9,2,7,5,2,3,,,,,,,,,,10,8,2,,,
04/06/2022 00:00,0,0,0,3,0,3,1,1,0,2,1,1,,,,,,,,,,7,3,4,,,
04/06/2022 01:00,4,1,3,1,1,0,0,0,0,0,0,0,,,,,,,,,,13,9,4,,,
04/06/2022 02:00,6,4,2,0,0,0,4,1,3,0,0,0,,,,,,,,,,4,3,1,,,
04/06/2022 03:00,0,0,0,0,0,0,0,0,0,0,0,0,,,,,,,,,,4,4,0,,,
04/06/2022 04:00,0,0,0,2,2,0,0,0,0,0,0,0,,,,,,,,,,3,2,1,,,
04/06/2022 05:00,3,1,2,2,1,1,0,0,0,0,0,0,,,,,,,,,,3,2,1,,,
04/06/2022 06:00,27,9,18,1,1,0,4,1,3,1,0,1,,,,,,,,,,8,5,3,,,
04/06/2022 07:00,48,22,26,4,3,1,9,7,2,7,4,3,,,,,,,,,,11,4,7,,,
04/06/2022 08:00,79,37,42,40,22,18,22,15,7,16,8,8,,,,,,,,,,27,15,12,,,
04/06/2022 09:00,130,55,75,41,21,20,23,7,16,27,15,12,,,,,,,,,,31,15,16,,,
04/06/2022 10:00,173,97,76,57,28,29,34,24,10,35,14,21,,,,,,,,,,32,12,20,,,
04/06/2022 11:00,235,140,95,63,40,23,48,29,19,35,14,21,,,,,,,,,,50,28,22,,,
04/06/2022 12:00,265,146,119,96,52,44,55,25,30,45,23,22,,,,,,,,,,62,27,35,,,
04/06/2022 13:00,276,154,122,75,50,25,59,43,16,64,40,24,,,,,,,,,,45,21,24,,,
04/06/2022 14:00,296,149,147,70,43,27,69,37,32,38,11,27,,,,,,,,,,61,35,26,,,
04/06/2022 15:00,344,191,153,41,18,23,56,24,32,47,24,23,,,,,,,,,,48,21,27,,,
04/06/2022 16:00,288,152,136,57,30,27,40,19,21,48,18,30,,,,,,,,,,64,44,20,,,
04/06/2022 17:00,216,100,116,58,19,39,59,38,21,28,6,22,,,,,,,,,,79,35,44,,,
04/06/2022 18:00,196,98,98,34,19,15,42,20,22,21,9,12,,,,,,,,,,71,34,37,,,
04/06/2022 19:00,130,58,72,44,28,16,42,21,21,15,4,11,,,,,,,,,,59,29,30,,,
04/06/2022 20:00,134,77,57,18,5,13,27,10,17,21,13,8,,,,,,,,,,28,10,18,,,
04/06/2022 21:00,85,43,42,16,9,7,30,16,14,16,6,10,,,,,,,,,,18,8,10,,,
04/06/2022 22:00,35,24,11,7,1,6,14,4,10,6,1,5,,,,,,,,,,14,10,4,,,
04/06/2022 23:00,7,2,5,7,0,7,6,3,3,7,1,6,,,,,,,,,,11,4,7,,,
05/06/2022 00:00,0,0,0,0,0,0,3,3,0,0,0,0,,,,,,,,,,12,8,4,,,
05/06/2022 01:00,1,0,1,1,1,0,5,5,0,1,1,0,,,,,,,,,,10,8,2,,,
05/06/2022 02:00,1,0,1,0,0,0,0,0,0,0,0,0,,,,,,,,,,45,25,20,,,
05/06/2022 03:00,0,0,0,0,0,0,2,0,2,0,0,0,,,,,,,,,,4,4,0,,,
05/06/2022 04:00,1,1,0,0,0,0,1,0,1,0,0,0,,,,,,,,,,8,2,6,,,
05/06/2022 05:00,0,0,0,2,0,2,0,0,0,2,1,1,,,,,,,,,,2,2,0,,,
05/06/2022 06:00,12,3,9,4,3,1,2,2,0,2,2,0,,,,,,,,,,9,7,2,,,
05/06/2022 07:00,22,11,11,7,4,3,6,5,1,5,1,4,,,,,,,,,,4,1,3,,,
05/06/2022 08:00,71,26,45,14,9,5,14,6,8,4,3,1,,,,,,,,,,15,7,8,,,
05/06/2022 09:00,75,42,33,28,12,16,12,7,5,8,4,4,,,,,,,,,,16,8,8,,,
05/06/2022 10:00,110,58,52,34,21,13,30,13,17,19,11,8,,,,,,,,,,19,8,11,,,
05/06/2022 11:00,162,95,67,28,15,13,35,18,17,25,12,13,,,,,,,,,,23,16,7,,,
05/06/2022 12:00,133,64,69,33,12,21,25,13,12,25,12,13,,,,,,,,,,22,10,12,,,
05/06/2022 13:00,131,57,74,20,6,14,22,11,11,26,9,17,,,,,,,,,,19,5,14,,,
05/06/2022 14:00,83,37,46,12,8,4,9,3,6,27,14,13,,,,,,,,,,23,6,17,,,
05/06/2022 15:00,61,26,35,16,9,7,9,1,8,14,5,9,,,,,,,,,,17,8,9,,,
05/06/2022 16:00,51,28,23,15,7,8,16,7,9,17,10,7,,,,,,,,,,11,6,5,,,
05/06/2022 17:00,43,23,20,10,3,7,10,5,5,13,8,5,,,,,,,,,,11,5,6,,,
05/06/2022 18:00,20,7,13,9,5,4,13,4,9,6,4,2,,,,,,,,,,12,3,9,,,
05/06/2022 19:00,27,10,17,13,6,7,5,3,2,5,1,4,,,,,,,,,,7,3,4,,,
05/06/2022 20:00,21,15,6,5,2,3,7,4,3,9,3,6,,,,,,,,,,11,4,7,,,
05/06/2022 21:00,34,16,18,13,5,8,11,7,4,0,0,0,,,,,,,,,,3,1,2,,,
05/06/2022 22:00,11,4,7,4,0,4,4,3,1,1,1,0,,,,,,,,,,4,1,3,,,
05/06/2022 23:00,6,3,3,0,0,0,4,3,1,1,0,1,,,,,,,,,,14,13,1,,,
06/06/2022 00:00,0,0,0,0,0,0,0,0,0,2,0,2,,,,,,,,,,7,6,1,,,
06/06/2022 01:00,0,0,0,0,0,0,0,0,0,0,0,0,,,,,,,,,,20,18,2,,,
06/06/2022 02:00,1,1,0,2,2,0,2,1,1,0,0,0,,,,,,,,,,15,12,3,,,
06/06/2022 03:00,0,0,0,0,0,0,0,0,0,0,0,0,,,,,,,,,,0,0,0,,,
06/06/2022 04:00,0,0,0,1,1,0,0,0,0,0,0,0,,,,,,,,,,3,1,2,,,
06/06/2022 05:00,4,0,4,2,0,2,0,0,0,1,0,1,,,,,,,,,,9,6,3,,,
06/06/2022 06:00,12,8,4,5,1,4,3,1,2,6,4,2,,,,,,,,,,6,3,3,,,
06/06/2022 07:00,32,10,22,9,7,2,3,2,1,3,1,2,,,,,,,,,,16,3,13,,,
06/06/2022 08:00,83,28,55,30,17,13,25,12,13,9,5,4,,,,,,,,,,18,9,9,,,
06/06/2022 09:00,152,75,77,41,23,18,27,14,13,20,10,10,,,,,,,,,,39,18,21,,,
06/06/2022 10:00,271,119,152,40,16,24,39,16,23,24,13,11,,,,,,,,,,31,21,10,,,
06/06/2022 11:00,351,165,186,73,38,35,38,23,15,50,23,27,,,,,,,,,,47,24,23,,,
06/06/2022 12:00,490,254,236,83,38,45,62,37,25,43,24,19,,,,,,,,,,67,38,29,,,
06/06/2022 13:00,441,223,218,47,35,12,66,34,32,39,14,25,,,,,,,,,,65,27,38,,,
06/06/2022 14:00,531,293,238,90,45,45,73,43,30,45,25,20,,,,,,,,,,45,31,14,,,
06/06/2022 15:00,674,347,327,98,53,45,115,61,54,35,23,12,,,,,,,,,,88,52,36,,,
06/06/2022 16:00,579,298,281,76,28,48,65,25,40,29,9,20,,,,,,,,,,56,27,29,,,
06/06/2022 17:00,480,238,242,144,71,73,91,41,50,40,24,16,,,,,,,,,,87,42,45,,,
06/06/2022 18:00,442,215,227,87,36,51,56,24,32,20,7,13,,,,,,,,,,54,21,33,,,
06/06/2022 19:00,378,164,214,87,52,35,55,27,28,29,15,14,,,,,,,,,,50,26,24,,,
06/06/2022 20:00,275,148,127,62,32,30,50,22,28,7,4,3,,,,,,,,,,45,24,21,,,
06/06/2022 21:00,161,99,62,34,14,20,24,10,14,9,6,3,,,,,,,,,,35,19,16,,,
06/06/2022 22:00,47,20,27,15,3,12,10,6,4,2,2,0,,,,,,,,,,17,12,5,,,
06/06/2022 23:00,16,10,6,4,2,2,5,4,1,2,0,2,,,,,,,,,,13,4,9,,,
07/06/2022 00:00,0,0,0,0,0,0,6,2,4,5,2,3,,,,,,,,,,4,4,0,,,
07/06/2022 01:00,0,0,0,0,0,0,5,1,4,0,0,0,,,,,,,,,,1,1,0,,,
07/06/2022 02:00,0,0,0,0,0,0,0,0,0,0,0,0,,,,,,,,,,1,1,0,,,
07/06/2022 03:00,0,0,0,0,0,0,2,2,0,0,0,0,,,,,,,,,,1,1,0,,,
07/06/2022 04:00,0,0,0,1,1,0,0,0,0,0,0,0,,,,,,,,,,0,0,0,,,
07/06/2022 05:00,9,5,4,4,1,3,2,1,1,6,1,5,,,,,,,,,,2,1,1,,,
07/06/2022 06:00,40,13,27,7,1,6,11,5,6,10,7,3,,,,,,,,,,17,8,9,,,
07/06/2022 07:00,96,45,51,18,10,8,10,7,3,28,15,13,,,,,,,,,,38,20,18,,,
07/06/2022 08:00,123,56,67,31,11,20,32,13,19,31,16,15,,,,,,,,,,43,13,30,,,
07/06/2022 09:00,163,85,78,37,19,18,26,15,11,23,12,11,,,,,,,,,,48,21,27,,,
07/06/2022 10:00,159,81,78,31,18,13,22,10,12,31,15,16,,,,,,,,,,36,24,12,,,
07/06/2022 11:00,202,101,101,32,17,15,23,12,11,46,20,26,,,,,,,,,,51,28,23,,,
07/06/2022 12:00,230,116,114,43,20,23,35,17,18,28,16,12,,,,,,,,,,65,30,35,,,
07/06/2022 13:00,195,99,96,52,33,19,41,24,17,42,23,19,,,,,,,,,,74,25,49,,,
07/06/2022 14:00,175,84,91,35,21,14,45,16,29,35,20,15,,,,,,,,,,45,23,22,,,
07/06/2022 15:00,168,86,82,34,9,25,32,20,12,41,21,20,,,,,,,,,,58,35,23,,,
07/06/2022 16:00,166,88,78,51,34,17,40,23,17,40,24,16,,,,,,,,,,62,29,33,,,
07/06/2022 17:00,147,77,70,60,39,21,41,23,18,41,22,19,,,,,,,,,,109,53,56,,,
07/06/2022 18:00,185,88,97,44,24,20,40,24,16,34,19,15,,,,,,,,,,68,41,27,,,
07/06/2022 19:00,158,79,79,31,19,12,41,21,20,21,16,5,,,,,,,,,,59,31,28,,,
07/06/2022 20:00,64,44,20,14,9,5,16,9,7,18,10,8,,,,,,,,,,40,14,26,,,
07/06/2022 21:00,26,20,6,11,5,6,11,7,4,4,2,2,,,,,,,,,,21,7,14,,,
07/06/2022 22:00,23,13,10,6,3,3,9,4,5,4,2,2,,,,,,,,,,12,6,6,,,
07/06/2022 23:00,7,5,2,2,2,0,5,2,3,0,0,0,,,,,,,,,,5,2,3,,,
08/06/2022 00:00,0,0,0,0,0,0,1,0,1,2,0,2,,,,,,,,,,3,2,1,,,
08/06/2022 01:00,0,0,0,0,0,0,2,1,1,0,0,0,,,,,,,,,,1,1,0,,,
08/06/2022 02:00,2,0,2,0,0,0,2,0,2,0,0,0,,,,,,,,,,2,2,0,,,
08/06/2022 03:00,0,0,0,0,0,0,2,2,0,0,0,0,,,,,,,,,,1,1,0,,,
08/06/2022 04:00,0,0,0,1,1,0,0,0,0,1,1,0,,,,,,,,,,0,0,0,,,
08/06/2022 05:00,9,4,5,0,0,0,1,0,1,1,0,1,,,,,,,,,,3,2,1,,,
08/06/2022 06:00,44,18,26,10,5,5,5,3,2,7,5,2,,,,,,,,,,14,5,9,,,
08/06/2022 07:00,68,36,32,29,15,14,16,12,4,22,10,12,,,,,,,,,,42,22,20,,,
08/06/2022 08:00,124,49,75,44,18,26,26,13,13,24,9,15,,,,,,,,,,92,52,40,,,
08/06/2022 09:00,147,67,80,26,14,12,32,19,13,18,11,7,,,,,,,,,,55,26,29,,,
08/06/2022 10:00,120,64,56,40,26,14,34,17,17,28,15,13,,,,,,,,,,45,23,22,,,
08/06/2022 11:00,128,56,72,28,13,15,16,11,5,42,13,29,,,,,,,,,,58,19,39,,,
08/06/2022 12:00,143,68,75,27,12,15,33,13,20,23,12,11,,,,,,,,,,45,14,31,,,
08/06/2022 13:00,131,68,63,34,20,14,31,17,14,21,9,12,,,,,,,,,,58,25,33,,,
08/06/2022 14:00,100,44,56,24,10,14,16,9,7,42,18,24,,,,,,,,,,64,32,32,,,
08/06/2022 15:00,97,56,41,27,20,7,30,12,18,16,5,11,,,,,,,,,,74,21,53,,,
08/06/2022 16:00,96,42,54,23,11,12,30,17,13,19,10,9,,,,,,,,,,66,23,43,,,
08/06/2022 17:00,97,49,48,32,21,11,60,37,23,46,24,22,,,,,,,,,,88,39,49,,,
08/06/2022 18:00,172,84,88,57,31,26,43,23,20,32,17,15,,,,,,,,,,70,36,34,,,
08/06/2022 19:00,219,130,89,70,27,43,52,29,23,20,10,10,,,,,,,,,,63,28,35,,,
08/06/2022 20:00,206,100,106,60,40,20,38,21,17,25,15,10,,,,,,,,,,36,20,16,,,
08/06/2022 21:00,181,72,109,29,7,22,31,17,14,10,10,0,,,,,,,,,,27,11,16,,,
08/06/2022 22:00,65,35,30,12,6,6,19,12,7,5,4,1,,,,,,,,,,18,11,7,,,
08/06/2022 23:00,15,6,9,5,3,2,23,18,5,5,4,1,,,,,,,,,,2,1,1,,,
09/06/2022 00:00,0,0,0,0,0,0,2,0,2,1,1,0,,,,,,,,,,17,11,6,,,
09/06/2022 01:00,1,0,1,0,0,0,0,0,0,2,1,1,,,,,,,,,,2,0,2,,,
09/06/2022 02:00,0,0,0,0,0,0,0,0,0,0,0,0,,,,,,,,,,0,0,0,,,
09/06/2022 03:00,0,0,0,0,0,0,0,0,0,0,0,0,,,,,,,,,,1,1,0,,,
09/06/2022 04:00,2,0,2,1,1,0,0,0,0,0,0,0,,,,,,,,,,0,0,0,,,
09/06/2022 05:00,11,4,7,1,0,1,2,1,1,2,1,1,,,,,,,,,,7,3,4,,,
09/06/2022 06:00,61,31,30,9,4,5,13,6,7,5,3,2,,,,,,,,,,22,14,8,,,
09/06/2022 07:00,26,11,15,22,12,10,6,0,6,14,9,5,,,,,,,,,,24,9,15,,,
09/06/2022 08:00,32,13,19,12,3,9,16,7,9,15,9,6,,,,,,,,,,33,17,16,,,
09/06/2022 09:00,38,13,25,7,3,4,9,4,5,5,2,3,,,,,,,,,,24,13,11,,,
09/06/2022 10:00,31,16,15,14,9,5,13,9,4,7,4,3,,,,,,,,,,19,8,11,,,
09/06/2022 11:00,68,30,38,22,12,10,24,8,16,13,8,5,,,,,,,,,,22,11,11,,,
09/06/2022 12:00,117,73,44,38,26,12,36,22,14,23,10,13,,,,,,,,,,41,20,21,,,
09/06/2022 13:00,201,116,85,49,20,29,33,15,18,24,14,10,,,,,,,,,,66,43,23,,,
09/06/2022 14:00,161,83,78,17,7,10,33,22,11,15,7,8,,,,,,,,,,103,30,73,,,
09/06/2022 15:00,152,66,86,35,14,21,23,12,11,29,14,15,,,,,,,,,,80,39,41,,,
09/06/2022 16:00,178,100,78,26,17,9,36,22,14,24,8,16,,,,,,,,,,97,40,57,,,
09/06/2022 17:00,169,87,82,44,21,23,60,30,30,44,24,20,,,,,,,,,,101,47,54,,,
09/06/2022 18:00,204,109,95,63,38,25,47,25,22,19,4,15,,,,,,,,,,76,44,32,,,
09/06/2022 19:00,267,105,162,74,36,38,51,22,29,20,9,11,,,,,,,,,,84,41,43,,,
09/06/2022 20:00,284,144,140,78,30,48,44,8,36,34,14,20,,,,,,,,,,87,37,50,,,
09/06/2022 21:00,190,95,95,44,13,31,34,16,18,9,1,8,,,,,,,,,,49,19,30,,,
09/06/2022 22:00,86,55,31,18,4,14,34,14,20,9,5,4,,,,,,,,,,31,11,20,,,
09/06/2022 23:00,16,11,5,7,4,3,12,6,6,4,2,2,,,,,,,,,,14,7,7,,,
10/06/2022 00:00,0,0,0,0,0,0,4,0,4,9,1,8,,,,,,,,,,7,7,0,,,
10/06/2022 01:00,1,0,1,0,0,0,0,0,0,0,0,0,,,,,,,,,,3,1,2,,,
10/06/2022 02:00,1,1,0,0,0,0,0,0,0,0,0,0,,,,,,,,,,0,0,0,,,
10/06/2022 03:00,0,0,0,0,0,0,0,0,0,0,0,0,,,,,,,,,,2,2,0,,,
10/06/2022 04:00,1,1,0,0,0,0,0,0,0,1,0,1,,,,,,,,,,1,1,0,,,
10/06/2022 05:00,13,7,6,0,0,0,0,0,0,3,1,2,,,,,,,,,,8,4,4,,,
10/06/2022 06:00,56,28,28,9,5,4,11,6,5,5,4,1,,,,,,,,,,18,8,10,,,
10/06/2022 07:00,81,54,27,21,12,9,9,5,4,14,6,8,,,,,,,,,,49,24,25,,,
10/06/2022 08:00,122,60,62,33,21,12,29,16,13,34,21,13,,,,,,,,,,83,49,34,,,
10/06/2022 09:00,165,72,93,49,19,30,39,25,14,37,24,13,,,,,,,,,,56,22,34,,,
10/06/2022 10:00,154,86,68,36,16,20,32,16,16,57,22,35,,,,,,,,,,37,14,23,,,
10/06/2022 11:00,170,76,94,48,19,29,27,10,17,29,14,15,,,,,,,,,,62,22,40,,,
10/06/2022 12:00,164,92,72,65,31,34,40,21,19,55,27,28,,,,,,,,,,41,21,20,,,
10/06/2022 13:00,157,78,79,43,20,23,23,14,9,26,11,15,,,,,,,,,,54,31,23,,,
10/06/2022 14:00,100,59,41,18,15,3,29,16,13,18,8,10,,,,,,,,,,68,30,38,,,
10/06/2022 15:00,82,40,42,26,12,14,12,4,8,15,6,9,,,,,,,,,,68,27,41,,,
10/06/2022 16:00,82,37,45,11,6,5,16,6,10,22,10,12,,,,,,,,,,77,36,41,,,
10/06/2022 17:00,131,64,67,39,28,11,46,21,25,25,11,14,,,,,,,,,,65,28,37,,,
10/06/2022 18:00,98,58,40,46,24,22,28,15,13,24,12,12,,,,,,,,,,55,18,37,,,
10/06/2022 19:00,93,50,43,25,15,10,28,11,17,14,7,7,,,,,,,,,,42,18,24,,,
10/06/2022 20:00,77,34,43,13,4,9,11,5,6,4,3,1,,,,,,,,,,44,21,23,,,
10/06/2022 21:00,103,42,61,11,8,3,19,12,7,7,3,4,,,,,,,,,,17,11,6,,,
10/06/2022 22:00,50,28,22,16,10,6,23,13,10,12,8,4,,,,,,,,,,27,20,7,,,
10/06/2022 23:00,15,11,4,10,5,5,4,3,1,6,5,1,,,,,,,,,,12,10,2,,,
11/06/2022 00:00,1,1,0,3,0,3,6,1,5,1,0,1,,,,,,,,,,22,10,12,,,
11/06/2022 01:00,8,5,3,1,1,0,1,0,1,0,0,0,,,,,,,,,,14,12,2,,,
11/06/2022 02:00,6,2,4,0,0,0,3,0,3,0,0,0,,,,,,,,,,3,3,0,,,
11/06/2022 03:00,0,0,0,0,0,0,2,1,1,1,0,1,,,,,,,,,,2,0,2,,,
11/06/2022 04:00,4,0,4,0,0,0,0,0,0,1,0,1,,,,,,,,,,7,6,1,,,
11/06/2022 05:00,2,2,0,0,0,0,2,0,2,1,0,1,,,,,,,,,,3,3,0,,,
11/06/2022 06:00,23,7,16,3,2,1,6,2,4,1,0,1,,,,,,,,,,11,7,4,,,
11/06/2022 07:00,75,39,36,10,5,5,22,16,6,9,5,4,,,,,,,,,,11,4,7,,,
11/06/2022 08:00,115,62,53,44,24,20,28,19,9,16,9,7,,,,,,,,,,30,14,16,,,
11/06/2022 09:00,131,61,70,55,44,11,47,27,20,16,7,9,,,,,,,,,,33,17,16,,,
11/06/2022 10:00,193,100,93,85,57,28,50,25,25,33,14,19,,,,,,,,,,58,35,23,,,
11/06/2022 11:00,229,97,132,98,42,56,33,22,11,38,21,17,,,,,,,,,,52,20,32,,,
11/06/2022 12:00,220,103,117,64,28,36,33,17,16,30,15,15,,,,,,,,,,51,16,35,,,
11/06/2022 13:00,220,119,101,57,30,27,38,24,14,23,9,14,,,,,,,,,,57,23,34,,,
11/06/2022 14:00,265,154,111,53,26,27,51,29,22,38,20,18,,,,,,,,,,65,31,34,,,
11/06/2022 15:00,273,129,144,68,40,28,68,34,34,34,19,15,,,,,,,,,,68,25,43,,,
11/06/2022 16:00,330,165,165,48,17,31,35,14,21,27,12,15,,,,,,,,,,57,22,35,,,
11/06/2022 17:00,247,135,112,49,22,27,46,29,17,33,18,15,,,,,,,,,,39,20,19,,,
11/06/2022 18:00,204,101,103,44,23,21,34,17,17,12,6,6,,,,,,,,,,41,20,21,,,
11/06/2022 19:00,163,88,75,34,15,19,25,16,9,17,11,6,,,,,,,,,,43,22,21,,,
11/06/2022 20:00,124,69,55,26,15,11,19,11,8,7,4,3,,,,,,,,,,31,15,16,,,
11/06/2022 21:00,133,63,70,20,12,8,31,10,21,12,9,3,,,,,,,,,,15,7,8,,,
11/06/2022 22:00,32,13,19,11,9,2,11,4,7,5,4,1,,,,,,,,,,8,3,5,,,
11/06/2022 23:00,17,13,4,15,7,8,10,1,9,0,0,0,,,,,,,,,,14,7,7,,,
12/06/2022 00:00,0,0,0,0,0,0,4,0,4,2,0,2,,,,,,,,,,5,4,1,,,
12/06/2022 01:00,1,0,1,0,0,0,3,0,3,3,0,3,,,,,,,,,,20,16,4,,,
12/06/2022 02:00,1,1,0,0,0,0,2,0,2,0,0,0,,,,,,,,,,4,1,3,,,
12/06/2022 03:00,4,4,0,0,0,0,0,0,0,0,0,0,,,,,,,,,,3,3,0,,,
12/06/2022 04:00,3,3,0,0,0,0,0,0,0,0,0,0,,,,,,,,,,2,2,0,,,
12/06/2022 05:00,4,3,1,0,0,0,0,0,0,1,0,1,,,,,,,,,,3,2,1,,,
12/06/2022 06:00,24,13,11,8,2,6,3,2,1,2,1,1,,,,,,,,,,3,2,1,,,
12/06/2022 07:00,47,21,26,11,6,5,10,4,6,9,3,6,,,,,,,,,,9,5,4,,,
12/06/2022 08:00,103,53,50,27,17,10,20,14,6,23,13,10,,,,,,,,,,24,12,12,,,
12/06/2022 09:00,178,91,87,61,31,30,31,18,13,23,8,15,,,,,,,,,,32,14,18,,,
12/06/2022 10:00,278,143,135,73,48,25,41,23,18,38,25,13,,,,,,,,,,55,30,25,,,
12/06/2022 11:00,367,166,201,90,51,39,64,46,18,45,25,20,,,,,,,,,,51,26,25,,,
12/06/2022 12:00,427,216,211,71,43,28,64,30,34,44,21,23,,,,,,,,,,49,27,22,,,
12/06/2022 13:00,436,198,238,58,33,25,36,26,10,30,17,13,,,,,,,,,,66,28,38,,,
12/06/2022 14:00,457,245,212,75,39,36,52,36,16,45,19,26,,,,,,,,,,77,32,45,,,
12/06/2022 15:00,468,225,243,50,22,28,55,27,28,43,18,25,,,,,,,,,,75,40,35,,,
12/06/2022 16:00,431,228,203,60,29,31,58,33,25,37,19,18,,,,,,,,,,48,18,30,,,
12/06/2022 17:00,304,136,168,46,24,22,33,15,18,22,8,14,,,,,,,,,,40,17,23,,,
12/06/2022 18:00,187,99,88,22,11,11,28,16,12,14,7,7,,,,,,,,,,26,12,14,,,
12/06/2022 19:00,120,61,59,18,9,9,25,11,14,13,3,10,,,,,,,,,,30,10,20,,,
12/06/2022 20:00,74,31,43,23,16,7,19,12,7,11,7,4,,,,,,,,,,28,16,12,,,
12/06/2022 21:00,80,41,39,29,13,16,20,7,13,15,12,3,,,,,,,,,,22,6,16,,,
12/06/2022 22:00,30,18,12,3,0,3,11,5,6,6,2,4,,,,,,,,,,15,8,7,,,
12/06/2022 23:00,9,5,4,4,2,2,3,0,3,1,1,0,,,,,,,,,,11,9,2,,,
13/06/2022 00:00,0,0,0,1,0,1,1,0,1,1,0,1,,,,,,,,,,7,5,2,,,
13/06/2022 01:00,1,0,1,0,0,0,0,0,0,0,0,0,,,,,,,,,,0,0,0,,,
13/06/2022 02:00,1,0,1,0,0,0,0,0,0,0,0,0,,,,,,,,,,0,0,0,,,
13/06/2022 03:00,1,0,1,0,0,0,0,0,0,1,1,0,,,,,,,,,,1,1,0,,,
13/06/2022 04:00,0,0,0,0,0,0,0,0,0,1,1,0,,,,,,,,,,0,0,0,,,
13/06/2022 05:00,8,3,5,1,0,1,1,0,1,1,1,0,,,,,,,,,,6,2,4,,,
13/06/2022 06:00,57,27,30,11,8,3,17,11,6,11,7,4,,,,,,,,,,12,6,6,,,
13/06/2022 07:00,57,29,28,28,6,22,12,5,7,12,7,5,,,,,,,,,,34,16,18,,,
13/06/2022 08:00,85,42,43,26,12,14,25,11,14,30,14,16,,,,,,,,,,83,47,36,,,
13/06/2022 09:00,79,33,46,23,12,11,29,9,20,56,40,16,,,,,,,,,,50,24,26,,,
13/06/2022 10:00,158,77,81,23,14,9,26,13,13,24,14,10,,,,,,,,,,38,16,22,,,
13/06/2022 11:00,161,86,75,40,16,24,24,14,10,27,14,13,,,,,,,,,,48,22,26,,,
13/06/2022 12:00,150,74,76,29,14,15,27,15,12,28,11,17,,,,,,,,,,49,25,24,,,
13/06/2022 13:00,162,83,79,42,23,19,55,25,30,35,20,15,,,,,,,,,,58,34,24,,,
13/06/2022 14:00,149,78,71,70,53,17,41,23,18,26,15,11,,,,,,,,,,74,29,45,,,
13/06/2022 15:00,157,81,76,25,14,11,27,13,14,30,17,13,,,,,,,,,,76,35,41,,,
13/06/2022 16:00,191,86,105,39,21,18,32,12,20,31,17,14,,,,,,,,,,83,35,48,,,
13/06/2022 17:00,169,86,83,42,16,26,48,38,10,38,25,13,,,,,,,,,,88,46,42,,,
13/06/2022 18:00,167,86,81,61,41,20,44,20,24,36,17,19,,,,,,,,,,89,38,51,,,
13/06/2022 19:00,175,95,80,68,31,37,31,20,11,30,17,13,,,,,,,,,,76,34,42,,,
13/06/2022 20:00,174,93,81,30,16,14,27,11,16,20,10,10,,,,,,,,,,46,20,26,,,
13/06/2022 21:00,121,65,56,34,15,19,32,8,24,19,11,8,,,,,,,,,,35,15,20,,,
13/06/2022 22:00,40,25,15,18,9,9,14,4,10,11,5,6,,,,,,,,,,35,22,13,,,
13/06/2022 23:00,14,7,7,8,4,4,7,2,5,6,2,4,,,,,,,,,,60,30,30,,,
14/06/2022 00:00,0,0,0,0,0,0,3,1,2,0,0,0,,,,,,,,,,5,4,1,,,
14/06/2022 01:00,0,0,0,0,0,0,0,0,0,0,0,0,,,,,,,,,,1,1,0,,,
14/06/2022 02:00,0,0,0,1,1,0,0,0,0,0,0,0,,,,,,,,,,0,0,0,,,
14/06/2022 03:00,1,1,0,1,1,0,2,2,0,0,0,0,,,,,,,,,,1,1,0,,,
14/06/2022 04:00,3,2,1,0,0,0,0,0,0,0,0,0,,,,,,,,,,0,0,0,,,
14/06/2022 05:00,5,1,4,0,0,0,2,0,2,2,1,1,,,,,,,,,,6,4,2,,,
14/06/2022 06:00,44,21,23,7,6,1,9,6,3,6,5,1,,,,,,,,,,19,11,8,,,
14/06/2022 07:00,76,39,37,19,11,8,11,5,6,25,12,13,,,,,,,,,,36,15,21,,,
14/06/2022 08:00,107,42,65,28,11,17,34,13,21,41,18,23,,,,,,,,,,85,45,40,,,
14/06/2022 09:00,102,53,49,33,12,21,35,18,17,22,13,9,,,,,,,,,,65,38,27,,,
14/06/2022 10:00,157,76,81,27,14,13,19,10,9,49,27,22,,,,,,,,,,44,24,20,,,
14/06/2022 11:00,167,75,92,37,18,19,33,20,13,19,14,5,,,,,,,,,,65,24,41,,,
14/06/2022 12:00,188,83,105,32,18,14,31,12,19,21,6,15,,,,,,,,,,55,29,26,,,
14/06/2022 13:00,181,87,94,39,17,22,33,16,17,33,14,19,,,,,,,,,,62,29,33,,,
14/06/2022 14:00,143,77,66,38,23,15,24,13,11,27,8,19,,,,,,,,,,77,33,44,,,
14/06/2022 15:00,165,79,86,46,29,17,30,22,8,26,12,14,,,,,,,,,,50,24,26,,,
14/06/2022 16:00,173,86,87,18,9,9,25,18,7,34,19,15,,,,,,,,,,54,26,28,,,
14/06/2022 17:00,189,86,103,38,24,14,63,40,23,36,16,20,,,,,,,,,,67,36,31,,,
14/06/2022 18:00,205,94,111,51,24,27,47,26,21,21,9,12,,,,,,,,,,67,36,31,,,
14/06/2022 19:00,225,118,107,53,30,23,34,21,13,15,9,6,,,,,,,,,,71,36,35,,,
14/06/2022 20:00,193,101,92,55,23,32,25,8,17,19,11,8,,,,,,,,,,66,29,37,,,
14/06/2022 21:00,153,80,73,36,20,16,30,18,12,10,6,4,,,,,,,,,,34,12,22,,,
14/06/2022 22:00,59,32,27,11,3,8,16,7,9,8,6,2,,,,,,,,,,18,10,8,,,
14/06/2022 23:00,21,16,5,8,3,5,4,4,0,2,0,2,,,,,,,,,,7,5,2,,,
15/06/2022 00:00,0,0,0,0,0,0,5,0,5,2,2,0,,,,,,,,,,9,6,3,,,
15/06/2022 01:00,0,0,0,2,1,1,1,0,1,0,0,0,,,,,,,,,,5,4,1,,,
15/06/2022 02:00,1,0,1,0,0,0,0,0,0,0,0,0,,,,,,,,,,1,1,0,,,
15/06/2022 03:00,0,0,0,0,0,0,0,0,0,1,0,1,,,,,,,,,,1,1,0,,,
15/06/2022 04:00,1,1,0,0,0,0,1,1,0,2,2,0,,,,,,,,,,0,0,0,,,
15/06/2022 05:00,6,4,2,0,0,0,1,1,0,5,4,1,,,,,,,,,,5,2,3,,,
15/06/2022 06:00,61,27,34,11,6,5,11,9,2,15,7,8,,,,,,,,,,17,13,4,,,
15/06/2022 07:00,91,44,47,22,11,11,17,5,12,17,9,8,,,,,,,,,,32,10,22,,,
15/06/2022 08:00,130,69,61,38,16,22,41,21,20,26,12,14,,,,,,,,,,90,58,32,,,
15/06/2022 09:00,137,59,78,47,33,14,30,16,14,14,9,5,,,,,,,,,,63,25,38,,,
15/06/2022 10:00,169,82,87,38,21,17,29,16,13,23,13,10,,,,,,,,,,43,22,21,,,
15/06/2022 11:00,163,81,82,72,25,47,39,22,17,30,13,17,,,,,,,,,,54,30,24,,,
15/06/2022 12:00,211,112,99,72,28,44,40,26,14,35,14,21,,,,,,,,,,64,37,27,,,
15/06/2022 13:00,248,119,129,44,23,21,35,23,12,31,15,16,,,,,,,,,,63,34,29,,,
15/06/2022 14:00,203,99,104,31,13,18,48,21,27,28,14,14,,,,,,,,,,89,36,53,,,
15/06/2022 15:00,220,108,112,28,13,15,34,20,14,27,12,15,,,,,,,,,,89,43,46,,,
15/06/2022 16:00,204,103,101,31,15,16,21,12,9,27,16,11,,,,,,,,,,76,39,37,,,
15/06/2022 17:00,181,86,95,48,25,23,58,21,37,36,15,21,,,,,,,,,,89,46,43,,,
15/06/2022 18:00,192,96,96,78,39,39,54,31,23,33,13,20,,,,,,,,,,77,40,37,,,
15/06/2022 19:00,261,125,136,86,32,54,54,30,24,42,26,16,,,,,,,,,,54,28,26,,,
15/06/2022 20:00,289,153,136,37,15,22,40,23,17,20,11,9,,,,,,,,,,37,20,17,,,
15/06/2022 21:00,214,105,109,63,32,31,26,10,16,12,4,8,,,,,,,,,,35,17,18,,,
15/06/2022 22:00,76,36,40,16,12,4,21,11,10,7,4,3,,,,,,,,,,25,10,15,,,
15/06/2022 23:00,28,9,19,11,6,5,10,3,7,3,1,2,,,,,,,,,,7,3,4,,,
16/06/2022 00:00,1,1,0,1,0,1,4,3,1,2,1,1,,,,,,,,,,8,7,1,,,
16/06/2022 01:00,5,1,4,2,1,1,2,0,2,1,0,1,,,,,,,,,,5,5,0,,,
16/06/2022 02:00,6,2,4,1,0,1,0,0,0,0,0,0,,,,,,,,,,0,0,0,,,
16/06/2022 03:00,1,1,0,0,0,0,0,0,0,0,0,0,,,,,,,,,,5,3,2,,,
16/06/2022 04:00,2,0,2,0,0,0,0,0,0,0,0,0,,,,,,,,,,3,1,2,,,
16/06/2022 05:00,15,4,11,3,0,3,1,1,0,1,0,1,,,,,,,,,,6,3,3,,,
16/06/2022 06:00,60,35,25,9,5,4,12,6,6,7,4,3,,,,,,,,,,20,12,8,,,
16/06/2022 07:00,82,42,40,20,11,9,15,11,4,15,9,6,,,,,,,,,,36,15,21,,,
16/06/2022 08:00,134,77,57,35,13,22,27,16,11,42,19,23,,,,,,,,,,76,45,31,,,
16/06/2022 09:00,117,57,60,28,12,16,26,14,12,20,11,9,,,,,,,,,,49,19,30,,,
16/06/2022 10:00,158,93,65,28,14,14,19,10,9,18,9,9,,,,,,,,,,37,21,16,,,
16/06/2022 11:00,224,111,113,35,16,19,36,17,19,29,16,13,,,,,,,,,,46,22,24,,,
16/06/2022 12:00,215,112,103,52,33,19,27,16,11,22,11,11,,,,,,,,,,47,28,19,,,
16/06/2022 13:00,255,106,149,49,24,25,38,22,16,21,14,7,,,,,,,,,,73,43,30,,,
16/06/2022 14:00,205,113,92,41,27,14,20,14,6,21,10,11,,,,,,,,,,101,32,69,,,
16/06/2022 15:00,224,114,110,30,11,19,37,24,13,24,15,9,,,,,,,,,,68,30,38,,,
16/06/2022 16:00,206,86,120,41,24,17,34,23,11,23,10,13,,,,,,,,,,66,31,35,,,
16/06/2022 17:00,205,88,117,58,34,24,63,41,22,28,11,17,,,,,,,,,,88,50,38,,,
16/06/2022 18:00,269,150,119,45,23,22,44,23,21,35,16,19,,,,,,,,,,66,38,28,,,
16/06/2022 19:00,243,122,121,79,27,52,59,29,30,13,4,9,,,,,,,,,,76,35,41,,,
16/06/2022 20:00,231,114,117,30,9,21,32,14,18,16,11,5,,,,,,,,,,63,23,40,,,
16/06/2022 21:00,182,75,107,39,22,17,29,12,17,7,3,4,,,,,,,,,,31,15,16,,,
16/06/2022 22:00,53,30,23,15,7,8,23,9,14,13,8,5,,,,,,,,,,18,6,12,,,
16/06/2022 23:00,21,16,5,7,0,7,6,2,4,2,0,2,,,,,,,,,,8,4,4,,,
17/06/2022 00:00,0,0,0,5,5,0,5,1,4,1,0,1,,,,,,,,,,10,8,2,,,
17/06/2022 01:00,1,0,1,2,2,0,1,0,1,3,0,3,,,,,,,,,,1,0,1,,,
17/06/2022 02:00,0,0,0,0,0,0,0,0,0,0,0,0,,,,,,,,,,1,1,0,,,
17/06/2022 03:00,0,0,0,0,0,0,0,0,0,1,1,0,,,,,,,,,,1,1,0,,,
17/06/2022 04:00,0,0,0,0,0,0,0,0,0,1,1,0,,,,,,,,,,1,0,1,,,
17/06/2022 05:00,16,5,11,2,1,1,0,0,0,1,0,1,,,,,,,,,,5,3,2,,,
17/06/2022 06:00,53,21,32,5,3,2,11,5,6,4,4,0,,,,,,,,,,17,11,6,,,
17/06/2022 07:00,75,39,36,20,10,10,8,6,2,16,8,8,,,,,,,,,,32,18,14,,,
17/06/2022 08:00,113,56,57,36,19,17,26,14,12,34,21,13,,,,,,,,,,80,46,34,,,
17/06/2022 09:00,124,59,65,43,27,16,32,19,13,24,9,15,,,,,,,,,,51,18,33,,,
17/06/2022 10:00,148,77,71,47,26,21,23,10,13,20,12,8,,,,,,,,,,44,20,24,,,
17/06/2022 11:00,174,91,83,42,24,18,42,36,6,25,11,14,,,,,,,,,,44,16,28,,,
17/06/2022 12:00,212,113,99,38,21,17,19,11,8,31,18,13,,,,,,,,,,44,17,27,,,
17/06/2022 13:00,194,96,98,59,32,27,32,16,16,45,19,26,,,,,,,,,,80,35,45,,,
17/06/2022 14:00,266,166,100,51,19,32,49,26,23,34,16,18,,,,,,,,,,86,41,45,,,
17/06/2022 15:00,242,131,111,39,18,21,28,12,16,27,20,7,,,,,,,,,,80,31,49,,,
17/06/2022 16:00,285,127,158,45,30,15,29,20,9,23,7,16,,,,,,,,,,61,23,38,,,
17/06/2022 17:00,166,91,75,45,23,22,47,22,25,37,24,13,,,,,,,,,,86,34,52,,,
17/06/2022 18:00,126,56,70,41,21,20,35,16,19,20,12,8,,,,,,,,,,52,25,27,,,
17/06/2022 19:00,152,77,75,34,21,13,24,15,9,23,10,13,,,,,,,,,,37,18,19,,,
17/06/2022 20:00,117,71,46,20,12,8,23,15,8,14,8,6,,,,,,,,,,20,9,11,,,
17/06/2022 21:00,121,52,69,16,8,8,22,11,11,8,5,3,,,,,,,,,,30,16,14,,,
17/06/2022 22:00,61,27,34,20,11,9,30,13,17,10,5,5,,,,,,,,,,32,15,17,,,
17/06/2022 23:00,37,25,12,4,3,1,7,1,6,5,4,1,,,,,,,,,,15,7,8,,,
18/06/2022 00:00,2,0,2,1,0,1,5,2,3,3,0,3,,,,,,,,,,8,7,1,,,
18/06/2022 01:00,5,5,0,3,1,2,1,1,0,2,0,2,,,,,,,,,,16,12,4,,,
18/06/2022 02:00,1,0,1,2,2,0,2,2,0,0,0,0,,,,,,,,,,6,4,2,,,
18/06/2022 03:00,0,0,0,2,0,2,1,0,1,1,0,1,,,,,,,,,,1,1,0,,,
18/06/2022 04:00,6,3,3,0,0,0,1,0,1,0,0,0,,,,,,,,,,4,3,1,,,
18/06/2022 05:00,5,1,4,5,1,4,3,2,1,0,0,0,,,,,,,,,,2,0,2,,,
18/06/2022 06:00,25,11,14,5,4,1,8,5,3,1,0,1,,,,,,,,,,2,2,0,,,
18/06/2022 07:00,68,32,36,33,25,8,24,13,11,17,9,8,,,,,,,,,,14,5,9,,,
18/06/2022 08:00,99,43,56,34,18,16,31,23,8,29,10,19,,,,,,,,,,35,17,18,,,
18/06/2022 09:00,158,90,68,38,23,15,39,24,15,21,15,6,,,,,,,,,,40,16,24,,,
18/06/2022 10:00,172,94,78,48,31,17,46,32,14,61,33,28,,,,,,,,,,45,20,25,,,
18/06/2022 11:00,245,123,122,53,37,16,34,17,17,47,26,21,,,,,,,,,,62,31,31,,,
18/06/2022 12:00,220,98,122,48,26,22,48,24,24,30,10,20,,,,,,,,,,47,29,18,,,
18/06/2022 13:00,238,130,108,53,28,25,48,26,22,31,14,17,,,,,,,,,,64,36,28,,,
18/06/2022 14:00,468,223,245,65,36,29,41,23,18,30,12,18,,,,,,,,,,62,25,37,,,
18/06/2022 15:00,381,201,180,50,34,16,61,38,23,38,18,20,,,,,,,,,,74,23,51,,,
18/06/2022 16:00,336,134,202,81,50,31,40,18,22,35,12,23,,,,,,,,,,68,26,42,,,
18/06/2022 17:00,267,135,132,54,36,18,46,24,22,38,21,17,,,,,,,,,,58,28,30,,,
18/06/2022 18:00,269,133,136,25,15,10,47,26,21,30,7,23,,,,,,,,,,33,17,16,,,
18/06/2022 19:00,218,105,113,24,11,13,23,7,16,20,10,10,,,,,,,,,,35,12,23,,,
18/06/2022 20:00,185,74,111,16,9,7,20,9,11,15,8,7,,,,,,,,,,30,13,17,,,
18/06/2022 21:00,155,91,64,16,5,11,24,8,16,4,4,0,,,,,,,,,,35,13,22,,,
18/06/2022 22:00,59,38,21,21,13,8,22,13,9,6,4,2,,,,,,,,,,17,8,9,,,
18/06/2022 23:00,19,12,7,4,0,4,6,2,4,5,4,1,,,,,,,,,,26,15,11,,,
19/06/2022 00:00,2,0,2,5,4,1,2,1,1,4,2,2,,,,,,,,,,9,5,4,,,
19/06/2022 01:00,3,1,2,0,0,0,4,0,4,4,4,0,,,,,,,,,,19,11,8,,,
19/06/2022 02:00,2,1,1,3,2,1,1,1,0,0,0,0,,,,,,,,,,4,1,3,,,
19/06/2022 03:00,1,0,1,1,0,1,2,0,2,0,0,0,,,,,,,,,,5,0,5,,,
19/06/2022 04:00,1,1,0,0,0,0,1,1,0,0,0,0,,,,,,,,,,3,1,2,,,
19/06/2022 05:00,2,1,1,1,1,0,0,0,0,1,0,1,,,,,,,,,,8,4,4,,,
19/06/2022 06:00,21,5,16,4,1,3,4,0,4,4,3,1,,,,,,,,,,0,0,0,,,
19/06/2022 07:00,47,19,28,15,12,3,11,8,3,3,1,2,,,,,,,,,,11,2,9,,,
19/06/2022 08:00,88,43,45,36,23,13,21,11,10,15,12,3,,,,,,,,,,25,17,8,,,
19/06/2022 09:00,147,76,71,36,17,19,29,15,14,18,7,11,,,,,,,,,,18,8,10,,,
19/06/2022 10:00,265,158,107,48,30,18,48,29,19,29,20,9,,,,,,,,,,41,23,18,,,
19/06/2022 11:00,338,180,158,52,32,20,69,27,42,45,20,25,,,,,,,,,,59,40,19,,,
19/06/2022 12:00,455,244,211,47,28,19,54,33,21,42,19,23,,,,,,,,,,66,22,44,,,
19/06/2022 13:00,586,309,277,53,25,28,68,43,25,42,19,23,,,,,,,,,,64,30,34,,,
19/06/2022 14:00,538,306,232,86,41,45,73,36,37,36,23,13,,,,,,,,,,60,33,27,,,
19/06/2022 15:00,653,358,295,85,44,41,71,39,32,46,21,25,,,,,,,,,,70,29,41,,,
19/06/2022 16:00,486,262,224,93,46,47,65,36,29,45,23,22,,,,,,,,,,28,12,16,,,
19/06/2022 17:00,339,183,156,75,32,43,51,32,19,24,16,8,,,,,,,,,,45,19,26,,,
19/06/2022 18:00,238,120,118,31,16,15,37,15,22,35,19,16,,,,,,,,,,27,13,14,,,
19/06/2022 19:00,218,114,104,36,12,24,25,13,12,23,12,11,,,,,,,,,,40,25,15,,,
19/06/2022 20:00,163,75,88,29,15,14,14,5,9,24,11,13,,,,,,,,,,48,22,26,,,
19/06/2022 21:00,95,51,44,16,7,9,24,5,19,9,7,2,,,,,,,,,,30,20,10,,,
19/06/2022 22:00,43,21,22,14,6,8,10,4,6,6,3,3,,,,,,,,,,11,4,7,,,
19/06/2022 23:00,17,6,11,1,0,1,1,0,1,3,0,3,,,,,,,,,,20,11,9,,,
20/06/2022 00:00,0,0,0,2,0,2,6,1,5,0,0,0,,,,,,,,,,12,12,0,,,
20/06/2022 01:00,1,0,1,0,0,0,0,0,0,0,0,0,,,,,,,,,,4,2,2,,,
20/06/2022 02:00,0,0,0,0,0,0,0,0,0,0,0,0,,,,,,,,,,4,0,4,,,
20/06/2022 03:00,0,0,0,0,0,0,0,0,0,0,0,0,,,,,,,,,,3,3,0,,,
20/06/2022 04:00,1,1,0,0,0,0,0,0,0,0,0,0,,,,,,,,,,3,1,2,,,
20/06/2022 05:00,8,2,6,1,0,1,0,0,0,1,0,1,,,,,,,,,,5,2,3,,,
20/06/2022 06:00,57,25,32,15,7,8,22,11,11,9,6,3,,,,,,,,,,9,3,6,,,
20/06/2022 07:00,74,32,42,21,13,8,16,9,7,22,7,15,,,,,,,,,,34,16,18,,,
20/06/2022 08:00,132,61,71,40,22,18,41,25,16,31,16,15,,,,,,,,,,74,38,36,,,
20/06/2022 09:00,140,79,61,62,23,39,21,10,11,24,10,14,,,,,,,,,,66,37,29,,,
20/06/2022 10:00,128,70,58,43,23,20,28,15,13,30,20,10,,,,,,,,,,31,10,21,,,
20/06/2022 11:00,268,143,125,31,12,19,25,16,9,22,12,10,,,,,,,,,,46,28,18,,,
20/06/2022 12:00,269,141,128,56,35,21,45,22,23,40,23,17,,,,,,,,,,66,37,29,,,
20/06/2022 13:00,266,141,125,69,46,23,54,29,25,53,11,42,,,,,,,,,,51,34,17,,,
20/06/2022 14:00,227,107,120,45,23,22,56,30,26,33,19,14,,,,,,,,,,116,57,59,,,
20/06/2022 15:00,322,191,131,67,36,31,31,15,16,31,14,17,,,,,,,,,,61,37,24,,,
20/06/2022 16:00,404,234,170,65,41,24,54,26,28,25,9,16,,,,,,,,,,89,49,40,,,
20/06/2022 17:00,370,176,194,100,60,40,73,43,30,40,28,12,,,,,,,,,,84,57,27,,,
20/06/2022 18:00,488,248,240,161,94,67,63,36,27,40,17,23,,,,,,,,,,88,46,42,,,
20/06/2022 19:00,496,245,251,184,88,96,81,48,33,28,18,10,,,,,,,,,,103,47,56,,,
20/06/2022 20:00,481,221,260,130,46,84,25,6,19,23,13,10,,,,,,,,,,62,33,29,,,
20/06/2022 21:00,242,123,119,53,15,38,31,9,22,15,5,10,,,,,,,,,,34,19,15,,,
20/06/2022 22:00,105,53,52,21,9,12,23,12,11,11,6,5,,,,,,,,,,19,13,6,,,
20/06/2022 23:00,16,8,8,7,5,2,9,5,4,2,1,1,,,,,,,,,,17,8,9,,,
21/06/2022 00:00,0,0,0,0,0,0,2,0,2,1,0,1,,,,,,,,,,16,13,3,,,
21/06/2022 01:00,2,1,1,0,0,0,4,0,4,0,0,0,,,,,,,,,,1,1,0,,,
21/06/2022 02:00,0,0,0,0,0,0,0,0,0,0,0,0,,,,,,,,,,4,4,0,,,
21/06/2022 03:00,0,0,0,0,0,0,0,0,0,0,0,0,,,,,,,,,,0,0,0,,,
21/06/2022 04:00,2,1,1,3,2,1,0,0,0,0,0,0,,,,,,,,,,1,1,0,,,
21/06/2022 05:00,9,5,4,4,1,3,5,4,1,3,1,2,,,,,,,,,,6,3,3,,,
21/06/2022 06:00,40,22,18,12,6,6,12,7,5,12,8,4,,,,,,,,,,13,5,8,,,
21/06/2022 07:00,65,27,38,25,10,15,22,9,13,17,9,8,,,,,,,,,,34,19,15,,,
21/06/2022 08:00,114,55,59,37,10,27,24,12,12,34,12,22,,,,,,,,,,80,40,40,,,
21/06/2022 09:00,125,64,61,19,9,10,21,12,9,28,14,14,,,,,,,,,,45,20,25,,,
21/06/2022 10:00,114,66,48,35,16,19,25,14,11,19,10,9,,,,,,,,,,34,14,20,,,
21/06/2022 11:00,143,69,74,52,29,23,23,15,8,29,17,12,,,,,,,,,,44,14,30,,,
21/06/2022 12:00,154,66,88,46,24,22,49,31,18,26,14,12,,,,,,,,,,59,33,26,,,
21/06/2022 13:00,193,98,95,38,24,14,38,20,18,47,25,22,,,,,,,,,,62,33,29,,,
21/06/2022 14:00,173,92,81,41,18,23,22,13,9,16,10,6,,,,,,,,,,92,55,37,,,
21/06/2022 15:00,189,88,101,36,10,26,23,8,15,23,18,5,,,,,,,,,,50,24,26,,,
21/06/2022 16:00,197,97,100,47,25,22,29,17,12,26,13,13,,,,,,,,,,55,26,29,,,
21/06/2022 17:00,183,83,100,48,30,18,73,41,32,24,15,9,,,,,,,,,,79,47,32,,,
21/06/2022 18:00,235,113,122,80,59,21,60,43,17,26,13,13,,,,,,,,,,85,37,48,,,
21/06/2022 19:00,244,123,121,112,77,35,31,15,16,26,15,11,,,,,,,,,,77,37,40,,,
21/06/2022 20:00,289,143,146,95,47,48,48,29,19,12,5,7,,,,,,,,,,65,33,32,,,
21/06/2022 21:00,217,92,125,32,17,15,24,7,17,14,10,4,,,,,,,,,,53,23,30,,,
21/06/2022 22:00,101,54,47,31,6,25,25,13,12,9,8,1,,,,,,,,,,29,13,16,,,
21/06/2022 23:00,28,11,17,4,1,3,6,3,3,11,2,9,,,,,,,,,,19,14,5,,,
22/06/2022 00:00,0,0,0,0,0,0,1,0,1,0,0,0,,,,,,,,,,8,5,3,,,
22/06/2022 01:00,3,1,2,6,2,4,4,0,4,0,0,0,,,,,,,,,,2,2,0,,,
22/06/2022 02:00,0,0,0,6,0,6,2,2,0,0,0,0,,,,,,,,,,0,0,0,,,
22/06/2022 03:00,0,0,0,0,0,0,0,0,0,0,0,0,,,,,,,,,,0,0,0,,,
22/06/2022 04:00,0,0,0,0,0,0,2,2,0,0,0,0,,,,,,,,,,2,1,1,,,
22/06/2022 05:00,7,4,3,1,1,0,0,0,0,2,1,1,,,,,,,,,,9,5,4,,,
22/06/2022 06:00,57,27,30,10,5,5,9,7,2,12,8,4,,,,,,,,,,19,10,9,,,
22/06/2022 07:00,73,37,36,16,7,9,7,4,3,18,12,6,,,,,,,,,,39,14,25,,,
22/06/2022 08:00,113,41,72,40,19,21,30,16,14,29,14,15,,,,,,,,,,83,49,34,,,
22/06/2022 09:00,138,67,71,22,14,8,19,13,6,13,4,9,,,,,,,,,,52,17,35,,,
22/06/2022 10:00,77,42,35,23,12,11,20,14,6,17,12,5,,,,,,,,,,24,13,11,,,
22/06/2022 11:00,133,54,79,44,32,12,28,15,13,26,18,8,,,,,,,,,,32,16,16,,,
22/06/2022 12:00,133,66,67,35,20,15,32,17,15,32,17,15,,,,,,,,,,42,21,21,,,
22/06/2022 13:00,129,62,67,32,23,9,48,29,19,28,13,15,,,,,,,,,,53,24,29,,,
22/06/2022 14:00,126,68,58,36,24,12,27,16,11,31,11,20,,,,,,,,,,71,28,43,,,
22/06/2022 15:00,163,81,82,26,18,8,36,14,22,28,17,11,,,,,,,,,,54,27,27,,,
22/06/2022 16:00,207,95,112,28,14,14,34,15,19,42,22,20,,,,,,,,,,68,33,35,,,
22/06/2022 17:00,167,78,89,37,19,18,48,30,18,54,21,33,,,,,,,,,,72,37,35,,,
22/06/2022 18:00,178,93,85,42,25,17,39,21,18,33,15,18,,,,,,,,,,68,34,34,,,
22/06/2022 19:00,226,107,119,54,33,21,34,19,15,25,14,11,,,,,,,,,,52,28,24,,,
22/06/2022 20:00,305,154,151,61,21,40,37,17,20,22,14,8,,,,,,,,,,57,32,25,,,
22/06/2022 21:00,184,86,98,52,25,27,42,15,27,20,11,9,,,,,,,,,,45,18,27,,,
22/06/2022 22:00,77,48,29,30,15,15,24,9,15,12,4,8,,,,,,,,,,11,7,4,,,
22/06/2022 23:00,25,13,12,8,2,6,11,4,7,7,2,5,,,,,,,,,,15,6,9,,,
23/06/2022 00:00,1,1,0,0,0,0,10,4,6,4,1,3,,,,,,,,,,4,4,0,,,
23/06/2022 01:00,5,2,3,0,0,0,0,0,0,0,0,0,,,,,,,,,,4,3,1,,,
23/06/2022 02:00,0,0,0,0,0,0,1,0,1,0,0,0,,,,,,,,,,1,0,1,,,
23/06/2022 03:00,1,0,1,0,0,0,0,0,0,0,0,0,,,,,,,,,,1,1,0,,,
23/06/2022 04:00,0,0,0,0,0,0,1,1,0,0,0,0,,,,,,,,,,1,1,0,,,
23/06/2022 05:00,8,2,6,4,2,2,1,1,0,1,0,1,,,,,,,,,,6,1,5,,,
23/06/2022 06:00,59,27,32,10,4,6,10,7,3,10,6,4,,,,,,,,,,10,6,4,,,
23/06/2022 07:00,90,54,36,22,8,14,17,6,11,16,9,7,,,,,,,,,,31,13,18,,,
23/06/2022 08:00,101,48,53,42,21,21,37,15,22,29,15,14,,,,,,,,,,76,39,37,,,
23/06/2022 09:00,111,51,60,25,18,7,42,25,17,18,10,8,,,,,,,,,,51,23,28,,,
23/06/2022 10:00,110,51,59,41,21,20,23,12,11,27,14,13,,,,,,,,,,32,10,22,,,
23/06/2022 11:00,174,87,87,59,32,27,33,8,25,19,10,9,,,,,,,,,,51,25,26,,,
23/06/2022 12:00,201,110,91,40,22,18,38,21,17,22,11,11,,,,,,,,,,48,17,31,,,
23/06/2022 13:00,185,90,95,51,23,28,59,38,21,30,13,17,,,,,,,,,,47,23,24,,,
23/06/2022 14:00,206,110,96,16,5,11,26,15,11,20,9,11,,,,,,,,,,81,33,48,,,
23/06/2022 15:00,246,108,138,40,25,15,42,13,29,33,23,10,,,,,,,,,,45,23,22,,,
23/06/2022 16:00,219,127,92,34,20,14,34,22,12,19,5,14,,,,,,,,,,75,27,48,,,
23/06/2022 17:00,147,74,73,42,23,19,68,44,24,31,19,12,,,,,,,,,,64,37,27,,,
23/06/2022 18:00,218,118,100,49,30,19,44,28,16,16,10,6,,,,,,,,,,88,44,44,,,
23/06/2022 19:00,289,156,133,78,42,36,46,21,25,25,13,12,,,,,,,,,,88,44,44,,,
23/06/2022 20:00,311,154,157,70,42,28,61,35,26,10,4,6,,,,,,,,,,56,25,31,,,
23/06/2022 21:00,246,105,141,53,18,35,31,10,21,14,7,7,,,,,,,,,,63,29,34,,,
23/06/2022 22:00,111,63,48,22,11,11,17,9,8,5,4,1,,,,,,,,,,36,12,24,,,
23/06/2022 23:00,44,24,20,8,2,6,5,2,3,2,1,1,,,,,,,,,,25,7,18,,,
24/06/2022 00:00,1,0,1,3,3,0,3,0,3,1,1,0,,,,,,,,,,15,11,4,,,
24/06/2022 01:00,2,1,1,0,0,0,1,0,1,1,0,1,,,,,,,,,,7,2,5,,,
24/06/2022 02:00,1,0,1,0,0,0,0,0,0,0,0,0,,,,,,,,,,3,0,3,,,
24/06/2022 03:00,0,0,0,1,0,1,0,0,0,0,0,0,,,,,,,,,,0,0,0,,,
24/06/2022 04:00,1,1,0,0,0,0,0,0,0,0,0,0,,,,,,,,,,2,1,1,,,
24/06/2022 05:00,9,6,3,5,2,3,0,0,0,1,0,1,,,,,,,,,,5,2,3,,,
24/06/2022 06:00,58,28,30,11,8,3,8,4,4,10,6,4,,,,,,,,,,7,4,3,,,
24/06/2022 07:00,67,35,32,11,7,4,13,8,5,14,7,7,,,,,,,,,,37,18,19,,,
24/06/2022 08:00,139,56,83,36,18,18,31,14,17,24,15,9,,,,,,,,,,65,33,32,,,
24/06/2022 09:00,112,49,63,33,21,12,32,18,14,34,17,17,,,,,,,,,,43,17,26,,,
24/06/2022 10:00,143,85,58,48,26,22,29,14,15,27,12,15,,,,,,,,,,35,18,17,,,
24/06/2022 11:00,175,87,88,39,18,21,40,28,12,15,10,5,,,,,,,,,,47,26,21,,,
24/06/2022 12:00,214,116,98,26,9,17,65,23,42,26,9,17,,,,,,,,,,45,18,27,,,
24/06/2022 13:00,151,74,77,34,17,17,28,15,13,39,24,15,,,,,,,,,,47,23,24,,,
24/06/2022 14:00,134,86,48,30,12,18,13,7,6,29,15,14,,,,,,,,,,83,30,53,,,
24/06/2022 15:00,120,55,65,27,16,11,25,16,9,21,6,15,,,,,,,,,,51,25,26,,,
24/06/2022 16:00,116,66,50,45,27,18,32,12,20,29,18,11,,,,,,,,,,53,24,29,,,
24/06/2022 17:00,64,33,31,33,14,19,28,11,17,25,12,13,,,,,,,,,,42,23,19,,,
24/06/2022 18:00,49,24,25,20,11,9,26,15,11,10,6,4,,,,,,,,,,30,9,21,,,
24/06/2022 19:00,34,17,17,17,10,7,12,3,9,12,9,3,,,,,,,,,,18,8,10,,,
24/06/2022 20:00,64,29,35,21,9,12,19,10,9,7,1,6,,,,,,,,,,25,15,10,,,
24/06/2022 21:00,101,42,59,21,11,10,29,14,15,14,8,6,,,,,,,,,,47,23,24,,,
24/06/2022 22:00,42,23,19,16,2,14,21,13,8,6,2,4,,,,,,,,,,19,10,9,,,
24/06/2022 23:00,18,10,8,6,3,3,10,7,3,2,0,2,,,,,,,,,,18,10,8,,,
25/06/2022 00:00,0,0,0,3,2,1,9,5,4,0,0,0,,,,,,,,,,13,7,6,,,
25/06/2022 01:00,1,0,1,6,0,6,3,2,1,2,2,0,,,,,,,,,,16,11,5,,,
25/06/2022 02:00,1,1,0,0,0,0,4,3,1,1,0,1,,,,,,,,,,5,2,3,,,
25/06/2022 03:00,0,0,0,0,0,0,0,0,0,1,0,1,,,,,,,,,,5,2,3,,,
25/06/2022 04:00,2,2,0,0,0,0,0,0,0,0,0,0,,,,,,,,,,3,2,1,,,
25/06/2022 05:00,2,0,2,0,0,0,3,3,0,0,0,0,,,,,,,,,,1,0,1,,,
25/06/2022 06:00,21,3,18,7,3,4,3,0,3,5,3,2,,,,,,,,,,1,1,0,,,
25/06/2022 07:00,78,45,33,18,12,6,19,9,10,7,2,5,,,,,,,,,,15,8,7,,,
25/06/2022 08:00,157,100,57,44,28,16,33,25,8,13,8,5,,,,,,,,,,27,17,10,,,
25/06/2022 09:00,163,76,87,53,29,24,43,23,20,22,12,10,,,,,,,,,,36,16,20,,,
25/06/2022 10:00,214,125,89,80,48,32,44,25,19,34,14,20,,,,,,,,,,57,26,31,,,
25/06/2022 11:00,218,109,109,66,23,43,51,32,19,30,20,10,,,,,,,,,,79,32,47,,,
25/06/2022 12:00,254,126,128,98,52,46,61,35,26,43,21,22,,,,,,,,,,48,23,25,,,
25/06/2022 13:00,230,127,103,73,35,38,44,24,20,29,12,17,,,,,,,,,,42,22,20,,,
25/06/2022 14:00,193,93,100,81,51,30,47,28,19,14,7,7,,,,,,,,,,39,17,22,,,
25/06/2022 15:00,265,142,123,63,29,34,54,23,31,36,12,24,,,,,,,,,,40,20,20,,,
25/06/2022 16:00,222,108,114,49,35,14,39,20,19,30,14,16,,,,,,,,,,43,17,26,,,
25/06/2022 17:00,205,116,89,44,17,27,42,29,13,36,17,19,,,,,,,,,,48,28,20,,,
25/06/2022 18:00,106,58,48,26,14,12,20,12,8,23,13,10,,,,,,,,,,29,10,19,,,
25/06/2022 19:00,104,56,48,31,12,19,25,16,9,17,4,13,,,,,,,,,,36,15,21,,,
25/06/2022 20:00,97,35,62,25,7,18,24,7,17,15,8,7,,,,,,,,,,23,13,10,,,
25/06/2022 21:00,55,34,21,13,7,6,9,5,4,6,5,1,,,,,,,,,,22,12,10,,,
25/06/2022 22:00,26,13,13,6,3,3,14,5,9,7,3,4,,,,,,,,,,9,2,7,,,
25/06/2022 23:00,9,9,0,3,2,1,6,1,5,2,1,1,,,,,,,,,,1,1,0,,,
26/06/2022 00:00,0,0,0,1,0,1,6,5,1,2,2,0,,,,,,,,,,6,6,0,,,
26/06/2022 01:00,1,0,1,2,2,0,4,1,3,2,2,0,,,,,,,,,,12,8,4,,,
26/06/2022 02:00,1,1,0,0,0,0,0,0,0,0,0,0,,,,,,,,,,2,2,0,,,
26/06/2022 03:00,2,2,0,0,0,0,2,1,1,1,0,1,,,,,,,,,,5,3,2,,,
26/06/2022 04:00,7,1,6,0,0,0,1,0,1,1,1,0,,,,,,,,,,2,2,0,,,
26/06/2022 05:00,2,1,1,1,0,1,7,0,7,0,0,0,,,,,,,,,,0,0,0,,,
26/06/2022 06:00,8,3,5,3,1,2,5,4,1,1,1,0,,,,,,,,,,1,1,0,,,
26/06/2022 07:00,14,4,10,4,3,1,5,3,2,7,2,5,,,,,,,,,,26,5,21,,,
26/06/2022 08:00,52,26,26,19,11,8,19,10,9,10,6,4,,,,,,,,,,12,5,7,,,
26/06/2022 09:00,124,58,66,49,28,21,30,16,14,16,6,10,,,,,,,,,,23,13,10,,,
26/06/2022 10:00,223,100,123,63,44,19,48,28,20,34,17,17,,,,,,,,,,50,25,25,,,
26/06/2022 11:00,386,196,190,74,41,33,65,41,24,36,19,17,,,,,,,,,,31,16,15,,,
26/06/2022 12:00,437,225,212,93,45,48,70,38,32,42,19,23,,,,,,,,,,55,29,26,,,
26/06/2022 13:00,416,224,192,105,58,47,64,42,22,41,25,16,,,,,,,,,,43,19,24,,,
26/06/2022 14:00,483,223,260,56,31,25,56,33,23,44,16,28,,,,,,,,,,48,24,24,,,
26/06/2022 15:00,434,220,214,50,24,26,52,22,30,30,14,16,,,,,,,,,,60,24,36,,,
26/06/2022 16:00,158,87,71,31,15,16,33,19,14,19,12,7,,,,,,,,,,36,29,7,,,
26/06/2022 17:00,123,68,55,19,9,10,20,12,8,16,8,8,,,,,,,,,,37,16,21,,,
26/06/2022 18:00,166,87,79,29,14,15,39,21,18,28,17,11,,,,,,,,,,26,11,15,,,
26/06/2022 19:00,148,71,77,36,21,15,30,14,16,15,9,6,,,,,,,,,,33,17,16,,,
26/06/2022 20:00,136,67,69,34,13,21,35,24,11,8,2,6,,,,,,,,,,45,11,34,,,
26/06/2022 21:00,91,49,42,14,5,9,21,6,15,5,2,3,,,,,,,,,,32,16,16,,,
26/06/2022 22:00,43,17,26,3,3,0,8,6,2,5,4,1,,,,,,,,,,15,11,4,,,
26/06/2022 23:00,15,5,10,8,6,2,5,1,4,2,2,0,,,,,,,,,,10,7,3,,,
27/06/2022 00:00,1,0,1,0,0,0,4,1,3,0,0,0,,,,,,,,,,11,5,6,,,
27/06/2022 01:00,4,3,1,0,0,0,0,0,0,4,0,4,,,,,,,,,,3,3,0,,,
27/06/2022 02:00,0,0,0,1,1,0,0,0,0,0,0,0,,,,,,,,,,1,0,1,,,
27/06/2022 03:00,0,0,0,0,0,0,0,0,0,0,0,0,,,,,,,,,,2,1,1,,,
27/06/2022 04:00,0,0,0,0,0,0,0,0,0,0,0,0,,,,,,,,,,0,0,0,,,
27/06/2022 05:00,7,3,4,1,1,0,0,0,0,1,0,1,,,,,,,,,,6,2,4,,,
27/06/2022 06:00,50,17,33,7,5,2,7,7,0,5,3,2,,,,,,,,,,8,6,2,,,
27/06/2022 07:00,63,31,32,30,16,14,11,5,6,13,6,7,,,,,,,,,,27,11,16,,,
27/06/2022 08:00,130,60,70,36,18,18,39,27,12,26,11,15,,,,,,,,,,72,48,24,,,
27/06/2022 09:00,114,63,51,47,28,19,37,25,12,37,25,12,,,,,,,,,,45,19,26,,,
27/06/2022 10:00,160,73,87,43,13,30,22,15,7,46,30,16,,,,,,,,,,53,26,27,,,
27/06/2022 11:00,211,104,107,53,38,15,27,13,14,19,5,14,,,,,,,,,,48,17,31,,,
27/06/2022 12:00,144,73,71,32,17,15,26,14,12,34,18,16,,,,,,,,,,62,35,27,,,
27/06/2022 13:00,210,87,123,52,21,31,54,33,21,37,20,17,,,,,,,,,,58,23,35,,,
27/06/2022 14:00,180,98,82,35,20,15,28,17,11,26,15,11,,,,,,,,,,87,37,50,,,
27/06/2022 15:00,201,103,98,40,23,17,27,11,16,30,16,14,,,,,,,,,,50,23,27,,,
27/06/2022 16:00,197,88,109,31,14,17,18,11,7,28,17,11,,,,,,,,,,61,31,30,,,
27/06/2022 17:00,181,80,101,39,31,8,84,55,29,28,19,9,,,,,,,,,,74,22,52,,,
27/06/2022 18:00,153,78,75,44,24,20,31,14,17,32,12,20,,,,,,,,,,72,45,27,,,
27/06/2022 19:00,154,73,81,48,26,22,34,13,21,28,16,12,,,,,,,,,,56,29,27,,,
27/06/2022 20:00,162,89,73,40,19,21,20,9,11,23,12,11,,,,,,,,,,52,20,32,,,
27/06/2022 21:00,93,49,44,22,13,9,17,6,11,13,9,4,,,,,,,,,,37,22,15,,,
27/06/2022 22:00,35,19,16,12,4,8,14,9,5,5,2,3,,,,,,,,,,16,7,9,,,
27/06/2022 23:00,9,6,3,6,2,4,11,4,7,3,1,2,,,,,,,,,,10,7,3,,,
28/06/2022 00:00,0,0,0,1,1,0,2,1,1,0,0,0,,,,,,,,,,4,3,1,,,
28/06/2022 01:00,4,1,3,1,1,0,4,1,3,0,0,0,,,,,,,,,,1,0,1,,,
28/06/2022 02:00,0,0,0,2,0,2,6,0,6,0,0,0,,,,,,,,,,2,0,2,,,
28/06/2022 03:00,0,0,0,0,0,0,0,0,0,0,0,0,,,,,,,,,,0,0,0,,,
28/06/2022 04:00,0,0,0,0,0,0,1,1,0,0,0,0,,,,,,,,,,3,3,0,,,
28/06/2022 05:00,5,1,4,1,0,1,0,0,0,4,1,3,,,,,,,,,,4,3,1,,,
28/06/2022 06:00,29,13,16,10,6,4,6,4,2,8,5,3,,,,,,,,,,6,3,3,,,
28/06/2022 07:00,36,20,16,11,3,8,11,5,6,21,10,11,,,,,,,,,,22,11,11,,,
28/06/2022 08:00,23,12,11,20,11,9,13,8,5,12,5,7,,,,,,,,,,41,25,16,,,
28/06/2022 09:00,15,8,7,13,8,5,13,4,9,15,9,6,,,,,,,,,,19,7,12,,,
28/06/2022 10:00,22,8,14,8,6,2,7,4,3,11,7,4,,,,,,,,,,24,11,13,,,
28/06/2022 11:00,35,17,18,7,3,4,7,2,5,18,4,14,,,,,,,,,,24,13,11,,,
28/06/2022 12:00,67,42,25,14,7,7,23,15,8,13,4,9,,,,,,,,,,24,9,15,,,
28/06/2022 13:00,130,58,72,24,15,9,31,20,11,22,14,8,,,,,,,,,,39,17,22,,,
28/06/2022 14:00,145,65,80,15,10,5,22,11,11,28,11,17,,,,,,,,,,43,18,25,,,
28/06/2022 15:00,131,58,73,36,22,14,33,15,18,29,10,19,,,,,,,,,,67,34,33,,,
28/06/2022 16:00,252,127,125,23,15,8,35,22,13,26,12,14,,,,,,,,,,50,26,24,,,
28/06/2022 17:00,197,100,97,62,35,27,54,31,23,41,20,21,,,,,,,,,,64,27,37,,,
28/06/2022 18:00,210,112,98,51,32,19,53,33,20,27,12,15,,,,,,,,,,69,38,31,,,
28/06/2022 19:00,243,130,113,47,20,27,39,18,21,23,10,13,,,,,,,,,,78,35,43,,,
28/06/2022 20:00,255,129,126,31,16,15,38,24,14,17,10,7,,,,,,,,,,51,23,28,,,
28/06/2022 21:00,185,97,88,32,13,19,24,8,16,17,13,4,,,,,,,,,,36,13,23,,,
28/06/2022 22:00,64,40,24,20,9,11,15,3,12,7,4,3,,,,,,,,,,23,11,12,,,
28/06/2022 23:00,21,9,12,1,0,1,14,4,10,0,0,0,,,,,,,,,,14,10,4,,,
29/06/2022 00:00,0,0,0,3,1,2,13,3,10,1,1,0,,,,,,,,,,14,13,1,,,
29/06/2022 01:00,0,0,0,1,0,1,0,0,0,0,0,0,,,,,,,,,,2,1,1,,,
29/06/2022 02:00,0,0,0,3,0,3,0,0,0,0,0,0,,,,,,,,,,2,0,2,,,
29/06/2022 03:00,1,1,0,0,0,0,1,0,1,0,0,0,,,,,,,,,,1,1,0,,,
29/06/2022 04:00,0,0,0,0,0,0,0,0,0,0,0,0,,,,,,,,,,1,1,0,,,
29/06/2022 05:00,11,6,5,3,1,2,4,2,2,1,0,1,,,,,,,,,,8,5,3,,,
29/06/2022 06:00,51,19,32,9,5,4,9,5,4,7,5,2,,,,,,,,,,12,6,6,,,
29/06/2022 07:00,84,46,38,27,12,15,20,7,13,16,8,8,,,,,,,,,,33,16,17,,,
29/06/2022 08:00,130,56,74,30,11,19,32,16,16,29,14,15,,,,,,,,,,52,31,21,,,
29/06/2022 09:00,135,65,70,21,16,5,23,11,12,30,12,18,,,,,,,,,,34,12,22,,,
29/06/2022 10:00,165,82,83,39,20,19,24,11,13,21,14,7,,,,,,,,,,47,22,25,,,
29/06/2022 11:00,231,119,112,33,21,12,36,19,17,29,14,15,,,,,,,,,,45,24,21,,,
29/06/2022 12:00,253,153,100,39,24,15,27,21,6,29,11,18,,,,,,,,,,59,29,30,,,
29/06/2022 13:00,339,204,135,66,35,31,63,28,35,33,27,6,,,,,,,,,,69,34,35,,,
29/06/2022 14:00,209,103,106,38,20,18,41,22,19,18,6,12,,,,,,,,,,52,26,26,,,
29/06/2022 15:00,162,85,77,39,11,28,36,22,14,23,12,11,,,,,,,,,,49,25,24,,,
29/06/2022 16:00,84,41,43,28,15,13,24,14,10,34,18,16,,,,,,,,,,40,17,23,,,
29/06/2022 17:00,89,48,41,36,23,13,39,27,12,27,15,12,,,,,,,,,,54,24,30,,,
29/06/2022 18:00,117,53,64,37,17,20,34,13,21,19,6,13,,,,,,,,,,40,21,19,,,
29/06/2022 19:00,139,68,71,32,15,17,26,15,11,22,9,13,,,,,,,,,,44,19,25,,,
29/06/2022 20:00,75,45,30,28,16,12,28,17,11,16,9,7,,,,,,,,,,21,13,8,,,
29/06/2022 21:00,108,55,53,31,15,16,14,4,10,5,5,0,,,,,,,,,,16,6,10,,,
29/06/2022 22:00,49,28,21,23,14,9,32,17,15,6,5,1,,,,,,,,,,16,5,11,,,
29/06/2022 23:00,11,6,5,10,5,5,4,2,2,0,0,0,,,,,,,,,,12,10,2,,,
30/06/2022 00:00,0,0,0,0,0,0,1,1,0,5,0,5,,,,,,,,,,18,10,8,,,
30/06/2022 01:00,1,1,0,1,1,0,1,1,0,0,0,0,,,,,,,,,,4,1,3,,,
30/06/2022 02:00,0,0,0,0,0,0,0,0,0,0,0,0,,,,,,,,,,2,2,0,,,
30/06/2022 03:00,2,1,1,0,0,0,0,0,0,1,1,0,,,,,,,,,,2,1,1,,,
30/06/2022 04:00,0,0,0,0,0,0,0,0,0,0,0,0,,,,,,,,,,1,1,0,,,
30/06/2022 05:00,8,1,7,5,3,2,0,0,0,1,0,1,,,,,,,,,,4,2,2,,,
30/06/2022 06:00,32,18,14,9,4,5,3,2,1,10,7,3,,,,,,,,,,12,8,4,,,
30/06/2022 07:00,57,25,32,24,13,11,11,7,4,12,6,6,,,,,,,,,,31,14,17,,,
30/06/2022 08:00,98,44,54,28,13,15,27,16,11,27,12,15,,,,,,,,,,37,16,21,,,
30/06/2022 09:00,88,35,53,26,19,7,12,5,7,14,9,5,,,,,,,,,,33,13,20,,,
30/06/2022 10:00,101,36,65,26,12,14,21,12,9,25,17,8,,,,,,,,,,29,12,17,,,
30/06/2022 11:00,199,90,109,31,13,18,37,25,12,32,16,16,,,,,,,,,,41,13,28,,,
30/06/2022 12:00,195,107,88,37,29,8,44,22,22,32,17,15,,,,,,,,,,50,31,19,,,
30/06/2022 13:00,210,113,97,35,18,17,40,28,12,25,11,14,,,,,,,,,,58,24,34,,,
30/06/2022 14:00,145,70,75,25,11,14,27,16,11,22,12,10,,,,,,,,,,55,23,32,,,
30/06/2022 15:00,148,71,77,35,12,23,32,16,16,20,8,12,,,,,,,,,,49,18,31,,,
30/06/2022 16:00,150,58,92,28,16,12,37,16,21,38,17,21,,,,,,,,,,46,27,19,,,
30/06/2022 17:00,142,65,77,46,25,21,47,26,21,30,13,17,,,,,,,,,,49,29,20,,,
30/06/2022 18:00,168,79,89,47,22,25,33,14,19,22,9,13,,,,,,,,,,83,33,50,,,
30/06/2022 19:00,206,109,97,37,27,10,42,32,10,23,13,10,,,,,,,,,,52,31,21,,,
30/06/2022 20:00,185,98,87,36,19,17,46,26,20,24,13,11,,,,,,,,,,53,21,32,,,
30/06/2022 21:00,168,82,86,22,5,17,30,15,15,11,6,5,,,,,,,,,,38,22,16,,,
30/06/2022 22:00,91,43,48,13,10,3,22,8,14,9,4,5,,,,,,,,,,29,9,20,,,
30/06/2022 23:00,33,16,17,7,3,4,7,5,2,2,0,2,,,,,,,,,,17,8,9,,,
01/07/2022 00:00,0,0,0,0,0,0,2,0,2,3,3,0,,,,,,,,,,8,6,2,,,
01/07/2022 01:00,1,1,0,2,1,1,1,1,0,0,0,0,,,,,,,,,,3,2,1,,,
01/07/2022 02:00,0,0,0,0,0,0,0,0,0,0,0,0,,,,,,,,,,0,0,0,,,
01/07/2022 03:00,1,1,0,0,0,0,1,1,0,0,0,0,,,,,,,,,,0,0,0,,,
01/07/2022 04:00,0,0,0,0,0,0,0,0,0,0,0,0,,,,,,,,,,1,1,0,,,
01/07/2022 05:00,6,4,2,0,0,0,1,1,0,1,0,1,,,,,,,,,,7,2,5,,,
01/07/2022 06:00,41,20,21,0,0,0,2,2,0,7,4,3,,,,,,,,,,11,4,7,,,
01/07/2022 07:00,53,30,23,0,0,0,12,5,7,16,8,8,,,,,,,,,,26,8,18,,,
01/07/2022 08:00,50,25,25,0,0,0,17,10,7,15,9,6,,,,,,,,,,27,10,17,,,
01/07/2022 09:00,95,41,54,0,0,0,16,8,8,14,6,8,,,,,,,,,,36,18,18,,,
01/07/2022 10:00,115,50,65,0,0,0,28,15,13,33,20,13,,,,,,,,,,36,18,18,,,
01/07/2022 11:00,238,147,91,0,0,0,12,4,8,42,21,21,,,,,,,,,,39,22,17,,,
01/07/2022 12:00,221,114,107,0,0,0,27,13,14,34,21,13,,,,,,,,,,50,27,23,,,
01/07/2022 13:00,222,111,111,0,0,0,37,19,18,39,14,25,,,,,,,,,,75,43,32,,,
01/07/2022 14:00,141,62,79,0,0,0,25,19,6,37,14,23,,,,,,,,,,62,34,28,,,
01/07/2022 15:00,139,64,75,0,0,0,19,10,9,28,16,12,,,,,,,,,,57,27,30,,,
01/07/2022 16:00,119,47,72,0,0,0,26,9,17,34,17,17,,,,,,,,,,60,24,36,,,
01/07/2022 17:00,163,72,91,0,0,0,29,13,16,24,7,17,,,,,,,,,,59,33,26,,,
01/07/2022 18:00,116,63,53,0,0,0,24,14,10,19,9,10,,,,,,,,,,62,29,33,,,
01/07/2022 19:00,148,71,77,0,0,0,33,18,15,12,7,5,,,,,,,,,,41,20,21,,,
01/07/2022 20:00,124,59,65,0,0,0,21,11,10,15,5,10,,,,,,,,,,22,7,15,,,
01/07/2022 21:00,142,96,46,0,0,0,20,9,11,16,8,8,,,,,,,,,,22,8,14,,,
01/07/2022 22:00,19,13,6,0,0,0,10,4,6,4,2,2,,,,,,,,,,12,7,5,,,
01/07/2022 23:00,9,6,3,0,0,0,10,6,4,1,1,0,,,,,,,,,,10,7,3,,,
02/07/2022 00:00,0,0,0,0,0,0,4,2,2,2,2,0,,,,,,,,,,7,4,3,,,
02/07/2022 01:00,1,1,0,0,,0,1,0,1,1,0,1,,,,,,,,,,3,3,0,,,
02/07/2022 02:00,1,1,0,0,0,0,4,1,3,0,0,0,,,,,,,,,,4,2,2,,,
02/07/2022 03:00,1,1,0,0,0,0,0,0,0,2,0,2,,,,,,,,,,3,0,3,,,
02/07/2022 04:00,2,1,1,0,0,0,2,2,0,0,0,0,,,,,,,,,,0,0,0,,,
02/07/2022 05:00,6,2,4,0,0,0,1,0,1,2,1,1,,,,,,,,,,0,0,0,,,
02/07/2022 06:00,30,12,18,0,0,,10,4,6,4,2,2,,,,,,,,,,7,1,6,,,
02/07/2022 07:00,80,45,35,0,0,,14,8,6,5,4,1,,,,,,,,,,17,9,8,,,
02/07/2022 08:00,90,46,44,0,0,0,24,16,8,13,7,6,,,,,,,,,,22,13,9,,,
02/07/2022 09:00,117,46,71,0,0,0,42,17,25,16,11,5,,,,,,,,,,32,13,19,,,
02/07/2022 10:00,241,123,118,0,0,0,35,20,15,35,14,21,,,,,,,,,,80,49,31,,,
02/07/2022 11:00,341,168,173,0,0,0,53,28,25,39,18,21,,,,,,,,,,47,20,27,,,
02/07/2022 12:00,314,180,134,0,0,0,45,23,22,18,7,11,,,,,,,,,,74,41,33,,,
02/07/2022 13:00,313,145,168,0,0,0,53,28,25,40,16,24,,,,,,,,,,56,21,35,,,
02/07/2022 14:00,307,157,150,0,0,0,42,19,23,38,16,22,,,,,,,,,,63,37,26,,,
02/07/2022 15:00,355,166,189,0,0,0,38,23,15,25,16,9,,,,,,,,,,72,29,43,,,
02/07/2022 16:00,296,135,161,0,0,0,34,20,14,37,13,24,,,,,,,,,,47,14,33,,,
02/07/2022 17:00,309,169,140,0,0,0,51,25,26,25,14,11,,,,,,,,,,57,27,30,,,
02/07/2022 18:00,239,116,123,0,0,0,25,11,14,19,5,14,,,,,,,,,,41,16,25,,,
02/07/2022 19:00,227,106,121,0,0,0,35,20,15,20,7,13,,,,,,,,,,51,23,28,,,
02/07/2022 20:00,156,82,74,0,0,0,35,14,21,7,1,6,,,,,,,,,,32,13,19,,,
02/07/2022 21:00,79,35,44,0,0,0,8,6,2,8,7,1,,,,,,,,,,44,20,24,,,
02/07/2022 22:00,72,45,27,0,0,0,19,9,10,8,3,5,,,,,,,,,,25,8,17,,,
02/07/2022 23:00,23,17,6,0,0,0,13,6,7,0,0,0,,,,,,,,,,9,4,5,,,
03/07/2022 00:00,1,1,0,0,0,0,2,2,0,6,2,4,,,,,,,,,,25,20,5,,,
03/07/2022 01:00,2,1,1,0,0,0,8,0,8,3,2,1,,,,,,,,,,10,5,5,,,
03/07/2022 02:00,5,5,0,0,0,0,0,0,0,0,0,0,,,,,,,,,,2,2,0,,,
03/07/2022 03:00,1,1,0,0,0,0,4,3,1,0,0,0,,,,,,,,,,9,5,4,,,
03/07/2022 04:00,4,2,2,0,0,0,2,0,2,1,1,0,,,,,,,,,,1,0,1,,,
03/07/2022 05:00,2,0,2,0,0,0,0,0,0,1,0,1,,,,,,,,,,0,0,0,,,
03/07/2022 06:00,17,7,10,0,0,0,5,3,2,3,1,2,,,,,,,,,,3,3,0,,,
03/07/2022 07:00,44,23,21,0,0,0,11,5,6,2,1,1,,,,,,,,,,5,3,2,,,
03/07/2022 08:00,102,48,54,0,0,0,18,12,6,11,9,2,,,,,,,,,,17,6,11,,,
03/07/2022 09:00,171,92,79,0,0,0,46,32,14,17,11,6,,,,,,,,,,19,9,10,,,
03/07/2022 10:00,245,144,101,0,0,0,39,20,19,24,9,15,,,,,,,,,,33,16,17,,,
03/07/2022 11:00,403,221,182,0,0,0,43,16,27,30,19,11,,,,,,,,,,54,31,23,,,
03/07/2022 12:00,426,207,219,0,0,0,49,24,25,34,14,20,,,,,,,,,,48,17,31,,,
03/07/2022 13:00,546,258,288,0,0,0,23,11,12,49,24,25,,,,,,,,,,51,22,29,,,
03/07/2022 14:00,571,291,280,0,0,0,62,42,20,30,19,11,,,,,,,,,,57,23,34,,,
03/07/2022 15:00,597,294,303,0,0,0,47,22,25,38,24,14,,,,,,,,,,41,15,26,,,
03/07/2022 16:00,578,295,283,0,0,0,54,28,26,36,12,24,,,,,,,,,,43,22,21,,,
03/07/2022 17:00,401,190,211,0,0,0,63,31,32,24,11,13,,,,,,,,,,50,23,27,,,
03/07/2022 18:00,301,141,160,0,0,0,37,15,22,23,10,13,,,,,,,,,,58,22,36,,,
03/07/2022 19:00,232,99,133,0,0,0,16,11,5,10,5,5,,,,,,,,,,41,24,17,,,
03/07/2022 20:00,164,71,93,0,0,0,26,14,12,20,11,9,,,,,,,,,,57,34,23,,,
03/07/2022 21:00,86,47,39,0,0,0,14,9,5,7,3,4,,,,,,,,,,15,5,10,,,
03/07/2022 22:00,33,18,15,0,0,0,10,5,5,4,1,3,,,,,,,,,,15,5,10,,,
03/07/2022 23:00,7,2,5,0,0,0,5,2,3,0,0,0,,,,,,,,,,10,6,4,,,
04/07/2022 00:00,0,0,0,0,0,0,1,0,1,0,0,0,,,,,,,,,,4,1,3,,,
04/07/2022 01:00,0,0,0,0,0,0,0,0,0,0,0,0,,,,,,,,,,3,2,1,,,
04/07/2022 02:00,0,0,0,0,0,0,1,1,0,0,0,0,,,,,,,,,,0,0,0,,,
04/07/2022 03:00,0,0,0,0,0,0,0,0,0,0,0,0,,,,,,,,,,1,1,0,,,
04/07/2022 04:00,0,0,0,0,0,0,0,0,0,0,0,0,,,,,,,,,,2,0,2,,,
04/07/2022 05:00,11,3,8,0,0,0,0,0,0,1,0,1,,,,,,,,,,4,1,3,,,
04/07/2022 06:00,48,23,25,0,0,0,6,6,0,8,5,3,,,,,,,,,,14,10,4,,,
04/07/2022 07:00,75,42,33,0,0,0,19,10,9,16,9,7,,,,,,,,,,21,7,14,,,
04/07/2022 08:00,95,57,38,0,0,0,24,10,14,20,9,11,,,,,,,,,,32,11,21,,,
04/07/2022 09:00,49,17,32,0,0,0,20,9,11,10,8,2,,,,,,,,,,39,15,24,,,
04/07/2022 10:00,121,60,61,0,0,0,25,16,9,25,10,15,,,,,,,,,,27,13,14,,,
04/07/2022 11:00,132,61,71,0,0,0,15,10,5,32,16,16,,,,,,,,,,37,17,20,,,
04/07/2022 12:00,149,72,77,0,0,0,36,20,16,34,13,21,,,,,,,,,,55,27,28,,,
04/07/2022 13:00,173,95,78,0,0,0,26,18,8,29,10,19,,,,,,,,,,52,19,33,,,
04/07/2022 14:00,156,76,80,0,0,0,26,17,9,22,5,17,,,,,,,,,,47,23,24,,,
04/07/2022 15:00,192,102,90,0,0,0,26,11,15,13,7,6,,,,,,,,,,31,17,14,,,
04/07/2022 16:00,188,89,99,0,0,0,35,17,18,29,16,13,,,,,,,,,,67,31,36,,,
04/07/2022 17:00,182,95,87,0,0,0,52,31,21,23,12,11,,,,,,,,,,60,34,26,,,
04/07/2022 18:00,223,107,116,0,0,0,45,16,29,30,13,17,,,,,,,,,,62,35,27,,,
04/07/2022 19:00,254,136,118,0,0,0,35,20,15,21,13,8,,,,,,,,,,47,27,20,,,
04/07/2022 20:00,247,125,122,0,0,0,37,17,20,17,9,8,,,,,,,,,,38,16,22,,,
04/07/2022 21:00,172,91,81,0,0,0,25,9,16,11,4,7,,,,,,,,,,28,15,13,,,
04/07/2022 22:00,42,24,18,0,0,0,15,4,11,6,2,4,,,,,,,,,,11,6,5,,,
04/07/2022 23:00,25,14,11,0,0,0,6,2,4,1,0,1,,,,,,,,,,9,6,3,,,
05/07/2022 00:00,0,0,0,0,0,0,8,2,6,0,0,0,,,,,,,,,,4,3,1,,,
05/07/2022 01:00,1,1,0,0,0,0,4,2,2,0,0,0,,,,,,,,,,4,3,1,,,
05/07/2022 02:00,0,0,0,0,0,0,0,0,0,0,0,0,,,,,,,,,,1,1,0,,,
05/07/2022 03:00,0,0,0,0,0,0,0,0,0,0,0,0,,,,,,,,,,0,0,0,,,
05/07/2022 04:00,1,0,1,0,0,0,0,0,0,0,0,0,,,,,,,,,,1,1,0,,,
05/07/2022 05:00,11,4,7,0,0,0,0,0,0,2,1,1,,,,,,,,,,5,2,3,,,
05/07/2022 06:00,34,19,15,0,0,0,6,5,1,9,5,4,,,,,,,,,,12,7,5,,,
05/07/2022 07:00,64,32,32,0,0,0,6,3,3,27,17,10,,,,,,,,,,40,21,19,,,
05/07/2022 08:00,93,46,47,0,0,0,31,14,17,31,16,15,,,,,,,,,,38,13,25,,,
05/07/2022 09:00,88,36,52,0,0,0,20,9,11,20,13,7,,,,,,,,,,40,20,20,,,
05/07/2022 10:00,110,59,51,0,0,0,19,14,5,25,13,12,,,,,,,,,,30,13,17,,,
05/07/2022 11:00,168,69,99,0,0,0,20,14,6,28,13,15,,,,,,,,,,41,19,22,,,
05/07/2022 12:00,156,75,81,0,0,0,32,15,17,34,22,12,,,,,,,,,,46,25,21,,,
05/07/2022 13:00,214,108,106,0,0,0,29,13,16,18,5,13,,,,,,,,,,69,33,36,,,
05/07/2022 14:00,191,91,100,0,0,0,35,20,15,32,15,17,,,,,,,,,,44,24,20,,,
05/07/2022 15:00,208,124,84,0,0,0,29,14,15,14,6,8,,,,,,,,,,59,28,31,,,
05/07/2022 16:00,198,92,106,0,0,0,32,15,17,27,13,14,,,,,,,,,,47,25,22,,,
05/07/2022 17:00,138,74,64,0,0,0,39,25,14,39,22,17,,,,,,,,,,52,19,33,,,
05/07/2022 18:00,183,103,80,0,0,0,41,21,20,30,15,15,,,,,,,,,,80,44,36,,,
05/07/2022 19:00,204,114,90,0,0,0,43,23,20,17,9,8,,,,,,,,,,54,25,29,,,
05/07/2022 20:00,199,91,108,0,0,0,19,10,9,13,6,7,,,,,,,,,,42,18,24,,,
05/07/2022 21:00,157,84,73,0,0,0,23,11,12,14,6,8,,,,,,,,,,31,18,13,,,
05/07/2022 22:00,58,28,30,0,0,0,13,3,10,8,6,2,,,,,,,,,,21,8,13,,,
05/07/2022 23:00,15,10,5,0,0,0,6,2,4,1,0,1,,,,,,,,,,14,7,7,,,
06/07/2022 00:00,0,0,0,0,0,0,6,3,3,5,1,4,,,,,,,,,,2,1,1,,,
06/07/2022 01:00,1,1,0,0,0,0,0,0,0,0,0,0,,,,,,,,,,3,3,0,,,
06/07/2022 02:00,0,0,0,0,0,0,0,0,0,0,0,0,,,,,,,,,,3,1,2,,,
06/07/2022 03:00,0,0,0,0,0,0,1,1,0,0,0,0,,,,,,,,,,1,1,0,,,
06/07/2022 04:00,0,0,0,0,0,0,0,0,0,0,0,0,,,,,,,,,,0,0,0,,,
06/07/2022 05:00,13,6,7,0,0,0,2,2,0,3,2,1,,,,,,,,,,8,4,4,,,
06/07/2022 06:00,50,21,29,0,0,0,10,4,6,8,5,3,,,,,,,,,,11,3,8,,,
06/07/2022 07:00,91,43,48,0,0,0,15,7,8,17,9,8,,,,,,,,,,22,11,11,,,
06/07/2022 08:00,89,39,50,0,0,0,39,16,23,40,18,22,,,,,,,,,,42,17,25,,,
06/07/2022 09:00,97,45,52,0,0,0,25,12,13,14,9,5,,,,,,,,,,47,20,27,,,
06/07/2022 10:00,143,53,90,0,0,0,16,8,8,12,6,6,,,,,,,,,,25,11,14,,,
06/07/2022 11:00,175,96,79,0,0,0,24,15,9,27,15,12,,,,,,,,,,44,20,24,,,
06/07/2022 12:00,218,94,124,0,0,0,35,16,19,27,13,14,,,,,,,,,,37,17,20,,,
06/07/2022 13:00,229,121,108,0,0,0,34,20,14,38,18,20,,,,,,,,,,50,26,24,,,
06/07/2022 14:00,212,128,84,0,0,0,29,22,7,21,8,13,,,,,,,,,,59,38,21,,,
06/07/2022 15:00,224,105,119,0,0,0,11,7,4,30,17,13,,,,,,,,,,46,13,33,,,
06/07/2022 16:00,219,117,102,0,0,0,35,22,13,22,12,10,,,,,,,,,,66,22,44,,,
06/07/2022 17:00,143,70,73,0,0,0,41,29,12,35,14,21,,,,,,,,,,71,32,39,,,
06/07/2022 18:00,161,89,72,0,0,0,49,29,20,33,14,19,,,,,,,,,,66,36,30,,,
06/07/2022 19:00,200,101,99,0,0,0,45,25,20,18,10,8,,,,,,,,,,69,38,31,,,
06/07/2022 20:00,198,110,88,0,0,0,33,19,14,24,15,9,,,,,,,,,,35,19,16,,,
06/07/2022 21:00,125,58,67,0,0,0,22,14,8,10,3,7,,,,,,,,,,23,7,16,,,
06/07/2022 22:00,38,24,14,0,0,0,22,13,9,5,4,1,,,,,,,,,,7,4,3,,,
06/07/2022 23:00,5,3,2,0,0,0,6,3,3,4,2,2,,,,,,,,,,8,4,4,,,
07/07/2022 00:00,0,0,0,0,0,0,2,0,2,0,0,0,,,,,,,,,,2,1,1,,,
07/07/2022 01:00,4,4,0,0,0,0,0,0,0,0,0,0,,,,,,,,,,2,2,0,,,
07/07/2022 02:00,0,0,0,0,0,0,0,0,0,0,0,0,,,,,,,,,,0,0,0,,,
07/07/2022 03:00,1,1,0,0,0,0,0,0,0,0,0,0,,,,,,,,,,1,0,1,,,
07/07/2022 04:00,1,0,1,0,0,0,1,0,1,1,0,1,,,,,,,,,,1,1,0,,,
07/07/2022 05:00,7,3,4,0,0,0,0,0,0,0,0,0,,,,,,,,,,4,2,2,,,
07/07/2022 06:00,39,16,23,0,0,0,9,6,3,6,3,3,,,,,,,,,,13,6,7,,,
07/07/2022 07:00,94,52,42,0,0,0,8,3,5,24,15,9,,,,,,,,,,39,20,19,,,
07/07/2022 08:00,97,50,47,0,0,0,32,19,13,26,12,14,,,,,,,,,,63,20,43,,,
07/07/2022 09:00,99,44,55,0,0,0,35,21,14,21,16,5,,,,,,,,,,22,7,15,,,
07/07/2022 10:00,200,109,91,0,0,0,25,19,6,24,10,14,,,,,,,,,,33,17,16,,,
07/07/2022 11:00,271,137,134,0,0,0,23,10,13,33,15,18,,,,,,,,,,57,24,33,,,
07/07/2022 12:00,284,130,154,0,0,0,32,27,5,29,13,16,,,,,,,,,,46,24,22,,,
07/07/2022 13:00,265,137,128,0,0,0,47,24,23,37,23,14,,,,,,,,,,50,25,25,,,
07/07/2022 14:00,265,131,134,0,0,0,34,19,15,20,13,7,,,,,,,,,,50,22,28,,,
07/07/2022 15:00,254,124,130,0,0,0,18,9,9,26,10,16,,,,,,,,,,45,25,20,,,
07/07/2022 16:00,282,140,142,0,0,0,25,15,10,21,8,13,,,,,,,,,,59,27,32,,,
07/07/2022 17:00,211,94,117,0,0,0,47,25,22,26,16,10,,,,,,,,,,57,28,29,,,
07/07/2022 18:00,212,110,102,0,0,0,38,17,21,20,9,11,,,,,,,,,,69,32,37,,,
07/07/2022 19:00,327,156,171,0,0,0,48,23,25,20,7,13,,,,,,,,,,58,34,24,,,
07/07/2022 20:00,324,150,174,0,0,0,44,23,21,24,18,6,,,,,,,,,,47,17,30,,,
07/07/2022 21:00,285,144,141,0,0,0,35,23,12,12,7,5,,,,,,,,,,31,16,15,,,
07/07/2022 22:00,121,65,56,0,0,0,38,12,26,7,4,3,,,,,,,,,,14,9,5,,,
07/07/2022 23:00,30,19,11,0,0,0,17,6,11,5,4,1,,,,,,,,,,13,7,6,,,
08/07/2022 00:00,0,0,0,0,0,0,2,1,1,20,12,8,,,,,,,,,,7,6,1,,,
08/07/2022 01:00,8,4,4,0,0,0,0,0,0,0,0,0,,,,,,,,,,1,0,1,,,
08/07/2022 02:00,2,2,0,0,0,0,1,1,0,0,0,0,,,,,,,,,,0,0,0,,,
08/07/2022 03:00,1,0,1,0,0,0,2,0,2,0,0,0,,,,,,,,,,1,1,0,,,
08/07/2022 04:00,2,0,2,0,0,0,1,1,0,0,0,0,,,,,,,,,,0,0,0,,,
08/07/2022 05:00,14,7,7,0,0,0,1,0,1,0,0,0,,,,,,,,,,2,0,2,,,
08/07/2022 06:00,36,11,25,0,0,0,2,1,1,11,7,4,,,,,,,,,,11,5,6,,,
08/07/2022 07:00,76,41,35,0,0,0,24,10,14,20,9,11,,,,,,,,,,28,13,15,,,
08/07/2022 08:00,102,51,51,0,0,0,18,7,11,27,18,9,,,,,,,,,,42,17,25,,,
08/07/2022 09:00,104,56,48,0,0,0,26,8,18,18,13,5,,,,,,,,,,42,12,30,,,
08/07/2022 10:00,207,116,91,0,0,0,12,9,3,24,12,12,,,,,,,,,,45,14,31,,,
08/07/2022 11:00,179,80,99,0,0,0,27,12,15,30,16,14,,,,,,,,,,51,21,30,,,
08/07/2022 12:00,181,103,78,0,0,0,43,27,16,36,23,13,,,,,,,,,,39,21,18,,,
08/07/2022 13:00,243,140,103,0,0,0,29,21,8,18,8,10,,,,,,,,,,24,7,17,,,
08/07/2022 14:00,211,106,105,0,0,0,40,20,20,34,20,14,,,,,,,,,,54,26,28,,,
08/07/2022 15:00,245,130,115,0,0,0,31,12,19,21,10,11,,,,,,,,,,51,23,28,,,
08/07/2022 16:00,275,155,120,0,0,0,35,17,18,26,13,13,,,,,,,,,,53,26,27,,,
08/07/2022 17:00,220,111,109,0,0,0,57,32,25,30,8,22,,,,,,,,,,64,29,35,,,
08/07/2022 18:00,174,77,97,0,0,0,40,25,15,24,11,13,,,,,,,,,,61,21,40,,,
08/07/2022 19:00,238,125,113,0,0,0,44,23,21,29,16,13,,,,,,,,,,40,21,19,,,
08/07/2022 20:00,253,137,116,0,0,0,47,28,19,14,8,6,,,,,,,,,,36,14,22,,,
08/07/2022 21:00,175,78,97,0,0,0,43,14,29,12,4,8,,,,,,,,,,22,11,11,,,
08/07/2022 22:00,95,49,46,0,0,0,25,18,7,3,2,1,,,,,,,,,,21,10,11,,,
08/07/2022 23:00,33,19,14,0,0,0,8,0,8,4,2,2,,,,,,,,,,7,5,2,,,
09/07/2022 00:00,4,3,1,0,0,0,14,6,8,0,0,0,,,,,,,,,,9,7,2,,,
09/07/2022 01:00,4,1,3,0,0,0,3,2,1,3,1,2,,,,,,,,,,9,3,6,,,
09/07/2022 02:00,3,3,0,0,0,0,0,0,0,0,0,0,,,,,,,,,,7,2,5,,,
09/07/2022 03:00,0,0,0,0,0,0,3,1,2,0,0,0,,,,,,,,,,4,2,2,,,
09/07/2022 04:00,2,1,1,0,0,0,7,6,1,0,0,0,,,,,,,,,,5,3,2,,,
09/07/2022 05:00,5,3,2,0,0,0,0,0,0,0,0,0,,,,,,,,,,2,1,1,,,
09/07/2022 06:00,17,5,12,0,0,0,7,5,2,1,1,0,,,,,,,,,,7,3,4,,,
09/07/2022 07:00,61,33,28,0,0,0,20,12,8,9,5,4,,,,,,,,,,14,10,4,,,
09/07/2022 08:00,48,29,19,0,0,0,11,6,5,17,8,9,,,,,,,,,,32,19,13,,,
09/07/2022 09:00,118,55,63,0,0,0,28,14,14,23,12,11,,,,,,,,,,23,5,18,,,
09/07/2022 10:00,198,114,84,0,0,0,26,15,11,36,21,15,,,,,,,,,,38,19,19,,,
09/07/2022 11:00,239,112,127,0,0,0,54,35,19,20,10,10,,,,,,,,,,58,29,29,,,
09/07/2022 12:00,339,172,167,0,0,0,52,31,21,32,21,11,,,,,,,,,,51,20,31,,,
09/07/2022 13:00,334,168,166,0,0,0,52,18,34,30,9,21,,,,,,,,,,54,27,27,,,
09/07/2022 14:00,384,204,180,0,0,0,48,21,27,27,12,15,,,,,,,,,,56,27,29,,,
09/07/2022 15:00,508,302,206,0,0,0,54,29,25,25,14,11,,,,,,,,,,41,25,16,,,
09/07/2022 16:00,490,224,266,0,0,0,45,27,18,21,8,13,,,,,,,,,,74,37,37,,,
09/07/2022 17:00,424,196,228,0,0,0,66,25,41,30,16,14,,,,,,,,,,52,33,19,,,
09/07/2022 18:00,308,135,173,0,0,0,38,16,22,32,13,19,,,,,,,,,,59,27,32,,,
09/07/2022 19:00,343,144,199,0,0,0,35,16,19,15,8,7,,,,,,,,,,56,31,25,,,
09/07/2022 20:00,232,85,147,0,0,0,35,13,22,4,0,4,,,,,,,,,,36,16,20,,,
09/07/2022 21:00,218,116,102,0,0,0,18,7,11,18,13,5,,,,,,,,,,46,28,18,,,
09/07/2022 22:00,118,61,57,0,0,0,26,13,13,6,4,2,,,,,,,,,,49,15,34,,,
09/07/2022 23:00,41,26,15,0,0,0,11,6,5,7,3,4,,,,,,,,,,15,10,5,,,
10/07/2022 00:00,0,0,0,0,0,0,12,3,9,1,0,1,,,,,,,,,,20,13,7,,,
10/07/2022 01:00,5,3,2,0,0,0,11,10,1,0,0,0,,,,,,,,,,23,14,9,,,
10/07/2022 02:00,2,2,0,0,0,0,7,5,2,0,0,0,,,,,,,,,,15,9,6,,,
10/07/2022 03:00,0,0,0,0,0,0,1,0,1,0,0,0,,,,,,,,,,8,5,3,,,
10/07/2022 04:00,5,3,2,0,0,0,0,0,0,0,0,0,,,,,,,,,,4,2,2,,,
10/07/2022 05:00,1,1,0,0,0,0,2,2,0,1,0,1,,,,,,,,,,3,0,3,,,
10/07/2022 06:00,22,8,14,0,0,0,4,1,3,1,1,0,,,,,,,,,,3,1,2,,,
10/07/2022 07:00,40,23,17,128,128,,8,5,3,4,2,2,,,,,,,,,,8,2,6,,,
10/07/2022 08:00,93,41,52,0,0,0,18,13,5,9,3,6,,,,,,,,,,17,10,7,,,
10/07/2022 09:00,199,114,85,128,128,0,29,16,13,11,8,3,,,,,,,,,,17,9,8,,,
10/07/2022 10:00,279,166,113,0,0,0,46,31,15,37,19,18,,,,,,,,,,47,29,18,,,
10/07/2022 11:00,531,288,243,0,0,0,77,47,30,35,19,16,,,,,,,,,,60,35,25,,,
10/07/2022 12:00,774,396,378,0,0,0,90,54,36,36,13,23,,,,,,,,,,39,16,23,,,
10/07/2022 13:00,787,464,323,0,0,0,95,52,43,45,21,24,,,,,,,,,,53,33,20,,,
10/07/2022 14:00,788,434,354,0,0,0,91,39,52,52,29,23,,,,,,,,,,43,21,22,,,
10/07/2022 15:00,1025,502,523,0,0,,93,43,50,26,11,15,,,,,,,,,,49,21,28,,,
10/07/2022 16:00,970,428,542,0,0,0,100,47,53,39,24,15,,,,,,,,,,45,32,13,,,
10/07/2022 17:00,859,406,453,0,0,0,85,34,51,26,13,13,,,,,,,,,,41,26,15,,,
10/07/2022 18:00,656,297,359,0,0,0,97,47,50,24,13,11,,,,,,,,,,60,41,19,,,
10/07/2022 19:00,538,238,300,0,0,0,69,36,33,23,11,12,,,,,,,,,,69,44,25,,,
10/07/2022 20:00,385,159,226,,,,92,46,46,10,8,2,,,,,,,,,,75,33,42,,,
10/07/2022 21:00,278,113,165,,,,19,9,10,23,11,12,,,,,,,,,,54,30,24,,,
10/07/2022 22:00,58,35,23,,,,17,11,6,3,2,1,,,,,,,,,,31,9,22,,,
10/07/2022 23:00,17,8,9,0,0,0,17,10,7,1,1,0,,,,,,,,,,14,9,5,,,
11/07/2022 00:00,0,0,0,0,0,0,2,0,2,3,1,2,,,,,,,,,,11,7,4,,,
11/07/2022 01:00,4,2,2,0,0,0,0,0,0,0,0,0,,,,,,,,,,5,2,3,,,
11/07/2022 02:00,0,0,0,,,,1,0,1,0,0,0,,,,,,,,,,4,1,3,,,
11/07/2022 03:00,0,0,0,,,,0,0,0,0,0,0,,,,,,,,,,2,2,0,,,
11/07/2022 04:00,1,0,1,,,,0,0,0,2,2,0,,,,,,,,,,6,3,3,,,
11/07/2022 05:00,7,2,5,,,,0,0,0,1,0,1,,,,,,,,,,3,1,2,,,
11/07/2022 06:00,43,15,28,,,,7,4,3,8,4,4,,,,,,,,,,9,4,5,,,
11/07/2022 07:00,82,41,41,,,,16,7,9,11,5,6,,,,,,,,,,27,16,11,,,
11/07/2022 08:00,117,58,59,,,,31,10,21,28,15,13,,,,,,,,,,48,15,33,,,
11/07/2022 09:00,106,53,53,0,0,0,19,8,11,20,11,9,,,,,,,,,,29,11,18,,,
11/07/2022 10:00,212,129,83,0,0,0,29,8,21,25,13,12,,,,,,,,,,37,17,20,,,
11/07/2022 11:00,257,121,136,0,0,0,21,12,9,22,9,13,,,,,,,,,,62,35,27,,,
11/07/2022 12:00,252,157,95,0,0,0,25,16,9,15,9,6,,,,,,,,,,54,32,22,,,
11/07/2022 13:00,325,164,161,0,0,0,60,33,27,27,14,13,,,,,,,,,,43,21,22,,,
11/07/2022 14:00,413,210,203,0,0,0,45,28,17,29,15,14,,,,,,,,,,52,28,24,,,
11/07/2022 15:00,388,210,178,0,0,0,48,12,36,23,10,13,,,,,,,,,,66,28,38,,,
11/07/2022 16:00,470,223,247,0,0,0,43,26,17,29,15,14,,,,,,,,,,62,38,24,,,
11/07/2022 17:00,338,164,174,0,0,0,78,49,29,50,21,29,,,,,,,,,,66,32,34,,,
11/07/2022 18:00,357,162,195,0,0,0,72,37,35,28,12,16,,,,,,,,,,74,37,37,,,
11/07/2022 19:00,370,176,194,0,0,0,55,28,27,26,16,10,,,,,,,,,,78,42,36,,,
11/07/2022 20:00,381,177,204,0,0,0,54,32,22,29,16,13,,,,,,,,,,51,29,22,,,
11/07/2022 21:00,242,112,130,0,0,0,23,10,13,17,11,6,,,,,,,,,,38,19,19,,,
11/07/2022 22:00,71,41,30,0,0,0,33,19,14,6,3,3,,,,,,,,,,31,14,17,,,
11/07/2022 23:00,27,10,17,0,0,0,9,6,3,2,2,0,,,,,,,,,,11,5,6,,,
12/07/2022 00:00,0,0,0,0,0,0,9,2,7,2,0,2,,,,,,,,,,5,4,1,,,
12/07/2022 01:00,3,1,2,0,0,0,0,0,0,0,0,0,,,,,,,,,,2,1,1,,,
12/07/2022 02:00,0,0,0,0,0,0,0,0,0,0,0,0,,,,,,,,,,1,1,0,,,
12/07/2022 03:00,0,0,0,0,0,0,0,0,0,2,0,2,,,,,,,,,,1,1,0,,,
12/07/2022 04:00,0,0,0,0,0,0,0,0,0,2,0,2,,,,,,,,,,1,0,1,,,
12/07/2022 05:00,4,2,2,0,0,0,2,1,1,1,1,0,,,,,,,,,,0,0,0,,,
12/07/2022 06:00,23,10,13,0,0,0,10,8,2,13,8,5,,,,,,,,,,12,5,7,,,
12/07/2022 07:00,66,33,33,0,0,0,9,6,3,13,5,8,,,,,,,,,,19,11,8,,,
12/07/2022 08:00,63,41,22,0,0,0,18,9,9,23,8,15,,,,,,,,,,47,11,36,,,
12/07/2022 09:00,56,21,35,0,0,0,21,8,13,16,8,8,,,,,,,,,,27,12,15,,,
12/07/2022 10:00,82,44,38,0,0,0,10,5,5,14,6,8,,,,,,,,,,20,10,10,,,
12/07/2022 11:00,131,70,61,0,0,0,23,13,10,20,17,3,,,,,,,,,,44,20,24,,,
12/07/2022 12:00,251,127,124,0,0,0,17,9,8,37,13,24,,,,,,,,,,61,32,29,,,
12/07/2022 13:00,270,133,137,0,0,0,36,16,20,22,11,11,,,,,,,,,,47,24,23,,,
12/07/2022 14:00,210,97,113,0,0,0,31,21,10,25,11,14,,,,,,,,,,54,19,35,,,
12/07/2022 15:00,224,120,104,0,0,0,22,16,6,24,10,14,,,,,,,,,,36,16,20,,,
12/07/2022 16:00,259,122,137,0,0,0,37,15,22,28,11,17,,,,,,,,,,56,22,34,,,
12/07/2022 17:00,196,93,103,0,0,0,53,43,10,28,9,19,,,,,,,,,,77,42,35,,,
12/07/2022 18:00,225,109,116,0,0,0,52,23,29,35,13,22,,,,,,,,,,68,32,36,,,
12/07/2022 19:00,305,178,127,0,0,0,41,24,17,16,9,7,,,,,,,,,,56,26,30,,,
12/07/2022 20:00,347,177,170,0,0,0,44,26,18,14,9,5,,,,,,,,,,59,29,30,,,
12/07/2022 21:00,169,78,91,0,0,0,27,16,11,10,3,7,,,,,,,,,,45,22,23,,,
12/07/2022 22:00,69,41,28,0,0,0,16,7,9,4,3,1,,,,,,,,,,20,6,14,,,
12/07/2022 23:00,17,11,6,0,0,0,9,8,1,6,2,4,,,,,,,,,,6,3,3,,,
13/07/2022 00:00,1,0,1,0,0,0,3,1,2,2,0,2,,,,,,,,,,3,3,0,,,
13/07/2022 01:00,3,3,0,0,0,0,3,2,1,0,0,0,,,,,,,,,,3,3,0,,,
13/07/2022 02:00,0,0,0,0,0,0,1,0,1,0,0,0,,,,,,,,,,2,1,1,,,
13/07/2022 03:00,0,0,0,0,0,0,3,1,2,0,0,0,,,,,,,,,,1,1,0,,,
13/07/2022 04:00,1,0,1,0,0,0,0,0,0,2,2,0,,,,,,,,,,1,0,1,,,
13/07/2022 05:00,13,6,7,0,0,0,4,0,4,0,0,0,,,,,,,,,,8,4,4,,,
13/07/2022 06:00,47,21,26,0,0,0,10,7,3,7,5,2,,,,,,,,,,12,5,7,,,
13/07/2022 07:00,105,58,47,0,0,0,17,11,6,17,3,14,,,,,,,,,,37,21,16,,,
13/07/2022 08:00,120,57,63,0,0,0,38,14,24,30,14,16,,,,,,,,,,59,16,43,,,
13/07/2022 09:00,156,95,61,0,0,0,23,12,11,18,8,10,,,,,,,,,,56,34,22,,,
13/07/2022 10:00,148,71,77,0,0,0,29,18,11,24,13,11,,,,,,,,,,45,19,26,,,
13/07/2022 11:00,303,148,155,0,0,0,36,15,21,23,8,15,,,,,,,,,,51,20,31,,,
13/07/2022 12:00,256,144,112,0,0,0,46,26,20,38,20,18,,,,,,,,,,47,27,20,,,
13/07/2022 13:00,302,136,166,0,0,0,38,18,20,40,17,23,,,,,,,,,,44,17,27,,,
13/07/2022 14:00,265,138,127,0,0,0,22,12,10,21,12,9,,,,,,,,,,57,27,30,,,
13/07/2022 15:00,337,187,150,0,0,0,34,25,9,22,10,12,,,,,,,,,,45,24,21,,,
13/07/2022 16:00,265,129,136,0,0,0,31,18,13,27,13,14,,,,,,,,,,49,23,26,,,
13/07/2022 17:00,279,121,158,0,0,0,61,31,30,53,31,22,,,,,,,,,,81,46,35,,,
13/07/2022 18:00,222,108,114,0,0,0,42,18,24,27,15,12,,,,,,,,,,59,21,38,,,
13/07/2022 19:00,263,142,121,0,0,0,30,16,14,22,7,15,,,,,,,,,,73,38,35,,,
13/07/2022 20:00,273,146,127,0,0,0,49,20,29,31,20,11,,,,,,,,,,68,35,33,,,
13/07/2022 21:00,205,111,94,0,0,0,35,20,15,27,10,17,,,,,,,,,,44,26,18,,,
13/07/2022 22:00,75,37,38,0,0,0,22,8,14,7,6,1,,,,,,,,,,16,8,8,,,
13/07/2022 23:00,24,17,7,0,0,0,5,1,4,4,2,2,,,,,,,,,,18,7,11,,,
14/07/2022 00:00,0,0,0,0,0,0,1,0,1,2,1,1,,,,,,,,,,4,4,0,,,
14/07/2022 01:00,1,1,0,0,0,0,0,0,0,0,0,0,,,,,,,,,,5,3,2,,,
14/07/2022 02:00,0,0,0,0,0,0,0,0,0,0,0,0,,,,,,,,,,0,0,0,,,
14/07/2022 03:00,1,1,0,0,0,0,6,3,3,0,0,0,,,,,,,,,,1,1,0,,,
14/07/2022 04:00,1,0,1,0,0,0,0,0,0,1,1,0,,,,,,,,,,0,0,0,,,
14/07/2022 05:00,11,5,6,0,0,0,0,0,0,1,1,0,,,,,,,,,,4,1,3,,,
14/07/2022 06:00,55,24,31,0,0,0,10,8,2,9,6,3,,,,,,,,,,18,11,7,,,
14/07/2022 07:00,109,57,52,0,0,0,19,6,13,12,4,8,,,,,,,,,,31,17,14,,,
14/07/2022 08:00,116,58,58,0,0,0,25,7,18,27,13,14,,,,,,,,,,50,12,38,,,
14/07/2022 09:00,109,64,45,0,0,0,54,14,40,9,4,5,,,,,,,,,,34,16,18,,,
14/07/2022 10:00,118,63,55,0,0,0,21,13,8,17,12,5,,,,,,,,,,30,11,19,,,
14/07/2022 11:00,190,91,99,0,0,0,29,10,19,22,6,16,,,,,,,,,,25,4,21,,,
14/07/2022 12:00,220,118,102,0,0,0,70,50,20,31,11,20,,,,,,,,,,47,24,23,,,
14/07/2022 13:00,270,135,135,0,0,0,39,21,18,30,12,18,,,,,,,,,,48,27,21,,,
14/07/2022 14:00,209,114,95,0,0,0,29,17,12,17,9,8,,,,,,,,,,46,14,32,,,
14/07/2022 15:00,289,120,169,0,0,0,25,18,7,19,9,10,,,,,,,,,,55,29,26,,,
14/07/2022 16:00,240,118,122,0,0,0,35,21,14,23,8,15,,,,,,,,,,51,24,27,,,
14/07/2022 17:00,153,58,95,0,0,0,40,24,16,42,20,22,,,,,,,,,,72,39,33,,,
14/07/2022 18:00,213,96,117,0,0,0,35,22,13,36,22,14,,,,,,,,,,60,31,29,,,
14/07/2022 19:00,266,137,129,0,0,0,35,16,19,23,12,11,,,,,,,,,,62,34,28,,,
14/07/2022 20:00,311,128,183,0,0,0,35,21,14,23,12,11,,,,,,,,,,60,25,35,,,
14/07/2022 21:00,208,123,85,0,0,0,17,9,8,6,4,2,,,,,,,,,,45,23,22,,,
14/07/2022 22:00,57,25,32,0,0,0,13,5,8,6,3,3,,,,,,,,,,26,4,22,,,
14/07/2022 23:00,16,12,4,0,0,0,9,3,6,2,2,0,,,,,,,,,,10,7,3,,,
15/07/2022 00:00,1,1,0,0,0,0,2,1,1,0,0,0,,,,,,,,,,8,5,3,,,
15/07/2022 01:00,1,1,0,0,0,0,0,0,0,0,0,0,,,,,,,,,,3,2,1,,,
15/07/2022 02:00,0,0,0,0,0,0,1,0,1,0,0,0,,,,,,,,,,2,2,0,,,
15/07/2022 03:00,0,0,0,0,0,0,1,0,1,0,0,0,,,,,,,,,,1,1,0,,,
15/07/2022 04:00,0,0,0,0,0,0,0,0,0,0,0,0,,,,,,,,,,0,0,0,,,
15/07/2022 05:00,9,3,6,0,0,0,1,0,1,1,1,0,,,,,,,,,,2,1,1,,,
15/07/2022 06:00,40,15,25,0,0,0,6,4,2,9,5,4,,,,,,,,,,8,1,7,,,
15/07/2022 07:00,95,52,43,0,0,0,20,6,14,11,5,6,,,,,,,,,,30,19,11,,,
15/07/2022 08:00,122,52,70,0,0,0,33,19,14,30,12,18,,,,,,,,,,48,15,33,,,
15/07/2022 09:00,133,71,62,0,0,0,14,4,10,15,8,7,,,,,,,,,,40,20,20,,,
15/07/2022 10:00,203,112,91,0,0,0,24,14,10,27,14,13,,,,,,,,,,42,18,24,,,
15/07/2022 11:00,248,135,113,0,0,0,33,19,14,35,17,18,,,,,,,,,,36,17,19,,,
15/07/2022 12:00,296,138,158,0,0,0,31,19,12,37,19,18,,,,,,,,,,42,18,24,,,
15/07/2022 13:00,256,132,124,0,0,0,35,20,15,40,16,24,,,,,,,,,,39,17,22,,,
15/07/2022 14:00,259,138,121,0,0,0,43,15,28,19,10,9,,,,,,,,,,40,22,18,,,
15/07/2022 15:00,277,131,146,0,0,0,47,26,21,38,16,22,,,,,,,,,,57,25,32,,,
15/07/2022 16:00,297,167,130,0,0,0,30,18,12,29,16,13,,,,,,,,,,70,33,37,,,
15/07/2022 17:00,353,156,197,0,0,0,52,25,27,35,11,24,,,,,,,,,,61,35,26,,,
15/07/2022 18:00,236,115,121,0,0,0,48,23,25,25,14,11,,,,,,,,,,72,45,27,,,
15/07/2022 19:00,280,154,126,0,0,0,36,17,19,28,16,12,,,,,,,,,,61,33,28,,,
15/07/2022 20:00,215,106,109,0,0,0,38,12,26,14,4,10,,,,,,,,,,45,20,25,,,
15/07/2022 21:00,218,106,112,0,0,0,28,16,12,9,1,8,,,,,,,,,,44,23,21,,,
15/07/2022 22:00,96,43,53,0,0,0,17,10,7,7,6,1,,,,,,,,,,17,4,13,,,
15/07/2022 23:00,28,20,8,0,0,0,18,9,9,1,1,0,,,,,,,,,,6,1,5,,,
16/07/2022 00:00,1,1,0,0,0,0,11,4,7,0,0,0,,,,,,,,,,16,12,4,,,
16/07/2022 01:00,9,8,1,0,0,0,3,1,2,6,2,4,,,,,,,,,,12,9,3,,,
16/07/2022 02:00,0,0,0,0,0,0,0,0,0,0,0,0,,,,,,,,,,2,0,2,,,
16/07/2022 03:00,0,0,0,0,0,0,1,0,1,1,0,1,,,,,,,,,,2,1,1,,,
16/07/2022 04:00,1,0,1,0,0,0,1,1,0,0,0,0,,,,,,,,,,2,2,0,,,
16/07/2022 05:00,5,3,2,0,0,0,1,1,0,0,0,0,,,,,,,,,,2,0,2,,,
16/07/2022 06:00,35,9,26,0,0,0,10,7,3,4,2,2,,,,,,,,,,8,5,3,,,
16/07/2022 07:00,82,43,39,0,0,0,16,5,11,1,1,0,,,,,,,,,,18,14,4,,,
16/07/2022 08:00,110,52,58,0,0,0,17,9,8,13,7,6,,,,,,,,,,41,19,22,,,
16/07/2022 09:00,165,93,72,0,0,0,31,12,19,14,9,5,,,,,,,,,,32,18,14,,,
16/07/2022 10:00,240,130,110,0,0,0,39,25,14,28,13,15,,,,,,,,,,37,17,20,,,
16/07/2022 11:00,310,147,163,0,0,0,66,42,24,38,21,17,,,,,,,,,,44,21,23,,,
16/07/2022 12:00,335,198,137,0,0,0,64,40,24,33,19,14,,,,,,,,,,43,25,18,,,
16/07/2022 13:00,398,216,182,0,0,0,48,22,26,48,23,25,,,,,,,,,,45,28,17,,,
16/07/2022 14:00,501,271,230,0,0,0,63,30,33,29,10,19,,,,,,,,,,58,30,28,,,
16/07/2022 15:00,562,311,251,0,0,0,78,40,38,27,13,14,,,,,,,,,,44,18,26,,,
16/07/2022 16:00,491,228,263,0,0,0,88,36,52,39,21,18,,,,,,,,,,37,15,22,,,
16/07/2022 17:00,481,251,230,0,0,0,54,35,19,39,18,21,,,,,,,,,,42,23,19,,,
16/07/2022 18:00,427,199,228,0,0,0,45,24,21,25,13,12,,,,,,,,,,39,15,24,,,
16/07/2022 19:00,307,134,173,0,0,0,47,27,20,27,15,12,,,,,,,,,,58,29,29,,,
16/07/2022 20:00,233,103,130,0,0,0,27,14,13,8,6,2,,,,,,,,,,54,30,24,,,
16/07/2022 21:00,205,95,110,0,0,0,40,24,16,8,5,3,,,,,,,,,,43,20,23,,,
16/07/2022 22:00,64,32,32,0,0,0,16,11,5,3,3,0,,,,,,,,,,35,11,24,,,
16/07/2022 23:00,29,15,14,0,0,0,9,3,6,2,2,0,,,,,,,,,,15,3,12,,,
17/07/2022 00:00,0,0,0,0,0,0,9,0,9,1,1,0,,,,,,,,,,10,7,3,,,
17/07/2022 01:00,5,2,3,0,0,0,8,3,5,13,5,8,,,,,,,,,,12,10,2,,,
17/07/2022 02:00,8,1,7,0,0,0,0,0,0,0,0,0,,,,,,,,,,10,5,5,,,
17/07/2022 03:00,0,0,0,0,0,0,0,0,0,0,0,0,,,,,,,,,,1,0,1,,,
17/07/2022 04:00,2,2,0,0,0,0,0,0,0,0,0,0,,,,,,,,,,1,1,0,,,
17/07/2022 05:00,5,2,3,0,0,0,0,0,0,0,0,0,,,,,,,,,,5,2,3,,,
17/07/2022 06:00,18,8,10,0,0,0,2,1,1,4,3,1,,,,,,,,,,4,4,0,,,
17/07/2022 07:00,59,26,33,0,0,0,15,6,9,5,1,4,,,,,,,,,,16,5,11,,,
17/07/2022 08:00,113,56,57,0,0,0,26,19,7,23,12,11,,,,,,,,,,31,19,12,,,
17/07/2022 09:00,233,113,120,0,0,0,31,19,12,16,6,10,,,,,,,,,,34,12,22,,,
17/07/2022 10:00,445,272,173,0,0,0,34,19,15,27,14,13,,,,,,,,,,52,25,27,,,
17/07/2022 11:00,540,288,252,0,0,0,56,27,29,24,10,14,,,,,,,,,,52,23,29,,,
17/07/2022 12:00,615,346,269,0,0,0,73,37,36,32,13,19,,,,,,,,,,31,17,14,,,
17/07/2022 13:00,687,396,291,0,0,0,100,49,51,58,26,32,,,,,,,,,,35,19,16,,,
17/07/2022 14:00,655,370,285,0,0,0,90,30,60,52,26,26,,,,,,,,,,58,31,27,,,
17/07/2022 15:00,797,424,373,0,0,0,95,49,46,37,18,19,,,,,,,,,,63,32,31,,,
17/07/2022 16:00,804,369,435,0,0,0,108,42,66,25,13,12,,,,,,,,,,49,27,22,,,
17/07/2022 17:00,565,274,291,0,0,0,85,38,47,36,24,12,,,,,,,,,,44,28,16,,,
17/07/2022 18:00,450,171,279,0,0,0,69,25,44,26,10,16,,,,,,,,,,43,26,17,,,
17/07/2022 19:00,319,165,154,0,0,0,50,29,21,15,6,9,,,,,,,,,,61,35,26,,,
17/07/2022 20:00,306,132,174,0,0,0,31,11,20,14,8,6,,,,,,,,,,41,19,22,,,
17/07/2022 21:00,218,119,99,0,0,0,26,13,13,7,5,2,,,,,,,,,,29,12,17,,,
17/07/2022 22:00,91,45,46,0,0,0,16,9,7,5,3,2,,,,,,,,,,25,8,17,,,
17/07/2022 23:00,19,10,9,0,0,0,8,6,2,0,0,0,,,,,,,,,,11,11,0,,,
18/07/2022 00:00,1,0,1,0,0,0,5,2,3,0,0,0,,,,,,,,,,12,8,4,,,
18/07/2022 01:00,2,1,1,0,0,0,4,1,3,0,0,0,,,,,,,,,,1,1,0,,,
18/07/2022 02:00,2,2,0,0,0,0,0,0,0,0,0,0,,,,,,,,,,2,0,2,,,
18/07/2022 03:00,0,0,0,0,0,0,0,0,0,0,0,0,,,,,,,,,,2,1,1,,,
18/07/2022 04:00,1,0,1,0,0,0,3,3,0,0,0,0,,,,,,,,,,0,0,0,,,
18/07/2022 05:00,10,3,7,0,0,0,2,2,0,0,0,0,,,,,,,,,,7,1,6,,,
18/07/2022 06:00,55,25,30,0,0,0,12,7,5,4,2,2,,,,,,,,,,14,10,4,,,
18/07/2022 07:00,110,54,56,0,0,0,14,7,7,18,7,11,,,,,,,,,,28,14,14,,,
18/07/2022 08:00,143,68,75,0,0,0,40,11,29,35,18,17,,,,,,,,,,46,13,33,,,
18/07/2022 09:00,147,65,82,0,0,0,31,12,19,25,14,11,,,,,,,,,,30,11,19,,,
18/07/2022 10:00,202,92,110,0,0,0,27,17,10,24,15,9,,,,,,,,,,26,16,10,,,
18/07/2022 11:00,280,171,109,0,0,0,44,20,24,29,10,19,,,,,,,,,,39,19,20,,,
18/07/2022 12:00,342,217,125,0,0,0,63,43,20,29,12,17,,,,,,,,,,48,31,17,,,
18/07/2022 13:00,328,179,149,0,0,0,70,34,36,32,12,20,,,,,,,,,,46,25,21,,,
18/07/2022 14:00,459,315,144,0,0,0,50,19,31,17,10,7,,,,,,,,,,38,20,18,,,
18/07/2022 15:00,457,272,185,0,0,0,69,34,35,22,10,12,,,,,,,,,,40,25,15,,,
18/07/2022 16:00,446,241,205,0,0,0,84,42,42,22,8,14,,,,,,,,,,83,44,39,,,
18/07/2022 17:00,179,91,88,0,0,0,91,40,51,25,11,14,,,,,,,,,,61,43,18,,,
18/07/2022 18:00,525,220,305,,,,92,46,46,24,13,11,,,,,,,,,,47,19,28,,,
18/07/2022 19:00,505,222,283,,,,67,39,28,30,18,12,,,,27,7,20,,,,85,50,35,,,
18/07/2022 20:00,508,250,258,,,,94,57,37,31,19,12,,,,73,38,35,,,,62,27,35,,,
18/07/2022 21:00,391,204,187,,,,76,42,34,24,19,5,,,,57,26,31,,,,37,21,16,,,
18/07/2022 22:00,137,57,80,,,,23,16,7,5,1,4,,,,5,2,3,,,,26,11,15,,,
18/07/2022 23:00,37,18,19,,,,18,7,11,2,0,2,,,,6,2,4,,,,15,7,8,,,
19/07/2022 00:00,1,1,0,,,,8,1,7,2,0,2,,,,2,0,2,,,,8,6,2,,,
19/07/2022 01:00,4,0,4,,,,2,1,1,4,2,2,,,,0,0,0,,,,6,3,3,,,
19/07/2022 02:00,2,0,2,,,,0,0,0,0,0,0,,,,0,0,0,,,,0,0,0,,,
19/07/2022 03:00,0,0,0,,,,0,0,0,0,0,0,,,,0,0,0,,,,1,1,0,,,
19/07/2022 04:00,0,0,0,,,,0,0,0,0,0,0,,,,1,1,0,,,,1,1,0,,,
19/07/2022 05:00,10,4,6,,,,1,1,0,1,1,0,,,,2,1,1,,,,7,3,4,,,
19/07/2022 06:00,56,25,31,,,,15,8,7,8,1,7,,,,31,19,12,,,,15,8,7,,,
19/07/2022 07:00,156,70,86,,,,11,6,5,17,13,4,,,,49,24,25,,,,28,15,13,,,
19/07/2022 08:00,126,67,59,,,,35,9,26,35,20,15,,,,65,33,32,,,,69,25,44,,,
19/07/2022 09:00,132,57,75,,,,24,9,15,23,12,11,,,,88,54,34,,,,36,16,20,,,
19/07/2022 10:00,183,92,91,,,,13,7,6,25,13,12,,,,31,20,11,,,,21,9,12,,,
19/07/2022 11:00,227,135,92,,,,11,8,3,22,9,13,,,,56,32,24,,,,21,15,6,,,
19/07/2022 12:00,232,116,116,,,,31,21,10,36,19,17,,,,55,28,27,,,,33,12,21,,,
19/07/2022 13:00,173,75,98,,,,30,21,9,26,15,11,,,,41,16,25,,,,29,16,13,,,
19/07/2022 14:00,173,91,82,,,,25,12,13,25,17,8,,,,40,30,10,,,,46,23,23,,,
19/07/2022 15:00,253,132,121,,,,48,20,28,26,11,15,,,,45,28,17,,,,39,20,19,,,
19/07/2022 16:00,286,140,146,,,,60,29,31,27,9,18,,,,64,49,15,,,,43,22,21,,,
19/07/2022 17:00,233,113,120,,,,69,40,29,31,14,17,,,,138,72,66,,,,82,42,40,,,
19/07/2022 18:00,264,128,136,,,,63,28,35,17,8,9,,,,109,61,48,,,,77,36,41,,,
19/07/2022 19:00,375,175,200,,,,89,53,36,34,19,15,,,,111,56,55,,,,92,49,43,,,
19/07/2022 20:00,328,158,170,,,,41,20,21,34,17,17,,,,75,30,45,,,,58,26,32,,,
19/07/2022 21:00,205,107,98,,,,34,17,17,17,5,12,,,,35,23,12,,,,42,19,23,,,
19/07/2022 22:00,36,22,14,,,,25,12,13,15,4,11,,,,1,1,0,,,,27,10,17,,,
19/07/2022 23:00,15,8,7,,,,4,0,4,2,2,0,,,,0,0,0,,,,13,7,6,,,
20/07/2022 00:00,3,3,0,,,,5,2,3,0,0,0,,,,1,1,0,,,,8,6,2,,,
20/07/2022 01:00,2,0,2,,,,1,0,1,1,0,1,,,,2,0,2,,,,2,1,1,,,
20/07/2022 02:00,2,2,0,,,,5,1,4,0,0,0,,,,0,0,0,,,,0,0,0,,,
20/07/2022 03:00,3,0,3,,,,3,3,0,0,0,0,,,,0,0,0,,,,2,2,0,,,
20/07/2022 04:00,0,0,0,,,,3,3,0,0,0,0,,,,0,0,0,,,,2,0,2,,,
20/07/2022 05:00,8,3,5,,,,1,0,1,1,1,0,,,,5,3,2,,,,4,2,2,,,
20/07/2022 06:00,42,20,22,,,,16,10,6,11,5,6,,,,18,12,6,,,,15,5,10,,,
20/07/2022 07:00,95,44,51,,,,14,2,12,20,9,11,,,,58,32,26,,,,46,19,27,,,
20/07/2022 08:00,118,55,63,,,,37,14,23,25,9,16,,,,62,34,28,,,,47,18,29,,,
20/07/2022 09:00,100,71,29,,,,35,20,15,27,21,6,,,,43,25,18,,,,43,22,21,,,
20/07/2022 10:00,189,130,59,,,,21,12,9,24,11,13,,,,31,19,12,,,,54,28,26,,,
20/07/2022 11:00,188,104,84,,,,22,10,12,34,21,13,,,,67,30,37,,,,42,21,21,,,
20/07/2022 12:00,163,89,74,,,,34,19,15,44,12,32,,,,47,29,18,,,,50,25,25,,,
20/07/2022 13:00,173,73,100,,,,35,22,13,39,23,16,,,,57,36,21,,,,40,22,18,,,
20/07/2022 14:00,228,130,98,,,,28,16,12,23,10,13,,,,62,38,24,,,,72,48,24,,,
20/07/2022 15:00,199,111,88,,,,35,22,13,33,17,16,,,,51,28,23,,,,66,32,34,,,
20/07/2022 16:00,230,124,106,,,,42,25,17,27,12,15,,,,66,44,22,,,,84,43,41,,,
20/07/2022 17:00,181,84,97,,,,55,28,27,35,16,19,,,,68,33,35,,,,69,35,34,,,
20/07/2022 18:00,186,88,98,,,,37,18,19,22,6,16,,,,69,42,27,,,,68,33,35,,,
20/07/2022 19:00,240,134,106,,,,43,20,23,37,17,20,,,,93,44,49,,,,62,43,19,,,
20/07/2022 20:00,221,110,111,,,,32,11,21,27,15,12,,,,54,24,30,,,,49,24,25,,,
20/07/2022 21:00,159,83,76,,,,30,13,17,17,11,6,,,,33,15,18,,,,41,12,29,,,
20/07/2022 22:00,48,30,18,,,,12,4,8,8,2,6,,,,0,0,0,,,,29,11,18,,,
20/07/2022 23:00,11,7,4,,,,4,2,2,2,1,1,,,,0,0,0,,,,7,5,2,,,
21/07/2022 00:00,0,0,0,,,,4,1,3,6,3,3,,,,0,0,0,,,,6,5,1,,,
21/07/2022 01:00,1,0,1,,,,3,2,1,0,0,0,,,,0,0,0,,,,8,5,3,,,
21/07/2022 02:00,0,0,0,,,,1,0,1,0,0,0,,,,1,0,1,,,,0,0,0,,,
21/07/2022 03:00,0,0,0,,,,0,0,0,0,0,0,,,,0,0,0,,,,1,1,0,,,
21/07/2022 04:00,1,0,1,,,,0,0,0,2,1,1,,,,1,0,1,,,,0,0,0,,,
21/07/2022 05:00,5,1,4,,,,0,0,0,2,1,1,,,,4,3,1,,,,6,2,4,,,
21/07/2022 06:00,41,19,22,,,,16,9,7,6,2,4,,,,30,16,14,,,,16,8,8,,,
21/07/2022 07:00,90,47,43,,,,24,13,11,19,9,10,,,,49,23,26,,,,34,16,18,,,
21/07/2022 08:00,101,56,45,,,,31,14,17,23,12,11,,,,55,36,19,,,,50,16,34,,,
21/07/2022 09:00,97,45,52,,,,27,12,15,28,14,14,,,,43,26,17,,,,39,13,26,,,
21/07/2022 10:00,117,50,67,,,,32,21,11,25,10,15,,,,48,27,21,,,,32,10,22,,,
21/07/2022 11:00,151,85,66,,,,26,9,17,24,13,11,,,,60,30,30,,,,35,15,20,,,
21/07/2022 12:00,161,78,83,,,,35,19,16,27,8,19,,,,74,33,41,,,,38,19,19,,,
21/07/2022 13:00,242,115,127,,,,53,23,30,30,15,15,,,,74,44,30,,,,65,43,22,,,
21/07/2022 14:00,196,100,96,,,,29,14,15,23,18,5,,,,80,44,36,,,,37,13,24,,,
21/07/2022 15:00,226,107,119,,,,27,15,12,21,10,11,,,,73,31,42,,,,47,29,18,,,
21/07/2022 16:00,228,113,115,,,,46,24,22,23,6,17,,,,65,35,30,,,,70,35,35,,,
21/07/2022 17:00,185,89,96,,,,51,35,16,42,19,23,,,,90,45,45,,,,97,64,33,,,
21/07/2022 18:00,177,89,88,,,,40,25,15,33,14,19,,,,84,48,36,,,,86,54,32,,,
21/07/2022 19:00,209,94,115,,,,39,26,13,26,9,17,,,,79,37,42,,,,90,43,47,,,
21/07/2022 20:00,201,102,99,,,,35,11,24,15,8,7,,,,69,38,31,,,,66,25,41,,,
21/07/2022 21:00,161,84,77,,,,28,12,16,9,4,5,,,,29,9,20,,,,28,11,17,,,
21/07/2022 22:00,54,37,17,,,,18,9,9,4,3,1,,,,1,1,0,,,,38,17,21,,,
21/07/2022 23:00,20,8,12,,,,12,5,7,2,1,1,,,,0,0,0,,,,20,11,9,,,
22/07/2022 00:00,2,2,0,,,,4,0,4,3,1,2,,,,0,0,0,,,,8,5,3,,,
22/07/2022 01:00,7,4,3,,,,3,1,2,2,1,1,,,,0,0,0,,,,2,2,0,,,
22/07/2022 02:00,2,2,0,,,,0,0,0,0,0,0,,,,1,1,0,,,,3,3,0,,,
22/07/2022 03:00,0,0,0,,,,1,1,0,3,0,3,,,,0,0,0,,,,2,2,0,,,
22/07/2022 04:00,0,0,0,,,,3,1,2,0,0,0,,,,0,0,0,,,,1,0,1,,,
22/07/2022 05:00,10,5,5,,,,3,3,0,1,1,0,,,,4,2,2,,,,7,4,3,,,
22/07/2022 06:00,44,20,24,,,,10,6,4,6,0,6,,,,16,11,5,,,,9,1,8,,,
22/07/2022 07:00,79,45,34,,,,21,10,11,14,6,8,,,,49,27,22,,,,35,16,19,,,
22/07/2022 08:00,93,52,41,,,,28,13,15,32,17,15,,,,68,34,34,,,,29,11,18,,,
22/07/2022 09:00,106,54,52,,,,35,10,25,34,14,20,,,,40,25,15,,,,30,15,15,,,
22/07/2022 10:00,219,133,86,,,,23,12,11,18,14,4,,,,62,36,26,,,,30,10,20,,,
22/07/2022 11:00,230,103,127,,,,27,17,10,38,17,21,,,,90,39,51,,,,47,22,25,,,
22/07/2022 12:00,327,155,172,,,,46,21,25,28,16,12,,,,62,34,28,,,,51,29,22,,,
22/07/2022 13:00,227,109,118,,,,74,22,52,33,16,17,,,,67,36,31,,,,40,19,21,,,
22/07/2022 14:00,233,130,103,,,,49,24,25,29,12,17,,,,52,32,20,,,,51,27,24,,,
22/07/2022 15:00,430,253,177,,,,29,18,11,37,18,19,,,,81,43,38,,,,53,31,22,,,
22/07/2022 16:00,434,204,230,,,,64,28,36,28,11,17,,,,86,48,38,,,,66,42,24,,,
22/07/2022 17:00,406,184,222,,,,67,26,41,26,13,13,,,,87,45,42,,,,68,34,34,,,
22/07/2022 18:00,313,164,149,,,,55,29,26,23,10,13,,,,93,48,45,,,,75,40,35,,,
22/07/2022 19:00,192,88,104,,,,33,21,12,23,10,13,,,,61,30,31,,,,62,29,33,,,
22/07/2022 20:00,184,87,97,,,,35,14,21,21,8,13,,,,63,37,26,,,,45,24,21,,,
22/07/2022 21:00,120,54,66,,,,31,10,21,8,7,1,,,,42,12,30,,,,29,13,16,,,
22/07/2022 22:00,62,39,23,,,,15,6,9,9,2,7,,,,0,0,0,,,,33,17,16,,,
22/07/2022 23:00,30,11,19,,,,19,5,14,2,2,0,,,,0,0,0,,,,17,8,9,,,
23/07/2022 00:00,1,0,1,,,,5,4,1,1,0,1,,,,0,0,0,,,,6,5,1,,,
23/07/2022 01:00,3,1,2,,,,0,0,0,1,0,1,,,,1,0,1,,,,11,6,5,,,
23/07/2022 02:00,0,0,0,,,,2,0,2,0,0,0,,,,0,0,0,,,,7,3,4,,,
23/07/2022 03:00,2,2,0,,,,1,0,1,2,0,2,,,,1,0,1,,,,13,8,5,,,
23/07/2022 04:00,0,0,0,,,,0,0,0,4,3,1,,,,3,1,2,,,,2,2,0,,,
23/07/2022 05:00,3,1,2,,,,2,1,1,2,1,1,,,,1,1,0,,,,0,0,0,,,
23/07/2022 06:00,13,6,7,,,,7,2,5,1,1,0,,,,5,4,1,,,,4,2,2,,,
23/07/2022 07:00,30,15,15,,,,8,4,4,3,0,3,,,,11,8,3,,,,4,2,2,,,
23/07/2022 08:00,70,35,35,,,,13,6,7,7,3,4,,,,17,8,9,,,,13,7,6,,,
23/07/2022 09:00,88,41,47,,,,49,30,19,15,7,8,,,,45,25,20,,,,20,11,9,,,
23/07/2022 10:00,159,83,76,,,,36,23,13,29,15,14,,,,57,28,29,,,,35,20,15,,,
23/07/2022 11:00,224,129,95,,,,52,27,25,30,17,13,,,,81,45,36,,,,37,16,21,,,
23/07/2022 12:00,261,131,130,,,,40,28,12,33,16,17,,,,68,35,33,,,,44,28,16,,,
23/07/2022 13:00,304,135,169,,,,53,32,21,23,6,17,,,,74,46,28,,,,38,19,19,,,
23/07/2022 14:00,358,225,133,,,,32,13,19,27,13,14,,,,98,41,57,,,,33,15,18,,,
23/07/2022 15:00,353,210,143,,,,30,23,7,26,14,12,,,,67,34,33,,,,43,22,21,,,
23/07/2022 16:00,415,205,210,,,,63,39,24,24,9,15,,,,87,48,39,,,,52,25,27,,,
23/07/2022 17:00,313,166,147,,,,45,12,33,47,18,29,,,,63,27,36,,,,42,20,22,,,
23/07/2022 18:00,221,102,119,,,,46,19,27,16,6,10,,,,75,46,29,,,,44,25,19,,,
23/07/2022 19:00,113,53,60,,,,15,5,10,12,6,6,,,,37,18,19,,,,31,17,14,,,
23/07/2022 20:00,105,51,54,,,,23,10,13,11,5,6,,,,22,14,8,,,,31,9,22,,,
23/07/2022 21:00,93,46,47,,,,35,15,20,11,5,6,,,,17,8,9,,,,22,10,12,,,
23/07/2022 22:00,58,29,29,,,,30,18,12,8,4,4,,,,4,3,1,,,,24,9,15,,,
23/07/2022 23:00,22,16,6,,,,9,3,6,2,0,2,,,,0,0,0,,,,20,5,15,,,
24/07/2022 00:00,2,1,1,,,,16,8,8,4,3,1,,,,0,0,0,,,,12,10,2,,,
24/07/2022 01:00,12,9,3,,,,9,0,9,8,1,7,,,,0,0,0,,,,22,12,10,,,
24/07/2022 02:00,2,0,2,,,,2,0,2,0,0,0,,,,0,0,0,,,,9,5,4,,,
24/07/2022 03:00,4,2,2,,,,0,0,0,2,0,2,,,,1,1,0,,,,9,6,3,,,
24/07/2022 04:00,0,0,0,,,,1,1,0,0,0,0,,,,1,1,0,,,,19,11,8,,,
24/07/2022 05:00,2,1,1,,,,0,0,0,0,0,0,,,,2,1,1,,,,2,2,0,,,
24/07/2022 06:00,15,7,8,,,,8,4,4,2,1,1,,,,3,1,2,,,,11,7,4,,,
24/07/2022 07:00,56,35,21,,,,13,6,7,11,6,5,,,,25,15,10,,,,17,8,9,,,
24/07/2022 08:00,111,45,66,,,,19,7,12,17,10,7,,,,40,22,18,,,,24,14,10,,,
24/07/2022 09:00,214,126,88,,,,38,17,21,24,11,13,,,,86,57,29,,,,46,27,19,,,
24/07/2022 10:00,424,290,134,,,,72,35,37,18,9,9,,,,148,94,54,,,,59,35,24,,,
24/07/2022 11:00,627,341,286,,,,86,59,27,36,19,17,,,,164,86,78,,,,57,38,19,,,
24/07/2022 12:00,559,276,283,,,,81,44,37,40,9,31,,,,100,55,45,,,,29,13,16,,,
24/07/2022 13:00,509,251,258,,,,68,42,26,51,19,32,,,,97,41,56,,,,63,25,38,,,
24/07/2022 14:00,646,361,285,,,,87,61,26,38,19,19,,,,76,43,33,,,,40,24,16,,,
24/07/2022 15:00,595,323,272,,,,65,20,45,39,15,24,,,,80,46,34,,,,37,24,13,,,
24/07/2022 16:00,678,308,370,,,,91,34,57,57,26,31,,,,65,33,32,,,,64,30,34,,,
24/07/2022 17:00,436,200,236,,,,49,24,25,28,23,5,,,,54,31,23,,,,48,22,26,,,
24/07/2022 18:00,369,173,196,,,,36,19,17,18,14,4,,,,67,32,35,,,,55,24,31,,,
24/07/2022 19:00,255,107,148,,,,35,18,17,11,8,3,,,,57,27,30,,,,45,27,18,,,
24/07/2022 20:00,221,115,106,,,,35,12,23,20,10,10,,,,45,18,27,,,,44,26,18,,,
24/07/2022 21:00,164,78,86,,,,17,6,11,3,3,0,,,,20,6,14,,,,29,12,17,,,
24/07/2022 22:00,27,10,17,,,,14,8,6,4,1,3,,,,0,0,0,,,,25,13,12,,,
24/07/2022 23:00,8,6,2,,,,4,0,4,1,1,0,,,,0,0,0,,,,11,3,8,,,
25/07/2022 00:00,0,0,0,,,,2,1,1,2,2,0,,,,4,2,2,,,,9,5,4,,,
25/07/2022 01:00,2,1,1,,,,0,0,0,1,0,1,,,,0,0,0,,,,1,1,0,,,
25/07/2022 02:00,0,0,0,,,,0,0,0,0,0,0,,,,0,0,0,,,,3,2,1,,,
25/07/2022 03:00,0,0,0,,,,1,1,0,0,0,0,,,,1,1,0,,,,1,0,1,,,
25/07/2022 04:00,1,0,1,,,,0,0,0,0,0,0,,,,0,0,0,,,,0,0,0,,,
25/07/2022 05:00,3,0,3,,,,1,0,1,1,0,1,,,,4,1,3,,,,6,2,4,,,
25/07/2022 06:00,37,16,21,,,,8,5,3,9,5,4,,,,25,16,9,,,,10,5,5,,,
25/07/2022 07:00,78,36,42,,,,10,5,5,12,5,7,,,,43,22,21,,,,27,14,13,,,
25/07/2022 08:00,94,51,43,,,,23,17,6,22,10,12,,,,48,27,21,,,,26,11,15,,,
25/07/2022 09:00,68,35,33,,,,22,10,12,21,7,14,,,,52,37,15,,,,29,15,14,,,
25/07/2022 10:00,102,49,53,,,,14,6,8,17,9,8,,,,41,24,17,,,,28,11,17,,,
25/07/2022 11:00,138,67,71,,,,14,4,10,30,12,18,,,,56,23,33,,,,39,14,25,,,
25/07/2022 12:00,191,116,75,,,,22,9,13,23,10,13,,,,68,34,34,,,,52,20,32,,,
25/07/2022 13:00,188,88,100,,,,45,26,19,34,12,22,,,,89,44,45,,,,30,9,21,,,
25/07/2022 14:00,234,130,104,,,,25,15,10,36,20,16,,,,62,30,32,,,,35,12,23,,,
25/07/2022 15:00,261,128,133,,,,25,19,6,32,13,19,,,,49,32,17,,,,56,32,24,,,
25/07/2022 16:00,244,89,155,,,,25,10,15,27,11,16,,,,63,37,26,,,,56,24,32,,,
25/07/2022 17:00,212,100,112,,,,50,32,18,39,12,27,,,,67,33,34,,,,62,33,29,,,
25/07/2022 18:00,189,110,79,,,,26,14,12,27,10,17,,,,93,50,43,,,,50,22,28,,,
25/07/2022 19:00,172,73,99,,,,27,16,11,18,12,6,,,,66,30,36,,,,55,26,29,,,
25/07/2022 20:00,222,115,107,,,,28,15,13,24,12,12,,,,53,36,17,,,,43,27,16,,,
25/07/2022 21:00,117,61,56,,,,30,15,15,13,9,4,,,,25,9,16,,,,38,11,27,,,
25/07/2022 22:00,40,23,17,,,,10,4,6,6,4,2,,,,2,1,1,,,,32,11,21,,,
25/07/2022 23:00,6,3,3,,,,0,0,0,0,0,0,,,,0,0,0,,,,7,3,4,,,
26/07/2022 00:00,0,0,0,,,,4,1,3,0,0,0,,,,1,1,0,,,,12,7,5,,,
26/07/2022 01:00,0,0,0,,,,1,0,1,1,0,1,,,,0,0,0,,,,0,0,0,,,
26/07/2022 02:00,1,1,0,,,,1,0,1,0,0,0,,,,0,0,0,,,,0,0,0,,,
26/07/2022 03:00,0,0,0,,,,0,0,0,0,0,0,,,,0,0,0,,,,1,0,1,,,
26/07/2022 04:00,1,1,0,,,,0,0,0,1,0,1,,,,0,0,0,,,,2,2,0,,,
26/07/2022 05:00,9,4,5,,,,1,1,0,1,1,0,,,,4,4,0,,,,6,3,3,,,
26/07/2022 06:00,40,20,20,,,,17,8,9,13,9,4,,,,21,12,9,,,,8,2,6,,,
26/07/2022 07:00,87,42,45,,,,14,7,7,17,6,11,,,,36,24,12,,,,33,14,19,,,
26/07/2022 08:00,104,52,52,,,,32,14,18,25,15,10,,,,70,39,31,,,,41,18,23,,,
26/07/2022 09:00,113,55,58,,,,21,12,9,21,11,10,,,,91,56,35,,,,29,10,19,,,
26/07/2022 10:00,122,67,55,,,,30,17,13,23,15,8,,,,59,36,23,,,,38,21,17,,,
26/07/2022 11:00,180,83,97,,,,32,17,15,30,13,17,,,,75,45,30,,,,49,29,20,,,
26/07/2022 12:00,194,114,80,,,,36,11,25,32,13,19,,,,113,62,51,,,,46,24,22,,,
26/07/2022 13:00,221,91,130,,,,42,23,19,34,9,25,,,,77,29,48,,,,51,27,24,,,
26/07/2022 14:00,165,78,87,,,,28,9,19,38,15,23,,,,56,39,17,,,,53,32,21,,,
26/07/2022 15:00,221,119,102,,,,40,28,12,31,21,10,,,,80,41,39,,,,51,24,27,,,
26/07/2022 16:00,228,122,106,,,,25,17,8,25,13,12,,,,73,35,38,,,,54,23,31,,,
26/07/2022 17:00,146,79,67,,,,52,31,21,24,10,14,,,,90,52,38,,,,95,55,40,,,
26/07/2022 18:00,170,78,92,,,,56,27,29,25,17,8,,,,90,49,41,,,,88,40,48,,,
26/07/2022 19:00,237,121,116,,,,47,23,24,25,11,14,,,,107,51,56,,,,91,51,40,,,
26/07/2022 20:00,292,147,145,,,,53,28,25,24,14,10,,,,71,39,32,,,,62,24,38,,,
26/07/2022 21:00,200,92,108,,,,28,18,10,18,11,7,,,,50,19,31,,,,49,20,29,,,
26/07/2022 22:00,54,34,20,,,,12,6,6,9,9,0,,,,1,0,1,,,,36,8,28,,,
26/07/2022 23:00,6,4,2,,,,5,1,4,6,1,5,,,,0,0,0,,,,7,4,3,,,
27/07/2022 00:00,0,0,0,,,,11,4,7,2,1,1,,,,1,1,0,,,,4,4,0,,,
27/07/2022 01:00,2,1,1,,,,4,3,1,3,0,3,,,,0,0,0,,,,1,1,0,,,
27/07/2022 02:00,2,0,2,,,,1,0,1,1,0,1,,,,0,0,0,,,,4,2,2,,,
27/07/2022 03:00,0,0,0,,,,0,0,0,0,0,0,,,,0,0,0,,,,4,3,1,,,
27/07/2022 04:00,2,2,0,,,,0,0,0,0,0,0,,,,1,1,0,,,,1,1,0,,,
27/07/2022 05:00,12,3,9,,,,1,1,0,0,0,0,,,,3,2,1,,,,6,4,2,,,
27/07/2022 06:00,60,26,34,,,,18,10,8,10,5,5,,,,16,11,5,,,,10,7,3,,,
27/07/2022 07:00,95,49,46,,,,22,13,9,24,11,13,,,,48,28,20,,,,32,18,14,,,
27/07/2022 08:00,104,54,50,,,,33,15,18,16,9,7,,,,74,42,32,,,,42,19,23,,,
27/07/2022 09:00,98,37,61,,,,25,13,12,29,14,15,,,,68,38,30,,,,40,16,24,,,
27/07/2022 10:00,118,63,55,,,,19,7,12,20,10,10,,,,38,21,17,,,,55,29,26,,,
27/07/2022 11:00,217,109,108,,,,32,17,15,33,17,16,,,,51,29,22,,,,37,13,24,,,
27/07/2022 12:00,210,108,102,,,,25,13,12,35,17,18,,,,71,43,28,,,,50,28,22,,,
27/07/2022 13:00,215,106,109,,,,49,23,26,27,8,19,,,,101,50,51,,,,74,31,43,,,
27/07/2022 14:00,176,82,94,,,,17,9,8,24,15,9,,,,84,37,47,,,,63,27,36,,,
27/07/2022 15:00,200,98,102,,,,22,10,12,23,13,10,,,,83,41,42,,,,50,27,23,,,
27/07/2022 16:00,181,98,83,,,,29,17,12,42,19,23,,,,59,30,29,,,,50,24,26,,,
27/07/2022 17:00,187,88,99,,,,60,40,20,36,23,13,,,,74,33,41,,,,97,49,48,,,
27/07/2022 18:00,185,98,87,,,,29,18,11,32,9,23,,,,64,34,30,,,,74,32,42,,,
27/07/2022 19:00,224,107,117,,,,47,22,25,26,10,16,,,,69,40,29,,,,69,33,36,,,
27/07/2022 20:00,202,95,107,,,,37,22,15,18,12,6,,,,51,23,28,,,,49,27,22,,,
27/07/2022 21:00,155,72,83,,,,27,18,9,16,8,8,,,,20,9,11,,,,76,40,36,,,
27/07/2022 22:00,42,21,21,,,,17,10,7,3,1,2,,,,1,1,0,,,,50,13,37,,,
27/07/2022 23:00,16,7,9,,,,2,2,0,0,0,0,,,,3,1,2,,,,13,10,3,,,
28/07/2022 00:00,0,0,0,,,,6,4,2,1,0,1,,,,1,1,0,,,,7,4,3,,,
28/07/2022 01:00,0,0,0,,,,0,0,0,0,0,0,,,,1,1,0,,,,5,3,2,,,
28/07/2022 02:00,0,0,0,,,,0,0,0,0,0,0,,,,0,0,0,,,,0,0,0,,,
28/07/2022 03:00,1,1,0,,,,2,1,1,0,0,0,,,,1,1,0,,,,2,2,0,,,
28/07/2022 04:00,2,1,1,,,,0,0,0,0,0,0,,,,0,0,0,,,,3,3,0,,,
28/07/2022 05:00,4,2,2,,,,2,0,2,3,2,1,,,,1,1,0,,,,10,7,3,,,
28/07/2022 06:00,48,18,30,,,,12,8,4,7,3,4,,,,18,11,7,,,,10,3,7,,,
28/07/2022 07:00,94,46,48,,,,16,6,10,15,6,9,,,,50,23,27,,,,27,13,14,,,
28/07/2022 08:00,103,49,54,,,,30,13,17,30,14,16,,,,61,31,30,,,,47,22,25,,,
28/07/2022 09:00,110,63,47,,,,28,10,18,13,10,3,,,,44,25,19,,,,33,11,22,,,
28/07/2022 10:00,177,98,79,,,,24,10,14,10,4,6,,,,42,26,16,,,,32,10,22,,,
28/07/2022 11:00,242,124,118,,,,18,8,10,22,8,14,,,,55,29,26,,,,42,19,23,,,
28/07/2022 12:00,268,129,139,,,,32,16,16,28,13,15,,,,98,63,35,,,,44,22,22,,,
28/07/2022 13:00,243,105,138,,,,33,18,15,42,20,22,,,,110,56,54,,,,49,25,24,,,
28/07/2022 14:00,236,122,114,,,,31,20,11,26,16,10,,,,80,42,38,,,,59,26,33,,,
28/07/2022 15:00,326,168,158,,,,26,13,13,36,16,20,,,,80,30,50,,,,57,33,24,,,
28/07/2022 16:00,238,110,128,,,,35,13,22,33,18,15,,,,71,44,27,,,,42,24,18,,,
28/07/2022 17:00,150,75,75,,,,51,33,18,26,13,13,,,,66,35,31,,,,58,37,21,,,
28/07/2022 18:00,165,98,67,,,,28,16,12,30,22,8,,,,65,36,29,,,,69,33,36,,,
28/07/2022 19:00,225,105,120,,,,31,18,13,21,7,14,,,,81,55,26,,,,72,35,37,,,
28/07/2022 20:00,250,118,132,,,,35,17,18,17,12,5,,,,61,32,29,,,,44,19,25,,,
28/07/2022 21:00,161,86,75,,,,37,18,19,11,4,7,,,,31,11,20,,,,45,18,27,,,
28/07/2022 22:00,50,35,15,,,,21,7,14,12,6,6,,,,0,0,0,,,,22,4,18,,,
28/07/2022 23:00,18,12,6,,,,16,4,12,3,3,0,,,,0,0,0,,,,9,8,1,,,
29/07/2022 00:00,0,0,0,,,,6,2,4,1,0,1,,,,0,0,0,,,,10,8,2,,,
29/07/2022 01:00,3,2,1,,,,2,1,1,0,0,0,,,,0,0,0,,,,7,7,0,,,
29/07/2022 02:00,1,0,1,,,,0,0,0,0,0,0,,,,0,0,0,,,,2,0,2,,,
29/07/2022 03:00,0,0,0,,,,0,0,0,0,0,0,,,,0,0,0,,,,0,0,0,,,
29/07/2022 04:00,1,1,0,,,,1,1,0,0,0,0,,,,0,0,0,,,,3,2,1,,,
29/07/2022 05:00,1,0,1,,,,0,0,0,1,0,1,,,,2,0,2,,,,3,2,1,,,
29/07/2022 06:00,31,14,17,,,,10,7,3,5,3,2,,,,7,7,0,,,,7,3,4,,,
29/07/2022 07:00,67,31,36,,,,15,6,9,10,4,6,,,,35,20,15,,,,29,18,11,,,
29/07/2022 08:00,105,64,41,,,,31,13,18,25,13,12,,,,47,25,22,,,,36,21,15,,,
29/07/2022 09:00,92,39,53,,,,21,13,8,35,18,17,,,,50,34,16,,,,32,7,25,,,
29/07/2022 10:00,164,92,72,,,,17,10,7,25,13,12,,,,64,38,26,,,,39,23,16,,,
29/07/2022 11:00,237,101,136,,,,22,13,9,37,19,18,,,,77,41,36,,,,41,15,26,,,
29/07/2022 12:00,172,85,87,,,,37,18,19,19,9,10,,,,72,36,36,,,,58,33,25,,,
29/07/2022 13:00,168,79,89,,,,38,22,16,37,17,20,,,,66,31,35,,,,34,20,14,,,
29/07/2022 14:00,235,125,110,,,,22,10,12,33,12,21,,,,41,19,22,,,,53,28,25,,,
29/07/2022 15:00,210,108,102,,,,27,17,10,41,18,23,,,,58,30,28,,,,61,38,23,,,
29/07/2022 16:00,268,112,156,,,,32,16,16,32,14,18,,,,61,42,19,,,,60,29,31,,,
29/07/2022 17:00,163,82,81,,,,47,21,26,23,11,12,,,,68,29,39,,,,45,12,33,,,
29/07/2022 18:00,193,116,77,,,,43,25,18,27,10,17,,,,64,42,22,,,,61,35,26,,,
29/07/2022 19:00,181,102,79,,,,32,16,16,14,6,8,,,,58,23,35,,,,64,30,34,,,
29/07/2022 20:00,102,52,50,,,,30,21,9,22,11,11,,,,24,11,13,,,,46,21,25,,,
29/07/2022 21:00,85,35,50,,,,36,21,15,11,7,4,,,,22,9,13,,,,32,14,18,,,
29/07/2022 22:00,42,18,24,,,,22,10,12,14,8,6,,,,0,0,0,,,,27,7,20,,,
29/07/2022 23:00,24,13,11,,,,6,3,3,0,0,0,,,,0,0,0,,,,11,6,5,,,
30/07/2022 00:00,0,0,0,,,,4,3,1,2,1,1,,,,0,0,0,,,,8,5,3,,,
30/07/2022 01:00,2,2,0,,,,2,0,2,1,1,0,,,,0,0,0,,,,12,9,3,,,
30/07/2022 02:00,2,2,0,,,,0,0,0,0,0,0,,,,0,0,0,,,,8,7,1,,,
30/07/2022 03:00,0,0,0,,,,1,0,1,1,0,1,,,,0,0,0,,,,1,0,1,,,
30/07/2022 04:00,1,0,1,,,,0,0,0,0,0,0,,,,0,0,0,,,,5,2,3,,,
30/07/2022 05:00,1,0,1,,,,1,1,0,0,0,0,,,,6,5,1,,,,4,1,3,,,
30/07/2022 06:00,17,8,9,,,,3,3,0,2,0,2,,,,7,2,5,,,,3,0,3,,,
30/07/2022 07:00,44,23,21,,,,6,3,3,8,2,6,,,,12,10,2,,,,17,9,8,,,
30/07/2022 08:00,67,37,30,,,,19,10,9,12,8,4,,,,18,11,7,,,,17,5,12,,,
30/07/2022 09:00,57,28,29,,,,15,8,7,20,12,8,,,,44,26,18,,,,23,13,10,,,
30/07/2022 10:00,110,47,63,,,,35,17,18,20,12,8,,,,34,22,12,,,,50,24,26,,,
30/07/2022 11:00,156,73,83,,,,33,18,15,13,11,2,,,,65,39,26,,,,30,14,16,,,
30/07/2022 12:00,222,119,103,,,,48,19,29,46,23,23,,,,98,62,36,,,,53,26,27,,,
30/07/2022 13:00,260,125,135,,,,36,24,12,24,10,14,,,,57,30,27,,,,61,20,41,,,
30/07/2022 14:00,252,118,134,,,,31,13,18,33,11,22,,,,81,41,40,,,,46,25,21,,,
30/07/2022 15:00,313,152,161,,,,35,17,18,17,8,9,,,,67,27,40,,,,48,23,25,,,
30/07/2022 16:00,312,158,154,,,,29,15,14,35,19,16,,,,61,28,33,,,,47,22,25,,,
30/07/2022 17:00,155,62,93,,,,25,7,18,20,11,9,,,,26,15,11,,,,31,16,15,,,
30/07/2022 18:00,47,29,18,,,,16,7,9,8,6,2,,,,20,12,8,,,,28,11,17,,,
30/07/2022 19:00,43,19,24,,,,17,8,9,9,5,4,,,,10,4,6,,,,26,11,15,,,
30/07/2022 20:00,55,33,22,,,,6,4,2,5,2,3,,,,8,6,2,,,,18,9,9,,,
30/07/2022 21:00,25,13,12,,,,7,3,4,3,2,1,,,,0,0,0,,,,16,9,7,,,
30/07/2022 22:00,3,3,0,,,,7,5,2,3,1,2,,,,0,0,0,,,,13,7,6,,,
30/07/2022 23:00,5,3,2,,,,4,3,1,2,1,1,,,,0,0,0,,,,11,8,3,,,
31/07/2022 00:00,0,0,0,,,,6,2,4,3,1,2,,,,0,0,0,,,,10,8,2,,,
31/07/2022 01:00,5,2,3,,,,3,1,2,2,0,2,,,,0,0,0,,,,15,10,5,,,
31/07/2022 02:00,1,0,1,,,,0,0,0,0,0,0,,,,0,0,0,,,,9,3,6,,,
31/07/2022 03:00,0,0,0,,,,0,0,0,0,0,0,,,,0,0,0,,,,11,6,5,,,
31/07/2022 04:00,0,0,0,,,,1,1,0,0,0,0,,,,0,0,0,,,,5,4,1,,,
31/07/2022 05:00,2,1,1,,,,0,0,0,0,0,0,,,,0,0,0,,,,5,2,3,,,
31/07/2022 06:00,9,3,6,,,,0,0,0,1,1,0,,,,3,1,2,,,,7,0,7,,,
31/07/2022 07:00,30,17,13,,,,9,5,4,6,4,2,,,,10,8,2,,,,5,2,3,,,
31/07/2022 08:00,48,21,27,,,,7,6,1,11,7,4,,,,23,9,14,,,,20,8,12,,,
31/07/2022 09:00,122,58,64,,,,20,11,9,17,7,10,,,,33,14,19,,,,17,6,11,,,
31/07/2022 10:00,227,137,90,,,,34,20,14,20,9,11,,,,64,38,26,,,,34,19,15,,,
31/07/2022 11:00,297,149,148,,,,52,33,19,31,19,12,,,,72,41,31,,,,55,29,26,,,
31/07/2022 12:00,429,205,224,,,,62,33,29,33,15,18,,,,74,40,34,,,,59,33,26,,,
31/07/2022 13:00,514,251,263,,,,68,38,30,35,15,20,,,,58,38,20,,,,63,28,35,,,
31/07/2022 14:00,611,323,288,,,,75,38,37,34,14,20,,,,85,48,37,,,,79,45,34,,,
31/07/2022 15:00,717,357,360,,,,58,32,26,50,20,30,,,,101,61,40,,,,44,19,25,,,
31/07/2022 16:00,623,339,284,,,,79,31,48,37,14,23,,,,123,73,50,,,,66,42,24,,,
31/07/2022 17:00,495,259,236,,,,62,30,32,39,21,18,,,,86,29,57,,,,40,22,18,,,
31/07/2022 18:00,376,187,189,,,,51,21,30,18,7,11,,,,46,17,29,,,,47,21,26,,,
31/07/2022 19:00,236,125,111,,,,27,13,14,14,8,6,,,,40,19,21,,,,46,25,21,,,
31/07/2022 20:00,207,85,122,,,,44,13,31,12,6,6,,,,40,19,21,,,,40,20,20,,,
31/07/2022 21:00,136,68,68,,,,30,18,12,8,4,4,,,,23,7,16,,,,33,12,21,,,
31/07/2022 22:00,52,26,26,,,,23,11,12,5,3,2,,,,1,1,0,,,,14,6,8,,,
31/07/2022 23:00,17,15,2,,,,7,6,1,2,2,0,,,,0,0,0,,,,18,11,7,,,
01/08/2022 00:00,0,0,0,,,,4,3,1,3,2,1,,,,0,0,0,,,,11,6,5,,,
01/08/2022 01:00,6,3,3,,,,5,1,4,3,3,0,,,,0,0,0,,,,10,9,1,,,
01/08/2022 02:00,0,0,0,,,,6,5,1,0,0,0,,,,0,0,0,,,,6,5,1,,,
01/08/2022 03:00,0,0,0,,,,1,0,1,0,0,0,,,,0,0,0,,,,3,2,1,,,
01/08/2022 04:00,1,0,1,,,,1,0,1,1,1,0,,,,0,0,0,,,,4,2,2,,,
01/08/2022 05:00,4,1,3,,,,0,0,0,0,0,0,,,,1,1,0,,,,0,0,0,,,
01/08/2022 06:00,21,6,15,,,,2,1,1,5,2,3,,,,7,5,2,,,,4,2,2,,,
01/08/2022 07:00,46,16,30,,,,12,5,7,8,8,0,,,,21,12,9,,,,8,4,4,,,
01/08/2022 08:00,117,60,57,,,,18,12,6,8,5,3,,,,28,16,12,,,,32,17,15,,,
01/08/2022 09:00,244,117,127,,,,33,20,13,17,7,10,,,,62,38,24,,,,44,22,22,,,
01/08/2022 10:00,359,187,172,,,,61,29,32,39,17,22,,,,103,67,36,,,,48,24,24,,,
01/08/2022 11:00,511,260,251,,,,62,32,30,48,31,17,,,,153,83,70,,,,59,31,28,,,
01/08/2022 12:00,567,291,276,,,,142,67,75,61,23,38,,,,140,69,71,,,,49,26,23,,,
01/08/2022 13:00,479,234,245,,,,46,24,22,29,19,10,,,,101,41,60,,,,54,28,26,,,
01/08/2022 14:00,410,177,233,,,,65,31,34,41,22,19,,,,72,38,34,,,,44,23,21,,,
01/08/2022 15:00,309,167,142,,,,39,19,20,29,10,19,,,,59,21,38,,,,51,19,32,,,
01/08/2022 16:00,155,73,82,,,,27,14,13,20,14,6,,,,21,12,9,,,,29,15,14,,,
01/08/2022 17:00,154,78,76,,,,24,8,16,26,14,12,,,,49,20,29,,,,31,19,12,,,
01/08/2022 18:00,120,57,63,,,,17,6,11,16,11,5,,,,26,11,15,,,,44,22,22,,,
01/08/2022 19:00,134,65,69,,,,35,19,16,8,4,4,,,,36,20,16,,,,36,17,19,,,
01/08/2022 20:00,108,59,49,,,,27,16,11,16,3,13,,,,35,18,17,,,,28,14,14,,,
01/08/2022 21:00,74,37,37,,,,11,5,6,7,5,2,,,,24,12,12,,,,17,8,9,,,
01/08/2022 22:00,33,15,18,,,,7,4,3,4,2,2,,,,0,0,0,,,,8,4,4,,,
01/08/2022 23:00,23,13,10,,,,0,0,0,1,0,1,,,,0,0,0,,,,10,1,9,,,
02/08/2022 00:00,1,1,0,,,,5,0,5,0,0,0,,,,0,0,0,,,,8,5,3,,,
02/08/2022 01:00,1,0,1,,,,0,0,0,0,0,0,,,,0,0,0,,,,1,1,0,,,
02/08/2022 02:00,0,0,0,,,,0,0,0,0,0,0,,,,0,0,0,,,,5,2,3,,,
02/08/2022 03:00,0,0,0,,,,0,0,0,0,0,0,,,,0,0,0,,,,0,0,0,,,
02/08/2022 04:00,1,1,0,,,,0,0,0,0,0,0,,,,1,1,0,,,,1,1,0,,,
02/08/2022 05:00,11,3,8,,,,2,1,1,3,2,1,,,,0,0,0,,,,3,0,3,,,
02/08/2022 06:00,33,22,11,,,,11,6,5,5,3,2,,,,9,8,1,,,,9,5,4,,,
02/08/2022 07:00,70,26,44,,,,11,3,8,13,7,6,,,,29,14,15,,,,23,14,9,,,
02/08/2022 08:00,95,51,44,,,,24,12,12,20,10,10,,,,43,29,14,,,,24,10,14,,,
02/08/2022 09:00,90,38,52,,,,27,15,12,15,10,5,,,,34,18,16,,,,32,18,14,,,
02/08/2022 10:00,141,69,72,,,,27,9,18,18,13,5,,,,37,26,11,,,,50,21,29,,,
02/08/2022 11:00,152,95,57,,,,25,15,10,30,19,11,,,,53,36,17,,,,22,9,13,,,
02/08/2022 12:00,183,91,92,,,,44,20,24,36,14,22,,,,45,25,20,,,,35,13,22,,,
02/08/2022 13:00,227,140,87,,,,63,32,31,38,22,16,,,,66,40,26,,,,22,9,13,,,
02/08/2022 14:00,267,119,148,,,,39,24,15,29,12,17,,,,49,28,21,,,,44,24,20,,,
02/08/2022 15:00,258,136,122,,,,48,14,34,28,7,21,,,,86,51,35,,,,54,24,30,,,
02/08/2022 16:00,339,169,170,,,,22,10,12,36,18,18,,,,93,46,47,,,,64,32,32,,,
02/08/2022 17:00,256,132,124,,,,60,34,26,33,14,19,,,,109,56,53,,,,82,43,39,,,
02/08/2022 18:00,257,145,112,,,,64,31,33,27,7,20,,,,100,60,40,,,,90,47,43,,,
02/08/2022 19:00,304,153,151,,,,46,25,21,17,11,6,,,,137,72,65,,,,81,29,52,,,
02/08/2022 20:00,338,173,165,,,,35,24,11,23,11,12,,,,87,48,39,,,,45,21,24,,,
02/08/2022 21:00,289,149,140,,,,37,19,18,17,11,6,,,,46,21,25,,,,45,19,26,,,
02/08/2022 22:00,93,52,41,,,,15,5,10,5,1,4,,,,5,4,1,,,,18,5,13,,,
02/08/2022 23:00,18,11,7,,,,1,1,0,1,0,1,,,,0,0,0,,,,18,11,7,,,
03/08/2022 00:00,0,0,0,,,,3,1,2,0,0,0,,,,0,0,0,,,,5,4,1,,,
03/08/2022 01:00,3,2,1,,,,3,1,2,0,0,0,,,,0,0,0,,,,4,0,4,,,
03/08/2022 02:00,0,0,0,,,,0,0,0,0,0,0,,,,0,0,0,,,,0,0,0,,,
03/08/2022 03:00,0,0,0,,,,0,0,0,0,0,0,,,,0,0,0,,,,3,1,2,,,
03/08/2022 04:00,0,0,0,,,,1,1,0,0,0,0,,,,1,1,0,,,,3,3,0,,,
03/08/2022 05:00,9,2,7,,,,1,0,1,0,0,0,,,,2,2,0,,,,5,2,3,,,
03/08/2022 06:00,40,17,23,,,,13,10,3,6,5,1,,,,18,18,0,,,,11,5,6,,,
03/08/2022 07:00,72,31,41,,,,14,7,7,17,8,9,,,,49,49,0,,,,27,17,10,,,
03/08/2022 08:00,130,82,48,,,,33,11,22,28,8,20,,,,66,66,0,,,,34,10,24,,,
03/08/2022 09:00,146,71,75,,,,26,15,11,19,10,9,,,,43,43,0,,,,43,13,30,,,
03/08/2022 10:00,146,76,70,,,,23,9,14,17,9,8,,,,54,54,0,,,,54,30,24,,,
03/08/2022 11:00,234,118,116,,,,44,24,20,28,15,13,,,,66,65,1,,,,53,34,19,,,
03/08/2022 12:00,224,106,118,,,,42,28,14,32,17,15,,,,76,70,6,,,,51,24,27,,,
03/08/2022 13:00,230,113,117,,,,45,24,21,44,14,30,,,,77,75,2,,,,47,26,21,,,
03/08/2022 14:00,220,111,109,,,,37,19,18,43,15,28,,,,55,55,0,,,,52,28,24,,,
03/08/2022 15:00,259,151,108,,,,41,31,10,27,15,12,,,,100,98,2,,,,61,28,33,,,
03/08/2022 16:00,220,118,102,,,,45,29,16,22,7,15,,,,104,104,0,,,,55,23,32,,,
03/08/2022 17:00,185,90,95,,,,51,29,22,30,15,15,,,,84,84,0,,,,80,36,44,,,
03/08/2022 18:00,241,108,133,,,,41,26,15,16,9,7,,,,84,83,1,,,,51,23,28,,,
03/08/2022 19:00,233,113,120,,,,36,21,15,18,7,11,,,,94,94,0,,,,67,29,38,,,
03/08/2022 20:00,186,99,87,,,,28,9,19,17,8,9,,,,38,37,1,,,,65,35,30,,,
03/08/2022 21:00,81,33,48,,,,28,16,12,15,13,2,,,,24,24,0,,,,45,22,23,,,
03/08/2022 22:00,34,19,15,,,,10,7,3,4,2,2,,,,1,1,0,,,,30,12,18,,,
03/08/2022 23:00,12,4,8,,,,7,4,3,3,0,3,,,,0,0,0,,,,7,4,3,,,
04/08/2022 00:00,0,0,0,,,,1,0,1,4,4,0,,,,0,0,0,,,,8,7,1,,,
04/08/2022 01:00,0,0,0,,,,1,0,1,1,1,0,,,,1,1,0,,,,14,5,9,,,
04/08/2022 02:00,0,0,0,,,,0,0,0,0,0,0,,,,1,1,0,,,,6,6,0,,,
04/08/2022 03:00,0,0,0,,,,0,0,0,0,0,0,,,,2,1,1,,,,3,2,1,,,
04/08/2022 04:00,1,1,0,,,,4,4,0,2,1,1,,,,0,0,0,,,,4,0,4,,,
04/08/2022 05:00,11,2,9,,,,3,1,2,1,0,1,,,,1,1,0,,,,6,1,5,,,
04/08/2022 06:00,48,23,25,,,,8,6,2,6,5,1,,,,15,10,5,,,,17,10,7,,,
04/08/2022 07:00,72,34,38,,,,9,4,5,15,8,7,,,,50,28,22,,,,25,15,10,,,
04/08/2022 08:00,139,62,77,,,,37,19,18,20,7,13,,,,68,36,32,,,,39,14,25,,,
04/08/2022 09:00,120,71,49,,,,23,14,9,20,10,10,,,,44,26,18,,,,39,17,22,,,
04/08/2022 10:00,149,75,74,,,,31,16,15,17,10,7,,,,44,25,19,,,,44,16,28,,,
04/08/2022 11:00,246,123,123,,,,25,16,9,32,14,18,,,,70,38,32,,,,56,33,23,,,
04/08/2022 12:00,270,119,151,,,,29,16,13,27,10,17,,,,64,37,27,,,,43,22,21,,,
04/08/2022 13:00,283,141,142,,,,37,19,18,29,14,15,,,,62,29,33,,,,43,19,24,,,
04/08/2022 14:00,233,101,132,,,,20,12,8,24,11,13,,,,70,39,31,,,,51,17,34,,,
04/08/2022 15:00,217,123,94,,,,33,22,11,17,9,8,,,,87,52,35,,,,44,21,23,,,
04/08/2022 16:00,203,92,111,,,,44,29,15,19,6,13,,,,97,49,48,,,,60,17,43,,,
04/08/2022 17:00,207,93,114,,,,54,25,29,24,21,3,,,,88,47,41,,,,83,34,49,,,
04/08/2022 18:00,232,115,117,,,,43,22,21,32,21,11,,,,107,61,46,,,,68,39,29,,,
04/08/2022 19:00,230,112,118,,,,49,30,19,19,13,6,,,,90,46,44,,,,75,30,45,,,
04/08/2022 20:00,271,138,133,,,,34,17,17,19,12,7,,,,58,29,29,,,,63,29,34,,,
04/08/2022 21:00,157,77,80,,,,22,9,13,21,8,13,,,,29,13,16,,,,39,18,21,,,
04/08/2022 22:00,44,30,14,,,,6,1,5,4,3,1,,,,0,0,0,,,,14,11,3,,,
04/08/2022 23:00,9,6,3,,,,3,0,3,5,5,0,,,,0,0,0,,,,11,5,6,,,
05/08/2022 00:00,0,0,0,,,,6,2,4,2,0,2,,,,0,0,0,,,,3,1,2,,,
05/08/2022 01:00,1,1,0,,,,0,0,0,0,0,0,,,,0,0,0,,,,2,2,0,,,
05/08/2022 02:00,0,0,0,,,,0,0,0,0,0,0,,,,0,0,0,,,,0,0,0,,,
05/08/2022 03:00,0,0,0,,,,0,0,0,0,0,0,,,,0,0,0,,,,1,1,0,,,
05/08/2022 04:00,1,1,0,,,,0,0,0,0,0,0,,,,0,0,0,,,,0,0,0,,,
05/08/2022 05:00,2,0,2,,,,0,0,0,0,0,0,,,,3,1,2,,,,3,0,3,,,
05/08/2022 06:00,47,25,22,,,,10,8,2,6,2,4,,,,13,9,4,,,,12,7,5,,,
05/08/2022 07:00,90,39,51,,,,21,10,11,16,5,11,,,,48,31,17,,,,23,9,14,,,
05/08/2022 08:00,126,60,66,,,,33,17,16,19,8,11,,,,69,42,27,,,,36,11,25,,,
05/08/2022 09:00,96,51,45,,,,23,11,12,18,10,8,,,,36,20,16,,,,38,13,25,,,
05/08/2022 10:00,138,70,68,,,,16,7,9,27,13,14,,,,61,37,24,,,,46,16,30,,,
05/08/2022 11:00,193,100,93,,,,25,15,10,20,5,15,,,,44,28,16,,,,37,13,24,,,
05/08/2022 12:00,124,65,59,,,,21,15,6,28,11,17,,,,38,21,17,,,,40,15,25,,,
05/08/2022 13:00,207,110,97,,,,28,12,16,30,14,16,,,,55,32,23,,,,55,19,36,,,
05/08/2022 14:00,216,115,101,,,,15,13,2,28,12,16,,,,75,44,31,,,,50,33,17,,,
05/08/2022 15:00,258,139,119,,,,18,8,10,29,12,17,,,,84,49,35,,,,58,27,31,,,
05/08/2022 16:00,329,171,158,,,,39,22,17,22,6,16,,,,93,52,41,,,,67,19,48,,,
05/08/2022 17:00,299,133,166,,,,53,26,27,31,13,18,,,,102,41,61,,,,76,37,39,,,
05/08/2022 18:00,266,134,132,,,,50,24,26,25,11,14,,,,77,38,39,,,,94,43,51,,,
05/08/2022 19:00,240,118,122,,,,47,23,24,20,6,14,,,,43,24,19,,,,59,28,31,,,
05/08/2022 20:00,209,106,103,,,,38,18,20,15,8,7,,,,48,28,20,,,,43,20,23,,,
05/08/2022 21:00,144,79,65,,,,25,13,12,6,4,2,,,,32,12,20,,,,57,28,29,,,
05/08/2022 22:00,33,13,20,,,,23,10,13,2,0,2,,,,0,0,0,,,,37,16,21,,,
05/08/2022 23:00,12,7,5,,,,7,4,3,3,0,3,,,,0,0,0,,,,23,8,15,,,
06/08/2022 00:00,1,0,1,,,,3,1,2,6,2,4,,,,5,5,0,,,,10,8,2,,,
06/08/2022 01:00,7,6,1,,,,6,3,3,1,1,0,,,,33,19,14,,,,4,2,2,,,
06/08/2022 02:00,0,0,0,,,,0,0,0,0,0,0,,,,19,17,2,,,,1,1,0,,,
06/08/2022 03:00,1,0,1,,,,1,0,1,1,0,1,,,,2,2,0,,,,3,3,0,,,
06/08/2022 04:00,1,1,0,,,,0,0,0,0,0,0,,,,75,27,48,,,,0,0,0,,,
06/08/2022 05:00,3,2,1,,,,0,0,0,0,0,0,,,,23,18,5,,,,7,3,4,,,
06/08/2022 06:00,22,8,14,,,,8,4,4,2,2,0,,,,24,15,9,,,,8,3,5,,,
06/08/2022 07:00,55,31,24,,,,11,8,3,6,1,5,,,,63,45,18,,,,11,6,5,,,
06/08/2022 08:00,106,42,64,,,,34,19,15,13,5,8,,,,121,99,22,,,,24,10,14,,,
06/08/2022 09:00,186,97,89,,,,45,28,17,22,11,11,,,,188,124,64,,,,39,19,20,,,
06/08/2022 10:00,296,155,141,,,,52,31,21,23,13,10,,,,287,155,132,,,,66,38,28,,,
06/08/2022 11:00,329,167,162,,,,52,33,19,22,13,9,,,,337,208,129,,,,87,52,35,,,
06/08/2022 12:00,383,204,179,,,,54,29,25,34,14,20,,,,411,231,180,,,,68,28,40,,,
06/08/2022 13:00,386,186,200,,,,45,22,23,29,14,15,,,,327,204,123,,,,68,23,45,,,
06/08/2022 14:00,370,193,177,,,,72,31,41,43,14,29,,,,267,148,119,,,,55,30,25,,,
06/08/2022 15:00,381,185,196,,,,61,31,30,33,17,16,,,,274,167,107,,,,46,21,25,,,
06/08/2022 16:00,451,203,248,,,,61,28,33,27,16,11,,,,367,240,127,,,,36,23,13,,,
06/08/2022 17:00,330,166,164,,,,50,25,25,26,12,14,,,,250,163,87,,,,50,19,31,,,
06/08/2022 18:00,250,93,157,,,,32,18,14,32,13,19,,,,269,176,93,,,,48,25,23,,,
06/08/2022 19:00,244,115,129,,,,30,11,19,23,6,17,,,,259,130,129,,,,45,21,24,,,
06/08/2022 20:00,188,89,99,,,,20,10,10,14,7,7,,,,179,118,61,,,,36,9,27,,,
06/08/2022 21:00,175,80,95,,,,30,14,16,7,2,5,,,,162,103,59,,,,37,20,17,,,
06/08/2022 22:00,56,36,20,,,,17,10,7,3,1,2,,,,70,49,21,,,,21,9,12,,,
06/08/2022 23:00,24,12,12,,,,6,3,3,2,1,1,,,,188,132,56,,,,17,9,8,,,
07/08/2022 00:00,1,1,0,,,,5,1,4,4,2,2,,,,111,77,34,,,,44,19,25,,,
07/08/2022 01:00,2,0,2,,,,2,0,2,2,2,0,,,,29,23,6,,,,12,11,1,,,
07/08/2022 02:00,0,0,0,,,,0,0,0,0,0,0,,,,87,60,27,,,,27,12,15,,,
07/08/2022 03:00,6,3,3,,,,0,0,0,2,2,0,,,,49,32,17,,,,9,2,7,,,
07/08/2022 04:00,0,0,0,,,,2,0,2,1,1,0,,,,18,11,7,,,,6,5,1,,,
07/08/2022 05:00,3,1,2,,,,0,0,0,1,1,0,,,,59,46,13,,,,0,0,0,,,
07/08/2022 06:00,24,9,15,,,,5,2,3,3,1,2,,,,34,22,12,,,,4,2,2,,,
07/08/2022 07:00,43,17,26,,,,8,4,4,1,1,0,,,,96,79,17,,,,5,1,4,,,
07/08/2022 08:00,128,57,71,,,,40,21,19,18,12,6,,,,91,52,39,,,,23,13,10,,,
07/08/2022 09:00,208,88,120,,,,42,23,19,27,11,16,,,,175,114,61,,,,46,25,21,,,
07/08/2022 10:00,436,292,144,,,,32,22,10,36,24,12,,,,198,132,66,,,,74,36,38,,,
07/08/2022 11:00,507,297,210,,,,87,62,25,32,19,13,,,,214,135,79,,,,80,50,30,,,
07/08/2022 12:00,742,402,340,,,,82,51,31,48,18,30,,,,294,178,116,,,,88,41,47,,,
07/08/2022 13:00,760,381,379,,,,91,44,47,40,25,15,,,,413,258,155,,,,72,32,40,,,
07/08/2022 14:00,758,407,351,,,,100,45,55,30,15,15,,,,330,216,114,,,,61,34,27,,,
07/08/2022 15:00,836,388,448,,,,53,32,21,33,15,18,,,,283,195,88,,,,51,29,22,,,
07/08/2022 16:00,787,388,399,,,,110,51,59,42,19,23,,,,400,251,149,,,,46,30,16,,,
07/08/2022 17:00,629,255,374,,,,72,39,33,24,15,9,,,,377,255,122,,,,45,29,16,,,
07/08/2022 18:00,440,222,218,,,,63,30,33,21,11,10,,,,517,389,128,,,,52,33,19,,,
07/08/2022 19:00,343,163,180,,,,60,19,41,13,7,6,,,,734,562,172,,,,57,41,16,,,
07/08/2022 20:00,265,137,128,,,,50,30,20,23,13,10,,,,657,572,85,,,,45,21,24,,,
07/08/2022 21:00,218,107,111,,,,35,20,15,6,3,3,,,,517,410,107,,,,27,13,14,,,
07/08/2022 22:00,43,24,19,,,,9,1,8,2,2,0,,,,428,308,120,,,,51,25,26,,,
07/08/2022 23:00,18,13,5,,,,9,3,6,3,1,2,,,,441,321,120,,,,17,9,8,,,
08/08/2022 00:00,0,0,0,,,,8,3,5,1,1,0,,,,90,70,20,,,,8,6,2,,,
08/08/2022 01:00,0,0,0,,,,0,0,0,0,0,0,,,,3,3,0,,,,2,1,1,,,
08/08/2022 02:00,2,1,1,,,,1,1,0,0,0,0,,,,1,1,0,,,,0,0,0,,,
08/08/2022 03:00,0,0,0,,,,0,0,0,0,0,0,,,,5,3,2,,,,3,2,1,,,
08/08/2022 04:00,0,0,0,,,,0,0,0,0,0,0,,,,19,16,3,,,,0,0,0,,,
08/08/2022 05:00,6,0,6,,,,0,0,0,0,0,0,,,,39,21,18,,,,5,1,4,,,
08/08/2022 06:00,47,22,25,,,,9,5,4,13,8,5,,,,123,94,29,,,,10,5,5,,,
08/08/2022 07:00,80,34,46,,,,14,3,11,17,10,7,,,,323,244,79,,,,31,18,13,,,
08/08/2022 08:00,121,62,59,,,,23,11,12,26,12,14,,,,460,343,117,,,,35,11,24,,,
08/08/2022 09:00,112,53,59,,,,40,21,19,23,12,11,,,,189,145,44,,,,43,21,22,,,
08/08/2022 10:00,169,75,94,,,,22,10,12,29,17,12,,,,257,198,59,,,,67,27,40,,,
08/08/2022 11:00,256,136,120,,,,44,23,21,25,12,13,,,,237,157,80,,,,76,47,29,,,
08/08/2022 12:00,286,131,155,,,,44,20,24,32,19,13,,,,223,169,54,,,,60,38,22,,,
08/08/2022 13:00,346,185,161,,,,42,17,25,46,18,28,,,,352,277,75,,,,53,32,21,,,
08/08/2022 14:00,302,162,140,,,,34,18,16,34,19,15,,,,351,270,81,,,,40,28,12,,,
08/08/2022 15:00,390,213,177,,,,45,17,28,22,14,8,,,,351,271,80,,,,74,38,36,,,
08/08/2022 16:00,405,226,179,,,,51,20,31,18,10,8,,,,401,283,118,,,,72,47,25,,,
08/08/2022 17:00,369,160,209,,,,100,54,46,51,30,21,,,,312,233,79,,,,91,54,37,,,
08/08/2022 18:00,342,156,186,,,,88,47,41,37,18,19,,,,429,319,110,,,,130,104,26,,,
08/08/2022 19:00,433,229,204,,,,70,37,33,38,17,21,,,,476,391,85,,,,162,86,76,,,
08/08/2022 20:00,416,198,218,,,,78,38,40,20,13,7,,,,396,300,96,,,,106,27,79,,,
08/08/2022 21:00,244,132,112,,,,18,4,14,16,7,9,,,,369,230,139,,,,69,28,41,,,
08/08/2022 22:00,57,30,27,,,,23,11,12,4,1,3,,,,500,243,257,,,,26,17,9,,,
08/08/2022 23:00,15,8,7,,,,11,6,5,1,0,1,,,,584,242,342,,,,8,7,1,,,
09/08/2022 00:00,0,0,0,,,,6,2,4,0,0,0,,,,12,8,4,,,,6,2,4,,,
09/08/2022 01:00,1,1,0,,,,0,0,0,0,0,0,,,,3,1,2,,,,6,4,2,,,
09/08/2022 02:00,0,0,0,,,,0,0,0,0,0,0,,,,5,3,2,,,,1,1,0,,,
09/08/2022 03:00,0,0,0,,,,0,0,0,0,0,0,,,,0,0,0,,,,0,0,0,,,
09/08/2022 04:00,2,1,1,,,,1,1,0,0,0,0,,,,33,27,6,,,,1,1,0,,,
09/08/2022 05:00,13,3,10,,,,2,2,0,1,1,0,,,,22,19,3,,,,7,2,5,,,
09/08/2022 06:00,55,24,31,,,,13,5,8,5,3,2,,,,214,150,64,,,,18,10,8,,,
09/08/2022 07:00,103,46,57,,,,15,11,4,29,21,8,,,,721,490,231,,,,30,17,13,,,
09/08/2022 08:00,140,77,63,,,,35,15,20,22,11,11,,,,695,470,225,,,,52,22,30,,,
09/08/2022 09:00,130,62,68,,,,48,24,24,20,10,10,,,,529,417,112,,,,41,21,20,,,
09/08/2022 10:00,182,107,75,,,,26,14,12,18,13,5,,,,339,269,70,,,,34,16,18,,,
09/08/2022 11:00,252,126,126,,,,33,14,19,22,8,14,,,,456,317,139,,,,44,17,27,,,
09/08/2022 12:00,302,175,127,,,,35,24,11,23,6,17,,,,478,359,119,,,,56,38,18,,,
09/08/2022 13:00,342,177,165,,,,56,32,24,36,18,18,,,,750,561,189,,,,61,35,26,,,
09/08/2022 14:00,317,171,146,,,,27,16,11,23,11,12,,,,505,388,117,,,,38,23,15,,,
09/08/2022 15:00,328,168,160,,,,50,29,21,28,10,18,,,,742,569,173,,,,55,32,23,,,
09/08/2022 16:00,416,217,199,,,,63,32,31,44,27,17,,,,622,489,133,,,,58,36,22,,,
09/08/2022 17:00,289,144,145,,,,84,49,35,30,13,17,,,,717,541,176,,,,90,52,38,,,
09/08/2022 18:00,305,134,171,,,,62,37,25,29,14,15,,,,868,705,163,,,,90,57,33,,,
09/08/2022 19:00,461,228,233,,,,83,37,46,25,12,13,,,,445,309,136,,,,90,51,39,,,
09/08/2022 20:00,501,239,262,,,,73,37,36,28,20,8,,,,461,271,190,,,,86,39,47,,,
09/08/2022 21:00,315,142,173,,,,43,29,14,18,13,5,,,,413,250,163,,,,37,14,23,,,
09/08/2022 22:00,66,41,25,,,,27,10,17,3,0,3,,,,293,133,160,,,,20,12,8,,,
09/08/2022 23:00,10,8,2,,,,0,0,0,2,1,1,,,,141,80,61,,,,2,2,0,,,
10/08/2022 00:00,0,0,0,,,,3,1,2,2,1,1,,,,87,67,20,,,,4,2,2,,,
10/08/2022 01:00,2,1,1,,,,3,1,2,0,0,0,,,,24,22,2,,,,7,2,5,,,
10/08/2022 02:00,4,4,0,,,,0,0,0,0,0,0,,,,27,22,5,,,,1,0,1,,,
10/08/2022 03:00,0,0,0,,,,0,0,0,0,0,0,,,,10,8,2,,,,0,0,0,,,
10/08/2022 04:00,0,0,0,,,,2,2,0,1,1,0,,,,88,43,45,,,,1,1,0,,,
10/08/2022 05:00,15,5,10,,,,3,2,1,4,1,3,,,,34,19,15,,,,4,1,3,,,
10/08/2022 06:00,60,22,38,,,,8,3,5,8,7,1,,,,125,78,47,,,,10,5,5,,,
10/08/2022 07:00,99,44,55,,,,21,11,10,20,8,12,,,,398,229,169,,,,46,29,17,,,
10/08/2022 08:00,156,76,80,,,,29,12,17,22,15,7,,,,541,344,197,,,,41,20,21,,,
10/08/2022 09:00,114,46,68,,,,36,21,15,30,22,8,,,,358,268,90,,,,60,25,35,,,
10/08/2022 10:00,180,90,90,,,,28,18,10,32,14,18,,,,329,259,70,,,,36,21,15,,,
10/08/2022 11:00,251,137,114,,,,29,17,12,37,25,12,,,,390,303,87,,,,36,23,13,,,
10/08/2022 12:00,367,208,159,,,,49,23,26,25,11,14,,,,478,326,152,,,,39,29,10,,,
10/08/2022 13:00,386,222,164,,,,58,32,26,30,13,17,,,,665,462,203,,,,53,25,28,,,
10/08/2022 14:00,416,223,193,,,,56,27,29,23,11,12,,,,666,462,204,,,,43,25,18,,,
10/08/2022 15:00,419,224,195,,,,50,22,28,22,11,11,,,,738,497,241,,,,51,26,25,,,
10/08/2022 16:00,399,189,210,,,,95,42,53,18,6,12,,,,1326,750,576,,,,52,30,22,,,
10/08/2022 17:00,343,175,168,,,,62,32,30,31,15,16,,,,941,775,166,,,,77,43,34,,,
10/08/2022 18:00,413,233,180,,,,78,36,42,39,16,23,,,,932,806,126,,,,171,119,52,,,
10/08/2022 19:00,532,257,275,,,,89,53,36,41,21,20,,,,409,288,121,,,,154,85,69,,,
10/08/2022 20:00,526,273,253,,,,81,55,26,22,12,10,,,,389,187,202,,,,118,49,69,,,
10/08/2022 21:00,359,176,183,,,,52,23,29,20,10,10,,,,369,199,170,,,,46,13,33,,,
10/08/2022 22:00,102,52,50,,,,34,17,17,6,3,3,,,,406,187,219,,,,45,25,20,,,
10/08/2022 23:00,19,15,4,,,,1,0,1,6,2,4,,,,297,131,166,,,,13,8,5,,,
11/08/2022 00:00,0,0,0,,,,10,1,9,6,3,3,,,,47,43,4,,,,12,8,4,,,
11/08/2022 01:00,1,0,1,,,,4,1,3,1,0,1,,,,15,12,3,,,,7,4,3,,,
11/08/2022 02:00,2,2,0,,,,0,0,0,0,0,0,,,,6,3,3,,,,0,0,0,,,
11/08/2022 03:00,0,0,0,,,,0,0,0,0,0,0,,,,15,8,7,,,,1,1,0,,,
11/08/2022 04:00,1,0,1,,,,4,4,0,0,0,0,,,,3,2,1,,,,1,1,0,,,
11/08/2022 05:00,10,2,8,,,,2,2,0,2,2,0,,,,27,19,8,,,,2,1,1,,,
11/08/2022 06:00,80,32,48,,,,16,10,6,11,6,5,,,,181,138,43,,,,13,7,6,,,
11/08/2022 07:00,108,46,62,,,,20,10,10,25,10,15,,,,337,209,128,,,,29,14,15,,,
11/08/2022 08:00,158,81,77,,,,41,22,19,25,11,14,,,,445,305,140,,,,35,10,25,,,
11/08/2022 09:00,128,59,69,,,,36,25,11,29,18,11,,,,291,214,77,,,,64,28,36,,,
11/08/2022 10:00,253,146,107,,,,30,11,19,16,8,8,,,,402,318,84,,,,46,26,20,,,
11/08/2022 11:00,297,160,137,,,,41,17,24,27,14,13,,,,480,362,118,,,,51,29,22,,,
11/08/2022 12:00,281,147,134,,,,47,31,16,19,11,8,,,,508,367,141,,,,54,36,18,,,
11/08/2022 13:00,367,174,193,,,,55,26,29,26,17,9,,,,785,621,164,,,,51,24,27,,,
11/08/2022 14:00,373,197,176,,,,36,14,22,34,22,12,,,,1251,985,266,,,,46,20,26,,,
11/08/2022 15:00,476,263,213,,,,49,25,24,15,9,6,,,,1283,1033,250,,,,37,23,14,,,
11/08/2022 16:00,411,223,188,,,,81,28,53,28,5,23,,,,1076,888,188,,,,51,19,32,,,
11/08/2022 17:00,354,182,172,,,,81,48,33,27,18,9,,,,770,635,135,,,,64,26,38,,,
11/08/2022 18:00,466,238,228,,,,59,31,28,23,12,11,,,,612,494,118,,,,90,44,46,,,
11/08/2022 19:00,430,181,249,,,,80,37,43,34,14,20,,,,615,423,192,,,,93,52,41,,,
11/08/2022 20:00,488,230,258,,,,62,26,36,24,17,7,,,,630,412,218,,,,56,33,23,,,
11/08/2022 21:00,407,178,229,,,,45,20,25,13,7,6,,,,807,503,304,,,,72,35,37,,,
11/08/2022 22:00,124,74,50,,,,28,13,15,2,2,0,,,,260,153,107,,,,23,12,11,,,
11/08/2022 23:00,32,18,14,,,,16,6,10,6,4,2,,,,592,312,280,,,,20,6,14,,,
12/08/2022 00:00,1,1,0,,,,2,2,0,4,0,4,,,,207,95,112,,,,7,3,4,,,
12/08/2022 01:00,2,1,1,,,,0,0,0,1,1,0,,,,7,7,0,,,,6,5,1,,,
12/08/2022 02:00,3,2,1,,,,0,0,0,0,0,0,,,,3,3,0,,,,2,1,1,,,
12/08/2022 03:00,1,1,0,,,,0,0,0,0,0,0,,,,4,4,0,,,,1,1,0,,,
12/08/2022 04:00,6,4,2,,,,0,0,0,0,0,0,,,,2,2,0,,,,2,2,0,,,
12/08/2022 05:00,18,11,7,,,,1,1,0,1,1,0,,,,33,27,6,,,,3,0,3,,,
12/08/2022 06:00,59,23,36,,,,14,10,4,9,1,8,,,,132,107,25,,,,10,5,5,,,
12/08/2022 07:00,119,56,63,,,,16,9,7,15,6,9,,,,356,235,121,,,,42,19,23,,,
12/08/2022 08:00,122,67,55,,,,50,30,20,24,12,12,,,,364,211,153,,,,34,9,25,,,
12/08/2022 09:00,151,74,77,,,,29,19,10,27,11,16,,,,223,147,76,,,,51,22,29,,,
12/08/2022 10:00,218,122,96,,,,35,17,18,17,7,10,,,,495,311,184,,,,36,22,14,,,
12/08/2022 11:00,290,155,135,,,,27,10,17,30,12,18,,,,508,385,123,,,,38,19,19,,,
12/08/2022 12:00,330,197,133,,,,59,25,34,21,7,14,,,,665,506,159,,,,51,37,14,,,
12/08/2022 13:00,327,183,144,,,,68,34,34,49,19,30,,,,827,562,265,,,,66,30,36,,,
12/08/2022 14:00,346,176,170,,,,44,26,18,30,16,14,,,,730,603,127,,,,62,32,30,,,
12/08/2022 15:00,383,215,168,,,,41,17,24,19,10,9,,,,669,559,110,,,,63,31,32,,,
12/08/2022 16:00,405,204,201,,,,49,27,22,24,7,17,,,,735,595,140,,,,68,45,23,,,
12/08/2022 17:00,457,227,230,,,,44,27,17,31,17,14,,,,980,814,166,,,,97,62,35,,,
12/08/2022 18:00,485,241,244,,,,70,23,47,26,12,14,,,,845,703,142,,,,137,85,52,,,
12/08/2022 19:00,449,230,219,,,,72,40,32,18,9,9,,,,648,530,118,,,,139,73,66,,,
12/08/2022 20:00,439,189,250,,,,74,35,39,11,4,7,,,,757,669,88,,,,120,50,70,,,
12/08/2022 21:00,295,134,161,,,,64,38,26,16,9,7,,,,650,496,154,,,,44,22,22,,,
12/08/2022 22:00,129,78,51,,,,35,24,11,16,9,7,,,,469,298,171,,,,35,26,9,,,
12/08/2022 23:00,33,17,16,,,,13,5,8,4,3,1,,,,140,117,23,,,,10,5,5,,,
13/08/2022 00:00,1,0,1,,,,5,1,4,4,3,1,,,,54,40,14,,,,12,8,4,,,
13/08/2022 01:00,13,5,8,,,,14,6,8,5,5,0,,,,70,48,22,,,,14,11,3,,,
13/08/2022 02:00,1,0,1,,,,9,4,5,0,0,0,,,,81,19,62,,,,2,1,1,,,
13/08/2022 03:00,1,1,0,,,,3,1,2,1,0,1,,,,17,14,3,,,,0,0,0,,,
13/08/2022 04:00,2,1,1,,,,0,0,0,1,0,1,,,,10,5,5,,,,4,2,2,,,
13/08/2022 05:00,12,9,3,,,,0,0,0,0,0,0,,,,7,4,3,,,,3,2,1,,,
13/08/2022 06:00,47,16,31,,,,8,2,6,5,2,3,,,,62,51,11,,,,8,5,3,,,
13/08/2022 07:00,82,47,35,,,,14,11,3,8,4,4,,,,223,158,65,,,,12,5,7,,,
13/08/2022 08:00,160,74,86,,,,38,27,11,8,2,6,,,,315,214,101,,,,30,13,17,,,
13/08/2022 09:00,212,123,89,,,,50,21,29,25,16,9,,,,234,169,65,,,,53,25,28,,,
13/08/2022 10:00,277,123,154,,,,60,36,24,39,18,21,,,,573,515,58,,,,80,39,41,,,
13/08/2022 11:00,350,204,146,,,,52,25,27,32,16,16,,,,592,463,129,,,,74,39,35,,,
13/08/2022 12:00,372,209,163,,,,74,40,34,27,11,16,,,,728,555,173,,,,66,37,29,,,
13/08/2022 13:00,372,211,161,,,,74,40,34,25,10,15,,,,939,699,240,,,,52,29,23,,,
13/08/2022 14:00,446,266,180,,,,97,53,44,20,5,15,,,,715,539,176,,,,67,43,24,,,
13/08/2022 15:00,571,298,273,,,,89,42,47,25,9,16,,,,1153,933,220,,,,83,41,42,,,
13/08/2022 16:00,538,260,278,,,,75,31,44,19,7,12,,,,909,697,212,,,,85,42,43,,,
13/08/2022 17:00,412,185,227,,,,71,26,45,45,25,20,,,,1087,844,243,,,,65,27,38,,,
13/08/2022 18:00,455,189,266,,,,80,44,36,24,9,15,,,,904,726,178,,,,85,47,38,,,
13/08/2022 19:00,343,159,184,,,,44,20,24,22,13,9,,,,999,757,242,,,,42,23,19,,,
13/08/2022 20:00,334,165,169,,,,39,17,22,18,10,8,,,,694,462,232,,,,68,38,30,,,
13/08/2022 21:00,289,139,150,,,,37,18,19,14,9,5,,,,1115,950,165,,,,45,26,19,,,
13/08/2022 22:00,71,34,37,,,,13,4,9,4,1,3,,,,678,514,164,,,,28,12,16,,,
13/08/2022 23:00,23,17,6,,,,11,2,9,5,3,2,,,,376,270,106,,,,9,6,3,,,
14/08/2022 00:00,0,0,0,,,,10,6,4,0,0,0,,,,224,162,62,,,,24,17,7,,,
14/08/2022 01:00,4,0,4,,,,2,0,2,2,0,2,,,,38,33,5,,,,13,7,6,,,
14/08/2022 02:00,0,0,0,,,,1,0,1,0,0,0,,,,107,76,31,,,,7,6,1,,,
14/08/2022 03:00,0,0,0,,,,0,0,0,0,0,0,,,,21,16,5,,,,9,3,6,,,
14/08/2022 04:00,3,1,2,,,,0,0,0,1,0,1,,,,51,25,26,,,,6,4,2,,,
14/08/2022 05:00,8,5,3,,,,0,0,0,0,0,0,,,,94,64,30,,,,3,0,3,,,
14/08/2022 06:00,17,7,10,,,,0,0,0,0,0,0,,,,65,41,24,,,,2,2,0,,,
14/08/2022 07:00,58,30,28,,,,17,10,7,6,4,2,,,,170,137,33,,,,15,5,10,,,
14/08/2022 08:00,121,52,69,,,,33,21,12,19,8,11,,,,224,163,61,,,,34,18,16,,,
14/08/2022 09:00,242,120,122,,,,56,29,27,37,21,16,,,,238,167,71,,,,48,21,27,,,
14/08/2022 10:00,411,214,197,,,,52,38,14,33,20,13,,,,304,225,79,,,,54,26,28,,,
14/08/2022 11:00,524,292,232,,,,50,29,21,47,29,18,,,,254,172,82,,,,57,27,30,,,
14/08/2022 12:00,664,374,290,,,,48,31,17,42,22,20,,,,642,530,112,,,,43,27,16,,,
14/08/2022 13:00,632,328,304,,,,87,51,36,41,24,17,,,,636,483,153,,,,82,40,42,,,
14/08/2022 14:00,748,426,322,,,,91,42,49,31,8,23,,,,742,538,204,,,,88,29,59,,,
14/08/2022 15:00,757,392,365,,,,110,54,56,22,4,18,,,,552,386,166,,,,85,45,40,,,
14/08/2022 16:00,592,280,312,,,,84,38,46,30,12,18,,,,454,310,144,,,,152,44,108,,,
14/08/2022 17:00,487,259,228,,,,59,18,41,27,13,14,,,,482,340,142,,,,50,25,25,,,
14/08/2022 18:00,309,147,162,,,,38,21,17,17,11,6,,,,518,401,117,,,,63,24,39,,,
14/08/2022 19:00,264,132,132,,,,44,21,23,15,8,7,,,,392,278,114,,,,68,43,25,,,
14/08/2022 20:00,223,112,111,,,,38,19,19,23,14,9,,,,345,254,91,,,,46,29,17,,,
14/08/2022 21:00,105,57,48,,,,34,15,19,11,8,3,,,,250,198,52,,,,21,9,12,,,
14/08/2022 22:00,27,16,11,,,,3,1,2,4,4,0,,,,404,265,139,,,,5,4,1,,,
14/08/2022 23:00,13,7,6,,,,2,1,1,6,5,1,,,,433,230,203,,,,10,5,5,,,
15/08/2022 00:00,2,2,0,,,,3,1,2,2,2,0,,,,231,111,120,,,,9,7,2,,,
15/08/2022 01:00,0,0,0,,,,3,1,2,0,0,0,,,,96,72,24,,,,10,5,5,,,
15/08/2022 02:00,0,0,0,,,,0,0,0,0,0,0,,,,37,35,2,,,,0,0,0,,,
15/08/2022 03:00,0,0,0,,,,0,0,0,0,0,0,,,,60,53,7,,,,4,2,2,,,
15/08/2022 04:00,0,0,0,,,,0,0,0,0,0,0,,,,22,21,1,,,,0,0,0,,,
15/08/2022 05:00,9,3,6,,,,0,0,0,0,0,0,,,,20,18,2,,,,3,0,3,,,
15/08/2022 06:00,46,22,24,,,,6,5,1,7,5,2,,,,127,112,15,,,,12,8,4,,,
15/08/2022 07:00,58,32,26,,,,15,8,7,11,4,7,,,,80,58,22,,,,19,10,9,,,
15/08/2022 08:00,74,35,39,,,,14,3,11,19,9,10,,,,117,95,22,,,,20,9,11,,,
15/08/2022 09:00,96,33,63,,,,10,7,3,19,14,5,,,,142,110,32,,,,37,16,21,,,
15/08/2022 10:00,128,62,66,,,,24,14,10,10,7,3,,,,309,222,87,,,,28,14,14,,,
15/08/2022 11:00,174,72,102,,,,44,23,21,29,13,16,,,,229,167,62,,,,51,30,21,,,
15/08/2022 12:00,132,74,58,,,,28,17,11,28,11,17,,,,135,113,22,,,,29,14,15,,,
15/08/2022 13:00,106,37,69,,,,25,15,10,30,12,18,,,,12,6,6,,,,34,17,17,,,
15/08/2022 14:00,147,77,70,,,,15,6,9,18,10,8,,,,25,17,8,,,,48,25,23,,,
15/08/2022 15:00,153,77,76,,,,22,9,13,38,18,20,,,,66,49,17,,,,53,27,26,,,
15/08/2022 16:00,172,86,86,,,,22,13,9,18,6,12,,,,111,59,52,,,,59,34,25,,,
15/08/2022 17:00,213,116,97,,,,49,30,19,30,12,18,,,,113,44,69,,,,41,23,18,,,
15/08/2022 18:00,104,59,45,,,,35,23,12,20,11,9,,,,34,18,16,,,,69,35,34,,,
15/08/2022 19:00,116,53,63,,,,20,15,5,22,9,13,,,,36,19,17,,,,55,20,35,,,
15/08/2022 20:00,159,80,79,,,,22,6,16,19,9,10,,,,35,18,17,,,,43,17,26,,,
15/08/2022 21:00,59,31,28,,,,19,11,8,10,7,3,,,,1,1,0,,,,24,7,17,,,
15/08/2022 22:00,24,14,10,,,,11,4,7,10,0,10,,,,3,2,1,,,,16,7,9,,,
15/08/2022 23:00,10,7,3,,,,7,3,4,1,0,1,,,,8,8,0,,,,8,6,2,,,
16/08/2022 00:00,1,1,0,,,,4,1,3,3,0,3,,,,5,3,2,,,,7,6,1,,,
16/08/2022 01:00,2,2,0,,,,0,0,0,0,0,0,,,,1,1,0,,,,3,1,2,,,
16/08/2022 02:00,2,2,0,,,,0,0,0,0,0,0,,,,3,2,1,,,,0,0,0,,,
16/08/2022 03:00,2,2,0,,,,0,0,0,0,0,0,,,,0,0,0,,,,0,0,0,,,
16/08/2022 04:00,0,0,0,,,,0,0,0,0,0,0,,,,0,0,0,,,,1,1,0,,,
16/08/2022 05:00,10,4,6,,,,0,0,0,2,1,1,,,,20,7,13,,,,4,2,2,,,
16/08/2022 06:00,43,19,24,,,,13,6,7,10,7,3,,,,42,22,20,,,,6,2,4,,,
16/08/2022 07:00,75,37,38,,,,14,9,5,24,8,16,,,,70,35,35,,,,26,15,11,,,
16/08/2022 08:00,106,51,55,,,,35,13,22,27,17,10,,,,189,116,73,,,,35,21,14,,,
16/08/2022 09:00,99,50,49,,,,22,13,9,30,18,12,,,,147,95,52,,,,26,8,18,,,
16/08/2022 10:00,133,72,61,,,,16,9,7,22,11,11,,,,296,158,138,,,,46,21,25,,,
16/08/2022 11:00,131,69,62,,,,22,10,12,20,4,16,,,,260,168,92,,,,47,26,21,,,
16/08/2022 12:00,156,76,80,,,,37,21,16,27,12,15,,,,364,222,142,,,,52,23,29,,,
16/08/2022 13:00,197,91,106,,,,34,19,15,27,12,15,,,,311,175,136,,,,54,28,26,,,
16/08/2022 14:00,160,79,81,,,,28,20,8,19,6,13,,,,230,136,94,,,,53,25,28,,,
16/08/2022 15:00,197,103,94,,,,24,17,7,18,8,10,,,,388,209,179,,,,31,15,16,,,
16/08/2022 16:00,168,83,85,,,,36,18,18,26,18,8,,,,272,136,136,,,,47,30,17,,,
16/08/2022 17:00,136,60,76,,,,48,24,24,37,19,18,,,,461,243,218,,,,69,39,30,,,
16/08/2022 18:00,164,96,68,,,,34,18,16,31,13,18,,,,579,357,222,,,,81,44,37,,,
16/08/2022 19:00,201,98,103,,,,27,19,8,21,11,10,,,,537,356,181,,,,88,38,50,,,
16/08/2022 20:00,202,109,93,,,,39,19,20,31,26,5,,,,527,291,236,,,,66,27,39,,,
16/08/2022 21:00,94,54,40,,,,16,7,9,14,8,6,,,,387,238,149,,,,29,7,22,,,
16/08/2022 22:00,25,20,5,,,,14,10,4,6,1,5,,,,435,182,253,,,,13,5,8,,,
16/08/2022 23:00,9,4,5,,,,2,1,1,2,0,2,,,,355,141,214,,,,9,5,4,,,
17/08/2022 00:00,0,0,0,,,,1,1,0,0,0,0,,,,132,78,54,,,,3,3,0,,,
17/08/2022 01:00,0,0,0,,,,0,0,0,1,0,1,,,,79,64,15,,,,0,0,0,,,
17/08/2022 02:00,0,0,0,,,,0,0,0,0,0,0,,,,9,4,5,,,,0,0,0,,,
17/08/2022 03:00,0,0,0,,,,0,0,0,0,0,0,,,,88,52,36,,,,1,1,0,,,
17/08/2022 04:00,0,0,0,,,,0,0,0,0,0,0,,,,92,42,50,,,,0,0,0,,,
17/08/2022 05:00,5,0,5,,,,0,0,0,0,0,0,,,,116,38,78,,,,5,2,3,,,
17/08/2022 06:00,37,15,22,,,,9,6,3,6,2,4,,,,207,135,72,,,,10,4,6,,,
17/08/2022 07:00,77,45,32,,,,30,15,15,23,11,12,,,,500,328,172,,,,30,13,17,,,
17/08/2022 08:00,85,43,42,,,,38,18,20,27,9,18,,,,549,363,186,,,,25,10,15,,,
17/08/2022 09:00,55,27,28,,,,25,16,9,25,15,10,,,,390,251,139,,,,24,10,14,,,
17/08/2022 10:00,118,56,62,,,,22,8,14,25,12,13,,,,323,249,74,,,,37,16,21,,,
17/08/2022 11:00,116,53,63,,,,12,3,9,19,8,11,,,,219,163,56,,,,23,9,14,,,
17/08/2022 12:00,68,40,28,,,,26,14,12,14,10,4,,,,181,120,61,,,,31,21,10,,,
17/08/2022 13:00,71,39,32,,,,17,9,8,19,8,11,,,,186,118,68,,,,46,24,22,,,
17/08/2022 14:00,138,56,82,,,,32,15,17,28,12,16,,,,406,250,156,,,,50,27,23,,,
17/08/2022 15:00,265,142,123,,,,37,17,20,32,14,18,,,,390,280,110,,,,48,28,20,,,
17/08/2022 16:00,202,97,105,,,,53,28,25,41,20,21,,,,315,256,59,,,,72,32,40,,,
17/08/2022 17:00,219,114,105,,,,51,34,17,33,16,17,,,,336,253,83,,,,79,51,28,,,
17/08/2022 18:00,219,113,106,,,,28,14,14,36,17,19,,,,455,341,114,,,,90,58,32,,,
17/08/2022 19:00,253,139,114,,,,46,26,20,28,15,13,,,,374,258,116,,,,82,30,52,,,
17/08/2022 20:00,204,109,95,,,,44,18,26,19,8,11,,,,377,225,152,,,,52,26,26,,,
17/08/2022 21:00,149,77,72,,,,28,9,19,11,4,7,,,,223,87,136,,,,40,17,23,,,
17/08/2022 22:00,31,20,11,,,,25,8,17,3,1,2,,,,105,61,44,,,,15,7,8,,,
17/08/2022 23:00,6,4,2,,,,6,2,4,2,1,1,,,,296,106,190,,,,7,4,3,,,
18/08/2022 00:00,1,1,0,,,,1,0,1,0,0,0,,,,386,247,139,,,,17,13,4,,,
18/08/2022 01:00,0,0,0,,,,0,0,0,0,0,0,,,,145,112,33,,,,2,0,2,,,
18/08/2022 02:00,1,1,0,,,,0,0,0,0,0,0,,,,31,27,4,,,,0,0,0,,,
18/08/2022 03:00,0,0,0,,,,0,0,0,2,2,0,,,,10,10,0,,,,1,1,0,,,
18/08/2022 04:00,1,0,1,,,,0,0,0,0,0,0,,,,7,7,0,,,,2,0,2,,,
18/08/2022 05:00,8,2,6,,,,2,2,0,2,1,1,,,,24,14,10,,,,6,2,4,,,
18/08/2022 06:00,36,16,20,,,,14,6,8,7,5,2,,,,78,60,18,,,,7,5,2,,,
18/08/2022 07:00,78,35,43,,,,13,9,4,16,8,8,,,,273,179,94,,,,36,15,21,,,
18/08/2022 08:00,125,71,54,,,,36,21,15,40,18,22,,,,345,234,111,,,,42,16,26,,,
18/08/2022 09:00,91,43,48,,,,31,16,15,26,13,13,,,,367,263,104,,,,36,15,21,,,
18/08/2022 10:00,155,79,76,,,,33,17,16,26,15,11,,,,335,259,76,,,,39,20,19,,,
18/08/2022 11:00,200,108,92,,,,35,18,17,42,23,19,,,,280,217,63,,,,52,26,26,,,
18/08/2022 12:00,193,98,95,,,,26,18,8,22,11,11,,,,292,222,70,,,,49,19,30,,,
18/08/2022 13:00,150,75,75,,,,33,15,18,26,13,13,,,,422,302,120,,,,41,20,21,,,
18/08/2022 14:00,146,74,72,,,,26,19,7,18,9,9,,,,326,248,78,,,,44,23,21,,,
18/08/2022 15:00,178,93,85,,,,33,19,14,24,13,11,,,,320,235,85,,,,50,25,25,,,
18/08/2022 16:00,167,82,85,,,,29,11,18,31,16,15,,,,503,367,136,,,,60,33,27,,,
18/08/2022 17:00,167,73,94,,,,53,31,22,35,21,14,,,,413,295,118,,,,65,38,27,,,
18/08/2022 18:00,191,97,94,,,,44,24,20,41,20,21,,,,418,304,114,,,,87,45,42,,,
18/08/2022 19:00,228,123,105,,,,41,25,16,26,14,12,,,,268,174,94,,,,72,30,42,,,
18/08/2022 20:00,247,129,118,,,,22,12,10,19,12,7,,,,186,115,71,,,,63,19,44,,,
18/08/2022 21:00,152,76,76,,,,44,23,21,11,3,8,,,,365,221,144,,,,39,12,27,,,
18/08/2022 22:00,37,26,11,,,,15,8,7,3,2,1,,,,315,187,128,,,,24,10,14,,,
18/08/2022 23:00,8,6,2,,,,5,0,5,8,5,3,,,,228,102,126,,,,12,8,4,,,
19/08/2022 00:00,0,0,0,,,,3,3,0,4,1,3,,,,232,107,125,,,,5,5,0,,,
19/08/2022 01:00,3,2,1,,,,2,0,2,1,1,0,,,,130,83,47,,,,7,6,1,,,
19/08/2022 02:00,0,0,0,,,,0,0,0,0,0,0,,,,116,59,57,,,,2,2,0,,,
19/08/2022 03:00,2,1,1,,,,4,0,4,2,2,0,,,,114,50,64,,,,1,1,0,,,
19/08/2022 04:00,0,0,0,,,,0,0,0,0,0,0,,,,59,40,19,,,,0,0,0,,,
19/08/2022 05:00,11,6,5,,,,0,0,0,1,1,0,,,,55,42,13,,,,6,3,3,,,
19/08/2022 06:00,37,16,21,,,,12,5,7,4,2,2,,,,151,95,56,,,,9,5,4,,,
19/08/2022 07:00,88,45,43,,,,15,8,7,17,8,9,,,,206,142,64,,,,25,17,8,,,
19/08/2022 08:00,132,68,64,,,,30,18,12,24,11,13,,,,384,262,122,,,,43,24,19,,,
19/08/2022 09:00,121,64,57,,,,19,10,9,19,7,12,,,,325,247,78,,,,46,21,25,,,
19/08/2022 10:00,132,73,59,,,,38,22,16,27,15,12,,,,252,156,96,,,,33,13,20,,,
19/08/2022 11:00,219,111,108,,,,33,12,21,39,19,20,,,,421,331,90,,,,52,22,30,,,
19/08/2022 12:00,235,103,132,,,,26,18,8,27,15,12,,,,483,324,159,,,,45,20,25,,,
19/08/2022 13:00,264,152,112,,,,57,26,31,30,18,12,,,,332,250,82,,,,48,23,25,,,
19/08/2022 14:00,241,118,123,,,,33,18,15,28,11,17,,,,381,254,127,,,,55,30,25,,,
19/08/2022 15:00,239,117,122,,,,34,18,16,40,13,27,,,,521,338,183,,,,42,23,19,,,
19/08/2022 16:00,170,73,97,,,,44,24,20,24,9,15,,,,414,295,119,,,,76,35,41,,,
19/08/2022 17:00,174,82,92,,,,49,23,26,28,14,14,,,,883,673,210,,,,69,42,27,,,
19/08/2022 18:00,257,125,132,,,,47,25,22,24,12,12,,,,625,475,150,,,,83,37,46,,,
19/08/2022 19:00,232,116,116,,,,28,17,11,23,8,15,,,,303,195,108,,,,44,14,30,,,
19/08/2022 20:00,207,105,102,,,,34,17,17,19,13,6,,,,274,181,93,,,,45,20,25,,,
19/08/2022 21:00,131,62,69,,,,28,16,12,8,4,4,,,,234,156,78,,,,17,6,11,,,
19/08/2022 22:00,42,25,17,,,,21,15,6,8,6,2,,,,182,110,72,,,,18,9,9,,,
19/08/2022 23:00,28,16,12,,,,9,3,6,0,0,0,,,,143,98,45,,,,16,8,8,,,
20/08/2022 00:00,3,3,0,,,,9,9,0,1,0,1,,,,101,75,26,,,,4,3,1,,,
20/08/2022 01:00,4,2,2,,,,1,0,1,0,0,0,,,,78,55,23,,,,9,5,4,,,
20/08/2022 02:00,4,3,1,,,,1,1,0,0,0,0,,,,12,10,2,,,,0,0,0,,,
20/08/2022 03:00,2,1,1,,,,1,1,0,0,0,0,,,,12,4,8,,,,2,1,1,,,
20/08/2022 04:00,1,1,0,,,,0,0,0,0,0,0,,,,6,3,3,,,,4,3,1,,,
20/08/2022 05:00,4,3,1,,,,1,1,0,1,0,1,,,,13,13,0,,,,0,0,0,,,
20/08/2022 06:00,39,15,24,,,,11,7,4,4,4,0,,,,17,11,6,,,,2,0,2,,,
20/08/2022 07:00,51,26,25,,,,16,10,6,11,5,6,,,,62,47,15,,,,9,5,4,,,
20/08/2022 08:00,109,46,63,,,,27,16,11,11,4,7,,,,80,62,18,,,,22,10,12,,,
20/08/2022 09:00,165,82,83,,,,38,18,20,30,17,13,,,,164,98,66,,,,23,13,10,,,
20/08/2022 10:00,260,150,110,,,,45,26,19,41,22,19,,,,221,114,107,,,,49,28,21,,,
20/08/2022 11:00,344,167,177,,,,53,32,21,25,14,11,,,,205,125,80,,,,60,32,28,,,
20/08/2022 12:00,284,155,129,,,,42,23,19,39,16,23,,,,219,139,80,,,,39,22,17,,,
20/08/2022 13:00,355,148,207,,,,50,25,25,24,9,15,,,,321,186,135,,,,52,23,29,,,
20/08/2022 14:00,330,188,142,,,,65,43,22,35,26,9,,,,290,176,114,,,,41,23,18,,,
20/08/2022 15:00,364,177,187,,,,67,28,39,27,11,16,,,,208,108,100,,,,56,32,24,,,
20/08/2022 16:00,333,161,172,,,,29,13,16,18,5,13,,,,264,158,106,,,,49,17,32,,,
20/08/2022 17:00,313,151,162,,,,45,22,23,48,25,23,,,,274,181,93,,,,88,40,48,,,
20/08/2022 18:00,223,124,99,,,,53,25,28,28,20,8,,,,379,276,103,,,,60,28,32,,,
20/08/2022 19:00,161,84,77,,,,36,14,22,16,10,6,,,,789,489,300,,,,58,34,24,,,
20/08/2022 20:00,143,72,71,,,,27,10,17,15,7,8,,,,288,212,76,,,,43,17,26,,,
20/08/2022 21:00,82,40,42,,,,27,13,14,18,8,10,,,,305,185,120,,,,21,8,13,,,
20/08/2022 22:00,47,23,24,,,,17,7,10,3,1,2,,,,152,85,67,,,,18,5,13,,,
20/08/2022 23:00,19,10,9,,,,6,2,4,2,0,2,,,,273,156,117,,,,17,11,6,,,
21/08/2022 00:00,0,0,0,,,,2,1,1,5,2,3,,,,232,142,90,,,,13,11,2,,,
21/08/2022 01:00,1,1,0,,,,1,0,1,1,1,0,,,,137,77,60,,,,10,6,4,,,
21/08/2022 02:00,0,0,0,,,,0,0,0,0,0,0,,,,142,58,84,,,,8,7,1,,,
21/08/2022 03:00,0,0,0,,,,1,1,0,0,0,0,,,,120,75,45,,,,3,1,2,,,
21/08/2022 04:00,1,1,0,,,,1,1,0,0,0,0,,,,104,70,34,,,,1,1,0,,,
21/08/2022 05:00,5,2,3,,,,0,0,0,1,1,0,,,,133,127,6,,,,7,5,2,,,
21/08/2022 06:00,22,5,17,,,,3,2,1,7,2,5,,,,110,98,12,,,,3,2,1,,,
21/08/2022 07:00,52,22,30,,,,11,6,5,10,5,5,,,,49,44,5,,,,14,7,7,,,
21/08/2022 08:00,123,62,61,,,,21,12,9,12,9,3,,,,316,276,40,,,,16,10,6,,,
21/08/2022 09:00,233,120,113,,,,38,19,19,32,15,17,,,,423,337,86,,,,31,12,19,,,
21/08/2022 10:00,390,197,193,,,,44,31,13,30,14,16,,,,690,534,156,,,,45,19,26,,,
21/08/2022 11:00,642,326,316,,,,66,32,34,38,23,15,,,,802,625,177,,,,28,13,15,,,
21/08/2022 12:00,751,368,383,,,,95,61,34,48,30,18,,,,862,644,218,,,,53,34,19,,,
21/08/2022 13:00,754,355,399,,,,67,35,32,50,25,25,,,,851,637,214,,,,65,41,24,,,
21/08/2022 14:00,808,435,373,,,,64,39,25,70,28,42,,,,699,546,153,,,,51,34,17,,,
21/08/2022 15:00,918,465,453,,,,83,41,42,31,24,7,,,,546,416,130,,,,56,33,23,,,
21/08/2022 16:00,818,378,440,,,,79,32,47,35,12,23,,,,493,372,121,,,,67,37,30,,,
21/08/2022 17:00,709,330,379,,,,83,22,61,40,21,19,,,,534,411,123,,,,51,27,24,,,
21/08/2022 18:00,406,197,209,,,,48,28,20,33,18,15,,,,506,383,123,,,,47,18,29,,,
21/08/2022 19:00,221,92,129,,,,39,17,22,18,7,11,,,,609,448,161,,,,44,28,16,,,
21/08/2022 20:00,201,100,101,,,,37,20,17,9,6,3,,,,444,338,106,,,,44,20,24,,,
21/08/2022 21:00,105,64,41,,,,26,14,12,9,1,8,,,,424,304,120,,,,27,16,11,,,
21/08/2022 22:00,27,13,14,,,,4,2,2,4,2,2,,,,426,330,96,,,,22,11,11,,,
21/08/2022 23:00,7,3,4,,,,4,2,2,2,1,1,,,,433,337,96,,,,20,9,11,,,
22/08/2022 00:00,0,0,0,,,,0,0,0,4,4,0,,,,234,214,20,,,,34,21,13,,,
22/08/2022 01:00,0,0,0,,,,5,2,3,0,0,0,,,,63,56,7,,,,1,1,0,,,
22/08/2022 02:00,0,0,0,,,,0,0,0,0,0,0,,,,6,3,3,,,,1,0,1,,,
22/08/2022 03:00,0,0,0,,,,0,0,0,0,0,0,,,,4,3,1,,,,1,1,0,,,
22/08/2022 04:00,0,0,0,,,,0,0,0,1,1,0,,,,2,2,0,,,,0,0,0,,,
22/08/2022 05:00,6,1,5,,,,0,0,0,2,2,0,,,,3,0,3,,,,4,1,3,,,
22/08/2022 06:00,32,13,19,,,,13,7,6,6,3,3,,,,28,22,6,,,,9,6,3,,,
22/08/2022 07:00,81,35,46,,,,23,8,15,18,6,12,,,,88,51,37,,,,25,9,16,,,
22/08/2022 08:00,105,58,47,,,,15,7,8,35,22,13,,,,123,76,47,,,,28,11,17,,,
22/08/2022 09:00,101,41,60,,,,23,13,10,19,10,9,,,,138,113,25,,,,22,9,13,,,
22/08/2022 10:00,97,41,56,,,,20,10,10,24,11,13,,,,179,146,33,,,,26,12,14,,,
22/08/2022 11:00,138,63,75,,,,24,16,8,19,11,8,,,,347,245,102,,,,41,20,21,,,
22/08/2022 12:00,168,90,78,,,,21,11,10,31,23,8,,,,669,589,80,,,,63,37,26,,,
22/08/2022 13:00,216,111,105,,,,35,18,17,53,25,28,,,,488,387,101,,,,42,21,21,,,
22/08/2022 14:00,205,102,103,,,,37,17,20,26,12,14,,,,442,339,103,,,,56,27,29,,,
22/08/2022 15:00,222,95,127,,,,24,11,13,23,13,10,,,,391,305,86,,,,45,18,27,,,
22/08/2022 16:00,197,105,92,,,,32,25,7,36,18,18,,,,432,330,102,,,,59,39,20,,,
22/08/2022 17:00,208,110,98,,,,59,36,23,40,22,18,,,,459,323,136,,,,70,37,33,,,
22/08/2022 18:00,224,102,122,,,,52,26,26,37,15,22,,,,318,222,96,,,,77,45,32,,,
22/08/2022 19:00,231,123,108,,,,40,14,26,22,10,12,,,,560,426,134,,,,64,35,29,,,
22/08/2022 20:00,233,125,108,,,,30,13,17,21,10,11,,,,608,451,157,,,,49,16,33,,,
22/08/2022 21:00,133,72,61,,,,22,11,11,18,12,6,,,,591,447,144,,,,23,12,11,,,
22/08/2022 22:00,43,26,17,,,,14,7,7,4,1,3,,,,895,587,308,,,,19,8,11,,,
22/08/2022 23:00,15,10,5,,,,5,1,4,1,0,1,,,,204,160,44,,,,22,8,14,,,
23/08/2022 00:00,1,1,0,,,,4,2,2,3,3,0,,,,293,178,115,,,,11,6,5,,,
23/08/2022 01:00,1,1,0,,,,1,0,1,0,0,0,,,,63,49,14,,,,4,2,2,,,
23/08/2022 02:00,1,0,1,,,,2,1,1,0,0,0,,,,20,14,6,,,,3,1,2,,,
23/08/2022 03:00,3,0,3,,,,0,0,0,0,0,0,,,,35,25,10,,,,1,0,1,,,
23/08/2022 04:00,0,0,0,,,,0,0,0,0,0,0,,,,8,8,0,,,,1,1,0,,,
23/08/2022 05:00,11,2,9,,,,0,0,0,2,1,1,,,,13,13,0,,,,3,2,1,,,
23/08/2022 06:00,53,27,26,,,,7,4,3,8,3,5,,,,88,65,23,,,,7,2,5,,,
23/08/2022 07:00,91,42,49,,,,13,6,7,19,11,8,,,,271,192,79,,,,30,16,14,,,
23/08/2022 08:00,126,75,51,,,,24,15,9,36,19,17,,,,393,260,133,,,,35,15,20,,,
23/08/2022 09:00,103,48,55,,,,32,15,17,28,15,13,,,,419,277,142,,,,39,14,25,,,
23/08/2022 10:00,155,93,62,,,,33,20,13,20,12,8,,,,366,227,139,,,,31,14,17,,,
23/08/2022 11:00,208,96,112,,,,20,6,14,39,18,21,,,,328,209,119,,,,38,15,23,,,
23/08/2022 12:00,242,142,100,,,,33,12,21,22,12,10,,,,366,268,98,,,,42,19,23,,,
23/08/2022 13:00,255,123,132,,,,45,22,23,37,19,18,,,,492,377,115,,,,45,23,22,,,
23/08/2022 14:00,224,102,122,,,,32,17,15,31,11,20,,,,377,309,68,,,,52,37,15,,,
23/08/2022 15:00,238,116,122,,,,40,22,18,33,17,16,,,,450,322,128,,,,57,29,28,,,
23/08/2022 16:00,197,106,91,,,,38,24,14,34,19,15,,,,388,258,130,,,,74,27,47,,,
23/08/2022 17:00,262,111,151,,,,43,32,11,39,13,26,,,,613,476,137,,,,66,32,34,,,
23/08/2022 18:00,255,123,132,,,,57,33,24,38,16,22,,,,522,418,104,,,,98,46,52,,,
23/08/2022 19:00,309,153,156,,,,44,31,13,23,9,14,,,,325,211,114,,,,92,45,47,,,
23/08/2022 20:00,270,135,135,,,,66,32,34,32,10,22,,,,391,299,92,,,,94,33,61,,,
23/08/2022 21:00,174,92,82,,,,17,11,6,6,5,1,,,,282,204,78,,,,36,21,15,,,
23/08/2022 22:00,41,24,17,,,,8,4,4,5,2,3,,,,165,65,100,,,,28,15,13,,,
23/08/2022 23:00,17,10,7,,,,2,1,1,1,0,1,,,,199,117,82,,,,15,3,12,,,
24/08/2022 00:00,0,0,0,,,,5,1,4,1,1,0,,,,118,57,61,,,,5,5,0,,,
24/08/2022 01:00,1,0,1,,,,2,0,2,1,1,0,,,,15,11,4,,,,1,1,0,,,
24/08/2022 02:00,0,0,0,,,,1,1,0,0,0,0,,,,3,3,0,,,,0,0,0,,,
24/08/2022 03:00,1,1,0,,,,0,0,0,0,0,0,,,,18,16,2,,,,2,1,1,,,
24/08/2022 04:00,0,0,0,,,,0,0,0,0,0,0,,,,5,5,0,,,,1,1,0,,,
24/08/2022 05:00,6,1,5,,,,0,0,0,2,1,1,,,,13,9,4,,,,6,3,3,,,
24/08/2022 06:00,47,18,29,,,,9,7,2,10,8,2,,,,75,61,14,,,,12,8,4,,,
24/08/2022 07:00,85,44,41,,,,21,13,8,16,7,9,,,,159,100,59,,,,37,17,20,,,
24/08/2022 08:00,108,60,48,,,,30,11,19,35,22,13,,,,267,196,71,,,,34,15,19,,,
24/08/2022 09:00,98,49,49,,,,25,13,12,23,14,9,,,,287,203,84,,,,25,10,15,,,
24/08/2022 10:00,143,79,64,,,,27,18,9,32,21,11,,,,349,231,118,,,,66,22,44,,,
24/08/2022 11:00,153,78,75,,,,26,14,12,38,18,20,,,,355,210,145,,,,54,28,26,,,
24/08/2022 12:00,182,82,100,,,,42,25,17,33,19,14,,,,296,179,117,,,,90,53,37,,,
24/08/2022 13:00,264,141,123,,,,29,19,10,29,12,17,,,,409,276,133,,,,48,22,26,,,
24/08/2022 14:00,206,102,104,,,,17,12,5,22,12,10,,,,322,230,92,,,,76,41,35,,,
24/08/2022 15:00,245,116,129,,,,31,18,13,26,16,10,,,,751,604,147,,,,53,24,29,,,
24/08/2022 16:00,217,109,108,,,,34,20,14,37,17,20,,,,399,295,104,,,,67,28,39,,,
24/08/2022 17:00,208,99,109,,,,58,25,33,40,13,27,,,,551,421,130,,,,81,34,47,,,
24/08/2022 18:00,233,123,110,,,,55,28,27,37,20,17,,,,388,260,128,,,,70,36,34,,,
24/08/2022 19:00,292,154,138,,,,53,31,22,26,14,12,,,,306,199,107,,,,67,37,30,,,
24/08/2022 20:00,244,117,127,,,,54,21,33,14,7,7,,,,363,264,99,,,,70,39,31,,,
24/08/2022 21:00,141,71,70,,,,33,17,16,8,3,5,,,,279,202,77,,,,44,19,25,,,
24/08/2022 22:00,48,28,20,,,,16,8,8,8,1,7,,,,317,170,147,,,,33,9,24,,,
24/08/2022 23:00,20,13,7,,,,8,3,5,3,2,1,,,,233,160,73,,,,9,6,3,,,
25/08/2022 00:00,0,0,0,,,,17,8,9,3,1,2,,,,214,101,113,,,,7,5,2,,,
25/08/2022 01:00,1,0,1,,,,2,0,2,2,0,2,,,,163,115,48,,,,2,1,1,,,
25/08/2022 02:00,2,1,1,,,,0,0,0,0,0,0,,,,110,97,13,,,,0,0,0,,,
25/08/2022 03:00,0,0,0,,,,0,0,0,0,0,0,,,,3,2,1,,,,0,0,0,,,
25/08/2022 04:00,1,0,1,,,,0,0,0,0,0,0,,,,7,6,1,,,,2,1,1,,,
25/08/2022 05:00,14,5,9,,,,2,1,1,0,0,0,,,,31,30,1,,,,4,3,1,,,
25/08/2022 06:00,55,23,32,,,,12,7,5,9,3,6,,,,140,115,25,,,,10,6,4,,,
25/08/2022 07:00,103,47,56,,,,13,5,8,20,5,15,,,,360,246,114,,,,41,16,25,,,
25/08/2022 08:00,130,72,58,,,,32,10,22,35,20,15,,,,501,321,180,,,,40,17,23,,,
25/08/2022 09:00,118,58,60,,,,12,4,8,26,15,11,,,,376,238,138,,,,42,21,21,,,
25/08/2022 10:00,163,85,78,,,,20,12,8,18,14,4,,,,475,315,160,,,,57,40,17,,,
25/08/2022 11:00,224,115,109,,,,46,29,17,34,14,20,,,,405,249,156,,,,57,21,36,,,
25/08/2022 12:00,222,112,110,,,,53,29,24,32,16,16,,,,585,424,161,,,,69,18,51,,,
25/08/2022 13:00,271,138,133,,,,41,20,21,44,16,28,,,,730,508,222,,,,51,26,25,,,
25/08/2022 14:00,271,144,127,,,,21,12,9,22,12,10,,,,829,612,217,,,,45,21,24,,,
25/08/2022 15:00,282,150,132,,,,30,15,15,25,11,14,,,,733,562,171,,,,57,25,32,,,
25/08/2022 16:00,230,108,122,,,,40,23,17,24,11,13,,,,644,451,193,,,,61,32,29,,,
25/08/2022 17:00,191,89,102,,,,63,36,27,35,10,25,,,,767,510,257,,,,77,42,35,,,
25/08/2022 18:00,168,87,81,,,,45,25,20,22,15,7,,,,541,385,156,,,,95,60,35,,,
25/08/2022 19:00,251,130,121,,,,47,25,22,28,12,16,,,,546,342,204,,,,93,50,43,,,
25/08/2022 20:00,215,108,107,,,,42,21,21,17,11,6,,,,562,392,170,,,,75,21,54,,,
25/08/2022 21:00,127,62,65,,,,40,24,16,12,6,6,,,,272,190,82,,,,34,17,17,,,
25/08/2022 22:00,56,27,29,,,,9,6,3,3,2,1,,,,263,189,74,,,,14,5,9,,,
25/08/2022 23:00,18,10,8,,,,14,9,5,2,0,2,,,,345,206,139,,,,14,10,4,,,
26/08/2022 00:00,0,0,0,,,,2,1,1,1,0,1,,,,141,107,34,,,,11,10,1,,,
26/08/2022 01:00,3,3,0,,,,2,0,2,0,0,0,,,,145,96,49,,,,0,0,0,,,
26/08/2022 02:00,1,1,0,,,,0,0,0,0,0,0,,,,28,28,0,,,,0,0,0,,,
26/08/2022 03:00,0,0,0,,,,0,0,0,2,0,2,,,,37,33,4,,,,1,1,0,,,
26/08/2022 04:00,0,0,0,,,,0,0,0,0,0,0,,,,71,66,5,,,,1,1,0,,,
26/08/2022 05:00,12,4,8,,,,1,1,0,0,0,0,,,,37,35,2,,,,2,1,1,,,
26/08/2022 06:00,47,22,25,,,,12,6,6,6,1,5,,,,106,74,32,,,,11,2,9,,,
26/08/2022 07:00,100,43,57,,,,20,14,6,19,7,12,,,,249,166,83,,,,35,15,20,,,
26/08/2022 08:00,131,74,57,,,,22,12,10,32,18,14,,,,471,324,147,,,,28,15,13,,,
26/08/2022 09:00,113,48,65,,,,15,8,7,27,14,13,,,,545,370,175,,,,50,21,29,,,
26/08/2022 10:00,134,68,66,,,,16,12,4,17,7,10,,,,650,498,152,,,,46,31,15,,,
26/08/2022 11:00,184,91,93,,,,22,13,9,20,9,11,,,,731,501,230,,,,52,25,27,,,
26/08/2022 12:00,149,80,69,,,,27,22,5,30,14,16,,,,675,490,185,,,,51,18,33,,,
26/08/2022 13:00,155,81,74,,,,40,22,18,43,26,17,,,,567,417,150,,,,74,24,50,,,
26/08/2022 14:00,123,65,58,,,,48,32,16,32,11,21,,,,1117,854,263,,,,50,20,30,,,
26/08/2022 15:00,191,102,89,,,,19,11,8,24,14,10,,,,697,531,166,,,,34,13,21,,,
26/08/2022 16:00,170,77,93,,,,29,17,12,34,17,17,,,,477,348,129,,,,49,23,26,,,
26/08/2022 17:00,143,63,80,,,,35,15,20,41,21,20,,,,570,474,96,,,,63,39,24,,,
26/08/2022 18:00,177,84,93,,,,32,16,16,36,14,22,,,,402,297,105,,,,53,24,29,,,
26/08/2022 19:00,183,96,87,,,,45,23,22,23,12,11,,,,443,325,118,,,,72,33,39,,,
26/08/2022 20:00,205,100,105,,,,34,16,18,19,9,10,,,,190,120,70,,,,71,30,41,,,
26/08/2022 21:00,124,69,55,,,,32,11,21,13,9,4,,,,225,162,63,,,,24,9,15,,,
26/08/2022 22:00,56,33,23,,,,25,14,11,12,6,6,,,,170,109,61,,,,33,17,16,,,
26/08/2022 23:00,20,14,6,,,,19,11,8,2,0,2,,,,240,153,87,,,,37,21,16,,,
27/08/2022 00:00,2,0,2,,,,9,2,7,7,5,2,,,,131,99,32,,,,11,8,3,,,
27/08/2022 01:00,8,4,4,,,,2,0,2,4,1,3,,,,205,164,41,,,,8,8,0,,,
27/08/2022 02:00,2,0,2,,,,0,0,0,0,0,0,,,,87,64,23,,,,1,1,0,,,
27/08/2022 03:00,2,2,0,,,,0,0,0,0,0,0,,,,115,88,27,,,,1,1,0,,,
27/08/2022 04:00,1,0,1,,,,0,0,0,0,0,0,,,,41,37,4,,,,4,0,4,,,
27/08/2022 05:00,5,2,3,,,,1,1,0,2,1,1,,,,181,145,36,,,,3,0,3,,,
27/08/2022 06:00,32,15,17,,,,4,2,2,3,2,1,,,,148,133,15,,,,2,1,1,,,
27/08/2022 07:00,58,26,32,,,,17,10,7,10,4,6,,,,169,123,46,,,,9,4,5,,,
27/08/2022 08:00,120,57,63,,,,38,26,12,17,10,7,,,,211,166,45,,,,41,25,16,,,
27/08/2022 09:00,223,98,125,,,,57,34,23,41,21,20,,,,273,213,60,,,,44,24,20,,,
27/08/2022 10:00,249,142,107,,,,71,38,33,38,20,18,,,,406,315,91,,,,31,16,15,,,
27/08/2022 11:00,360,189,171,,,,70,51,19,53,30,23,,,,367,253,114,,,,56,36,20,,,
27/08/2022 12:00,396,204,192,,,,63,31,32,42,24,18,,,,395,282,113,,,,63,33,30,,,
27/08/2022 13:00,359,175,184,,,,62,30,32,51,16,35,,,,562,452,110,,,,46,29,17,,,
27/08/2022 14:00,469,221,248,,,,56,37,19,39,12,27,,,,763,677,86,,,,55,33,22,,,
27/08/2022 15:00,517,266,251,,,,71,48,23,32,19,13,,,,493,419,74,,,,47,33,14,,,
27/08/2022 16:00,524,241,283,,,,64,40,24,37,10,27,,,,642,508,134,,,,86,50,36,,,
27/08/2022 17:00,417,188,229,,,,37,13,24,71,39,32,,,,580,452,128,,,,66,39,27,,,
27/08/2022 18:00,320,145,175,,,,42,18,24,49,34,15,,,,363,263,100,,,,50,24,26,,,
27/08/2022 19:00,291,132,159,,,,43,18,25,24,9,15,,,,346,290,56,,,,35,18,17,,,
27/08/2022 20:00,195,92,103,,,,32,13,19,19,11,8,,,,379,227,152,,,,55,24,31,,,
27/08/2022 21:00,111,53,58,,,,29,14,15,9,3,6,,,,312,217,95,,,,21,12,9,,,
27/08/2022 22:00,58,36,22,,,,14,6,8,9,9,0,,,,193,154,39,,,,4,2,2,,,
27/08/2022 23:00,16,8,8,,,,7,5,2,8,6,2,,,,288,203,85,,,,15,12,3,,,
28/08/2022 00:00,2,2,0,,,,10,2,8,2,2,0,,,,50,41,9,,,,16,10,6,,,
28/08/2022 01:00,9,7,2,,,,2,1,1,13,11,2,,,,30,24,6,,,,9,8,1,,,
28/08/2022 02:00,2,1,1,,,,1,0,1,1,1,0,,,,36,30,6,,,,20,12,8,,,
28/08/2022 03:00,1,1,0,,,,0,0,0,2,0,2,,,,29,23,6,,,,8,3,5,,,
28/08/2022 04:00,0,0,0,,,,0,0,0,1,0,1,,,,32,22,10,,,,2,1,1,,,
28/08/2022 05:00,2,1,1,,,,0,0,0,2,1,1,,,,35,25,10,,,,3,1,2,,,
28/08/2022 06:00,18,7,11,,,,4,1,3,4,1,3,,,,41,33,8,,,,2,2,0,,,
28/08/2022 07:00,52,27,25,,,,15,9,6,15,7,8,,,,100,86,14,,,,7,2,5,,,
28/08/2022 08:00,116,56,60,,,,41,26,15,20,14,6,,,,126,91,35,,,,20,12,8,,,
28/08/2022 09:00,191,92,99,,,,46,29,17,25,13,12,,,,135,88,47,,,,44,24,20,,,
28/08/2022 10:00,313,195,118,,,,54,21,33,30,16,14,,,,165,114,51,,,,37,18,19,,,
28/08/2022 11:00,449,252,197,,,,49,30,19,58,29,29,,,,321,196,125,,,,56,35,21,,,
28/08/2022 12:00,680,361,319,,,,85,55,30,45,23,22,,,,387,280,107,,,,35,16,19,,,
28/08/2022 13:00,617,301,316,,,,70,43,27,53,17,36,,,,558,404,154,,,,77,27,50,,,
28/08/2022 14:00,806,374,432,,,,73,36,37,69,29,40,,,,467,325,142,,,,53,22,31,,,
28/08/2022 15:00,798,395,403,,,,60,29,31,61,36,25,,,,472,300,172,,,,37,17,20,,,
28/08/2022 16:00,609,257,352,,,,59,34,25,43,25,18,,,,342,220,122,,,,52,23,29,,,
28/08/2022 17:00,483,209,274,,,,60,27,33,58,25,33,,,,296,221,75,,,,43,18,25,,,
28/08/2022 18:00,333,118,215,,,,36,13,23,28,17,11,,,,349,242,107,,,,52,30,22,,,
28/08/2022 19:00,190,96,94,,,,37,19,18,40,23,17,,,,331,212,119,,,,55,23,32,,,
28/08/2022 20:00,211,107,104,,,,27,14,13,26,18,8,,,,428,315,113,,,,36,19,17,,,
28/08/2022 21:00,101,45,56,,,,24,9,15,7,4,3,,,,335,228,107,,,,26,9,17,,,
28/08/2022 22:00,23,13,10,,,,3,1,2,1,1,0,,,,400,303,97,,,,9,4,5,,,
28/08/2022 23:00,16,12,4,,,,4,0,4,3,2,1,,,,530,390,140,,,,3,2,1,,,
29/08/2022 00:00,0,0,0,,,,2,2,0,0,0,0,,,,65,58,7,,,,23,13,10,,,
29/08/2022 01:00,1,0,1,,,,0,0,0,1,1,0,,,,109,81,28,,,,1,0,1,,,
29/08/2022 02:00,2,2,0,,,,2,2,0,0,0,0,,,,12,7,5,,,,2,1,1,,,
29/08/2022 03:00,0,0,0,,,,0,0,0,0,0,0,,,,0,0,0,,,,4,2,2,,,
29/08/2022 04:00,0,0,0,,,,0,0,0,0,0,0,,,,4,4,0,,,,0,0,0,,,
29/08/2022 05:00,11,3,8,,,,3,1,2,1,1,0,,,,8,6,2,,,,6,1,5,,,
29/08/2022 06:00,57,27,30,,,,15,13,2,15,10,5,,,,100,79,21,,,,16,8,8,,,
29/08/2022 07:00,104,53,51,,,,12,7,5,27,9,18,,,,273,188,85,,,,23,12,11,,,
29/08/2022 08:00,128,70,58,,,,26,9,17,37,20,17,,,,387,280,107,,,,87,66,21,,,
29/08/2022 09:00,125,53,72,,,,21,11,10,35,16,19,,,,513,378,135,,,,27,10,17,,,
29/08/2022 10:00,149,73,76,,,,41,21,20,24,12,12,,,,284,192,92,,,,22,14,8,,,
29/08/2022 11:00,208,116,92,,,,41,22,19,40,18,22,,,,247,188,59,,,,33,21,12,,,
29/08/2022 12:00,262,131,131,,,,29,17,12,46,25,21,,,,347,262,85,,,,61,38,23,,,
29/08/2022 13:00,262,137,125,,,,43,23,20,30,19,11,,,,485,361,124,,,,59,39,20,,,
29/08/2022 14:00,245,125,120,,,,34,15,19,28,9,19,,,,383,282,101,,,,45,24,21,,,
29/08/2022 15:00,266,162,104,,,,38,26,12,30,15,15,,,,513,401,112,,,,117,54,63,,,
29/08/2022 16:00,216,100,116,,,,32,20,12,39,22,17,,,,733,660,73,,,,68,34,34,,,
29/08/2022 17:00,207,86,121,,,,54,30,24,27,15,12,,,,926,817,109,,,,76,38,38,,,
29/08/2022 18:00,256,127,129,,,,56,33,23,32,12,20,,,,782,660,122,,,,95,51,44,,,
29/08/2022 19:00,300,159,141,,,,80,55,25,20,8,12,,,,504,400,104,,,,71,36,35,,,
29/08/2022 20:00,262,119,143,,,,45,15,30,18,9,9,,,,525,449,76,,,,89,44,45,,,
29/08/2022 21:00,120,72,48,,,,27,16,11,6,2,4,,,,532,430,102,,,,31,7,24,,,
29/08/2022 22:00,37,19,18,,,,2,1,1,2,1,1,,,,143,113,30,,,,11,9,2,,,
29/08/2022 23:00,7,5,2,,,,7,0,7,1,0,1,,,,192,140,52,,,,6,3,3,,,
30/08/2022 00:00,0,0,0,,,,10,3,7,0,0,0,,,,41,37,4,,,,3,3,0,,,
30/08/2022 01:00,0,0,0,,,,0,0,0,1,0,1,,,,92,71,21,,,,1,0,1,,,
30/08/2022 02:00,1,1,0,,,,0,0,0,0,0,0,,,,18,18,0,,,,1,1,0,,,
30/08/2022 03:00,0,0,0,,,,0,0,0,0,0,0,,,,20,19,1,,,,0,0,0,,,
30/08/2022 04:00,0,0,0,,,,0,0,0,0,0,0,,,,11,8,3,,,,0,0,0,,,
30/08/2022 05:00,10,4,6,,,,1,1,0,1,1,0,,,,24,22,2,,,,5,3,2,,,
30/08/2022 06:00,63,27,36,,,,4,2,2,13,7,6,,,,81,64,17,,,,15,7,8,,,
30/08/2022 07:00,97,41,56,,,,13,7,6,25,10,15,,,,318,232,86,,,,28,16,12,,,
30/08/2022 08:00,134,74,60,,,,25,13,12,41,23,18,,,,476,345,131,,,,99,76,23,,,
30/08/2022 09:00,132,64,68,,,,22,11,11,30,15,15,,,,210,140,70,,,,50,26,24,,,
30/08/2022 10:00,159,90,69,,,,21,13,8,22,15,7,,,,250,206,44,,,,41,21,20,,,
30/08/2022 11:00,216,103,113,,,,24,16,8,33,15,18,,,,276,207,69,,,,50,31,19,,,
30/08/2022 12:00,268,151,117,,,,38,18,20,42,24,18,,,,411,326,85,,,,53,31,22,,,
30/08/2022 13:00,305,150,155,,,,48,22,26,40,23,17,,,,462,379,83,,,,56,35,21,,,
30/08/2022 14:00,203,91,112,,,,34,16,18,32,13,19,,,,479,390,89,,,,57,29,28,,,
30/08/2022 15:00,264,141,123,,,,40,22,18,42,23,19,,,,521,432,89,,,,135,80,55,,,
30/08/2022 16:00,251,118,133,,,,29,18,11,28,18,10,,,,623,511,112,,,,73,38,35,,,
30/08/2022 17:00,264,133,131,,,,61,29,32,38,19,19,,,,1025,851,174,,,,82,46,36,,,
30/08/2022 18:00,230,107,123,,,,55,30,25,28,11,17,,,,856,716,140,,,,113,68,45,,,
30/08/2022 19:00,276,133,143,,,,35,22,13,34,19,15,,,,696,587,109,,,,101,64,37,,,
30/08/2022 20:00,250,124,126,,,,43,22,21,31,22,9,,,,726,563,163,,,,95,45,50,,,
30/08/2022 21:00,99,59,40,,,,29,13,16,14,7,7,,,,467,378,89,,,,82,35,47,,,
30/08/2022 22:00,26,16,10,,,,5,2,3,7,4,3,,,,362,291,71,,,,18,5,13,,,
30/08/2022 23:00,9,6,3,,,,7,0,7,0,0,0,,,,311,257,54,,,,6,3,3,,,
31/08/2022 00:00,0,0,0,,,,2,2,0,2,0,2,,,,39,37,2,,,,4,3,1,,,
31/08/2022 01:00,0,0,0,,,,0,0,0,0,0,0,,,,18,18,0,,,,0,0,0,,,
31/08/2022 02:00,0,0,0,,,,1,1,0,0,0,0,,,,0,0,0,,,,2,2,0,,,
31/08/2022 03:00,0,0,0,,,,0,0,0,0,0,0,,,,0,0,0,,,,0,0,0,,,
31/08/2022 04:00,0,0,0,,,,0,0,0,0,0,0,,,,2,2,0,,,,0,0,0,,,
31/08/2022 05:00,7,1,6,,,,0,0,0,2,0,2,,,,21,21,0,,,,7,4,3,,,
31/08/2022 06:00,45,21,24,,,,14,9,5,12,8,4,,,,137,125,12,,,,17,10,7,,,
31/08/2022 07:00,101,50,51,,,,25,18,7,36,13,23,,,,390,327,63,,,,36,17,19,,,
31/08/2022 08:00,119,61,58,,,,30,11,19,46,25,21,,,,535,468,67,,,,132,85,47,,,
31/08/2022 09:00,132,63,69,,,,28,21,7,22,5,17,,,,312,251,61,,,,76,37,39,,,
31/08/2022 10:00,140,65,75,,,,37,16,21,20,6,14,,,,356,317,39,,,,49,16,33,,,
31/08/2022 11:00,186,90,96,,,,35,16,19,22,8,14,,,,273,231,42,,,,56,29,27,,,
31/08/2022 12:00,166,99,67,,,,35,15,20,23,11,12,,,,293,265,28,,,,53,21,32,,,
31/08/2022 13:00,215,119,96,,,,37,20,17,50,18,32,,,,655,564,91,,,,58,30,28,,,
31/08/2022 14:00,226,118,108,,,,30,19,11,40,25,15,,,,543,467,76,,,,102,50,52,,,
31/08/2022 15:00,239,118,121,,,,26,12,14,31,20,11,,,,534,481,53,,,,107,51,56,,,
31/08/2022 16:00,183,98,85,,,,33,23,10,29,15,14,,,,552,490,62,,,,88,45,43,,,
31/08/2022 17:00,170,74,96,,,,39,23,16,46,20,26,,,,657,586,71,,,,95,55,40,,,
31/08/2022 18:00,194,106,88,,,,54,38,16,27,14,13,,,,661,572,89,,,,92,52,40,,,
31/08/2022 19:00,192,89,103,,,,37,17,20,11,7,4,,,,579,513,66,,,,92,41,51,,,
31/08/2022 20:00,218,118,100,,,,42,20,22,14,10,4,,,,1077,838,239,,,,75,34,41,,,
31/08/2022 21:00,104,58,46,,,,28,14,14,7,3,4,,,,455,351,104,,,,34,13,21,,,
31/08/2022 22:00,23,17,6,,,,11,2,9,0,0,0,,,,493,363,130,,,,19,4,15,,,
31/08/2022 23:00,14,7,7,,,,3,3,0,2,0,2,,,,92,68,24,,,,14,7,7,,,
01/09/2022 00:00,1,0,1,,,,1,0,1,1,0,1,,,,15,13,2,,,,7,5,2,,,
01/09/2022 01:00,0,0,0,,,,3,3,0,1,0,1,,,,4,4,0,,,,5,5,0,,,
01/09/2022 02:00,1,1,0,,,,0,0,0,0,0,0,,,,21,17,4,,,,3,1,2,,,
01/09/2022 03:00,1,0,1,,,,0,0,0,0,0,0,,,,1,1,0,,,,0,0,0,,,
01/09/2022 04:00,0,0,0,,,,1,0,1,0,0,0,,,,24,13,11,,,,2,1,1,,,
01/09/2022 05:00,37,19,18,,,,0,0,0,0,0,0,,,,8,7,1,,,,7,2,5,,,
01/09/2022 06:00,82,43,39,,,,27,12,15,15,10,5,,,,122,103,19,,,,11,6,5,,,
01/09/2022 07:00,63,30,33,,,,11,4,7,19,5,14,,,,559,499,60,,,,41,22,19,,,
01/09/2022 08:00,126,57,69,,,,28,14,14,56,29,27,,,,489,429,60,,,,128,98,30,,,
01/09/2022 09:00,126,72,54,,,,18,14,4,31,16,15,,,,263,205,58,,,,64,28,36,,,
01/09/2022 10:00,122,52,70,,,,26,13,13,20,11,9,,,,330,287,43,,,,25,11,14,,,
01/09/2022 11:00,147,81,66,,,,33,19,14,30,15,15,,,,298,243,55,,,,61,33,28,,,
01/09/2022 12:00,217,104,113,,,,39,18,21,32,14,18,,,,286,231,55,,,,62,35,27,,,
01/09/2022 13:00,228,114,114,,,,48,27,21,32,16,16,,,,449,372,77,,,,41,23,18,,,
01/09/2022 14:00,287,137,150,,,,36,16,20,25,10,15,,,,361,285,76,,,,92,52,40,,,
01/09/2022 15:00,194,99,95,,,,23,11,12,34,19,15,,,,476,416,60,,,,118,50,68,,,
01/09/2022 16:00,220,121,99,,,,23,10,13,31,16,15,,,,519,435,84,,,,100,41,59,,,
01/09/2022 17:00,156,80,76,,,,36,21,15,31,15,16,,,,886,723,163,,,,72,34,38,,,
01/09/2022 18:00,177,102,75,,,,34,22,12,33,20,13,,,,567,467,100,,,,101,59,42,,,
01/09/2022 19:00,232,119,113,,,,68,35,33,27,16,11,,,,513,380,133,,,,102,49,53,,,
01/09/2022 20:00,199,101,98,,,,35,19,16,13,9,4,,,,429,349,80,,,,88,27,61,,,
01/09/2022 21:00,79,40,39,,,,34,9,25,9,6,3,,,,727,555,172,,,,31,12,19,,,
01/09/2022 22:00,33,18,15,,,,15,7,8,2,1,1,,,,457,403,54,,,,16,7,9,,,
01/09/2022 23:00,12,9,3,,,,4,2,2,1,0,1,,,,482,395,87,,,,6,3,3,,,
02/09/2022 00:00,0,0,0,,,,10,5,5,1,0,1,,,,173,156,17,,,,12,8,4,,,
02/09/2022 01:00,3,1,2,,,,6,1,5,1,0,1,,,,127,115,12,,,,3,1,2,,,
02/09/2022 02:00,1,1,0,,,,0,0,0,0,0,0,,,,10,10,0,,,,1,1,0,,,
02/09/2022 03:00,0,0,0,,,,0,0,0,0,0,0,,,,36,27,9,,,,0,0,0,,,
02/09/2022 04:00,0,0,0,,,,0,0,0,0,0,0,,,,120,77,43,,,,1,0,1,,,
02/09/2022 05:00,6,4,2,,,,0,0,0,1,1,0,,,,8,8,0,,,,2,1,1,,,
02/09/2022 06:00,51,23,28,,,,11,7,4,8,7,1,,,,210,178,32,,,,7,2,5,,,
02/09/2022 07:00,92,40,52,,,,18,10,8,17,7,10,,,,440,333,107,,,,31,13,18,,,
02/09/2022 08:00,136,67,69,,,,20,13,7,52,28,24,,,,653,438,215,,,,147,109,38,,,
02/09/2022 09:00,116,56,60,,,,22,10,12,33,12,21,,,,301,196,105,,,,53,20,33,,,
02/09/2022 10:00,134,73,61,,,,20,12,8,25,13,12,,,,392,291,101,,,,46,24,22,,,
02/09/2022 11:00,135,78,57,,,,27,14,13,26,17,9,,,,241,211,30,,,,36,19,17,,,
02/09/2022 12:00,153,84,69,,,,39,25,14,32,11,21,,,,359,296,63,,,,57,26,31,,,
02/09/2022 13:00,128,85,43,,,,33,16,17,39,20,19,,,,480,406,74,,,,114,28,86,,,
02/09/2022 14:00,126,83,43,,,,26,13,13,34,12,22,,,,355,293,62,,,,86,40,46,,,
02/09/2022 15:00,118,79,39,,,,25,12,13,17,8,9,,,,439,317,122,,,,64,33,31,,,
02/09/2022 16:00,104,53,51,,,,28,16,12,52,26,26,,,,551,419,132,,,,63,33,30,,,
02/09/2022 17:00,173,86,87,,,,43,25,18,37,17,20,,,,455,357,98,,,,70,35,35,,,
02/09/2022 18:00,137,67,70,,,,32,22,10,29,12,17,,,,391,302,89,,,,52,21,31,,,
02/09/2022 19:00,145,69,76,,,,27,21,6,21,11,10,,,,306,221,85,,,,78,38,40,,,
02/09/2022 20:00,132,67,65,,,,21,10,11,22,15,7,,,,301,235,66,,,,37,22,15,,,
02/09/2022 21:00,67,41,26,,,,17,7,10,6,3,3,,,,327,257,70,,,,30,17,13,,,
02/09/2022 22:00,29,16,13,,,,12,8,4,4,2,2,,,,276,230,46,,,,24,13,11,,,
02/09/2022 23:00,25,14,11,,,,8,2,6,0,0,0,,,,356,290,66,,,,60,29,31,,,
03/09/2022 00:00,0,0,0,,,,7,2,5,2,0,2,,,,98,96,2,,,,10,6,4,,,
03/09/2022 01:00,10,8,2,,,,7,0,7,1,0,1,,,,96,93,3,,,,9,8,1,,,
03/09/2022 02:00,1,1,0,,,,5,3,2,0,0,0,,,,92,77,15,,,,14,9,5,,,
03/09/2022 03:00,3,1,2,,,,1,0,1,0,0,0,,,,61,58,3,,,,2,1,1,,,
03/09/2022 04:00,0,0,0,,,,0,0,0,0,0,0,,,,65,60,5,,,,0,0,0,,,
03/09/2022 05:00,2,0,2,,,,1,0,1,2,1,1,,,,17,17,0,,,,3,1,2,,,
03/09/2022 06:00,23,10,13,,,,9,5,4,5,4,1,,,,20,15,5,,,,2,1,1,,,
03/09/2022 07:00,54,25,29,,,,11,5,6,8,5,3,,,,44,29,15,,,,8,2,6,,,
03/09/2022 08:00,68,35,33,,,,27,19,8,10,7,3,,,,67,42,25,,,,15,9,6,,,
03/09/2022 09:00,63,36,27,,,,26,10,16,12,8,4,,,,70,44,26,,,,20,11,9,,,
03/09/2022 10:00,76,35,41,,,,20,14,6,19,7,12,,,,80,46,34,,,,20,5,15,,,
03/09/2022 11:00,83,32,51,,,,25,12,13,24,18,6,,,,50,29,21,,,,16,9,7,,,
03/09/2022 12:00,67,31,36,,,,15,10,5,11,7,4,,,,41,19,22,,,,22,9,13,,,
03/09/2022 13:00,38,17,21,,,,6,3,3,22,10,12,,,,20,9,11,,,,17,10,7,,,
03/09/2022 14:00,54,30,24,,,,10,5,5,12,2,10,,,,17,10,7,,,,15,8,7,,,
03/09/2022 15:00,25,13,12,,,,7,1,6,14,6,8,,,,33,20,13,,,,16,11,5,,,
03/09/2022 16:00,40,16,24,,,,13,4,9,14,7,7,,,,13,8,5,,,,13,5,8,,,
03/09/2022 17:00,28,16,12,,,,13,6,7,13,7,6,,,,10,5,5,,,,15,8,7,,,
03/09/2022 18:00,58,31,27,,,,22,13,9,17,7,10,,,,35,23,12,,,,25,11,14,,,
03/09/2022 19:00,103,45,58,,,,20,8,12,30,11,19,,,,48,23,25,,,,39,20,19,,,
03/09/2022 20:00,143,84,59,,,,42,12,30,16,11,5,,,,36,17,19,,,,34,17,17,,,
03/09/2022 21:00,73,39,34,,,,19,11,8,6,4,2,,,,0,0,0,,,,30,12,18,,,
03/09/2022 22:00,34,16,18,,,,9,2,7,8,6,2,,,,0,0,0,,,,12,5,7,,,
03/09/2022 23:00,22,11,11,,,,4,3,1,0,0,0,,,,0,0,0,,,,9,5,4,,,
04/09/2022 00:00,0,0,0,,,,3,0,3,1,1,0,,,,1,1,0,,,,5,3,2,,,
04/09/2022 01:00,1,1,0,,,,0,0,0,3,1,2,,,,0,0,0,,,,4,3,1,,,
04/09/2022 02:00,1,0,1,,,,0,0,0,0,0,0,,,,0,0,0,,,,5,3,2,,,
04/09/2022 03:00,0,0,0,,,,1,0,1,0,0,0,,,,0,0,0,,,,0,0,0,,,
04/09/2022 04:00,0,0,0,,,,0,0,0,0,0,0,,,,0,0,0,,,,0,0,0,,,
04/09/2022 05:00,0,0,0,,,,0,0,0,0,0,0,,,,0,0,0,,,,1,0,1,,,
04/09/2022 06:00,8,3,5,,,,0,0,0,1,1,0,,,,2,2,0,,,,1,0,1,,,
04/09/2022 07:00,33,12,21,,,,10,7,3,2,0,2,,,,25,18,7,,,,6,2,4,,,
04/09/2022 08:00,140,73,67,,,,32,22,10,26,12,14,,,,54,32,22,,,,28,15,13,,,
04/09/2022 09:00,238,101,137,,,,43,15,28,25,15,10,,,,121,63,58,,,,45,28,17,,,
04/09/2022 10:00,480,275,205,,,,43,30,13,32,11,21,,,,162,96,66,,,,68,38,30,,,
04/09/2022 11:00,601,364,237,,,,83,54,29,58,28,30,,,,164,83,81,,,,57,35,22,,,
04/09/2022 12:00,714,370,344,,,,107,63,44,61,35,26,,,,181,118,63,,,,63,28,35,,,
04/09/2022 13:00,822,532,290,,,,235,185,50,60,24,36,,,,166,106,60,,,,73,30,43,,,
04/09/2022 14:00,821,448,373,,,,105,69,36,66,43,23,,,,127,87,40,,,,48,26,22,,,
04/09/2022 15:00,712,358,354,,,,82,37,45,61,23,38,,,,166,115,51,,,,60,36,24,,,
04/09/2022 16:00,755,348,407,,,,109,47,62,58,26,32,,,,161,92,69,,,,56,32,24,,,
04/09/2022 17:00,565,267,298,,,,86,45,41,53,20,33,,,,152,87,65,,,,76,27,49,,,
04/09/2022 18:00,390,220,170,,,,61,24,37,39,20,19,,,,111,52,59,,,,39,24,15,,,
04/09/2022 19:00,231,126,105,,,,27,10,17,42,21,21,,,,93,54,39,,,,82,39,43,,,
04/09/2022 20:00,153,71,82,,,,43,22,21,10,4,6,,,,77,53,24,,,,41,22,19,,,
04/09/2022 21:00,59,36,23,,,,9,3,6,5,2,3,,,,60,48,12,,,,24,12,12,,,
04/09/2022 22:00,24,16,8,,,,11,3,8,5,4,1,,,,36,28,8,,,,10,6,4,,,
04/09/2022 23:00,4,3,1,,,,1,0,1,4,1,3,,,,37,29,8,,,,10,6,4,,,
05/09/2022 00:00,1,1,0,,,,3,3,0,0,0,0,,,,26,19,7,,,,3,3,0,,,
05/09/2022 01:00,0,0,0,,,,0,0,0,0,0,0,,,,6,6,0,,,,0,0,0,,,
05/09/2022 02:00,0,0,0,,,,0,0,0,0,0,0,,,,1,1,0,,,,1,0,1,,,
05/09/2022 03:00,0,0,0,,,,0,0,0,0,0,0,,,,8,7,1,,,,0,0,0,,,
05/09/2022 04:00,0,0,0,,,,1,1,0,1,1,0,,,,1,1,0,,,,0,0,0,,,
05/09/2022 05:00,9,2,7,,,,1,0,1,0,0,0,,,,3,2,1,,,,3,1,2,,,
05/09/2022 06:00,47,20,27,,,,14,8,6,3,2,1,,,,35,22,13,,,,13,7,6,,,
05/09/2022 07:00,99,49,50,,,,14,6,8,31,14,17,,,,98,57,41,,,,40,21,19,,,
05/09/2022 08:00,132,68,64,,,,22,11,11,54,25,29,,,,182,108,74,,,,146,104,42,,,
05/09/2022 09:00,185,101,84,,,,19,14,5,28,16,12,,,,119,65,54,,,,57,25,32,,,
05/09/2022 10:00,186,96,90,,,,27,19,8,29,14,15,,,,94,60,34,,,,41,27,14,,,
05/09/2022 11:00,180,102,78,,,,43,25,18,27,13,14,,,,155,114,41,,,,37,25,12,,,
05/09/2022 12:00,160,72,88,,,,36,21,15,40,24,16,,,,133,86,47,,,,35,18,17,,,
05/09/2022 13:00,160,85,75,,,,40,20,20,35,19,16,,,,227,149,78,,,,58,33,25,,,
05/09/2022 14:00,122,70,52,,,,31,7,24,31,15,16,,,,162,117,45,,,,80,40,40,,,
05/09/2022 15:00,116,67,49,,,,22,11,11,23,14,9,,,,330,274,56,,,,102,25,77,,,
05/09/2022 16:00,59,29,30,,,,33,16,17,20,8,12,,,,342,266,76,,,,84,27,57,,,
05/09/2022 17:00,73,39,34,,,,30,16,14,28,13,15,,,,352,274,78,,,,78,38,40,,,
05/09/2022 18:00,97,49,48,,,,25,16,9,16,7,9,,,,202,154,48,,,,83,47,36,,,
05/09/2022 19:00,80,37,43,,,,15,9,6,22,10,12,,,,103,70,33,,,,54,32,22,,,
05/09/2022 20:00,33,18,15,,,,6,2,4,23,13,10,,,,37,24,13,,,,27,14,13,,,
05/09/2022 21:00,32,18,14,,,,7,3,4,3,2,1,,,,26,24,2,,,,16,9,7,,,
05/09/2022 22:00,12,9,3,,,,4,3,1,5,0,5,,,,39,37,2,,,,5,3,2,,,
05/09/2022 23:00,9,4,5,,,,2,0,2,1,0,1,,,,25,25,0,,,,2,1,1,,,
06/09/2022 00:00,0,0,0,,,,2,0,2,1,0,1,,,,9,8,1,,,,1,1,0,,,
06/09/2022 01:00,1,1,0,,,,2,2,0,0,0,0,,,,3,3,0,,,,2,1,1,,,
06/09/2022 02:00,0,0,0,,,,0,0,0,0,0,0,,,,0,0,0,,,,0,0,0,,,
06/09/2022 03:00,0,0,0,,,,2,2,0,0,0,0,,,,0,0,0,,,,0,0,0,,,
06/09/2022 04:00,0,0,0,,,,0,0,0,0,0,0,,,,1,1,0,,,,3,3,0,,,
06/09/2022 05:00,6,2,4,,,,0,0,0,0,0,0,,,,5,4,1,,,,5,3,2,,,
06/09/2022 06:00,41,22,19,,,,7,4,3,5,2,3,,,,38,31,7,,,,11,5,6,,,
06/09/2022 07:00,72,34,38,,,,12,6,6,29,15,14,,,,100,75,25,,,,46,24,22,,,
06/09/2022 08:00,118,60,58,,,,29,15,14,50,22,28,,,,230,171,59,,,,133,100,33,,,
06/09/2022 09:00,98,44,54,,,,26,14,12,33,17,16,,,,84,46,38,,,,59,26,33,,,
06/09/2022 10:00,96,52,44,,,,31,14,17,27,12,15,,,,69,51,18,,,,43,20,23,,,
06/09/2022 11:00,138,72,66,,,,39,23,16,27,16,11,,,,117,96,21,,,,29,15,14,,,
06/09/2022 12:00,78,40,38,,,,18,7,11,35,16,19,,,,91,67,24,,,,30,12,18,,,
06/09/2022 13:00,25,12,13,,,,9,2,7,12,8,4,,,,14,8,6,,,,27,11,16,,,
06/09/2022 14:00,31,13,18,,,,12,10,2,14,5,9,,,,23,14,9,,,,34,16,18,,,
06/09/2022 15:00,64,42,22,,,,9,2,7,16,7,9,,,,64,44,20,,,,97,20,77,,,
06/09/2022 16:00,76,40,36,,,,16,8,8,13,8,5,,,,82,48,34,,,,76,31,45,,,
06/09/2022 17:00,90,43,47,,,,36,21,15,32,19,13,,,,121,73,48,,,,68,42,26,,,
06/09/2022 18:00,141,69,72,,,,46,24,22,25,13,12,,,,138,87,51,,,,83,55,28,,,
06/09/2022 19:00,149,78,71,,,,33,13,20,21,12,9,,,,103,62,41,,,,90,40,50,,,
06/09/2022 20:00,127,66,61,,,,21,10,11,15,9,6,,,,38,21,17,,,,50,13,37,,,
06/09/2022 21:00,62,39,23,,,,12,5,7,3,2,1,,,,7,7,0,,,,31,16,15,,,
06/09/2022 22:00,29,13,16,,,,12,3,9,1,1,0,,,,7,7,0,,,,22,13,9,,,
06/09/2022 23:00,14,11,3,,,,3,3,0,0,0,0,,,,6,6,0,,,,9,4,5,,,
07/09/2022 00:00,1,0,1,,,,5,1,4,0,0,0,,,,4,4,0,,,,3,2,1,,,
07/09/2022 01:00,0,0,0,,,,0,0,0,0,0,0,,,,1,1,0,,,,2,2,0,,,
07/09/2022 02:00,0,0,0,,,,0,0,0,0,0,0,,,,0,0,0,,,,0,0,0,,,
07/09/2022 03:00,1,1,0,,,,0,0,0,0,0,0,,,,0,0,0,,,,0,0,0,,,
07/09/2022 04:00,0,0,0,,,,0,0,0,0,0,0,,,,0,0,0,,,,0,0,0,,,
07/09/2022 05:00,6,2,4,,,,0,0,0,0,0,0,,,,2,1,1,,,,5,3,2,,,
07/09/2022 06:00,53,23,30,,,,17,16,1,12,5,7,,,,20,11,9,,,,17,8,9,,,
07/09/2022 07:00,76,33,43,,,,17,6,11,22,10,12,,,,49,23,26,,,,32,14,18,,,
07/09/2022 08:00,50,24,26,,,,26,13,13,25,14,11,,,,82,50,32,,,,74,50,24,,,
07/09/2022 09:00,65,29,36,,,,25,12,13,26,10,16,,,,63,32,31,,,,35,20,15,,,
07/09/2022 10:00,50,20,30,,,,18,7,11,8,3,5,,,,36,16,20,,,,28,19,9,,,
07/09/2022 11:00,69,31,38,,,,22,11,11,9,3,6,,,,100,57,43,,,,34,14,20,,,
07/09/2022 12:00,63,29,34,,,,21,12,9,25,11,14,,,,42,14,28,,,,28,15,13,,,
07/09/2022 13:00,130,70,60,,,,33,16,17,35,22,13,,,,82,51,31,,,,53,24,29,,,
07/09/2022 14:00,81,37,44,,,,16,9,7,18,9,9,,,,95,57,38,,,,83,34,49,,,
07/09/2022 15:00,82,36,46,,,,29,19,10,26,14,12,,,,67,47,20,,,,105,34,71,,,
07/09/2022 16:00,106,64,42,,,,16,10,6,26,9,17,,,,83,46,37,,,,72,29,43,,,
07/09/2022 17:00,91,46,45,,,,36,20,16,31,12,19,,,,161,115,46,,,,83,48,35,,,
07/09/2022 18:00,147,83,64,,,,36,21,15,29,16,13,,,,134,92,42,,,,88,53,35,,,
07/09/2022 19:00,206,102,104,,,,41,16,25,32,14,18,,,,181,131,50,,,,63,27,36,,,
07/09/2022 20:00,190,84,106,,,,34,20,14,12,6,6,,,,62,43,19,,,,47,20,27,,,
07/09/2022 21:00,59,31,28,,,,27,13,14,4,2,2,,,,34,31,3,,,,29,13,16,,,
07/09/2022 22:00,33,24,9,,,,8,4,4,7,6,1,,,,35,34,1,,,,7,4,3,,,
07/09/2022 23:00,10,3,7,,,,3,2,1,1,1,0,,,,23,23,0,,,,6,6,0,,,
08/09/2022 00:00,0,0,0,,,,2,2,0,1,0,1,,,,7,7,0,,,,8,5,3,,,
08/09/2022 01:00,1,1,0,,,,0,0,0,0,0,0,,,,3,3,0,,,,1,1,0,,,
08/09/2022 02:00,0,0,0,,,,0,0,0,0,0,0,,,,0,0,0,,,,0,0,0,,,
08/09/2022 03:00,0,0,0,,,,0,0,0,0,0,0,,,,0,0,0,,,,0,0,0,,,
08/09/2022 04:00,1,0,1,,,,0,0,0,1,1,0,,,,0,0,0,,,,0,0,0,,,
08/09/2022 05:00,3,1,2,,,,0,0,0,0,0,0,,,,0,0,0,,,,3,2,1,,,
08/09/2022 06:00,35,16,19,,,,5,3,2,5,2,3,,,,24,18,6,,,,12,8,4,,,
08/09/2022 07:00,50,25,25,,,,14,8,6,15,6,9,,,,83,55,28,,,,29,14,15,,,
08/09/2022 08:00,63,24,39,,,,30,15,15,37,14,23,,,,98,61,37,,,,111,82,29,,,
08/09/2022 09:00,101,53,48,,,,16,9,7,23,14,9,,,,63,31,32,,,,47,22,25,,,
08/09/2022 10:00,95,48,47,,,,26,20,6,14,4,10,,,,72,49,23,,,,29,11,18,,,
08/09/2022 11:00,84,42,42,,,,16,11,5,22,11,11,,,,92,73,19,,,,17,5,12,,,
08/09/2022 12:00,108,56,52,,,,22,9,13,25,13,12,,,,66,38,28,,,,29,15,14,,,
08/09/2022 13:00,168,82,86,,,,21,7,14,30,14,16,,,,134,92,42,,,,51,24,27,,,
08/09/2022 14:00,119,75,44,,,,18,12,6,24,13,11,,,,141,96,45,,,,70,34,36,,,
08/09/2022 15:00,159,66,93,,,,22,15,7,20,10,10,,,,160,90,70,,,,107,29,78,,,
08/09/2022 16:00,122,65,57,,,,15,2,13,35,21,14,,,,123,76,47,,,,62,29,33,,,
08/09/2022 17:00,133,70,63,,,,44,25,19,25,14,11,,,,180,127,53,,,,70,33,37,,,
08/09/2022 18:00,192,118,74,,,,36,14,22,33,17,16,,,,168,100,68,,,,85,37,48,,,
08/09/2022 19:00,184,103,81,,,,35,18,17,21,6,15,,,,157,95,62,,,,77,36,41,,,
08/09/2022 20:00,127,58,69,,,,28,8,20,12,10,2,,,,75,57,18,,,,54,20,34,,,
08/09/2022 21:00,56,40,16,,,,11,6,5,6,3,3,,,,46,44,2,,,,25,9,16,,,
08/09/2022 22:00,21,14,7,,,,13,5,8,0,0,0,,,,16,15,1,,,,16,8,8,,,
08/09/2022 23:00,11,5,6,,,,5,2,3,1,0,1,,,,4,3,1,,,,2,1,1,,,
09/09/2022 00:00,0,0,0,,,,3,1,2,0,0,0,,,,0,0,0,,,,9,4,5,,,
09/09/2022 01:00,0,0,0,,,,1,1,0,0,0,0,,,,0,0,0,,,,3,3,0,,,
09/09/2022 02:00,1,1,0,,,,5,2,3,0,0,0,,,,1,1,0,,,,0,0,0,,,
09/09/2022 03:00,1,0,1,,,,1,1,0,0,0,0,,,,0,0,0,,,,0,0,0,,,
09/09/2022 04:00,2,2,0,,,,0,0,0,0,0,0,,,,0,0,0,,,,2,1,1,,,
09/09/2022 05:00,2,0,2,,,,0,0,0,0,0,0,,,,0,0,0,,,,3,0,3,,,
09/09/2022 06:00,19,8,11,,,,9,6,3,3,1,2,,,,6,4,2,,,,10,4,6,,,
09/09/2022 07:00,32,12,20,,,,4,2,2,15,4,11,,,,25,15,10,,,,24,10,14,,,
09/09/2022 08:00,70,32,38,,,,12,6,6,24,13,11,,,,66,37,29,,,,84,59,25,,,
09/09/2022 09:00,88,44,44,,,,21,12,9,15,8,7,,,,50,23,27,,,,66,20,46,,,
09/09/2022 10:00,112,59,53,,,,33,24,9,22,14,8,,,,59,39,20,,,,29,12,17,,,
09/09/2022 11:00,158,81,77,,,,33,19,14,13,9,4,,,,57,36,21,,,,76,44,32,,,
09/09/2022 12:00,164,97,67,,,,38,22,16,24,7,17,,,,93,52,41,,,,49,23,26,,,
09/09/2022 13:00,173,92,81,,,,21,12,9,34,18,16,,,,107,53,54,,,,100,17,83,,,
09/09/2022 14:00,114,60,54,,,,20,8,12,18,10,8,,,,151,88,63,,,,112,50,62,,,
09/09/2022 15:00,84,49,35,,,,22,10,12,20,11,9,,,,22,11,11,,,,48,23,25,,,
09/09/2022 16:00,122,61,61,,,,12,5,7,26,13,13,,,,87,47,40,,,,49,20,29,,,
09/09/2022 17:00,147,70,77,,,,45,20,25,44,18,26,,,,93,33,60,,,,69,37,32,,,
09/09/2022 18:00,178,111,67,,,,45,32,13,23,10,13,,,,72,50,22,,,,74,35,39,,,
09/09/2022 19:00,141,68,73,,,,33,15,18,32,13,19,,,,67,36,31,,,,34,14,20,,,
09/09/2022 20:00,139,74,65,,,,31,18,13,12,4,8,,,,13,5,8,,,,53,29,24,,,
09/09/2022 21:00,85,48,37,,,,13,6,7,6,4,2,,,,0,0,0,,,,39,18,21,,,
09/09/2022 22:00,41,24,17,,,,9,0,9,55,26,29,,,,1,1,0,,,,33,15,18,,,
09/09/2022 23:00,19,13,6,,,,10,5,5,0,0,0,,,,6,6,0,,,,17,10,7,,,
10/09/2022 00:00,0,0,0,,,,4,2,2,0,0,0,,,,5,5,0,,,,12,6,6,,,
10/09/2022 01:00,3,1,2,,,,4,1,3,0,0,0,,,,16,16,0,,,,8,7,1,,,
10/09/2022 02:00,0,0,0,,,,2,0,2,0,0,0,,,,8,8,0,,,,4,1,3,,,
10/09/2022 03:00,0,0,0,,,,0,0,0,0,0,0,,,,3,3,0,,,,0,0,0,,,
10/09/2022 04:00,1,1,0,,,,2,0,2,0,0,0,,,,1,1,0,,,,3,2,1,,,
10/09/2022 05:00,4,2,2,,,,1,0,1,0,0,0,,,,1,1,0,,,,2,2,0,,,
10/09/2022 06:00,23,8,15,,,,4,1,3,0,0,0,,,,11,3,8,,,,7,3,4,,,
10/09/2022 07:00,62,23,39,,,,16,6,10,2,1,1,,,,37,19,18,,,,11,4,7,,,
10/09/2022 08:00,105,45,60,,,,39,21,18,0,0,0,,,,85,53,32,,,,33,18,15,,,
10/09/2022 09:00,165,83,82,,,,30,12,18,0,0,0,,,,107,65,42,,,,62,33,29,,,
10/09/2022 10:00,234,126,108,,,,53,24,29,0,0,0,,,,153,102,51,,,,43,26,17,,,
10/09/2022 11:00,286,158,128,,,,49,32,17,0,0,0,,,,149,83,66,,,,59,35,24,,,
10/09/2022 12:00,399,197,202,,,,65,35,30,0,0,0,,,,147,83,64,,,,68,36,32,,,
10/09/2022 13:00,387,217,170,,,,58,32,26,0,0,0,,,,147,103,44,,,,77,35,42,,,
10/09/2022 14:00,448,225,223,,,,79,45,34,0,0,0,,,,154,101,53,,,,35,23,12,,,
10/09/2022 15:00,569,296,273,,,,65,37,28,0,0,0,,,,168,114,54,,,,60,36,24,,,
10/09/2022 16:00,520,254,266,,,,74,45,29,2,1,1,,,,171,106,65,,,,62,32,30,,,
10/09/2022 17:00,480,242,238,,,,76,37,39,2,1,1,,,,159,106,53,,,,71,37,34,,,
10/09/2022 18:00,279,147,132,,,,63,34,29,0,0,0,,,,151,103,48,,,,48,21,27,,,
10/09/2022 19:00,226,117,109,,,,33,14,19,0,0,0,,,,77,55,22,,,,57,26,31,,,
10/09/2022 20:00,153,78,75,,,,34,13,21,0,0,0,,,,52,43,9,,,,44,22,22,,,
10/09/2022 21:00,63,28,35,,,,8,0,8,0,0,0,,,,55,53,2,,,,23,12,11,,,
10/09/2022 22:00,48,29,19,,,,9,2,7,0,0,0,,,,51,51,0,,,,13,4,9,,,
10/09/2022 23:00,24,19,5,,,,15,9,6,0,0,0,,,,93,92,1,,,,5,5,0,,,
11/09/2022 00:00,0,0,0,,,,6,4,2,0,0,0,,,,54,53,1,,,,10,7,3,,,
11/09/2022 01:00,4,4,0,,,,0,0,0,0,0,0,,,,52,52,0,,,,15,11,4,,,
11/09/2022 02:00,4,3,1,,,,3,2,1,0,0,0,,,,21,21,0,,,,0,0,0,,,
11/09/2022 03:00,1,1,0,,,,0,0,0,0,0,0,,,,12,12,0,,,,1,0,1,,,
11/09/2022 04:00,0,0,0,,,,0,0,0,1,0,1,,,,3,2,1,,,,4,2,2,,,
11/09/2022 05:00,2,2,0,,,,2,0,2,0,0,0,,,,5,5,0,,,,6,2,4,,,
11/09/2022 06:00,14,4,10,,,,2,1,1,3,1,2,,,,4,3,1,,,,6,4,2,,,
11/09/2022 07:00,47,18,29,,,,17,9,8,3,3,0,,,,81,73,8,,,,9,5,4,,,
11/09/2022 08:00,115,54,61,,,,34,21,13,20,11,9,,,,76,50,26,,,,11,3,8,,,
11/09/2022 09:00,153,64,89,,,,51,28,23,23,13,10,,,,176,130,46,,,,33,15,18,,,
11/09/2022 10:00,150,78,72,,,,31,14,17,19,9,10,,,,138,93,45,,,,46,30,16,,,
11/09/2022 11:00,129,50,79,,,,34,12,22,22,14,8,,,,88,52,36,,,,28,11,17,,,
11/09/2022 12:00,75,38,37,,,,20,10,10,26,11,15,,,,41,17,24,,,,18,5,13,,,
11/09/2022 13:00,39,15,24,,,,20,12,8,20,5,15,,,,22,14,8,,,,16,8,8,,,
11/09/2022 14:00,82,39,43,,,,16,5,11,14,8,6,,,,30,15,15,,,,19,8,11,,,
11/09/2022 15:00,106,51,55,,,,25,11,14,20,11,9,,,,54,35,19,,,,27,13,14,,,
11/09/2022 16:00,157,68,89,,,,33,21,12,23,10,13,,,,84,41,43,,,,27,11,16,,,
11/09/2022 17:00,170,83,87,,,,38,18,20,21,14,7,,,,62,29,33,,,,38,19,19,,,
11/09/2022 18:00,138,72,66,,,,22,14,8,13,6,7,,,,64,42,22,,,,38,25,13,,,
11/09/2022 19:00,160,79,81,,,,33,21,12,16,11,5,,,,41,26,15,,,,39,16,23,,,
11/09/2022 20:00,106,59,47,,,,31,18,13,8,2,6,,,,20,11,9,,,,39,23,16,,,
11/09/2022 21:00,56,28,28,,,,13,7,6,6,3,3,,,,2,2,0,,,,14,5,9,,,
11/09/2022 22:00,15,11,4,,,,4,1,3,19,13,6,,,,0,0,0,,,,9,5,4,,,
11/09/2022 23:00,6,3,3,,,,9,8,1,4,2,2,,,,3,3,0,,,,6,6,0,,,
12/09/2022 00:00,0,0,0,,,,1,1,0,0,0,0,,,,1,1,0,,,,4,1,3,,,
12/09/2022 01:00,2,1,1,,,,0,0,0,0,0,0,,,,0,0,0,,,,0,0,0,,,
12/09/2022 02:00,1,1,0,,,,1,1,0,0,0,0,,,,0,0,0,,,,0,0,0,,,
12/09/2022 03:00,2,1,1,,,,0,0,0,0,0,0,,,,0,0,0,,,,2,1,1,,,
12/09/2022 04:00,0,0,0,,,,0,0,0,0,0,0,,,,0,0,0,,,,1,1,0,,,
12/09/2022 05:00,14,6,8,,,,0,0,0,1,1,0,,,,3,1,2,,,,7,3,4,,,
12/09/2022 06:00,51,26,25,,,,9,7,2,13,6,7,,,,10,9,1,,,,13,7,6,,,
12/09/2022 07:00,73,34,39,,,,14,5,9,32,11,21,,,,42,25,17,,,,47,26,21,,,
12/09/2022 08:00,129,61,68,,,,20,11,9,42,20,22,,,,87,54,33,,,,143,109,34,,,
12/09/2022 09:00,125,54,71,,,,27,12,15,21,13,8,,,,81,50,31,,,,84,35,49,,,
12/09/2022 10:00,112,61,51,,,,20,10,10,16,9,7,,,,33,20,13,,,,38,18,20,,,
12/09/2022 11:00,97,44,53,,,,26,12,14,22,13,9,,,,40,19,21,,,,41,23,18,,,
12/09/2022 12:00,129,78,51,,,,26,18,8,38,15,23,,,,53,31,22,,,,35,10,25,,,
12/09/2022 13:00,121,75,46,,,,42,18,24,42,20,22,,,,68,33,35,,,,52,25,27,,,
12/09/2022 14:00,117,60,57,,,,20,10,10,16,8,8,,,,63,42,21,,,,68,24,44,,,
12/09/2022 15:00,101,50,51,,,,14,11,3,17,9,8,,,,67,41,26,,,,85,16,69,,,
12/09/2022 16:00,62,32,30,,,,13,8,5,24,15,9,,,,59,31,28,,,,62,18,44,,,
12/09/2022 17:00,78,42,36,,,,34,23,11,23,12,11,,,,54,31,23,,,,45,21,24,,,
12/09/2022 18:00,148,76,72,,,,34,17,17,29,10,19,,,,73,41,32,,,,95,60,35,,,
12/09/2022 19:00,180,85,95,,,,36,16,20,37,18,19,,,,96,50,46,,,,64,22,42,,,
12/09/2022 20:00,152,98,54,,,,27,18,9,11,6,5,,,,19,14,5,,,,31,10,21,,,
12/09/2022 21:00,57,34,23,,,,33,13,20,11,5,6,,,,3,3,0,,,,33,18,15,,,
12/09/2022 22:00,22,15,7,,,,4,1,3,4,4,0,,,,3,3,0,,,,17,7,10,,,
12/09/2022 23:00,4,3,1,,,,0,0,0,1,1,0,,,,4,4,0,,,,3,1,2,,,
13/09/2022 00:00,0,0,0,,,,3,2,1,0,0,0,,,,3,3,0,,,,6,5,1,,,
13/09/2022 01:00,1,1,0,,,,0,0,0,0,0,0,,,,1,1,0,,,,1,1,0,,,
13/09/2022 02:00,0,0,0,,,,0,0,0,0,0,0,,,,0,0,0,,,,0,0,0,,,
13/09/2022 03:00,0,0,0,,,,0,0,0,0,0,0,,,,0,0,0,,,,0,0,0,,,
13/09/2022 04:00,0,0,0,,,,0,0,0,0,0,0,,,,0,0,0,,,,1,1,0,,,
13/09/2022 05:00,13,5,8,,,,1,1,0,0,0,0,,,,9,5,4,,,,4,2,2,,,
13/09/2022 06:00,47,27,20,,,,14,11,3,9,3,6,,,,37,22,15,,,,13,7,6,,,
13/09/2022 07:00,66,32,34,,,,25,10,15,14,7,7,,,,69,36,33,,,,43,19,24,,,
13/09/2022 08:00,132,59,73,,,,28,17,11,0,0,0,,,,128,78,50,,,,126,92,34,,,
13/09/2022 09:00,132,61,71,,,,30,19,11,0,0,0,,,,87,45,42,,,,53,20,33,,,
13/09/2022 10:00,137,83,54,,,,21,11,10,0,0,0,,,,84,66,18,,,,33,20,13,,,
13/09/2022 11:00,137,73,64,,,,27,14,13,0,0,0,,,,69,45,24,,,,43,19,24,,,
13/09/2022 12:00,161,81,80,,,,21,8,13,0,0,0,,,,88,57,31,,,,45,22,23,,,
13/09/2022 13:00,173,96,77,,,,37,16,21,0,0,0,,,,142,110,32,,,,57,25,32,,,
13/09/2022 14:00,182,94,88,,,,27,16,11,0,0,0,,,,221,141,80,,,,81,33,48,,,
13/09/2022 15:00,186,106,80,,,,17,6,11,0,0,0,,,,184,96,88,,,,141,52,89,,,
13/09/2022 16:00,190,91,99,,,,24,16,8,0,0,0,,,,165,124,41,,,,81,43,38,,,
13/09/2022 17:00,181,97,84,,,,29,19,10,0,0,0,,,,174,130,44,,,,72,27,45,,,
13/09/2022 18:00,213,107,106,,,,38,23,15,0,0,0,,,,154,98,56,,,,141,69,72,,,
13/09/2022 19:00,230,119,111,,,,54,27,27,0,0,0,,,,130,87,43,,,,120,54,66,,,
13/09/2022 20:00,203,127,76,,,,30,15,15,0,0,0,,,,65,55,10,,,,66,23,43,,,
13/09/2022 21:00,72,28,44,,,,21,12,9,0,0,0,,,,29,29,0,,,,47,30,17,,,
13/09/2022 22:00,27,14,13,,,,5,1,4,0,0,0,,,,55,55,0,,,,20,2,18,,,
13/09/2022 23:00,10,8,2,,,,1,0,1,0,0,0,,,,265,215,50,,,,4,2,2,,,
14/09/2022 00:00,0,0,0,,,,0,0,0,0,0,0,,,,194,136,58,,,,14,10,4,,,
14/09/2022 01:00,2,1,1,,,,0,0,0,0,0,0,,,,116,103,13,,,,1,1,0,,,
14/09/2022 02:00,1,1,0,,,,0,0,0,0,0,0,,,,169,106,63,,,,0,0,0,,,
14/09/2022 03:00,0,0,0,,,,0,0,0,0,0,0,,,,150,129,21,,,,1,1,0,,,
14/09/2022 04:00,0,0,0,,,,0,0,0,0,0,0,,,,139,105,34,,,,0,0,0,,,
14/09/2022 05:00,13,3,10,,,,0,0,0,0,0,0,,,,119,89,30,,,,3,2,1,,,
14/09/2022 06:00,62,31,31,,,,14,14,0,0,0,0,,,,96,71,25,,,,16,9,7,,,
14/09/2022 07:00,73,35,38,,,,14,6,8,0,0,0,,,,334,230,104,,,,43,17,26,,,
14/09/2022 08:00,116,60,56,,,,30,15,15,0,0,0,,,,413,315,98,,,,139,95,44,,,
14/09/2022 09:00,109,57,52,,,,36,13,23,0,0,0,,,,272,204,68,,,,39,14,25,,,
14/09/2022 10:00,117,73,44,,,,12,6,6,0,0,0,,,,327,276,51,,,,27,16,11,,,
14/09/2022 11:00,131,79,52,,,,20,14,6,0,0,0,,,,184,153,31,,,,38,22,16,,,
14/09/2022 12:00,123,58,65,,,,39,18,21,0,0,0,,,,315,256,59,,,,42,17,25,,,
14/09/2022 13:00,116,63,53,,,,42,22,20,0,0,0,,,,590,413,177,,,,90,36,54,,,
14/09/2022 14:00,124,69,55,,,,24,13,11,0,0,0,,,,637,452,185,,,,67,27,40,,,
14/09/2022 15:00,71,41,30,,,,15,10,5,0,0,0,,,,759,606,153,,,,121,31,90,,,
14/09/2022 16:00,87,58,29,,,,30,15,15,0,0,0,,,,843,633,210,,,,90,32,58,,,
14/09/2022 17:00,103,48,55,,,,29,14,15,0,0,0,,,,695,482,213,,,,78,35,43,,,
14/09/2022 18:00,158,85,73,,,,44,26,18,0,0,0,,,,573,401,172,,,,91,50,41,,,
14/09/2022 19:00,195,96,99,,,,42,26,16,0,0,0,,,,270,185,85,,,,78,33,45,,,
14/09/2022 20:00,157,93,64,,,,36,15,21,0,0,0,,,,281,166,115,,,,58,20,38,,,
14/09/2022 21:00,75,44,31,,,,33,18,15,0,0,0,,,,281,210,71,,,,18,7,11,,,
14/09/2022 22:00,32,22,10,,,,6,2,4,0,0,0,,,,126,87,39,,,,21,11,10,,,
14/09/2022 23:00,13,6,7,,,,2,0,2,0,0,0,,,,82,53,29,,,,5,3,2,,,
15/09/2022 00:00,0,0,0,,,,1,1,0,0,0,0,,,,30,13,17,,,,9,7,2,,,
15/09/2022 01:00,0,0,0,,,,0,0,0,0,0,0,,,,0,0,0,,,,3,3,0,,,
15/09/2022 02:00,0,0,0,,,,0,0,0,0,0,0,,,,15,12,3,,,,1,1,0,,,
15/09/2022 03:00,1,0,1,,,,0,0,0,0,0,0,,,,4,3,1,,,,1,1,0,,,
15/09/2022 04:00,0,0,0,,,,1,0,1,0,0,0,,,,5,4,1,,,,0,0,0,,,
15/09/2022 05:00,15,4,11,,,,0,0,0,0,0,0,,,,31,13,18,,,,2,1,1,,,
15/09/2022 06:00,51,24,27,,,,26,16,10,0,0,0,,,,56,35,21,,,,20,11,9,,,
15/09/2022 07:00,70,34,36,,,,25,13,12,0,0,0,,,,353,241,112,,,,45,22,23,,,
15/09/2022 08:00,130,58,72,,,,16,7,9,0,0,0,,,,483,256,227,,,,158,111,47,,,
15/09/2022 09:00,133,77,56,,,,28,19,9,0,0,0,,,,235,133,102,,,,53,21,32,,,
15/09/2022 10:00,115,52,63,,,,33,9,24,0,0,0,,,,214,124,90,,,,32,17,15,,,
15/09/2022 11:00,137,75,62,,,,28,14,14,0,0,0,,,,192,126,66,,,,58,32,26,,,
15/09/2022 12:00,171,83,88,,,,28,12,16,0,0,0,,,,284,189,95,,,,44,19,25,,,
15/09/2022 13:00,137,74,63,,,,30,13,17,0,0,0,,,,238,168,70,,,,64,32,32,,,
15/09/2022 14:00,129,63,66,,,,28,14,14,0,0,0,,,,392,253,139,,,,101,32,69,,,
15/09/2022 15:00,150,77,73,,,,29,14,15,0,0,0,,,,299,133,166,,,,115,21,94,,,
15/09/2022 16:00,148,64,84,,,,30,19,11,0,0,0,,,,403,137,266,,,,69,29,40,,,
15/09/2022 17:00,109,60,49,,,,39,24,15,0,0,0,,,,368,162,206,,,,103,60,43,,,
15/09/2022 18:00,146,73,73,,,,40,26,14,0,0,0,,,,254,128,126,,,,104,63,41,,,
15/09/2022 19:00,139,74,65,,,,30,13,17,0,0,0,,,,198,79,119,,,,92,33,59,,,
15/09/2022 20:00,106,61,45,,,,25,9,16,0,0,0,,,,85,43,42,,,,53,22,31,,,
15/09/2022 21:00,78,36,42,,,,10,4,6,0,0,0,,,,116,32,84,,,,38,17,21,,,
15/09/2022 22:00,28,8,20,,,,13,4,9,0,0,0,,,,171,53,118,,,,11,4,7,,,
15/09/2022 23:00,19,14,5,,,,6,2,4,0,0,0,,,,136,53,83,,,,6,6,0,,,
16/09/2022 00:00,0,0,0,,,,7,3,4,0,0,0,,,,4,1,3,,,,5,4,1,,,
16/09/2022 01:00,0,0,0,,,,0,0,0,0,0,0,,,,9,1,8,,,,8,6,2,,,
16/09/2022 02:00,0,0,0,,,,0,0,0,0,0,0,,,,4,4,0,,,,4,0,4,,,
16/09/2022 03:00,0,0,0,,,,0,0,0,0,0,0,,,,2,1,1,,,,1,1,0,,,
16/09/2022 04:00,1,1,0,,,,0,0,0,0,0,0,,,,1,1,0,,,,0,0,0,,,
16/09/2022 05:00,10,3,7,,,,0,0,0,0,0,0,,,,16,6,10,,,,2,0,2,,,
16/09/2022 06:00,29,13,16,,,,3,2,1,0,0,0,,,,38,15,23,,,,10,4,6,,,
16/09/2022 07:00,78,40,38,,,,11,8,3,0,0,0,,,,181,59,122,,,,33,12,21,,,
16/09/2022 08:00,148,84,64,,,,24,16,8,0,0,0,,,,371,126,245,,,,129,98,31,,,
16/09/2022 09:00,167,78,89,,,,28,15,13,0,0,0,,,,186,64,122,,,,49,16,33,,,
16/09/2022 10:00,158,76,82,,,,27,13,14,0,0,0,,,,185,71,114,,,,35,18,17,,,
16/09/2022 11:00,183,83,100,,,,35,14,21,0,0,0,,,,150,69,81,,,,42,16,26,,,
16/09/2022 12:00,199,105,94,,,,32,20,12,0,0,0,,,,185,79,106,,,,45,19,26,,,
16/09/2022 13:00,174,87,87,,,,31,13,18,0,0,0,,,,279,129,150,,,,129,42,87,,,
16/09/2022 14:00,127,76,51,,,,33,14,19,0,0,0,,,,310,149,161,,,,93,39,54,,,
16/09/2022 15:00,137,89,48,,,,20,12,8,0,0,0,,,,439,146,293,,,,80,42,38,,,
16/09/2022 16:00,155,81,74,,,,46,22,24,0,0,0,,,,514,185,329,,,,84,39,45,,,
16/09/2022 17:00,176,102,74,,,,38,16,22,0,0,0,,,,414,154,260,,,,55,20,35,,,
16/09/2022 18:00,198,111,87,,,,32,19,13,0,0,0,,,,337,115,222,,,,61,29,32,,,
16/09/2022 19:00,154,83,71,,,,41,22,19,0,0,0,,,,205,64,141,,,,69,33,36,,,
16/09/2022 20:00,123,62,61,,,,25,21,4,0,0,0,,,,117,48,69,,,,41,20,21,,,
16/09/2022 21:00,53,35,18,,,,27,18,9,0,0,0,,,,172,72,100,,,,21,12,9,,,
16/09/2022 22:00,22,9,13,,,,16,6,10,0,0,0,,,,230,94,136,,,,22,6,16,,,
16/09/2022 23:00,5,2,3,,,,15,5,10,0,0,0,,,,167,65,102,,,,11,6,5,,,
17/09/2022 00:00,0,0,0,,,,1,0,1,0,0,0,,,,23,13,10,,,,4,2,2,,,
17/09/2022 01:00,2,2,0,,,,1,0,1,0,0,0,,,,9,5,4,,,,7,3,4,,,
17/09/2022 02:00,1,0,1,,,,3,1,2,0,0,0,,,,28,6,22,,,,15,8,7,,,
17/09/2022 03:00,1,1,0,,,,1,0,1,0,0,0,,,,83,15,68,,,,2,1,1,,,
17/09/2022 04:00,0,0,0,,,,0,0,0,0,0,0,,,,73,14,59,,,,4,4,0,,,
17/09/2022 05:00,1,1,0,,,,0,0,0,0,0,0,,,,42,22,20,,,,0,0,0,,,
17/09/2022 06:00,22,7,15,,,,5,2,3,0,0,0,,,,47,27,20,,,,5,2,3,,,
17/09/2022 07:00,70,30,40,,,,17,8,9,0,0,0,,,,84,41,43,,,,6,4,2,,,
17/09/2022 08:00,96,41,55,,,,27,13,14,0,0,0,,,,217,94,123,,,,28,14,14,,,
17/09/2022 09:00,150,72,78,,,,36,19,17,0,0,0,,,,229,105,124,,,,37,20,17,,,
17/09/2022 10:00,250,134,116,,,,54,41,13,0,0,0,,,,335,113,222,,,,53,28,25,,,
17/09/2022 11:00,286,143,143,,,,56,34,22,0,0,0,,,,299,132,167,,,,51,20,31,,,
17/09/2022 12:00,300,161,139,,,,50,30,20,0,0,0,,,,284,98,186,,,,58,27,31,,,
17/09/2022 13:00,250,139,111,,,,53,26,27,0,0,0,,,,252,103,149,,,,70,38,32,,,
17/09/2022 14:00,305,158,147,,,,39,24,15,0,0,0,,,,168,74,94,,,,57,32,25,,,
17/09/2022 15:00,380,202,178,,,,49,21,28,0,0,0,,,,288,152,136,,,,92,55,37,,,
17/09/2022 16:00,380,181,199,,,,55,29,26,0,0,0,,,,288,128,160,,,,82,51,31,,,
17/09/2022 17:00,312,171,141,,,,53,22,31,0,0,0,,,,319,158,161,,,,65,35,30,,,
17/09/2022 18:00,240,117,123,,,,54,23,31,0,0,0,,,,267,108,159,,,,61,31,30,,,
17/09/2022 19:00,207,129,78,,,,53,21,32,0,0,0,,,,253,75,178,,,,82,37,45,,,
17/09/2022 20:00,110,58,52,,,,16,11,5,0,0,0,,,,153,42,111,,,,31,14,17,,,
17/09/2022 21:00,63,34,29,,,,12,4,8,0,0,0,,,,367,118,249,,,,32,16,16,,,
17/09/2022 22:00,21,13,8,,,,17,7,10,0,0,0,,,,282,98,184,,,,9,7,2,,,
17/09/2022 23:00,4,3,1,,,,4,2,2,0,0,0,,,,135,40,95,,,,24,10,14,,,
18/09/2022 00:00,2,1,1,,,,2,1,1,0,0,0,,,,44,19,25,,,,4,3,1,,,
18/09/2022 01:00,3,2,1,,,,0,0,0,0,0,0,,,,135,35,100,,,,17,14,3,,,
18/09/2022 02:00,2,1,1,,,,0,0,0,0,0,0,,,,13,9,4,,,,9,5,4,,,
18/09/2022 03:00,0,0,0,,,,0,0,0,0,0,0,,,,51,16,35,,,,3,1,2,,,
18/09/2022 04:00,1,1,0,,,,0,0,0,0,0,0,,,,11,1,10,,,,7,3,4,,,
18/09/2022 05:00,2,2,0,,,,0,0,0,0,0,0,,,,27,19,8,,,,2,0,2,,,
18/09/2022 06:00,9,2,7,,,,5,2,3,0,0,0,,,,3,2,1,,,,5,2,3,,,
18/09/2022 07:00,47,20,27,,,,11,6,5,0,0,0,,,,87,8,79,,,,11,2,9,,,
18/09/2022 08:00,119,49,70,,,,21,12,9,0,0,0,,,,74,41,33,,,,25,15,10,,,
18/09/2022 09:00,184,86,98,,,,40,30,10,0,0,0,,,,167,76,91,,,,43,22,21,,,
18/09/2022 10:00,397,205,192,,,,70,36,34,0,0,0,,,,292,142,150,,,,41,22,19,,,
18/09/2022 11:00,564,321,243,,,,76,53,23,0,0,0,,,,302,133,169,,,,73,34,39,,,
18/09/2022 12:00,761,399,362,,,,86,52,34,0,0,0,,,,298,142,156,,,,83,32,51,,,
18/09/2022 13:00,750,417,333,,,,90,57,33,0,0,0,,,,313,103,210,,,,69,32,37,,,
18/09/2022 14:00,811,410,401,,,,75,40,35,0,0,0,,,,315,145,170,,,,53,24,29,,,
18/09/2022 15:00,820,440,380,,,,81,44,37,0,0,0,,,,272,119,153,,,,63,28,35,,,
18/09/2022 16:00,684,361,323,,,,79,35,44,0,0,0,,,,369,159,210,,,,63,29,34,,,
18/09/2022 17:00,318,186,132,,,,60,25,35,0,0,0,,,,248,94,154,,,,60,30,30,,,
18/09/2022 18:00,222,125,97,,,,49,24,25,0,0,0,,,,258,97,161,,,,52,19,33,,,
18/09/2022 19:00,154,83,71,,,,33,18,15,0,0,0,,,,344,137,207,,,,49,21,28,,,
18/09/2022 20:00,106,56,50,,,,36,25,11,0,0,0,,,,148,32,116,,,,39,14,25,,,
18/09/2022 21:00,66,36,30,,,,13,8,5,0,0,0,,,,113,25,88,,,,39,16,23,,,
18/09/2022 22:00,19,15,4,,,,6,3,3,0,0,0,,,,148,28,120,,,,5,3,2,,,
18/09/2022 23:00,6,5,1,,,,1,1,0,0,0,0,,,,23,9,14,,,,5,4,1,,,
19/09/2022 00:00,1,0,1,,,,2,1,1,0,0,0,,,,75,24,51,,,,6,6,0,,,
19/09/2022 01:00,0,0,0,,,,0,0,0,0,0,0,,,,4,2,2,,,,1,0,1,,,
19/09/2022 02:00,0,0,0,,,,0,0,0,0,0,0,,,,6,2,4,,,,3,3,0,,,
19/09/2022 03:00,0,0,0,,,,0,0,0,0,0,0,,,,5,1,4,,,,1,1,0,,,
19/09/2022 04:00,2,2,0,,,,2,2,0,0,0,0,,,,23,4,19,,,,0,0,0,,,
19/09/2022 05:00,5,1,4,,,,0,0,0,0,0,0,,,,7,4,3,,,,5,3,2,,,
19/09/2022 06:00,54,29,25,,,,13,11,2,0,0,0,,,,44,21,23,,,,18,8,10,,,
19/09/2022 07:00,75,38,37,,,,17,9,8,0,0,0,,,,210,70,140,,,,43,19,24,,,
19/09/2022 08:00,131,57,74,,,,23,13,10,0,0,0,,,,427,110,317,,,,151,108,43,,,
19/09/2022 09:00,132,66,66,,,,27,14,13,0,0,0,,,,257,101,156,,,,51,22,29,,,
19/09/2022 10:00,116,64,52,,,,26,14,12,0,0,0,,,,215,62,153,,,,39,20,19,,,
19/09/2022 11:00,127,74,53,,,,30,15,15,0,0,0,,,,111,50,61,,,,27,17,10,,,
19/09/2022 12:00,160,74,86,,,,23,13,10,0,0,0,,,,175,63,112,,,,36,15,21,,,
19/09/2022 13:00,192,92,100,,,,35,20,15,0,0,0,,,,206,91,115,,,,61,29,32,,,
19/09/2022 14:00,120,58,62,,,,27,12,15,0,0,0,,,,147,53,94,,,,83,23,60,,,
19/09/2022 15:00,99,60,39,,,,13,4,9,0,0,0,,,,245,92,153,,,,113,28,85,,,
19/09/2022 16:00,115,56,59,,,,24,12,12,0,0,0,,,,485,130,355,,,,86,34,52,,,
19/09/2022 17:00,160,96,64,,,,33,19,14,0,0,0,,,,301,119,182,,,,74,34,40,,,
19/09/2022 18:00,184,91,93,,,,32,17,15,0,0,0,,,,306,136,170,,,,92,45,47,,,
19/09/2022 19:00,229,111,118,,,,32,12,20,0,0,0,,,,277,82,195,,,,77,37,40,,,
19/09/2022 20:00,170,105,65,,,,41,15,26,0,0,0,,,,239,89,150,,,,49,20,29,,,
19/09/2022 21:00,86,46,40,,,,9,1,8,0,0,0,,,,350,92,258,,,,30,20,10,,,
19/09/2022 22:00,41,23,18,,,,6,2,4,0,0,0,,,,226,81,145,,,,12,7,5,,,
19/09/2022 23:00,15,9,6,,,,0,0,0,0,0,0,,,,112,40,72,,,,10,4,6,,,
20/09/2022 00:00,0,0,0,,,,1,0,1,0,0,0,,,,15,6,9,,,,7,6,1,,,
20/09/2022 01:00,3,2,1,,,,0,0,0,0,0,0,,,,9,5,4,,,,1,0,1,,,
20/09/2022 02:00,0,0,0,,,,0,0,0,0,0,0,,,,0,0,0,,,,1,1,0,,,
20/09/2022 03:00,0,0,0,,,,0,0,0,0,0,0,,,,0,0,0,,,,2,0,2,,,
20/09/2022 04:00,1,0,1,,,,1,0,1,0,0,0,,,,106,41,65,,,,1,1,0,,,
20/09/2022 05:00,8,5,3,,,,1,1,0,0,0,0,,,,304,128,176,,,,3,1,2,,,
20/09/2022 06:00,17,7,10,,,,12,8,4,0,0,0,,,,44,23,21,,,,13,6,7,,,
20/09/2022 07:00,2,1,1,,,,19,7,12,0,0,0,,,,178,75,103,,,,35,17,18,,,
20/09/2022 08:00,3,2,1,,,,28,18,10,0,0,0,,,,370,135,235,,,,120,83,37,,,
20/09/2022 09:00,3,2,1,,,,23,15,8,0,0,0,,,,133,54,79,,,,72,27,45,,,
20/09/2022 10:00,9,3,6,,,,20,10,10,0,0,0,,,,133,60,73,,,,59,20,39,,,
20/09/2022 11:00,5,3,2,,,,34,16,18,0,0,0,,,,85,35,50,,,,33,21,12,,,
20/09/2022 12:00,2,2,0,,,,22,8,14,0,0,0,,,,148,56,92,,,,75,51,24,,,
20/09/2022 13:00,108,64,44,,,,55,32,23,0,0,0,,,,227,87,140,,,,67,43,24,,,
20/09/2022 14:00,199,83,116,,,,27,11,16,0,0,0,,,,248,116,132,,,,79,41,38,,,
20/09/2022 15:00,158,75,83,,,,20,9,11,0,0,0,,,,278,102,176,,,,61,30,31,,,
20/09/2022 16:00,140,76,64,,,,39,19,20,0,0,0,,,,299,103,196,,,,103,44,59,,,
20/09/2022 17:00,151,82,69,,,,45,20,25,0,0,0,,,,309,131,178,,,,88,45,43,,,
20/09/2022 18:00,197,111,86,,,,42,27,15,0,0,0,,,,237,112,125,,,,134,74,60,,,
20/09/2022 19:00,225,117,108,,,,52,28,24,0,0,0,,,,197,79,118,,,,109,46,63,,,
20/09/2022 20:00,185,99,86,,,,35,19,16,0,0,0,,,,203,56,147,,,,68,25,43,,,
20/09/2022 21:00,115,61,54,,,,31,11,20,0,0,0,,,,115,45,70,,,,28,11,17,,,
20/09/2022 22:00,38,26,12,,,,9,0,9,0,0,0,,,,84,21,63,,,,19,15,4,,,
20/09/2022 23:00,12,11,1,,,,4,2,2,0,0,0,,,,39,19,20,,,,5,3,2,,,
21/09/2022 00:00,0,0,0,,,,5,0,5,0,0,0,,,,31,5,26,,,,5,4,1,,,
21/09/2022 01:00,3,3,0,,,,2,0,2,0,0,0,,,,5,1,4,,,,3,0,3,,,
21/09/2022 02:00,0,0,0,,,,2,2,0,0,0,0,,,,0,0,0,,,,1,1,0,,,
21/09/2022 03:00,0,0,0,,,,0,0,0,0,0,0,,,,2,1,1,,,,1,1,0,,,
21/09/2022 04:00,0,0,0,,,,0,0,0,0,0,0,,,,3,1,2,,,,0,0,0,,,
21/09/2022 05:00,16,9,7,,,,1,0,1,0,0,0,,,,23,6,17,,,,5,2,3,,,
21/09/2022 06:00,6,3,3,,,,14,9,5,0,0,0,,,,69,35,34,,,,12,7,5,,,
21/09/2022 07:00,0,0,0,,,,21,13,8,0,0,0,,,,233,87,146,,,,50,23,27,,,
21/09/2022 08:00,2,1,1,,,,23,14,9,0,0,0,,,,287,115,172,,,,159,115,44,,,
21/09/2022 09:00,2,2,0,,,,26,9,17,0,0,0,,,,181,77,104,,,,60,23,37,,,
21/09/2022 10:00,4,3,1,,,,22,15,7,0,0,0,,,,181,76,105,,,,36,25,11,,,
21/09/2022 11:00,5,2,3,,,,22,10,12,0,0,0,,,,197,76,121,,,,53,28,25,,,
21/09/2022 12:00,3,0,3,,,,22,13,9,0,0,0,,,,275,87,188,,,,45,24,21,,,
21/09/2022 13:00,4,3,1,,,,38,21,17,0,0,0,,,,386,153,233,,,,85,31,54,,,
21/09/2022 14:00,55,24,31,,,,15,7,8,0,0,0,,,,180,66,114,,,,76,34,42,,,
21/09/2022 15:00,141,74,67,,,,15,9,6,0,0,0,,,,204,88,116,,,,123,36,87,,,
21/09/2022 16:00,139,71,68,,,,29,12,17,0,0,0,,,,295,90,205,,,,121,50,71,,,
21/09/2022 17:00,112,69,43,,,,50,24,26,0,0,0,,,,380,121,259,,,,85,42,43,,,
21/09/2022 18:00,194,100,94,,,,44,25,19,0,0,0,,,,328,129,199,,,,107,61,46,,,
21/09/2022 19:00,252,140,112,,,,34,16,18,0,0,0,,,,278,116,162,,,,124,52,72,,,
21/09/2022 20:00,181,90,91,,,,41,20,21,0,0,0,,,,219,77,142,,,,53,29,24,,,
21/09/2022 21:00,60,29,31,,,,17,6,11,0,0,0,,,,162,56,106,,,,32,14,18,,,
21/09/2022 22:00,36,21,15,,,,5,3,2,0,0,0,,,,104,33,71,,,,19,7,12,,,
21/09/2022 23:00,6,4,2,,,,10,9,1,0,0,0,,,,182,58,124,,,,9,7,2,,,
22/09/2022 00:00,0,0,0,,,,3,1,2,0,0,0,,,,22,10,12,,,,7,6,1,,,
22/09/2022 01:00,1,1,0,,,,0,0,0,0,0,0,,,,26,21,5,,,,0,0,0,,,
22/09/2022 02:00,0,0,0,,,,0,0,0,0,0,0,,,,18,4,14,,,,0,0,0,,,
22/09/2022 03:00,0,0,0,,,,0,0,0,0,0,0,,,,6,2,4,,,,0,0,0,,,
22/09/2022 04:00,2,0,2,,,,2,0,2,0,0,0,,,,11,2,9,,,,1,1,0,,,
22/09/2022 05:00,8,5,3,,,,0,0,0,0,0,0,,,,12,4,8,,,,7,2,5,,,
22/09/2022 06:00,40,18,22,,,,20,11,9,0,0,0,,,,36,20,16,,,,12,6,6,,,
22/09/2022 07:00,31,15,16,,,,7,2,5,0,0,0,,,,69,32,37,,,,29,11,18,,,
22/09/2022 08:00,55,28,27,,,,11,7,4,0,0,0,,,,79,27,52,,,,81,62,19,,,
22/09/2022 09:00,24,13,11,,,,3,1,2,0,0,0,,,,17,8,9,,,,26,11,15,,,
22/09/2022 10:00,27,13,14,,,,8,3,5,0,0,0,,,,16,7,9,,,,15,6,9,,,
22/09/2022 11:00,21,11,10,,,,2,0,2,0,0,0,,,,11,6,5,,,,20,10,10,,,
22/09/2022 12:00,37,15,22,,,,4,1,3,0,0,0,,,,23,5,18,,,,17,7,10,,,
22/09/2022 13:00,65,36,29,,,,22,14,8,0,0,0,,,,39,21,18,,,,26,13,13,,,
22/09/2022 14:00,38,22,16,,,,4,2,2,0,0,0,,,,17,11,6,,,,55,25,30,,,
22/09/2022 15:00,37,17,20,,,,4,1,3,0,0,0,,,,26,8,18,,,,75,15,60,,,
22/09/2022 16:00,95,54,41,,,,16,7,9,0,0,0,,,,71,49,22,,,,57,21,36,,,
22/09/2022 17:00,176,89,87,,,,64,41,23,0,0,0,,,,105,57,48,,,,71,38,33,,,
22/09/2022 18:00,188,98,90,,,,51,26,25,0,0,0,,,,159,93,66,,,,95,54,41,,,
22/09/2022 19:00,237,119,118,,,,59,20,39,0,0,0,,,,106,40,66,,,,67,28,39,,,
22/09/2022 20:00,155,84,71,,,,25,15,10,0,0,0,,,,47,26,21,,,,53,23,30,,,
22/09/2022 21:00,80,40,40,,,,23,13,10,0,0,0,,,,58,27,31,,,,29,13,16,,,
22/09/2022 22:00,20,15,5,,,,4,3,1,0,0,0,,,,50,7,43,,,,13,6,7,,,
22/09/2022 23:00,6,3,3,,,,3,0,3,0,0,0,,,,7,3,4,,,,8,5,3,,,
23/09/2022 00:00,0,0,0,,,,0,0,0,0,0,0,,,,2,2,0,,,,10,8,2,,,
23/09/2022 01:00,1,1,0,,,,1,1,0,0,0,0,,,,3,1,2,,,,0,0,0,,,
23/09/2022 02:00,1,1,0,,,,0,0,0,0,0,0,,,,4,2,2,,,,0,0,0,,,
23/09/2022 03:00,0,0,0,,,,0,0,0,0,0,0,,,,1,0,1,,,,3,3,0,,,
23/09/2022 04:00,0,0,0,,,,0,0,0,0,0,0,,,,0,0,0,,,,0,0,0,,,
23/09/2022 05:00,3,2,1,,,,1,1,0,0,0,0,,,,4,1,3,,,,3,0,3,,,
23/09/2022 06:00,43,20,23,,,,7,4,3,0,0,0,,,,39,22,17,,,,12,6,6,,,
23/09/2022 07:00,57,26,31,,,,17,8,9,0,0,0,,,,67,35,32,,,,50,26,24,,,
23/09/2022 08:00,124,62,62,,,,31,22,9,0,0,0,,,,114,55,59,,,,123,94,29,,,
23/09/2022 09:00,150,74,76,,,,25,13,12,0,0,0,,,,103,46,57,,,,65,26,39,,,
23/09/2022 10:00,214,95,119,,,,27,14,13,0,0,0,,,,103,64,39,,,,34,15,19,,,
23/09/2022 11:00,213,105,108,,,,26,10,16,0,0,0,,,,116,63,53,,,,54,25,29,,,
23/09/2022 12:00,218,113,105,,,,44,28,16,0,0,0,,,,142,67,75,,,,67,27,40,,,
23/09/2022 13:00,240,131,109,,,,31,20,11,0,0,0,,,,303,146,157,,,,144,43,101,,,
23/09/2022 14:00,187,94,93,,,,29,17,12,0,0,0,,,,301,135,166,,,,101,40,61,,,
23/09/2022 15:00,181,99,82,,,,18,9,9,0,0,0,,,,304,122,182,,,,91,41,50,,,
23/09/2022 16:00,108,52,56,,,,32,23,9,0,0,0,,,,145,53,92,,,,45,22,23,,,
23/09/2022 17:00,60,32,28,,,,31,16,15,0,0,0,,,,146,53,93,,,,49,25,24,,,
23/09/2022 18:00,112,55,57,,,,28,14,14,0,0,0,,,,200,69,131,,,,51,24,27,,,
23/09/2022 19:00,118,63,55,,,,29,11,18,0,0,0,,,,136,49,87,,,,43,15,28,,,
23/09/2022 20:00,67,40,27,,,,14,7,7,0,0,0,,,,243,86,157,,,,21,10,11,,,
23/09/2022 21:00,49,27,22,,,,23,12,11,0,0,0,,,,258,126,132,,,,16,10,6,,,
23/09/2022 22:00,37,21,16,,,,4,2,2,0,0,0,,,,223,76,147,,,,14,4,10,,,
23/09/2022 23:00,13,10,3,,,,4,2,2,0,0,0,,,,177,69,108,,,,12,5,7,,,
24/09/2022 00:00,0,0,0,,,,1,0,1,0,0,0,,,,30,15,15,,,,18,12,6,,,
24/09/2022 01:00,1,1,0,,,,4,2,2,0,0,0,,,,66,13,53,,,,6,5,1,,,
24/09/2022 02:00,1,1,0,,,,1,0,1,0,0,0,,,,11,6,5,,,,4,4,0,,,
24/09/2022 03:00,2,1,1,,,,0,0,0,0,0,0,,,,248,192,56,,,,5,3,2,,,
24/09/2022 04:00,3,2,1,,,,0,0,0,0,0,0,,,,5,1,4,,,,3,0,3,,,
24/09/2022 05:00,3,2,1,,,,2,2,0,0,0,0,,,,70,35,35,,,,0,0,0,,,
24/09/2022 06:00,22,7,15,,,,5,3,2,0,0,0,,,,117,89,28,,,,9,4,5,,,
24/09/2022 07:00,56,27,29,,,,10,5,5,0,0,0,,,,50,29,21,,,,9,3,6,,,
24/09/2022 08:00,124,63,61,,,,25,14,11,0,0,0,,,,183,101,82,,,,21,13,8,,,
24/09/2022 09:00,193,90,103,,,,37,17,20,0,0,0,,,,190,82,108,,,,48,28,20,,,
24/09/2022 10:00,246,140,106,,,,47,31,16,0,0,0,,,,300,149,151,,,,53,27,26,,,
24/09/2022 11:00,321,162,159,,,,47,36,11,0,0,0,,,,310,162,148,,,,53,26,27,,,
24/09/2022 12:00,265,135,130,,,,69,40,29,0,0,0,,,,482,258,224,,,,56,19,37,,,
24/09/2022 13:00,357,234,123,,,,67,38,29,0,0,0,,,,496,301,195,,,,42,24,18,,,
24/09/2022 14:00,366,199,167,,,,63,24,39,0,0,0,,,,314,139,175,,,,57,23,34,,,
24/09/2022 15:00,518,304,214,,,,57,31,26,0,0,0,,,,383,158,225,,,,79,40,39,,,
24/09/2022 16:00,514,253,261,,,,49,25,24,0,0,0,,,,393,160,233,,,,82,41,41,,,
24/09/2022 17:00,372,206,166,,,,54,24,30,0,0,0,,,,264,135,129,,,,98,49,49,,,
24/09/2022 18:00,235,111,124,,,,53,15,38,0,0,0,,,,303,120,183,,,,63,35,28,,,
24/09/2022 19:00,139,70,69,,,,25,15,10,0,0,0,,,,382,154,228,,,,49,21,28,,,
24/09/2022 20:00,129,76,53,,,,36,22,14,0,0,0,,,,207,80,127,,,,44,21,23,,,
24/09/2022 21:00,38,25,13,,,,15,5,10,0,0,0,,,,221,90,131,,,,26,11,15,,,
24/09/2022 22:00,32,17,15,,,,12,5,7,0,0,0,,,,218,92,126,,,,20,14,6,,,
24/09/2022 23:00,20,18,2,,,,10,4,6,0,0,0,,,,233,84,149,,,,18,7,11,,,
25/09/2022 00:00,2,1,1,,,,1,0,1,0,0,0,,,,150,44,106,,,,12,7,5,,,
25/09/2022 01:00,3,2,1,,,,1,0,1,0,0,0,,,,15,8,7,,,,8,6,2,,,
25/09/2022 02:00,1,1,0,,,,0,0,0,0,0,0,,,,48,13,35,,,,11,7,4,,,
25/09/2022 03:00,1,1,0,,,,0,0,0,0,0,0,,,,10,4,6,,,,3,1,2,,,
25/09/2022 04:00,0,0,0,,,,0,0,0,0,0,0,,,,16,4,12,,,,2,0,2,,,
25/09/2022 05:00,0,0,0,,,,1,0,1,0,0,0,,,,4,2,2,,,,5,1,4,,,
25/09/2022 06:00,12,3,9,,,,1,0,1,0,0,0,,,,12,8,4,,,,1,1,0,,,
25/09/2022 07:00,30,10,20,,,,6,5,1,0,0,0,,,,32,14,18,,,,3,0,3,,,
25/09/2022 08:00,93,43,50,,,,32,22,10,0,0,0,,,,125,61,64,,,,19,11,8,,,
25/09/2022 09:00,184,101,83,,,,54,29,25,0,0,0,,,,361,184,177,,,,31,16,15,,,
25/09/2022 10:00,274,148,126,,,,50,32,18,0,0,0,,,,374,150,224,,,,51,26,25,,,
25/09/2022 11:00,416,226,190,,,,78,44,34,0,0,0,,,,308,158,150,,,,48,21,27,,,
25/09/2022 12:00,579,331,248,,,,83,48,35,0,0,0,,,,307,138,169,,,,60,38,22,,,
25/09/2022 13:00,482,268,214,,,,75,32,43,0,0,0,,,,232,112,120,,,,37,13,24,,,
25/09/2022 14:00,442,272,170,,,,46,29,17,0,0,0,,,,366,148,218,,,,68,34,34,,,
25/09/2022 15:00,514,290,224,,,,55,28,27,0,0,0,,,,678,443,235,,,,58,31,27,,,
25/09/2022 16:00,433,247,186,,,,46,20,26,0,0,0,,,,386,142,244,,,,41,19,22,,,
25/09/2022 17:00,289,140,149,,,,30,13,17,0,0,0,,,,377,124,253,,,,47,29,18,,,
25/09/2022 18:00,194,102,92,,,,27,13,14,0,0,0,,,,248,101,147,,,,47,23,24,,,
25/09/2022 19:00,160,87,73,,,,27,14,13,0,0,0,,,,211,70,141,,,,46,18,28,,,
25/09/2022 20:00,86,54,32,,,,17,8,9,0,0,0,,,,151,54,97,,,,36,18,18,,,
25/09/2022 21:00,42,30,12,,,,10,4,6,0,0,0,,,,275,99,176,,,,15,6,9,,,
25/09/2022 22:00,15,11,4,,,,5,1,4,0,0,0,,,,154,53,101,,,,4,1,3,,,
25/09/2022 23:00,6,5,1,,,,0,0,0,0,0,0,,,,181,43,138,,,,6,5,1,,,
26/09/2022 00:00,0,0,0,,,,2,2,0,0,0,0,,,,50,19,31,,,,2,1,1,,,
26/09/2022 01:00,0,0,0,,,,1,1,0,0,0,0,,,,1,0,1,,,,0,0,0,,,
26/09/2022 02:00,1,1,0,,,,0,0,0,0,0,0,,,,1,0,1,,,,1,0,1,,,
26/09/2022 03:00,0,0,0,,,,0,0,0,0,0,0,,,,5,1,4,,,,1,1,0,,,
26/09/2022 04:00,0,0,0,,,,0,0,0,0,0,0,,,,4,1,3,,,,0,0,0,,,
26/09/2022 05:00,7,2,5,,,,2,1,1,0,0,0,,,,9,4,5,,,,4,2,2,,,
26/09/2022 06:00,40,16,24,,,,7,4,3,0,0,0,,,,62,26,36,,,,10,5,5,,,
26/09/2022 07:00,61,27,34,,,,10,5,5,0,0,0,,,,220,89,131,,,,32,11,21,,,
26/09/2022 08:00,115,61,54,,,,26,16,10,0,0,0,,,,471,161,310,,,,130,92,38,,,
26/09/2022 09:00,120,64,56,,,,22,13,9,0,0,0,,,,230,79,151,,,,43,17,26,,,
26/09/2022 10:00,114,52,62,,,,16,7,9,0,0,0,,,,192,85,107,,,,27,13,14,,,
26/09/2022 11:00,161,81,80,,,,19,10,9,0,0,0,,,,139,50,89,,,,42,19,23,,,
26/09/2022 12:00,134,72,62,,,,31,19,12,0,0,0,,,,164,70,94,,,,45,23,22,,,
26/09/2022 13:00,134,71,63,,,,23,9,14,0,0,0,,,,271,123,148,,,,71,35,36,,,
26/09/2022 14:00,90,58,32,,,,11,5,6,0,0,0,,,,243,99,144,,,,77,30,47,,,
26/09/2022 15:00,72,38,34,,,,17,8,9,0,0,0,,,,254,75,179,,,,95,17,78,,,
26/09/2022 16:00,82,40,42,,,,17,12,5,0,0,0,,,,276,89,187,,,,72,23,49,,,
26/09/2022 17:00,100,55,45,,,,30,19,11,0,0,0,,,,343,128,215,,,,54,28,26,,,
26/09/2022 18:00,121,64,57,,,,33,18,15,0,0,0,,,,329,166,163,,,,63,37,26,,,
26/09/2022 19:00,150,76,74,,,,27,13,14,0,0,0,,,,272,109,163,,,,63,34,29,,,
26/09/2022 20:00,104,62,42,,,,28,17,11,0,0,0,,,,244,73,171,,,,40,20,20,,,
26/09/2022 21:00,49,30,19,,,,11,6,5,0,0,0,,,,181,68,113,,,,24,11,13,,,
26/09/2022 22:00,22,10,12,,,,7,5,2,0,0,0,,,,245,79,166,,,,3,2,1,,,
26/09/2022 23:00,6,3,3,,,,4,2,2,0,0,0,,,,81,28,53,,,,3,2,1,,,
27/09/2022 00:00,0,0,0,,,,2,1,1,0,0,0,,,,38,18,20,,,,4,3,1,,,
27/09/2022 01:00,0,0,0,,,,0,0,0,0,0,0,,,,24,7,17,,,,1,0,1,,,
27/09/2022 02:00,0,0,0,,,,0,0,0,0,0,0,,,,15,4,11,,,,0,0,0,,,
27/09/2022 03:00,0,0,0,,,,0,0,0,0,0,0,,,,66,2,64,,,,0,0,0,,,
27/09/2022 04:00,0,0,0,,,,0,0,0,0,0,0,,,,17,9,8,,,,1,1,0,,,
27/09/2022 05:00,8,3,5,,,,1,1,0,0,0,0,,,,23,6,17,,,,3,2,1,,,
27/09/2022 06:00,49,27,22,,,,15,11,4,0,0,0,,,,103,48,55,,,,12,4,8,,,
27/09/2022 07:00,79,36,43,,,,25,13,12,0,0,0,,,,282,97,185,,,,36,19,17,,,
27/09/2022 08:00,127,68,59,,,,27,13,14,0,0,0,,,,458,170,288,,,,129,91,38,,,
27/09/2022 09:00,80,46,34,,,,15,12,3,0,0,0,,,,333,144,189,,,,48,17,31,,,
27/09/2022 10:00,108,53,55,9,4,5,24,9,15,0,0,0,,,,191,77,114,,,,65,18,47,,,
27/09/2022 11:00,117,70,47,0,0,0,30,18,12,0,0,0,,,,206,85,121,,,,47,22,25,,,
27/09/2022 12:00,90,46,44,0,0,0,21,8,13,0,0,0,,,,282,103,179,,,,70,36,34,,,
27/09/2022 13:00,93,48,45,0,0,0,32,17,15,0,0,0,,,,259,116,143,,,,55,37,18,,,
27/09/2022 14:00,68,31,37,0,0,0,16,10,6,0,0,0,,,,264,125,139,,,,61,20,41,,,
27/09/2022 15:00,76,40,36,0,0,0,20,12,8,0,0,0,,,,357,124,233,,,,108,29,79,,,
27/09/2022 16:00,91,44,47,0,0,0,18,14,4,0,0,0,,,,590,209,381,,,,89,39,50,,,
27/09/2022 17:00,105,55,50,0,0,0,35,17,18,0,0,0,,,,642,210,432,,,,67,34,33,,,
27/09/2022 18:00,123,75,48,0,0,0,40,22,18,0,0,0,,,,637,208,429,,,,127,62,65,,,
27/09/2022 19:00,131,69,62,0,0,0,39,21,18,0,0,0,,,,508,196,312,,,,65,26,39,,,
27/09/2022 20:00,76,51,25,0,0,0,21,7,14,0,0,0,,,,156,55,101,,,,45,18,27,,,
27/09/2022 21:00,66,41,25,0,0,0,16,7,9,0,0,0,,,,515,164,351,,,,14,2,12,,,
27/09/2022 22:00,13,7,6,0,0,0,3,1,2,0,0,0,,,,408,126,282,,,,8,3,5,,,
27/09/2022 23:00,7,4,3,0,0,0,2,2,0,0,0,0,,,,112,33,79,,,,4,3,1,,,
28/09/2022 00:00,0,0,0,0,0,0,3,1,2,0,0,0,,,,26,5,21,,,,6,5,1,,,
28/09/2022 01:00,3,2,1,0,0,0,1,1,0,0,0,0,,,,5,2,3,,,,0,0,0,,,
28/09/2022 02:00,0,0,0,0,0,0,0,0,0,0,0,0,,,,27,17,10,,,,0,0,0,,,
28/09/2022 03:00,0,0,0,0,0,0,0,0,0,0,0,0,,,,16,6,10,,,,1,1,0,,,
28/09/2022 04:00,0,0,0,0,0,0,0,0,0,0,0,0,,,,7,3,4,,,,0,0,0,,,
28/09/2022 05:00,7,1,6,0,0,0,3,1,2,0,0,0,,,,4,2,2,,,,4,1,3,,,
28/09/2022 06:00,43,19,24,0,0,0,12,9,3,0,0,0,,,,67,21,46,,,,13,8,5,,,
28/09/2022 07:00,87,43,44,0,0,0,13,6,7,0,0,0,,,,332,98,234,,,,36,17,19,,,
28/09/2022 08:00,133,63,70,0,0,0,34,19,15,0,0,0,,,,887,261,626,,,,136,90,46,,,
28/09/2022 09:00,126,59,67,0,0,0,24,12,12,0,0,0,,,,540,155,385,,,,43,17,26,,,
28/09/2022 10:00,113,57,56,0,0,0,33,23,10,0,0,0,,,,279,106,173,,,,32,16,16,,,
28/09/2022 11:00,153,82,71,0,0,0,19,9,10,0,0,0,,,,325,126,199,,,,37,16,21,,,
28/09/2022 12:00,110,56,54,0,0,0,17,11,6,0,0,0,,,,278,100,178,,,,36,14,22,,,
28/09/2022 13:00,95,52,43,0,0,0,27,13,14,0,0,0,,,,437,129,308,,,,64,25,39,,,
28/09/2022 14:00,83,31,52,0,0,0,11,3,8,0,0,0,,,,275,111,164,,,,69,35,34,,,
28/09/2022 15:00,101,49,52,0,0,0,19,10,9,0,0,0,,,,284,101,183,,,,128,29,99,,,
28/09/2022 16:00,134,74,60,0,0,0,28,13,15,0,0,0,,,,424,147,277,,,,73,26,47,,,
28/09/2022 17:00,90,48,42,0,0,0,47,29,18,0,0,0,,,,480,175,305,,,,73,33,40,,,
28/09/2022 18:00,150,77,73,0,0,0,33,12,21,0,0,0,,,,422,152,270,,,,92,45,47,,,
28/09/2022 19:00,176,83,93,0,0,0,40,23,17,0,0,0,,,,341,116,225,,,,74,38,36,,,
28/09/2022 20:00,132,74,58,0,0,0,28,20,8,0,0,0,,,,356,148,208,,,,48,23,25,,,
28/09/2022 21:00,66,33,33,0,0,0,15,7,8,0,0,0,,,,330,138,192,,,,38,17,21,,,
28/09/2022 22:00,17,9,8,0,0,0,11,7,4,0,0,0,,,,200,82,118,,,,14,5,9,,,
28/09/2022 23:00,6,3,3,0,0,0,3,1,2,0,0,0,,,,92,44,48,,,,2,1,1,,,
29/09/2022 00:00,0,0,0,0,0,0,1,1,0,0,0,0,,,,13,4,9,,,,1,1,0,,,
29/09/2022 01:00,1,1,0,0,0,0,0,0,0,0,0,0,,,,6,2,4,,,,4,4,0,,,
29/09/2022 02:00,0,0,0,0,0,0,0,0,0,0,0,0,,,,6,1,5,,,,4,1,3,,,
29/09/2022 03:00,0,0,0,0,0,0,0,0,0,0,0,0,,,,0,0,0,,,,2,1,1,,,
29/09/2022 04:00,1,0,1,0,0,0,0,0,0,0,0,0,,,,4,1,3,,,,0,0,0,,,
29/09/2022 05:00,9,3,6,0,0,0,1,1,0,0,0,0,,,,19,7,12,,,,5,2,3,,,
29/09/2022 06:00,39,17,22,0,0,0,14,11,3,0,0,0,,,,105,37,68,,,,17,10,7,,,
29/09/2022 07:00,72,36,36,0,0,0,15,6,9,0,0,0,,,,276,111,165,,,,37,11,26,,,
29/09/2022 08:00,128,60,68,0,0,0,28,14,14,0,0,0,,,,631,220,411,,,,137,97,40,,,
29/09/2022 09:00,118,55,63,0,0,0,16,9,7,0,0,0,,,,313,118,195,,,,47,15,32,,,
29/09/2022 10:00,119,58,61,0,0,0,26,14,12,0,0,0,,,,242,105,137,,,,28,17,11,,,
29/09/2022 11:00,132,65,67,0,0,0,18,10,8,0,0,0,,,,332,135,197,,,,67,34,33,,,
29/09/2022 12:00,151,74,77,0,0,0,23,11,12,0,0,0,,,,434,191,243,,,,42,17,25,,,
29/09/2022 13:00,157,88,69,0,0,0,42,20,22,0,0,0,,,,530,236,294,,,,57,31,26,,,
29/09/2022 14:00,185,85,100,0,0,0,36,20,16,0,0,0,,,,386,179,207,,,,116,42,74,,,
29/09/2022 15:00,183,91,92,0,0,0,27,14,13,0,0,0,,,,419,162,257,,,,105,35,70,,,
29/09/2022 16:00,163,80,83,0,0,0,41,28,13,0,0,0,,,,608,213,395,,,,79,38,41,,,
29/09/2022 17:00,165,82,83,0,0,0,48,24,24,0,0,0,,,,606,201,405,,,,73,35,38,,,
29/09/2022 18:00,183,102,81,0,0,0,43,29,14,0,0,0,,,,631,218,413,,,,117,61,56,,,
29/09/2022 19:00,163,82,81,0,0,0,46,21,25,0,0,0,,,,358,139,219,,,,93,45,48,,,
29/09/2022 20:00,140,70,70,0,0,0,34,14,20,0,0,0,,,,378,154,224,,,,62,18,44,,,
29/09/2022 21:00,58,36,22,0,0,0,17,8,9,0,0,0,,,,454,151,303,,,,25,14,11,,,
29/09/2022 22:00,21,14,7,0,0,0,19,8,11,0,0,0,,,,300,90,210,,,,23,9,14,,,
29/09/2022 23:00,8,6,2,0,0,0,4,3,1,0,0,0,,,,412,109,303,,,,9,4,5,,,
30/09/2022 00:00,0,0,0,0,0,0,0,0,0,0,0,0,,,,74,19,55,,,,5,4,1,,,
30/09/2022 01:00,3,1,2,0,0,0,0,0,0,0,0,0,,,,205,33,172,,,,2,1,1,,,
30/09/2022 02:00,0,0,0,0,0,0,0,0,0,0,0,0,,,,95,17,78,,,,1,1,0,,,
30/09/2022 03:00,0,0,0,0,0,0,0,0,0,0,0,0,,,,74,19,55,,,,1,1,0,,,
30/09/2022 04:00,0,0,0,0,0,0,0,0,0,0,0,0,,,,42,15,27,,,,3,1,2,,,
30/09/2022 05:00,2,2,0,0,0,0,0,0,0,0,0,0,,,,84,38,46,,,,2,1,1,,,
30/09/2022 06:00,26,11,15,0,0,0,6,4,2,0,0,0,,,,292,150,142,,,,10,5,5,,,
30/09/2022 07:00,29,14,15,0,0,0,6,1,5,0,0,0,,,,286,70,216,,,,24,13,11,,,
30/09/2022 08:00,69,36,33,0,0,0,15,8,7,0,0,0,,,,329,113,216,,,,93,73,20,,,
30/09/2022 09:00,57,30,27,0,0,0,23,13,10,0,0,0,,,,251,88,163,,,,33,14,19,,,
30/09/2022 10:00,29,12,17,0,0,0,11,6,5,0,0,0,,,,161,57,104,,,,16,9,7,,,
30/09/2022 11:00,26,17,9,0,0,0,9,6,3,0,0,0,,,,259,93,166,,,,17,8,9,,,
30/09/2022 12:00,35,13,22,0,0,0,14,5,9,0,0,0,,,,169,56,113,,,,30,10,20,,,
30/09/2022 13:00,87,52,35,0,0,0,18,12,6,0,0,0,,,,174,48,126,,,,67,15,52,,,
30/09/2022 14:00,96,49,47,0,0,0,21,11,10,0,0,0,,,,411,208,203,,,,75,36,39,,,
30/09/2022 15:00,167,77,90,0,0,0,23,17,6,0,0,0,,,,282,127,155,,,,70,28,42,,,
30/09/2022 16:00,180,96,84,0,0,0,23,13,10,0,0,0,,,,484,157,327,,,,84,36,48,,,
30/09/2022 17:00,140,82,58,0,0,0,41,18,23,0,0,0,,,,400,155,245,,,,65,29,36,,,
30/09/2022 18:00,126,71,55,0,0,0,24,11,13,0,0,0,,,,387,144,243,,,,50,19,31,,,
30/09/2022 19:00,123,69,54,0,0,0,39,23,16,0,0,0,,,,309,115,194,,,,51,26,25,,,
30/09/2022 20:00,60,41,19,0,0,0,17,6,11,0,0,0,,,,228,86,142,,,,46,28,18,,,
30/09/2022 21:00,35,17,18,0,0,0,22,17,5,0,0,0,,,,399,126,273,,,,21,9,12,,,
30/09/2022 22:00,22,12,10,0,0,0,6,3,3,0,0,0,,,,386,133,253,,,,15,5,10,,,
30/09/2022 23:00,11,9,2,0,0,0,4,4,0,0,0,0,,,,259,94,165,,,,7,4,3,,,
01/10/2022 00:00,0,0,0,0,0,0,1,0,1,0,0,0,,,,337,139,198,,,,9,3,6,,,
01/10/2022 01:00,2,0,2,0,0,0,0,0,0,0,0,0,,,,183,98,85,,,,13,8,5,,,
01/10/2022 02:00,3,3,0,0,0,0,0,0,0,0,0,0,,,,69,22,47,,,,2,2,0,,,
01/10/2022 03:00,0,0,0,0,0,0,1,1,0,0,0,0,,,,7,3,4,,,,3,3,0,,,
01/10/2022 04:00,1,1,0,0,0,0,0,0,0,0,0,0,,,,126,26,100,,,,3,1,2,,,
01/10/2022 05:00,6,4,2,0,0,0,1,0,1,0,0,0,,,,105,28,77,,,,0,0,0,,,
01/10/2022 06:00,21,6,15,0,0,0,5,3,2,0,0,0,,,,210,65,145,,,,4,2,2,,,
01/10/2022 07:00,62,36,26,0,0,0,21,10,11,0,0,0,,,,210,71,139,,,,13,6,7,,,
01/10/2022 08:00,96,45,51,0,0,0,23,12,11,0,0,0,,,,474,187,287,,,,20,13,7,,,
01/10/2022 09:00,134,66,68,0,0,0,47,27,20,0,0,0,,,,271,131,140,,,,30,15,15,,,
01/10/2022 10:00,226,101,125,0,0,0,64,28,36,0,0,0,,,,290,102,188,,,,45,26,19,,,
01/10/2022 11:00,250,139,111,0,0,0,58,43,15,0,0,0,,,,280,131,149,,,,54,25,29,,,
01/10/2022 12:00,216,110,106,0,0,0,46,28,18,0,0,0,,,,348,168,180,,,,51,19,32,,,
01/10/2022 13:00,247,123,124,0,0,0,35,19,16,0,0,0,,,,284,97,187,,,,49,18,31,,,
01/10/2022 14:00,257,130,127,0,0,0,52,31,21,0,0,0,,,,250,99,151,,,,66,36,30,,,
01/10/2022 15:00,310,142,168,0,0,0,53,29,24,0,0,0,,,,298,109,189,,,,50,23,27,,,
01/10/2022 16:00,330,155,175,0,0,0,52,22,30,0,0,0,,,,318,129,189,,,,60,22,38,,,
01/10/2022 17:00,276,151,125,0,0,0,68,42,26,0,0,0,,,,343,125,218,,,,52,29,23,,,
01/10/2022 18:00,212,103,109,0,0,0,36,20,16,0,0,0,,,,288,95,193,,,,57,28,29,,,
01/10/2022 19:00,141,78,63,0,0,0,33,8,25,0,0,0,,,,256,89,167,,,,66,21,45,,,
01/10/2022 20:00,68,36,32,0,0,0,16,6,10,0,0,0,,,,181,48,133,,,,33,19,14,,,
01/10/2022 21:00,49,25,24,0,0,0,20,10,10,0,0,0,,,,124,52,72,,,,32,18,14,,,
01/10/2022 22:00,34,11,23,0,0,0,7,4,3,0,0,0,,,,211,80,131,,,,14,5,9,,,
01/10/2022 23:00,12,8,4,0,0,0,14,11,3,0,0,0,,,,294,114,180,,,,10,6,4,,,
02/10/2022 00:00,1,1,0,0,0,0,0,0,0,0,0,0,,,,37,16,21,,,,12,11,1,,,
02/10/2022 01:00,4,3,1,0,0,0,1,1,0,0,0,0,,,,26,11,15,,,,9,9,0,,,
02/10/2022 02:00,2,1,1,0,0,0,0,0,0,0,0,0,,,,21,11,10,,,,6,1,5,,,
02/10/2022 03:00,0,0,0,0,0,0,0,0,0,0,0,0,,,,20,7,13,,,,2,1,1,,,
02/10/2022 04:00,0,0,0,0,0,0,0,0,0,0,0,0,,,,40,15,25,,,,5,2,3,,,
02/10/2022 05:00,2,1,1,0,0,0,0,0,0,0,0,0,,,,6,5,1,,,,2,2,0,,,
02/10/2022 06:00,11,3,8,0,0,0,7,2,5,0,0,0,,,,33,9,24,,,,7,4,3,,,
02/10/2022 07:00,44,21,23,0,0,0,8,3,5,0,0,0,,,,89,45,44,,,,5,2,3,,,
02/10/2022 08:00,93,39,54,0,0,0,23,10,13,0,0,0,,,,96,38,58,,,,21,15,6,,,
02/10/2022 09:00,176,76,100,0,0,0,37,20,17,0,0,0,,,,315,169,146,,,,30,16,14,,,
02/10/2022 10:00,335,193,142,0,0,0,47,28,19,0,0,0,,,,400,193,207,,,,51,23,28,,,
02/10/2022 11:00,539,288,251,0,0,0,88,52,36,0,0,0,,,,506,221,285,,,,63,30,33,,,
02/10/2022 12:00,639,323,316,0,0,0,73,41,32,0,0,0,,,,428,185,243,,,,64,33,31,,,
02/10/2022 13:00,593,340,253,0,0,0,87,50,37,0,0,0,,,,331,117,214,,,,74,35,39,,,
02/10/2022 14:00,483,273,210,0,0,0,73,32,41,0,0,0,,,,390,141,249,,,,62,27,35,,,
02/10/2022 15:00,555,326,229,0,0,0,59,24,35,0,0,0,,,,295,117,178,,,,58,25,33,,,
02/10/2022 16:00,438,211,227,0,0,0,55,27,28,0,0,0,,,,459,174,285,,,,60,26,34,,,
02/10/2022 17:00,317,156,161,0,0,0,54,22,32,0,0,0,,,,612,209,403,,,,46,26,20,,,
02/10/2022 18:00,276,172,104,0,0,0,31,16,15,0,0,0,,,,308,103,205,,,,76,38,38,,,
02/10/2022 19:00,146,72,74,0,0,0,27,14,13,0,0,0,,,,290,96,194,,,,33,20,13,,,
02/10/2022 20:00,71,30,41,0,0,0,28,20,8,0,0,0,,,,609,224,385,,,,26,11,15,,,
02/10/2022 21:00,52,20,32,0,0,0,8,4,4,0,0,0,,,,397,115,282,,,,20,11,9,,,
02/10/2022 22:00,23,17,6,0,0,0,9,2,7,0,0,0,,,,303,84,219,,,,19,12,7,,,
02/10/2022 23:00,10,4,6,0,0,0,0,0,0,0,0,0,,,,66,29,37,,,,7,7,0,,,
03/10/2022 00:00,0,0,0,0,0,0,0,0,0,0,0,0,,,,18,10,8,,,,5,3,2,,,
03/10/2022 01:00,1,1,0,0,0,0,0,0,0,0,0,0,,,,8,6,2,,,,0,0,0,,,
03/10/2022 02:00,0,0,0,0,0,0,2,1,1,0,0,0,,,,3,1,2,,,,0,0,0,,,
03/10/2022 03:00,0,0,0,0,0,0,0,0,0,0,0,0,,,,17,4,13,,,,1,1,0,,,
03/10/2022 04:00,0,0,0,0,0,0,0,0,0,0,0,0,,,,58,18,40,,,,0,0,0,,,
03/10/2022 05:00,9,2,7,0,0,0,0,0,0,0,0,0,,,,36,17,19,,,,3,0,3,,,
03/10/2022 06:00,48,22,26,0,0,0,12,8,4,0,0,0,,,,155,43,112,,,,11,7,4,,,
03/10/2022 07:00,63,38,25,0,0,0,7,3,4,0,0,0,,,,307,96,211,,,,38,13,25,,,
03/10/2022 08:00,119,60,59,0,0,0,16,8,8,0,0,0,,,,771,233,538,,,,96,58,38,,,
03/10/2022 09:00,134,57,77,0,0,0,17,11,6,0,0,0,,,,466,179,287,,,,48,16,32,,,
03/10/2022 10:00,104,44,60,0,0,0,25,12,13,0,0,0,,,,332,113,219,,,,24,11,13,,,
03/10/2022 11:00,120,59,61,0,0,0,25,11,14,0,0,0,,,,301,113,188,,,,41,17,24,,,
03/10/2022 12:00,126,69,57,0,0,0,34,22,12,0,0,0,,,,285,120,165,,,,33,20,13,,,
03/10/2022 13:00,136,74,62,0,0,0,44,22,22,0,0,0,,,,349,140,209,,,,62,34,28,,,
03/10/2022 14:00,71,34,37,0,0,0,22,9,13,0,0,0,,,,316,149,167,,,,92,39,53,,,
03/10/2022 15:00,94,45,49,0,0,0,26,12,14,308,125,183,,,,390,155,235,,,,47,18,29,,,
03/10/2022 16:00,110,64,46,0,0,0,24,10,14,0,0,0,,,,406,153,253,,,,71,25,46,,,
03/10/2022 17:00,114,55,59,0,0,0,50,29,21,0,0,0,,,,521,187,334,,,,75,44,31,,,
03/10/2022 18:00,155,74,81,0,0,0,37,23,14,0,0,0,,,,373,166,207,,,,82,45,37,,,
03/10/2022 19:00,153,83,70,0,0,0,53,29,24,0,0,0,,,,270,96,174,,,,73,34,39,,,
03/10/2022 20:00,104,63,41,0,0,0,14,7,7,0,0,0,,,,266,72,194,,,,59,23,36,,,
03/10/2022 21:00,58,35,23,0,0,0,11,6,5,0,0,0,,,,416,101,315,,,,15,6,9,,,
03/10/2022 22:00,23,12,11,0,0,0,4,1,3,0,0,0,,,,604,156,448,,,,9,3,6,,,
03/10/2022 23:00,8,5,3,0,0,0,3,1,2,0,0,0,,,,397,99,298,,,,5,5,0,,,
04/10/2022 00:00,0,0,0,0,0,0,3,0,3,0,0,0,,,,524,148,376,,,,3,3,0,,,
04/10/2022 01:00,2,2,0,0,0,0,0,0,0,0,0,0,,,,106,47,59,,,,1,1,0,,,
04/10/2022 02:00,0,0,0,0,0,0,2,0,2,0,0,0,,,,49,22,27,,,,2,1,1,,,
04/10/2022 03:00,0,0,0,0,0,0,0,0,0,0,0,0,,,,154,85,69,,,,0,0,0,,,
04/10/2022 04:00,0,0,0,0,0,0,0,0,0,0,0,0,,,,29,13,16,,,,2,2,0,,,
04/10/2022 05:00,5,2,3,0,0,0,2,2,0,0,0,0,,,,10,7,3,,,,3,1,2,,,
04/10/2022 06:00,39,21,18,0,0,0,13,8,5,0,0,0,,,,68,26,42,,,,15,7,8,,,
04/10/2022 07:00,54,25,29,0,0,0,10,5,5,0,0,0,,,,201,80,121,,,,35,19,16,,,
04/10/2022 08:00,106,50,56,0,0,0,25,13,12,0,0,0,,,,391,125,266,,,,120,83,37,,,
04/10/2022 09:00,83,37,46,0,0,0,23,12,11,0,0,0,,,,266,84,182,,,,50,26,24,,,
04/10/2022 10:00,105,57,48,0,0,0,32,7,25,0,0,0,,,,204,86,118,,,,62,18,44,,,
04/10/2022 11:00,94,48,46,0,0,0,21,10,11,0,0,0,,,,165,74,91,,,,36,16,20,,,
04/10/2022 12:00,65,34,31,0,0,0,26,8,18,0,0,0,,,,189,75,114,,,,45,28,17,,,
04/10/2022 13:00,123,68,55,0,0,0,24,13,11,0,0,0,,,,397,179,218,,,,45,27,18,,,
04/10/2022 14:00,113,59,54,0,0,0,22,14,8,0,0,0,,,,437,165,272,,,,88,30,58,,,
04/10/2022 15:00,121,71,50,0,0,0,33,18,15,0,0,0,,,,469,154,315,,,,85,18,67,,,
04/10/2022 16:00,77,41,36,0,0,0,21,12,9,0,0,0,,,,449,147,302,,,,72,29,43,,,
04/10/2022 17:00,56,25,31,0,0,0,32,24,8,0,0,0,,,,297,88,209,,,,73,34,39,,,
04/10/2022 18:00,117,55,62,0,0,0,37,16,21,0,0,0,,,,282,111,171,,,,95,55,40,,,
04/10/2022 19:00,101,48,53,0,0,0,35,19,16,0,0,0,,,,255,89,166,,,,55,22,33,,,
04/10/2022 20:00,84,54,30,0,0,0,28,17,11,0,0,0,,,,243,83,160,,,,27,11,16,,,
04/10/2022 21:00,36,25,11,0,0,0,11,5,6,0,0,0,,,,294,85,209,,,,21,13,8,,,
04/10/2022 22:00,23,9,14,0,0,0,5,2,3,0,0,0,,,,391,106,285,,,,15,6,9,,,
04/10/2022 23:00,14,9,5,0,0,0,3,0,3,0,0,0,,,,535,210,325,,,,3,1,2,,,
05/10/2022 00:00,0,0,0,0,0,0,3,0,3,0,0,0,,,,89,31,58,,,,1,1,0,,,
05/10/2022 01:00,0,0,0,0,0,0,0,0,0,0,0,0,,,,78,16,62,,,,3,3,0,,,
05/10/2022 02:00,0,0,0,0,0,0,0,0,0,0,0,0,,,,34,12,22,,,,0,0,0,,,
05/10/2022 03:00,0,0,0,0,0,0,0,0,0,0,0,0,,,,0,0,0,,,,1,1,0,,,
05/10/2022 04:00,0,0,0,0,0,0,2,2,0,0,0,0,,,,2,2,0,,,,0,0,0,,,
05/10/2022 05:00,7,1,6,0,0,0,0,0,0,0,0,0,,,,11,3,8,,,,2,0,2,,,
05/10/2022 06:00,47,23,24,0,0,0,16,10,6,0,0,0,,,,89,32,57,,,,10,3,7,,,
05/10/2022 07:00,42,19,23,0,0,0,7,3,4,0,0,0,,,,225,76,149,,,,41,18,23,,,
05/10/2022 08:00,105,47,58,0,0,0,20,9,11,0,0,0,,,,347,112,235,,,,126,92,34,,,
05/10/2022 09:00,89,43,46,0,0,0,23,12,11,0,0,0,,,,308,131,177,,,,49,12,37,,,
05/10/2022 10:00,71,35,36,0,0,0,23,16,7,0,0,0,,,,240,90,150,,,,28,14,14,,,
05/10/2022 11:00,101,44,57,0,0,0,16,9,7,0,0,0,,,,227,76,151,,,,35,18,17,,,
05/10/2022 12:00,161,76,85,0,0,0,15,5,10,0,0,0,,,,175,56,119,,,,28,14,14,,,
05/10/2022 13:00,164,74,90,0,0,0,29,9,20,0,0,0,,,,559,226,333,,,,59,32,27,,,
05/10/2022 14:00,70,37,33,0,0,0,50,44,6,0,0,0,,,,218,63,155,,,,55,30,25,,,
05/10/2022 15:00,97,51,46,0,0,0,14,5,9,0,0,0,,,,405,141,264,,,,125,36,89,,,
05/10/2022 16:00,102,55,47,0,0,0,24,14,10,0,0,0,,,,641,251,390,,,,67,28,39,,,
05/10/2022 17:00,87,49,38,0,0,0,45,20,25,0,0,0,,,,461,170,291,,,,64,29,35,,,
05/10/2022 18:00,134,69,65,0,0,0,45,22,23,0,0,0,,,,449,182,267,,,,55,37,18,,,
05/10/2022 19:00,132,74,58,0,0,0,55,27,28,0,0,0,,,,393,161,232,,,,55,23,32,,,
05/10/2022 20:00,85,52,33,0,0,0,28,17,11,0,0,0,,,,419,153,266,,,,30,9,21,,,
05/10/2022 21:00,51,28,23,0,0,0,13,8,5,0,0,0,,,,786,309,477,,,,21,9,12,,,
05/10/2022 22:00,21,11,10,0,0,0,8,2,6,0,0,0,,,,563,227,336,,,,11,3,8,,,
05/10/2022 23:00,9,4,5,0,0,0,1,1,0,0,0,0,,,,131,57,74,,,,5,5,0,,,
06/10/2022 00:00,0,0,0,0,0,0,1,1,0,0,0,0,,,,148,69,79,,,,3,3,0,,,
06/10/2022 01:00,0,0,0,0,0,0,0,0,0,0,0,0,,,,16,2,14,,,,3,3,0,,,
06/10/2022 02:00,0,0,0,0,0,0,0,0,0,0,0,0,,,,4,2,2,,,,0,0,0,,,
06/10/2022 03:00,3,1,2,0,0,0,0,0,0,0,0,0,,,,0,0,0,,,,3,3,0,,,
06/10/2022 04:00,0,0,0,0,0,0,0,0,0,0,0,0,,,,2,1,1,,,,1,1,0,,,
06/10/2022 05:00,8,5,3,0,0,0,2,1,1,0,0,0,,,,17,5,12,,,,5,1,4,,,
06/10/2022 06:00,35,15,20,0,0,0,7,4,3,0,0,0,,,,128,56,72,,,,14,8,6,,,
06/10/2022 07:00,55,29,26,0,0,0,14,11,3,0,0,0,,,,352,147,205,,,,39,19,20,,,
06/10/2022 08:00,133,67,66,0,0,0,22,13,9,0,0,0,,,,581,190,391,,,,140,96,44,,,
06/10/2022 09:00,114,56,58,0,0,0,25,15,10,0,0,0,,,,356,137,219,,,,43,25,18,,,
06/10/2022 10:00,108,49,59,0,0,0,22,8,14,0,0,0,,,,252,80,172,,,,32,17,15,,,
06/10/2022 11:00,124,61,63,0,0,0,17,6,11,0,0,0,,,,262,117,145,,,,40,21,19,,,
06/10/2022 12:00,124,67,57,0,0,0,23,11,12,0,0,0,,,,256,104,152,,,,37,13,24,,,
06/10/2022 13:00,159,79,80,0,0,0,48,22,26,0,0,0,,,,410,145,265,,,,56,24,32,,,
06/10/2022 14:00,154,81,73,0,0,0,30,20,10,0,0,0,,,,403,175,228,,,,78,24,54,,,
06/10/2022 15:00,158,75,83,0,0,0,25,11,14,0,0,0,,,,638,201,437,,,,99,24,75,,,
06/10/2022 16:00,156,88,68,0,0,0,40,19,21,0,0,0,,,,640,214,426,,,,80,26,54,,,
06/10/2022 17:00,123,49,74,0,0,0,33,18,15,0,0,0,,,,768,231,537,,,,72,38,34,,,
06/10/2022 18:00,184,102,82,0,0,0,40,26,14,0,0,0,,,,599,201,398,,,,80,41,39,,,
06/10/2022 19:00,158,75,83,0,0,0,35,23,12,0,0,0,,,,576,185,391,,,,70,32,38,,,
06/10/2022 20:00,115,62,53,0,0,0,26,9,17,0,0,0,,,,404,158,246,,,,44,15,29,,,
06/10/2022 21:00,56,25,31,0,0,0,23,16,7,0,0,0,,,,612,176,436,,,,21,8,13,,,
06/10/2022 22:00,22,15,7,0,0,0,8,6,2,0,0,0,,,,325,128,197,,,,12,6,6,,,
06/10/2022 23:00,3,3,0,0,0,0,4,1,3,0,0,0,,,,405,205,200,,,,2,1,1,,,
07/10/2022 00:00,0,0,0,0,0,0,1,1,0,0,0,0,,,,146,59,87,,,,8,5,3,,,
07/10/2022 01:00,0,0,0,0,0,0,0,0,0,0,0,0,,,,114,30,84,,,,2,2,0,,,
07/10/2022 02:00,0,0,0,0,0,0,1,0,1,0,0,0,,,,37,27,10,,,,1,1,0,,,
07/10/2022 03:00,0,0,0,0,0,0,0,0,0,0,0,0,,,,121,72,49,,,,1,1,0,,,
07/10/2022 04:00,0,0,0,0,0,0,0,0,0,0,0,0,,,,282,149,133,,,,2,1,1,,,
07/10/2022 05:00,6,2,4,0,0,0,2,1,1,0,0,0,,,,128,57,71,,,,1,0,1,,,
07/10/2022 06:00,35,17,18,0,0,0,4,2,2,0,0,0,,,,115,52,63,,,,9,3,6,,,
07/10/2022 07:00,37,20,17,0,0,0,11,5,6,0,0,0,,,,221,58,163,,,,20,6,14,,,
07/10/2022 08:00,61,28,33,0,0,0,25,15,10,0,0,0,,,,541,174,367,,,,98,75,23,,,
07/10/2022 09:00,105,42,63,0,0,0,18,13,5,0,0,0,,,,372,140,232,,,,42,16,26,,,
07/10/2022 10:00,111,59,52,0,0,0,29,16,13,0,0,0,,,,326,147,179,,,,30,16,14,,,
07/10/2022 11:00,157,86,71,0,0,0,23,12,11,0,0,0,,,,349,149,200,,,,30,13,17,,,
07/10/2022 12:00,171,86,85,0,0,0,26,12,14,0,0,0,,,,280,121,159,,,,49,27,22,,,
07/10/2022 13:00,183,90,93,0,0,0,34,19,15,0,0,0,,,,549,231,318,,,,133,47,86,,,
07/10/2022 14:00,150,87,63,0,0,0,31,20,11,0,0,0,,,,551,246,305,,,,70,31,39,,,
07/10/2022 15:00,120,60,60,0,0,0,18,12,6,0,0,0,,,,458,158,300,,,,58,24,34,,,
07/10/2022 16:00,141,74,67,0,0,0,31,15,16,0,0,0,,,,681,241,440,,,,58,33,25,,,
07/10/2022 17:00,127,70,57,0,0,0,31,18,13,0,0,0,,,,584,182,402,,,,80,37,43,,,
07/10/2022 18:00,138,69,69,0,0,0,32,16,16,0,0,0,,,,619,201,418,,,,55,20,35,,,
07/10/2022 19:00,136,76,60,0,0,0,15,9,6,0,0,0,,,,745,220,525,,,,42,21,21,,,
07/10/2022 20:00,78,43,35,0,0,0,17,9,8,0,0,0,,,,515,152,363,,,,20,8,12,,,
07/10/2022 21:00,49,22,27,0,0,0,6,5,1,0,0,0,,,,631,253,378,,,,20,10,10,,,
07/10/2022 22:00,22,12,10,0,0,0,6,6,0,0,0,0,,,,387,162,225,,,,21,8,13,,,
07/10/2022 23:00,11,8,3,0,0,0,0,0,0,0,0,0,,,,341,109,232,,,,2,2,0,,,
08/10/2022 00:00,0,0,0,0,0,0,9,4,5,0,0,0,,,,202,75,127,,,,13,7,6,,,
08/10/2022 01:00,2,1,1,0,0,0,4,2,2,0,0,0,,,,134,70,64,,,,20,13,7,,,
08/10/2022 02:00,3,3,0,0,0,0,1,0,1,0,0,0,,,,118,24,94,,,,10,5,5,,,
08/10/2022 03:00,1,1,0,0,0,0,0,0,0,0,0,0,,,,24,5,19,,,,5,1,4,,,
08/10/2022 04:00,0,0,0,0,0,0,0,0,0,24,7,17,,,,7,4,3,,,,4,2,2,,,
08/10/2022 05:00,2,1,1,0,0,0,0,0,0,0,0,0,,,,71,51,20,,,,0,0,0,,,
08/10/2022 06:00,19,10,9,0,0,0,4,2,2,3,2,1,,,,130,36,94,,,,6,4,2,,,
08/10/2022 07:00,43,22,21,0,0,0,12,10,2,0,0,0,,,,249,94,155,,,,5,3,2,,,
08/10/2022 08:00,115,50,65,0,0,0,32,19,13,0,0,0,,,,504,245,259,,,,25,11,14,,,
08/10/2022 09:00,173,79,94,0,0,0,37,17,20,0,0,0,,,,699,284,415,,,,31,17,14,,,
08/10/2022 10:00,286,138,148,0,0,0,44,30,14,0,0,0,,,,503,198,305,,,,66,40,26,,,
08/10/2022 11:00,332,165,167,0,0,0,70,40,30,0,0,0,,,,598,245,353,,,,59,25,34,,,
08/10/2022 12:00,356,185,171,0,0,0,69,35,34,0,0,0,,,,837,333,504,,,,77,44,33,,,
08/10/2022 13:00,343,174,169,0,0,0,70,35,35,0,0,0,,,,663,259,404,,,,78,36,42,,,
08/10/2022 14:00,406,216,190,0,0,0,62,32,30,0,0,0,,,,758,324,434,,,,59,28,31,,,
08/10/2022 15:00,447,207,240,0,0,0,63,34,29,0,0,0,,,,588,288,300,,,,75,39,36,,,
08/10/2022 16:00,373,195,178,0,0,0,65,41,24,0,0,0,,,,685,244,441,,,,74,29,45,,,
08/10/2022 17:00,319,175,144,0,0,0,36,19,17,0,0,0,,,,738,317,421,,,,88,31,57,,,
08/10/2022 18:00,248,103,145,0,0,0,55,20,35,0,0,0,,,,516,144,372,,,,45,19,26,,,
08/10/2022 19:00,153,84,69,0,0,0,37,13,24,0,0,0,,,,557,198,359,,,,54,32,22,,,
08/10/2022 20:00,78,36,42,0,0,0,23,21,2,0,0,0,,,,827,324,503,,,,55,24,31,,,
08/10/2022 21:00,34,23,11,0,0,0,42,35,7,0,0,0,,,,733,296,437,,,,58,31,27,,,
08/10/2022 22:00,15,7,8,0,0,0,8,5,3,0,0,0,,,,671,243,428,,,,52,20,32,,,
08/10/2022 23:00,13,12,1,0,0,0,9,7,2,0,0,0,,,,577,327,250,,,,34,12,22,,,
09/10/2022 00:00,2,0,2,0,0,0,8,3,5,0,0,0,,,,594,308,286,,,,7,4,3,,,
09/10/2022 01:00,2,2,0,0,0,0,2,0,2,0,0,0,,,,196,117,79,,,,4,4,0,,,
09/10/2022 02:00,1,1,0,0,0,0,0,0,0,0,0,0,,,,125,46,79,,,,4,3,1,,,
09/10/2022 03:00,0,0,0,0,0,0,1,1,0,0,0,0,,,,90,37,53,,,,10,7,3,,,
09/10/2022 04:00,0,0,0,0,0,0,0,0,0,0,0,0,,,,51,23,28,,,,8,5,3,,,
09/10/2022 05:00,0,0,0,0,0,0,2,1,1,0,0,0,,,,21,13,8,,,,2,2,0,,,
09/10/2022 06:00,12,5,7,0,0,0,0,0,0,0,0,0,,,,11,8,3,,,,4,2,2,,,
09/10/2022 07:00,35,16,19,0,0,0,12,9,3,0,0,0,,,,115,61,54,,,,6,3,3,,,
09/10/2022 08:00,107,58,49,0,0,0,15,10,5,0,0,0,,,,102,39,63,,,,23,8,15,,,
09/10/2022 09:00,196,93,103,0,0,0,32,12,20,0,0,0,,,,247,110,137,,,,42,25,17,,,
09/10/2022 10:00,255,127,128,0,0,0,40,20,20,0,0,0,,,,397,173,224,,,,36,20,16,,,
09/10/2022 11:00,344,159,185,0,0,0,40,27,13,0,0,0,,,,340,148,192,,,,42,25,17,,,
09/10/2022 12:00,248,128,120,0,0,0,41,21,20,0,0,0,,,,375,152,223,,,,48,25,23,,,
09/10/2022 13:00,146,84,62,0,0,0,25,8,17,0,0,0,,,,225,84,141,,,,44,19,25,,,
09/10/2022 14:00,116,63,53,0,0,0,30,13,17,0,0,0,,,,304,120,184,,,,26,9,17,,,
09/10/2022 15:00,94,47,47,0,0,0,15,10,5,0,0,0,,,,488,125,363,,,,20,11,9,,,
09/10/2022 16:00,92,50,42,0,0,0,18,8,10,0,0,0,,,,295,134,161,,,,29,9,20,,,
09/10/2022 17:00,139,59,80,0,0,0,21,5,16,0,0,0,,,,301,117,184,,,,26,11,15,,,
09/10/2022 18:00,104,54,50,0,0,0,20,8,12,0,0,0,,,,281,96,185,,,,30,15,15,,,
09/10/2022 19:00,29,17,12,0,0,0,16,9,7,0,0,0,,,,157,61,96,,,,24,10,14,,,
09/10/2022 20:00,18,10,8,0,0,0,7,6,1,0,0,0,,,,185,80,105,,,,19,8,11,,,
09/10/2022 21:00,23,8,15,0,0,0,4,3,1,0,0,0,,,,334,167,167,,,,13,6,7,,,
09/10/2022 22:00,20,13,7,0,0,0,2,1,1,0,0,0,,,,479,191,288,,,,11,8,3,,,
09/10/2022 23:00,3,1,2,0,0,0,2,2,0,0,0,0,,,,553,178,375,,,,7,5,2,,,
10/10/2022 00:00,0,0,0,0,0,0,1,1,0,0,0,0,,,,233,106,127,,,,3,2,1,,,
10/10/2022 01:00,1,0,1,0,0,0,0,0,0,0,0,0,,,,199,136,63,,,,0,0,0,,,
10/10/2022 02:00,0,0,0,0,0,0,0,0,0,0,0,0,,,,200,150,50,,,,1,0,1,,,
10/10/2022 03:00,0,0,0,0,0,0,0,0,0,0,0,0,,,,16,5,11,,,,1,1,0,,,
10/10/2022 04:00,0,0,0,0,0,0,0,0,0,0,0,0,,,,62,36,26,,,,1,1,0,,,
10/10/2022 05:00,9,2,7,0,0,0,0,0,0,0,0,0,,,,71,36,35,,,,3,1,2,,,
10/10/2022 06:00,37,19,18,0,0,0,14,10,4,0,0,0,,,,188,93,95,,,,15,6,9,,,
10/10/2022 07:00,80,45,35,0,0,0,17,9,8,0,0,0,,,,655,277,378,,,,35,19,16,,,
10/10/2022 08:00,116,55,61,0,0,0,13,6,7,0,0,0,,,,941,356,585,,,,148,105,43,,,
10/10/2022 09:00,112,47,65,0,0,0,35,22,13,0,0,0,,,,715,263,452,,,,46,26,20,,,
10/10/2022 10:00,164,77,87,0,0,0,37,11,26,0,0,0,,,,600,248,352,,,,45,16,29,,,
10/10/2022 11:00,181,75,106,0,0,0,26,15,11,0,0,0,,,,569,244,325,,,,43,23,20,,,
10/10/2022 12:00,252,133,119,0,0,0,54,26,28,0,0,0,,,,487,209,278,,,,35,15,20,,,
10/10/2022 13:00,210,118,92,0,0,0,30,14,16,0,0,0,,,,578,243,335,,,,65,27,38,,,
10/10/2022 14:00,155,81,74,0,0,0,20,7,13,0,0,0,,,,585,219,366,,,,116,48,68,,,
10/10/2022 15:00,134,75,59,0,0,0,16,5,11,0,0,0,,,,593,238,355,,,,100,22,78,,,
10/10/2022 16:00,155,80,75,0,0,0,36,24,12,0,0,0,,,,1006,336,670,,,,94,44,50,,,
10/10/2022 17:00,148,74,74,0,0,0,48,28,20,0,0,0,,,,1023,378,645,,,,73,34,39,,,
10/10/2022 18:00,221,109,112,0,0,0,50,30,20,0,0,0,,,,703,278,425,,,,86,40,46,,,
10/10/2022 19:00,176,85,91,0,0,0,49,27,22,0,0,0,,,,588,254,334,,,,77,35,42,,,
10/10/2022 20:00,135,80,55,0,0,0,27,13,14,0,0,0,,,,372,168,204,,,,51,25,26,,,
10/10/2022 21:00,56,29,27,0,0,0,18,7,11,0,0,0,,,,640,252,388,,,,33,15,18,,,
10/10/2022 22:00,24,16,8,0,0,0,9,4,5,0,0,0,,,,737,309,428,,,,12,5,7,,,
10/10/2022 23:00,6,3,3,0,0,0,0,0,0,0,0,0,,,,360,149,211,,,,8,5,3,,,
11/10/2022 00:00,0,0,0,0,0,0,4,2,2,0,0,0,,,,277,108,169,,,,4,4,0,,,
11/10/2022 01:00,0,0,0,0,0,0,1,1,0,0,0,0,,,,74,24,50,,,,2,1,1,,,
11/10/2022 02:00,0,0,0,0,0,0,1,0,1,0,0,0,,,,0,0,0,,,,0,0,0,,,
11/10/2022 03:00,1,0,1,0,0,0,0,0,0,0,0,0,,,,4,2,2,,,,0,0,0,,,
11/10/2022 04:00,1,1,0,0,0,0,0,0,0,0,0,0,,,,10,5,5,,,,1,1,0,,,
11/10/2022 05:00,7,2,5,0,0,0,1,1,0,0,0,0,,,,21,11,10,,,,5,2,3,,,
11/10/2022 06:00,42,22,20,0,0,0,7,5,2,0,0,0,,,,208,72,136,,,,10,8,2,,,
11/10/2022 07:00,61,26,35,0,0,0,15,10,5,0,0,0,,,,415,173,242,,,,48,22,26,,,
11/10/2022 08:00,118,56,62,0,0,0,17,8,9,0,0,0,,,,891,314,577,,,,145,107,38,,,
11/10/2022 09:00,104,45,59,0,0,0,18,9,9,0,0,0,,,,554,186,368,,,,60,25,35,,,
11/10/2022 10:00,127,61,66,0,0,0,27,8,19,0,0,0,,,,431,136,295,,,,63,10,53,,,
11/10/2022 11:00,110,59,51,0,0,0,30,17,13,0,0,0,,,,429,157,272,,,,51,20,31,,,
11/10/2022 12:00,186,97,89,0,0,0,47,23,24,0,0,0,,,,350,136,214,,,,74,56,18,,,
11/10/2022 13:00,192,96,96,0,0,0,50,24,26,0,0,0,,,,384,155,229,,,,58,24,34,,,
11/10/2022 14:00,119,61,58,0,0,0,29,21,8,0,0,0,,,,592,212,380,,,,87,30,57,,,
11/10/2022 15:00,101,63,38,0,0,0,25,14,11,0,0,0,,,,471,155,316,,,,110,22,88,,,
11/10/2022 16:00,110,62,48,0,0,0,24,10,14,0,0,0,,,,393,143,250,,,,80,37,43,,,
11/10/2022 17:00,151,87,64,0,0,0,46,31,15,0,0,0,,,,352,121,231,,,,89,46,43,,,
11/10/2022 18:00,177,69,108,0,0,0,41,19,22,0,0,0,,,,320,112,208,,,,95,57,38,,,
11/10/2022 19:00,182,89,93,0,0,0,41,24,17,0,0,0,,,,444,162,282,,,,84,42,42,,,
11/10/2022 20:00,145,87,58,0,0,0,25,14,11,0,0,0,,,,213,55,158,,,,47,20,27,,,
11/10/2022 21:00,82,51,31,0,0,0,8,6,2,0,0,0,,,,283,79,204,,,,15,10,5,,,
11/10/2022 22:00,25,12,13,0,0,0,9,4,5,0,0,0,,,,273,107,166,,,,21,8,13,,,
11/10/2022 23:00,5,2,3,0,0,0,5,2,3,0,0,0,,,,264,107,157,,,,7,3,4,,,
12/10/2022 00:00,0,0,0,0,0,0,0,0,0,0,0,0,,,,36,13,23,,,,9,7,2,,,
12/10/2022 01:00,0,0,0,0,0,0,0,0,0,0,0,0,,,,38,23,15,,,,3,3,0,,,
12/10/2022 02:00,0,0,0,0,0,0,2,2,0,0,0,0,,,,56,1,55,,,,0,0,0,,,
12/10/2022 03:00,0,0,0,0,0,0,0,0,0,0,0,0,,,,9,3,6,,,,2,1,1,,,
12/10/2022 04:00,0,0,0,0,0,0,0,0,0,0,0,0,,,,26,8,18,,,,1,0,1,,,
12/10/2022 05:00,7,0,7,0,0,0,1,1,0,0,0,0,,,,9,4,5,,,,5,3,2,,,
12/10/2022 06:00,40,23,17,0,0,0,9,5,4,0,0,0,,,,73,25,48,,,,15,8,7,,,
12/10/2022 07:00,55,24,31,0,0,0,12,6,6,0,0,0,,,,228,76,152,,,,49,26,23,,,
12/10/2022 08:00,125,61,64,0,0,0,31,17,14,0,0,0,,,,358,122,236,,,,146,104,42,,,
12/10/2022 09:00,98,48,50,0,0,0,28,10,18,0,0,0,,,,259,97,162,,,,55,34,21,,,
12/10/2022 10:00,119,59,60,0,0,0,29,17,12,0,0,0,,,,307,95,212,,,,50,26,24,,,
12/10/2022 11:00,134,64,70,0,0,0,24,9,15,0,0,0,,,,200,94,106,,,,56,20,36,,,
12/10/2022 12:00,128,75,53,0,0,0,27,18,9,0,0,0,,,,361,138,223,,,,75,29,46,,,
12/10/2022 13:00,133,52,81,0,0,0,40,20,20,0,0,0,,,,412,159,253,,,,62,23,39,,,
12/10/2022 14:00,105,55,50,0,0,0,24,13,11,0,0,0,,,,472,202,270,,,,79,27,52,,,
12/10/2022 15:00,140,77,63,0,0,0,10,7,3,0,0,0,,,,436,142,294,,,,141,38,103,,,
12/10/2022 16:00,109,66,43,0,0,0,19,12,7,0,0,0,,,,456,145,311,,,,92,37,55,,,
12/10/2022 17:00,137,76,61,0,0,0,43,24,19,0,0,0,,,,959,400,559,,,,81,41,40,,,
12/10/2022 18:00,155,69,86,0,0,0,44,26,18,0,0,0,,,,561,209,352,,,,64,39,25,,,
12/10/2022 19:00,180,97,83,0,0,0,38,23,15,0,0,0,,,,654,281,373,,,,49,26,23,,,
12/10/2022 20:00,108,66,42,0,0,0,33,18,15,0,0,0,,,,378,133,245,,,,33,15,18,,,
12/10/2022 21:00,59,32,27,0,0,0,18,4,14,0,0,0,,,,381,141,240,,,,33,16,17,,,
12/10/2022 22:00,29,19,10,0,0,0,16,7,9,0,0,0,,,,523,177,346,,,,18,8,10,,,
12/10/2022 23:00,6,4,2,0,0,0,4,2,2,0,0,0,,,,324,155,169,,,,6,4,2,,,
13/10/2022 00:00,0,0,0,0,0,0,3,1,2,0,0,0,,,,106,56,50,,,,9,4,5,,,
13/10/2022 01:00,3,2,1,0,0,0,0,0,0,0,0,0,,,,88,48,40,,,,2,2,0,,,
13/10/2022 02:00,0,0,0,0,0,0,0,0,0,0,0,0,,,,6,2,4,,,,0,0,0,,,
13/10/2022 03:00,1,0,1,0,0,0,0,0,0,0,0,0,,,,57,28,29,,,,0,0,0,,,
13/10/2022 04:00,0,0,0,0,0,0,0,0,0,0,0,0,,,,49,25,24,,,,1,1,0,,,
13/10/2022 05:00,6,1,5,0,0,0,0,0,0,0,0,0,,,,14,9,5,,,,6,3,3,,,
13/10/2022 06:00,43,21,22,0,0,0,6,4,2,0,0,0,,,,154,61,93,,,,18,11,7,,,
13/10/2022 07:00,57,29,28,0,0,0,12,5,7,0,0,0,,,,819,286,533,,,,46,18,28,,,
13/10/2022 08:00,113,60,53,0,0,0,28,13,15,0,0,0,,,,880,298,582,,,,155,109,46,,,
13/10/2022 09:00,92,43,49,0,0,0,23,15,8,0,0,0,,,,462,190,272,,,,51,30,21,,,
13/10/2022 10:00,159,69,90,0,0,0,23,12,11,0,0,0,,,,441,166,275,,,,32,17,15,,,
13/10/2022 11:00,185,81,104,0,0,0,22,13,9,0,0,0,,,,471,158,313,,,,53,34,19,,,
13/10/2022 12:00,177,91,86,0,0,0,40,19,21,0,0,0,,,,364,141,223,,,,57,29,28,,,
13/10/2022 13:00,174,82,92,0,0,0,38,18,20,0,0,0,,,,578,228,350,,,,49,25,24,,,
13/10/2022 14:00,157,88,69,0,0,0,60,33,27,0,0,0,,,,412,177,235,,,,90,38,52,,,
13/10/2022 15:00,150,73,77,0,0,0,23,13,10,0,0,0,,,,455,144,311,,,,128,34,94,,,
13/10/2022 16:00,144,70,74,0,0,0,15,8,7,0,0,0,,,,838,238,600,,,,83,36,47,,,
13/10/2022 17:00,137,73,64,0,0,0,24,14,10,0,0,0,,,,836,291,545,,,,74,40,34,,,
13/10/2022 18:00,160,86,74,0,0,0,39,22,17,0,0,0,,,,584,225,359,,,,117,65,52,,,
13/10/2022 19:00,188,90,98,0,0,0,38,19,19,0,0,0,,,,440,191,249,,,,72,32,40,,,
13/10/2022 20:00,101,53,48,0,0,0,29,11,18,0,0,0,,,,528,221,307,,,,60,24,36,,,
13/10/2022 21:00,77,48,29,0,0,0,11,5,6,0,0,0,,,,463,202,261,,,,19,6,13,,,
13/10/2022 22:00,34,17,17,0,0,0,8,3,5,0,0,0,,,,557,240,317,,,,21,13,8,,,
13/10/2022 23:00,14,10,4,0,0,0,5,2,3,0,0,0,,,,225,67,158,,,,4,0,4,,,
14/10/2022 00:00,0,0,0,0,0,0,0,0,0,0,0,0,,,,165,59,106,,,,4,3,1,,,
14/10/2022 01:00,0,0,0,0,0,0,0,0,0,0,0,0,,,,13,7,6,,,,4,3,1,,,
14/10/2022 02:00,0,0,0,0,0,0,0,0,0,0,0,0,,,,58,28,30,,,,0,0,0,,,
14/10/2022 03:00,0,0,0,0,0,0,0,0,0,0,0,0,,,,48,14,34,,,,2,2,0,,,
14/10/2022 04:00,1,0,1,0,0,0,0,0,0,0,0,0,,,,50,21,29,,,,0,0,0,,,
14/10/2022 05:00,7,3,4,0,0,0,1,1,0,0,0,0,,,,22,13,9,,,,2,1,1,,,
14/10/2022 06:00,42,22,20,0,0,0,11,6,5,0,0,0,,,,333,131,202,,,,16,8,8,,,
14/10/2022 07:00,57,28,29,0,0,0,13,6,7,0,0,0,,,,673,223,450,,,,40,17,23,,,
14/10/2022 08:00,108,45,63,0,0,0,16,8,8,0,0,0,,,,1014,368,646,,,,127,93,34,,,
14/10/2022 09:00,153,69,84,0,0,0,27,12,15,0,0,0,,,,488,175,313,,,,67,19,48,,,
14/10/2022 10:00,150,82,68,0,0,0,20,10,10,0,0,0,,,,521,211,310,,,,28,15,13,,,
14/10/2022 11:00,159,74,85,0,0,0,21,13,8,0,0,0,,,,442,180,262,,,,37,13,24,,,
14/10/2022 12:00,171,86,85,0,0,0,31,15,16,0,0,0,,,,458,193,265,,,,64,31,33,,,
14/10/2022 13:00,91,48,43,0,0,0,24,13,11,0,0,0,,,,661,236,425,,,,105,34,71,,,
14/10/2022 14:00,144,73,71,0,0,0,26,14,12,0,0,0,,,,702,293,409,,,,64,20,44,,,
14/10/2022 15:00,186,101,85,0,0,0,30,14,16,0,0,0,,,,639,249,390,,,,65,26,39,,,
14/10/2022 16:00,167,78,89,0,0,0,40,28,12,0,0,0,,,,1168,446,722,,,,76,46,30,,,
14/10/2022 17:00,195,98,97,0,0,0,41,17,24,0,0,0,,,,612,236,376,,,,74,30,44,,,
14/10/2022 18:00,234,116,118,0,0,0,58,22,36,0,0,0,,,,704,232,472,,,,77,39,38,,,
14/10/2022 19:00,146,71,75,0,0,0,40,24,16,0,0,0,,,,661,225,436,,,,58,29,29,,,
14/10/2022 20:00,75,42,33,0,0,0,19,11,8,0,0,0,,,,358,139,219,,,,33,15,18,,,
14/10/2022 21:00,59,32,27,0,0,0,13,6,7,0,0,0,,,,687,317,370,,,,21,15,6,,,
14/10/2022 22:00,24,16,8,0,0,0,8,1,7,0,0,0,,,,459,182,277,,,,20,9,11,,,
14/10/2022 23:00,15,9,6,0,0,0,5,2,3,0,0,0,,,,399,190,209,,,,6,2,4,,,
15/10/2022 00:00,1,0,1,0,0,0,3,1,2,0,0,0,,,,142,48,94,,,,5,3,2,,,
15/10/2022 01:00,3,2,1,0,0,0,5,2,3,0,0,0,,,,96,61,35,,,,7,5,2,,,
15/10/2022 02:00,4,4,0,0,0,0,2,0,2,0,0,0,,,,75,25,50,,,,5,3,2,,,
15/10/2022 03:00,3,2,1,0,0,0,0,0,0,0,0,0,,,,9,4,5,,,,3,0,3,,,
15/10/2022 04:00,0,0,0,0,0,0,1,1,0,0,0,0,,,,16,7,9,,,,0,0,0,,,
15/10/2022 05:00,2,0,2,0,0,0,1,1,0,0,0,0,,,,15,7,8,,,,0,0,0,,,
15/10/2022 06:00,17,5,12,0,0,0,1,0,1,0,0,0,,,,18,6,12,,,,3,2,1,,,
15/10/2022 07:00,48,25,23,0,0,0,16,9,7,0,0,0,,,,119,55,64,,,,8,5,3,,,
15/10/2022 08:00,123,57,66,0,0,0,25,14,11,0,0,0,,,,419,233,186,,,,34,18,16,,,
15/10/2022 09:00,174,78,96,0,0,0,43,27,16,0,0,0,,,,600,250,350,,,,39,17,22,,,
15/10/2022 10:00,233,130,103,0,0,0,59,29,30,0,0,0,,,,691,242,449,,,,31,17,14,,,
15/10/2022 11:00,264,125,139,0,0,0,60,36,24,0,0,0,,,,644,280,364,,,,65,43,22,,,
15/10/2022 12:00,295,135,160,0,0,0,50,29,21,0,0,0,,,,572,233,339,,,,67,36,31,,,
15/10/2022 13:00,268,154,114,0,0,0,54,25,29,0,0,0,,,,400,171,229,,,,34,19,15,,,
15/10/2022 14:00,182,90,92,0,0,0,29,22,7,0,0,0,,,,280,95,185,,,,60,23,37,,,
15/10/2022 15:00,269,142,127,0,0,0,66,37,29,0,0,0,,,,591,223,368,,,,61,37,24,,,
15/10/2022 16:00,257,133,124,0,0,0,41,19,22,0,0,0,,,,496,212,284,,,,57,28,29,,,
15/10/2022 17:00,203,92,111,0,0,0,42,25,17,0,0,0,,,,493,197,296,,,,38,21,17,,,
15/10/2022 18:00,150,80,70,0,0,0,53,26,27,0,0,0,,,,736,256,480,,,,57,20,37,,,
15/10/2022 19:00,80,39,41,0,0,0,26,17,9,0,0,0,,,,493,187,306,,,,28,12,16,,,
15/10/2022 20:00,58,39,19,0,0,0,32,21,11,0,0,0,,,,458,153,305,,,,39,22,17,,,
15/10/2022 21:00,26,14,12,0,0,0,18,8,10,0,0,0,,,,265,107,158,,,,16,6,10,,,
15/10/2022 22:00,17,8,9,0,0,0,10,6,4,0,0,0,,,,459,191,268,,,,14,6,8,,,
15/10/2022 23:00,16,4,12,0,0,0,6,5,1,0,0,0,,,,394,187,207,,,,3,0,3,,,
16/10/2022 00:00,0,0,0,0,0,0,0,0,0,0,0,0,,,,307,111,196,,,,5,4,1,,,
16/10/2022 01:00,4,1,3,0,0,0,1,0,1,0,0,0,,,,194,73,121,,,,6,5,1,,,
16/10/2022 02:00,1,1,0,0,0,0,1,0,1,0,0,0,,,,158,59,99,,,,9,5,4,,,
16/10/2022 03:00,0,0,0,0,0,0,0,0,0,0,0,0,,,,45,18,27,,,,2,0,2,,,
16/10/2022 04:00,0,0,0,0,0,0,0,0,0,0,0,0,,,,31,14,17,,,,7,4,3,,,
16/10/2022 05:00,1,1,0,0,0,0,1,0,1,0,0,0,,,,15,2,13,,,,0,0,0,,,
16/10/2022 06:00,6,1,5,0,0,0,9,3,6,0,0,0,,,,22,10,12,,,,3,2,1,,,
16/10/2022 07:00,32,16,16,0,0,0,7,4,3,0,0,0,,,,364,130,234,,,,8,5,3,,,
16/10/2022 08:00,96,45,51,0,0,0,24,18,6,0,0,0,,,,541,173,368,,,,16,12,4,,,
16/10/2022 09:00,175,87,88,0,0,0,41,21,20,0,0,0,,,,421,177,244,,,,49,31,18,,,
16/10/2022 10:00,332,173,159,0,0,0,48,29,19,0,0,0,,,,1031,400,631,,,,47,33,14,,,
16/10/2022 11:00,517,264,253,0,0,0,62,34,28,0,0,0,,,,586,233,353,,,,78,32,46,,,
16/10/2022 12:00,533,271,262,0,0,0,69,31,38,0,0,0,,,,517,190,327,,,,52,23,29,,,
16/10/2022 13:00,522,270,252,0,0,0,56,28,28,0,0,0,,,,786,264,522,,,,69,36,33,,,
16/10/2022 14:00,372,192,180,0,0,0,64,28,36,0,0,0,,,,686,283,403,,,,50,23,27,,,
16/10/2022 15:00,228,90,138,0,0,0,30,17,13,0,0,0,,,,519,168,351,,,,41,16,25,,,
16/10/2022 16:00,210,104,106,0,0,0,32,18,14,0,0,0,,,,492,202,290,,,,51,30,21,,,
16/10/2022 17:00,45,27,18,0,0,0,13,5,8,0,0,0,,,,360,109,251,,,,23,10,13,,,
16/10/2022 18:00,47,19,28,0,0,0,8,2,6,0,0,0,,,,384,150,234,,,,26,15,11,,,
16/10/2022 19:00,32,21,11,0,0,0,13,4,9,0,0,0,,,,277,85,192,,,,15,7,8,,,
16/10/2022 20:00,35,12,23,0,0,0,10,2,8,0,0,0,,,,233,81,152,,,,22,9,13,,,
16/10/2022 21:00,9,5,4,0,0,0,1,1,0,0,0,0,,,,278,103,175,,,,8,5,3,,,
16/10/2022 22:00,0,0,0,0,0,0,7,7,0,0,0,0,,,,146,62,84,,,,3,2,1,,,
16/10/2022 23:00,5,3,2,0,0,0,2,1,1,0,0,0,,,,144,51,93,,,,4,2,2,,,
17/10/2022 00:00,0,0,0,,,,3,0,3,0,0,0,,,,10,3,7,,,,14,13,1,,,
17/10/2022 01:00,0,0,0,,,,0,0,0,0,0,0,,,,98,24,74,,,,0,0,0,,,
17/10/2022 02:00,0,0,0,,,,0,0,0,0,0,0,,,,256,118,138,,,,2,0,2,,,
17/10/2022 03:00,0,0,0,,,,0,0,0,0,0,0,,,,8,5,3,,,,3,1,2,,,
17/10/2022 04:00,0,0,0,,,,0,0,0,0,0,0,,,,26,6,20,,,,0,0,0,,,
17/10/2022 05:00,6,1,5,,,,0,0,0,0,0,0,,,,25,15,10,,,,3,0,3,,,
17/10/2022 06:00,26,13,13,,,,15,8,7,0,0,0,,,,107,48,59,,,,17,9,8,,,
17/10/2022 07:00,48,26,22,,,,10,5,5,0,0,0,,,,234,86,148,,,,37,17,20,,,
17/10/2022 08:00,81,35,46,,,,20,9,11,0,0,0,,,,715,272,443,,,,113,88,25,,,
17/10/2022 09:00,82,40,42,,,,25,13,12,0,0,0,,,,250,98,152,,,,38,16,22,,,
17/10/2022 10:00,111,51,60,,,,19,5,14,0,0,0,,,,239,94,145,,,,22,15,7,,,
17/10/2022 11:00,112,51,61,,,,19,11,8,0,0,0,,,,214,87,127,,,,28,15,13,,,
17/10/2022 12:00,117,51,66,,,,26,12,14,0,0,0,,,,169,68,101,,,,58,37,21,,,
17/10/2022 13:00,182,91,91,,,,37,17,20,0,0,0,,,,308,141,167,,,,54,21,33,,,
17/10/2022 14:00,171,78,93,19,9,10,26,14,12,0,0,0,,,,347,122,225,,,,80,28,52,,,
17/10/2022 15:00,164,77,87,35,22,13,16,6,10,0,0,0,,,,437,171,266,,,,83,29,54,,,
17/10/2022 16:00,171,84,87,44,29,15,33,16,17,0,0,0,,,,863,316,547,,,,80,38,42,,,
17/10/2022 17:00,194,100,94,33,20,13,42,22,20,0,0,0,,,,642,240,402,,,,61,27,34,,,
17/10/2022 18:00,223,115,108,60,25,35,48,27,21,0,0,0,,,,668,200,468,,,,61,35,26,,,
17/10/2022 19:00,199,94,105,65,31,34,47,19,28,0,0,0,,,,372,161,211,,,,63,30,33,,,
17/10/2022 20:00,124,69,55,46,20,26,28,13,15,0,0,0,,,,322,105,217,,,,48,23,25,,,
17/10/2022 21:00,73,40,33,25,16,9,18,13,5,0,0,0,,,,376,137,239,,,,29,4,25,,,
17/10/2022 22:00,31,17,14,10,4,6,6,1,5,0,0,0,,,,592,192,400,,,,13,7,6,,,
17/10/2022 23:00,3,2,1,4,4,0,0,0,0,0,0,0,,,,313,106,207,,,,5,3,2,,,
18/10/2022 00:00,0,0,0,1,0,1,0,0,0,0,0,0,,,,199,62,137,,,,2,1,1,,,
18/10/2022 01:00,0,0,0,0,0,0,0,0,0,0,0,0,,,,115,69,46,,,,2,2,0,,,
18/10/2022 02:00,0,0,0,0,0,0,0,0,0,0,0,0,,,,30,17,13,,,,0,0,0,,,
18/10/2022 03:00,0,0,0,1,1,0,0,0,0,0,0,0,,,,4,3,1,,,,0,0,0,,,
18/10/2022 04:00,0,0,0,0,0,0,0,0,0,0,0,0,,,,13,5,8,,,,2,2,0,,,
18/10/2022 05:00,7,1,6,0,0,0,1,1,0,0,0,0,,,,6,5,1,,,,5,3,2,,,
18/10/2022 06:00,47,22,25,6,3,3,13,10,3,0,0,0,,,,97,37,60,,,,14,9,5,,,
18/10/2022 07:00,75,38,37,31,8,23,22,8,14,0,0,0,,,,358,140,218,,,,40,16,24,,,
18/10/2022 08:00,111,55,56,36,13,23,23,11,12,0,0,0,,,,815,257,558,,,,134,89,45,,,
18/10/2022 09:00,132,58,74,28,16,12,28,19,9,0,0,0,,,,393,132,261,,,,52,27,25,,,
18/10/2022 10:00,153,73,80,24,12,12,18,5,13,0,0,0,,,,368,135,233,,,,61,20,41,,,
18/10/2022 11:00,145,64,81,49,23,26,19,7,12,0,0,0,,,,279,136,143,,,,44,22,22,,,
18/10/2022 12:00,177,94,83,45,26,19,32,14,18,0,0,0,,,,322,123,199,,,,74,55,19,,,
18/10/2022 13:00,285,153,132,49,22,27,58,29,29,0,0,0,,,,401,162,239,,,,58,31,27,,,
18/10/2022 14:00,177,87,90,29,10,19,34,16,18,0,0,0,,,,396,159,237,,,,88,37,51,,,
18/10/2022 15:00,167,96,71,31,17,14,19,9,10,0,0,0,,,,565,197,368,,,,100,34,66,,,
18/10/2022 16:00,126,72,54,40,19,21,14,9,5,0,0,0,,,,717,273,444,,,,75,33,42,,,
18/10/2022 17:00,157,74,83,50,27,23,35,19,16,0,0,0,,,,821,298,523,,,,98,54,44,,,
18/10/2022 18:00,140,77,63,51,23,28,56,25,31,0,0,0,,,,506,192,314,,,,88,45,43,,,
18/10/2022 19:00,138,78,60,58,23,35,42,24,18,0,0,0,,,,546,178,368,,,,74,28,46,,,
18/10/2022 20:00,112,58,54,16,8,8,27,15,12,0,0,0,,,,597,213,384,,,,58,24,34,,,
18/10/2022 21:00,59,24,35,22,11,11,13,6,7,0,0,0,,,,437,148,289,,,,22,12,10,,,
18/10/2022 22:00,24,11,13,9,4,5,5,1,4,0,0,0,,,,487,237,250,,,,11,3,8,,,
18/10/2022 23:00,3,1,2,4,2,2,1,0,1,0,0,0,,,,316,152,164,,,,9,5,4,,,
19/10/2022 00:00,0,0,0,0,0,0,1,0,1,0,0,0,,,,123,80,43,,,,4,4,0,,,
19/10/2022 01:00,0,0,0,0,0,0,0,0,0,0,0,0,,,,132,103,29,,,,1,1,0,,,
19/10/2022 02:00,0,0,0,0,0,0,0,0,0,0,0,0,,,,71,62,9,,,,0,0,0,,,
19/10/2022 03:00,0,0,0,0,0,0,0,0,0,0,0,0,,,,126,103,23,,,,1,1,0,,,
19/10/2022 04:00,0,0,0,0,0,0,0,0,0,0,0,0,,,,33,25,8,,,,0,0,0,,,
19/10/2022 05:00,1,1,0,1,0,1,0,0,0,0,0,0,,,,0,0,0,,,,2,0,2,,,
19/10/2022 06:00,8,3,5,10,6,4,9,4,5,0,0,0,,,,28,10,18,,,,6,2,4,,,
19/10/2022 07:00,12,7,5,16,7,9,2,2,0,0,0,0,,,,40,21,19,,,,17,7,10,,,
19/10/2022 08:00,23,11,12,20,5,15,17,9,8,0,0,0,,,,115,53,62,,,,48,35,13,,,
19/10/2022 09:00,32,18,14,5,5,0,9,3,6,0,0,0,,,,85,29,56,,,,27,11,16,,,
19/10/2022 10:00,20,11,9,7,4,3,3,1,2,0,0,0,,,,133,108,25,,,,12,5,7,,,
19/10/2022 11:00,18,4,14,96,90,6,20,17,3,0,0,0,,,,35,19,16,,,,11,8,3,,,
19/10/2022 12:00,20,7,13,11,5,6,9,5,4,0,0,0,,,,31,14,17,,,,16,7,9,,,
19/10/2022 13:00,16,11,5,8,4,4,4,2,2,0,0,0,,,,58,17,41,,,,7,3,4,,,
19/10/2022 14:00,9,4,5,6,4,2,6,3,3,0,0,0,,,,131,59,72,,,,35,14,21,,,
19/10/2022 15:00,7,4,3,6,3,3,1,1,0,0,0,0,,,,190,79,111,,,,42,10,32,,,
19/10/2022 16:00,27,13,14,16,11,5,10,7,3,0,0,0,,,,189,57,132,,,,26,15,11,,,
19/10/2022 17:00,78,44,34,28,17,11,35,19,16,0,0,0,,,,344,129,215,,,,42,18,24,,,
19/10/2022 18:00,100,40,60,38,21,17,25,9,16,0,0,0,,,,318,117,201,,,,35,13,22,,,
19/10/2022 19:00,83,46,37,28,12,16,34,15,19,0,0,0,,,,242,111,131,,,,30,13,17,,,
19/10/2022 20:00,67,33,34,17,12,5,12,7,5,0,0,0,,,,330,126,204,,,,28,10,18,,,
19/10/2022 21:00,33,18,15,8,3,5,7,3,4,0,0,0,,,,287,109,178,,,,10,5,5,,,
19/10/2022 22:00,11,7,4,2,0,2,2,0,2,0,0,0,,,,24,18,6,,,,8,4,4,,,
19/10/2022 23:00,5,3,2,7,7,0,3,3,0,0,0,0,,,,37,20,17,,,,4,2,2,,,
20/10/2022 00:00,0,0,0,0,0,0,0,0,0,0,0,0,,,,12,8,4,,,,8,6,2,,,
20/10/2022 01:00,2,1,1,1,0,1,1,0,1,0,0,0,,,,6,3,3,,,,1,1,0,,,
20/10/2022 02:00,0,0,0,0,0,0,0,0,0,0,0,0,,,,5,4,1,,,,0,0,0,,,
20/10/2022 03:00,1,0,1,0,0,0,0,0,0,0,0,0,,,,29,17,12,,,,0,0,0,,,
20/10/2022 04:00,0,0,0,1,0,1,0,0,0,0,0,0,,,,15,10,5,,,,2,2,0,,,
20/10/2022 05:00,2,0,2,2,0,2,2,1,1,0,0,0,,,,7,3,4,,,,4,2,2,,,
20/10/2022 06:00,40,20,20,7,3,4,6,5,1,0,0,0,,,,38,22,16,,,,15,8,7,,,
20/10/2022 07:00,52,24,28,33,14,19,17,7,10,0,0,0,,,,184,80,104,,,,34,17,17,,,
20/10/2022 08:00,97,46,51,36,16,20,22,12,10,0,0,0,,,,224,94,130,,,,118,85,33,,,
20/10/2022 09:00,131,69,62,33,16,17,38,23,15,0,0,0,,,,144,38,106,,,,44,27,17,,,
20/10/2022 10:00,141,70,71,29,12,17,23,10,13,0,0,0,,,,116,61,55,,,,31,17,14,,,
20/10/2022 11:00,147,63,84,29,14,15,30,20,10,0,0,0,,,,135,71,64,,,,37,19,18,,,
20/10/2022 12:00,183,82,101,40,19,21,39,16,23,0,0,0,,,,150,59,91,,,,38,20,18,,,
20/10/2022 13:00,172,84,88,45,26,19,29,10,19,0,0,0,,,,228,105,123,,,,46,18,28,,,
20/10/2022 14:00,119,48,71,21,14,7,8,4,4,0,0,0,,,,186,76,110,,,,57,26,31,,,
20/10/2022 15:00,102,42,60,25,14,11,13,7,6,0,0,0,,,,224,82,142,,,,75,14,61,,,
20/10/2022 16:00,104,58,46,40,22,18,38,21,17,0,0,0,,,,302,158,144,,,,79,32,47,,,
20/10/2022 17:00,189,90,99,42,19,23,40,27,13,0,0,0,,,,249,82,167,,,,75,35,40,,,
20/10/2022 18:00,181,90,91,44,19,25,51,32,19,0,0,0,,,,246,114,132,,,,84,50,34,,,
20/10/2022 19:00,162,81,81,36,21,15,31,15,16,0,0,0,,,,160,58,102,,,,59,24,35,,,
20/10/2022 20:00,119,58,61,41,31,10,31,16,15,0,0,0,,,,180,66,114,,,,44,11,33,,,
20/10/2022 21:00,65,30,35,14,5,9,8,1,7,0,0,0,,,,196,65,131,,,,22,13,9,,,
20/10/2022 22:00,25,16,9,14,5,9,12,3,9,0,0,0,,,,175,48,127,,,,16,9,7,,,
20/10/2022 23:00,5,4,1,5,3,2,3,3,0,0,0,0,,,,103,43,60,,,,6,3,3,,,
21/10/2022 00:00,0,0,0,2,1,1,6,1,5,0,0,0,,,,47,12,35,,,,6,5,1,,,
21/10/2022 01:00,0,0,0,0,0,0,0,0,0,0,0,0,,,,36,12,24,,,,3,3,0,,,
21/10/2022 02:00,0,0,0,0,0,0,1,1,0,0,0,0,,,,6,2,4,,,,2,2,0,,,
21/10/2022 03:00,1,1,0,0,0,0,0,0,0,0,0,0,,,,22,13,9,,,,1,1,0,,,
21/10/2022 04:00,0,0,0,0,0,0,0,0,0,0,0,0,,,,34,15,19,,,,1,1,0,,,
21/10/2022 05:00,0,0,0,0,0,0,0,0,0,0,0,0,,,,1,1,0,,,,1,0,1,,,
21/10/2022 06:00,19,10,9,5,2,3,8,5,3,0,0,0,,,,37,9,28,,,,7,4,3,,,
21/10/2022 07:00,37,12,25,12,6,6,8,5,3,0,0,0,,,,117,51,66,,,,30,13,17,,,
21/10/2022 08:00,63,31,32,30,12,18,16,10,6,0,0,0,,,,183,61,122,,,,80,57,23,,,
21/10/2022 09:00,40,14,26,16,7,9,7,4,3,0,0,0,,,,70,23,47,,,,24,13,11,,,
21/10/2022 10:00,23,13,10,10,3,7,4,1,3,0,0,0,,,,39,17,22,,,,7,5,2,,,
21/10/2022 11:00,26,12,14,6,4,2,8,2,6,0,0,0,,,,24,11,13,,,,19,9,10,,,
21/10/2022 12:00,56,25,31,19,9,10,20,15,5,0,0,0,,,,58,35,23,,,,39,11,28,,,
21/10/2022 13:00,84,41,43,34,15,19,31,21,10,0,0,0,,,,131,72,59,,,,79,22,57,,,
21/10/2022 14:00,52,24,28,24,9,15,15,9,6,0,0,0,,,,194,101,93,,,,60,24,36,,,
21/10/2022 15:00,100,48,52,26,12,14,15,7,8,0,0,0,,,,169,61,108,,,,40,18,22,,,
21/10/2022 16:00,101,45,56,37,21,16,17,13,4,0,0,0,,,,222,88,134,,,,49,22,27,,,
21/10/2022 17:00,104,53,51,25,11,14,36,16,20,0,0,0,,,,199,83,116,,,,65,33,32,,,
21/10/2022 18:00,85,43,42,23,10,13,21,6,15,0,0,0,,,,188,62,126,,,,47,22,25,,,
21/10/2022 19:00,37,18,19,15,6,9,16,8,8,0,0,0,,,,101,34,67,,,,32,21,11,,,
21/10/2022 20:00,28,14,14,12,6,6,13,6,7,0,0,0,,,,41,15,26,,,,27,13,14,,,
21/10/2022 21:00,33,13,20,5,2,3,14,9,5,0,0,0,,,,40,19,21,,,,34,16,18,,,
21/10/2022 22:00,24,14,10,2,1,1,9,6,3,0,0,0,,,,133,61,72,,,,14,9,5,,,
21/10/2022 23:00,10,6,4,1,0,1,6,1,5,0,0,0,,,,30,12,18,,,,11,5,6,,,
22/10/2022 00:00,2,2,0,1,1,0,2,0,2,0,0,0,,,,20,10,10,,,,12,5,7,,,
22/10/2022 01:00,3,2,1,4,0,4,5,2,3,0,0,0,,,,7,4,3,,,,10,6,4,,,
22/10/2022 02:00,1,0,1,0,0,0,0,0,0,0,0,0,,,,47,19,28,,,,7,4,3,,,
22/10/2022 03:00,1,1,0,1,0,1,0,0,0,0,0,0,,,,9,6,3,,,,4,3,1,,,
22/10/2022 04:00,0,0,0,0,0,0,0,0,0,0,0,0,,,,7,2,5,,,,2,1,1,,,
22/10/2022 05:00,0,0,0,0,0,0,0,0,0,0,0,0,,,,2,1,1,,,,6,3,3,,,
22/10/2022 06:00,17,5,12,0,0,0,1,1,0,0,0,0,,,,10,5,5,,,,2,1,1,,,
22/10/2022 07:00,49,26,23,13,10,3,9,5,4,0,0,0,,,,35,20,15,,,,10,5,5,,,
22/10/2022 08:00,86,46,40,38,17,21,19,9,10,0,0,0,,,,144,73,71,,,,21,11,10,,,
22/10/2022 09:00,187,73,114,59,29,30,41,22,19,0,0,0,,,,276,120,156,,,,33,17,16,,,
22/10/2022 10:00,284,146,138,89,39,50,54,34,20,0,0,0,,,,260,118,142,,,,46,20,26,,,
22/10/2022 11:00,372,173,199,93,45,48,57,31,26,0,0,0,,,,441,175,266,,,,55,40,15,,,
22/10/2022 12:00,502,244,258,111,58,53,76,40,36,0,0,0,,,,298,115,183,,,,66,33,33,,,
22/10/2022 13:00,344,174,170,107,54,53,60,34,26,0,0,0,,,,281,122,159,,,,64,41,23,,,
22/10/2022 14:00,362,187,175,78,39,39,65,37,28,0,0,0,,,,420,174,246,,,,58,25,33,,,
22/10/2022 15:00,403,215,188,47,25,22,57,23,34,0,0,0,,,,333,134,199,,,,58,24,34,,,
22/10/2022 16:00,404,195,209,79,41,38,44,24,20,0,0,0,,,,385,136,249,,,,60,27,33,,,
22/10/2022 17:00,255,129,126,53,24,29,39,14,25,0,0,0,,,,326,97,229,,,,51,26,25,,,
22/10/2022 18:00,126,57,69,27,14,13,34,16,18,0,0,0,,,,176,64,112,,,,38,19,19,,,
22/10/2022 19:00,64,26,38,23,15,8,30,6,24,0,0,0,,,,205,109,96,,,,35,16,19,,,
22/10/2022 20:00,54,26,28,19,5,14,19,9,10,0,0,0,,,,139,52,87,,,,30,11,19,,,
22/10/2022 21:00,40,18,22,13,4,9,12,4,8,0,0,0,,,,140,48,92,,,,25,10,15,,,
22/10/2022 22:00,26,17,9,5,3,2,9,4,5,0,0,0,,,,123,48,75,,,,9,1,8,,,
22/10/2022 23:00,10,6,4,2,0,2,5,3,2,0,0,0,,,,140,39,101,,,,10,7,3,,,
23/10/2022 00:00,1,1,0,0,0,0,1,0,1,0,0,0,,,,150,68,82,,,,16,12,4,,,
23/10/2022 01:00,2,2,0,0,0,0,3,0,3,0,0,0,,,,102,17,85,,,,16,9,7,,,
23/10/2022 02:00,4,3,1,4,0,4,3,1,2,0,0,0,,,,81,8,73,,,,20,9,11,,,
23/10/2022 03:00,0,0,0,0,0,0,0,0,0,0,0,0,,,,6,3,3,,,,10,3,7,,,
23/10/2022 04:00,0,0,0,0,0,0,0,0,0,0,0,0,,,,4,3,1,,,,0,0,0,,,
23/10/2022 05:00,0,0,0,0,0,0,0,0,0,0,0,0,,,,1,1,0,,,,2,0,2,,,
23/10/2022 06:00,10,2,8,0,0,0,2,2,0,0,0,0,,,,9,4,5,,,,3,3,0,,,
23/10/2022 07:00,26,12,14,6,3,3,9,6,3,0,0,0,,,,23,8,15,,,,5,1,4,,,
23/10/2022 08:00,59,31,28,19,12,7,8,5,3,0,0,0,,,,44,13,31,,,,5,4,1,,,
23/10/2022 09:00,65,32,33,18,10,8,18,8,10,0,0,0,,,,79,29,50,,,,19,10,9,,,
23/10/2022 10:00,52,22,30,23,10,13,24,12,12,0,0,0,,,,119,25,94,,,,20,14,6,,,
23/10/2022 11:00,139,54,85,35,16,19,41,25,16,0,0,0,,,,64,34,30,,,,33,24,9,,,
23/10/2022 12:00,431,205,226,87,47,40,63,40,23,0,0,0,,,,135,78,57,,,,41,18,23,,,
23/10/2022 13:00,582,330,252,90,47,43,64,42,22,0,0,0,,,,241,131,110,,,,51,26,25,,,
23/10/2022 14:00,749,380,369,94,47,47,80,43,37,0,0,0,,,,212,104,108,,,,65,28,37,,,
23/10/2022 15:00,736,382,354,99,45,54,89,48,41,0,0,0,,,,249,130,119,,,,51,22,29,,,
23/10/2022 16:00,652,340,312,101,44,57,83,30,53,0,0,0,,,,272,123,149,,,,76,31,45,,,
23/10/2022 17:00,435,224,211,75,37,38,78,23,55,0,0,0,,,,250,89,161,,,,47,22,25,,,
23/10/2022 18:00,239,123,116,40,14,26,71,46,25,0,0,0,,,,233,60,173,,,,55,33,22,,,
23/10/2022 19:00,135,54,81,39,18,21,20,6,14,0,0,0,,,,234,91,143,,,,37,21,16,,,
23/10/2022 20:00,76,45,31,51,15,36,18,5,13,0,0,0,,,,191,55,136,,,,47,23,24,,,
23/10/2022 21:00,45,29,16,5,1,4,16,11,5,0,0,0,,,,184,48,136,,,,32,18,14,,,
23/10/2022 22:00,21,9,12,3,1,2,14,3,11,0,0,0,,,,285,68,217,,,,18,11,7,,,
23/10/2022 23:00,8,8,0,2,0,2,3,1,2,0,0,0,,,,288,148,140,,,,4,2,2,,,
24/10/2022 00:00,0,0,0,0,0,0,1,0,1,0,0,0,,,,68,24,44,,,,8,6,2,,,
24/10/2022 01:00,0,0,0,0,0,0,3,1,2,0,0,0,,,,20,5,15,,,,2,1,1,,,
24/10/2022 02:00,0,0,0,0,0,0,0,0,0,0,0,0,,,,8,1,7,,,,1,1,0,,,
24/10/2022 03:00,0,0,0,0,0,0,0,0,0,0,0,0,,,,0,0,0,,,,1,1,0,,,
24/10/2022 04:00,0,0,0,0,0,0,0,0,0,0,0,0,,,,16,2,14,,,,0,0,0,,,
24/10/2022 05:00,4,1,3,1,1,0,0,0,0,0,0,0,,,,4,2,2,,,,5,2,3,,,
24/10/2022 06:00,49,22,27,9,4,5,11,6,5,0,0,0,,,,55,24,31,,,,8,4,4,,,
24/10/2022 07:00,61,30,31,19,9,10,7,2,5,0,0,0,,,,175,77,98,,,,43,15,28,,,
24/10/2022 08:00,123,62,61,28,9,19,19,10,9,0,0,0,,,,322,130,192,,,,125,91,34,,,
24/10/2022 09:00,104,58,46,45,24,21,16,10,6,0,0,0,,,,300,134,166,,,,52,17,35,,,
24/10/2022 10:00,138,73,65,31,13,18,13,6,7,0,0,0,,,,199,96,103,,,,20,9,11,,,
24/10/2022 11:00,164,69,95,34,15,19,22,11,11,0,0,0,,,,226,91,135,,,,31,19,12,,,
24/10/2022 12:00,191,90,101,51,35,16,32,15,17,0,0,0,,,,399,170,229,,,,44,19,25,,,
24/10/2022 13:00,181,99,82,45,21,24,37,22,15,0,0,0,,,,389,204,185,,,,53,20,33,,,
24/10/2022 14:00,164,73,91,43,21,22,38,23,15,0,0,0,,,,303,136,167,,,,94,41,53,,,
24/10/2022 15:00,134,61,73,25,9,16,32,15,17,0,0,0,,,,330,128,202,,,,83,21,62,,,
24/10/2022 16:00,168,82,86,32,16,16,42,21,21,0,0,0,,,,567,230,337,,,,77,35,42,,,
24/10/2022 17:00,176,91,85,43,29,14,52,30,22,0,0,0,,,,510,177,333,,,,84,35,49,,,
24/10/2022 18:00,217,111,106,57,28,29,34,18,16,0,0,0,,,,382,141,241,,,,72,42,30,,,
24/10/2022 19:00,153,75,78,45,22,23,39,22,17,0,0,0,,,,193,58,135,,,,77,35,42,,,
24/10/2022 20:00,112,61,51,25,9,16,25,15,10,0,0,0,,,,213,84,129,,,,35,17,18,,,
24/10/2022 21:00,85,53,32,13,5,8,19,9,10,0,0,0,,,,440,149,291,,,,35,14,21,,,
24/10/2022 22:00,26,17,9,11,5,6,11,3,8,0,0,0,,,,724,205,519,,,,13,9,4,,,
24/10/2022 23:00,15,7,8,3,1,2,4,0,4,0,0,0,,,,280,112,168,,,,6,3,3,,,
25/10/2022 00:00,0,0,0,0,0,0,3,1,2,0,0,0,,,,198,84,114,,,,4,3,1,,,
25/10/2022 01:00,3,2,1,0,0,0,0,0,0,0,0,0,,,,166,51,115,,,,0,0,0,,,
25/10/2022 02:00,2,0,2,0,0,0,0,0,0,0,0,0,,,,97,33,64,,,,0,0,0,,,
25/10/2022 03:00,1,1,0,0,0,0,1,1,0,0,0,0,,,,122,40,82,,,,0,0,0,,,
25/10/2022 04:00,0,0,0,0,0,0,0,0,0,0,0,0,,,,65,20,45,,,,2,2,0,,,
25/10/2022 05:00,3,0,3,1,1,0,1,1,0,0,0,0,,,,66,34,32,,,,5,3,2,,,
25/10/2022 06:00,45,24,21,6,4,2,8,4,4,0,0,0,,,,171,70,101,,,,17,7,10,,,
25/10/2022 07:00,88,35,53,27,8,19,14,7,7,0,0,0,,,,359,118,241,,,,43,22,21,,,
25/10/2022 08:00,133,65,68,37,9,28,21,7,14,0,0,0,,,,509,198,311,,,,134,99,35,,,
25/10/2022 09:00,126,59,67,27,14,13,21,11,10,0,0,0,,,,363,128,235,,,,46,20,26,,,
25/10/2022 10:00,126,57,69,26,10,16,16,6,10,0,0,0,,,,367,141,226,,,,54,13,41,,,
25/10/2022 11:00,117,47,70,28,18,10,20,10,10,0,0,0,,,,329,118,211,,,,31,16,15,,,
25/10/2022 12:00,143,70,73,33,20,13,23,14,9,0,0,0,,,,291,139,152,,,,72,52,20,,,
25/10/2022 13:00,181,83,98,39,18,21,34,15,19,0,0,0,,,,258,136,122,,,,61,31,30,,,
25/10/2022 14:00,116,55,61,39,10,29,25,11,14,0,0,0,,,,361,170,191,,,,87,39,48,,,
25/10/2022 15:00,83,48,35,28,18,10,16,6,10,0,0,0,,,,328,126,202,,,,90,20,70,,,
25/10/2022 16:00,65,32,33,19,16,3,19,10,9,0,0,0,,,,312,88,224,,,,52,22,30,,,
25/10/2022 17:00,92,49,43,32,19,13,23,13,10,0,0,0,,,,389,120,269,,,,35,17,18,,,
25/10/2022 18:00,33,12,21,33,14,19,21,12,9,0,0,0,,,,145,72,73,,,,52,31,21,,,
25/10/2022 19:00,14,9,5,26,20,6,21,14,7,0,0,0,,,,67,36,31,,,,27,6,21,,,
25/10/2022 20:00,10,4,6,3,3,0,4,1,3,0,0,0,,,,35,14,21,,,,8,1,7,,,
25/10/2022 21:00,5,2,3,8,4,4,2,0,2,0,0,0,,,,43,22,21,,,,7,1,6,,,
25/10/2022 22:00,5,2,3,1,1,0,2,1,1,0,0,0,,,,44,31,13,,,,6,2,4,,,
25/10/2022 23:00,0,0,0,0,0,0,2,1,1,0,0,0,,,,5,4,1,,,,3,2,1,,,
26/10/2022 00:00,0,0,0,0,0,0,0,0,0,0,0,0,,,,1,1,0,,,,4,3,1,,,
26/10/2022 01:00,1,1,0,0,0,0,0,0,0,0,0,0,,,,0,0,0,,,,1,1,0,,,
26/10/2022 02:00,0,0,0,0,0,0,0,0,0,0,0,0,,,,0,0,0,,,,0,0,0,,,
26/10/2022 03:00,0,0,0,0,0,0,0,0,0,0,0,0,,,,1,1,0,,,,1,1,0,,,
26/10/2022 04:00,0,0,0,1,1,0,0,0,0,0,0,0,,,,1,0,1,,,,0,0,0,,,
26/10/2022 05:00,0,0,0,3,2,1,0,0,0,0,0,0,,,,0,0,0,,,,4,0,4,,,
26/10/2022 06:00,18,9,9,11,8,3,6,4,2,0,0,0,,,,15,9,6,,,,4,1,3,,,
26/10/2022 07:00,54,25,29,24,7,17,5,2,3,0,0,0,,,,51,29,22,,,,29,12,17,,,
26/10/2022 08:00,104,51,53,26,11,15,18,6,12,0,0,0,,,,113,57,56,,,,122,85,37,,,
26/10/2022 09:00,124,54,70,25,12,13,18,13,5,0,0,0,,,,90,41,49,,,,38,17,21,,,
26/10/2022 10:00,148,70,78,25,11,14,33,10,23,0,0,0,,,,128,65,63,,,,26,13,13,,,
26/10/2022 11:00,204,87,117,35,12,23,15,6,9,0,0,0,,,,159,62,97,,,,36,16,20,,,
26/10/2022 12:00,202,108,94,57,33,24,25,18,7,0,0,0,,,,167,67,100,,,,35,21,14,,,
26/10/2022 13:00,231,121,110,49,23,26,42,17,25,0,0,0,,,,273,118,155,,,,70,36,34,,,
26/10/2022 14:00,201,99,102,42,15,27,15,2,13,0,0,0,,,,268,100,168,,,,76,32,44,,,
26/10/2022 15:00,198,85,113,50,28,22,35,28,7,0,0,0,,,,377,124,253,,,,97,35,62,,,
26/10/2022 16:00,126,66,60,27,14,13,36,25,11,0,0,0,,,,408,134,274,,,,79,32,47,,,
26/10/2022 17:00,117,44,73,43,26,17,41,25,16,0,0,0,,,,371,142,229,,,,60,36,24,,,
26/10/2022 18:00,144,86,58,55,36,19,38,19,19,0,0,0,,,,477,195,282,,,,72,36,36,,,
26/10/2022 19:00,115,52,63,52,25,27,38,21,17,0,0,0,,,,285,96,189,,,,54,23,31,,,
26/10/2022 20:00,117,62,55,25,11,14,20,10,10,0,0,0,,,,206,58,148,,,,30,17,13,,,
26/10/2022 21:00,55,39,16,11,3,8,11,5,6,0,0,0,,,,203,63,140,,,,32,13,19,,,
26/10/2022 22:00,24,15,9,4,2,2,13,4,9,0,0,0,,,,296,88,208,,,,13,4,9,,,
26/10/2022 23:00,6,3,3,3,1,2,5,2,3,0,0,0,,,,108,49,59,,,,3,2,1,,,
27/10/2022 00:00,1,0,1,0,0,0,1,0,1,0,0,0,,,,103,30,73,,,,2,2,0,,,
27/10/2022 01:00,1,1,0,0,0,0,2,0,2,0,0,0,,,,79,25,54,,,,4,4,0,,,
27/10/2022 02:00,3,2,1,2,2,0,0,0,0,0,0,0,,,,27,14,13,,,,1,0,1,,,
27/10/2022 03:00,0,0,0,0,0,0,0,0,0,0,0,0,,,,17,8,9,,,,3,1,2,,,
27/10/2022 04:00,0,0,0,1,1,0,0,0,0,0,0,0,,,,6,1,5,,,,1,1,0,,,
27/10/2022 05:00,1,0,1,0,0,0,1,1,0,0,0,0,,,,3,2,1,,,,2,0,2,,,
27/10/2022 06:00,27,14,13,8,4,4,14,6,8,0,0,0,,,,27,12,15,,,,8,3,5,,,
27/10/2022 07:00,60,31,29,14,5,9,12,4,8,0,0,0,,,,60,25,35,,,,24,11,13,,,
27/10/2022 08:00,56,19,37,23,7,16,17,9,8,0,0,0,,,,129,51,78,,,,95,71,24,,,
27/10/2022 09:00,69,35,34,19,8,11,18,6,12,0,0,0,,,,104,42,62,,,,33,12,21,,,
27/10/2022 10:00,66,25,41,19,8,11,13,8,5,0,0,0,,,,109,55,54,,,,11,8,3,,,
27/10/2022 11:00,83,41,42,15,4,11,20,13,7,0,0,0,,,,117,44,73,,,,24,9,15,,,
27/10/2022 12:00,79,34,45,30,20,10,26,14,12,0,0,0,,,,138,68,70,,,,30,13,17,,,
27/10/2022 13:00,154,67,87,36,18,18,36,18,18,0,0,0,,,,182,87,95,,,,48,25,23,,,
27/10/2022 14:00,120,55,65,16,8,8,24,14,10,0,0,0,,,,168,60,108,,,,64,29,35,,,
27/10/2022 15:00,120,52,68,17,11,6,21,11,10,0,0,0,,,,229,86,143,,,,99,28,71,,,
27/10/2022 16:00,111,47,64,30,15,15,28,14,14,0,0,0,,,,440,122,318,,,,77,28,49,,,
27/10/2022 17:00,120,66,54,28,13,15,39,22,17,0,0,0,,,,234,94,140,,,,71,34,37,,,
27/10/2022 18:00,149,74,75,39,20,19,37,14,23,0,0,0,,,,304,135,169,,,,102,65,37,,,
27/10/2022 19:00,135,70,65,34,16,18,31,13,18,0,0,0,,,,156,63,93,,,,65,33,32,,,
27/10/2022 20:00,105,63,42,23,9,14,23,10,13,0,0,0,,,,266,89,177,,,,31,13,18,,,
27/10/2022 21:00,24,9,15,5,2,3,12,4,8,0,0,0,,,,419,138,281,,,,27,9,18,,,
27/10/2022 22:00,14,10,4,4,2,2,2,1,1,0,0,0,,,,226,83,143,,,,18,9,9,,,
27/10/2022 23:00,5,5,0,2,1,1,5,2,3,0,0,0,,,,158,64,94,,,,11,8,3,,,
28/10/2022 00:00,0,0,0,0,0,0,3,1,2,0,0,0,,,,41,11,30,,,,3,3,0,,,
28/10/2022 01:00,4,3,1,0,0,0,0,0,0,0,0,0,,,,6,5,1,,,,1,1,0,,,
28/10/2022 02:00,0,0,0,0,0,0,0,0,0,0,0,0,,,,1,1,0,,,,0,0,0,,,
28/10/2022 03:00,0,0,0,0,0,0,0,0,0,0,0,0,,,,4,4,0,,,,1,1,0,,,
28/10/2022 04:00,0,0,0,0,0,0,0,0,0,0,0,0,,,,7,6,1,,,,0,0,0,,,
28/10/2022 05:00,4,3,1,0,0,0,0,0,0,0,0,0,,,,17,8,9,,,,3,2,1,,,
28/10/2022 06:00,6,2,4,6,4,2,4,3,1,0,0,0,,,,12,5,7,,,,6,3,3,,,
28/10/2022 07:00,47,21,26,13,8,5,5,3,2,0,0,0,,,,45,25,20,,,,27,11,16,,,
28/10/2022 08:00,110,56,54,33,13,20,24,15,9,0,0,0,,,,152,63,89,,,,98,66,32,,,
28/10/2022 09:00,115,52,63,31,17,14,27,18,9,0,0,0,,,,344,155,189,,,,38,20,18,,,
28/10/2022 10:00,172,82,90,27,16,11,26,16,10,0,0,0,,,,192,105,87,,,,32,17,15,,,
28/10/2022 11:00,200,84,116,46,17,29,28,16,12,0,0,0,,,,117,46,71,,,,46,24,22,,,
28/10/2022 12:00,202,112,90,44,25,19,39,23,16,0,0,0,,,,245,114,131,,,,49,23,26,,,
28/10/2022 13:00,209,112,97,33,15,18,40,22,18,0,0,0,,,,233,100,133,,,,106,39,67,,,
28/10/2022 14:00,194,99,95,67,52,15,33,19,14,0,0,0,,,,259,127,132,,,,70,31,39,,,
28/10/2022 15:00,223,94,129,31,19,12,42,18,24,0,0,0,,,,350,131,219,,,,78,37,41,,,
28/10/2022 16:00,176,88,88,39,24,15,42,30,12,0,0,0,,,,541,245,296,,,,83,46,37,,,
28/10/2022 17:00,182,89,93,43,24,19,45,20,25,0,0,0,,,,382,136,246,,,,89,44,45,,,
28/10/2022 18:00,182,94,88,38,12,26,19,6,13,0,0,0,,,,326,90,236,,,,84,37,47,,,
28/10/2022 19:00,111,63,48,42,27,15,34,18,16,0,0,0,,,,215,64,151,,,,134,59,75,,,
28/10/2022 20:00,78,38,40,18,8,10,32,23,9,0,0,0,,,,335,73,262,,,,46,16,30,,,
28/10/2022 21:00,55,25,30,9,4,5,15,7,8,0,0,0,,,,166,50,116,,,,14,8,6,,,
28/10/2022 22:00,36,12,24,9,3,6,17,7,10,0,0,0,,,,392,119,273,,,,20,13,7,,,
28/10/2022 23:00,10,5,5,10,5,5,10,3,7,0,0,0,,,,128,60,68,,,,9,6,3,,,
29/10/2022 00:00,1,1,0,0,0,0,4,2,2,0,0,0,,,,61,36,25,,,,3,3,0,,,
29/10/2022 01:00,2,2,0,2,1,1,1,0,1,0,0,0,,,,67,40,27,,,,9,8,1,,,
29/10/2022 02:00,0,0,0,6,5,1,0,0,0,0,0,0,,,,59,42,17,,,,9,4,5,,,
29/10/2022 03:00,0,0,0,3,1,2,0,0,0,0,0,0,,,,54,34,20,,,,7,1,6,,,
29/10/2022 04:00,1,1,0,0,0,0,0,0,0,0,0,0,,,,89,40,49,,,,1,1,0,,,
29/10/2022 05:00,5,4,1,0,0,0,0,0,0,0,0,0,,,,2,1,1,,,,0,0,0,,,
29/10/2022 06:00,5,3,2,0,0,0,0,0,0,0,0,0,,,,6,2,4,,,,3,0,3,,,
29/10/2022 07:00,9,3,6,2,2,0,3,3,0,0,0,0,,,,21,13,8,,,,4,3,1,,,
29/10/2022 08:00,22,11,11,7,2,5,5,4,1,0,0,0,,,,35,18,17,,,,8,3,5,,,
29/10/2022 09:00,36,17,19,14,7,7,17,9,8,0,0,0,,,,55,19,36,,,,9,4,5,,,
29/10/2022 10:00,21,11,10,18,9,9,12,7,5,0,0,0,,,,35,13,22,,,,13,6,7,,,
29/10/2022 11:00,45,16,29,32,23,9,24,12,12,0,0,0,,,,43,24,19,,,,27,13,14,,,
29/10/2022 12:00,110,58,52,31,16,15,23,11,12,0,0,0,,,,81,40,41,,,,22,8,14,,,
29/10/2022 13:00,97,44,53,23,13,10,28,14,14,0,0,0,,,,55,28,27,,,,35,18,17,,,
29/10/2022 14:00,119,61,58,28,18,10,38,23,15,0,0,0,,,,67,32,35,,,,40,18,22,,,
29/10/2022 15:00,218,109,109,43,23,20,28,12,16,0,0,0,,,,122,70,52,,,,39,25,14,,,
29/10/2022 16:00,283,134,149,64,35,29,71,36,35,0,0,0,,,,133,66,67,,,,62,33,29,,,
29/10/2022 17:00,233,125,108,49,20,29,54,25,29,0,0,0,,,,195,90,105,,,,47,20,27,,,
29/10/2022 18:00,154,81,73,47,26,21,25,9,16,0,0,0,,,,117,34,83,,,,56,27,29,,,
29/10/2022 19:00,87,37,50,13,7,6,26,12,14,0,0,0,,,,109,33,76,,,,36,21,15,,,
29/10/2022 20:00,51,22,29,17,9,8,16,10,6,0,0,0,,,,142,60,82,,,,29,14,15,,,
29/10/2022 21:00,39,13,26,13,8,5,22,13,9,0,0,0,,,,99,35,64,,,,16,4,12,,,
29/10/2022 22:00,28,12,16,7,3,4,8,5,3,0,0,0,,,,213,87,126,,,,13,6,7,,,
29/10/2022 23:00,11,4,7,6,4,2,12,10,2,0,0,0,,,,123,46,77,,,,10,7,3,,,
30/10/2022 00:00,0,0,0,1,1,0,0,0,0,0,0,0,,,,130,53,77,,,,18,12,6,,,
30/10/2022 01:00,1,1,0,2,0,2,5,1,4,0,0,0,,,,206,64,142,,,,27,14,13,,,
30/10/2022 02:00,1,1,0,0,0,0,0,0,0,0,0,0,,,,17,6,11,,,,0,0,0,,,
30/10/2022 03:00,0,0,0,0,0,0,0,0,0,0,0,0,,,,4,2,2,,,,3,2,1,,,
30/10/2022 04:00,0,0,0,0,0,0,0,0,0,0,0,0,,,,9,2,7,,,,1,0,1,,,
30/10/2022 05:00,2,1,1,0,0,0,0,0,0,0,0,0,,,,5,3,2,,,,1,1,0,,,
30/10/2022 06:00,8,3,5,0,0,0,4,0,4,0,0,0,,,,54,30,24,,,,2,0,2,,,
30/10/2022 07:00,46,17,29,14,10,4,12,9,3,0,0,0,,,,44,23,21,,,,5,4,1,,,
30/10/2022 08:00,113,55,58,39,18,21,25,16,9,0,0,0,,,,74,44,30,,,,28,17,11,,,
30/10/2022 09:00,247,120,127,59,37,22,35,23,12,0,0,0,,,,234,99,135,,,,31,17,14,,,
30/10/2022 10:00,300,140,160,59,23,36,50,20,30,0,0,0,,,,293,148,145,,,,75,44,31,,,
30/10/2022 11:00,429,226,203,83,56,27,47,28,19,0,0,0,,,,332,113,219,,,,67,38,29,,,
30/10/2022 12:00,420,213,207,61,22,39,40,22,18,0,0,0,,,,334,146,188,,,,61,26,35,,,
30/10/2022 13:00,507,266,241,80,39,41,45,21,24,0,0,0,,,,380,168,212,,,,53,26,27,,,
30/10/2022 14:00,604,324,280,72,43,29,47,31,16,0,0,0,,,,460,210,250,,,,57,28,29,,,
30/10/2022 15:00,663,333,330,86,42,44,57,34,23,0,0,0,,,,404,193,211,,,,74,23,51,,,
30/10/2022 16:00,485,222,263,48,18,30,61,31,30,0,0,0,,,,420,166,254,,,,64,28,36,,,
30/10/2022 17:00,247,124,123,49,29,20,42,15,27,0,0,0,,,,323,131,192,,,,163,87,76,,,
30/10/2022 18:00,102,48,54,25,13,12,24,14,10,0,0,0,,,,284,99,185,,,,39,22,17,,,
30/10/2022 19:00,62,35,27,13,8,5,30,16,14,0,0,0,,,,328,119,209,,,,33,17,16,,,
30/10/2022 20:00,46,20,26,10,3,7,9,6,3,0,0,0,,,,245,79,166,,,,32,17,15,,,
30/10/2022 21:00,37,16,21,6,1,5,10,5,5,0,0,0,,,,246,73,173,,,,14,8,6,,,
30/10/2022 22:00,21,15,6,5,2,3,12,6,6,0,0,0,,,,317,131,186,,,,26,11,15,,,
30/10/2022 23:00,0,0,0,0,0,0,6,3,3,0,0,0,,,,156,53,103,,,,8,6,2,,,
31/10/2022 00:00,1,0,1,0,0,0,4,3,1,0,0,0,,,,34,10,24,,,,10,10,0,,,
31/10/2022 01:00,4,2,2,1,0,1,3,3,0,0,0,0,,,,21,11,10,,,,17,9,8,,,
31/10/2022 02:00,1,1,0,0,0,0,1,0,1,0,0,0,,,,20,19,1,,,,14,6,8,,,
31/10/2022 03:00,0,0,0,0,0,0,0,0,0,0,0,0,,,,34,17,17,,,,10,6,4,,,
31/10/2022 04:00,0,0,0,2,2,0,1,0,1,0,0,0,,,,30,6,24,,,,6,5,1,,,
31/10/2022 05:00,0,0,0,1,1,0,0,0,0,0,0,0,,,,6,2,4,,,,6,5,1,,,
31/10/2022 06:00,14,7,7,4,0,4,6,4,2,0,0,0,,,,34,16,18,,,,5,3,2,,,
31/10/2022 07:00,29,15,14,10,5,5,13,5,8,0,0,0,,,,97,46,51,,,,14,10,4,,,
31/10/2022 08:00,103,48,55,28,16,12,21,13,8,0,0,0,,,,380,176,204,,,,13,8,5,,,
31/10/2022 09:00,149,82,67,45,27,18,20,15,5,0,0,0,,,,294,111,183,,,,22,12,10,,,
31/10/2022 10:00,221,102,119,52,26,26,37,22,15,0,0,0,,,,283,140,143,,,,37,20,17,,,
31/10/2022 11:00,279,123,156,83,54,29,39,20,19,0,0,0,,,,320,159,161,,,,44,26,18,,,
31/10/2022 12:00,317,165,152,61,34,27,59,29,30,0,0,0,,,,280,125,155,,,,72,15,57,,,
31/10/2022 13:00,244,129,115,66,35,31,29,13,16,0,0,0,,,,209,102,107,,,,116,70,46,,,
31/10/2022 14:00,146,80,66,37,15,22,29,15,14,0,0,0,,,,183,84,99,,,,128,60,68,,,
31/10/2022 15:00,104,50,54,23,14,9,28,12,16,0,0,0,,,,224,122,102,,,,43,22,21,,,
31/10/2022 16:00,90,31,59,19,3,16,8,5,3,0,0,0,,,,115,42,73,,,,63,30,33,,,
31/10/2022 17:00,103,46,57,30,11,19,26,14,12,0,0,0,,,,119,54,65,,,,115,70,45,,,
31/10/2022 18:00,77,42,35,21,6,15,18,8,10,0,0,0,,,,127,33,94,,,,209,105,104,,,
31/10/2022 19:00,86,42,44,18,8,10,14,4,10,0,0,0,,,,80,33,47,,,,326,191,135,,,
31/10/2022 20:00,50,29,21,16,8,8,14,3,11,0,0,0,,,,172,82,90,,,,382,184,198,,,
31/10/2022 21:00,4,3,1,0,0,0,13,12,1,0,0,0,,,,176,93,83,,,,244,93,151,,,
31/10/2022 22:00,1,1,0,5,1,4,5,3,2,0,0,0,,,,28,17,11,,,,88,19,69,,,
31/10/2022 23:00,0,0,0,0,0,0,0,0,0,0,0,0,,,,11,2,9,,,,69,34,35,,,
01/11/2022 00:00,0,0,0,0,0,0,0,0,0,0,0,0,,,,3,2,1,,,,5,3,2,,,
01/11/2022 01:00,1,1,0,6,3,3,0,0,0,0,0,0,,,,4,3,1,,,,5,3,2,,,
01/11/2022 02:00,0,0,0,1,1,0,0,0,0,0,0,0,,,,4,1,3,,,,2,2,0,,,
01/11/2022 03:00,1,1,0,1,0,1,0,0,0,0,0,0,,,,2,1,1,,,,2,1,1,,,
01/11/2022 04:00,1,0,1,1,1,0,0,0,0,0,0,0,,,,0,0,0,,,,0,0,0,,,
01/11/2022 05:00,4,1,3,1,1,0,0,0,0,0,0,0,,,,17,8,9,,,,2,1,1,,,
01/11/2022 06:00,19,9,10,5,1,4,6,3,3,0,0,0,,,,106,47,59,,,,9,2,7,,,
01/11/2022 07:00,70,34,36,20,10,10,14,9,5,0,0,0,,,,229,75,154,,,,23,10,13,,,
01/11/2022 08:00,118,64,54,41,19,22,24,10,14,0,0,0,,,,301,113,188,,,,31,16,15,,,
01/11/2022 09:00,108,48,60,23,13,10,22,14,8,0,0,0,,,,196,91,105,,,,39,18,21,,,
01/11/2022 10:00,129,67,62,16,6,10,16,6,10,0,0,0,,,,295,120,175,,,,48,20,28,,,
01/11/2022 11:00,163,77,86,26,10,16,40,23,17,0,0,0,,,,339,144,195,,,,66,24,42,,,
01/11/2022 12:00,244,125,119,48,15,33,28,17,11,0,0,0,,,,373,136,237,,,,42,22,20,,,
01/11/2022 13:00,262,142,120,48,23,25,43,19,24,0,0,0,,,,373,151,222,,,,73,36,37,,,
01/11/2022 14:00,179,90,89,37,17,20,23,14,9,0,0,0,,,,370,138,232,,,,65,36,29,,,
01/11/2022 15:00,219,103,116,43,23,20,24,8,16,0,0,0,,,,261,105,156,,,,68,29,39,,,
01/11/2022 16:00,122,64,58,37,23,14,32,19,13,0,0,0,,,,363,136,227,,,,86,43,43,,,
01/11/2022 17:00,80,39,41,59,32,27,40,28,12,0,0,0,,,,606,229,377,,,,158,92,66,,,
01/11/2022 18:00,96,55,41,40,19,21,51,27,24,0,0,0,,,,472,184,288,,,,54,34,20,,,
01/11/2022 19:00,63,34,29,38,25,13,34,17,17,0,0,0,,,,276,106,170,,,,50,23,27,,,
01/11/2022 20:00,68,38,30,29,17,12,9,3,6,0,0,0,,,,350,123,227,,,,25,7,18,,,
01/11/2022 21:00,49,24,25,13,4,9,10,6,4,0,0,0,,,,519,204,315,,,,16,5,11,,,
01/11/2022 22:00,17,11,6,5,1,4,4,0,4,0,0,0,,,,534,182,352,,,,12,5,7,,,
01/11/2022 23:00,10,7,3,1,1,0,1,1,0,0,0,0,,,,310,116,194,,,,5,4,1,,,
02/11/2022 00:00,2,2,0,0,0,0,3,2,1,0,0,0,,,,171,65,106,,,,8,8,0,,,
02/11/2022 01:00,0,0,0,0,0,0,0,0,0,0,0,0,,,,7,5,2,,,,1,1,0,,,
02/11/2022 02:00,0,0,0,0,0,0,0,0,0,0,0,0,,,,3,1,2,,,,0,0,0,,,
02/11/2022 03:00,0,0,0,0,0,0,0,0,0,0,0,0,,,,1,1,0,,,,0,0,0,,,
02/11/2022 04:00,2,2,0,1,1,0,0,0,0,0,0,0,,,,24,10,14,,,,2,1,1,,,
02/11/2022 05:00,7,3,4,1,1,0,1,0,1,0,0,0,,,,47,17,30,,,,4,1,3,,,
02/11/2022 06:00,18,10,8,11,5,6,8,7,1,0,0,0,,,,113,48,65,,,,8,5,3,,,
02/11/2022 07:00,66,28,38,20,11,9,13,7,6,0,0,0,,,,338,130,208,,,,23,6,17,,,
02/11/2022 08:00,63,27,36,15,4,11,14,6,8,0,0,0,,,,266,123,143,,,,24,10,14,,,
02/11/2022 09:00,39,16,23,10,4,6,15,6,9,0,0,0,,,,228,95,133,,,,15,8,7,,,
02/11/2022 10:00,28,13,15,11,2,9,12,8,4,0,0,0,,,,251,125,126,,,,20,11,9,,,
02/11/2022 11:00,15,7,8,9,6,3,2,2,0,0,0,0,,,,207,93,114,,,,12,4,8,,,
02/11/2022 12:00,19,8,11,5,3,2,13,7,6,0,0,0,,,,97,45,52,,,,12,6,6,,,
02/11/2022 13:00,75,42,33,13,8,5,30,18,12,0,0,0,,,,359,133,226,,,,37,15,22,,,
02/11/2022 14:00,89,44,45,12,6,6,16,10,6,0,0,0,,,,338,146,192,,,,25,16,9,,,
02/11/2022 15:00,133,61,72,31,14,17,20,12,8,0,0,0,,,,226,98,128,,,,37,17,20,,,
02/11/2022 16:00,133,72,61,34,21,13,23,17,6,0,0,0,,,,424,175,249,,,,50,27,23,,,
02/11/2022 17:00,116,60,56,30,15,15,41,21,20,0,0,0,,,,578,192,386,,,,84,34,50,,,
02/11/2022 18:00,72,39,33,30,18,12,24,14,10,0,0,0,,,,507,204,303,,,,40,16,24,,,
02/11/2022 19:00,68,40,28,25,12,13,15,9,6,0,0,0,,,,369,170,199,,,,31,14,17,,,
02/11/2022 20:00,51,23,28,14,8,6,21,9,12,0,0,0,,,,465,169,296,,,,38,19,19,,,
02/11/2022 21:00,12,6,6,10,4,6,18,9,9,0,0,0,,,,499,163,336,,,,16,7,9,,,
02/11/2022 22:00,8,4,4,3,2,1,5,0,5,0,0,0,,,,634,229,405,,,,7,4,3,,,
02/11/2022 23:00,13,11,2,3,3,0,3,1,2,0,0,0,,,,439,188,251,,,,4,0,4,,,
03/11/2022 00:00,0,0,0,0,0,0,2,2,0,0,0,0,,,,102,48,54,,,,2,1,1,,,
03/11/2022 01:00,4,1,3,0,0,0,0,0,0,0,0,0,,,,209,86,123,,,,4,4,0,,,
03/11/2022 02:00,0,0,0,0,0,0,0,0,0,0,0,0,,,,56,21,35,,,,0,0,0,,,
03/11/2022 03:00,0,0,0,0,0,0,0,0,0,0,0,0,,,,14,10,4,,,,2,2,0,,,
03/11/2022 04:00,0,0,0,1,1,0,0,0,0,0,0,0,,,,58,32,26,,,,0,0,0,,,
03/11/2022 05:00,3,0,3,1,0,1,1,1,0,0,0,0,,,,41,26,15,,,,1,0,1,,,
03/11/2022 06:00,43,22,21,9,5,4,7,4,3,0,0,0,,,,247,106,141,,,,9,5,4,,,
03/11/2022 07:00,84,39,45,25,16,9,23,12,11,0,0,0,,,,510,222,288,,,,29,9,20,,,
03/11/2022 08:00,131,65,66,42,9,33,20,7,13,0,0,0,,,,521,206,315,,,,40,23,17,,,
03/11/2022 09:00,161,77,84,47,19,28,32,17,15,0,0,0,,,,526,220,306,,,,41,19,22,,,
03/11/2022 10:00,191,86,105,43,20,23,30,19,11,0,0,0,,,,583,302,281,,,,27,20,7,,,
03/11/2022 11:00,278,135,143,56,27,29,27,15,12,0,0,0,,,,376,158,218,,,,41,20,21,,,
03/11/2022 12:00,214,100,114,31,13,18,39,12,27,0,0,0,,,,414,176,238,,,,38,25,13,,,
03/11/2022 13:00,197,98,99,37,19,18,47,23,24,0,0,0,,,,522,186,336,,,,42,21,21,,,
03/11/2022 14:00,174,86,88,30,9,21,23,12,11,0,0,0,,,,566,230,336,,,,51,28,23,,,
03/11/2022 15:00,101,56,45,24,8,16,24,12,12,0,0,0,,,,855,329,526,,,,35,11,24,,,
03/11/2022 16:00,75,38,37,20,13,7,24,13,11,0,0,0,,,,670,258,412,,,,32,19,13,,,
03/11/2022 17:00,83,44,39,30,17,13,31,14,17,0,0,0,,,,1126,393,733,,,,47,22,25,,,
03/11/2022 18:00,93,46,47,30,15,15,36,22,14,0,0,0,,,,423,153,270,,,,41,25,16,,,
03/11/2022 19:00,106,55,51,40,14,26,33,22,11,0,0,0,,,,602,243,359,,,,121,71,50,,,
03/11/2022 20:00,69,38,31,18,4,14,20,7,13,0,0,0,,,,521,202,319,,,,36,9,27,,,
03/11/2022 21:00,60,32,28,8,6,2,6,1,5,0,0,0,,,,254,112,142,,,,27,8,19,,,
03/11/2022 22:00,18,10,8,8,3,5,8,5,3,0,0,0,,,,559,219,340,,,,16,6,10,,,
03/11/2022 23:00,7,4,3,4,0,4,3,1,2,0,0,0,,,,687,225,462,,,,4,3,1,,,
04/11/2022 00:00,2,1,1,0,0,0,7,0,7,0,0,0,,,,514,111,403,,,,5,5,0,,,
04/11/2022 01:00,3,2,1,0,0,0,0,0,0,0,0,0,,,,129,38,91,,,,3,3,0,,,
04/11/2022 02:00,7,4,3,1,1,0,1,1,0,0,0,0,,,,126,86,40,,,,1,1,0,,,
04/11/2022 03:00,0,0,0,0,0,0,0,0,0,0,0,0,,,,24,16,8,,,,1,1,0,,,
04/11/2022 04:00,0,0,0,1,1,0,0,0,0,0,0,0,,,,29,17,12,,,,0,0,0,,,
04/11/2022 05:00,4,1,3,0,0,0,0,0,0,0,0,0,,,,33,15,18,,,,2,1,1,,,
04/11/2022 06:00,33,14,19,8,5,3,8,5,3,0,0,0,,,,149,64,85,,,,12,5,7,,,
04/11/2022 07:00,75,38,37,36,21,15,22,12,10,0,0,0,,,,486,208,278,,,,25,11,14,,,
04/11/2022 08:00,125,74,51,45,18,27,25,10,15,0,0,0,,,,495,178,317,,,,31,17,14,,,
04/11/2022 09:00,130,55,75,33,18,15,30,16,14,0,0,0,,,,762,343,419,,,,35,18,17,,,
04/11/2022 10:00,142,69,73,51,32,19,40,18,22,0,0,0,,,,618,288,330,,,,37,23,14,,,
04/11/2022 11:00,260,121,139,24,13,11,32,17,15,0,0,0,,,,512,209,303,,,,42,17,25,,,
04/11/2022 12:00,189,101,88,47,25,22,47,26,21,0,0,0,,,,342,145,197,,,,52,32,20,,,
04/11/2022 13:00,233,119,114,32,14,18,42,21,21,0,0,0,,,,518,218,300,,,,56,25,31,,,
04/11/2022 14:00,198,109,89,39,20,19,33,19,14,0,0,0,,,,482,213,269,,,,67,32,35,,,
04/11/2022 15:00,186,85,101,31,19,12,34,20,14,0,0,0,,,,383,158,225,,,,59,29,30,,,
04/11/2022 16:00,202,93,109,35,14,21,40,12,28,0,0,0,,,,505,180,325,,,,81,46,35,,,
04/11/2022 17:00,170,82,88,39,26,13,41,25,16,0,0,0,,,,454,161,293,,,,53,28,25,,,
04/11/2022 18:00,92,50,42,34,17,17,29,9,20,0,0,0,,,,443,190,253,,,,67,29,38,,,
04/11/2022 19:00,73,39,34,41,20,21,20,9,11,0,0,0,,,,445,204,241,,,,47,21,26,,,
04/11/2022 20:00,57,29,28,24,13,11,20,13,7,0,0,0,,,,456,209,247,,,,45,18,27,,,
04/11/2022 21:00,36,17,19,9,6,3,17,13,4,0,0,0,,,,354,127,227,,,,25,9,16,,,
04/11/2022 22:00,21,12,9,8,4,4,10,4,6,0,0,0,,,,449,181,268,,,,17,7,10,,,
04/11/2022 23:00,16,13,3,7,3,4,11,9,2,0,0,0,,,,292,121,171,,,,12,5,7,,,
05/11/2022 00:00,1,1,0,0,0,0,9,5,4,0,0,0,,,,59,25,34,,,,5,5,0,,,
05/11/2022 01:00,4,3,1,2,0,2,1,0,1,0,0,0,,,,75,40,35,,,,6,5,1,,,
05/11/2022 02:00,3,2,1,1,1,0,0,0,0,0,0,0,,,,14,12,2,,,,2,1,1,,,
05/11/2022 03:00,1,1,0,1,1,0,1,1,0,0,0,0,,,,0,0,0,,,,4,2,2,,,
05/11/2022 04:00,0,0,0,1,0,1,1,0,1,0,0,0,,,,10,6,4,,,,0,0,0,,,
05/11/2022 05:00,0,0,0,0,0,0,0,0,0,0,0,0,,,,8,3,5,,,,6,6,0,,,
05/11/2022 06:00,13,7,6,4,3,1,5,4,1,0,0,0,,,,20,8,12,,,,5,2,3,,,
05/11/2022 07:00,50,28,22,13,5,8,10,6,4,0,0,0,,,,61,34,27,,,,12,4,8,,,
05/11/2022 08:00,114,43,71,42,22,20,22,9,13,0,0,0,,,,169,77,92,,,,23,13,10,,,
05/11/2022 09:00,155,74,81,50,26,24,26,12,14,0,0,0,,,,222,81,141,,,,23,10,13,,,
05/11/2022 10:00,167,95,72,68,32,36,47,27,20,0,0,0,,,,511,218,293,,,,46,24,22,,,
05/11/2022 11:00,205,99,106,59,37,22,42,23,19,0,0,0,,,,570,220,350,,,,49,33,16,,,
05/11/2022 12:00,292,156,136,61,31,30,46,22,24,0,0,0,,,,478,166,312,,,,59,23,36,,,
05/11/2022 13:00,360,184,176,61,27,34,59,33,26,0,0,0,,,,528,215,313,,,,61,26,35,,,
05/11/2022 14:00,321,172,149,76,52,24,57,35,22,0,0,0,,,,484,216,268,,,,57,27,30,,,
05/11/2022 15:00,478,228,250,72,47,25,55,22,33,0,0,0,,,,579,265,314,,,,57,24,33,,,
05/11/2022 16:00,350,165,185,63,23,40,52,23,29,0,0,0,,,,632,207,425,,,,54,31,23,,,
05/11/2022 17:00,212,105,107,36,15,21,36,9,27,0,0,0,,,,511,173,338,,,,54,22,32,,,
05/11/2022 18:00,90,48,42,16,3,13,16,8,8,0,0,0,,,,616,257,359,,,,57,28,29,,,
05/11/2022 19:00,90,36,54,21,13,8,22,12,10,0,0,0,,,,417,139,278,,,,47,22,25,,,
05/11/2022 20:00,90,56,34,23,6,17,26,12,14,0,0,0,,,,552,172,380,,,,25,10,15,,,
05/11/2022 21:00,39,19,20,28,24,4,23,12,11,0,0,0,,,,451,133,318,,,,21,10,11,,,
05/11/2022 22:00,27,15,12,23,4,19,17,11,6,0,0,0,,,,691,278,413,,,,10,4,6,,,
05/11/2022 23:00,8,4,4,6,5,1,3,1,2,0,0,0,,,,501,234,267,,,,7,5,2,,,
06/11/2022 00:00,1,0,1,0,0,0,1,0,1,0,0,0,,,,76,23,53,,,,5,4,1,,,
06/11/2022 01:00,3,2,1,2,1,1,4,1,3,0,0,0,,,,15,7,8,,,,4,3,1,,,
06/11/2022 02:00,0,0,0,0,0,0,2,2,0,0,0,0,,,,39,11,28,,,,4,4,0,,,
06/11/2022 03:00,2,1,1,1,1,0,1,1,0,0,0,0,,,,65,12,53,,,,4,2,2,,,
06/11/2022 04:00,0,0,0,0,0,0,1,0,1,0,0,0,,,,22,7,15,,,,0,0,0,,,
06/11/2022 05:00,1,1,0,5,0,5,0,0,0,0,0,0,,,,10,5,5,,,,3,2,1,,,
06/11/2022 06:00,10,5,5,3,1,2,7,5,2,0,0,0,,,,68,10,58,,,,0,0,0,,,
06/11/2022 07:00,44,24,20,6,4,2,10,6,4,0,0,0,,,,90,34,56,,,,15,6,9,,,
06/11/2022 08:00,100,35,65,23,9,14,23,16,7,0,0,0,,,,226,118,108,,,,15,4,11,,,
06/11/2022 09:00,184,71,113,48,34,14,31,17,14,0,0,0,,,,414,201,213,,,,33,22,11,,,
06/11/2022 10:00,370,221,149,79,43,36,62,34,28,0,0,0,,,,615,284,331,,,,46,26,20,,,
06/11/2022 11:00,652,318,334,114,67,47,80,42,38,0,0,0,,,,532,204,328,,,,49,33,16,,,
06/11/2022 12:00,738,410,328,107,48,59,90,49,41,0,0,0,,,,417,158,259,,,,72,37,35,,,
06/11/2022 13:00,717,381,336,90,45,45,89,39,50,0,0,0,,,,462,195,267,,,,57,16,41,,,
06/11/2022 14:00,648,337,311,76,45,31,85,49,36,0,0,0,,,,500,186,314,,,,60,21,39,,,
06/11/2022 15:00,635,315,320,72,44,28,81,53,28,0,0,0,,,,678,253,425,,,,76,29,47,,,
06/11/2022 16:00,459,225,234,71,31,40,79,32,47,0,0,0,,,,442,162,280,,,,58,23,35,,,
06/11/2022 17:00,181,98,83,43,16,27,45,20,25,0,0,0,,,,536,184,352,,,,35,17,18,,,
06/11/2022 18:00,106,43,63,16,7,9,24,9,15,0,0,0,,,,513,161,352,,,,33,16,17,,,
06/11/2022 19:00,84,39,45,5,2,3,16,10,6,0,0,0,,,,394,148,246,,,,30,15,15,,,
06/11/2022 20:00,63,30,33,12,7,5,12,4,8,0,0,0,,,,353,140,213,,,,28,17,11,,,
06/11/2022 21:00,22,11,11,9,5,4,10,2,8,0,0,0,,,,807,278,529,,,,10,5,5,,,
06/11/2022 22:00,11,10,1,1,0,1,0,0,0,0,0,0,,,,754,297,457,,,,6,3,3,,,
06/11/2022 23:00,1,1,0,1,0,1,0,0,0,0,0,0,,,,383,124,259,,,,11,4,7,,,
07/11/2022 00:00,0,0,0,0,0,0,0,0,0,0,0,0,,,,103,37,66,,,,3,3,0,,,
07/11/2022 01:00,2,1,1,0,0,0,0,0,0,0,0,0,,,,22,10,12,,,,1,1,0,,,
07/11/2022 02:00,0,0,0,0,0,0,0,0,0,0,0,0,,,,9,1,8,,,,2,2,0,,,
07/11/2022 03:00,0,0,0,0,0,0,0,0,0,0,0,0,,,,0,0,0,,,,1,1,0,,,
07/11/2022 04:00,0,0,0,1,1,0,0,0,0,0,0,0,,,,3,0,3,,,,0,0,0,,,
07/11/2022 05:00,6,1,5,2,1,1,0,0,0,0,0,0,,,,9,5,4,,,,1,0,1,,,
07/11/2022 06:00,44,20,24,14,6,8,16,9,7,0,0,0,,,,61,27,34,,,,10,4,6,,,
07/11/2022 07:00,81,34,47,26,11,15,15,9,6,0,0,0,,,,350,123,227,,,,31,12,19,,,
07/11/2022 08:00,113,58,55,30,13,17,27,15,12,0,0,0,,,,645,243,402,,,,120,91,29,,,
07/11/2022 09:00,99,50,49,40,23,17,14,8,6,0,0,0,,,,340,153,187,,,,35,16,19,,,
07/11/2022 10:00,94,44,50,34,15,19,22,14,8,0,0,0,,,,633,261,372,,,,33,17,16,,,
07/11/2022 11:00,90,38,52,25,17,8,18,11,7,0,0,0,,,,495,195,300,,,,26,14,12,,,
07/11/2022 12:00,61,30,31,22,8,14,15,4,11,0,0,0,,,,229,96,133,,,,26,17,9,,,
07/11/2022 13:00,42,13,29,24,13,11,31,15,16,0,0,0,,,,117,46,71,,,,37,16,21,,,
07/11/2022 14:00,54,29,25,20,8,12,21,10,11,0,0,0,,,,293,105,188,,,,46,18,28,,,
07/11/2022 15:00,60,37,23,17,12,5,15,9,6,0,0,0,,,,278,73,205,,,,80,10,70,,,
07/11/2022 16:00,48,25,23,27,16,11,18,12,6,0,0,0,,,,536,165,371,,,,66,27,39,,,
07/11/2022 17:00,71,39,32,27,17,10,22,14,8,0,0,0,,,,488,167,321,,,,42,22,20,,,
07/11/2022 18:00,31,13,18,14,8,6,25,15,10,0,0,0,,,,200,54,146,,,,25,11,14,,,
07/11/2022 19:00,11,4,7,13,10,3,9,3,6,0,0,0,,,,121,40,81,,,,8,3,5,,,
07/11/2022 20:00,18,10,8,7,2,5,3,1,2,0,0,0,,,,240,76,164,,,,13,7,6,,,
07/11/2022 21:00,13,8,5,9,5,4,2,2,0,0,0,0,,,,206,72,134,,,,14,5,9,,,
07/11/2022 22:00,13,9,4,2,1,1,6,4,2,0,0,0,,,,462,189,273,,,,8,3,5,,,
07/11/2022 23:00,3,0,3,2,2,0,1,1,0,0,0,0,,,,309,128,181,,,,0,0,0,,,
08/11/2022 00:00,1,1,0,0,0,0,1,0,1,0,0,0,,,,77,41,36,,,,5,4,1,,,
08/11/2022 01:00,0,0,0,0,0,0,0,0,0,0,0,0,,,,12,8,4,,,,2,2,0,,,
08/11/2022 02:00,0,0,0,0,0,0,0,0,0,0,0,0,,,,26,4,22,,,,2,1,1,,,
08/11/2022 03:00,0,0,0,0,0,0,0,0,0,0,0,0,,,,7,3,4,,,,2,1,1,,,
08/11/2022 04:00,0,0,0,1,1,0,0,0,0,0,0,0,,,,3,0,3,,,,1,1,0,,,
08/11/2022 05:00,2,1,1,0,0,0,0,0,0,0,0,0,,,,16,4,12,,,,2,1,1,,,
08/11/2022 06:00,24,9,15,11,9,2,11,7,4,0,0,0,,,,166,72,94,,,,14,4,10,,,
08/11/2022 07:00,58,26,32,21,4,17,13,5,8,0,0,0,,,,263,91,172,,,,38,17,21,,,
08/11/2022 08:00,131,63,68,30,12,18,30,13,17,0,0,0,,,,412,147,265,,,,131,93,38,,,
08/11/2022 09:00,134,57,77,40,19,21,21,11,10,0,0,0,,,,359,150,209,,,,60,29,31,,,
08/11/2022 10:00,143,69,74,42,21,21,19,10,9,0,0,0,,,,394,187,207,,,,58,25,33,,,
08/11/2022 11:00,133,65,68,29,16,13,17,10,7,0,0,0,,,,361,168,193,,,,33,19,14,,,
08/11/2022 12:00,174,79,95,41,21,20,31,16,15,0,0,0,,,,295,143,152,,,,61,32,29,,,
08/11/2022 13:00,177,94,83,33,18,15,39,24,15,0,0,0,,,,405,193,212,,,,66,30,36,,,
08/11/2022 14:00,153,68,85,29,11,18,23,12,11,0,0,0,,,,370,149,221,,,,59,26,33,,,
08/11/2022 15:00,153,79,74,33,23,10,30,19,11,0,0,0,,,,446,166,280,,,,126,37,89,,,
08/11/2022 16:00,116,60,56,36,19,17,29,15,14,0,0,0,,,,718,244,474,,,,85,29,56,,,
08/11/2022 17:00,136,79,57,31,19,12,33,23,10,0,0,0,,,,607,201,406,,,,75,41,34,,,
08/11/2022 18:00,138,76,62,58,37,21,36,20,16,0,0,0,,,,550,201,349,,,,65,44,21,,,
08/11/2022 19:00,135,70,65,55,25,30,49,28,21,0,0,0,,,,349,133,216,,,,62,26,36,,,
08/11/2022 20:00,126,66,60,28,12,16,21,13,8,0,0,0,,,,420,178,242,,,,52,20,32,,,
08/11/2022 21:00,61,32,29,9,1,8,17,11,6,0,0,0,,,,659,211,448,,,,14,6,8,,,
08/11/2022 22:00,28,21,7,0,0,0,10,3,7,0,0,0,,,,376,167,209,,,,4,2,2,,,
08/11/2022 23:00,15,10,5,2,1,1,5,1,4,0,0,0,,,,203,66,137,,,,1,1,0,,,
09/11/2022 00:00,0,0,0,0,0,0,0,0,0,0,0,0,,,,226,112,114,,,,4,4,0,,,
09/11/2022 01:00,1,0,1,0,0,0,0,0,0,0,0,0,,,,87,36,51,,,,1,1,0,,,
09/11/2022 02:00,1,0,1,1,0,1,1,0,1,0,0,0,,,,59,20,39,,,,1,1,0,,,
09/11/2022 03:00,0,0,0,0,0,0,0,0,0,0,0,0,,,,12,8,4,,,,1,1,0,,,
09/11/2022 04:00,0,0,0,1,1,0,0,0,0,0,0,0,,,,19,11,8,,,,0,0,0,,,
09/11/2022 05:00,4,0,4,0,0,0,0,0,0,0,0,0,,,,5,2,3,,,,4,1,3,,,
09/11/2022 06:00,43,24,19,17,7,10,11,7,4,0,0,0,,,,158,80,78,,,,10,7,3,,,
09/11/2022 07:00,80,43,37,29,9,20,20,8,12,0,0,0,,,,591,211,380,,,,37,13,24,,,
09/11/2022 08:00,132,67,65,61,22,39,24,4,20,0,0,0,,,,870,295,575,,,,129,84,45,,,
09/11/2022 09:00,95,46,49,27,10,17,17,6,11,0,0,0,,,,427,142,285,,,,67,35,32,,,
09/11/2022 10:00,94,43,51,21,10,11,16,7,9,0,0,0,,,,338,127,211,,,,23,8,15,,,
09/11/2022 11:00,178,78,100,54,26,28,58,33,25,0,0,0,,,,353,148,205,,,,43,29,14,,,
09/11/2022 12:00,188,111,77,46,26,20,40,26,14,0,0,0,,,,407,138,269,,,,38,23,15,,,
09/11/2022 13:00,161,77,84,38,22,16,30,18,12,0,0,0,,,,663,221,442,,,,62,29,33,,,
09/11/2022 14:00,114,61,53,18,9,9,30,17,13,0,0,0,,,,417,136,281,,,,79,33,46,,,
09/11/2022 15:00,121,57,64,33,20,13,29,19,10,0,0,0,,,,688,234,454,,,,113,31,82,,,
09/11/2022 16:00,137,66,71,27,8,19,20,10,10,0,0,0,,,,427,152,275,,,,90,37,53,,,
09/11/2022 17:00,113,51,62,39,24,15,38,23,15,0,0,0,,,,601,188,413,,,,71,38,33,,,
09/11/2022 18:00,149,74,75,52,40,12,35,21,14,0,0,0,,,,559,203,356,,,,45,25,20,,,
09/11/2022 19:00,138,67,71,31,17,14,51,24,27,0,0,0,,,,441,157,284,,,,34,16,18,,,
09/11/2022 20:00,116,59,57,19,6,13,19,10,9,0,0,0,,,,304,121,183,,,,42,22,20,,,
09/11/2022 21:00,49,26,23,11,2,9,6,2,4,0,0,0,,,,658,261,397,,,,33,15,18,,,
09/11/2022 22:00,21,12,9,4,0,4,8,3,5,0,0,0,,,,240,79,161,,,,14,6,8,,,
09/11/2022 23:00,6,4,2,1,0,1,0,0,0,0,0,0,,,,88,37,51,,,,5,1,4,,,
10/11/2022 00:00,0,0,0,0,0,0,3,0,3,0,0,0,,,,42,18,24,,,,3,3,0,,,
10/11/2022 01:00,1,0,1,1,0,1,1,1,0,0,0,0,,,,42,19,23,,,,1,1,0,,,
10/11/2022 02:00,0,0,0,0,0,0,0,0,0,0,0,0,,,,3,3,0,,,,0,0,0,,,
10/11/2022 03:00,2,1,1,0,0,0,0,0,0,0,0,0,,,,1,0,1,,,,1,1,0,,,
10/11/2022 04:00,0,0,0,1,1,0,0,0,0,0,0,0,,,,2,0,2,,,,0,0,0,,,
10/11/2022 05:00,5,0,5,1,0,1,0,0,0,0,0,0,,,,22,12,10,,,,1,0,1,,,
10/11/2022 06:00,48,25,23,7,6,1,10,6,4,0,0,0,,,,88,36,52,,,,14,5,9,,,
10/11/2022 07:00,86,46,40,27,8,19,17,6,11,0,0,0,,,,358,136,222,,,,24,11,13,,,
10/11/2022 08:00,122,52,70,37,8,29,13,4,9,0,0,0,,,,698,249,449,,,,122,93,29,,,
10/11/2022 09:00,122,64,58,27,15,12,22,11,11,0,0,0,,,,315,115,200,,,,43,17,26,,,
10/11/2022 10:00,99,47,52,31,14,17,19,9,10,0,0,0,,,,359,139,220,,,,32,24,8,,,
10/11/2022 11:00,108,47,61,39,21,18,24,17,7,0,0,0,,,,285,113,172,,,,54,31,23,,,
10/11/2022 12:00,127,64,63,42,23,19,22,12,10,0,0,0,,,,334,164,170,,,,48,17,31,,,
10/11/2022 13:00,148,83,65,37,17,20,39,24,15,0,0,0,,,,457,202,255,,,,50,22,28,,,
10/11/2022 14:00,119,51,68,39,17,22,19,8,11,0,0,0,,,,367,156,211,,,,64,31,33,,,
10/11/2022 15:00,78,36,42,22,11,11,13,7,6,0,0,0,,,,366,147,219,,,,96,27,69,,,
10/11/2022 16:00,89,53,36,33,22,11,28,16,12,0,0,0,,,,615,219,396,,,,78,35,43,,,
10/11/2022 17:00,110,60,50,38,18,20,52,29,23,0,0,0,,,,512,168,344,,,,70,36,34,,,
10/11/2022 18:00,105,57,48,39,26,13,41,23,18,0,0,0,,,,507,206,301,,,,71,37,34,,,
10/11/2022 19:00,105,60,45,28,16,12,11,7,4,0,0,0,,,,326,145,181,,,,45,17,28,,,
10/11/2022 20:00,67,37,30,21,11,10,13,4,9,0,0,0,,,,460,204,256,,,,50,24,26,,,
10/11/2022 21:00,37,21,16,7,3,4,4,0,4,0,0,0,,,,291,88,203,,,,25,12,13,,,
10/11/2022 22:00,17,10,7,6,2,4,9,5,4,0,0,0,,,,410,147,263,,,,12,5,7,,,
10/11/2022 23:00,7,5,2,0,0,0,3,2,1,0,0,0,,,,238,89,149,,,,6,2,4,,,
11/11/2022 00:00,1,0,1,2,0,2,3,0,3,0,0,0,,,,182,73,109,,,,7,7,0,,,
11/11/2022 01:00,0,0,0,2,1,1,0,0,0,0,0,0,,,,57,14,43,,,,1,0,1,,,
11/11/2022 02:00,0,0,0,0,0,0,0,0,0,0,0,0,,,,39,24,15,,,,0,0,0,,,
11/11/2022 03:00,0,0,0,1,1,0,0,0,0,0,0,0,,,,3,1,2,,,,3,3,0,,,
11/11/2022 04:00,1,0,1,1,1,0,0,0,0,0,0,0,,,,3,2,1,,,,1,0,1,,,
11/11/2022 05:00,10,6,4,0,0,0,1,1,0,0,0,0,,,,35,26,9,,,,3,2,1,,,
11/11/2022 06:00,39,13,26,18,12,6,16,12,4,0,0,0,,,,106,51,55,,,,13,6,7,,,
11/11/2022 07:00,78,39,39,22,9,13,18,8,10,0,0,0,,,,423,179,244,,,,31,13,18,,,
11/11/2022 08:00,155,78,77,48,22,26,26,12,14,0,0,0,,,,515,189,326,,,,101,73,28,,,
11/11/2022 09:00,143,70,73,27,16,11,28,17,11,0,0,0,,,,361,154,207,,,,42,26,16,,,
11/11/2022 10:00,182,78,104,33,9,24,30,17,13,0,0,0,,,,377,156,221,,,,27,13,14,,,
11/11/2022 11:00,153,72,81,36,20,16,26,13,13,0,0,0,,,,275,138,137,,,,26,14,12,,,
11/11/2022 12:00,148,63,85,37,20,17,35,18,17,0,0,0,,,,245,112,133,,,,40,23,17,,,
11/11/2022 13:00,183,94,89,49,28,21,26,14,12,0,0,0,,,,345,171,174,,,,126,35,91,,,
11/11/2022 14:00,138,61,77,25,9,16,34,20,14,0,0,0,,,,462,197,265,,,,71,31,40,,,
11/11/2022 15:00,144,73,71,33,18,15,27,20,7,0,0,0,,,,359,112,247,,,,57,34,23,,,
11/11/2022 16:00,158,60,98,35,17,18,28,11,17,0,0,0,,,,434,159,275,,,,63,24,39,,,
11/11/2022 17:00,143,76,67,33,19,14,51,24,27,0,0,0,,,,747,273,474,,,,62,27,35,,,
11/11/2022 18:00,115,57,58,49,33,16,52,37,15,0,0,0,,,,438,165,273,,,,55,31,24,,,
11/11/2022 19:00,103,50,53,26,15,11,28,14,14,0,0,0,,,,365,106,259,,,,56,23,33,,,
11/11/2022 20:00,81,41,40,16,7,9,13,9,4,0,0,0,,,,383,94,289,,,,33,14,19,,,
11/11/2022 21:00,63,33,30,12,5,7,31,19,12,0,0,0,,,,368,123,245,,,,20,9,11,,,
11/11/2022 22:00,34,22,12,14,4,10,16,8,8,0,0,0,,,,564,281,283,,,,11,3,8,,,
11/11/2022 23:00,19,13,6,3,2,1,2,0,2,0,0,0,,,,245,84,161,,,,11,6,5,,,
12/11/2022 00:00,0,0,0,4,2,2,4,2,2,0,0,0,,,,70,24,46,,,,10,7,3,,,
12/11/2022 01:00,2,2,0,1,0,1,4,4,0,0,0,0,,,,54,22,32,,,,7,4,3,,,
12/11/2022 02:00,0,0,0,0,0,0,0,0,0,0,0,0,,,,316,97,219,,,,3,3,0,,,
12/11/2022 03:00,1,1,0,1,1,0,1,0,1,0,0,0,,,,29,12,17,,,,1,1,0,,,
12/11/2022 04:00,0,0,0,0,0,0,0,0,0,0,0,0,,,,4,1,3,,,,3,2,1,,,
12/11/2022 05:00,1,1,0,0,0,0,1,0,1,0,0,0,,,,7,2,5,,,,2,2,0,,,
12/11/2022 06:00,24,8,16,2,2,0,3,2,1,0,0,0,,,,26,14,12,,,,12,1,11,,,
12/11/2022 07:00,61,32,29,10,5,5,15,13,2,0,0,0,,,,278,164,114,,,,14,5,9,,,
12/11/2022 08:00,106,48,58,45,19,26,30,21,9,0,0,0,,,,508,299,209,,,,24,15,9,,,
12/11/2022 09:00,166,87,79,39,22,17,29,17,12,0,0,0,,,,291,127,164,,,,28,11,17,,,
12/11/2022 10:00,177,79,98,69,28,41,52,24,28,0,0,0,,,,392,157,235,,,,46,21,25,,,
12/11/2022 11:00,251,123,128,63,37,26,42,25,17,0,0,0,,,,432,174,258,,,,40,19,21,,,
12/11/2022 12:00,212,102,110,66,21,45,55,28,27,0,0,0,,,,666,248,418,,,,41,17,24,,,
12/11/2022 13:00,126,60,66,59,32,27,31,21,10,0,0,0,,,,594,227,367,,,,46,27,19,,,
12/11/2022 14:00,182,93,89,48,29,19,38,18,20,0,0,0,,,,499,193,306,,,,57,27,30,,,
12/11/2022 15:00,232,114,118,59,27,32,45,19,26,0,0,0,,,,558,238,320,,,,61,27,34,,,
12/11/2022 16:00,272,126,146,67,35,32,40,19,21,0,0,0,,,,773,290,483,,,,67,33,34,,,
12/11/2022 17:00,177,99,78,55,29,26,38,24,14,0,0,0,,,,473,189,284,,,,44,15,29,,,
12/11/2022 18:00,113,55,58,26,7,19,44,17,27,0,0,0,,,,404,161,243,,,,30,15,15,,,
12/11/2022 19:00,56,30,26,21,14,7,47,30,17,0,0,0,,,,595,246,349,,,,25,15,10,,,
12/11/2022 20:00,64,34,30,16,7,9,22,9,13,0,0,0,,,,468,165,303,,,,24,13,11,,,
12/11/2022 21:00,41,16,25,13,5,8,31,29,2,0,0,0,,,,334,102,232,,,,10,4,6,,,
12/11/2022 22:00,24,14,10,10,3,7,10,7,3,0,0,0,,,,239,98,141,,,,36,13,23,,,
12/11/2022 23:00,12,5,7,4,3,1,8,3,5,0,0,0,,,,161,66,95,,,,12,8,4,,,
13/11/2022 00:00,2,2,0,0,0,0,7,2,5,0,0,0,,,,229,73,156,,,,6,5,1,,,
13/11/2022 01:00,6,4,2,0,0,0,1,0,1,0,0,0,,,,276,77,199,,,,10,7,3,,,
13/11/2022 02:00,4,4,0,1,0,1,0,0,0,0,0,0,,,,32,5,27,,,,4,4,0,,,
13/11/2022 03:00,8,8,0,0,0,0,0,0,0,0,0,0,,,,21,3,18,,,,6,6,0,,,
13/11/2022 04:00,0,0,0,0,0,0,1,0,1,0,0,0,,,,3,2,1,,,,3,1,2,,,
13/11/2022 05:00,4,3,1,1,1,0,0,0,0,0,0,0,,,,4,3,1,,,,4,2,2,,,
13/11/2022 06:00,3,1,2,5,3,2,3,2,1,0,0,0,,,,11,6,5,,,,0,0,0,,,
13/11/2022 07:00,33,15,18,11,8,3,9,5,4,0,0,0,,,,52,28,24,,,,7,1,6,,,
13/11/2022 08:00,66,28,38,33,19,14,22,15,7,0,0,0,,,,106,48,58,,,,21,8,13,,,
13/11/2022 09:00,186,89,97,48,25,23,27,15,12,0,0,0,,,,240,125,115,,,,22,11,11,,,
13/11/2022 10:00,275,155,120,49,25,24,35,25,10,0,0,0,,,,706,234,472,,,,36,26,10,,,
13/11/2022 11:00,400,206,194,64,28,36,61,35,26,0,0,0,,,,546,210,336,,,,44,26,18,,,
13/11/2022 12:00,497,264,233,71,38,33,60,33,27,0,0,0,,,,329,148,181,,,,72,45,27,,,
13/11/2022 13:00,462,235,227,71,38,33,50,24,26,0,0,0,,,,365,157,208,,,,63,24,39,,,
13/11/2022 14:00,482,227,255,77,37,40,48,28,20,0,0,0,,,,397,168,229,,,,51,18,33,,,
13/11/2022 15:00,420,186,234,88,48,40,61,32,29,0,0,0,,,,473,217,256,,,,52,30,22,,,
13/11/2022 16:00,400,186,214,56,32,24,37,16,21,0,0,0,,,,608,205,403,,,,50,25,25,,,
13/11/2022 17:00,222,109,113,50,19,31,51,24,27,0,0,0,,,,639,205,434,,,,35,10,25,,,
13/11/2022 18:00,108,56,52,26,11,15,19,9,10,0,0,0,,,,400,159,241,,,,27,19,8,,,
13/11/2022 19:00,84,37,47,19,11,8,11,1,10,0,0,0,,,,433,158,275,,,,46,20,26,,,
13/11/2022 20:00,41,23,18,16,9,7,10,2,8,0,0,0,,,,457,164,293,,,,29,14,15,,,
13/11/2022 21:00,40,20,20,17,6,11,1,0,1,0,0,0,,,,534,203,331,,,,31,20,11,,,
13/11/2022 22:00,3,2,1,2,1,1,4,2,2,0,0,0,,,,251,84,167,,,,13,7,6,,,
13/11/2022 23:00,3,1,2,1,0,1,0,0,0,0,0,0,,,,127,64,63,,,,5,4,1,,,
14/11/2022 00:00,0,0,0,0,0,0,0,0,0,0,0,0,,,,44,17,27,,,,4,4,0,,,
14/11/2022 01:00,0,0,0,0,0,0,0,0,0,0,0,0,,,,12,2,10,,,,0,0,0,,,
14/11/2022 02:00,0,0,0,0,0,0,0,0,0,0,0,0,,,,1,0,1,,,,0,0,0,,,
14/11/2022 03:00,0,0,0,0,0,0,0,0,0,0,0,0,,,,3,1,2,,,,1,1,0,,,
14/11/2022 04:00,0,0,0,1,1,0,0,0,0,0,0,0,,,,28,11,17,,,,0,0,0,,,
14/11/2022 05:00,2,1,1,0,0,0,0,0,0,0,0,0,,,,4,3,1,,,,2,1,1,,,
14/11/2022 06:00,59,29,30,13,8,5,12,7,5,0,0,0,,,,20,8,12,,,,11,5,6,,,
14/11/2022 07:00,122,66,56,22,6,16,4,3,1,0,0,0,,,,163,83,80,,,,40,17,23,,,
14/11/2022 08:00,108,49,59,47,22,25,21,7,14,0,0,0,,,,290,124,166,,,,124,90,34,,,
14/11/2022 09:00,123,61,62,37,15,22,18,9,9,0,0,0,,,,194,93,101,,,,60,28,32,,,
14/11/2022 10:00,139,54,85,27,11,16,26,17,9,0,0,0,,,,168,85,83,,,,33,17,16,,,
14/11/2022 11:00,133,73,60,38,23,15,26,18,8,0,0,0,,,,163,67,96,,,,32,16,16,,,
14/11/2022 12:00,222,107,115,33,15,18,28,14,14,0,0,0,,,,144,77,67,,,,36,17,19,,,
14/11/2022 13:00,235,110,125,55,25,30,53,28,25,0,0,0,,,,327,169,158,,,,59,23,36,,,
14/11/2022 14:00,196,96,100,48,27,21,26,12,14,0,0,0,,,,340,134,206,,,,91,38,53,,,
14/11/2022 15:00,189,91,98,50,19,31,39,23,16,0,0,0,,,,440,201,239,,,,131,34,97,,,
14/11/2022 16:00,118,60,58,34,17,17,31,16,15,0,0,0,,,,684,247,437,,,,69,33,36,,,
14/11/2022 17:00,115,62,53,35,22,13,38,25,13,0,0,0,,,,803,280,523,,,,55,23,32,,,
14/11/2022 18:00,90,46,44,37,23,14,40,25,15,0,0,0,,,,535,210,325,,,,59,39,20,,,
14/11/2022 19:00,107,53,54,37,22,15,18,9,9,0,0,0,,,,910,399,511,,,,40,16,24,,,
14/11/2022 20:00,77,41,36,24,10,14,18,6,12,0,0,0,,,,820,389,431,,,,37,15,22,,,
14/11/2022 21:00,16,12,4,10,6,4,8,4,4,0,0,0,,,,313,129,184,,,,10,5,5,,,
14/11/2022 22:00,2,1,1,1,1,0,2,1,1,0,0,0,,,,105,42,63,,,,12,6,6,,,
14/11/2022 23:00,0,0,0,1,0,1,2,0,2,0,0,0,,,,94,48,46,,,,1,1,0,,,
15/11/2022 00:00,0,0,0,0,0,0,0,0,0,0,0,0,,,,7,6,1,,,,4,4,0,,,
15/11/2022 01:00,0,0,0,0,0,0,0,0,0,0,0,0,,,,11,4,7,,,,0,0,0,,,
15/11/2022 02:00,0,0,0,0,0,0,0,0,0,0,0,0,,,,2,0,2,,,,0,0,0,,,
15/11/2022 03:00,0,0,0,0,0,0,0,0,0,0,0,0,,,,7,5,2,,,,0,0,0,,,
15/11/2022 04:00,0,0,0,1,1,0,0,0,0,0,0,0,,,,140,76,64,,,,1,1,0,,,
15/11/2022 05:00,10,2,8,5,4,1,0,0,0,0,0,0,,,,33,22,11,,,,3,2,1,,,
15/11/2022 06:00,49,27,22,16,11,5,12,11,1,0,0,0,,,,75,31,44,,,,10,4,6,,,
15/11/2022 07:00,64,32,32,24,11,13,23,11,12,0,0,0,,,,258,88,170,,,,40,17,23,,,
15/11/2022 08:00,148,71,77,48,20,28,20,13,7,0,0,0,,,,475,151,324,,,,138,98,40,,,
15/11/2022 09:00,112,56,56,33,19,14,19,10,9,0,0,0,,,,480,163,317,,,,53,19,34,,,
15/11/2022 10:00,125,49,76,44,19,25,25,15,10,0,0,0,,,,269,118,151,,,,51,22,29,,,
15/11/2022 11:00,237,132,105,45,20,25,30,17,13,0,0,0,,,,313,133,180,,,,46,15,31,,,
15/11/2022 12:00,228,120,108,40,20,20,27,13,14,0,0,0,,,,378,178,200,,,,57,37,20,,,
15/11/2022 13:00,256,117,139,48,29,19,39,26,13,0,0,0,,,,739,320,419,,,,76,38,38,,,
15/11/2022 14:00,201,96,105,42,21,21,24,13,11,0,0,0,,,,663,297,366,,,,76,34,42,,,
15/11/2022 15:00,163,75,88,45,24,21,44,21,23,0,0,0,,,,680,287,393,,,,111,26,85,,,
15/11/2022 16:00,106,45,61,33,18,15,31,15,16,0,0,0,,,,793,296,497,,,,95,42,53,,,
15/11/2022 17:00,102,56,46,46,28,18,36,24,12,0,0,0,,,,868,300,568,,,,69,31,38,,,
15/11/2022 18:00,115,56,59,56,29,27,42,20,22,0,0,0,,,,880,378,502,,,,70,43,27,,,
15/11/2022 19:00,128,59,69,37,14,23,30,18,12,0,0,0,,,,604,261,343,,,,70,36,34,,,
15/11/2022 20:00,88,58,30,34,16,18,24,11,13,0,0,0,,,,495,186,309,,,,44,13,31,,,
15/11/2022 21:00,50,25,25,14,9,5,12,7,5,0,0,0,,,,637,270,367,,,,12,3,9,,,
15/11/2022 22:00,23,11,12,6,3,3,7,4,3,0,0,0,,,,657,326,331,,,,1,0,1,,,
15/11/2022 23:00,2,2,0,0,0,0,2,0,2,0,0,0,,,,616,190,426,,,,8,4,4,,,
16/11/2022 00:00,0,0,0,0,0,0,0,0,0,0,0,0,,,,244,114,130,,,,2,1,1,,,
16/11/2022 01:00,1,1,0,0,0,0,0,0,0,0,0,0,,,,150,91,59,,,,0,0,0,,,
16/11/2022 02:00,0,0,0,1,0,1,1,1,0,0,0,0,,,,21,4,17,,,,2,0,2,,,
16/11/2022 03:00,1,0,1,0,0,0,0,0,0,0,0,0,,,,11,2,9,,,,1,1,0,,,
16/11/2022 04:00,1,1,0,1,1,0,0,0,0,0,0,0,,,,0,0,0,,,,0,0,0,,,
16/11/2022 05:00,6,0,6,3,3,0,0,0,0,0,0,0,,,,14,5,9,,,,3,2,1,,,
16/11/2022 06:00,33,14,19,12,6,6,13,10,3,0,0,0,,,,136,63,73,,,,18,9,9,,,
16/11/2022 07:00,69,34,35,31,14,17,15,6,9,0,0,0,,,,449,140,309,,,,37,17,20,,,
16/11/2022 08:00,134,69,65,33,10,23,21,9,12,0,0,0,,,,700,270,430,,,,138,95,43,,,
16/11/2022 09:00,136,67,69,26,9,17,29,17,12,0,0,0,,,,516,182,334,,,,57,23,34,,,
16/11/2022 10:00,141,68,73,35,16,19,16,8,8,0,0,0,,,,369,157,212,,,,38,21,17,,,
16/11/2022 11:00,164,69,95,44,22,22,39,23,16,0,0,0,,,,409,138,271,,,,42,28,14,,,
16/11/2022 12:00,220,110,110,61,37,24,50,30,20,0,0,0,,,,551,225,326,,,,54,23,31,,,
16/11/2022 13:00,219,103,116,60,28,32,60,23,37,0,0,0,,,,1054,426,628,,,,77,37,40,,,
16/11/2022 14:00,162,65,97,44,23,21,39,20,19,0,0,0,,,,779,316,463,,,,111,47,64,,,
16/11/2022 15:00,178,84,94,37,16,21,37,20,17,0,0,0,,,,799,278,521,,,,115,40,75,,,
16/11/2022 16:00,131,68,63,37,18,19,51,29,22,0,0,0,,,,861,294,567,,,,81,40,41,,,
16/11/2022 17:00,85,43,42,48,27,21,38,22,16,0,0,0,,,,751,265,486,,,,45,20,25,,,
16/11/2022 18:00,95,53,42,35,16,19,23,14,9,0,0,0,,,,597,233,364,,,,53,30,23,,,
16/11/2022 19:00,65,35,30,23,11,12,17,9,8,0,0,0,,,,428,170,258,,,,32,17,15,,,
16/11/2022 20:00,56,36,20,12,7,5,18,11,7,0,0,0,,,,291,117,174,,,,26,10,16,,,
16/11/2022 21:00,36,17,19,10,3,7,5,3,2,0,0,0,,,,447,147,300,,,,24,11,13,,,
16/11/2022 22:00,10,6,4,8,3,5,8,3,5,0,0,0,,,,436,137,299,,,,13,3,10,,,
16/11/2022 23:00,3,2,1,4,0,4,4,1,3,0,0,0,,,,209,88,121,,,,7,5,2,,,
17/11/2022 00:00,0,0,0,0,0,0,6,2,4,0,0,0,,,,141,54,87,,,,5,2,3,,,
17/11/2022 01:00,0,0,0,0,0,0,0,0,0,0,0,0,,,,72,36,36,,,,4,3,1,,,
17/11/2022 02:00,0,0,0,0,0,0,0,0,0,0,0,0,,,,77,38,39,,,,0,0,0,,,
17/11/2022 03:00,1,1,0,0,0,0,0,0,0,0,0,0,,,,3,1,2,,,,0,0,0,,,
17/11/2022 04:00,0,0,0,1,1,0,0,0,0,0,0,0,,,,14,7,7,,,,1,1,0,,,
17/11/2022 05:00,7,2,5,0,0,0,2,2,0,0,0,0,,,,67,45,22,,,,5,3,2,,,
17/11/2022 06:00,49,28,21,10,5,5,17,10,7,0,0,0,,,,203,74,129,,,,13,9,4,,,
17/11/2022 07:00,75,34,41,32,11,21,13,4,9,0,0,0,,,,439,184,255,,,,36,21,15,,,
17/11/2022 08:00,110,56,54,44,18,26,23,10,13,0,0,0,,,,1026,370,656,,,,125,82,43,,,
17/11/2022 09:00,109,47,62,26,13,13,18,6,12,0,0,0,,,,855,313,542,,,,51,21,30,,,
17/11/2022 10:00,128,53,75,43,20,23,15,9,6,0,0,0,,,,539,235,304,,,,42,24,18,,,
17/11/2022 11:00,184,95,89,35,14,21,30,20,10,0,0,0,,,,801,361,440,,,,45,19,26,,,
17/11/2022 12:00,149,71,78,32,15,17,24,9,15,0,0,0,,,,463,222,241,,,,45,14,31,,,
17/11/2022 13:00,165,88,77,35,15,20,30,15,15,0,0,0,,,,697,340,357,,,,66,30,36,,,
17/11/2022 14:00,81,39,42,24,7,17,13,4,9,0,0,0,,,,474,178,296,,,,71,24,47,,,
17/11/2022 15:00,97,38,59,18,15,3,13,6,7,0,0,0,,,,732,287,445,,,,93,20,73,,,
17/11/2022 16:00,89,46,43,33,21,12,25,17,8,0,0,0,,,,1147,427,720,,,,84,45,39,,,
17/11/2022 17:00,88,48,40,34,21,13,28,20,8,0,0,0,,,,1408,489,919,,,,61,25,36,,,
17/11/2022 18:00,80,37,43,32,20,12,28,20,8,0,0,0,,,,1165,443,722,,,,50,31,19,,,
17/11/2022 19:00,105,56,49,30,13,17,21,12,9,0,0,0,,,,877,369,508,,,,53,24,29,,,
17/11/2022 20:00,81,44,37,21,8,13,15,6,9,0,0,0,,,,551,213,338,,,,34,8,26,,,
17/11/2022 21:00,45,25,20,7,2,5,7,2,5,0,0,0,,,,1141,483,658,,,,24,6,18,,,
17/11/2022 22:00,15,10,5,10,9,1,7,3,4,0,0,0,,,,953,406,547,,,,9,7,2,,,
17/11/2022 23:00,5,4,1,4,0,4,3,2,1,0,0,0,,,,313,150,163,,,,6,4,2,,,
18/11/2022 00:00,0,0,0,0,0,0,1,0,1,0,0,0,,,,167,54,113,,,,8,7,1,,,
18/11/2022 01:00,1,1,0,0,0,0,1,1,0,0,0,0,,,,214,79,135,,,,0,0,0,,,
18/11/2022 02:00,0,0,0,0,0,0,0,0,0,0,0,0,,,,148,71,77,,,,0,0,0,,,
18/11/2022 03:00,0,0,0,0,0,0,0,0,0,0,0,0,,,,40,21,19,,,,1,1,0,,,
18/11/2022 04:00,0,0,0,0,0,0,0,0,0,0,0,0,,,,9,5,4,,,,0,0,0,,,
18/11/2022 05:00,6,3,3,0,0,0,0,0,0,0,0,0,,,,59,36,23,,,,2,1,1,,,
18/11/2022 06:00,31,14,17,10,5,5,11,8,3,0,0,0,,,,260,121,139,,,,11,6,5,,,
18/11/2022 07:00,54,31,23,20,13,7,16,8,8,0,0,0,,,,622,261,361,,,,23,8,15,,,
18/11/2022 08:00,110,62,48,37,19,18,22,13,9,0,0,0,,,,1147,415,732,,,,97,74,23,,,
18/11/2022 09:00,139,64,75,28,13,15,23,13,10,0,0,0,,,,747,314,433,,,,40,19,21,,,
18/11/2022 10:00,129,58,71,43,22,21,26,16,10,0,0,0,,,,624,265,359,,,,30,14,16,,,
18/11/2022 11:00,180,94,86,34,21,13,22,16,6,0,0,0,,,,352,173,179,,,,32,13,19,,,
18/11/2022 12:00,176,81,95,43,23,20,50,31,19,0,0,0,,,,896,369,527,,,,53,22,31,,,
18/11/2022 13:00,192,87,105,35,15,20,45,27,18,0,0,0,,,,1030,436,594,,,,114,24,90,,,
18/11/2022 14:00,185,103,82,28,14,14,30,18,12,0,0,0,,,,825,364,461,,,,90,40,50,,,
18/11/2022 15:00,156,73,83,31,18,13,30,14,16,0,0,0,,,,720,285,435,,,,73,35,38,,,
18/11/2022 16:00,135,59,76,37,22,15,51,21,30,0,0,0,,,,850,294,556,,,,64,31,33,,,
18/11/2022 17:00,81,37,44,38,23,15,37,18,19,0,0,0,,,,1011,364,647,,,,67,26,41,,,
18/11/2022 18:00,92,49,43,37,17,20,21,12,9,0,0,0,,,,768,258,510,,,,51,26,25,,,
18/11/2022 19:00,97,47,50,18,12,6,28,11,17,0,0,0,,,,899,337,562,,,,38,18,20,,,
18/11/2022 20:00,55,30,25,11,7,4,16,9,7,0,0,0,,,,641,222,419,,,,17,6,11,,,
18/11/2022 21:00,32,16,16,12,2,10,11,6,5,0,0,0,,,,544,227,317,,,,40,21,19,,,
18/11/2022 22:00,23,14,9,6,4,2,10,6,4,0,0,0,,,,397,169,228,,,,24,13,11,,,
18/11/2022 23:00,8,3,5,8,4,4,3,1,2,0,0,0,,,,365,146,219,,,,13,5,8,,,
19/11/2022 00:00,0,0,0,0,0,0,3,3,0,0,0,0,,,,269,106,163,,,,8,5,3,,,
19/11/2022 01:00,4,4,0,1,0,1,0,0,0,0,0,0,,,,251,114,137,,,,7,4,3,,,
19/11/2022 02:00,1,1,0,0,0,0,2,1,1,0,0,0,,,,69,25,44,,,,3,2,1,,,
19/11/2022 03:00,0,0,0,0,0,0,1,1,0,0,0,0,,,,85,36,49,,,,3,1,2,,,
19/11/2022 04:00,0,0,0,0,0,0,0,0,0,0,0,0,,,,38,19,19,,,,3,3,0,,,
19/11/2022 05:00,3,2,1,0,0,0,0,0,0,0,0,0,,,,13,2,11,,,,1,1,0,,,
19/11/2022 06:00,19,2,17,2,2,0,1,1,0,0,0,0,,,,44,22,22,,,,5,2,3,,,
19/11/2022 07:00,73,36,37,11,8,3,22,9,13,0,0,0,,,,172,92,80,,,,10,9,1,,,
19/11/2022 08:00,94,38,56,41,25,16,20,14,6,0,0,0,,,,287,123,164,,,,24,15,9,,,
19/11/2022 09:00,166,76,90,47,22,25,30,17,13,0,0,0,,,,774,273,501,,,,33,16,17,,,
19/11/2022 10:00,233,108,125,69,31,38,42,26,16,0,0,0,,,,464,211,253,,,,66,34,32,,,
19/11/2022 11:00,298,153,145,71,36,35,54,34,20,0,0,0,,,,581,248,333,,,,68,41,27,,,
19/11/2022 12:00,274,141,133,66,26,40,63,33,30,0,0,0,,,,528,221,307,,,,53,22,31,,,
19/11/2022 13:00,215,102,113,49,28,21,41,22,19,0,0,0,,,,562,202,360,,,,59,22,37,,,
19/11/2022 14:00,212,104,108,60,19,41,32,19,13,0,0,0,,,,513,204,309,,,,64,33,31,,,
19/11/2022 15:00,203,103,100,61,38,23,54,24,30,0,0,0,,,,597,270,327,,,,38,16,22,,,
19/11/2022 16:00,177,81,96,44,18,26,33,12,21,0,0,0,,,,553,223,330,,,,52,27,25,,,
19/11/2022 17:00,64,27,37,14,9,5,19,8,11,0,0,0,,,,657,232,425,,,,27,15,12,,,
19/11/2022 18:00,44,25,19,6,4,2,13,6,7,0,0,0,,,,768,305,463,,,,15,7,8,,,
19/11/2022 19:00,42,21,21,13,5,8,25,13,12,0,0,0,,,,863,282,581,,,,25,14,11,,,
19/11/2022 20:00,38,24,14,13,11,2,18,10,8,0,0,0,,,,767,252,515,,,,21,10,11,,,
19/11/2022 21:00,22,15,7,6,1,5,7,3,4,0,0,0,,,,445,157,288,,,,9,3,6,,,
19/11/2022 22:00,25,10,15,7,6,1,9,8,1,0,0,0,,,,484,185,299,,,,5,2,3,,,
19/11/2022 23:00,9,4,5,6,3,3,2,1,1,0,0,0,,,,435,162,273,,,,6,4,2,,,
20/11/2022 00:00,0,0,0,2,0,2,0,0,0,0,0,0,,,,287,98,189,,,,10,8,2,,,
20/11/2022 01:00,2,1,1,2,0,2,6,3,3,0,0,0,,,,171,73,98,,,,10,7,3,,,
20/11/2022 02:00,0,0,0,1,1,0,0,0,0,0,0,0,,,,175,88,87,,,,18,9,9,,,
20/11/2022 03:00,1,1,0,1,1,0,1,1,0,0,0,0,,,,115,37,78,,,,4,3,1,,,
20/11/2022 04:00,1,1,0,0,0,0,0,0,0,0,0,0,,,,43,29,14,,,,0,0,0,,,
20/11/2022 05:00,1,0,1,0,0,0,0,0,0,0,0,0,,,,10,4,6,,,,3,2,1,,,
20/11/2022 06:00,14,6,8,3,1,2,10,7,3,0,0,0,,,,27,5,22,,,,1,1,0,,,
20/11/2022 07:00,31,16,15,5,3,2,2,2,0,0,0,0,,,,102,50,52,,,,7,3,4,,,
20/11/2022 08:00,79,37,42,32,25,7,28,20,8,0,0,0,,,,292,130,162,,,,12,8,4,,,
20/11/2022 09:00,139,65,74,37,20,17,20,11,9,0,0,0,,,,408,171,237,,,,32,15,17,,,
20/11/2022 10:00,232,129,103,79,45,34,30,20,10,0,0,0,,,,352,171,181,,,,53,25,28,,,
20/11/2022 11:00,384,188,196,96,50,46,57,27,30,0,0,0,,,,526,253,273,,,,43,30,13,,,
20/11/2022 12:00,520,254,266,86,49,37,58,21,37,0,0,0,,,,493,232,261,,,,39,24,15,,,
20/11/2022 13:00,554,284,270,61,25,36,56,33,23,0,0,0,,,,485,224,261,,,,72,37,35,,,
20/11/2022 14:00,469,203,266,86,44,42,62,27,35,0,0,0,,,,478,195,283,,,,51,18,33,,,
20/11/2022 15:00,506,247,259,83,34,49,61,35,26,0,0,0,,,,468,155,313,,,,39,12,27,,,
20/11/2022 16:00,371,183,188,58,30,28,48,24,24,0,0,0,,,,794,305,489,,,,53,24,29,,,
20/11/2022 17:00,126,69,57,40,19,21,39,24,15,0,0,0,,,,717,273,444,,,,30,15,15,,,
20/11/2022 18:00,84,37,47,48,34,14,19,11,8,0,0,0,,,,717,273,444,,,,28,15,13,,,
20/11/2022 19:00,81,34,47,19,10,9,21,8,13,0,0,0,,,,483,186,297,,,,12,7,5,,,
20/11/2022 20:00,32,17,15,46,10,36,13,7,6,0,0,0,,,,787,320,467,,,,18,9,9,,,
20/11/2022 21:00,35,19,16,15,9,6,8,2,6,0,0,0,,,,599,227,372,,,,10,5,5,,,
20/11/2022 22:00,9,6,3,1,0,1,5,0,5,0,0,0,,,,404,149,255,,,,10,6,4,,,
20/11/2022 23:00,3,1,2,1,0,1,0,0,0,0,0,0,,,,260,150,110,,,,8,3,5,,,
21/11/2022 00:00,0,0,0,0,0,0,0,0,0,0,0,0,,,,108,55,53,,,,5,4,1,,,
21/11/2022 01:00,0,0,0,0,0,0,0,0,0,0,0,0,,,,94,49,45,,,,5,1,4,,,
21/11/2022 02:00,0,0,0,1,1,0,0,0,0,0,0,0,,,,16,7,9,,,,4,3,1,,,
21/11/2022 03:00,0,0,0,0,0,0,0,0,0,0,0,0,,,,34,17,17,,,,1,1,0,,,
21/11/2022 04:00,0,0,0,0,0,0,0,0,0,0,0,0,,,,3,3,0,,,,0,0,0,,,
21/11/2022 05:00,1,1,0,1,0,1,0,0,0,0,0,0,,,,3,2,1,,,,1,0,1,,,
21/11/2022 06:00,9,4,5,5,3,2,1,1,0,0,0,0,,,,103,61,42,,,,6,2,4,,,
21/11/2022 07:00,4,2,2,5,2,3,4,2,2,0,0,0,,,,143,59,84,,,,14,5,9,,,
21/11/2022 08:00,8,4,4,8,1,7,9,2,7,0,0,0,,,,226,81,145,,,,35,26,9,,,
21/11/2022 09:00,5,1,4,5,3,2,7,2,5,0,0,0,,,,199,90,109,,,,18,8,10,,,
21/11/2022 10:00,1,1,0,2,1,1,4,2,2,0,0,0,,,,195,59,136,,,,10,5,5,,,
21/11/2022 11:00,12,5,7,11,8,3,3,1,2,0,0,0,,,,293,104,189,,,,21,11,10,,,
21/11/2022 12:00,44,18,26,15,5,10,9,7,2,0,0,0,,,,201,89,112,,,,14,4,10,,,
21/11/2022 13:00,119,44,75,34,21,13,29,15,14,0,0,0,,,,346,147,199,,,,48,25,23,,,
21/11/2022 14:00,122,60,62,27,16,11,18,11,7,0,0,0,,,,610,302,308,,,,68,22,46,,,
21/11/2022 15:00,120,58,62,22,7,15,35,19,16,0,0,0,,,,478,192,286,,,,104,24,80,,,
21/11/2022 16:00,102,58,44,48,29,19,33,14,19,0,0,0,,,,1060,370,690,,,,51,23,28,,,
21/11/2022 17:00,106,60,46,48,29,19,41,28,13,0,0,0,,,,1053,404,649,,,,35,20,15,,,
21/11/2022 18:00,107,51,56,50,25,25,43,28,15,0,0,0,,,,736,268,468,,,,53,25,28,,,
21/11/2022 19:00,115,64,51,44,22,22,25,11,14,0,0,0,,,,464,191,273,,,,32,15,17,,,
21/11/2022 20:00,107,60,47,30,14,16,22,10,12,0,0,0,,,,955,378,577,,,,28,13,15,,,
21/11/2022 21:00,41,16,25,25,10,15,10,5,5,0,0,0,,,,760,335,425,,,,27,14,13,,,
21/11/2022 22:00,22,13,9,9,4,5,6,3,3,0,0,0,,,,538,237,301,,,,9,7,2,,,
21/11/2022 23:00,6,4,2,2,0,2,2,1,1,0,0,0,,,,433,182,251,,,,10,5,5,,,
22/11/2022 00:00,0,0,0,0,0,0,0,0,0,0,0,0,,,,141,64,77,,,,9,8,1,,,
22/11/2022 01:00,0,0,0,0,0,0,0,0,0,0,0,0,,,,81,53,28,,,,0,0,0,,,
22/11/2022 02:00,0,0,0,0,0,0,0,0,0,0,0,0,,,,33,18,15,,,,2,0,2,,,
22/11/2022 03:00,0,0,0,0,0,0,0,0,0,0,0,0,,,,11,5,6,,,,0,0,0,,,
22/11/2022 04:00,1,0,1,0,0,0,0,0,0,0,0,0,,,,5,3,2,,,,1,1,0,,,
22/11/2022 05:00,6,0,6,2,0,2,0,0,0,0,0,0,,,,9,6,3,,,,3,2,1,,,
22/11/2022 06:00,41,19,22,12,6,6,15,8,7,0,0,0,,,,213,104,109,,,,10,4,6,,,
22/11/2022 07:00,64,33,31,17,5,12,10,6,4,0,0,0,,,,652,269,383,,,,25,10,15,,,
22/11/2022 08:00,113,56,57,31,10,21,17,8,9,0,0,0,,,,937,396,541,,,,124,94,30,,,
22/11/2022 09:00,115,58,57,33,15,18,9,4,5,0,0,0,,,,601,240,361,,,,39,23,16,,,
22/11/2022 10:00,103,47,56,28,16,12,13,5,8,0,0,0,,,,353,144,209,,,,46,16,30,,,
22/11/2022 11:00,105,50,55,27,14,13,20,13,7,0,0,0,,,,843,328,515,,,,46,22,24,,,
22/11/2022 12:00,115,57,58,35,12,23,26,11,15,0,0,0,,,,755,339,416,,,,59,35,24,,,
22/11/2022 13:00,148,77,71,35,19,16,34,17,17,0,0,0,,,,709,346,363,,,,66,33,33,,,
22/11/2022 14:00,143,70,73,32,9,23,18,15,3,0,0,0,,,,924,421,503,,,,96,34,62,,,
22/11/2022 15:00,102,49,53,49,31,18,23,14,9,0,0,0,,,,611,239,372,,,,133,31,102,,,
22/11/2022 16:00,129,62,67,32,16,16,30,19,11,0,0,0,,,,930,359,571,,,,53,23,30,,,
22/11/2022 17:00,76,40,36,28,11,17,28,18,10,0,0,0,,,,947,359,588,,,,70,35,35,,,
22/11/2022 18:00,91,52,39,52,34,18,44,23,21,0,0,0,,,,640,226,414,,,,67,42,25,,,
22/11/2022 19:00,129,62,67,51,18,33,47,29,18,0,0,0,,,,516,226,290,,,,64,33,31,,,
22/11/2022 20:00,94,50,44,28,17,11,23,12,11,0,0,0,,,,592,224,368,,,,43,17,26,,,
22/11/2022 21:00,49,22,27,8,1,7,18,7,11,0,0,0,,,,535,194,341,,,,14,5,9,,,
22/11/2022 22:00,29,15,14,7,3,4,5,1,4,0,0,0,,,,533,97,436,,,,18,7,11,,,
22/11/2022 23:00,8,5,3,4,3,1,1,0,1,0,0,0,,,,120,35,85,,,,5,4,1,,,
23/11/2022 00:00,0,0,0,0,0,0,1,1,0,0,0,0,,,,50,22,28,,,,3,2,1,,,
23/11/2022 01:00,2,2,0,0,0,0,0,0,0,0,0,0,,,,29,4,25,,,,2,2,0,,,
23/11/2022 02:00,0,0,0,0,0,0,0,0,0,0,0,0,,,,3,3,0,,,,0,0,0,,,
23/11/2022 03:00,0,0,0,0,0,0,0,0,0,0,0,0,,,,0,0,0,,,,1,1,0,,,
23/11/2022 04:00,1,1,0,0,0,0,0,0,0,0,0,0,,,,1,1,0,,,,0,0,0,,,
23/11/2022 05:00,6,2,4,1,0,1,0,0,0,0,0,0,,,,9,6,3,,,,4,2,2,,,
23/11/2022 06:00,39,18,21,12,4,8,11,8,3,0,0,0,,,,73,30,43,,,,14,9,5,,,
23/11/2022 07:00,57,30,27,28,12,16,13,3,10,0,0,0,,,,355,152,203,,,,40,16,24,,,
23/11/2022 08:00,115,47,68,43,16,27,23,11,12,0,0,0,,,,690,251,439,,,,137,97,40,,,
23/11/2022 09:00,133,63,70,24,13,11,27,14,13,0,0,0,,,,526,188,338,,,,45,23,22,,,
23/11/2022 10:00,115,47,68,39,20,19,21,13,8,0,0,0,,,,400,161,239,,,,29,10,19,,,
23/11/2022 11:00,160,78,82,30,14,16,22,18,4,0,0,0,,,,711,315,396,,,,44,17,27,,,
23/11/2022 12:00,153,69,84,54,31,23,36,20,16,0,0,0,,,,422,180,242,,,,54,27,27,,,
23/11/2022 13:00,187,93,94,29,14,15,40,21,19,0,0,0,,,,956,362,594,,,,71,33,38,,,
23/11/2022 14:00,115,57,58,29,7,22,29,14,15,0,0,0,,,,655,223,432,,,,77,31,46,,,
23/11/2022 15:00,138,59,79,29,15,14,25,8,17,0,0,0,,,,716,254,462,,,,121,33,88,,,
23/11/2022 16:00,54,21,33,22,9,13,13,6,7,0,0,0,,,,741,245,496,,,,36,17,19,,,
23/11/2022 17:00,44,23,21,32,14,18,18,13,5,0,0,0,,,,835,253,582,,,,56,27,29,,,
23/11/2022 18:00,48,24,24,11,7,4,27,21,6,0,0,0,,,,684,274,410,,,,47,21,26,,,
23/11/2022 19:00,60,32,28,20,11,9,20,10,10,0,0,0,,,,716,296,420,,,,39,23,16,,,
23/11/2022 20:00,51,32,19,25,9,16,12,4,8,0,0,0,,,,349,129,220,,,,17,6,11,,,
23/11/2022 21:00,33,13,20,12,6,6,6,4,2,0,0,0,,,,815,223,592,,,,37,12,25,,,
23/11/2022 22:00,14,9,5,4,2,2,5,1,4,0,0,0,,,,210,83,127,,,,13,4,9,,,
23/11/2022 23:00,3,2,1,1,0,1,6,2,4,0,0,0,,,,417,142,275,,,,2,2,0,,,
24/11/2022 00:00,0,0,0,1,0,1,2,2,0,0,0,0,,,,31,10,21,,,,4,4,0,,,
24/11/2022 01:00,0,0,0,0,0,0,0,0,0,0,0,0,,,,22,12,10,,,,2,2,0,,,
24/11/2022 02:00,1,1,0,0,0,0,0,0,0,0,0,0,,,,94,27,67,,,,0,0,0,,,
24/11/2022 03:00,0,0,0,0,0,0,0,0,0,0,0,0,,,,202,80,122,,,,0,0,0,,,
24/11/2022 04:00,0,0,0,0,0,0,0,0,0,0,0,0,,,,6,3,3,,,,1,1,0,,,
24/11/2022 05:00,6,1,5,3,1,2,0,0,0,0,0,0,,,,46,15,31,,,,5,3,2,,,
24/11/2022 06:00,31,14,17,8,3,5,9,7,2,0,0,0,,,,135,60,75,,,,11,4,7,,,
24/11/2022 07:00,48,28,20,25,13,12,18,8,10,0,0,0,,,,325,106,219,,,,23,8,15,,,
24/11/2022 08:00,27,12,15,14,4,10,18,6,12,0,0,0,,,,556,207,349,,,,88,60,28,,,
24/11/2022 09:00,10,7,3,6,4,2,12,5,7,0,0,0,,,,249,103,146,,,,19,8,11,,,
24/11/2022 10:00,40,17,23,11,4,7,12,2,10,0,0,0,,,,229,79,150,,,,17,7,10,,,
24/11/2022 11:00,106,39,67,34,11,23,23,13,10,0,0,0,,,,301,119,182,,,,39,23,16,,,
24/11/2022 12:00,173,85,88,45,25,20,27,15,12,0,0,0,,,,326,138,188,,,,29,9,20,,,
24/11/2022 13:00,176,91,85,43,23,20,40,17,23,0,0,0,,,,463,187,276,,,,62,27,35,,,
24/11/2022 14:00,110,46,64,33,17,16,20,16,4,0,0,0,,,,574,217,357,,,,70,27,43,,,
24/11/2022 15:00,99,53,46,21,10,11,13,6,7,0,0,0,,,,923,368,555,,,,75,17,58,,,
24/11/2022 16:00,65,32,33,35,18,17,19,9,10,0,0,0,,,,1044,398,646,,,,46,23,23,,,
24/11/2022 17:00,66,32,34,30,9,21,34,16,18,0,0,0,,,,1053,418,635,,,,49,18,31,,,
24/11/2022 18:00,64,31,33,18,15,3,21,11,10,0,0,0,,,,1189,446,743,,,,48,33,15,,,
24/11/2022 19:00,60,34,26,15,6,9,9,6,3,0,0,0,,,,642,231,411,,,,32,14,18,,,
24/11/2022 20:00,35,17,18,23,12,11,18,5,13,0,0,0,,,,1006,481,525,,,,41,17,24,,,
24/11/2022 21:00,43,21,22,18,7,11,6,2,4,0,0,0,,,,1063,425,638,,,,26,8,18,,,
24/11/2022 22:00,13,5,8,6,1,5,2,1,1,0,0,0,,,,768,254,514,,,,12,7,5,,,
24/11/2022 23:00,6,6,0,3,2,1,3,0,3,0,0,0,,,,194,91,103,,,,8,4,4,,,
25/11/2022 00:00,0,0,0,0,0,0,4,3,1,0,0,0,,,,160,47,113,,,,5,5,0,,,
25/11/2022 01:00,1,1,0,0,0,0,1,0,1,0,0,0,,,,50,29,21,,,,2,1,1,,,
25/11/2022 02:00,0,0,0,0,0,0,0,0,0,0,0,0,,,,9,5,4,,,,2,2,0,,,
25/11/2022 03:00,0,0,0,0,0,0,0,0,0,0,0,0,,,,6,5,1,,,,1,1,0,,,
25/11/2022 04:00,0,0,0,1,1,0,0,0,0,0,0,0,,,,32,19,13,,,,0,0,0,,,
25/11/2022 05:00,5,2,3,3,0,3,1,1,0,0,0,0,,,,61,32,29,,,,5,2,3,,,
25/11/2022 06:00,28,13,15,12,8,4,8,6,2,0,0,0,,,,338,151,187,,,,11,7,4,,,
25/11/2022 07:00,62,34,28,22,9,13,11,6,5,0,0,0,,,,562,220,342,,,,33,14,19,,,
25/11/2022 08:00,113,57,56,27,9,18,19,10,9,0,0,0,,,,782,301,481,,,,116,83,33,,,
25/11/2022 09:00,121,58,63,24,13,11,22,16,6,0,0,0,,,,435,158,277,,,,38,16,22,,,
25/11/2022 10:00,129,55,74,41,20,21,30,13,17,0,0,0,,,,493,206,287,,,,30,17,13,,,
25/11/2022 11:00,186,80,106,38,25,13,34,24,10,0,0,0,,,,437,179,258,,,,30,15,15,,,
25/11/2022 12:00,205,103,102,52,32,20,32,14,18,0,0,0,,,,344,147,197,,,,44,27,17,,,
25/11/2022 13:00,178,72,106,53,30,23,41,21,20,0,0,0,,,,589,247,342,,,,136,38,98,,,
25/11/2022 14:00,155,75,80,33,14,19,15,7,8,0,0,0,,,,629,268,361,,,,84,35,49,,,
25/11/2022 15:00,145,65,80,34,17,17,16,7,9,0,0,0,,,,966,394,572,,,,81,37,44,,,
25/11/2022 16:00,134,62,72,35,16,19,28,11,17,0,0,0,,,,917,319,598,,,,74,34,40,,,
25/11/2022 17:00,88,44,44,32,13,19,28,17,11,0,0,0,,,,881,275,606,,,,50,25,25,,,
25/11/2022 18:00,93,42,51,31,17,14,22,9,13,0,0,0,,,,737,263,474,,,,44,25,19,,,
25/11/2022 19:00,75,37,38,27,14,13,37,21,16,0,0,0,,,,766,269,497,,,,33,12,21,,,
25/11/2022 20:00,49,24,25,19,5,14,12,4,8,0,0,0,,,,593,240,353,,,,40,20,20,,,
25/11/2022 21:00,27,14,13,15,6,9,9,5,4,0,0,0,,,,624,298,326,,,,17,7,10,,,
25/11/2022 22:00,14,8,6,1,1,0,9,5,4,0,0,0,,,,744,324,420,,,,13,7,6,,,
25/11/2022 23:00,7,6,1,6,3,3,7,2,5,0,0,0,,,,311,135,176,,,,11,7,4,,,
26/11/2022 00:00,1,1,0,0,0,0,4,1,3,0,0,0,,,,108,41,67,,,,8,4,4,,,
26/11/2022 01:00,3,0,3,2,2,0,6,0,6,0,0,0,,,,280,156,124,,,,3,2,1,,,
26/11/2022 02:00,0,0,0,3,0,3,2,0,2,0,0,0,,,,55,18,37,,,,6,2,4,,,
26/11/2022 03:00,0,0,0,0,0,0,0,0,0,0,0,0,,,,82,35,47,,,,0,0,0,,,
26/11/2022 04:00,0,0,0,0,0,0,1,0,1,0,0,0,,,,44,24,20,,,,1,1,0,,,
26/11/2022 05:00,0,0,0,0,0,0,0,0,0,0,0,0,,,,24,13,11,,,,1,1,0,,,
26/11/2022 06:00,14,5,9,2,1,1,0,0,0,0,0,0,,,,75,38,37,,,,3,2,1,,,
26/11/2022 07:00,36,16,20,9,6,3,13,10,3,0,0,0,,,,114,54,60,,,,6,1,5,,,
26/11/2022 08:00,71,35,36,22,10,12,20,6,14,0,0,0,,,,316,158,158,,,,11,5,6,,,
26/11/2022 09:00,116,50,66,36,25,11,32,18,14,0,0,0,,,,538,208,330,,,,26,11,15,,,
26/11/2022 10:00,137,56,81,42,17,25,36,15,21,0,0,0,,,,450,169,281,,,,19,10,9,,,
26/11/2022 11:00,151,73,78,48,27,21,42,22,20,0,0,0,,,,393,177,216,,,,29,17,12,,,
26/11/2022 12:00,133,49,84,46,23,23,21,12,9,0,0,0,,,,449,199,250,,,,40,20,20,,,
26/11/2022 13:00,121,67,54,38,20,18,27,12,15,0,0,0,,,,735,301,434,,,,22,10,12,,,
26/11/2022 14:00,96,43,53,37,20,17,29,12,17,0,0,0,,,,712,286,426,,,,31,17,14,,,
26/11/2022 15:00,124,59,65,28,14,14,20,9,11,0,0,0,,,,429,177,252,,,,27,16,11,,,
26/11/2022 16:00,105,52,53,24,13,11,22,11,11,0,0,0,,,,569,270,299,,,,24,9,15,,,
26/11/2022 17:00,67,31,36,24,10,14,28,10,18,0,0,0,,,,655,274,381,,,,24,14,10,,,
26/11/2022 18:00,59,30,29,19,7,12,8,6,2,0,0,0,,,,572,233,339,,,,29,16,13,,,
26/11/2022 19:00,68,30,38,31,19,12,18,12,6,0,0,0,,,,571,280,291,,,,18,11,7,,,
26/11/2022 20:00,38,23,15,9,9,0,14,7,7,0,0,0,,,,301,151,150,,,,16,4,12,,,
26/11/2022 21:00,44,21,23,12,7,5,8,3,5,0,0,0,,,,527,200,327,,,,18,3,15,,,
26/11/2022 22:00,19,8,11,7,4,3,8,2,6,0,0,0,,,,296,118,178,,,,10,6,4,,,
26/11/2022 23:00,7,4,3,9,5,4,7,1,6,0,0,0,,,,310,121,189,,,,2,2,0,,,
27/11/2022 00:00,0,0,0,1,0,1,2,1,1,0,0,0,,,,135,64,71,,,,10,7,3,,,
27/11/2022 01:00,1,0,1,6,0,6,1,0,1,0,0,0,,,,49,27,22,,,,8,4,4,,,
27/11/2022 02:00,2,2,0,5,1,4,1,0,1,0,0,0,,,,122,60,62,,,,6,3,3,,,
27/11/2022 03:00,0,0,0,1,1,0,0,0,0,0,0,0,,,,107,36,71,,,,11,6,5,,,
27/11/2022 04:00,0,0,0,0,0,0,1,1,0,0,0,0,,,,76,32,44,,,,3,2,1,,,
27/11/2022 05:00,1,1,0,2,1,1,0,0,0,0,0,0,,,,26,10,16,,,,6,4,2,,,
27/11/2022 06:00,8,3,5,7,2,5,4,3,1,0,0,0,,,,76,45,31,,,,4,2,2,,,
27/11/2022 07:00,31,13,18,3,2,1,7,6,1,0,0,0,,,,151,69,82,,,,6,3,3,,,
27/11/2022 08:00,79,34,45,20,13,7,24,13,11,0,0,0,,,,153,74,79,,,,10,3,7,,,
27/11/2022 09:00,186,90,96,71,31,40,31,14,17,0,0,0,,,,347,155,192,,,,41,23,18,,,
27/11/2022 10:00,356,187,169,59,30,29,75,54,21,0,0,0,,,,441,177,264,,,,31,16,15,,,
27/11/2022 11:00,434,222,212,118,61,57,65,35,30,0,0,0,,,,398,198,200,,,,49,25,24,,,
27/11/2022 12:00,368,176,192,83,47,36,81,41,40,0,0,0,,,,406,177,229,,,,40,20,20,,,
27/11/2022 13:00,487,225,262,77,40,37,58,40,18,0,0,0,,,,501,218,283,,,,49,26,23,,,
27/11/2022 14:00,576,330,246,85,36,49,79,49,30,0,0,0,,,,415,185,230,,,,57,25,32,,,
27/11/2022 15:00,629,305,324,98,36,62,66,32,34,0,0,0,,,,575,261,314,,,,36,19,17,,,
27/11/2022 16:00,433,211,222,77,36,41,41,26,15,0,0,0,,,,600,224,376,,,,34,19,15,,,
27/11/2022 17:00,163,88,75,43,20,23,38,16,22,0,0,0,,,,678,264,414,,,,38,21,17,,,
27/11/2022 18:00,79,32,47,33,20,13,22,11,11,0,0,0,,,,435,160,275,,,,27,14,13,,,
27/11/2022 19:00,42,25,17,19,16,3,17,7,10,0,0,0,,,,812,303,509,,,,6,3,3,,,
27/11/2022 20:00,41,17,24,22,10,12,7,3,4,0,0,0,,,,496,211,285,,,,11,9,2,,,
27/11/2022 21:00,20,9,11,7,1,6,9,2,7,0,0,0,,,,843,276,567,,,,18,8,10,,,
27/11/2022 22:00,10,6,4,2,0,2,9,0,9,0,0,0,,,,934,298,636,,,,8,6,2,,,
27/11/2022 23:00,5,4,1,6,4,2,1,0,1,0,0,0,,,,526,177,349,,,,1,1,0,,,
28/11/2022 00:00,1,1,0,0,0,0,2,1,1,0,0,0,,,,283,135,148,,,,7,5,2,,,
28/11/2022 01:00,0,0,0,0,0,0,0,0,0,0,,0,,,,72,38,34,,,,0,0,0,,,
28/11/2022 02:00,0,0,0,0,0,0,0,0,0,0,,0,,,,227,95,132,,,,0,0,0,,,
28/11/2022 03:00,0,0,0,0,0,0,0,0,0,0,,0,,,,74,21,53,,,,1,1,0,,,
28/11/2022 04:00,0,0,0,1,1,0,0,0,0,0,,0,,,,32,16,16,,,,0,0,0,,,
28/11/2022 05:00,7,0,7,2,2,0,0,0,0,0,,0,,,,35,20,15,,,,5,3,2,,,
28/11/2022 06:00,36,21,15,10,6,4,15,10,5,0,,0,,,,169,68,101,,,,10,4,6,,,
28/11/2022 07:00,62,29,33,25,6,19,11,4,7,0,,0,,,,596,243,353,,,,36,12,24,,,
28/11/2022 08:00,107,51,56,33,12,21,31,14,17,0,,0,,,,980,348,632,,,,137,102,35,,,
28/11/2022 09:00,103,44,59,34,20,14,21,11,10,0,,0,,,,670,283,387,,,,44,22,22,,,
28/11/2022 10:00,103,52,51,16,2,14,19,9,10,0,,0,,,,760,369,391,,,,23,10,13,,,
28/11/2022 11:00,110,53,57,26,15,11,21,7,14,0,,0,,,,570,261,309,,,,38,21,17,,,
28/11/2022 12:00,115,59,56,29,11,18,21,11,10,0,,0,,,,808,371,437,,,,29,16,13,,,
28/11/2022 13:00,133,56,77,30,12,18,36,17,19,0,,0,,,,676,312,364,,,,57,25,32,,,
28/11/2022 14:00,105,50,55,22,11,11,24,12,12,0,,0,,,,717,278,439,,,,82,28,54,,,
28/11/2022 15:00,132,54,78,29,14,15,17,13,4,0,,0,,,,931,317,614,,,,100,31,69,,,
28/11/2022 16:00,95,41,54,41,18,23,33,15,18,0,,0,,,,1072,366,706,,,,66,17,49,,,
28/11/2022 17:00,95,41,54,33,19,14,28,18,10,0,,0,,,,820,266,554,,,,45,27,18,,,
28/11/2022 18:00,89,50,39,36,21,15,41,27,14,0,,0,,,,594,227,367,,,,60,26,34,,,
28/11/2022 19:00,108,60,48,37,21,16,35,20,15,0,,0,,,,909,339,570,,,,44,24,20,,,
28/11/2022 20:00,95,57,38,27,19,8,21,10,11,0,,0,,,,464,183,281,,,,30,11,19,,,
28/11/2022 21:00,41,22,19,23,14,9,13,4,9,0,,0,,,,598,237,361,,,,15,4,11,,,
28/11/2022 22:00,23,15,8,1,0,1,1,1,0,0,,0,,,,522,200,322,,,,4,2,2,,,
28/11/2022 23:00,3,1,2,0,0,0,4,0,4,0,,0,,,,235,96,139,,,,9,7,2,,,
29/11/2022 00:00,0,0,0,0,0,0,0,0,0,0,,0,,,,111,23,88,,,,7,4,3,,,
29/11/2022 01:00,1,1,0,0,0,0,0,0,0,0,,0,,,,67,22,45,,,,1,1,0,,,
29/11/2022 02:00,0,0,0,0,0,0,0,0,0,0,,0,,,,19,12,7,,,,0,0,0,,,
29/11/2022 03:00,0,0,0,0,0,0,0,0,0,0,,0,,,,17,16,1,,,,0,0,0,,,
29/11/2022 04:00,0,0,0,1,1,0,1,0,1,0,,0,,,,6,3,3,,,,1,1,0,,,
29/11/2022 05:00,10,3,7,2,1,1,1,1,0,0,,0,,,,22,10,12,,,,5,2,3,,,
29/11/2022 06:00,48,20,28,11,10,1,11,8,3,0,,0,,,,214,104,110,,,,16,9,7,,,
29/11/2022 07:00,46,20,26,21,8,13,24,14,10,0,0,0,,,,498,199,299,,,,30,11,19,,,
29/11/2022 08:00,133,70,63,32,9,23,21,8,13,0,,0,,,,757,287,470,,,,124,84,40,,,
29/11/2022 09:00,120,56,64,29,18,11,12,5,7,0,,0,,,,342,129,213,,,,44,19,25,,,
29/11/2022 10:00,108,61,47,24,13,11,18,8,10,0,,0,,,,712,271,441,,,,54,21,33,,,
29/11/2022 11:00,127,52,75,20,8,12,31,16,15,0,,0,,,,600,258,342,,,,44,25,19,,,
29/11/2022 12:00,150,60,90,46,25,21,27,13,14,0,,0,,,,643,266,377,,,,49,31,18,,,
29/11/2022 13:00,182,100,82,26,11,15,37,16,21,0,,0,,,,706,318,388,,,,76,45,31,,,
29/11/2022 14:00,144,66,78,32,14,18,18,8,10,0,0,0,,,,1223,564,659,,,,81,28,53,,,
29/11/2022 15:00,138,65,73,16,9,7,28,16,12,0,0,0,,,,895,353,542,,,,121,24,97,,,
29/11/2022 16:00,126,58,68,29,14,15,21,12,9,0,0,0,,,,999,331,668,,,,86,28,58,,,
29/11/2022 17:00,110,53,57,52,29,23,50,29,21,0,,0,,,,688,271,417,,,,65,39,26,,,
29/11/2022 18:00,114,55,59,57,35,22,42,27,15,0,,0,,,,571,241,330,,,,62,39,23,,,
29/11/2022 19:00,105,57,48,40,14,26,28,15,13,0,,0,,,,440,152,288,,,,67,37,30,,,
29/11/2022 20:00,103,50,53,35,13,22,27,9,18,0,,0,,,,848,273,575,,,,44,19,25,,,
29/11/2022 21:00,67,40,27,12,9,3,4,2,2,0,,0,,,,719,288,431,,,,15,3,12,,,
29/11/2022 22:00,22,14,8,6,2,4,4,1,3,0,,0,,,,735,254,481,,,,8,3,5,,,
29/11/2022 23:00,1,0,1,4,2,2,1,0,1,0,,0,,,,238,85,153,,,,5,3,2,,,
30/11/2022 00:00,1,0,1,0,0,0,0,0,0,0,,0,,,,540,236,304,,,,7,7,0,,,
30/11/2022 01:00,1,1,0,0,0,0,0,0,0,0,,0,,,,448,220,228,,,,4,0,4,,,
30/11/2022 02:00,0,0,0,0,0,0,0,0,0,0,,0,,,,51,26,25,,,,0,0,0,,,
30/11/2022 03:00,0,0,0,0,0,0,0,0,0,0,,0,,,,177,146,31,,,,1,1,0,,,
30/11/2022 04:00,0,0,0,1,1,0,0,0,0,0,,0,,,,102,85,17,,,,0,0,0,,,
30/11/2022 05:00,8,2,6,0,0,0,2,1,1,0,0,0,,,,31,17,14,,,,6,2,4,,,
30/11/2022 06:00,45,23,22,17,9,8,13,8,5,0,0,0,,,,101,44,57,,,,7,4,3,,,
30/11/2022 07:00,71,36,35,28,6,22,13,3,10,0,,0,,,,588,248,340,,,,22,7,15,,,
30/11/2022 08:00,129,62,67,40,14,26,22,10,12,0,,0,,,,885,325,560,,,,110,75,35,,,
30/11/2022 09:00,101,44,57,16,8,8,17,9,8,0,0,0,,,,467,170,297,,,,44,17,27,,,
30/11/2022 10:00,136,61,75,29,14,15,19,8,11,0,,0,,,,513,208,305,,,,32,17,15,,,
30/11/2022 11:00,141,61,80,30,14,16,27,14,13,0,0,0,,,,426,160,266,,,,36,23,13,,,
30/11/2022 12:00,156,80,76,36,21,15,29,14,15,0,0,0,,,,355,140,215,,,,41,18,23,,,
30/11/2022 13:00,143,63,80,26,10,16,41,20,21,0,0,0,,,,469,184,285,,,,76,31,45,,,
30/11/2022 14:00,117,56,61,25,12,13,13,8,5,0,0,0,,,,470,180,290,,,,78,27,51,,,
30/11/2022 15:00,110,59,51,18,9,9,16,10,6,0,0,0,,,,614,220,394,,,,92,26,66,,,
30/11/2022 16:00,98,43,55,19,11,8,20,9,11,0,0,0,,,,587,184,403,,,,54,25,29,,,
30/11/2022 17:00,84,47,37,42,24,18,31,21,10,0,0,0,,,,587,217,370,,,,67,31,36,,,
30/11/2022 18:00,93,47,46,30,17,13,40,25,15,0,0,0,,,,734,321,413,,,,54,26,28,,,
30/11/2022 19:00,91,39,52,25,12,13,27,9,18,0,0,0,,,,518,183,335,,,,41,22,19,,,
30/11/2022 20:00,110,62,48,16,8,8,14,6,8,0,0,0,,,,439,164,275,,,,39,14,25,,,
30/11/2022 21:00,42,22,20,11,7,4,11,5,6,0,0,0,,,,550,181,369,,,,23,9,14,,,
30/11/2022 22:00,29,17,12,4,1,3,2,1,1,0,,0,,,,499,170,329,,,,14,6,8,,,
30/11/2022 23:00,7,5,2,1,1,0,3,0,3,0,0,0,,,,223,57,166,,,,4,3,1,,,
01/12/2022 00:00,0,0,0,1,0,1,1,0,1,0,0,0,,,,36,16,20,,,,2,2,0,,,
01/12/2022 01:00,0,0,0,0,0,0,0,0,0,0,0,0,,,,56,39,17,,,,5,5,0,,,
01/12/2022 02:00,0,0,0,0,0,0,0,0,0,0,,0,,,,58,43,15,,,,1,1,0,,,
01/12/2022 03:00,0,0,0,0,0,0,0,0,0,0,,0,,,,4,3,1,,,,3,3,0,,,
01/12/2022 04:00,0,0,0,2,2,0,0,0,0,0,,0,,,,70,47,23,,,,1,1,0,,,
01/12/2022 05:00,5,1,4,2,1,1,2,2,0,0,,0,,,,16,7,9,,,,4,2,2,,,
01/12/2022 06:00,40,20,20,7,4,3,10,7,3,0,,0,,,,342,159,183,,,,15,7,8,,,
01/12/2022 07:00,62,28,34,16,4,12,18,5,13,0,,0,,,,441,169,272,,,,20,9,11,,,
01/12/2022 08:00,114,56,58,42,17,25,32,13,19,0,,0,,,,823,293,530,,,,114,75,39,,,
01/12/2022 09:00,109,58,51,31,16,15,32,20,12,0,,0,,,,747,280,467,,,,49,28,21,,,
01/12/2022 10:00,108,34,74,26,10,16,18,12,6,0,,0,,,,464,190,274,,,,39,21,18,,,
01/12/2022 11:00,129,66,63,14,8,6,21,11,10,0,,0,,,,515,240,275,,,,40,21,19,,,
01/12/2022 12:00,159,77,82,30,21,9,18,12,6,0,,0,,,,581,228,353,,,,38,16,22,,,
01/12/2022 13:00,179,78,101,54,25,29,47,22,25,0,0,0,,,,530,248,282,,,,58,23,35,,,
01/12/2022 14:00,127,57,70,24,10,14,16,9,7,0,0,0,,,,360,157,203,,,,71,33,38,,,
01/12/2022 15:00,133,62,71,15,11,4,32,17,15,0,0,0,,,,684,213,471,,,,111,26,85,,,
01/12/2022 16:00,120,61,59,38,27,11,31,18,13,0,0,0,,,,862,270,592,,,,80,33,47,,,
01/12/2022 17:00,87,42,45,43,22,21,42,23,19,0,,0,,,,993,389,604,,,,72,35,37,,,
01/12/2022 18:00,85,42,43,28,11,17,30,19,11,0,,0,,,,708,232,476,,,,75,43,32,,,
01/12/2022 19:00,99,48,51,34,18,16,32,15,17,0,,0,,,,478,175,303,,,,52,26,26,,,
01/12/2022 20:00,74,44,30,14,6,8,14,4,10,0,,0,,,,512,218,294,,,,23,5,18,,,
01/12/2022 21:00,46,20,26,14,6,8,11,4,7,0,,0,,,,811,277,534,,,,15,4,11,,,
01/12/2022 22:00,27,16,11,6,4,2,3,2,1,0,,0,,,,1119,357,762,,,,15,5,10,,,
01/12/2022 23:00,16,9,7,3,3,0,5,3,2,0,,0,,,,834,332,502,,,,4,2,2,,,
02/12/2022 00:00,0,0,0,0,0,0,1,0,1,0,,0,,,,105,55,50,,,,6,4,2,,,
02/12/2022 01:00,0,0,0,0,0,0,0,0,0,0,,0,,,,151,31,120,,,,2,2,0,,,
02/12/2022 02:00,1,1,0,0,0,0,0,0,0,0,,0,,,,13,7,6,,,,0,0,0,,,
02/12/2022 03:00,1,0,1,1,0,1,0,0,0,0,,0,,,,20,12,8,,,,2,1,1,,,
02/12/2022 04:00,0,0,0,3,3,0,0,0,0,,,,,,,46,16,30,,,,0,0,0,,,
02/12/2022 05:00,8,3,5,2,0,2,0,0,0,,,,,,,50,24,26,,,,6,4,2,,,
02/12/2022 06:00,41,16,25,11,7,4,8,5,3,,,,,,,97,35,62,,,,9,5,4,,,
02/12/2022 07:00,51,26,25,23,15,8,17,10,7,,,,,,,849,388,461,,,,24,9,15,,,
02/12/2022 08:00,109,50,59,38,12,26,26,11,15,,,,,,,923,359,564,,,,107,78,29,,,
02/12/2022 09:00,134,64,70,44,21,23,26,17,9,,,,,,,475,183,292,,,,43,19,24,,,
02/12/2022 10:00,142,65,77,40,26,14,21,13,8,,,,,,,582,210,372,,,,21,12,9,,,
02/12/2022 11:00,156,63,93,37,26,11,32,26,6,,,,,,,535,238,297,,,,38,21,17,,,
02/12/2022 12:00,184,92,92,30,16,14,26,13,13,,,,,,,553,208,345,,,,45,20,25,,,
02/12/2022 13:00,186,95,91,45,17,28,26,14,12,,,,,,,642,291,351,,,,135,35,100,,,
02/12/2022 14:00,144,69,75,23,13,10,13,6,7,0,,0,,,,683,268,415,,,,83,32,51,,,
02/12/2022 15:00,170,77,93,21,8,13,17,9,8,0,,0,,,,981,448,533,,,,67,30,37,,,
02/12/2022 16:00,150,68,82,29,12,17,24,12,12,0,,0,,,,890,325,565,,,,65,30,35,,,
02/12/2022 17:00,88,44,44,36,23,13,35,17,18,0,,0,,,,1047,401,646,,,,70,34,36,,,
02/12/2022 18:00,63,29,34,20,12,8,22,10,12,,,,,,,612,211,401,,,,51,25,26,,,
02/12/2022 19:00,61,32,29,27,15,12,23,11,12,0,,0,,,,606,245,361,,,,37,22,15,,,
02/12/2022 20:00,43,21,22,13,4,9,17,8,9,,,,,,,622,278,344,,,,34,13,21,,,
02/12/2022 21:00,51,32,19,7,3,4,13,6,7,,,,,,,588,270,318,,,,15,10,5,,,
02/12/2022 22:00,30,18,12,13,7,6,14,6,8,0,,0,,,,1048,419,629,,,,19,7,12,,,
02/12/2022 23:00,14,10,4,3,3,0,4,1,3,,,,,,,709,178,531,,,,5,3,2,,,
03/12/2022 00:00,0,0,0,3,0,3,3,1,2,,,,,,,260,85,175,,,,5,3,2,,,
03/12/2022 01:00,5,4,1,2,2,0,1,0,1,,,,,,,144,69,75,,,,7,7,0,,,
03/12/2022 02:00,1,1,0,0,0,0,9,2,7,,,,,,,111,50,61,,,,1,0,1,,,
03/12/2022 03:00,1,0,1,1,0,1,1,0,1,,,,,,,117,52,65,,,,2,1,1,,,
03/12/2022 04:00,0,0,0,0,0,0,0,0,0,,,,,,,112,54,58,,,,0,0,0,,,
03/12/2022 05:00,0,0,0,0,0,0,1,1,0,,,,,,,30,12,18,,,,2,1,1,,,
03/12/2022 06:00,14,5,9,5,2,3,2,2,0,,,,,,,117,63,54,,,,2,1,1,,,
03/12/2022 07:00,51,29,22,9,8,1,15,12,3,,,,,,,171,73,98,,,,6,5,1,,,
03/12/2022 08:00,96,44,52,35,21,14,21,13,8,,,,,,,235,127,108,,,,29,13,16,,,
03/12/2022 09:00,136,71,65,43,26,17,36,19,17,,,,,,,461,230,231,,,,36,18,18,,,
03/12/2022 10:00,170,83,87,42,21,21,39,17,22,0,0,0,,,,449,171,278,,,,33,15,18,,,
03/12/2022 11:00,262,122,140,52,28,24,44,20,24,0,0,0,,,,584,258,326,,,,37,23,14,,,
03/12/2022 12:00,294,134,160,72,37,35,68,47,21,0,,0,,,,749,304,445,,,,69,39,30,,,
03/12/2022 13:00,254,122,132,60,35,25,46,25,21,0,,0,,,,520,210,310,,,,66,25,41,,,
03/12/2022 14:00,279,130,149,47,25,22,26,12,14,0,,0,,,,694,303,391,,,,31,23,8,,,
03/12/2022 15:00,273,159,114,36,20,16,32,20,12,0,,0,,,,698,291,407,,,,40,19,21,,,
03/12/2022 16:00,224,106,118,57,29,28,35,13,22,0,,0,,,,792,296,496,,,,53,25,28,,,
03/12/2022 17:00,111,58,53,34,17,17,29,18,11,0,,0,,,,701,261,440,,,,56,26,30,,,
03/12/2022 18:00,34,15,19,18,13,5,22,3,19,0,,0,,,,578,220,358,,,,26,8,18,,,
03/12/2022 19:00,48,22,26,21,8,13,20,6,14,,,,,,,512,218,294,,,,35,18,17,,,
03/12/2022 20:00,35,18,17,8,4,4,23,11,12,0,,0,,,,641,272,369,,,,30,16,14,,,
03/12/2022 21:00,19,8,11,3,1,2,5,3,2,0,,0,,,,397,158,239,,,,17,8,9,,,
03/12/2022 22:00,19,9,10,0,0,0,7,1,6,0,,0,,,,592,225,367,,,,14,6,8,,,
03/12/2022 23:00,9,4,5,3,3,0,6,2,4,,,,,,,412,128,284,,,,19,11,8,,,
04/12/2022 00:00,0,0,0,0,0,0,2,2,0,,,,,,,281,124,157,,,,12,2,10,,,
04/12/2022 01:00,1,1,0,2,1,1,0,0,0,,,,,,,161,87,74,,,,7,3,4,,,
04/12/2022 02:00,0,0,0,0,0,0,1,0,1,,,,,,,122,58,64,,,,7,4,3,,,
04/12/2022 03:00,0,0,0,0,0,0,0,0,0,,,,,,,178,73,105,,,,0,0,0,,,
04/12/2022 04:00,0,0,0,0,0,0,0,0,0,0,,0,,,,14,1,13,,,,5,2,3,,,
04/12/2022 05:00,3,3,0,1,0,1,0,0,0,,,,,,,43,17,26,,,,3,3,0,,,
04/12/2022 06:00,3,0,3,0,0,0,0,0,0,,,,,,,58,29,29,,,,0,0,0,,,
04/12/2022 07:00,16,11,5,3,2,1,2,1,1,,,,,,,104,54,50,,,,3,2,1,,,
04/12/2022 08:00,56,27,29,17,8,9,17,10,7,,,,,,,256,131,125,,,,18,11,7,,,
04/12/2022 09:00,94,40,54,19,9,10,17,10,7,,,,,,,459,224,235,,,,23,12,11,,,
04/12/2022 10:00,133,67,66,33,14,19,24,12,12,,,,,,,507,230,277,,,,28,15,13,,,
04/12/2022 11:00,158,83,75,27,18,9,17,11,6,,,,,,,531,241,290,,,,25,10,15,,,
04/12/2022 12:00,115,43,72,18,8,10,12,7,5,,,,,,,426,145,281,,,,13,7,6,,,
04/12/2022 13:00,182,87,95,18,8,10,35,21,14,,,,,,,413,177,236,,,,30,15,15,,,
04/12/2022 14:00,225,119,106,25,7,18,20,11,9,,,,,,,552,215,337,,,,21,3,18,,,
04/12/2022 15:00,103,46,57,20,8,12,11,4,7,,,,,,,980,367,613,,,,19,13,6,,,
04/12/2022 16:00,159,72,87,29,12,17,14,7,7,,,,,,,593,209,384,,,,17,8,9,,,
04/12/2022 17:00,70,35,35,19,11,8,27,13,14,,,,,,,818,294,524,,,,36,19,17,,,
04/12/2022 18:00,36,23,13,7,5,2,8,1,7,,,,,,,649,233,416,,,,29,16,13,,,
04/12/2022 19:00,23,11,12,6,4,2,13,7,6,,,,,,,637,234,403,,,,23,10,13,,,
04/12/2022 20:00,21,8,13,11,8,3,8,5,3,,,,,,,791,284,507,,,,21,11,10,,,
04/12/2022 21:00,22,11,11,6,3,3,2,0,2,,,,,,,624,254,370,,,,13,5,8,,,
04/12/2022 22:00,11,4,7,2,2,0,2,0,2,,,,,,,676,325,351,,,,6,2,4,,,
04/12/2022 23:00,8,5,3,2,2,0,0,0,0,,,,,,,481,185,296,,,,5,3,2,,,
05/12/2022 00:00,0,0,0,1,1,0,0,0,0,,,,,,,76,42,34,,,,2,2,0,,,
05/12/2022 01:00,0,0,0,0,0,0,0,0,0,,,,,,,60,32,28,,,,2,2,0,,,
05/12/2022 02:00,1,0,1,0,0,0,2,2,0,,,,,,,20,16,4,,,,0,0,0,,,
05/12/2022 03:00,0,0,0,0,0,0,0,0,0,,,,,,,3,1,2,,,,5,3,2,,,
05/12/2022 04:00,0,0,0,0,0,0,0,0,0,,,,,,,11,8,3,,,,0,0,0,,,
05/12/2022 05:00,2,1,1,0,0,0,1,0,1,,,,,,,13,6,7,,,,2,0,2,,,
05/12/2022 06:00,17,6,11,6,3,3,7,4,3,,,,,,,447,194,253,,,,6,2,4,,,
05/12/2022 07:00,35,18,17,11,1,10,12,5,7,,,,,,,460,185,275,,,,16,5,11,,,
05/12/2022 08:00,32,14,18,17,6,11,7,3,4,,,,,,,597,214,383,,,,50,29,21,,,
05/12/2022 09:00,63,23,40,12,10,2,15,9,6,,,,,,,334,121,213,,,,26,13,13,,,
05/12/2022 10:00,96,39,57,20,11,9,13,6,7,,,,,,,350,169,181,,,,35,20,15,,,
05/12/2022 11:00,62,32,30,5,2,3,7,4,3,,,,,,,292,116,176,,,,22,10,12,,,
05/12/2022 12:00,53,23,30,16,6,10,12,4,8,,,,,,,345,141,204,,,,24,11,13,,,
05/12/2022 13:00,56,31,25,16,7,9,19,8,11,,,,,,,388,173,215,,,,27,9,18,,,
05/12/2022 14:00,67,26,41,13,6,7,11,6,5,,,,,,,498,232,266,,,,43,15,28,,,
05/12/2022 15:00,28,13,15,13,9,4,13,8,5,,,,,,,814,325,489,,,,28,7,21,,,
05/12/2022 16:00,26,14,12,19,10,9,13,7,6,,,,,,,876,342,534,,,,40,18,22,,,
05/12/2022 17:00,23,11,12,20,10,10,13,8,5,,,,,,,724,209,515,,,,28,13,15,,,
05/12/2022 18:00,41,22,19,21,12,9,23,13,10,,,,,,,422,157,265,,,,29,13,16,,,
05/12/2022 19:00,28,17,11,16,8,8,17,9,8,,,,,,,221,74,147,,,,19,11,8,,,
05/12/2022 20:00,34,18,16,13,5,8,13,5,8,,,,,,,218,96,122,,,,32,19,13,,,
05/12/2022 21:00,13,5,8,6,3,3,5,1,4,,,,,,,513,190,323,,,,24,10,14,,,
05/12/2022 22:00,18,7,11,7,3,4,4,0,4,,,,,,,537,166,371,,,,9,5,4,,,
05/12/2022 23:00,2,1,1,1,0,1,7,4,3,,,,,,,197,53,144,,,,7,4,3,,,
06/12/2022 00:00,0,0,0,0,0,0,0,0,0,,,,,,,54,25,29,,,,5,5,0,,,
06/12/2022 01:00,0,0,0,0,0,0,0,0,0,,,,,,,9,4,5,,,,1,1,0,,,
06/12/2022 02:00,0,0,0,0,0,0,0,0,0,,,,,,,40,24,16,,,,1,1,0,,,
06/12/2022 03:00,0,0,0,0,0,0,0,0,0,,,,,,,8,8,0,,,,1,0,1,,,
06/12/2022 04:00,0,0,0,1,1,0,0,0,0,,,,,,,37,12,25,,,,2,2,0,,,
06/12/2022 05:00,5,0,5,2,0,2,0,0,0,,,,,,,18,10,8,,,,2,0,2,,,
06/12/2022 06:00,37,21,16,5,2,3,11,8,3,,,,,,,253,126,127,,,,7,2,5,,,
06/12/2022 07:00,47,20,27,22,9,13,6,3,3,,,,,,,792,318,474,,,,26,9,17,,,
06/12/2022 08:00,88,46,42,25,9,16,17,8,9,,,,,,,1110,415,695,,,,125,90,35,,,
06/12/2022 09:00,102,41,61,40,24,16,25,13,12,,,,,,,632,241,391,,,,77,33,44,,,
06/12/2022 10:00,119,65,54,37,19,18,25,16,9,,,,,,,399,189,210,,,,40,15,25,,,
06/12/2022 11:00,166,88,78,29,16,13,22,15,7,,,,,,,460,198,262,,,,37,18,19,,,
06/12/2022 12:00,167,83,84,42,16,26,23,10,13,,,,,,,542,240,302,,,,54,32,22,,,
06/12/2022 13:00,132,59,73,24,13,11,21,11,10,,,,,,,316,130,186,,,,48,27,21,,,
06/12/2022 14:00,66,33,33,9,3,6,12,4,8,,,,,,,271,101,170,,,,57,20,37,,,
06/12/2022 15:00,87,39,48,11,5,6,18,11,7,,,,,,,582,242,340,,,,99,22,77,,,
06/12/2022 16:00,85,45,40,18,11,7,17,9,8,,,,,,,820,282,538,,,,46,17,29,,,
06/12/2022 17:00,68,38,30,21,13,8,25,17,8,,,,,,,925,328,597,,,,44,21,23,,,
06/12/2022 18:00,66,38,28,40,19,21,30,20,10,,,,,,,637,224,413,,,,45,21,24,,,
06/12/2022 19:00,55,31,24,38,20,18,31,16,15,,,,,,,480,178,302,,,,50,30,20,,,
06/12/2022 20:00,47,22,25,14,7,7,10,2,8,,,,,,,554,170,384,,,,18,9,9,,,
06/12/2022 21:00,26,17,9,8,5,3,12,8,4,,,,,,,347,98,249,,,,20,6,14,,,
06/12/2022 22:00,18,8,10,6,3,3,2,1,1,,,,,,,920,279,641,,,,11,7,4,,,
06/12/2022 23:00,9,6,3,0,0,0,4,0,4,,,,,,,484,198,286,,,,2,2,0,,,
07/12/2022 00:00,0,0,0,1,0,1,2,1,1,,,,,,,391,145,246,,,,2,2,0,,,
07/12/2022 01:00,0,0,0,0,0,0,0,0,0,,,,,,,118,45,73,,,,5,5,0,,,
07/12/2022 02:00,2,2,0,3,0,3,0,0,0,,,,,,,39,14,25,,,,4,2,2,,,
07/12/2022 03:00,0,0,0,0,0,0,0,0,0,,,,,,,77,43,34,,,,1,1,0,,,
07/12/2022 04:00,0,0,0,1,1,0,0,0,0,,,,,,,7,4,3,,,,2,0,2,,,
07/12/2022 05:00,4,1,3,1,1,0,0,0,0,,,,,,,75,26,49,,,,6,3,3,,,
07/12/2022 06:00,32,14,18,10,3,7,11,9,2,,,,,,,416,240,176,,,,7,3,4,,,
07/12/2022 07:00,54,29,25,24,11,13,7,3,4,,,,,,,504,204,300,,,,32,13,19,,,
07/12/2022 08:00,113,53,60,35,8,27,23,12,11,,,,,,,1089,400,689,,,,122,84,38,,,
07/12/2022 09:00,98,56,42,26,11,15,22,9,13,,,,,,,529,197,332,,,,57,29,28,,,
07/12/2022 10:00,129,58,71,29,17,12,24,13,11,,,,,,,339,136,203,,,,42,13,29,,,
07/12/2022 11:00,177,78,99,26,14,12,18,9,9,,,,,,,512,213,299,,,,54,41,13,,,
07/12/2022 12:00,184,92,92,52,30,22,30,18,12,,,,,,,587,245,342,,,,46,21,25,,,
07/12/2022 13:00,190,86,104,31,17,14,34,21,13,,,,,,,1486,552,934,,,,75,30,45,,,
07/12/2022 14:00,180,82,98,32,14,18,34,15,19,,,,,,,1229,466,763,,,,101,36,65,,,
07/12/2022 15:00,177,87,90,25,9,16,10,7,3,,,,,,,937,367,570,,,,111,32,79,,,
07/12/2022 16:00,111,57,54,31,19,12,25,13,12,,,,,,,1123,449,674,,,,55,26,29,,,
07/12/2022 17:00,90,45,45,29,17,12,37,25,12,,,,,,,1163,463,700,,,,60,37,23,,,
07/12/2022 18:00,82,44,38,29,19,10,23,14,9,,,,,,,875,348,527,,,,59,29,30,,,
07/12/2022 19:00,107,47,60,31,20,11,36,23,13,,,,,,,652,265,387,,,,48,31,17,,,
07/12/2022 20:00,83,46,37,21,11,10,12,6,6,,,,,,,547,222,325,,,,19,9,10,,,
07/12/2022 21:00,36,20,16,11,8,3,17,4,13,,,,,,,616,233,383,,,,23,12,11,,,
07/12/2022 22:00,13,9,4,9,5,4,2,1,1,,,,,,,648,239,409,,,,14,6,8,,,
07/12/2022 23:00,7,5,2,6,4,2,2,1,1,,,,,,,343,148,195,,,,1,0,1,,,
08/12/2022 00:00,0,0,0,0,0,0,0,0,0,,,,,,,119,53,66,,,,3,2,1,,,
08/12/2022 01:00,1,1,0,1,0,1,0,0,0,,,,,,,104,46,58,,,,3,3,0,,,
08/12/2022 02:00,0,0,0,0,0,0,0,0,0,,,,,,,130,68,62,,,,0,0,0,,,
08/12/2022 03:00,0,0,0,0,0,0,0,0,0,,,,,,,42,20,22,,,,0,0,0,,,
08/12/2022 04:00,0,0,0,1,1,0,0,0,0,,,,,,,33,11,22,,,,1,1,0,,,
08/12/2022 05:00,3,1,2,1,1,0,0,0,0,,,,,,,46,21,25,,,,4,2,2,,,
08/12/2022 06:00,33,13,20,5,3,2,7,4,3,,,,,,,253,123,130,,,,8,5,3,,,
08/12/2022 07:00,55,28,27,25,13,12,12,5,7,,,,,,,783,323,460,,,,24,12,12,,,
08/12/2022 08:00,93,46,47,34,18,16,22,5,17,,,,,,,1005,394,611,,,,116,78,38,,,
08/12/2022 09:00,116,56,60,19,9,10,18,8,10,,,,,,,725,276,449,,,,39,17,22,,,
08/12/2022 10:00,115,60,55,28,18,10,14,8,6,,,,,,,467,199,268,,,,28,14,14,,,
08/12/2022 11:00,144,69,75,19,9,10,16,10,6,,,,,,,766,395,371,,,,39,14,25,,,
08/12/2022 12:00,162,74,88,35,17,18,27,13,14,,,,,,,566,216,350,,,,36,19,17,,,
08/12/2022 13:00,176,73,103,30,18,12,33,13,20,,,,,,,704,323,381,,,,75,32,43,,,
08/12/2022 14:00,137,64,73,34,10,24,26,11,15,,,,,,,636,275,361,,,,79,30,49,,,
08/12/2022 15:00,131,67,64,32,16,16,19,12,7,,,,,,,979,418,561,,,,94,18,76,,,
08/12/2022 16:00,91,48,43,40,18,22,30,19,11,,,,,,,1415,561,854,,,,60,25,35,,,
08/12/2022 17:00,79,35,44,25,17,8,31,19,12,,,,,,,1480,608,872,,,,60,25,35,,,
08/12/2022 18:00,79,44,35,13,9,4,27,16,11,,,,,,,1190,468,722,,,,58,36,22,,,
08/12/2022 19:00,83,39,44,23,16,7,19,10,9,,,,,,,747,302,445,,,,39,16,23,,,
08/12/2022 20:00,49,28,21,12,5,7,10,3,7,,,,,,,1727,489,1238,,,,25,9,16,,,
08/12/2022 21:00,26,15,11,5,3,2,8,1,7,,,,,,,781,369,412,,,,20,10,10,,,
08/12/2022 22:00,8,7,1,4,3,1,1,0,1,,,,,,,722,366,356,,,,7,3,4,,,
08/12/2022 23:00,1,1,0,2,1,1,3,2,1,,,,,,,776,321,455,,,,6,3,3,,,
09/12/2022 00:00,0,0,0,0,0,0,1,1,0,,,,,,,113,52,61,,,,4,3,1,,,
09/12/2022 01:00,0,0,0,0,0,0,0,0,0,,,,,,,45,20,25,,,,3,2,1,,,
09/12/2022 02:00,0,0,0,1,1,0,0,0,0,,,,,,,30,14,16,,,,0,0,0,,,
09/12/2022 03:00,0,0,0,0,0,0,0,0,0,,,,,,,67,36,31,,,,1,1,0,,,
09/12/2022 04:00,0,0,0,0,0,0,0,0,0,,,,,,,12,9,3,,,,0,0,0,,,
09/12/2022 05:00,0,0,0,0,0,0,0,0,0,,,,,,,27,17,10,,,,4,2,2,,,
09/12/2022 06:00,4,1,3,2,1,1,2,1,1,,,,,,,384,179,205,,,,3,2,1,,,
09/12/2022 07:00,5,4,1,4,2,2,2,0,2,,,,,,,852,339,513,,,,24,12,12,,,
09/12/2022 08:00,18,9,9,19,7,12,15,2,13,,,,,,,1300,513,787,,,,98,73,25,,,
09/12/2022 09:00,25,8,17,22,14,8,12,9,3,,,,,,,898,371,527,,,,31,15,16,,,
09/12/2022 10:00,28,21,7,21,11,10,8,6,2,,,,,,,430,223,207,,,,25,12,13,,,
09/12/2022 11:00,59,34,25,27,16,11,9,4,5,,,,,,,670,300,370,,,,29,7,22,,,
09/12/2022 12:00,108,59,49,15,8,7,27,17,10,,,,,,,493,215,278,,,,91,22,69,,,
09/12/2022 13:00,116,55,61,32,10,22,31,16,15,,,,,,,832,351,481,,,,46,18,28,,,
09/12/2022 14:00,100,42,58,15,12,3,14,6,8,,,,,,,702,327,375,,,,70,27,43,,,
09/12/2022 15:00,87,43,44,26,14,12,20,16,4,,,,,,,1450,627,823,,,,56,31,25,,,
09/12/2022 16:00,78,37,41,21,12,9,13,4,9,,,,,,,983,448,535,,,,40,19,21,,,
09/12/2022 17:00,32,15,17,20,15,5,20,7,13,,,,,,,1203,469,734,,,,42,20,22,,,
09/12/2022 18:00,45,25,20,16,9,7,11,7,4,,,,,,,1042,428,614,,,,34,11,23,,,
09/12/2022 19:00,29,18,11,9,6,3,12,5,7,,,,,,,1308,568,740,,,,17,8,9,,,
09/12/2022 20:00,14,11,3,6,3,3,8,6,2,,,,,,,1611,568,1043,,,,27,12,15,,,
09/12/2022 21:00,15,5,10,0,0,0,9,5,4,,,,,,,1072,411,661,,,,13,9,4,,,
09/12/2022 22:00,10,6,4,7,4,3,1,0,1,,,,,,,752,313,439,,,,21,14,7,,,
09/12/2022 23:00,5,1,4,12,6,6,3,3,0,,,,,,,462,243,219,,,,6,2,4,,,
10/12/2022 00:00,0,0,0,0,0,0,2,1,1,,,,,,,128,66,62,,,,10,9,1,,,
10/12/2022 01:00,2,1,1,2,1,1,1,0,1,,,,,,,233,125,108,,,,6,5,1,,,
10/12/2022 02:00,3,2,1,0,0,0,0,0,0,,,,,,,88,54,34,,,,1,1,0,,,
10/12/2022 03:00,0,0,0,0,0,0,0,0,0,,,,,,,29,20,9,,,,0,0,0,,,
10/12/2022 04:00,0,0,0,0,0,0,0,0,0,,,,,,,32,19,13,,,,5,3,2,,,
10/12/2022 05:00,0,0,0,0,0,0,0,0,0,,,,,,,159,78,81,,,,0,0,0,,,
10/12/2022 06:00,6,1,5,1,1,0,0,0,0,,,,,,,183,90,93,,,,1,1,0,,,
10/12/2022 07:00,8,5,3,0,0,0,1,0,1,,,,,,,267,116,151,,,,5,3,2,,,
10/12/2022 08:00,19,9,10,3,2,1,6,2,4,,,,,,,305,138,167,,,,24,10,14,,,
10/12/2022 09:00,33,12,21,13,4,9,9,7,2,,,,,,,366,187,179,,,,30,11,19,,,
10/12/2022 10:00,99,62,37,31,23,8,20,11,9,,,,,,,495,247,248,,,,32,20,12,,,
10/12/2022 11:00,161,94,67,33,14,19,23,6,17,,,,,,,506,222,284,,,,34,13,21,,,
10/12/2022 12:00,219,99,120,39,16,23,31,15,16,,,,,,,618,300,318,,,,31,11,20,,,
10/12/2022 13:00,211,103,108,46,24,22,29,13,16,,,,,,,603,254,349,,,,46,21,25,,,
10/12/2022 14:00,266,122,144,47,26,21,48,27,21,,,,,,,636,270,366,,,,31,12,19,,,
10/12/2022 15:00,203,103,100,66,30,36,37,20,17,,,,,,,1266,510,756,,,,35,18,17,,,
10/12/2022 16:00,110,56,54,31,8,23,16,8,8,,,,,,,1083,442,641,,,,21,11,10,,,
10/12/2022 17:00,62,38,24,12,6,6,21,10,11,,,,,,,778,323,455,,,,23,8,15,,,
10/12/2022 18:00,21,12,9,15,8,7,11,5,6,,,,,,,684,301,383,,,,24,8,16,,,
10/12/2022 19:00,17,7,10,11,4,7,14,7,7,,,,,,,1224,441,783,,,,24,13,11,,,
10/12/2022 20:00,11,7,4,6,3,3,7,5,2,,,,,,,822,326,496,,,,17,12,5,,,
10/12/2022 21:00,10,4,6,6,0,6,12,11,1,,,,,,,727,276,451,,,,23,9,14,,,
10/12/2022 22:00,11,7,4,3,3,0,15,7,8,,,,,,,909,354,555,,,,14,10,4,,,
10/12/2022 23:00,8,5,3,2,2,0,1,1,0,,,,,,,1024,471,553,,,,13,4,9,,,
11/12/2022 00:00,0,0,0,0,0,0,3,1,2,,,,,,,247,118,129,,,,3,3,0,,,
11/12/2022 01:00,4,1,3,5,1,4,3,1,2,,,,,,,296,156,140,,,,79,46,33,,,
11/12/2022 02:00,1,0,1,2,1,1,3,2,1,,,,,,,297,143,154,,,,9,7,2,,,
11/12/2022 03:00,0,0,0,0,0,0,0,0,0,,,,,,,313,201,112,,,,2,1,1,,,
11/12/2022 04:00,0,0,0,1,0,1,0,0,0,,,,,,,34,17,17,,,,7,6,1,,,
11/12/2022 05:00,1,0,1,0,0,0,0,0,0,,,,,,,5,0,5,,,,2,1,1,,,
11/12/2022 06:00,3,2,1,0,0,0,0,0,0,,,,,,,35,16,19,,,,6,1,5,,,
11/12/2022 07:00,4,2,2,0,0,0,0,0,0,,,,,,,42,25,17,,,,5,2,3,,,
11/12/2022 08:00,16,8,8,8,3,5,13,7,6,,,,,,,198,95,103,,,,5,3,2,,,
11/12/2022 09:00,67,28,39,8,5,3,4,4,0,,,,,,,537,204,333,,,,17,7,10,,,
11/12/2022 10:00,102,50,52,19,8,11,16,9,7,,,,,,,501,216,285,,,,23,11,12,,,
11/12/2022 11:00,230,120,110,52,28,24,23,17,6,,,,,,,369,155,214,,,,33,25,8,,,
11/12/2022 12:00,357,173,184,47,25,22,29,18,11,,,,,,,411,183,228,,,,43,17,26,,,
11/12/2022 13:00,420,208,212,66,34,32,41,22,19,,,,,,,427,216,211,,,,40,15,25,,,
11/12/2022 14:00,377,180,197,54,25,29,50,32,18,,,,,,,448,198,250,,,,38,11,27,,,
11/12/2022 15:00,346,173,173,59,25,34,46,22,24,,,,,,,695,282,413,,,,49,22,27,,,
11/12/2022 16:00,182,89,93,37,19,18,30,16,14,,,,,,,598,226,372,,,,32,21,11,,,
11/12/2022 17:00,77,37,40,19,10,9,24,13,11,,,,,,,760,318,442,,,,25,13,12,,,
11/12/2022 18:00,25,18,7,12,11,1,15,10,5,,,,,,,883,361,522,,,,24,11,13,,,
11/12/2022 19:00,31,20,11,15,6,9,5,3,2,,,,,,,622,266,356,,,,22,10,12,,,
11/12/2022 20:00,22,11,11,4,0,4,3,0,3,,,,,,,957,375,582,,,,12,7,5,,,
11/12/2022 21:00,10,6,4,1,0,1,6,3,3,,,,,,,590,240,350,,,,11,3,8,,,
11/12/2022 22:00,6,3,3,2,2,0,1,1,0,,,,,,,345,149,196,,,,6,3,3,,,
11/12/2022 23:00,0,0,0,1,1,0,0,0,0,,,,,,,176,94,82,,,,4,4,0,,,
12/12/2022 00:00,0,0,0,0,0,0,1,0,1,,,,,,,85,37,48,,,,8,7,1,,,
12/12/2022 01:00,1,1,0,0,0,0,1,1,0,,,,,,,20,14,6,,,,0,0,0,,,
12/12/2022 02:00,0,0,0,0,0,0,0,0,0,,,,,,,17,9,8,,,,0,0,0,,,
12/12/2022 03:00,1,1,0,0,0,0,0,0,0,,,,,,,18,9,9,,,,2,1,1,,,
12/12/2022 04:00,0,0,0,0,0,0,0,0,0,,,,,,,10,5,5,,,,0,0,0,,,
12/12/2022 05:00,3,1,2,0,0,0,0,0,0,,,,,,,68,43,25,,,,6,2,4,,,
12/12/2022 06:00,5,2,3,0,0,0,0,0,0,,,,,,,480,219,261,,,,3,1,2,,,
12/12/2022 07:00,7,1,6,8,3,5,3,1,2,,,,,,,1402,625,777,,,,21,9,12,,,
12/12/2022 08:00,27,11,16,17,8,9,15,3,12,,,,,,,2419,994,1425,,,,82,55,27,,,
12/12/2022 09:00,54,23,31,6,4,2,7,6,1,,,,,,,1288,594,694,,,,33,14,19,,,
12/12/2022 10:00,30,10,20,9,6,3,7,5,2,,,,,,,855,413,442,,,,24,15,9,,,
12/12/2022 11:00,58,21,37,14,8,6,12,5,7,,,,,,,749,320,429,,,,43,25,18,,,
12/12/2022 12:00,79,38,41,34,13,21,12,6,6,,,,,,,897,455,442,,,,47,9,38,,,
12/12/2022 13:00,134,55,79,33,11,22,30,15,15,,,,,,,1048,430,618,,,,40,17,23,,,
12/12/2022 14:00,82,48,34,18,10,8,16,8,8,,,,,,,539,238,301,,,,47,27,20,,,
12/12/2022 15:00,84,42,42,23,11,12,27,15,12,,,,,,,841,286,555,,,,61,10,51,,,
12/12/2022 16:00,77,39,38,22,14,8,25,13,12,,,,,,,1371,431,940,,,,47,19,28,,,
12/12/2022 17:00,50,30,20,26,13,13,19,13,6,,,,,,,775,310,465,,,,39,22,17,,,
12/12/2022 18:00,47,25,22,32,11,21,14,9,5,,,,,,,738,272,466,,,,41,22,19,,,
12/12/2022 19:00,42,24,18,12,7,5,15,8,7,,,,,,,759,318,441,,,,19,7,12,,,
12/12/2022 20:00,41,29,12,15,7,8,11,5,6,,,,,,,811,319,492,,,,27,12,15,,,
12/12/2022 21:00,31,19,12,4,2,2,9,5,4,,,,,,,659,232,427,,,,17,8,9,,,
12/12/2022 22:00,7,4,3,4,2,2,4,0,4,,,,,,,703,263,440,,,,9,4,5,,,
12/12/2022 23:00,1,1,0,2,0,2,1,1,0,,,,,,,230,107,123,,,,2,2,0,,,
13/12/2022 00:00,0,0,0,0,0,0,0,0,0,,,,,,,101,46,55,,,,4,4,0,,,
13/12/2022 01:00,0,0,0,2,0,2,2,0,2,,,,,,,73,39,34,,,,1,1,0,,,
13/12/2022 02:00,0,0,0,1,1,0,0,0,0,,,,,,,44,24,20,,,,0,0,0,,,
13/12/2022 03:00,0,0,0,0,0,0,0,0,0,,,,,,,17,10,7,,,,1,1,0,,,
13/12/2022 04:00,0,0,0,1,1,0,0,0,0,,,,,,,6,5,1,,,,1,1,0,,,
13/12/2022 05:00,3,1,2,0,0,0,0,0,0,,,,,,,25,18,7,,,,5,3,2,,,
13/12/2022 06:00,21,10,11,3,1,2,10,7,3,,,,,,,380,205,175,,,,4,1,3,,,
13/12/2022 07:00,27,12,15,10,3,7,6,3,3,,,,,,,997,397,600,,,,21,13,8,,,
13/12/2022 08:00,83,37,46,32,12,20,11,6,5,,,,,,,1703,643,1060,,,,94,67,27,,,
13/12/2022 09:00,81,46,35,10,4,6,9,4,5,,,,,,,1113,446,667,,,,49,20,29,,,
13/12/2022 10:00,142,93,49,12,7,5,15,4,11,,,,,,,909,350,559,,,,46,16,30,,,
13/12/2022 11:00,193,87,106,36,20,16,13,9,4,,,,,,,777,357,420,,,,22,14,8,,,
13/12/2022 12:00,150,74,76,32,11,21,26,8,18,,,,,,,896,409,487,,,,59,41,18,,,
13/12/2022 13:00,145,71,74,24,9,15,24,12,12,,,,,,,960,427,533,,,,50,16,34,,,
13/12/2022 14:00,118,66,52,21,12,9,21,13,8,,,,,,,986,434,552,,,,62,27,35,,,
13/12/2022 15:00,89,50,39,20,11,9,22,11,11,,,,,,,1357,576,781,,,,104,35,69,,,
13/12/2022 16:00,80,48,32,27,9,18,26,13,13,,,,,,,1412,593,819,,,,57,22,35,,,
13/12/2022 17:00,73,41,32,32,16,16,36,19,17,,,,,,,1686,721,965,,,,29,11,18,,,
13/12/2022 18:00,72,34,38,34,19,15,34,15,19,,,,,,,1182,500,682,,,,43,20,23,,,
13/12/2022 19:00,44,27,17,16,5,11,13,10,3,,,,,,,1000,434,566,,,,29,14,15,,,
13/12/2022 20:00,49,24,25,12,5,7,13,7,6,,,,,,,1238,518,720,,,,35,19,16,,,
13/12/2022 21:00,30,16,14,19,15,4,10,4,6,,,,,,,1404,668,736,,,,24,14,10,,,
13/12/2022 22:00,6,3,3,2,1,1,7,2,5,,,,,,,845,415,430,,,,5,0,5,,,
13/12/2022 23:00,4,2,2,6,3,3,1,0,1,,,,,,,1406,634,772,,,,3,2,1,,,
14/12/2022 00:00,0,0,0,1,1,0,1,1,0,,,,,,,680,304,376,,,,8,4,4,,,
14/12/2022 01:00,0,0,0,0,0,0,0,0,0,,,,,,,352,269,83,,,,3,3,0,,,
14/12/2022 02:00,0,0,0,0,0,0,0,0,0,,,,,,,13,9,4,,,,4,4,0,,,
14/12/2022 03:00,0,0,0,0,0,0,0,0,0,,,,,,,80,44,36,,,,1,1,0,,,
14/12/2022 04:00,0,0,0,0,0,0,0,0,0,,,,,,,14,8,6,,,,0,0,0,,,
14/12/2022 05:00,5,2,3,2,0,2,0,0,0,,,,,,,33,24,9,,,,7,2,5,,,
14/12/2022 06:00,27,11,16,8,5,3,11,7,4,,,,,,,238,138,100,,,,8,4,4,,,
14/12/2022 07:00,27,13,14,21,3,18,1,0,1,,,,,,,697,341,356,,,,21,7,14,,,
14/12/2022 08:00,58,26,32,25,6,19,14,7,7,,,,,,,1655,665,990,,,,98,69,29,,,
14/12/2022 09:00,93,47,46,12,4,8,16,8,8,,,,,,,911,463,448,,,,48,21,27,,,
14/12/2022 10:00,107,66,41,17,10,7,17,4,13,,,,,,,712,349,363,,,,63,39,24,,,
14/12/2022 11:00,127,78,49,31,17,14,25,12,13,,,,,,,926,486,440,,,,86,35,51,,,
14/12/2022 12:00,129,71,58,49,23,26,16,8,8,,,,,,,1247,587,660,,,,44,20,24,,,
14/12/2022 13:00,150,78,72,28,15,13,34,14,20,,,,,,,1280,579,701,,,,70,28,42,,,
14/12/2022 14:00,88,53,35,37,18,19,16,8,8,,,,,,,1436,709,727,,,,109,41,68,,,
14/12/2022 15:00,96,51,45,25,16,9,25,16,9,,,,,,,1534,675,859,,,,77,37,40,,,
14/12/2022 16:00,93,41,52,26,12,14,21,11,10,,,,,,,1265,513,752,,,,55,24,31,,,
14/12/2022 17:00,49,26,23,26,18,8,24,12,12,,,,,,,1511,637,874,,,,43,21,22,,,
14/12/2022 18:00,43,27,16,23,13,10,22,14,8,,,,,,,1233,477,756,,,,40,21,19,,,
14/12/2022 19:00,36,17,19,23,13,10,17,10,7,,,,,,,894,392,502,,,,31,13,18,,,
14/12/2022 20:00,41,19,22,17,10,7,14,7,7,,,,,,,1077,442,635,,,,25,9,16,,,
14/12/2022 21:00,27,13,14,7,3,4,9,4,5,,,,,,,1010,429,581,,,,15,8,7,,,
14/12/2022 22:00,17,7,10,9,4,5,8,2,6,,,,,,,1132,557,575,,,,15,6,9,,,
14/12/2022 23:00,12,10,2,4,2,2,0,0,0,,,,,,,837,416,421,,,,7,7,0,,,
15/12/2022 00:00,1,0,1,0,0,0,1,0,1,,,,,,,382,225,157,,,,7,7,0,,,
15/12/2022 01:00,0,0,0,0,0,0,1,0,1,,,,,,,496,286,210,,,,5,5,0,,,
15/12/2022 02:00,0,0,0,0,0,0,0,0,0,,,,,,,443,274,169,,,,0,0,0,,,
15/12/2022 03:00,1,1,0,1,1,0,2,2,0,,,,,,,33,20,13,,,,1,1,0,,,
15/12/2022 04:00,0,0,0,1,1,0,0,0,0,,,,,,,53,35,18,,,,0,0,0,,,
15/12/2022 05:00,3,0,3,0,0,0,0,0,0,,,,,,,159,55,104,,,,7,4,3,,,
15/12/2022 06:00,13,7,6,1,0,1,3,3,0,,,,,,,345,206,139,,,,6,4,2,,,
15/12/2022 07:00,23,11,12,11,3,8,11,3,8,,,,,,,1422,610,812,,,,23,11,12,,,
15/12/2022 08:00,46,26,20,28,7,21,10,2,8,,,,,,,2241,953,1288,,,,102,73,29,,,
15/12/2022 09:00,65,37,28,25,9,16,13,5,8,,,,,,,1702,743,959,,,,39,12,27,,,
15/12/2022 10:00,97,63,34,26,12,14,18,7,11,,,,,,,795,387,408,,,,45,19,26,,,
15/12/2022 11:00,145,81,64,28,16,12,20,16,4,,,,,,,733,371,362,,,,52,22,30,,,
15/12/2022 12:00,159,83,76,46,21,25,38,22,16,,,,,,,890,415,475,,,,49,24,25,,,
15/12/2022 13:00,152,77,75,34,16,18,30,22,8,,,,,,,764,307,457,,,,42,18,24,,,
15/12/2022 14:00,110,51,59,30,15,15,18,11,7,,,,,,,695,323,372,,,,73,26,47,,,
15/12/2022 15:00,123,68,55,26,15,11,21,10,11,,,,,,,1250,508,742,,,,69,21,48,,,
15/12/2022 16:00,73,45,28,22,10,12,24,12,12,,,,,,,1299,509,790,,,,46,18,28,,,
15/12/2022 17:00,55,31,24,35,13,22,26,11,15,,,,,,,1714,644,1070,,,,45,18,27,,,
15/12/2022 18:00,60,36,24,26,19,7,26,12,14,,,,,,,1234,511,723,,,,33,18,15,,,
15/12/2022 19:00,49,25,24,14,10,4,12,6,6,,,,,,,1204,488,716,,,,27,17,10,,,
15/12/2022 20:00,24,13,11,12,8,4,11,4,7,,,,,,,1241,548,693,,,,28,13,15,,,
15/12/2022 21:00,18,11,7,6,2,4,10,7,3,,,,,,,1277,544,733,,,,16,10,6,,,
15/12/2022 22:00,17,9,8,2,0,2,5,3,2,,,,,,,701,321,380,,,,13,6,7,,,
15/12/2022 23:00,6,4,2,3,2,1,5,2,3,,,,,,,450,210,240,,,,5,5,0,,,
16/12/2022 00:00,0,0,0,0,0,0,3,1,2,,,,,,,124,61,63,,,,5,5,0,,,
16/12/2022 01:00,0,0,0,0,0,0,0,0,0,,,,,,,180,112,68,,,,3,3,0,,,
16/12/2022 02:00,0,0,0,0,0,0,0,0,0,,,,,,,721,351,370,,,,0,0,0,,,
16/12/2022 03:00,0,0,0,0,0,0,0,0,0,,,,,,,63,43,20,,,,0,0,0,,,
16/12/2022 04:00,0,0,0,0,0,0,0,0,0,,,,,,,43,21,22,,,,2,1,1,,,
16/12/2022 05:00,2,1,1,1,1,0,0,0,0,,,,,,,67,44,23,,,,3,2,1,,,
16/12/2022 06:00,13,8,5,4,3,1,2,1,1,,,,,,,513,295,218,,,,6,3,3,,,
16/12/2022 07:00,26,14,12,11,7,4,6,1,5,,,,,,,1142,551,591,,,,19,7,12,,,
16/12/2022 08:00,46,25,21,20,8,12,11,7,4,,,,,,,1590,701,889,,,,71,40,31,,,
16/12/2022 09:00,67,33,34,16,9,7,10,4,6,,,,,,,1319,704,615,,,,42,22,20,,,
16/12/2022 10:00,102,60,42,20,8,12,7,4,3,,,,,,,680,283,397,,,,33,12,21,,,
16/12/2022 11:00,135,69,66,30,14,16,14,9,5,,,,,,,936,389,547,,,,43,21,22,,,
16/12/2022 12:00,135,74,61,38,25,13,16,8,8,,,,,,,713,310,403,,,,41,17,24,,,
16/12/2022 13:00,185,94,91,40,19,21,27,13,14,,,,,,,941,402,539,,,,76,28,48,,,
16/12/2022 14:00,137,71,66,26,6,20,29,17,12,,,,,,,1151,463,688,,,,67,31,36,,,
16/12/2022 15:00,125,66,59,37,22,15,27,13,14,,,,,,,1135,458,677,,,,54,23,31,,,
16/12/2022 16:00,117,60,57,25,12,13,23,11,12,,,,,,,1262,507,755,,,,69,36,33,,,
16/12/2022 17:00,67,30,37,32,21,11,33,20,13,,,,,,,1456,567,889,,,,62,37,25,,,
16/12/2022 18:00,52,28,24,20,11,9,11,6,5,,,,,,,1113,523,590,,,,58,17,41,,,
16/12/2022 19:00,40,28,12,15,5,10,12,6,6,,,,,,,878,415,463,,,,39,16,23,,,
16/12/2022 20:00,28,18,10,8,5,3,5,2,3,,,,,,,783,390,393,,,,20,11,9,,,
16/12/2022 21:00,24,15,9,5,4,1,10,8,2,,,,,,,888,363,525,,,,25,13,12,,,
16/12/2022 22:00,10,6,4,9,4,5,9,3,6,,,,,,,807,380,427,,,,21,10,11,,,
16/12/2022 23:00,5,3,2,5,4,1,6,4,2,,,,,,,1177,551,626,,,,16,10,6,,,
17/12/2022 00:00,0,0,0,0,0,0,5,5,0,,,,,,,364,177,187,,,,7,6,1,,,
17/12/2022 01:00,6,2,4,2,1,1,2,0,2,,,,,,,424,267,157,,,,11,8,3,,,
17/12/2022 02:00,0,0,0,0,0,0,0,0,0,,,,,,,594,462,132,,,,10,6,4,,,
17/12/2022 03:00,0,0,0,5,0,5,0,0,0,,,,,,,250,192,58,,,,2,2,0,,,
17/12/2022 04:00,0,0,0,0,0,0,0,0,0,,,,,,,943,586,357,,,,4,3,1,,,
17/12/2022 05:00,5,3,2,3,2,1,0,0,0,,,,,,,125,71,54,,,,2,2,0,,,
17/12/2022 06:00,9,0,9,1,1,0,2,2,0,,,,,,,167,91,76,,,,2,1,1,,,
17/12/2022 07:00,20,11,9,2,1,1,0,0,0,,,,,,,401,173,228,,,,4,3,1,,,
17/12/2022 08:00,45,21,24,7,5,2,3,3,0,,,,,,,518,327,191,,,,11,7,4,,,
17/12/2022 09:00,92,53,39,25,11,14,15,6,9,,,,,,,432,186,246,,,,26,14,12,,,
17/12/2022 10:00,153,78,75,44,25,19,25,15,10,,,,,,,613,270,343,,,,51,28,23,,,
17/12/2022 11:00,207,128,79,53,29,24,54,36,18,,,,,,,785,380,405,,,,56,29,27,,,
17/12/2022 12:00,261,129,132,48,26,22,53,30,23,,,,,,,808,373,435,,,,56,22,34,,,
17/12/2022 13:00,290,159,131,72,35,37,57,25,32,,,,,,,1026,496,530,,,,66,34,32,,,
17/12/2022 14:00,280,157,123,77,40,37,61,33,28,,,,,,,921,434,487,,,,60,29,31,,,
17/12/2022 15:00,247,139,108,55,29,26,43,20,23,,,,,,,967,386,581,,,,50,24,26,,,
17/12/2022 16:00,266,146,120,53,29,24,56,25,31,,,,,,,1279,529,750,,,,42,14,28,,,
17/12/2022 17:00,95,58,37,36,17,19,38,12,26,,,,,,,972,460,512,,,,37,16,21,,,
17/12/2022 18:00,62,33,29,20,4,16,27,16,11,,,,,,,1140,528,612,,,,29,11,18,,,
17/12/2022 19:00,52,28,24,17,6,11,8,3,5,,,,,,,914,429,485,,,,34,13,21,,,
17/12/2022 20:00,36,13,23,6,5,1,8,5,3,,,,,,,942,392,550,,,,26,14,12,,,
17/12/2022 21:00,34,22,12,5,1,4,5,0,5,,,,,,,715,336,379,,,,22,11,11,,,
17/12/2022 22:00,13,7,6,2,0,2,5,1,4,,,,,,,588,276,312,,,,14,8,6,,,
17/12/2022 23:00,7,3,4,3,3,0,4,2,2,,,,,,,889,403,486,,,,5,2,3,,,
18/12/2022 00:00,0,0,0,1,0,1,9,4,5,,,,,,,219,93,126,,,,4,3,1,,,
18/12/2022 01:00,4,3,1,0,0,0,1,1,0,,,,,,,608,309,299,,,,15,10,5,,,
18/12/2022 02:00,1,1,0,0,0,0,4,2,2,,,,,,,123,84,39,,,,4,2,2,,,
18/12/2022 03:00,0,0,0,0,0,0,0,0,0,,,,,,,329,101,228,,,,14,10,4,,,
18/12/2022 04:00,0,0,0,2,1,1,0,0,0,,,,,,,134,88,46,,,,3,1,2,,,
18/12/2022 05:00,0,0,0,0,0,0,0,0,0,,,,,,,20,10,10,,,,1,1,0,,,
18/12/2022 06:00,0,0,0,1,0,1,0,0,0,,,,,,,74,31,43,,,,5,4,1,,,
18/12/2022 07:00,9,3,6,2,0,2,0,0,0,,,,,,,78,43,35,,,,3,2,1,,,
18/12/2022 08:00,19,10,9,7,6,1,7,5,2,,,,,,,234,139,95,,,,4,2,2,,,
18/12/2022 09:00,23,9,14,14,10,4,17,8,9,,,,,,,739,428,311,,,,8,2,6,,,
18/12/2022 10:00,47,31,16,24,18,6,27,20,7,,,,,,,434,266,168,,,,16,5,11,,,
18/12/2022 11:00,68,35,33,32,21,11,32,22,10,,,,,,,179,86,93,,,,6,2,4,,,
18/12/2022 12:00,65,20,45,23,17,6,22,11,11,,,,,,,299,164,135,,,,21,11,10,,,
18/12/2022 13:00,83,35,48,28,7,21,21,12,9,,,,,,,691,293,398,,,,23,11,12,,,
18/12/2022 14:00,77,38,39,26,16,10,24,12,12,,,,,,,539,218,321,,,,18,6,12,,,
18/12/2022 15:00,90,49,41,29,20,9,23,11,12,,,,,,,536,193,343,,,,20,9,11,,,
18/12/2022 16:00,75,40,35,22,6,16,18,11,7,,,,,,,458,171,287,,,,22,12,10,,,
18/12/2022 17:00,48,30,18,11,5,6,16,4,12,,,,,,,597,221,376,,,,17,9,8,,,
18/12/2022 18:00,66,37,29,20,11,9,21,10,11,,,,,,,585,278,307,,,,19,12,7,,,
18/12/2022 19:00,60,33,27,35,16,19,24,18,6,,,,,,,490,217,273,,,,15,8,7,,,
18/12/2022 20:00,76,35,41,19,11,8,17,5,12,,,,,,,526,216,310,,,,3,2,1,,,
18/12/2022 21:00,36,22,14,10,4,6,10,3,7,,,,,,,610,283,327,,,,7,2,5,,,
18/12/2022 22:00,14,11,3,1,1,0,6,6,0,,,,,,,553,249,304,,,,9,6,3,,,
18/12/2022 23:00,12,4,8,2,1,1,3,0,3,,,,,,,145,56,89,,,,12,6,6,,,
19/12/2022 00:00,1,1,0,1,0,1,3,2,1,,,,,,,29,14,15,,,,5,3,2,,,
19/12/2022 01:00,0,0,0,0,0,0,0,0,0,,,,,,,104,57,47,,,,10,2,8,,,
19/12/2022 02:00,1,1,0,0,0,0,0,0,0,,,,,,,8,4,4,,,,1,1,0,,,
19/12/2022 03:00,0,0,0,1,1,0,2,2,0,,,,,,,5,3,2,,,,4,2,2,,,
19/12/2022 04:00,0,0,0,4,3,1,0,0,0,,,,,,,28,9,19,,,,1,1,0,,,
19/12/2022 05:00,5,2,3,0,0,0,0,0,0,,,,,,,13,4,9,,,,4,2,2,,,
19/12/2022 06:00,21,9,12,9,3,6,7,5,2,,,,,,,72,40,32,,,,5,2,3,,,
19/12/2022 07:00,28,12,16,11,6,5,11,10,1,,,,,,,375,166,209,,,,27,9,18,,,
19/12/2022 08:00,51,28,23,23,2,21,17,7,10,,,,,,,594,251,343,,,,92,69,23,,,
19/12/2022 09:00,55,30,25,22,16,6,13,8,5,,,,,,,419,187,232,,,,48,24,24,,,
19/12/2022 10:00,47,27,20,23,11,12,19,13,6,,,,,,,319,132,187,,,,24,19,5,,,
19/12/2022 11:00,25,13,12,7,3,4,10,3,7,,,,,,,179,84,95,,,,48,12,36,,,
19/12/2022 12:00,68,37,31,20,10,10,14,6,8,,,,,,,334,167,167,,,,44,21,23,,,
19/12/2022 13:00,113,68,45,36,16,20,33,22,11,,,,,,,617,289,328,,,,39,19,20,,,
19/12/2022 14:00,54,28,26,24,12,12,10,4,6,,,,,,,362,148,214,,,,62,24,38,,,
19/12/2022 15:00,80,40,40,28,13,15,15,11,4,,,,,,,684,262,422,,,,54,20,34,,,
19/12/2022 16:00,93,49,44,46,25,21,26,14,12,,,,,,,793,293,500,,,,52,23,29,,,
19/12/2022 17:00,115,60,55,43,24,19,23,12,11,,,,,,,803,306,497,,,,55,28,27,,,
19/12/2022 18:00,94,59,35,24,15,9,29,17,12,,,,,,,658,284,374,,,,41,15,26,,,
19/12/2022 19:00,104,54,50,48,20,28,29,14,15,,,,,,,439,211,228,,,,34,19,15,,,
19/12/2022 20:00,75,42,33,24,13,11,28,11,17,,,,,,,719,344,375,,,,31,11,20,,,
19/12/2022 21:00,54,36,18,9,3,6,6,1,5,,,,,,,719,297,422,,,,15,5,10,,,
19/12/2022 22:00,21,11,10,12,3,9,9,4,5,,,,,,,464,237,227,,,,12,10,2,,,
19/12/2022 23:00,7,3,4,3,1,2,1,0,1,,,,,,,357,174,183,,,,9,5,4,,,
20/12/2022 00:00,0,0,0,0,0,0,3,2,1,,,,,,,68,36,32,,,,4,2,2,,,
20/12/2022 01:00,2,0,2,0,0,0,0,0,0,,,,,,,147,29,118,,,,2,2,0,,,
20/12/2022 02:00,0,0,0,0,0,0,0,0,0,,,,,,,3,2,1,,,,1,0,1,,,
20/12/2022 03:00,0,0,0,0,0,0,0,0,0,,,,,,,19,9,10,,,,1,1,0,,,
20/12/2022 04:00,0,0,0,1,1,0,0,0,0,,,,,,,5,1,4,,,,2,2,0,,,
20/12/2022 05:00,5,1,4,3,1,2,3,2,1,,,,,,,46,31,15,,,,5,3,2,,,
20/12/2022 06:00,28,14,14,7,4,3,10,6,4,,,,,,,240,97,143,,,,5,1,4,,,
20/12/2022 07:00,34,18,16,16,6,10,14,7,7,,,,,,,580,256,324,,,,24,13,11,,,
20/12/2022 08:00,60,32,28,28,10,18,21,11,10,,,,,,,1043,421,622,,,,106,80,26,,,
20/12/2022 09:00,75,43,32,30,19,11,21,10,11,,,,,,,636,280,356,,,,60,22,38,,,
20/12/2022 10:00,103,58,45,20,12,8,18,3,15,,,,,,,433,238,195,,,,47,27,20,,,
20/12/2022 11:00,141,76,65,26,17,9,24,11,13,,,,,,,459,211,248,,,,46,17,29,,,
20/12/2022 12:00,169,84,85,47,13,34,37,22,15,,,,,,,772,326,446,,,,45,14,31,,,
20/12/2022 13:00,257,145,112,38,16,22,27,12,15,,,,,,,778,436,342,,,,89,45,44,,,
20/12/2022 14:00,118,53,65,34,12,22,21,11,10,,,,,,,597,298,299,,,,86,36,50,,,
20/12/2022 15:00,98,56,42,17,9,8,19,9,10,,,,,,,1087,424,663,,,,51,24,27,,,
20/12/2022 16:00,85,41,44,44,27,17,26,15,11,,,,,,,988,380,608,,,,67,30,37,,,
20/12/2022 17:00,80,40,40,50,26,24,53,31,22,,,,,,,1180,413,767,,,,64,35,29,,,
20/12/2022 18:00,84,35,49,30,16,14,34,20,14,,,,,,,991,428,563,,,,37,27,10,,,
20/12/2022 19:00,56,22,34,23,13,10,29,17,12,,,,,,,887,392,495,,,,26,13,13,,,
20/12/2022 20:00,69,44,25,9,1,8,21,13,8,,,,,,,777,354,423,,,,21,11,10,,,
20/12/2022 21:00,46,23,23,16,5,11,7,3,4,,,,,,,673,315,358,,,,20,8,12,,,
20/12/2022 22:00,12,6,6,10,6,4,2,1,1,,,,,,,499,212,287,,,,7,4,3,,,
20/12/2022 23:00,4,3,1,2,2,0,3,1,2,,,,,,,339,138,201,,,,6,4,2,,,
21/12/2022 00:00,0,0,0,0,0,0,2,1,1,,,,,,,345,149,196,,,,3,3,0,,,
21/12/2022 01:00,0,0,0,0,0,0,0,0,0,,,,,,,337,159,178,,,,4,4,0,,,
21/12/2022 02:00,0,0,0,0,0,0,0,0,0,,,,,,,24,8,16,,,,0,0,0,,,
21/12/2022 03:00,0,0,0,0,0,0,1,1,0,,,,,,,5,2,3,,,,1,1,0,,,
21/12/2022 04:00,0,0,0,0,0,0,0,0,0,,,,,,,73,13,60,,,,1,1,0,,,
21/12/2022 05:00,5,2,3,0,0,0,0,0,0,,,,,,,23,10,13,,,,7,3,4,,,
21/12/2022 06:00,15,5,10,8,5,3,9,8,1,,,,,,,280,125,155,,,,8,1,7,,,
21/12/2022 07:00,40,20,20,15,5,10,11,5,6,,,,,,,1053,398,655,,,,18,8,10,,,
21/12/2022 08:00,85,51,34,30,15,15,15,3,12,,,,,,,1042,444,598,,,,75,47,28,,,
21/12/2022 09:00,80,44,36,26,13,13,15,8,7,,,,,,,676,303,373,,,,32,10,22,,,
21/12/2022 10:00,72,32,40,20,9,11,24,14,10,,,,,,,610,257,353,,,,31,12,19,,,
21/12/2022 11:00,115,58,57,25,5,20,18,9,9,,,,,,,647,302,345,,,,47,20,27,,,
21/12/2022 12:00,138,68,70,35,19,16,31,18,13,,,,,,,1074,486,588,,,,82,28,54,,,
21/12/2022 13:00,119,58,61,44,25,19,27,17,10,,,,,,,855,388,467,,,,55,23,32,,,
21/12/2022 14:00,107,46,61,34,12,22,17,11,6,,,,,,,680,282,398,,,,45,17,28,,,
21/12/2022 15:00,104,50,54,45,25,20,23,17,6,,,,,,,817,330,487,,,,48,21,27,,,
21/12/2022 16:00,126,54,72,24,15,9,16,7,9,,,,,,,918,403,515,,,,52,34,18,,,
21/12/2022 17:00,71,39,32,22,16,6,29,11,18,,,,,,,1017,409,608,,,,64,31,33,,,
21/12/2022 18:00,43,26,17,21,8,13,23,13,10,,,,,,,1043,443,600,,,,36,23,13,,,
21/12/2022 19:00,61,31,30,19,11,8,17,11,6,,,,,,,823,381,442,,,,32,15,17,,,
21/12/2022 20:00,68,43,25,8,2,6,11,4,7,,,,,,,595,276,319,,,,29,11,18,,,
21/12/2022 21:00,20,11,9,6,3,3,11,2,9,,,,,,,397,184,213,,,,26,13,13,,,
21/12/2022 22:00,17,11,6,7,2,5,14,8,6,,,,,,,356,144,212,,,,20,9,11,,,
21/12/2022 23:00,4,1,3,1,1,0,9,3,6,,,,,,,557,245,312,,,,4,3,1,,,
22/12/2022 00:00,1,1,0,0,0,0,3,0,3,,,,,,,1423,589,834,,,,6,4,2,,,
22/12/2022 01:00,4,4,0,3,3,0,1,1,0,,,,,,,106,54,52,,,,12,6,6,,,
22/12/2022 02:00,1,1,0,0,0,0,0,0,0,,,,,,,85,36,49,,,,3,3,0,,,
22/12/2022 03:00,0,0,0,1,1,0,2,1,1,,,,,,,130,62,68,,,,2,2,0,,,
22/12/2022 04:00,0,0,0,0,0,0,0,0,0,,,,,,,126,50,76,,,,0,0,0,,,
22/12/2022 05:00,2,1,1,1,0,1,0,0,0,,,,,,,106,53,53,,,,5,3,2,,,
22/12/2022 06:00,22,10,12,2,2,0,8,8,0,,,,,,,107,61,46,,,,3,1,2,,,
22/12/2022 07:00,19,7,12,12,4,8,14,4,10,,,,,,,394,180,214,,,,9,2,7,,,
22/12/2022 08:00,47,29,18,18,6,12,11,6,5,,,,,,,373,124,249,,,,22,9,13,,,
22/12/2022 09:00,24,13,11,12,5,7,7,1,6,,,,,,,263,110,153,,,,22,8,14,,,
22/12/2022 10:00,45,29,16,15,6,9,11,7,4,,,,,,,493,222,271,,,,19,6,13,,,
22/12/2022 11:00,82,40,42,41,24,17,19,14,5,,,,,,,751,267,484,,,,30,20,10,,,
22/12/2022 12:00,114,65,49,28,9,19,19,13,6,,,,,,,591,231,360,,,,36,18,18,,,
22/12/2022 13:00,145,82,63,45,32,13,35,25,10,,,,,,,499,232,267,,,,39,11,28,,,
22/12/2022 14:00,139,73,66,46,21,25,35,18,17,,,,,,,498,188,310,,,,34,14,20,,,
22/12/2022 15:00,155,82,73,53,20,33,37,20,17,,,,,,,550,240,310,,,,35,18,17,,,
22/12/2022 16:00,199,99,100,42,23,19,37,19,18,,,,,,,764,350,414,,,,47,22,25,,,
22/12/2022 17:00,106,64,42,27,12,15,29,13,16,,,,,,,697,263,434,,,,45,23,22,,,
22/12/2022 18:00,76,48,28,26,12,14,12,8,4,,,,,,,702,265,437,,,,46,25,21,,,
22/12/2022 19:00,64,39,25,27,13,14,25,8,17,,,,,,,725,245,480,,,,40,18,22,,,
22/12/2022 20:00,55,25,30,13,6,7,8,7,1,,,,,,,638,197,441,,,,13,5,8,,,
22/12/2022 21:00,28,16,12,10,6,4,16,5,11,,,,,,,940,320,620,,,,16,7,9,,,
22/12/2022 22:00,16,8,8,6,2,4,11,4,7,,,,,,,889,294,595,,,,13,5,8,,,
22/12/2022 23:00,11,9,2,1,1,0,8,0,8,,,,,,,704,245,459,,,,19,10,9,,,
23/12/2022 00:00,0,0,0,1,1,0,0,0,0,,,,,,,506,244,262,,,,6,6,0,,,
23/12/2022 01:00,1,0,1,2,0,2,1,0,1,,,,,,,83,45,38,,,,12,7,5,,,
23/12/2022 02:00,0,0,0,0,0,0,1,0,1,,,,,,,166,82,84,,,,2,0,2,,,
23/12/2022 03:00,0,0,0,0,0,0,0,0,0,,,,,,,46,26,20,,,,4,4,0,,,
23/12/2022 04:00,1,0,1,0,0,0,0,0,0,,,,,,,37,17,20,,,,2,1,1,,,
23/12/2022 05:00,2,1,1,0,0,0,0,0,0,,,,,,,20,8,12,,,,4,2,2,,,
23/12/2022 06:00,14,4,10,5,1,4,7,5,2,,,,,,,179,75,104,,,,1,1,0,,,
23/12/2022 07:00,22,13,9,10,3,7,6,3,3,,,,,,,498,160,338,,,,7,3,4,,,
23/12/2022 08:00,6,4,2,5,2,3,6,2,4,,,,,,,98,47,51,,,,5,2,3,,,
23/12/2022 09:00,16,6,10,6,4,2,8,3,5,,,,,,,308,90,218,,,,11,6,5,,,
23/12/2022 10:00,24,16,8,13,7,6,6,3,3,,,,,,,242,74,168,,,,9,4,5,,,
23/12/2022 11:00,40,22,18,15,6,9,15,7,8,,,,,,,188,67,121,,,,25,9,16,,,
23/12/2022 12:00,54,30,24,14,5,9,13,6,7,,,,,,,190,58,132,,,,21,7,14,,,
23/12/2022 13:00,58,27,31,26,17,9,16,7,9,,,,,,,290,117,173,,,,40,16,24,,,
23/12/2022 14:00,148,92,56,34,22,12,29,17,12,,,,,,,346,124,222,,,,30,11,19,,,
23/12/2022 15:00,186,97,89,36,14,22,32,21,11,,,,,,,287,129,158,,,,54,22,32,,,
23/12/2022 16:00,179,106,73,37,24,13,45,24,21,,,,,,,504,160,344,,,,37,18,19,,,
23/12/2022 17:00,109,63,46,31,9,22,27,16,11,,,,,,,434,138,296,,,,43,27,16,,,
23/12/2022 18:00,98,55,43,29,10,19,16,8,8,,,,,,,406,174,232,,,,41,27,14,,,
23/12/2022 19:00,64,36,28,21,12,9,16,9,7,,,,,,,387,124,263,,,,28,14,14,,,
23/12/2022 20:00,49,31,18,6,5,1,23,6,17,,,,,,,319,122,197,,,,15,8,7,,,
23/12/2022 21:00,26,13,13,8,5,3,14,9,5,,,,,,,349,113,236,,,,29,15,14,,,
23/12/2022 22:00,15,11,4,2,0,2,10,4,6,,,,,,,440,161,279,,,,17,6,11,,,
23/12/2022 23:00,0,0,0,1,0,1,5,2,3,,,,,,,415,123,292,,,,7,3,4,,,
24/12/2022 00:00,0,0,0,0,0,0,3,1,2,,,,,,,605,279,326,,,,9,7,2,,,
24/12/2022 01:00,2,2,0,1,1,0,1,0,1,,,,,,,710,465,245,,,,6,5,1,,,
24/12/2022 02:00,1,1,0,0,0,0,0,0,0,,,,,,,428,194,234,,,,9,6,3,,,
24/12/2022 03:00,0,0,0,0,0,0,0,0,0,,,,,,,387,130,257,,,,1,1,0,,,
24/12/2022 04:00,0,0,0,0,0,0,0,0,0,,,,,,,185,76,109,,,,0,0,0,,,
24/12/2022 05:00,2,1,1,2,1,1,2,1,1,,,,,,,13,4,9,,,,3,1,2,,,
24/12/2022 06:00,6,0,6,1,0,1,3,2,1,,,,,,,41,15,26,,,,3,2,1,,,
24/12/2022 07:00,16,7,9,5,3,2,10,10,0,,,,,,,149,49,100,,,,5,2,3,,,
24/12/2022 08:00,60,35,25,19,13,6,15,8,7,,,,,,,297,128,169,,,,23,8,15,,,
24/12/2022 09:00,71,35,36,40,22,18,23,7,16,,,,,,,246,142,104,,,,19,10,9,,,
24/12/2022 10:00,164,92,72,58,32,26,48,35,13,,,,,,,580,289,291,,,,27,10,17,,,
24/12/2022 11:00,274,144,130,35,15,20,59,33,26,,,,,,,667,305,362,,,,52,24,28,,,
24/12/2022 12:00,292,173,119,87,46,41,39,17,22,,,,,,,743,356,387,,,,48,26,22,,,
24/12/2022 13:00,97,46,51,29,18,11,29,13,16,,,,,,,721,291,430,,,,22,10,12,,,
24/12/2022 14:00,108,60,48,29,13,16,23,13,10,,,,,,,408,191,217,,,,32,15,17,,,
24/12/2022 15:00,101,58,43,13,9,4,23,4,19,,,,,,,521,213,308,,,,29,18,11,,,
24/12/2022 16:00,38,28,10,8,2,6,7,2,5,,,,,,,566,212,354,,,,21,10,11,,,
24/12/2022 17:00,36,18,18,15,7,8,17,8,9,,,,,,,417,203,214,,,,13,4,9,,,
24/12/2022 18:00,21,15,6,14,5,9,15,6,9,,,,,,,292,147,145,,,,19,8,11,,,
24/12/2022 19:00,28,13,15,23,6,17,8,5,3,,,,,,,368,149,219,,,,15,4,11,,,
24/12/2022 20:00,26,16,10,8,2,6,12,5,7,,,,,,,160,57,103,,,,17,9,8,,,
24/12/2022 21:00,16,11,5,9,2,7,11,7,4,,,,,,,393,179,214,,,,16,6,10,,,
24/12/2022 22:00,10,5,5,1,0,1,6,0,6,,,,,,,928,624,304,,,,11,9,2,,,
24/12/2022 23:00,12,4,8,0,0,0,4,0,4,,,,,,,401,277,124,,,,1,0,1,,,
25/12/2022 00:00,2,2,0,0,0,0,0,0,0,,,,,,,412,117,295,,,,7,3,4,,,
25/12/2022 01:00,0,0,0,0,0,0,0,0,0,,,,,,,158,28,130,,,,9,6,3,,,
25/12/2022 02:00,1,0,1,0,0,0,0,0,0,,,,,,,38,15,23,,,,3,2,1,,,
25/12/2022 03:00,0,0,0,0,0,0,0,0,0,,,,,,,0,0,0,,,,4,3,1,,,
25/12/2022 04:00,0,0,0,0,0,0,0,0,0,,,,,,,0,0,0,,,,1,1,0,,,
25/12/2022 05:00,2,1,1,0,0,0,0,0,0,,,,,,,22,8,14,,,,0,0,0,,,
25/12/2022 06:00,6,3,3,6,1,5,0,0,0,,,,,,,21,4,17,,,,1,1,0,,,
25/12/2022 07:00,14,7,7,3,2,1,5,4,1,,,,,,,221,87,134,,,,4,3,1,,,
25/12/2022 08:00,42,24,18,16,8,8,11,6,5,,,,,,,247,126,121,,,,16,8,8,,,
25/12/2022 09:00,90,56,34,47,35,12,20,12,8,,,,,,,161,86,75,,,,22,13,9,,,
25/12/2022 10:00,172,109,63,72,37,35,32,23,9,,,,,,,300,139,161,,,,28,22,6,,,
25/12/2022 11:00,382,255,127,123,82,41,47,22,25,,,,,,,442,235,207,,,,40,14,26,,,
25/12/2022 12:00,435,256,179,160,77,83,43,21,22,,,,,,,455,243,212,,,,26,15,11,,,
25/12/2022 13:00,424,247,177,125,36,89,33,18,15,,,,,,,408,208,200,,,,51,21,30,,,
25/12/2022 14:00,387,228,159,54,25,29,35,19,16,,,,,,,338,145,193,,,,37,20,17,,,
25/12/2022 15:00,295,194,101,66,34,32,23,7,16,,,,,,,495,211,284,,,,32,13,19,,,
25/12/2022 16:00,151,88,63,48,17,31,24,10,14,,,,,,,542,206,336,,,,28,8,20,,,
25/12/2022 17:00,93,47,46,19,8,11,14,8,6,,,,,,,125,62,63,,,,22,14,8,,,
25/12/2022 18:00,39,22,17,8,3,5,6,1,5,,,,,,,121,44,77,,,,17,9,8,,,
25/12/2022 19:00,11,5,6,0,0,0,0,0,0,,,,,,,191,74,117,,,,9,2,7,,,
25/12/2022 20:00,3,1,2,0,0,0,4,4,0,,,,,,,94,20,74,,,,11,2,9,,,
25/12/2022 21:00,7,5,2,9,7,2,1,0,1,,,,,,,111,15,96,,,,11,8,3,,,
25/12/2022 22:00,6,4,2,5,3,2,3,1,2,,,,,,,112,22,90,,,,14,7,7,,,
25/12/2022 23:00,4,3,1,4,1,3,2,1,1,,,,,,,176,51,125,,,,18,10,8,,,
26/12/2022 00:00,2,1,1,0,0,0,0,0,0,,,,,,,236,112,124,,,,11,5,6,,,
26/12/2022 01:00,0,0,0,0,0,0,1,1,0,,,,,,,150,71,79,,,,7,7,0,,,
26/12/2022 02:00,0,0,0,0,0,0,0,0,0,,,,,,,23,14,9,,,,6,0,6,,,
26/12/2022 03:00,0,0,0,0,0,0,0,0,0,,,,,,,2,0,2,,,,8,6,2,,,
26/12/2022 04:00,0,0,0,0,0,0,0,0,0,,,,,,,30,20,10,,,,8,4,4,,,
26/12/2022 05:00,0,0,0,0,0,0,0,0,0,,,,,,,20,13,7,,,,0,0,0,,,
26/12/2022 06:00,5,2,3,1,1,0,3,3,0,,,,,,,17,9,8,,,,2,1,1,,,
26/12/2022 07:00,15,10,5,3,2,1,1,1,0,,,,,,,156,55,101,,,,1,1,0,,,
26/12/2022 08:00,41,13,28,10,6,4,11,9,2,,,,,,,105,53,52,,,,7,1,6,,,
26/12/2022 09:00,109,58,51,23,13,10,18,11,7,,,,,,,167,78,89,,,,29,14,15,,,
26/12/2022 10:00,195,104,91,39,18,21,34,17,17,,,,,,,268,106,162,,,,28,12,16,,,
26/12/2022 11:00,333,216,117,75,51,24,44,33,11,,,,,,,323,163,160,,,,39,17,22,,,
26/12/2022 12:00,628,379,249,113,53,60,84,42,42,,,,,,,711,371,340,,,,52,31,21,,,
26/12/2022 13:00,583,357,226,87,39,48,75,42,33,,,,,,,431,220,211,,,,78,44,34,,,
26/12/2022 14:00,557,325,232,96,41,55,98,56,42,,,,,,,669,354,315,,,,44,10,34,,,
26/12/2022 15:00,523,292,231,87,53,34,77,28,49,,,,,,,954,484,470,,,,40,27,13,,,
26/12/2022 16:00,340,197,143,70,25,45,43,14,29,,,,,,,656,320,336,,,,46,18,28,,,
26/12/2022 17:00,115,71,44,29,14,15,23,13,10,,,,,,,759,263,496,,,,30,11,19,,,
26/12/2022 18:00,56,25,31,5,4,1,9,5,4,,,,,,,572,241,331,,,,17,9,8,,,
26/12/2022 19:00,24,13,11,17,11,6,16,12,4,,,,,,,677,268,409,,,,29,19,10,,,
26/12/2022 20:00,29,17,12,8,3,5,9,4,5,,,,,,,657,341,316,,,,30,18,12,,,
26/12/2022 21:00,17,9,8,8,5,3,7,0,7,,,,,,,557,253,304,,,,31,15,16,,,
26/12/2022 22:00,10,2,8,4,1,3,7,0,7,,,,,,,1102,418,684,,,,11,5,6,,,
26/12/2022 23:00,6,5,1,4,1,3,0,0,0,,,,,,,796,270,526,,,,10,9,1,,,
27/12/2022 00:00,0,0,0,0,0,0,1,0,1,,,,,,,1044,469,575,,,,6,5,1,,,
27/12/2022 01:00,0,0,0,3,2,1,0,0,0,,,,,,,268,113,155,,,,4,1,3,,,
27/12/2022 02:00,0,0,0,0,0,0,0,0,0,,,,,,,194,109,85,,,,1,0,1,,,
27/12/2022 03:00,0,0,0,0,0,0,0,0,0,,,,,,,86,61,25,,,,1,1,0,,,
27/12/2022 04:00,0,0,0,0,0,0,0,0,0,,,,,,,65,30,35,,,,6,4,2,,,
27/12/2022 05:00,4,1,3,0,0,0,0,0,0,,,,,,,25,12,13,,,,0,0,0,,,
27/12/2022 06:00,2,0,2,3,1,2,1,0,1,,,,,,,17,6,11,,,,2,0,2,,,
27/12/2022 07:00,13,5,8,5,4,1,0,0,0,,,,,,,91,45,46,,,,4,0,4,,,
27/12/2022 08:00,35,18,17,12,6,6,13,7,6,,,,,,,140,52,88,,,,9,8,1,,,
27/12/2022 09:00,57,30,27,26,21,5,13,5,8,,,,,,,262,116,146,,,,18,11,7,,,
27/12/2022 10:00,112,69,43,28,13,15,33,19,14,,,,,,,209,121,88,,,,39,18,21,,,
27/12/2022 11:00,222,135,87,34,17,17,35,18,17,,,,,,,260,118,142,,,,36,14,22,,,
27/12/2022 12:00,317,191,126,30,12,18,41,19,22,,,,,,,266,126,140,,,,29,14,15,,,
27/12/2022 13:00,311,182,129,45,20,25,42,23,19,,,,,,,674,346,328,,,,52,27,25,,,
27/12/2022 14:00,352,217,135,45,19,26,34,22,12,,,,,,,300,156,144,,,,43,18,25,,,
27/12/2022 15:00,200,119,81,38,17,21,37,21,16,,,,,,,483,205,278,,,,45,25,20,,,
27/12/2022 16:00,229,121,108,33,19,14,22,7,15,,,,,,,420,173,247,,,,23,10,13,,,
27/12/2022 17:00,139,85,54,28,12,16,43,22,21,,,,,,,736,299,437,,,,62,22,40,,,
27/12/2022 18:00,96,65,31,17,7,10,25,10,15,,,,,,,530,232,298,,,,27,18,9,,,
27/12/2022 19:00,64,30,34,15,9,6,10,7,3,,,,,,,500,215,285,,,,24,10,14,,,
27/12/2022 20:00,44,23,21,3,2,1,21,9,12,,,,,,,490,235,255,,,,8,3,5,,,
27/12/2022 21:00,46,17,29,4,2,2,10,3,7,,,,,,,286,135,151,,,,25,13,12,,,
27/12/2022 22:00,13,7,6,10,1,9,11,6,5,,,,,,,479,237,242,,,,7,5,2,,,
27/12/2022 23:00,4,2,2,4,2,2,1,1,0,,,,,,,340,169,171,,,,2,2,0,,,
28/12/2022 00:00,1,0,1,0,0,0,2,1,1,,,,,,,209,123,86,,,,1,0,1,,,
28/12/2022 01:00,0,0,0,4,2,2,0,0,0,,,,,,,198,74,124,,,,5,5,0,,,
28/12/2022 02:00,0,0,0,0,0,0,3,2,1,,,,,,,9,6,3,,,,0,0,0,,,
28/12/2022 03:00,1,1,0,2,0,2,0,0,0,,,,,,,25,11,14,,,,1,1,0,,,
28/12/2022 04:00,0,0,0,0,0,0,0,0,0,,,,,,,24,11,13,,,,1,1,0,,,
28/12/2022 05:00,0,0,0,1,1,0,0,0,0,,,,,,,9,6,3,,,,1,0,1,,,
28/12/2022 06:00,2,1,1,0,0,0,2,2,0,,,,,,,92,46,46,,,,1,1,0,,,
28/12/2022 07:00,7,4,3,0,0,0,4,2,2,,,,,,,174,101,73,,,,4,0,4,,,
28/12/2022 08:00,20,12,8,12,8,4,8,4,4,,,,,,,100,45,55,,,,5,1,4,,,
28/12/2022 09:00,48,21,27,18,7,11,13,8,5,,,,,,,141,66,75,,,,14,7,7,,,
28/12/2022 10:00,92,46,46,39,17,22,37,18,19,,,,,,,213,92,121,,,,18,7,11,,,
28/12/2022 11:00,219,133,86,41,19,22,62,33,29,,,,,,,241,106,135,,,,34,20,14,,,
28/12/2022 12:00,239,124,115,42,21,21,47,27,20,,,,,,,382,173,209,,,,43,14,29,,,
28/12/2022 13:00,288,158,130,57,30,27,49,23,26,,,,,,,325,128,197,,,,38,14,24,,,
28/12/2022 14:00,348,217,131,75,43,32,46,25,21,,,,,,,396,159,237,,,,65,34,31,,,
28/12/2022 15:00,358,203,155,65,38,27,53,25,28,,,,,,,374,165,209,,,,51,23,28,,,
28/12/2022 16:00,315,166,149,64,34,30,38,20,18,,,,,,,358,155,203,,,,44,22,22,,,
28/12/2022 17:00,166,82,84,47,20,27,36,15,21,,,,,,,528,229,299,,,,35,19,16,,,
28/12/2022 18:00,114,66,48,16,7,9,24,11,13,,,,,,,550,266,284,,,,54,28,26,,,
28/12/2022 19:00,52,24,28,18,5,13,15,7,8,,,,,,,540,224,316,,,,31,24,7,,,
28/12/2022 20:00,41,28,13,7,3,4,15,3,12,,,,,,,656,328,328,,,,24,11,13,,,
28/12/2022 21:00,30,14,16,10,8,2,14,13,1,,,,,,,752,277,475,,,,16,3,13,,,
28/12/2022 22:00,25,13,12,8,5,3,6,3,3,,,,,,,748,356,392,,,,17,6,11,,,
28/12/2022 23:00,2,1,1,2,0,2,2,1,1,,,,,,,1152,524,628,,,,5,3,2,,,
29/12/2022 00:00,0,0,0,1,0,1,0,0,0,,,,,,,433,224,209,,,,7,3,4,,,
29/12/2022 01:00,0,0,0,0,0,0,0,0,0,,,,,,,336,121,215,,,,8,5,3,,,
29/12/2022 02:00,2,2,0,0,0,0,0,0,0,,,,,,,323,228,95,,,,3,3,0,,,
29/12/2022 03:00,2,1,1,0,0,0,0,0,0,,,,,,,40,29,11,,,,2,0,2,,,
29/12/2022 04:00,0,0,0,0,0,0,0,0,0,,,,,,,66,25,41,,,,2,2,0,,,
29/12/2022 05:00,3,1,2,0,0,0,0,0,0,,,,,,,43,15,28,,,,4,3,1,,,
29/12/2022 06:00,4,3,1,2,1,1,3,3,0,,,,,,,151,63,88,,,,2,2,0,,,
29/12/2022 07:00,13,8,5,4,2,2,5,4,1,,,,,,,258,126,132,,,,4,1,3,,,
29/12/2022 08:00,31,14,17,12,7,5,13,5,8,,,,,,,369,171,198,,,,9,7,2,,,
29/12/2022 09:00,67,39,28,26,14,12,19,9,10,,,,,,,319,155,164,,,,20,8,12,,,
29/12/2022 10:00,102,56,46,33,17,16,17,9,8,,,,,,,343,162,181,,,,20,10,10,,,
29/12/2022 11:00,175,89,86,15,10,5,17,10,7,,,,,,,488,237,251,,,,32,13,19,,,
29/12/2022 12:00,321,182,139,39,20,19,39,23,16,,,,,,,431,205,226,,,,41,16,25,,,
29/12/2022 13:00,276,145,131,57,35,22,40,27,13,,,,,,,831,347,484,,,,44,16,28,,,
29/12/2022 14:00,290,156,134,58,27,31,44,24,20,,,,,,,643,275,368,,,,48,18,30,,,
29/12/2022 15:00,307,148,159,67,39,28,45,27,18,,,,,,,692,296,396,,,,55,23,32,,,
29/12/2022 16:00,256,148,108,47,28,19,24,12,12,,,,,,,594,230,364,,,,53,29,24,,,
29/12/2022 17:00,186,96,90,31,10,21,17,7,10,,,,,,,532,207,325,,,,53,31,22,,,
29/12/2022 18:00,72,48,24,22,9,13,17,8,9,,,,,,,723,253,470,,,,45,21,24,,,
29/12/2022 19:00,46,26,20,16,10,6,13,9,4,,,,,,,565,193,372,,,,26,16,10,,,
29/12/2022 20:00,52,28,24,26,6,20,8,2,6,,,,,,,1436,513,923,,,,13,5,8,,,
29/12/2022 21:00,27,14,13,14,4,10,12,4,8,,,,,,,730,278,452,,,,15,7,8,,,
29/12/2022 22:00,1,1,0,6,2,4,2,2,0,,,,,,,512,195,317,,,,5,3,2,,,
29/12/2022 23:00,1,1,0,5,5,0,0,0,0,,,,,,,460,167,293,,,,3,2,1,,,
30/12/2022 00:00,0,0,0,1,0,1,3,1,2,,,,,,,186,51,135,,,,5,5,0,,,
30/12/2022 01:00,2,1,1,0,0,0,1,0,1,,,,,,,150,56,94,,,,2,1,1,,,
30/12/2022 02:00,0,0,0,0,0,0,0,0,0,,,,,,,105,35,70,,,,0,0,0,,,
30/12/2022 03:00,0,0,0,2,0,2,0,0,0,,,,,,,225,64,161,,,,4,2,2,,,
30/12/2022 04:00,0,0,0,1,1,0,0,0,0,,,,,,,70,27,43,,,,4,0,4,,,
30/12/2022 05:00,0,0,0,3,0,3,0,0,0,,,,,,,116,54,62,,,,1,1,0,,,
30/12/2022 06:00,2,0,2,0,0,0,0,0,0,,,,,,,22,13,9,,,,2,1,1,,,
30/12/2022 07:00,26,14,12,6,4,2,9,6,3,,,,,,,59,21,38,,,,2,1,1,,,
30/12/2022 08:00,27,20,7,12,7,5,10,6,4,,,,,,,116,35,81,,,,2,0,2,,,
30/12/2022 09:00,43,24,19,10,5,5,7,4,3,,,,,,,220,84,136,,,,12,6,6,,,
30/12/2022 10:00,75,40,35,37,24,13,21,11,10,,,,,,,401,185,216,,,,11,8,3,,,
30/12/2022 11:00,196,112,84,37,18,19,35,18,17,,,,,,,422,205,217,,,,36,17,19,,,
30/12/2022 12:00,230,151,79,49,27,22,43,32,11,,,,,,,430,199,231,,,,45,25,20,,,
30/12/2022 13:00,271,163,108,68,30,38,41,26,15,,,,,,,598,275,323,,,,47,21,26,,,
30/12/2022 14:00,242,135,107,60,29,31,50,25,25,,,,,,,497,182,315,,,,49,27,22,,,
30/12/2022 15:00,267,170,97,39,18,21,39,14,25,,,,,,,579,222,357,,,,57,27,30,,,
30/12/2022 16:00,217,130,87,54,33,21,29,6,23,,,,,,,694,262,432,,,,52,20,32,,,
30/12/2022 17:00,114,64,50,32,12,20,29,8,21,,,,,,,614,246,368,,,,37,21,16,,,
30/12/2022 18:00,50,26,24,16,13,3,16,8,8,,,,,,,492,228,264,,,,24,12,12,,,
30/12/2022 19:00,56,28,28,12,7,5,11,7,4,,,,,,,598,210,388,,,,30,14,16,,,
30/12/2022 20:00,61,36,25,21,10,11,16,8,8,,,,,,,371,140,231,,,,25,11,14,,,
30/12/2022 21:00,33,18,15,8,3,5,8,3,5,,,,,,,431,146,285,,,,7,4,3,,,
30/12/2022 22:00,10,9,1,3,2,1,14,7,7,,,,,,,501,189,312,,,,9,6,3,,,
30/12/2022 23:00,9,6,3,3,0,3,5,5,0,,,,,,,600,192,408,,,,11,6,5,,,
31/12/2022 00:00,0,0,0,0,0,0,4,1,3,,,,,,,469,168,301,,,,6,3,3,,,
31/12/2022 01:00,2,0,2,6,5,1,0,0,0,,,,,,,188,64,124,,,,5,5,0,,,
31/12/2022 02:00,3,3,0,0,0,0,0,0,0,,,,,,,503,111,392,,,,5,5,0,,,
31/12/2022 03:00,0,0,0,1,1,0,0,0,0,,,,,,,140,41,99,,,,6,4,2,,,
31/12/2022 04:00,0,0,0,0,0,0,1,1,0,,,,,,,30,13,17,,,,2,1,1,,,
31/12/2022 05:00,1,0,1,0,0,0,1,1,0,,,,,,,154,53,101,,,,5,2,3,,,
31/12/2022 06:00,5,0,5,3,1,2,8,5,3,,,,,,,155,48,107,,,,0,0,0,,,
31/12/2022 07:00,16,7,9,7,3,4,6,4,2,,,,,,,142,60,82,,,,3,2,1,,,
31/12/2022 08:00,49,25,24,17,9,8,27,19,8,,,,,,,119,52,67,,,,7,2,5,,,
31/12/2022 09:00,86,44,42,21,8,13,23,11,12,,,,,,,400,195,205,,,,14,8,6,,,
31/12/2022 10:00,158,81,77,49,35,14,52,31,21,,,,,,,237,125,112,,,,29,10,19,,,
31/12/2022 11:00,235,127,108,75,42,33,60,36,24,,,,,,,510,250,260,,,,30,12,18,,,
31/12/2022 12:00,283,175,108,57,27,30,66,31,35,,,,,,,411,161,250,,,,31,14,17,,,
31/12/2022 13:00,293,159,134,45,20,25,59,25,34,,,,,,,549,235,314,,,,38,18,20,,,
31/12/2022 14:00,352,226,126,51,29,22,48,26,22,,,,,,,693,327,366,,,,93,44,49,,,
31/12/2022 15:00,339,189,150,62,24,38,67,27,40,,,,,,,584,224,360,,,,100,36,64,,,
31/12/2022 16:00,334,150,184,63,26,37,43,16,27,,,,,,,663,301,362,,,,42,14,28,,,
31/12/2022 17:00,182,126,56,43,22,21,21,11,10,,,,,,,584,222,362,,,,37,10,27,,,
31/12/2022 18:00,66,38,28,25,10,15,22,12,10,,,,,,,539,203,336,,,,42,20,22,,,
31/12/2022 19:00,50,25,25,17,7,10,13,4,9,,,,,,,459,172,287,,,,42,18,24,,,
31/12/2022 20:00,40,17,23,4,1,3,14,11,3,,,,,,,654,260,394,,,,35,14,21,,,
31/12/2022 21:00,47,26,21,4,2,2,1,0,1,,,,,,,569,228,341,,,,20,10,10,,,
31/12/2022 22:00,21,11,10,2,2,0,8,3,5,,,,,,,638,237,401,,,,14,2,12,,,
31/12/2022 23:00,30,12,18,9,1,8,7,3,4,,,,,,,433,241,192,,,,15,10,5,,,
