Time,dun_laoghaire_peoples_park_total,dun_laoghaire_peoples_park_in,dun_laoghaire_peoples_park_out,dun_laoghaire_seapoint_beach_total,dun_laoghaire_seapoint_beach_in,dun_laoghaire_seapoint_beach_out,dun_laoghaire_york_road_total,dun_laoghaire_york_road_in,dun_laoghaire_york_road_out,glenageary_total,glenageary_in,glenageary_out,n11_totem_inbound_total,n11_totem_inbound_in,n11_totem_inbound_out,rock_road_park_total,rock_road_park_in,rock_road_park_out,wyattville_road_bicycles_towards_n11_total,wyattville_road_bicycles_towards_n11_in,wyattville_road_bicycles_towards_n11_out,wyattville_road_park_gates_total,wyattville_road_park_gates_in,wyattville_road_park_gates_out,wyattville_road_steps_total,wyattville_road_steps_in,wyattville_road_steps_out
01/01/2021 00:00,0,0,0,1,0,1,4,2,2,,,,,,,,,,,,,118,46,72,0,0,0
01/01/2021 01:00,7,7,0,4,2,2,2,0,2,,,,,,,,,,,,,17,7,10,0,0,0
01/01/2021 02:00,1,1,0,0,0,0,0,0,0,,,,,,,,,,,,,34,16,18,0,0,0
01/01/2021 03:00,1,1,0,0,0,0,0,0,0,,,,,,,,,,,,,18,9,9,0,0,0
01/01/2021 04:00,0,0,0,1,1,0,1,1,0,,,,,,,,,,,,,21,9,12,0,0,0
01/01/2021 05:00,1,0,1,0,0,0,1,0,1,,,,,,,,,,,,,5,2,3,0,0,0
01/01/2021 06:00,3,0,3,1,0,1,0,0,0,,,,,,,,,,,,,5,2,3,0,0,0
01/01/2021 07:00,16,4,12,3,1,2,2,0,2,,,,,,,,,,,,,5,3,2,0,0,0
01/01/2021 08:00,42,25,17,16,14,2,7,4,3,,,,,,,,,,,,,9,6,3,0,0,0
01/01/2021 09:00,121,60,61,35,13,22,25,14,11,,,,,,,,,,,,,16,5,11,0,0,0
01/01/2021 10:00,237,107,130,52,27,25,29,13,16,,,,,,,,,,,,,40,20,20,0,0,0
01/01/2021 11:00,468,197,271,109,54,55,93,59,34,,,,,,,,,,,,,46,26,20,0,0,0
01/01/2021 12:00,597,307,290,173,77,96,137,81,56,,,,,,,,,,,,,83,48,35,0,0,0
01/01/2021 13:00,618,312,306,188,103,85,155,82,73,,,,,,,,,,,,,66,40,26,0,0,0
01/01/2021 14:00,688,354,334,234,113,121,143,91,52,,,,,,,,,,,,,93,51,42,0,0,0
01/01/2021 15:00,675,357,318,186,82,104,122,67,55,,,,,,,,,,,,,65,34,31,0,0,0
01/01/2021 16:00,394,198,196,133,54,79,85,31,54,,,,,,,,,,,,,54,25,29,0,0,0
01/01/2021 17:00,186,112,74,58,19,39,46,27,19,,,,,,,,,,,,,44,25,19,0,0,0
01/01/2021 18:00,100,58,42,23,7,16,22,11,11,,,,,,,,,,,,,26,14,12,0,0,0
01/01/2021 19:00,91,43,48,17,11,6,28,16,12,,,,,,,,,,,,,13,8,5,0,0,0
01/01/2021 20:00,64,38,26,16,6,10,9,5,4,,,,,,,,,,,,,39,21,18,0,0,0
01/01/2021 21:00,37,20,17,11,2,9,6,3,3,,,,,,,,,,,,,30,17,13,0,0,0
01/01/2021 22:00,13,6,7,2,2,0,3,1,2,,,,,,,,,,,,,25,4,21,0,0,0
01/01/2021 23:00,6,4,2,2,0,2,0,0,0,,,,,,,,,,,,,10,6,4,0,0,0
02/01/2021 00:00,0,0,0,0,0,0,0,0,0,,,,,,,,,,,,,3,1,2,0,0,0
02/01/2021 01:00,1,1,0,0,0,0,1,0,1,,,,,,,,,,,,,0,0,0,0,0,0
02/01/2021 02:00,0,0,0,1,0,1,0,0,0,,,,,,,,,,,,,1,1,0,0,0,0
02/01/2021 03:00,0,0,0,0,0,0,0,0,0,,,,,,,,,,,,,1,1,0,0,0,0
02/01/2021 04:00,1,0,1,0,0,0,0,0,0,,,,,,,,,,,,,0,0,0,0,0,0
02/01/2021 05:00,2,1,1,0,0,0,1,1,0,,,,,,,,,,,,,0,0,0,0,0,0
02/01/2021 06:00,7,1,6,0,0,0,0,0,0,,,,,,,,,,,,,0,0,0,0,0,0
02/01/2021 07:00,11,6,5,6,2,4,9,5,4,,,,,,,,,,,,,4,0,4,0,0,0
02/01/2021 08:00,63,23,40,19,10,9,7,4,3,,,,,,,,,,,,,7,5,2,0,0,0
02/01/2021 09:00,117,59,58,39,18,21,41,29,12,,,,,,,,,,,,,23,12,11,0,0,0
02/01/2021 10:00,226,96,130,62,33,29,49,25,24,,,,,,,,,,,,,23,10,13,0,0,0
02/01/2021 11:00,346,164,182,84,45,39,85,55,30,,,,,,,,,,,,,57,37,20,0,0,0
02/01/2021 12:00,418,202,216,117,52,65,86,49,37,,,,,,,,,,,,,58,23,35,0,0,0
02/01/2021 13:00,411,197,214,115,60,55,92,49,43,,,,,,,,,,,,,82,51,31,0,0,0
02/01/2021 14:00,519,246,273,137,74,63,124,73,51,,,,,,,,,,,,,83,37,46,0,0,0
02/01/2021 15:00,555,288,267,140,78,62,118,71,47,,,,,,,,,,,,,90,45,45,0,0,0
02/01/2021 16:00,431,211,220,103,46,57,88,35,53,,,,,,,,,,,,,60,29,31,0,0,0
02/01/2021 17:00,245,125,120,67,35,32,50,25,25,,,,,,,,,,,,,77,39,38,0,0,0
02/01/2021 18:00,102,54,48,25,14,11,22,13,9,,,,,,,,,,,,,64,26,38,0,0,0
02/01/2021 19:00,76,40,36,19,8,11,23,12,11,,,,,,,,,,,,,49,21,28,0,0,0
02/01/2021 20:00,46,25,21,14,8,6,11,5,6,,,,,,,,,,,,,21,13,8,0,0,0
02/01/2021 21:00,53,28,25,7,7,0,10,6,4,,,,,,,,,,,,,23,11,12,0,0,0
02/01/2021 22:00,17,10,7,6,2,4,3,0,3,,,,,,,,,,,,,11,3,8,0,0,0
02/01/2021 23:00,4,1,3,3,1,2,1,1,0,,,,,,,,,,,,,10,7,3,0,0,0
03/01/2021 00:00,0,0,0,1,0,1,0,0,0,,,,,,,,,,,,,6,3,3,0,0,0
03/01/2021 01:00,0,0,0,0,0,0,1,0,1,,,,,,,,,,,,,1,0,1,0,0,0
03/01/2021 02:00,0,0,0,0,0,0,0,0,0,,,,,,,,,,,,,0,0,0,0,0,0
03/01/2021 03:00,1,1,0,0,0,0,1,0,1,,,,,,,,,,,,,2,0,2,0,0,0
03/01/2021 04:00,1,0,1,1,1,0,0,0,0,,,,,,,,,,,,,1,1,0,0,0,0
03/01/2021 05:00,2,1,1,0,0,0,0,0,0,,,,,,,,,,,,,0,0,0,0,0,0
03/01/2021 06:00,5,1,4,2,0,2,0,0,0,,,,,,,,,,,,,1,0,1,0,0,0
03/01/2021 07:00,35,19,16,0,0,0,4,0,4,,,,,,,,,,,,,2,1,1,0,0,0
03/01/2021 08:00,73,34,39,23,15,8,9,6,3,,,,,,,,,,,,,12,8,4,0,0,0
03/01/2021 09:00,136,60,76,38,26,12,35,19,16,,,,,,,,,,,,,21,8,13,0,0,0
03/01/2021 10:00,286,127,159,74,48,26,55,29,26,,,,,,,,,,,,,29,19,10,0,0,0
03/01/2021 11:00,444,217,227,110,51,59,113,71,42,,,,,,,,,,,,,60,36,24,0,0,0
03/01/2021 12:00,560,320,240,128,39,89,122,51,71,,,,,,,,,,,,,50,14,36,0,0,0
03/01/2021 13:00,341,171,170,111,46,65,66,36,30,,,,,,,,,,,,,36,14,22,0,0,0
03/01/2021 14:00,315,162,153,62,26,36,60,36,24,,,,,,,,,,,,,44,34,10,0,0,0
03/01/2021 15:00,353,186,167,102,46,56,85,38,47,,,,,,,,,,,,,45,20,25,0,0,0
03/01/2021 16:00,305,152,153,69,25,44,56,24,32,,,,,,,,,,,,,49,19,30,0,0,0
03/01/2021 17:00,197,100,97,43,22,21,47,23,24,,,,,,,,,,,,,37,15,22,0,0,0
03/01/2021 18:00,81,52,29,23,8,15,20,10,10,,,,,,,,,,,,,36,22,14,0,0,0
03/01/2021 19:00,43,14,29,14,6,8,12,5,7,,,,,,,,,,,,,32,14,18,0,0,0
03/01/2021 20:00,50,30,20,16,5,11,10,5,5,,,,,,,,,,,,,20,12,8,0,0,0
03/01/2021 21:00,28,15,13,12,6,6,13,7,6,,,,,,,,,,,,,21,7,14,0,0,0
03/01/2021 22:00,20,11,9,5,2,3,7,6,1,,,,,,,,,,,,,8,6,2,0,0,0
03/01/2021 23:00,4,3,1,6,0,6,0,0,0,,,,,,,,,,,,,7,2,5,0,0,0
04/01/2021 00:00,0,0,0,0,0,0,0,0,0,,,,,,,,,,,,,2,2,0,0,0,0
04/01/2021 01:00,0,0,0,2,0,2,0,0,0,,,,,,,,,,,,,3,2,1,0,0,0
04/01/2021 02:00,0,0,0,0,0,0,0,0,0,,,,,,,,,,,,,4,2,2,0,0,0
04/01/2021 03:00,1,0,1,0,0,0,0,0,0,,,,,,,,,,,,,0,0,0,0,0,0
04/01/2021 04:00,0,0,0,4,1,3,0,0,0,,,,,,,,,,,,,1,1,0,0,0,0
04/01/2021 05:00,2,1,1,0,0,0,1,0,1,,,,,,,,,,,,,0,0,0,0,0,0
04/01/2021 06:00,17,6,11,7,3,4,5,3,2,,,,,,,,,,,,,9,4,5,0,0,0
04/01/2021 07:00,66,31,35,15,5,10,19,10,9,,,,,,,,,,,,,11,7,4,0,0,0
04/01/2021 08:00,111,55,56,27,13,14,21,12,9,,,,,,,,,,,,,23,11,12,0,0,0
04/01/2021 09:00,95,47,48,30,21,9,16,8,8,,,,,,,,,,,,,22,11,11,0,0,0
04/01/2021 10:00,94,44,50,36,18,18,16,12,4,,,,,,,,,,,,,21,5,16,0,0,0
04/01/2021 11:00,159,77,82,17,10,7,25,11,14,,,,,,,,,,,,,25,14,11,0,0,0
04/01/2021 12:00,155,84,71,44,21,23,45,25,20,,,,,,,,,,,,,29,12,17,0,0,0
04/01/2021 13:00,116,64,52,37,22,15,31,18,13,,,,,,,,,,,,,25,8,17,0,0,0
04/01/2021 14:00,102,53,49,31,15,16,24,10,14,,,,,,,,,,,,,35,20,15,0,0,0
04/01/2021 15:00,118,56,62,30,16,14,21,10,11,,,,,,,,,,,,,30,11,19,0,0,0
04/01/2021 16:00,134,64,70,48,23,25,23,11,12,,,,,,,,,,,,,49,22,27,0,0,0
04/01/2021 17:00,141,68,73,33,15,18,25,13,12,,,,,,,,,,,,,39,22,17,0,0,0
04/01/2021 18:00,105,51,54,44,26,18,38,24,14,,,,,,,,,,,,,35,17,18,0,0,0
04/01/2021 19:00,100,46,54,41,23,18,27,14,13,,,,,,,,,,,,,24,14,10,0,0,0
04/01/2021 20:00,110,67,43,33,8,25,31,17,14,,,,,,,,,,,,,20,11,9,0,0,0
04/01/2021 21:00,51,29,22,13,7,6,7,2,5,,,,,,,,,,,,,8,5,3,0,0,0
04/01/2021 22:00,7,5,2,8,5,3,3,1,2,,,,,,,,,,,,,6,6,0,0,0,0
04/01/2021 23:00,11,5,6,5,0,5,2,1,1,,,,,,,,,,,,,2,1,1,0,0,0
05/01/2021 00:00,0,0,0,0,0,0,0,0,0,,,,,,,,,,,,,1,1,0,0,0,0
05/01/2021 01:00,2,1,1,0,0,0,0,0,0,,,,,,,,,,,,,4,3,1,0,0,0
05/01/2021 02:00,0,0,0,1,0,1,0,0,0,,,,,,,,,,,,,1,1,0,0,0,0
05/01/2021 03:00,1,0,1,0,0,0,0,0,0,,,,,,,,,,,,,1,1,0,0,0,0
05/01/2021 04:00,0,0,0,2,2,0,0,0,0,,,,,,,,,,,,,0,0,0,0,0,0
05/01/2021 05:00,0,0,0,0,0,0,0,0,0,,,,,,,,,,,,,2,2,0,0,0,0
05/01/2021 06:00,18,11,7,7,2,5,10,9,1,,,,,,,,,,,,,5,1,4,0,0,0
05/01/2021 07:00,64,30,34,22,10,12,24,11,13,,,,,,,,,,,,,13,5,8,0,0,0
05/01/2021 08:00,126,62,64,30,17,13,21,13,8,,,,,,,,,,,,,18,7,11,0,0,0
05/01/2021 09:00,130,57,73,47,27,20,27,14,13,,,,,,,,,,,,,27,11,16,0,0,0
05/01/2021 10:00,129,65,64,21,10,11,27,15,12,,,,,,,,,,,,,34,13,21,0,0,0
05/01/2021 11:00,188,76,112,54,34,20,45,33,12,,,,,,,,,,,,,38,19,19,0,0,0
05/01/2021 12:00,262,128,134,68,38,30,65,34,31,,,,,,,,,,,,,71,47,24,0,0,0
05/01/2021 13:00,321,148,173,105,50,55,76,31,45,,,,,,,,,,,,,97,49,48,0,0,0
05/01/2021 14:00,256,139,117,74,47,27,61,36,25,,,,,,,,,,,,,75,42,33,0,0,0
05/01/2021 15:00,293,159,134,84,45,39,76,48,28,,,,,,,,,,,,,80,34,46,0,0,0
05/01/2021 16:00,264,133,131,57,20,37,47,22,25,,,,,,,,,,,,,56,35,21,0,0,0
05/01/2021 17:00,182,97,85,66,32,34,44,25,19,,,,,,,,,,,,,73,28,45,0,0,0
05/01/2021 18:00,160,86,74,71,44,27,62,26,36,,,,,,,,,,,,,55,30,25,0,0,0
05/01/2021 19:00,156,77,79,42,21,21,42,21,21,,,,,,,,,,,,,40,17,23,0,0,0
05/01/2021 20:00,118,70,48,37,16,21,32,21,11,,,,,,,,,,,,,30,15,15,0,0,0
05/01/2021 21:00,45,20,25,17,5,12,15,5,10,,,,,,,,,,,,,10,6,4,0,0,0
05/01/2021 22:00,21,12,9,5,4,1,10,2,8,,,,,,,,,,,,,23,8,15,0,0,0
05/01/2021 23:00,1,1,0,3,2,1,2,1,1,,,,,,,,,,,,,3,1,2,0,0,0
06/01/2021 00:00,1,0,1,0,0,0,2,1,1,,,,,,,,,,,,,2,1,1,0,0,0
06/01/2021 01:00,1,1,0,3,0,3,3,2,1,,,,,,,,,,,,,2,2,0,0,0,0
06/01/2021 02:00,1,0,1,1,1,0,0,0,0,,,,,,,,,,,,,0,0,0,0,0,0
06/01/2021 03:00,1,1,0,0,0,0,0,0,0,,,,,,,,,,,,,0,0,0,0,0,0
06/01/2021 04:00,2,2,0,1,1,0,0,0,0,,,,,,,,,,,,,6,3,3,0,0,0
06/01/2021 05:00,3,1,2,0,0,0,1,0,1,,,,,,,,,,,,,0,0,0,0,0,0
06/01/2021 06:00,22,7,15,11,6,5,11,7,4,,,,,,,,,,,,,5,2,3,0,0,0
06/01/2021 07:00,77,36,41,15,6,9,11,7,4,,,,,,,,,,,,,17,11,6,0,0,0
06/01/2021 08:00,122,62,60,49,22,27,19,10,9,,,,,,,,,,,,,25,11,14,0,0,0
06/01/2021 09:00,150,60,90,37,21,16,27,12,15,,,,,,,,,,,,,26,11,15,0,0,0
06/01/2021 10:00,220,109,111,52,32,20,36,24,12,,,,,,,,,,,,,30,10,20,0,0,0
06/01/2021 11:00,253,131,122,75,40,35,42,24,18,,,,,,,,,,,,,41,24,17,0,0,0
06/01/2021 12:00,268,129,139,72,40,32,67,38,29,,,,,,,,,,,,,47,19,28,0,0,0
06/01/2021 13:00,366,200,166,94,44,50,60,31,29,,,,,,,,,,,,,72,30,42,0,0,0
06/01/2021 14:00,304,153,151,56,23,33,59,30,29,,,,,,,,,,,,,82,45,37,0,0,0
06/01/2021 15:00,346,178,168,66,25,41,45,24,21,,,,,,,,,,,,,97,50,47,0,0,0
06/01/2021 16:00,263,140,123,60,26,34,55,29,26,,,,,,,,,,,,,75,40,35,0,0,0
06/01/2021 17:00,233,102,131,76,43,33,65,40,25,,,,,,,,,,,,,42,18,24,0,0,0
06/01/2021 18:00,211,118,93,68,38,30,56,29,27,,,,,,,,,,,,,37,14,23,0,0,0
06/01/2021 19:00,154,66,88,45,27,18,40,18,22,,,,,,,,,,,,,31,16,15,0,0,0
06/01/2021 20:00,144,90,54,28,13,15,27,14,13,,,,,,,,,,,,,18,10,8,0,0,0
06/01/2021 21:00,62,37,25,19,8,11,14,7,7,,,,,,,,,,,,,24,14,10,0,0,0
06/01/2021 22:00,14,7,7,5,2,3,2,0,2,,,,,,,,,,,,,37,17,20,0,0,0
06/01/2021 23:00,9,5,4,3,0,3,2,1,1,,,,,,,,,,,,,6,0,6,0,0,0
07/01/2021 00:00,0,0,0,0,0,0,0,0,0,,,,,,,,,,,,,1,1,0,0,0,0
07/01/2021 01:00,0,0,0,0,0,0,0,0,0,,,,,,,,,,,,,2,1,1,2,1,1
07/01/2021 02:00,0,0,0,0,0,0,0,0,0,,,,,,,,,,,,,2,1,1,0,0,0
07/01/2021 03:00,1,0,1,0,0,0,0,0,0,,,,,,,,,,,,,2,1,1,0,0,0
07/01/2021 04:00,0,0,0,1,1,0,0,0,0,,,,,,,,,,,,,0,0,0,0,0,0
07/01/2021 05:00,3,2,1,1,0,1,1,0,1,,,,,,,,,,,,,1,1,0,0,0,0
07/01/2021 06:00,20,10,10,8,0,8,6,4,2,,,,,,,,,,,,,7,2,5,0,0,0
07/01/2021 07:00,48,22,26,17,7,10,12,6,6,,,,,,,,,,,,,14,7,7,0,0,0
07/01/2021 08:00,69,39,30,23,10,13,19,12,7,,,,,,,,,,,,,20,10,10,0,0,0
07/01/2021 09:00,102,42,60,19,9,10,9,7,2,,,,,,,,,,,,,18,11,7,0,0,0
07/01/2021 10:00,139,64,75,36,21,15,14,6,8,,,,,,,,,,,,,28,13,15,0,0,0
07/01/2021 11:00,210,102,108,47,20,27,39,25,14,,,,,,,,,,,,,33,11,22,0,0,0
07/01/2021 12:00,277,128,149,87,47,40,67,41,26,,,,,,,,,,,,,57,26,31,0,0,0
07/01/2021 13:00,305,149,156,82,45,37,63,34,29,,,,,,,,,,,,,89,50,39,0,0,0
07/01/2021 14:00,265,128,137,74,26,48,49,20,29,,,,,,,,,,,,,83,34,49,0,0,0
07/01/2021 15:00,252,137,115,92,56,36,61,32,29,,,,,,,,,,,,,67,38,29,0,0,0
07/01/2021 16:00,229,121,108,65,22,43,49,19,30,,,,,,,,,,,,,63,32,31,0,0,0
07/01/2021 17:00,207,104,103,55,31,24,48,24,24,,,,,,,,,,,,,72,28,44,0,0,0
07/01/2021 18:00,179,101,78,56,38,18,45,26,19,,,,,,,,,,,,,41,18,23,0,0,0
07/01/2021 19:00,185,82,103,62,31,31,56,31,25,,,,,,,,,,,,,34,16,18,0,0,0
07/01/2021 20:00,138,82,56,42,19,23,35,15,20,,,,,,,,,,,,,32,16,16,0,0,0
07/01/2021 21:00,67,31,36,29,16,13,23,8,15,,,,,,,,,,,,,21,12,9,0,0,0
07/01/2021 22:00,22,8,14,14,3,11,12,5,7,,,,,,,,,,,,,8,3,5,0,0,0
07/01/2021 23:00,9,5,4,7,6,1,8,2,6,,,,,,,,,,,,,0,0,0,0,0,0
08/01/2021 00:00,0,0,0,0,0,0,2,0,2,,,,,,,,,,,,,1,0,1,0,0,0
08/01/2021 01:00,1,1,0,0,0,0,0,0,0,,,,,,,,,,,,,2,2,0,0,0,0
08/01/2021 02:00,0,0,0,0,0,0,0,0,0,,,,,,,,,,,,,0,0,0,0,0,0
08/01/2021 03:00,0,0,0,0,0,0,0,0,0,,,,,,,,,,,,,1,1,0,0,0,0
08/01/2021 04:00,0,0,0,1,1,0,0,0,0,,,,,,,,,,,,,0,0,0,0,0,0
08/01/2021 05:00,4,1,3,0,0,0,0,0,0,,,,,,,,,,,,,1,1,0,0,0,0
08/01/2021 06:00,12,1,11,4,3,1,6,3,3,,,,,,,,,,,,,3,0,3,0,0,0
08/01/2021 07:00,51,23,28,10,6,4,11,5,6,,,,,,,,,,,,,15,10,5,0,0,0
08/01/2021 08:00,74,42,32,28,14,14,11,7,4,,,,,,,,,,,,,20,9,11,0,0,0
08/01/2021 09:00,72,36,36,12,6,6,13,7,6,,,,,,,,,,,,,10,5,5,0,0,0
08/01/2021 10:00,113,55,58,29,15,14,23,13,10,,,,,,,,,,,,,47,23,24,0,0,0
08/01/2021 11:00,178,86,92,60,37,23,34,14,20,,,,,,,,,,,,,53,30,23,0,0,0
08/01/2021 12:00,298,140,158,69,36,33,49,24,25,,,,,,,,,,,,,76,39,37,0,0,0
08/01/2021 13:00,309,140,169,82,35,47,43,20,23,,,,,,,,,,,,,61,32,29,0,0,0
08/01/2021 14:00,325,162,163,95,51,44,43,14,29,,,,,,,,,,,,,62,29,33,0,0,0
08/01/2021 15:00,350,211,139,89,49,40,53,24,29,,,,,,,,,,,,,78,38,40,0,0,0
08/01/2021 16:00,271,136,135,86,45,41,51,30,21,,,,,,,,,,,,,79,43,36,0,0,0
08/01/2021 17:00,190,106,84,73,36,37,42,23,19,,,,,,,,,,,,,76,44,32,0,0,0
08/01/2021 18:00,168,87,81,45,24,21,40,24,16,,,,,,,,,,,,,39,21,18,0,0,0
08/01/2021 19:00,103,60,43,28,14,14,23,14,9,,,,,,,,,,,,,25,17,8,0,0,0
08/01/2021 20:00,61,34,27,8,3,5,19,10,9,,,,,,,,,,,,,40,18,22,0,0,0
08/01/2021 21:00,62,28,34,12,5,7,5,3,2,,,,,,,,,,,,,15,6,9,0,0,0
08/01/2021 22:00,13,10,3,4,1,3,2,2,0,,,,,,,,,,,,,14,7,7,0,0,0
08/01/2021 23:00,5,2,3,2,0,2,0,0,0,,,,,,,,,,,,,7,5,2,0,0,0
09/01/2021 00:00,1,1,0,0,0,0,2,0,2,,,,,,,,,,,,,6,4,2,0,0,0
09/01/2021 01:00,0,0,0,0,0,0,1,1,0,,,,,,,,,,,,,1,0,1,0,0,0
09/01/2021 02:00,0,0,0,0,0,0,0,0,0,,,,,,,,,,,,,1,1,0,0,0,0
09/01/2021 03:00,0,0,0,0,0,0,0,0,0,,,,,,,,,,,,,1,1,0,0,0,0
09/01/2021 04:00,0,0,0,2,2,0,0,0,0,,,,,,,,,,,,,1,1,0,0,0,0
09/01/2021 05:00,1,1,0,0,0,0,0,0,0,,,,,,,,,,,,,0,0,0,0,0,0
09/01/2021 06:00,5,0,5,2,0,2,0,0,0,,,,,,,,,,,,,3,2,1,0,0,0
09/01/2021 07:00,15,10,5,2,2,0,2,2,0,,,,,,,,,,,,,2,0,2,0,0,0
09/01/2021 08:00,48,16,32,14,11,3,11,9,2,,,,,,,,,,,,,14,9,5,0,0,0
09/01/2021 09:00,148,70,78,43,14,29,29,16,13,,,,,,,,,,,,,25,9,16,0,0,0
09/01/2021 10:00,243,104,139,91,49,42,52,28,24,,,,,,,,,,,,,54,29,25,0,0,0
09/01/2021 11:00,376,180,196,123,56,67,74,37,37,,,,,,,,,,,,,61,32,29,0,0,0
09/01/2021 12:00,499,247,252,136,76,60,144,81,63,,,,,,,,,,,,,71,38,33,0,0,0
09/01/2021 13:00,578,312,266,163,79,84,143,65,78,,,,,,,,,,,,,91,50,41,0,0,0
09/01/2021 14:00,547,267,280,187,120,67,175,91,84,,,,,,,,,,,,,99,50,49,0,0,0
09/01/2021 15:00,570,284,286,191,89,102,158,89,69,,,,,,,,,,,,,121,61,60,0,0,0
09/01/2021 16:00,479,247,232,150,79,71,134,55,79,,,,,,,,,,,,,86,42,44,0,0,0
09/01/2021 17:00,242,116,126,88,39,49,63,36,27,,,,,,,,,,,,,43,18,25,0,0,0
09/01/2021 18:00,137,79,58,39,17,22,22,4,18,,,,,,,,,,,,,33,18,15,0,0,0
09/01/2021 19:00,84,41,43,14,8,6,20,11,9,,,,,,,,,,,,,26,17,9,0,0,0
09/01/2021 20:00,29,14,15,24,11,13,12,6,6,,,,,,,,,,,,,33,16,17,0,0,0
09/01/2021 21:00,29,17,12,10,6,4,8,4,4,,,,,,,,,,,,,10,4,6,0,0,0
09/01/2021 22:00,19,12,7,1,1,0,1,1,0,,,,,,,,,,,,,16,5,11,0,0,0
09/01/2021 23:00,12,3,9,3,3,0,4,2,2,,,,,,,,,,,,,5,3,2,0,0,0
10/01/2021 00:00,0,0,0,1,1,0,0,0,0,,,,,,,,,,,,,10,4,6,0,0,0
10/01/2021 01:00,0,0,0,1,0,1,0,0,0,,,,,,,,,,,,,3,1,2,0,0,0
10/01/2021 02:00,0,0,0,0,0,0,0,0,0,,,,,,,,,,,,,0,0,0,0,0,0
10/01/2021 03:00,0,0,0,0,0,0,0,0,0,,,,,,,,,,,,,2,1,1,0,0,0
10/01/2021 04:00,0,0,0,0,0,0,0,0,0,,,,,,,,,,,,,5,3,2,0,0,0
10/01/2021 05:00,0,0,0,1,0,1,0,0,0,,,,,,,,,,,,,0,0,0,0,0,0
10/01/2021 06:00,6,1,5,3,1,2,2,1,1,,,,,,,,,,,,,0,0,0,0,0,0
10/01/2021 07:00,14,6,8,3,2,1,5,3,2,,,,,,,,,,,,,8,3,5,0,0,0
10/01/2021 08:00,89,39,50,15,10,5,18,7,11,,,,,,,,,,,,,9,5,4,0,0,0
10/01/2021 09:00,145,70,75,46,28,18,44,21,23,,,,,,,,,,,,,18,10,8,0,0,0
10/01/2021 10:00,311,140,171,81,50,31,58,34,24,,,,,,,,,,,,,58,33,25,0,0,0
10/01/2021 11:00,427,197,230,141,63,78,113,70,43,,,,,,,,,,,,,64,35,29,0,0,0
10/01/2021 12:00,507,253,254,135,54,81,112,56,56,,,,,,,,,,,,,66,33,33,0,0,0
10/01/2021 13:00,534,278,256,147,70,77,120,78,42,,,,,,,,,,,,,123,62,61,0,0,0
10/01/2021 14:00,557,284,273,110,55,55,113,60,53,,,,,,,,,,,,,101,67,34,0,0,0
10/01/2021 15:00,540,273,267,125,66,59,112,58,54,,,,,,,,,,,,,100,42,58,0,0,0
10/01/2021 16:00,447,231,216,120,42,78,119,57,62,,,,,,,,,,,,,55,26,29,0,0,0
10/01/2021 17:00,303,154,149,80,31,49,68,36,32,,,,,,,,,,,,,58,36,22,0,0,0
10/01/2021 18:00,137,76,61,39,13,26,32,19,13,,,,,,,,,,,,,31,10,21,0,0,0
10/01/2021 19:00,96,44,52,24,10,14,16,5,11,,,,,,,,,,,,,69,39,30,0,0,0
10/01/2021 20:00,68,43,25,30,12,18,16,11,5,,,,,,,,,,,,,40,16,24,0,0,0
10/01/2021 21:00,38,24,14,6,3,3,11,6,5,,,,,,,,,,,,,31,13,18,0,0,0
10/01/2021 22:00,15,9,6,8,3,5,4,1,3,,,,,,,,,,,,,25,12,13,0,0,0
10/01/2021 23:00,6,2,4,4,3,1,0,0,0,,,,,,,,,,,,,4,0,4,0,0,0
11/01/2021 00:00,0,0,0,0,0,0,1,0,1,,,,,,,,,,,,,6,4,2,0,0,0
11/01/2021 01:00,0,0,0,1,1,0,0,0,0,,,,,,,,,,,,,6,4,2,0,0,0
11/01/2021 02:00,0,0,0,0,0,0,0,0,0,,,,,,,,,,,,,1,0,1,0,0,0
11/01/2021 03:00,0,0,0,0,0,0,0,0,0,,,,,,,,,,,,,1,1,0,0,0,0
11/01/2021 04:00,0,0,0,1,1,0,0,0,0,,,,,,,,,,,,,1,1,0,0,0,0
11/01/2021 05:00,6,3,3,1,1,0,2,0,2,,,,,,,,,,,,,1,1,0,0,0,0
11/01/2021 06:00,39,13,26,8,3,5,11,9,2,,,,,,,,,,,,,8,3,5,0,0,0
11/01/2021 07:00,98,46,52,24,14,10,34,16,18,,,,,,,,,,,,,18,11,7,0,0,0
11/01/2021 08:00,146,75,71,33,11,22,23,12,11,,,,,,,,,,,,,24,10,14,0,0,0
11/01/2021 09:00,108,53,55,28,15,13,15,11,4,,,,,,,,,,,,,25,14,11,0,0,0
11/01/2021 10:00,164,69,95,32,14,18,31,18,13,,,,,,,,,,,,,35,15,20,0,0,0
11/01/2021 11:00,186,99,87,48,35,13,37,19,18,,,,,,,,,,,,,57,28,29,0,0,0
11/01/2021 12:00,182,86,96,62,21,41,50,22,28,,,,,,,,,,,,,76,39,37,0,0,0
11/01/2021 13:00,186,93,93,53,21,32,42,19,23,,,,,,,,,,,,,62,30,32,0,0,0
11/01/2021 14:00,132,66,66,38,16,22,24,20,4,,,,,,,,,,,,,33,19,14,0,0,0
11/01/2021 15:00,198,107,91,44,27,17,22,13,9,,,,,,,,,,,,,31,18,13,0,0,0
11/01/2021 16:00,184,88,96,49,32,17,46,29,17,,,,,,,,,,,,,52,30,22,0,0,0
11/01/2021 17:00,192,88,104,58,28,30,73,37,36,,,,,,,,,,,,,47,18,29,0,0,0
11/01/2021 18:00,167,91,76,71,28,43,57,35,22,,,,,,,,,,,,,58,27,31,0,0,0
11/01/2021 19:00,156,80,76,46,20,26,45,20,25,,,,,,,,,,,,,43,20,23,0,0,0
11/01/2021 20:00,122,67,55,32,13,19,29,20,9,,,,,,,,,,,,,35,17,18,0,0,0
11/01/2021 21:00,67,37,30,22,4,18,21,8,13,,,,,,,,,,,,,18,11,7,0,0,0
11/01/2021 22:00,18,10,8,9,5,4,2,1,1,,,,,,,,,,,,,10,5,5,0,0,0
11/01/2021 23:00,0,0,0,3,1,2,1,0,1,,,,,,,,,,,,,2,1,1,0,0,0
12/01/2021 00:00,0,0,0,0,0,0,0,0,0,,,,,,,,,,,,,0,0,0,0,0,0
12/01/2021 01:00,0,0,0,0,0,0,0,0,0,,,,,,,,,,,,,0,0,0,0,0,0
12/01/2021 02:00,0,0,0,0,0,0,0,0,0,,,,,,,,,,,,,0,0,0,0,0,0
12/01/2021 03:00,0,0,0,0,0,0,0,0,0,,,,,,,,,,,,,0,0,0,0,0,0
12/01/2021 04:00,0,0,0,1,1,0,0,0,0,,,,,,,,,,,,,1,1,0,0,0,0
12/01/2021 05:00,1,0,1,1,1,0,2,2,0,,,,,,,,,,,,,1,1,0,0,0,0
12/01/2021 06:00,13,5,8,4,1,3,5,0,5,,,,,,,,,,,,,3,1,2,0,0,0
12/01/2021 07:00,53,26,27,21,11,10,16,7,9,,,,,,,,,,,,,11,6,5,0,0,0
12/01/2021 08:00,84,46,38,25,16,9,21,13,8,,,,,,,,,,,,,15,10,5,0,0,0
12/01/2021 09:00,93,35,58,21,8,13,17,10,7,,,,,,,,,,,,,20,10,10,0,0,0
12/01/2021 10:00,141,64,77,56,37,19,30,19,11,,,,,,,,,,,,,26,15,11,0,0,0
12/01/2021 11:00,237,110,127,62,32,30,50,29,21,,,,,,,,,,,,,54,24,30,0,0,0
12/01/2021 12:00,294,128,166,79,33,46,73,42,31,,,,,,,,,,,,,69,42,27,0,0,0
12/01/2021 13:00,307,163,144,85,40,45,61,37,24,,,,,,,,,,,,,62,32,30,0,0,0
12/01/2021 14:00,247,109,138,52,34,18,42,19,23,,,,,,,,,,,,,87,51,36,0,0,0
12/01/2021 15:00,254,122,132,90,45,45,68,27,41,,,,,,,,,,,,,86,42,44,0,0,0
12/01/2021 16:00,289,153,136,60,26,34,69,25,44,,,,,,,,,,,,,91,46,45,0,0,0
12/01/2021 17:00,214,105,109,75,38,37,52,27,25,,,,,,,,,,,,,81,36,45,0,0,0
12/01/2021 18:00,220,117,103,81,37,44,74,44,30,,,,,,,,,,,,,45,22,23,0,0,0
12/01/2021 19:00,201,98,103,64,31,33,48,18,30,,,,,,,,,,,,,37,17,20,0,0,0
12/01/2021 20:00,170,83,87,46,30,16,34,24,10,,,,,,,,,,,,,32,18,14,0,0,0
12/01/2021 21:00,63,39,24,11,4,7,23,13,10,,,,,,,,,,,,,12,6,6,0,0,0
12/01/2021 22:00,9,6,3,3,3,0,1,0,1,,,,,,,,,,,,,11,6,5,0,0,0
12/01/2021 23:00,2,1,1,3,1,2,0,0,0,,,,,,,,,,,,,3,2,1,0,0,0
13/01/2021 00:00,0,0,0,0,0,0,2,1,1,,,,,,,,,,,,,3,2,1,0,0,0
13/01/2021 01:00,0,0,0,0,0,0,0,0,0,,,,,,,,,,,,,1,0,1,0,0,0
13/01/2021 02:00,0,0,0,0,0,0,0,0,0,,,,,,,,,,,,,0,0,0,0,0,0
13/01/2021 03:00,0,0,0,0,0,0,0,0,0,,,,,,,,,,,,,2,2,0,0,0,0
13/01/2021 04:00,0,0,0,1,1,0,0,0,0,,,,,,,,,,,,,0,0,0,0,0,0
13/01/2021 05:00,2,0,2,0,0,0,0,0,0,,,,,,,,,,,,,1,1,0,0,0,0
13/01/2021 06:00,29,9,20,3,2,1,10,7,3,,,,,,,,,,,,,6,3,3,0,0,0
13/01/2021 07:00,102,41,61,29,13,16,21,13,8,,,,,,,,,,,,,19,11,8,0,0,0
13/01/2021 08:00,140,78,62,51,20,31,27,18,9,,,,,,,,,,,,,24,8,16,0,0,0
13/01/2021 09:00,135,53,82,35,18,17,24,15,9,,,,,,,,,,,,,27,17,10,0,0,0
13/01/2021 10:00,202,103,99,37,20,17,34,15,19,,,,,,,,,,,,,39,19,20,0,0,0
13/01/2021 11:00,214,94,120,66,38,28,44,23,21,,,,,,,,,,,,,65,37,28,0,0,0
13/01/2021 12:00,324,158,166,97,49,48,80,44,36,,,,,,,,,,,,,105,64,41,0,0,0
13/01/2021 13:00,345,195,150,94,41,53,81,41,40,,,,,,,,,,,,,121,58,63,0,0,0
13/01/2021 14:00,294,140,154,80,47,33,66,46,20,,,,,,,,,,,,,77,39,38,0,0,0
13/01/2021 15:00,313,178,135,71,46,25,50,27,23,,,,,,,,,,,,,85,47,38,0,0,0
13/01/2021 16:00,227,106,121,63,26,37,41,21,20,,,,,,,,,,,,,87,49,38,0,0,0
13/01/2021 17:00,237,113,124,66,30,36,71,41,30,,,,,,,,,,,,,52,26,26,0,0,0
13/01/2021 18:00,236,130,106,74,32,42,80,39,41,,,,,,,,,,,,,33,11,22,0,0,0
13/01/2021 19:00,224,109,115,36,15,21,63,30,33,,,,,,,,,,,,,54,34,20,0,0,0
13/01/2021 20:00,221,116,105,44,13,31,41,19,22,,,,,,,,,,,,,30,13,17,0,0,0
13/01/2021 21:00,103,58,45,24,11,13,22,4,18,,,,,,,,,,,,,28,18,10,0,0,0
13/01/2021 22:00,40,14,26,8,2,6,11,6,5,,,,,,,,,,,,,6,4,2,0,0,0
13/01/2021 23:00,14,10,4,5,2,3,2,2,0,,,,,,,,,,,,,8,3,5,0,0,0
14/01/2021 00:00,2,2,0,0,0,0,0,0,0,,,,,,,,,,,,,0,0,0,0,0,0
14/01/2021 01:00,0,0,0,0,0,0,0,0,0,,,,,,,,,,,,,4,1,3,0,0,0
14/01/2021 02:00,0,0,0,0,0,0,0,0,0,,,,,,,,,,,,,0,0,0,0,0,0
14/01/2021 03:00,0,0,0,0,0,0,0,0,0,,,,,,,,,,,,,0,0,0,0,0,0
14/01/2021 04:00,0,0,0,2,2,0,0,0,0,,,,,,,,,,,,,1,1,0,0,0,0
14/01/2021 05:00,1,0,1,0,0,0,2,0,2,,,,,,,,,,,,,1,1,0,0,0,0
14/01/2021 06:00,40,16,24,9,2,7,6,5,1,,,,,,,,,,,,,6,2,4,0,0,0
14/01/2021 07:00,96,48,48,26,16,10,27,13,14,,,,,,,,,,,,,16,6,10,0,0,0
14/01/2021 08:00,134,61,73,37,17,20,27,15,12,,,,,,,,,,,,,22,11,11,0,0,0
14/01/2021 09:00,126,53,73,27,12,15,29,16,13,,,,,,,,,,,,,20,10,10,0,0,0
14/01/2021 10:00,153,83,70,46,22,24,42,26,16,,,,,,,,,,,,,35,15,20,0,0,0
14/01/2021 11:00,234,99,135,65,33,32,43,28,15,,,,,,,,,,,,,50,24,26,0,0,0
14/01/2021 12:00,285,131,154,73,35,38,59,21,38,,,,,,,,,,,,,69,37,32,0,0,0
14/01/2021 13:00,343,179,164,88,29,59,76,38,38,,,,,,,,,,,,,101,52,49,0,0,0
14/01/2021 14:00,299,161,138,78,30,48,60,31,29,,,,,,,,,,,,,98,38,60,0,0,0
14/01/2021 15:00,244,114,130,89,41,48,45,27,18,,,,,,,,,,,,,100,62,38,0,0,0
14/01/2021 16:00,260,135,125,61,25,36,51,23,28,,,,,,,,,,,,,99,49,50,0,0,0
14/01/2021 17:00,271,141,130,81,29,52,62,36,26,,,,,,,,,,,,,76,39,37,0,0,0
14/01/2021 18:00,233,110,123,70,38,32,63,40,23,,,,,,,,,,,,,46,18,28,0,0,0
14/01/2021 19:00,208,113,95,59,31,28,48,26,22,,,,,,,,,,,,,53,32,21,0,0,0
14/01/2021 20:00,211,99,112,38,17,21,60,22,38,,,,,,,,,,,,,43,21,22,0,0,0
14/01/2021 21:00,104,47,57,23,9,14,15,6,9,,,,,,,,,,,,,39,16,23,0,0,0
14/01/2021 22:00,24,14,10,15,7,8,11,1,10,,,,,,,,,,,,,5,2,3,0,0,0
14/01/2021 23:00,11,6,5,5,4,1,5,3,2,,,,,,,,,,,,,30,16,14,0,0,0
15/01/2021 00:00,0,0,0,1,1,0,0,0,0,,,,,,,,,,,,,1,1,0,0,0,0
15/01/2021 01:00,2,1,1,0,0,0,0,0,0,,,,,,,,,,,,,2,2,0,0,0,0
15/01/2021 02:00,2,1,1,0,0,0,0,0,0,,,,,,,,,,,,,3,2,1,0,0,0
15/01/2021 03:00,3,1,2,0,0,0,0,0,0,,,,,,,,,,,,,1,1,0,0,0,0
15/01/2021 04:00,1,1,0,0,0,0,2,0,2,,,,,,,,,,,,,1,0,1,0,0,0
15/01/2021 05:00,5,4,1,3,1,2,2,0,2,,,,,,,,,,,,,1,1,0,0,0,0
15/01/2021 06:00,29,8,21,5,3,2,4,4,0,,,,,,,,,,,,,6,2,4,0,0,0
15/01/2021 07:00,117,57,60,34,19,15,29,17,12,,,,,,,,,,,,,23,9,14,0,0,0
15/01/2021 08:00,156,81,75,35,17,18,46,26,20,,,,,,,,,,,,,22,11,11,0,0,0
15/01/2021 09:00,129,58,71,36,21,15,21,10,11,,,,,,,,,,,,,31,18,13,0,0,0
15/01/2021 10:00,192,102,90,40,22,18,38,24,14,,,,,,,,,,,,,38,16,22,0,0,0
15/01/2021 11:00,234,115,119,52,18,34,44,31,13,,,,,,,,,,,,,81,34,47,0,0,0
15/01/2021 12:00,248,121,127,62,31,31,47,23,24,,,,,,,,,,,,,94,51,43,0,0,0
15/01/2021 13:00,250,137,113,55,28,27,59,28,31,,,,,,,,,,,,,80,37,43,0,0,0
15/01/2021 14:00,261,124,137,62,29,33,46,22,24,,,,,,,,,,,,,75,32,43,0,0,0
15/01/2021 15:00,310,155,155,79,41,38,55,31,24,,,,,,,,,,,,,110,53,57,0,0,0
15/01/2021 16:00,287,149,138,63,25,38,68,22,46,,,,,,,,,,,,,95,48,47,0,0,0
15/01/2021 17:00,258,127,131,68,30,38,65,28,37,,,,,,,,,,,,,77,35,42,0,0,0
15/01/2021 18:00,146,85,61,47,23,24,40,18,22,,,,,,,,,,,,,47,29,18,0,0,0
15/01/2021 19:00,104,53,51,26,16,10,30,17,13,,,,,,,,,,,,,39,23,16,0,0,0
15/01/2021 20:00,78,36,42,25,10,15,13,4,9,,,,,,,,,,,,,33,15,18,0,0,0
15/01/2021 21:00,19,11,8,2,2,0,4,4,0,,,,,,,,,,,,,12,6,6,0,0,0
15/01/2021 22:00,10,8,2,3,2,1,3,1,2,,,,,,,,,,,,,7,4,3,0,0,0
15/01/2021 23:00,0,0,0,0,0,0,1,0,1,,,,,,,,,,,,,3,2,1,0,0,0
16/01/2021 00:00,0,0,0,0,0,0,2,0,2,,,,,,,,,,,,,6,2,4,0,0,0
16/01/2021 01:00,3,1,2,0,0,0,0,0,0,,,,,,,,,,,,,0,0,0,0,0,0
16/01/2021 02:00,0,0,0,1,1,0,1,1,0,,,,,,,,,,,,,0,0,0,0,0,0
16/01/2021 03:00,1,1,0,1,0,1,0,0,0,,,,,,,,,,,,,3,2,1,0,0,0
16/01/2021 04:00,0,0,0,0,0,0,0,0,0,,,,,,,,,,,,,0,0,0,0,0,0
16/01/2021 05:00,1,0,1,2,2,0,3,1,2,,,,,,,,,,,,,0,0,0,0,0,0
16/01/2021 06:00,14,3,11,3,0,3,1,0,1,,,,,,,,,,,,,4,3,1,0,0,0
16/01/2021 07:00,30,15,15,9,2,7,5,2,3,,,,,,,,,,,,,11,4,7,0,0,0
16/01/2021 08:00,111,57,54,30,13,17,25,16,9,,,,,,,,,,,,,20,10,10,0,0,0
16/01/2021 09:00,165,80,85,58,34,24,36,22,14,,,,,,,,,,,,,24,14,10,0,0,0
16/01/2021 10:00,283,112,171,82,47,35,91,51,40,,,,,,,,,,,,,39,21,18,0,0,0
16/01/2021 11:00,377,186,191,130,58,72,84,42,42,,,,,,,,,,,,,64,36,28,0,0,0
16/01/2021 12:00,470,241,229,172,85,87,105,61,44,,,,,,,,,,,,,102,45,57,0,0,0
16/01/2021 13:00,392,197,195,153,72,81,106,60,46,,,,,,,,,,,,,97,38,59,0,0,0
16/01/2021 14:00,448,232,216,140,65,75,122,74,48,,,,,,,,,,,,,124,68,56,0,0,0
16/01/2021 15:00,509,257,252,130,60,70,139,79,60,,,,,,,,,,,,,104,51,53,0,0,0
16/01/2021 16:00,392,225,167,157,66,91,104,53,51,,,,,,,,,,,,,94,46,48,0,0,0
16/01/2021 17:00,253,126,127,97,55,42,82,39,43,,,,,,,,,,,,,67,33,34,0,0,0
16/01/2021 18:00,143,79,64,42,20,22,41,25,16,,,,,,,,,,,,,22,12,10,0,0,0
16/01/2021 19:00,79,39,40,19,10,9,29,11,18,,,,,,,,,,,,,39,14,25,0,0,0
16/01/2021 20:00,66,32,34,22,9,13,22,8,14,,,,,,,,,,,,,32,22,10,0,0,0
16/01/2021 21:00,37,19,18,12,5,7,11,5,6,,,,,,,,,,,,,20,9,11,0,0,0
16/01/2021 22:00,21,13,8,8,4,4,4,2,2,,,,,,,,,,,,,14,8,6,0,0,0
16/01/2021 23:00,10,7,3,3,0,3,3,1,2,,,,,,,,,,,,,7,2,5,0,0,0
17/01/2021 00:00,6,5,1,1,1,0,3,2,1,,,,,,,,,,,,,6,4,2,0,0,0
17/01/2021 01:00,0,0,0,2,1,1,1,0,1,,,,,,,,,,,,,0,0,0,0,0,0
17/01/2021 02:00,0,0,0,1,0,1,0,0,0,,,,,,,,,,,,,4,2,2,0,0,0
17/01/2021 03:00,0,0,0,1,0,1,1,0,1,,,,,,,,,,,,,5,3,2,0,0,0
17/01/2021 04:00,0,0,0,0,0,0,0,0,0,,,,,,,,,,,,,0,0,0,0,0,0
17/01/2021 05:00,0,0,0,0,0,0,1,1,0,,,,,,,,,,,,,2,1,1,0,0,0
17/01/2021 06:00,10,2,8,3,1,2,1,0,1,,,,,,,,,,,,,1,0,1,0,0,0
17/01/2021 07:00,24,7,17,0,0,0,9,3,6,,,,,,,,,,,,,8,5,3,0,0,0
17/01/2021 08:00,98,47,51,14,10,4,22,16,6,,,,,,,,,,,,,18,5,13,0,0,0
17/01/2021 09:00,207,89,118,59,31,28,37,27,10,,,,,,,,,,,,,26,15,11,0,0,0
17/01/2021 10:00,270,128,142,74,34,40,71,40,31,,,,,,,,,,,,,53,33,20,0,0,0
17/01/2021 11:00,374,187,187,98,41,57,74,44,30,,,,,,,,,,,,,79,41,38,0,0,0
17/01/2021 12:00,425,210,215,139,69,70,116,61,55,,,,,,,,,,,,,87,37,50,0,0,0
17/01/2021 13:00,433,233,200,104,53,51,116,65,51,,,,,,,,,,,,,107,57,50,0,0,0
17/01/2021 14:00,427,211,216,126,68,58,95,53,42,,,,,,,,,,,,,87,37,50,0,0,0
17/01/2021 15:00,438,199,239,135,62,73,113,50,63,,,,,,,,,,,,,129,68,61,0,0,0
17/01/2021 16:00,420,201,219,102,60,42,121,45,76,,,,,,,,,,,,,99,51,48,0,0,0
17/01/2021 17:00,261,143,118,66,31,35,59,22,37,,,,,,,,,,,,,64,26,38,0,0,0
17/01/2021 18:00,125,61,64,33,13,20,34,17,17,,,,,,,,,,,,,27,16,11,0,0,0
17/01/2021 19:00,134,76,58,32,13,19,27,15,12,,,,,,,,,,,,,37,18,19,0,0,0
17/01/2021 20:00,70,37,33,27,8,19,27,10,17,,,,,,,,,,,,,47,26,21,0,0,0
17/01/2021 21:00,39,21,18,20,11,9,13,7,6,,,,,,,,,,,,,44,18,26,0,0,0
17/01/2021 22:00,16,6,10,6,4,2,13,4,9,,,,,,,,,,,,,68,41,27,0,0,0
17/01/2021 23:00,4,3,1,4,0,4,1,1,0,,,,,,,,,,,,,44,20,24,0,0,0
18/01/2021 00:00,0,0,0,0,0,0,1,1,0,,,,,,,,,,,,,12,5,7,0,0,0
18/01/2021 01:00,1,1,0,0,0,0,0,0,0,,,,,,,,,,,,,2,1,1,0,0,0
18/01/2021 02:00,0,0,0,0,0,0,0,0,0,,,,,,,,,,,,,0,0,0,0,0,0
18/01/2021 03:00,1,0,1,0,0,0,0,0,0,,,,,,,,,,,,,1,1,0,0,0,0
18/01/2021 04:00,1,1,0,0,0,0,0,0,0,,,,,,,,,,,,,0,0,0,0,0,0
18/01/2021 05:00,3,1,2,3,2,1,2,0,2,,,,,,,,,,,,,0,0,0,0,0,0
18/01/2021 06:00,37,12,25,9,5,4,4,3,1,,,,,,,,,,,,,6,4,2,0,0,0
18/01/2021 07:00,118,45,73,26,9,17,27,12,15,,,,,,,,,,,,,14,8,6,0,0,0
18/01/2021 08:00,165,90,75,29,14,15,32,17,15,,,,,,,,,,,,,25,14,11,0,0,0
18/01/2021 09:00,140,59,81,36,27,9,12,7,5,,,,,,,,,,,,,25,18,7,0,0,0
18/01/2021 10:00,189,99,90,31,17,14,34,20,14,,,,,,,,,,,,,50,27,23,0,0,0
18/01/2021 11:00,214,115,99,54,26,28,44,24,20,,,,,,,,,,,,,90,41,49,0,0,0
18/01/2021 12:00,228,113,115,57,31,26,55,24,31,,,,,,,,,,,,,90,49,41,0,0,0
18/01/2021 13:00,272,136,136,78,36,42,71,38,33,,,,,,,,,,,,,90,41,49,0,0,0
18/01/2021 14:00,204,103,101,44,21,23,38,14,24,,,,,,,,,,,,,94,53,41,0,0,0
18/01/2021 15:00,281,138,143,56,26,30,56,36,20,,,,,,,,,,,,,76,42,34,0,0,0
18/01/2021 16:00,279,135,144,65,32,33,63,32,31,,,,,,,,,,,,,79,29,50,0,0,0
18/01/2021 17:00,241,117,124,72,25,47,60,33,27,,,,,,,,,,,,,86,35,51,0,0,0
18/01/2021 18:00,234,126,108,63,30,33,78,37,41,,,,,,,,,,,,,77,46,31,0,0,0
18/01/2021 19:00,197,112,85,47,20,27,49,17,32,,,,,,,,,,,,,87,39,48,0,0,0
18/01/2021 20:00,156,84,72,42,17,25,22,11,11,,,,,,,,,,,,,57,32,25,0,0,0
18/01/2021 21:00,54,34,20,17,10,7,14,9,5,,,,,,,,,,,,,16,8,8,0,0,0
18/01/2021 22:00,14,6,8,9,0,9,5,0,5,,,,,,,,,,,,,26,16,10,0,0,0
18/01/2021 23:00,3,1,2,3,2,1,3,3,0,,,,,,,,,,,,,3,1,2,0,0,0
19/01/2021 00:00,0,0,0,1,0,1,0,0,0,,,,,,,,,,,,,4,2,2,0,0,0
19/01/2021 01:00,1,1,0,0,0,0,0,0,0,,,,,,,,,,,,,0,0,0,0,0,0
19/01/2021 02:00,1,0,1,0,0,0,0,0,0,,,,,,,,,,,,,0,0,0,0,0,0
19/01/2021 03:00,0,0,0,0,0,0,0,0,0,,,,,,,,,,,,,1,1,0,0,0,0
19/01/2021 04:00,0,0,0,0,0,0,0,0,0,,,,,,,,,,,,,1,1,0,0,0,0
19/01/2021 05:00,0,0,0,0,0,0,0,0,0,,,,,,,,,,,,,0,0,0,0,0,0
19/01/2021 06:00,23,7,16,5,2,3,3,0,3,,,,,,,,,,,,,5,2,3,0,0,0
19/01/2021 07:00,86,39,47,26,13,13,30,18,12,,,,,,,,,,,,,22,15,7,0,0,0
19/01/2021 08:00,156,84,72,37,16,21,27,14,13,,,,,,,,,,,,,29,12,17,0,0,0
19/01/2021 09:00,143,67,76,51,29,22,35,18,17,,,,,,,,,,,,,20,12,8,0,0,0
19/01/2021 10:00,178,96,82,28,10,18,20,8,12,,,,,,,,,,,,,35,20,15,0,0,0
19/01/2021 11:00,130,65,65,35,14,21,31,14,17,,,,,,,,,,,,,38,17,21,0,0,0
19/01/2021 12:00,121,65,56,40,21,19,30,18,12,,,,,,,,,,,,,28,14,14,0,0,0
19/01/2021 13:00,176,75,101,48,27,21,46,25,21,,,,,,,,,,,,,37,18,19,0,0,0
19/01/2021 14:00,211,99,112,44,19,25,33,18,15,,,,,,,,,,,,,35,19,16,0,0,0
19/01/2021 15:00,244,125,119,67,30,37,72,36,36,,,,,,,,,,,,,80,42,38,0,0,0
19/01/2021 16:00,261,124,137,60,17,43,46,18,28,,,,,,,,,,,,,108,53,55,0,0,0
19/01/2021 17:00,213,110,103,67,19,48,58,31,27,,,,,,,,,,,,,58,21,37,0,0,0
19/01/2021 18:00,177,91,86,52,31,21,55,29,26,,,,,,,,,,,,,38,19,19,0,0,0
19/01/2021 19:00,196,94,102,57,35,22,48,27,21,,,,,,,,,,,,,43,26,17,0,0,0
19/01/2021 20:00,199,111,88,55,21,34,59,33,26,,,,,,,,,,,,,45,29,16,0,0,0
19/01/2021 21:00,101,53,48,28,12,16,34,16,18,,,,,,,,,,,,,32,10,22,0,0,0
19/01/2021 22:00,37,19,18,17,6,11,22,8,14,,,,,,,,,,,,,25,13,12,0,0,0
19/01/2021 23:00,3,2,1,3,1,2,1,0,1,,,,,,,,,,,,,13,5,8,0,0,0
20/01/2021 00:00,0,0,0,0,0,0,2,1,1,,,,,,,,,,,,,2,2,0,0,0,0
20/01/2021 01:00,0,0,0,0,0,0,0,0,0,,,,,,,,,,,,,2,2,0,0,0,0
20/01/2021 02:00,0,0,0,0,0,0,1,0,1,,,,,,,,,,,,,3,3,0,0,0,0
20/01/2021 03:00,0,0,0,0,0,0,0,0,0,,,,,,,,,,,,,2,1,1,0,0,0
20/01/2021 04:00,0,0,0,0,0,0,0,0,0,,,,,,,,,,,,,0,0,0,0,0,0
20/01/2021 05:00,1,0,1,2,0,2,1,0,1,,,,,,,,,,,,,1,1,0,0,0,0
20/01/2021 06:00,35,11,24,10,5,5,9,6,3,,,,,,,,,,,,,2,1,1,0,0,0
20/01/2021 07:00,109,49,60,27,16,11,23,11,12,,,,,,,,,,,,,21,12,9,0,0,0
20/01/2021 08:00,150,85,65,45,18,27,30,17,13,,,,,,,,,,,,,31,17,14,0,0,0
20/01/2021 09:00,135,59,76,16,12,4,21,13,8,,,,,,,,,,,,,45,22,23,0,0,0
20/01/2021 10:00,126,76,50,38,13,25,28,19,9,,,,,,,,,,,,,36,15,21,0,0,0
20/01/2021 11:00,83,43,40,30,11,19,20,8,12,,,,,,,,,,,,,28,10,18,0,0,0
20/01/2021 12:00,65,30,35,18,11,7,12,10,2,,,,,,,,,,,,,20,8,12,0,0,0
20/01/2021 13:00,74,43,31,15,10,5,35,20,15,,,,,,,,,,,,,20,10,10,0,0,0
20/01/2021 14:00,84,40,44,20,8,12,12,6,6,,,,,,,,,,,,,28,12,16,0,0,0
20/01/2021 15:00,80,39,41,16,10,6,14,8,6,,,,,,,,,,,,,27,12,15,0,0,0
20/01/2021 16:00,105,59,46,36,24,12,30,17,13,,,,,,,,,,,,,24,15,9,0,0,0
20/01/2021 17:00,161,86,75,61,32,29,49,26,23,,,,,,,,,,,,,50,24,26,0,0,0
20/01/2021 18:00,225,119,106,80,42,38,95,59,36,,,,,,,,,,,,,51,21,30,0,0,0
20/01/2021 19:00,227,117,110,70,37,33,50,27,23,,,,,,,,,,,,,34,16,18,0,0,0
20/01/2021 20:00,182,100,82,54,29,25,46,26,20,,,,,,,,,,,,,40,18,22,0,0,0
20/01/2021 21:00,66,40,26,24,7,17,20,10,10,,,,,,,,,,,,,20,12,8,0,0,0
20/01/2021 22:00,25,15,10,17,7,10,13,2,11,,,,,,,,,,,,,11,6,5,0,0,0
20/01/2021 23:00,8,4,4,3,0,3,2,1,1,,,,,,,,,,,,,5,2,3,0,0,0
21/01/2021 00:00,0,0,0,0,0,0,0,0,0,,,,,,,,,,,,,0,0,0,0,0,0
21/01/2021 01:00,0,0,0,0,0,0,0,0,0,,,,,,,,,,,,,1,1,0,0,0,0
21/01/2021 02:00,0,0,0,2,0,2,0,0,0,,,,,,,,,,,,,0,0,0,0,0,0
21/01/2021 03:00,1,0,1,0,0,0,0,0,0,,,,,,,,,,,,,0,0,0,0,0,0
21/01/2021 04:00,0,0,0,0,0,0,0,0,0,,,,,,,,,,,,,0,0,0,0,0,0
21/01/2021 05:00,3,1,2,5,2,3,1,0,1,,,,,,,,,,,,,1,1,0,0,0,0
21/01/2021 06:00,31,11,20,6,1,5,9,5,4,,,,,,,,,,,,,2,0,2,0,0,0
21/01/2021 07:00,98,51,47,28,10,18,29,15,14,,,,,,,,,,,,,15,11,4,0,0,0
21/01/2021 08:00,151,87,64,51,19,32,44,23,21,,,,,,,,,,,,,19,9,10,0,0,0
21/01/2021 09:00,104,44,60,32,18,14,21,10,11,,,,,,,,,,,,,32,20,12,0,0,0
21/01/2021 10:00,156,72,84,39,17,22,23,13,10,,,,,,,,,,,,,52,29,23,0,0,0
21/01/2021 11:00,266,119,147,73,41,32,41,21,20,,,,,,,,,,,,,55,25,30,0,0,0
21/01/2021 12:00,298,153,145,86,51,35,84,51,33,,,,,,,,,,,,,89,48,41,0,0,0
21/01/2021 13:00,367,173,194,92,51,41,77,49,28,,,,,,,,,,,,,110,64,46,0,0,0
21/01/2021 14:00,314,156,158,83,40,43,68,36,32,,,,,,,,,,,,,112,51,61,0,0,0
21/01/2021 15:00,334,166,168,90,48,42,62,23,39,,,,,,,,,,,,,114,66,48,0,0,0
21/01/2021 16:00,334,169,165,79,33,46,93,45,48,,,,,,,,,,,,,134,59,75,0,0,0
21/01/2021 17:00,281,153,128,90,50,40,70,37,33,,,,,,,,,,,,,96,32,64,0,0,0
21/01/2021 18:00,246,126,120,91,46,45,97,56,41,,,,,,,,,,,,,65,37,28,0,0,0
21/01/2021 19:00,191,89,102,64,37,27,73,41,32,,,,,,,,,,,,,57,26,31,0,0,0
21/01/2021 20:00,177,99,78,47,21,26,55,21,34,,,,,,,,,,,,,43,22,21,0,0,0
21/01/2021 21:00,69,37,32,29,10,19,12,4,8,,,,,,,,,,,,,25,13,12,0,0,0
21/01/2021 22:00,24,10,14,13,7,6,3,1,2,,,,,,,,,,,,,21,12,9,0,0,0
21/01/2021 23:00,12,5,7,5,2,3,2,2,0,,,,,,,,,,,,,3,3,0,0,0,0
22/01/2021 00:00,0,0,0,0,0,0,0,0,0,,,,,,,,,,,,,1,1,0,0,0,0
22/01/2021 01:00,0,0,0,0,0,0,0,0,0,,,,,,,,,,,,,1,1,0,0,0,0
22/01/2021 02:00,0,0,0,0,0,0,0,0,0,,,,,,,,,,,,,7,3,4,0,0,0
22/01/2021 03:00,0,0,0,0,0,0,0,0,0,,,,,,,,,,,,,1,1,0,0,0,0
22/01/2021 04:00,1,0,1,0,0,0,0,0,0,,,,,,,,,,,,,0,0,0,0,0,0
22/01/2021 05:00,6,2,4,2,1,1,2,1,1,,,,,,,,,,,,,1,1,0,0,0,0
22/01/2021 06:00,31,7,24,8,3,5,8,4,4,,,,,,,,,,,,,3,1,2,0,0,0
22/01/2021 07:00,114,58,56,30,8,22,16,8,8,,,,,,,,,,,,,16,10,6,0,0,0
22/01/2021 08:00,139,74,65,43,23,20,31,18,13,,,,,,,,,,,,,20,11,9,0,0,0
22/01/2021 09:00,141,69,72,31,14,17,29,19,10,,,,,,,,,,,,,27,16,11,0,0,0
22/01/2021 10:00,199,92,107,25,11,14,31,18,13,,,,,,,,,,,,,47,26,21,0,0,0
22/01/2021 11:00,276,141,135,80,44,36,56,34,22,,,,,,,,,,,,,82,36,46,0,0,0
22/01/2021 12:00,288,159,129,70,32,38,75,40,35,,,,,,,,,,,,,72,36,36,0,0,0
22/01/2021 13:00,320,153,167,100,60,40,70,38,32,,,,,,,,,,,,,111,63,48,0,0,0
22/01/2021 14:00,331,164,167,94,53,41,57,37,20,,,,,,,,,,,,,90,54,36,0,0,0
22/01/2021 15:00,445,229,216,110,50,60,59,23,36,,,,,,,,,,,,,134,69,65,0,0,0
22/01/2021 16:00,402,217,185,99,60,39,53,33,20,,,,,,,,,,,,,124,46,78,0,0,0
22/01/2021 17:00,274,139,135,92,37,55,78,36,42,,,,,,,,,,,,,84,33,51,0,0,0
22/01/2021 18:00,225,128,97,63,30,33,49,26,23,,,,,,,,,,,,,42,19,23,0,0,0
22/01/2021 19:00,146,79,67,60,27,33,46,29,17,,,,,,,,,,,,,38,23,15,0,0,0
22/01/2021 20:00,107,66,41,36,22,14,34,16,18,,,,,,,,,,,,,35,19,16,0,0,0
22/01/2021 21:00,49,19,30,16,6,10,24,15,9,,,,,,,,,,,,,22,6,16,0,0,0
22/01/2021 22:00,19,10,9,8,3,5,6,3,3,,,,,,,,,,,,,9,5,4,0,0,0
22/01/2021 23:00,10,8,2,1,1,0,1,0,1,,,,,,,,,,,,,4,2,2,0,0,0
23/01/2021 00:00,0,0,0,1,1,0,0,0,0,,,,,,,,,,,,,6,3,3,0,0,0
23/01/2021 01:00,0,0,0,0,0,0,0,0,0,,,,,,,,,,,,,3,2,1,0,0,0
23/01/2021 02:00,0,0,0,0,0,0,0,0,0,,,,,,,,,,,,,2,1,1,0,0,0
23/01/2021 03:00,1,1,0,0,0,0,0,0,0,,,,,,,,,,,,,3,1,2,0,0,0
23/01/2021 04:00,0,0,0,2,0,2,0,0,0,,,,,,,,,,,,,0,0,0,0,0,0
23/01/2021 05:00,3,2,1,1,1,0,0,0,0,,,,,,,,,,,,,1,1,0,0,0,0
23/01/2021 06:00,9,1,8,2,0,2,0,0,0,,,,,,,,,,,,,1,0,1,0,0,0
23/01/2021 07:00,38,20,18,12,11,1,12,8,4,,,,,,,,,,,,,3,1,2,0,0,0
23/01/2021 08:00,106,54,52,28,15,13,26,12,14,,,,,,,,,,,,,16,10,6,0,0,0
23/01/2021 09:00,174,78,96,78,40,38,47,19,28,,,,,,,,,,,,,25,14,11,0,0,0
23/01/2021 10:00,298,161,137,106,62,44,82,44,38,,,,,,,,,,,,,68,27,41,0,0,0
23/01/2021 11:00,365,173,192,138,78,60,124,75,49,,,,,,,,,,,,,75,35,40,0,0,0
23/01/2021 12:00,479,254,225,180,77,103,133,67,66,,,,,,,,,,,,,84,39,45,0,0,0
23/01/2021 13:00,523,260,263,158,89,69,139,75,64,,,,,,,,,,,,,115,44,71,0,0,0
23/01/2021 14:00,528,253,275,167,82,85,142,71,71,,,,,,,,,,,,,126,64,62,0,0,0
23/01/2021 15:00,513,262,251,208,95,113,177,96,81,,,,,,,,,,,,,127,59,68,0,0,0
23/01/2021 16:00,415,223,192,149,60,89,131,57,74,,,,,,,,,,,,,109,50,59,0,0,0
23/01/2021 17:00,298,161,137,87,35,52,75,43,32,,,,,,,,,,,,,67,34,33,0,0,0
23/01/2021 18:00,171,84,87,49,27,22,51,22,29,,,,,,,,,,,,,32,15,17,0,0,0
23/01/2021 19:00,82,48,34,20,7,13,19,5,14,,,,,,,,,,,,,39,23,16,0,0,0
23/01/2021 20:00,48,19,29,18,9,9,16,9,7,,,,,,,,,,,,,19,13,6,0,0,0
23/01/2021 21:00,39,14,25,10,6,4,11,5,6,,,,,,,,,,,,,8,2,6,0,0,0
23/01/2021 22:00,8,4,4,10,4,6,4,2,2,,,,,,,,,,,,,17,8,9,0,0,0
23/01/2021 23:00,8,4,4,3,1,2,3,1,2,,,,,,,,,,,,,7,3,4,0,0,0
24/01/2021 00:00,0,0,0,4,0,4,6,3,3,,,,,,,,,,,,,2,1,1,0,0,0
24/01/2021 01:00,1,0,1,1,1,0,0,0,0,,,,,,,,,,,,,3,2,1,0,0,0
24/01/2021 02:00,1,1,0,0,0,0,0,0,0,,,,,,,,,,,,,3,1,2,0,0,0
24/01/2021 03:00,2,0,2,0,0,0,2,2,0,,,,,,,,,,,,,3,1,2,0,0,0
24/01/2021 04:00,0,0,0,0,0,0,0,0,0,,,,,,,,,,,,,3,3,0,0,0,0
24/01/2021 05:00,0,0,0,0,0,0,0,0,0,,,,,,,,,,,,,3,1,2,0,0,0
24/01/2021 06:00,6,1,5,2,0,2,0,0,0,,,,,,,,,,,,,2,0,2,0,0,0
24/01/2021 07:00,26,13,13,10,7,3,4,1,3,,,,,,,,,,,,,4,1,3,0,0,0
24/01/2021 08:00,71,35,36,22,14,8,13,7,6,,,,,,,,,,,,,12,3,9,0,0,0
24/01/2021 09:00,148,83,65,64,42,22,46,26,20,,,,,,,,,,,,,18,11,7,0,0,0
24/01/2021 10:00,224,127,97,78,40,38,48,27,21,,,,,,,,,,,,,42,23,19,0,0,0
24/01/2021 11:00,269,121,148,84,31,53,61,31,30,,,,,,,,,,,,,55,19,36,0,0,0
24/01/2021 12:00,378,188,190,109,37,72,89,47,42,,,,,,,,,,,,,67,45,22,0,0,0
24/01/2021 13:00,387,196,191,108,64,44,74,38,36,,,,,,,,,,,,,77,34,43,0,0,0
24/01/2021 14:00,268,118,150,68,37,31,69,50,19,,,,,,,,,,,,,60,31,29,0,0,0
24/01/2021 15:00,324,177,147,88,33,55,66,29,37,,,,,,,,,,,,,74,40,34,0,0,0
24/01/2021 16:00,334,172,162,89,49,40,73,30,43,,,,,,,,,,,,,53,27,26,0,0,0
24/01/2021 17:00,198,88,110,65,31,34,57,29,28,,,,,,,,,,,,,32,17,15,0,0,0
24/01/2021 18:00,104,61,43,19,9,10,29,13,16,,,,,,,,,,,,,20,12,8,0,0,0
24/01/2021 19:00,50,28,22,16,13,3,18,13,5,,,,,,,,,,,,,33,14,19,0,0,0
24/01/2021 20:00,34,18,16,4,2,2,14,4,10,,,,,,,,,,,,,30,13,17,0,0,0
24/01/2021 21:00,16,7,9,3,2,1,7,1,6,,,,,,,,,,,,,13,9,4,0,0,0
24/01/2021 22:00,6,3,3,2,0,2,2,0,2,,,,,,,,,,,,,2,2,0,0,0,0
24/01/2021 23:00,3,0,3,0,0,0,1,1,0,,,,,,,,,,,,,6,3,3,0,0,0
25/01/2021 00:00,0,0,0,0,0,0,0,0,0,,,,,,,,,,,,,4,2,2,0,0,0
25/01/2021 01:00,1,0,1,0,0,0,0,0,0,,,,,,,,,,,,,2,2,0,0,0,0
25/01/2021 02:00,0,0,0,0,0,0,0,0,0,,,,,,,,,,,,,3,3,0,0,0,0
25/01/2021 03:00,0,0,0,0,0,0,0,0,0,,,,,,,,,,,,,2,1,1,0,0,0
25/01/2021 04:00,0,0,0,0,0,0,0,0,0,,,,,,,,,,,,,2,1,1,0,0,0
25/01/2021 05:00,4,2,2,0,0,0,0,0,0,,,,,,,,,,,,,1,1,0,0,0,0
25/01/2021 06:00,13,3,10,6,2,4,3,1,2,,,,,,,,,,,,,8,4,4,0,0,0
25/01/2021 07:00,56,24,32,17,10,7,18,8,10,,,,,,,,,,,,,19,13,6,0,0,0
25/01/2021 08:00,78,37,41,28,13,15,21,12,9,,,,,,,,,,,,,25,10,15,0,0,0
25/01/2021 09:00,72,22,50,27,16,11,15,10,5,,,,,,,,,,,,,22,16,6,0,0,0
25/01/2021 10:00,109,35,74,40,26,14,36,20,16,,,,,,,,,,,,,34,18,16,0,0,0
25/01/2021 11:00,227,111,116,76,42,34,47,22,25,,,,,,,,,,,,,65,34,31,0,0,0
25/01/2021 12:00,319,167,152,88,35,53,76,45,31,,,,,,,,,,,,,94,48,46,0,0,0
25/01/2021 13:00,279,141,138,96,51,45,93,54,39,,,,,,,,,,,,,108,48,60,0,0,0
25/01/2021 14:00,300,146,154,86,44,42,57,33,24,,,,,,,,,,,,,86,43,43,0,0,0
25/01/2021 15:00,284,154,130,82,53,29,80,37,43,,,,,,,,,,,,,92,34,58,0,0,0
25/01/2021 16:00,305,152,153,111,67,44,80,52,28,,,,,,,,,,,,,98,39,59,0,0,0
25/01/2021 17:00,351,182,169,87,37,50,53,21,32,,,,,,,,,,,,,107,54,53,0,0,0
25/01/2021 18:00,181,93,88,62,33,29,71,34,37,,,,,,,,,,,,,64,33,31,0,0,0
25/01/2021 19:00,201,101,100,67,29,38,38,19,19,,,,,,,,,,,,,27,14,13,0,0,0
25/01/2021 20:00,152,89,63,40,18,22,42,26,16,,,,,,,,,,,,,30,15,15,0,0,0
25/01/2021 21:00,61,34,27,24,11,13,13,4,9,,,,,,,,,,,,,9,7,2,0,0,0
25/01/2021 22:00,37,20,17,5,2,3,3,3,0,,,,,,,,,,,,,7,3,4,0,0,0
25/01/2021 23:00,10,6,4,7,3,4,3,2,1,,,,,,,,,,,,,4,3,1,0,0,0
26/01/2021 00:00,0,0,0,0,0,0,0,0,0,,,,,,,,,,,,,1,0,1,0,0,0
26/01/2021 01:00,1,1,0,0,0,0,0,0,0,,,,,,,,,,,,,0,0,0,0,0,0
26/01/2021 02:00,0,0,0,0,0,0,0,0,0,,,,,,,,,,,,,0,0,0,0,0,0
26/01/2021 03:00,1,1,0,0,0,0,1,0,1,,,,,,,,,,,,,0,0,0,0,0,0
26/01/2021 04:00,0,0,0,0,0,0,0,0,0,,,,,,,,,,,,,1,1,0,0,0,0
26/01/2021 05:00,2,1,1,0,0,0,0,0,0,,,,,,,,,,,,,0,0,0,0,0,0
26/01/2021 06:00,29,12,17,12,7,5,5,3,2,,,,,,,,,,,,,3,2,1,0,0,0
26/01/2021 07:00,71,32,39,22,9,13,21,11,10,,,,,,,,,,,,,17,11,6,0,0,0
26/01/2021 08:00,144,78,66,34,17,17,26,17,9,,,,,,,,,,,,,20,11,9,0,0,0
26/01/2021 09:00,97,44,53,38,13,25,22,13,9,,,,,,,,,,,,,24,10,14,0,0,0
26/01/2021 10:00,114,47,67,39,24,15,28,12,16,,,,,,,,,,,,,41,20,21,0,0,0
26/01/2021 11:00,155,69,86,61,31,30,21,10,11,,,,,,,,,,,,,48,28,20,0,0,0
26/01/2021 12:00,217,100,117,58,29,29,44,24,20,,,,,,,,,,,,,70,36,34,0,0,0
26/01/2021 13:00,234,128,106,51,24,27,86,53,33,,,,,,,,,,,,,81,41,40,0,0,0
26/01/2021 14:00,262,134,128,49,29,20,61,31,30,,,,,,,,,,,,,60,27,33,0,0,0
26/01/2021 15:00,304,157,147,57,30,27,75,30,45,,,,,,,,,,,,,98,50,48,0,0,0
26/01/2021 16:00,312,155,157,94,37,57,58,33,25,,,,,,,,,,,,,94,49,45,0,0,0
26/01/2021 17:00,260,135,125,69,45,24,69,37,32,,,,,,,,,,,,,81,23,58,0,0,0
26/01/2021 18:00,251,133,118,71,37,34,81,36,45,,,,,,,,,,,,,51,27,24,0,0,0
26/01/2021 19:00,250,121,129,65,36,29,61,33,28,,,,,,,,,,,,,49,31,18,0,0,0
26/01/2021 20:00,215,126,89,45,21,24,50,23,27,,,,,,,,,,,,,39,19,20,0,0,0
26/01/2021 21:00,115,59,56,24,10,14,31,17,14,,,,,,,,,,,,,28,13,15,0,0,0
26/01/2021 22:00,45,22,23,15,6,9,12,5,7,,,,,,,,,,,,,17,8,9,0,0,0
26/01/2021 23:00,7,2,5,2,0,2,1,1,0,,,,,,,,,,,,,3,2,1,0,0,0
27/01/2021 00:00,0,0,0,0,0,0,2,1,1,,,,,,,,,,,,,7,4,3,0,0,0
27/01/2021 01:00,0,0,0,2,0,2,0,0,0,,,,,,,,,,,,,1,1,0,0,0,0
27/01/2021 02:00,1,0,1,0,0,0,0,0,0,,,,,,,,,,,,,0,0,0,0,0,0
27/01/2021 03:00,2,1,1,0,0,0,1,1,0,,,,,,,,,,,,,2,2,0,0,0,0
27/01/2021 04:00,0,0,0,0,0,0,0,0,0,,,,,,,,,,,,,0,0,0,0,0,0
27/01/2021 05:00,6,2,4,0,0,0,0,0,0,,,,,,,,,,,,,1,1,0,0,0,0
27/01/2021 06:00,25,7,18,14,5,9,10,6,4,,,,,,,,,,,,,5,4,1,0,0,0
27/01/2021 07:00,132,54,78,26,16,10,31,16,15,,,,,,,,,,,,,17,10,7,0,0,0
27/01/2021 08:00,159,85,74,52,14,38,34,17,17,,,,,,,,,,,,,32,16,16,0,0,0
27/01/2021 09:00,132,63,69,32,19,13,26,15,11,,,,,,,,,,,,,38,16,22,0,0,0
27/01/2021 10:00,184,87,97,39,25,14,27,18,9,,,,,,,,,,,,,41,17,24,0,0,0
27/01/2021 11:00,290,159,131,58,27,31,43,25,18,,,,,,,,,,,,,46,23,23,0,0,0
27/01/2021 12:00,285,132,153,72,36,36,63,39,24,,,,,,,,,,,,,86,48,38,0,0,0
27/01/2021 13:00,256,134,122,90,44,46,84,51,33,,,,,,,,,,,,,68,28,40,0,0,0
27/01/2021 14:00,273,128,145,92,55,37,72,40,32,,,,,,,,,,,,,105,59,46,0,0,0
27/01/2021 15:00,309,137,172,79,46,33,54,24,30,,,,,,,,,,,,,100,43,57,0,0,0
27/01/2021 16:00,161,94,67,62,31,31,45,20,25,,,,,,,,,,,,,61,32,29,0,0,0
27/01/2021 17:00,115,66,49,47,19,28,36,16,20,,,,,,,,,,,,,32,12,20,0,0,0
27/01/2021 18:00,89,50,39,30,16,14,29,21,8,,,,,,,,,,,,,33,15,18,0,0,0
27/01/2021 19:00,74,28,46,28,16,12,37,14,23,,,,,,,,,,,,,24,15,9,0,0,0
27/01/2021 20:00,45,25,20,21,12,9,19,7,12,,,,,,,,,,,,,14,5,9,0,0,0
27/01/2021 21:00,23,13,10,11,3,8,16,12,4,,,,,,,,,,,,,5,3,2,0,0,0
27/01/2021 22:00,25,12,13,7,2,5,7,4,3,,,,,,,,,,,,,15,8,7,0,0,0
27/01/2021 23:00,6,2,4,3,2,1,7,4,3,,,,,,,,,,,,,1,0,1,0,0,0
28/01/2021 00:00,0,0,0,0,0,0,0,0,0,,,,,,,,,,,,,1,1,0,0,0,0
28/01/2021 01:00,0,0,0,0,0,0,0,0,0,,,,,,,,,,,,,0,0,0,0,0,0
28/01/2021 02:00,0,0,0,0,0,0,1,1,0,,,,,,,,,,,,,0,0,0,0,0,0
28/01/2021 03:00,1,0,1,0,0,0,0,0,0,,,,,,,,,,,,,0,0,0,0,0,0
28/01/2021 04:00,0,0,0,1,1,0,0,0,0,,,,,,,,,,,,,0,0,0,0,0,0
28/01/2021 05:00,0,0,0,1,0,1,1,0,1,,,,,,,,,,,,,0,0,0,0,0,0
28/01/2021 06:00,38,13,25,10,5,5,14,9,5,,,,,,,,,,,,,3,1,2,0,0,0
28/01/2021 07:00,111,48,63,28,20,8,22,10,12,,,,,,,,,,,,,21,10,11,0,0,0
28/01/2021 08:00,174,102,72,49,23,26,44,26,18,,,,,,,,,,,,,36,14,22,0,0,0
28/01/2021 09:00,164,88,76,47,26,21,28,18,10,,,,,,,,,,,,,28,17,11,0,0,0
28/01/2021 10:00,193,100,93,61,27,34,29,10,19,,,,,,,,,,,,,55,29,26,0,0,0
28/01/2021 11:00,240,101,139,74,33,41,52,26,26,,,,,,,,,,,,,65,26,39,0,0,0
28/01/2021 12:00,279,132,147,87,41,46,71,42,29,,,,,,,,,,,,,79,35,44,0,0,0
28/01/2021 13:00,254,127,127,62,27,35,71,36,35,,,,,,,,,,,,,83,35,48,0,0,0
28/01/2021 14:00,287,138,149,50,24,26,56,26,30,,,,,,,,,,,,,77,40,37,0,0,0
28/01/2021 15:00,234,129,105,59,33,26,43,27,16,,,,,,,,,,,,,70,32,38,0,0,0
28/01/2021 16:00,219,93,126,54,36,18,58,32,26,,,,,,,,,,,,,77,42,35,0,0,0
28/01/2021 17:00,248,125,123,65,25,40,79,38,41,,,,,,,,,,,,,90,35,55,0,0,0
28/01/2021 18:00,214,117,97,55,29,26,70,37,33,,,,,,,,,,,,,49,21,28,0,0,0
28/01/2021 19:00,253,132,121,62,21,41,55,29,26,,,,,,,,,,,,,47,24,23,0,0,0
28/01/2021 20:00,222,137,85,65,40,25,62,33,29,,,,,,,,,,,,,33,15,18,0,0,0
28/01/2021 21:00,100,52,48,37,15,22,25,9,16,,,,,,,,,,,,,22,11,11,0,0,0
28/01/2021 22:00,33,17,16,15,6,9,12,2,10,,,,,,,,,,,,,15,9,6,0,0,0
28/01/2021 23:00,13,9,4,3,0,3,4,3,1,,,,,,,,,,,,,26,19,7,0,0,0
29/01/2021 00:00,0,0,0,0,0,0,0,0,0,,,,,,,,,,,,,3,2,1,0,0,0
29/01/2021 01:00,0,0,0,5,4,1,0,0,0,,,,,,,,,,,,,3,2,1,0,0,0
29/01/2021 02:00,2,1,1,0,0,0,0,0,0,,,,,,,,,,,,,0,0,0,0,0,0
29/01/2021 03:00,1,0,1,0,0,0,0,0,0,,,,,,,,,,,,,0,0,0,0,0,0
29/01/2021 04:00,1,1,0,0,0,0,0,0,0,,,,,,,,,,,,,7,3,4,0,0,0
29/01/2021 05:00,6,3,3,1,1,0,2,2,0,,,,,,,,,,,,,1,1,0,0,0,0
29/01/2021 06:00,23,4,19,13,5,8,8,6,2,,,,,,,,,,,,,7,2,5,0,0,0
29/01/2021 07:00,138,70,68,44,18,26,28,16,12,,,,,,,,,,,,,27,15,12,0,0,0
29/01/2021 08:00,152,82,70,46,28,18,30,18,12,,,,,,,,,,,,,23,9,14,0,0,0
29/01/2021 09:00,124,63,61,22,12,10,29,17,12,,,,,,,,,,,,,19,12,7,0,0,0
29/01/2021 10:00,152,83,69,37,13,24,36,18,18,,,,,,,,,,,,,33,17,16,0,0,0
29/01/2021 11:00,173,91,82,54,27,27,34,20,14,,,,,,,,,,,,,33,18,15,0,0,0
29/01/2021 12:00,160,66,94,60,29,31,40,26,14,,,,,,,,,,,,,65,27,38,0,0,0
29/01/2021 13:00,238,102,136,83,49,34,55,37,18,,,,,,,,,,,,,77,45,32,0,0,0
29/01/2021 14:00,280,126,154,47,23,24,45,27,18,,,,,,,,,,,,,77,29,48,0,0,0
29/01/2021 15:00,351,180,171,77,28,49,68,35,33,,,,,,,,,,,,,121,58,63,0,0,0
29/01/2021 16:00,302,149,153,94,49,45,71,37,34,,,,,,,,,,,,,62,24,38,0,0,0
29/01/2021 17:00,295,156,139,76,35,41,59,32,27,,,,,,,,,,,,,75,30,45,0,0,0
29/01/2021 18:00,202,95,107,58,32,26,38,19,19,,,,,,,,,,,,,43,22,21,0,0,0
29/01/2021 19:00,109,55,54,37,13,24,41,22,19,,,,,,,,,,,,,36,22,14,0,0,0
29/01/2021 20:00,113,49,64,27,22,5,20,12,8,,,,,,,,,,,,,30,17,13,0,0,0
29/01/2021 21:00,56,29,27,15,4,11,18,7,11,,,,,,,,,,,,,30,14,16,0,0,0
29/01/2021 22:00,18,7,11,15,7,8,13,5,8,,,,,,,,,,,,,14,11,3,0,0,0
29/01/2021 23:00,11,6,5,1,0,1,5,0,5,,,,,,,,,,,,,6,3,3,0,0,0
30/01/2021 00:00,0,0,0,1,0,1,0,0,0,,,,,,,,,,,,,5,2,3,0,0,0
30/01/2021 01:00,2,0,2,2,1,1,0,0,0,,,,,,,,,,,,,12,8,4,0,0,0
30/01/2021 02:00,0,0,0,0,0,0,0,0,0,,,,,,,,,,,,,13,10,3,0,0,0
30/01/2021 03:00,0,0,0,0,0,0,1,1,0,,,,,,,,,,,,,8,3,5,0,0,0
30/01/2021 04:00,0,0,0,0,0,0,0,0,0,,,,,,,,,,,,,0,0,0,0,0,0
30/01/2021 05:00,0,0,0,0,0,0,0,0,0,,,,,,,,,,,,,0,0,0,0,0,0
30/01/2021 06:00,2,0,2,1,1,0,1,0,1,,,,,,,,,,,,,1,1,0,0,0,0
30/01/2021 07:00,9,5,4,7,5,2,9,6,3,,,,,,,,,,,,,8,4,4,0,0,0
30/01/2021 08:00,19,6,13,9,4,5,9,4,5,,,,,,,,,,,,,8,5,3,0,0,0
30/01/2021 09:00,41,18,23,16,7,9,15,4,11,,,,,,,,,,,,,6,2,4,0,0,0
30/01/2021 10:00,46,21,25,25,13,12,19,9,10,,,,,,,,,,,,,19,6,13,0,0,0
30/01/2021 11:00,74,36,38,28,14,14,19,14,5,,,,,,,,,,,,,25,12,13,0,0,0
30/01/2021 12:00,125,65,60,59,33,26,32,15,17,,,,,,,,,,,,,33,14,19,0,0,0
30/01/2021 13:00,244,122,122,80,35,45,58,36,22,,,,,,,,,,,,,43,21,22,0,0,0
30/01/2021 14:00,267,138,129,74,33,41,54,25,29,,,,,,,,,,,,,55,26,29,0,0,0
30/01/2021 15:00,330,168,162,87,51,36,44,22,22,,,,,,,,,,,,,49,21,28,0,0,0
30/01/2021 16:00,386,218,168,94,35,59,79,33,46,,,,,,,,,,,,,70,33,37,0,0,0
30/01/2021 17:00,309,152,157,85,35,50,55,23,32,,,,,,,,,,,,,53,30,23,0,0,0
30/01/2021 18:00,136,75,61,43,18,25,41,19,22,,,,,,,,,,,,,36,13,23,0,0,0
30/01/2021 19:00,79,33,46,17,11,6,17,11,6,,,,,,,,,,,,,26,16,10,0,0,0
30/01/2021 20:00,63,37,26,26,14,12,16,7,9,,,,,,,,,,,,,28,14,14,0,0,0
30/01/2021 21:00,31,17,14,14,6,8,16,4,12,,,,,,,,,,,,,18,12,6,0,0,0
30/01/2021 22:00,17,8,9,5,2,3,5,3,2,,,,,,,,,,,,,9,3,6,0,0,0
30/01/2021 23:00,11,5,6,1,0,1,4,1,3,,,,,,,,,,,,,14,9,5,0,0,0
31/01/2021 00:00,0,0,0,0,0,0,5,2,3,,,,,,,,,,,,,10,1,9,0,0,0
31/01/2021 01:00,0,0,0,0,0,0,0,0,0,,,,,,,,,,,,,10,5,5,0,0,0
31/01/2021 02:00,0,0,0,0,0,0,0,0,0,,,,,,,,,,,,,8,6,2,0,0,0
31/01/2021 03:00,1,1,0,0,0,0,0,0,0,,,,,,,,,,,,,1,1,0,0,0,0
31/01/2021 04:00,0,0,0,0,0,0,0,0,0,,,,,,,,,,,,,5,2,3,0,0,0
31/01/2021 05:00,0,0,0,0,0,0,0,0,0,,,,,,,,,,,,,5,2,3,0,0,0
31/01/2021 06:00,10,4,6,2,2,0,3,2,1,,,,,,,,,,,,,0,0,0,0,0,0
31/01/2021 07:00,33,11,22,8,1,7,5,2,3,,,,,,,,,,,,,3,2,1,0,0,0
31/01/2021 08:00,56,27,29,21,14,7,18,10,8,,,,,,,,,,,,,10,6,4,0,0,0
31/01/2021 09:00,110,45,65,60,38,22,30,21,9,,,,,,,,,,,,,5,1,4,0,0,0
31/01/2021 10:00,113,56,57,60,33,27,38,26,12,,,,,,,,,,,,,25,14,11,0,0,0
31/01/2021 11:00,190,83,107,64,23,41,47,20,27,,,,,,,,,,,,,29,12,17,0,0,0
31/01/2021 12:00,268,112,156,63,29,34,49,27,22,,,,,,,,,,,,,25,8,17,0,0,0
31/01/2021 13:00,281,144,137,57,33,24,65,36,29,,,,,,,,,,,,,33,18,15,0,0,0
31/01/2021 14:00,261,107,154,69,36,33,53,29,24,,,,,,,,,,,,,33,21,12,0,0,0
31/01/2021 15:00,261,122,139,88,45,43,58,29,29,,,,,,,,,,,,,33,13,20,0,0,0
31/01/2021 16:00,252,125,127,101,45,56,73,44,29,,,,,,,,,,,,,35,17,18,0,0,0
31/01/2021 17:00,150,71,79,48,20,28,49,19,30,,,,,,,,,,,,,28,11,17,0,0,0
31/01/2021 18:00,63,26,37,22,7,15,25,11,14,,,,,,,,,,,,,19,9,10,0,0,0
31/01/2021 19:00,49,26,23,11,7,4,26,15,11,,,,,,,,,,,,,21,8,13,0,0,0
31/01/2021 20:00,64,32,32,18,11,7,22,8,14,,,,,,,,,,,,,25,14,11,0,0,0
31/01/2021 21:00,31,14,17,15,3,12,13,10,3,,,,,,,,,,,,,18,9,9,0,0,0
31/01/2021 22:00,23,9,14,4,2,2,4,0,4,,,,,,,,,,,,,13,6,7,0,0,0
31/01/2021 23:00,7,6,1,2,0,2,5,3,2,,,,,,,,,,,,,2,0,2,0,0,0
01/02/2021 00:00,0,0,0,0,0,0,0,0,0,,,,,,,,,,,,,3,0,3,0,0,0
01/02/2021 01:00,0,0,0,0,0,0,1,0,1,,,,,,,,,,,,,3,3,0,0,0,0
01/02/2021 02:00,0,0,0,0,0,0,0,0,0,,,,,,,,,,,,,2,1,1,0,0,0
01/02/2021 03:00,1,0,1,0,0,0,0,0,0,,,,,,,,,,,,,1,1,0,0,0,0
01/02/2021 04:00,0,0,0,1,1,0,0,0,0,,,,,,,,,,,,,0,0,0,0,0,0
01/02/2021 05:00,2,1,1,1,0,1,2,1,1,,,,,,,,,,,,,2,2,0,0,0,0
01/02/2021 06:00,46,16,30,12,5,7,12,7,5,,,,,,,,,,,,,9,5,4,0,0,0
01/02/2021 07:00,112,54,58,37,20,17,41,25,16,,,,,,,,,,,,,20,12,8,0,0,0
01/02/2021 08:00,160,76,84,45,23,22,39,21,18,,,,,,,,,,,,,30,13,17,0,0,0
01/02/2021 09:00,149,74,75,33,15,18,30,17,13,,,,,,,,,,,,,34,18,16,0,0,0
01/02/2021 10:00,216,106,110,47,21,26,54,33,21,,,,,,,,,,,,,70,35,35,0,0,0
01/02/2021 11:00,240,124,116,54,16,38,56,31,25,,,,,,,,,,,,,81,38,43,0,0,0
01/02/2021 12:00,325,174,151,87,44,43,75,38,37,,,,,,,,,,,,,88,51,37,0,0,0
01/02/2021 13:00,334,173,161,98,42,56,96,52,44,,,,,,,,,,,,,95,39,56,0,0,0
01/02/2021 14:00,224,105,119,65,35,30,68,41,27,,,,,,,,,,,,,82,49,33,0,0,0
01/02/2021 15:00,267,128,139,65,38,27,66,23,43,,,,,,,,,,,,,74,35,39,0,0,0
01/02/2021 16:00,238,114,124,61,32,29,68,36,32,,,,,,,,,,,,,87,47,40,0,0,0
01/02/2021 17:00,233,113,120,72,41,31,54,30,24,,,,,,,,,,,,,81,36,45,0,0,0
01/02/2021 18:00,237,112,125,76,40,36,76,41,35,,,,,,,,,,,,,66,43,23,0,0,0
01/02/2021 19:00,231,124,107,91,44,47,71,34,37,,,,,,,,,,,,,37,17,20,0,0,0
01/02/2021 20:00,189,119,70,45,20,25,43,18,25,,,,,,,,,,,,,34,15,19,0,0,0
01/02/2021 21:00,52,28,24,25,12,13,26,7,19,,,,,,,,,,,,,17,5,12,0,0,0
01/02/2021 22:00,13,12,1,8,0,8,3,3,0,,,,,,,,,,,,,4,2,2,0,0,0
01/02/2021 23:00,0,0,0,2,2,0,1,0,1,,,,,,,,,,,,,1,0,1,0,0,0
02/02/2021 00:00,0,0,0,0,0,0,0,0,0,,,,,,,,,,,,,0,0,0,0,0,0
02/02/2021 01:00,0,0,0,0,0,0,0,0,0,,,,,,,,,,,,,4,2,2,0,0,0
02/02/2021 02:00,0,0,0,0,0,0,0,0,0,,,,,,,,,,,,,0,0,0,0,0,0
02/02/2021 03:00,0,0,0,0,0,0,0,0,0,,,,,,,,,,,,,1,1,0,0,0,0
02/02/2021 04:00,0,0,0,0,0,0,0,0,0,,,,,,,,,,,,,0,0,0,0,0,0
02/02/2021 05:00,1,0,1,1,0,1,0,0,0,,,,,,,,,,,,,0,0,0,0,0,0
02/02/2021 06:00,34,14,20,6,0,6,11,8,3,,,,,,,,,,,,,2,1,1,0,0,0
02/02/2021 07:00,136,60,76,39,19,20,24,13,11,,,,,,,,,,,,,19,10,9,0,0,0
02/02/2021 08:00,180,91,89,44,24,20,37,18,19,,,,,,,,,,,,,32,15,17,0,0,0
02/02/2021 09:00,194,93,101,33,19,14,32,15,17,,,,,,,,,,,,,30,13,17,0,0,0
02/02/2021 10:00,232,96,136,41,13,28,48,23,25,,,,,,,,,,,,,61,32,29,0,0,0
02/02/2021 11:00,321,170,151,85,43,42,64,34,30,,,,,,,,,,,,,55,32,23,0,0,0
02/02/2021 12:00,205,103,102,69,26,43,63,37,26,,,,,,,,,,,,,45,24,21,0,0,0
02/02/2021 13:00,107,60,47,52,25,27,37,19,18,,,,,,,,,,,,,37,15,22,0,0,0
02/02/2021 14:00,174,85,89,51,25,26,33,18,15,,,,,,,,,,,,,62,33,29,0,0,0
02/02/2021 15:00,323,158,165,72,43,29,83,43,40,,,,,,,,,,,,,101,52,49,0,0,0
02/02/2021 16:00,391,204,187,89,33,56,92,46,46,,,,,,,,,,,,,89,42,47,0,0,0
02/02/2021 17:00,321,152,169,79,42,37,100,62,38,,,,,,,,,,,,,110,49,61,0,0,0
02/02/2021 18:00,348,181,167,101,53,48,101,40,61,,,,,,,,,,,,,79,33,46,0,0,0
02/02/2021 19:00,245,120,125,62,29,33,66,40,26,,,,,,,,,,,,,63,25,38,0,0,0
02/02/2021 20:00,232,134,98,55,26,29,62,30,32,,,,,,,,,,,,,66,42,24,0,0,0
02/02/2021 21:00,91,53,38,35,11,24,41,18,23,,,,,,,,,,,,,41,18,23,0,0,0
02/02/2021 22:00,44,22,22,16,6,10,14,8,6,,,,,,,,,,,,,18,6,12,0,0,0
02/02/2021 23:00,10,6,4,7,4,3,8,4,4,,,,,,,,,,,,,8,6,2,0,0,0
03/02/2021 00:00,0,0,0,1,0,1,0,0,0,,,,,,,,,,,,,5,1,4,0,0,0
03/02/2021 01:00,0,0,0,0,0,0,0,0,0,,,,,,,,,,,,,2,0,2,0,0,0
03/02/2021 02:00,0,0,0,0,0,0,0,0,0,,,,,,,,,,,,,4,4,0,0,0,0
03/02/2021 03:00,1,0,1,0,0,0,0,0,0,,,,,,,,,,,,,1,1,0,0,0,0
03/02/2021 04:00,1,1,0,0,0,0,0,0,0,,,,,,,,,,,,,1,1,0,0,0,0
03/02/2021 05:00,4,2,2,0,0,0,1,1,0,,,,,,,,,,,,,1,1,0,0,0,0
03/02/2021 06:00,32,9,23,10,3,7,12,4,8,,,,,,,,,,,,,6,2,4,0,0,0
03/02/2021 07:00,149,74,75,35,15,20,29,20,9,,,,,,,,,,,,,18,7,11,0,0,0
03/02/2021 08:00,184,95,89,61,21,40,41,21,20,,,,,,,,,,,,,39,19,20,0,0,0
03/02/2021 09:00,190,82,108,43,16,27,27,14,13,,,,,,,,,,,,,27,15,12,0,0,0
03/02/2021 10:00,239,124,115,71,35,36,39,25,14,,,,,,,,,,,,,42,17,25,0,0,0
03/02/2021 11:00,326,182,144,82,52,30,59,34,25,,,,,,,,,,,,,65,30,35,0,0,0
03/02/2021 12:00,324,149,175,102,35,67,86,51,35,,,,,,,,,,,,,98,44,54,0,0,0
03/02/2021 13:00,356,179,177,87,36,51,80,30,50,,,,,,,,,,,,,70,29,41,0,0,0
03/02/2021 14:00,310,165,145,71,35,36,47,25,22,,,,,,,,,,,,,97,50,47,0,0,0
03/02/2021 15:00,270,128,142,85,35,50,57,29,28,,,,,,,,,,,,,88,46,42,0,0,0
03/02/2021 16:00,242,119,123,66,32,34,68,44,24,,,,,,,,,,,,,84,48,36,0,0,0
03/02/2021 17:00,276,144,132,73,34,39,71,39,32,,,,,,,,,,,,,99,41,58,0,0,0
03/02/2021 18:00,302,155,147,98,46,52,78,41,37,,,,,,,,,,,,,69,32,37,0,0,0
03/02/2021 19:00,255,127,128,77,42,35,57,26,31,,,,,,,,,,,,,56,31,25,0,0,0
03/02/2021 20:00,195,102,93,57,23,34,38,24,14,,,,,,,,,,,,,40,17,23,0,0,0
03/02/2021 21:00,102,55,47,34,11,23,30,7,23,,,,,,,,,,,,,24,12,12,0,0,0
03/02/2021 22:00,33,16,17,13,3,10,15,7,8,,,,,,,,,,,,,8,4,4,0,0,0
03/02/2021 23:00,17,12,5,4,3,1,4,2,2,,,,,,,,,,,,,6,2,4,0,0,0
04/02/2021 00:00,0,0,0,2,1,1,0,0,0,,,,,,,,,,,,,5,3,2,0,0,0
04/02/2021 01:00,0,0,0,0,0,0,0,0,0,,,,,,,,,,,,,2,1,1,0,0,0
04/02/2021 02:00,0,0,0,0,0,0,0,0,0,,,,,,,,,,,,,0,0,0,0,0,0
04/02/2021 03:00,1,0,1,0,0,0,1,1,0,,,,,,,,,,,,,0,0,0,0,0,0
04/02/2021 04:00,0,0,0,0,0,0,0,0,0,,,,,,,,,,,,,0,0,0,0,0,0
04/02/2021 05:00,3,1,2,2,0,2,0,0,0,,,,,,,,,,,,,1,1,0,0,0,0
04/02/2021 06:00,35,16,19,14,7,7,12,6,6,,,,,,,,,,,,,6,1,5,0,0,0
04/02/2021 07:00,133,59,74,37,17,20,35,21,14,,,,,,,,,,,,,19,10,9,0,0,0
04/02/2021 08:00,141,70,71,43,16,27,39,21,18,,,,,,,,,,,,,31,16,15,0,0,0
04/02/2021 09:00,157,68,89,42,19,23,18,12,6,,,,,,,,,,,,,30,19,11,0,0,0
04/02/2021 10:00,232,109,123,49,25,24,34,13,21,,,,,,,,,,,,,60,28,32,0,0,0
04/02/2021 11:00,257,126,131,90,35,55,48,27,21,,,,,,,,,,,,,58,32,26,0,0,0
04/02/2021 12:00,283,149,134,65,36,29,49,24,25,,,,,,,,,,,,,57,30,27,0,0,0
04/02/2021 13:00,241,120,121,60,28,32,75,37,38,,,,,,,,,,,,,72,38,34,0,0,0
04/02/2021 14:00,232,124,108,71,44,27,36,17,19,,,,,,,,,,,,,68,28,40,0,0,0
04/02/2021 15:00,297,143,154,77,47,30,75,50,25,,,,,,,,,,,,,102,36,66,0,0,0
04/02/2021 16:00,371,183,188,104,46,58,93,57,36,,,,,,,,,,,,,101,60,41,0,0,0
04/02/2021 17:00,351,171,180,93,37,56,107,48,59,,,,,,,,,,,,,99,39,60,0,0,0
04/02/2021 18:00,306,149,157,103,39,64,91,49,42,,,,,,,,,,,,,52,29,23,0,0,0
04/02/2021 19:00,275,144,131,66,28,38,76,40,36,,,,,,,,,,,,,67,36,31,0,0,0
04/02/2021 20:00,243,140,103,65,39,26,55,30,25,,,,,,,,,,,,,67,39,28,0,0,0
04/02/2021 21:00,113,58,55,40,12,28,34,13,21,,,,,,,,,,,,,29,15,14,0,0,0
04/02/2021 22:00,36,18,18,10,6,4,35,20,15,,,,,,,,,,,,,21,9,12,0,0,0
04/02/2021 23:00,10,4,6,3,0,3,5,0,5,,,,,,,,,,,,,2,1,1,0,0,0
05/02/2021 00:00,2,2,0,0,0,0,2,0,2,,,,,,,,,,,,,5,3,2,0,0,0
05/02/2021 01:00,2,0,2,0,0,0,0,0,0,,,,,,,,,,,,,1,0,1,0,0,0
05/02/2021 02:00,1,0,1,0,0,0,0,0,0,,,,,,,,,,,,,2,2,0,0,0,0
05/02/2021 03:00,1,0,1,0,0,0,0,0,0,,,,,,,,,,,,,0,0,0,0,0,0
05/02/2021 04:00,1,1,0,1,1,0,0,0,0,,,,,,,,,,,,,3,2,1,0,0,0
05/02/2021 05:00,5,3,2,4,1,3,1,0,1,,,,,,,,,,,,,1,1,0,0,0,0
05/02/2021 06:00,32,13,19,9,6,3,15,10,5,,,,,,,,,,,,,8,3,5,0,0,0
05/02/2021 07:00,120,51,69,36,20,16,31,15,16,,,,,,,,,,,,,34,22,12,0,0,0
05/02/2021 08:00,177,90,87,64,28,36,51,29,22,,,,,,,,,,,,,38,20,18,0,0,0
05/02/2021 09:00,162,74,88,43,18,25,32,14,18,,,,,,,,,,,,,30,17,13,0,0,0
05/02/2021 10:00,176,70,106,41,25,16,37,16,21,,,,,,,,,,,,,41,21,20,0,0,0
05/02/2021 11:00,232,113,119,55,21,34,39,21,18,,,,,,,,,,,,,69,36,33,0,0,0
05/02/2021 12:00,257,124,133,57,36,21,52,33,19,,,,,,,,,,,,,78,42,36,0,0,0
05/02/2021 13:00,321,165,156,78,29,49,48,23,25,,,,,,,,,,,,,79,41,38,0,0,0
05/02/2021 14:00,279,148,131,77,47,30,55,29,26,,,,,,,,,,,,,99,43,56,0,0,0
05/02/2021 15:00,283,137,146,85,55,30,71,37,34,,,,,,,,,,,,,112,57,55,0,0,0
05/02/2021 16:00,314,160,154,76,48,28,67,44,23,,,,,,,,,,,,,120,61,59,0,0,0
05/02/2021 17:00,318,142,176,89,40,49,87,37,50,,,,,,,,,,,,,93,58,35,0,0,0
05/02/2021 18:00,265,143,122,75,27,48,73,39,34,,,,,,,,,,,,,66,24,42,0,0,0
05/02/2021 19:00,180,82,98,45,19,26,52,23,29,,,,,,,,,,,,,79,40,39,0,0,0
05/02/2021 20:00,139,80,59,40,19,21,39,22,17,,,,,,,,,,,,,32,15,17,0,0,0
05/02/2021 21:00,99,50,49,33,19,14,38,17,21,,,,,,,,,,,,,15,6,9,0,0,0
05/02/2021 22:00,30,16,14,8,2,6,12,4,8,,,,,,,,,,,,,11,9,2,0,0,0
05/02/2021 23:00,11,2,9,6,2,4,3,0,3,,,,,,,,,,,,,12,6,6,0,0,0
06/02/2021 00:00,4,2,2,0,0,0,0,0,0,,,,,,,,,,,,,7,3,4,0,0,0
06/02/2021 01:00,5,2,3,0,0,0,1,0,1,,,,,,,,,,,,,6,3,3,0,0,0
06/02/2021 02:00,1,0,1,0,0,0,0,0,0,,,,,,,,,,,,,5,3,2,0,0,0
06/02/2021 03:00,0,0,0,0,0,0,0,0,0,,,,,,,,,,,,,2,1,1,0,0,0
06/02/2021 04:00,0,0,0,2,1,1,0,0,0,,,,,,,,,,,,,0,0,0,0,0,0
06/02/2021 05:00,1,1,0,0,0,0,0,0,0,,,,,,,,,,,,,1,1,0,0,0,0
06/02/2021 06:00,11,2,9,3,1,2,4,3,1,,,,,,,,,,,,,2,1,1,0,0,0
06/02/2021 07:00,39,16,23,15,7,8,16,9,7,,,,,,,,,,,,,8,5,3,0,0,0
06/02/2021 08:00,90,43,47,40,19,21,39,17,22,,,,,,,,,,,,,14,6,8,0,0,0
06/02/2021 09:00,175,89,86,71,44,27,67,44,23,,,,,,,,,,,,,26,13,13,0,0,0
06/02/2021 10:00,258,123,135,88,48,40,87,50,37,,,,,,,,,,,,,50,25,25,0,0,0
06/02/2021 11:00,310,153,157,122,58,64,75,39,36,,,,,,,,,,,,,70,38,32,0,0,0
06/02/2021 12:00,366,172,194,113,49,64,97,50,47,,,,,,,,,,,,,100,45,55,0,0,0
06/02/2021 13:00,399,208,191,135,72,63,89,46,43,,,,,,,,,,,,,94,48,46,0,0,0
06/02/2021 14:00,456,231,225,142,58,84,125,67,58,,,,,,,,,,,,,108,54,54,0,0,0
06/02/2021 15:00,440,236,204,142,73,69,93,49,44,,,,,,,,,,,,,147,78,69,0,0,0
06/02/2021 16:00,350,166,184,129,74,55,75,28,47,,,,,,,,,,,,,94,40,54,0,0,0
06/02/2021 17:00,245,134,111,101,36,65,71,27,44,,,,,,,,,,,,,86,45,41,0,0,0
06/02/2021 18:00,102,56,46,44,14,30,41,21,20,,,,,,,,,,,,,138,71,67,0,0,0
06/02/2021 19:00,51,23,28,19,10,9,11,4,7,,,,,,,,,,,,,44,21,23,0,0,0
06/02/2021 20:00,52,20,32,17,12,5,8,5,3,,,,,,,,,,,,,36,20,16,0,0,0
06/02/2021 21:00,19,9,10,15,8,7,8,5,3,,,,,,,,,,,,,24,8,16,0,0,0
06/02/2021 22:00,13,9,4,8,4,4,6,4,2,,,,,,,,,,,,,6,4,2,0,0,0
06/02/2021 23:00,10,7,3,1,0,1,3,2,1,,,,,,,,,,,,,14,4,10,0,0,0
07/02/2021 00:00,0,0,0,0,0,0,2,0,2,,,,,,,,,,,,,11,7,4,0,0,0
07/02/2021 01:00,1,0,1,0,0,0,1,0,1,,,,,,,,,,,,,5,1,4,0,0,0
07/02/2021 02:00,0,0,0,0,0,0,0,0,0,,,,,,,,,,,,,2,1,1,0,0,0
07/02/2021 03:00,0,0,0,0,0,0,0,0,0,,,,,,,,,,,,,1,0,1,0,0,0
07/02/2021 04:00,1,0,1,0,0,0,0,0,0,,,,,,,,,,,,,4,1,3,0,0,0
07/02/2021 05:00,0,0,0,1,0,1,0,0,0,,,,,,,,,,,,,2,1,1,0,0,0
07/02/2021 06:00,4,1,3,1,0,1,1,0,1,,,,,,,,,,,,,1,0,1,0,0,0
07/02/2021 07:00,23,12,11,3,3,0,4,3,1,,,,,,,,,,,,,5,3,2,0,0,0
07/02/2021 08:00,117,59,58,27,16,11,22,11,11,,,,,,,,,,,,,15,7,8,0,0,0
07/02/2021 09:00,159,86,73,52,23,29,45,25,20,,,,,,,,,,,,,24,15,9,0,0,0
07/02/2021 10:00,258,114,144,76,33,43,67,37,30,,,,,,,,,,,,,46,24,22,0,0,0
07/02/2021 11:00,389,184,205,108,47,61,101,53,48,,,,,,,,,,,,,48,22,26,0,0,0
07/02/2021 12:00,480,253,227,135,63,72,108,54,54,,,,,,,,,,,,,93,46,47,0,0,0
07/02/2021 13:00,484,247,237,146,66,80,103,68,35,,,,,,,,,,,,,94,47,47,0,0,0
07/02/2021 14:00,395,199,196,102,56,46,80,32,48,,,,,,,,,,,,,82,45,37,0,0,0
07/02/2021 15:00,275,134,141,88,52,36,58,22,36,,,,,,,,,,,,,73,38,35,0,0,0
07/02/2021 16:00,186,96,90,57,24,33,61,29,32,,,,,,,,,,,,,80,41,39,0,0,0
07/02/2021 17:00,168,78,90,47,26,21,40,18,22,,,,,,,,,,,,,40,22,18,0,0,0
07/02/2021 18:00,133,60,73,37,14,23,24,7,17,,,,,,,,,,,,,51,26,25,0,0,0
07/02/2021 19:00,83,44,39,12,3,9,22,17,5,,,,,,,,,,,,,30,15,15,0,0,0
07/02/2021 20:00,76,38,38,28,13,15,20,12,8,,,,,,,,,,,,,25,16,9,0,0,0
07/02/2021 21:00,28,16,12,9,2,7,15,8,7,,,,,,,,,,,,,13,5,8,0,0,0
07/02/2021 22:00,13,8,5,5,0,5,7,5,2,,,,,,,,,,,,,8,3,5,0,0,0
07/02/2021 23:00,4,1,3,1,1,0,0,0,0,,,,,,,,,,,,,5,2,3,0,0,0
08/02/2021 00:00,0,0,0,0,0,0,0,0,0,,,,,,,,,,,,,11,6,5,0,0,0
08/02/2021 01:00,0,0,0,0,0,0,0,0,0,,,,,,,,,,,,,3,2,1,0,0,0
08/02/2021 02:00,0,0,0,0,0,0,0,0,0,,,,,,,,,,,,,1,1,0,0,0,0
08/02/2021 03:00,1,0,1,0,0,0,0,0,0,,,,,,,,,,,,,1,1,0,0,0,0
08/02/2021 04:00,0,0,0,1,1,0,0,0,0,,,,,,,,,,,,,1,0,1,0,0,0
08/02/2021 05:00,4,2,2,0,0,0,1,0,1,,,,,,,,,,,,,1,0,1,0,0,0
08/02/2021 06:00,36,10,26,7,2,5,8,5,3,,,,,,,,,,,,,4,1,3,0,0,0
08/02/2021 07:00,79,41,38,28,14,14,30,20,10,,,,,,,,,,,,,21,16,5,0,0,0
08/02/2021 08:00,134,68,66,49,22,27,27,18,9,,,,,,,,,,,,,21,11,10,0,0,0
08/02/2021 09:00,134,62,72,27,12,15,23,13,10,,,,,,,,,,,,,24,15,9,0,0,0
08/02/2021 10:00,147,68,79,41,16,25,19,10,9,,,,,,,,,,,,,35,13,22,0,0,0
08/02/2021 11:00,164,72,92,32,16,16,33,20,13,,,,,,,,,,,,,48,21,27,0,0,0
08/02/2021 12:00,177,94,83,62,22,40,32,16,16,,,,,,,,,,,,,41,23,18,0,0,0
08/02/2021 13:00,205,87,118,59,26,33,43,24,19,,,,,,,,,,,,,57,33,24,0,0,0
08/02/2021 14:00,193,91,102,48,23,25,28,16,12,,,,,,,,,,,,,81,45,36,0,0,0
08/02/2021 15:00,206,94,112,36,24,12,20,10,10,,,,,,,,,,,,,93,54,39,0,0,0
08/02/2021 16:00,153,71,82,51,28,23,30,15,15,,,,,,,,,,,,,78,35,43,0,0,0
08/02/2021 17:00,185,93,92,64,22,42,41,18,23,,,,,,,,,,,,,70,35,35,0,0,0
08/02/2021 18:00,151,79,72,51,29,22,50,25,25,,,,,,,,,,,,,50,18,32,0,0,0
08/02/2021 19:00,139,58,81,37,16,21,32,15,17,,,,,,,,,,,,,44,14,30,0,0,0
08/02/2021 20:00,117,65,52,24,7,17,29,15,14,,,,,,,,,,,,,46,25,21,0,0,0
08/02/2021 21:00,54,22,32,27,18,9,19,8,11,,,,,,,,,,,,,11,6,5,0,0,0
08/02/2021 22:00,21,8,13,15,7,8,3,2,1,,,,,,,,,,,,,6,4,2,0,0,0
08/02/2021 23:00,2,1,1,2,0,2,0,0,0,,,,,,,,,,,,,1,1,0,0,0,0
09/02/2021 00:00,0,0,0,0,0,0,0,0,0,,,,,,,,,,,,,3,1,2,0,0,0
09/02/2021 01:00,0,0,0,0,0,0,0,0,0,,,,,,,,,,,,,2,1,1,0,0,0
09/02/2021 02:00,0,0,0,0,0,0,0,0,0,,,,,,,,,,,,,0,0,0,0,0,0
09/02/2021 03:00,1,1,0,0,0,0,0,0,0,,,,,,,,,,,,,0,0,0,0,0,0
09/02/2021 04:00,0,0,0,0,0,0,0,0,0,,,,,,,,,,,,,1,1,0,0,0,0
09/02/2021 05:00,3,1,2,0,0,0,0,0,0,,,,,,,,,,,,,2,2,0,0,0,0
09/02/2021 06:00,27,9,18,8,3,5,10,7,3,,,,,,,,,,,,,3,2,1,0,0,0
09/02/2021 07:00,88,42,46,27,16,11,27,19,8,,,,,,,,,,,,,18,11,7,0,0,0
09/02/2021 08:00,130,64,66,54,28,26,32,19,13,,,,,,,,,,,,,21,11,10,0,0,0
09/02/2021 09:00,137,71,66,37,20,17,14,5,9,,,,,,,,,,,,,27,16,11,0,0,0
09/02/2021 10:00,136,60,76,31,16,15,31,12,19,,,,,,,,,,,,,44,20,24,0,0,0
09/02/2021 11:00,195,90,105,52,25,27,27,17,10,,,,,,,,,,,,,66,34,32,0,0,0
09/02/2021 12:00,247,116,131,49,24,25,52,29,23,,,,,,,,,,,,,48,23,25,0,0,0
09/02/2021 13:00,203,95,108,59,32,27,67,40,27,,,,,,,,,,,,,67,33,34,0,0,0
09/02/2021 14:00,211,103,108,44,20,24,31,15,16,,,,,,,,,,,,,69,35,34,0,0,0
09/02/2021 15:00,208,100,108,67,37,30,45,21,24,,,,,,,,,,,,,95,48,47,0,0,0
09/02/2021 16:00,224,103,121,58,23,35,47,29,18,,,,,,,,,,,,,66,36,30,0,0,0
09/02/2021 17:00,157,74,83,58,28,30,41,18,23,,,,,,,,,,,,,104,38,66,0,0,0
09/02/2021 18:00,178,94,84,72,36,36,45,25,20,,,,,,,,,,,,,59,20,39,0,0,0
09/02/2021 19:00,122,59,63,54,21,33,47,24,23,,,,,,,,,,,,,49,30,19,0,0,0
09/02/2021 20:00,114,55,59,41,18,23,41,18,23,,,,,,,,,,,,,33,15,18,0,0,0
09/02/2021 21:00,53,22,31,36,13,23,18,10,8,,,,,,,,,,,,,11,3,8,0,0,0
09/02/2021 22:00,24,12,12,5,2,3,7,5,2,,,,,,,,,,,,,5,2,3,0,0,0
09/02/2021 23:00,4,2,2,0,0,0,4,1,3,,,,,,,,,,,,,3,2,1,0,0,0
10/02/2021 00:00,0,0,0,0,0,0,0,0,0,,,,,,,,,,,,,2,1,1,0,0,0
10/02/2021 01:00,0,0,0,1,0,1,0,0,0,,,,,,,,,,,,,1,1,0,0,0,0
10/02/2021 02:00,0,0,0,0,0,0,0,0,0,,,,,,,,,,,,,0,0,0,0,0,0
10/02/2021 03:00,1,1,0,0,0,0,0,0,0,,,,,,,,,,,,,5,3,2,0,0,0
10/02/2021 04:00,0,0,0,0,0,0,0,0,0,,,,,,,,,,,,,0,0,0,0,0,0
10/02/2021 05:00,4,2,2,0,0,0,2,1,1,,,,,,,,,,,,,0,0,0,0,0,0
10/02/2021 06:00,32,9,23,6,3,3,11,6,5,,,,,,,,,,,,,3,2,1,0,0,0
10/02/2021 07:00,88,45,43,29,15,14,29,16,13,,,,,,,,,,,,,20,12,8,0,0,0
10/02/2021 08:00,143,71,72,42,22,20,29,13,16,,,,,,,,,,,,,25,13,12,0,0,0
10/02/2021 09:00,132,55,77,38,17,21,21,8,13,,,,,,,,,,,,,20,15,5,0,0,0
10/02/2021 10:00,164,72,92,38,16,22,30,17,13,,,,,,,,,,,,,40,20,20,0,0,0
10/02/2021 11:00,205,90,115,47,27,20,65,29,36,,,,,,,,,,,,,67,43,24,0,0,0
10/02/2021 12:00,254,119,135,77,37,40,58,29,29,,,,,,,,,,,,,66,33,33,0,0,0
10/02/2021 13:00,327,164,163,108,49,59,94,43,51,,,,,,,,,,,,,83,41,42,0,0,0
10/02/2021 14:00,359,164,195,103,55,48,59,29,30,,,,,,,,,,,,,113,59,54,0,0,0
10/02/2021 15:00,359,200,159,83,36,47,65,37,28,,,,,,,,,,,,,103,53,50,0,0,0
10/02/2021 16:00,274,125,149,71,38,33,50,25,25,,,,,,,,,,,,,77,40,37,0,0,0
10/02/2021 17:00,259,131,128,71,43,28,59,32,27,,,,,,,,,,,,,87,31,56,0,0,0
10/02/2021 18:00,201,94,107,83,38,45,41,22,19,,,,,,,,,,,,,43,21,22,0,0,0
10/02/2021 19:00,185,90,95,47,19,28,44,21,23,,,,,,,,,,,,,69,32,37,0,0,0
10/02/2021 20:00,145,79,66,59,23,36,40,22,18,,,,,,,,,,,,,47,19,28,0,0,0
10/02/2021 21:00,67,34,33,27,11,16,19,9,10,,,,,,,,,,,,,6,0,6,0,0,0
10/02/2021 22:00,21,11,10,9,5,4,6,3,3,,,,,,,,,,,,,6,6,0,0,0,0
10/02/2021 23:00,9,4,5,4,3,1,5,3,2,,,,,,,,,,,,,1,0,1,0,0,0
11/02/2021 00:00,0,0,0,0,0,0,1,0,1,,,,,,,,,,,,,2,1,1,0,0,0
11/02/2021 01:00,0,0,0,0,0,0,0,0,0,,,,,,,,,,,,,0,0,0,0,0,0
11/02/2021 02:00,0,0,0,0,0,0,0,0,0,,,,,,,,,,,,,0,0,0,0,0,0
11/02/2021 03:00,0,0,0,0,0,0,0,0,0,,,,,,,,,,,,,0,0,0,0,0,0
11/02/2021 04:00,0,0,0,1,1,0,0,0,0,,,,,,,,,,,,,0,0,0,0,0,0
11/02/2021 05:00,2,1,1,0,0,0,0,0,0,,,,,,,,,,,,,2,1,1,0,0,0
11/02/2021 06:00,20,6,14,5,1,4,6,6,0,,,,,,,,,,,,,2,0,2,0,0,0
11/02/2021 07:00,86,41,45,25,16,9,19,8,11,,,,,,,,,,,,,31,16,15,0,0,0
11/02/2021 08:00,134,66,68,46,22,24,30,18,12,,,,,,,,,,,,,38,18,20,0,0,0
11/02/2021 09:00,93,39,54,28,12,16,16,4,12,,,,,,,,,,,,,29,17,12,0,0,0
11/02/2021 10:00,147,63,84,40,21,19,16,9,7,,,,,,,,,,,,,31,16,15,0,0,0
11/02/2021 11:00,161,65,96,39,11,28,17,11,6,,,,,,,,,,,,,42,19,23,0,0,0
11/02/2021 12:00,199,103,96,49,26,23,47,21,26,,,,,,,,,,,,,50,23,27,0,0,0
11/02/2021 13:00,189,83,106,53,26,27,38,18,20,,,,,,,,,,,,,50,28,22,0,0,0
11/02/2021 14:00,178,78,100,44,18,26,30,15,15,,,,,,,,,,,,,53,25,28,0,0,0
11/02/2021 15:00,166,85,81,45,16,29,35,15,20,,,,,,,,,,,,,57,29,28,0,0,0
11/02/2021 16:00,129,64,65,51,22,29,28,16,12,,,,,,,,,,,,,70,31,39,0,0,0
11/02/2021 17:00,148,72,76,50,18,32,38,21,17,,,,,,,,,,,,,63,22,41,0,0,0
11/02/2021 18:00,123,52,71,62,29,33,54,30,24,,,,,,,,,,,,,34,15,19,0,0,0
11/02/2021 19:00,121,56,65,37,17,20,38,23,15,,,,,,,,,,,,,43,24,19,0,0,0
11/02/2021 20:00,91,43,48,23,9,14,21,11,10,,,,,,,,,,,,,31,15,16,0,0,0
11/02/2021 21:00,48,26,22,13,7,6,7,4,3,,,,,,,,,,,,,9,1,8,0,0,0
11/02/2021 22:00,18,8,10,6,3,3,6,3,3,,,,,,,,,,,,,11,8,3,0,0,0
11/02/2021 23:00,1,0,1,2,0,2,1,0,1,,,,,,,,,,,,,5,4,1,0,0,0
12/02/2021 00:00,0,0,0,0,0,0,2,1,1,,,,,,,,,,,,,6,5,1,0,0,0
12/02/2021 01:00,0,0,0,1,0,1,0,0,0,,,,,,,,,,,,,3,3,0,0,0,0
12/02/2021 02:00,0,0,0,1,0,1,1,0,1,,,,,,,,,,,,,1,1,0,0,0,0
12/02/2021 03:00,0,0,0,2,2,0,0,0,0,,,,,,,,,,,,,2,0,2,0,0,0
12/02/2021 04:00,1,1,0,2,2,0,0,0,0,,,,,,,,,,,,,4,4,0,0,0,0
12/02/2021 05:00,2,1,1,1,0,1,1,0,1,,,,,,,,,,,,,1,1,0,0,0,0
12/02/2021 06:00,23,6,17,8,2,6,9,3,6,,,,,,,,,,,,,4,1,3,0,0,0
12/02/2021 07:00,91,42,49,31,16,15,26,15,11,,,,,,,,,,,,,16,9,7,0,0,0
12/02/2021 08:00,124,65,59,42,19,23,32,17,15,,,,,,,,,,,,,28,15,13,0,0,0
12/02/2021 09:00,95,46,49,25,9,16,19,6,13,,,,,,,,,,,,,21,11,10,0,0,0
12/02/2021 10:00,131,48,83,37,19,18,26,14,12,,,,,,,,,,,,,35,18,17,0,0,0
12/02/2021 11:00,214,106,108,65,26,39,39,18,21,,,,,,,,,,,,,36,23,13,0,0,0
12/02/2021 12:00,249,116,133,76,47,29,65,38,27,,,,,,,,,,,,,67,38,29,14,10,4
12/02/2021 13:00,251,114,137,82,39,43,68,31,37,,,,,,,,,,,,,57,27,30,29,15,14
12/02/2021 14:00,237,115,122,63,35,28,34,15,19,,,,,,,,,,,,,63,34,29,26,16,10
12/02/2021 15:00,225,101,124,70,35,35,39,18,21,,,,,,,,,,,,,100,45,55,28,12,16
12/02/2021 16:00,194,81,113,52,24,28,60,30,30,,,,,,,,,,,,,112,49,63,54,33,21
12/02/2021 17:00,171,79,92,52,25,27,47,22,25,,,,,,,,,,,,,58,29,29,26,15,11
12/02/2021 18:00,152,72,80,59,21,38,38,14,24,,,,,,,,,,,,,44,23,21,28,21,7
12/02/2021 19:00,74,40,34,27,17,10,28,13,15,,,,,,,,,,,,,47,20,27,22,11,11
12/02/2021 20:00,49,20,29,18,15,3,19,13,6,,,,,,,,,,,,,29,9,20,40,30,10
12/02/2021 21:00,16,6,10,11,4,7,8,5,3,,,,,,,,,,,,,12,6,6,0,0,0
12/02/2021 22:00,6,2,4,6,2,4,3,0,3,,,,,,,,,,,,,9,6,3,2,1,1
12/02/2021 23:00,4,2,2,2,0,2,2,1,1,,,,,,,,,,,,,18,10,8,2,2,0
13/02/2021 00:00,0,0,0,0,0,0,1,1,0,,,,,,,,,,,,,5,4,1,,,
13/02/2021 01:00,0,0,0,0,0,0,0,0,0,,,,,,,,,,,,,3,2,1,,,
13/02/2021 02:00,0,0,0,0,0,0,0,0,0,,,,,,,,,,,,,12,7,5,,,
13/02/2021 03:00,0,0,0,0,0,0,0,0,0,,,,,,,,,,,,,1,1,0,,,
13/02/2021 04:00,0,0,0,1,1,0,0,0,0,,,,,,,,,,,,,4,3,1,,,
13/02/2021 05:00,0,0,0,1,0,1,0,0,0,,,,,,,,,,,,,1,1,0,,,
13/02/2021 06:00,7,0,7,1,0,1,1,0,1,,,,,,,,,,,,,2,1,1,,,
13/02/2021 07:00,7,4,3,5,3,2,2,0,2,,,,,,,,,,,,,2,0,2,,,
13/02/2021 08:00,20,7,13,19,12,7,10,4,6,,,,,,,,,,,,,6,5,1,,,
13/02/2021 09:00,17,7,10,11,6,5,14,2,12,,,,,,,,,,,,,10,2,8,,,
13/02/2021 10:00,51,22,29,21,12,9,18,9,9,,,,,,,,,,,,,16,9,7,,,
13/02/2021 11:00,88,38,50,34,23,11,25,12,13,,,,,,,,,,,,,13,5,8,,,
13/02/2021 12:00,169,80,89,53,29,24,42,22,20,,,,,,,,,,,,,17,8,9,,,
13/02/2021 13:00,229,110,119,58,24,34,47,24,23,,,,,,,,,,,,,18,12,6,,,
13/02/2021 14:00,251,107,144,77,37,40,61,31,30,,,,,,,,,,,,,36,19,17,,,
13/02/2021 15:00,246,112,134,77,45,32,52,27,25,,,,,,,,,,,,,49,25,24,,,
13/02/2021 16:00,174,79,95,74,29,45,63,29,34,,,,,,,,,,,,,52,24,28,,,
13/02/2021 17:00,108,42,66,31,7,24,25,11,14,,,,,,,,,,,,,32,11,21,,,
13/02/2021 18:00,45,27,18,39,21,18,21,10,11,,,,,,,,,,,,,25,18,7,,,
13/02/2021 19:00,35,19,16,21,11,10,15,7,8,,,,,,,,,,,,,16,10,6,,,
13/02/2021 20:00,26,14,12,12,6,6,8,6,2,,,,,,,,,,,,,20,9,11,,,
13/02/2021 21:00,11,7,4,4,2,2,6,3,3,,,,,,,,,,,,,21,12,9,,,
13/02/2021 22:00,9,4,5,0,0,0,3,0,3,,,,,,,,,,,,,9,3,6,,,
13/02/2021 23:00,3,2,1,3,0,3,0,0,0,,,,,,,,,,,,,4,2,2,,,
14/02/2021 00:00,0,0,0,0,0,0,2,1,1,,,,,,,,,,,,,1,1,0,,,
14/02/2021 01:00,0,0,0,2,0,2,0,0,0,,,,,,,,,,,,,0,0,0,,,
14/02/2021 02:00,0,0,0,0,0,0,1,0,1,,,,,,,,,,,,,7,4,3,,,
14/02/2021 03:00,0,0,0,0,0,0,0,0,0,,,,,,,,,,,,,0,0,0,,,
14/02/2021 04:00,0,0,0,0,0,0,0,0,0,,,,,,,,,,,,,2,1,1,,,
14/02/2021 05:00,0,0,0,0,0,0,0,0,0,,,,,,,,,,,,,1,1,0,0,0,0
14/02/2021 06:00,0,0,0,1,0,1,0,0,0,,,,,,,,,,,,,3,0,3,0,0,0
14/02/2021 07:00,5,0,5,2,2,0,0,0,0,,,,,,,,,,,,,1,0,1,0,0,0
14/02/2021 08:00,37,16,21,15,11,4,11,7,4,,,,,,,,,,,,,5,3,2,0,0,0
14/02/2021 09:00,71,35,36,24,9,15,14,7,7,,,,,,,,,,,,,7,4,3,0,0,0
14/02/2021 10:00,103,49,54,30,16,14,18,4,14,,,,,,,,,,,,,11,4,7,0,0,0
14/02/2021 11:00,112,45,67,41,18,23,37,24,13,,,,,,,,,,,,,19,9,10,0,0,0
14/02/2021 12:00,175,92,83,61,21,40,43,19,24,,,,,,,,,,,,,18,7,11,0,0,0
14/02/2021 13:00,167,77,90,36,20,16,33,16,17,,,,,,,,,,,,,22,9,13,0,0,0
14/02/2021 14:00,309,165,144,62,33,29,56,31,25,,,,,,,,,,,,,32,18,14,0,0,0
14/02/2021 15:00,418,186,232,83,40,43,90,57,33,,,,,,,,,,,,,92,53,39,0,0,0
14/02/2021 16:00,488,265,223,106,39,67,106,52,54,,,,,,,,,,,,,69,29,40,0,0,0
14/02/2021 17:00,612,304,308,160,82,78,146,73,73,,,,,,,,,,,,,104,41,63,0,0,0
14/02/2021 18:00,406,219,187,119,37,82,115,51,64,,,,,,,,,,,,,73,31,42,0,0,0
14/02/2021 19:00,147,81,66,43,24,19,35,20,15,,,,,,,,,,,,,44,22,22,0,0,0
14/02/2021 20:00,92,48,44,37,18,19,36,18,18,,,,,,,,,,,,,29,13,16,0,0,0
14/02/2021 21:00,53,31,22,20,6,14,17,4,13,,,,,,,,,,,,,19,8,11,0,0,0
14/02/2021 22:00,26,12,14,10,7,3,12,9,3,,,,,,,,,,,,,20,14,6,0,0,0
14/02/2021 23:00,9,4,5,4,1,3,0,0,0,,,,,,,,,,,,,24,11,13,0,0,0
15/02/2021 00:00,0,0,0,0,0,0,0,0,0,,,,,,,,,,,,,7,4,3,,,
15/02/2021 01:00,0,0,0,0,0,0,1,1,0,,,,,,,,,,,,,6,3,3,,,
15/02/2021 02:00,0,0,0,0,0,0,0,0,0,,,,,,,,,,,,,0,0,0,,,
15/02/2021 03:00,0,0,0,0,0,0,0,0,0,,,,,,,,,,,,,1,1,0,,,
15/02/2021 04:00,1,0,1,1,1,0,0,0,0,,,,,,,,,,,,,1,1,0,,,
15/02/2021 05:00,5,3,2,1,0,1,1,1,0,,,,,,,,,,,,,1,1,0,,,
15/02/2021 06:00,33,10,23,3,2,1,10,4,6,,,,,,,,,,,,,8,3,5,,,
15/02/2021 07:00,102,47,55,28,18,10,32,17,15,,,,,,,,,,,,,23,14,9,,,
15/02/2021 08:00,104,57,47,22,12,10,14,4,10,,,,,,,,,,,,,18,7,11,,,
15/02/2021 09:00,132,61,71,28,12,16,35,22,13,,,,,,,,,,,,,32,20,12,,,
15/02/2021 10:00,257,118,139,58,28,30,48,28,20,,,,,,,,,,,,,63,26,37,,,
15/02/2021 11:00,384,183,201,79,45,34,71,45,26,,,,,,,,,,,,,71,33,38,,,
15/02/2021 12:00,377,188,189,96,55,41,89,47,42,,,,,,,,,,,,,87,50,37,,,
15/02/2021 13:00,469,245,224,126,59,67,105,45,60,,,,,,,,,,,,,128,59,69,,,
15/02/2021 14:00,527,269,258,120,60,60,96,52,44,,,,,,,,,,,,,103,56,47,,,
15/02/2021 15:00,477,254,223,123,66,57,104,54,50,,,,,,,245,127,118,,,,119,57,62,,,
15/02/2021 16:00,404,207,197,114,55,59,84,54,30,,,,,,,199,112,87,,,,120,67,53,,,
15/02/2021 17:00,378,189,189,85,35,50,87,42,45,,,,,,,194,91,103,,,,152,69,83,,,
15/02/2021 18:00,297,142,155,90,32,58,77,38,39,,,,,,,179,80,99,,,,72,38,34,,,
15/02/2021 19:00,222,120,102,75,36,39,52,33,19,,,,,,,99,38,61,,,,48,19,29,,,
15/02/2021 20:00,121,70,51,37,22,15,46,23,23,,,,,,,63,32,31,,,,23,13,10,,,
15/02/2021 21:00,37,19,18,19,9,10,7,5,2,,,,,,,33,14,19,,,,25,12,13,,,
15/02/2021 22:00,21,7,14,5,2,3,5,2,3,,,,,,,19,8,11,,,,9,6,3,,,
15/02/2021 23:00,8,2,6,5,3,2,6,4,2,,,,,,,6,3,3,,,,3,0,3,,,
16/02/2021 00:00,0,0,0,1,0,1,1,0,1,,,,,,,8,5,3,,,,1,0,1,,,
16/02/2021 01:00,0,0,0,0,0,0,1,0,1,,,,,,,0,0,0,,,,1,1,0,,,
16/02/2021 02:00,0,0,0,0,0,0,0,0,0,,,,,,,0,0,0,,,,0,0,0,,,
16/02/2021 03:00,0,0,0,0,0,0,0,0,0,,,,,,,0,0,0,,,,1,1,0,,,
16/02/2021 04:00,2,1,1,0,0,0,0,0,0,,,,,,,0,0,0,,,,0,0,0,,,
16/02/2021 05:00,2,1,1,0,0,0,0,0,0,,,,,,,0,0,0,,,,0,0,0,,,
16/02/2021 06:00,43,16,27,8,2,6,13,9,4,,,,,,,1,1,0,,,,8,3,5,,,
16/02/2021 07:00,116,52,64,43,26,17,24,17,7,,,,,,,14,7,7,,,,24,12,12,,,
16/02/2021 08:00,198,95,103,42,13,29,32,14,18,,,,,,,59,35,24,,,,25,13,12,,,
16/02/2021 09:00,166,73,93,47,26,21,29,20,9,,,,,,,97,52,45,,,,37,19,18,,,
16/02/2021 10:00,280,129,151,77,39,38,45,29,16,,,,,,,88,52,36,,,,63,27,36,,,
16/02/2021 11:00,347,183,164,102,46,56,77,40,37,,,,,,,110,65,45,,,,95,46,49,,,
16/02/2021 12:00,346,181,165,100,38,62,69,38,31,,,,,,,190,113,77,,,,106,52,54,,,
16/02/2021 13:00,335,155,180,97,51,46,71,40,31,,,,,,,178,94,84,,,,107,59,48,,,
16/02/2021 14:00,349,160,189,96,46,50,77,48,29,,,,,,,216,128,88,,,,90,45,45,,,
16/02/2021 15:00,412,209,203,91,44,47,81,41,40,,,,,,,206,108,98,,,,93,35,58,,,
16/02/2021 16:00,406,209,197,92,42,50,74,37,37,,,,,,,254,129,125,,,,111,59,52,,,
16/02/2021 17:00,358,185,173,121,68,53,80,47,33,,,,,,,217,115,102,,,,120,51,69,,,
16/02/2021 18:00,318,163,155,90,43,47,108,56,52,,,,,,,228,109,119,,,,124,41,83,,,
16/02/2021 19:00,228,115,113,57,25,32,55,28,27,,,,,,,136,75,61,,,,58,30,28,,,
16/02/2021 20:00,179,85,94,52,22,30,41,18,23,,,,,,,59,29,30,,,,34,16,18,,,
16/02/2021 21:00,117,63,54,36,16,20,33,9,24,,,,,,,55,29,26,,,,24,12,12,,,
16/02/2021 22:00,36,24,12,11,3,8,8,5,3,,,,,,,25,13,12,,,,19,7,12,,,
16/02/2021 23:00,11,5,6,5,1,4,4,3,1,,,,,,,6,3,3,,,,4,1,3,,,
17/02/2021 00:00,0,0,0,0,0,0,1,1,0,,,,,,,8,5,3,,,,1,0,1,,,
17/02/2021 01:00,0,0,0,0,0,0,0,0,0,,,,,,,0,0,0,,,,4,1,3,,,
17/02/2021 02:00,3,1,2,1,0,1,2,0,2,,,,,,,2,1,1,,,,0,0,0,,,
17/02/2021 03:00,1,0,1,0,0,0,0,0,0,,,,,,,0,0,0,,,,3,3,0,,,
17/02/2021 04:00,0,0,0,0,0,0,0,0,0,,,,,,,0,0,0,,,,3,0,3,,,
17/02/2021 05:00,1,1,0,1,1,0,1,1,0,,,,,,,0,0,0,,,,3,3,0,,,
17/02/2021 06:00,34,13,21,14,5,9,13,8,5,,,,,,,1,1,0,,,,4,2,2,,,
17/02/2021 07:00,144,69,75,28,13,15,21,9,12,,,,,,,10,5,5,,,,21,11,10,,,
17/02/2021 08:00,152,73,79,44,23,21,32,17,15,,,,,,,62,36,26,,,,36,16,20,,,
17/02/2021 09:00,173,81,92,67,42,25,43,26,17,,,,,,,85,47,38,,,,38,23,15,,,
17/02/2021 10:00,259,120,139,71,34,37,48,23,25,,,,,,,71,38,33,,,,54,21,33,,,
17/02/2021 11:00,344,167,177,86,26,60,85,44,41,,,,,,,97,66,31,,,,86,42,44,,,
17/02/2021 12:00,436,214,222,84,39,45,96,46,50,,,,,,,178,87,91,,,,85,40,45,,,
17/02/2021 13:00,352,178,174,129,54,75,94,50,44,,,,,,,218,136,82,,,,86,49,37,,,
17/02/2021 14:00,397,185,212,105,53,52,88,60,28,,,,,,,188,96,92,,,,101,46,55,,,
17/02/2021 15:00,392,190,202,109,52,57,85,45,40,,,,,,,225,139,86,,,,110,62,48,,,
17/02/2021 16:00,290,146,144,126,48,78,91,51,40,,,,,,,206,97,109,,,,82,52,30,,,
17/02/2021 17:00,277,145,132,83,37,46,71,30,41,,,,,,,180,70,110,,,,97,41,56,,,
17/02/2021 18:00,259,122,137,104,45,59,84,43,41,,,,,,,175,73,102,,,,73,30,43,,,
17/02/2021 19:00,213,92,121,80,39,41,44,22,22,,,,,,,104,46,58,,,,46,24,22,,,
17/02/2021 20:00,174,91,83,58,27,31,60,30,30,,,,,,,91,41,50,,,,41,26,15,,,
17/02/2021 21:00,86,41,45,28,13,15,20,13,7,,,,,,,37,18,19,,,,24,10,14,,,
17/02/2021 22:00,27,12,15,5,0,5,5,2,3,,,,,,,14,5,9,,,,10,5,5,,,
17/02/2021 23:00,7,4,3,1,1,0,3,0,3,,,,,,,11,6,5,,,,5,3,2,,,
18/02/2021 00:00,0,0,0,0,0,0,0,0,0,,,,,,,5,3,2,,,,5,3,2,,,
18/02/2021 01:00,0,0,0,0,0,0,1,1,0,,,,,,,1,0,1,,,,1,0,1,,,
18/02/2021 02:00,1,0,1,0,0,0,0,0,0,,,,,,,0,0,0,,,,0,0,0,,,
18/02/2021 03:00,0,0,0,0,0,0,0,0,0,,,,,,,0,0,0,,,,1,0,1,,,
18/02/2021 04:00,0,0,0,0,0,0,0,0,0,,,,,,,0,0,0,,,,0,0,0,,,
18/02/2021 05:00,3,0,3,2,0,2,2,0,2,,,,,,,0,0,0,,,,0,0,0,,,
18/02/2021 06:00,30,13,17,16,10,6,14,7,7,,,,,,,1,0,1,,,,6,2,4,,,
18/02/2021 07:00,118,52,66,30,17,13,18,12,6,,,,,,,21,14,7,,,,20,10,10,,,
18/02/2021 08:00,178,97,81,58,32,26,35,19,16,,,,,,,64,35,29,,,,39,21,18,,,
18/02/2021 09:00,184,97,87,60,27,33,30,13,17,,,,,,,94,44,50,,,,44,23,21,,,
18/02/2021 10:00,234,111,123,70,46,24,53,31,22,,,,,,,66,40,26,,,,72,34,38,,,
18/02/2021 11:00,344,167,177,103,62,41,72,41,31,,,,,,,123,86,37,,,,75,30,45,,,
18/02/2021 12:00,356,194,162,102,59,43,80,41,39,,,,,,,182,96,86,,,,89,50,39,,,
18/02/2021 13:00,336,168,168,122,50,72,92,47,45,,,,,,,209,120,89,,,,94,36,58,,,
18/02/2021 14:00,357,153,204,84,45,39,69,38,31,,,,,,,208,98,110,,,,70,41,29,,,
18/02/2021 15:00,423,217,206,120,63,57,74,46,28,,,,,,,205,136,69,,,,154,79,75,,,
18/02/2021 16:00,362,186,176,99,45,54,84,40,44,,,,,,,220,106,114,,,,107,44,63,,,
18/02/2021 17:00,326,177,149,95,52,43,81,39,42,,,,,,,221,103,118,,,,115,54,61,,,
18/02/2021 18:00,287,143,144,93,39,54,89,41,48,,,,,,,165,74,91,,,,96,40,56,,,
18/02/2021 19:00,235,112,123,64,29,35,46,27,19,,,,,,,119,53,66,,,,86,50,36,,,
18/02/2021 20:00,201,106,95,51,25,26,66,27,39,,,,,,,54,28,26,,,,43,25,18,,,
18/02/2021 21:00,104,61,43,33,12,21,38,20,18,,,,,,,56,32,24,,,,30,15,15,,,
18/02/2021 22:00,38,16,22,18,7,11,6,4,2,,,,,,,24,10,14,,,,18,13,5,,,
18/02/2021 23:00,11,3,8,4,3,1,3,2,1,,,,,,,7,3,4,,,,10,3,7,,,
19/02/2021 00:00,0,0,0,0,0,0,0,0,0,,,,,,,3,2,1,,,,2,2,0,,,
19/02/2021 01:00,1,0,1,3,3,0,0,0,0,,,,,,,2,1,1,,,,2,2,0,,,
19/02/2021 02:00,0,0,0,0,0,0,0,0,0,,,,,,,0,0,0,,,,0,0,0,,,
19/02/2021 03:00,0,0,0,0,0,0,0,0,0,,,,,,,0,0,0,,,,0,0,0,,,
19/02/2021 04:00,0,0,0,0,0,0,0,0,0,,,,,,,0,0,0,,,,1,1,0,,,
19/02/2021 05:00,1,1,0,2,1,1,0,0,0,,,,,,,0,0,0,,,,3,3,0,,,
19/02/2021 06:00,18,1,17,6,4,2,7,4,3,,,,,,,1,1,0,,,,4,1,3,,,
19/02/2021 07:00,70,32,38,36,20,16,18,9,9,,,,,,,8,7,1,,,,16,7,9,,,
19/02/2021 08:00,106,56,50,35,16,19,20,10,10,,,,,,,30,17,13,,,,22,13,9,,,
19/02/2021 09:00,109,59,50,33,19,14,28,22,6,,,,,,,47,22,25,,,,19,11,8,,,
19/02/2021 10:00,147,63,84,44,26,18,28,13,15,,,,,,,44,26,18,,,,22,8,14,,,
19/02/2021 11:00,203,115,88,60,25,35,38,27,11,,,,,,,76,36,40,,,,41,26,15,,,
19/02/2021 12:00,188,81,107,68,35,33,58,20,38,,,,,,,111,72,39,,,,36,15,21,,,
19/02/2021 13:00,110,51,59,40,22,18,35,23,12,,,,,,,101,40,61,,,,23,9,14,,,
19/02/2021 14:00,108,57,51,22,12,10,21,14,7,,,,,,,64,30,34,,,,19,6,13,,,
19/02/2021 15:00,100,43,57,26,14,12,26,18,8,,,,,,,28,15,13,,,,43,26,17,,,
19/02/2021 16:00,209,90,119,67,40,27,48,25,23,,,,,,,47,30,17,,,,64,33,31,,,
19/02/2021 17:00,288,137,151,68,32,36,51,23,28,,,,,,,93,53,40,,,,78,41,37,,,
19/02/2021 18:00,321,158,163,90,37,53,77,35,42,,,,,,,154,80,74,,,,61,21,40,,,
19/02/2021 19:00,186,99,87,66,34,32,59,35,24,,,,,,,108,51,57,,,,38,23,15,,,
19/02/2021 20:00,117,59,58,46,24,22,30,17,13,,,,,,,56,29,27,,,,28,13,15,,,
19/02/2021 21:00,103,61,42,23,10,13,24,17,7,,,,,,,35,13,22,,,,22,10,12,,,
19/02/2021 22:00,42,19,23,4,2,2,13,3,10,,,,,,,18,7,11,,,,24,11,13,,,
19/02/2021 23:00,21,12,9,4,2,2,11,6,5,,,,,,,9,3,6,,,,10,6,4,,,
20/02/2021 00:00,1,0,1,1,0,1,3,2,1,,,,,,,0,0,0,,,,7,4,3,,,
20/02/2021 01:00,1,0,1,0,0,0,0,0,0,,,,,,,4,1,3,,,,4,3,1,,,
20/02/2021 02:00,0,0,0,1,1,0,0,0,0,,,,,,,1,1,0,,,,5,2,3,,,
20/02/2021 03:00,0,0,0,0,0,0,0,0,0,,,,,,,0,0,0,,,,11,7,4,,,
20/02/2021 04:00,0,0,0,0,0,0,10,3,7,,,,,,,0,0,0,,,,2,1,1,,,
20/02/2021 05:00,2,1,1,0,0,0,0,0,0,,,,,,,0,0,0,,,,3,0,3,,,
20/02/2021 06:00,7,0,7,2,0,2,2,2,0,,,,,,,1,1,0,,,,1,0,1,,,
20/02/2021 07:00,26,11,15,8,6,2,7,5,2,,,,,,,11,6,5,,,,7,2,5,,,
20/02/2021 08:00,71,34,37,32,13,19,25,10,15,,,,,,,30,17,13,,,,18,6,12,,,
20/02/2021 09:00,88,36,52,48,28,20,42,20,22,,,,,,,44,22,22,,,,13,6,7,,,
20/02/2021 10:00,131,61,70,57,28,29,39,25,14,,,,,,,68,35,33,,,,18,9,9,,,
20/02/2021 11:00,162,73,89,67,37,30,47,21,26,,,,,,,105,61,44,,,,19,10,9,,,
20/02/2021 12:00,106,55,51,67,30,37,37,21,16,,,,,,,124,58,66,,,,22,8,14,,,
20/02/2021 13:00,85,50,35,44,25,19,32,17,15,,,,,,,93,44,49,,,,12,6,6,,,
20/02/2021 14:00,88,43,45,47,28,19,40,16,24,,,,,,,42,11,31,,,,15,6,9,,,
20/02/2021 15:00,135,55,80,57,34,23,45,20,25,,,,,,,64,47,17,,,,19,14,5,,,
20/02/2021 16:00,430,195,235,114,51,63,76,55,21,,,,,,,79,40,39,,,,69,44,25,,,
20/02/2021 17:00,491,263,228,106,54,52,119,74,45,,,,,,,199,117,82,,,,52,22,30,,,
20/02/2021 18:00,292,165,127,115,47,68,87,44,43,,,,,,,219,124,95,,,,41,21,20,,,
20/02/2021 19:00,171,91,80,40,22,18,41,16,25,,,,,,,146,58,88,,,,33,11,22,,,
20/02/2021 20:00,99,50,49,34,20,14,26,13,13,,,,,,,24,15,9,,,,19,9,10,,,
20/02/2021 21:00,52,29,23,20,4,16,17,9,8,,,,,,,14,9,5,,,,16,4,12,,,
20/02/2021 22:00,25,11,14,6,1,5,0,0,0,,,,,,,9,4,5,,,,6,2,4,,,
20/02/2021 23:00,11,5,6,0,0,0,0,0,0,,,,,,,8,2,6,,,,5,3,2,,,
21/02/2021 00:00,0,0,0,0,0,0,1,0,1,,,,,,,2,0,2,,,,8,3,5,,,
21/02/2021 01:00,1,0,1,1,0,1,0,0,0,,,,,,,0,0,0,,,,6,3,3,,,
21/02/2021 02:00,0,0,0,1,1,0,0,0,0,,,,,,,1,1,0,,,,9,5,4,,,
21/02/2021 03:00,3,3,0,2,0,2,0,0,0,,,,,,,1,1,0,,,,12,3,9,,,
21/02/2021 04:00,0,0,0,0,0,0,0,0,0,,,,,,,0,0,0,,,,2,1,1,,,
21/02/2021 05:00,1,1,0,0,0,0,0,0,0,,,,,,,0,0,0,,,,2,2,0,,,
21/02/2021 06:00,14,6,8,4,0,4,2,1,1,,,,,,,1,1,0,,,,1,0,1,,,
21/02/2021 07:00,53,20,33,10,7,3,3,2,1,,,,,,,2,2,0,,,,2,1,1,,,
21/02/2021 08:00,129,63,66,45,34,11,36,22,14,,,,,,,19,10,9,,,,14,8,6,,,
21/02/2021 09:00,293,128,165,107,58,49,80,43,37,,,,,,,68,42,26,,,,43,24,19,,,
21/02/2021 10:00,403,200,203,170,93,77,144,83,61,,,,,,,141,94,47,,,,94,47,47,,,
21/02/2021 11:00,505,255,250,188,107,81,136,86,50,,,,,,,299,194,105,,,,103,48,55,,,
21/02/2021 12:00,558,295,263,203,104,99,173,91,82,,,,,,,356,203,153,,,,117,63,54,,,
21/02/2021 13:00,637,332,305,192,78,114,183,112,71,,,,,,,394,213,181,,,,143,75,68,,,
21/02/2021 14:00,667,315,352,224,123,101,188,101,87,,,,,,,338,173,165,,,,122,52,70,,,
21/02/2021 15:00,717,391,326,186,88,98,169,91,78,,,,,,,439,246,193,,,,140,59,81,,,
21/02/2021 16:00,590,291,299,219,98,121,184,85,99,,,,,,,409,204,205,,,,142,70,72,,,
21/02/2021 17:00,459,208,251,176,86,90,138,68,70,,,,,,,297,135,162,,,,105,45,60,,,
21/02/2021 18:00,278,151,127,73,26,47,49,19,30,,,,,,,211,84,127,,,,79,37,42,,,
21/02/2021 19:00,130,73,57,40,16,24,32,17,15,,,,,,,93,30,63,,,,45,21,24,,,
21/02/2021 20:00,93,50,43,29,17,12,20,10,10,,,,,,,35,15,20,,,,36,14,22,,,
21/02/2021 21:00,59,33,26,13,5,8,16,8,8,,,,,,,21,11,10,,,,19,11,8,,,
21/02/2021 22:00,28,11,17,7,6,1,11,5,6,,,,,,,13,10,3,,,,13,6,7,,,
21/02/2021 23:00,20,10,10,3,0,3,5,2,3,,,,,,,12,5,7,,,,6,5,1,,,
22/02/2021 00:00,0,0,0,0,0,0,1,1,0,,,,,,,2,1,1,,,,2,0,2,,,
22/02/2021 01:00,2,1,1,0,0,0,0,0,0,,,,,,,1,1,0,,,,5,5,0,,,
22/02/2021 02:00,0,0,0,1,1,0,0,0,0,,,,,,,0,0,0,,,,5,3,2,,,
22/02/2021 03:00,3,2,1,0,0,0,2,0,2,,,,,,,2,2,0,,,,3,2,1,,,
22/02/2021 04:00,0,0,0,0,0,0,0,0,0,,,,,,,0,0,0,,,,0,0,0,,,
22/02/2021 05:00,6,2,4,5,2,3,2,0,2,,,,,,,0,0,0,,,,0,0,0,,,
22/02/2021 06:00,42,14,28,13,9,4,12,6,6,,,,,,,3,3,0,,,,8,3,5,,,
22/02/2021 07:00,146,72,74,45,24,21,41,25,16,,,,,,,18,12,6,,,,25,12,13,,,
22/02/2021 08:00,180,85,95,59,20,39,39,20,19,,,,,,,65,36,29,,,,40,20,20,,,
22/02/2021 09:00,216,100,116,64,28,36,54,29,25,,,,,,,116,67,49,,,,41,24,17,,,
22/02/2021 10:00,304,141,163,90,43,47,62,38,24,,,,,,,82,42,40,,,,52,26,26,,,
22/02/2021 11:00,387,205,182,92,45,47,76,33,43,,,,,,,123,73,50,,,,83,40,43,,,
22/02/2021 12:00,389,185,204,116,54,62,99,51,48,,,,,,,148,81,67,,,,109,58,51,,,
22/02/2021 13:00,466,235,231,119,66,53,83,36,47,,,,,,,181,106,75,,,,107,71,36,,,
22/02/2021 14:00,416,198,218,104,46,58,101,43,58,,,,,,,243,135,108,,,,122,64,58,,,
22/02/2021 15:00,425,218,207,113,66,47,78,37,41,,,,,,,205,121,84,,,,122,66,56,,,
22/02/2021 16:00,334,161,173,102,65,37,70,46,24,,,,,,,221,115,106,,,,156,79,77,,,
22/02/2021 17:00,316,144,172,89,34,55,68,38,30,,,,,,,187,85,102,,,,126,42,84,,,
22/02/2021 18:00,263,142,121,84,44,40,64,34,30,,,,,,,195,103,92,,,,111,67,44,,,
22/02/2021 19:00,252,128,124,51,22,29,49,25,24,,,,,,,119,55,64,,,,125,53,72,,,
22/02/2021 20:00,181,88,93,55,24,31,62,27,35,,,,,,,68,40,28,,,,72,37,35,,,
22/02/2021 21:00,87,51,36,22,8,14,31,16,15,,,,,,,39,11,28,,,,38,16,22,,,
22/02/2021 22:00,25,13,12,14,6,8,5,1,4,,,,,,,27,9,18,,,,23,16,7,,,
22/02/2021 23:00,5,3,2,4,2,2,1,1,0,,,,,,,11,5,6,,,,6,4,2,,,
23/02/2021 00:00,0,0,0,0,0,0,0,0,0,,,,,,,0,0,0,,,,9,4,5,,,
23/02/2021 01:00,0,0,0,0,0,0,0,0,0,,,,,,,0,0,0,,,,6,3,3,,,
23/02/2021 02:00,0,0,0,0,0,0,0,0,0,,,,,,,0,0,0,,,,7,7,0,,,
23/02/2021 03:00,0,0,0,1,0,1,0,0,0,,,,,,,0,0,0,,,,0,0,0,,,
23/02/2021 04:00,0,0,0,0,0,0,0,0,0,,,,,,,0,0,0,,,,2,2,0,,,
23/02/2021 05:00,1,0,1,0,0,0,1,1,0,,,,,,,0,0,0,,,,0,0,0,,,
23/02/2021 06:00,13,7,6,16,8,8,5,3,2,,,,,,,2,2,0,,,,7,2,5,,,
23/02/2021 07:00,46,19,27,21,13,8,13,6,7,,,,,,,8,4,4,,,,16,12,4,,,
23/02/2021 08:00,75,40,35,25,6,19,22,13,9,,,,,,,22,14,8,,,,18,8,10,,,
23/02/2021 09:00,46,23,23,32,16,16,9,8,1,,,,,,,67,37,30,,,,8,6,2,,,
23/02/2021 10:00,80,35,45,18,12,6,7,1,6,,,,,,,25,13,12,,,,13,4,9,,,
23/02/2021 11:00,129,68,61,33,17,16,21,14,7,,,,,,,42,26,16,,,,25,12,13,,,
23/02/2021 12:00,143,72,71,32,18,14,31,16,15,,,,,,,62,34,28,,,,25,16,9,,,
23/02/2021 13:00,95,50,45,21,11,10,23,10,13,,,,,,,65,30,35,,,,16,7,9,,,
23/02/2021 14:00,59,27,32,15,10,5,10,6,4,,,,,,,21,12,9,,,,24,11,13,,,
23/02/2021 15:00,81,32,49,24,11,13,24,11,13,,,,,,,35,15,20,,,,19,12,7,,,
23/02/2021 16:00,147,72,75,32,14,18,38,16,22,,,,,,,41,26,15,,,,50,18,32,,,
23/02/2021 17:00,96,52,44,36,22,14,35,16,19,,,,,,,67,39,28,,,,53,30,23,,,
23/02/2021 18:00,84,43,41,34,20,14,29,15,14,,,,,,,65,29,36,,,,26,14,12,,,
23/02/2021 19:00,41,21,20,26,15,11,18,9,9,,,,,,,55,34,21,,,,40,19,21,,,
23/02/2021 20:00,68,36,32,17,6,11,17,11,6,,,,,,,30,13,17,,,,40,17,23,,,
23/02/2021 21:00,48,29,19,20,6,14,8,3,5,,,,,,,11,5,6,,,,23,11,12,,,
23/02/2021 22:00,35,11,24,5,1,4,4,0,4,,,,,,,1,0,1,,,,9,7,2,,,
23/02/2021 23:00,9,6,3,0,0,0,2,1,1,,,,,,,0,0,0,,,,2,0,2,,,
24/02/2021 00:00,0,0,0,0,0,0,0,0,0,,,,,,,0,0,0,,,,2,1,1,,,
24/02/2021 01:00,1,0,1,0,0,0,0,0,0,,,,,,,0,0,0,,,,2,1,1,,,
24/02/2021 02:00,0,0,0,0,0,0,0,0,0,,,,,,,1,1,0,,,,0,0,0,,,
24/02/2021 03:00,1,0,1,0,0,0,0,0,0,,,,,,,1,0,1,,,,1,1,0,,,
24/02/2021 04:00,0,0,0,0,0,0,0,0,0,,,,,,,0,0,0,,,,0,0,0,,,
24/02/2021 05:00,8,2,6,2,0,2,1,0,1,,,,,,,0,0,0,,,,1,1,0,0,0,0
24/02/2021 06:00,39,11,28,11,3,8,9,4,5,,,,,,,1,1,0,,,,5,2,3,0,0,0
24/02/2021 07:00,130,53,77,35,17,18,22,17,5,,,,,,,15,10,5,,,,19,10,9,20,1,19
24/02/2021 08:00,191,97,94,61,26,35,34,18,16,,,,,,,75,42,33,,,,47,30,17,0,0,0
24/02/2021 09:00,161,89,72,34,16,18,38,21,17,,,,,,,79,34,45,,,,31,12,19,0,0,0
24/02/2021 10:00,211,84,127,60,32,28,44,26,18,,,,,,,59,30,29,,,,48,21,27,0,0,0
24/02/2021 11:00,242,117,125,74,47,27,50,22,28,,,,,,,76,52,24,,,,53,33,20,1,0,1
24/02/2021 12:00,251,127,124,73,43,30,70,33,37,,,,,,,106,52,54,,,,75,35,40,31,3,28
24/02/2021 13:00,260,150,110,62,30,32,66,29,37,,,,,,,135,74,61,,,,78,41,37,2,1,1
24/02/2021 14:00,300,130,170,55,26,29,75,37,38,,,,,,,158,86,72,,,,85,48,37,0,0,0
24/02/2021 15:00,353,170,183,79,31,48,53,30,23,,,,,,,122,72,50,,,,100,59,41,0,0,0
24/02/2021 16:00,321,169,152,66,37,29,65,29,36,,,,,,,182,100,82,,,,129,63,66,0,0,0
24/02/2021 17:00,285,141,144,65,39,26,77,42,35,,,,,,,157,82,75,,,,121,56,65,0,0,0
24/02/2021 18:00,300,159,141,88,48,40,88,49,39,,,,,,,156,67,89,,,,225,101,124,0,0,0
24/02/2021 19:00,248,122,126,66,28,38,68,39,29,,,,,,,108,54,54,,,,101,50,51,0,0,0
24/02/2021 20:00,214,112,102,56,35,21,70,33,37,,,,,,,67,30,37,,,,39,18,21,0,0,0
24/02/2021 21:00,123,57,66,34,11,23,43,14,29,,,,,,,55,27,28,,,,39,21,18,2,1,1
24/02/2021 22:00,36,19,17,17,9,8,9,5,4,,,,,,,8,1,7,,,,19,14,5,0,0,0
24/02/2021 23:00,21,9,12,5,1,4,2,0,2,,,,,,,7,5,2,,,,13,4,9,0,0,0
25/02/2021 00:00,1,1,0,1,0,1,1,1,0,,,,,,,3,1,2,,,,3,3,0,0,0,0
25/02/2021 01:00,0,0,0,0,0,0,0,0,0,,,,,,,0,0,0,,,,1,1,0,0,0,0
25/02/2021 02:00,0,0,0,0,0,0,0,0,0,,,,,,,1,0,1,,,,0,0,0,0,0,0
25/02/2021 03:00,0,0,0,0,0,0,0,0,0,,,,,,,0,0,0,,,,1,0,1,0,0,0
25/02/2021 04:00,1,1,0,0,0,0,0,0,0,,,,,,,1,1,0,,,,0,0,0,0,0,0
25/02/2021 05:00,2,1,1,1,1,0,3,2,1,,,,,,,0,0,0,,,,1,1,0,0,0,0
25/02/2021 06:00,39,22,17,15,7,8,11,6,5,,,,,,,1,1,0,,,,8,2,6,0,0,0
25/02/2021 07:00,157,77,80,38,22,16,35,21,14,,,,,,,18,10,8,,,,34,21,13,0,0,0
25/02/2021 08:00,218,100,118,46,24,22,52,27,25,,,,,,,66,41,25,,,,39,22,17,0,0,0
25/02/2021 09:00,185,85,100,71,40,31,39,26,13,,,,,,,121,59,62,,,,48,24,24,0,0,0
25/02/2021 10:00,302,140,162,81,48,33,44,31,13,,,,,,,71,38,33,,,,58,27,31,0,0,0
25/02/2021 11:00,387,210,177,114,43,71,76,36,40,,,,,,,115,76,39,,,,90,50,40,0,0,0
25/02/2021 12:00,349,195,154,114,59,55,108,52,56,,,,,,,179,105,74,,,,138,72,66,0,0,0
25/02/2021 13:00,431,211,220,128,59,69,112,54,58,,,,,,,147,91,56,,,,88,40,48,0,0,0
25/02/2021 14:00,385,176,209,106,56,50,63,37,26,,,,,,,178,92,86,,,,93,40,53,0,0,0
25/02/2021 15:00,366,175,191,96,42,54,66,31,35,,,,,,,181,114,67,,,,117,64,53,0,0,0
25/02/2021 16:00,346,161,185,90,45,45,79,37,42,,,,,,,193,105,88,,,,115,55,60,0,0,0
25/02/2021 17:00,360,164,196,93,53,40,96,52,44,,,,,,,192,85,107,,,,113,55,58,0,0,0
25/02/2021 18:00,355,197,158,94,37,57,74,41,33,,,,,,,197,111,86,,,,101,49,52,0,0,0
25/02/2021 19:00,232,123,109,72,39,33,67,35,32,,,,,,,169,78,91,,,,86,41,45,0,0,0
25/02/2021 20:00,227,109,118,62,30,32,61,27,34,,,,,,,76,41,35,,,,45,16,29,0,0,0
25/02/2021 21:00,135,80,55,37,17,20,32,11,21,,,,,,,52,28,24,,,,18,11,7,0,0,0
25/02/2021 22:00,39,18,21,18,6,12,12,5,7,,,,,,,28,10,18,,,,23,9,14,0,0,0
25/02/2021 23:00,17,6,11,7,4,3,4,4,0,,,,,,,7,1,6,,,,15,5,10,0,0,0
26/02/2021 00:00,0,0,0,0,0,0,3,2,1,,,,,,,4,2,2,,,,4,3,1,0,0,0
26/02/2021 01:00,3,2,1,1,0,1,0,0,0,,,,,,,2,2,0,,,,0,0,0,0,0,0
26/02/2021 02:00,0,0,0,1,1,0,1,1,0,,,,,,,1,0,1,,,,0,0,0,0,0,0
26/02/2021 03:00,1,0,1,0,0,0,0,0,0,,,,,,,0,0,0,,,,0,0,0,0,0,0
26/02/2021 04:00,2,0,2,0,0,0,0,0,0,,,,,,,0,0,0,,,,1,1,0,0,0,0
26/02/2021 05:00,7,2,5,0,0,0,1,0,1,,,,,,,6,3,3,,,,1,1,0,2,1,1
26/02/2021 06:00,41,16,25,13,4,9,9,3,6,,,,,,,1,1,0,,,,5,2,3,0,0,0
26/02/2021 07:00,159,69,90,40,25,15,31,19,12,,,,,,,16,12,4,,,,16,4,12,0,0,0
26/02/2021 08:00,219,116,103,59,21,38,40,28,12,,,,,,,80,47,33,,,,41,21,20,2,1,1
26/02/2021 09:00,187,84,103,60,27,33,38,19,19,,,,,,,93,48,45,,,,29,16,13,0,0,0
26/02/2021 10:00,266,122,144,59,30,29,47,26,21,,,,,,,83,47,36,,,,77,33,44,0,0,0
26/02/2021 11:00,364,192,172,104,51,53,85,43,42,,,,,,,113,78,35,,,,74,34,40,0,0,0
26/02/2021 12:00,379,197,182,139,56,83,89,49,40,,,,,,,225,122,103,,,,82,48,34,0,0,0
26/02/2021 13:00,401,203,198,120,69,51,84,51,33,,,,,,,193,96,97,,,,121,68,53,0,0,0
26/02/2021 14:00,428,218,210,131,64,67,75,46,29,,,,,,,245,149,96,,,,107,58,49,0,0,0
26/02/2021 15:00,393,190,203,114,65,49,119,49,70,,,,,,,240,144,96,,,,99,53,46,0,0,0
26/02/2021 16:00,423,212,211,107,35,72,91,40,51,,,,,,,249,139,110,,,,148,62,86,0,0,0
26/02/2021 17:00,408,203,205,85,38,47,104,65,39,,,,,,,243,104,139,,,,80,47,33,0,0,0
26/02/2021 18:00,340,178,162,88,40,48,72,32,40,,,,,,,201,104,97,,,,89,41,48,0,0,0
26/02/2021 19:00,229,117,112,52,26,26,54,19,35,,,,,,,144,74,70,,,,49,28,21,0,0,0
26/02/2021 20:00,166,97,69,40,19,21,38,20,18,,,,,,,73,32,41,,,,72,38,34,0,0,0
26/02/2021 21:00,97,47,50,26,15,11,22,8,14,,,,,,,24,10,14,,,,43,20,23,0,0,0
26/02/2021 22:00,44,25,19,8,1,7,5,2,3,,,,,,,18,9,9,,,,23,12,11,0,0,0
26/02/2021 23:00,14,8,6,3,1,2,7,4,3,,,,,,,5,2,3,,,,5,1,4,0,0,0
27/02/2021 00:00,0,0,0,3,1,2,1,0,1,,,,,,,4,1,3,,,,7,6,1,0,0,0
27/02/2021 01:00,6,0,6,3,1,2,0,0,0,,,,,,,0,0,0,,,,9,4,5,0,0,0
27/02/2021 02:00,2,2,0,0,0,0,0,0,0,,,,,,,11,6,5,,,,3,3,0,0,0,0
27/02/2021 03:00,0,0,0,3,1,2,0,0,0,,,,,,,0,0,0,,,,8,5,3,0,0,0
27/02/2021 04:00,2,0,2,1,1,0,0,0,0,,,,,,,4,0,4,,,,5,1,4,0,0,0
27/02/2021 05:00,6,3,3,0,0,0,0,0,0,,,,,,,2,0,2,,,,2,1,1,0,0,0
27/02/2021 06:00,16,4,12,4,2,2,4,1,3,,,,,,,1,1,0,,,,10,7,3,0,0,0
27/02/2021 07:00,88,41,47,22,17,5,18,10,8,,,,,,,11,7,4,,,,5,3,2,0,0,0
27/02/2021 08:00,213,113,100,50,25,25,45,30,15,,,,,,,39,20,19,,,,35,23,12,0,0,0
27/02/2021 09:00,300,135,165,113,62,51,87,50,37,,,,,,,78,47,31,,,,50,26,24,5,4,1
27/02/2021 10:00,436,220,216,158,83,75,118,63,55,,,,,,,169,110,59,,,,62,28,34,0,0,0
27/02/2021 11:00,479,216,263,229,123,106,132,72,60,,,,,,,315,194,121,,,,110,51,59,0,0,0
27/02/2021 12:00,447,237,210,196,96,100,151,73,78,,,,,,,353,191,162,,,,106,53,53,0,0,0
27/02/2021 13:00,411,216,195,162,71,91,129,70,59,,,,,,,322,164,158,,,,91,51,40,0,0,0
27/02/2021 14:00,433,211,222,124,59,65,130,75,55,,,,,,,270,147,123,,,,79,36,43,0,0,0
27/02/2021 15:00,540,293,247,161,76,85,121,64,57,,,,,,,220,134,86,,,,93,52,41,0,0,0
27/02/2021 16:00,485,240,245,145,74,71,119,58,61,,,,,,,280,152,128,,,,125,63,62,0,0,0
27/02/2021 17:00,388,199,189,136,59,77,81,36,45,,,,,,,286,125,161,,,,68,32,36,0,0,0
27/02/2021 18:00,224,116,108,67,20,47,65,33,32,,,,,,,173,75,98,,,,50,19,31,0,0,0
27/02/2021 19:00,141,65,76,39,20,19,36,20,16,,,,,,,103,48,55,,,,57,31,26,0,0,0
27/02/2021 20:00,106,60,46,26,8,18,24,9,15,,,,,,,39,21,18,,,,54,25,29,0,0,0
27/02/2021 21:00,60,33,27,21,11,10,23,10,13,,,,,,,36,17,19,,,,79,42,37,0,0,0
27/02/2021 22:00,28,16,12,8,4,4,13,6,7,,,,,,,7,5,2,,,,77,31,46,0,0,0
27/02/2021 23:00,5,2,3,3,1,2,8,3,5,,,,,,,10,5,5,,,,11,6,5,0,0,0
28/02/2021 00:00,0,0,0,0,0,0,1,1,0,,,,,,,3,1,2,,,,5,3,2,0,0,0
28/02/2021 01:00,0,0,0,0,0,0,0,0,0,,,,,,,0,0,0,,,,2,2,0,0,0,0
28/02/2021 02:00,1,1,0,0,0,0,0,0,0,,,,,,,3,1,2,,,,6,5,1,0,0,0
28/02/2021 03:00,0,0,0,1,0,1,0,0,0,,,,,,,0,0,0,,,,6,0,6,0,0,0
28/02/2021 04:00,0,0,0,0,0,0,0,0,0,,,,,,,0,0,0,,,,5,2,3,0,0,0
28/02/2021 05:00,3,1,2,0,0,0,0,0,0,,,,,,,0,0,0,,,,4,2,2,0,0,0
28/02/2021 06:00,13,5,8,1,0,1,1,1,0,,,,,,,1,1,0,,,,7,4,3,0,0,0
28/02/2021 07:00,66,36,30,14,8,6,8,4,4,,,,,,,10,6,4,,,,15,7,8,0,0,0
28/02/2021 08:00,168,68,100,49,26,23,44,23,21,,,,,,,17,7,10,,,,27,16,11,0,0,0
28/02/2021 09:00,329,158,171,104,61,43,66,45,21,,,,,,,82,54,28,,,,42,22,20,0,0,0
28/02/2021 10:00,437,210,227,173,93,80,135,77,58,,,,,,,175,112,63,,,,72,42,30,0,0,0
28/02/2021 11:00,525,265,260,286,162,124,174,101,73,,,,,,,303,190,113,,,,94,47,47,0,0,0
28/02/2021 12:00,646,373,273,355,181,174,186,106,80,,,,,,,444,262,182,,,,129,73,56,0,0,0
28/02/2021 13:00,663,338,325,274,142,132,199,91,108,,,,,,,486,287,199,,,,121,74,47,0,0,0
28/02/2021 14:00,556,293,263,261,116,145,142,75,67,,,,,,,470,194,276,,,,157,91,66,0,0,0
28/02/2021 15:00,608,292,316,238,138,100,157,73,84,,,,,,,418,181,237,,,,138,83,55,0,0,0
28/02/2021 16:00,579,258,321,208,88,120,118,69,49,,,,,,,424,179,245,,,,168,92,76,0,0,0
28/02/2021 17:00,368,180,188,105,37,68,73,25,48,,,,,,,322,117,205,,,,92,53,39,0,0,0
28/02/2021 18:00,196,113,83,85,43,42,50,27,23,,,,,,,157,72,85,,,,128,57,71,0,0,0
28/02/2021 19:00,128,70,58,45,18,27,30,19,11,,,,,,,75,28,47,,,,35,18,17,0,0,0
28/02/2021 20:00,86,49,37,27,16,11,27,12,15,,,,,,,31,17,14,,,,19,6,13,0,0,0
28/02/2021 21:00,48,26,22,24,12,12,17,10,7,,,,,,,15,9,6,,,,19,7,12,0,0,0
28/02/2021 22:00,16,7,9,2,1,1,1,1,0,,,,,,,8,2,6,,,,15,7,8,0,0,0
28/02/2021 23:00,4,2,2,1,1,0,3,1,2,,,,,,,5,3,2,,,,10,4,6,0,0,0
01/03/2021 00:00,1,0,1,2,2,0,0,0,0,,,,,,,0,0,0,,,,6,4,2,0,0,0
01/03/2021 01:00,2,1,1,0,0,0,0,0,0,,,,,,,2,1,1,,,,0,0,0,0,0,0
01/03/2021 02:00,2,0,2,0,0,0,0,0,0,,,,,,,0,0,0,,,,0,0,0,0,0,0
01/03/2021 03:00,2,0,2,1,1,0,0,0,0,,,,,,,0,0,0,,,,1,1,0,0,0,0
01/03/2021 04:00,0,0,0,0,0,0,0,0,0,,,,,,,0,0,0,,,,0,0,0,0,0,0
01/03/2021 05:00,4,1,3,5,4,1,1,0,1,,,,,,,0,0,0,,,,5,2,3,0,0,0
01/03/2021 06:00,56,21,35,12,6,6,17,8,9,,,,,,,1,1,0,,,,6,1,5,28,27,1
01/03/2021 07:00,151,73,78,42,18,24,33,17,16,,,,,,,11,6,5,,,,21,12,9,0,0,0
01/03/2021 08:00,180,96,84,50,27,23,48,24,24,,,,,,,66,38,28,,,,93,56,37,0,0,0
01/03/2021 09:00,224,109,115,50,27,23,29,15,14,,,,,,,104,62,42,,,,46,25,21,2,1,1
01/03/2021 10:00,258,123,135,46,32,14,39,25,14,,,,,,,76,47,29,,,,63,32,31,0,0,0
01/03/2021 11:00,291,135,156,51,24,27,41,22,19,,,,,,,94,49,45,,,,69,32,37,0,0,0
01/03/2021 12:00,293,138,155,82,33,49,61,34,27,,,,,,,115,59,56,,,,90,51,39,0,0,0
01/03/2021 13:00,336,182,154,120,57,63,95,53,42,,,,,,,127,60,67,,,,117,57,60,0,0,0
01/03/2021 14:00,344,170,174,87,42,45,53,27,26,,,,,,,210,105,105,,,,133,57,76,0,0,0
01/03/2021 15:00,343,167,176,73,32,41,78,32,46,,,,,,,177,82,95,,,,115,47,68,0,0,0
01/03/2021 16:00,316,148,168,87,48,39,74,32,42,,,,,,,162,74,88,,,,116,57,59,0,0,0
01/03/2021 17:00,314,160,154,70,38,32,74,34,40,,,,,,,147,71,76,,,,99,38,61,0,0,0
01/03/2021 18:00,277,146,131,73,27,46,66,35,31,,,,,,,165,82,83,,,,85,34,51,0,0,0
01/03/2021 19:00,249,125,124,59,27,32,56,36,20,,,,,,,115,51,64,,,,83,46,37,0,0,0
01/03/2021 20:00,199,96,103,75,24,51,64,28,36,,,,,,,81,42,39,,,,57,19,38,0,0,0
01/03/2021 21:00,96,58,38,23,10,13,31,12,19,,,,,,,46,17,29,,,,36,28,8,0,0,0
01/03/2021 22:00,44,27,17,10,5,5,9,3,6,,,,,,,8,3,5,,,,10,6,4,0,0,0
01/03/2021 23:00,6,3,3,2,1,1,0,0,0,,,,,,,9,5,4,,,,15,6,9,0,0,0
02/03/2021 00:00,0,0,0,0,0,0,2,0,2,,,,,,,4,2,2,,,,4,3,1,0,0,0
02/03/2021 01:00,0,0,0,0,0,0,0,0,0,,,,,,,0,0,0,,,,3,1,2,0,0,0
02/03/2021 02:00,0,0,0,1,0,1,1,1,0,,,,,,,0,0,0,,,,0,0,0,0,0,0
02/03/2021 03:00,1,0,1,0,0,0,0,0,0,,,,,,,2,1,1,,,,0,0,0,0,0,0
02/03/2021 04:00,0,0,0,0,0,0,0,0,0,,,,,,,0,0,0,,,,1,1,0,0,0,0
02/03/2021 05:00,3,2,1,1,1,0,0,0,0,,,,,,,0,0,0,,,,4,2,2,0,0,0
02/03/2021 06:00,51,22,29,9,4,5,16,15,1,,,,,,,1,1,0,,,,9,4,5,0,0,0
02/03/2021 07:00,145,67,78,45,25,20,32,17,15,,,,,,,15,10,5,,,,27,12,15,2,1,1
02/03/2021 08:00,166,82,84,62,27,35,35,19,16,,,,,,,65,41,24,,,,93,62,31,0,0,0
02/03/2021 09:00,197,98,99,40,19,21,29,17,12,,,,,,,87,46,41,,,,52,28,24,0,0,0
02/03/2021 10:00,213,97,116,70,34,36,36,16,20,,,,,,,64,39,25,,,,61,34,27,0,0,0
02/03/2021 11:00,239,120,119,92,42,50,52,29,23,,,,,,,78,47,31,,,,65,31,34,0,0,0
02/03/2021 12:00,241,124,117,68,25,43,62,36,26,,,,,,,101,63,38,,,,55,29,26,0,0,0
02/03/2021 13:00,248,130,118,94,47,47,48,20,28,,,,,,,114,60,54,,,,119,55,64,0,0,0
02/03/2021 14:00,238,113,125,64,30,34,57,28,29,,,,,,,147,92,55,,,,127,73,54,0,0,0
02/03/2021 15:00,265,131,134,69,37,32,32,20,12,,,,,,,168,93,75,,,,109,54,55,0,0,0
02/03/2021 16:00,231,127,104,81,35,46,55,22,33,,,,,,,127,54,73,,,,80,44,36,0,0,0
02/03/2021 17:00,248,111,137,61,34,27,54,31,23,,,,,,,118,67,51,,,,98,45,53,0,0,0
02/03/2021 18:00,281,154,127,77,39,38,73,36,37,,,,,,,155,78,77,,,,158,75,83,0,0,0
02/03/2021 19:00,240,105,135,79,45,34,52,29,23,,,,,,,125,63,62,,,,55,27,28,0,0,0
02/03/2021 20:00,200,104,96,73,38,35,67,25,42,,,,,,,59,32,27,,,,37,21,16,0,0,0
02/03/2021 21:00,110,65,45,33,15,18,22,9,13,,,,,,,52,31,21,,,,23,12,11,0,0,0
02/03/2021 22:00,36,15,21,11,3,8,6,3,3,,,,,,,24,11,13,,,,11,6,5,0,0,0
02/03/2021 23:00,10,4,6,4,1,3,5,4,1,,,,,,,5,0,5,,,,2,0,2,0,0,0
03/03/2021 00:00,0,0,0,1,1,0,4,1,3,,,,,,,0,0,0,,,,3,2,1,0,0,0
03/03/2021 01:00,0,0,0,1,0,1,0,0,0,,,,,,,1,1,0,,,,0,0,0,0,0,0
03/03/2021 02:00,0,0,0,0,0,0,0,0,0,,,,,,,0,0,0,,,,6,4,2,0,0,0
03/03/2021 03:00,0,0,0,0,0,0,0,0,0,,,,,,,0,0,0,,,,1,1,0,0,0,0
03/03/2021 04:00,0,0,0,0,0,0,0,0,0,,,,,,,0,0,0,,,,0,0,0,0,0,0
03/03/2021 05:00,5,2,3,1,0,1,1,0,1,,,,,,,0,0,0,,,,2,2,0,0,0,0
03/03/2021 06:00,63,23,40,18,8,10,12,6,6,,,,,,,1,1,0,,,,9,4,5,0,0,0
03/03/2021 07:00,135,63,72,40,21,19,27,16,11,,,,,,,9,5,4,,,,29,12,17,0,0,0
03/03/2021 08:00,176,95,81,58,24,34,44,23,21,,,,,,,74,48,26,,,,91,53,38,0,0,0
03/03/2021 09:00,193,105,88,62,29,33,35,24,11,,,,,,,116,62,54,,,,47,28,19,0,0,0
03/03/2021 10:00,206,94,112,71,42,29,45,32,13,,,,,,,93,53,40,,,,57,23,34,0,0,0
03/03/2021 11:00,254,129,125,73,28,45,74,44,30,,,,,,,91,42,49,,,,72,41,31,0,0,0
03/03/2021 12:00,257,138,119,81,33,48,58,30,28,,,,,,,102,51,51,,,,70,39,31,0,0,0
03/03/2021 13:00,240,138,102,71,37,34,61,24,37,,,,,,,121,73,48,,,,102,50,52,0,0,0
03/03/2021 14:00,229,103,126,61,31,30,48,27,21,,,,,,,139,84,55,,,,83,43,40,0,0,0
03/03/2021 15:00,276,135,141,57,27,30,42,21,21,,,,,,,123,73,50,,,,116,58,58,0,0,0
03/03/2021 16:00,240,123,117,57,23,34,46,21,25,,,,,,,124,68,56,,,,93,46,47,0,0,0
03/03/2021 17:00,227,107,120,67,32,35,53,24,29,,,,,,,139,59,80,,,,78,32,46,0,0,0
03/03/2021 18:00,237,126,111,78,39,39,55,23,32,,,,,,,120,55,65,,,,67,32,35,0,0,0
03/03/2021 19:00,233,124,109,87,41,46,48,31,17,,,,,,,119,64,55,,,,62,32,30,0,0,0
03/03/2021 20:00,203,120,83,60,20,40,61,26,35,,,,,,,71,37,34,,,,55,31,24,0,0,0
03/03/2021 21:00,97,52,45,25,15,10,36,17,19,,,,,,,34,14,20,,,,21,12,9,0,0,0
03/03/2021 22:00,37,18,19,14,6,8,12,8,4,,,,,,,19,6,13,,,,16,7,9,0,0,0
03/03/2021 23:00,13,5,8,4,2,2,1,0,1,,,,,,,3,1,2,,,,12,4,8,0,0,0
04/03/2021 00:00,0,0,0,0,0,0,0,0,0,,,,,,,1,1,0,,,,1,0,1,0,0,0
04/03/2021 01:00,1,0,1,4,1,3,3,3,0,,,,,,,1,1,0,,,,0,0,0,0,0,0
04/03/2021 02:00,0,0,0,0,0,0,0,0,0,,,,,,,0,0,0,,,,1,1,0,0,0,0
04/03/2021 03:00,2,0,2,1,0,1,0,0,0,,,,,,,0,0,0,,,,0,0,0,0,0,0
04/03/2021 04:00,0,0,0,0,0,0,0,0,0,,,,,,,0,0,0,,,,2,1,1,0,0,0
04/03/2021 05:00,2,1,1,2,0,2,2,0,2,,,,,,,0,0,0,,,,0,0,0,0,0,0
04/03/2021 06:00,43,16,27,18,8,10,9,6,3,,,,,,,2,1,1,,,,5,1,4,0,0,0
04/03/2021 07:00,133,56,77,29,10,19,25,10,15,,,,,,,24,16,8,,,,31,15,16,0,0,0
04/03/2021 08:00,157,82,75,45,19,26,35,17,18,,,,,,,68,37,31,,,,73,44,29,0,0,0
04/03/2021 09:00,175,82,93,47,23,24,34,16,18,,,,,,,100,56,44,,,,35,15,20,0,0,0
04/03/2021 10:00,205,101,104,65,29,36,33,17,16,,,,,,,69,34,35,,,,41,21,20,0,0,0
04/03/2021 11:00,242,133,109,53,27,26,45,28,17,,,,,,,90,62,28,,,,51,20,31,0,0,0
04/03/2021 12:00,220,113,107,64,28,36,60,24,36,,,,,,,141,65,76,,,,75,38,37,0,0,0
04/03/2021 13:00,220,115,105,68,33,35,54,24,30,,,,,,,108,53,55,,,,95,43,52,0,0,0
04/03/2021 14:00,216,97,119,44,16,28,25,12,13,,,,,,,144,91,53,,,,90,43,47,0,0,0
04/03/2021 15:00,242,120,122,72,31,41,37,17,20,,,,,,,123,58,65,,,,74,33,41,0,0,0
04/03/2021 16:00,181,97,84,57,31,26,53,26,27,,,,,,,120,61,59,,,,87,38,49,0,0,0
04/03/2021 17:00,180,87,93,63,22,41,49,27,22,,,,,,,102,52,50,,,,57,31,26,0,0,0
04/03/2021 18:00,248,120,128,65,19,46,68,34,34,,,,,,,98,48,50,,,,63,32,31,0,0,0
04/03/2021 19:00,201,98,103,63,20,43,66,28,38,,,,,,,108,47,61,,,,66,31,35,0,0,0
04/03/2021 20:00,190,104,86,48,30,18,46,27,19,,,,,,,65,35,30,,,,32,16,16,0,0,0
04/03/2021 21:00,133,73,60,26,14,12,26,15,11,,,,,,,29,16,13,,,,12,7,5,0,0,0
04/03/2021 22:00,27,11,16,10,1,9,12,6,6,,,,,,,9,1,8,,,,11,7,4,0,0,0
04/03/2021 23:00,4,3,1,3,2,1,4,1,3,,,,,,,3,2,1,,,,3,2,1,0,0,0
05/03/2021 00:00,0,0,0,0,0,0,0,0,0,,,,,,,2,1,1,,,,3,2,1,0,0,0
05/03/2021 01:00,0,0,0,0,0,0,0,0,0,,,,,,,0,0,0,,,,3,2,1,0,0,0
05/03/2021 02:00,1,1,0,0,0,0,0,0,0,,,,,,,0,0,0,,,,0,0,0,0,0,0
05/03/2021 03:00,1,0,1,0,0,0,0,0,0,,,,,,,0,0,0,,,,1,1,0,0,0,0
05/03/2021 04:00,0,0,0,2,2,0,0,0,0,,,,,,,0,0,0,,,,0,0,0,0,0,0
05/03/2021 05:00,2,2,0,2,1,1,0,0,0,,,,,,,0,0,0,,,,1,0,1,0,0,0
05/03/2021 06:00,47,19,28,11,7,4,10,7,3,,,,,,,2,2,0,,,,5,1,4,0,0,0
05/03/2021 07:00,150,65,85,36,18,18,34,15,19,,,,,,,12,7,5,,,,31,12,19,0,0,0
05/03/2021 08:00,187,99,88,74,46,28,58,32,26,,,,,,,75,47,28,,,,102,63,39,0,0,0
05/03/2021 09:00,202,107,95,80,38,42,24,10,14,,,,,,,112,60,52,,,,33,19,14,0,0,0
05/03/2021 10:00,207,95,112,58,37,21,32,18,14,,,,,,,105,56,49,,,,41,16,25,0,0,0
05/03/2021 11:00,236,120,116,83,50,33,55,29,26,,,,,,,86,47,39,,,,70,35,35,0,0,0
05/03/2021 12:00,251,122,129,81,51,30,56,35,21,,,,,,,117,52,65,,,,81,41,40,0,0,0
05/03/2021 13:00,229,103,126,72,47,25,56,23,33,,,,,,,102,53,49,,,,101,53,48,0,0,0
05/03/2021 14:00,243,106,137,93,61,32,33,16,17,,,,,,,134,81,53,,,,103,42,61,0,0,0
05/03/2021 15:00,304,141,163,97,59,38,70,29,41,,,,,,,170,98,72,,,,110,63,47,0,0,0
05/03/2021 16:00,312,165,147,85,45,40,44,19,25,,,,,,,209,110,99,,,,90,42,48,0,0,0
05/03/2021 17:00,299,142,157,85,43,42,63,39,24,,,,,,,193,89,104,,,,96,49,47,0,0,0
05/03/2021 18:00,310,165,145,92,38,54,71,37,34,,,,,,,189,94,95,,,,95,57,38,0,0,0
05/03/2021 19:00,183,80,103,53,23,30,45,19,26,,,,,,,165,83,82,,,,71,31,40,393,87,306
05/03/2021 20:00,113,66,47,36,17,19,34,21,13,,,,,,,53,21,32,,,,26,17,9,1,0,1
05/03/2021 21:00,80,33,47,20,8,12,22,10,12,,,,,,,29,11,18,,,,22,11,11,0,0,0
05/03/2021 22:00,46,25,21,8,1,7,10,3,7,,,,,,,22,12,10,,,,14,8,6,0,0,0
05/03/2021 23:00,32,7,25,8,6,2,11,4,7,,,,,,,15,7,8,,,,57,32,25,0,0,0
06/03/2021 00:00,0,0,0,0,0,0,1,0,1,,,,,,,8,2,6,,,,5,1,4,507,251,256
06/03/2021 01:00,0,0,0,5,2,3,3,0,3,,,,,,,0,0,0,,,,0,0,0,1,1,0
06/03/2021 02:00,4,4,0,0,0,0,1,0,1,,,,,,,1,0,1,,,,2,0,2,0,0,0
06/03/2021 03:00,3,1,2,0,0,0,1,0,1,,,,,,,4,4,0,,,,5,2,3,0,0,0
06/03/2021 04:00,3,1,2,0,0,0,6,1,5,,,,,,,0,0,0,,,,2,0,2,2,1,1
06/03/2021 05:00,2,2,0,3,3,0,0,0,0,,,,,,,0,0,0,,,,1,1,0,0,0,0
06/03/2021 06:00,21,7,14,3,0,3,6,4,2,,,,,,,1,1,0,,,,4,3,1,0,0,0
06/03/2021 07:00,73,35,38,15,7,8,17,11,6,,,,,,,16,9,7,,,,12,4,8,0,0,0
06/03/2021 08:00,129,54,75,65,39,26,48,30,18,,,,,,,28,15,13,,,,15,6,9,0,0,0
06/03/2021 09:00,213,91,122,61,31,30,62,30,32,,,,,,,69,42,27,,,,34,22,12,0,0,0
06/03/2021 10:00,304,151,153,126,63,63,81,47,34,,,,,,,184,105,79,,,,57,28,29,0,0,0
06/03/2021 11:00,334,147,187,122,75,47,96,55,41,,,,,,,185,110,75,,,,88,54,34,0,0,0
06/03/2021 12:00,427,200,227,153,76,77,115,62,53,,,,,,,323,163,160,,,,45,23,22,0,0,0
06/03/2021 13:00,439,218,221,154,98,56,113,63,50,,,,,,,304,185,119,,,,95,47,48,0,0,0
06/03/2021 14:00,626,310,316,243,127,116,117,58,59,,,,,,,314,137,177,,,,129,59,70,0,0,0
06/03/2021 15:00,616,281,335,224,109,115,164,93,71,,,,,,,352,186,166,,,,102,58,44,0,0,0
06/03/2021 16:00,455,246,209,180,84,96,132,68,64,,,,,,,327,149,178,,,,132,69,63,0,0,0
06/03/2021 17:00,318,144,174,112,56,56,85,40,45,,,,,,,233,103,130,,,,68,30,38,0,0,0
06/03/2021 18:00,197,96,101,74,32,42,61,33,28,,,,,,,151,71,80,,,,53,29,24,0,0,0
06/03/2021 19:00,96,44,52,20,10,10,32,16,16,,,,,,,89,33,56,,,,48,22,26,0,0,0
06/03/2021 20:00,66,32,34,28,8,20,16,7,9,,,,,,,28,9,19,,,,55,25,30,0,0,0
06/03/2021 21:00,57,33,24,10,2,8,9,4,5,,,,,,,17,8,9,,,,24,11,13,0,0,0
06/03/2021 22:00,37,19,18,4,2,2,2,1,1,,,,,,,10,4,6,,,,21,10,11,0,0,0
06/03/2021 23:00,25,10,15,5,1,4,2,1,1,,,,,,,5,2,3,,,,10,7,3,0,0,0
07/03/2021 00:00,3,1,2,0,0,0,1,1,0,,,,,,,5,2,3,,,,6,5,1,0,0,0
07/03/2021 01:00,11,3,8,1,0,1,2,1,1,,,,,,,7,5,2,,,,8,2,6,0,0,0
07/03/2021 02:00,6,5,1,0,0,0,0,0,0,,,,,,,4,0,4,,,,4,1,3,0,0,0
07/03/2021 03:00,2,1,1,0,0,0,1,0,1,,,,,,,1,1,0,,,,0,0,0,0,0,0
07/03/2021 04:00,0,0,0,2,2,0,0,0,0,,,,,,,0,0,0,,,,1,1,0,0,0,0
07/03/2021 05:00,1,0,1,0,0,0,0,0,0,,,,,,,0,0,0,,,,3,2,1,0,0,0
07/03/2021 06:00,11,5,6,1,0,1,3,2,1,,,,,,,1,1,0,,,,6,3,3,13,2,11
07/03/2021 07:00,55,18,37,16,9,7,13,6,7,,,,,,,7,6,1,,,,6,4,2,0,0,0
07/03/2021 08:00,153,76,77,54,34,20,33,24,9,,,,,,,35,20,15,,,,22,10,12,0,0,0
07/03/2021 09:00,285,140,145,91,52,39,94,54,40,,,,,,,66,43,23,,,,24,14,10,0,0,0
07/03/2021 10:00,460,197,263,150,61,89,102,56,46,,,,,,,156,92,64,,,,89,58,31,0,0,0
07/03/2021 11:00,495,244,251,166,107,59,157,83,74,,,,,,,304,180,124,,,,97,46,51,0,0,0
07/03/2021 12:00,507,279,228,216,113,103,138,86,52,,,,,,,430,246,184,,,,122,85,37,0,0,0
07/03/2021 13:00,660,319,341,224,114,110,139,78,61,,,,,,,447,216,231,,,,120,63,57,0,0,0
07/03/2021 14:00,673,327,346,235,114,121,154,102,52,,,,,,,353,140,213,,,,121,70,51,0,0,0
07/03/2021 15:00,779,385,394,210,86,124,162,86,76,,,,,,,349,188,161,,,,111,61,50,0,0,0
07/03/2021 16:00,491,234,257,216,94,122,123,57,66,,,,,,,387,174,213,,,,105,70,35,0,0,0
07/03/2021 17:00,350,175,175,119,48,71,109,36,73,,,,,,,348,129,219,,,,52,28,24,0,0,0
07/03/2021 18:00,222,115,107,70,19,51,52,27,25,,,,,,,158,57,101,,,,56,36,20,0,0,0
07/03/2021 19:00,110,47,63,26,10,16,27,20,7,,,,,,,102,37,65,,,,66,34,32,0,0,0
07/03/2021 20:00,90,44,46,19,4,15,27,10,17,,,,,,,39,18,21,,,,43,24,19,0,0,0
07/03/2021 21:00,69,44,25,11,5,6,13,6,7,,,,,,,14,6,8,,,,15,4,11,0,0,0
07/03/2021 22:00,20,7,13,9,2,7,7,3,4,,,,,,,6,2,4,,,,6,2,4,0,0,0
07/03/2021 23:00,9,5,4,2,0,2,4,3,1,,,,,,,2,1,1,,,,6,2,4,0,0,0
08/03/2021 00:00,0,0,0,0,0,0,1,1,0,,,,,,,2,0,2,,,,1,1,0,0,0,0
08/03/2021 01:00,2,2,0,0,0,0,1,0,1,,,,,,,0,0,0,,,,3,3,0,0,0,0
08/03/2021 02:00,0,0,0,0,0,0,0,0,0,,,,,,,0,0,0,,,,1,1,0,0,0,0
08/03/2021 03:00,1,0,1,0,0,0,0,0,0,,,,,,,0,0,0,,,,0,0,0,0,0,0
08/03/2021 04:00,0,0,0,0,0,0,0,0,0,,,,,,,0,0,0,,,,2,2,0,0,0,0
08/03/2021 05:00,7,2,5,1,0,1,1,0,1,,,,,,,0,0,0,,,,2,2,0,0,0,0
08/03/2021 06:00,52,22,30,16,8,8,20,9,11,,,,,,,1,1,0,,,,11,2,9,0,0,0
08/03/2021 07:00,161,65,96,48,26,22,29,12,17,,,,,,,14,9,5,,,,26,12,14,0,0,0
08/03/2021 08:00,189,98,91,47,26,21,34,20,14,,,,,,,64,38,26,,,,95,54,41,0,0,0
08/03/2021 09:00,172,79,93,60,26,34,26,15,11,,,,,,,97,53,44,,,,50,27,23,0,0,0
08/03/2021 10:00,216,106,110,57,27,30,39,17,22,,,,,,,77,40,37,,,,61,31,30,0,0,0
08/03/2021 11:00,302,138,164,85,39,46,65,46,19,,,,,,,96,60,36,,,,75,34,41,0,0,0
08/03/2021 12:00,282,139,143,72,29,43,72,34,38,,,,,,,115,63,52,,,,86,37,49,0,0,0
08/03/2021 13:00,275,152,123,86,30,56,66,26,40,,,,,,,108,57,51,,,,107,67,40,2,1,1
08/03/2021 14:00,264,136,128,49,18,31,44,18,26,,,,,,,153,95,58,,,,140,50,90,0,0,0
08/03/2021 15:00,258,118,140,74,48,26,60,26,34,,,,,,,150,89,61,,,,83,37,46,0,0,0
08/03/2021 16:00,303,164,139,54,30,24,48,26,22,,,,,,,110,59,51,,,,77,46,31,0,0,0
08/03/2021 17:00,282,137,145,71,37,34,84,46,38,,,,,,,121,69,52,,,,94,39,55,0,0,0
08/03/2021 18:00,269,149,120,88,34,54,61,32,29,,,,,,,125,65,60,,,,59,26,33,0,0,0
08/03/2021 19:00,255,127,128,64,45,19,49,26,23,,,,,,,146,66,80,,,,66,34,32,0,0,0
08/03/2021 20:00,218,118,100,52,25,27,38,17,21,,,,,,,69,30,39,,,,28,14,14,0,0,0
08/03/2021 21:00,103,65,38,18,9,9,31,15,16,,,,,,,48,22,26,,,,22,9,13,0,0,0
08/03/2021 22:00,26,11,15,7,3,4,4,2,2,,,,,,,17,5,12,,,,13,8,5,0,0,0
08/03/2021 23:00,4,2,2,4,1,3,1,0,1,,,,,,,6,2,4,,,,12,5,7,0,0,0
09/03/2021 00:00,1,1,0,0,0,0,1,0,1,,,,,,,3,3,0,,,,1,0,1,0,0,0
09/03/2021 01:00,1,1,0,0,0,0,0,0,0,,,,,,,3,2,1,,,,1,0,1,0,0,0
09/03/2021 02:00,0,0,0,0,0,0,0,0,0,,,,,,,0,0,0,,,,8,7,1,0,0,0
09/03/2021 03:00,2,0,2,0,0,0,0,0,0,,,,,,,0,0,0,,,,0,0,0,0,0,0
09/03/2021 04:00,2,1,1,0,0,0,0,0,0,,,,,,,0,0,0,,,,0,0,0,0,0,0
09/03/2021 05:00,3,1,2,0,0,0,1,0,1,,,,,,,0,0,0,,,,1,1,0,0,0,0
09/03/2021 06:00,53,19,34,11,5,6,18,11,7,,,,,,,1,1,0,,,,7,3,4,0,0,0
09/03/2021 07:00,180,74,106,46,24,22,30,16,14,,,,,,,26,18,8,,,,32,9,23,0,0,0
09/03/2021 08:00,201,108,93,62,38,24,48,28,20,,,,,,,67,37,30,,,,91,58,33,0,0,0
09/03/2021 09:00,200,110,90,56,30,26,38,17,21,,,,,,,118,67,51,,,,71,37,34,0,0,0
09/03/2021 10:00,240,108,132,49,31,18,53,27,26,,,,,,,84,43,41,,,,56,25,31,0,0,0
09/03/2021 11:00,237,123,114,57,36,21,44,22,22,,,,,,,76,44,32,,,,63,30,33,0,0,0
09/03/2021 12:00,276,145,131,60,26,34,66,31,35,,,,,,,91,48,43,,,,73,35,38,0,0,0
09/03/2021 13:00,234,118,116,52,18,34,76,40,36,,,,,,,137,72,65,,,,109,51,58,0,0,0
09/03/2021 14:00,174,76,98,51,23,28,41,16,25,,,,,,,156,92,64,,,,80,42,38,0,0,0
09/03/2021 15:00,161,84,77,44,24,20,43,26,17,,,,,,,109,57,52,,,,89,41,48,0,0,0
09/03/2021 16:00,199,94,105,62,34,28,51,28,23,,,,,,,124,61,63,,,,99,54,45,0,0,0
09/03/2021 17:00,191,97,94,60,29,31,42,21,21,,,,,,,103,50,53,,,,134,82,52,0,0,0
09/03/2021 18:00,206,97,109,59,23,36,66,38,28,,,,,,,90,54,36,,,,60,40,20,0,0,0
09/03/2021 19:00,140,72,68,51,22,29,36,20,16,,,,,,,103,44,59,,,,36,15,21,0,0,0
09/03/2021 20:00,91,56,35,27,7,20,35,14,21,,,,,,,61,35,26,,,,28,16,12,0,0,0
09/03/2021 21:00,35,18,17,14,6,8,13,7,6,,,,,,,30,13,17,,,,13,8,5,0,0,0
09/03/2021 22:00,18,15,3,9,7,2,4,1,3,,,,,,,24,13,11,,,,11,7,4,0,0,0
09/03/2021 23:00,5,3,2,0,0,0,4,1,3,,,,,,,3,1,2,,,,7,3,4,0,0,0
10/03/2021 00:00,0,0,0,2,1,1,0,0,0,,,,,,,1,1,0,,,,1,0,1,0,0,0
10/03/2021 01:00,2,0,2,0,0,0,0,0,0,,,,,,,0,0,0,,,,2,1,1,0,0,0
10/03/2021 02:00,0,0,0,0,0,0,0,0,0,,,,,,,0,0,0,,,,1,1,0,0,0,0
10/03/2021 03:00,1,0,1,0,0,0,0,0,0,,,,,,,1,1,0,,,,0,0,0,0,0,0
10/03/2021 04:00,3,2,1,0,0,0,0,0,0,,,,,,,0,0,0,,,,0,0,0,2,1,1
10/03/2021 05:00,4,1,3,3,1,2,2,0,2,,,,,,,3,2,1,,,,1,1,0,0,0,0
10/03/2021 06:00,34,14,20,10,4,6,5,3,2,,,,,,,16,9,7,,,,13,6,7,0,0,0
10/03/2021 07:00,96,45,51,31,13,18,18,13,5,,,,,,,44,28,16,,,,23,10,13,0,0,0
10/03/2021 08:00,138,72,66,83,56,27,30,18,12,,,,,,,94,49,45,,,,71,46,25,0,0,0
10/03/2021 09:00,161,79,82,46,25,21,33,21,12,,,,,,,61,34,27,,,,34,17,17,0,0,0
10/03/2021 10:00,107,60,47,43,21,22,22,12,10,,,,,,,50,21,29,,,,27,9,18,0,0,0
10/03/2021 11:00,85,37,48,25,15,10,28,15,13,,,,,,,23,11,12,,,,26,13,13,0,0,0
10/03/2021 12:00,89,47,42,20,13,7,29,13,16,,,,,,,32,16,16,,,,19,11,8,0,0,0
10/03/2021 13:00,65,33,32,31,16,15,25,10,15,,,,,,,32,18,14,,,,40,14,26,0,0,0
10/03/2021 14:00,132,56,76,39,27,12,27,17,10,,,,,,,50,28,22,,,,60,29,31,0,0,0
10/03/2021 15:00,230,115,115,56,29,27,43,24,19,,,,,,,80,48,32,,,,59,29,30,0,0,0
10/03/2021 16:00,236,116,120,36,20,16,35,14,21,,,,,,,73,40,33,,,,67,38,29,0,0,0
10/03/2021 17:00,202,100,102,53,26,27,57,31,26,,,,,,,100,45,55,,,,76,44,32,0,0,0
10/03/2021 18:00,195,102,93,49,23,26,50,21,29,,,,,,,114,58,56,,,,74,32,42,0,0,0
10/03/2021 19:00,149,78,71,57,33,24,39,11,28,,,,,,,54,25,29,,,,40,19,21,0,0,0
10/03/2021 20:00,107,53,54,46,20,26,47,23,24,,,,,,,29,11,18,,,,25,13,12,0,0,0
10/03/2021 21:00,43,24,19,20,8,12,17,9,8,,,,,,,7,3,4,,,,18,9,9,0,0,0
10/03/2021 22:00,11,7,4,3,0,3,3,3,0,,,,,,,9,5,4,,,,15,7,8,58,42,16
10/03/2021 23:00,4,1,3,1,0,1,2,1,1,,,,,,,0,0,0,,,,3,0,3,0,0,0
11/03/2021 00:00,0,0,0,1,1,0,1,1,0,,,,,,,0,0,0,,,,1,1,0,0,0,0
11/03/2021 01:00,1,0,1,0,0,0,1,0,1,,,,,,,1,1,0,,,,0,0,0,0,0,0
11/03/2021 02:00,0,0,0,0,0,0,0,0,0,,,,,,,0,0,0,,,,1,1,0,0,0,0
11/03/2021 03:00,0,0,0,0,0,0,0,0,0,,,,,,,0,0,0,,,,0,0,0,0,0,0
11/03/2021 04:00,2,1,1,0,0,0,0,0,0,,,,,,,0,0,0,,,,1,1,0,0,0,0
11/03/2021 05:00,0,0,0,0,0,0,0,0,0,,,,,,,2,2,0,,,,1,1,0,0,0,0
11/03/2021 06:00,49,19,30,11,7,4,14,11,3,,,,,,,24,15,9,,,,10,3,7,0,0,0
11/03/2021 07:00,108,46,62,40,18,22,21,11,10,,,,,,,71,48,23,,,,26,10,16,0,0,0
11/03/2021 08:00,147,72,75,52,23,29,39,22,17,,,,,,,100,48,52,,,,94,62,32,0,0,0
11/03/2021 09:00,156,83,73,50,27,23,37,20,17,,,,,,,84,60,24,,,,38,15,23,2,1,1
11/03/2021 10:00,211,110,101,71,36,35,31,20,11,,,,,,,84,53,31,,,,50,22,28,0,0,0
11/03/2021 11:00,234,115,119,80,48,32,52,33,19,,,,,,,92,47,45,,,,37,14,23,0,0,0
11/03/2021 12:00,256,130,126,60,33,27,47,25,22,,,,,,,102,51,51,,,,45,24,21,0,0,0
11/03/2021 13:00,131,57,74,41,24,17,35,22,13,,,,,,,58,35,23,,,,58,32,26,0,0,0
11/03/2021 14:00,109,65,44,45,21,24,17,7,10,,,,,,,48,23,25,,,,51,26,25,0,0,0
11/03/2021 15:00,130,62,68,20,10,10,24,16,8,,,,,,,68,39,29,,,,69,30,39,0,0,0
11/03/2021 16:00,216,115,101,48,31,17,41,25,16,,,,,,,104,68,36,,,,55,29,26,0,0,0
11/03/2021 17:00,260,147,113,78,36,42,56,26,30,,,,,,,126,72,54,,,,107,52,55,3,3,0
11/03/2021 18:00,198,102,96,46,23,23,54,24,30,,,,,,,82,43,39,,,,70,28,42,2,1,1
11/03/2021 19:00,125,62,63,31,15,16,35,15,20,,,,,,,38,23,15,,,,25,16,9,0,0,0
11/03/2021 20:00,100,52,48,38,23,15,34,19,15,,,,,,,40,18,22,,,,28,15,13,0,0,0
11/03/2021 21:00,48,28,20,25,9,16,12,5,7,,,,,,,17,10,7,,,,5,1,4,0,0,0
11/03/2021 22:00,19,11,8,6,3,3,7,6,1,,,,,,,5,4,1,,,,12,8,4,0,0,0
11/03/2021 23:00,3,1,2,1,1,0,1,1,0,,,,,,,1,0,1,,,,10,5,5,0,0,0
12/03/2021 00:00,0,0,0,0,0,0,0,0,0,,,,,,,0,0,0,,,,7,4,3,0,0,0
12/03/2021 01:00,0,0,0,0,0,0,0,0,0,,,,,,,0,0,0,,,,0,0,0,14,2,12
12/03/2021 02:00,0,0,0,0,0,0,0,0,0,,,,,,,0,0,0,,,,0,0,0,0,0,0
12/03/2021 03:00,1,0,1,0,0,0,0,0,0,,,,,,,0,0,0,,,,2,2,0,0,0,0
12/03/2021 04:00,1,0,1,2,1,1,1,0,1,,,,,,,0,0,0,,,,0,0,0,0,0,0
12/03/2021 05:00,4,2,2,0,0,0,0,0,0,,,,,,,1,1,0,,,,0,0,0,0,0,0
12/03/2021 06:00,37,15,22,12,8,4,12,8,4,,,,,,,16,15,1,,,,7,0,7,130,19,111
12/03/2021 07:00,114,57,57,35,19,16,25,9,16,,,,,,,69,41,28,,,,35,16,19,,,
12/03/2021 08:00,157,73,84,46,21,25,39,22,17,,,,,,,104,59,45,,,,71,46,25,1,1,0
12/03/2021 09:00,208,106,102,58,27,31,40,29,11,,,,,,,86,44,42,,,,46,17,29,0,0,0
12/03/2021 10:00,240,126,114,81,41,40,71,45,26,,,,,,,118,71,47,,,,58,27,31,0,0,0
12/03/2021 11:00,264,131,133,106,55,51,77,42,35,,,,,,,119,69,50,,,,101,66,35,1,1,0
12/03/2021 12:00,312,154,158,137,54,83,79,41,38,,,,,,,133,67,66,,,,120,83,37,0,0,0
12/03/2021 13:00,308,169,139,124,66,58,64,32,32,,,,,,,152,90,62,,,,141,83,58,0,0,0
12/03/2021 14:00,259,118,141,87,40,47,51,32,19,,,,,,,175,114,61,,,,97,50,47,21,18,3
12/03/2021 15:00,316,147,169,60,32,28,49,22,27,,,,,,,181,101,80,,,,93,44,49,0,0,0
12/03/2021 16:00,298,137,161,63,29,34,58,26,32,,,,,,,136,59,77,,,,97,35,62,0,0,0
12/03/2021 17:00,186,102,84,50,21,29,52,26,26,,,,,,,86,37,49,,,,73,32,41,0,0,0
12/03/2021 18:00,93,51,42,36,16,20,33,15,18,,,,,,,52,27,25,,,,56,29,27,79,10,69
12/03/2021 19:00,114,55,59,24,18,6,45,24,21,,,,,,,39,16,23,,,,54,28,26,0,0,0
12/03/2021 20:00,73,32,41,22,10,12,19,5,14,,,,,,,26,10,16,,,,44,22,22,52,16,36
12/03/2021 21:00,19,9,10,9,5,4,6,4,2,,,,,,,11,4,7,,,,26,14,12,0,0,0
12/03/2021 22:00,13,8,5,4,1,3,3,3,0,,,,,,,2,1,1,,,,11,8,3,0,0,0
12/03/2021 23:00,1,0,1,0,0,0,3,2,1,,,,,,,2,0,2,,,,6,6,0,0,0,0
13/03/2021 00:00,0,0,0,2,0,2,0,0,0,,,,,,,1,1,0,,,,7,1,6,,,
13/03/2021 01:00,0,0,0,0,0,0,1,0,1,,,,,,,0,0,0,,,,1,0,1,0,0,0
13/03/2021 02:00,0,0,0,0,0,0,0,0,0,,,,,,,0,0,0,,,,2,2,0,0,0,0
13/03/2021 03:00,0,0,0,0,0,0,0,0,0,,,,,,,0,0,0,,,,4,2,2,0,0,0
13/03/2021 04:00,0,0,0,0,0,0,0,0,0,,,,,,,1,1,0,,,,0,0,0,0,0,0
13/03/2021 05:00,0,0,0,0,0,0,0,0,0,,,,,,,0,0,0,,,,8,8,0,0,0,0
13/03/2021 06:00,21,6,15,5,2,3,3,2,1,,,,,,,16,9,7,,,,0,0,0,0,0,0
13/03/2021 07:00,52,30,22,15,10,5,10,6,4,,,,,,,22,13,9,,,,10,3,7,0,0,0
13/03/2021 08:00,126,60,66,48,16,32,23,15,8,,,,,,,60,36,24,,,,26,12,14,73,40,33
13/03/2021 09:00,200,98,102,83,47,36,66,37,29,,,,,,,174,101,73,,,,37,26,11,0,0,0
13/03/2021 10:00,275,152,123,123,65,58,72,46,26,,,,,,,215,130,85,,,,62,32,30,0,0,0
13/03/2021 11:00,402,215,187,171,91,80,132,68,64,,,,,,,308,167,141,,,,67,27,40,0,0,0
13/03/2021 12:00,441,224,217,187,83,104,140,80,60,,,,,,,236,142,94,,,,78,39,39,0,0,0
13/03/2021 13:00,409,199,210,163,78,85,96,58,38,,,,,,,250,130,120,,,,87,46,41,0,0,0
13/03/2021 14:00,377,190,187,176,82,94,94,55,39,,,,,,,233,132,101,,,,105,54,51,0,0,0
13/03/2021 15:00,414,202,212,146,80,66,82,45,37,,,,,,,191,117,74,,,,106,55,51,0,0,0
13/03/2021 16:00,351,171,180,81,46,35,96,52,44,,,,,,,148,71,77,,,,90,38,52,0,0,0
13/03/2021 17:00,163,80,83,42,19,23,47,16,31,,,,,,,91,41,50,,,,59,28,31,0,0,0
13/03/2021 18:00,80,34,46,22,11,11,17,7,10,,,,,,,32,9,23,,,,32,15,17,0,0,0
13/03/2021 19:00,27,11,16,14,10,4,19,13,6,,,,,,,13,4,9,,,,26,12,14,0,0,0
13/03/2021 20:00,14,8,6,3,3,0,1,1,0,,,,,,,2,1,1,,,,25,9,16,43,18,25
13/03/2021 21:00,10,5,5,4,2,2,1,1,0,,,,,,,1,1,0,,,,20,10,10,0,0,0
13/03/2021 22:00,11,6,5,1,0,1,7,3,4,,,,,,,0,0,0,,,,10,7,3,0,0,0
13/03/2021 23:00,2,2,0,0,0,0,1,0,1,,,,,,,2,1,1,,,,6,3,3,0,0,0
14/03/2021 00:00,0,0,0,1,0,1,1,0,1,,,,,,,1,0,1,,,,7,4,3,2,1,1
14/03/2021 01:00,0,0,0,0,0,0,0,0,0,,,,,,,0,0,0,,,,3,2,1,86,17,69
14/03/2021 02:00,0,0,0,0,0,0,0,0,0,,,,,,,1,1,0,,,,0,0,0,0,0,0
14/03/2021 03:00,3,3,0,1,1,0,0,0,0,,,,,,,0,0,0,,,,3,2,1,0,0,0
14/03/2021 04:00,0,0,0,0,0,0,0,0,0,,,,,,,0,0,0,,,,1,1,0,0,0,0
14/03/2021 05:00,1,1,0,0,0,0,0,0,0,,,,,,,1,1,0,,,,0,0,0,0,0,0
14/03/2021 06:00,16,6,10,3,1,2,2,2,0,,,,,,,5,3,2,,,,9,4,5,63,33,30
14/03/2021 07:00,51,22,29,12,7,5,6,2,4,,,,,,,20,9,11,,,,7,1,6,0,0,0
14/03/2021 08:00,127,59,68,35,15,20,30,18,12,,,,,,,66,40,26,,,,19,8,11,0,0,0
14/03/2021 09:00,220,105,115,82,46,36,71,40,31,,,,,,,125,88,37,,,,33,16,17,0,0,0
14/03/2021 10:00,300,177,123,88,33,55,71,41,30,,,,,,,182,96,86,,,,48,24,24,0,0,0
14/03/2021 11:00,242,111,131,77,41,36,66,40,26,,,,,,,131,74,57,,,,39,19,20,4,2,2
14/03/2021 12:00,299,156,143,83,34,49,69,38,31,,,,,,,170,88,82,,,,38,25,13,0,0,0
14/03/2021 13:00,285,150,135,106,47,59,53,31,22,,,,,,,182,91,91,,,,77,44,33,0,0,0
14/03/2021 14:00,303,149,154,72,38,34,47,23,24,,,,,,,137,62,75,,,,57,23,34,0,0,0
14/03/2021 15:00,285,145,140,78,33,45,63,24,39,,,,,,,126,70,56,,,,56,30,26,2,1,1
14/03/2021 16:00,255,124,131,59,31,28,48,28,20,,,,,,,116,58,58,,,,68,32,36,0,0,0
14/03/2021 17:00,248,134,114,52,25,27,48,25,23,,,,,,,100,60,40,,,,60,27,33,0,0,0
14/03/2021 18:00,219,111,108,45,10,35,47,26,21,,,,,,,62,29,33,,,,50,20,30,0,0,0
14/03/2021 19:00,102,56,46,43,16,27,42,19,23,,,,,,,33,16,17,,,,37,21,16,2,1,1
14/03/2021 20:00,79,37,42,23,11,12,26,10,16,,,,,,,10,6,4,,,,20,7,13,0,0,0
14/03/2021 21:00,46,31,15,18,7,11,18,8,10,,,,,,,9,4,5,,,,10,4,6,0,0,0
14/03/2021 22:00,15,7,8,9,2,7,6,4,2,,,,,,,6,2,4,,,,23,10,13,0,0,0
14/03/2021 23:00,0,0,0,2,0,2,4,3,1,,,,,,,0,0,0,,,,11,7,4,0,0,0
15/03/2021 00:00,0,0,0,0,0,0,0,0,0,,,,,,,0,0,0,,,,2,1,1,0,0,0
15/03/2021 01:00,0,0,0,0,0,0,0,0,0,,,,,,,0,0,0,,,,0,0,0,,,
15/03/2021 02:00,0,0,0,0,0,0,2,2,0,,,,,,,0,0,0,,,,0,0,0,0,0,0
15/03/2021 03:00,1,0,1,2,1,1,0,0,0,,,,,,,1,1,0,,,,2,2,0,0,0,0
15/03/2021 04:00,4,2,2,1,1,0,1,1,0,,,,,,,0,0,0,,,,1,0,1,1,1,0
15/03/2021 05:00,0,0,0,2,0,2,0,0,0,,,,,,,3,3,0,,,,2,2,0,0,0,0
15/03/2021 06:00,49,19,30,13,7,6,17,11,6,,,,,,,15,12,3,,,,8,4,4,31,22,9
15/03/2021 07:00,148,65,83,30,13,17,30,16,14,,,,,,,79,46,33,,,,35,13,22,0,0,0
15/03/2021 08:00,185,84,101,52,22,30,41,22,19,,,,,,,105,55,50,,,,95,64,31,0,0,0
15/03/2021 09:00,226,111,115,52,26,26,33,27,6,,,,,,,95,53,42,,,,62,27,35,0,0,0
15/03/2021 10:00,259,132,127,49,22,27,40,21,19,,,,,,,114,69,45,,,,52,36,16,0,0,0
15/03/2021 11:00,259,135,124,77,33,44,53,22,31,,,,,,,112,69,43,,,,69,29,40,0,0,0
15/03/2021 12:00,253,123,130,71,36,35,74,36,38,,,,,,,124,66,58,,,,73,41,32,0,0,0
15/03/2021 13:00,298,166,132,82,39,43,54,18,36,,,,,,,222,133,89,,,,80,38,42,0,0,0
15/03/2021 14:00,225,100,125,49,29,20,36,21,15,,,,,,,133,74,59,,,,109,51,58,57,19,38
15/03/2021 15:00,266,118,148,68,38,30,53,31,22,,,,,,,116,59,57,,,,97,36,61,0,0,0
15/03/2021 16:00,273,144,129,54,26,28,64,31,33,,,,,,,144,70,74,,,,98,49,49,0,0,0
15/03/2021 17:00,243,123,120,85,38,47,61,25,36,,,,,,,150,88,62,,,,65,23,42,0,0,0
15/03/2021 18:00,336,176,160,94,47,47,78,43,35,,,,,,,159,67,92,,,,88,51,37,142,42,100
15/03/2021 19:00,279,133,146,78,38,40,71,39,32,,,,,,,88,40,48,,,,91,44,47,0,0,0
15/03/2021 20:00,211,118,93,54,18,36,59,21,38,,,,,,,56,27,29,,,,45,23,22,0,0,0
15/03/2021 21:00,98,57,41,33,15,18,25,13,12,,,,,,,29,15,14,,,,20,9,11,140,46,94
15/03/2021 22:00,29,13,16,9,4,5,11,3,8,,,,,,,0,0,0,,,,7,3,4,0,0,0
15/03/2021 23:00,11,8,3,5,2,3,6,3,3,,,,,,,0,0,0,,,,2,0,2,0,0,0
16/03/2021 00:00,0,0,0,0,0,0,2,1,1,,,,,,,0,0,0,,,,2,1,1,0,0,0
16/03/2021 01:00,0,0,0,0,0,0,1,0,1,,,,,,,0,0,0,,,,0,0,0,0,0,0
16/03/2021 02:00,0,0,0,0,0,0,0,0,0,,,,,,,0,0,0,,,,1,1,0,0,0,0
16/03/2021 03:00,1,0,1,0,0,0,0,0,0,,,,,,,1,1,0,,,,1,1,0,0,0,0
16/03/2021 04:00,0,0,0,0,0,0,0,0,0,,,,,,,0,0,0,,,,1,1,0,0,0,0
16/03/2021 05:00,6,1,5,0,0,0,1,0,1,,,,,,,1,1,0,,,,1,0,1,0,0,0
16/03/2021 06:00,49,22,27,10,4,6,22,14,8,,,,,,,31,23,8,,,,7,1,6,0,0,0
16/03/2021 07:00,137,55,82,32,14,18,21,12,9,,,,,,,66,38,28,,,,27,14,13,0,0,0
16/03/2021 08:00,187,91,96,55,32,23,59,31,28,,,,,,,108,62,46,,,,95,61,34,0,0,0
16/03/2021 09:00,207,109,98,53,37,16,38,22,16,,,,,,,98,49,49,,,,72,26,46,0,0,0
16/03/2021 10:00,228,99,129,45,22,23,46,14,32,,,,,,,92,58,34,,,,52,28,24,3,2,1
16/03/2021 11:00,309,144,165,109,57,52,47,26,21,,,,,,,160,95,65,,,,67,28,39,0,0,0
16/03/2021 12:00,308,159,149,96,52,44,74,38,36,,,,,,,208,116,92,,,,88,51,37,0,0,0
16/03/2021 13:00,410,226,184,115,52,63,97,57,40,,,,,,,298,174,124,,,,102,62,40,24,5,19
16/03/2021 14:00,360,179,181,89,40,49,82,51,31,,,,,,,247,128,119,,,,140,75,65,0,0,0
16/03/2021 15:00,406,200,206,137,66,71,105,59,46,,,,,,,201,131,70,,,,117,64,53,0,0,0
16/03/2021 16:00,404,211,193,147,76,71,102,64,38,,,,,,,239,152,87,,,,120,51,69,0,0,0
16/03/2021 17:00,359,197,162,104,57,47,106,53,53,,,,,,,238,135,103,,,,113,43,70,0,0,0
16/03/2021 18:00,395,199,196,87,32,55,92,41,51,,,,,,,176,100,76,,,,113,55,58,0,0,0
16/03/2021 19:00,277,153,124,99,42,57,60,34,26,,,,,,,87,35,52,,,,46,26,20,0,0,0
16/03/2021 20:00,233,126,107,58,17,41,53,24,29,,,,,,,39,16,23,,,,33,18,15,0,0,0
16/03/2021 21:00,106,53,53,28,8,20,15,4,11,,,,,,,18,11,7,,,,19,7,12,1,1,0
16/03/2021 22:00,28,14,14,17,8,9,19,8,11,,,,,,,7,2,5,,,,30,9,21,0,0,0
16/03/2021 23:00,13,7,6,13,9,4,9,8,1,,,,,,,0,0,0,,,,20,10,10,0,0,0
17/03/2021 00:00,0,0,0,3,0,3,5,2,3,,,,,,,0,0,0,,,,17,6,11,0,0,0
17/03/2021 01:00,2,1,1,2,0,2,2,1,1,,,,,,,0,0,0,,,,2,0,2,2,1,1
17/03/2021 02:00,2,2,0,2,1,1,1,0,1,,,,,,,0,0,0,,,,9,6,3,0,0,0
17/03/2021 03:00,0,0,0,2,0,2,0,0,0,,,,,,,0,0,0,,,,6,4,2,1,1,0
17/03/2021 04:00,2,2,0,1,1,0,0,0,0,,,,,,,0,0,0,,,,0,0,0,0,0,0
17/03/2021 05:00,5,3,2,3,3,0,0,0,0,,,,,,,3,3,0,,,,3,2,1,1,1,0
17/03/2021 06:00,34,14,20,14,7,7,7,6,1,,,,,,,17,12,5,,,,8,4,4,0,0,0
17/03/2021 07:00,92,41,51,15,7,8,18,10,8,,,,,,,41,25,16,,,,11,5,6,0,0,0
17/03/2021 08:00,199,91,108,61,34,27,47,29,18,,,,,,,76,46,30,,,,35,19,16,0,0,0
17/03/2021 09:00,278,142,136,99,50,49,55,26,29,,,,,,,158,95,63,,,,33,18,15,0,0,0
17/03/2021 10:00,369,191,178,121,67,54,96,55,41,,,,,,,267,174,93,,,,66,39,27,0,0,0
17/03/2021 11:00,391,197,194,153,79,74,98,54,44,,,,,,,331,191,140,,,,117,49,68,1,1,0
17/03/2021 12:00,479,250,229,198,88,110,127,70,57,,,,,,,312,182,130,,,,126,59,67,0,0,0
17/03/2021 13:00,501,273,228,252,143,109,118,70,48,,,,,,,360,179,181,,,,130,58,72,1,1,0
17/03/2021 14:00,613,307,306,279,137,142,153,101,52,,,,,,,409,267,142,,,,119,59,60,0,0,0
17/03/2021 15:00,641,330,311,228,117,111,163,77,86,,,,,,,355,215,140,,,,128,67,61,0,0,0
17/03/2021 16:00,542,292,250,227,87,140,188,85,103,,,,,,,484,299,185,,,,144,60,84,0,0,0
17/03/2021 17:00,454,206,248,144,45,99,117,55,62,,,,,,,272,144,128,,,,157,57,100,0,0,0
17/03/2021 18:00,288,159,129,79,43,36,88,44,44,,,,,,,130,54,76,,,,69,35,34,0,0,0
17/03/2021 19:00,129,70,59,51,27,24,35,21,14,,,,,,,66,26,40,,,,47,22,25,0,0,0
17/03/2021 20:00,78,44,34,36,16,20,28,15,13,,,,,,,24,9,15,,,,59,29,30,0,0,0
17/03/2021 21:00,44,21,23,10,5,5,7,4,3,,,,,,,14,7,7,,,,53,29,24,0,0,0
17/03/2021 22:00,21,9,12,13,5,8,19,9,10,,,,,,,5,3,2,,,,40,21,19,0,0,0
17/03/2021 23:00,8,6,2,2,2,0,5,2,3,,,,,,,0,0,0,,,,27,14,13,0,0,0
18/03/2021 00:00,0,0,0,0,0,0,1,1,0,,,,,,,0,0,0,,,,24,13,11,0,0,0
18/03/2021 01:00,3,1,2,3,0,3,1,0,1,,,,,,,0,0,0,,,,15,3,12,0,0,0
18/03/2021 02:00,0,0,0,1,1,0,0,0,0,,,,,,,0,0,0,,,,20,7,13,0,0,0
18/03/2021 03:00,1,0,1,0,0,0,0,0,0,,,,,,,0,0,0,,,,0,0,0,0,0,0
18/03/2021 04:00,1,1,0,0,0,0,0,0,0,,,,,,,0,0,0,,,,2,2,0,0,0,0
18/03/2021 05:00,4,1,3,1,0,1,3,1,2,,,,,,,3,2,1,,,,2,2,0,0,0,0
18/03/2021 06:00,45,21,24,15,9,6,14,12,2,,,,,,,20,15,5,,,,5,1,4,0,0,0
18/03/2021 07:00,111,55,56,33,16,17,17,10,7,,,,,,,53,33,20,,,,24,10,14,0,0,0
18/03/2021 08:00,153,69,84,45,21,24,21,13,8,,,,,,,83,41,42,,,,88,59,29,0,0,0
18/03/2021 09:00,186,90,96,50,24,26,40,25,15,,,,,,,85,53,32,,,,41,15,26,0,0,0
18/03/2021 10:00,235,134,101,65,33,32,42,20,22,,,,,,,90,46,44,,,,50,23,27,0,0,0
18/03/2021 11:00,282,133,149,81,44,37,46,27,19,,,,,,,98,47,51,,,,69,35,34,,,
18/03/2021 12:00,279,147,132,74,36,38,59,28,31,,,,,,,107,50,57,,,,64,27,37,0,0,0
18/03/2021 13:00,275,149,126,78,40,38,49,24,25,,,,,,,173,104,69,,,,69,36,33,1,1,0
18/03/2021 14:00,250,128,122,71,31,40,36,26,10,,,,,,,182,102,80,,,,137,53,84,1,1,0
18/03/2021 15:00,242,129,113,66,33,33,53,24,29,,,,,,,140,81,59,,,,118,47,71,1,1,0
18/03/2021 16:00,259,130,129,82,44,38,56,33,23,,,,,,,136,71,65,,,,71,32,39,1,1,0
18/03/2021 17:00,325,162,163,70,43,27,50,22,28,,,,,,,152,93,59,,,,93,45,48,0,0,0
18/03/2021 18:00,299,166,133,113,53,60,89,53,36,,,,,,,146,86,60,,,,85,41,44,0,0,0
18/03/2021 19:00,272,150,122,81,30,51,71,42,29,,,,,,,76,41,35,,,,46,19,27,0,0,0
18/03/2021 20:00,160,80,80,59,30,29,49,15,34,,,,,,,40,18,22,,,,27,12,15,0,0,0
18/03/2021 21:00,90,47,43,22,6,16,24,15,9,,,,,,,7,1,6,,,,7,3,4,0,0,0
18/03/2021 22:00,28,14,14,8,1,7,8,5,3,,,,,,,3,1,2,,,,11,8,3,0,0,0
18/03/2021 23:00,11,5,6,3,3,0,1,1,0,,,,,,,1,0,1,,,,5,3,2,0,0,0
19/03/2021 00:00,1,0,1,0,0,0,5,1,4,,,,,,,0,0,0,,,,5,2,3,0,0,0
19/03/2021 01:00,0,0,0,0,0,0,0,0,0,,,,,,,1,1,0,,,,3,1,2,0,0,0
19/03/2021 02:00,0,0,0,0,0,0,0,0,0,,,,,,,0,0,0,,,,0,0,0,0,0,0
19/03/2021 03:00,0,0,0,0,0,0,0,0,0,,,,,,,0,0,0,,,,0,0,0,0,0,0
19/03/2021 04:00,0,0,0,1,1,0,0,0,0,,,,,,,0,0,0,,,,1,1,0,0,0,0
19/03/2021 05:00,5,3,2,1,0,1,0,0,0,,,,,,,2,2,0,,,,4,3,1,0,0,0
19/03/2021 06:00,45,17,28,12,5,7,11,7,4,,,,,,,21,15,6,,,,3,1,2,1,1,0
19/03/2021 07:00,159,76,83,44,19,25,31,16,15,,,,,,,74,42,32,,,,23,8,15,1,1,0
19/03/2021 08:00,164,80,84,50,28,22,37,22,15,,,,,,,92,52,40,,,,98,65,33,0,0,0
19/03/2021 09:00,219,123,96,74,39,35,34,24,10,,,,,,,116,71,45,,,,50,23,27,0,0,0
19/03/2021 10:00,306,156,150,85,45,40,59,40,19,,,,,,,124,70,54,,,,53,28,25,0,0,0
19/03/2021 11:00,303,142,161,113,61,52,63,36,27,,,,,,,147,73,74,,,,70,31,39,1,1,0
19/03/2021 12:00,298,145,153,83,36,47,79,43,36,,,,,,,130,60,70,,,,88,41,47,0,0,0
19/03/2021 13:00,275,129,146,134,76,58,70,35,35,,,,,,,231,113,118,,,,92,45,47,0,0,0
19/03/2021 14:00,266,138,128,89,44,45,72,37,35,,,,,,,234,125,109,,,,136,66,70,0,0,0
19/03/2021 15:00,372,176,196,103,45,58,70,31,39,,,,,,,278,125,153,,,,103,40,63,0,0,0
19/03/2021 16:00,436,205,231,156,69,87,112,53,59,,,,,,,291,134,157,,,,96,53,43,0,0,0
19/03/2021 17:00,378,185,193,92,45,47,97,52,45,,,,,,,252,108,144,,,,91,52,39,0,0,0
19/03/2021 18:00,344,155,189,110,38,72,79,46,33,,,,,,,158,66,92,,,,84,44,40,0,0,0
19/03/2021 19:00,287,152,135,51,20,31,48,24,24,,,,,,,57,24,33,,,,89,49,40,0,0,0
19/03/2021 20:00,135,70,65,52,35,17,47,22,25,,,,,,,23,7,16,,,,48,18,30,0,0,0
19/03/2021 21:00,87,37,50,26,9,17,25,8,17,,,,,,,11,6,5,,,,22,9,13,0,0,0
19/03/2021 22:00,46,19,27,13,7,6,8,4,4,,,,,,,8,4,4,,,,32,15,17,0,0,0
19/03/2021 23:00,8,4,4,6,3,3,2,2,0,,,,,,,3,1,2,,,,13,11,2,0,0,0
20/03/2021 00:00,0,0,0,1,1,0,5,0,5,,,,,,,0,0,0,,,,12,1,11,0,0,0
20/03/2021 01:00,4,0,4,2,1,1,1,1,0,,,,,,,0,0,0,,,,9,4,5,0,0,0
20/03/2021 02:00,0,0,0,0,0,0,3,0,3,,,,,,,0,0,0,,,,2,0,2,0,0,0
20/03/2021 03:00,0,0,0,2,1,1,0,0,0,,,,,,,0,0,0,,,,5,2,3,0,0,0
20/03/2021 04:00,0,0,0,2,2,0,0,0,0,,,,,,,0,0,0,,,,3,2,1,0,0,0
20/03/2021 05:00,5,2,3,0,0,0,0,0,0,,,,,,,0,0,0,,,,1,1,0,0,0,0
20/03/2021 06:00,36,12,24,6,4,2,6,5,1,,,,,,,11,7,4,,,,3,3,0,0,0,0
20/03/2021 07:00,71,32,39,23,13,10,17,7,10,,,,,,,30,18,12,,,,13,5,8,0,0,0
20/03/2021 08:00,146,70,76,36,23,13,31,21,10,,,,,,,53,31,22,,,,36,18,18,0,0,0
20/03/2021 09:00,230,104,126,65,31,34,67,41,26,,,,,,,153,95,58,,,,32,18,14,0,0,0
20/03/2021 10:00,306,169,137,111,49,62,81,55,26,,,,,,,197,136,61,,,,69,31,38,0,0,0
20/03/2021 11:00,346,175,171,119,77,42,104,52,52,,,,,,,237,127,110,,,,103,52,51,0,0,0
20/03/2021 12:00,382,177,205,133,42,91,116,55,61,,,,,,,241,120,121,,,,83,48,35,0,0,0
20/03/2021 13:00,367,182,185,113,64,49,114,57,57,,,,,,,226,130,96,,,,79,37,42,0,0,0
20/03/2021 14:00,402,211,191,126,68,58,95,58,37,,,,,,,239,135,104,,,,85,42,43,0,0,0
20/03/2021 15:00,437,214,223,139,61,78,74,42,32,,,,,,,239,135,104,,,,108,67,41,0,0,0
20/03/2021 16:00,341,177,164,131,56,75,80,48,32,,,,,,,151,65,86,,,,118,52,66,0,0,0
20/03/2021 17:00,251,126,125,65,39,26,43,20,23,,,,,,,126,51,75,,,,73,36,37,0,0,0
20/03/2021 18:00,185,69,116,44,21,23,46,25,21,,,,,,,43,18,25,,,,42,20,22,0,0,0
20/03/2021 19:00,143,80,63,36,18,18,37,12,25,,,,,,,27,17,10,,,,48,13,35,0,0,0
20/03/2021 20:00,85,42,43,22,6,16,11,6,5,,,,,,,16,9,7,,,,28,11,17,0,0,0
20/03/2021 21:00,57,35,22,11,5,6,14,7,7,,,,,,,17,8,9,,,,38,18,20,0,0,0
20/03/2021 22:00,33,15,18,8,3,5,3,2,1,,,,,,,4,0,4,,,,35,14,21,0,0,0
20/03/2021 23:00,24,11,13,1,1,0,3,0,3,,,,,,,2,2,0,,,,10,7,3,0,0,0
21/03/2021 00:00,0,0,0,2,0,2,1,0,1,,,,,,,4,1,3,,,,4,2,2,0,0,0
21/03/2021 01:00,0,0,0,1,1,0,1,0,1,,,,,,,0,0,0,,,,2,2,0,0,0,0
21/03/2021 02:00,1,1,0,2,2,0,3,2,1,,,,,,,0,0,0,,,,5,0,5,0,0,0
21/03/2021 03:00,2,2,0,0,0,0,4,3,1,,,,,,,0,0,0,,,,4,3,1,0,0,0
21/03/2021 04:00,1,1,0,0,0,0,0,0,0,,,,,,,0,0,0,,,,10,5,5,0,0,0
21/03/2021 05:00,1,1,0,0,0,0,0,0,0,,,,,,,1,1,0,,,,0,0,0,0,0,0
21/03/2021 06:00,22,9,13,3,2,1,2,2,0,,,,,,,5,2,3,,,,5,2,3,0,0,0
21/03/2021 07:00,77,35,42,20,6,14,14,7,7,,,,,,,32,18,14,,,,10,6,4,0,0,0
21/03/2021 08:00,152,70,82,38,19,19,28,15,13,,,,,,,67,37,30,,,,28,9,19,0,0,0
21/03/2021 09:00,271,136,135,82,43,39,84,51,33,,,,,,,123,77,46,,,,36,21,15,0,0,0
21/03/2021 10:00,385,204,181,114,54,60,108,56,52,,,,,,,185,117,68,,,,71,41,30,0,0,0
21/03/2021 11:00,459,211,248,136,76,60,110,63,47,,,,,,,263,150,113,,,,92,44,48,0,0,0
21/03/2021 12:00,445,245,200,150,75,75,124,68,56,,,,,,,295,179,116,,,,73,30,43,0,0,0
21/03/2021 13:00,509,252,257,168,100,68,106,56,50,,,,,,,290,148,142,,,,116,70,46,0,0,0
21/03/2021 14:00,639,303,336,170,91,79,119,71,48,,,,,,,325,194,131,,,,109,60,49,0,0,0
21/03/2021 15:00,716,378,338,227,101,126,166,97,69,,,,,,,395,166,229,,,,125,79,46,0,0,0
21/03/2021 16:00,710,376,334,198,93,105,164,81,83,,,,,,,428,216,212,,,,137,89,48,0,0,0
21/03/2021 17:00,442,207,235,155,57,98,113,30,83,,,,,,,262,138,124,,,,91,54,37,0,0,0
21/03/2021 18:00,322,159,163,93,33,60,76,31,45,,,,,,,95,36,59,,,,77,42,35,0,0,0
21/03/2021 19:00,158,84,74,61,30,31,30,17,13,,,,,,,43,20,23,,,,51,20,31,0,0,0
21/03/2021 20:00,94,49,45,29,12,17,21,11,10,,,,,,,25,9,16,,,,25,10,15,0,0,0
21/03/2021 21:00,39,23,16,13,6,7,20,9,11,,,,,,,7,4,3,,,,11,2,9,0,0,0
21/03/2021 22:00,22,12,10,18,6,12,7,4,3,,,,,,,2,0,2,,,,18,13,5,0,0,0
21/03/2021 23:00,6,1,5,1,1,0,0,0,0,,,,,,,0,0,0,,,,7,4,3,0,0,0
22/03/2021 00:00,0,0,0,1,0,1,1,0,1,,,,,,,1,1,0,,,,2,1,1,0,0,0
22/03/2021 01:00,1,0,1,0,0,0,0,0,0,,,,,,,0,0,0,,,,3,0,3,0,0,0
22/03/2021 02:00,0,0,0,0,0,0,0,0,0,,,,,,,0,0,0,,,,3,0,3,0,0,0
22/03/2021 03:00,3,1,2,2,2,0,0,0,0,,,,,,,0,0,0,,,,3,2,1,0,0,0
22/03/2021 04:00,0,0,0,1,1,0,0,0,0,,,,,,,0,0,0,,,,0,0,0,0,0,0
22/03/2021 05:00,5,3,2,2,0,2,0,0,0,,,,,,,1,1,0,,,,2,0,2,0,0,0
22/03/2021 06:00,65,29,36,9,4,5,16,10,6,,,,,,,24,17,7,,,,10,4,6,0,0,0
22/03/2021 07:00,146,61,85,42,21,21,36,17,19,,,,,,,71,38,33,,,,29,10,19,0,0,0
22/03/2021 08:00,164,100,64,54,27,27,52,33,19,,,,,,,97,55,42,,,,87,49,38,0,0,0
22/03/2021 09:00,233,105,128,47,20,27,36,19,17,,,,,,,113,63,50,,,,52,23,29,0,0,0
22/03/2021 10:00,239,120,119,41,21,20,37,20,17,,,,,,,96,44,52,,,,37,18,19,0,0,0
22/03/2021 11:00,239,116,123,43,24,19,50,27,23,,,,,,,82,46,36,,,,56,31,25,0,0,0
22/03/2021 12:00,258,129,129,65,34,31,65,25,40,,,,,,,96,49,47,,,,89,48,41,0,0,0
22/03/2021 13:00,234,117,117,74,42,32,54,30,24,,,,,,,152,93,59,,,,61,35,26,0,0,0
22/03/2021 14:00,158,69,89,52,28,24,41,25,16,,,,,,,122,73,49,,,,93,48,45,0,0,0
22/03/2021 15:00,173,87,86,48,22,26,30,21,9,,,,,,,126,57,69,,,,77,28,49,0,0,0
22/03/2021 16:00,204,101,103,55,31,24,49,24,25,,,,,,,95,47,48,,,,75,29,46,0,0,0
22/03/2021 17:00,224,118,106,67,38,29,65,36,29,,,,,,,130,66,64,,,,76,38,38,0,0,0
22/03/2021 18:00,286,143,143,70,37,33,56,29,27,,,,,,,147,81,66,,,,77,37,40,0,0,0
22/03/2021 19:00,261,122,139,76,26,50,79,42,37,,,,,,,91,44,47,,,,48,21,27,0,0,0
22/03/2021 20:00,231,126,105,51,18,33,87,34,53,,,,,,,30,18,12,,,,41,18,23,0,0,0
22/03/2021 21:00,94,50,44,25,10,15,44,19,25,,,,,,,23,7,16,,,,26,17,9,0,0,0
22/03/2021 22:00,39,26,13,13,6,7,7,3,4,,,,,,,6,1,5,,,,12,5,7,0,0,0
22/03/2021 23:00,5,2,3,2,2,0,0,0,0,,,,,,,4,2,2,,,,0,0,0,57,3,54
23/03/2021 00:00,0,0,0,0,0,0,2,1,1,,,,,,,2,1,1,,,,2,1,1,0,0,0
23/03/2021 01:00,0,0,0,1,0,1,1,0,1,,,,,,,1,0,1,,,,0,0,0,0,0,0
23/03/2021 02:00,0,0,0,0,0,0,0,0,0,,,,,,,0,0,0,,,,1,1,0,0,0,0
23/03/2021 03:00,1,0,1,0,0,0,0,0,0,,,,,,,0,0,0,,,,0,0,0,0,0,0
23/03/2021 04:00,0,0,0,0,0,0,0,0,0,,,,,,,0,0,0,,,,0,0,0,0,0,0
23/03/2021 05:00,8,3,5,2,2,0,0,0,0,,,,,,,1,1,0,,,,2,1,1,0,0,0
23/03/2021 06:00,43,19,24,11,7,4,6,6,0,,,,,,,33,22,11,,,,4,1,3,0,0,0
23/03/2021 07:00,151,68,83,55,23,32,48,24,24,,,,,,,76,41,35,,,,31,12,19,0,0,0
23/03/2021 08:00,160,78,82,50,31,19,55,30,25,,,,,,,129,64,65,,,,63,40,23,0,0,0
23/03/2021 09:00,194,92,102,58,30,28,43,24,19,,,,,,,92,48,44,,,,42,24,18,0,0,0
23/03/2021 10:00,244,121,123,55,26,29,39,18,21,,,,,,,97,66,31,,,,62,33,29,0,0,0
23/03/2021 11:00,266,114,152,80,35,45,62,29,33,,,,,,,107,55,52,,,,59,28,31,0,0,0
23/03/2021 12:00,273,134,139,87,39,48,57,31,26,,,,,,,100,48,52,,,,64,29,35,0,0,0
23/03/2021 13:00,232,137,95,61,36,25,56,26,30,,,,,,,136,88,48,,,,92,45,47,0,0,0
23/03/2021 14:00,192,79,113,50,26,24,43,21,22,,,,,,,135,59,76,,,,78,39,39,0,0,0
23/03/2021 15:00,190,98,92,49,28,21,44,17,27,,,,,,,88,49,39,,,,92,42,50,0,0,0
23/03/2021 16:00,206,109,97,52,29,23,54,31,23,,,,,,,99,50,49,,,,62,26,36,0,0,0
23/03/2021 17:00,228,119,109,64,32,32,61,33,28,,,,,,,93,52,41,,,,82,40,42,0,0,0
23/03/2021 18:00,318,174,144,87,42,45,55,24,31,,,,,,,150,74,76,,,,80,38,42,0,0,0
23/03/2021 19:00,250,129,121,58,29,29,53,32,21,,,,,,,50,19,31,,,,53,29,24,0,0,0
23/03/2021 20:00,160,84,76,57,22,35,45,28,17,,,,,,,20,7,13,,,,25,9,16,0,0,0
23/03/2021 21:00,98,49,49,25,13,12,24,10,14,,,,,,,14,8,6,,,,64,28,36,0,0,0
23/03/2021 22:00,33,18,15,11,6,5,12,5,7,,,,,,,6,3,3,,,,4,1,3,0,0,0
23/03/2021 23:00,3,1,2,5,3,2,1,1,0,,,,,,,0,0,0,,,,9,7,2,0,0,0
24/03/2021 00:00,0,0,0,0,0,0,0,0,0,,,,,,,0,0,0,,,,3,1,2,0,0,0
24/03/2021 01:00,0,0,0,1,1,0,0,0,0,,,,,,,1,1,0,,,,0,0,0,0,0,0
24/03/2021 02:00,1,1,0,1,0,1,0,0,0,,,,,,,0,0,0,,,,1,1,0,0,0,0
24/03/2021 03:00,1,0,1,1,0,1,0,0,0,,,,,,,0,0,0,,,,2,2,0,0,0,0
24/03/2021 04:00,1,1,0,0,0,0,0,0,0,,,,,,,1,1,0,,,,1,0,1,0,0,0
24/03/2021 05:00,7,2,5,1,0,1,0,0,0,,,,,,,1,1,0,,,,2,2,0,0,0,0
24/03/2021 06:00,49,20,29,17,9,8,10,8,2,,,,,,,30,23,7,,,,19,10,9,0,0,0
24/03/2021 07:00,152,69,83,44,28,16,38,21,17,,,,,,,99,63,36,,,,30,16,14,0,0,0
24/03/2021 08:00,191,95,96,79,38,41,46,23,23,,,,,,,136,73,63,,,,80,50,30,0,0,0
24/03/2021 09:00,252,121,131,90,47,43,50,28,22,,,,,,,126,72,54,,,,65,37,28,0,0,0
24/03/2021 10:00,318,142,176,91,41,50,59,31,28,,,,,,,135,81,54,,,,74,39,35,0,0,0
24/03/2021 11:00,345,195,150,103,54,49,84,49,35,,,,,,,148,75,73,,,,76,38,38,0,0,0
24/03/2021 12:00,293,138,155,77,36,41,73,38,35,,,,,,,147,70,77,,,,84,47,37,0,0,0
24/03/2021 13:00,247,135,112,80,42,38,76,31,45,,,,,,,166,95,71,,,,76,40,36,0,0,0
24/03/2021 14:00,212,93,119,73,45,28,47,27,20,,,,,,,146,91,55,,,,99,44,55,0,0,0
24/03/2021 15:00,223,106,117,57,24,33,45,17,28,,,,,,,130,73,57,,,,66,28,38,0,0,0
24/03/2021 16:00,233,103,130,66,37,29,35,20,15,,,,,,,124,58,66,,,,69,36,33,0,0,0
24/03/2021 17:00,277,146,131,95,51,44,74,33,41,,,,,,,109,64,45,,,,96,54,42,0,0,0
24/03/2021 18:00,278,147,131,60,31,29,79,54,25,,,,,,,131,65,66,,,,89,44,45,0,0,0
24/03/2021 19:00,294,152,142,69,32,37,74,41,33,,,,,,,94,46,48,,,,62,26,36,0,0,0
24/03/2021 20:00,214,116,98,58,30,28,45,24,21,,,,,,,52,19,33,,,,30,11,19,0,0,0
24/03/2021 21:00,88,42,46,32,13,19,23,13,10,,,,,,,23,9,14,,,,21,10,11,0,0,0
24/03/2021 22:00,35,21,14,15,8,7,14,3,11,,,,,,,4,2,2,,,,25,20,5,0,0,0
24/03/2021 23:00,6,1,5,0,0,0,6,0,6,,,,,,,1,0,1,,,,57,28,29,0,0,0
25/03/2021 00:00,0,0,0,0,0,0,1,1,0,,,,,,,0,0,0,,,,7,5,2,0,0,0
25/03/2021 01:00,0,0,0,0,0,0,3,2,1,,,,,,,0,0,0,,,,5,2,3,0,0,0
25/03/2021 02:00,0,0,0,0,0,0,0,0,0,,,,,,,0,0,0,,,,0,0,0,0,0,0
25/03/2021 03:00,0,0,0,1,0,1,0,0,0,,,,,,,0,0,0,,,,0,0,0,1,1,0
25/03/2021 04:00,1,0,1,0,0,0,0,0,0,,,,,,,0,0,0,,,,1,1,0,0,0,0
25/03/2021 05:00,4,1,3,2,0,2,3,0,3,,,,,,,2,2,0,,,,0,0,0,0,0,0
25/03/2021 06:00,59,25,34,16,6,10,18,11,7,,,,,,,22,15,7,,,,9,3,6,0,0,0
25/03/2021 07:00,139,63,76,43,16,27,26,15,11,,,,,,,88,44,44,,,,32,10,22,2,0,2
25/03/2021 08:00,150,84,66,47,23,24,42,25,17,,,,,,,78,37,41,,,,63,43,20,0,0,0
25/03/2021 09:00,200,83,117,39,27,12,37,18,19,,,,,,,76,49,27,,,,32,17,15,0,0,0
25/03/2021 10:00,223,95,128,56,24,32,36,23,13,,,,,,,91,60,31,,,,51,30,21,109,66,43
25/03/2021 11:00,224,118,106,57,26,31,61,32,29,,,,,,,110,51,59,,,,66,34,32,0,0,0
25/03/2021 12:00,202,96,106,72,44,28,47,24,23,,,,,,,107,49,58,,,,48,26,22,0,0,0
25/03/2021 13:00,205,113,92,76,49,27,35,19,16,,,,,,,145,93,52,,,,62,31,31,2,1,1
25/03/2021 14:00,174,85,89,72,38,34,64,35,29,,,,,,,154,77,77,,,,77,37,40,0,0,0
25/03/2021 15:00,218,109,109,64,37,27,33,20,13,,,,,,,99,43,56,,,,100,41,59,1,1,0
25/03/2021 16:00,231,109,122,42,22,20,49,25,24,,,,,,,109,49,60,,,,78,40,38,22,10,12
25/03/2021 17:00,293,135,158,74,35,39,65,41,24,,,,,,,116,62,54,,,,95,36,59,0,0,0
25/03/2021 18:00,308,169,139,94,42,52,75,37,38,,,,,,,137,71,66,,,,77,42,35,0,0,0
25/03/2021 19:00,294,153,141,83,40,43,82,38,44,,,,,,,102,46,56,,,,76,33,43,0,0,0
25/03/2021 20:00,186,81,105,51,19,32,49,21,28,,,,,,,38,20,18,,,,45,19,26,1,1,0
25/03/2021 21:00,99,53,46,27,12,15,22,8,14,,,,,,,13,5,8,,,,40,22,18,0,0,0
25/03/2021 22:00,30,13,17,5,2,3,7,3,4,,,,,,,3,2,1,,,,31,15,16,0,0,0
25/03/2021 23:00,6,2,4,4,1,3,1,1,0,,,,,,,2,1,1,,,,6,3,3,0,0,0
26/03/2021 00:00,0,0,0,0,0,0,3,2,1,,,,,,,2,2,0,,,,2,2,0,0,0,0
26/03/2021 01:00,3,2,1,0,0,0,0,0,0,,,,,,,0,0,0,,,,5,2,3,0,0,0
26/03/2021 02:00,0,0,0,0,0,0,0,0,0,,,,,,,0,0,0,,,,1,1,0,0,0,0
26/03/2021 03:00,0,0,0,0,0,0,0,0,0,,,,,,,0,0,0,,,,0,0,0,0,0,0
26/03/2021 04:00,0,0,0,0,0,0,2,2,0,,,,,,,0,0,0,,,,0,0,0,0,0,0
26/03/2021 05:00,1,0,1,0,0,0,2,2,0,,,,,,,1,1,0,,,,4,3,1,0,0,0
26/03/2021 06:00,51,21,30,17,11,6,13,8,5,,,,,,,26,20,6,,,,8,3,5,0,0,0
26/03/2021 07:00,112,61,51,48,23,25,39,24,15,,,,,,,79,44,35,,,,28,12,16,0,0,0
26/03/2021 08:00,184,88,96,44,26,18,49,27,22,,,,,,,148,86,62,,,,59,31,28,0,0,0
26/03/2021 09:00,230,107,123,67,34,33,44,27,17,,,,,,,113,68,45,,,,51,37,14,0,0,0
26/03/2021 10:00,270,148,122,81,34,47,64,37,27,,,,,,,142,75,67,,,,49,27,22,0,0,0
26/03/2021 11:00,230,120,110,82,40,42,45,23,22,,,,,,,125,67,58,,,,68,30,38,0,0,0
26/03/2021 12:00,136,71,65,58,33,25,39,19,20,,,,,,,217,119,98,,,,87,43,44,0,0,0
26/03/2021 13:00,122,49,73,42,22,20,31,17,14,,,,,,,124,57,67,,,,35,19,16,0,0,0
26/03/2021 14:00,180,88,92,71,34,37,31,15,16,,,,,,,87,52,35,,,,42,26,16,0,0,0
26/03/2021 15:00,232,109,123,66,37,29,53,31,22,,,,,,,128,73,55,,,,78,39,39,0,0,0
26/03/2021 16:00,181,84,97,43,19,24,50,21,29,,,,,,,100,55,45,,,,54,25,29,0,0,0
26/03/2021 17:00,72,39,33,33,14,19,34,21,13,,,,,,,51,29,22,,,,43,18,25,0,0,0
26/03/2021 18:00,120,71,49,30,12,18,22,9,13,,,,,,,58,35,23,,,,32,14,18,2,1,1
26/03/2021 19:00,62,28,34,22,12,10,18,6,12,,,,,,,37,17,20,,,,18,11,7,0,0,0
26/03/2021 20:00,59,27,32,25,17,8,17,9,8,,,,,,,7,2,5,,,,27,14,13,0,0,0
26/03/2021 21:00,29,16,13,19,4,15,10,7,3,,,,,,,13,6,7,,,,14,4,10,0,0,0
26/03/2021 22:00,16,6,10,13,8,5,4,2,2,,,,,,,7,2,5,,,,11,8,3,0,0,0
26/03/2021 23:00,9,5,4,6,2,4,1,1,0,,,,,,,2,1,1,,,,5,4,1,0,0,0
27/03/2021 00:00,0,0,0,0,0,0,0,0,0,,,,,,,1,1,0,,,,8,5,3,0,0,0
27/03/2021 01:00,0,0,0,1,0,1,0,0,0,,,,,,,0,0,0,,,,3,2,1,0,0,0
27/03/2021 02:00,1,0,1,0,0,0,0,0,0,,,,,,,0,0,0,,,,4,1,3,0,0,0
27/03/2021 03:00,0,0,0,0,0,0,0,0,0,,,,,,,0,0,0,,,,3,3,0,0,0,0
27/03/2021 04:00,0,0,0,2,2,0,1,1,0,,,,,,,0,0,0,,,,1,0,1,0,0,0
27/03/2021 05:00,4,3,1,2,1,1,1,0,1,,,,,,,0,0,0,,,,0,0,0,0,0,0
27/03/2021 06:00,33,16,17,13,6,7,6,4,2,,,,,,,10,8,2,,,,6,3,3,0,0,0
27/03/2021 07:00,77,36,41,14,10,4,31,16,15,,,,,,,39,20,19,,,,13,7,6,0,0,0
27/03/2021 08:00,152,69,83,57,34,23,38,21,17,,,,,,,76,39,37,,,,26,12,14,2,1,1
27/03/2021 09:00,262,129,133,77,33,44,88,46,42,,,,,,,157,101,56,,,,49,30,19,0,0,0
27/03/2021 10:00,343,177,166,149,73,76,129,77,52,,,,,,,262,161,101,,,,72,44,28,0,0,0
27/03/2021 11:00,390,186,204,184,82,102,112,64,48,,,,,,,310,183,127,,,,80,33,47,0,0,0
27/03/2021 12:00,394,188,206,170,73,97,121,80,41,,,,,,,315,173,142,,,,81,42,39,0,0,0
27/03/2021 13:00,397,211,186,132,58,74,121,71,50,,,,,,,223,118,105,,,,84,41,43,0,0,0
27/03/2021 14:00,408,163,245,118,53,65,118,56,62,,,,,,,212,114,98,,,,68,37,31,0,0,0
27/03/2021 15:00,386,198,188,128,52,76,103,57,46,,,,,,,208,100,108,,,,59,25,34,0,0,0
27/03/2021 16:00,372,195,177,80,30,50,81,34,47,,,,,,,175,87,88,,,,59,31,28,0,0,0
27/03/2021 17:00,212,119,93,84,37,47,54,24,30,,,,,,,123,50,73,,,,64,29,35,0,0,0
27/03/2021 18:00,130,76,54,30,16,14,34,16,18,,,,,,,40,20,20,,,,48,24,24,0,0,0
27/03/2021 19:00,80,43,37,30,15,15,27,14,13,,,,,,,29,13,16,,,,31,14,17,0,0,0
27/03/2021 20:00,50,28,22,14,4,10,13,5,8,,,,,,,10,2,8,,,,38,23,15,0,0,0
27/03/2021 21:00,37,15,22,1,1,0,7,2,5,,,,,,,14,6,8,,,,22,4,18,0,0,0
27/03/2021 22:00,17,9,8,9,5,4,7,1,6,,,,,,,3,3,0,,,,7,2,5,0,0,0
27/03/2021 23:00,1,0,1,3,1,2,3,1,2,,,,,,,2,0,2,,,,7,4,3,0,0,0
28/03/2021 00:00,0,0,0,0,0,0,3,2,1,,,,,,,2,2,0,,,,3,2,1,0,0,0
28/03/2021 02:00,,,,,,,,,,,,,,,,,,,,,,,,,,,
28/03/2021 02:00,0,0,0,0,0,0,0,0,0,,,,,,,1,0,1,,,,3,2,1,0,0,0
28/03/2021 03:00,2,1,1,2,1,1,0,0,0,,,,,,,0,0,0,,,,10,5,5,0,0,0
28/03/2021 04:00,3,2,1,0,0,0,0,0,0,,,,,,,0,0,0,,,,3,3,0,0,0,0
28/03/2021 05:00,0,0,0,0,0,0,0,0,0,,,,,,,4,4,0,,,,3,1,2,0,0,0
28/03/2021 06:00,6,2,4,3,0,3,1,1,0,,,,,,,3,1,2,,,,2,1,1,0,0,0
28/03/2021 07:00,34,16,18,9,6,3,5,2,3,,,,,,,11,7,4,,,,4,1,3,0,0,0
28/03/2021 08:00,75,36,39,27,9,18,24,14,10,,,,,,,29,13,16,,,,7,6,1,0,0,0
28/03/2021 09:00,169,89,80,58,35,23,41,23,18,,,,,,,72,37,35,,,,22,7,15,0,0,0
28/03/2021 10:00,244,120,124,69,39,30,63,31,32,,,,,,,150,101,49,,,,43,22,21,0,0,0
28/03/2021 11:00,338,165,173,123,58,65,103,61,42,,,,,,,205,120,85,,,,43,29,14,0,0,0
28/03/2021 12:00,460,245,215,112,62,50,111,62,49,,,,,,,271,156,115,,,,85,46,39,0,0,0
28/03/2021 13:00,445,214,231,116,57,59,101,54,47,,,,,,,251,127,124,,,,110,59,51,0,0,0
28/03/2021 14:00,433,239,194,144,60,84,85,46,39,,,,,,,273,145,128,,,,119,66,53,0,0,0
28/03/2021 15:00,555,249,306,170,65,105,128,69,59,,,,,,,301,163,138,,,,80,43,37,1,1,0
28/03/2021 16:00,453,235,218,130,58,72,124,63,61,,,,,,,192,87,105,,,,78,29,49,0,0,0
28/03/2021 17:00,242,129,113,64,36,28,62,36,26,,,,,,,78,33,45,,,,43,11,32,0,0,0
28/03/2021 18:00,195,94,101,45,20,25,34,13,21,,,,,,,65,38,27,,,,39,19,20,0,0,0
28/03/2021 19:00,190,89,101,42,15,27,37,14,23,,,,,,,81,38,43,,,,49,25,24,1,1,0
28/03/2021 20:00,160,89,71,36,17,19,37,18,19,,,,,,,57,25,32,,,,47,22,25,1,1,0
28/03/2021 21:00,79,41,38,24,11,13,17,11,6,,,,,,,15,4,11,,,,10,3,7,1,1,0
28/03/2021 22:00,22,10,12,8,3,5,9,3,6,,,,,,,7,2,5,,,,17,8,9,1,1,0
28/03/2021 23:00,8,4,4,8,5,3,9,6,3,,,,,,,2,0,2,,,,11,10,1,0,0,0
29/03/2021 00:00,3,1,2,5,2,3,1,0,1,,,,,,,1,0,1,,,,11,6,5,0,0,0
29/03/2021 01:00,0,0,0,0,0,0,0,0,0,,,,,,,0,0,0,,,,8,3,5,1,1,0
29/03/2021 02:00,2,1,1,1,1,0,0,0,0,,,,,,,0,0,0,,,,14,8,6,2,1,1
29/03/2021 03:00,1,1,0,0,0,0,0,0,0,,,,,,,0,0,0,,,,1,1,0,0,0,0
29/03/2021 04:00,0,0,0,1,1,0,0,0,0,,,,,,,0,0,0,,,,0,0,0,1,1,0
29/03/2021 05:00,7,2,5,3,1,2,2,0,2,,,,,,,3,3,0,,,,1,1,0,0,0,0
29/03/2021 06:00,62,25,37,9,6,3,13,6,7,,,,,,,14,11,3,,,,1,0,1,0,0,0
29/03/2021 07:00,106,57,49,31,12,19,16,11,5,,,,,,,50,26,24,,,,18,9,9,1,1,0
29/03/2021 08:00,156,80,76,38,20,18,31,16,15,,,,,,,70,33,37,,,,20,12,8,0,0,0
29/03/2021 09:00,169,80,89,57,29,28,28,18,10,,,,,,,74,47,27,,,,36,19,17,0,0,0
29/03/2021 10:00,229,111,118,65,39,26,29,20,9,,,,,,,130,83,47,,,,59,36,23,1,1,0
29/03/2021 11:00,302,146,156,79,38,41,64,33,31,,,,,,,158,100,58,,,,63,28,35,0,0,0
29/03/2021 12:00,332,169,163,82,36,46,37,20,17,,,,,,,150,85,65,,,,86,37,49,0,0,0
29/03/2021 13:00,316,159,157,121,53,68,90,47,43,,,,,,,195,96,99,,,,90,49,41,5,5,0
29/03/2021 14:00,390,208,182,150,68,82,102,53,49,,,,,,,177,104,73,,,,111,58,53,1,1,0
29/03/2021 15:00,450,214,236,123,65,58,95,50,45,,,,,,,177,100,77,,,,119,68,51,0,0,0
29/03/2021 16:00,494,256,238,134,68,66,99,55,44,,,,,,,241,128,113,,,,160,90,70,0,0,0
29/03/2021 17:00,497,241,256,112,55,57,140,81,59,,,,,,,270,138,132,,,,138,84,54,0,0,0
29/03/2021 18:00,463,260,203,131,46,85,116,56,60,,,,,,,260,132,128,,,,147,83,64,0,0,0
29/03/2021 19:00,463,233,230,99,49,50,111,51,60,,,,,,,212,116,96,,,,138,73,65,0,0,0
29/03/2021 20:00,347,174,173,86,35,51,80,37,43,,,,,,,103,43,60,,,,81,35,46,0,0,0
29/03/2021 21:00,128,66,62,46,18,28,36,20,16,,,,,,,21,8,13,,,,67,37,30,0,0,0
29/03/2021 22:00,34,14,20,12,6,6,14,3,11,,,,,,,6,3,3,,,,21,14,7,0,0,0
29/03/2021 23:00,21,11,10,5,3,2,11,5,6,,,,,,,1,0,1,,,,26,7,19,0,0,0
30/03/2021 00:00,0,0,0,0,0,0,6,4,2,,,,,,,0,0,0,,,,7,5,2,0,0,0
30/03/2021 01:00,0,0,0,0,0,0,2,0,2,,,,,,,0,0,0,,,,5,2,3,0,0,0
30/03/2021 02:00,0,0,0,0,0,0,0,0,0,,,,,,,3,2,1,,,,6,0,6,0,0,0
30/03/2021 03:00,1,0,1,0,0,0,2,1,1,,,,,,,0,0,0,,,,6,4,2,2,1,1
30/03/2021 04:00,0,0,0,0,0,0,0,0,0,,,,,,,0,0,0,,,,3,1,2,0,0,0
30/03/2021 05:00,1,0,1,1,1,0,0,0,0,,,,,,,4,4,0,,,,0,0,0,0,0,0
30/03/2021 06:00,52,19,33,11,5,6,14,12,2,,,,,,,25,16,9,,,,4,2,2,0,0,0
30/03/2021 07:00,148,73,75,48,22,26,36,22,14,,,,,,,64,46,18,,,,28,11,17,0,0,0
30/03/2021 08:00,183,87,96,50,20,30,38,23,15,,,,,,,99,43,56,,,,31,13,18,0,0,0
30/03/2021 09:00,198,103,95,56,35,21,41,25,16,,,,,,,104,67,37,,,,35,19,16,0,0,0
30/03/2021 10:00,303,143,160,79,45,34,72,46,26,,,,,,,132,81,51,,,,68,40,28,0,0,0
30/03/2021 11:00,361,180,181,129,67,62,86,43,43,,,,,,,192,119,73,,,,84,44,40,0,0,0
30/03/2021 12:00,405,201,204,140,58,82,88,41,47,,,,,,,192,91,101,,,,111,64,47,0,0,0
30/03/2021 13:00,384,213,171,164,71,93,98,58,40,,,,,,,246,113,133,,,,89,62,27,15,14,1
30/03/2021 14:00,402,205,197,166,90,76,111,64,47,,,,,,,236,98,138,,,,77,50,27,0,0,0
30/03/2021 15:00,483,282,201,129,54,75,98,50,48,,,,,,,228,89,139,,,,78,49,29,0,0,0
30/03/2021 16:00,507,241,266,129,60,69,92,52,40,,,,,,,252,119,133,,,,80,42,38,18,12,6
30/03/2021 17:00,469,200,269,139,64,75,133,71,62,,,,,,,277,113,164,,,,109,74,35,0,0,0
30/03/2021 18:00,462,214,248,156,84,72,141,80,61,,,,,,,231,95,136,,,,84,46,38,0,0,0
30/03/2021 19:00,484,208,276,123,56,67,109,44,65,,,,,,,187,77,110,,,,85,43,42,0,0,0
30/03/2021 20:00,353,199,154,108,35,73,83,40,43,,,,,,,87,30,57,,,,40,20,20,0,0,0
30/03/2021 21:00,134,78,56,38,15,23,35,12,23,,,,,,,26,7,19,,,,37,19,18,0,0,0
30/03/2021 22:00,48,19,29,22,8,14,9,2,7,,,,,,,18,7,11,,,,15,7,8,0,0,0
30/03/2021 23:00,15,5,10,14,4,10,7,4,3,,,,,,,4,1,3,,,,10,5,5,0,0,0
31/03/2021 00:00,0,0,0,4,0,4,0,0,0,,,,,,,0,0,0,,,,3,3,0,0,0,0
31/03/2021 01:00,1,1,0,7,0,7,4,2,2,,,,,,,3,1,2,,,,4,2,2,0,0,0
31/03/2021 02:00,2,1,1,0,0,0,0,0,0,,,,,,,2,0,2,,,,0,0,0,0,0,0
31/03/2021 03:00,1,0,1,0,0,0,2,0,2,,,,,,,0,0,0,,,,0,0,0,0,0,0
31/03/2021 04:00,0,0,0,0,0,0,0,0,0,,,,,,,0,0,0,,,,0,0,0,0,0,0
31/03/2021 05:00,7,3,4,2,0,2,3,0,3,,,,,,,3,3,0,,,,0,0,0,0,0,0
31/03/2021 06:00,44,16,28,14,4,10,7,2,5,,,,,,,15,8,7,,,,11,5,6,0,0,0
31/03/2021 07:00,121,59,62,45,22,23,25,11,14,,,,,,,68,37,31,,,,21,10,11,0,0,0
31/03/2021 08:00,182,87,95,56,31,25,35,20,15,,,,,,,82,39,43,,,,35,16,19,0,0,0
31/03/2021 09:00,184,89,95,69,46,23,41,18,23,,,,,,,84,53,31,,,,42,25,17,1,1,0
31/03/2021 10:00,248,120,128,50,18,32,58,36,22,,,,,,,100,66,34,,,,49,33,16,0,0,0
31/03/2021 11:00,286,130,156,79,41,38,70,37,33,,,,,,,148,79,69,,,,85,49,36,0,0,0
31/03/2021 12:00,344,185,159,108,45,63,75,29,46,,,,,,,172,86,86,,,,91,49,42,0,0,0
31/03/2021 13:00,337,153,184,110,53,57,87,43,44,,,,,,,188,93,95,,,,100,53,47,0,0,0
31/03/2021 14:00,293,144,149,90,46,44,73,35,38,,,,,,,177,86,91,,,,81,41,40,0,0,0
31/03/2021 15:00,349,177,172,81,36,45,58,38,20,,,,,,,199,83,116,,,,97,58,39,0,0,0
31/03/2021 16:00,239,121,118,62,34,28,55,24,31,,,,,,,224,85,139,,,,109,54,55,0,0,0
31/03/2021 17:00,260,123,137,87,30,57,80,40,40,,,,,,,159,54,105,,,,130,53,77,0,0,0
31/03/2021 18:00,307,147,160,60,29,31,74,32,42,,,,,,,172,83,89,,,,95,54,41,0,0,0
31/03/2021 19:00,345,165,180,75,33,42,81,45,36,,,,,,,173,80,93,,,,98,46,52,0,0,0
31/03/2021 20:00,356,199,157,65,26,39,55,32,23,,,,,,,120,54,66,,,,47,16,31,0,0,0
31/03/2021 21:00,141,64,77,43,21,22,43,21,22,,,,,,,42,18,24,,,,14,8,6,2,1,1
31/03/2021 22:00,47,24,23,14,5,9,14,8,6,,,,,,,14,5,9,,,,24,8,16,0,0,0
31/03/2021 23:00,7,1,6,4,0,4,4,2,2,,,,,,,5,1,4,,,,16,10,6,0,0,0
01/04/2021 00:00,0,0,0,3,3,0,0,0,0,,,,,,,2,2,0,,,,3,2,1,1,1,0
01/04/2021 01:00,0,0,0,0,0,0,1,0,1,,,,,,,1,0,1,,,,1,1,0,8,6,2
01/04/2021 02:00,2,1,1,0,0,0,0,0,0,,,,,,,0,0,0,,,,0,0,0,0,0,0
01/04/2021 03:00,3,2,1,0,0,0,0,0,0,,,,,,,0,0,0,,,,1,1,0,0,0,0
01/04/2021 04:00,1,1,0,0,0,0,0,0,0,,,,,,,0,0,0,,,,2,2,0,1,1,0
01/04/2021 05:00,3,1,2,1,0,1,2,0,2,,,,,,,2,2,0,,,,5,1,4,1,1,0
01/04/2021 06:00,39,18,21,13,8,5,18,14,4,,,,,,,21,18,3,,,,6,1,5,0,0,0
01/04/2021 07:00,141,66,75,32,16,16,24,12,12,,,,,,,44,25,19,,,,38,17,21,0,0,0
01/04/2021 08:00,153,83,70,34,18,16,33,21,12,,,,,,,81,34,47,,,,42,25,17,0,0,0
01/04/2021 09:00,148,67,81,54,27,27,29,19,10,,,,,,,70,53,17,,,,30,7,23,0,0,0
01/04/2021 10:00,220,104,116,37,23,14,36,18,18,,,,,,,77,47,30,,,,69,42,27,0,0,0
01/04/2021 11:00,228,107,121,55,28,27,44,23,21,,,,,,,111,72,39,,,,49,17,32,0,0,0
01/04/2021 12:00,211,121,90,54,26,28,45,25,20,,,,,,,102,59,43,,,,66,33,33,0,0,0
01/04/2021 13:00,214,92,122,50,23,27,53,27,26,,,,,,,111,55,56,,,,74,37,37,0,0,0
01/04/2021 14:00,184,91,93,57,38,19,45,24,21,,,,,,,103,68,35,,,,79,41,38,0,0,0
01/04/2021 15:00,193,80,113,39,19,20,50,27,23,,,,,,,128,73,55,,,,90,46,44,0,0,0
01/04/2021 16:00,216,93,123,58,22,36,59,34,25,,,,,,,92,52,40,,,,102,47,55,0,0,0
01/04/2021 17:00,226,99,127,56,34,22,59,41,18,,,,,,,88,43,45,,,,88,46,42,0,0,0
01/04/2021 18:00,236,140,96,68,33,35,67,36,31,,,,,,,109,59,50,,,,103,39,64,0,0,0
01/04/2021 19:00,282,120,162,65,24,41,66,35,31,,,,,,,102,44,58,,,,55,28,27,0,0,0
01/04/2021 20:00,228,116,112,62,29,33,32,17,15,,,,,,,52,20,32,,,,50,26,24,0,0,0
01/04/2021 21:00,83,43,40,35,11,24,22,7,15,,,,,,,26,9,17,,,,34,15,19,0,0,0
01/04/2021 22:00,20,5,15,8,2,6,12,7,5,,,,,,,3,1,2,,,,21,8,13,0,0,0
01/04/2021 23:00,9,1,8,7,2,5,7,3,4,,,,,,,2,0,2,,,,17,9,8,0,0,0
02/04/2021 00:00,0,0,0,0,0,0,0,0,0,,,,,,,1,1,0,,,,1,1,0,0,0,0
02/04/2021 01:00,1,1,0,0,0,0,0,0,0,,,,,,,0,0,0,,,,1,0,1,0,0,0
02/04/2021 02:00,1,0,1,0,0,0,0,0,0,,,,,,,0,0,0,,,,0,0,0,0,0,0
02/04/2021 03:00,3,2,1,0,0,0,0,0,0,,,,,,,0,0,0,,,,0,0,0,0,0,0
02/04/2021 04:00,0,0,0,1,1,0,0,0,0,,,,,,,0,0,0,,,,3,2,1,0,0,0
02/04/2021 05:00,5,3,2,1,1,0,0,0,0,,,,,,,1,1,0,,,,2,1,1,0,0,0
02/04/2021 06:00,40,12,28,8,4,4,9,2,7,,,,,,,12,7,5,,,,7,2,5,0,0,0
02/04/2021 07:00,98,51,47,26,13,13,21,9,12,,,,,,,44,27,17,,,,21,9,12,0,0,0
02/04/2021 08:00,133,58,75,45,24,21,33,18,15,,,,,,,67,40,27,,,,34,15,19,0,0,0
02/04/2021 09:00,221,99,122,61,42,19,43,27,16,,,,,,,108,74,34,,,,46,27,19,0,0,0
02/04/2021 10:00,270,125,145,79,50,29,54,31,23,,,,,,,160,88,72,,,,51,21,30,0,0,0
02/04/2021 11:00,373,223,150,114,63,51,96,55,41,,,,,,,190,109,81,,,,97,53,44,0,0,0
02/04/2021 12:00,290,151,139,111,56,55,75,47,28,,,,,,,218,112,106,,,,88,39,49,0,0,0
02/04/2021 13:00,301,144,157,100,62,38,98,54,44,,,,,,,212,110,102,,,,61,36,25,0,0,0
02/04/2021 14:00,331,173,158,165,109,56,84,46,38,,,,,,,260,132,128,,,,79,40,39,0,0,0
02/04/2021 15:00,438,223,215,124,73,51,102,57,45,,,,,,,278,143,135,,,,105,52,53,0,0,0
02/04/2021 16:00,579,282,297,151,69,82,118,56,62,,,,,,,350,191,159,,,,110,58,52,0,0,0
02/04/2021 17:00,439,229,210,142,61,81,134,59,75,,,,,,,313,158,155,,,,108,57,51,0,0,0
02/04/2021 18:00,311,139,172,92,43,49,74,43,31,,,,,,,201,109,92,,,,109,56,53,0,0,0
02/04/2021 19:00,281,140,141,81,27,54,60,25,35,,,,,,,138,64,74,,,,81,40,41,0,0,0
02/04/2021 20:00,161,82,79,46,15,31,38,17,21,,,,,,,52,26,26,,,,55,13,42,0,0,0
02/04/2021 21:00,84,50,34,30,10,20,17,6,11,,,,,,,22,7,15,,,,35,14,21,0,0,0
02/04/2021 22:00,19,5,14,13,7,6,15,4,11,,,,,,,4,3,1,,,,12,2,10,0,0,0
02/04/2021 23:00,11,8,3,5,0,5,5,4,1,,,,,,,0,0,0,,,,3,2,1,0,0,0
03/04/2021 00:00,0,0,0,4,1,3,5,2,3,,,,,,,1,1,0,,,,15,8,7,0,0,0
03/04/2021 01:00,2,2,0,11,10,1,7,7,0,,,,,,,6,4,2,,,,10,4,6,0,0,0
03/04/2021 02:00,6,3,3,0,0,0,0,0,0,,,,,,,0,0,0,,,,1,0,1,0,0,0
03/04/2021 03:00,4,1,3,2,0,2,1,1,0,,,,,,,0,0,0,,,,5,2,3,0,0,0
03/04/2021 04:00,4,3,1,1,1,0,0,0,0,,,,,,,1,0,1,,,,5,2,3,0,0,0
03/04/2021 05:00,1,1,0,0,0,0,0,0,0,,,,,,,2,2,0,,,,4,3,1,0,0,0
03/04/2021 06:00,21,6,15,4,1,3,6,2,4,,,,,,,7,5,2,,,,4,0,4,0,0,0
03/04/2021 07:00,53,27,26,9,8,1,15,10,5,,,,,,,24,17,7,,,,9,5,4,0,0,0
03/04/2021 08:00,129,64,65,42,26,16,37,17,20,,,,,,,62,35,27,,,,29,15,14,0,0,0
03/04/2021 09:00,240,111,129,72,41,31,65,30,35,,,,,,,114,70,44,,,,43,24,19,0,0,0
03/04/2021 10:00,300,156,144,120,68,52,92,53,39,,,,,,,216,139,77,,,,92,43,49,0,0,0
03/04/2021 11:00,372,172,200,149,67,82,77,46,31,,,,,,,296,158,138,,,,82,48,34,0,0,0
03/04/2021 12:00,376,185,191,166,103,63,92,54,38,,,,,,,304,159,145,,,,84,54,30,0,0,0
03/04/2021 13:00,413,228,185,175,100,75,118,70,48,,,,,,,283,132,151,,,,93,53,40,0,0,0
03/04/2021 14:00,501,246,255,172,96,76,111,69,42,,,,,,,264,105,159,,,,111,59,52,0,0,0
03/04/2021 15:00,458,231,227,160,84,76,153,85,68,,,,,,,402,208,194,,,,96,70,26,0,0,0
03/04/2021 16:00,514,264,250,156,84,72,124,74,50,,,,,,,347,154,193,,,,135,77,58,0,0,0
03/04/2021 17:00,499,238,261,130,54,76,97,53,44,,,,,,,301,165,136,,,,98,55,43,0,0,0
03/04/2021 18:00,350,165,185,119,50,69,82,37,45,,,,,,,155,85,70,,,,87,57,30,0,0,0
03/04/2021 19:00,243,119,124,69,27,42,70,35,35,,,,,,,125,56,69,,,,123,50,73,0,0,0
03/04/2021 20:00,198,96,102,37,15,22,34,16,18,,,,,,,40,16,24,,,,50,18,32,0,0,0
03/04/2021 21:00,58,31,27,19,4,15,29,11,18,,,,,,,17,4,13,,,,35,12,23,0,0,0
03/04/2021 22:00,25,9,16,8,3,5,5,2,3,,,,,,,6,4,2,,,,44,26,18,0,0,0
03/04/2021 23:00,22,9,13,15,3,12,7,5,2,,,,,,,6,1,5,,,,65,38,27,0,0,0
04/04/2021 00:00,0,0,0,2,0,2,4,2,2,,,,,,,0,0,0,,,,52,12,40,0,0,0
04/04/2021 01:00,2,2,0,2,1,1,0,0,0,,,,,,,1,0,1,,,,23,9,14,0,0,0
04/04/2021 02:00,1,0,1,0,0,0,2,2,0,,,,,,,0,0,0,,,,11,6,5,0,0,0
04/04/2021 03:00,0,0,0,0,0,0,1,1,0,,,,,,,0,0,0,,,,9,4,5,0,0,0
04/04/2021 04:00,0,0,0,1,1,0,0,0,0,,,,,,,0,0,0,,,,4,4,0,0,0,0
04/04/2021 05:00,3,1,2,0,0,0,1,1,0,,,,,,,2,1,1,,,,2,1,1,0,0,0
04/04/2021 06:00,26,10,16,9,4,5,5,3,2,,,,,,,9,4,5,,,,6,0,6,0,0,0
04/04/2021 07:00,63,29,34,11,4,7,6,2,4,,,,,,,25,18,7,,,,20,15,5,0,0,0
04/04/2021 08:00,138,67,71,46,34,12,26,19,7,,,,,,,44,26,18,,,,31,20,11,0,0,0
04/04/2021 09:00,278,133,145,83,49,34,63,32,31,,,,,,,136,88,48,,,,44,18,26,0,0,0
04/04/2021 10:00,347,169,178,120,65,55,93,55,38,,,,,,,213,136,77,,,,50,26,24,0,0,0
04/04/2021 11:00,418,217,201,140,57,83,114,67,47,,,,,,,276,149,127,,,,90,39,51,0,0,0
04/04/2021 12:00,449,232,217,167,66,101,90,49,41,,,,,,,277,151,126,,,,90,37,53,0,0,0
04/04/2021 13:00,414,235,179,171,93,78,72,39,33,,,,,,,229,124,105,,,,96,50,46,0,0,0
04/04/2021 14:00,457,243,214,139,66,73,89,50,39,,,,,,,248,153,95,,,,104,45,59,0,0,0
04/04/2021 15:00,584,308,276,211,127,84,96,55,41,,,,,,,229,120,109,,,,99,52,47,0,0,0
04/04/2021 16:00,467,257,210,145,81,64,107,53,54,,,,,,,244,148,96,,,,96,51,45,0,0,0
04/04/2021 17:00,414,194,220,121,53,68,81,45,36,,,,,,,181,106,75,,,,90,26,64,0,0,0
04/04/2021 18:00,219,99,120,84,38,46,46,23,23,,,,,,,88,49,39,,,,93,43,50,0,0,0
04/04/2021 19:00,165,75,90,40,22,18,35,10,25,,,,,,,44,23,21,,,,65,28,37,0,0,0
04/04/2021 20:00,121,73,48,28,11,17,14,7,7,,,,,,,32,10,22,,,,27,13,14,0,0,0
04/04/2021 21:00,55,33,22,9,4,5,11,3,8,,,,,,,11,7,4,,,,26,13,13,0,0,0
04/04/2021 22:00,19,10,9,10,3,7,5,4,1,,,,,,,11,6,5,,,,57,30,27,0,0,0
04/04/2021 23:00,7,2,5,4,0,4,5,2,3,,,,,,,3,0,3,,,,22,15,7,0,0,0
05/04/2021 00:00,0,0,0,0,0,0,0,0,0,,,,,,,0,0,0,,,,7,3,4,0,0,0
05/04/2021 01:00,1,1,0,0,0,0,0,0,0,,,,,,,0,0,0,,,,14,5,9,0,0,0
05/04/2021 02:00,0,0,0,1,1,0,0,0,0,,,,,,,0,0,0,,,,1,0,1,0,0,0
05/04/2021 03:00,0,0,0,1,0,1,1,0,1,,,,,,,0,0,0,,,,3,3,0,0,0,0
05/04/2021 04:00,0,0,0,1,1,0,0,0,0,,,,,,,0,0,0,,,,2,1,1,0,0,0
05/04/2021 05:00,1,1,0,1,1,0,0,0,0,,,,,,,1,1,0,,,,1,0,1,0,0,0
05/04/2021 06:00,12,6,6,0,0,0,1,0,1,,,,,,,2,1,1,,,,5,2,3,0,0,0
05/04/2021 07:00,42,17,25,7,3,4,7,4,3,,,,,,,5,2,3,,,,8,4,4,0,0,0
05/04/2021 08:00,68,31,37,28,19,9,22,14,8,,,,,,,28,18,10,,,,17,8,9,0,0,0
05/04/2021 09:00,147,73,74,56,34,22,33,15,18,,,,,,,74,48,26,,,,35,21,14,0,0,0
05/04/2021 10:00,263,151,112,57,31,26,31,18,13,,,,,,,112,67,45,,,,50,25,25,0,0,0
05/04/2021 11:00,280,165,115,81,37,44,65,39,26,,,,,,,188,110,78,,,,68,33,35,0,0,0
05/04/2021 12:00,386,212,174,96,49,47,73,41,32,,,,,,,184,104,80,,,,69,34,35,0,0,0
05/04/2021 13:00,389,239,150,127,62,65,102,51,51,,,,,,,167,103,64,,,,78,36,42,0,0,0
05/04/2021 14:00,515,265,250,156,74,82,95,51,44,,,,,,,211,108,103,,,,86,44,42,0,0,0
05/04/2021 15:00,394,193,201,145,72,73,121,70,51,,,,,,,232,144,88,,,,93,50,43,0,0,0
05/04/2021 16:00,380,205,175,114,50,64,92,44,48,,,,,,,202,129,73,,,,96,52,44,0,0,0
05/04/2021 17:00,280,144,136,82,30,52,67,38,29,,,,,,,152,93,59,,,,86,48,38,0,0,0
05/04/2021 18:00,146,79,67,40,21,19,41,18,23,,,,,,,89,44,45,,,,61,30,31,0,0,0
05/04/2021 19:00,170,83,87,30,14,16,42,19,23,,,,,,,53,31,22,,,,81,41,40,0,0,0
05/04/2021 20:00,111,60,51,24,8,16,33,12,21,,,,,,,28,16,12,,,,94,40,54,0,0,0
05/04/2021 21:00,47,26,21,16,11,5,12,4,8,,,,,,,13,5,8,,,,37,18,19,0,0,0
05/04/2021 22:00,13,5,8,5,1,4,5,1,4,,,,,,,4,2,2,,,,12,6,6,0,0,0
05/04/2021 23:00,8,4,4,1,1,0,2,0,2,,,,,,,3,1,2,,,,11,8,3,0,0,0
06/04/2021 00:00,1,1,0,0,0,0,0,0,0,,,,,,,1,1,0,,,,2,1,1,0,0,0
06/04/2021 01:00,2,0,2,0,0,0,0,0,0,,,,,,,0,0,0,,,,3,2,1,0,0,0
06/04/2021 02:00,0,0,0,0,0,0,0,0,0,,,,,,,0,0,0,,,,1,1,0,0,0,0
06/04/2021 03:00,1,0,1,0,0,0,2,1,1,,,,,,,0,0,0,,,,2,1,1,0,0,0
06/04/2021 04:00,0,0,0,0,0,0,0,0,0,,,,,,,0,0,0,,,,0,0,0,0,0,0
06/04/2021 05:00,3,1,2,1,0,1,0,0,0,,,,,,,0,0,0,,,,2,2,0,0,0,0
06/04/2021 06:00,37,17,20,5,3,2,10,7,3,,,,,,,17,13,4,,,,7,2,5,0,0,0
06/04/2021 07:00,100,54,46,32,19,13,30,18,12,,,,,,,49,28,21,,,,23,10,13,0,0,0
06/04/2021 08:00,140,65,75,50,19,31,41,23,18,,,,,,,71,34,37,,,,24,14,10,0,0,0
06/04/2021 09:00,181,102,79,47,24,23,43,28,15,,,,,,,77,51,26,,,,40,21,19,0,0,0
06/04/2021 10:00,224,108,116,69,37,32,38,21,17,,,,,,,109,77,32,,,,76,41,35,0,0,0
06/04/2021 11:00,256,142,114,70,30,40,78,39,39,,,,,,,114,64,50,,,,73,20,53,0,0,0
06/04/2021 12:00,279,148,131,72,30,42,60,32,28,,,,,,,106,62,44,,,,67,33,34,0,0,0
06/04/2021 13:00,231,126,105,63,37,26,47,29,18,,,,,,,96,61,35,,,,70,34,36,0,0,0
06/04/2021 14:00,245,134,111,50,28,22,26,16,10,,,,,,,119,72,47,,,,59,19,40,0,0,0
06/04/2021 15:00,211,102,109,53,26,27,22,12,10,,,,,,,93,61,32,,,,77,45,32,0,0,0
06/04/2021 16:00,217,105,112,73,32,41,38,22,16,,,,,,,98,57,41,,,,77,36,41,0,0,0
06/04/2021 17:00,151,79,72,63,36,27,40,24,16,,,,,,,81,41,40,,,,98,39,59,0,0,0
06/04/2021 18:00,211,99,112,59,24,35,43,21,22,,,,,,,83,50,33,,,,73,44,29,1,1,0
06/04/2021 19:00,142,72,70,53,28,25,26,12,14,,,,,,,71,46,25,,,,71,32,39,0,0,0
06/04/2021 20:00,140,79,61,39,15,24,23,13,10,,,,,,,65,29,36,,,,41,18,23,0,0,0
06/04/2021 21:00,70,32,38,17,4,13,21,14,7,,,,,,,13,7,6,,,,39,18,21,0,0,0
06/04/2021 22:00,14,8,6,3,1,2,2,0,2,,,,,,,2,0,2,,,,12,5,7,0,0,0
06/04/2021 23:00,2,1,1,1,0,1,0,0,0,,,,,,,3,1,2,,,,9,5,4,0,0,0
07/04/2021 00:00,0,0,0,1,0,1,0,0,0,,,,,,,0,0,0,,,,7,3,4,0,0,0
07/04/2021 01:00,1,1,0,1,1,0,0,0,0,,,,,,,0,0,0,,,,2,1,1,0,0,0
07/04/2021 02:00,1,0,1,0,0,0,0,0,0,,,,,,,0,0,0,,,,1,1,0,0,0,0
07/04/2021 03:00,2,1,1,0,0,0,0,0,0,,,,,,,0,0,0,,,,2,1,1,0,0,0
07/04/2021 04:00,2,2,0,0,0,0,0,0,0,,,,,,,0,0,0,,,,0,0,0,0,0,0
07/04/2021 05:00,2,1,1,2,1,1,0,0,0,,,,,,,1,1,0,,,,2,2,0,0,0,0
07/04/2021 06:00,31,13,18,11,9,2,9,7,2,,,,,,,14,11,3,,,,13,5,8,0,0,0
07/04/2021 07:00,113,49,64,38,18,20,36,19,17,,,,,,,41,21,20,,,,25,9,16,0,0,0
07/04/2021 08:00,147,76,71,55,26,29,46,25,21,,,,,,,80,39,41,,,,22,15,7,0,0,0
07/04/2021 09:00,154,72,82,63,32,31,44,28,16,,,,,,,78,48,30,,,,33,15,18,0,0,0
07/04/2021 10:00,195,85,110,54,32,22,29,17,12,,,,,,,103,59,44,,,,38,20,18,0,0,0
07/04/2021 11:00,253,121,132,66,26,40,61,36,25,,,,,,,112,67,45,,,,63,30,33,0,0,0
07/04/2021 12:00,308,160,148,84,31,53,64,30,34,,,,,,,136,66,70,,,,84,48,36,0,0,0
07/04/2021 13:00,258,114,144,73,34,39,68,38,30,,,,,,,141,84,57,,,,88,30,58,0,0,0
07/04/2021 14:00,288,141,147,54,37,17,37,18,19,,,,,,,152,92,60,,,,83,44,39,0,0,0
07/04/2021 15:00,306,163,143,49,22,27,38,20,18,,,,,,,152,72,80,,,,78,38,40,0,0,0
07/04/2021 16:00,263,124,139,53,26,27,56,30,26,,,,,,,126,65,61,,,,81,41,40,0,0,0
07/04/2021 17:00,207,96,111,64,29,35,50,26,24,,,,,,,124,68,56,,,,113,47,66,0,0,0
07/04/2021 18:00,242,129,113,70,26,44,46,26,20,,,,,,,132,67,65,,,,76,34,42,0,0,0
07/04/2021 19:00,239,107,132,46,27,19,42,17,25,,,,,,,103,47,56,,,,66,41,25,0,0,0
07/04/2021 20:00,219,110,109,53,26,27,54,29,25,,,,,,,59,31,28,,,,35,13,22,0,0,0
07/04/2021 21:00,102,60,42,30,14,16,22,11,11,,,,,,,18,9,9,,,,25,6,19,0,0,0
07/04/2021 22:00,26,18,8,6,2,4,6,3,3,,,,,,,4,3,1,,,,10,6,4,0,0,0
07/04/2021 23:00,14,1,13,3,1,2,3,0,3,,,,,,,2,0,2,,,,1,0,1,0,0,0
08/04/2021 00:00,0,0,0,0,0,0,1,1,0,,,,,,,0,0,0,,,,8,5,3,0,0,0
08/04/2021 01:00,0,0,0,0,0,0,0,0,0,,,,,,,2,0,2,,,,0,0,0,0,0,0
08/04/2021 02:00,0,0,0,0,0,0,0,0,0,,,,,,,0,0,0,,,,0,0,0,0,0,0
08/04/2021 03:00,1,0,1,0,0,0,0,0,0,,,,,,,0,0,0,,,,1,1,0,0,0,0
08/04/2021 04:00,3,2,1,1,0,1,3,1,2,,,,,,,1,1,0,,,,2,2,0,0,0,0
08/04/2021 05:00,2,1,1,1,0,1,3,0,3,,,,,,,1,1,0,,,,1,0,1,0,0,0
08/04/2021 06:00,40,15,25,16,7,9,15,9,6,,,,,,,23,14,9,,,,6,1,5,0,0,0
08/04/2021 07:00,112,58,54,35,9,26,22,14,8,,,,,,,60,35,25,,,,22,10,12,0,0,0
08/04/2021 08:00,171,81,90,46,25,21,41,24,17,,,,,,,85,39,46,,,,29,16,13,0,0,0
08/04/2021 09:00,159,76,83,50,26,24,37,21,16,,,,,,,80,43,37,,,,32,13,19,0,0,0
08/04/2021 10:00,236,127,109,66,36,30,63,45,18,,,,,,,75,49,26,,,,69,41,28,0,0,0
08/04/2021 11:00,252,123,129,111,57,54,60,39,21,,,,,,,105,64,41,,,,72,38,34,0,0,0
08/04/2021 12:00,261,129,132,79,33,46,61,18,43,,,,,,,115,62,53,,,,74,39,35,26,19,7
08/04/2021 13:00,248,132,116,75,33,42,55,21,34,,,,,,,131,76,55,,,,65,30,35,11,4,7
08/04/2021 14:00,213,105,108,54,31,23,47,26,21,,,,,,,107,63,44,,,,67,38,29,0,0,0
08/04/2021 15:00,243,115,128,61,33,28,46,26,20,,,,,,,104,54,50,,,,60,34,26,0,0,0
08/04/2021 16:00,251,122,129,52,22,30,57,24,33,,,,,,,99,51,48,,,,88,41,47,1,0,1
08/04/2021 17:00,261,132,129,62,33,29,48,30,18,,,,,,,116,58,58,,,,81,39,42,0,0,0
08/04/2021 18:00,281,133,148,88,42,46,68,38,30,,,,,,,129,77,52,,,,90,42,48,1,1,0
08/04/2021 19:00,271,141,130,70,36,34,62,36,26,,,,,,,120,55,65,,,,59,29,30,0,0,0
08/04/2021 20:00,213,121,92,45,18,27,42,26,16,,,,,,,70,35,35,,,,37,17,20,0,0,0
08/04/2021 21:00,90,45,45,29,11,18,36,16,20,,,,,,,45,17,28,,,,25,15,10,0,0,0
08/04/2021 22:00,35,15,20,6,2,4,8,3,5,,,,,,,13,3,10,,,,12,8,4,0,0,0
08/04/2021 23:00,4,2,2,1,1,0,3,0,3,,,,,,,5,3,2,,,,9,5,4,1,1,0
09/04/2021 00:00,0,0,0,3,3,0,1,0,1,,,,,,,0,0,0,,,,26,16,10,0,0,0
09/04/2021 01:00,2,2,0,1,1,0,1,1,0,,,,,,,0,0,0,,,,2,0,2,1,1,0
09/04/2021 02:00,1,0,1,0,0,0,0,0,0,,,,,,,0,0,0,,,,0,0,0,0,0,0
09/04/2021 03:00,0,0,0,0,0,0,1,0,1,,,,,,,0,0,0,,,,1,1,0,1,1,0
09/04/2021 04:00,0,0,0,1,1,0,0,0,0,,,,,,,0,0,0,,,,0,0,0,0,0,0
09/04/2021 05:00,8,5,3,1,0,1,1,1,0,,,,,,,1,1,0,,,,2,2,0,0,0,0
09/04/2021 06:00,34,12,22,8,5,3,11,7,4,,,,,,,20,10,10,,,,12,4,8,1,1,0
09/04/2021 07:00,122,62,60,52,29,23,34,16,18,,,,,,,64,37,27,,,,36,12,24,0,0,0
09/04/2021 08:00,155,81,74,53,26,27,33,18,15,,,,,,,91,46,45,,,,36,23,13,4,2,2
09/04/2021 09:00,186,94,92,71,38,33,50,24,26,,,,,,,92,53,39,,,,39,17,22,0,0,0
09/04/2021 10:00,223,107,116,75,47,28,47,35,12,,,,,,,142,87,55,,,,45,19,26,1,1,0
09/04/2021 11:00,334,172,162,113,42,71,64,29,35,,,,,,,159,73,86,,,,64,39,25,0,0,0
09/04/2021 12:00,272,140,132,53,26,27,40,18,22,,,,,,,91,39,52,,,,70,29,41,0,0,0
09/04/2021 13:00,222,119,103,41,26,15,36,19,17,,,,,,,53,33,20,,,,59,30,29,111,66,45
09/04/2021 14:00,224,126,98,48,22,26,50,31,19,,,,,,,95,67,28,,,,46,22,24,0,0,0
09/04/2021 15:00,359,171,188,78,47,31,50,26,24,,,,,,,138,62,76,,,,92,54,38,0,0,0
09/04/2021 16:00,320,151,169,82,38,44,54,27,27,,,,,,,121,54,67,,,,78,36,42,1,1,0
09/04/2021 17:00,277,142,135,33,17,16,61,25,36,,,,,,,82,34,48,,,,52,18,34,2,1,1
09/04/2021 18:00,211,108,103,52,25,27,50,33,17,,,,,,,76,45,31,,,,61,33,28,1,1,0
09/04/2021 19:00,186,93,93,46,26,20,40,19,21,,,,,,,70,40,30,,,,53,28,25,0,0,0
09/04/2021 20:00,200,100,100,43,28,15,41,15,26,,,,,,,45,24,21,,,,65,28,37,0,0,0
09/04/2021 21:00,106,58,48,28,11,17,19,10,9,,,,,,,16,8,8,,,,13,5,8,0,0,0
09/04/2021 22:00,34,16,18,14,6,8,7,2,5,,,,,,,4,2,2,,,,14,9,5,0,0,0
09/04/2021 23:00,10,7,3,3,1,2,3,1,2,,,,,,,0,0,0,,,,8,5,3,37,22,15
10/04/2021 00:00,0,0,0,4,3,1,4,0,4,,,,,,,0,0,0,,,,8,3,5,0,0,0
10/04/2021 01:00,1,0,1,4,2,2,2,1,1,,,,,,,0,0,0,,,,5,3,2,0,0,0
10/04/2021 02:00,4,2,2,0,0,0,1,1,0,,,,,,,1,1,0,,,,4,2,2,0,0,0
10/04/2021 03:00,1,0,1,1,1,0,0,0,0,,,,,,,0,0,0,,,,7,5,2,0,0,0
10/04/2021 04:00,2,1,1,1,1,0,0,0,0,,,,,,,2,1,1,,,,3,1,2,0,0,0
10/04/2021 05:00,3,0,3,0,0,0,1,1,0,,,,,,,3,2,1,,,,1,1,0,0,0,0
10/04/2021 06:00,20,9,11,5,3,2,2,1,1,,,,,,,4,2,2,,,,4,3,1,0,0,0
10/04/2021 07:00,73,32,41,20,10,10,16,5,11,,,,,,,26,15,11,,,,11,4,7,260,182,78
10/04/2021 08:00,160,70,90,46,27,19,36,15,21,,,,,,,61,48,13,,,,29,15,14,0,0,0
10/04/2021 09:00,249,115,134,71,42,29,68,42,26,,,,,,,134,91,43,,,,55,30,25,0,0,0
10/04/2021 10:00,357,191,166,130,75,55,102,59,43,,,,,,,231,150,81,,,,77,38,39,0,0,0
10/04/2021 11:00,392,203,189,159,79,80,101,59,42,,,,,,,316,175,141,,,,75,31,44,0,0,0
10/04/2021 12:00,436,234,202,152,79,73,103,52,51,,,,,,,290,150,140,,,,100,50,50,1,0,1
10/04/2021 13:00,456,251,205,184,109,75,123,69,54,,,,,,,212,105,107,,,,94,49,45,0,0,0
10/04/2021 14:00,505,257,248,178,77,101,119,53,66,,,,,,,265,131,134,,,,116,64,52,1,1,0
10/04/2021 15:00,487,248,239,129,59,70,97,50,47,,,,,,,287,114,173,,,,134,70,64,0,0,0
10/04/2021 16:00,514,251,263,131,58,73,129,65,64,,,,,,,229,107,122,,,,101,63,38,0,0,0
10/04/2021 17:00,392,183,209,86,28,58,84,36,48,,,,,,,172,91,81,,,,98,38,60,0,0,0
10/04/2021 18:00,216,101,115,55,34,21,52,27,25,,,,,,,126,58,68,,,,83,47,36,0,0,0
10/04/2021 19:00,163,84,79,40,23,17,30,20,10,,,,,,,47,25,22,,,,112,55,57,0,0,0
10/04/2021 20:00,124,57,67,37,15,22,28,11,17,,,,,,,61,24,37,,,,46,20,26,0,0,0
10/04/2021 21:00,61,38,23,27,9,18,14,4,10,,,,,,,13,3,10,,,,35,14,21,0,0,0
10/04/2021 22:00,22,12,10,5,2,3,11,6,5,,,,,,,4,3,1,,,,13,10,3,0,0,0
10/04/2021 23:00,8,6,2,3,1,2,11,5,6,,,,,,,6,3,3,,,,26,4,22,0,0,0
11/04/2021 00:00,0,0,0,0,0,0,2,1,1,,,,,,,1,1,0,,,,7,2,5,0,0,0
11/04/2021 01:00,0,0,0,3,1,2,0,0,0,,,,,,,0,0,0,,,,7,7,0,0,0,0
11/04/2021 02:00,1,0,1,0,0,0,0,0,0,,,,,,,0,0,0,,,,9,6,3,0,0,0
11/04/2021 03:00,1,0,1,1,1,0,1,0,1,,,,,,,0,0,0,,,,7,4,3,0,0,0
11/04/2021 04:00,0,0,0,0,0,0,0,0,0,,,,,,,1,1,0,,,,3,2,1,0,0,0
11/04/2021 05:00,3,1,2,0,0,0,0,0,0,,,,,,,2,2,0,,,,4,4,0,0,0,0
11/04/2021 06:00,13,5,8,2,1,1,3,1,2,,,,,,,3,3,0,,,,4,1,3,0,0,0
11/04/2021 07:00,54,22,32,5,2,3,7,4,3,,,,,,,13,7,6,,,,7,4,3,1,0,1
11/04/2021 08:00,137,66,71,36,22,14,47,26,21,,,,,,,51,38,13,,,,26,15,11,0,0,0
11/04/2021 09:00,273,133,140,85,46,39,79,50,29,,,,,,,128,74,54,,,,34,13,21,0,0,0
11/04/2021 10:00,382,195,187,119,67,52,115,69,46,,,,,,,250,152,98,,,,63,31,32,0,0,0
11/04/2021 11:00,517,255,262,216,85,131,121,53,68,,,,,,,330,193,137,,,,97,47,50,0,0,0
11/04/2021 12:00,514,276,238,176,99,77,137,69,68,,,,,,,317,191,126,,,,95,39,56,0,0,0
11/04/2021 13:00,456,206,250,161,68,93,108,55,53,,,,,,,262,150,112,,,,91,51,40,0,0,0
11/04/2021 14:00,463,253,210,142,70,72,113,57,56,,,,,,,212,122,90,,,,88,40,48,0,0,0
11/04/2021 15:00,501,243,258,134,61,73,127,63,64,,,,,,,216,122,94,,,,85,44,41,0,0,0
11/04/2021 16:00,426,202,224,73,19,54,82,41,41,,,,,,,174,89,85,,,,75,30,45,0,0,0
11/04/2021 17:00,281,131,150,77,30,47,44,30,14,,,,,,,101,42,59,,,,57,29,28,0,0,0
11/04/2021 18:00,162,83,79,30,22,8,38,26,12,,,,,,,50,23,27,,,,47,22,25,0,0,0
11/04/2021 19:00,121,63,58,25,12,13,25,11,14,,,,,,,32,13,19,,,,25,13,12,0,0,0
11/04/2021 20:00,49,28,21,8,3,5,13,8,5,,,,,,,24,9,15,,,,26,12,14,0,0,0
11/04/2021 21:00,29,15,14,5,4,1,8,5,3,,,,,,,8,3,5,,,,18,8,10,0,0,0
11/04/2021 22:00,8,3,5,0,0,0,1,0,1,,,,,,,7,1,6,,,,17,8,9,0,0,0
11/04/2021 23:00,0,0,0,0,0,0,0,0,0,,,,,,,0,0,0,,,,10,6,4,0,0,0
12/04/2021 00:00,0,0,0,0,0,0,1,1,0,,,,,,,0,0,0,,,,4,4,0,,,
12/04/2021 01:00,0,0,0,1,1,0,0,0,0,,,,,,,0,0,0,,,,0,0,0,,,
12/04/2021 02:00,1,0,1,0,0,0,0,0,0,,,,,,,0,0,0,,,,2,0,2,,,
12/04/2021 03:00,0,0,0,2,0,2,0,0,0,,,,,,,0,0,0,,,,0,0,0,,,
12/04/2021 04:00,0,0,0,2,2,0,0,0,0,,,,,,,0,0,0,,,,11,6,5,,,
12/04/2021 05:00,4,2,2,1,0,1,2,1,1,,,,,,,2,2,0,,,,2,1,1,,,
12/04/2021 06:00,58,26,32,14,11,3,20,8,12,,,,,,,8,6,2,,,,13,6,7,,,
12/04/2021 07:00,132,60,72,27,12,15,21,14,7,,,,,,,57,33,24,,,,41,21,20,,,
12/04/2021 08:00,131,66,65,37,13,24,27,12,15,,,,,,,82,46,36,,,,121,90,31,,,
12/04/2021 09:00,189,101,88,46,17,29,41,23,18,,,,,,,90,43,47,,,,49,25,24,,,
12/04/2021 10:00,245,125,120,34,18,16,46,29,17,,,,,,,101,56,45,,,,46,19,27,,,
12/04/2021 11:00,313,168,145,56,23,33,43,23,20,,,,,,,107,57,50,,,,66,38,28,,,
12/04/2021 12:00,270,142,128,73,35,38,63,28,35,,,,,,,105,54,51,,,,63,27,36,,,
12/04/2021 13:00,219,94,125,54,21,33,41,23,18,,,,,,,117,72,45,,,,65,33,32,,,
12/04/2021 14:00,211,105,106,58,26,32,47,30,17,,,,,,,110,47,63,,,,93,46,47,,,
12/04/2021 15:00,149,63,86,32,18,14,20,12,8,,,,,,,63,23,40,,,,119,21,98,,,
12/04/2021 16:00,173,94,79,39,16,23,36,19,17,,,,,,,73,33,40,,,,58,32,26,,,
12/04/2021 17:00,163,81,82,31,17,14,39,25,14,,,,,,,78,42,36,,,,45,24,21,,,
12/04/2021 18:00,244,122,122,48,22,26,67,37,30,,,,,,,113,61,52,,,,41,16,25,,,
12/04/2021 19:00,296,147,149,79,33,46,49,25,24,,,,,,,110,63,47,,,,56,33,23,,,
12/04/2021 20:00,298,157,141,70,31,39,43,22,21,,,,,,,68,30,38,,,,54,27,27,,,
12/04/2021 21:00,132,63,69,26,8,18,28,17,11,,,,,,,21,11,10,,,,31,12,19,,,
12/04/2021 22:00,42,21,21,15,4,11,13,0,13,,,,,,,11,4,7,,,,14,9,5,,,
12/04/2021 23:00,10,6,4,6,2,4,4,2,2,,,,,,,2,2,0,,,,3,2,1,,,
13/04/2021 00:00,0,0,0,1,0,1,2,1,1,,,,,,,1,1,0,,,,0,0,0,,,
13/04/2021 01:00,0,0,0,0,0,0,0,0,0,,,,,,,2,0,2,,,,3,2,1,,,
13/04/2021 02:00,0,0,0,0,0,0,0,0,0,,,,,,,0,0,0,,,,0,0,0,,,
13/04/2021 03:00,0,0,0,0,0,0,0,0,0,,,,,,,0,0,0,,,,3,2,1,,,
13/04/2021 04:00,0,0,0,0,0,0,0,0,0,,,,,,,0,0,0,,,,1,1,0,,,
13/04/2021 05:00,6,2,4,2,0,2,1,0,1,,,,,,,2,2,0,,,,1,1,0,,,
13/04/2021 06:00,51,22,29,7,3,4,8,8,0,,,,,,,28,20,8,,,,17,8,9,,,
13/04/2021 07:00,155,77,78,32,16,16,26,16,10,,,,,,,56,31,25,,,,46,23,23,,,
13/04/2021 08:00,180,85,95,54,24,30,45,30,15,,,,,,,131,67,64,,,,154,114,40,,,
13/04/2021 09:00,216,104,112,62,35,27,41,21,20,,,,,,,113,66,47,,,,55,26,29,,,
13/04/2021 10:00,313,161,152,72,41,31,58,35,23,,,,,,,121,66,55,,,,71,37,34,,,
13/04/2021 11:00,386,211,175,72,28,44,64,39,25,,,,,,,141,71,70,,,,75,30,45,,,
13/04/2021 12:00,371,197,174,92,45,47,65,35,30,,,,,,,137,77,60,,,,70,35,35,,,
13/04/2021 13:00,311,162,149,82,49,33,65,29,36,,,,,,,169,102,67,,,,76,37,39,,,
13/04/2021 14:00,239,112,127,48,29,19,43,29,14,,,,,,,141,74,67,,,,98,41,57,,,
13/04/2021 15:00,245,113,132,54,30,24,42,28,14,,,,,,,128,52,76,,,,144,46,98,,,
13/04/2021 16:00,235,121,114,47,27,20,35,18,17,,,,,,,93,40,53,,,,94,50,44,,,
13/04/2021 17:00,230,96,134,56,26,30,41,22,19,,,,,,,146,70,76,,,,76,38,38,,,
13/04/2021 18:00,291,137,154,72,40,32,75,37,38,,,,,,,166,74,92,,,,71,30,41,,,
13/04/2021 19:00,351,179,172,91,44,47,92,52,40,,,,,,,128,67,61,,,,58,22,36,,,
13/04/2021 20:00,319,154,165,76,28,48,49,27,22,,,,,,,67,32,35,,,,64,30,34,,,
13/04/2021 21:00,195,106,89,38,14,24,50,21,29,,,,,,,23,11,12,,,,20,11,9,,,
13/04/2021 22:00,48,20,28,11,5,6,9,4,5,,,,,,,2,2,0,,,,17,11,6,,,
13/04/2021 23:00,12,3,9,2,1,1,2,1,1,,,,,,,2,1,1,,,,6,5,1,,,
14/04/2021 00:00,5,5,0,0,0,0,0,0,0,,,,,,,2,0,2,,,,3,2,1,,,
14/04/2021 01:00,6,1,5,1,1,0,1,1,0,,,,,,,0,0,0,,,,0,0,0,,,
14/04/2021 02:00,3,1,2,0,0,0,0,0,0,,,,,,,0,0,0,,,,0,0,0,,,
14/04/2021 03:00,0,0,0,0,0,0,0,0,0,,,,,,,0,0,0,,,,1,1,0,,,
14/04/2021 04:00,1,1,0,0,0,0,0,0,0,,,,,,,0,0,0,,,,1,1,0,,,
14/04/2021 05:00,7,3,4,2,1,1,0,0,0,,,,,,,1,1,0,,,,2,2,0,,,
14/04/2021 06:00,70,36,34,17,9,8,9,7,2,,,,,,,22,15,7,,,,19,11,8,,,
14/04/2021 07:00,125,58,67,48,18,30,41,26,15,,,,,,,73,44,29,,,,46,23,23,,,
14/04/2021 08:00,185,81,104,58,27,31,55,29,26,,,,,,,132,77,55,,,,146,107,39,,,
14/04/2021 09:00,235,116,119,61,35,26,56,31,25,,,,,,,103,57,46,,,,57,31,26,,,
14/04/2021 10:00,278,130,148,60,26,34,65,32,33,,,,,,,98,67,31,,,,61,31,30,,,
14/04/2021 11:00,410,203,207,99,54,45,65,47,18,,,,,,,135,66,69,,,,69,39,30,,,
14/04/2021 12:00,376,207,169,122,40,82,80,37,43,,,,,,,144,74,70,,,,83,41,42,,,
14/04/2021 13:00,367,173,194,88,49,39,62,31,31,,,,,,,264,135,129,,,,92,49,43,,,
14/04/2021 14:00,359,191,168,64,32,32,70,39,31,,,,,,,188,74,114,,,,183,78,105,,,
14/04/2021 15:00,408,196,212,71,28,43,73,39,34,,,,,,,213,75,138,,,,104,55,49,,,
14/04/2021 16:00,458,189,269,69,31,38,61,29,32,,,,,,,186,72,114,,,,87,47,40,,,
14/04/2021 17:00,390,206,184,84,51,33,68,48,20,,,,,,,213,106,107,,,,99,68,31,,,
14/04/2021 18:00,450,214,236,113,55,58,99,56,43,,,,,,,240,98,142,,,,85,50,35,,,
14/04/2021 19:00,468,210,258,85,54,31,100,55,45,,,,,,,194,72,122,,,,75,35,40,,,
14/04/2021 20:00,496,261,235,87,32,55,79,26,53,,,,,,,87,32,55,,,,71,32,39,,,
14/04/2021 21:00,182,98,84,42,24,18,43,20,23,,,,,,,32,9,23,,,,20,7,13,,,
14/04/2021 22:00,27,15,12,6,2,4,12,4,8,,,,,,,11,4,7,,,,13,9,4,,,
14/04/2021 23:00,14,7,7,6,0,6,4,3,1,,,,,,,2,0,2,,,,17,8,9,,,
15/04/2021 00:00,1,0,1,0,0,0,1,1,0,,,,,,,4,4,0,,,,5,1,4,,,
15/04/2021 01:00,0,0,0,0,0,0,0,0,0,,,,,,,0,0,0,,,,7,3,4,,,
15/04/2021 02:00,0,0,0,0,0,0,2,2,0,,,,,,,0,0,0,,,,1,0,1,,,
15/04/2021 03:00,2,1,1,0,0,0,0,0,0,,,,,,,0,0,0,,,,0,0,0,,,
15/04/2021 04:00,2,1,1,0,0,0,0,0,0,,,,,,,0,0,0,,,,2,2,0,,,
15/04/2021 05:00,5,2,3,1,0,1,0,0,0,,,,,,,1,1,0,,,,2,1,1,,,
15/04/2021 06:00,66,29,37,15,9,6,21,12,9,,,,,,,20,15,5,,,,17,8,9,,,
15/04/2021 07:00,152,78,74,33,13,20,39,20,19,,,,,,,73,46,27,,,,50,25,25,,,
15/04/2021 08:00,225,109,116,49,28,21,52,38,14,,,,,,,103,58,45,,,,160,127,33,,,
15/04/2021 09:00,216,109,107,60,38,22,43,18,25,,,,,,,106,59,47,,,,49,32,17,,,
15/04/2021 10:00,296,140,156,73,37,36,61,39,22,,,,,,,113,71,42,,,,60,34,26,,,
15/04/2021 11:00,344,183,161,81,36,45,66,31,35,,,,,,,113,59,54,,,,63,34,29,,,
15/04/2021 12:00,343,180,163,118,51,67,72,32,40,,,,,,,119,53,66,,,,79,45,34,,,
15/04/2021 13:00,312,147,165,89,49,40,46,28,18,,,,,,,188,105,83,,,,92,55,37,,,
15/04/2021 14:00,296,137,159,67,29,38,35,19,16,,,,,,,169,74,95,,,,143,70,73,,,
15/04/2021 15:00,271,147,124,71,33,38,54,30,24,,,,,,,182,63,119,,,,110,37,73,,,
15/04/2021 16:00,246,114,132,55,33,22,35,15,20,,,,,,,165,80,85,,,,85,51,34,,,
15/04/2021 17:00,270,125,145,74,25,49,48,21,27,,,,,,,102,43,59,,,,72,48,24,,,
15/04/2021 18:00,345,168,177,59,35,24,72,41,31,,,,,,,126,71,55,,,,93,51,42,,,
15/04/2021 19:00,317,158,159,98,57,41,84,40,44,,,,,,,116,44,72,,,,88,41,47,,,
15/04/2021 20:00,304,161,143,78,40,38,73,34,39,,,,,,,78,38,40,,,,47,17,30,,,
15/04/2021 21:00,147,79,68,53,22,31,34,15,19,,,,,,,22,6,16,,,,30,10,20,,,
15/04/2021 22:00,28,15,13,9,4,5,9,4,5,,,,,,,8,2,6,,,,12,9,3,,,
15/04/2021 23:00,11,6,5,3,0,3,2,0,2,,,,,,,1,0,1,,,,8,7,1,,,
16/04/2021 00:00,0,0,0,1,0,1,0,0,0,,,,,,,0,0,0,,,,4,1,3,,,
16/04/2021 01:00,0,0,0,1,0,1,1,1,0,,,,,,,0,0,0,,,,0,0,0,,,
16/04/2021 02:00,0,0,0,0,0,0,1,0,1,,,,,,,0,0,0,,,,1,1,0,,,
16/04/2021 03:00,0,0,0,0,0,0,0,0,0,,,,,,,0,0,0,,,,1,0,1,,,
16/04/2021 04:00,0,0,0,1,1,0,0,0,0,,,,,,,0,0,0,,,,2,2,0,,,
16/04/2021 05:00,11,5,6,2,0,2,1,0,1,,,,,,,1,1,0,,,,1,1,0,,,
16/04/2021 06:00,60,31,29,16,10,6,23,18,5,,,,,,,36,23,13,,,,17,8,9,,,
16/04/2021 07:00,128,64,64,37,10,27,31,16,15,,,,,,,63,40,23,,,,39,14,25,,,
16/04/2021 08:00,186,82,104,40,20,20,38,23,15,,,,,,,119,80,39,,,,143,108,35,,,
16/04/2021 09:00,221,118,103,83,53,30,62,39,23,,,,,,,128,66,62,,,,67,39,28,,,
16/04/2021 10:00,281,135,146,68,37,31,58,31,27,,,,,,,114,74,40,,,,40,17,23,,,
16/04/2021 11:00,363,192,171,89,49,40,67,39,28,,,,,,,149,84,65,,,,62,30,32,,,
16/04/2021 12:00,358,189,169,79,38,41,49,23,26,,,,,,,120,53,67,,,,83,38,45,,,
16/04/2021 13:00,299,137,162,63,29,34,47,22,25,,,,,,,157,103,54,,,,78,32,46,,,
16/04/2021 14:00,253,110,143,68,38,30,37,21,16,,,,,,,234,129,105,,,,90,37,53,,,
16/04/2021 15:00,267,117,150,47,26,21,48,21,27,,,,,,,194,76,118,,,,111,35,76,,,
16/04/2021 16:00,263,116,147,55,17,38,41,22,19,,,,,,,171,86,85,,,,82,33,49,,,
16/04/2021 17:00,293,150,143,76,40,36,55,26,29,,,,,,,104,48,56,,,,80,36,44,,,
16/04/2021 18:00,339,157,182,67,42,25,76,38,38,,,,,,,116,55,61,,,,64,29,35,,,
16/04/2021 19:00,338,168,170,47,22,25,63,38,25,,,,,,,90,38,52,,,,90,45,45,,,
16/04/2021 20:00,290,140,150,29,13,16,48,14,34,,,,,,,67,27,40,,,,63,23,40,,,
16/04/2021 21:00,129,82,47,25,16,9,27,14,13,,,,,,,20,8,12,,,,38,21,17,,,
16/04/2021 22:00,40,22,18,21,8,13,10,6,4,,,,,,,5,1,4,,,,24,16,8,,,
16/04/2021 23:00,24,9,15,21,8,13,8,4,4,,,,,,,1,0,1,,,,14,10,4,,,
17/04/2021 00:00,0,0,0,0,0,0,5,2,3,,,,,,,5,1,4,,,,11,6,5,,,
17/04/2021 01:00,1,0,1,6,3,3,9,0,9,,,,,,,1,0,1,,,,2,0,2,,,
17/04/2021 02:00,0,0,0,2,1,1,4,3,1,,,,,,,0,0,0,,,,7,2,5,,,
17/04/2021 03:00,0,0,0,0,0,0,0,0,0,,,,,,,0,0,0,,,,14,7,7,,,
17/04/2021 04:00,0,0,0,0,0,0,0,0,0,,,,,,,0,0,0,,,,4,1,3,,,
17/04/2021 05:00,6,3,3,0,0,0,4,0,4,,,,,,,1,1,0,,,,5,2,3,,,
17/04/2021 06:00,26,12,14,9,8,1,4,3,1,,,,,,,11,8,3,,,,3,1,2,,,
17/04/2021 07:00,79,33,46,22,10,12,22,11,11,,,,,,,21,13,8,,,,15,6,9,,,
17/04/2021 08:00,178,89,89,40,21,19,38,18,20,,,,,,,69,45,24,,,,25,17,8,,,
17/04/2021 09:00,294,136,158,91,61,30,76,44,32,,,,,,,129,74,55,,,,44,23,21,,,
17/04/2021 10:00,483,266,217,129,78,51,120,67,53,,,,,,,245,158,87,,,,73,42,31,,,
17/04/2021 11:00,697,372,325,172,76,96,146,80,66,,,,,,,268,152,116,,,,48,24,24,,,
17/04/2021 12:00,651,294,357,161,81,80,118,65,53,,,,,,,230,133,97,,,,82,40,42,,,
17/04/2021 13:00,652,303,349,167,102,65,110,67,43,,,,,,,225,123,102,,,,77,38,39,,,
17/04/2021 14:00,825,395,430,177,100,77,155,89,66,,,,,,,224,128,96,,,,93,55,38,,,
17/04/2021 15:00,858,407,451,181,79,102,160,88,72,,,,,,,287,118,169,,,,90,64,26,,,
17/04/2021 16:00,753,382,371,199,76,123,190,89,101,,,,,,,317,138,179,,,,104,50,54,,,
17/04/2021 17:00,703,325,378,173,74,99,104,46,58,,,,,,,207,95,112,,,,92,49,43,,,
17/04/2021 18:00,488,209,279,128,63,65,86,44,42,,,,,,,152,67,85,,,,57,27,30,,,
17/04/2021 19:00,268,120,148,61,34,27,47,18,29,,,,,,,64,29,35,,,,69,29,40,,,
17/04/2021 20:00,240,114,126,30,14,16,30,16,14,,,,,,,63,30,33,,,,50,22,28,,,
17/04/2021 21:00,101,51,50,28,17,11,29,10,19,,,,,,,20,9,11,,,,44,23,21,,,
17/04/2021 22:00,27,12,15,13,3,10,7,4,3,,,,,,,3,1,2,,,,31,18,13,,,
17/04/2021 23:00,23,17,6,4,2,2,10,5,5,,,,,,,6,4,2,,,,16,7,9,,,
18/04/2021 00:00,0,0,0,0,0,0,2,0,2,,,,,,,1,0,1,,,,27,12,15,,,
18/04/2021 01:00,6,4,2,5,1,4,1,1,0,,,,,,,0,0,0,,,,8,2,6,,,
18/04/2021 02:00,1,1,0,2,1,1,0,0,0,,,,,,,0,0,0,,,,3,1,2,,,
18/04/2021 03:00,4,3,1,6,2,4,4,4,0,,,,,,,0,0,0,,,,9,4,5,,,
18/04/2021 04:00,1,0,1,0,0,0,1,0,1,,,,,,,0,0,0,,,,3,2,1,,,
18/04/2021 05:00,2,0,2,2,0,2,1,0,1,,,,,,,5,3,2,,,,0,0,0,,,
18/04/2021 06:00,11,6,5,7,6,1,5,4,1,,,,,,,4,3,1,,,,4,2,2,,,
18/04/2021 07:00,41,20,21,10,5,5,4,2,2,,,,,,,22,13,9,,,,9,3,6,,,
18/04/2021 08:00,116,55,61,32,19,13,25,16,9,,,,,,,49,33,16,,,,17,8,9,,,
18/04/2021 09:00,234,108,126,61,31,30,52,29,23,,,,,,,113,58,55,,,,28,9,19,,,
18/04/2021 10:00,320,173,147,97,57,40,70,42,28,,,,,,,160,100,60,,,,50,21,29,,,
18/04/2021 11:00,555,262,293,93,43,50,62,35,27,,,,,,,163,102,61,,,,62,27,35,,,
18/04/2021 12:00,566,277,289,111,57,54,111,60,51,,,,,,,177,92,85,,,,81,46,35,,,
18/04/2021 13:00,632,271,361,88,23,65,86,51,35,,,,,,,172,94,78,,,,68,37,31,,,
18/04/2021 14:00,680,334,346,96,64,32,67,43,24,,,,,,,172,96,76,,,,66,35,31,,,
18/04/2021 15:00,748,406,342,105,64,41,117,72,45,,,,,,,183,102,81,,,,84,48,36,,,
18/04/2021 16:00,594,276,318,118,58,60,99,52,47,,,,,,,190,92,98,,,,70,34,36,,,
18/04/2021 17:00,387,185,202,76,29,47,84,46,38,,,,,,,120,48,72,,,,68,27,41,,,
18/04/2021 18:00,267,112,155,36,12,24,46,21,25,,,,,,,62,34,28,,,,48,27,21,,,
18/04/2021 19:00,193,100,93,22,4,18,37,20,17,,,,,,,43,21,22,,,,33,11,22,,,
18/04/2021 20:00,195,109,86,25,13,12,23,14,9,,,,,,,49,22,27,,,,36,13,23,,,
18/04/2021 21:00,105,51,54,14,8,6,17,6,11,,,,,,,17,9,8,,,,10,5,5,,,
18/04/2021 22:00,27,15,12,6,3,3,4,2,2,,,,,,,9,5,4,,,,11,5,6,,,
18/04/2021 23:00,7,4,3,0,0,0,0,0,0,,,,,,,1,0,1,,,,5,3,2,,,
19/04/2021 00:00,0,0,0,0,0,0,2,0,2,,,,,,,0,0,0,,,,4,1,3,,,
19/04/2021 01:00,2,1,1,1,0,1,0,0,0,,,,,,,0,0,0,,,,0,0,0,,,
19/04/2021 02:00,0,0,0,0,0,0,0,0,0,,,,,,,0,0,0,,,,0,0,0,,,
19/04/2021 03:00,0,0,0,0,0,0,0,0,0,,,,,,,0,0,0,,,,1,1,0,,,
19/04/2021 04:00,1,1,0,0,0,0,0,0,0,,,,,,,0,0,0,,,,1,1,0,,,
19/04/2021 05:00,4,1,3,0,0,0,0,0,0,,,,,,,2,2,0,,,,2,1,1,,,
19/04/2021 06:00,65,29,36,15,5,10,17,11,6,,,,,,,19,14,5,,,,14,7,7,,,
19/04/2021 07:00,118,51,67,32,14,18,33,20,13,,,,,,,74,43,31,,,,44,21,23,,,
19/04/2021 08:00,187,89,98,49,25,24,40,20,20,,,,,,,81,46,35,,,,153,118,35,,,
19/04/2021 09:00,230,125,105,49,26,23,49,28,21,,,,,,,101,57,44,,,,39,24,15,,,
19/04/2021 10:00,272,142,130,59,26,33,42,20,22,,,,,,,67,41,26,,,,51,26,25,,,
19/04/2021 11:00,297,143,154,52,34,18,41,18,23,,,,,,,91,49,42,,,,61,28,33,,,
19/04/2021 12:00,283,142,141,63,33,30,44,24,20,,,,,,,110,65,45,,,,55,40,15,,,
19/04/2021 13:00,282,141,141,52,18,34,53,27,26,,,,,,,128,75,53,,,,70,36,34,,,
19/04/2021 14:00,232,126,106,38,25,13,29,20,9,,,,,,,137,61,76,,,,87,40,47,,,
19/04/2021 15:00,189,80,109,64,34,30,31,17,14,,,,,,,116,53,63,,,,130,34,96,,,
19/04/2021 16:00,222,109,113,55,30,25,34,20,14,,,,,,,117,66,51,,,,92,41,51,,,
19/04/2021 17:00,209,105,104,57,32,25,47,18,29,,,,,,,135,63,72,,,,74,38,36,,,
19/04/2021 18:00,228,102,126,83,33,50,59,27,32,,,,,,,113,55,58,,,,95,42,53,,,
19/04/2021 19:00,267,133,134,100,45,55,61,32,29,,,,,,,105,46,59,,,,64,25,39,,,
19/04/2021 20:00,283,151,132,69,34,35,47,18,29,,,,,,,75,34,41,,,,35,21,14,,,
19/04/2021 21:00,145,89,56,50,20,30,34,14,20,,,,,,,24,11,13,,,,29,9,20,,,
19/04/2021 22:00,36,16,20,8,5,3,12,4,8,,,,,,,7,3,4,,,,10,8,2,,,
19/04/2021 23:00,11,7,4,2,1,1,3,1,2,,,,,,,0,0,0,,,,1,0,1,,,
20/04/2021 00:00,1,0,1,0,0,0,0,0,0,,,,,,,0,0,0,,,,4,2,2,,,
20/04/2021 01:00,0,0,0,0,0,0,0,0,0,,,,,,,0,0,0,,,,0,0,0,,,
20/04/2021 02:00,0,0,0,0,0,0,0,0,0,,,,,,,0,0,0,,,,0,0,0,,,
20/04/2021 03:00,0,0,0,0,0,0,0,0,0,,,,,,,0,0,0,,,,1,1,0,,,
20/04/2021 04:00,0,0,0,0,0,0,0,0,0,,,,,,,0,0,0,,,,1,1,0,,,
20/04/2021 05:00,3,0,3,6,3,3,1,0,1,,,,,,,3,3,0,,,,2,1,1,0,0,0
20/04/2021 06:00,64,35,29,15,9,6,12,8,4,,,,,,,34,19,15,,,,21,7,14,0,0,0
20/04/2021 07:00,144,68,76,34,17,17,29,12,17,,,,,,,63,35,28,,,,30,10,20,0,0,0
20/04/2021 08:00,145,68,77,57,30,27,45,29,16,,,,,,,106,41,65,,,,122,92,30,0,0,0
20/04/2021 09:00,184,83,101,46,20,26,27,19,8,,,,,,,86,46,40,,,,38,27,11,0,0,0
20/04/2021 10:00,232,109,123,44,21,23,39,25,14,,,,,,,236,130,106,,,,56,33,23,0,0,0
20/04/2021 11:00,269,114,155,56,23,33,56,33,23,,,,,,,104,51,53,,,,67,24,43,0,0,0
20/04/2021 12:00,320,178,142,67,31,36,48,24,24,,,,,,,223,125,98,,,,72,47,25,0,0,0
20/04/2021 13:00,264,134,130,95,48,47,58,36,22,,,,,,,156,78,78,,,,89,36,53,0,0,0
20/04/2021 14:00,261,132,129,55,24,31,47,26,21,,,,,,,135,54,81,,,,114,46,68,0,0,0
20/04/2021 15:00,309,137,172,64,23,41,40,19,21,,,,,,,156,58,98,,,,139,42,97,0,0,0
20/04/2021 16:00,233,125,108,71,42,29,46,22,24,,,,,,,156,73,83,,,,87,47,40,0,0,0
20/04/2021 17:00,246,118,128,75,37,38,60,30,30,,,,,,,128,44,84,,,,99,44,55,1,0,1
20/04/2021 18:00,351,187,164,113,55,58,70,38,32,,,,,,,140,59,81,,,,89,50,39,1,1,0
20/04/2021 19:00,364,172,192,79,36,43,65,32,33,,,,,,,131,67,64,,,,95,41,54,1,1,0
20/04/2021 20:00,421,238,183,58,21,37,59,27,32,,,,,,,103,51,52,,,,64,24,40,0,0,0
20/04/2021 21:00,191,98,93,46,21,25,37,20,17,,,,,,,45,18,27,,,,29,13,16,0,0,0
20/04/2021 22:00,37,22,15,15,6,9,13,4,9,,,,,,,12,3,9,,,,19,10,9,1,1,0
20/04/2021 23:00,7,2,5,5,2,3,1,1,0,,,,,,,0,0,0,,,,12,6,6,0,0,0
21/04/2021 00:00,2,2,0,1,0,1,3,0,3,,,,,,,1,0,1,,,,1,0,1,5,2,3
21/04/2021 01:00,0,0,0,0,0,0,1,0,1,,,,,,,0,0,0,,,,0,0,0,1,1,0
21/04/2021 02:00,0,0,0,0,0,0,0,0,0,,,,,,,0,0,0,,,,2,1,1,1,1,0
21/04/2021 03:00,0,0,0,0,0,0,0,0,0,,,,,,,0,0,0,,,,2,1,1,3,2,1
21/04/2021 04:00,1,1,0,0,0,0,0,0,0,,,,,,,1,0,1,,,,2,2,0,0,0,0
21/04/2021 05:00,8,5,3,3,1,2,1,0,1,,,,,,,2,2,0,,,,1,1,0,2,0,2
21/04/2021 06:00,60,29,31,11,8,3,15,9,6,,,,,,,21,13,8,,,,22,13,9,0,0,0
21/04/2021 07:00,132,67,65,42,21,21,29,17,12,,,,,,,64,38,26,,,,46,18,28,0,0,0
21/04/2021 08:00,161,80,81,56,30,26,49,37,12,,,,,,,122,62,60,,,,138,102,36,10,4,6
21/04/2021 09:00,209,112,97,63,34,29,37,23,14,,,,,,,90,49,41,,,,57,28,29,137,45,92
21/04/2021 10:00,227,105,122,58,26,32,37,19,18,,,,,,,95,49,46,,,,56,38,18,0,0,0
21/04/2021 11:00,281,139,142,79,38,41,48,24,24,,,,,,,91,49,42,,,,56,24,32,0,0,0
21/04/2021 12:00,259,141,118,83,48,35,56,34,22,,,,,,,99,55,44,,,,57,33,24,13,10,3
21/04/2021 13:00,273,137,136,87,51,36,52,29,23,,,,,,,187,94,93,,,,85,40,45,6,3,3
21/04/2021 14:00,284,136,148,75,37,38,39,20,19,,,,,,,157,65,92,,,,182,79,103,20,10,10
21/04/2021 15:00,301,148,153,68,23,45,52,31,21,,,,,,,138,56,82,,,,99,46,53,0,0,0
21/04/2021 16:00,306,152,154,51,30,21,40,18,22,,,,,,,167,69,98,,,,104,54,50,111,61,50
21/04/2021 17:00,302,152,150,69,37,32,69,38,31,,,,,,,201,92,109,,,,88,52,36,4,2,2
21/04/2021 18:00,350,158,192,88,56,32,75,30,45,,,,,,,217,87,130,,,,113,63,50,0,0,0
21/04/2021 19:00,403,200,203,105,48,57,71,34,37,,,,,,,126,53,73,,,,108,62,46,1,1,0
21/04/2021 20:00,439,228,211,100,34,66,83,48,35,,,,,,,112,49,63,,,,69,28,41,0,0,0
21/04/2021 21:00,197,109,88,40,13,27,47,17,30,,,,,,,46,14,32,,,,29,10,19,0,0,0
21/04/2021 22:00,38,15,23,11,2,9,6,2,4,,,,,,,7,1,6,,,,19,10,9,0,0,0
21/04/2021 23:00,21,6,15,2,2,0,5,3,2,,,,,,,2,1,1,,,,3,2,1,0,0,0
22/04/2021 00:00,3,3,0,2,0,2,1,0,1,,,,,,,0,0,0,,,,5,1,4,41,30,11
22/04/2021 01:00,0,0,0,0,0,0,0,0,0,,,,,,,1,0,1,,,,7,3,4,0,0,0
22/04/2021 02:00,1,0,1,0,0,0,0,0,0,,,,,,,0,0,0,,,,0,0,0,0,0,0
22/04/2021 03:00,0,0,0,0,0,0,0,0,0,,,,,,,0,0,0,,,,3,2,1,4,2,2
22/04/2021 04:00,2,1,1,0,0,0,0,0,0,,,,,,,0,0,0,,,,1,1,0,0,0,0
22/04/2021 05:00,4,1,3,3,1,2,3,1,2,,,,,,,3,3,0,,,,0,0,0,0,0,0
22/04/2021 06:00,70,30,40,19,8,11,18,9,9,,,,,,,26,19,7,,,,18,10,8,6,3,3
22/04/2021 07:00,136,63,73,41,22,19,41,21,20,,,,,,,60,35,25,,,,45,17,28,32,19,13
22/04/2021 08:00,176,87,89,69,36,33,41,26,15,,,,,,,110,56,54,,,,153,117,36,44,18,26
22/04/2021 09:00,239,117,122,65,41,24,39,25,14,,,,,,,101,50,51,,,,54,32,22,15,5,10
22/04/2021 10:00,285,147,138,68,33,35,51,26,25,,,,,,,108,66,42,,,,55,29,26,20,10,10
22/04/2021 11:00,294,162,132,76,36,40,64,37,27,,,,,,,103,57,46,,,,53,23,30,0,0,0
22/04/2021 12:00,338,179,159,103,50,53,52,21,31,,,,,,,134,77,57,,,,61,37,24,0,0,0
22/04/2021 13:00,369,200,169,94,35,59,73,37,36,,,,,,,182,103,79,,,,91,57,34,0,0,0
22/04/2021 14:00,350,159,191,34,19,15,41,17,24,,,,,,,196,80,116,,,,119,66,53,0,0,0
22/04/2021 15:00,368,203,165,94,48,46,45,27,18,,,,,,,197,76,121,,,,152,72,80,0,0,0
22/04/2021 16:00,423,210,213,61,24,37,56,26,30,,,,,,,170,66,104,,,,100,65,35,0,0,0
22/04/2021 17:00,394,170,224,90,46,44,73,42,31,,,,,,,222,100,122,,,,100,50,50,0,0,0
22/04/2021 18:00,481,238,243,126,64,62,73,38,35,,,,,,,208,98,110,,,,84,49,35,0,0,0
22/04/2021 19:00,492,228,264,117,53,64,85,42,43,,,,,,,160,58,102,,,,95,49,46,0,0,0
22/04/2021 20:00,460,255,205,102,41,61,85,40,45,,,,,,,103,42,61,,,,59,29,30,0,0,0
22/04/2021 21:00,186,92,94,45,21,24,45,23,22,,,,,,,31,9,22,,,,47,14,33,0,0,0
22/04/2021 22:00,57,32,25,11,6,5,9,3,6,,,,,,,11,2,9,,,,17,9,8,0,0,0
22/04/2021 23:00,14,9,5,8,1,7,5,1,4,,,,,,,1,1,0,,,,11,3,8,0,0,0
23/04/2021 00:00,0,0,0,0,0,0,1,1,0,,,,,,,0,0,0,,,,7,3,4,,,
23/04/2021 01:00,2,1,1,0,0,0,0,0,0,,,,,,,0,0,0,,,,0,0,0,,,
23/04/2021 02:00,1,0,1,2,0,2,0,0,0,,,,,,,0,0,0,,,,0,0,0,,,
23/04/2021 03:00,0,0,0,0,0,0,0,0,0,,,,,,,0,0,0,,,,5,4,1,,,
23/04/2021 04:00,2,0,2,0,0,0,0,0,0,,,,,,,0,0,0,,,,1,1,0,,,
23/04/2021 05:00,7,5,2,5,2,3,1,1,0,,,,,,,5,5,0,,,,2,1,1,,,
23/04/2021 06:00,71,29,42,30,16,14,18,9,9,,,,,,,23,13,10,,,,22,8,14,,,
23/04/2021 07:00,134,60,74,47,19,28,34,20,14,,,,,,,78,37,41,,,,46,26,20,,,
23/04/2021 08:00,187,110,77,62,24,38,62,37,25,,,,,,,113,64,49,,,,146,105,41,,,
23/04/2021 09:00,198,98,100,61,27,34,32,17,15,,,,,,,108,53,55,,,,37,20,17,,,
23/04/2021 10:00,301,160,141,60,36,24,46,30,16,,,,,,,116,71,45,,,,47,23,24,,,
23/04/2021 11:00,337,173,164,92,41,51,59,36,23,,,,,,,117,49,68,,,,49,31,18,,,
23/04/2021 12:00,368,205,163,78,48,30,64,32,32,,,,,,,114,65,49,,,,73,27,46,,,
23/04/2021 13:00,301,158,143,80,39,41,43,19,24,,,,,,,166,102,64,,,,93,33,60,,,
23/04/2021 14:00,302,141,161,47,23,24,54,29,25,,,,,,,287,160,127,,,,93,39,54,,,
23/04/2021 15:00,304,154,150,60,30,30,79,40,39,,,,,,,237,102,135,,,,105,43,62,,,
23/04/2021 16:00,350,184,166,58,25,33,54,25,29,,,,,,,229,118,111,,,,122,64,58,,,
23/04/2021 17:00,376,179,197,74,43,31,63,31,32,,,,,,,181,80,101,,,,102,54,48,,,
23/04/2021 18:00,445,212,233,85,42,43,60,29,31,,,,,,,169,75,94,,,,115,52,63,,,
23/04/2021 19:00,452,231,221,83,36,47,75,34,41,,,,,,,111,52,59,,,,111,61,50,,,
23/04/2021 20:00,375,178,197,71,31,40,49,23,26,,,,,,,63,25,38,,,,69,26,43,,,
23/04/2021 21:00,149,75,74,52,30,22,29,16,13,,,,,,,40,22,18,,,,35,15,20,,,
23/04/2021 22:00,75,31,44,17,6,11,13,7,6,,,,,,,10,3,7,,,,26,12,14,,,
23/04/2021 23:00,24,7,17,15,7,8,2,1,1,,,,,,,10,6,4,,,,24,8,16,,,
24/04/2021 00:00,0,0,0,5,3,2,2,2,0,,,,,,,2,0,2,,,,7,3,4,,,
24/04/2021 01:00,11,5,6,3,1,2,0,0,0,,,,,,,1,0,1,,,,8,4,4,,,
24/04/2021 02:00,1,0,1,0,0,0,0,0,0,,,,,,,2,2,0,,,,9,7,2,,,
24/04/2021 03:00,1,0,1,0,0,0,0,0,0,,,,,,,0,0,0,,,,3,1,2,,,
24/04/2021 04:00,1,1,0,0,0,0,1,0,1,,,,,,,1,1,0,,,,3,1,2,,,
24/04/2021 05:00,6,3,3,1,0,1,1,0,1,,,,,,,3,2,1,,,,6,4,2,,,
24/04/2021 06:00,31,12,19,8,4,4,9,6,3,,,,,,,4,3,1,,,,10,5,5,,,
24/04/2021 07:00,113,56,57,18,12,6,23,12,11,,,,,,,31,23,8,,,,14,7,7,,,
24/04/2021 08:00,225,111,114,57,33,24,49,29,20,,,,,,,67,42,25,,,,36,17,19,,,
24/04/2021 09:00,294,133,161,111,63,48,77,40,37,,,,,,,147,87,60,,,,59,30,29,,,
24/04/2021 10:00,374,214,160,163,83,80,87,49,38,,,,,,,258,147,111,,,,59,24,35,,,
24/04/2021 11:00,503,272,231,164,92,72,120,68,52,,,,,,,244,141,103,,,,87,49,38,,,
24/04/2021 12:00,509,261,248,169,82,87,127,77,50,,,,,,,247,131,116,,,,101,48,53,,,
24/04/2021 13:00,514,263,251,192,113,79,92,48,44,,,,,,,201,98,103,,,,72,45,27,,,
24/04/2021 14:00,672,355,317,153,90,63,122,72,50,,,,,,,227,124,103,,,,109,64,45,,,
24/04/2021 15:00,755,388,367,155,78,77,116,62,54,,,,,,,330,163,167,,,,107,65,42,,,
24/04/2021 16:00,723,355,368,172,74,98,137,64,73,,,,,,,298,113,185,,,,119,81,38,,,
24/04/2021 17:00,704,293,411,116,41,75,97,31,66,,,,,,,256,144,112,,,,101,56,45,,,
24/04/2021 18:00,608,270,338,114,45,69,110,44,66,,,,,,,180,104,76,,,,96,42,54,,,
24/04/2021 19:00,424,191,233,71,32,39,66,24,42,,,,,,,109,48,61,,,,43,25,18,,,
24/04/2021 20:00,301,133,168,52,13,39,29,14,15,,,,,,,71,30,41,,,,70,37,33,,,
24/04/2021 21:00,143,67,76,32,13,19,21,10,11,,,,,,,38,13,25,,,,43,20,23,,,
24/04/2021 22:00,80,42,38,14,8,6,15,9,6,,,,,,,6,2,4,,,,28,17,11,,,
24/04/2021 23:00,33,15,18,10,4,6,5,0,5,,,,,,,7,1,6,,,,13,8,5,,,
25/04/2021 00:00,2,1,1,3,3,0,1,0,1,,,,,,,7,6,1,,,,7,1,6,,,
25/04/2021 01:00,2,0,2,8,3,5,4,2,2,,,,,,,1,1,0,,,,10,2,8,,,
25/04/2021 02:00,10,1,9,1,1,0,16,6,10,,,,,,,3,3,0,,,,8,5,3,,,
25/04/2021 03:00,2,0,2,5,0,5,1,1,0,,,,,,,0,0,0,,,,7,1,6,,,
25/04/2021 04:00,0,0,0,0,0,0,0,0,0,,,,,,,0,0,0,,,,7,2,5,,,
25/04/2021 05:00,11,4,7,0,0,0,0,0,0,,,,,,,7,5,2,,,,0,0,0,,,
25/04/2021 06:00,30,18,12,4,2,2,5,2,3,,,,,,,9,6,3,,,,9,2,7,,,
25/04/2021 07:00,73,24,49,13,5,8,13,5,8,,,,,,,25,13,12,,,,13,3,10,,,
25/04/2021 08:00,201,95,106,43,30,13,50,24,26,,,,,,,54,28,26,,,,32,21,11,,,
25/04/2021 09:00,312,160,152,116,64,52,79,40,39,,,,,,,116,61,55,,,,28,18,10,,,
25/04/2021 10:00,503,286,217,122,66,56,92,63,29,,,,,,,181,109,72,,,,44,22,22,,,
25/04/2021 11:00,498,225,273,169,89,80,113,66,47,,,,,,,218,132,86,,,,55,24,31,,,
25/04/2021 12:00,559,280,279,192,93,99,164,96,68,,,,,,,217,133,84,,,,75,44,31,,,
25/04/2021 13:00,642,352,290,138,77,61,114,61,53,,,,,,,257,126,131,,,,93,49,44,,,
25/04/2021 14:00,666,322,344,148,74,74,148,74,74,,,,,,,250,133,117,,,,82,48,34,,,
25/04/2021 15:00,734,375,359,160,79,81,155,87,68,,,,,,,292,127,165,,,,81,47,34,,,
25/04/2021 16:00,753,354,399,138,50,88,131,54,77,,,,,,,262,120,142,,,,94,48,46,,,
25/04/2021 17:00,519,239,280,121,50,71,117,45,72,,,,,,,192,103,89,,,,96,59,37,,,
25/04/2021 18:00,410,180,230,68,30,38,68,27,41,,,,,,,122,57,65,,,,78,39,39,,,
25/04/2021 19:00,259,129,130,64,35,29,63,24,39,,,,,,,50,17,33,,,,71,34,37,,,
25/04/2021 20:00,188,96,92,49,30,19,33,15,18,,,,,,,43,14,29,,,,46,18,28,,,
25/04/2021 21:00,108,58,50,25,4,21,21,12,9,,,,,,,27,16,11,,,,16,9,7,,,
25/04/2021 22:00,32,20,12,2,0,2,11,6,5,,,,,,,9,4,5,,,,12,4,8,,,
25/04/2021 23:00,14,4,10,1,0,1,1,0,1,,,,,,,6,4,2,,,,4,3,1,,,
26/04/2021 00:00,1,0,1,2,1,1,0,0,0,,,,,,,3,1,2,,,,7,3,4,,,
26/04/2021 01:00,1,1,0,1,0,1,0,0,0,,,,,,,1,1,0,,,,1,0,1,,,
26/04/2021 02:00,0,0,0,1,1,0,1,0,1,,,,,,,0,0,0,,,,1,0,1,,,
26/04/2021 03:00,0,0,0,1,1,0,0,0,0,,,,,,,4,4,0,,,,8,6,2,,,
26/04/2021 04:00,0,0,0,0,0,0,2,2,0,,,,,,,1,1,0,,,,7,2,5,,,
26/04/2021 05:00,11,4,7,5,2,3,1,0,1,,,,,,,3,3,0,,,,1,0,1,,,
26/04/2021 06:00,76,33,43,17,9,8,19,12,7,,,,,,,28,18,10,,,,18,10,8,,,
26/04/2021 07:00,152,74,78,38,16,22,32,18,14,,,,,,,71,40,31,,,,40,21,19,,,
26/04/2021 08:00,157,74,83,66,36,30,57,35,22,,,,,,,94,50,44,,,,137,100,37,,,
26/04/2021 09:00,225,112,113,73,52,21,39,20,19,,,,,,,95,63,32,,,,72,35,37,,,
26/04/2021 10:00,248,126,122,63,37,26,55,32,23,,,,,,,123,66,57,,,,68,43,25,,,
26/04/2021 11:00,333,171,162,78,43,35,79,44,35,,,,,,,133,61,72,,,,53,29,24,,,
26/04/2021 12:00,357,193,164,90,48,42,65,31,34,,,,,,,152,90,62,,,,58,35,23,,,
26/04/2021 13:00,337,185,152,122,74,48,64,31,33,,,,,,,207,127,80,,,,78,49,29,,,
26/04/2021 14:00,314,162,152,82,44,38,47,26,21,,,,,,,216,87,129,,,,76,44,32,,,
26/04/2021 15:00,346,168,178,69,32,37,69,32,37,,,,,,,166,71,95,,,,170,74,96,,,
26/04/2021 16:00,321,169,152,91,47,44,59,31,28,,,,,,,153,65,88,,,,94,53,41,,,
26/04/2021 17:00,306,156,150,70,39,31,82,44,38,,,,,,,138,61,77,,,,117,62,55,,,
26/04/2021 18:00,400,176,224,99,46,53,74,35,39,,,,,,,147,61,86,,,,97,48,49,,,
26/04/2021 19:00,396,179,217,93,46,47,70,33,37,,,,,,,108,51,57,,,,111,49,62,,,
26/04/2021 20:00,363,181,182,82,31,51,41,19,22,,,,,,,68,25,43,,,,216,116,100,,,
26/04/2021 21:00,203,110,93,51,21,30,37,17,20,,,,,,,36,20,16,,,,165,78,87,,,
26/04/2021 22:00,47,23,24,25,7,18,12,5,7,,,,,,,14,8,6,,,,28,13,15,,,
26/04/2021 23:00,11,7,4,4,4,0,5,1,4,,,,,,,6,4,2,,,,2,2,0,,,
27/04/2021 00:00,0,0,0,0,0,0,0,0,0,,,,,,,1,1,0,,,,6,3,3,,,
27/04/2021 01:00,0,0,0,0,0,0,1,1,0,,,,,,,1,0,1,,,,0,0,0,,,
27/04/2021 02:00,1,0,1,0,0,0,0,0,0,,,,,,,0,0,0,,,,0,0,0,,,
27/04/2021 03:00,0,0,0,0,0,0,0,0,0,,,,,,,0,0,0,,,,1,1,0,,,
27/04/2021 04:00,0,0,0,2,1,1,0,0,0,,,,,,,0,0,0,,,,2,2,0,,,
27/04/2021 05:00,7,3,4,0,0,0,1,0,1,,,,,,,2,2,0,,,,3,3,0,,,
27/04/2021 06:00,62,26,36,17,7,10,22,12,10,,,,,,,33,23,10,,,,11,6,5,,,
27/04/2021 07:00,154,82,72,63,31,32,30,18,12,,,,,,,77,48,29,,,,47,19,28,,,
27/04/2021 08:00,147,65,82,53,35,18,42,25,17,,,,,,,105,39,66,,,,132,97,35,,,
27/04/2021 09:00,170,84,86,48,24,24,24,15,9,,,,,,,66,35,31,,,,50,26,24,,,
27/04/2021 10:00,173,89,84,30,12,18,37,20,17,,,,,,,59,39,20,,,,41,15,26,,,
27/04/2021 11:00,211,101,110,41,19,22,46,29,17,,,,,,,99,62,37,,,,54,22,32,,,
27/04/2021 12:00,152,79,73,42,21,21,40,16,24,,,,,,,74,46,28,,,,52,30,22,,,
27/04/2021 13:00,163,96,67,50,31,19,36,18,18,,,,,,,134,86,48,,,,55,24,31,,,
27/04/2021 14:00,126,52,74,34,13,21,31,14,17,,,,,,,101,51,50,,,,74,29,45,,,
27/04/2021 15:00,156,67,89,47,20,27,19,11,8,,,,,,,111,39,72,,,,108,26,82,,,
27/04/2021 16:00,183,88,95,31,20,11,40,27,13,,,,,,,84,48,36,,,,90,40,50,,,
27/04/2021 17:00,192,90,102,51,30,21,41,24,17,,,,,,,116,55,61,,,,101,46,55,,,
27/04/2021 18:00,252,137,115,75,44,31,35,16,19,,,,,,,106,59,47,,,,87,42,45,,,
27/04/2021 19:00,214,115,99,73,42,31,35,17,18,,,,,,,75,42,33,,,,76,37,39,,,
27/04/2021 20:00,200,102,98,38,16,22,28,18,10,,,,,,,53,30,23,,,,51,17,34,,,
27/04/2021 21:00,137,75,62,20,7,13,15,7,8,,,,,,,31,12,19,,,,19,6,13,,,
27/04/2021 22:00,22,14,8,12,3,9,11,5,6,,,,,,,1,0,1,,,,7,5,2,,,
27/04/2021 23:00,3,1,2,3,2,1,0,0,0,,,,,,,3,1,2,,,,5,3,2,,,
28/04/2021 00:00,0,0,0,0,0,0,0,0,0,,,,,,,4,2,2,,,,0,0,0,,,
28/04/2021 01:00,0,0,0,0,0,0,0,0,0,,,,,,,0,0,0,,,,2,1,1,,,
28/04/2021 02:00,0,0,0,0,0,0,0,0,0,,,,,,,0,0,0,,,,1,0,1,,,
28/04/2021 03:00,0,0,0,0,0,0,0,0,0,,,,,,,0,0,0,,,,1,1,0,,,
28/04/2021 04:00,1,1,0,0,0,0,0,0,0,,,,,,,0,0,0,,,,1,1,0,,,
28/04/2021 05:00,6,2,4,1,0,1,3,2,1,,,,,,,2,2,0,,,,0,0,0,,,
28/04/2021 06:00,45,18,27,20,9,11,9,5,4,,,,,,,27,17,10,,,,15,10,5,,,
28/04/2021 07:00,89,47,42,27,9,18,25,13,12,,,,,,,70,38,32,,,,49,23,26,,,
28/04/2021 08:00,85,36,49,38,20,18,29,18,11,,,,,,,77,30,47,,,,130,96,34,,,
28/04/2021 09:00,125,61,64,45,24,21,26,13,13,,,,,,,66,36,30,,,,35,13,22,,,
28/04/2021 10:00,123,71,52,35,20,15,18,8,10,,,,,,,46,26,20,,,,35,19,16,,,
28/04/2021 11:00,160,77,83,40,22,18,21,11,10,,,,,,,51,31,20,,,,70,41,29,,,
28/04/2021 12:00,180,106,74,39,11,28,26,16,10,,,,,,,72,38,34,,,,77,37,40,,,
28/04/2021 13:00,196,105,91,47,20,27,41,25,16,,,,,,,145,93,52,,,,84,35,49,,,
28/04/2021 14:00,166,94,72,21,7,14,29,17,12,,,,,,,175,85,90,,,,153,51,102,,,
28/04/2021 15:00,141,70,71,52,28,24,28,15,13,,,,,,,95,51,44,,,,82,25,57,,,
28/04/2021 16:00,188,89,99,39,14,25,39,20,19,,,,,,,101,50,51,,,,78,32,46,,,
28/04/2021 17:00,176,81,95,55,28,27,50,22,28,,,,,,,102,57,45,,,,74,35,39,,,
28/04/2021 18:00,226,114,112,73,36,37,61,34,27,,,,,,,153,83,70,,,,83,40,43,,,
28/04/2021 19:00,275,138,137,66,24,42,58,18,40,,,,,,,111,53,58,,,,106,53,53,,,
28/04/2021 20:00,267,134,133,38,15,23,41,22,19,,,,,,,61,28,33,,,,48,17,31,,,
28/04/2021 21:00,136,71,65,27,16,11,20,11,9,,,,,,,34,17,17,,,,35,16,19,,,
28/04/2021 22:00,26,18,8,8,5,3,18,5,13,,,,,,,14,8,6,,,,24,11,13,,,
28/04/2021 23:00,5,3,2,2,0,2,0,0,0,,,,,,,2,0,2,,,,7,6,1,,,
29/04/2021 00:00,0,0,0,0,0,0,0,0,0,,,,,,,2,2,0,,,,2,2,0,,,
29/04/2021 01:00,0,0,0,0,0,0,0,0,0,,,,,,,0,0,0,,,,2,1,1,,,
29/04/2021 02:00,1,0,1,0,0,0,0,0,0,,,,,,,0,0,0,,,,0,0,0,,,
29/04/2021 03:00,0,0,0,0,0,0,0,0,0,,,,,,,0,0,0,,,,1,1,0,,,
29/04/2021 04:00,2,1,1,0,0,0,7,0,7,,,,,,,0,0,0,,,,5,2,3,,,
29/04/2021 05:00,4,2,2,1,0,1,2,0,2,,,,,,,5,4,1,,,,1,1,0,,,
29/04/2021 06:00,55,19,36,14,6,8,17,12,5,,,,,,,22,16,6,,,,18,7,11,,,
29/04/2021 07:00,134,71,63,43,19,24,25,15,10,,,,,,,73,43,30,,,,51,23,28,,,
29/04/2021 08:00,151,74,77,50,31,19,49,33,16,,,,,,,87,41,46,,,,148,108,40,,,
29/04/2021 09:00,202,98,104,54,30,24,35,13,22,,,,,,,106,69,37,,,,56,30,26,,,
29/04/2021 10:00,115,71,44,65,33,32,36,19,17,,,,,,,84,47,37,,,,31,14,17,,,
29/04/2021 11:00,176,75,101,35,17,18,39,17,22,,,,,,,61,35,26,,,,30,14,16,,,
29/04/2021 12:00,193,95,98,85,46,39,34,20,14,,,,,,,104,49,55,,,,51,33,18,,,
29/04/2021 13:00,213,101,112,82,38,44,49,29,20,,,,,,,156,83,73,,,,61,30,31,,,
29/04/2021 14:00,226,111,115,66,34,32,56,33,23,,,,,,,176,91,85,,,,91,43,48,,,
29/04/2021 15:00,224,120,104,52,19,33,46,30,16,,,,,,,149,52,97,,,,135,58,77,,,
29/04/2021 16:00,222,94,128,62,31,31,43,22,21,,,,,,,158,77,81,,,,87,56,31,,,
29/04/2021 17:00,234,115,119,57,23,34,49,28,21,,,,,,,149,58,91,,,,100,57,43,,,
29/04/2021 18:00,266,128,138,57,27,30,55,27,28,,,,,,,139,57,82,,,,93,48,45,,,
29/04/2021 19:00,291,145,146,73,27,46,67,32,35,,,,,,,107,43,64,,,,93,52,41,,,
29/04/2021 20:00,269,142,127,63,26,37,41,15,26,,,,,,,71,28,43,,,,49,20,29,,,
29/04/2021 21:00,150,70,80,26,10,16,25,11,14,,,,,,,41,13,28,,,,30,11,19,,,
29/04/2021 22:00,49,25,24,10,3,7,16,4,12,,,,,,,5,1,4,,,,8,6,2,,,
29/04/2021 23:00,6,3,3,2,0,2,2,0,2,,,,,,,2,1,1,,,,3,1,2,,,
30/04/2021 00:00,0,0,0,0,0,0,0,0,0,,,,,,,0,0,0,,,,1,1,0,,,
30/04/2021 01:00,2,1,1,0,0,0,0,0,0,,,,,,,1,1,0,,,,0,0,0,,,
30/04/2021 02:00,0,0,0,0,0,0,0,0,0,,,,,,,0,0,0,,,,2,1,1,,,
30/04/2021 03:00,1,1,0,0,0,0,0,0,0,,,,,,,0,0,0,,,,2,2,0,,,
30/04/2021 04:00,1,1,0,0,0,0,0,0,0,,,,,,,0,0,0,,,,1,1,0,,,
30/04/2021 05:00,8,2,6,3,1,2,2,1,1,,,,,,,2,1,1,,,,1,1,0,,,
30/04/2021 06:00,59,26,33,18,13,5,16,9,7,,,,,,,26,21,5,,,,12,6,6,,,
30/04/2021 07:00,125,61,64,45,24,21,19,16,3,,,,,,,56,31,25,,,,45,18,27,,,
30/04/2021 08:00,156,70,86,40,21,19,46,23,23,,,,,,,88,49,39,,,,119,93,26,,,
30/04/2021 09:00,174,89,85,43,22,21,24,11,13,,,,,,,92,50,42,,,,39,19,20,,,
30/04/2021 10:00,149,71,78,48,28,20,25,13,12,,,,,,,58,30,28,,,,26,10,16,,,
30/04/2021 11:00,160,80,80,19,9,10,15,8,7,,,,,,,49,26,23,,,,32,9,23,,,
30/04/2021 12:00,132,82,50,29,15,14,35,23,12,,,,,,,41,19,22,,,,50,23,27,,,
30/04/2021 13:00,186,85,101,42,23,19,37,23,14,,,,,,,110,78,32,,,,66,18,48,,,
30/04/2021 14:00,230,108,122,90,50,40,51,25,26,,,,,,,198,123,75,,,,98,39,59,,,
30/04/2021 15:00,337,152,185,107,40,67,53,27,26,,,,,,,150,62,88,,,,118,48,70,,,
30/04/2021 16:00,333,173,160,87,42,45,68,37,31,,,,,,,185,96,89,,,,103,51,52,,,
30/04/2021 17:00,325,185,140,96,56,40,72,41,31,,,,,,,153,72,81,,,,87,37,50,,,
30/04/2021 18:00,315,167,148,82,39,43,55,26,29,,,,,,,170,92,78,,,,78,44,34,,,
30/04/2021 19:00,273,128,145,67,31,36,53,25,28,,,,,,,90,50,40,,,,71,40,31,,,
30/04/2021 20:00,254,124,130,49,25,24,34,13,21,,,,,,,37,26,11,,,,54,29,25,,,
30/04/2021 21:00,125,62,63,40,17,23,29,17,12,,,,,,,32,18,14,,,,49,23,26,,,
30/04/2021 22:00,36,18,18,6,1,5,14,8,6,,,,,,,2,0,2,,,,17,9,8,,,
30/04/2021 23:00,14,5,9,2,2,0,4,2,2,,,,,,,6,2,4,,,,16,7,9,,,
01/05/2021 00:00,0,0,0,2,0,2,2,0,2,,,,,,,2,1,1,,,,7,2,5,,,
01/05/2021 01:00,1,1,0,1,1,0,1,1,0,,,,,,,1,0,1,,,,4,4,0,,,
01/05/2021 02:00,3,1,2,5,5,0,0,0,0,,,,,,,0,0,0,,,,0,0,0,,,
01/05/2021 03:00,0,0,0,0,0,0,0,0,0,,,,,,,0,0,0,,,,6,3,3,,,
01/05/2021 04:00,1,1,0,2,2,0,1,1,0,,,,,,,1,1,0,,,,6,4,2,,,
01/05/2021 05:00,9,5,4,0,0,0,1,0,1,,,,,,,2,2,0,,,,2,1,1,,,
01/05/2021 06:00,36,12,24,6,3,3,9,5,4,,,,,,,6,3,3,,,,3,2,1,,,
01/05/2021 07:00,65,32,33,19,13,6,21,13,8,,,,,,,44,21,23,,,,13,5,8,,,
01/05/2021 08:00,149,74,75,40,21,19,30,20,10,,,,,,,58,37,21,,,,25,14,11,,,
01/05/2021 09:00,225,97,128,63,35,28,54,26,28,,,,,,,100,65,35,,,,34,17,17,,,
01/05/2021 10:00,352,166,186,84,51,33,73,41,32,,,,,,,154,93,61,,,,59,25,34,,,
01/05/2021 11:00,403,216,187,142,75,67,115,69,46,,,,,,,209,121,88,,,,63,37,26,,,
01/05/2021 12:00,465,247,218,107,54,53,102,47,55,,,,,,,199,98,101,,,,91,45,46,,,
01/05/2021 13:00,529,302,227,106,49,57,86,44,42,,,,,,,132,69,63,,,,99,59,40,,,
01/05/2021 14:00,531,276,255,107,58,49,79,47,32,,,,,,,173,110,63,,,,84,38,46,,,
01/05/2021 15:00,536,271,265,113,69,44,106,69,37,,,,,,,200,100,100,,,,79,44,35,,,
01/05/2021 16:00,569,261,308,125,70,55,94,48,46,,,,,,,151,66,85,,,,81,38,43,,,
01/05/2021 17:00,441,185,256,84,33,51,87,47,40,,,,,,,135,61,74,,,,63,33,30,,,
01/05/2021 18:00,360,163,197,78,41,37,52,17,35,,,,,,,137,53,84,,,,64,34,30,,,
01/05/2021 19:00,300,139,161,51,18,33,46,26,20,,,,,,,65,26,39,,,,64,36,28,,,
01/05/2021 20:00,217,90,127,23,8,15,35,14,21,,,,,,,48,17,31,,,,47,26,21,,,
01/05/2021 21:00,143,75,68,16,5,11,21,9,12,,,,,,,28,11,17,,,,51,21,30,,,
01/05/2021 22:00,58,30,28,12,8,4,12,10,2,,,,,,,7,3,4,,,,141,74,67,,,
01/05/2021 23:00,28,12,16,10,7,3,12,6,6,,,,,,,2,1,1,,,,64,30,34,,,
02/05/2021 00:00,0,0,0,3,2,1,1,0,1,,,,,,,9,1,8,,,,8,4,4,,,
02/05/2021 01:00,2,0,2,2,1,1,0,0,0,,,,,,,4,0,4,,,,4,2,2,,,
02/05/2021 02:00,1,0,1,1,0,1,1,0,1,,,,,,,6,1,5,,,,17,5,12,,,
02/05/2021 03:00,0,0,0,0,0,0,0,0,0,,,,,,,2,1,1,,,,7,3,4,,,
02/05/2021 04:00,1,1,0,0,0,0,0,0,0,,,,,,,1,1,0,,,,4,2,2,,,
02/05/2021 05:00,8,2,6,4,3,1,2,0,2,,,,,,,4,3,1,,,,0,0,0,,,
02/05/2021 06:00,13,6,7,5,3,2,2,1,1,,,,,,,3,3,0,,,,6,3,3,,,
02/05/2021 07:00,69,28,41,10,4,6,17,10,7,,,,,,,17,11,6,,,,9,4,5,,,
02/05/2021 08:00,138,67,71,34,25,9,36,22,14,,,,,,,44,22,22,,,,28,17,11,,,
02/05/2021 09:00,274,139,135,72,43,29,59,29,30,,,,,,,103,68,35,,,,31,14,17,,,
02/05/2021 10:00,441,233,208,96,46,50,71,44,27,,,,,,,194,128,66,,,,51,20,31,,,
02/05/2021 11:00,599,306,293,108,60,48,86,49,37,,,,,,,169,93,76,,,,65,36,29,,,
02/05/2021 12:00,584,296,288,102,54,48,89,40,49,,,,,,,191,100,91,,,,58,26,32,,,
02/05/2021 13:00,634,303,331,103,62,41,99,61,38,,,,,,,133,67,66,,,,58,32,26,,,
02/05/2021 14:00,668,303,365,99,43,56,106,62,44,,,,,,,146,75,71,,,,49,31,18,,,
02/05/2021 15:00,678,353,325,99,67,32,100,61,39,,,,,,,146,77,69,,,,68,38,30,,,
02/05/2021 16:00,613,296,317,89,38,51,97,39,58,,,,,,,120,59,61,,,,65,30,35,,,
02/05/2021 17:00,409,178,231,90,38,52,85,38,47,,,,,,,103,46,57,,,,54,33,21,,,
02/05/2021 18:00,335,135,200,49,23,26,47,26,21,,,,,,,93,43,50,,,,51,25,26,,,
02/05/2021 19:00,272,119,153,43,23,20,33,17,16,,,,,,,93,59,34,,,,46,25,21,,,
02/05/2021 20:00,162,80,82,33,19,14,24,14,10,,,,,,,37,19,18,,,,37,18,19,,,
02/05/2021 21:00,136,61,75,16,7,9,25,15,10,,,,,,,31,11,20,,,,27,12,15,,,
02/05/2021 22:00,46,20,26,8,4,4,12,9,3,,,,,,,6,1,5,,,,11,3,8,,,
02/05/2021 23:00,18,10,8,5,1,4,5,1,4,,,,,,,4,4,0,,,,20,7,13,,,
03/05/2021 00:00,0,0,0,0,0,0,0,0,0,,,,,,,5,2,3,,,,6,5,1,,,
03/05/2021 01:00,2,2,0,4,2,2,0,0,0,,,,,,,0,0,0,,,,13,9,4,,,
03/05/2021 02:00,0,0,0,3,0,3,0,0,0,,,,,,,0,0,0,,,,8,5,3,,,
03/05/2021 03:00,0,0,0,0,0,0,0,0,0,,,,,,,0,0,0,,,,14,9,5,,,
03/05/2021 04:00,0,0,0,1,0,1,0,0,0,,,,,,,0,0,0,,,,16,3,13,,,
03/05/2021 05:00,4,0,4,1,1,0,1,1,0,,,,,,,3,2,1,,,,0,0,0,,,
03/05/2021 06:00,12,6,6,5,3,2,2,1,1,,,,,,,5,5,0,,,,4,3,1,,,
03/05/2021 07:00,29,9,20,1,0,1,7,6,1,,,,,,,4,0,4,,,,5,2,3,,,
03/05/2021 08:00,29,12,17,11,8,3,3,0,3,,,,,,,16,11,5,,,,4,2,2,,,
03/05/2021 09:00,40,23,17,15,7,8,13,7,6,,,,,,,17,11,6,,,,12,6,6,,,
03/05/2021 10:00,74,39,35,34,16,18,20,10,10,,,,,,,47,22,25,,,,15,6,9,,,
03/05/2021 11:00,103,49,54,29,18,11,24,11,13,,,,,,,32,19,13,,,,17,11,6,,,
03/05/2021 12:00,137,64,73,29,13,16,18,5,13,,,,,,,28,16,12,,,,17,10,7,,,
03/05/2021 13:00,141,73,68,20,14,6,21,14,7,,,,,,,24,11,13,,,,16,6,10,,,
03/05/2021 14:00,127,37,90,28,18,10,19,7,12,,,,,,,52,38,14,,,,24,9,15,,,
03/05/2021 15:00,443,242,201,100,43,57,74,45,29,,,,,,,133,101,32,,,,74,40,34,,,
03/05/2021 16:00,566,304,262,124,61,63,122,70,52,,,,,,,192,101,91,,,,83,39,44,,,
03/05/2021 17:00,401,209,192,72,32,40,41,19,22,,,,,,,101,48,53,,,,85,36,49,,,
03/05/2021 18:00,208,97,111,37,21,16,31,15,16,,,,,,,39,18,21,,,,49,16,33,,,
03/05/2021 19:00,149,70,79,30,14,16,24,12,12,,,,,,,29,17,12,,,,30,10,20,,,
03/05/2021 20:00,60,43,17,17,7,10,15,8,7,,,,,,,10,5,5,,,,19,8,11,,,
03/05/2021 21:00,25,12,13,8,6,2,15,7,8,,,,,,,10,5,5,,,,13,10,3,,,
03/05/2021 22:00,18,10,8,2,0,2,6,4,2,,,,,,,2,1,1,,,,11,6,5,,,
03/05/2021 23:00,6,4,2,3,2,1,3,0,3,,,,,,,1,0,1,,,,6,3,3,,,
04/05/2021 00:00,0,0,0,0,0,0,0,0,0,,,,,,,0,0,0,,,,0,0,0,,,
04/05/2021 01:00,0,0,0,0,0,0,0,0,0,,,,,,,1,1,0,,,,1,0,1,,,
04/05/2021 02:00,3,1,2,0,0,0,0,0,0,,,,,,,0,0,0,,,,0,0,0,,,
04/05/2021 03:00,0,0,0,0,0,0,0,0,0,,,,,,,0,0,0,,,,3,3,0,,,
04/05/2021 04:00,0,0,0,0,0,0,0,0,0,,,,,,,0,0,0,,,,0,0,0,,,
04/05/2021 05:00,3,2,1,1,0,1,0,0,0,,,,,,,3,2,1,,,,0,0,0,,,
04/05/2021 06:00,61,23,38,7,5,2,14,7,7,,,,,,,24,15,9,,,,10,5,5,,,
04/05/2021 07:00,98,55,43,46,17,29,31,18,13,,,,,,,58,32,26,,,,40,17,23,,,
04/05/2021 08:00,154,68,86,58,32,26,35,24,11,,,,,,,95,48,47,,,,85,63,22,,,
04/05/2021 09:00,186,87,99,36,22,14,24,13,11,,,,,,,86,51,35,,,,36,17,19,,,
04/05/2021 10:00,192,98,94,60,31,29,27,18,9,,,,,,,95,54,41,,,,41,20,21,,,
04/05/2021 11:00,248,126,122,37,16,21,35,14,21,,,,,,,70,41,29,,,,40,22,18,,,
04/05/2021 12:00,249,125,124,51,27,24,50,28,22,,,,,,,106,56,50,,,,53,22,31,,,
04/05/2021 13:00,175,98,77,36,15,21,42,25,17,,,,,,,85,46,39,,,,40,16,24,,,
04/05/2021 14:00,151,80,71,24,12,12,15,11,4,,,,,,,34,19,15,,,,24,14,10,,,
04/05/2021 15:00,147,65,82,25,12,13,32,15,17,,,,,,,59,39,20,,,,93,24,69,,,
04/05/2021 16:00,151,79,72,52,30,22,16,9,7,,,,,,,72,34,38,,,,78,30,48,,,
04/05/2021 17:00,122,61,61,40,27,13,24,13,11,,,,,,,104,62,42,,,,66,25,41,,,
04/05/2021 18:00,184,97,87,49,21,28,50,19,31,,,,,,,117,55,62,,,,56,28,28,,,
04/05/2021 19:00,151,71,80,62,28,34,51,26,25,,,,,,,74,42,32,,,,63,33,30,,,
04/05/2021 20:00,166,87,79,38,11,27,31,18,13,,,,,,,55,28,27,,,,34,16,18,,,
04/05/2021 21:00,123,63,60,20,10,10,20,7,13,,,,,,,13,6,7,,,,25,10,15,,,
04/05/2021 22:00,38,18,20,5,4,1,10,6,4,,,,,,,9,1,8,,,,10,4,6,,,
04/05/2021 23:00,2,0,2,3,1,2,4,0,4,,,,,,,1,0,1,,,,4,2,2,,,
05/05/2021 00:00,0,0,0,0,0,0,0,0,0,,,,,,,0,0,0,,,,2,1,1,,,
05/05/2021 01:00,0,0,0,0,0,0,0,0,0,,,,,,,0,0,0,,,,4,2,2,,,
05/05/2021 02:00,0,0,0,0,0,0,0,0,0,,,,,,,0,0,0,,,,0,0,0,,,
05/05/2021 03:00,1,1,0,0,0,0,0,0,0,,,,,,,0,0,0,,,,1,1,0,,,
05/05/2021 04:00,0,0,0,0,0,0,0,0,0,,,,,,,0,0,0,,,,1,1,0,,,
05/05/2021 05:00,5,2,3,2,2,0,1,0,1,,,,,,,1,1,0,,,,1,1,0,,,
05/05/2021 06:00,62,20,42,17,9,8,15,8,7,,,,,,,25,22,3,,,,14,4,10,,,
05/05/2021 07:00,118,57,61,43,18,25,26,15,11,,,,,,,73,37,36,,,,45,24,21,,,
05/05/2021 08:00,144,68,76,54,35,19,42,24,18,,,,,,,112,54,58,,,,97,69,28,,,
05/05/2021 09:00,222,117,105,65,33,32,36,19,17,,,,,,,103,52,51,,,,38,26,12,,,
05/05/2021 10:00,220,110,110,59,26,33,39,17,22,,,,,,,78,47,31,,,,48,28,20,,,
05/05/2021 11:00,216,101,115,46,28,18,37,19,18,,,,,,,77,44,33,,,,49,29,20,,,
05/05/2021 12:00,151,66,85,45,25,20,20,8,12,,,,,,,59,32,27,,,,50,22,28,,,
05/05/2021 13:00,165,91,74,48,16,32,32,21,11,,,,,,,98,62,36,,,,57,23,34,,,
05/05/2021 14:00,133,73,60,41,16,25,53,27,26,,,,,,,75,46,29,,,,108,38,70,,,
05/05/2021 15:00,113,55,58,26,12,14,12,7,5,,,,,,,40,21,19,,,,52,17,35,,,
05/05/2021 16:00,118,56,62,40,26,14,21,16,5,,,,,,,59,28,31,,,,47,20,27,,,
05/05/2021 17:00,116,51,65,30,13,17,22,11,11,,,,,,,42,15,27,,,,74,33,41,,,
05/05/2021 18:00,123,57,66,48,23,25,35,16,19,,,,,,,75,39,36,,,,65,30,35,,,
05/05/2021 19:00,140,75,65,37,13,24,29,12,17,,,,,,,61,33,28,,,,47,31,16,,,
05/05/2021 20:00,127,64,63,33,19,14,16,8,8,,,,,,,62,32,30,,,,35,13,22,,,
05/05/2021 21:00,109,53,56,27,15,12,22,13,9,,,,,,,23,10,13,,,,18,10,8,,,
05/05/2021 22:00,31,17,14,10,7,3,13,4,9,,,,,,,10,6,4,,,,14,4,10,,,
05/05/2021 23:00,8,3,5,3,1,2,1,0,1,,,,,,,1,1,0,,,,7,1,6,,,
06/05/2021 00:00,0,0,0,1,0,1,0,0,0,,,,,,,1,1,0,,,,1,1,0,,,
06/05/2021 01:00,0,0,0,0,0,0,0,0,0,,,,,,,0,0,0,,,,0,0,0,,,
06/05/2021 02:00,0,0,0,0,0,0,0,0,0,,,,,,,0,0,0,,,,2,0,2,,,
06/05/2021 03:00,0,0,0,1,0,1,0,0,0,,,,,,,0,0,0,,,,1,1,0,,,
06/05/2021 04:00,5,1,4,0,0,0,2,1,1,,,,,,,0,0,0,,,,0,0,0,,,
06/05/2021 05:00,8,4,4,8,4,4,5,1,4,,,,,,,3,2,1,,,,1,1,0,,,
06/05/2021 06:00,54,22,32,15,6,9,19,10,9,,,,,,,20,14,6,,,,14,9,5,,,
06/05/2021 07:00,127,72,55,28,8,20,20,11,9,,,,,,,70,40,30,,,,47,23,24,,,
06/05/2021 08:00,176,77,99,57,32,25,36,15,21,,,,,,,107,59,48,,,,86,66,20,,,
06/05/2021 09:00,214,126,88,69,41,28,31,16,15,,,,,,,122,64,58,,,,55,33,22,,,
06/05/2021 10:00,237,116,121,68,43,25,43,27,16,,,,,,,99,62,37,,,,47,21,26,,,
06/05/2021 11:00,342,177,165,68,31,37,51,34,17,,,,,,,118,56,62,,,,57,23,34,,,
06/05/2021 12:00,258,136,122,86,28,58,66,33,33,,,,,,,117,63,54,,,,74,47,27,,,
06/05/2021 13:00,236,133,103,59,31,28,46,19,27,,,,,,,148,90,58,,,,83,33,50,,,
06/05/2021 14:00,238,116,122,66,27,39,54,31,23,,,,,,,164,94,70,,,,50,23,27,,,
06/05/2021 15:00,228,120,108,45,28,17,59,27,32,,,,,,,160,85,75,,,,132,35,97,,,
06/05/2021 16:00,223,110,113,52,19,33,46,28,18,,,,,,,128,68,60,,,,70,25,45,,,
06/05/2021 17:00,204,104,100,46,19,27,48,20,28,,,,,,,88,49,39,,,,115,52,63,,,
06/05/2021 18:00,262,135,127,57,30,27,53,28,25,,,,,,,119,73,46,,,,96,52,44,,,
06/05/2021 19:00,307,158,149,63,39,24,51,29,22,,,,,,,96,49,47,,,,62,24,38,,,
06/05/2021 20:00,305,144,161,78,38,40,40,18,22,,,,,,,87,42,45,,,,54,24,30,,,
06/05/2021 21:00,174,95,79,27,12,15,35,15,20,,,,,,,40,21,19,,,,31,9,22,,,
06/05/2021 22:00,56,31,25,6,2,4,13,2,11,,,,,,,9,1,8,,,,16,8,8,,,
06/05/2021 23:00,14,1,13,2,1,1,1,0,1,,,,,,,2,2,0,,,,2,1,1,,,
07/05/2021 00:00,0,0,0,1,1,0,0,0,0,,,,,,,0,0,0,,,,5,2,3,,,
07/05/2021 01:00,2,2,0,0,0,0,1,0,1,,,,,,,0,0,0,,,,0,0,0,,,
07/05/2021 02:00,1,0,1,0,0,0,0,0,0,,,,,,,0,0,0,,,,0,0,0,,,
07/05/2021 03:00,3,1,2,0,0,0,0,0,0,,,,,,,0,0,0,,,,2,2,0,,,
07/05/2021 04:00,0,0,0,0,0,0,0,0,0,,,,,,,0,0,0,,,,2,2,0,,,
07/05/2021 05:00,15,7,8,2,1,1,2,0,2,,,,,,,4,4,0,,,,1,1,0,,,
07/05/2021 06:00,78,23,55,14,5,9,28,17,11,,,,,,,31,20,11,,,,14,5,9,,,
07/05/2021 07:00,116,69,47,43,26,17,26,13,13,,,,,,,70,34,36,,,,43,16,27,,,
07/05/2021 08:00,158,76,82,57,33,24,42,28,14,,,,,,,117,62,55,,,,90,66,24,,,
07/05/2021 09:00,212,98,114,68,40,28,43,21,22,,,,,,,239,124,115,,,,37,20,17,,,
07/05/2021 10:00,236,111,125,81,48,33,58,24,34,,,,,,,133,75,58,,,,52,26,26,,,
07/05/2021 11:00,284,146,138,122,56,66,70,37,33,,,,,,,126,70,56,,,,66,33,33,,,
07/05/2021 12:00,339,174,165,66,38,28,54,24,30,,,,,,,101,49,52,,,,88,55,33,,,
07/05/2021 13:00,301,159,142,98,50,48,44,22,22,,,,,,,231,138,93,,,,49,28,21,,,
07/05/2021 14:00,233,108,125,40,18,22,44,24,20,,,,,,,213,123,90,,,,66,37,29,,,
07/05/2021 15:00,239,116,123,58,26,32,48,18,30,,,,,,,171,102,69,,,,138,53,85,,,
07/05/2021 16:00,290,132,158,59,20,39,67,30,37,,,,,,,195,103,92,,,,92,49,43,,,
07/05/2021 17:00,260,137,123,69,31,38,62,31,31,,,,,,,142,53,89,,,,86,45,41,,,
07/05/2021 18:00,279,128,151,77,44,33,47,21,26,,,,,,,123,52,71,,,,94,50,44,,,
07/05/2021 19:00,313,152,161,61,29,32,50,25,25,,,,,,,74,32,42,,,,53,29,24,,,
07/05/2021 20:00,235,123,112,56,34,22,45,18,27,,,,,,,40,24,16,,,,56,29,27,,,
07/05/2021 21:00,157,77,80,30,9,21,26,13,13,,,,,,,23,12,11,,,,25,8,17,,,
07/05/2021 22:00,45,20,25,9,5,4,9,4,5,,,,,,,16,7,9,,,,23,10,13,,,
07/05/2021 23:00,14,10,4,3,0,3,6,3,3,,,,,,,3,3,0,,,,8,6,2,,,
08/05/2021 00:00,0,0,0,2,0,2,5,5,0,,,,,,,2,0,2,,,,1,1,0,,,
08/05/2021 01:00,2,2,0,1,1,0,2,2,0,,,,,,,1,1,0,,,,8,4,4,,,
08/05/2021 02:00,2,0,2,0,0,0,0,0,0,,,,,,,0,0,0,,,,10,9,1,,,
08/05/2021 03:00,0,0,0,1,0,1,1,0,1,,,,,,,3,1,2,,,,3,3,0,,,
08/05/2021 04:00,48,13,35,17,16,1,11,8,3,,,,,,,7,4,3,,,,6,1,5,,,
08/05/2021 05:00,278,145,133,101,68,33,53,43,10,,,,,,,43,19,24,,,,12,6,6,,,
08/05/2021 06:00,67,35,32,48,4,44,24,4,20,,,,,,,9,5,4,,,,3,2,1,,,
08/05/2021 07:00,26,11,15,2,1,1,1,1,0,,,,,,,3,2,1,,,,1,0,1,,,
08/05/2021 08:00,30,14,16,18,11,7,20,14,6,,,,,,,13,8,5,,,,15,5,10,,,
08/05/2021 09:00,93,36,57,32,19,13,30,14,16,,,,,,,40,29,11,,,,26,20,6,,,
08/05/2021 10:00,177,86,91,58,40,18,46,28,18,,,,,,,121,75,46,,,,43,30,13,,,
08/05/2021 11:00,312,174,138,86,45,41,76,43,33,,,,,,,142,75,67,,,,43,17,26,,,
08/05/2021 12:00,270,135,135,95,49,46,79,50,29,,,,,,,132,69,63,,,,56,23,33,,,
08/05/2021 13:00,401,202,199,97,55,42,62,49,13,,,,,,,139,82,57,,,,77,42,35,,,
08/05/2021 14:00,431,225,206,117,63,54,117,66,51,,,,,,,153,92,61,,,,62,39,23,,,
08/05/2021 15:00,502,249,253,102,56,46,103,63,40,,,,,,,203,130,73,,,,94,50,44,,,
08/05/2021 16:00,557,314,243,88,44,44,102,57,45,,,,,,,202,104,98,,,,119,46,73,,,
08/05/2021 17:00,455,206,249,124,72,52,86,39,47,,,,,,,161,71,90,,,,91,49,42,,,
08/05/2021 18:00,401,200,201,81,43,38,55,28,27,,,,,,,116,40,76,,,,92,49,43,,,
08/05/2021 19:00,309,152,157,53,23,30,36,12,24,,,,,,,101,51,50,,,,60,29,31,,,
08/05/2021 20:00,220,110,110,46,18,28,53,25,28,,,,,,,69,34,35,,,,49,21,28,,,
08/05/2021 21:00,133,65,68,33,11,22,46,22,24,,,,,,,39,14,25,,,,37,16,21,,,
08/05/2021 22:00,33,22,11,9,1,8,8,4,4,,,,,,,7,3,4,,,,17,10,7,,,
08/05/2021 23:00,12,5,7,1,1,0,2,0,2,,,,,,,10,6,4,,,,11,1,10,,,
09/05/2021 00:00,1,0,1,0,0,0,5,3,2,,,,,,,2,0,2,,,,13,8,5,,,
09/05/2021 01:00,3,2,1,3,2,1,4,3,1,,,,,,,5,2,3,,,,12,2,10,,,
09/05/2021 02:00,0,0,0,1,0,1,2,2,0,,,,,,,0,0,0,,,,10,0,10,,,
09/05/2021 03:00,3,3,0,4,0,4,0,0,0,,,,,,,0,0,0,,,,6,5,1,,,
09/05/2021 04:00,3,2,1,2,2,0,0,0,0,,,,,,,0,0,0,,,,4,3,1,,,
09/05/2021 05:00,155,86,69,3,2,1,0,0,0,,,,,,,17,9,8,,,,0,0,0,,,
09/05/2021 06:00,51,21,30,4,1,3,8,3,5,,,,,,,10,4,6,,,,3,1,2,,,
09/05/2021 07:00,75,37,38,9,5,4,13,9,4,,,,,,,18,9,9,,,,6,3,3,,,
09/05/2021 08:00,103,53,50,22,11,11,29,17,12,,,,,,,36,17,19,,,,15,6,9,,,
09/05/2021 09:00,178,67,111,86,49,37,47,22,25,,,,,,,116,79,37,,,,25,15,10,,,
09/05/2021 10:00,268,150,118,104,69,35,71,41,30,,,,,,,179,118,61,,,,52,34,18,,,
09/05/2021 11:00,492,246,246,127,56,71,70,45,25,,,,,,,172,83,89,,,,55,29,26,,,
09/05/2021 12:00,480,225,255,90,47,43,76,40,36,,,,,,,203,121,82,,,,74,38,36,,,
09/05/2021 13:00,425,217,208,107,49,58,84,49,35,,,,,,,168,60,108,,,,86,44,42,,,
09/05/2021 14:00,443,212,231,81,37,44,78,40,38,,,,,,,125,56,69,,,,78,35,43,,,
09/05/2021 15:00,488,239,249,72,43,29,84,44,40,,,,,,,151,74,77,,,,53,26,27,,,
09/05/2021 16:00,453,230,223,72,41,31,74,29,45,,,,,,,141,73,68,,,,45,19,26,,,
09/05/2021 17:00,387,191,196,85,40,45,61,27,34,,,,,,,119,56,63,,,,63,38,25,,,
09/05/2021 18:00,290,130,160,62,30,32,50,16,34,,,,,,,64,29,35,,,,40,24,16,,,
09/05/2021 19:00,194,90,104,42,26,16,30,13,17,,,,,,,65,37,28,,,,38,14,24,,,
09/05/2021 20:00,154,79,75,33,14,19,30,18,12,,,,,,,40,21,19,,,,36,12,24,,,
09/05/2021 21:00,107,48,59,14,6,8,20,9,11,,,,,,,34,17,17,,,,32,14,18,,,
09/05/2021 22:00,23,10,13,12,10,2,8,4,4,,,,,,,11,7,4,,,,30,16,14,,,
09/05/2021 23:00,5,2,3,3,2,1,1,1,0,,,,,,,4,1,3,,,,2,0,2,,,
10/05/2021 00:00,1,1,0,1,0,1,0,0,0,,,,,,,0,0,0,,,,0,0,0,,,
10/05/2021 01:00,0,0,0,0,0,0,0,0,0,,,,,,,1,0,1,,,,8,4,4,,,
10/05/2021 02:00,0,0,0,0,0,0,0,0,0,,,,,,,0,0,0,,,,0,0,0,,,
10/05/2021 03:00,0,0,0,0,0,0,1,1,0,,,,,,,0,0,0,,,,2,2,0,,,
10/05/2021 04:00,3,3,0,0,0,0,0,0,0,,,,,,,0,0,0,,,,1,1,0,,,
10/05/2021 05:00,5,2,3,2,0,2,3,0,3,,,,,,,1,1,0,,,,1,1,0,,,
10/05/2021 06:00,57,21,36,14,8,6,22,11,11,,,,,,,27,15,12,,,,8,2,6,,,
10/05/2021 07:00,114,60,54,30,15,15,23,13,10,,,,,,,53,27,26,,,,41,21,20,,,
10/05/2021 08:00,141,65,76,42,22,20,35,25,10,,,,,,,113,62,51,,,,134,99,35,,,
10/05/2021 09:00,175,83,92,51,28,23,36,23,13,,,,,,,83,41,42,,,,47,21,26,,,
10/05/2021 10:00,136,68,68,51,30,21,24,15,9,,,,,,,72,36,36,,,,37,17,20,,,
10/05/2021 11:00,158,57,101,29,14,15,27,10,17,,,,,,,86,41,45,,,,41,20,21,,,
10/05/2021 12:00,162,77,85,49,17,32,27,11,16,,,,,,,69,42,27,,,,38,23,15,,,
10/05/2021 13:00,155,65,90,26,12,14,24,13,11,,,,,,,151,101,50,,,,51,25,26,,,
10/05/2021 14:00,128,57,71,45,17,28,12,9,3,,,,,,,104,35,69,,,,62,25,37,,,
10/05/2021 15:00,136,65,71,34,18,16,31,17,14,,,,,,,54,29,25,,,,115,28,87,,,
10/05/2021 16:00,175,91,84,39,11,28,19,12,7,,,,,,,84,52,32,,,,82,31,51,,,
10/05/2021 17:00,106,50,56,27,12,15,24,10,14,,,,,,,54,18,36,,,,49,19,30,,,
10/05/2021 18:00,140,72,68,43,25,18,35,17,18,,,,,,,86,56,30,,,,62,28,34,,,
10/05/2021 19:00,199,97,102,50,26,24,42,25,17,,,,,,,83,37,46,,,,72,44,28,,,
10/05/2021 20:00,163,83,80,57,25,32,29,15,14,,,,,,,54,25,29,,,,47,26,21,,,
10/05/2021 21:00,112,66,46,33,16,17,30,12,18,,,,,,,14,4,10,,,,30,14,16,,,
10/05/2021 22:00,35,18,17,9,3,6,3,0,3,,,,,,,7,1,6,,,,14,8,6,,,
10/05/2021 23:00,10,5,5,2,0,2,7,3,4,,,,,,,2,1,1,,,,11,5,6,,,
11/05/2021 00:00,0,0,0,0,0,0,0,0,0,,,,,,,0,0,0,,,,4,2,2,,,
11/05/2021 01:00,0,0,0,1,1,0,0,0,0,,,,,,,0,0,0,,,,1,0,1,,,
11/05/2021 02:00,0,0,0,0,0,0,0,0,0,,,,,,,0,0,0,,,,0,0,0,,,
11/05/2021 03:00,0,0,0,0,0,0,0,0,0,,,,,,,0,0,0,,,,1,1,0,,,
11/05/2021 04:00,0,0,0,0,0,0,0,0,0,,,,,,,0,0,0,,,,2,1,1,,,
11/05/2021 05:00,9,7,2,5,1,4,1,0,1,,,,,,,4,3,1,,,,2,2,0,,,
11/05/2021 06:00,70,22,48,14,8,6,16,10,6,,,,,,,39,30,9,,,,16,6,10,,,
11/05/2021 07:00,162,85,77,41,19,22,30,20,10,,,,,,,94,58,36,,,,46,26,20,,,
11/05/2021 08:00,188,88,100,59,26,33,55,33,22,,,,,,,129,58,71,,,,159,117,42,,,
11/05/2021 09:00,211,100,111,67,41,26,23,14,9,,,,,,,105,54,51,,,,43,22,21,,,
11/05/2021 10:00,182,87,95,51,25,26,38,23,15,,,,,,,106,53,53,,,,72,40,32,,,
11/05/2021 11:00,253,127,126,61,33,28,48,30,18,,,,,,,103,52,51,,,,56,38,18,,,
11/05/2021 12:00,269,128,141,108,48,60,47,26,21,,,,,,,128,83,45,,,,82,46,36,,,
11/05/2021 13:00,230,113,117,79,42,37,49,30,19,,,,,,,196,120,76,,,,75,36,39,,,
11/05/2021 14:00,230,97,133,77,37,40,29,19,10,,,,,,,161,88,73,,,,88,44,44,,,
11/05/2021 15:00,272,135,137,57,26,31,40,29,11,,,,,,,126,53,73,,,,133,49,84,,,
11/05/2021 16:00,203,108,95,59,23,36,68,36,32,,,,,,,124,63,61,,,,90,38,52,,,
11/05/2021 17:00,259,121,138,81,43,38,64,44,20,,,,,,,137,62,75,,,,100,59,41,,,
11/05/2021 18:00,338,144,194,86,45,41,70,37,33,,,,,,,177,77,100,,,,82,51,31,,,
11/05/2021 19:00,376,175,201,79,41,38,85,47,38,,,,,,,132,72,60,,,,106,59,47,,,
11/05/2021 20:00,327,172,155,86,38,48,65,25,40,,,,,,,94,38,56,,,,63,18,45,,,
11/05/2021 21:00,157,86,71,42,23,19,35,14,21,,,,,,,38,15,23,,,,65,26,39,,,
11/05/2021 22:00,50,26,24,10,5,5,14,11,3,,,,,,,6,1,5,,,,15,5,10,,,
11/05/2021 23:00,10,4,6,2,1,1,4,0,4,,,,,,,4,2,2,,,,12,7,5,,,
12/05/2021 00:00,0,0,0,0,0,0,3,1,2,,,,,,,0,0,0,,,,3,0,3,,,
12/05/2021 01:00,1,0,1,0,0,0,0,0,0,,,,,,,0,0,0,,,,0,0,0,,,
12/05/2021 02:00,0,0,0,0,0,0,0,0,0,,,,,,,0,0,0,,,,0,0,0,,,
12/05/2021 03:00,0,0,0,0,0,0,1,0,1,,,,,,,0,0,0,,,,0,0,0,,,
12/05/2021 04:00,1,1,0,0,0,0,0,0,0,,,,,,,0,0,0,,,,2,2,0,,,
12/05/2021 05:00,13,6,7,0,0,0,2,1,1,,,,,,,2,2,0,,,,2,1,1,,,
12/05/2021 06:00,57,21,36,15,10,5,16,10,6,,,,,,,32,23,9,,,,12,2,10,,,
12/05/2021 07:00,128,63,65,31,10,21,29,17,12,,,,,,,58,33,25,,,,43,17,26,,,
12/05/2021 08:00,152,71,81,57,31,26,46,25,21,,,,,,,110,52,58,,,,132,93,39,,,
12/05/2021 09:00,178,86,92,52,24,28,35,18,17,,,,,,,84,52,32,,,,45,27,18,,,
12/05/2021 10:00,198,102,96,48,33,15,34,23,11,,,,,,,77,43,34,,,,38,19,19,,,
12/05/2021 11:00,200,98,102,46,20,26,39,25,14,,,,,,,107,69,38,,,,37,18,19,,,
12/05/2021 12:00,191,87,104,47,32,15,30,19,11,,,,,,,139,71,68,,,,40,22,18,,,
12/05/2021 13:00,171,73,98,62,29,33,36,24,12,,,,,,,160,98,62,,,,69,22,47,,,
12/05/2021 14:00,117,57,60,49,26,23,28,21,7,,,,,,,144,63,81,,,,118,33,85,,,
12/05/2021 15:00,161,86,75,41,23,18,30,11,19,,,,,,,49,22,27,,,,92,28,64,,,
12/05/2021 16:00,124,62,62,29,16,13,37,18,19,,,,,,,48,18,30,,,,71,36,35,,,
12/05/2021 17:00,123,53,70,28,17,11,28,16,12,,,,,,,54,27,27,,,,60,26,34,,,
12/05/2021 18:00,139,69,70,28,16,12,31,17,14,,,,,,,38,18,20,,,,45,25,20,,,
12/05/2021 19:00,148,68,80,29,13,16,39,21,18,,,,,,,48,33,15,,,,54,34,20,,,
12/05/2021 20:00,208,107,101,42,22,20,38,22,16,,,,,,,97,53,44,,,,56,27,29,,,
12/05/2021 21:00,177,83,94,26,14,12,41,19,22,,,,,,,37,10,27,,,,24,12,12,,,
12/05/2021 22:00,52,28,24,16,8,8,16,10,6,,,,,,,5,2,3,,,,12,7,5,,,
12/05/2021 23:00,16,8,8,4,3,1,6,1,5,,,,,,,0,0,0,,,,6,2,4,,,
13/05/2021 00:00,0,0,0,2,2,0,1,0,1,,,,,,,1,1,0,,,,3,1,2,,,
13/05/2021 01:00,0,0,0,0,0,0,0,0,0,,,,,,,4,1,3,,,,1,1,0,,,
13/05/2021 02:00,0,0,0,0,0,0,0,0,0,,,,,,,0,0,0,,,,2,1,1,,,
13/05/2021 03:00,1,0,1,0,0,0,0,0,0,,,,,,,0,0,0,,,,1,1,0,,,
13/05/2021 04:00,0,0,0,0,0,0,0,0,0,,,,,,,0,0,0,,,,0,0,0,,,
13/05/2021 05:00,10,4,6,2,2,0,0,0,0,,,,,,,3,3,0,,,,0,0,0,,,
13/05/2021 06:00,80,29,51,13,6,7,20,11,9,,,,,,,31,20,11,,,,8,5,3,,,
13/05/2021 07:00,144,76,68,52,22,30,36,15,21,,,,,,,83,47,36,,,,43,17,26,,,
13/05/2021 08:00,171,84,87,48,22,26,35,20,15,,,,,,,116,60,56,,,,151,119,32,,,
13/05/2021 09:00,187,88,99,74,42,32,33,19,14,,,,,,,107,57,50,,,,46,20,26,,,
13/05/2021 10:00,237,121,116,57,26,31,33,22,11,,,,,,,94,53,41,,,,53,29,24,,,
13/05/2021 11:00,282,123,159,71,37,34,42,29,13,,,,,,,76,35,41,,,,64,29,35,,,
13/05/2021 12:00,259,136,123,53,28,25,51,19,32,,,,,,,102,53,49,,,,63,35,28,,,
13/05/2021 13:00,219,111,108,75,39,36,37,20,17,,,,,,,144,92,52,,,,88,44,44,,,
13/05/2021 14:00,211,103,108,31,14,17,27,15,12,,,,,,,136,63,73,,,,82,41,41,,,
13/05/2021 15:00,203,101,102,41,22,19,32,16,16,,,,,,,98,47,51,,,,138,75,63,,,
13/05/2021 16:00,183,91,92,76,49,27,40,11,29,,,,,,,94,55,39,,,,78,40,38,,,
13/05/2021 17:00,232,118,114,59,31,28,50,24,26,,,,,,,123,61,62,,,,83,49,34,,,
13/05/2021 18:00,309,127,182,73,36,37,59,38,21,,,,,,,103,51,52,,,,94,57,37,,,
13/05/2021 19:00,271,147,124,82,39,43,68,34,34,,,,,,,125,65,60,,,,108,62,46,,,
13/05/2021 20:00,275,157,118,34,18,16,60,29,31,,,,,,,79,40,39,,,,56,14,42,,,
13/05/2021 21:00,161,75,86,37,16,21,26,11,15,,,,,,,46,14,32,,,,33,14,19,,,
13/05/2021 22:00,82,45,37,19,2,17,10,2,8,,,,,,,11,2,9,,,,19,11,8,,,
13/05/2021 23:00,29,9,20,4,1,3,3,1,2,,,,,,,2,0,2,,,,10,5,5,,,
14/05/2021 00:00,0,0,0,0,0,0,2,0,2,,,,,,,0,0,0,,,,7,2,5,,,
14/05/2021 01:00,5,0,5,0,0,0,0,0,0,,,,,,,0,0,0,,,,0,0,0,,,
14/05/2021 02:00,1,0,1,0,0,0,0,0,0,,,,,,,0,0,0,,,,0,0,0,,,
14/05/2021 03:00,0,0,0,0,0,0,0,0,0,,,,,,,0,0,0,,,,2,1,1,,,
14/05/2021 04:00,2,0,2,0,0,0,0,0,0,,,,,,,0,0,0,,,,0,0,0,,,
14/05/2021 05:00,6,3,3,0,0,0,0,0,0,,,,,,,3,3,0,,,,1,1,0,,,
14/05/2021 06:00,66,24,42,24,14,10,22,15,7,,,,,,,29,17,12,,,,14,6,8,,,
14/05/2021 07:00,124,62,62,41,19,22,21,11,10,,,,,,,69,37,32,,,,49,12,37,,,
14/05/2021 08:00,152,66,86,48,28,20,33,15,18,,,,,,,103,65,38,,,,149,113,36,,,
14/05/2021 09:00,209,104,105,62,40,22,42,27,15,,,,,,,116,75,41,,,,44,23,21,,,
14/05/2021 10:00,237,112,125,37,16,21,35,21,14,,,,,,,112,47,65,,,,34,13,21,,,
14/05/2021 11:00,173,87,86,33,15,18,31,15,16,,,,,,,37,24,13,,,,52,22,30,,,
14/05/2021 12:00,221,106,115,62,36,26,36,17,19,,,,,,,65,42,23,,,,69,34,35,,,
14/05/2021 13:00,226,116,110,61,23,38,46,28,18,,,,,,,179,134,45,,,,90,46,44,,,
14/05/2021 14:00,233,122,111,54,16,38,28,13,15,,,,,,,259,150,109,,,,103,49,54,,,
14/05/2021 15:00,240,101,139,55,30,25,45,30,15,,,,,,,155,71,84,,,,129,41,88,,,
14/05/2021 16:00,247,126,121,79,28,51,39,25,14,,,,,,,143,81,62,,,,89,42,47,,,
14/05/2021 17:00,195,103,92,36,23,13,29,18,11,,,,,,,127,51,76,,,,89,49,40,,,
14/05/2021 18:00,217,112,105,42,19,23,39,18,21,,,,,,,103,61,42,,,,69,38,31,,,
14/05/2021 19:00,219,114,105,56,29,27,47,17,30,,,,,,,74,43,31,,,,63,33,30,,,
14/05/2021 20:00,189,87,102,36,13,23,32,13,19,,,,,,,61,31,30,,,,52,24,28,,,
14/05/2021 21:00,127,57,70,31,12,19,18,10,8,,,,,,,36,16,20,,,,66,28,38,,,
14/05/2021 22:00,61,29,32,15,4,11,11,4,7,,,,,,,13,7,6,,,,51,21,30,,,
14/05/2021 23:00,11,8,3,7,4,3,6,3,3,,,,,,,3,1,2,,,,7,5,2,,,
15/05/2021 00:00,2,1,1,1,0,1,5,4,1,,,,,,,4,3,1,,,,8,6,2,,,
15/05/2021 01:00,12,4,8,5,4,1,0,0,0,,,,,,,0,0,0,,,,3,3,0,,,
15/05/2021 02:00,5,0,5,1,0,1,2,1,1,,,,,,,0,0,0,,,,5,0,5,,,
15/05/2021 03:00,0,0,0,0,0,0,0,0,0,,,,,,,3,0,3,,,,6,1,5,,,
15/05/2021 04:00,1,1,0,2,0,2,1,0,1,,,,,,,0,0,0,,,,0,0,0,,,
15/05/2021 05:00,6,1,5,1,1,0,1,0,1,,,,,,,6,5,1,,,,4,0,4,,,
15/05/2021 06:00,24,7,17,5,3,2,6,3,3,,,,,,,9,6,3,,,,5,2,3,,,
15/05/2021 07:00,42,19,23,11,4,7,16,10,6,,,,,,,29,14,15,,,,11,2,9,,,
15/05/2021 08:00,85,39,46,26,12,14,15,8,7,,,,,,,28,15,13,,,,14,4,10,,,
15/05/2021 09:00,96,51,45,24,12,12,28,15,13,,,,,,,39,21,18,,,,19,9,10,,,
15/05/2021 10:00,110,46,64,44,24,20,39,21,18,,,,,,,64,33,31,,,,22,14,8,,,
15/05/2021 11:00,156,64,92,63,35,28,46,25,21,,,,,,,78,48,30,,,,28,13,15,,,
15/05/2021 12:00,267,109,158,69,27,42,52,27,25,,,,,,,129,75,54,,,,45,23,22,,,
15/05/2021 13:00,337,164,173,75,47,28,63,31,32,,,,,,,104,59,45,,,,58,26,32,,,
15/05/2021 14:00,395,200,195,83,58,25,70,37,33,,,,,,,166,102,64,,,,84,46,38,,,
15/05/2021 15:00,470,240,230,105,55,50,78,43,35,,,,,,,157,86,71,,,,72,36,36,,,
15/05/2021 16:00,379,200,179,106,54,52,80,38,42,,,,,,,88,34,54,,,,48,22,26,,,
15/05/2021 17:00,222,116,106,56,27,29,37,17,20,,,,,,,39,26,13,,,,31,12,19,,,
15/05/2021 18:00,143,58,85,26,14,12,27,11,16,,,,,,,63,35,28,,,,40,17,23,,,
15/05/2021 19:00,197,100,97,35,16,19,27,12,15,,,,,,,28,19,9,,,,50,31,19,,,
15/05/2021 20:00,174,76,98,31,16,15,31,14,17,,,,,,,38,19,19,,,,39,25,14,,,
15/05/2021 21:00,128,75,53,22,15,7,30,11,19,,,,,,,15,3,12,,,,37,26,11,,,
15/05/2021 22:00,72,36,36,14,7,7,6,1,5,,,,,,,10,5,5,,,,28,5,23,,,
15/05/2021 23:00,17,6,11,4,3,1,9,4,5,,,,,,,3,3,0,,,,19,11,8,,,
16/05/2021 00:00,0,0,0,2,0,2,2,0,2,,,,,,,3,2,1,,,,7,4,3,,,
16/05/2021 01:00,2,1,1,1,1,0,2,2,0,,,,,,,5,1,4,,,,4,1,3,,,
16/05/2021 02:00,3,2,1,6,4,2,2,1,1,,,,,,,0,0,0,,,,9,6,3,,,
16/05/2021 03:00,1,0,1,3,0,3,0,0,0,,,,,,,0,0,0,,,,25,13,12,,,
16/05/2021 04:00,0,0,0,0,0,0,0,0,0,,,,,,,0,0,0,,,,5,0,5,,,
16/05/2021 05:00,4,1,3,0,0,0,0,0,0,,,,,,,5,3,2,,,,7,4,3,,,
16/05/2021 06:00,17,10,7,5,1,4,1,1,0,,,,,,,3,2,1,,,,4,1,3,,,
16/05/2021 07:00,60,25,35,9,3,6,11,7,4,,,,,,,18,12,6,,,,17,12,5,,,
16/05/2021 08:00,151,72,79,30,18,12,31,19,12,,,,,,,41,29,12,,,,20,10,10,,,
16/05/2021 09:00,214,95,119,67,42,25,56,30,26,,,,,,,111,49,62,,,,40,22,18,,,
16/05/2021 10:00,315,162,153,108,58,50,85,53,32,,,,,,,198,138,60,,,,66,37,29,,,
16/05/2021 11:00,477,270,207,104,55,49,99,61,38,,,,,,,205,113,92,,,,81,47,34,,,
16/05/2021 12:00,534,282,252,114,52,62,110,63,47,,,,,,,178,112,66,,,,67,35,32,,,
16/05/2021 13:00,624,316,308,175,88,87,108,59,49,,,,,,,185,101,84,,,,67,37,30,,,
16/05/2021 14:00,694,367,327,156,103,53,106,61,45,,,,,,,216,138,78,,,,104,53,51,,,
16/05/2021 15:00,797,377,420,189,88,101,148,82,66,,,,,,,261,135,126,,,,91,48,43,,,
16/05/2021 16:00,776,384,392,171,80,91,118,57,61,,,,,,,195,88,107,,,,124,84,40,,,
16/05/2021 17:00,634,337,297,152,41,111,122,50,72,,,,,,,147,77,70,,,,61,29,32,,,
16/05/2021 18:00,518,213,305,84,34,50,86,36,50,,,,,,,113,45,68,,,,63,37,26,,,
16/05/2021 19:00,351,165,186,64,25,39,49,16,33,,,,,,,78,27,51,,,,78,39,39,,,
16/05/2021 20:00,256,139,117,28,15,13,30,13,17,,,,,,,49,20,29,,,,71,33,38,,,
16/05/2021 21:00,179,94,85,11,7,4,14,8,6,,,,,,,30,15,15,,,,37,16,21,,,
16/05/2021 22:00,49,28,21,4,0,4,5,4,1,,,,,,,8,3,5,,,,16,9,7,,,
16/05/2021 23:00,9,7,2,7,5,2,6,3,3,,,,,,,1,1,0,,,,10,3,7,,,
17/05/2021 00:00,0,0,0,0,0,0,0,0,0,,,,,,,1,0,1,,,,0,0,0,,,
17/05/2021 01:00,1,1,0,0,0,0,2,0,2,,,,,,,0,0,0,,,,3,2,1,,,
17/05/2021 02:00,0,0,0,0,0,0,0,0,0,,,,,,,0,0,0,,,,1,0,1,,,
17/05/2021 03:00,0,0,0,0,0,0,0,0,0,,,,,,,0,0,0,,,,3,2,1,,,
17/05/2021 04:00,0,0,0,0,0,0,0,0,0,,,,,,,0,0,0,,,,1,1,0,,,
17/05/2021 05:00,13,8,5,3,2,1,2,2,0,,,,,,,4,3,1,,,,3,2,1,,,
17/05/2021 06:00,81,35,46,11,9,2,18,13,5,,,,,,,22,16,6,,,,12,3,9,,,
17/05/2021 07:00,154,86,68,37,14,23,28,16,12,,,,,,,62,33,29,,,,51,27,24,,,
17/05/2021 08:00,130,61,69,31,21,10,35,15,20,,,,,,,94,50,44,,,,131,93,38,,,
17/05/2021 09:00,195,87,108,50,23,27,45,26,19,,,,,,,58,23,35,,,,50,26,24,,,
17/05/2021 10:00,392,216,176,35,22,13,35,20,15,,,,,,,71,47,24,,,,40,15,25,,,
17/05/2021 11:00,633,292,341,34,23,11,60,35,25,,,,,,,54,28,26,,,,62,29,33,,,
17/05/2021 12:00,776,375,401,54,35,19,35,17,18,,,,,,,61,32,29,,,,67,28,39,,,
17/05/2021 13:00,626,323,303,50,27,23,40,20,20,,,,,,,124,86,38,,,,62,31,31,,,
17/05/2021 14:00,522,236,286,36,13,23,27,17,10,,,,,,,91,40,51,,,,65,25,40,,,
17/05/2021 15:00,657,276,381,44,23,21,19,9,10,,,,,,,103,55,48,,,,107,19,88,,,
17/05/2021 16:00,638,323,315,30,17,13,19,7,12,,,,,,,69,26,43,,,,69,22,47,,,
17/05/2021 17:00,758,374,384,41,18,23,20,11,9,,,,,,,51,26,25,,,,70,36,34,,,
17/05/2021 18:00,1080,492,588,53,34,19,44,21,23,,,,,,,81,44,37,,,,61,39,22,,,
17/05/2021 19:00,1555,856,699,46,20,26,47,25,22,,,,,,,71,38,33,,,,79,32,47,,,
17/05/2021 20:00,1032,549,483,47,20,27,32,13,19,,,,,,,63,34,29,,,,69,29,40,,,
17/05/2021 21:00,817,466,351,34,12,22,31,15,16,,,,,,,36,18,18,,,,38,18,20,,,
17/05/2021 22:00,250,186,64,10,2,8,11,1,10,,,,,,,13,6,7,,,,7,4,3,,,
17/05/2021 23:00,173,116,57,2,0,2,3,0,3,,,,,,,0,0,0,,,,38,19,19,,,
18/05/2021 00:00,91,55,36,0,0,0,1,1,0,,,,,,,0,0,0,,,,4,4,0,,,
18/05/2021 01:00,981,564,417,0,0,0,0,0,0,,,,,,,2,1,1,,,,0,0,0,,,
18/05/2021 02:00,807,484,323,4,4,0,0,0,0,,,,,,,0,0,0,,,,0,0,0,,,
18/05/2021 03:00,457,271,186,0,0,0,0,0,0,,,,,,,0,0,0,,,,1,1,0,,,
18/05/2021 04:00,149,91,58,0,0,0,0,0,0,,,,,,,1,1,0,,,,2,2,0,,,
18/05/2021 05:00,14,9,5,3,1,2,2,1,1,,,,,,,5,4,1,,,,2,1,1,,,
18/05/2021 06:00,281,157,124,13,4,9,15,11,4,,,,,,,41,27,14,,,,20,10,10,,,
18/05/2021 07:00,353,175,178,41,17,24,29,13,16,,,,,,,99,55,44,,,,31,15,16,,,
18/05/2021 08:00,166,73,93,51,29,22,60,32,28,,,,,,,131,67,64,,,,160,118,42,,,
18/05/2021 09:00,160,83,77,59,34,25,28,17,11,,,,,,,91,47,44,,,,45,24,21,,,
18/05/2021 10:00,190,85,105,39,15,24,50,27,23,,,,,,,78,43,35,,,,58,35,23,,,
18/05/2021 11:00,202,101,101,29,17,12,33,18,15,,,,,,,96,55,41,,,,69,25,44,,,
18/05/2021 12:00,198,93,105,47,23,24,34,18,16,,,,,,,94,47,47,,,,69,34,35,,,
18/05/2021 13:00,201,89,112,45,16,29,39,20,19,,,,,,,158,95,63,,,,85,35,50,,,
18/05/2021 14:00,96,52,44,21,9,12,16,10,6,,,,,,,38,13,25,,,,67,31,36,,,
18/05/2021 15:00,88,40,48,29,20,9,19,13,6,,,,,,,57,37,20,,,,95,27,68,,,
18/05/2021 16:00,147,91,56,46,27,19,24,14,10,,,,,,,60,33,27,,,,69,31,38,,,
18/05/2021 17:00,114,59,55,44,22,22,25,16,9,,,,,,,66,23,43,,,,80,30,50,,,
18/05/2021 18:00,93,39,54,28,17,11,22,16,6,,,,,,,43,19,24,,,,49,27,22,,,
18/05/2021 19:00,117,58,59,48,28,20,30,16,14,,,,,,,43,27,16,,,,34,12,22,,,
18/05/2021 20:00,213,111,102,41,27,14,51,26,25,,,,,,,79,45,34,,,,57,24,33,,,
18/05/2021 21:00,128,70,58,38,19,19,30,12,18,,,,,,,41,17,24,,,,15,4,11,,,
18/05/2021 22:00,41,22,19,8,1,7,12,2,10,,,,,,,4,2,2,,,,12,5,7,,,
18/05/2021 23:00,8,4,4,1,1,0,1,0,1,,,,,,,1,0,1,,,,0,0,0,,,
19/05/2021 00:00,2,1,1,0,0,0,0,0,0,,,,,,,0,0,0,,,,1,1,0,,,
19/05/2021 01:00,0,0,0,3,1,2,0,0,0,,,,,,,0,0,0,,,,1,1,0,,,
19/05/2021 02:00,2,2,0,0,0,0,0,0,0,,,,,,,0,0,0,,,,1,0,1,,,
19/05/2021 03:00,0,0,0,0,0,0,1,0,1,,,,,,,0,0,0,,,,4,3,1,,,
19/05/2021 04:00,4,3,1,0,0,0,2,1,1,,,,,,,0,0,0,,,,0,0,0,,,
19/05/2021 05:00,10,6,4,5,2,3,3,1,2,,,,,,,4,4,0,,,,3,2,1,,,
19/05/2021 06:00,78,37,41,20,9,11,24,17,7,,,,,,,34,24,10,,,,10,3,7,,,
19/05/2021 07:00,161,86,75,55,25,30,29,18,11,,,,,,,80,49,31,,,,46,19,27,,,
19/05/2021 08:00,160,72,88,69,30,39,38,24,14,,,,,,,120,62,58,,,,158,119,39,,,
19/05/2021 09:00,174,96,78,49,20,29,38,23,15,,,,,,,100,51,49,,,,58,32,26,,,
19/05/2021 10:00,205,99,106,55,31,24,30,14,16,,,,,,,87,47,40,,,,55,31,24,,,
19/05/2021 11:00,219,108,111,60,37,23,52,31,21,,,,,,,77,40,37,,,,51,21,30,,,
19/05/2021 12:00,185,94,91,49,26,23,34,16,18,,,,,,,96,49,47,,,,94,41,53,,,
19/05/2021 13:00,242,103,139,53,25,28,45,22,23,,,,,,,152,97,55,,,,97,44,53,,,
19/05/2021 14:00,183,87,96,40,20,20,37,17,20,,,,,,,124,50,74,,,,136,41,95,,,
19/05/2021 15:00,222,111,111,37,21,16,49,23,26,,,,,,,88,47,41,,,,91,41,50,,,
19/05/2021 16:00,222,105,117,54,28,26,45,29,16,,,,,,,119,65,54,,,,91,50,41,,,
19/05/2021 17:00,229,117,112,82,37,45,44,20,24,,,,,,,115,60,55,,,,73,34,39,,,
19/05/2021 18:00,244,102,142,87,52,35,66,36,30,,,,,,,130,73,57,,,,89,41,48,,,
19/05/2021 19:00,311,152,159,76,43,33,68,41,27,,,,,,,95,53,42,,,,80,29,51,,,
19/05/2021 20:00,379,183,196,63,28,35,76,37,39,,,,,,,82,38,44,,,,56,23,33,,,
19/05/2021 21:00,174,89,85,57,23,34,43,23,20,,,,,,,36,14,22,,,,26,13,13,,,
19/05/2021 22:00,88,57,31,25,12,13,16,11,5,,,,,,,15,6,9,,,,21,10,11,,,
19/05/2021 23:00,14,10,4,5,0,5,4,0,4,,,,,,,12,11,1,,,,12,8,4,,,
20/05/2021 00:00,0,0,0,0,0,0,2,0,2,,,,,,,1,0,1,,,,0,0,0,,,
20/05/2021 01:00,5,1,4,0,0,0,1,0,1,,,,,,,0,0,0,,,,4,2,2,,,
20/05/2021 02:00,6,2,4,0,0,0,1,1,0,,,,,,,0,0,0,,,,3,0,3,,,
20/05/2021 03:00,1,1,0,0,0,0,0,0,0,,,,,,,0,0,0,,,,0,0,0,,,
20/05/2021 04:00,2,1,1,0,0,0,0,0,0,,,,,,,0,0,0,,,,3,2,1,,,
20/05/2021 05:00,3,1,2,3,1,2,0,0,0,,,,,,,3,3,0,,,,1,0,1,,,
20/05/2021 06:00,23,10,13,9,4,5,4,1,3,,,,,,,29,18,11,,,,6,2,4,,,
20/05/2021 07:00,26,13,13,15,8,7,10,8,2,,,,,,,22,15,7,,,,14,5,9,,,
20/05/2021 08:00,20,8,12,13,8,5,6,3,3,,,,,,,12,5,7,,,,28,19,9,,,
20/05/2021 09:00,4,2,2,5,3,2,5,4,1,,,,,,,3,1,2,,,,5,2,3,,,
20/05/2021 10:00,6,3,3,1,1,0,4,2,2,,,,,,,2,1,1,,,,1,1,0,,,
20/05/2021 11:00,9,4,5,4,0,4,2,0,2,,,,,,,6,4,2,,,,10,1,9,,,
20/05/2021 12:00,20,13,7,8,4,4,5,2,3,,,,,,,14,8,6,,,,19,7,12,,,
20/05/2021 13:00,47,23,24,11,6,5,6,4,2,,,,,,,30,19,11,,,,15,6,9,,,
20/05/2021 14:00,49,17,32,9,4,5,7,3,4,,,,,,,34,27,7,,,,32,13,19,,,
20/05/2021 15:00,96,46,50,22,13,9,14,8,6,,,,,,,79,41,38,,,,63,17,46,,,
20/05/2021 16:00,128,51,77,43,28,15,31,13,18,,,,,,,103,56,47,,,,49,29,20,,,
20/05/2021 17:00,159,82,77,32,12,20,38,21,17,,,,,,,65,27,38,,,,55,25,30,,,
20/05/2021 18:00,131,69,62,37,23,14,39,18,21,,,,,,,53,29,24,,,,36,18,18,,,
20/05/2021 19:00,129,66,63,30,10,20,30,20,10,,,,,,,70,40,30,,,,42,19,23,,,
20/05/2021 20:00,171,84,87,39,26,13,30,17,13,,,,,,,52,28,24,,,,49,22,27,,,
20/05/2021 21:00,72,40,32,21,10,11,21,12,9,,,,,,,20,5,15,,,,29,15,14,,,
20/05/2021 22:00,22,11,11,8,5,3,17,8,9,,,,,,,17,9,8,,,,14,5,9,,,
20/05/2021 23:00,5,2,3,0,0,0,1,1,0,,,,,,,1,0,1,,,,6,2,4,,,
21/05/2021 00:00,0,0,0,0,0,0,1,0,1,,,,,,,0,0,0,,,,1,1,0,,,
21/05/2021 01:00,0,0,0,0,0,0,0,0,0,,,,,,,0,0,0,,,,1,1,0,,,
21/05/2021 02:00,0,0,0,0,0,0,0,0,0,,,,,,,0,0,0,,,,1,0,1,,,
21/05/2021 03:00,0,0,0,0,0,0,0,0,0,,,,,,,0,0,0,,,,4,4,0,,,
21/05/2021 04:00,0,0,0,0,0,0,0,0,0,,,,,,,0,0,0,,,,0,0,0,,,
21/05/2021 05:00,2,2,0,3,1,2,1,1,0,,,,,,,3,3,0,,,,2,1,1,,,
21/05/2021 06:00,31,9,22,10,6,4,8,6,2,,,,,,,11,7,4,,,,5,1,4,,,
21/05/2021 07:00,56,35,21,10,4,6,4,1,3,,,,,,,29,12,17,,,,17,6,11,,,
21/05/2021 08:00,47,20,27,14,5,9,18,10,8,,,,,,,40,22,18,,,,46,38,8,,,
21/05/2021 09:00,48,26,22,19,9,10,10,7,3,,,,,,,23,11,12,,,,22,11,11,,,
21/05/2021 10:00,54,36,18,13,10,3,6,3,3,,,,,,,24,13,11,,,,14,4,10,,,
21/05/2021 11:00,34,13,21,15,7,8,13,6,7,,,,,,,23,16,7,,,,18,9,9,,,
21/05/2021 12:00,42,21,21,8,2,6,7,6,1,,,,,,,18,7,11,,,,29,8,21,,,
21/05/2021 13:00,45,25,20,13,12,1,14,8,6,,,,,,,29,19,10,,,,41,18,23,,,
21/05/2021 14:00,63,30,33,15,8,7,17,13,4,,,,,,,38,27,11,,,,30,13,17,,,
21/05/2021 15:00,72,39,33,28,15,13,23,8,15,,,,,,,61,31,30,,,,73,19,54,,,
21/05/2021 16:00,145,67,78,49,27,22,26,15,11,,,,,,,126,90,36,,,,61,30,31,,,
21/05/2021 17:00,158,80,78,53,38,15,29,14,15,,,,,,,102,40,62,,,,61,32,29,,,
21/05/2021 18:00,158,81,77,46,22,24,37,21,16,,,,,,,105,56,49,,,,52,27,25,,,
21/05/2021 19:00,153,76,77,34,20,14,29,16,13,,,,,,,44,23,21,,,,37,19,18,,,
21/05/2021 20:00,164,95,69,25,12,13,27,12,15,,,,,,,50,21,29,,,,36,12,24,,,
21/05/2021 21:00,92,56,36,19,7,12,21,8,13,,,,,,,19,7,12,,,,29,15,14,,,
21/05/2021 22:00,54,36,18,14,6,8,6,3,3,,,,,,,5,2,3,,,,17,7,10,,,
21/05/2021 23:00,6,3,3,4,0,4,3,1,2,,,,,,,9,4,5,,,,13,8,5,,,
22/05/2021 00:00,1,1,0,0,0,0,0,0,0,,,,,,,0,0,0,,,,8,3,5,,,
22/05/2021 01:00,0,0,0,2,2,0,1,0,1,,,,,,,0,0,0,,,,5,0,5,,,
22/05/2021 02:00,0,0,0,0,0,0,2,1,1,,,,,,,1,0,1,,,,6,0,6,,,
22/05/2021 03:00,0,0,0,0,0,0,1,1,0,,,,,,,0,0,0,,,,3,1,2,,,
22/05/2021 04:00,5,2,3,2,2,0,1,0,1,,,,,,,2,1,1,,,,3,1,2,,,
22/05/2021 05:00,10,6,4,3,1,2,3,2,1,,,,,,,2,1,1,,,,3,0,3,,,
22/05/2021 06:00,34,13,21,7,3,4,6,4,2,,,,,,,22,17,5,,,,8,5,3,,,
22/05/2021 07:00,100,48,52,13,8,5,23,17,6,,,,,,,24,14,10,,,,21,10,11,,,
22/05/2021 08:00,153,72,81,59,29,30,47,24,23,,,,,,,51,31,20,,,,35,14,21,,,
22/05/2021 09:00,187,101,86,77,41,36,47,28,19,,,,,,,112,65,47,,,,48,25,23,,,
22/05/2021 10:00,268,151,117,107,50,57,50,27,23,,,,,,,144,89,55,,,,59,37,22,,,
22/05/2021 11:00,340,152,188,109,75,34,100,69,31,,,,,,,165,100,65,,,,80,37,43,,,
22/05/2021 12:00,388,181,207,86,34,52,66,44,22,,,,,,,132,72,60,,,,68,34,34,,,
22/05/2021 13:00,342,166,176,72,35,37,64,33,31,,,,,,,118,60,58,,,,91,36,55,,,
22/05/2021 14:00,357,167,190,73,36,37,73,43,30,,,,,,,138,80,58,,,,76,40,36,,,
22/05/2021 15:00,423,229,194,104,46,58,95,47,48,,,,,,,133,69,64,,,,94,51,43,,,
22/05/2021 16:00,391,204,187,81,34,47,60,32,28,,,,,,,114,48,66,,,,105,43,62,,,
22/05/2021 17:00,296,152,144,57,22,35,60,31,29,,,,,,,91,51,40,,,,75,41,34,,,
22/05/2021 18:00,196,101,95,30,13,17,27,13,14,,,,,,,66,32,34,,,,66,23,43,,,
22/05/2021 19:00,177,95,82,29,21,8,29,12,17,,,,,,,54,23,31,,,,44,16,28,,,
22/05/2021 20:00,203,96,107,25,12,13,26,3,23,,,,,,,38,18,20,,,,46,21,25,,,
22/05/2021 21:00,100,58,42,22,9,13,25,16,9,,,,,,,19,6,13,,,,52,24,28,,,
22/05/2021 22:00,38,18,20,47,33,14,8,2,6,,,,,,,22,4,18,,,,18,8,10,,,
22/05/2021 23:00,8,5,3,10,2,8,3,1,2,,,,,,,7,5,2,,,,26,16,10,,,
23/05/2021 00:00,3,2,1,0,0,0,3,2,1,,,,,,,3,1,2,,,,14,8,6,,,
23/05/2021 01:00,4,1,3,0,0,0,2,0,2,,,,,,,2,1,1,,,,9,5,4,,,
23/05/2021 02:00,2,1,1,4,0,4,0,0,0,,,,,,,0,0,0,,,,10,4,6,,,
23/05/2021 03:00,1,0,1,0,0,0,0,0,0,,,,,,,0,0,0,,,,7,4,3,,,
23/05/2021 04:00,1,1,0,0,0,0,1,1,0,,,,,,,1,0,1,,,,7,5,2,,,
23/05/2021 05:00,3,2,1,5,2,3,0,0,0,,,,,,,2,1,1,,,,1,1,0,,,
23/05/2021 06:00,17,7,10,3,2,1,4,3,1,,,,,,,1,1,0,,,,7,6,1,,,
23/05/2021 07:00,53,24,29,6,3,3,11,8,3,,,,,,,16,8,8,,,,9,7,2,,,
23/05/2021 08:00,91,35,56,20,17,3,17,11,6,,,,,,,43,28,15,,,,19,8,11,,,
23/05/2021 09:00,146,83,63,31,12,19,34,18,16,,,,,,,64,37,27,,,,16,5,11,,,
23/05/2021 10:00,173,103,70,63,31,32,32,17,15,,,,,,,73,41,32,,,,25,13,12,,,
23/05/2021 11:00,98,39,59,35,16,19,30,23,7,,,,,,,35,24,11,,,,32,16,16,,,
23/05/2021 12:00,183,76,107,39,19,20,33,17,16,,,,,,,59,36,23,,,,44,21,23,,,
23/05/2021 13:00,230,111,119,51,24,27,43,15,28,,,,,,,73,47,26,,,,59,28,31,,,
23/05/2021 14:00,402,205,197,70,31,39,65,40,25,,,,,,,125,85,40,,,,56,24,32,,,
23/05/2021 15:00,468,228,240,84,52,32,61,32,29,,,,,,,132,77,55,,,,74,35,39,,,
23/05/2021 16:00,465,219,246,80,45,35,93,35,58,,,,,,,119,57,62,,,,67,38,29,,,
23/05/2021 17:00,402,196,206,53,25,28,67,27,40,,,,,,,133,67,66,,,,57,33,24,,,
23/05/2021 18:00,198,95,103,68,29,39,28,13,15,,,,,,,79,33,46,,,,43,19,24,,,
23/05/2021 19:00,44,25,19,30,14,16,17,7,10,,,,,,,24,8,16,,,,42,21,21,,,
23/05/2021 20:00,47,24,23,8,3,5,10,3,7,,,,,,,1,1,0,,,,22,15,7,,,
23/05/2021 21:00,50,24,26,10,4,6,9,4,5,,,,,,,15,7,8,,,,22,11,11,,,
23/05/2021 22:00,29,13,16,13,9,4,10,3,7,,,,,,,5,2,3,,,,52,23,29,,,
23/05/2021 23:00,13,4,9,8,7,1,3,0,3,,,,,,,3,0,3,,,,11,8,3,,,
24/05/2021 00:00,0,0,0,0,0,0,1,1,0,,,,,,,0,0,0,,,,7,1,6,,,
24/05/2021 01:00,1,1,0,0,0,0,1,0,1,,,,,,,0,0,0,,,,1,1,0,,,
24/05/2021 02:00,0,0,0,0,0,0,1,0,1,,,,,,,0,0,0,,,,2,1,1,,,
24/05/2021 03:00,1,0,1,0,0,0,1,0,1,,,,,,,0,0,0,,,,2,2,0,,,
24/05/2021 04:00,0,0,0,0,0,0,0,0,0,,,,,,,0,0,0,,,,0,0,0,,,
24/05/2021 05:00,12,6,6,1,0,1,2,0,2,,,,,,,1,1,0,,,,1,1,0,,,
24/05/2021 06:00,55,24,31,16,8,8,16,10,6,,,,,,,17,15,2,,,,20,7,13,,,
24/05/2021 07:00,113,52,61,34,18,16,25,14,11,,,,,,,50,26,24,,,,32,17,15,,,
24/05/2021 08:00,140,64,76,33,21,12,36,22,14,,,,,,,79,39,40,,,,133,92,41,,,
24/05/2021 09:00,152,73,79,54,33,21,29,21,8,,,,,,,92,48,44,,,,54,25,29,,,
24/05/2021 10:00,169,83,86,48,23,25,63,24,39,,,,,,,75,35,40,,,,50,20,30,,,
24/05/2021 11:00,210,105,105,35,16,19,18,14,4,,,,,,,87,50,37,,,,42,24,18,,,
24/05/2021 12:00,205,93,112,55,32,23,43,18,25,,,,,,,95,46,49,,,,56,28,28,,,
24/05/2021 13:00,196,106,90,64,37,27,45,24,21,,,,,,,126,73,53,,,,87,40,47,,,
24/05/2021 14:00,171,80,91,36,22,14,30,17,13,,,,,,,125,65,60,,,,99,40,59,,,
24/05/2021 15:00,199,104,95,31,17,14,32,20,12,,,,,,,90,40,50,,,,110,23,87,,,
24/05/2021 16:00,238,119,119,62,30,32,42,17,25,,,,,,,124,69,55,,,,91,49,42,,,
24/05/2021 17:00,228,113,115,59,37,22,50,24,26,,,,,,,112,51,61,,,,105,49,56,,,
24/05/2021 18:00,308,167,141,80,37,43,57,28,29,,,,,,,130,88,42,,,,88,50,38,,,
24/05/2021 19:00,290,145,145,80,36,44,51,28,23,,,,,,,135,68,67,,,,86,45,41,,,
24/05/2021 20:00,313,147,166,95,50,45,56,16,40,,,,,,,102,48,54,,,,81,32,49,,,
24/05/2021 21:00,206,112,94,51,15,36,32,15,17,,,,,,,46,23,23,,,,45,22,23,,,
24/05/2021 22:00,60,33,27,17,5,12,23,13,10,,,,,,,11,4,7,,,,8,2,6,,,
24/05/2021 23:00,6,2,4,2,1,1,7,2,5,,,,,,,1,0,1,,,,10,3,7,,,
25/05/2021 00:00,1,1,0,1,1,0,0,0,0,,,,,,,12,4,8,,,,0,0,0,,,
25/05/2021 01:00,0,0,0,4,0,4,1,1,0,,,,,,,1,0,1,,,,0,0,0,,,
25/05/2021 02:00,7,3,4,9,1,8,1,1,0,,,,,,,0,0,0,,,,0,0,0,,,
25/05/2021 03:00,1,0,1,0,0,0,0,0,0,,,,,,,0,0,0,,,,0,0,0,,,
25/05/2021 04:00,1,1,0,0,0,0,0,0,0,,,,,,,0,0,0,,,,1,1,0,,,
25/05/2021 05:00,17,6,11,4,3,1,2,1,1,,,,,,,8,6,2,,,,4,3,1,,,
25/05/2021 06:00,56,22,34,13,5,8,19,11,8,,,,,,,29,23,6,,,,13,6,7,,,
25/05/2021 07:00,145,77,68,37,20,17,26,15,11,,,,,,,85,42,43,,,,44,22,22,,,
25/05/2021 08:00,155,72,83,51,28,23,41,22,19,,,,,,,97,45,52,,,,133,104,29,,,
25/05/2021 09:00,114,67,47,22,16,6,24,16,8,,,,,,,50,29,21,,,,58,27,31,,,
25/05/2021 10:00,127,57,70,28,13,15,41,17,24,,,,,,,50,28,22,,,,32,20,12,,,
25/05/2021 11:00,181,92,89,36,18,18,37,22,15,,,,,,,99,58,41,,,,53,17,36,,,
25/05/2021 12:00,130,68,62,42,27,15,22,14,8,,,,,,,73,33,40,,,,47,23,24,,,
25/05/2021 13:00,171,84,87,53,24,29,37,19,18,,,,,,,119,76,43,,,,64,28,36,,,
25/05/2021 14:00,69,37,32,27,17,10,26,15,11,,,,,,,71,23,48,,,,55,29,26,,,
25/05/2021 15:00,125,51,74,28,17,11,17,11,6,,,,,,,64,32,32,,,,86,18,68,,,
25/05/2021 16:00,151,86,65,28,14,14,25,11,14,,,,,,,94,47,47,,,,74,29,45,,,
25/05/2021 17:00,119,56,63,34,21,13,27,11,16,,,,,,,64,37,27,,,,59,40,19,,,
25/05/2021 18:00,173,87,86,45,24,21,34,18,16,,,,,,,64,40,24,,,,73,30,43,,,
25/05/2021 19:00,189,85,104,33,19,14,36,17,19,,,,,,,82,40,42,,,,61,27,34,,,
25/05/2021 20:00,269,137,132,36,17,19,45,25,20,,,,,,,82,33,49,,,,76,38,38,,,
25/05/2021 21:00,175,89,86,33,19,14,18,8,10,,,,,,,39,15,24,,,,41,23,18,,,
25/05/2021 22:00,55,33,22,21,12,9,25,10,15,,,,,,,26,13,13,,,,24,6,18,,,
25/05/2021 23:00,6,4,2,4,2,2,3,2,1,,,,,,,5,2,3,,,,1,1,0,,,
26/05/2021 00:00,0,0,0,0,0,0,5,1,4,,,,,,,0,0,0,,,,1,1,0,,,
26/05/2021 01:00,0,0,0,0,0,0,0,0,0,,,,,,,1,0,1,,,,0,0,0,,,
26/05/2021 02:00,0,0,0,0,0,0,0,0,0,,,,,,,0,0,0,,,,1,1,0,,,
26/05/2021 03:00,1,1,0,0,0,0,0,0,0,,,,,,,0,0,0,,,,1,1,0,,,
26/05/2021 04:00,2,2,0,0,0,0,0,0,0,,,,,,,0,0,0,,,,0,0,0,,,
26/05/2021 05:00,7,4,3,2,1,1,1,1,0,,,,,,,1,1,0,,,,3,2,1,,,
26/05/2021 06:00,56,18,38,11,7,4,16,6,10,,,,,,,15,11,4,,,,6,1,5,,,
26/05/2021 07:00,127,65,62,39,20,19,39,26,13,,,,,,,66,38,28,,,,46,19,27,,,
26/05/2021 08:00,116,57,59,59,33,26,50,29,21,,,,,,,91,50,41,,,,144,102,42,,,
26/05/2021 09:00,176,85,91,46,23,23,29,15,14,,,,,,,108,60,48,,,,38,18,20,,,
26/05/2021 10:00,194,94,100,47,23,24,22,17,5,,,,,,,101,54,47,,,,56,30,26,,,
26/05/2021 11:00,259,120,139,48,18,30,53,29,24,,,,,,,104,45,59,,,,57,25,32,,,
26/05/2021 12:00,363,178,185,60,28,32,46,16,30,,,,,,,96,49,47,,,,79,45,34,,,
26/05/2021 13:00,287,149,138,106,56,50,74,42,32,,,,,,,188,107,81,,,,85,41,44,,,
26/05/2021 14:00,275,129,146,55,31,24,66,34,32,,,,,,,155,75,80,,,,158,77,81,,,
26/05/2021 15:00,329,184,145,76,43,33,53,37,16,,,,,,,129,52,77,,,,117,57,60,,,
26/05/2021 16:00,310,148,162,81,36,45,69,41,28,,,,,,,109,44,65,,,,111,60,51,,,
26/05/2021 17:00,338,168,170,63,33,30,62,31,31,,,,,,,97,50,47,,,,101,61,40,,,
26/05/2021 18:00,345,169,176,80,44,36,77,39,38,,,,,,,143,78,65,,,,105,54,51,,,
26/05/2021 19:00,381,180,201,88,40,48,72,31,41,,,,,,,124,63,61,,,,82,33,49,,,
26/05/2021 20:00,351,171,180,70,27,43,70,36,34,,,,,,,87,40,47,,,,50,23,27,,,
26/05/2021 21:00,213,104,109,47,24,23,35,12,23,,,,,,,48,19,29,,,,27,8,19,,,
26/05/2021 22:00,95,51,44,19,4,15,21,12,9,,,,,,,12,4,8,,,,12,6,6,,,
26/05/2021 23:00,24,14,10,6,0,6,6,2,4,,,,,,,3,2,1,,,,19,8,11,,,
27/05/2021 00:00,1,1,0,0,0,0,0,0,0,,,,,,,4,0,4,,,,1,1,0,,,
27/05/2021 01:00,4,4,0,2,2,0,0,0,0,,,,,,,0,0,0,,,,1,1,0,,,
27/05/2021 02:00,6,0,6,0,0,0,3,3,0,,,,,,,1,1,0,,,,3,1,2,,,
27/05/2021 03:00,0,0,0,0,0,0,0,0,0,,,,,,,0,0,0,,,,0,0,0,,,
27/05/2021 04:00,3,2,1,0,0,0,0,0,0,,,,,,,0,0,0,,,,1,0,1,,,
27/05/2021 05:00,9,5,4,5,1,4,3,1,2,,,,,,,5,3,2,,,,1,1,0,,,
27/05/2021 06:00,66,26,40,14,8,6,15,9,6,,,,,,,28,20,8,,,,18,10,8,,,
27/05/2021 07:00,139,79,60,35,12,23,28,11,17,,,,,,,69,41,28,,,,37,20,17,,,
27/05/2021 08:00,144,72,72,39,22,17,44,27,17,,,,,,,99,48,51,,,,133,98,35,,,
27/05/2021 09:00,186,89,97,41,22,19,36,22,14,,,,,,,71,42,29,,,,61,39,22,,,
27/05/2021 10:00,200,101,99,49,25,24,37,17,20,,,,,,,91,57,34,,,,35,16,19,,,
27/05/2021 11:00,247,122,125,63,28,35,44,30,14,,,,,,,96,48,48,,,,59,30,29,,,
27/05/2021 12:00,244,107,137,87,37,50,50,22,28,,,,,,,163,86,77,,,,63,35,28,,,
27/05/2021 13:00,211,101,110,67,38,29,46,19,27,,,,,,,178,112,66,,,,88,39,49,,,
27/05/2021 14:00,151,72,79,40,20,20,37,25,12,,,,,,,143,71,72,,,,103,48,55,,,
27/05/2021 15:00,165,84,81,36,15,21,39,21,18,,,,,,,92,44,48,,,,102,32,70,,,
27/05/2021 16:00,109,49,60,30,14,16,19,7,12,,,,,,,58,17,41,,,,57,28,29,,,
27/05/2021 17:00,92,51,41,22,16,6,23,16,7,,,,,,,42,25,17,,,,47,27,20,,,
27/05/2021 18:00,100,43,57,27,12,15,25,19,6,,,,,,,64,33,31,,,,44,26,18,,,
27/05/2021 19:00,112,55,57,37,23,14,28,19,9,,,,,,,46,24,22,,,,47,23,24,,,
27/05/2021 20:00,115,62,53,29,20,9,18,9,9,,,,,,,43,20,23,,,,13,10,3,,,
27/05/2021 21:00,79,46,33,34,9,25,11,2,9,,,,,,,12,5,7,,,,27,16,11,,,
27/05/2021 22:00,25,14,11,14,7,7,9,4,5,,,,,,,4,3,1,,,,30,15,15,,,
27/05/2021 23:00,5,2,3,3,1,2,3,2,1,,,,,,,10,3,7,,,,8,5,3,,,
28/05/2021 00:00,0,0,0,0,0,0,3,1,2,,,,,,,0,0,0,,,,0,0,0,,,
28/05/2021 01:00,0,0,0,1,0,1,1,0,1,,,,,,,2,1,1,,,,1,1,0,,,
28/05/2021 02:00,0,0,0,0,0,0,0,0,0,,,,,,,0,0,0,,,,0,0,0,,,
28/05/2021 03:00,0,0,0,0,0,0,2,2,0,,,,,,,2,1,1,,,,0,0,0,,,
28/05/2021 04:00,0,0,0,0,0,0,0,0,0,,,,,,,0,0,0,,,,1,1,0,,,
28/05/2021 05:00,3,2,1,1,0,1,0,0,0,,,,,,,0,0,0,,,,1,0,1,,,
28/05/2021 06:00,35,13,22,6,2,4,18,10,8,,,,,,,10,7,3,,,,7,3,4,,,
28/05/2021 07:00,52,32,20,16,8,8,9,4,5,,,,,,,41,23,18,,,,31,17,14,,,
28/05/2021 08:00,59,26,33,15,9,6,17,13,4,,,,,,,31,14,17,,,,62,40,22,,,
28/05/2021 09:00,80,41,39,18,11,7,13,8,5,,,,,,,29,13,16,,,,27,11,16,,,
28/05/2021 10:00,73,34,39,64,45,19,22,8,14,,,,,,,81,70,11,,,,21,9,12,,,
28/05/2021 11:00,137,70,67,65,57,8,55,51,4,,,,,,,77,55,22,,,,44,21,23,,,
28/05/2021 12:00,92,47,45,34,15,19,28,11,17,,,,,,,48,24,24,,,,49,16,33,,,
28/05/2021 13:00,81,40,41,30,24,6,28,13,15,,,,,,,82,43,39,,,,65,28,37,,,
28/05/2021 14:00,77,33,44,20,10,10,25,13,12,,,,,,,65,36,29,,,,72,35,37,,,
28/05/2021 15:00,126,54,72,32,15,17,19,8,11,,,,,,,90,46,44,,,,137,60,77,,,
28/05/2021 16:00,149,58,91,23,14,9,52,27,25,,,,,,,103,55,48,,,,117,53,64,,,
28/05/2021 17:00,148,68,80,51,26,25,37,15,22,,,,,,,88,48,40,,,,77,43,34,,,
28/05/2021 18:00,170,97,73,58,31,27,35,20,15,,,,,,,77,42,35,,,,86,46,40,,,
28/05/2021 19:00,178,74,104,41,22,19,42,24,18,,,,,,,57,31,26,,,,37,17,20,,,
28/05/2021 20:00,165,100,65,30,18,12,32,18,14,,,,,,,51,24,27,,,,49,27,22,,,
28/05/2021 21:00,86,41,45,35,14,21,31,15,16,,,,,,,35,13,22,,,,29,17,12,,,
28/05/2021 22:00,52,30,22,14,8,6,20,12,8,,,,,,,12,9,3,,,,22,11,11,,,
28/05/2021 23:00,27,13,14,5,4,1,7,6,1,,,,,,,5,3,2,,,,27,15,12,,,
29/05/2021 00:00,0,0,0,1,0,1,8,5,3,,,,,,,2,1,1,,,,11,5,6,,,
29/05/2021 01:00,2,1,1,2,2,0,1,1,0,,,,,,,0,0,0,,,,8,7,1,,,
29/05/2021 02:00,1,1,0,2,2,0,0,0,0,,,,,,,1,0,1,,,,0,0,0,,,
29/05/2021 03:00,1,1,0,2,1,1,0,0,0,,,,,,,1,1,0,,,,6,3,3,,,
29/05/2021 04:00,4,0,4,0,0,0,0,0,0,,,,,,,1,1,0,,,,0,0,0,,,
29/05/2021 05:00,12,7,5,1,0,1,1,0,1,,,,,,,2,1,1,,,,0,0,0,,,
29/05/2021 06:00,21,8,13,9,4,5,10,6,4,,,,,,,16,7,9,,,,6,4,2,,,
29/05/2021 07:00,74,30,44,25,14,11,23,11,12,,,,,,,31,18,13,,,,22,11,11,,,
29/05/2021 08:00,174,74,100,46,24,22,33,20,13,,,,,,,62,39,23,,,,39,16,23,,,
29/05/2021 09:00,220,109,111,50,27,23,53,30,23,,,,,,,117,74,43,,,,29,20,9,,,
29/05/2021 10:00,269,138,131,89,53,36,63,31,32,,,,,,,141,80,61,,,,70,41,29,,,
29/05/2021 11:00,302,157,145,118,70,48,72,42,30,,,,,,,194,131,63,,,,86,40,46,,,
29/05/2021 12:00,376,205,171,123,70,53,91,64,27,,,,,,,188,107,81,,,,95,60,35,,,
29/05/2021 13:00,420,218,202,142,66,76,94,46,48,,,,,,,151,81,70,,,,85,43,42,,,
29/05/2021 14:00,473,243,230,137,74,63,86,53,33,,,,,,,173,100,73,,,,72,39,33,,,
29/05/2021 15:00,462,217,245,145,66,79,115,51,64,,,,,,,152,87,65,,,,83,44,39,,,
29/05/2021 16:00,481,249,232,126,49,77,97,49,48,,,,,,,154,81,73,,,,88,42,46,,,
29/05/2021 17:00,423,190,233,107,42,65,76,40,36,,,,,,,114,42,72,,,,88,47,41,,,
29/05/2021 18:00,387,192,195,65,23,42,71,21,50,,,,,,,115,51,64,,,,70,29,41,,,
29/05/2021 19:00,297,133,164,51,18,33,46,18,28,,,,,,,35,13,22,,,,52,20,32,,,
29/05/2021 20:00,218,118,100,28,16,12,26,13,13,,,,,,,35,18,17,,,,46,24,22,,,
29/05/2021 21:00,150,52,98,40,22,18,16,8,8,,,,,,,29,8,21,,,,48,32,16,,,
29/05/2021 22:00,74,37,37,29,10,19,35,21,14,,,,,,,9,5,4,,,,48,24,24,,,
29/05/2021 23:00,22,9,13,21,12,9,3,0,3,,,,,,,3,0,3,,,,16,9,7,,,
30/05/2021 00:00,3,2,1,21,19,2,6,4,2,,,,,,,2,0,2,,,,22,8,14,,,
30/05/2021 01:00,6,3,3,0,0,0,2,0,2,,,,,,,0,0,0,,,,14,8,6,,,
30/05/2021 02:00,8,2,6,0,0,0,6,5,1,,,,,,,0,0,0,,,,2,1,1,,,
30/05/2021 03:00,0,0,0,0,0,0,0,0,0,,,,,,,0,0,0,,,,14,3,11,,,
30/05/2021 04:00,5,2,3,0,0,0,0,0,0,,,,,,,0,0,0,,,,10,7,3,,,
30/05/2021 05:00,8,4,4,4,0,4,1,0,1,,,,,,,2,2,0,,,,4,3,1,,,
30/05/2021 06:00,24,12,12,2,1,1,7,3,4,,,,,,,4,1,3,,,,5,4,1,,,
30/05/2021 07:00,85,33,52,10,6,4,13,5,8,,,,,,,22,13,9,,,,14,9,5,,,
30/05/2021 08:00,148,62,86,40,27,13,33,24,9,,,,,,,56,32,24,,,,16,11,5,,,
30/05/2021 09:00,247,111,136,66,39,27,49,32,17,,,,,,,103,62,41,,,,43,22,21,,,
30/05/2021 10:00,371,189,182,107,66,41,73,43,30,,,,,,,165,108,57,,,,78,32,46,,,
30/05/2021 11:00,610,366,244,116,70,46,103,63,40,,,,,,,193,120,73,,,,84,42,42,,,
30/05/2021 12:00,723,369,354,178,90,88,127,67,60,,,,,,,169,89,80,,,,105,41,64,,,
30/05/2021 13:00,786,423,363,200,137,63,122,86,36,,,,,,,187,117,70,,,,77,39,38,,,
30/05/2021 14:00,855,433,422,182,98,84,120,69,51,,,,,,,222,132,90,,,,89,44,45,,,
30/05/2021 15:00,943,463,480,229,123,106,224,114,110,,,,,,,198,114,84,,,,92,53,39,,,
30/05/2021 16:00,1049,513,536,207,81,126,160,84,76,,,,,,,230,114,116,,,,84,51,33,,,
30/05/2021 17:00,838,346,492,180,69,111,167,104,63,,,,,,,179,73,106,,,,76,47,29,,,
30/05/2021 18:00,601,224,377,178,67,111,150,59,91,,,,,,,126,51,75,,,,99,59,40,,,
30/05/2021 19:00,466,205,261,130,47,83,87,50,37,,,,,,,90,33,57,,,,63,35,28,,,
30/05/2021 20:00,312,126,186,59,17,42,49,27,22,,,,,,,90,40,50,,,,46,28,18,,,
30/05/2021 21:00,193,79,114,36,17,19,32,19,13,,,,,,,43,18,25,,,,33,16,17,,,
30/05/2021 22:00,93,44,49,23,17,6,19,9,10,,,,,,,15,9,6,,,,26,16,10,,,
30/05/2021 23:00,27,14,13,15,3,12,5,2,3,,,,,,,4,0,4,,,,23,18,5,,,
31/05/2021 00:00,0,0,0,5,5,0,4,2,2,,,,,,,4,0,4,,,,24,8,16,,,
31/05/2021 01:00,2,1,1,10,8,2,8,2,6,,,,,,,1,0,1,,,,3,2,1,,,
31/05/2021 02:00,0,0,0,2,2,0,0,0,0,,,,,,,0,0,0,,,,1,0,1,,,
31/05/2021 03:00,5,3,2,0,0,0,0,0,0,,,,,,,0,0,0,,,,2,1,1,,,
31/05/2021 04:00,1,1,0,0,0,0,0,0,0,,,,,,,1,1,0,,,,2,0,2,,,
31/05/2021 05:00,14,9,5,3,0,3,1,1,0,,,,,,,1,1,0,,,,3,3,0,,,
31/05/2021 06:00,72,38,34,17,8,9,24,16,8,,,,,,,28,19,9,,,,11,6,5,,,
31/05/2021 07:00,133,64,69,42,17,25,37,17,20,,,,,,,58,34,24,,,,33,16,17,,,
31/05/2021 08:00,174,80,94,40,23,17,41,25,16,,,,,,,97,55,42,,,,75,44,31,,,
31/05/2021 09:00,211,113,98,56,37,19,38,22,16,,,,,,,100,57,43,,,,49,24,25,,,
31/05/2021 10:00,239,123,116,66,37,29,40,21,19,,,,,,,107,70,37,,,,41,27,14,,,
31/05/2021 11:00,318,163,155,82,41,41,67,37,30,,,,,,,119,54,65,,,,77,37,40,,,
31/05/2021 12:00,339,181,158,80,50,30,50,20,30,,,,,,,107,52,55,,,,75,37,38,,,
31/05/2021 13:00,340,174,166,92,45,47,68,31,37,,,,,,,150,96,54,,,,74,37,37,,,
31/05/2021 14:00,400,217,183,82,49,33,62,23,39,,,,,,,156,81,75,,,,125,54,71,,,
31/05/2021 15:00,397,230,167,82,32,50,51,33,18,,,,,,,137,71,66,,,,71,42,29,,,
31/05/2021 16:00,521,241,280,102,59,43,66,39,27,,,,,,,214,110,104,,,,82,47,35,,,
31/05/2021 17:00,465,217,248,140,73,67,102,49,53,,,,,,,134,65,69,,,,91,39,52,,,
31/05/2021 18:00,498,232,266,168,83,85,114,55,59,,,,,,,160,74,86,,,,80,41,39,,,
31/05/2021 19:00,518,231,287,182,90,92,82,42,40,,,,,,,159,86,73,,,,76,44,32,,,
31/05/2021 20:00,476,238,238,121,48,73,74,36,38,,,,,,,101,47,54,,,,69,36,33,,,
31/05/2021 21:00,223,80,143,53,21,32,48,23,25,,,,,,,59,24,35,,,,36,20,16,,,
31/05/2021 22:00,76,46,30,17,9,8,21,16,5,,,,,,,26,10,16,,,,21,11,10,,,
31/05/2021 23:00,17,6,11,12,1,11,16,5,11,,,,,,,2,2,0,,,,16,11,5,,,
01/06/2021 00:00,0,0,0,0,0,0,6,1,5,,,,,,,2,2,0,,,,4,3,1,,,
01/06/2021 01:00,2,2,0,1,1,0,2,1,1,,,,,,,4,3,1,,,,4,2,2,,,
01/06/2021 02:00,0,0,0,1,0,1,2,2,0,,,,,,,0,0,0,,,,1,1,0,,,
01/06/2021 03:00,0,0,0,0,0,0,0,0,0,,,,,,,1,0,1,,,,1,1,0,,,
01/06/2021 04:00,2,1,1,0,0,0,0,0,0,,,,,,,4,3,1,,,,0,0,0,,,
01/06/2021 05:00,15,7,8,4,2,2,0,0,0,,,,,,,6,5,1,,,,2,2,0,,,
01/06/2021 06:00,64,28,36,11,4,7,21,17,4,,,,,,,35,23,12,,,,10,4,6,,,
01/06/2021 07:00,139,72,67,47,21,26,35,20,15,,,,,,,76,42,34,,,,41,18,23,,,
01/06/2021 08:00,149,71,78,44,22,22,45,29,16,,,,,,,100,53,47,,,,83,44,39,,,
01/06/2021 09:00,173,90,83,50,29,21,36,15,21,,,,,,,72,39,33,,,,47,23,24,,,
01/06/2021 10:00,242,100,142,48,34,14,39,19,20,,,,,,,117,62,55,,,,40,26,14,,,
01/06/2021 11:00,315,185,130,68,35,33,47,26,21,,,,,,,75,36,39,,,,54,21,33,,,
01/06/2021 12:00,295,151,144,66,44,22,86,31,55,,,,,,,107,59,48,,,,75,42,33,,,
01/06/2021 13:00,361,186,175,92,46,46,74,39,35,,,,,,,185,118,67,,,,92,51,41,,,
01/06/2021 14:00,371,191,180,74,41,33,71,32,39,,,,,,,111,59,52,,,,103,56,47,,,
01/06/2021 15:00,467,269,198,99,57,42,61,41,20,,,,,,,125,59,66,,,,89,39,50,,,
01/06/2021 16:00,516,242,274,70,35,35,90,48,42,,,,,,,128,76,52,,,,95,57,38,,,
01/06/2021 17:00,453,206,247,130,68,62,73,29,44,,,,,,,155,73,82,,,,94,58,36,,,
01/06/2021 18:00,470,226,244,216,138,78,101,53,48,,,,,,,177,77,100,,,,110,67,43,,,
01/06/2021 19:00,491,223,268,234,122,112,118,62,56,,,,,,,148,72,76,,,,98,48,50,,,
01/06/2021 20:00,499,230,269,153,51,102,94,46,48,,,,,,,95,34,61,,,,50,23,27,,,
01/06/2021 21:00,320,168,152,88,26,62,34,17,17,,,,,,,71,29,42,,,,68,37,31,,,
01/06/2021 22:00,135,66,69,28,8,20,17,11,6,,,,,,,26,6,20,,,,32,19,13,,,
01/06/2021 23:00,23,11,12,16,4,12,7,1,6,,,,,,,8,4,4,,,,15,4,11,,,
02/06/2021 00:00,1,0,1,6,3,3,4,1,3,,,,,,,2,0,2,,,,13,7,6,,,
02/06/2021 01:00,5,3,2,1,0,1,0,0,0,,,,,,,0,0,0,,,,10,2,8,,,
02/06/2021 02:00,1,1,0,0,0,0,0,0,0,,,,,,,0,0,0,,,,2,0,2,,,
02/06/2021 03:00,3,0,3,0,0,0,0,0,0,,,,,,,0,0,0,,,,6,2,4,,,
02/06/2021 04:00,3,2,1,0,0,0,0,0,0,,,,,,,0,0,0,,,,0,0,0,,,
02/06/2021 05:00,16,10,6,3,1,2,2,1,1,,,,,,,3,3,0,,,,11,3,8,,,
02/06/2021 06:00,69,28,41,26,16,10,19,16,3,,,,,,,42,25,17,,,,20,10,10,,,
02/06/2021 07:00,162,74,88,33,19,14,37,17,20,,,,,,,67,40,27,,,,44,22,22,,,
02/06/2021 08:00,174,86,88,75,38,37,45,26,19,,,,,,,102,51,51,,,,89,55,34,,,
02/06/2021 09:00,178,93,85,51,27,24,55,26,29,,,,,,,93,46,47,,,,61,34,27,,,
02/06/2021 10:00,154,68,86,50,21,29,35,14,21,,,,,,,88,55,33,,,,47,19,28,,,
02/06/2021 11:00,225,129,96,44,32,12,60,33,27,,,,,,,81,39,42,,,,72,32,40,,,
02/06/2021 12:00,199,92,107,45,28,17,48,32,16,,,,,,,73,43,30,,,,59,29,30,,,
02/06/2021 13:00,176,77,99,51,34,17,39,16,23,,,,,,,104,65,39,,,,72,31,41,,,
02/06/2021 14:00,122,64,58,29,17,12,21,13,8,,,,,,,103,49,54,,,,55,26,29,,,
02/06/2021 15:00,137,60,77,24,15,9,38,29,9,,,,,,,78,51,27,,,,57,29,28,,,
02/06/2021 16:00,155,83,72,35,15,20,27,12,15,,,,,,,73,42,31,,,,55,27,28,,,
02/06/2021 17:00,153,67,86,62,36,26,52,29,23,,,,,,,99,55,44,,,,74,35,39,,,
02/06/2021 18:00,199,105,94,73,42,31,68,40,28,,,,,,,105,56,49,,,,79,46,33,,,
02/06/2021 19:00,251,119,132,82,49,33,46,26,20,,,,,,,96,52,44,,,,58,26,32,,,
02/06/2021 20:00,239,127,112,70,32,38,42,19,23,,,,,,,82,35,47,,,,75,23,52,,,
02/06/2021 21:00,155,68,87,32,18,14,26,5,21,,,,,,,44,21,23,,,,33,21,12,,,
02/06/2021 22:00,103,60,43,17,9,8,16,10,6,,,,,,,29,9,20,,,,21,12,9,,,
02/06/2021 23:00,28,13,15,3,1,2,4,1,3,,,,,,,3,3,0,,,,10,3,7,,,
03/06/2021 00:00,0,0,0,0,0,0,2,1,1,,,,,,,3,0,3,,,,4,3,1,,,
03/06/2021 01:00,5,0,5,0,0,0,3,3,0,,,,,,,1,0,1,,,,5,2,3,,,
03/06/2021 02:00,0,0,0,0,0,0,0,0,0,,,,,,,0,0,0,,,,1,1,0,,,
03/06/2021 03:00,9,3,6,0,0,0,0,0,0,,,,,,,0,0,0,,,,0,0,0,,,
03/06/2021 04:00,3,1,2,3,2,1,0,0,0,,,,,,,0,0,0,,,,0,0,0,,,
03/06/2021 05:00,16,9,7,1,0,1,1,1,0,,,,,,,6,5,1,,,,3,2,1,,,
03/06/2021 06:00,66,26,40,13,3,10,19,9,10,,,,,,,32,22,10,,,,12,6,6,,,
03/06/2021 07:00,137,74,63,50,30,20,38,18,20,,,,,,,74,35,39,,,,40,20,20,,,
03/06/2021 08:00,175,77,98,38,26,12,47,22,25,,,,,,,117,59,58,,,,101,52,49,,,
03/06/2021 09:00,179,90,89,54,25,29,33,23,10,,,,,,,99,57,42,,,,54,30,24,,,
03/06/2021 10:00,203,104,99,56,37,19,32,17,15,,,,,,,105,64,41,,,,46,32,14,,,
03/06/2021 11:00,257,126,131,66,39,27,39,25,14,,,,,,,97,33,64,,,,40,18,22,,,
03/06/2021 12:00,248,123,125,79,41,38,56,22,34,,,,,,,100,50,50,,,,71,43,28,,,
03/06/2021 13:00,280,159,121,94,45,49,73,31,42,,,,,,,179,108,71,,,,82,35,47,,,
03/06/2021 14:00,275,144,131,88,45,43,50,29,21,,,,,,,145,76,69,,,,74,28,46,,,
03/06/2021 15:00,313,167,146,69,42,27,46,25,21,,,,,,,161,85,76,,,,92,49,43,,,
03/06/2021 16:00,315,177,138,69,38,31,57,32,25,,,,,,,125,64,61,,,,77,44,33,,,
03/06/2021 17:00,333,149,184,95,37,58,80,48,32,,,,,,,91,39,52,,,,94,55,39,,,
03/06/2021 18:00,345,167,178,96,62,34,75,29,46,,,,,,,154,83,71,,,,126,72,54,,,
03/06/2021 19:00,414,190,224,134,73,61,54,28,26,,,,,,,133,74,59,,,,117,58,59,,,
03/06/2021 20:00,319,152,167,143,70,73,77,31,46,,,,,,,107,53,54,,,,104,31,73,,,
03/06/2021 21:00,241,107,134,81,33,48,27,13,14,,,,,,,53,22,31,,,,50,11,39,,,
03/06/2021 22:00,78,37,41,25,7,18,18,9,9,,,,,,,29,13,16,,,,25,12,13,,,
03/06/2021 23:00,35,12,23,14,3,11,10,4,6,,,,,,,8,1,7,,,,13,3,10,,,
04/06/2021 00:00,0,0,0,0,0,0,4,1,3,,,,,,,2,0,2,,,,2,2,0,,,
04/06/2021 01:00,4,1,3,3,0,3,6,4,2,,,,,,,0,0,0,,,,3,1,2,,,
04/06/2021 02:00,5,2,3,2,2,0,0,0,0,,,,,,,1,1,0,,,,0,0,0,,,
04/06/2021 03:00,1,1,0,0,0,0,0,0,0,,,,,,,1,1,0,,,,0,0,0,,,
04/06/2021 04:00,2,1,1,0,0,0,0,0,0,,,,,,,0,0,0,,,,2,2,0,,,
04/06/2021 05:00,16,10,6,5,2,3,3,3,0,,,,,,,2,2,0,,,,4,2,2,,,
04/06/2021 06:00,66,24,42,18,12,6,17,8,9,,,,,,,30,19,11,,,,15,9,6,,,
04/06/2021 07:00,135,78,57,46,24,22,30,16,14,,,,,,,68,38,30,,,,34,15,19,,,
04/06/2021 08:00,147,64,83,60,25,35,39,17,22,,,,,,,112,60,52,,,,75,46,29,,,
04/06/2021 09:00,168,77,91,60,29,31,33,22,11,,,,,,,83,43,40,,,,67,35,32,,,
04/06/2021 10:00,216,106,110,66,44,22,49,39,10,,,,,,,93,54,39,,,,44,24,20,,,
04/06/2021 11:00,248,124,124,66,27,39,48,25,23,,,,,,,89,45,44,,,,59,26,33,,,
04/06/2021 12:00,250,147,103,50,22,28,37,26,11,,,,,,,137,88,49,,,,52,31,21,,,
04/06/2021 13:00,225,118,107,67,38,29,35,20,15,,,,,,,160,104,56,,,,89,50,39,,,
04/06/2021 14:00,218,115,103,49,27,22,41,23,18,,,,,,,240,119,121,,,,92,37,55,,,
04/06/2021 15:00,261,134,127,38,25,13,67,33,34,,,,,,,106,44,62,,,,64,35,29,,,
04/06/2021 16:00,275,133,142,59,26,33,67,32,35,,,,,,,77,40,37,,,,91,34,57,,,
04/06/2021 17:00,272,129,143,55,33,22,60,35,25,,,,,,,98,63,35,,,,68,28,40,,,
04/06/2021 18:00,282,123,159,70,42,28,47,19,28,,,,,,,87,46,41,,,,65,41,24,,,
04/06/2021 19:00,271,137,134,93,50,43,70,32,38,,,,,,,78,40,38,,,,62,29,33,,,
04/06/2021 20:00,225,111,114,38,14,24,30,15,15,,,,,,,54,31,23,,,,49,27,22,,,
04/06/2021 21:00,168,89,79,25,13,12,37,15,22,,,,,,,30,10,20,,,,30,19,11,,,
04/06/2021 22:00,58,31,27,20,6,14,23,10,13,,,,,,,6,3,3,,,,18,12,6,,,
04/06/2021 23:00,17,7,10,30,22,8,17,9,8,,,,,,,8,5,3,,,,11,5,6,,,
05/06/2021 00:00,0,0,0,0,0,0,5,3,2,,,,,,,4,2,2,,,,2,1,1,,,
05/06/2021 01:00,3,1,2,2,1,1,1,1,0,,,,,,,0,0,0,,,,5,1,4,,,
05/06/2021 02:00,2,1,1,1,0,1,0,0,0,,,,,,,0,0,0,,,,1,1,0,,,
05/06/2021 03:00,2,1,1,0,0,0,0,0,0,,,,,,,1,0,1,,,,3,3,0,,,
05/06/2021 04:00,5,2,3,1,1,0,1,1,0,,,,,,,1,1,0,,,,3,1,2,,,
05/06/2021 05:00,10,3,7,3,3,0,2,1,1,,,,,,,4,2,2,,,,14,6,8,,,
05/06/2021 06:00,23,8,15,5,1,4,3,2,1,,,,,,,6,3,3,,,,7,2,5,,,
05/06/2021 07:00,84,39,45,16,6,10,11,6,5,,,,,,,30,19,11,,,,18,10,8,,,
05/06/2021 08:00,128,66,62,51,33,18,38,25,13,,,,,,,51,27,24,,,,33,15,18,,,
05/06/2021 09:00,163,73,90,54,33,21,39,21,18,,,,,,,94,62,32,,,,29,15,14,,,
05/06/2021 10:00,173,101,72,73,34,39,53,31,22,,,,,,,84,52,32,,,,39,30,9,,,
05/06/2021 11:00,251,111,140,102,54,48,41,24,17,,,,,,,106,61,45,,,,58,28,30,,,
05/06/2021 12:00,295,161,134,93,55,38,63,32,31,,,,,,,107,58,49,,,,57,26,31,,,
05/06/2021 13:00,272,123,149,75,41,34,65,31,34,,,,,,,95,47,48,,,,53,31,22,,,
05/06/2021 14:00,306,149,157,54,37,17,52,30,22,,,,,,,78,43,35,,,,68,31,37,,,
05/06/2021 15:00,327,159,168,69,38,31,52,36,16,,,,,,,93,53,40,,,,70,33,37,,,
05/06/2021 16:00,326,147,179,78,48,30,63,37,26,,,,,,,80,48,32,,,,68,25,43,,,
05/06/2021 17:00,318,172,146,57,29,28,48,19,29,,,,,,,77,37,40,,,,47,24,23,,,
05/06/2021 18:00,233,123,110,42,30,12,50,26,24,,,,,,,52,24,28,,,,38,18,20,,,
05/06/2021 19:00,193,100,93,40,16,24,28,18,10,,,,,,,38,21,17,,,,45,17,28,,,
05/06/2021 20:00,153,76,77,36,17,19,29,12,17,,,,,,,42,18,24,,,,35,25,10,,,
05/06/2021 21:00,134,62,72,23,13,10,26,9,17,,,,,,,23,15,8,,,,27,19,8,,,
05/06/2021 22:00,103,49,54,25,7,18,20,10,10,,,,,,,13,4,9,,,,21,8,13,,,
05/06/2021 23:00,20,10,10,16,11,5,7,2,5,,,,,,,3,0,3,,,,27,10,17,,,
06/06/2021 00:00,1,1,0,7,6,1,6,4,2,,,,,,,0,0,0,,,,18,13,5,,,
06/06/2021 01:00,8,3,5,3,2,1,1,0,1,,,,,,,1,1,0,,,,22,18,4,,,
06/06/2021 02:00,2,0,2,0,0,0,3,0,3,,,,,,,0,0,0,,,,6,3,3,,,
06/06/2021 03:00,3,2,1,0,0,0,0,0,0,,,,,,,0,0,0,,,,15,1,14,,,
06/06/2021 04:00,7,4,3,0,0,0,0,0,0,,,,,,,0,0,0,,,,8,7,1,,,
06/06/2021 05:00,6,2,4,5,2,3,0,0,0,,,,,,,4,3,1,,,,2,1,1,,,
06/06/2021 06:00,11,5,6,2,1,1,1,0,1,,,,,,,8,6,2,,,,8,5,3,,,
06/06/2021 07:00,53,28,25,11,6,5,19,12,7,,,,,,,23,17,6,,,,10,4,6,,,
06/06/2021 08:00,124,48,76,37,23,14,27,22,5,,,,,,,43,32,11,,,,16,10,6,,,
06/06/2021 09:00,253,135,118,63,31,32,46,19,27,,,,,,,99,58,41,,,,32,12,20,,,
06/06/2021 10:00,378,207,171,118,67,51,71,38,33,,,,,,,139,82,57,,,,45,20,25,,,
06/06/2021 11:00,557,326,231,108,39,69,65,37,28,,,,,,,146,97,49,,,,79,33,46,,,
06/06/2021 12:00,609,333,276,105,60,45,73,33,40,,,,,,,132,75,57,,,,55,26,29,,,
06/06/2021 13:00,596,274,322,122,77,45,73,40,33,,,,,,,113,66,47,,,,48,24,24,,,
06/06/2021 14:00,703,348,355,125,64,61,86,47,39,,,,,,,112,70,42,,,,72,36,36,,,
06/06/2021 15:00,660,340,320,160,87,73,117,76,41,,,,,,,128,62,66,,,,66,40,26,,,
06/06/2021 16:00,522,222,300,63,26,37,62,25,37,,,,,,,118,63,55,,,,68,41,27,,,
06/06/2021 17:00,415,178,237,42,9,33,52,23,29,,,,,,,93,46,47,,,,59,36,23,,,
06/06/2021 18:00,274,113,161,39,21,18,50,21,29,,,,,,,57,31,26,,,,72,41,31,,,
06/06/2021 19:00,249,136,113,45,25,20,46,31,15,,,,,,,49,25,24,,,,57,24,33,,,
06/06/2021 20:00,221,108,113,30,17,13,27,8,19,,,,,,,34,20,14,,,,45,30,15,,,
06/06/2021 21:00,160,83,77,17,8,9,28,12,16,,,,,,,28,10,18,,,,32,19,13,,,
06/06/2021 22:00,62,29,33,25,7,18,12,8,4,,,,,,,14,4,10,,,,58,25,33,,,
06/06/2021 23:00,31,17,14,8,6,2,3,1,2,,,,,,,5,4,1,,,,26,15,11,,,
07/06/2021 00:00,0,0,0,0,0,0,0,0,0,,,,,,,5,0,5,,,,19,6,13,,,
07/06/2021 01:00,2,1,1,0,0,0,0,0,0,,,,,,,0,0,0,,,,7,6,1,,,
07/06/2021 02:00,2,1,1,0,0,0,0,0,0,,,,,,,0,0,0,,,,4,2,2,,,
07/06/2021 03:00,0,0,0,0,0,0,0,0,0,,,,,,,0,0,0,,,,7,2,5,,,
07/06/2021 04:00,3,1,2,0,0,0,0,0,0,,,,,,,0,0,0,,,,5,2,3,,,
07/06/2021 05:00,4,1,3,0,0,0,0,0,0,,,,,,,4,4,0,,,,4,2,2,,,
07/06/2021 06:00,18,6,12,4,3,1,2,2,0,,,,,,,5,2,3,,,,1,0,1,,,
07/06/2021 07:00,45,22,23,13,6,7,6,5,1,,,,,,,16,10,6,,,,14,11,3,,,
07/06/2021 08:00,92,38,54,27,15,12,24,14,10,,,,,,,31,21,10,,,,26,14,12,,,
07/06/2021 09:00,150,71,79,48,24,24,40,23,17,,,,,,,78,50,28,,,,23,13,10,,,
07/06/2021 10:00,293,144,149,91,52,39,51,27,24,,,,,,,105,65,40,,,,44,23,21,,,
07/06/2021 11:00,453,224,229,149,89,60,82,50,32,,,,,,,136,76,60,,,,51,29,22,,,
07/06/2021 12:00,480,236,244,143,82,61,108,67,41,,,,,,,114,69,45,,,,65,29,36,,,
07/06/2021 13:00,416,200,216,131,63,68,84,43,41,,,,,,,119,71,48,,,,55,21,34,,,
07/06/2021 14:00,468,242,226,84,37,47,78,44,34,,,,,,,126,69,57,,,,68,39,29,,,
07/06/2021 15:00,603,311,292,112,51,61,96,39,57,,,,,,,133,70,63,,,,70,35,35,,,
07/06/2021 16:00,553,250,303,119,48,71,117,62,55,,,,,,,120,60,60,,,,75,35,40,,,
07/06/2021 17:00,419,190,229,111,31,80,104,43,61,,,,,,,93,40,53,,,,65,37,28,,,
07/06/2021 18:00,324,134,190,88,55,33,65,38,27,,,,,,,95,49,46,,,,72,34,38,,,
07/06/2021 19:00,337,145,192,72,35,37,64,36,28,,,,,,,88,40,48,,,,31,15,16,,,
07/06/2021 20:00,211,112,99,42,16,26,36,22,14,,,,,,,64,33,31,,,,45,18,27,,,
07/06/2021 21:00,170,81,89,25,13,12,30,17,13,,,,,,,37,14,23,,,,51,26,25,,,
07/06/2021 22:00,64,36,28,10,6,4,13,6,7,,,,,,,16,7,9,,,,34,17,17,,,
07/06/2021 23:00,19,9,10,12,9,3,14,7,7,,,,,,,2,0,2,,,,21,12,9,,,
08/06/2021 00:00,1,0,1,0,0,0,2,2,0,,,,,,,2,2,0,,,,3,0,3,,,
08/06/2021 01:00,3,1,2,3,2,1,3,3,0,,,,,,,1,0,1,,,,6,3,3,,,
08/06/2021 02:00,1,0,1,2,2,0,0,0,0,,,,,,,0,0,0,,,,0,0,0,,,
08/06/2021 03:00,0,0,0,0,0,0,0,0,0,,,,,,,2,2,0,,,,2,2,0,,,
08/06/2021 04:00,2,0,2,10,8,2,0,0,0,,,,,,,0,0,0,,,,0,0,0,,,
08/06/2021 05:00,8,3,5,5,2,3,3,1,2,,,,,,,3,1,2,,,,4,2,2,,,
08/06/2021 06:00,66,34,32,11,7,4,9,7,2,,,,,,,23,15,8,,,,12,3,9,,,
08/06/2021 07:00,99,53,46,19,9,10,23,12,11,,,,,,,45,24,21,,,,29,15,14,,,
08/06/2021 08:00,105,44,61,26,13,13,20,12,8,,,,,,,51,25,26,,,,38,16,22,,,
08/06/2021 09:00,133,75,58,33,17,16,19,9,10,,,,,,,60,34,26,,,,39,21,18,,,
08/06/2021 10:00,143,56,87,75,41,34,28,17,11,,,,,,,68,41,27,,,,28,16,12,,,
08/06/2021 11:00,182,95,87,46,23,23,39,23,16,,,,,,,72,37,35,,,,49,26,23,,,
08/06/2021 12:00,178,91,87,53,21,32,53,31,22,,,,,,,71,32,39,,,,43,17,26,,,
08/06/2021 13:00,226,122,104,57,25,32,47,23,24,,,,,,,91,52,39,,,,58,30,28,,,
08/06/2021 14:00,226,109,117,69,36,33,36,22,14,,,,,,,106,68,38,,,,66,32,34,,,
08/06/2021 15:00,188,80,108,29,11,18,27,13,14,,,,,,,91,42,49,,,,58,24,34,,,
08/06/2021 16:00,264,112,152,60,29,31,69,39,30,,,,,,,77,38,39,,,,66,33,33,,,
08/06/2021 17:00,173,84,89,62,33,29,49,27,22,,,,,,,94,49,45,,,,85,39,46,,,
08/06/2021 18:00,185,95,90,53,37,16,37,21,16,,,,,,,93,52,41,,,,69,37,32,,,
08/06/2021 19:00,244,111,133,58,27,31,63,37,26,,,,,,,76,47,29,,,,70,29,41,,,
08/06/2021 20:00,245,121,124,59,27,32,53,25,28,,,,,,,77,27,50,,,,64,29,35,,,
08/06/2021 21:00,195,112,83,51,22,29,43,20,23,,,,,,,61,26,35,,,,38,19,19,,,
08/06/2021 22:00,66,35,31,25,8,17,19,10,9,,,,,,,8,3,5,,,,31,13,18,,,
08/06/2021 23:00,14,11,3,3,1,2,5,2,3,,,,,,,1,0,1,,,,16,10,6,,,
09/06/2021 00:00,0,0,0,0,0,0,2,0,2,,,,,,,1,1,0,,,,10,6,4,,,
09/06/2021 01:00,2,0,2,4,2,2,0,0,0,,,,,,,1,1,0,,,,7,3,4,,,
09/06/2021 02:00,3,1,2,0,0,0,0,0,0,,,,,,,1,0,1,,,,2,1,1,,,
09/06/2021 03:00,0,0,0,0,0,0,0,0,0,,,,,,,1,1,0,,,,3,2,1,,,
09/06/2021 04:00,3,3,0,0,0,0,0,0,0,,,,,,,0,0,0,,,,1,1,0,,,
09/06/2021 05:00,15,6,9,9,1,8,2,0,2,,,,,,,1,0,1,,,,3,2,1,,,
09/06/2021 06:00,56,24,32,9,3,6,19,11,8,,,,,,,16,10,6,,,,11,5,6,,,
09/06/2021 07:00,127,68,59,28,16,12,17,14,3,,,,,,,49,25,24,,,,27,13,14,,,
09/06/2021 08:00,124,63,61,45,30,15,39,22,17,,,,,,,90,48,42,,,,66,35,31,,,
09/06/2021 09:00,89,45,44,24,9,15,34,12,22,,,,,,,52,23,29,,,,31,15,16,,,
09/06/2021 10:00,78,39,39,15,11,4,20,16,4,,,,,,,25,12,13,,,,27,9,18,,,
09/06/2021 11:00,134,66,68,21,13,8,28,19,9,,,,,,,80,45,35,,,,47,19,28,,,
09/06/2021 12:00,122,58,64,40,25,15,29,20,9,,,,,,,57,38,19,,,,65,33,32,,,
09/06/2021 13:00,189,94,95,54,30,24,48,19,29,,,,,,,109,60,49,,,,78,39,39,,,
09/06/2021 14:00,179,89,90,42,12,30,38,27,11,,,,,,,98,61,37,,,,73,37,36,,,
09/06/2021 15:00,213,103,110,63,28,35,41,26,15,,,,,,,73,40,33,,,,63,30,33,,,
09/06/2021 16:00,184,90,94,60,32,28,47,25,22,,,,,,,75,39,36,,,,79,36,43,,,
09/06/2021 17:00,194,88,106,66,27,39,38,18,20,,,,,,,79,39,40,,,,75,39,36,,,
09/06/2021 18:00,212,107,105,76,44,32,54,26,28,,,,,,,112,67,45,,,,65,34,31,,,
09/06/2021 19:00,275,130,145,75,48,27,61,34,27,,,,,,,106,64,42,,,,62,25,37,,,
09/06/2021 20:00,405,231,174,64,30,34,70,36,34,,,,,,,124,60,64,,,,90,39,51,,,
09/06/2021 21:00,281,149,132,48,19,29,45,11,34,,,,,,,58,22,36,,,,48,26,22,,,
09/06/2021 22:00,91,48,43,33,7,26,24,12,12,,,,,,,33,12,21,,,,29,12,17,,,
09/06/2021 23:00,22,13,9,5,2,3,12,6,6,,,,,,,5,1,4,,,,16,8,8,,,
10/06/2021 00:00,0,0,0,2,2,0,2,2,0,,,,,,,0,0,0,,,,11,7,4,,,
10/06/2021 01:00,4,1,3,1,1,0,7,4,3,,,,,,,0,0,0,,,,4,2,2,,,
10/06/2021 02:00,3,1,2,0,0,0,1,1,0,,,,,,,0,0,0,,,,2,2,0,,,
10/06/2021 03:00,0,0,0,0,0,0,0,0,0,,,,,,,0,0,0,,,,2,1,1,,,
10/06/2021 04:00,3,2,1,0,0,0,1,1,0,,,,,,,0,0,0,,,,1,1,0,,,
10/06/2021 05:00,9,3,6,2,1,1,2,0,2,,,,,,,2,1,1,,,,5,3,2,,,
10/06/2021 06:00,62,29,33,17,8,9,20,9,11,,,,,,,26,20,6,,,,11,2,9,,,
10/06/2021 07:00,128,61,67,39,17,22,35,19,16,,,,,,,79,43,36,,,,29,13,16,,,
10/06/2021 08:00,147,76,71,57,32,25,36,19,17,,,,,,,82,39,43,,,,92,53,39,,,
10/06/2021 09:00,169,83,86,46,20,26,35,23,12,,,,,,,55,23,32,,,,47,25,22,,,
10/06/2021 10:00,195,91,104,54,32,22,35,21,14,,,,,,,65,44,21,,,,50,20,30,,,
10/06/2021 11:00,253,125,128,66,34,32,64,36,28,,,,,,,114,75,39,,,,37,12,25,,,
10/06/2021 12:00,228,127,101,71,22,49,52,29,23,,,,,,,97,40,57,,,,51,30,21,,,
10/06/2021 13:00,272,120,152,86,47,39,42,18,24,,,,,,,143,87,56,,,,76,28,48,,,
10/06/2021 14:00,198,103,95,78,44,34,38,24,14,,,,,,,122,47,75,,,,74,29,45,,,
10/06/2021 15:00,232,120,112,45,21,24,29,17,12,,,,,,,111,63,48,,,,84,28,56,,,
10/06/2021 16:00,232,109,123,46,18,28,52,23,29,,,,,,,97,44,53,,,,63,24,39,,,
10/06/2021 17:00,219,92,127,44,26,18,58,34,24,,,,,,,121,57,64,,,,114,59,55,,,
10/06/2021 18:00,343,159,184,63,36,27,63,39,24,,,,,,,94,59,35,,,,94,52,42,,,
10/06/2021 19:00,329,162,167,81,50,31,68,33,35,,,,,,,100,53,47,,,,110,44,66,,,
10/06/2021 20:00,302,163,139,83,35,48,43,25,18,,,,,,,89,54,35,,,,45,21,24,,,
10/06/2021 21:00,208,83,125,48,18,30,25,13,12,,,,,,,57,21,36,,,,33,16,17,,,
10/06/2021 22:00,104,55,49,28,8,20,21,10,11,,,,,,,16,8,8,,,,35,15,20,,,
10/06/2021 23:00,32,14,18,3,2,1,16,4,12,,,,,,,8,5,3,,,,18,11,7,,,
11/06/2021 00:00,1,0,1,3,1,2,5,2,3,,,,,,,0,0,0,,,,5,2,3,,,
11/06/2021 01:00,4,2,2,5,3,2,0,0,0,,,,,,,0,0,0,,,,4,1,3,,,
11/06/2021 02:00,7,5,2,0,0,0,1,0,1,,,,,,,0,0,0,,,,0,0,0,,,
11/06/2021 03:00,2,0,2,0,0,0,1,0,1,,,,,,,0,0,0,,,,3,3,0,,,
11/06/2021 04:00,2,1,1,2,0,2,0,0,0,,,,,,,0,0,0,,,,2,2,0,,,
11/06/2021 05:00,13,5,8,4,0,4,0,0,0,,,,,,,1,0,1,,,,3,2,1,,,
11/06/2021 06:00,66,27,39,15,8,7,19,11,8,,,,,,,19,12,7,,,,8,3,5,,,
11/06/2021 07:00,107,62,45,30,20,10,27,14,13,,,,,,,47,24,23,,,,31,14,17,,,
11/06/2021 08:00,125,56,69,44,20,24,31,19,12,,,,,,,62,28,34,,,,80,44,36,,,
11/06/2021 09:00,130,65,65,34,15,19,45,39,6,,,,,,,61,41,20,,,,39,21,18,,,
11/06/2021 10:00,160,88,72,37,29,8,21,12,9,,,,,,,59,35,24,,,,48,22,26,,,
11/06/2021 11:00,186,94,92,44,27,17,45,27,18,,,,,,,90,68,22,,,,45,22,23,,,
11/06/2021 12:00,206,113,93,38,22,16,41,27,14,,,,,,,96,41,55,,,,45,23,22,,,
11/06/2021 13:00,196,100,96,60,33,27,39,24,15,,,,,,,152,91,61,,,,75,44,31,,,
11/06/2021 14:00,176,80,96,67,30,37,37,12,25,,,,,,,174,100,74,,,,116,46,70,,,
11/06/2021 15:00,217,104,113,67,35,32,55,28,27,,,,,,,100,54,46,,,,68,27,41,,,
11/06/2021 16:00,172,85,87,71,31,40,53,29,24,,,,,,,143,66,77,,,,72,34,38,,,
11/06/2021 17:00,189,92,97,51,25,26,60,36,24,,,,,,,95,49,46,,,,80,44,36,,,
11/06/2021 18:00,216,108,108,48,28,20,44,25,19,,,,,,,98,46,52,,,,82,33,49,,,
11/06/2021 19:00,194,98,96,36,18,18,42,29,13,,,,,,,53,33,20,,,,48,22,26,,,
11/06/2021 20:00,215,108,107,56,39,17,42,25,17,,,,,,,49,29,20,,,,41,18,23,,,
11/06/2021 21:00,182,80,102,38,22,16,27,8,19,,,,,,,34,11,23,,,,44,17,27,,,
11/06/2021 22:00,115,63,52,22,5,17,34,16,18,,,,,,,17,4,13,,,,25,14,11,,,
11/06/2021 23:00,31,17,14,11,5,6,11,3,8,,,,,,,8,3,5,,,,8,4,4,,,
12/06/2021 00:00,3,1,2,0,0,0,11,4,7,,,,,,,3,0,3,,,,13,8,5,,,
12/06/2021 01:00,7,5,2,3,3,0,3,3,0,,,,,,,0,0,0,,,,2,2,0,,,
12/06/2021 02:00,2,2,0,1,0,1,2,0,2,,,,,,,2,2,0,,,,8,6,2,,,
12/06/2021 03:00,4,2,2,2,0,2,1,0,1,,,,,,,0,0,0,,,,4,2,2,,,
12/06/2021 04:00,2,1,1,0,0,0,0,0,0,,,,,,,0,0,0,,,,3,2,1,,,
12/06/2021 05:00,7,2,5,0,0,0,2,0,2,,,,,,,0,0,0,,,,0,0,0,,,
12/06/2021 06:00,31,16,15,7,5,2,10,4,6,,,,,,,5,3,2,,,,7,4,3,,,
12/06/2021 07:00,84,33,51,12,9,3,17,10,7,,,,,,,30,18,12,,,,26,18,8,,,
12/06/2021 08:00,136,76,60,43,21,22,32,22,10,,,,,,,57,38,19,,,,31,12,19,,,
12/06/2021 09:00,158,85,73,54,27,27,36,17,19,,,,,,,89,56,33,,,,36,14,22,,,
12/06/2021 10:00,214,110,104,74,45,29,50,26,24,,,,,,,88,54,34,,,,52,35,17,,,
12/06/2021 11:00,275,129,146,82,46,36,63,41,22,,,,,,,125,73,52,,,,49,27,22,,,
12/06/2021 12:00,309,160,149,79,36,43,45,24,21,,,,,,,124,63,61,,,,64,32,32,,,
12/06/2021 13:00,339,167,172,72,48,24,56,33,23,,,,,,,94,52,42,,,,74,31,43,,,
12/06/2021 14:00,359,181,178,106,49,57,75,40,35,,,,,,,116,71,45,,,,58,31,27,,,
12/06/2021 15:00,355,178,177,97,60,37,93,63,30,,,,,,,117,65,52,,,,55,24,31,,,
12/06/2021 16:00,348,164,184,97,49,48,61,30,31,,,,,,,138,70,68,,,,74,36,38,,,
12/06/2021 17:00,330,165,165,84,39,45,62,27,35,,,,,,,119,49,70,,,,62,27,35,,,
12/06/2021 18:00,290,148,142,53,19,34,35,19,16,,,,,,,65,34,31,,,,75,32,43,,,
12/06/2021 19:00,282,131,151,47,26,21,50,29,21,,,,,,,59,30,29,,,,52,33,19,,,
12/06/2021 20:00,221,111,110,23,11,12,31,16,15,,,,,,,51,22,29,,,,40,27,13,,,
12/06/2021 21:00,172,92,80,12,7,5,21,8,13,,,,,,,28,14,14,,,,28,16,12,,,
12/06/2021 22:00,74,33,41,26,8,18,35,10,25,,,,,,,11,4,7,,,,41,23,18,,,
12/06/2021 23:00,28,15,13,17,5,12,16,8,8,,,,,,,3,1,2,,,,43,23,20,,,
13/06/2021 00:00,3,3,0,3,1,2,7,3,4,,,,,,,2,1,1,,,,23,10,13,,,
13/06/2021 01:00,21,10,11,3,1,2,3,0,3,,,,,,,1,1,0,,,,16,5,11,,,
13/06/2021 02:00,3,2,1,0,0,0,1,1,0,,,,,,,1,0,1,,,,8,2,6,,,
13/06/2021 03:00,2,1,1,3,1,2,0,0,0,,,,,,,2,0,2,,,,9,2,7,,,
13/06/2021 04:00,0,0,0,1,0,1,0,0,0,,,,,,,2,1,1,,,,3,1,2,,,
13/06/2021 05:00,4,2,2,2,2,0,1,1,0,,,,,,,2,1,1,,,,1,1,0,,,
13/06/2021 06:00,20,11,9,12,7,5,5,5,0,,,,,,,10,8,2,,,,3,1,2,,,
13/06/2021 07:00,67,37,30,12,8,4,21,14,7,,,,,,,28,18,10,,,,7,5,2,,,
13/06/2021 08:00,133,67,66,41,25,16,42,20,22,,,,,,,38,24,14,,,,20,16,4,,,
13/06/2021 09:00,259,138,121,62,35,27,36,30,6,,,,,,,82,45,37,,,,53,23,30,,,
13/06/2021 10:00,349,206,143,113,71,42,72,34,38,,,,,,,148,92,56,,,,67,28,39,,,
13/06/2021 11:00,501,264,237,108,62,46,73,33,40,,,,,,,147,82,65,,,,88,46,42,,,
13/06/2021 12:00,499,294,205,151,78,73,61,26,35,,,,,,,142,79,63,,,,68,27,41,,,
13/06/2021 13:00,614,329,285,164,97,67,79,35,44,,,,,,,138,79,59,,,,68,33,35,,,
13/06/2021 14:00,637,373,264,177,103,74,119,71,48,,,,,,,169,107,62,,,,47,27,20,,,
13/06/2021 15:00,710,377,333,149,73,76,134,68,66,,,,,,,124,60,64,,,,63,28,35,,,
13/06/2021 16:00,730,392,338,202,117,85,129,75,54,,,,,,,155,69,86,,,,63,23,40,,,
13/06/2021 17:00,656,301,355,169,61,108,130,58,72,,,,,,,102,47,55,,,,77,47,30,,,
13/06/2021 18:00,424,183,241,100,34,66,70,34,36,,,,,,,89,36,53,,,,60,20,40,,,
13/06/2021 19:00,346,133,213,80,26,54,44,19,25,,,,,,,80,36,44,,,,48,25,23,,,
13/06/2021 20:00,261,109,152,46,28,18,29,18,11,,,,,,,51,19,32,,,,31,17,14,,,
13/06/2021 21:00,145,67,78,24,11,13,26,11,15,,,,,,,21,10,11,,,,37,8,29,,,
13/06/2021 22:00,66,34,32,26,11,15,17,10,7,,,,,,,9,5,4,,,,28,12,16,,,
13/06/2021 23:00,23,15,8,9,0,9,10,8,2,,,,,,,3,2,1,,,,19,11,8,,,
14/06/2021 00:00,0,0,0,2,2,0,0,0,0,0,0,0,,,,3,1,2,,,,9,7,2,,,
14/06/2021 01:00,7,3,4,2,0,2,2,0,2,0,0,0,,,,1,1,0,,,,2,2,0,,,
14/06/2021 02:00,0,0,0,0,0,0,0,0,0,,,,,,,1,1,0,,,,2,2,0,,,
14/06/2021 03:00,2,1,1,1,0,1,3,0,3,,,,,,,0,0,0,,,,1,1,0,,,
14/06/2021 04:00,0,0,0,0,0,0,0,0,0,,,,,,,0,0,0,,,,0,0,0,,,
14/06/2021 05:00,6,2,4,0,0,0,4,0,4,,,,,,,2,2,0,,,,1,0,1,,,
14/06/2021 06:00,60,25,35,14,11,3,11,7,4,,,,,,,18,14,4,,,,15,6,9,,,
14/06/2021 07:00,99,51,48,19,11,8,23,15,8,,,,,,,46,28,18,,,,26,9,17,,,
14/06/2021 08:00,96,46,50,44,21,23,41,24,17,,,,,,,72,42,30,,,,93,53,40,,,
14/06/2021 09:00,124,64,60,45,29,16,31,19,12,,,,,,,95,67,28,,,,58,33,25,,,
14/06/2021 10:00,165,69,96,45,26,19,29,20,9,,,,,,,95,42,53,,,,50,29,21,,,
14/06/2021 11:00,230,107,123,51,29,22,43,28,15,,,,,,,119,79,40,,,,62,22,40,,,
14/06/2021 12:00,175,98,77,76,43,33,48,26,22,,,,,,,114,47,67,,,,55,25,30,,,
14/06/2021 13:00,237,116,121,63,34,29,57,36,21,,,,,,,133,84,49,,,,54,26,28,,,
14/06/2021 14:00,175,93,82,41,21,20,30,12,18,43,18,25,,,,92,48,44,,,,115,48,67,,,
14/06/2021 15:00,168,74,94,36,22,14,27,14,13,36,14,22,,,,85,48,37,,,,60,33,27,,,
14/06/2021 16:00,228,108,120,61,35,26,47,24,23,36,19,17,,,,75,36,39,,,,73,43,30,,,
14/06/2021 17:00,203,95,108,88,54,34,58,31,27,54,29,25,,,,80,38,42,,,,93,36,57,,,
14/06/2021 18:00,220,104,116,83,53,30,56,28,28,53,23,30,,,,88,53,35,,,,62,27,35,,,
14/06/2021 19:00,246,116,130,66,37,29,42,25,17,39,22,17,,,,97,48,49,,,,86,46,40,,,
14/06/2021 20:00,280,155,125,51,20,31,47,19,28,34,17,17,,,,84,43,41,,,,52,27,25,,,
14/06/2021 21:00,203,116,87,40,16,24,31,18,13,24,14,10,,,,37,17,20,,,,38,17,21,,,
14/06/2021 22:00,88,54,34,30,15,15,15,8,7,7,2,5,,,,15,7,8,,,,22,8,14,,,
14/06/2021 23:00,27,13,14,7,2,5,17,10,7,8,3,5,,,,4,1,3,,,,27,17,10,,,
15/06/2021 00:00,0,0,0,2,2,0,6,0,6,5,1,4,,,,0,0,0,,,,1,1,0,,,
15/06/2021 01:00,0,0,0,2,2,0,1,1,0,1,1,0,,,,2,1,1,,,,1,0,1,,,
15/06/2021 02:00,0,0,0,0,0,0,0,0,0,0,0,0,,,,0,0,0,,,,0,0,0,,,
15/06/2021 03:00,0,0,0,0,0,0,0,0,0,0,0,0,,,,0,0,0,,,,1,1,0,,,
15/06/2021 04:00,1,1,0,0,0,0,1,0,1,1,0,1,,,,0,0,0,,,,2,1,1,,,
15/06/2021 05:00,9,3,6,5,1,4,1,1,0,0,0,0,,,,1,0,1,,,,5,2,3,,,
15/06/2021 06:00,65,33,32,12,5,7,16,10,6,10,5,5,,,,20,15,5,,,,15,4,11,,,
15/06/2021 07:00,126,68,58,39,18,21,29,19,10,27,10,17,,,,59,32,27,,,,27,9,18,,,
15/06/2021 08:00,140,75,65,38,20,18,45,20,25,31,9,22,,,,84,42,42,,,,97,64,33,,,
15/06/2021 09:00,139,70,69,50,25,25,22,11,11,33,20,13,,,,93,61,32,,,,52,27,25,,,
15/06/2021 10:00,159,85,74,34,21,13,30,19,11,37,20,17,,,,102,66,36,,,,52,30,22,,,
15/06/2021 11:00,217,122,95,36,18,18,34,22,12,26,12,14,,,,81,39,42,,,,68,31,37,,,
15/06/2021 12:00,240,125,115,58,29,29,47,25,22,46,17,29,,,,88,38,50,,,,48,30,18,,,
15/06/2021 13:00,214,118,96,51,33,18,43,23,20,45,23,22,,,,194,101,93,,,,81,45,36,,,
15/06/2021 14:00,257,137,120,67,41,26,62,31,31,32,15,17,,,,125,57,68,,,,98,48,50,,,
15/06/2021 15:00,236,129,107,50,26,24,62,42,20,39,21,18,,,,98,54,44,,,,70,42,28,,,
15/06/2021 16:00,310,165,145,86,49,37,83,49,34,59,18,41,,,,82,44,38,,,,91,56,35,,,
15/06/2021 17:00,281,141,140,90,41,49,53,32,21,43,25,18,,,,116,57,59,,,,83,50,33,,,
15/06/2021 18:00,367,173,194,138,91,47,68,41,27,43,14,29,,,,120,65,55,,,,127,71,56,,,
15/06/2021 19:00,368,165,203,141,68,73,63,40,23,68,39,29,,,,124,72,52,,,,95,40,55,,,
15/06/2021 20:00,362,179,183,94,46,48,66,31,35,27,14,13,,,,119,56,63,,,,74,36,38,,,
15/06/2021 21:00,235,110,125,76,23,53,42,16,26,25,14,11,,,,52,18,34,,,,46,24,22,,,
15/06/2021 22:00,115,61,54,40,15,25,19,12,7,14,12,2,,,,20,8,12,,,,28,9,19,,,
15/06/2021 23:00,18,12,6,17,8,9,8,5,3,1,0,1,,,,7,4,3,,,,26,15,11,,,
16/06/2021 00:00,0,0,0,2,2,0,5,3,2,0,0,0,,,,0,0,0,,,,10,5,5,,,
16/06/2021 01:00,1,0,1,0,0,0,4,0,4,0,0,0,,,,0,0,0,,,,9,9,0,,,
16/06/2021 02:00,2,1,1,0,0,0,2,2,0,0,0,0,,,,0,0,0,,,,7,3,4,,,
16/06/2021 03:00,1,1,0,1,0,1,3,2,1,2,0,2,,,,1,1,0,,,,4,4,0,,,
16/06/2021 04:00,12,6,6,0,0,0,1,1,0,1,0,1,,,,1,0,1,,,,4,1,3,,,
16/06/2021 05:00,6,4,2,2,1,1,0,0,0,6,1,5,,,,0,0,0,,,,5,3,2,,,
16/06/2021 06:00,52,16,36,15,8,7,11,10,1,5,4,1,,,,12,10,2,,,,14,6,8,,,
16/06/2021 07:00,100,55,45,35,20,15,21,18,3,15,7,8,,,,39,24,15,,,,36,16,20,,,
16/06/2021 08:00,113,55,58,36,15,21,37,23,14,39,21,18,,,,56,26,30,,,,75,46,29,,,
16/06/2021 09:00,113,61,52,32,15,17,23,11,12,28,14,14,,,,94,67,27,,,,33,19,14,,,
16/06/2021 10:00,104,55,49,27,16,11,26,21,5,24,16,8,,,,50,26,24,,,,39,14,25,,,
16/06/2021 11:00,147,86,61,24,11,13,24,13,11,30,14,16,,,,106,46,60,,,,25,13,12,,,
16/06/2021 12:00,132,53,79,32,11,21,33,14,19,35,27,8,,,,87,37,50,,,,52,25,27,,,
16/06/2021 13:00,175,86,89,44,19,25,39,23,16,34,15,19,,,,116,77,39,,,,54,30,24,,,
16/06/2021 14:00,206,94,112,50,31,19,20,12,8,50,28,22,,,,117,48,69,,,,94,45,49,,,
16/06/2021 15:00,165,78,87,60,34,26,32,13,19,31,16,15,,,,72,33,39,,,,47,23,24,,,
16/06/2021 16:00,131,62,69,44,21,23,33,18,15,26,12,14,,,,93,53,40,,,,59,31,28,,,
16/06/2021 17:00,186,91,95,58,23,35,51,23,28,50,30,20,,,,92,44,48,,,,76,37,39,,,
16/06/2021 18:00,203,99,104,82,54,28,56,26,30,37,15,22,,,,110,67,43,,,,52,24,28,,,
16/06/2021 19:00,234,117,117,89,48,41,58,24,34,43,22,21,,,,123,63,60,,,,83,40,43,,,
16/06/2021 20:00,297,155,142,70,36,34,52,26,26,32,16,16,,,,75,39,36,,,,72,30,42,,,
16/06/2021 21:00,176,89,87,40,9,31,52,23,29,11,7,4,,,,36,13,23,,,,32,20,12,,,
16/06/2021 22:00,72,44,28,21,11,10,16,10,6,10,7,3,,,,14,8,6,,,,24,10,14,,,
16/06/2021 23:00,23,6,17,6,2,4,6,3,3,7,4,3,,,,15,9,6,,,,13,7,6,,,
17/06/2021 00:00,0,0,0,1,1,0,1,0,1,0,0,0,,,,0,0,0,,,,8,5,3,,,
17/06/2021 01:00,2,0,2,2,1,1,0,0,0,0,0,0,,,,1,0,1,,,,11,5,6,,,
17/06/2021 02:00,0,0,0,0,0,0,2,0,2,0,0,0,,,,1,0,1,,,,11,6,5,,,
17/06/2021 03:00,2,2,0,0,0,0,1,0,1,0,0,0,,,,0,0,0,,,,3,1,2,,,
17/06/2021 04:00,4,2,2,5,3,2,0,0,0,0,0,0,,,,0,0,0,,,,1,1,0,,,
17/06/2021 05:00,13,6,7,7,2,5,1,0,1,0,0,0,,,,2,1,1,,,,6,3,3,,,
17/06/2021 06:00,65,23,42,9,5,4,19,13,6,18,6,12,,,,14,8,6,,,,17,7,10,,,
17/06/2021 07:00,139,77,62,38,13,25,26,13,13,17,7,10,,,,60,28,32,,,,28,14,14,,,
17/06/2021 08:00,116,51,65,41,22,19,38,23,15,32,15,17,,,,76,49,27,,,,69,43,26,,,
17/06/2021 09:00,161,79,82,28,15,13,31,14,17,38,21,17,,,,92,63,29,,,,62,33,29,,,
17/06/2021 10:00,187,91,96,46,25,21,42,24,18,29,15,14,,,,146,84,62,,,,43,12,31,,,
17/06/2021 11:00,230,124,106,36,10,26,51,24,27,36,19,17,,,,142,81,61,,,,58,21,37,,,
17/06/2021 12:00,226,101,125,59,41,18,43,21,22,43,27,16,,,,108,36,72,,,,68,39,29,,,
17/06/2021 13:00,241,119,122,85,51,34,60,31,29,57,33,24,,,,170,100,70,,,,89,32,57,,,
17/06/2021 14:00,157,84,73,53,39,14,26,10,16,35,20,15,,,,109,55,54,,,,124,58,66,,,
17/06/2021 15:00,201,108,93,44,20,24,42,16,26,37,18,19,,,,75,26,49,,,,83,48,35,,,
17/06/2021 16:00,184,82,102,51,22,29,40,21,19,30,13,17,,,,89,45,44,,,,101,65,36,,,
17/06/2021 17:00,208,106,102,34,13,21,45,26,19,27,14,13,,,,97,62,35,,,,134,79,55,,,
17/06/2021 18:00,157,73,84,72,47,25,53,32,21,46,22,24,,,,78,40,38,,,,65,37,28,,,
17/06/2021 19:00,230,98,132,52,28,24,53,35,18,42,16,26,,,,87,43,44,,,,81,25,56,,,
17/06/2021 20:00,223,124,99,69,30,39,50,25,25,27,12,15,,,,48,30,18,,,,58,30,28,,,
17/06/2021 21:00,174,73,101,35,12,23,28,17,11,9,0,9,,,,51,21,30,,,,49,26,23,,,
17/06/2021 22:00,68,35,33,30,22,8,23,12,11,14,7,7,,,,16,7,9,,,,25,9,16,,,
17/06/2021 23:00,16,11,5,7,1,6,13,1,12,4,1,3,,,,2,1,1,,,,3,3,0,,,
18/06/2021 00:00,0,0,0,2,0,2,11,3,8,0,0,0,,,,2,2,0,,,,1,0,1,,,
18/06/2021 01:00,1,1,0,0,0,0,0,0,0,0,0,0,,,,0,0,0,,,,11,8,3,,,
18/06/2021 02:00,0,0,0,0,0,0,0,0,0,0,0,0,,,,0,0,0,,,,5,2,3,,,
18/06/2021 03:00,0,0,0,0,0,0,0,0,0,3,0,3,,,,0,0,0,,,,2,1,1,,,
18/06/2021 04:00,1,1,0,1,1,0,0,0,0,0,0,0,,,,0,0,0,,,,0,0,0,,,
18/06/2021 05:00,9,6,3,3,3,0,1,1,0,5,2,3,,,,2,1,1,,,,3,1,2,,,
18/06/2021 06:00,85,33,52,13,8,5,15,9,6,4,1,3,,,,18,12,6,,,,23,8,15,,,
18/06/2021 07:00,125,62,63,27,17,10,25,11,14,19,9,10,,,,50,34,16,,,,36,15,21,,,
18/06/2021 08:00,117,60,57,56,30,26,37,22,15,36,14,22,,,,77,46,31,,,,75,43,32,,,
18/06/2021 09:00,160,99,61,61,31,30,33,18,15,30,15,15,,,,112,78,34,,,,40,22,18,,,
18/06/2021 10:00,164,87,77,45,21,24,23,15,8,32,18,14,,,,151,70,81,,,,19,3,16,,,
18/06/2021 11:00,213,114,99,58,23,35,54,31,23,32,15,17,,,,124,54,70,,,,56,29,27,,,
18/06/2021 12:00,183,86,97,42,21,21,48,29,19,40,22,18,,,,84,37,47,,,,46,24,22,,,
18/06/2021 13:00,201,102,99,52,28,24,57,31,26,42,20,22,,,,178,94,84,,,,97,55,42,,,
18/06/2021 14:00,222,110,112,37,19,18,38,20,18,55,20,35,,,,149,88,61,,,,81,33,48,,,
18/06/2021 15:00,241,124,117,52,30,22,41,16,25,50,25,25,,,,132,49,83,,,,84,39,45,,,
18/06/2021 16:00,218,85,133,42,27,15,45,26,19,45,21,24,,,,112,48,64,,,,85,50,35,,,
18/06/2021 17:00,216,92,124,74,32,42,61,36,25,18,5,13,,,,97,53,44,,,,118,57,61,,,
18/06/2021 18:00,215,102,113,70,44,26,53,29,24,28,15,13,,,,120,68,52,,,,78,39,39,,,
18/06/2021 19:00,201,105,96,64,30,34,57,22,35,20,10,10,,,,94,53,41,,,,67,28,39,,,
18/06/2021 20:00,206,114,92,35,11,24,48,29,19,24,16,8,,,,58,29,29,,,,30,14,16,,,
18/06/2021 21:00,122,62,60,44,21,23,22,5,17,11,5,6,,,,25,13,12,,,,40,25,15,,,
18/06/2021 22:00,73,31,42,26,10,16,18,7,11,10,3,7,,,,11,3,8,,,,18,9,9,,,
18/06/2021 23:00,35,21,14,11,5,6,27,17,10,2,1,1,,,,7,1,6,,,,18,10,8,,,
19/06/2021 00:00,0,0,0,4,1,3,2,1,1,10,5,5,,,,1,0,1,,,,16,10,6,,,
19/06/2021 01:00,2,1,1,1,0,1,2,1,1,3,0,3,,,,1,0,1,,,,7,5,2,,,
19/06/2021 02:00,2,2,0,2,0,2,1,1,0,0,0,0,,,,0,0,0,,,,2,1,1,,,
19/06/2021 03:00,0,0,0,7,3,4,0,0,0,0,0,0,,,,1,1,0,,,,1,0,1,,,
19/06/2021 04:00,7,2,5,1,1,0,4,1,3,0,0,0,,,,0,0,0,,,,0,0,0,,,
19/06/2021 05:00,10,3,7,3,1,2,2,1,1,4,2,2,,,,2,0,2,,,,1,1,0,,,
19/06/2021 06:00,23,14,9,9,7,2,6,3,3,3,2,1,,,,6,5,1,,,,4,3,1,,,
19/06/2021 07:00,77,27,50,19,7,12,16,9,7,9,3,6,,,,31,17,14,,,,20,12,8,,,
19/06/2021 08:00,99,51,48,41,25,16,27,17,10,23,11,12,,,,38,24,14,,,,26,14,12,,,
19/06/2021 09:00,148,73,75,51,31,20,55,28,27,40,16,24,,,,62,36,26,,,,42,23,19,,,
19/06/2021 10:00,185,91,94,75,35,40,41,25,16,30,17,13,,,,113,65,48,,,,51,27,24,,,
19/06/2021 11:00,259,122,137,94,36,58,55,31,24,41,21,20,,,,119,67,52,,,,60,25,35,,,
19/06/2021 12:00,290,139,151,79,40,39,54,32,22,56,27,29,,,,94,48,46,,,,60,35,25,,,
19/06/2021 13:00,230,116,114,70,49,21,65,39,26,46,28,18,,,,75,38,37,,,,80,34,46,,,
19/06/2021 14:00,308,160,148,82,55,27,59,38,21,46,21,25,,,,89,55,34,,,,61,33,28,,,
19/06/2021 15:00,389,189,200,115,56,59,95,58,37,47,27,20,,,,146,98,48,,,,80,41,39,,,
19/06/2021 16:00,438,201,237,78,47,31,72,40,32,39,13,26,,,,140,78,62,,,,63,36,27,,,
19/06/2021 17:00,370,193,177,81,37,44,65,37,28,38,14,24,,,,88,41,47,,,,46,27,19,,,
19/06/2021 18:00,281,120,161,71,29,42,49,17,32,32,21,11,,,,61,35,26,,,,57,29,28,,,
19/06/2021 19:00,178,84,94,63,29,34,30,10,20,18,9,9,,,,48,17,31,,,,43,20,23,,,
19/06/2021 20:00,138,61,77,47,26,21,34,15,19,17,5,12,,,,33,18,15,,,,38,21,17,,,
19/06/2021 21:00,118,57,61,28,11,17,21,12,9,10,7,3,,,,24,10,14,,,,23,10,13,,,
19/06/2021 22:00,70,42,28,12,4,8,9,3,6,6,2,4,,,,15,5,10,,,,14,9,5,,,
19/06/2021 23:00,19,14,5,9,7,2,15,5,10,7,1,6,,,,7,7,0,,,,10,9,1,,,
20/06/2021 00:00,0,0,0,9,7,2,9,7,2,2,1,1,,,,0,0,0,,,,48,29,19,,,
20/06/2021 01:00,0,0,0,2,1,1,1,0,1,1,1,0,,,,0,0,0,,,,72,37,35,,,
20/06/2021 02:00,1,0,1,2,2,0,0,0,0,0,0,0,,,,0,0,0,,,,42,12,30,,,
20/06/2021 03:00,3,0,3,2,2,0,0,0,0,2,0,2,,,,1,1,0,,,,5,3,2,,,
20/06/2021 04:00,3,2,1,0,0,0,0,0,0,0,0,0,,,,0,0,0,,,,9,8,1,,,
20/06/2021 05:00,4,1,3,6,3,3,0,0,0,0,0,0,,,,2,1,1,,,,1,1,0,,,
20/06/2021 06:00,13,5,8,4,3,1,6,3,3,0,0,0,,,,5,4,1,,,,3,2,1,,,
20/06/2021 07:00,48,23,25,9,7,2,18,14,4,8,3,5,,,,32,20,12,,,,7,5,2,,,
20/06/2021 08:00,97,44,53,32,22,10,17,10,7,12,2,10,,,,38,21,17,,,,17,6,11,,,
20/06/2021 09:00,164,82,82,47,28,19,34,11,23,25,15,10,,,,90,51,39,,,,15,9,6,,,
20/06/2021 10:00,250,136,114,58,26,32,41,24,17,34,18,16,,,,85,41,44,,,,42,22,20,,,
20/06/2021 11:00,324,186,138,79,45,34,66,42,24,48,25,23,,,,110,58,52,,,,45,17,28,,,
20/06/2021 12:00,457,256,201,116,70,46,90,49,41,61,32,29,,,,106,57,49,,,,58,30,28,,,
20/06/2021 13:00,527,276,251,100,44,56,77,45,32,48,20,28,,,,107,60,47,,,,75,47,28,,,
20/06/2021 14:00,554,296,258,63,28,35,73,38,35,60,23,37,,,,89,46,43,,,,63,29,34,,,
20/06/2021 15:00,583,333,250,75,43,32,65,31,34,40,22,18,,,,123,85,38,,,,70,31,39,,,
20/06/2021 16:00,540,253,287,99,54,45,65,34,31,33,16,17,,,,160,85,75,,,,86,53,33,,,
20/06/2021 17:00,456,221,235,105,40,65,67,21,46,31,20,11,,,,135,64,71,,,,51,27,24,,,
20/06/2021 18:00,337,190,147,82,31,51,69,24,45,23,13,10,,,,97,57,40,,,,66,34,32,,,
20/06/2021 19:00,297,128,169,76,43,33,52,27,25,22,10,12,,,,60,25,35,,,,52,21,31,,,
20/06/2021 20:00,201,96,105,54,19,35,24,9,15,28,13,15,,,,43,27,16,,,,51,26,25,,,
20/06/2021 21:00,155,74,81,24,6,18,22,7,15,15,8,7,,,,27,14,13,,,,41,24,17,,,
20/06/2021 22:00,55,30,25,11,7,4,15,9,6,4,3,1,,,,9,3,6,,,,30,13,17,,,
20/06/2021 23:00,24,11,13,11,4,7,4,2,2,2,0,2,,,,3,1,2,,,,13,8,5,,,
21/06/2021 00:00,0,0,0,0,0,0,6,4,2,4,1,3,,,,0,0,0,,,,4,1,3,,,
21/06/2021 01:00,1,1,0,0,0,0,0,0,0,1,1,0,,,,0,0,0,,,,11,6,5,,,
21/06/2021 02:00,0,0,0,0,0,0,1,0,1,0,0,0,,,,0,0,0,,,,4,3,1,,,
21/06/2021 03:00,1,1,0,0,0,0,0,0,0,0,0,0,,,,0,0,0,,,,1,0,1,,,
21/06/2021 04:00,6,2,4,0,0,0,0,0,0,1,1,0,,,,0,0,0,,,,1,0,1,,,
21/06/2021 05:00,12,6,6,3,1,2,2,0,2,2,1,1,,,,1,0,1,,,,3,1,2,,,
21/06/2021 06:00,49,21,28,15,6,9,16,13,3,19,5,14,,,,15,8,7,,,,11,5,6,,,
21/06/2021 07:00,104,59,45,30,14,16,24,13,11,23,11,12,,,,39,23,16,,,,18,8,10,,,
21/06/2021 08:00,95,52,43,32,20,12,31,16,15,24,15,9,,,,53,34,19,,,,58,34,24,,,
21/06/2021 09:00,105,54,51,32,15,17,27,18,9,36,21,15,,,,63,30,33,,,,29,16,13,,,
21/06/2021 10:00,205,135,70,37,15,22,29,13,16,33,22,11,,,,50,37,13,,,,47,21,26,,,
21/06/2021 11:00,203,129,74,56,28,28,48,25,23,43,20,23,,,,86,54,32,,,,57,27,30,,,
21/06/2021 12:00,248,139,109,67,39,28,36,17,19,41,21,20,,,,104,45,59,,,,50,21,29,,,
21/06/2021 13:00,187,108,79,77,32,45,46,29,17,45,22,23,,,,197,130,67,,,,66,30,36,,,
21/06/2021 14:00,196,87,109,50,19,31,45,27,18,46,27,19,,,,173,72,101,,,,83,43,40,,,
21/06/2021 15:00,193,114,79,52,23,29,42,23,19,31,13,18,,,,83,42,41,,,,63,32,31,,,
21/06/2021 16:00,246,129,117,56,28,28,42,17,25,19,5,14,,,,76,39,37,,,,83,44,39,,,
21/06/2021 17:00,226,116,110,61,41,20,35,23,12,48,29,19,,,,109,54,55,,,,111,65,46,,,
21/06/2021 18:00,254,114,140,95,53,42,37,21,16,42,20,22,,,,108,59,49,,,,75,39,36,,,
21/06/2021 19:00,293,143,150,123,73,50,63,33,30,41,14,27,,,,114,64,50,,,,72,37,35,,,
21/06/2021 20:00,339,174,165,143,65,78,76,38,38,31,12,19,,,,86,39,47,,,,67,28,39,,,
21/06/2021 21:00,214,106,108,68,32,36,45,19,26,17,9,8,,,,70,29,41,,,,27,16,11,,,
21/06/2021 22:00,89,40,49,35,8,27,23,13,10,13,4,9,,,,45,21,24,,,,20,11,9,,,
21/06/2021 23:00,23,19,4,5,3,2,7,4,3,0,0,0,,,,12,9,3,,,,8,5,3,,,
22/06/2021 00:00,0,0,0,0,0,0,0,0,0,3,1,2,,,,0,0,0,,,,3,1,2,,,
22/06/2021 01:00,1,1,0,0,0,0,0,0,0,0,0,0,,,,0,0,0,,,,0,0,0,,,
22/06/2021 02:00,0,0,0,0,0,0,0,0,0,0,0,0,,,,0,0,0,,,,2,2,0,,,
22/06/2021 03:00,2,2,0,0,0,0,0,0,0,0,0,0,,,,0,0,0,,,,0,0,0,,,
22/06/2021 04:00,1,1,0,0,0,0,0,0,0,0,0,0,,,,0,0,0,,,,2,2,0,,,
22/06/2021 05:00,16,10,6,3,2,1,2,1,1,2,1,1,,,,1,0,1,,,,3,1,2,,,
22/06/2021 06:00,52,27,25,5,2,3,9,8,1,13,6,7,,,,16,10,6,,,,25,12,13,,,
22/06/2021 07:00,132,65,67,47,22,25,28,16,12,21,10,11,,,,62,38,24,,,,31,13,18,,,
22/06/2021 08:00,133,61,72,47,18,29,39,17,22,42,21,21,,,,87,45,42,,,,82,45,37,,,
22/06/2021 09:00,154,86,68,38,18,20,25,12,13,31,17,14,,,,73,42,31,,,,49,26,23,,,
22/06/2021 10:00,213,117,96,55,30,25,34,19,15,31,11,20,,,,67,38,29,,,,60,34,26,,,
22/06/2021 11:00,229,116,113,75,30,45,59,37,22,38,18,20,,,,127,40,87,,,,64,30,34,,,
22/06/2021 12:00,287,149,138,78,42,36,72,38,34,47,19,28,,,,91,50,41,,,,80,48,32,,,
22/06/2021 13:00,284,135,149,98,42,56,64,37,27,38,23,15,,,,199,147,52,,,,84,38,46,,,
22/06/2021 14:00,297,139,158,73,38,35,40,26,14,43,24,19,,,,254,88,166,,,,128,54,74,,,
22/06/2021 15:00,239,119,120,41,16,25,57,17,40,43,19,24,,,,97,38,59,,,,75,42,33,,,
22/06/2021 16:00,247,123,124,61,33,28,72,42,30,33,19,14,,,,78,32,46,,,,117,63,54,,,
22/06/2021 17:00,219,111,108,44,19,25,57,32,25,33,14,19,,,,90,33,57,,,,107,70,37,,,
22/06/2021 18:00,204,95,109,71,43,28,40,26,14,40,19,21,,,,87,45,42,,,,83,42,41,,,
22/06/2021 19:00,185,82,103,77,42,35,39,16,23,26,9,17,,,,155,81,74,,,,102,40,62,,,
22/06/2021 20:00,221,122,99,48,20,28,29,16,13,31,12,19,,,,46,25,21,,,,33,14,19,,,
22/06/2021 21:00,84,44,40,33,14,19,13,11,2,14,5,9,,,,24,10,14,,,,38,11,27,,,
22/06/2021 22:00,40,23,17,20,9,11,7,3,4,8,5,3,,,,8,6,2,,,,30,16,14,,,
22/06/2021 23:00,13,7,6,8,8,0,16,13,3,5,3,2,,,,0,0,0,,,,20,12,8,,,
23/06/2021 00:00,0,0,0,0,0,0,1,1,0,1,0,1,,,,0,0,0,,,,6,1,5,,,
23/06/2021 01:00,2,1,1,4,4,0,0,0,0,2,1,1,,,,0,0,0,,,,0,0,0,,,
23/06/2021 02:00,0,0,0,1,0,1,0,0,0,3,3,0,,,,0,0,0,,,,0,0,0,,,
23/06/2021 03:00,0,0,0,0,0,0,2,0,2,0,0,0,,,,0,0,0,,,,1,1,0,,,
23/06/2021 04:00,1,1,0,0,0,0,0,0,0,0,0,0,,,,0,0,0,,,,1,1,0,,,
23/06/2021 05:00,6,3,3,3,0,3,2,2,0,4,1,3,,,,3,2,1,,,,3,2,1,,,
23/06/2021 06:00,26,10,16,10,8,2,14,9,5,5,1,4,,,,13,9,4,,,,10,2,8,,,
23/06/2021 07:00,49,24,25,27,13,14,9,3,6,9,6,3,,,,20,9,11,,,,14,4,10,,,
23/06/2021 08:00,36,19,17,20,9,11,14,8,6,20,9,11,,,,34,14,20,,,,44,26,18,,,
23/06/2021 09:00,62,25,37,21,12,9,14,10,4,14,10,4,,,,22,11,11,,,,19,11,8,,,
23/06/2021 10:00,58,35,23,28,12,16,17,9,8,11,7,4,,,,26,13,13,,,,27,11,16,,,
23/06/2021 11:00,65,36,29,37,20,17,39,21,18,27,11,16,,,,41,22,19,,,,34,16,18,,,
23/06/2021 12:00,89,43,46,28,13,15,24,7,17,31,21,10,,,,44,26,18,,,,46,24,22,,,
23/06/2021 13:00,78,39,39,28,17,11,22,10,12,13,6,7,,,,42,19,23,,,,50,27,23,,,
23/06/2021 14:00,64,33,31,19,10,9,17,7,10,20,10,10,,,,35,18,17,,,,43,16,27,,,
23/06/2021 15:00,107,50,57,21,13,8,34,24,10,21,12,9,,,,45,18,27,,,,60,28,32,,,
23/06/2021 16:00,126,66,60,51,24,27,27,17,10,41,25,16,,,,50,24,26,,,,58,33,25,,,
23/06/2021 17:00,121,46,75,50,33,17,38,17,21,42,22,20,,,,56,27,29,,,,69,37,32,,,
23/06/2021 18:00,178,79,99,60,31,29,39,21,18,35,15,20,,,,76,39,37,,,,69,39,30,,,
23/06/2021 19:00,186,103,83,53,26,27,37,21,16,28,16,12,,,,82,39,43,,,,61,27,34,,,
23/06/2021 20:00,202,110,92,32,16,16,35,12,23,16,6,10,,,,86,48,38,,,,48,23,25,,,
23/06/2021 21:00,174,79,95,27,14,13,31,12,19,11,7,4,,,,31,12,19,,,,41,17,24,,,
23/06/2021 22:00,76,40,36,16,6,10,17,9,8,7,3,4,,,,18,10,8,,,,35,22,13,,,
23/06/2021 23:00,21,13,8,6,2,4,7,5,2,6,3,3,,,,8,2,6,,,,26,7,19,,,
24/06/2021 00:00,0,0,0,0,0,0,2,0,2,2,0,2,,,,3,2,1,,,,12,4,8,,,
24/06/2021 01:00,1,0,1,1,0,1,0,0,0,0,0,0,,,,0,0,0,,,,4,2,2,,,
24/06/2021 02:00,2,1,1,2,1,1,1,0,1,0,0,0,,,,0,0,0,,,,7,5,2,,,
24/06/2021 03:00,2,2,0,0,0,0,0,0,0,0,0,0,,,,0,0,0,,,,3,1,2,,,
24/06/2021 04:00,1,0,1,2,2,0,0,0,0,0,0,0,,,,0,0,0,,,,2,1,1,,,
24/06/2021 05:00,12,3,9,3,3,0,2,0,2,1,0,1,,,,1,0,1,,,,1,0,1,,,
24/06/2021 06:00,48,18,30,8,4,4,11,7,4,11,4,7,,,,24,15,9,,,,18,9,9,,,
24/06/2021 07:00,124,61,63,30,12,18,30,20,10,16,5,11,,,,49,24,25,,,,28,15,13,,,
24/06/2021 08:00,119,56,63,39,17,22,24,13,11,36,19,17,,,,62,33,29,,,,71,41,30,,,
24/06/2021 09:00,169,78,91,41,27,14,30,16,14,39,18,21,,,,63,34,29,,,,45,20,25,,,
24/06/2021 10:00,191,93,98,82,51,31,38,24,14,29,19,10,,,,68,49,19,,,,39,24,15,,,
24/06/2021 11:00,240,120,120,50,22,28,41,21,20,36,16,20,,,,93,41,52,,,,50,21,29,,,
24/06/2021 12:00,206,108,98,53,21,32,26,12,14,49,21,28,,,,100,49,51,,,,55,30,25,,,
24/06/2021 13:00,193,92,101,71,34,37,29,19,10,57,31,26,,,,199,125,74,,,,56,22,34,,,
24/06/2021 14:00,173,90,83,40,16,24,26,10,16,38,22,16,,,,152,50,102,,,,96,44,52,,,
24/06/2021 15:00,198,109,89,40,22,18,33,16,17,23,8,15,,,,85,37,48,,,,58,25,33,,,
24/06/2021 16:00,146,58,88,24,15,9,25,17,8,28,13,15,,,,47,22,25,,,,87,48,39,,,
24/06/2021 17:00,121,55,66,32,15,17,31,21,10,32,17,15,,,,47,25,22,,,,82,39,43,,,
24/06/2021 18:00,130,74,56,33,15,18,49,31,18,38,18,20,,,,63,29,34,,,,60,34,26,,,
24/06/2021 19:00,76,37,39,17,10,7,17,7,10,19,12,7,,,,45,19,26,,,,56,16,40,,,
24/06/2021 20:00,74,41,33,11,6,5,20,10,10,16,9,7,,,,13,8,5,,,,26,12,14,,,
24/06/2021 21:00,46,21,25,11,5,6,14,5,9,14,11,3,,,,24,12,12,,,,44,20,24,,,
24/06/2021 22:00,51,28,23,16,4,12,17,8,9,7,4,3,,,,7,3,4,,,,17,10,7,,,
24/06/2021 23:00,18,11,7,8,7,1,3,2,1,2,1,1,,,,0,0,0,,,,13,6,7,,,
25/06/2021 00:00,0,0,0,0,0,0,1,0,1,0,0,0,,,,1,0,1,,,,2,1,1,,,
25/06/2021 01:00,0,0,0,0,0,0,0,0,0,0,0,0,,,,0,0,0,,,,0,0,0,,,
25/06/2021 02:00,0,0,0,0,0,0,0,0,0,0,0,0,,,,0,0,0,,,,1,0,1,,,
25/06/2021 03:00,0,0,0,0,0,0,0,0,0,0,0,0,,,,0,0,0,,,,0,0,0,,,
25/06/2021 04:00,4,2,2,0,0,0,0,0,0,0,0,0,,,,1,1,0,,,,1,1,0,,,
25/06/2021 05:00,6,2,4,4,0,4,1,0,1,7,1,6,,,,0,0,0,,,,2,1,1,,,
25/06/2021 06:00,56,23,33,7,4,3,13,9,4,10,3,7,,,,18,10,8,,,,12,7,5,,,
25/06/2021 07:00,106,55,51,20,14,6,12,7,5,24,12,12,,,,49,24,25,,,,30,15,15,,,
25/06/2021 08:00,94,49,45,30,13,17,25,11,14,24,16,8,,,,63,38,25,,,,55,33,22,,,
25/06/2021 09:00,86,47,39,45,23,22,33,17,16,25,14,11,,,,47,25,22,,,,37,13,24,,,
25/06/2021 10:00,132,74,58,29,14,15,63,53,10,31,17,14,,,,47,28,19,,,,34,17,17,,,
25/06/2021 11:00,148,90,58,30,19,11,17,11,6,32,22,10,,,,37,16,21,,,,43,25,18,,,
25/06/2021 12:00,111,56,55,28,15,13,41,15,26,30,11,19,,,,63,36,27,,,,23,11,12,,,
25/06/2021 13:00,42,22,20,43,23,20,41,10,31,22,11,11,,,,67,41,26,,,,30,13,17,,,
25/06/2021 14:00,91,46,45,28,18,10,20,12,8,29,13,16,,,,111,74,37,,,,44,20,24,,,
25/06/2021 15:00,93,31,62,34,13,21,29,20,9,14,7,7,,,,102,47,55,,,,30,16,14,,,
25/06/2021 16:00,134,52,82,30,13,17,25,11,14,46,23,23,,,,121,54,67,,,,50,21,29,,,
25/06/2021 17:00,126,68,58,35,19,16,29,12,17,19,7,12,,,,44,23,21,,,,53,22,31,,,
25/06/2021 18:00,143,79,64,44,19,25,49,17,32,28,15,13,,,,61,34,27,,,,52,32,20,,,
25/06/2021 19:00,130,66,64,31,17,14,31,7,24,23,6,17,,,,54,22,32,,,,38,11,27,,,
25/06/2021 20:00,132,67,65,18,10,8,30,11,19,18,7,11,,,,53,32,21,,,,32,20,12,,,
25/06/2021 21:00,76,32,44,17,8,9,31,14,17,12,8,4,,,,27,13,14,,,,43,19,24,,,
25/06/2021 22:00,36,20,16,11,5,6,14,12,2,9,3,6,,,,10,6,4,,,,9,6,3,,,
25/06/2021 23:00,13,9,4,3,3,0,2,2,0,2,1,1,,,,23,16,7,,,,12,6,6,,,
26/06/2021 00:00,0,0,0,7,1,6,8,0,8,1,1,0,,,,8,3,5,,,,6,4,2,,,
26/06/2021 01:00,3,0,3,7,6,1,6,4,2,1,1,0,,,,3,3,0,,,,3,2,1,,,
26/06/2021 02:00,2,1,1,4,4,0,1,1,0,0,0,0,,,,0,0,0,,,,6,4,2,,,
26/06/2021 03:00,1,1,0,0,0,0,0,0,0,1,0,1,,,,0,0,0,,,,2,1,1,,,
26/06/2021 04:00,3,1,2,2,2,0,2,2,0,4,0,4,,,,0,0,0,,,,0,0,0,,,
26/06/2021 05:00,9,4,5,0,0,0,2,1,1,4,2,2,,,,0,0,0,,,,2,1,1,,,
26/06/2021 06:00,20,6,14,6,4,2,6,2,4,1,0,1,,,,7,3,4,,,,6,3,3,,,
26/06/2021 07:00,60,32,28,11,4,7,17,10,7,15,6,9,,,,13,7,6,,,,13,6,7,,,
26/06/2021 08:00,88,46,42,30,17,13,26,16,10,23,10,13,,,,40,28,12,,,,24,10,14,,,
26/06/2021 09:00,129,57,72,36,18,18,26,16,10,35,17,18,,,,50,25,25,,,,34,16,18,,,
26/06/2021 10:00,150,80,70,62,34,28,42,25,17,50,15,35,,,,95,53,42,,,,53,31,22,,,
26/06/2021 11:00,185,112,73,73,41,32,65,43,22,45,27,18,,,,103,62,41,,,,54,20,34,,,
26/06/2021 12:00,221,117,104,71,33,38,56,32,24,58,33,25,,,,101,54,47,,,,63,31,32,,,
26/06/2021 13:00,213,114,99,64,37,27,59,31,28,50,26,24,,,,68,35,33,,,,50,27,23,,,
26/06/2021 14:00,217,109,108,75,40,35,37,20,17,32,15,17,,,,84,46,38,,,,47,24,23,,,
26/06/2021 15:00,253,118,135,56,27,29,43,25,18,41,19,22,,,,85,53,32,,,,59,28,31,,,
26/06/2021 16:00,213,107,106,41,28,13,51,21,30,39,13,26,,,,81,37,44,,,,65,35,30,,,
26/06/2021 17:00,174,98,76,46,28,18,41,15,26,36,16,20,,,,58,27,31,,,,43,25,18,,,
26/06/2021 18:00,172,90,82,14,9,5,38,8,30,31,9,22,,,,41,21,20,,,,45,23,22,,,
26/06/2021 19:00,154,59,95,21,9,12,22,9,13,16,7,9,,,,47,24,23,,,,49,16,33,,,
26/06/2021 20:00,152,84,68,14,7,7,22,11,11,21,10,11,,,,34,16,18,,,,26,17,9,,,
26/06/2021 21:00,76,35,41,11,6,5,15,6,9,7,5,2,,,,17,6,11,,,,34,21,13,,,
26/06/2021 22:00,64,36,28,12,5,7,21,6,15,3,2,1,,,,16,7,9,,,,30,15,15,,,
26/06/2021 23:00,37,17,20,23,5,18,10,8,2,2,0,2,,,,12,7,5,,,,27,9,18,,,
27/06/2021 00:00,0,0,0,0,0,0,3,1,2,4,2,2,,,,5,2,3,,,,26,14,12,,,
27/06/2021 01:00,5,2,3,1,1,0,1,0,1,1,1,0,,,,5,0,5,,,,35,18,17,,,
27/06/2021 02:00,0,0,0,0,0,0,2,0,2,0,0,0,,,,0,0,0,,,,8,4,4,,,
27/06/2021 03:00,1,0,1,0,0,0,0,0,0,0,0,0,,,,1,1,0,,,,2,1,1,,,
27/06/2021 04:00,0,0,0,0,0,0,1,0,1,0,0,0,,,,0,0,0,,,,6,2,4,,,
27/06/2021 05:00,3,2,1,6,2,4,0,0,0,0,0,0,,,,0,0,0,,,,4,1,3,,,
27/06/2021 06:00,16,8,8,8,7,1,10,10,0,2,0,2,,,,4,4,0,,,,14,2,12,,,
27/06/2021 07:00,43,22,21,8,4,4,9,5,4,5,1,4,,,,12,4,8,,,,15,12,3,,,
27/06/2021 08:00,98,49,49,25,12,13,25,17,8,8,5,3,,,,30,21,9,,,,11,6,5,,,
27/06/2021 09:00,138,67,71,37,17,20,18,8,10,19,13,6,,,,70,32,38,,,,32,12,20,,,
27/06/2021 10:00,226,129,97,55,34,21,41,29,12,24,8,16,,,,100,57,43,,,,58,33,25,,,
27/06/2021 11:00,316,157,159,72,41,31,62,38,24,48,24,24,,,,142,89,53,,,,52,30,22,,,
27/06/2021 12:00,450,251,199,75,39,36,70,32,38,55,26,29,,,,110,64,46,,,,62,23,39,,,
27/06/2021 13:00,436,215,221,115,57,58,63,34,29,44,16,28,,,,119,57,62,,,,65,23,42,,,
27/06/2021 14:00,645,289,356,130,64,66,113,69,44,57,34,23,,,,157,104,53,,,,51,28,23,,,
27/06/2021 15:00,730,412,318,142,77,65,99,54,45,58,27,31,,,,164,86,78,,,,60,27,33,,,
27/06/2021 16:00,710,381,329,144,72,72,108,52,56,87,43,44,,,,181,96,85,,,,76,36,40,,,
27/06/2021 17:00,535,253,282,153,48,105,83,39,44,36,19,17,,,,119,57,62,,,,58,21,37,,,
27/06/2021 18:00,503,222,281,85,33,52,81,35,46,27,11,16,,,,96,44,52,,,,52,25,27,,,
27/06/2021 19:00,349,163,186,47,18,29,63,45,18,23,15,8,,,,64,27,37,,,,49,23,26,,,
27/06/2021 20:00,196,96,100,44,18,26,35,10,25,16,7,9,,,,39,22,17,,,,36,21,15,,,
27/06/2021 21:00,160,68,92,26,11,15,17,3,14,10,8,2,,,,28,8,20,,,,26,11,15,,,
27/06/2021 22:00,76,40,36,11,3,8,12,8,4,11,6,5,,,,19,4,15,,,,29,15,14,,,
27/06/2021 23:00,13,7,6,12,9,3,6,4,2,5,4,1,,,,7,3,4,,,,17,10,7,,,
28/06/2021 00:00,0,0,0,0,0,0,3,0,3,2,2,0,,,,2,1,1,,,,3,1,2,,,
28/06/2021 01:00,3,2,1,3,0,3,0,0,0,4,0,4,,,,1,1,0,,,,5,0,5,,,
28/06/2021 02:00,0,0,0,0,0,0,2,2,0,0,0,0,,,,0,0,0,,,,3,3,0,,,
28/06/2021 03:00,4,2,2,0,0,0,3,2,1,1,0,1,,,,0,0,0,,,,1,1,0,,,
28/06/2021 04:00,3,3,0,0,0,0,3,1,2,3,2,1,,,,0,0,0,,,,0,0,0,,,
28/06/2021 05:00,9,4,5,2,2,0,0,0,0,1,0,1,,,,2,2,0,,,,2,2,0,,,
28/06/2021 06:00,37,16,21,4,4,0,11,9,2,10,3,7,,,,22,17,5,,,,15,8,7,,,
28/06/2021 07:00,114,54,60,23,11,12,22,13,9,14,5,9,,,,41,24,17,,,,19,8,11,,,
28/06/2021 08:00,116,55,61,30,14,16,27,15,12,22,13,9,,,,61,30,31,,,,77,47,30,,,
28/06/2021 09:00,156,79,77,54,32,22,39,20,19,28,17,11,,,,93,64,29,,,,30,13,17,,,
28/06/2021 10:00,152,81,71,37,15,22,49,33,16,28,20,8,,,,77,45,32,,,,32,21,11,,,
28/06/2021 11:00,177,87,90,31,18,13,31,17,14,46,28,18,,,,123,52,71,,,,54,21,33,,,
28/06/2021 12:00,241,125,116,55,28,27,51,26,25,41,18,23,,,,93,51,42,,,,51,29,22,,,
28/06/2021 13:00,215,107,108,84,45,39,74,41,33,39,18,21,,,,143,104,39,,,,79,24,55,,,
28/06/2021 14:00,208,97,111,67,25,42,34,16,18,34,27,7,,,,132,69,63,,,,93,33,60,,,
28/06/2021 15:00,290,137,153,108,44,64,37,22,15,27,12,15,,,,99,52,47,,,,57,27,30,,,
28/06/2021 16:00,245,136,109,61,27,34,43,26,17,22,4,18,,,,104,49,55,,,,70,33,37,,,
28/06/2021 17:00,184,86,98,61,34,27,71,40,31,34,17,17,,,,111,50,61,,,,74,35,39,,,
28/06/2021 18:00,234,122,112,62,32,30,56,24,32,42,20,22,,,,83,50,33,,,,71,39,32,,,
28/06/2021 19:00,250,128,122,51,23,28,51,20,31,34,22,12,,,,111,57,54,,,,63,32,31,,,
28/06/2021 20:00,305,143,162,75,49,26,44,22,22,42,19,23,,,,108,47,61,,,,61,24,37,,,
28/06/2021 21:00,210,103,107,32,14,18,29,14,15,24,16,8,,,,47,23,24,,,,37,13,24,,,
28/06/2021 22:00,87,49,38,11,6,5,10,2,8,1,1,0,,,,35,22,13,,,,21,12,9,,,
28/06/2021 23:00,35,18,17,7,1,6,4,1,3,5,2,3,,,,6,3,3,,,,25,18,7,,,
29/06/2021 00:00,0,0,0,2,2,0,1,0,1,0,0,0,,,,1,0,1,,,,4,3,1,,,
29/06/2021 01:00,7,7,0,1,1,0,0,0,0,4,4,0,,,,2,0,2,,,,5,3,2,,,
29/06/2021 02:00,4,1,3,1,1,0,2,2,0,0,0,0,,,,0,0,0,,,,1,0,1,,,
29/06/2021 03:00,0,0,0,1,0,1,0,0,0,0,0,0,,,,0,0,0,,,,2,1,1,,,
29/06/2021 04:00,3,3,0,0,0,0,0,0,0,0,0,0,,,,1,1,0,,,,0,0,0,,,
29/06/2021 05:00,8,2,6,3,0,3,2,2,0,5,0,5,,,,2,1,1,,,,3,2,1,,,
29/06/2021 06:00,68,38,30,11,8,3,16,13,3,11,4,7,,,,9,8,1,,,,9,0,9,,,
29/06/2021 07:00,130,66,64,37,19,18,30,15,15,23,7,16,,,,77,49,28,,,,25,15,10,,,
29/06/2021 08:00,156,77,79,43,20,23,40,21,19,40,21,19,,,,78,39,39,,,,75,43,32,,,
29/06/2021 09:00,118,63,55,83,59,24,32,13,19,31,17,14,,,,88,52,36,,,,35,20,15,,,
29/06/2021 10:00,145,70,75,41,24,17,42,22,20,33,25,8,,,,79,44,35,,,,52,32,20,,,
29/06/2021 11:00,222,117,105,65,23,42,38,21,17,40,23,17,,,,65,35,30,,,,49,22,27,,,
29/06/2021 12:00,256,127,129,70,31,39,51,30,21,31,12,19,,,,115,57,58,,,,61,28,33,,,
29/06/2021 13:00,286,149,137,95,54,41,62,39,23,45,20,25,,,,200,123,77,,,,76,48,28,,,
29/06/2021 14:00,265,128,137,72,35,37,58,28,30,41,22,19,,,,127,74,53,,,,87,45,42,,,
29/06/2021 15:00,323,155,168,103,47,56,73,41,32,42,17,25,,,,124,65,59,,,,81,46,35,,,
29/06/2021 16:00,270,158,112,81,29,52,75,47,28,33,17,16,,,,128,55,73,,,,77,47,30,,,
29/06/2021 17:00,289,134,155,98,50,48,63,40,23,32,15,17,,,,102,54,48,,,,109,55,54,,,
29/06/2021 18:00,253,110,143,112,69,43,68,42,26,43,20,23,,,,132,52,80,,,,115,75,40,,,
29/06/2021 19:00,308,137,171,127,60,67,72,37,35,34,15,19,,,,109,49,60,,,,114,49,65,,,
29/06/2021 20:00,329,159,170,80,28,52,56,27,29,36,13,23,,,,125,64,61,,,,36,12,24,,,
29/06/2021 21:00,226,111,115,53,15,38,33,17,16,22,11,11,,,,43,19,24,,,,34,19,15,,,
29/06/2021 22:00,116,60,56,20,7,13,17,7,10,7,5,2,,,,21,7,14,,,,29,12,17,,,
29/06/2021 23:00,45,29,16,8,3,5,6,1,5,13,9,4,,,,6,4,2,,,,14,9,5,,,
30/06/2021 00:00,0,0,0,2,1,1,7,5,2,1,1,0,,,,2,0,2,,,,6,5,1,,,
30/06/2021 01:00,0,0,0,0,0,0,2,0,2,0,0,0,,,,1,0,1,,,,8,1,7,,,
30/06/2021 02:00,1,1,0,1,1,0,0,0,0,2,0,2,,,,0,0,0,,,,7,2,5,,,
30/06/2021 03:00,0,0,0,0,0,0,0,0,0,0,0,0,,,,0,0,0,,,,1,1,0,,,
30/06/2021 04:00,2,2,0,0,0,0,0,0,0,1,1,0,,,,0,0,0,,,,0,0,0,,,
30/06/2021 05:00,9,4,5,5,0,5,0,0,0,4,2,2,,,,0,0,0,,,,2,2,0,,,
30/06/2021 06:00,48,17,31,8,8,0,9,5,4,12,6,6,,,,14,12,2,,,,19,7,12,,,
30/06/2021 07:00,111,54,57,38,23,15,15,11,4,26,13,13,,,,28,19,9,,,,26,12,14,,,
30/06/2021 08:00,120,63,57,58,26,32,42,31,11,29,18,11,,,,79,47,32,,,,73,44,29,,,
30/06/2021 09:00,129,59,70,36,21,15,15,8,7,22,12,10,,,,63,36,27,,,,28,15,13,,,
30/06/2021 10:00,174,100,74,35,17,18,30,26,4,36,20,16,,,,56,25,31,,,,28,10,18,,,
30/06/2021 11:00,235,130,105,26,12,14,35,25,10,38,22,16,,,,276,210,66,,,,81,38,43,,,
30/06/2021 12:00,232,136,96,57,32,25,52,29,23,42,18,24,,,,356,195,161,,,,124,47,77,,,
30/06/2021 13:00,206,105,101,70,40,30,57,29,28,57,26,31,,,,342,141,201,,,,73,40,33,,,
30/06/2021 14:00,255,130,125,53,24,29,51,29,22,42,21,21,,,,169,72,97,,,,74,43,31,,,
30/06/2021 15:00,303,146,157,63,35,28,55,28,27,31,18,13,,,,113,73,40,,,,65,26,39,,,
30/06/2021 16:00,292,153,139,54,22,32,64,41,23,30,18,12,,,,118,70,48,,,,93,60,33,,,
30/06/2021 17:00,324,138,186,91,48,43,72,38,34,29,11,18,,,,161,82,79,,,,104,70,34,,,
30/06/2021 18:00,334,147,187,101,52,49,74,34,40,39,22,17,,,,138,85,53,,,,85,51,34,,,
30/06/2021 19:00,386,166,220,145,70,75,67,42,25,38,21,17,,,,127,65,62,,,,71,35,36,,,
30/06/2021 20:00,393,202,191,80,29,51,46,17,29,29,13,16,,,,89,34,55,,,,69,37,32,,,
30/06/2021 21:00,243,126,117,61,40,21,51,20,31,16,7,9,,,,44,20,24,,,,33,19,14,,,
30/06/2021 22:00,87,44,43,17,3,14,22,7,15,12,5,7,,,,14,5,9,,,,28,17,11,,,
30/06/2021 23:00,13,6,7,12,8,4,11,4,7,4,1,3,,,,5,1,4,,,,21,12,9,,,
01/07/2021 00:00,1,0,1,0,0,0,3,1,2,2,2,0,,,,3,1,2,,,,5,3,2,,,
01/07/2021 01:00,3,3,0,6,3,3,0,0,0,1,1,0,,,,1,1,0,,,,9,4,5,,,
01/07/2021 02:00,0,0,0,0,0,0,0,0,0,0,0,0,,,,0,0,0,,,,6,2,4,,,
01/07/2021 03:00,3,2,1,0,0,0,0,0,0,0,0,0,,,,1,1,0,,,,0,0,0,,,
01/07/2021 04:00,1,0,1,0,0,0,0,0,0,0,0,0,,,,1,0,1,,,,0,0,0,,,
01/07/2021 05:00,11,3,8,0,0,0,0,0,0,1,0,1,,,,7,3,4,,,,4,2,2,,,
01/07/2021 06:00,45,19,26,16,5,11,11,5,6,5,4,1,,,,16,11,5,,,,19,11,8,,,
01/07/2021 07:00,100,54,46,24,15,9,19,15,4,20,11,9,,,,55,29,26,,,,26,12,14,,,
01/07/2021 08:00,102,52,50,42,15,27,32,20,12,23,10,13,,,,55,22,33,,,,33,11,22,,,
01/07/2021 09:00,103,48,55,32,24,8,15,5,10,19,11,8,,,,47,28,19,,,,27,14,13,,,
01/07/2021 10:00,152,71,81,23,11,12,13,5,8,20,8,12,,,,63,41,22,,,,41,16,25,,,
01/07/2021 11:00,177,91,86,38,23,15,20,10,10,43,17,26,,,,74,38,36,,,,65,35,30,,,
01/07/2021 12:00,209,103,106,42,22,20,41,21,20,39,21,18,,,,75,48,27,,,,74,35,39,,,
01/07/2021 13:00,250,137,113,57,32,25,49,19,30,53,26,27,,,,95,55,40,,,,66,31,35,,,
01/07/2021 14:00,298,165,133,38,22,16,48,26,22,43,21,22,,,,109,57,52,,,,69,37,32,,,
01/07/2021 15:00,279,148,131,60,34,26,92,50,42,48,22,26,,,,94,48,46,,,,69,44,25,,,
01/07/2021 16:00,325,163,162,47,19,28,92,43,49,45,16,29,,,,95,47,48,,,,83,47,36,,,
01/07/2021 17:00,332,167,165,64,36,28,64,38,26,64,28,36,,,,105,57,48,,,,82,52,30,,,
01/07/2021 18:00,247,107,140,101,62,39,65,34,31,40,17,23,,,,128,73,55,,,,81,32,49,,,
01/07/2021 19:00,259,104,155,123,47,76,72,39,33,22,13,9,,,,130,70,60,,,,56,29,27,,,
01/07/2021 20:00,278,153,125,84,47,37,38,21,17,24,14,10,,,,84,45,39,,,,49,21,28,,,
01/07/2021 21:00,195,102,93,65,26,39,46,14,32,12,4,8,,,,51,16,35,,,,29,15,14,,,
01/07/2021 22:00,91,54,37,15,4,11,18,6,12,10,6,4,,,,22,8,14,,,,30,14,16,,,
01/07/2021 23:00,21,10,11,11,3,8,11,5,6,13,5,8,,,,2,1,1,,,,14,7,7,,,
02/07/2021 00:00,2,0,2,2,0,2,4,3,1,5,0,5,,,,2,1,1,,,,8,5,3,,,
02/07/2021 01:00,4,4,0,1,0,1,0,0,0,2,0,2,,,,2,2,0,,,,1,1,0,,,
02/07/2021 02:00,3,2,1,0,0,0,2,2,0,0,0,0,,,,0,0,0,,,,1,1,0,,,
02/07/2021 03:00,0,0,0,0,0,0,0,0,0,0,0,0,,,,0,0,0,,,,1,1,0,,,
02/07/2021 04:00,1,0,1,3,0,3,2,0,2,2,2,0,,,,0,0,0,,,,3,3,0,,,
02/07/2021 05:00,11,4,7,1,0,1,1,1,0,1,0,1,,,,1,1,0,,,,5,3,2,,,
02/07/2021 06:00,44,15,29,8,4,4,3,2,1,9,4,5,,,,13,7,6,,,,16,7,9,,,
02/07/2021 07:00,117,65,52,32,19,13,22,15,7,23,9,14,,,,61,37,24,,,,31,15,16,,,
02/07/2021 08:00,102,53,49,38,15,23,28,11,17,30,18,12,,,,45,22,23,,,,31,9,22,,,
02/07/2021 09:00,112,56,56,33,13,20,20,8,12,25,15,10,,,,40,22,18,,,,30,16,14,,,
02/07/2021 10:00,129,64,65,32,14,18,22,17,5,35,17,18,,,,53,35,18,,,,44,17,27,,,
02/07/2021 11:00,186,94,92,53,34,19,46,26,20,40,19,21,,,,59,36,23,,,,60,22,38,,,
02/07/2021 12:00,262,128,134,48,25,23,37,15,22,37,18,19,,,,67,33,34,,,,52,22,30,,,
02/07/2021 13:00,242,125,117,60,38,22,43,28,15,46,24,22,,,,80,41,39,,,,50,27,23,,,
02/07/2021 14:00,255,100,155,54,30,24,44,22,22,33,12,21,,,,99,48,51,,,,61,31,30,,,
02/07/2021 15:00,305,170,135,44,19,25,96,65,31,36,23,13,,,,80,46,34,,,,65,30,35,,,
02/07/2021 16:00,276,124,152,57,25,32,112,62,50,55,23,32,,,,86,38,48,,,,73,30,43,,,
02/07/2021 17:00,204,99,105,68,30,38,53,23,30,25,10,15,,,,74,37,37,,,,82,41,41,,,
02/07/2021 18:00,201,98,103,81,33,48,37,32,5,21,6,15,,,,86,42,44,,,,60,33,27,,,
02/07/2021 19:00,176,77,99,54,28,26,44,28,16,23,13,10,,,,59,28,31,,,,53,22,31,,,
02/07/2021 20:00,115,62,53,32,11,21,22,13,9,20,8,12,,,,29,14,15,,,,45,20,25,,,
02/07/2021 21:00,120,57,63,20,6,14,31,16,15,9,6,3,,,,17,8,9,,,,26,13,13,,,
02/07/2021 22:00,107,65,42,35,3,32,21,7,14,9,5,4,,,,17,9,8,,,,29,17,12,,,
02/07/2021 23:00,27,13,14,7,0,7,14,8,6,10,7,3,,,,3,0,3,,,,20,17,3,,,
03/07/2021 00:00,0,0,0,2,0,2,4,0,4,3,2,1,,,,0,0,0,,,,15,8,7,,,
03/07/2021 01:00,4,2,2,5,4,1,1,1,0,0,0,0,,,,1,0,1,,,,21,14,7,,,
03/07/2021 02:00,0,0,0,1,0,1,4,3,1,0,0,0,,,,3,0,3,,,,12,5,7,,,
03/07/2021 03:00,4,2,2,1,1,0,0,0,0,0,0,0,,,,0,0,0,,,,9,4,5,,,
03/07/2021 04:00,1,1,0,0,0,0,0,0,0,0,0,0,,,,1,0,1,,,,9,2,7,,,
03/07/2021 05:00,5,1,4,3,0,3,1,0,1,0,0,0,,,,0,0,0,,,,0,0,0,,,
03/07/2021 06:00,20,5,15,3,0,3,4,1,3,1,1,0,,,,8,3,5,,,,7,5,2,,,
03/07/2021 07:00,67,33,34,17,10,7,18,14,4,6,3,3,,,,23,13,10,,,,15,10,5,,,
03/07/2021 08:00,90,48,42,31,15,16,20,13,7,12,5,7,,,,40,25,15,,,,20,10,10,,,
03/07/2021 09:00,89,41,48,42,23,19,34,13,21,21,11,10,,,,54,30,24,,,,32,12,20,,,
03/07/2021 10:00,113,44,69,44,22,22,25,15,10,52,24,28,,,,69,32,37,,,,35,22,13,,,
03/07/2021 11:00,204,124,80,56,22,34,45,29,16,29,18,11,,,,33,15,18,,,,50,29,21,,,
03/07/2021 12:00,237,135,102,49,20,29,42,25,17,56,28,28,,,,70,47,23,,,,47,20,27,,,
03/07/2021 13:00,108,48,60,29,14,15,21,13,8,31,18,13,,,,46,26,20,,,,23,14,9,,,
03/07/2021 14:00,140,78,62,51,22,29,26,13,13,20,9,11,,,,54,30,24,,,,46,27,19,,,
03/07/2021 15:00,202,100,102,52,29,23,33,15,18,20,6,14,,,,73,48,25,,,,44,17,27,,,
03/07/2021 16:00,246,112,134,69,48,21,56,24,32,30,17,13,,,,108,68,40,,,,56,33,23,,,
03/07/2021 17:00,268,145,123,42,21,21,43,25,18,17,8,9,,,,120,59,61,,,,31,15,16,,,
03/07/2021 18:00,261,111,150,44,23,21,53,31,22,19,8,11,,,,57,28,29,,,,46,25,21,,,
03/07/2021 19:00,224,116,108,37,22,15,52,22,30,26,10,16,,,,60,34,26,,,,63,32,31,,,
03/07/2021 20:00,229,118,111,47,27,20,38,15,23,11,6,5,,,,29,18,11,,,,61,33,28,,,
03/07/2021 21:00,132,68,64,25,9,16,23,8,15,9,5,4,,,,44,22,22,,,,29,9,20,,,
03/07/2021 22:00,46,28,18,9,5,4,23,14,9,7,6,1,,,,18,6,12,,,,33,19,14,,,
03/07/2021 23:00,32,20,12,17,8,9,20,4,16,4,2,2,,,,9,2,7,,,,23,11,12,,,
04/07/2021 00:00,4,1,3,0,0,0,3,0,3,6,4,2,,,,0,0,0,,,,15,5,10,,,
04/07/2021 01:00,8,6,2,1,0,1,0,0,0,3,1,2,,,,3,0,3,,,,9,8,1,,,
04/07/2021 02:00,1,1,0,0,0,0,2,0,2,0,0,0,,,,0,0,0,,,,3,2,1,,,
04/07/2021 03:00,0,0,0,1,1,0,0,0,0,0,0,0,,,,1,0,1,,,,2,0,2,,,
04/07/2021 04:00,2,1,1,1,1,0,0,0,0,0,0,0,,,,1,1,0,,,,3,3,0,,,
04/07/2021 05:00,6,4,2,0,0,0,1,1,0,1,0,1,,,,1,1,0,,,,2,1,1,,,
04/07/2021 06:00,18,11,7,4,3,1,0,0,0,0,0,0,,,,3,2,1,,,,6,2,4,,,
04/07/2021 07:00,59,22,37,10,9,1,12,5,7,10,4,6,,,,10,5,5,,,,8,6,2,,,
04/07/2021 08:00,121,47,74,30,24,6,18,12,6,13,8,5,,,,41,20,21,,,,11,5,6,,,
04/07/2021 09:00,192,102,90,70,32,38,43,32,11,26,14,12,,,,83,49,34,,,,28,13,15,,,
04/07/2021 10:00,361,208,153,79,42,37,78,47,31,39,17,22,,,,97,59,38,,,,48,30,18,,,
04/07/2021 11:00,471,219,252,100,50,50,68,35,33,46,32,14,,,,162,97,65,,,,65,41,24,,,
04/07/2021 12:00,501,258,243,93,44,49,53,26,27,58,38,20,,,,153,72,81,,,,94,40,54,,,
04/07/2021 13:00,577,289,288,98,41,57,100,63,37,55,23,32,,,,82,43,39,,,,91,28,63,,,
04/07/2021 14:00,605,325,280,76,27,49,80,47,33,61,27,34,,,,80,38,42,,,,52,22,30,,,
04/07/2021 15:00,528,252,276,77,42,35,60,32,28,38,18,20,,,,82,44,38,,,,45,29,16,,,
04/07/2021 16:00,458,201,257,49,15,34,54,20,34,29,12,17,,,,123,60,63,,,,66,38,28,,,
04/07/2021 17:00,224,110,114,43,21,22,43,20,23,33,14,19,,,,68,36,32,,,,44,17,27,,,
04/07/2021 18:00,63,34,29,20,12,8,22,9,13,11,3,8,,,,15,10,5,,,,19,11,8,,,
04/07/2021 19:00,59,30,29,10,7,3,12,1,11,9,2,7,,,,12,4,8,,,,30,11,19,,,
04/07/2021 20:00,45,28,17,16,7,9,19,14,5,7,3,4,,,,15,6,9,,,,24,15,9,,,
04/07/2021 21:00,22,9,13,4,2,2,5,2,3,4,2,2,,,,5,5,0,,,,9,3,6,,,
04/07/2021 22:00,4,3,1,5,3,2,4,0,4,7,5,2,,,,4,0,4,,,,11,6,5,,,
04/07/2021 23:00,9,3,6,3,2,1,0,0,0,1,0,1,,,,5,4,1,,,,13,7,6,,,
05/07/2021 00:00,0,0,0,1,1,0,0,0,0,2,2,0,,,,1,0,1,,,,1,1,0,,,
05/07/2021 01:00,6,4,2,0,0,0,0,0,0,1,0,1,,,,0,0,0,,,,2,1,1,,,
05/07/2021 02:00,0,0,0,0,0,0,0,0,0,0,0,0,,,,0,0,0,,,,0,0,0,,,
05/07/2021 03:00,0,0,0,0,0,0,0,0,0,0,0,0,,,,0,0,0,,,,1,1,0,,,
05/07/2021 04:00,1,1,0,0,0,0,0,0,0,0,0,0,,,,0,0,0,,,,0,0,0,,,
05/07/2021 05:00,8,2,6,2,1,1,3,2,1,4,2,2,,,,0,0,0,,,,1,1,0,,,
05/07/2021 06:00,57,20,37,13,9,4,12,8,4,5,2,3,,,,12,10,2,,,,14,6,8,,,
05/07/2021 07:00,104,52,52,24,14,10,21,11,10,24,11,13,,,,63,40,23,,,,38,19,19,,,
05/07/2021 08:00,125,63,62,29,13,16,26,18,8,22,16,6,,,,70,36,34,,,,39,14,25,,,
05/07/2021 09:00,152,71,81,21,6,15,29,14,15,25,16,9,,,,69,45,24,,,,42,23,19,,,
05/07/2021 10:00,191,95,96,56,38,18,21,12,9,33,19,14,,,,114,62,52,,,,36,16,20,,,
05/07/2021 11:00,184,99,85,39,25,14,50,28,22,31,22,9,,,,102,46,56,,,,45,24,21,,,
05/07/2021 12:00,248,130,118,76,31,45,48,25,23,32,12,20,,,,90,60,30,,,,68,25,43,,,
05/07/2021 13:00,258,147,111,70,39,31,50,21,29,58,23,35,,,,123,65,58,,,,74,43,31,,,
05/07/2021 14:00,236,108,128,50,27,23,40,22,18,36,20,16,,,,119,62,57,,,,56,36,20,,,
05/07/2021 15:00,208,120,88,41,18,23,58,24,34,37,16,21,,,,90,42,48,,,,65,31,34,,,
05/07/2021 16:00,198,105,93,45,18,27,36,13,23,37,18,19,,,,78,41,37,,,,53,25,28,,,
05/07/2021 17:00,170,65,105,40,18,22,53,25,28,42,19,23,,,,71,34,37,,,,72,34,38,,,
05/07/2021 18:00,209,104,105,62,41,21,45,23,22,60,24,36,,,,92,53,39,,,,57,29,28,,,
05/07/2021 19:00,251,129,122,91,36,55,46,21,25,42,22,20,,,,105,57,48,,,,74,33,41,,,
05/07/2021 20:00,251,121,130,60,34,26,45,24,21,27,9,18,,,,95,40,55,,,,55,35,20,,,
05/07/2021 21:00,164,83,81,42,21,21,43,19,24,11,3,8,,,,57,29,28,,,,43,19,24,,,
05/07/2021 22:00,67,33,34,23,7,16,22,10,12,3,2,1,,,,16,6,10,,,,26,15,11,,,
05/07/2021 23:00,20,11,9,0,0,0,5,0,5,3,1,2,,,,1,1,0,,,,15,11,4,,,
06/07/2021 00:00,0,0,0,0,0,0,3,0,3,3,0,3,,,,0,0,0,,,,3,1,2,,,
06/07/2021 01:00,2,2,0,0,0,0,0,0,0,0,0,0,,,,0,0,0,,,,1,0,1,,,
06/07/2021 02:00,1,0,1,0,0,0,1,0,1,0,0,0,,,,0,0,0,,,,4,3,1,,,
06/07/2021 03:00,3,2,1,0,0,0,0,0,0,3,3,0,,,,0,0,0,,,,0,0,0,,,
06/07/2021 04:00,0,0,0,0,0,0,0,0,0,0,0,0,,,,0,0,0,,,,1,1,0,,,
06/07/2021 05:00,9,5,4,6,1,5,0,0,0,3,1,2,,,,2,1,1,,,,1,1,0,,,
06/07/2021 06:00,58,27,31,11,6,5,5,5,0,8,5,3,,,,11,10,1,,,,16,4,12,,,
06/07/2021 07:00,128,69,59,30,15,15,27,13,14,26,12,14,,,,57,35,22,,,,32,12,20,,,
06/07/2021 08:00,142,71,71,35,17,18,30,19,11,24,13,11,,,,75,46,29,,,,34,16,18,,,
06/07/2021 09:00,118,56,62,39,23,16,17,5,12,30,21,9,,,,69,53,16,,,,23,13,10,,,
06/07/2021 10:00,183,76,107,35,18,17,33,20,13,26,13,13,,,,84,52,32,,,,51,25,26,,,
06/07/2021 11:00,255,128,127,35,18,17,39,19,20,28,13,15,,,,71,37,34,,,,46,29,17,,,
06/07/2021 12:00,154,90,64,37,18,19,28,15,13,40,18,22,,,,71,34,37,,,,64,30,34,,,
06/07/2021 13:00,112,55,57,23,11,12,18,8,10,32,13,19,,,,41,18,23,,,,38,12,26,,,
06/07/2021 14:00,81,39,42,20,7,13,18,7,11,23,11,12,,,,63,40,23,,,,30,13,17,,,
06/07/2021 15:00,43,21,22,10,2,8,11,9,2,11,4,7,,,,23,16,7,,,,21,8,13,,,
06/07/2021 16:00,35,12,23,5,2,3,6,2,4,9,5,4,,,,6,3,3,,,,18,12,6,,,
06/07/2021 17:00,19,8,11,6,3,3,8,2,6,13,4,9,,,,9,6,3,,,,31,11,20,,,
06/07/2021 18:00,31,16,15,15,6,9,13,5,8,9,2,7,,,,33,21,12,,,,29,14,15,,,
06/07/2021 19:00,79,41,38,21,10,11,15,7,8,14,7,7,,,,28,15,13,,,,25,12,13,,,
06/07/2021 20:00,43,21,22,10,5,5,20,11,9,12,3,9,,,,12,6,6,,,,26,12,14,,,
06/07/2021 21:00,48,25,23,16,6,10,14,8,6,4,3,1,,,,18,11,7,,,,20,9,11,,,
06/07/2021 22:00,31,17,14,16,9,7,8,5,3,4,1,3,,,,3,2,1,,,,7,5,2,,,
06/07/2021 23:00,16,10,6,2,1,1,3,1,2,7,1,6,,,,2,1,1,,,,12,6,6,,,
07/07/2021 00:00,0,0,0,3,1,2,4,1,3,0,0,0,,,,0,0,0,,,,4,0,4,,,
07/07/2021 01:00,2,2,0,1,0,1,1,1,0,0,0,0,,,,0,0,0,,,,0,0,0,,,
07/07/2021 02:00,0,0,0,0,0,0,0,0,0,1,1,0,,,,0,0,0,,,,0,0,0,,,
07/07/2021 03:00,1,1,0,0,0,0,1,1,0,2,2,0,,,,0,0,0,,,,1,1,0,,,
07/07/2021 04:00,3,1,2,0,0,0,0,0,0,1,1,0,,,,0,0,0,,,,1,1,0,,,
07/07/2021 05:00,5,3,2,4,0,4,1,1,0,0,0,0,,,,2,2,0,,,,4,2,2,,,
07/07/2021 06:00,45,16,29,8,6,2,8,6,2,2,1,1,,,,12,8,4,,,,17,9,8,,,
07/07/2021 07:00,121,63,58,39,16,23,20,12,8,23,15,8,,,,37,21,16,,,,24,16,8,,,
07/07/2021 08:00,121,60,61,34,12,22,32,18,14,21,16,5,,,,58,29,29,,,,38,19,19,,,
07/07/2021 09:00,108,60,48,38,25,13,26,20,6,21,11,10,,,,62,42,20,,,,23,11,12,,,
07/07/2021 10:00,108,56,52,39,15,24,21,17,4,23,10,13,,,,87,56,31,,,,35,21,14,,,
07/07/2021 11:00,225,106,119,34,9,25,38,17,21,40,18,22,,,,79,47,32,,,,45,22,23,,,
07/07/2021 12:00,194,108,86,39,14,25,28,19,9,38,26,12,,,,38,20,18,,,,66,37,29,,,
07/07/2021 13:00,210,104,106,43,24,19,49,26,23,31,15,16,,,,79,27,52,,,,65,28,37,,,
07/07/2021 14:00,219,93,126,29,17,12,24,17,7,43,20,23,,,,110,63,47,,,,73,46,27,,,
07/07/2021 15:00,198,111,87,30,15,15,35,16,19,38,17,21,,,,72,49,23,,,,73,33,40,,,
07/07/2021 16:00,202,91,111,35,15,20,46,23,23,42,23,19,,,,79,34,45,,,,65,31,34,,,
07/07/2021 17:00,191,87,104,44,22,22,37,19,18,48,17,31,,,,73,43,30,,,,68,34,34,,,
07/07/2021 18:00,181,92,89,59,30,29,49,24,25,24,9,15,,,,70,43,27,,,,92,53,39,,,
07/07/2021 19:00,241,112,129,52,25,27,44,18,26,39,19,20,,,,80,42,38,,,,62,28,34,,,
07/07/2021 20:00,286,155,131,41,21,20,54,29,25,16,10,6,,,,67,32,35,,,,38,15,23,,,
07/07/2021 21:00,157,90,67,29,11,18,26,12,14,8,3,5,,,,29,13,16,,,,28,11,17,,,
07/07/2021 22:00,63,24,39,15,3,12,17,8,9,6,3,3,,,,10,8,2,,,,13,10,3,,,
07/07/2021 23:00,23,14,9,9,4,5,8,2,6,5,4,1,,,,7,2,5,,,,17,9,8,,,
08/07/2021 00:00,0,0,0,2,1,1,5,3,2,0,0,0,,,,0,0,0,,,,0,0,0,,,
08/07/2021 01:00,3,2,1,3,3,0,4,2,2,1,0,1,,,,2,2,0,,,,1,0,1,,,
08/07/2021 02:00,4,2,2,0,0,0,0,0,0,0,0,0,,,,0,0,0,,,,2,0,2,,,
08/07/2021 03:00,0,0,0,3,3,0,1,0,1,0,0,0,,,,0,0,0,,,,0,0,0,,,
08/07/2021 04:00,2,2,0,0,0,0,0,0,0,0,0,0,,,,0,0,0,,,,0,0,0,,,
08/07/2021 05:00,10,2,8,1,0,1,0,0,0,0,0,0,,,,5,2,3,,,,10,7,3,,,
08/07/2021 06:00,48,21,27,9,6,3,10,8,2,11,4,7,,,,17,11,6,,,,16,4,12,,,
08/07/2021 07:00,111,56,55,24,11,13,23,12,11,25,9,16,,,,51,35,16,,,,24,11,13,,,
08/07/2021 08:00,133,69,64,35,9,26,40,22,18,31,14,17,,,,46,21,25,,,,33,13,20,,,
08/07/2021 09:00,103,48,55,22,12,10,16,8,8,17,12,5,,,,56,39,17,,,,27,11,16,,,
08/07/2021 10:00,159,78,81,26,11,15,39,23,16,28,19,9,,,,82,43,39,,,,38,21,17,,,
08/07/2021 11:00,220,109,111,39,18,21,27,16,11,41,25,16,,,,75,39,36,,,,52,25,27,,,
08/07/2021 12:00,201,84,117,59,34,25,50,32,18,44,21,23,,,,78,43,35,,,,59,30,29,,,
08/07/2021 13:00,228,109,119,51,27,24,58,33,25,49,18,31,,,,73,40,33,,,,60,30,30,,,
08/07/2021 14:00,221,112,109,46,18,28,27,18,9,44,30,14,,,,71,45,26,,,,64,31,33,,,
08/07/2021 15:00,282,147,135,54,28,26,34,18,16,34,15,19,,,,79,46,33,,,,73,38,35,,,
08/07/2021 16:00,202,93,109,65,39,26,39,16,23,22,8,14,,,,94,46,48,,,,58,31,27,,,
08/07/2021 17:00,158,82,76,43,29,14,49,31,18,36,20,16,,,,65,33,32,,,,86,47,39,,,
08/07/2021 18:00,164,72,92,35,21,14,32,16,16,27,15,12,,,,87,52,35,,,,65,26,39,,,
08/07/2021 19:00,205,103,102,52,20,32,32,11,21,35,15,20,,,,100,53,47,,,,60,33,27,,,
08/07/2021 20:00,225,103,122,56,29,27,28,8,20,24,13,11,,,,48,30,18,,,,63,27,36,,,
08/07/2021 21:00,156,87,69,29,11,18,26,12,14,13,9,4,,,,27,13,14,,,,28,12,16,,,
08/07/2021 22:00,64,43,21,22,9,13,18,6,12,13,9,4,,,,18,11,7,,,,16,10,6,,,
08/07/2021 23:00,22,15,7,16,7,9,11,10,1,5,2,3,,,,9,4,5,,,,20,13,7,,,
09/07/2021 00:00,0,0,0,0,0,0,4,0,4,0,0,0,,,,1,1,0,,,,4,3,1,,,
09/07/2021 01:00,12,12,0,1,0,1,5,5,0,2,0,2,,,,2,2,0,,,,5,3,2,,,
09/07/2021 02:00,10,1,9,2,1,1,0,0,0,0,0,0,,,,0,0,0,,,,10,4,6,,,
09/07/2021 03:00,0,0,0,2,2,0,0,0,0,1,1,0,,,,0,0,0,,,,8,5,3,,,
09/07/2021 04:00,3,2,1,1,0,1,0,0,0,1,1,0,,,,0,0,0,,,,3,1,2,,,
09/07/2021 05:00,6,3,3,5,3,2,1,0,1,1,0,1,,,,7,5,2,,,,3,3,0,,,
09/07/2021 06:00,52,19,33,7,2,5,10,4,6,11,5,6,,,,10,8,2,,,,16,6,10,,,
09/07/2021 07:00,122,65,57,31,14,17,21,13,8,18,7,11,,,,34,20,14,,,,36,20,16,,,
09/07/2021 08:00,129,60,69,41,21,20,34,14,20,21,13,8,,,,42,26,16,,,,40,19,21,,,
09/07/2021 09:00,85,34,51,23,12,11,19,13,6,22,14,8,,,,63,41,22,,,,36,19,17,,,
09/07/2021 10:00,156,70,86,43,24,19,25,13,12,29,17,12,,,,86,51,35,,,,38,22,16,,,
09/07/2021 11:00,190,106,84,31,15,16,29,20,9,32,19,13,,,,74,38,36,,,,49,20,29,,,
09/07/2021 12:00,183,77,106,47,16,31,45,21,24,36,24,12,,,,64,45,19,,,,63,39,24,,,
09/07/2021 13:00,211,104,107,32,16,16,46,28,18,42,23,19,,,,82,50,32,,,,44,21,23,,,
09/07/2021 14:00,186,98,88,29,18,11,32,18,14,30,12,18,,,,83,49,34,,,,62,34,28,,,
09/07/2021 15:00,156,61,95,45,27,18,37,12,25,25,13,12,,,,63,37,26,,,,55,31,24,,,
09/07/2021 16:00,173,81,92,35,16,19,35,16,19,22,13,9,,,,71,38,33,,,,80,36,44,,,
09/07/2021 17:00,197,107,90,40,27,13,40,16,24,36,21,15,,,,58,31,27,,,,61,27,34,,,
09/07/2021 18:00,162,82,80,31,22,9,50,23,27,42,22,20,,,,59,37,22,,,,44,24,20,,,
09/07/2021 19:00,150,75,75,41,24,17,62,34,28,23,11,12,,,,58,38,20,,,,43,20,23,,,
09/07/2021 20:00,169,76,93,31,7,24,45,24,21,13,5,8,,,,62,31,31,,,,29,13,16,,,
09/07/2021 21:00,131,79,52,24,9,15,36,16,20,12,6,6,,,,23,11,12,,,,30,11,19,,,
09/07/2021 22:00,45,23,22,16,0,16,14,5,9,6,3,3,,,,16,10,6,,,,13,9,4,,,
09/07/2021 23:00,35,13,22,14,6,8,10,3,7,6,5,1,,,,3,1,2,,,,24,12,12,,,
10/07/2021 00:00,0,0,0,3,3,0,13,7,6,2,2,0,,,,9,5,4,,,,17,8,9,,,
10/07/2021 01:00,2,2,0,4,2,2,3,1,2,4,0,4,,,,1,0,1,,,,0,0,0,,,
10/07/2021 02:00,0,0,0,0,0,0,0,0,0,0,0,0,,,,1,1,0,,,,0,0,0,,,
10/07/2021 03:00,0,0,0,0,0,0,0,0,0,0,0,0,,,,3,3,0,,,,2,1,1,,,
10/07/2021 04:00,3,1,2,0,0,0,0,0,0,0,0,0,,,,0,0,0,,,,1,1,0,,,
10/07/2021 05:00,6,3,3,0,0,0,1,0,1,0,0,0,,,,3,2,1,,,,2,1,1,,,
10/07/2021 06:00,24,7,17,3,2,1,3,3,0,1,0,1,,,,4,3,1,,,,8,6,2,,,
10/07/2021 07:00,66,27,39,10,6,4,15,9,6,12,4,8,,,,11,5,6,,,,29,18,11,,,
10/07/2021 08:00,91,47,44,28,10,18,21,12,9,11,7,4,,,,24,13,11,,,,31,17,14,,,
10/07/2021 09:00,166,86,80,29,12,17,28,12,16,24,10,14,,,,51,30,21,,,,37,17,20,,,
10/07/2021 10:00,222,120,102,100,65,35,79,51,28,42,23,19,,,,113,71,42,,,,42,26,16,,,
10/07/2021 11:00,314,171,143,85,48,37,75,42,33,38,23,15,,,,139,94,45,,,,51,22,29,,,
10/07/2021 12:00,329,171,158,113,60,53,90,53,37,50,33,17,,,,131,70,61,,,,58,26,32,,,
10/07/2021 13:00,394,207,187,112,56,56,111,80,31,48,23,25,,,,82,46,36,,,,73,36,37,,,
10/07/2021 14:00,397,203,194,71,39,32,210,139,71,36,17,19,,,,142,89,53,,,,83,46,37,,,
10/07/2021 15:00,488,232,256,97,46,51,147,84,63,40,20,20,,,,122,74,48,,,,59,35,24,,,
10/07/2021 16:00,471,223,248,94,46,48,75,40,35,61,30,31,,,,134,71,63,,,,81,58,23,,,
10/07/2021 17:00,414,187,227,96,41,55,95,52,43,30,18,12,,,,69,25,44,,,,83,46,37,,,
10/07/2021 18:00,345,164,181,60,29,31,62,28,34,34,19,15,,,,63,39,24,,,,63,31,32,,,
10/07/2021 19:00,301,134,167,42,19,23,38,22,16,29,16,13,,,,68,35,33,,,,39,17,22,,,
10/07/2021 20:00,255,124,131,41,20,21,39,13,26,15,11,4,,,,29,16,13,,,,46,24,22,,,
10/07/2021 21:00,130,67,63,24,15,9,14,6,8,13,4,9,,,,21,9,12,,,,26,10,16,,,
10/07/2021 22:00,70,41,29,30,11,19,21,5,16,8,4,4,,,,15,5,10,,,,25,8,17,,,
10/07/2021 23:00,24,15,9,7,4,3,12,5,7,5,3,2,,,,3,2,1,,,,34,17,17,,,
11/07/2021 00:00,0,0,0,0,0,0,6,3,3,5,4,1,,,,2,2,0,,,,31,19,12,,,
11/07/2021 01:00,3,2,1,5,1,4,1,0,1,3,2,1,,,,2,1,1,,,,25,8,17,,,
11/07/2021 02:00,1,0,1,0,0,0,0,0,0,0,0,0,,,,0,0,0,,,,22,11,11,,,
11/07/2021 03:00,3,2,1,1,0,1,1,0,1,0,0,0,,,,0,0,0,,,,18,11,7,,,
11/07/2021 04:00,0,0,0,2,2,0,0,0,0,0,0,0,,,,1,1,0,,,,10,7,3,,,
11/07/2021 05:00,5,2,3,4,2,2,1,0,1,0,0,0,,,,0,0,0,,,,5,1,4,,,
11/07/2021 06:00,19,9,10,3,1,2,3,2,1,1,1,0,,,,3,2,1,,,,5,5,0,,,
11/07/2021 07:00,48,25,23,16,9,7,10,8,2,6,2,4,,,,13,8,5,,,,13,9,4,,,
11/07/2021 08:00,105,51,54,23,13,10,22,8,14,15,8,7,,,,29,19,10,,,,14,5,9,,,
11/07/2021 09:00,133,57,76,38,25,13,21,12,9,12,6,6,,,,57,32,25,,,,16,10,6,,,
11/07/2021 10:00,196,107,89,40,25,15,28,18,10,23,12,11,,,,73,54,19,,,,46,21,25,,,
11/07/2021 11:00,290,148,142,70,32,38,58,29,29,50,25,25,,,,85,36,49,,,,39,19,20,,,
11/07/2021 12:00,304,146,158,52,25,27,42,23,19,69,37,32,,,,58,34,24,,,,50,31,19,,,
11/07/2021 13:00,292,141,151,37,18,19,37,18,19,41,19,22,,,,67,40,27,,,,39,16,23,,,
11/07/2021 14:00,196,103,93,44,28,16,28,17,11,24,9,15,,,,21,9,12,,,,21,14,7,,,
11/07/2021 15:00,179,94,85,19,11,8,21,7,14,34,14,20,,,,59,34,25,,,,28,14,14,,,
11/07/2021 16:00,98,48,50,16,4,12,15,10,5,12,9,3,,,,66,31,35,,,,34,14,20,,,
11/07/2021 17:00,58,36,22,9,5,4,13,6,7,13,7,6,,,,20,11,9,,,,20,13,7,,,
11/07/2021 18:00,49,23,26,18,9,9,14,6,8,20,12,8,,,,31,18,13,,,,14,7,7,,,
11/07/2021 19:00,31,18,13,23,13,10,7,3,4,15,8,7,,,,32,22,10,,,,16,10,6,,,
11/07/2021 20:00,26,9,17,11,4,7,10,4,6,4,3,1,,,,12,4,8,,,,18,6,12,,,
11/07/2021 21:00,41,17,24,9,4,5,10,6,4,9,4,5,,,,11,2,9,,,,12,5,7,,,
11/07/2021 22:00,8,4,4,5,0,5,6,5,1,3,2,1,,,,2,1,1,,,,13,6,7,,,
11/07/2021 23:00,8,6,2,2,1,1,5,2,3,2,1,1,,,,7,4,3,,,,29,11,18,,,
12/07/2021 00:00,0,0,0,0,0,0,1,0,1,2,0,2,,,,1,1,0,,,,7,7,0,,,
12/07/2021 01:00,11,4,7,0,0,0,0,0,0,0,0,0,,,,0,0,0,,,,1,1,0,,,
12/07/2021 02:00,2,2,0,0,0,0,2,0,2,0,0,0,,,,0,0,0,,,,7,1,6,,,
12/07/2021 03:00,0,0,0,0,0,0,1,1,0,0,0,0,,,,0,0,0,,,,3,3,0,,,
12/07/2021 04:00,5,4,1,2,2,0,0,0,0,0,0,0,,,,0,0,0,,,,4,2,2,,,
12/07/2021 05:00,14,9,5,0,0,0,6,6,0,2,1,1,,,,3,2,1,,,,0,0,0,,,
12/07/2021 06:00,40,19,21,9,5,4,11,4,7,5,2,3,,,,15,13,2,,,,10,4,6,,,
12/07/2021 07:00,86,45,41,26,15,11,19,9,10,13,8,5,,,,31,18,13,,,,25,13,12,,,
12/07/2021 08:00,98,43,55,29,15,14,21,10,11,20,12,8,,,,46,26,20,,,,24,13,11,,,
12/07/2021 09:00,98,52,46,28,16,12,16,13,3,19,13,6,,,,34,21,13,,,,31,13,18,,,
12/07/2021 10:00,102,51,51,24,8,16,10,6,4,25,14,11,,,,63,41,22,,,,17,11,6,,,
12/07/2021 11:00,142,69,73,37,17,20,32,22,10,31,16,15,,,,57,29,28,,,,31,15,16,,,
12/07/2021 12:00,206,102,104,29,12,17,27,11,16,37,16,21,,,,58,34,24,,,,49,23,26,,,
12/07/2021 13:00,206,112,94,57,24,33,64,33,31,67,27,40,,,,78,37,41,,,,49,25,24,,,
12/07/2021 14:00,185,84,101,36,17,19,37,21,16,29,18,11,,,,81,39,42,,,,53,20,33,,,
12/07/2021 15:00,225,99,126,45,21,24,42,22,20,27,13,14,,,,68,41,27,,,,83,35,48,,,
12/07/2021 16:00,221,103,118,43,33,10,39,17,22,25,15,10,,,,93,50,43,,,,59,33,26,,,
12/07/2021 17:00,220,118,102,33,15,18,56,23,33,37,13,24,,,,97,53,44,,,,78,36,42,,,
12/07/2021 18:00,192,99,93,56,34,22,56,34,22,24,7,17,,,,89,55,34,,,,77,36,41,,,
12/07/2021 19:00,295,146,149,52,23,29,73,32,41,35,18,17,,,,120,68,52,,,,70,39,31,,,
12/07/2021 20:00,365,188,177,52,23,29,51,20,31,33,16,17,,,,86,40,46,,,,76,34,42,,,
12/07/2021 21:00,203,102,101,39,12,27,42,15,27,18,8,10,,,,58,25,33,,,,36,12,24,,,
12/07/2021 22:00,82,44,38,21,10,11,14,7,7,9,5,4,,,,28,9,19,,,,28,14,14,,,
12/07/2021 23:00,28,21,7,6,2,4,6,2,4,3,1,2,,,,0,0,0,,,,18,11,7,,,
13/07/2021 00:00,0,0,0,0,0,0,4,2,2,1,1,0,,,,1,0,1,,,,4,2,2,,,
13/07/2021 01:00,0,0,0,1,0,1,0,0,0,0,0,0,,,,0,0,0,,,,3,3,0,,,
13/07/2021 02:00,7,6,1,2,0,2,0,0,0,0,0,0,,,,0,0,0,,,,2,2,0,,,
13/07/2021 03:00,0,0,0,0,0,0,0,0,0,0,0,0,,,,0,0,0,,,,5,1,4,,,
13/07/2021 04:00,1,1,0,1,1,0,0,0,0,0,0,0,,,,0,0,0,,,,4,2,2,,,
13/07/2021 05:00,15,7,8,2,0,2,0,0,0,0,0,0,,,,2,0,2,,,,5,3,2,,,
13/07/2021 06:00,66,28,38,9,5,4,6,3,3,14,7,7,,,,13,8,5,,,,16,8,8,,,
13/07/2021 07:00,150,80,70,22,14,8,27,14,13,20,9,11,,,,62,36,26,,,,39,18,21,,,
13/07/2021 08:00,153,75,78,42,17,25,37,22,15,29,20,9,,,,56,24,32,,,,36,18,18,,,
13/07/2021 09:00,144,75,69,33,19,14,20,9,11,40,27,13,,,,62,39,23,,,,35,15,20,,,
13/07/2021 10:00,165,71,94,41,16,25,41,21,20,35,19,16,,,,87,66,21,,,,43,19,24,,,
13/07/2021 11:00,201,104,97,44,15,29,46,30,16,39,21,18,,,,112,57,55,,,,49,17,32,,,
13/07/2021 12:00,227,129,98,48,20,28,40,22,18,41,18,23,,,,103,64,39,,,,54,28,26,,,
13/07/2021 13:00,256,129,127,63,29,34,32,20,12,48,18,30,,,,106,63,43,,,,50,31,19,,,
13/07/2021 14:00,243,129,114,64,34,30,30,23,7,39,22,17,,,,71,43,28,,,,55,20,35,,,
13/07/2021 15:00,247,116,131,42,24,18,40,18,22,30,17,13,,,,103,51,52,,,,49,22,27,,,
13/07/2021 16:00,255,137,118,43,15,28,37,12,25,35,17,18,,,,94,53,41,,,,59,38,21,,,
13/07/2021 17:00,210,98,112,57,30,27,52,31,21,34,16,18,,,,65,40,25,,,,95,42,53,,,
13/07/2021 18:00,243,102,141,62,26,36,56,34,22,29,19,10,,,,88,55,33,,,,94,54,40,,,
13/07/2021 19:00,243,123,120,41,21,20,56,23,33,27,16,11,,,,64,37,27,,,,92,36,56,,,
13/07/2021 20:00,334,161,173,53,24,29,61,30,31,25,16,9,,,,71,49,22,,,,52,21,31,,,
13/07/2021 21:00,246,109,137,30,16,14,32,16,16,25,12,13,,,,30,13,17,,,,33,18,15,,,
13/07/2021 22:00,99,53,46,20,7,13,18,11,7,7,4,3,,,,12,4,8,,,,22,9,13,,,
13/07/2021 23:00,18,8,10,4,0,4,7,1,6,3,2,1,,,,0,0,0,,,,20,14,6,,,
14/07/2021 00:00,0,0,0,1,0,1,2,1,1,1,1,0,,,,3,0,3,,,,10,3,7,,,
14/07/2021 01:00,0,0,0,2,0,2,0,0,0,0,0,0,,,,0,0,0,,,,3,2,1,,,
14/07/2021 02:00,1,0,1,0,0,0,0,0,0,0,0,0,,,,0,0,0,,,,0,0,0,,,
14/07/2021 03:00,6,6,0,1,0,1,0,0,0,0,0,0,,,,0,0,0,,,,1,1,0,,,
14/07/2021 04:00,1,1,0,0,0,0,0,0,0,0,0,0,,,,0,0,0,,,,0,0,0,,,
14/07/2021 05:00,11,5,6,4,3,1,1,1,0,5,3,2,,,,4,1,3,,,,2,2,0,,,
14/07/2021 06:00,45,22,23,10,6,4,9,6,3,8,5,3,,,,11,7,4,,,,23,11,12,,,
14/07/2021 07:00,125,64,61,30,12,18,25,16,9,16,6,10,,,,55,39,16,,,,27,15,12,,,
14/07/2021 08:00,144,67,77,41,14,27,30,17,13,16,11,5,,,,51,23,28,,,,45,20,25,,,
14/07/2021 09:00,119,63,56,21,9,12,25,15,10,23,15,8,,,,53,28,25,,,,22,8,14,,,
14/07/2021 10:00,159,72,87,30,7,23,31,20,11,32,21,11,,,,90,64,26,,,,45,30,15,,,
14/07/2021 11:00,266,140,126,46,27,19,44,23,21,50,32,18,,,,101,63,38,,,,51,25,26,,,
14/07/2021 12:00,272,142,130,57,33,24,35,18,17,32,19,13,,,,99,52,47,,,,62,27,35,,,
14/07/2021 13:00,305,151,154,62,28,34,46,27,19,59,27,32,,,,135,61,74,,,,66,32,34,,,
14/07/2021 14:00,297,149,148,61,31,30,45,25,20,42,28,14,,,,81,63,18,,,,53,29,24,,,
14/07/2021 15:00,369,190,179,67,27,40,75,37,38,30,12,18,,,,105,51,54,,,,80,32,48,,,
14/07/2021 16:00,348,177,171,66,34,32,73,37,36,19,7,12,,,,148,73,75,,,,77,46,31,,,
14/07/2021 17:00,275,122,153,79,35,44,73,37,36,36,13,23,,,,99,53,46,,,,82,35,47,,,
14/07/2021 18:00,270,133,137,74,35,39,61,41,20,49,24,25,,,,72,48,24,,,,85,44,41,,,
14/07/2021 19:00,317,158,159,73,38,35,51,23,28,38,16,22,,,,90,47,43,,,,64,29,35,,,
14/07/2021 20:00,344,161,183,66,35,31,53,28,25,30,19,11,,,,89,48,41,,,,49,19,30,,,
14/07/2021 21:00,258,116,142,68,31,37,22,14,8,14,3,11,,,,38,20,18,,,,44,23,21,,,
14/07/2021 22:00,86,43,43,22,3,19,20,8,12,8,5,3,,,,11,5,6,,,,29,14,15,,,
14/07/2021 23:00,21,17,4,6,1,5,20,8,12,3,0,3,,,,1,0,1,,,,25,9,16,,,
15/07/2021 00:00,0,0,0,1,0,1,4,0,4,5,0,5,,,,0,0,0,,,,4,2,2,,,
15/07/2021 01:00,4,4,0,0,0,0,2,0,2,1,0,1,,,,0,0,0,,,,2,0,2,,,
15/07/2021 02:00,3,3,0,1,1,0,0,0,0,0,0,0,,,,1,1,0,,,,0,0,0,,,
15/07/2021 03:00,5,4,1,0,0,0,1,1,0,0,0,0,,,,0,0,0,,,,1,1,0,,,
15/07/2021 04:00,6,2,4,0,0,0,0,0,0,0,0,0,,,,0,0,0,,,,3,1,2,,,
15/07/2021 05:00,11,5,6,2,0,2,1,0,1,0,0,0,,,,4,0,4,,,,6,4,2,,,
15/07/2021 06:00,60,27,33,8,5,3,9,7,2,7,2,5,,,,10,5,5,,,,18,7,11,,,
15/07/2021 07:00,101,51,50,33,17,16,23,11,12,24,14,10,,,,46,29,17,,,,26,11,15,,,
15/07/2021 08:00,106,50,56,31,15,16,34,17,17,28,19,9,,,,47,29,18,,,,29,11,18,,,
15/07/2021 09:00,122,71,51,37,22,15,17,12,5,34,20,14,,,,34,25,9,,,,31,20,11,,,
15/07/2021 10:00,154,76,78,29,15,14,17,11,6,34,22,12,,,,107,63,44,,,,38,13,25,,,
15/07/2021 11:00,224,104,120,32,18,14,29,14,15,54,28,26,,,,63,38,25,,,,46,23,23,,,
15/07/2021 12:00,269,154,115,42,27,15,42,22,20,31,13,18,,,,83,47,36,,,,48,21,27,,,
15/07/2021 13:00,306,157,149,90,53,37,68,36,32,50,26,24,,,,90,56,34,,,,52,38,14,,,
15/07/2021 14:00,300,161,139,82,34,48,77,43,34,37,21,16,,,,97,54,43,,,,73,54,19,,,
15/07/2021 15:00,391,216,175,60,32,28,72,42,30,20,16,4,,,,93,56,37,,,,68,42,26,,,
15/07/2021 16:00,349,152,197,71,41,30,61,33,28,36,19,17,,,,107,67,40,,,,59,39,20,,,
15/07/2021 17:00,326,166,160,117,60,57,72,50,22,40,15,25,,,,101,42,59,,,,116,64,52,,,
15/07/2021 18:00,342,168,174,100,45,55,85,48,37,32,19,13,,,,106,63,43,,,,86,49,37,,,
15/07/2021 19:00,357,175,182,86,40,46,64,32,32,26,12,14,,,,108,54,54,,,,81,43,38,,,
15/07/2021 20:00,383,168,215,98,26,72,56,25,31,30,12,18,,,,90,47,43,,,,57,28,29,,,
15/07/2021 21:00,242,110,132,39,12,27,45,19,26,22,10,12,,,,41,16,25,,,,49,14,35,,,
15/07/2021 22:00,82,51,31,11,4,7,15,3,12,8,4,4,,,,9,5,4,,,,21,10,11,,,
15/07/2021 23:00,30,24,6,12,3,9,7,0,7,9,7,2,,,,4,0,4,,,,14,8,6,,,
16/07/2021 00:00,4,0,4,7,4,3,7,1,6,6,1,5,,,,0,0,0,,,,7,5,2,,,
16/07/2021 01:00,5,3,2,0,0,0,0,0,0,0,0,0,,,,0,0,0,,,,5,3,2,,,
16/07/2021 02:00,4,2,2,2,1,1,0,0,0,0,0,0,,,,0,0,0,,,,3,0,3,,,
16/07/2021 03:00,0,0,0,0,0,0,0,0,0,0,0,0,,,,0,0,0,,,,2,2,0,,,
16/07/2021 04:00,0,0,0,0,0,0,0,0,0,0,0,0,,,,0,0,0,,,,0,0,0,,,
16/07/2021 05:00,5,2,3,3,2,1,0,0,0,0,0,0,,,,0,0,0,,,,4,2,2,,,
16/07/2021 06:00,51,20,31,4,4,0,5,3,2,8,3,5,,,,19,15,4,,,,14,7,7,,,
16/07/2021 07:00,122,61,61,20,10,10,21,16,5,18,5,13,,,,39,23,16,,,,36,16,20,,,
16/07/2021 08:00,130,67,63,40,22,18,29,14,15,20,12,8,,,,52,31,21,,,,36,20,16,,,
16/07/2021 09:00,117,66,51,30,11,19,32,21,11,26,13,13,,,,78,57,21,,,,37,13,24,,,
16/07/2021 10:00,179,95,84,33,13,20,32,13,19,28,14,14,,,,73,41,32,,,,46,23,23,,,
16/07/2021 11:00,288,161,127,68,41,27,42,28,14,55,29,26,,,,132,75,57,,,,58,34,24,,,
16/07/2021 12:00,295,151,144,88,58,30,50,16,34,43,25,18,,,,152,93,59,,,,96,72,24,,,
16/07/2021 13:00,222,125,97,100,43,57,53,36,17,49,14,35,,,,85,44,41,,,,87,59,28,,,
16/07/2021 14:00,265,141,124,85,48,37,67,52,15,36,12,24,,,,61,35,26,,,,49,26,23,,,
16/07/2021 15:00,403,226,177,85,53,32,50,36,14,24,11,13,,,,56,37,19,,,,69,42,27,,,
16/07/2021 16:00,316,151,165,91,43,48,63,33,30,41,16,25,,,,75,45,30,,,,90,53,37,,,
16/07/2021 17:00,332,183,149,106,42,64,68,38,30,32,12,20,,,,91,56,35,,,,74,38,36,,,
16/07/2021 18:00,354,178,176,99,45,54,60,28,32,25,16,9,,,,95,46,49,,,,61,38,23,,,
16/07/2021 19:00,386,168,218,111,56,55,77,35,42,23,11,12,,,,85,47,38,,,,49,21,28,,,
16/07/2021 20:00,394,190,204,70,25,45,61,33,28,23,13,10,,,,79,50,29,,,,55,27,28,,,
16/07/2021 21:00,336,140,196,48,21,27,43,21,22,10,6,4,,,,49,18,31,,,,27,14,13,,,
16/07/2021 22:00,188,84,104,35,12,23,29,13,16,18,11,7,,,,7,2,5,,,,37,26,11,,,
16/07/2021 23:00,85,44,41,19,8,11,30,17,13,9,6,3,,,,1,0,1,,,,33,20,13,,,
17/07/2021 00:00,0,0,0,2,2,0,7,5,2,9,1,8,,,,3,0,3,,,,14,7,7,,,
17/07/2021 01:00,14,8,6,5,2,3,0,0,0,4,0,4,,,,2,0,2,,,,3,1,2,,,
17/07/2021 02:00,2,1,1,0,0,0,9,2,7,0,0,0,,,,1,1,0,,,,5,4,1,,,
17/07/2021 03:00,4,1,3,0,0,0,1,1,0,0,0,0,,,,0,0,0,,,,1,1,0,,,
17/07/2021 04:00,2,1,1,0,0,0,3,1,2,0,0,0,,,,0,0,0,,,,2,1,1,,,
17/07/2021 05:00,9,4,5,0,0,0,2,1,1,0,0,0,,,,2,1,1,,,,5,1,4,,,
17/07/2021 06:00,37,7,30,2,1,1,4,2,2,3,1,2,,,,3,2,1,,,,8,5,3,,,
17/07/2021 07:00,90,46,44,24,14,10,15,9,6,13,7,6,,,,24,13,11,,,,9,3,6,,,
17/07/2021 08:00,158,88,70,63,39,24,23,16,7,15,8,7,,,,44,22,22,,,,31,14,17,,,
17/07/2021 09:00,158,80,78,75,35,40,49,26,23,25,17,8,,,,73,41,32,,,,44,24,20,,,
17/07/2021 10:00,291,159,132,95,59,36,43,28,15,28,11,17,,,,101,58,43,,,,66,41,25,,,
17/07/2021 11:00,344,192,152,101,62,39,53,33,20,43,23,20,,,,111,70,41,,,,48,22,26,,,
17/07/2021 12:00,372,190,182,118,78,40,65,35,30,38,25,13,,,,116,65,51,,,,44,23,21,,,
17/07/2021 13:00,344,213,131,122,78,44,88,53,35,47,22,25,,,,101,56,45,,,,54,33,21,,,
17/07/2021 14:00,528,316,212,143,82,61,72,35,37,18,7,11,,,,62,43,19,,,,59,36,23,,,
17/07/2021 15:00,538,269,269,120,44,76,111,42,69,31,15,16,,,,106,72,34,,,,48,32,16,,,
17/07/2021 16:00,550,302,248,103,53,50,89,46,43,24,9,15,,,,109,65,44,,,,52,32,20,,,
17/07/2021 17:00,528,246,282,165,75,90,64,41,23,33,10,23,,,,83,35,48,,,,59,37,22,,,
17/07/2021 18:00,442,189,253,156,79,77,74,46,28,21,7,14,,,,113,61,52,,,,53,39,14,,,
17/07/2021 19:00,414,162,252,112,43,69,58,34,24,30,25,5,,,,65,34,31,,,,50,23,27,,,
17/07/2021 20:00,369,196,173,73,40,33,58,26,32,13,9,4,,,,56,28,28,,,,53,32,21,,,
17/07/2021 21:00,269,101,168,69,32,37,30,15,15,14,9,5,,,,44,16,28,,,,36,14,22,,,
17/07/2021 22:00,148,66,82,33,21,12,26,13,13,13,7,6,,,,30,23,7,,,,42,23,19,,,
17/07/2021 23:00,49,25,24,12,4,8,23,12,11,7,4,3,,,,8,3,5,,,,22,13,9,,,
18/07/2021 00:00,8,2,6,6,0,6,13,5,8,3,1,2,,,,1,1,0,,,,22,11,11,,,
18/07/2021 01:00,8,2,6,10,1,9,0,0,0,10,6,4,,,,6,2,4,,,,25,9,16,,,
18/07/2021 02:00,7,3,4,1,1,0,1,1,0,0,0,0,,,,1,1,0,,,,9,5,4,,,
18/07/2021 03:00,4,1,3,3,1,2,0,0,0,0,0,0,,,,0,0,0,,,,14,8,6,,,
18/07/2021 04:00,2,0,2,0,0,0,0,0,0,0,0,0,,,,0,0,0,,,,6,4,2,,,
18/07/2021 05:00,4,2,2,6,4,2,1,0,1,1,0,1,,,,6,0,6,,,,6,4,2,,,
18/07/2021 06:00,25,10,15,14,6,8,7,6,1,2,2,0,,,,5,5,0,,,,6,4,2,,,
18/07/2021 07:00,71,40,31,15,11,4,16,12,4,15,6,9,,,,18,8,10,,,,14,8,6,,,
18/07/2021 08:00,124,53,71,57,40,17,27,14,13,22,11,11,,,,54,41,13,,,,23,10,13,,,
18/07/2021 09:00,221,111,110,102,60,42,46,20,26,23,10,13,,,,79,44,35,,,,57,30,27,,,
18/07/2021 10:00,359,176,183,85,45,40,72,37,35,36,20,16,,,,102,76,26,,,,64,40,24,,,
18/07/2021 11:00,459,240,219,101,46,55,68,37,31,42,14,28,,,,123,71,52,,,,57,35,22,,,
18/07/2021 12:00,581,303,278,82,38,44,66,31,35,35,20,15,,,,84,49,35,,,,74,56,18,,,
18/07/2021 13:00,550,290,260,93,61,32,127,75,52,53,29,24,,,,89,53,36,,,,58,35,23,,,
18/07/2021 14:00,638,360,278,96,61,35,94,42,52,38,14,24,,,,91,62,29,,,,65,40,25,,,
18/07/2021 15:00,682,368,314,142,83,59,105,66,39,22,9,13,,,,95,61,34,,,,55,36,19,,,
18/07/2021 16:00,591,278,313,188,80,108,93,60,33,26,11,15,,,,94,59,35,,,,62,39,23,,,
18/07/2021 17:00,538,265,273,124,62,62,77,40,37,37,16,21,,,,109,57,52,,,,52,27,25,,,
18/07/2021 18:00,547,252,295,172,87,85,100,45,55,43,25,18,,,,121,56,65,,,,49,32,17,,,
18/07/2021 19:00,493,196,297,131,38,93,70,41,29,36,18,18,,,,67,39,28,,,,51,29,22,,,
18/07/2021 20:00,366,175,191,87,39,48,45,15,30,33,19,14,,,,55,23,32,,,,63,30,33,,,
18/07/2021 21:00,201,77,124,39,21,18,30,12,18,19,8,11,,,,26,13,13,,,,40,23,17,,,
18/07/2021 22:00,70,30,40,26,7,19,19,12,7,6,5,1,,,,1,1,0,,,,30,12,18,,,
18/07/2021 23:00,22,11,11,13,8,5,12,5,7,4,1,3,,,,0,0,0,,,,19,11,8,,,
19/07/2021 00:00,2,0,2,2,1,1,0,0,0,1,0,1,,,,0,0,0,,,,16,9,7,,,
19/07/2021 01:00,2,2,0,0,0,0,2,1,1,0,0,0,,,,1,1,0,,,,3,1,2,,,
19/07/2021 02:00,1,1,0,0,0,0,4,2,2,0,0,0,,,,0,0,0,,,,4,1,3,,,
19/07/2021 03:00,0,0,0,0,0,0,1,0,1,1,1,0,,,,0,0,0,,,,0,0,0,,,
19/07/2021 04:00,2,1,1,0,0,0,0,0,0,0,0,0,,,,2,1,1,,,,1,0,1,,,
19/07/2021 05:00,8,3,5,3,2,1,3,2,1,2,1,1,,,,1,1,0,,,,4,3,1,,,
19/07/2021 06:00,57,28,29,12,5,7,15,9,6,12,3,9,,,,25,19,6,,,,16,6,10,,,
19/07/2021 07:00,121,56,65,40,18,22,22,10,12,19,10,9,,,,55,34,21,,,,30,17,13,,,
19/07/2021 08:00,130,58,72,56,25,31,38,26,12,19,9,10,,,,62,34,28,,,,35,11,24,,,
19/07/2021 09:00,127,68,59,54,33,21,36,12,24,25,16,9,,,,61,39,22,,,,37,24,13,,,
19/07/2021 10:00,182,94,88,51,31,20,25,13,12,30,20,10,,,,56,36,20,,,,48,28,20,,,
19/07/2021 11:00,220,107,113,66,26,40,41,24,17,23,15,8,,,,56,35,21,,,,44,28,16,,,
19/07/2021 12:00,261,142,119,76,46,30,50,31,19,33,16,17,,,,73,39,34,,,,50,35,15,,,
19/07/2021 13:00,325,179,146,67,45,22,87,55,32,47,18,29,,,,97,51,46,,,,69,46,23,,,
19/07/2021 14:00,291,164,127,59,39,20,57,42,15,39,20,19,,,,80,45,35,,,,51,32,19,,,
19/07/2021 15:00,362,189,173,61,41,20,63,38,25,36,20,16,,,,67,41,26,,,,59,34,25,,,
19/07/2021 16:00,320,152,168,98,47,51,46,25,21,48,21,27,,,,71,36,35,,,,67,46,21,,,
19/07/2021 17:00,341,173,168,70,19,51,71,46,25,29,16,13,,,,92,51,41,,,,54,26,28,,,
19/07/2021 18:00,364,179,185,131,81,50,62,35,27,27,12,15,,,,119,76,43,,,,90,44,46,,,
19/07/2021 19:00,347,153,194,162,81,81,94,46,48,44,24,20,,,,139,79,60,,,,70,37,33,,,
19/07/2021 20:00,373,168,205,214,103,111,63,37,26,40,16,24,,,,100,50,50,,,,68,30,38,,,
19/07/2021 21:00,254,126,128,103,39,64,40,23,17,22,14,8,,,,42,17,25,,,,44,21,23,,,
19/07/2021 22:00,59,24,35,37,10,27,11,5,6,7,0,7,,,,2,1,1,,,,35,18,17,,,
19/07/2021 23:00,32,14,18,7,4,3,8,4,4,3,2,1,,,,2,2,0,,,,19,12,7,,,
20/07/2021 00:00,1,1,0,2,1,1,2,2,0,4,4,0,,,,2,0,2,,,,7,3,4,,,
20/07/2021 01:00,2,0,2,2,2,0,0,0,0,0,0,0,,,,0,0,0,,,,0,0,0,,,
20/07/2021 02:00,0,0,0,1,1,0,1,0,1,0,0,0,,,,1,1,0,,,,16,10,6,,,
20/07/2021 03:00,0,0,0,0,0,0,0,0,0,1,0,1,,,,0,0,0,,,,2,0,2,,,
20/07/2021 04:00,3,3,0,0,0,0,0,0,0,0,0,0,,,,2,0,2,,,,0,0,0,,,
20/07/2021 05:00,14,6,8,3,1,2,4,2,2,2,0,2,,,,3,1,2,,,,2,2,0,,,
20/07/2021 06:00,69,27,42,16,8,8,18,12,6,7,4,3,,,,17,14,3,,,,14,6,8,,,
20/07/2021 07:00,146,78,68,52,27,25,38,18,20,24,13,11,,,,68,37,31,,,,42,18,24,,,
20/07/2021 08:00,155,83,72,66,29,37,50,32,18,27,13,14,,,,82,45,37,,,,41,23,18,,,
20/07/2021 09:00,126,60,66,52,31,21,34,16,18,22,13,9,,,,56,34,22,,,,40,24,16,,,
20/07/2021 10:00,169,98,71,65,30,35,37,20,17,39,25,14,,,,79,49,30,,,,54,42,12,,,
20/07/2021 11:00,265,126,139,94,57,37,34,18,16,41,21,20,,,,85,52,33,,,,67,44,23,,,
20/07/2021 12:00,287,152,135,71,35,36,48,26,22,30,12,18,,,,97,51,46,,,,76,43,33,,,
20/07/2021 13:00,307,172,135,73,38,35,73,37,36,22,10,12,,,,106,55,51,,,,52,36,16,,,
20/07/2021 14:00,311,174,137,60,33,27,72,40,32,28,12,16,,,,64,47,17,,,,61,29,32,,,
20/07/2021 15:00,407,206,201,61,42,19,64,38,26,31,15,16,,,,86,52,34,,,,59,37,22,,,
20/07/2021 16:00,372,196,176,57,27,30,95,57,38,31,14,17,,,,62,29,33,,,,68,34,34,,,
20/07/2021 17:00,334,146,188,76,30,46,82,54,28,30,13,17,,,,89,48,41,,,,74,50,24,,,
20/07/2021 18:00,302,153,149,155,82,73,57,32,25,28,10,18,,,,133,74,59,,,,74,52,22,,,
20/07/2021 19:00,426,196,230,183,93,90,100,48,52,31,15,16,,,,147,90,57,,,,88,50,38,,,
20/07/2021 20:00,488,228,260,207,103,104,90,40,50,55,28,27,,,,107,50,57,,,,79,33,46,,,
20/07/2021 21:00,312,160,152,168,69,99,64,30,34,15,11,4,,,,78,31,47,,,,28,11,17,,,
20/07/2021 22:00,122,58,64,67,15,52,34,15,19,15,10,5,,,,11,7,4,,,,33,11,22,,,
20/07/2021 23:00,46,28,18,8,0,8,10,4,6,4,1,3,,,,8,4,4,,,,30,22,8,,,
21/07/2021 00:00,2,2,0,0,0,0,0,0,0,3,3,0,,,,1,0,1,,,,8,4,4,,,
21/07/2021 01:00,12,6,6,1,1,0,0,0,0,2,1,1,,,,3,0,3,,,,2,1,1,,,
21/07/2021 02:00,2,1,1,2,0,2,0,0,0,0,0,0,,,,0,0,0,,,,2,1,1,,,
21/07/2021 03:00,1,0,1,0,0,0,0,0,0,0,0,0,,,,0,0,0,,,,0,0,0,,,
21/07/2021 04:00,5,4,1,0,0,0,2,2,0,0,0,0,,,,0,0,0,,,,1,0,1,,,
21/07/2021 05:00,15,7,8,5,1,4,2,2,0,2,1,1,,,,5,1,4,,,,11,8,3,,,
21/07/2021 06:00,68,34,34,13,8,5,12,10,2,8,4,4,,,,19,16,3,,,,20,6,14,,,
21/07/2021 07:00,153,79,74,40,18,22,33,20,13,14,9,5,,,,47,30,17,,,,25,14,11,,,
21/07/2021 08:00,137,67,70,68,28,40,46,25,21,19,13,6,,,,71,47,24,,,,42,20,22,,,
21/07/2021 09:00,140,70,70,74,36,38,46,32,14,23,9,14,,,,86,60,26,,,,28,12,16,,,
21/07/2021 10:00,203,112,91,77,45,32,22,12,10,33,21,12,,,,86,56,30,,,,47,29,18,,,
21/07/2021 11:00,215,103,112,78,38,40,35,18,17,40,18,22,,,,95,50,45,,,,59,39,20,,,
21/07/2021 12:00,324,188,136,78,48,30,92,46,46,34,11,23,,,,89,50,39,,,,79,59,20,,,
21/07/2021 13:00,333,190,143,63,29,34,74,45,29,37,18,19,,,,67,36,31,,,,47,22,25,,,
21/07/2021 14:00,341,192,149,58,32,26,70,45,25,43,15,28,,,,66,43,23,,,,47,32,15,,,
21/07/2021 15:00,394,212,182,60,32,28,64,31,33,36,12,24,,,,58,26,32,,,,50,29,21,,,
21/07/2021 16:00,424,209,215,63,34,29,71,29,42,28,6,22,,,,51,29,22,,,,63,40,23,,,
21/07/2021 17:00,379,201,178,66,38,28,75,44,31,26,15,11,,,,106,65,41,,,,69,42,27,,,
21/07/2021 18:00,350,144,206,95,56,39,66,42,24,38,18,20,,,,116,49,67,,,,108,56,52,,,
21/07/2021 19:00,443,197,246,144,83,61,100,62,38,28,7,21,,,,120,76,44,,,,75,50,25,,,
21/07/2021 20:00,486,219,267,194,83,111,86,38,48,36,21,15,,,,85,46,39,,,,62,33,29,,,
21/07/2021 21:00,345,156,189,181,63,118,63,29,34,24,16,8,,,,59,26,33,,,,55,33,22,,,
21/07/2021 22:00,172,81,91,70,13,57,29,18,11,19,5,14,,,,3,2,1,,,,33,17,16,,,
21/07/2021 23:00,52,32,20,12,8,4,14,10,4,14,6,8,,,,6,2,4,,,,20,11,9,,,
22/07/2021 00:00,0,0,0,1,1,0,9,2,7,1,1,0,,,,1,1,0,,,,5,2,3,,,
22/07/2021 01:00,2,2,0,6,1,5,2,2,0,1,1,0,,,,0,0,0,,,,1,0,1,,,
22/07/2021 02:00,5,4,1,0,0,0,0,0,0,0,0,0,,,,0,0,0,,,,0,0,0,,,
22/07/2021 03:00,0,0,0,0,0,0,0,0,0,0,0,0,,,,1,0,1,,,,1,1,0,,,
22/07/2021 04:00,3,1,2,0,0,0,0,0,0,0,0,0,,,,0,0,0,,,,3,1,2,,,
22/07/2021 05:00,19,6,13,2,1,1,3,2,1,1,0,1,,,,3,3,0,,,,2,2,0,,,
22/07/2021 06:00,60,28,32,12,6,6,12,9,3,7,3,4,,,,25,15,10,,,,19,8,11,,,
22/07/2021 07:00,143,79,64,41,28,13,34,15,19,22,11,11,,,,40,24,16,,,,27,16,11,,,
22/07/2021 08:00,141,64,77,64,26,38,53,29,24,23,12,11,,,,62,35,27,,,,41,15,26,,,
22/07/2021 09:00,130,70,60,47,25,22,31,17,14,25,12,13,,,,86,53,33,,,,40,22,18,,,
22/07/2021 10:00,177,77,100,76,36,40,27,15,12,31,22,9,,,,79,37,42,,,,28,12,16,,,
22/07/2021 11:00,247,147,100,92,46,46,51,24,27,34,18,16,,,,72,34,38,,,,20,13,7,,,
22/07/2021 12:00,274,148,126,92,60,32,32,16,16,31,13,18,,,,92,63,29,,,,38,19,19,,,
22/07/2021 13:00,280,128,152,62,32,30,55,29,26,25,11,14,,,,111,61,50,,,,58,31,27,,,
22/07/2021 14:00,255,119,136,66,38,28,55,26,29,34,19,15,,,,57,35,22,,,,49,30,19,,,
22/07/2021 15:00,314,164,150,61,35,26,59,29,30,16,8,8,,,,55,32,23,,,,60,41,19,,,
22/07/2021 16:00,340,182,158,68,36,32,68,45,23,30,8,22,,,,79,39,40,,,,79,42,37,,,
22/07/2021 17:00,285,144,141,66,38,28,49,26,23,28,16,12,,,,81,40,41,,,,93,64,29,,,
22/07/2021 18:00,328,163,165,104,62,42,68,40,28,28,15,13,,,,102,66,36,,,,102,56,46,,,
22/07/2021 19:00,359,169,190,139,71,68,70,40,30,21,11,10,,,,142,74,68,,,,70,31,39,,,
22/07/2021 20:00,389,179,210,162,92,70,65,25,40,47,29,18,,,,83,41,42,,,,88,43,45,,,
22/07/2021 21:00,272,128,144,106,41,65,40,16,24,26,13,13,,,,54,22,32,,,,46,23,23,,,
22/07/2021 22:00,122,61,61,45,11,34,21,11,10,7,4,3,,,,5,3,2,,,,42,21,21,,,
22/07/2021 23:00,35,21,14,6,0,6,4,2,2,9,4,5,,,,6,1,5,,,,20,12,8,,,
23/07/2021 00:00,0,0,0,1,1,0,1,0,1,1,1,0,,,,1,0,1,,,,17,9,8,,,
23/07/2021 01:00,2,0,2,0,0,0,0,0,0,0,0,0,,,,0,0,0,,,,2,0,2,,,
23/07/2021 02:00,1,0,1,2,2,0,0,0,0,0,0,0,,,,0,0,0,,,,2,2,0,,,
23/07/2021 03:00,0,0,0,0,0,0,8,3,5,0,0,0,,,,0,0,0,,,,2,1,1,,,
23/07/2021 04:00,2,1,1,0,0,0,2,0,2,1,0,1,,,,1,1,0,,,,1,1,0,,,
23/07/2021 05:00,16,8,8,6,4,2,7,7,0,2,1,1,,,,3,2,1,,,,1,1,0,,,
23/07/2021 06:00,62,26,36,10,4,6,8,7,1,3,1,2,,,,16,14,2,,,,14,4,10,,,
23/07/2021 07:00,144,82,62,41,26,15,28,16,12,17,9,8,,,,56,32,24,,,,32,15,17,,,
23/07/2021 08:00,135,68,67,55,25,30,42,25,17,22,12,10,,,,57,30,27,,,,45,20,25,,,
23/07/2021 09:00,147,68,79,49,29,20,31,17,14,24,16,8,,,,59,39,20,,,,27,13,14,,,
23/07/2021 10:00,184,85,99,45,20,25,35,18,17,27,13,14,,,,73,40,33,,,,35,16,19,,,
23/07/2021 11:00,233,108,125,60,39,21,36,22,14,42,27,15,,,,68,38,30,,,,39,17,22,,,
23/07/2021 12:00,267,126,141,84,41,43,22,15,7,32,14,18,,,,112,54,58,,,,42,24,18,,,
23/07/2021 13:00,244,126,118,83,37,46,43,20,23,39,20,19,,,,71,38,33,,,,47,32,15,,,
23/07/2021 14:00,254,116,138,57,34,23,27,16,11,37,19,18,,,,88,44,44,,,,75,41,34,,,
23/07/2021 15:00,345,197,148,65,39,26,49,22,27,31,12,19,,,,81,34,47,,,,76,37,39,,,
23/07/2021 16:00,354,173,181,71,32,39,52,32,20,39,23,16,,,,69,41,28,,,,66,31,35,,,
23/07/2021 17:00,301,142,159,83,34,49,67,33,34,27,13,14,,,,79,43,36,,,,76,44,32,,,
23/07/2021 18:00,289,120,169,86,34,52,57,22,35,20,12,8,,,,82,56,26,,,,82,31,51,,,
23/07/2021 19:00,272,134,138,66,30,36,55,20,35,29,17,12,,,,87,54,33,,,,60,24,36,,,
23/07/2021 20:00,321,156,165,66,36,30,66,25,41,22,16,6,,,,59,29,30,,,,44,18,26,,,
23/07/2021 21:00,246,112,134,63,18,45,35,7,28,11,4,7,,,,27,15,12,,,,38,21,17,,,
23/07/2021 22:00,87,39,48,35,22,13,37,14,23,12,8,4,,,,2,0,2,,,,29,16,13,,,
23/07/2021 23:00,34,26,8,23,9,14,18,10,8,6,2,4,,,,4,0,4,,,,19,8,11,,,
24/07/2021 00:00,1,1,0,4,1,3,9,8,1,10,7,3,,,,2,1,1,,,,7,2,5,,,
24/07/2021 01:00,18,5,13,4,4,0,2,0,2,9,1,8,,,,0,0,0,,,,6,3,3,,,
24/07/2021 02:00,5,4,1,2,1,1,7,5,2,0,0,0,,,,1,0,1,,,,21,7,14,,,
24/07/2021 03:00,0,0,0,2,0,2,0,0,0,0,0,0,,,,2,0,2,,,,5,3,2,,,
24/07/2021 04:00,2,1,1,0,0,0,0,0,0,0,0,0,,,,0,0,0,,,,1,1,0,,,
24/07/2021 05:00,11,3,8,2,2,0,3,1,2,0,0,0,,,,2,0,2,,,,2,0,2,,,
24/07/2021 06:00,43,17,26,6,5,1,11,9,2,3,1,2,,,,7,6,1,,,,4,1,3,,,
24/07/2021 07:00,91,39,52,20,13,7,13,10,3,11,6,5,,,,34,16,18,,,,21,8,13,,,
24/07/2021 08:00,115,56,59,33,19,14,32,21,11,25,10,15,,,,33,23,10,,,,22,13,9,,,
24/07/2021 09:00,165,87,78,53,35,18,25,16,9,20,10,10,,,,77,39,38,,,,81,53,28,,,
24/07/2021 10:00,222,110,112,98,52,46,68,30,38,35,18,17,,,,116,62,54,,,,100,78,22,,,
24/07/2021 11:00,247,126,121,65,37,28,75,44,31,42,24,18,,,,143,81,62,,,,114,83,31,,,
24/07/2021 12:00,282,143,139,116,61,55,52,28,24,50,26,24,,,,108,59,49,,,,55,25,30,,,
24/07/2021 13:00,349,172,177,102,60,42,51,23,28,31,13,18,,,,99,51,48,,,,57,23,34,,,
24/07/2021 14:00,269,117,152,78,31,47,61,31,30,24,13,11,,,,92,46,46,,,,69,42,27,,,
24/07/2021 15:00,378,170,208,93,51,42,82,42,40,47,25,22,,,,107,61,46,,,,83,46,37,,,
24/07/2021 16:00,388,186,202,73,25,48,60,34,26,29,12,17,,,,95,43,52,,,,91,43,48,,,
24/07/2021 17:00,337,139,198,78,53,25,46,25,21,37,11,26,,,,86,47,39,,,,66,40,26,,,
24/07/2021 18:00,305,146,159,55,28,27,49,20,29,19,6,13,,,,58,26,32,,,,43,30,13,,,
24/07/2021 19:00,296,116,180,51,11,40,55,28,27,25,11,14,,,,57,24,33,,,,61,30,31,,,
24/07/2021 20:00,264,127,137,29,21,8,38,12,26,13,8,5,,,,52,31,21,,,,30,12,18,,,
24/07/2021 21:00,190,87,103,31,19,12,35,20,15,12,10,2,,,,27,14,13,,,,16,11,5,,,
24/07/2021 22:00,90,51,39,18,4,14,27,14,13,17,6,11,,,,4,1,3,,,,21,11,10,,,
24/07/2021 23:00,33,15,18,19,12,7,9,4,5,6,3,3,,,,2,0,2,,,,23,10,13,,,
25/07/2021 00:00,1,1,0,4,2,2,5,2,3,1,0,1,,,,2,0,2,,,,15,8,7,,,
25/07/2021 01:00,8,4,4,1,0,1,1,1,0,5,1,4,,,,0,0,0,,,,3,1,2,,,
25/07/2021 02:00,0,0,0,1,0,1,1,0,1,0,0,0,,,,0,0,0,,,,3,3,0,,,
25/07/2021 03:00,2,1,1,0,0,0,0,0,0,0,0,0,,,,0,0,0,,,,4,2,2,,,
25/07/2021 04:00,6,5,1,1,1,0,0,0,0,0,0,0,,,,1,0,1,,,,7,3,4,,,
25/07/2021 05:00,10,2,8,5,3,2,7,3,4,0,0,0,,,,0,0,0,,,,1,1,0,,,
25/07/2021 06:00,24,7,17,6,2,4,3,2,1,0,0,0,,,,6,5,1,,,,6,5,1,,,
25/07/2021 07:00,74,34,40,14,6,8,10,8,2,3,0,3,,,,20,12,8,,,,11,5,6,,,
25/07/2021 08:00,115,57,58,25,16,9,22,11,11,10,4,6,,,,31,18,13,,,,19,11,8,,,
25/07/2021 09:00,207,105,102,52,30,22,41,25,16,28,15,13,,,,90,47,43,,,,34,13,21,,,
25/07/2021 10:00,322,178,144,91,54,37,68,34,34,46,25,21,,,,106,68,38,,,,72,46,26,,,
25/07/2021 11:00,538,283,255,122,75,47,57,33,24,43,27,16,,,,135,84,51,,,,107,101,6,,,
25/07/2021 12:00,537,268,269,130,76,54,107,66,41,37,19,18,,,,123,77,46,,,,90,65,25,,,
25/07/2021 13:00,588,340,248,186,108,78,102,54,48,62,29,33,,,,137,85,52,,,,78,51,27,,,
25/07/2021 14:00,771,403,368,135,99,36,107,57,50,46,28,18,,,,137,70,67,,,,64,43,21,,,
25/07/2021 15:00,633,359,274,161,62,99,98,42,56,43,19,24,,,,110,55,55,,,,64,36,28,,,
25/07/2021 16:00,690,371,319,158,65,93,102,64,38,46,13,33,,,,127,59,68,,,,58,36,22,,,
25/07/2021 17:00,587,292,295,132,54,78,111,60,51,34,18,16,,,,107,46,61,,,,66,35,31,,,
25/07/2021 18:00,446,217,229,124,55,69,77,39,38,16,7,9,,,,89,47,42,,,,58,35,23,,,
25/07/2021 19:00,431,204,227,97,46,51,71,35,36,22,12,10,,,,68,21,47,,,,68,40,28,,,
25/07/2021 20:00,317,159,158,83,22,61,39,25,14,34,24,10,,,,65,29,36,,,,51,17,34,,,
25/07/2021 21:00,222,101,121,47,16,31,29,14,15,16,10,6,,,,37,14,23,,,,22,15,7,,,
25/07/2021 22:00,92,45,47,14,7,7,11,10,1,7,5,2,,,,0,0,0,,,,30,8,22,,,
25/07/2021 23:00,17,11,6,4,2,2,6,1,5,8,3,5,,,,3,2,1,,,,12,8,4,,,
26/07/2021 00:00,0,0,0,0,0,0,2,0,2,2,2,0,,,,0,0,0,,,,4,2,2,,,
26/07/2021 01:00,1,0,1,4,2,2,4,2,2,0,0,0,,,,0,0,0,,,,0,0,0,,,
26/07/2021 02:00,1,0,1,0,0,0,0,0,0,0,0,0,,,,0,0,0,,,,6,3,3,,,
26/07/2021 03:00,3,3,0,0,0,0,0,0,0,0,0,0,,,,0,0,0,,,,2,1,1,,,
26/07/2021 04:00,1,1,0,0,0,0,0,0,0,4,1,3,,,,0,0,0,,,,1,0,1,,,
26/07/2021 05:00,7,2,5,0,0,0,1,0,1,2,1,1,,,,0,0,0,,,,3,3,0,,,
26/07/2021 06:00,47,19,28,6,2,4,9,6,3,5,3,2,,,,30,13,17,,,,19,8,11,,,
26/07/2021 07:00,116,59,57,26,14,12,13,10,3,14,4,10,,,,35,25,10,,,,29,13,16,,,
26/07/2021 08:00,133,65,68,46,24,22,50,22,28,23,15,8,,,,47,25,22,,,,36,20,16,,,
26/07/2021 09:00,113,52,61,40,20,20,23,14,9,23,15,8,,,,51,34,17,,,,37,18,19,,,
26/07/2021 10:00,132,59,73,36,26,10,22,12,10,21,12,9,,,,68,49,19,,,,44,31,13,,,
26/07/2021 11:00,198,91,107,39,26,13,31,20,11,40,19,21,,,,79,47,32,,,,45,22,23,,,
26/07/2021 12:00,226,122,104,47,36,11,45,30,15,40,27,13,,,,84,39,45,,,,50,25,25,,,
26/07/2021 13:00,187,98,89,64,31,33,44,17,27,48,24,24,,,,95,48,47,,,,66,27,39,,,
26/07/2021 14:00,238,122,116,73,46,27,31,8,23,28,16,12,,,,70,43,27,,,,43,25,18,,,
26/07/2021 15:00,243,115,128,41,14,27,31,19,12,29,12,17,,,,66,38,28,,,,45,16,29,,,
26/07/2021 16:00,223,114,109,52,25,27,43,26,17,31,20,11,,,,86,24,62,,,,57,24,33,,,
26/07/2021 17:00,165,78,87,42,14,28,44,28,16,31,14,17,,,,56,27,29,,,,77,38,39,,,
26/07/2021 18:00,170,94,76,46,24,22,46,37,9,44,24,20,,,,75,43,32,,,,43,25,18,,,
26/07/2021 19:00,237,122,115,53,28,25,56,26,30,33,18,15,,,,93,51,42,,,,71,34,37,,,
26/07/2021 20:00,177,88,89,36,23,13,35,11,24,22,11,11,,,,65,33,32,,,,57,27,30,,,
26/07/2021 21:00,154,76,78,17,11,6,21,13,8,13,5,8,,,,31,20,11,,,,26,17,9,,,
26/07/2021 22:00,56,32,24,5,3,2,18,8,10,1,1,0,,,,5,3,2,,,,26,7,19,,,
26/07/2021 23:00,16,10,6,0,0,0,3,2,1,2,0,2,,,,2,0,2,,,,10,8,2,,,
27/07/2021 00:00,0,0,0,0,0,0,2,1,1,0,0,0,,,,0,0,0,,,,3,2,1,,,
27/07/2021 01:00,3,1,2,2,0,2,4,0,4,0,0,0,,,,1,1,0,,,,2,2,0,,,
27/07/2021 02:00,2,0,2,0,0,0,0,0,0,0,0,0,,,,0,0,0,,,,0,0,0,,,
27/07/2021 03:00,3,0,3,0,0,0,0,0,0,0,0,0,,,,0,0,0,,,,1,1,0,,,
27/07/2021 04:00,2,1,1,0,0,0,3,3,0,0,0,0,,,,0,0,0,,,,0,0,0,,,
27/07/2021 05:00,10,5,5,1,1,0,1,1,0,0,0,0,,,,0,0,0,,,,4,3,1,,,
27/07/2021 06:00,35,15,20,4,2,2,14,10,4,5,2,3,,,,11,9,2,,,,14,3,11,,,
27/07/2021 07:00,105,52,53,27,18,9,20,13,7,12,5,7,,,,31,15,16,,,,30,14,16,,,
27/07/2021 08:00,115,58,57,24,12,12,41,22,19,27,9,18,,,,69,42,27,,,,28,12,16,,,
27/07/2021 09:00,124,66,58,19,10,9,35,24,11,18,9,9,,,,52,31,21,,,,29,16,13,,,
27/07/2021 10:00,164,75,89,36,19,17,36,17,19,33,18,15,,,,85,58,27,,,,35,18,17,,,
27/07/2021 11:00,250,136,114,24,10,14,45,27,18,37,22,15,,,,85,40,45,,,,68,27,41,,,
27/07/2021 12:00,205,119,86,50,24,26,53,34,19,33,24,9,,,,79,42,37,,,,50,24,26,,,
27/07/2021 13:00,234,87,147,42,27,15,41,23,18,46,18,28,,,,97,58,39,,,,52,28,24,,,
27/07/2021 14:00,209,108,101,47,24,23,42,16,26,34,19,15,,,,78,45,33,,,,47,23,24,,,
27/07/2021 15:00,168,81,87,20,10,10,20,5,15,25,13,12,,,,58,22,36,,,,26,12,14,,,
27/07/2021 16:00,80,40,40,28,16,12,11,8,3,16,5,11,,,,31,12,19,,,,25,11,14,,,
27/07/2021 17:00,63,35,28,45,26,19,19,15,4,24,13,11,,,,42,26,16,,,,31,11,20,,,
27/07/2021 18:00,31,16,15,15,8,7,13,7,6,14,8,6,,,,30,17,13,,,,20,10,10,,,
27/07/2021 19:00,66,38,28,24,10,14,8,5,3,11,5,6,,,,38,22,16,,,,23,12,11,,,
27/07/2021 20:00,82,38,44,15,8,7,14,7,7,10,4,6,,,,21,11,10,,,,20,13,7,,,
27/07/2021 21:00,84,38,46,27,10,17,16,6,10,14,5,9,,,,26,10,16,,,,22,6,16,,,
27/07/2021 22:00,45,22,23,10,3,7,5,1,4,4,2,2,,,,1,1,0,,,,21,9,12,,,
27/07/2021 23:00,18,8,10,0,0,0,2,0,2,0,0,0,,,,2,1,1,,,,7,6,1,,,
28/07/2021 00:00,0,0,0,0,0,0,2,1,1,0,0,0,,,,0,0,0,,,,10,4,6,,,
28/07/2021 01:00,4,0,4,0,0,0,2,0,2,0,0,0,,,,0,0,0,,,,2,1,1,,,
28/07/2021 02:00,0,0,0,0,0,0,0,0,0,0,0,0,,,,0,0,0,,,,0,0,0,,,
28/07/2021 03:00,0,0,0,0,0,0,0,0,0,0,0,0,,,,0,0,0,,,,1,1,0,,,
28/07/2021 04:00,1,1,0,0,0,0,0,0,0,0,0,0,,,,0,0,0,,,,0,0,0,,,
28/07/2021 05:00,10,4,6,3,2,1,1,1,0,4,2,2,,,,1,0,1,,,,3,2,1,,,
28/07/2021 06:00,44,18,26,11,5,6,8,5,3,7,3,4,,,,13,13,0,,,,15,7,8,,,
28/07/2021 07:00,89,55,34,16,7,9,15,8,7,14,7,7,,,,19,9,10,,,,20,7,13,,,
28/07/2021 08:00,78,37,41,27,13,14,14,6,8,15,7,8,,,,39,17,22,,,,22,13,9,,,
28/07/2021 09:00,18,7,11,22,14,8,32,24,8,18,12,6,,,,62,38,24,,,,35,17,18,,,
28/07/2021 10:00,176,83,93,32,16,16,26,11,15,29,14,15,,,,81,57,24,,,,77,55,22,,,
28/07/2021 11:00,121,71,50,23,7,16,27,17,10,33,14,19,,,,65,26,39,,,,48,29,19,,,
28/07/2021 12:00,147,84,63,37,19,18,55,48,7,24,7,17,,,,29,14,15,,,,32,17,15,,,
28/07/2021 13:00,100,39,61,23,11,12,18,12,6,29,18,11,,,,50,26,24,,,,46,27,19,,,
28/07/2021 14:00,133,67,66,26,11,15,22,10,12,26,19,7,,,,30,14,16,,,,64,30,34,,,
28/07/2021 15:00,97,44,53,17,10,7,10,6,4,16,11,5,,,,30,18,12,,,,30,12,18,,,
28/07/2021 16:00,135,54,81,28,14,14,25,9,16,20,6,14,,,,61,34,27,,,,50,27,23,,,
28/07/2021 17:00,117,76,41,29,20,9,29,15,14,28,15,13,,,,41,24,17,,,,40,18,22,,,
28/07/2021 18:00,120,72,48,25,15,10,28,18,10,33,17,16,,,,45,26,19,,,,37,19,18,,,
28/07/2021 19:00,154,76,78,39,18,21,32,18,14,21,15,6,,,,63,34,29,,,,56,29,27,,,
28/07/2021 20:00,193,99,94,39,17,22,30,16,14,20,12,8,,,,51,27,24,,,,33,15,18,,,
28/07/2021 21:00,131,46,85,27,14,13,18,7,11,14,6,8,,,,28,15,13,,,,27,10,17,,,
28/07/2021 22:00,38,21,17,5,1,4,9,2,7,4,2,2,,,,5,2,3,,,,23,13,10,,,
28/07/2021 23:00,15,10,5,4,4,0,2,1,1,5,1,4,,,,2,1,1,,,,18,10,8,,,
29/07/2021 00:00,0,0,0,1,0,1,4,4,0,0,0,0,,,,0,0,0,,,,4,3,1,,,
29/07/2021 01:00,0,0,0,0,0,0,7,2,5,0,0,0,,,,0,0,0,,,,1,0,1,,,
29/07/2021 02:00,0,0,0,0,0,0,0,0,0,0,0,0,,,,0,0,0,,,,1,0,1,,,
29/07/2021 03:00,1,0,1,0,0,0,0,0,0,0,0,0,,,,0,0,0,,,,0,0,0,,,
29/07/2021 04:00,0,0,0,0,0,0,1,0,1,0,0,0,,,,0,0,0,,,,1,0,1,,,
29/07/2021 05:00,5,2,3,4,2,2,1,0,1,0,0,0,,,,1,0,1,,,,3,2,1,,,
29/07/2021 06:00,46,21,25,6,4,2,11,9,2,5,3,2,,,,11,9,2,,,,15,4,11,,,
29/07/2021 07:00,109,59,50,28,11,17,34,17,17,15,7,8,,,,46,32,14,,,,29,10,19,,,
29/07/2021 08:00,116,61,55,29,16,13,44,21,23,21,14,7,,,,48,25,23,,,,32,17,15,,,
29/07/2021 09:00,110,59,51,16,10,6,22,12,10,28,19,9,,,,64,40,24,,,,43,28,15,,,
29/07/2021 10:00,147,60,87,28,16,12,28,17,11,21,12,9,,,,56,36,20,,,,45,23,22,,,
29/07/2021 11:00,224,121,103,32,20,12,43,19,24,37,21,16,,,,64,40,24,,,,48,21,27,,,
29/07/2021 12:00,231,114,117,45,15,30,48,29,19,38,19,19,,,,85,50,35,,,,38,16,22,,,
29/07/2021 13:00,230,119,111,46,23,23,33,17,16,45,15,30,,,,69,28,41,,,,69,33,36,,,
29/07/2021 14:00,189,89,100,39,27,12,31,18,13,40,19,21,,,,66,45,21,,,,67,35,32,,,
29/07/2021 15:00,256,124,132,48,21,27,46,16,30,24,14,10,,,,82,38,44,,,,48,30,18,,,
29/07/2021 16:00,160,73,87,46,26,20,37,26,11,27,11,16,,,,90,49,41,,,,85,41,44,,,
29/07/2021 17:00,152,65,87,35,16,19,59,34,25,29,10,19,,,,74,49,25,,,,120,55,65,,,
29/07/2021 18:00,193,102,91,31,15,16,39,21,18,41,21,20,,,,82,38,44,,,,72,25,47,,,
29/07/2021 19:00,191,82,109,57,27,30,30,21,9,23,9,14,,,,80,33,47,,,,56,22,34,,,
29/07/2021 20:00,212,114,98,40,24,16,40,25,15,16,7,9,,,,75,36,39,,,,55,21,34,,,
29/07/2021 21:00,108,51,57,14,6,8,17,6,11,17,12,5,,,,16,9,7,,,,53,22,31,,,
29/07/2021 22:00,58,43,15,15,6,9,23,10,13,7,3,4,,,,0,0,0,,,,31,19,12,,,
29/07/2021 23:00,19,10,9,7,1,6,1,1,0,5,4,1,,,,2,1,1,,,,17,7,10,,,
30/07/2021 00:00,2,0,2,2,2,0,5,1,4,1,0,1,,,,0,0,0,,,,10,7,3,,,
30/07/2021 01:00,0,0,0,1,1,0,1,1,0,0,0,0,,,,0,0,0,,,,3,1,2,,,
30/07/2021 02:00,0,0,0,0,0,0,0,0,0,0,0,0,,,,0,0,0,,,,0,0,0,,,
30/07/2021 03:00,0,0,0,0,0,0,2,0,2,0,0,0,,,,0,0,0,,,,1,0,1,,,
30/07/2021 04:00,0,0,0,2,0,2,0,0,0,0,0,0,,,,0,0,0,,,,0,0,0,,,
30/07/2021 05:00,0,0,0,0,0,0,0,0,0,1,1,0,,,,0,0,0,,,,0,0,0,,,
30/07/2021 06:00,14,6,8,6,5,1,6,4,2,1,1,0,,,,2,2,0,,,,7,1,6,,,
30/07/2021 07:00,25,13,12,14,6,8,7,3,4,11,3,8,,,,21,9,12,,,,12,6,6,,,
30/07/2021 08:00,39,21,18,16,13,3,13,7,6,11,5,6,,,,13,9,4,,,,17,7,10,,,
30/07/2021 09:00,23,14,9,4,2,2,5,3,2,5,3,2,,,,8,2,6,,,,13,5,8,,,
30/07/2021 10:00,42,25,17,8,5,3,5,5,0,6,2,4,,,,21,11,10,,,,9,5,4,,,
30/07/2021 11:00,49,27,22,16,9,7,14,6,8,21,8,13,,,,19,13,6,,,,17,8,9,,,
30/07/2021 12:00,136,68,68,29,14,15,19,8,11,32,17,15,,,,45,29,16,,,,30,12,18,,,
30/07/2021 13:00,111,64,47,26,14,12,32,18,14,35,18,17,,,,36,22,14,,,,24,13,11,,,
30/07/2021 14:00,112,48,64,24,14,10,30,18,12,31,18,13,,,,29,19,10,,,,30,16,14,,,
30/07/2021 15:00,159,87,72,18,9,9,34,26,8,26,10,16,,,,40,23,17,,,,50,28,22,,,
30/07/2021 16:00,131,66,65,17,6,11,34,10,24,18,6,12,,,,58,28,30,,,,38,16,22,,,
30/07/2021 17:00,154,59,95,25,14,11,36,16,20,22,13,9,,,,53,20,33,,,,66,31,35,,,
30/07/2021 18:00,43,24,19,16,10,6,16,5,11,12,2,10,,,,22,10,12,,,,31,16,15,,,
30/07/2021 19:00,32,16,16,14,7,7,12,6,6,6,5,1,,,,11,6,5,,,,23,8,15,,,
30/07/2021 20:00,39,17,22,6,3,3,8,2,6,5,0,5,,,,12,9,3,,,,19,8,11,,,
30/07/2021 21:00,54,28,26,9,5,4,8,4,4,3,1,2,,,,14,10,4,,,,18,10,8,,,
30/07/2021 22:00,24,11,13,5,2,3,12,4,8,4,2,2,,,,7,2,5,,,,10,6,4,,,
30/07/2021 23:00,10,9,1,5,1,4,4,3,1,2,1,1,,,,3,3,0,,,,14,9,5,,,
31/07/2021 00:00,0,0,0,1,0,1,3,2,1,4,1,3,,,,2,0,2,,,,6,4,2,,,
31/07/2021 01:00,3,2,1,2,0,2,0,0,0,1,0,1,,,,0,0,0,,,,1,1,0,,,
31/07/2021 02:00,21,11,10,1,0,1,2,1,1,0,0,0,,,,0,0,0,,,,3,2,1,,,
31/07/2021 03:00,2,1,1,0,0,0,1,0,1,0,0,0,,,,0,0,0,,,,2,2,0,,,
31/07/2021 04:00,3,3,0,0,0,0,1,0,1,0,0,0,,,,2,2,0,,,,2,1,1,,,
31/07/2021 05:00,9,3,6,1,1,0,3,2,1,1,1,0,,,,4,0,4,,,,1,0,1,,,
31/07/2021 06:00,27,9,18,3,1,2,6,3,3,4,2,2,,,,11,7,4,,,,6,3,3,,,
31/07/2021 07:00,76,35,41,11,6,5,9,5,4,9,6,3,,,,13,9,4,,,,10,7,3,,,
31/07/2021 08:00,84,47,37,33,19,14,21,14,7,19,10,9,,,,19,11,8,,,,16,11,5,,,
31/07/2021 09:00,120,59,61,46,21,25,30,15,15,25,17,8,,,,56,31,25,,,,30,14,16,,,
31/07/2021 10:00,200,81,119,53,21,32,43,22,21,31,20,11,,,,88,54,34,,,,36,19,17,,,
31/07/2021 11:00,240,133,107,44,25,19,53,30,23,56,35,21,,,,88,51,37,,,,49,21,28,,,
31/07/2021 12:00,270,129,141,47,22,25,51,26,25,35,12,23,,,,89,50,39,,,,47,28,19,,,
31/07/2021 13:00,234,112,122,51,23,28,49,27,22,26,14,12,,,,59,27,32,,,,34,16,18,,,
31/07/2021 14:00,275,138,137,44,32,12,43,28,15,42,24,18,,,,75,38,37,,,,72,42,30,,,
31/07/2021 15:00,254,109,145,27,19,8,57,33,24,31,7,24,,,,83,45,38,,,,53,22,31,,,
31/07/2021 16:00,233,111,122,67,42,25,44,20,24,34,20,14,,,,91,46,45,,,,52,21,31,,,
31/07/2021 17:00,132,59,73,29,9,20,26,14,12,17,11,6,,,,34,12,22,,,,27,17,10,,,
31/07/2021 18:00,133,70,63,28,12,16,23,10,13,16,6,10,,,,23,14,9,,,,49,26,23,,,
31/07/2021 19:00,114,63,51,16,4,12,17,8,9,17,11,6,,,,25,12,13,,,,37,20,17,,,
31/07/2021 20:00,111,59,52,8,7,1,20,8,12,9,4,5,,,,13,3,10,,,,59,31,28,,,
31/07/2021 21:00,71,32,39,9,0,9,11,3,8,6,4,2,,,,3,1,2,,,,32,17,15,,,
31/07/2021 22:00,19,13,6,5,3,2,7,2,5,10,4,6,,,,0,0,0,,,,13,5,8,,,
31/07/2021 23:00,11,6,5,6,0,6,7,4,3,7,3,4,,,,13,2,11,,,,7,4,3,,,
01/08/2021 00:00,1,0,1,0,0,0,5,0,5,3,3,0,,,,1,0,1,,,,10,5,5,,,
01/08/2021 01:00,1,0,1,2,1,1,2,0,2,0,0,0,,,,0,0,0,,,,7,5,2,,,
01/08/2021 02:00,1,0,1,0,0,0,2,2,0,0,0,0,,,,0,0,0,,,,6,1,5,,,
01/08/2021 03:00,2,0,2,0,0,0,0,0,0,0,0,0,,,,0,0,0,,,,1,1,0,,,
01/08/2021 04:00,2,1,1,0,0,0,0,0,0,1,0,1,,,,0,0,0,,,,7,4,3,,,
01/08/2021 05:00,1,0,1,2,2,0,0,0,0,0,0,0,,,,0,0,0,,,,1,1,0,,,
01/08/2021 06:00,21,9,12,4,0,4,8,5,3,4,2,2,,,,4,4,0,,,,5,3,2,,,
01/08/2021 07:00,37,17,20,5,4,1,7,4,3,8,7,1,,,,11,8,3,,,,13,4,9,,,
01/08/2021 08:00,88,41,47,20,13,7,10,6,4,10,3,7,,,,27,20,7,,,,14,6,8,,,
01/08/2021 09:00,132,68,64,37,18,19,34,19,15,20,11,9,,,,57,21,36,,,,26,9,17,,,
01/08/2021 10:00,245,118,127,44,19,25,43,22,21,22,12,10,,,,97,62,35,,,,41,20,21,,,
01/08/2021 11:00,420,194,226,78,47,31,50,31,19,48,29,19,,,,86,52,34,,,,39,25,14,,,
01/08/2021 12:00,552,301,251,74,44,30,75,44,31,42,23,19,,,,85,51,34,,,,55,21,34,,,
01/08/2021 13:00,643,348,295,47,28,19,97,61,36,57,22,35,,,,62,34,28,,,,48,20,28,,,
01/08/2021 14:00,597,320,277,80,46,34,96,55,41,58,28,30,,,,105,52,53,,,,51,34,17,,,
01/08/2021 15:00,623,287,336,66,25,41,60,30,30,43,21,22,,,,93,63,30,,,,60,23,37,,,
01/08/2021 16:00,660,319,341,66,29,37,52,23,29,35,18,17,,,,98,53,45,,,,60,30,30,,,
01/08/2021 17:00,453,202,251,46,15,31,53,24,29,27,13,14,,,,81,36,45,,,,50,26,24,,,
01/08/2021 18:00,371,176,195,63,39,24,41,18,23,30,17,13,,,,77,39,38,,,,49,23,26,,,
01/08/2021 19:00,279,131,148,48,30,18,46,16,30,30,15,15,,,,51,20,31,,,,49,19,30,,,
01/08/2021 20:00,238,110,128,30,11,19,31,19,12,13,9,4,,,,60,27,33,,,,33,17,16,,,
01/08/2021 21:00,155,83,72,28,10,18,12,5,7,8,5,3,,,,19,4,15,,,,28,17,11,,,
01/08/2021 22:00,70,36,34,17,6,11,10,6,4,7,1,6,,,,2,2,0,,,,15,7,8,,,
01/08/2021 23:00,10,7,3,3,2,1,8,5,3,4,2,2,,,,2,1,1,,,,22,11,11,,,
02/08/2021 00:00,1,0,1,2,0,2,4,1,3,2,1,1,,,,3,0,3,,,,8,7,1,,,
02/08/2021 01:00,10,4,6,1,1,0,0,0,0,1,0,1,,,,0,0,0,,,,9,7,2,,,
02/08/2021 02:00,4,2,2,0,0,0,1,0,1,0,0,0,,,,0,0,0,,,,3,2,1,,,
02/08/2021 03:00,0,0,0,0,0,0,0,0,0,0,0,0,,,,0,0,0,,,,1,1,0,,,
02/08/2021 04:00,0,0,0,0,0,0,1,1,0,1,1,0,,,,0,0,0,,,,1,1,0,,,
02/08/2021 05:00,5,2,3,0,0,0,0,0,0,0,0,0,,,,0,0,0,,,,2,2,0,,,
02/08/2021 06:00,31,15,16,6,3,3,7,5,2,2,2,0,,,,2,2,0,,,,6,4,2,,,
02/08/2021 07:00,58,29,29,8,1,7,9,4,5,5,1,4,,,,17,8,9,,,,4,3,1,,,
02/08/2021 08:00,81,40,41,26,18,8,29,20,9,9,5,4,,,,33,18,15,,,,21,8,13,,,
02/08/2021 09:00,125,65,60,28,20,8,17,12,5,20,13,7,,,,48,35,13,,,,27,8,19,,,
02/08/2021 10:00,221,113,108,35,17,18,24,10,14,25,14,11,,,,81,45,36,,,,36,20,16,,,
02/08/2021 11:00,384,196,188,68,34,34,46,27,19,35,22,13,,,,98,54,44,,,,51,24,27,,,
02/08/2021 12:00,363,186,177,53,29,24,69,38,31,56,21,35,,,,86,48,38,,,,59,35,24,,,
02/08/2021 13:00,355,170,185,60,31,29,49,28,21,34,13,21,,,,94,52,42,,,,57,30,27,,,
02/08/2021 14:00,353,159,194,73,29,44,60,33,27,35,22,13,,,,85,52,33,,,,54,27,27,,,
02/08/2021 15:00,458,229,229,52,24,28,64,42,22,44,27,17,,,,100,62,38,,,,39,16,23,,,
02/08/2021 16:00,375,182,193,65,23,42,55,26,29,41,24,17,,,,99,50,49,,,,58,32,26,,,
02/08/2021 17:00,307,161,146,46,26,20,56,30,26,39,18,21,,,,59,30,29,,,,66,37,29,,,
02/08/2021 18:00,255,126,129,31,18,13,55,24,31,21,9,12,,,,53,28,25,,,,73,28,45,,,
02/08/2021 19:00,218,105,113,36,19,17,39,15,24,27,12,15,,,,82,33,49,,,,35,15,20,,,
02/08/2021 20:00,236,119,117,34,20,14,43,24,19,30,17,13,,,,46,25,21,,,,39,21,18,,,
02/08/2021 21:00,149,72,77,22,10,12,23,10,13,4,4,0,,,,14,5,9,,,,26,12,14,,,
02/08/2021 22:00,68,32,36,11,3,8,16,10,6,5,2,3,,,,2,0,2,,,,13,7,6,,,
02/08/2021 23:00,18,9,9,2,0,2,6,2,4,3,2,1,,,,2,0,2,,,,6,4,2,,,
03/08/2021 00:00,0,0,0,2,0,2,3,0,3,0,0,0,,,,6,0,6,,,,8,3,5,,,
03/08/2021 01:00,0,0,0,1,1,0,2,1,1,0,0,0,,,,0,0,0,,,,3,2,1,,,
03/08/2021 02:00,0,0,0,0,0,0,0,0,0,0,0,0,,,,0,0,0,,,,0,0,0,,,
03/08/2021 03:00,1,0,1,0,0,0,0,0,0,0,0,0,,,,0,0,0,,,,3,2,1,,,
03/08/2021 04:00,0,0,0,0,0,0,0,0,0,0,0,0,,,,0,0,0,,,,5,3,2,,,
03/08/2021 05:00,10,3,7,2,0,2,1,0,1,0,0,0,,,,3,2,1,,,,2,2,0,,,
03/08/2021 06:00,33,14,19,7,5,2,8,4,4,8,2,6,,,,12,8,4,,,,14,7,7,,,
03/08/2021 07:00,85,48,37,27,17,10,20,10,10,15,9,6,,,,38,23,15,,,,24,11,13,,,
03/08/2021 08:00,91,42,49,13,6,7,30,16,14,20,10,10,,,,57,31,26,,,,27,14,13,,,
03/08/2021 09:00,91,41,50,12,5,7,9,5,4,15,7,8,,,,35,20,15,,,,38,22,16,,,
03/08/2021 10:00,140,69,71,43,23,20,35,21,14,20,7,13,,,,66,44,22,,,,49,27,22,,,
03/08/2021 11:00,215,114,101,43,23,20,32,16,16,36,17,19,,,,81,41,40,,,,33,15,18,,,
03/08/2021 12:00,230,91,139,44,18,26,35,25,10,33,17,16,,,,88,35,53,,,,37,14,23,,,
03/08/2021 13:00,79,37,42,28,10,18,29,12,17,35,18,17,,,,80,37,43,,,,39,24,15,,,
03/08/2021 14:00,176,83,93,17,11,6,28,14,14,24,11,13,,,,36,12,24,,,,32,11,21,,,
03/08/2021 15:00,96,45,51,16,8,8,15,8,7,28,12,16,,,,49,19,30,,,,31,15,16,,,
03/08/2021 16:00,103,56,47,24,17,7,27,15,12,11,6,5,,,,49,37,12,,,,54,35,19,,,
03/08/2021 17:00,170,84,86,46,25,21,51,27,24,34,14,20,,,,64,34,30,,,,63,41,22,,,
03/08/2021 18:00,245,115,130,36,19,17,32,13,19,34,18,16,,,,111,78,33,,,,75,43,32,,,
03/08/2021 19:00,179,106,73,35,15,20,30,14,16,36,20,16,,,,98,49,49,,,,60,28,32,,,
03/08/2021 20:00,194,101,93,46,29,17,20,12,8,24,14,10,,,,53,32,21,,,,40,16,24,,,
03/08/2021 21:00,159,90,69,27,9,18,20,11,9,17,7,10,,,,40,13,27,,,,23,12,11,,,
03/08/2021 22:00,64,36,28,7,4,3,17,13,4,9,5,4,,,,2,1,1,,,,24,15,9,,,
03/08/2021 23:00,14,9,5,3,0,3,16,4,12,7,4,3,,,,2,2,0,,,,19,10,9,,,
04/08/2021 00:00,2,2,0,0,0,0,0,0,0,0,0,0,,,,2,1,1,,,,3,1,2,,,
04/08/2021 01:00,1,1,0,0,0,0,1,0,1,0,0,0,,,,1,1,0,,,,1,1,0,,,
04/08/2021 02:00,1,1,0,0,0,0,0,0,0,0,0,0,,,,0,0,0,,,,0,0,0,,,
04/08/2021 03:00,0,0,0,2,1,1,0,0,0,0,0,0,,,,0,0,0,,,,2,2,0,,,
04/08/2021 04:00,0,0,0,1,1,0,0,0,0,0,0,0,,,,1,1,0,,,,0,0,0,,,
04/08/2021 05:00,9,4,5,1,1,0,0,0,0,2,1,1,,,,0,0,0,,,,3,1,2,,,
04/08/2021 06:00,47,22,25,10,5,5,13,11,2,9,6,3,,,,10,8,2,,,,16,5,11,,,
04/08/2021 07:00,127,57,70,28,14,14,25,14,11,22,9,13,,,,44,25,19,,,,20,9,11,,,
04/08/2021 08:00,103,50,53,37,15,22,29,9,20,19,14,5,,,,47,28,19,,,,34,15,19,,,
04/08/2021 09:00,128,72,56,41,26,15,18,12,6,23,12,11,,,,50,35,15,,,,40,19,21,,,
04/08/2021 10:00,200,110,90,45,25,20,26,13,13,33,17,16,,,,86,52,34,,,,27,15,12,,,
04/08/2021 11:00,289,153,136,34,18,16,32,27,5,42,25,17,,,,86,43,43,,,,48,19,29,,,
04/08/2021 12:00,217,110,107,36,23,13,21,13,8,59,38,21,,,,70,34,36,,,,45,27,18,,,
04/08/2021 13:00,189,93,96,43,24,19,43,25,18,40,23,17,,,,110,50,60,,,,54,29,25,,,
04/08/2021 14:00,220,102,118,46,24,22,38,16,22,25,13,12,,,,54,28,26,,,,47,22,25,,,
04/08/2021 15:00,249,138,111,27,14,13,32,14,18,11,4,7,,,,62,40,22,,,,36,14,22,,,
04/08/2021 16:00,173,89,84,43,25,18,27,14,13,40,14,26,,,,115,71,44,,,,32,17,15,,,
04/08/2021 17:00,209,99,110,20,11,9,34,19,15,31,14,17,,,,80,45,35,,,,56,34,22,,,
04/08/2021 18:00,214,101,113,35,26,9,32,19,13,41,18,23,,,,104,62,42,,,,61,32,29,,,
04/08/2021 19:00,233,123,110,48,23,25,37,20,17,30,10,20,,,,112,63,49,,,,59,27,32,,,
04/08/2021 20:00,228,120,108,42,18,24,23,10,13,18,12,6,,,,77,35,42,,,,51,18,33,,,
04/08/2021 21:00,161,85,76,24,6,18,26,13,13,10,4,6,,,,38,16,22,,,,32,12,20,,,
04/08/2021 22:00,43,17,26,11,2,9,9,2,7,10,2,8,,,,4,2,2,,,,27,12,15,,,
04/08/2021 23:00,21,11,10,7,4,3,3,2,1,2,0,2,,,,8,4,4,,,,4,4,0,,,
05/08/2021 00:00,3,0,3,2,1,1,2,0,2,1,1,0,,,,4,2,2,,,,10,6,4,,,
05/08/2021 01:00,2,1,1,0,0,0,2,2,0,0,0,0,,,,10,8,2,,,,2,2,0,,,
05/08/2021 02:00,1,0,1,2,2,0,1,1,0,0,0,0,,,,0,0,0,,,,1,0,1,,,
05/08/2021 03:00,2,0,2,0,0,0,2,1,1,0,0,0,,,,0,0,0,,,,2,1,1,,,
05/08/2021 04:00,0,0,0,1,1,0,0,0,0,0,0,0,,,,0,0,0,,,,3,3,0,,,
05/08/2021 05:00,6,1,5,0,0,0,0,0,0,1,0,1,,,,1,1,0,,,,2,2,0,,,
05/08/2021 06:00,27,11,16,8,3,5,13,8,5,4,1,3,,,,8,5,3,,,,14,3,11,,,
05/08/2021 07:00,75,36,39,18,7,11,18,5,13,7,3,4,,,,37,21,16,,,,16,7,9,,,
05/08/2021 08:00,36,24,12,22,11,11,19,11,8,16,11,5,,,,38,24,14,,,,28,12,16,,,
05/08/2021 09:00,29,12,17,12,7,5,9,3,6,7,6,1,,,,19,8,11,,,,16,3,13,,,
05/08/2021 10:00,20,11,9,1,1,0,5,3,2,6,3,3,,,,21,12,9,,,,9,4,5,,,
05/08/2021 11:00,9,4,5,5,2,3,5,4,1,9,6,3,,,,19,12,7,,,,8,3,5,,,
05/08/2021 12:00,22,11,11,8,5,3,6,4,2,5,3,2,,,,31,17,14,,,,9,4,5,,,
05/08/2021 13:00,118,66,52,29,16,13,19,12,7,29,20,9,,,,47,26,21,,,,23,12,11,,,
05/08/2021 14:00,135,85,50,30,16,14,19,9,10,17,10,7,,,,35,17,18,,,,47,21,26,,,
05/08/2021 15:00,176,106,70,34,16,18,17,7,10,21,10,11,,,,34,22,12,,,,38,17,21,,,
05/08/2021 16:00,150,83,67,26,6,20,33,19,14,40,16,24,,,,62,31,31,,,,43,20,23,,,
05/08/2021 17:00,117,65,52,25,14,11,30,17,13,20,11,9,,,,26,8,18,,,,52,21,31,,,
05/08/2021 18:00,69,41,28,21,13,8,23,13,10,13,9,4,,,,12,4,8,,,,28,16,12,,,
05/08/2021 19:00,74,30,44,9,4,5,10,3,7,15,5,10,,,,17,6,11,,,,41,26,15,,,
05/08/2021 20:00,157,93,64,26,16,10,13,4,9,17,8,9,,,,23,13,10,,,,41,13,28,,,
05/08/2021 21:00,71,39,32,21,8,13,11,4,7,17,11,6,,,,20,8,12,,,,26,14,12,,,
05/08/2021 22:00,32,10,22,3,1,2,7,2,5,7,1,6,,,,1,1,0,,,,8,6,2,,,
05/08/2021 23:00,7,3,4,2,2,0,3,0,3,4,2,2,,,,1,1,0,,,,13,9,4,,,
06/08/2021 00:00,0,0,0,0,0,0,0,0,0,0,0,0,,,,0,0,0,,,,7,6,1,,,
06/08/2021 01:00,4,2,2,0,0,0,1,1,0,0,0,0,,,,0,0,0,,,,2,1,1,,,
06/08/2021 02:00,3,1,2,1,0,1,1,1,0,0,0,0,,,,0,0,0,,,,0,0,0,,,
06/08/2021 03:00,0,0,0,0,0,0,1,0,1,0,0,0,,,,0,0,0,,,,2,2,0,,,
06/08/2021 04:00,3,2,1,0,0,0,0,0,0,0,0,0,,,,0,0,0,,,,0,0,0,,,
06/08/2021 05:00,4,0,4,0,0,0,0,0,0,0,0,0,,,,4,2,2,,,,0,0,0,,,
06/08/2021 06:00,29,14,15,6,4,2,8,7,1,7,1,6,,,,4,2,2,,,,11,3,8,,,
06/08/2021 07:00,82,40,42,22,11,11,20,14,6,16,11,5,,,,42,24,18,,,,25,10,15,,,
06/08/2021 08:00,90,41,49,23,9,14,29,18,11,14,10,4,,,,33,22,11,,,,39,21,18,,,
06/08/2021 09:00,95,50,45,29,13,16,26,10,16,26,15,11,,,,62,41,21,,,,27,9,18,,,
06/08/2021 10:00,150,74,76,29,12,17,20,16,4,27,17,10,,,,75,41,34,,,,30,13,17,,,
06/08/2021 11:00,216,111,105,17,9,8,27,13,14,36,23,13,,,,73,40,33,,,,40,18,22,,,
06/08/2021 12:00,180,77,103,19,7,12,29,13,16,37,17,20,,,,76,42,34,,,,34,15,19,,,
06/08/2021 13:00,150,76,74,27,10,17,40,18,22,24,9,15,,,,78,39,39,,,,29,12,17,,,
06/08/2021 14:00,165,66,99,25,11,14,15,6,9,40,25,15,,,,64,36,28,,,,44,22,22,,,
06/08/2021 15:00,188,103,85,25,12,13,29,16,13,33,13,20,,,,51,21,30,,,,47,21,26,,,
06/08/2021 16:00,191,93,98,55,38,17,24,17,7,28,12,16,,,,51,32,19,,,,61,34,27,,,
06/08/2021 17:00,141,70,71,54,26,28,35,15,20,24,9,15,,,,81,39,42,,,,38,18,20,,,
06/08/2021 18:00,140,70,70,29,12,17,42,18,24,33,19,14,,,,55,28,27,,,,47,20,27,,,
06/08/2021 19:00,185,102,83,36,17,19,36,19,17,20,9,11,,,,73,41,32,,,,69,39,30,,,
06/08/2021 20:00,150,76,74,29,9,20,20,10,10,21,13,8,,,,52,27,25,,,,53,29,24,,,
06/08/2021 21:00,111,59,52,17,6,11,26,16,10,11,7,4,,,,35,20,15,,,,36,12,24,,,
06/08/2021 22:00,38,19,19,6,2,4,5,4,1,4,3,1,,,,1,0,1,,,,26,11,15,,,
06/08/2021 23:00,25,16,9,8,4,4,9,5,4,5,3,2,,,,1,1,0,,,,8,3,5,,,
07/08/2021 00:00,0,0,0,0,0,0,3,0,3,6,0,6,,,,0,0,0,,,,7,2,5,,,
07/08/2021 01:00,1,0,1,2,0,2,3,3,0,2,1,1,,,,0,0,0,,,,6,4,2,,,
07/08/2021 02:00,2,1,1,1,1,0,0,0,0,0,0,0,,,,0,0,0,,,,14,6,8,,,
07/08/2021 03:00,0,0,0,0,0,0,0,0,0,0,0,0,,,,2,0,2,,,,4,2,2,,,
07/08/2021 04:00,2,0,2,0,0,0,2,2,0,0,0,0,,,,0,0,0,,,,3,1,2,,,
07/08/2021 05:00,5,2,3,2,2,0,5,2,3,0,0,0,,,,0,0,0,,,,1,1,0,,,
07/08/2021 06:00,12,3,9,2,0,2,5,3,2,0,0,0,,,,3,2,1,,,,4,3,1,,,
07/08/2021 07:00,31,15,16,6,0,6,4,0,4,6,2,4,,,,9,6,3,,,,7,4,3,,,
07/08/2021 08:00,73,40,33,17,9,8,21,14,7,12,7,5,,,,30,17,13,,,,9,5,4,,,
07/08/2021 09:00,98,49,49,29,12,17,24,11,13,20,8,12,,,,54,30,24,,,,27,13,14,,,
07/08/2021 10:00,206,107,99,52,28,24,28,16,12,34,15,19,,,,97,63,34,,,,38,20,18,,,
07/08/2021 11:00,144,74,70,65,41,24,18,13,5,28,13,15,,,,48,23,25,,,,39,12,27,,,
07/08/2021 12:00,53,28,25,6,6,0,15,10,5,11,7,4,,,,13,7,6,,,,15,6,9,,,
07/08/2021 13:00,46,21,25,12,7,5,12,7,5,13,4,9,,,,16,10,6,,,,22,10,12,,,
07/08/2021 14:00,126,65,61,25,11,14,23,17,6,26,13,13,,,,52,25,27,,,,35,19,16,,,
07/08/2021 15:00,167,81,86,45,27,18,48,23,25,23,16,7,,,,64,36,28,,,,56,31,25,,,
07/08/2021 16:00,223,109,114,40,19,21,30,19,11,33,9,24,,,,72,43,29,,,,47,21,26,,,
07/08/2021 17:00,192,97,95,28,14,14,20,11,9,24,13,11,,,,60,32,28,,,,49,23,26,,,
07/08/2021 18:00,135,86,49,25,11,14,19,9,10,8,7,1,,,,39,19,20,,,,44,24,20,,,
07/08/2021 19:00,96,46,50,16,5,11,18,8,10,20,9,11,,,,30,10,20,,,,32,16,16,,,
07/08/2021 20:00,100,49,51,17,10,7,21,9,12,12,6,6,,,,13,7,6,,,,22,14,8,,,
07/08/2021 21:00,65,34,31,9,4,5,20,8,12,8,4,4,,,,15,8,7,,,,23,7,16,,,
07/08/2021 22:00,28,11,17,10,4,6,6,2,4,8,2,6,,,,2,2,0,,,,12,7,5,,,
07/08/2021 23:00,16,11,5,2,1,1,5,2,3,2,0,2,,,,2,1,1,,,,15,7,8,,,
08/08/2021 00:00,0,0,0,1,0,1,4,2,2,1,0,1,,,,1,1,0,,,,6,3,3,,,
08/08/2021 01:00,0,0,0,6,1,5,1,0,1,0,0,0,,,,0,0,0,,,,4,1,3,,,
08/08/2021 02:00,0,0,0,0,0,0,0,0,0,0,0,0,,,,0,0,0,,,,13,4,9,,,
08/08/2021 03:00,1,1,0,0,0,0,1,1,0,0,0,0,,,,0,0,0,,,,3,1,2,,,
08/08/2021 04:00,0,0,0,0,0,0,0,0,0,0,0,0,,,,0,0,0,,,,7,4,3,,,
08/08/2021 05:00,2,1,1,0,0,0,3,3,0,0,0,0,,,,0,0,0,,,,5,3,2,,,
08/08/2021 06:00,17,8,9,3,2,1,3,3,0,1,1,0,,,,2,1,1,,,,5,3,2,,,
08/08/2021 07:00,34,16,18,8,8,0,6,5,1,6,1,5,,,,20,10,10,,,,6,5,1,,,
08/08/2021 08:00,77,38,39,40,25,15,24,13,11,17,8,9,,,,24,12,12,,,,12,5,7,,,
08/08/2021 09:00,140,78,62,38,25,13,37,21,16,24,10,14,,,,49,37,12,,,,27,14,13,,,
08/08/2021 10:00,197,110,87,46,27,19,40,22,18,31,17,14,,,,77,46,31,,,,41,24,17,,,
08/08/2021 11:00,315,160,155,51,40,11,46,29,17,34,13,21,,,,100,71,29,,,,47,27,20,,,
08/08/2021 12:00,430,226,204,54,28,26,49,36,13,53,23,30,,,,80,44,36,,,,36,16,20,,,
08/08/2021 13:00,459,215,244,56,35,21,59,21,38,43,23,20,,,,106,58,48,,,,30,12,18,,,
08/08/2021 14:00,627,323,304,60,28,32,75,42,33,58,26,32,,,,85,43,42,,,,41,21,20,,,
08/08/2021 15:00,559,288,271,64,31,33,69,39,30,66,38,28,,,,113,60,53,,,,48,22,26,,,
08/08/2021 16:00,676,352,324,51,25,26,66,26,40,32,15,17,,,,88,47,41,,,,64,38,26,,,
08/08/2021 17:00,510,241,269,64,22,42,65,29,36,48,11,37,,,,103,55,48,,,,74,36,38,,,
08/08/2021 18:00,349,199,150,50,24,26,36,15,21,41,25,16,,,,119,71,48,,,,67,39,28,,,
08/08/2021 19:00,294,140,154,36,14,22,34,18,16,19,12,7,,,,76,36,40,,,,56,25,31,,,
08/08/2021 20:00,248,126,122,32,14,18,33,15,18,14,9,5,,,,45,19,26,,,,50,25,25,,,
08/08/2021 21:00,136,74,62,17,5,12,22,14,8,12,8,4,,,,31,18,13,,,,31,15,16,,,
08/08/2021 22:00,38,29,9,9,5,4,12,8,4,8,3,5,,,,1,0,1,,,,22,10,12,,,
08/08/2021 23:00,7,3,4,2,0,2,5,1,4,3,3,0,,,,1,1,0,,,,13,4,9,,,
09/08/2021 00:00,0,0,0,0,0,0,2,1,1,2,1,1,,,,0,0,0,,,,6,5,1,,,
09/08/2021 01:00,1,0,1,2,0,2,0,0,0,0,0,0,,,,0,0,0,,,,6,3,3,,,
09/08/2021 02:00,0,0,0,0,0,0,0,0,0,0,0,0,,,,0,0,0,,,,2,1,1,,,
09/08/2021 03:00,0,0,0,1,0,1,0,0,0,0,0,0,,,,0,0,0,,,,0,0,0,,,
09/08/2021 04:00,0,0,0,0,0,0,0,0,0,0,0,0,,,,0,0,0,,,,4,2,2,,,
09/08/2021 05:00,4,3,1,0,0,0,0,0,0,1,1,0,,,,1,0,1,,,,0,0,0,,,
09/08/2021 06:00,33,13,20,6,3,3,18,11,7,11,3,8,,,,14,12,2,,,,17,7,10,,,
09/08/2021 07:00,94,48,46,23,15,8,25,10,15,17,5,12,,,,42,22,20,,,,23,11,12,,,
09/08/2021 08:00,110,54,56,24,15,9,37,21,16,16,7,9,,,,42,23,19,,,,56,26,30,,,
09/08/2021 09:00,78,37,41,29,20,9,13,10,3,13,8,5,,,,40,17,23,,,,21,6,15,,,
09/08/2021 10:00,109,46,63,33,16,17,24,9,15,23,17,6,,,,34,21,13,,,,26,12,14,,,
09/08/2021 11:00,137,59,78,33,11,22,25,10,15,30,16,14,,,,52,29,23,,,,41,21,20,,,
09/08/2021 12:00,180,91,89,35,18,17,29,20,9,45,25,20,,,,68,40,28,,,,51,24,27,,,
09/08/2021 13:00,208,91,117,41,25,16,41,13,28,49,19,30,,,,70,43,27,,,,68,23,45,,,
09/08/2021 14:00,186,77,109,35,17,18,47,27,20,21,8,13,,,,69,45,24,,,,24,13,11,,,
09/08/2021 15:00,265,136,129,50,30,20,26,13,13,31,11,20,,,,71,47,24,,,,42,19,23,,,
09/08/2021 16:00,192,99,93,26,13,13,25,15,10,20,7,13,,,,98,42,56,,,,62,33,29,,,
09/08/2021 17:00,174,86,88,37,19,18,32,23,9,36,21,15,,,,85,37,48,,,,56,29,27,,,
09/08/2021 18:00,186,95,91,51,28,23,49,20,29,30,15,15,,,,65,42,23,,,,90,42,48,,,
09/08/2021 19:00,252,110,142,51,22,29,33,16,17,38,15,23,,,,86,47,39,,,,86,39,47,,,
09/08/2021 20:00,265,142,123,32,14,18,48,21,27,28,16,12,,,,70,32,38,,,,56,28,28,,,
09/08/2021 21:00,151,80,71,27,12,15,43,26,17,22,11,11,,,,32,16,16,,,,30,12,18,,,
09/08/2021 22:00,52,31,21,14,8,6,7,4,3,10,6,4,,,,1,1,0,,,,21,11,10,,,
09/08/2021 23:00,12,7,5,4,1,3,4,2,2,5,3,2,,,,1,0,1,,,,29,9,20,,,
10/08/2021 00:00,0,0,0,0,0,0,3,1,2,1,1,0,,,,1,1,0,,,,2,2,0,,,
10/08/2021 01:00,2,1,1,0,0,0,0,0,0,0,0,0,,,,0,0,0,,,,0,0,0,,,
10/08/2021 02:00,3,0,3,0,0,0,2,0,2,0,0,0,,,,2,2,0,,,,2,2,0,,,
10/08/2021 03:00,0,0,0,1,0,1,6,3,3,0,0,0,,,,4,0,4,,,,0,0,0,,,
10/08/2021 04:00,2,1,1,1,0,1,1,0,1,0,0,0,,,,0,0,0,,,,4,4,0,,,
10/08/2021 05:00,5,1,4,0,0,0,0,0,0,0,0,0,,,,5,2,3,,,,3,2,1,,,
10/08/2021 06:00,53,24,29,12,9,3,13,8,5,6,3,3,,,,22,14,8,,,,12,4,8,,,
10/08/2021 07:00,106,55,51,30,15,15,17,11,6,18,8,10,,,,45,24,21,,,,30,18,12,,,
10/08/2021 08:00,105,57,48,34,15,19,37,16,21,22,14,8,,,,49,30,19,,,,44,28,16,,,
10/08/2021 09:00,135,60,75,45,19,26,33,14,19,24,22,2,,,,47,27,20,,,,53,32,21,,,
10/08/2021 10:00,222,93,129,48,28,20,27,19,8,30,14,16,,,,59,37,22,,,,38,17,21,,,
10/08/2021 11:00,257,140,117,43,18,25,30,16,14,33,13,20,,,,92,53,39,,,,46,21,25,,,
10/08/2021 12:00,229,112,117,46,24,22,38,21,17,41,18,23,,,,85,49,36,,,,37,17,20,,,
10/08/2021 13:00,236,115,121,67,25,42,46,25,21,36,18,18,,,,80,44,36,,,,72,40,32,,,
10/08/2021 14:00,303,147,156,51,33,18,38,19,19,25,13,12,,,,84,43,41,,,,43,15,28,,,
10/08/2021 15:00,245,110,135,45,23,22,36,13,23,29,10,19,,,,58,35,23,,,,61,28,33,,,
10/08/2021 16:00,209,104,105,35,12,23,20,7,13,26,12,14,,,,89,36,53,,,,79,33,46,,,
10/08/2021 17:00,173,78,95,46,27,19,40,19,21,40,20,20,,,,80,39,41,,,,72,45,27,,,
10/08/2021 18:00,205,99,106,49,26,23,46,24,22,32,12,20,,,,76,39,37,,,,71,45,26,,,
10/08/2021 19:00,234,118,116,40,12,28,40,22,18,40,21,19,,,,74,47,27,,,,82,39,43,,,
10/08/2021 20:00,275,142,133,34,22,12,41,23,18,15,8,7,,,,56,24,32,,,,64,26,38,,,
10/08/2021 21:00,179,98,81,38,19,19,43,16,27,10,8,2,,,,24,13,11,,,,35,11,24,,,
10/08/2021 22:00,55,34,21,11,5,6,9,6,3,8,6,2,,,,0,0,0,,,,26,9,17,,,
10/08/2021 23:00,14,6,8,4,1,3,7,5,2,3,2,1,,,,3,1,2,,,,8,7,1,,,
11/08/2021 00:00,0,0,0,0,0,0,2,2,0,0,0,0,,,,2,0,2,,,,5,3,2,,,
11/08/2021 01:00,5,5,0,1,0,1,0,0,0,3,0,3,,,,0,0,0,,,,4,4,0,,,
11/08/2021 02:00,3,1,2,0,0,0,1,0,1,0,0,0,,,,0,0,0,,,,0,0,0,,,
11/08/2021 03:00,0,0,0,0,0,0,3,2,1,0,0,0,,,,1,0,1,,,,1,1,0,,,
11/08/2021 04:00,1,1,0,0,0,0,0,0,0,1,1,0,,,,1,0,1,,,,1,1,0,,,
11/08/2021 05:00,9,3,6,4,4,0,0,0,0,1,0,1,,,,4,3,1,,,,1,1,0,,,
11/08/2021 06:00,24,7,17,6,2,4,9,3,6,9,4,5,,,,13,9,4,,,,13,7,6,,,
11/08/2021 07:00,65,35,30,31,13,18,12,6,6,23,11,12,,,,27,14,13,,,,23,12,11,,,
11/08/2021 08:00,95,48,47,37,17,20,40,22,18,14,8,6,,,,55,29,26,,,,37,17,20,,,
11/08/2021 09:00,114,56,58,26,13,13,22,11,11,18,12,6,,,,32,19,13,,,,25,9,16,,,
11/08/2021 10:00,118,50,68,20,4,16,21,16,5,22,8,14,,,,55,34,21,,,,36,21,15,,,
11/08/2021 11:00,147,71,76,26,14,12,27,9,18,34,14,20,,,,49,25,24,,,,50,21,29,,,
11/08/2021 12:00,119,75,44,22,13,9,23,10,13,20,11,9,,,,34,15,19,,,,30,9,21,,,
11/08/2021 13:00,68,35,33,23,15,8,12,7,5,16,4,12,,,,13,8,5,,,,20,9,11,,,
11/08/2021 14:00,83,39,44,25,19,6,22,18,4,27,14,13,,,,39,24,15,,,,25,15,10,,,
11/08/2021 15:00,161,85,76,41,23,18,31,19,12,25,13,12,,,,56,29,27,,,,28,16,12,,,
11/08/2021 16:00,251,121,130,43,24,19,43,29,14,33,12,21,,,,72,36,36,,,,55,29,26,,,
11/08/2021 17:00,217,94,123,41,17,24,55,25,30,32,12,20,,,,99,62,37,,,,65,23,42,,,
11/08/2021 18:00,222,108,114,67,31,36,51,27,24,30,18,12,,,,84,56,28,,,,86,51,35,,,
11/08/2021 19:00,305,140,165,61,35,26,47,22,25,26,16,10,,,,86,55,31,,,,77,36,41,,,
11/08/2021 20:00,291,148,143,54,19,35,63,34,29,16,13,3,,,,86,35,51,,,,68,29,39,,,
11/08/2021 21:00,181,99,82,22,7,15,21,10,11,11,8,3,,,,43,15,28,,,,56,18,38,,,
11/08/2021 22:00,56,29,27,7,2,5,16,8,8,7,2,5,,,,10,5,5,,,,28,11,17,,,
11/08/2021 23:00,17,10,7,5,0,5,2,1,1,9,1,8,,,,2,2,0,,,,11,8,3,,,
12/08/2021 00:00,1,1,0,2,2,0,2,1,1,3,1,2,,,,1,0,1,,,,5,3,2,,,
12/08/2021 01:00,5,2,3,3,1,2,1,1,0,0,0,0,,,,0,0,0,,,,1,1,0,,,
12/08/2021 02:00,6,4,2,1,0,1,1,1,0,0,0,0,,,,1,1,0,,,,5,2,3,,,
12/08/2021 03:00,0,0,0,0,0,0,0,0,0,0,0,0,,,,0,0,0,,,,1,1,0,,,
12/08/2021 04:00,0,0,0,0,0,0,0,0,0,0,0,0,,,,2,2,0,,,,1,1,0,,,
12/08/2021 05:00,8,2,6,0,0,0,0,0,0,0,0,0,,,,2,0,2,,,,3,2,1,,,
12/08/2021 06:00,37,13,24,5,2,3,3,3,0,12,5,7,,,,12,7,5,,,,10,7,3,,,
12/08/2021 07:00,91,51,40,29,14,15,17,7,10,18,7,11,,,,50,31,19,,,,21,8,13,,,
12/08/2021 08:00,123,61,62,33,17,16,31,15,16,18,12,6,,,,68,41,27,,,,31,17,14,,,
12/08/2021 09:00,98,45,53,32,16,16,28,14,14,25,13,12,,,,53,29,24,,,,25,10,15,,,
12/08/2021 10:00,154,77,77,36,20,16,29,10,19,30,21,9,,,,81,53,28,,,,39,24,15,,,
12/08/2021 11:00,204,108,96,33,25,8,42,33,9,22,10,12,,,,77,45,32,,,,48,22,26,,,
12/08/2021 12:00,201,111,90,44,25,19,37,23,14,39,21,18,,,,85,48,37,,,,49,24,25,,,
12/08/2021 13:00,206,102,104,34,16,18,33,20,13,34,20,14,,,,54,21,33,,,,73,36,37,,,
12/08/2021 14:00,171,80,91,39,23,16,33,19,14,40,14,26,,,,64,40,24,,,,41,25,16,,,
12/08/2021 15:00,171,85,86,31,13,18,32,14,18,30,10,20,,,,55,25,30,,,,51,24,27,,,
12/08/2021 16:00,150,69,81,43,23,20,25,13,12,21,7,14,,,,41,23,18,,,,45,22,23,,,
12/08/2021 17:00,160,73,87,57,28,29,40,32,8,35,15,20,,,,65,31,34,,,,76,34,42,,,
12/08/2021 18:00,213,97,116,40,17,23,35,21,14,36,15,21,,,,97,61,36,,,,66,44,22,,,
12/08/2021 19:00,268,136,132,55,34,21,41,23,18,29,13,16,,,,120,75,45,,,,75,36,39,,,
12/08/2021 20:00,276,144,132,34,17,17,33,16,17,43,23,20,,,,66,27,39,,,,43,16,27,,,
12/08/2021 21:00,152,82,70,27,3,24,43,20,23,8,5,3,,,,32,10,22,,,,66,23,43,,,
12/08/2021 22:00,43,23,20,9,5,4,23,12,11,3,3,0,,,,8,4,4,,,,17,7,10,,,
12/08/2021 23:00,17,10,7,4,3,1,10,2,8,3,3,0,,,,3,2,1,,,,12,6,6,,,
13/08/2021 00:00,0,0,0,1,0,1,2,0,2,3,0,3,,,,0,0,0,,,,6,2,4,,,
13/08/2021 01:00,1,1,0,2,0,2,2,0,2,1,0,1,,,,0,0,0,,,,2,2,0,,,
13/08/2021 02:00,1,0,1,0,0,0,0,0,0,0,0,0,,,,0,0,0,,,,3,2,1,,,
13/08/2021 03:00,0,0,0,0,0,0,2,0,2,0,0,0,,,,0,0,0,,,,2,1,1,,,
13/08/2021 04:00,3,0,3,0,0,0,0,0,0,1,1,0,,,,0,0,0,,,,1,1,0,,,
13/08/2021 05:00,4,1,3,0,0,0,0,0,0,0,0,0,,,,6,2,4,,,,4,3,1,,,
13/08/2021 06:00,35,15,20,5,4,1,8,3,5,5,1,4,,,,7,4,3,,,,13,3,10,,,
13/08/2021 07:00,110,51,59,24,10,14,26,15,11,20,8,12,,,,27,16,11,,,,32,14,18,,,
13/08/2021 08:00,125,67,58,35,21,14,40,15,25,27,13,14,,,,38,24,14,,,,33,19,14,,,
13/08/2021 09:00,137,63,74,33,14,19,10,6,4,25,19,6,,,,63,30,33,,,,66,53,13,,,
13/08/2021 10:00,162,84,78,44,14,30,22,13,9,31,14,17,,,,67,42,25,,,,103,86,17,,,
13/08/2021 11:00,222,110,112,31,19,12,24,18,6,27,11,16,,,,78,34,44,,,,49,31,18,,,
13/08/2021 12:00,279,138,141,38,23,15,47,25,22,27,14,13,,,,59,29,30,,,,62,33,29,,,
13/08/2021 13:00,265,137,128,60,34,26,42,25,17,27,16,11,,,,66,38,28,,,,43,16,27,,,
13/08/2021 14:00,258,119,139,44,18,26,24,18,6,36,18,18,,,,53,40,13,,,,52,21,31,,,
13/08/2021 15:00,224,128,96,42,30,12,29,16,13,24,10,14,,,,72,37,35,,,,67,27,40,,,
13/08/2021 16:00,285,128,157,50,33,17,44,22,22,41,23,18,,,,84,42,42,,,,61,21,40,,,
13/08/2021 17:00,220,101,119,59,30,29,44,18,26,26,8,18,,,,65,36,29,,,,66,33,33,,,
13/08/2021 18:00,206,95,111,35,22,13,48,24,24,37,16,21,,,,78,32,46,,,,59,35,24,,,
13/08/2021 19:00,168,79,89,61,23,38,44,24,20,25,12,13,,,,47,25,22,,,,47,26,21,,,
13/08/2021 20:00,171,88,83,53,26,27,42,17,25,19,9,10,,,,38,24,14,,,,42,24,18,,,
13/08/2021 21:00,102,52,50,17,1,16,28,11,17,10,7,3,,,,34,15,19,,,,27,10,17,,,
13/08/2021 22:00,45,24,21,15,8,7,10,4,6,5,3,2,,,,10,4,6,,,,21,12,9,,,
13/08/2021 23:00,15,7,8,9,3,6,12,5,7,1,0,1,,,,3,3,0,,,,46,21,25,,,
14/08/2021 00:00,0,0,0,0,0,0,6,1,5,1,0,1,,,,1,0,1,,,,31,15,16,,,
14/08/2021 01:00,10,8,2,3,0,3,0,0,0,2,0,2,,,,2,2,0,,,,15,5,10,,,
14/08/2021 02:00,3,2,1,0,0,0,2,2,0,0,0,0,,,,0,0,0,,,,2,2,0,,,
14/08/2021 03:00,3,3,0,0,0,0,0,0,0,0,0,0,,,,0,0,0,,,,2,2,0,,,
14/08/2021 04:00,2,1,1,0,0,0,0,0,0,0,0,0,,,,0,0,0,,,,1,0,1,,,
14/08/2021 05:00,9,4,5,1,1,0,2,1,1,0,0,0,,,,2,0,2,,,,1,1,0,,,
14/08/2021 06:00,22,7,15,3,0,3,3,1,2,4,2,2,,,,5,3,2,,,,5,3,2,,,
14/08/2021 07:00,38,15,23,8,2,6,7,3,4,9,5,4,,,,26,12,14,,,,13,7,6,,,
14/08/2021 08:00,68,36,32,33,18,15,23,19,4,6,3,3,,,,29,18,11,,,,26,14,12,,,
14/08/2021 09:00,83,32,51,28,15,13,29,11,18,14,9,5,,,,32,20,12,,,,22,9,13,,,
14/08/2021 10:00,95,43,52,27,12,15,22,16,6,7,6,1,,,,23,11,12,,,,36,22,14,,,
14/08/2021 11:00,131,76,55,31,10,21,21,14,7,24,10,14,,,,33,18,15,,,,36,21,15,,,
14/08/2021 12:00,152,81,71,39,21,18,35,22,13,33,13,20,,,,38,18,20,,,,52,20,32,,,
14/08/2021 13:00,154,69,85,27,13,14,31,17,14,32,22,10,,,,39,22,17,,,,32,19,13,,,
14/08/2021 14:00,131,63,68,18,12,6,21,17,4,17,11,6,,,,29,17,12,,,,30,14,16,,,
14/08/2021 15:00,197,90,107,52,25,27,28,13,15,26,11,15,,,,50,25,25,,,,29,10,19,,,
14/08/2021 16:00,197,103,94,29,17,12,27,10,17,20,13,7,,,,41,18,23,,,,25,14,11,,,
14/08/2021 17:00,154,86,68,37,18,19,31,18,13,35,15,20,,,,35,22,13,,,,37,18,19,,,
14/08/2021 18:00,99,45,54,15,3,12,17,7,10,25,9,16,,,,29,13,16,,,,39,28,11,,,
14/08/2021 19:00,82,34,48,18,8,10,13,6,7,17,9,8,,,,6,3,3,,,,33,21,12,,,
14/08/2021 20:00,71,36,35,18,10,8,8,4,4,8,5,3,,,,21,7,14,,,,25,10,15,,,
14/08/2021 21:00,54,26,28,8,4,4,9,2,7,4,1,3,,,,5,2,3,,,,20,13,7,,,
14/08/2021 22:00,35,22,13,5,1,4,14,7,7,3,1,2,,,,0,0,0,,,,15,6,9,,,
14/08/2021 23:00,17,11,6,3,2,1,2,1,1,6,4,2,,,,3,1,2,,,,17,9,8,,,
15/08/2021 00:00,0,0,0,3,3,0,0,0,0,2,0,2,,,,0,0,0,,,,4,1,3,,,
15/08/2021 01:00,0,0,0,0,0,0,3,3,0,4,2,2,,,,1,1,0,,,,14,7,7,,,
15/08/2021 02:00,0,0,0,3,1,2,2,2,0,0,0,0,,,,0,0,0,,,,9,5,4,,,
15/08/2021 03:00,7,5,2,0,0,0,1,1,0,2,0,2,,,,0,0,0,,,,6,3,3,,,
15/08/2021 04:00,0,0,0,2,1,1,0,0,0,0,0,0,,,,0,0,0,,,,4,3,1,,,
15/08/2021 05:00,1,1,0,0,0,0,0,0,0,2,2,0,,,,1,1,0,,,,1,1,0,,,
15/08/2021 06:00,18,7,11,6,1,5,5,4,1,0,0,0,,,,6,4,2,,,,4,4,0,,,
15/08/2021 07:00,41,17,24,6,5,1,8,6,2,7,3,4,,,,14,8,6,,,,4,1,3,,,
15/08/2021 08:00,94,38,56,22,12,10,24,9,15,17,4,13,,,,31,17,14,,,,19,10,9,,,
15/08/2021 09:00,181,85,96,43,22,21,24,12,12,16,9,7,,,,51,26,25,,,,44,19,25,,,
15/08/2021 10:00,269,130,139,57,31,26,38,18,20,29,13,16,,,,117,73,44,,,,47,23,24,,,
15/08/2021 11:00,398,193,205,72,38,34,64,41,23,41,20,21,,,,119,66,53,,,,52,28,24,,,
15/08/2021 12:00,517,275,242,68,40,28,59,33,26,57,30,27,,,,86,48,38,,,,48,24,24,,,
15/08/2021 13:00,567,306,261,61,39,22,76,33,43,42,21,21,,,,72,41,31,,,,65,32,33,,,
15/08/2021 14:00,627,339,288,73,52,21,92,52,40,48,32,16,,,,94,61,33,,,,55,25,30,,,
15/08/2021 15:00,530,283,247,60,42,18,63,34,29,51,25,26,,,,98,54,44,,,,47,25,22,,,
15/08/2021 16:00,309,154,155,62,27,35,63,29,34,40,17,23,,,,64,24,40,,,,52,21,31,,,
15/08/2021 17:00,271,120,151,37,19,18,29,15,14,23,9,14,,,,66,30,36,,,,32,11,21,,,
15/08/2021 18:00,263,138,125,45,19,26,37,15,22,26,10,16,,,,71,34,37,,,,37,16,21,,,
15/08/2021 19:00,177,93,84,36,10,26,28,13,15,11,9,2,,,,51,25,26,,,,52,26,26,,,
15/08/2021 20:00,183,90,93,28,15,13,22,10,12,16,5,11,,,,40,18,22,,,,39,18,21,,,
15/08/2021 21:00,81,45,36,19,7,12,12,5,7,11,5,6,,,,7,4,3,,,,30,8,22,,,
15/08/2021 22:00,25,17,8,10,4,6,10,6,4,4,2,2,,,,2,2,0,,,,14,6,8,,,
15/08/2021 23:00,5,4,1,4,3,1,8,1,7,2,1,1,,,,2,1,1,,,,12,6,6,,,
16/08/2021 00:00,0,0,0,0,0,0,1,0,1,0,0,0,,,,0,0,0,,,,5,2,3,,,
16/08/2021 01:00,0,0,0,0,0,0,0,0,0,1,1,0,,,,0,0,0,,,,1,1,0,,,
16/08/2021 02:00,0,0,0,0,0,0,2,0,2,0,0,0,,,,0,0,0,,,,0,0,0,,,
16/08/2021 03:00,0,0,0,0,0,0,0,0,0,0,0,0,,,,0,0,0,,,,1,1,0,,,
16/08/2021 04:00,10,3,7,0,0,0,0,0,0,0,0,0,,,,0,0,0,,,,0,0,0,,,
16/08/2021 05:00,7,4,3,2,1,1,0,0,0,1,1,0,,,,1,1,0,,,,0,0,0,,,
16/08/2021 06:00,31,10,21,3,2,1,10,6,4,5,2,3,,,,11,10,1,,,,10,4,6,,,
16/08/2021 07:00,100,49,51,23,14,9,17,4,13,27,14,13,,,,29,17,12,,,,28,13,15,,,
16/08/2021 08:00,129,62,67,23,9,14,27,14,13,14,9,5,,,,40,25,15,,,,36,20,16,,,
16/08/2021 09:00,105,52,53,33,18,15,20,6,14,24,14,10,,,,17,9,8,,,,15,6,9,,,
16/08/2021 10:00,131,58,73,33,23,10,24,13,11,24,15,9,,,,64,45,19,,,,37,18,19,,,
16/08/2021 11:00,162,80,82,44,26,18,31,21,10,41,18,23,,,,66,34,32,,,,47,24,23,,,
16/08/2021 12:00,203,102,101,34,21,13,74,35,39,43,21,22,,,,45,25,20,,,,50,28,22,,,
16/08/2021 13:00,158,71,87,36,13,23,42,17,25,34,20,14,,,,45,25,20,,,,51,22,29,,,
16/08/2021 14:00,198,91,107,25,11,14,19,16,3,29,13,16,,,,50,25,25,,,,32,15,17,,,
16/08/2021 15:00,229,123,106,35,19,16,21,15,6,21,13,8,,,,77,50,27,,,,64,29,35,,,
16/08/2021 16:00,209,95,114,34,21,13,40,17,23,20,12,8,,,,71,32,39,,,,55,27,28,,,
16/08/2021 17:00,171,100,71,43,31,12,30,14,16,29,13,16,,,,68,29,39,,,,60,35,25,,,
16/08/2021 18:00,152,71,81,53,18,35,37,16,21,35,17,18,,,,67,38,29,,,,47,29,18,,,
16/08/2021 19:00,181,85,96,34,19,15,34,18,16,30,11,19,,,,60,31,29,,,,41,18,23,,,
16/08/2021 20:00,191,99,92,44,24,20,24,10,14,18,8,10,,,,64,32,32,,,,54,23,31,,,
16/08/2021 21:00,89,47,42,21,6,15,13,7,6,6,3,3,,,,6,5,1,,,,28,16,12,,,
16/08/2021 22:00,31,18,13,8,5,3,9,1,8,3,2,1,,,,1,0,1,,,,24,10,14,,,
16/08/2021 23:00,12,5,7,2,0,2,1,0,1,1,1,0,,,,0,0,0,,,,14,8,6,,,
17/08/2021 00:00,0,0,0,0,0,0,1,0,1,0,0,0,,,,1,1,0,,,,15,9,6,,,
17/08/2021 01:00,3,1,2,6,3,3,3,0,3,1,0,1,,,,0,0,0,,,,1,0,1,,,
17/08/2021 02:00,1,1,0,1,0,1,2,0,2,0,0,0,,,,0,0,0,,,,1,0,1,,,
17/08/2021 03:00,0,0,0,0,0,0,2,1,1,0,0,0,,,,0,0,0,,,,0,0,0,,,
17/08/2021 04:00,1,0,1,0,0,0,1,0,1,0,0,0,,,,0,0,0,,,,1,1,0,,,
17/08/2021 05:00,11,5,6,0,0,0,0,0,0,1,1,0,,,,2,1,1,,,,5,3,2,,,
17/08/2021 06:00,30,12,18,9,5,4,11,5,6,9,3,6,,,,18,11,7,,,,22,10,12,,,
17/08/2021 07:00,94,53,41,36,10,26,22,10,12,13,5,8,,,,37,23,14,,,,32,16,16,,,
17/08/2021 08:00,105,51,54,37,14,23,29,15,14,21,12,9,,,,38,25,13,,,,34,21,13,,,
17/08/2021 09:00,117,58,59,28,16,12,24,9,15,20,16,4,,,,49,29,20,,,,23,12,11,,,
17/08/2021 10:00,114,62,52,38,22,16,19,15,4,16,3,13,,,,45,35,10,,,,32,15,17,,,
17/08/2021 11:00,211,91,120,33,20,13,37,19,18,37,13,24,,,,57,24,33,,,,36,20,16,,,
17/08/2021 12:00,209,95,114,47,22,25,44,21,23,41,15,26,,,,62,42,20,,,,52,29,23,,,
17/08/2021 13:00,196,92,104,38,20,18,37,19,18,32,13,19,,,,74,46,28,,,,63,32,31,,,
17/08/2021 14:00,251,112,139,25,16,9,46,22,24,25,9,16,,,,49,31,18,,,,53,32,21,,,
17/08/2021 15:00,200,96,104,55,28,27,25,15,10,24,11,13,,,,54,26,28,,,,44,15,29,,,
17/08/2021 16:00,216,93,123,34,22,12,34,15,19,39,17,22,,,,77,44,33,,,,56,25,31,,,
17/08/2021 17:00,174,81,93,49,24,25,37,16,21,38,19,19,,,,85,42,43,,,,57,33,24,,,
17/08/2021 18:00,197,102,95,54,32,22,55,24,31,36,16,20,,,,77,43,34,,,,87,55,32,,,
17/08/2021 19:00,219,100,119,60,35,25,40,22,18,40,17,23,,,,63,35,28,,,,76,28,48,,,
17/08/2021 20:00,223,123,100,39,20,19,31,16,15,30,12,18,,,,55,24,31,,,,57,22,35,,,
17/08/2021 21:00,88,44,44,27,10,17,17,7,10,9,5,4,,,,7,6,1,,,,45,23,22,,,
17/08/2021 22:00,42,24,18,4,3,1,7,3,4,6,5,1,,,,1,0,1,,,,20,7,13,,,
17/08/2021 23:00,2,1,1,3,0,3,7,4,3,1,0,1,,,,0,0,0,,,,10,8,2,,,
18/08/2021 00:00,0,0,0,1,1,0,0,0,0,1,0,1,,,,0,0,0,,,,6,3,3,,,
18/08/2021 01:00,0,0,0,0,0,0,0,0,0,0,0,0,,,,1,0,1,,,,1,1,0,,,
18/08/2021 02:00,1,0,1,0,0,0,0,0,0,0,0,0,,,,0,0,0,,,,0,0,0,,,
18/08/2021 03:00,1,0,1,0,0,0,0,0,0,0,0,0,,,,0,0,0,,,,1,1,0,,,
18/08/2021 04:00,0,0,0,0,0,0,0,0,0,0,0,0,,,,0,0,0,,,,0,0,0,,,
18/08/2021 05:00,7,2,5,0,0,0,0,0,0,3,0,3,,,,2,2,0,,,,3,2,1,,,
18/08/2021 06:00,35,16,19,7,2,5,13,10,3,10,6,4,,,,12,11,1,,,,19,7,12,,,
18/08/2021 07:00,110,53,57,21,8,13,16,8,8,19,7,12,,,,43,26,17,,,,41,22,19,,,
18/08/2021 08:00,114,58,56,37,18,19,31,14,17,20,11,9,,,,50,30,20,,,,34,18,16,,,
18/08/2021 09:00,113,58,55,50,27,23,28,23,5,21,11,10,,,,47,29,18,,,,36,20,16,,,
18/08/2021 10:00,139,77,62,47,24,23,28,20,8,17,5,12,,,,41,24,17,,,,34,14,20,,,
18/08/2021 11:00,178,88,90,45,27,18,23,12,11,51,25,26,,,,65,39,26,,,,40,21,19,,,
18/08/2021 12:00,197,95,102,32,20,12,42,23,19,48,28,20,,,,57,35,22,,,,54,31,23,,,
18/08/2021 13:00,195,101,94,42,23,19,36,19,17,32,14,18,,,,56,34,22,,,,52,20,32,,,
18/08/2021 14:00,190,85,105,45,15,30,37,21,16,26,13,13,,,,80,41,39,,,,39,19,20,,,
18/08/2021 15:00,194,110,84,25,14,11,37,15,22,27,12,15,,,,66,36,30,,,,52,26,26,,,
18/08/2021 16:00,214,105,109,42,17,25,34,18,16,14,5,9,,,,65,34,31,,,,65,27,38,,,
18/08/2021 17:00,193,83,110,30,10,20,32,10,22,33,13,20,,,,78,34,44,,,,65,29,36,,,
18/08/2021 18:00,204,99,105,35,16,19,37,23,14,21,7,14,,,,82,46,36,,,,80,36,44,,,
18/08/2021 19:00,248,137,111,60,30,30,47,25,22,33,15,18,,,,74,43,31,,,,58,26,32,,,
18/08/2021 20:00,233,104,129,53,30,23,38,25,13,24,13,11,,,,70,29,41,,,,36,18,18,,,
18/08/2021 21:00,134,80,54,50,18,32,22,7,15,8,3,5,,,,9,2,7,,,,24,13,11,,,
18/08/2021 22:00,56,32,24,3,1,2,17,4,13,4,2,2,,,,3,1,2,,,,19,9,10,,,
18/08/2021 23:00,14,9,5,4,4,0,6,0,6,1,1,0,,,,3,1,2,,,,13,7,6,,,
19/08/2021 00:00,1,0,1,1,0,1,0,0,0,1,0,1,,,,3,3,0,,,,6,4,2,,,
19/08/2021 01:00,2,1,1,2,0,2,0,0,0,1,0,1,,,,1,1,0,,,,1,1,0,,,
19/08/2021 02:00,5,2,3,0,0,0,0,0,0,0,0,0,,,,0,0,0,,,,2,0,2,,,
19/08/2021 03:00,5,5,0,1,1,0,1,1,0,0,0,0,,,,0,0,0,,,,5,5,0,,,
19/08/2021 04:00,0,0,0,0,0,0,0,0,0,3,1,2,,,,0,0,0,,,,1,0,1,,,
19/08/2021 05:00,5,0,5,0,0,0,0,0,0,1,1,0,,,,7,3,4,,,,6,3,3,,,
19/08/2021 06:00,31,7,24,5,2,3,9,2,7,2,1,1,,,,10,7,3,,,,11,5,6,,,
19/08/2021 07:00,110,62,48,21,8,13,12,5,7,11,3,8,,,,40,24,16,,,,41,24,17,,,
19/08/2021 08:00,120,52,68,43,27,16,27,15,12,18,11,7,,,,55,27,28,,,,36,18,18,,,
19/08/2021 09:00,138,76,62,34,14,20,11,10,1,26,17,9,,,,48,34,14,,,,55,32,23,,,
19/08/2021 10:00,122,55,67,33,18,15,18,12,6,25,13,12,,,,48,31,17,,,,28,8,20,,,
19/08/2021 11:00,134,60,74,38,25,13,20,11,9,13,6,7,,,,37,16,21,,,,15,9,6,,,
19/08/2021 12:00,180,91,89,25,11,14,41,12,29,34,18,16,,,,50,27,23,,,,32,15,17,,,
19/08/2021 13:00,218,110,108,73,40,33,42,23,19,35,16,19,,,,64,27,37,,,,50,31,19,,,
19/08/2021 14:00,235,119,116,28,20,8,35,21,14,38,19,19,,,,106,56,50,,,,59,34,25,,,
19/08/2021 15:00,193,80,113,29,16,13,26,11,15,26,11,15,,,,66,29,37,,,,43,21,22,,,
19/08/2021 16:00,209,104,105,46,24,22,47,29,18,32,14,18,,,,77,46,31,,,,45,24,21,,,
19/08/2021 17:00,169,76,93,36,13,23,42,23,19,26,8,18,,,,84,38,46,,,,64,38,26,,,
19/08/2021 18:00,186,69,117,60,38,22,51,27,24,29,13,16,,,,148,66,82,,,,57,25,32,,,
19/08/2021 19:00,250,112,138,61,37,24,35,13,22,26,10,16,,,,100,50,50,,,,80,39,41,,,
19/08/2021 20:00,245,142,103,38,20,18,38,20,18,39,24,15,,,,64,32,32,,,,50,15,35,,,
19/08/2021 21:00,151,75,76,21,10,11,22,8,14,11,8,3,,,,8,4,4,,,,20,7,13,,,
19/08/2021 22:00,64,41,23,16,4,12,16,8,8,8,3,5,,,,1,1,0,,,,22,8,14,,,
19/08/2021 23:00,18,16,2,9,4,5,3,3,0,5,2,3,,,,4,2,2,,,,13,10,3,,,
20/08/2021 00:00,1,1,0,0,0,0,1,1,0,7,1,6,,,,3,2,1,,,,7,4,3,,,
20/08/2021 01:00,4,3,1,2,0,2,1,1,0,1,0,1,,,,1,0,1,,,,1,1,0,,,
20/08/2021 02:00,1,1,0,0,0,0,0,0,0,0,0,0,,,,0,0,0,,,,1,0,1,,,
20/08/2021 03:00,1,1,0,0,0,0,0,0,0,0,0,0,,,,0,0,0,,,,1,1,0,,,
20/08/2021 04:00,1,1,0,0,0,0,3,1,2,0,0,0,,,,1,1,0,,,,1,1,0,,,
20/08/2021 05:00,8,3,5,0,0,0,2,2,0,1,1,0,,,,2,1,1,,,,3,1,2,,,
20/08/2021 06:00,28,12,16,6,1,5,10,4,6,4,1,3,,,,16,12,4,,,,7,2,5,,,
20/08/2021 07:00,85,37,48,14,8,6,22,10,12,24,12,12,,,,41,21,20,,,,23,13,10,,,
20/08/2021 08:00,113,69,44,45,23,22,30,19,11,25,17,8,,,,47,25,22,,,,32,16,16,,,
20/08/2021 09:00,97,46,51,28,12,16,22,12,10,24,10,14,,,,36,16,20,,,,32,19,13,,,
20/08/2021 10:00,126,61,65,42,24,18,22,14,8,24,14,10,,,,49,30,19,,,,42,19,23,,,
20/08/2021 11:00,228,118,110,41,20,21,45,24,21,37,22,15,,,,72,45,27,,,,29,17,12,,,
20/08/2021 12:00,184,76,108,39,18,21,50,24,26,31,18,13,,,,72,38,34,,,,49,27,22,,,
20/08/2021 13:00,149,68,81,40,18,22,27,22,5,38,24,14,,,,45,19,26,,,,53,26,27,,,
20/08/2021 14:00,109,44,65,24,11,13,11,5,6,16,9,7,,,,29,17,12,,,,56,25,31,,,
20/08/2021 15:00,105,61,44,24,9,15,26,8,18,15,5,10,,,,51,28,23,,,,46,26,20,,,
20/08/2021 16:00,122,68,54,21,11,10,52,25,27,22,8,14,,,,40,19,21,,,,67,30,37,,,
20/08/2021 17:00,129,57,72,28,7,21,34,12,22,22,12,10,,,,59,33,26,,,,55,31,24,,,
20/08/2021 18:00,106,52,54,39,16,23,23,7,16,22,11,11,,,,54,32,22,,,,56,28,28,,,
20/08/2021 19:00,104,55,49,39,11,28,23,8,15,16,7,9,,,,36,13,23,,,,38,15,23,,,
20/08/2021 20:00,85,41,44,20,13,7,23,10,13,16,11,5,,,,25,9,16,,,,31,17,14,,,
20/08/2021 21:00,60,34,26,13,4,9,22,14,8,6,2,4,,,,1,1,0,,,,22,13,9,,,
20/08/2021 22:00,29,15,14,14,9,5,14,4,10,7,2,5,,,,0,0,0,,,,30,12,18,,,
20/08/2021 23:00,26,14,12,3,0,3,14,8,6,5,5,0,,,,2,1,1,,,,14,7,7,,,
21/08/2021 00:00,1,0,1,0,0,0,1,0,1,6,2,4,,,,0,0,0,,,,16,9,7,,,
21/08/2021 01:00,4,3,1,3,0,3,1,1,0,1,1,0,,,,0,0,0,,,,10,8,2,,,
21/08/2021 02:00,2,0,2,1,1,0,1,1,0,0,0,0,,,,1,1,0,,,,8,5,3,,,
21/08/2021 03:00,3,2,1,0,0,0,0,0,0,0,0,0,,,,0,0,0,,,,3,1,2,,,
21/08/2021 04:00,5,1,4,0,0,0,1,0,1,0,0,0,,,,0,0,0,,,,7,4,3,,,
21/08/2021 05:00,3,1,2,2,2,0,1,1,0,1,0,1,,,,0,0,0,,,,0,0,0,,,
21/08/2021 06:00,11,2,9,0,0,0,3,1,2,1,0,1,,,,2,1,1,,,,15,9,6,,,
21/08/2021 07:00,21,8,13,3,1,2,10,4,6,6,4,2,,,,9,4,5,,,,21,10,11,,,
21/08/2021 08:00,57,30,27,19,13,6,17,9,8,10,2,8,,,,30,17,13,,,,27,12,15,,,
21/08/2021 09:00,83,38,45,40,20,20,23,16,7,22,8,14,,,,39,24,15,,,,50,23,27,,,
21/08/2021 10:00,134,48,86,36,17,19,29,16,13,9,6,3,,,,23,16,7,,,,20,11,9,,,
21/08/2021 11:00,186,94,92,53,19,34,42,29,13,37,19,18,,,,67,35,32,,,,30,15,15,,,
21/08/2021 12:00,258,121,137,65,36,29,50,33,17,34,13,21,,,,81,46,35,,,,56,31,25,,,
21/08/2021 13:00,263,132,131,63,25,38,51,29,22,42,17,25,,,,84,54,30,,,,55,22,33,,,
21/08/2021 14:00,246,133,113,41,18,23,33,16,17,35,11,24,,,,25,9,16,,,,45,26,19,,,
21/08/2021 15:00,163,88,75,25,14,11,22,12,10,21,9,12,,,,9,4,5,,,,42,17,25,,,
21/08/2021 16:00,91,39,52,29,17,12,15,11,4,10,7,3,,,,31,18,13,,,,29,23,6,,,
21/08/2021 17:00,128,71,57,36,23,13,31,12,19,14,3,11,,,,63,41,22,,,,41,18,23,,,
21/08/2021 18:00,189,100,89,18,8,10,38,15,23,23,7,16,,,,67,29,38,,,,37,16,21,,,
21/08/2021 19:00,214,126,88,28,17,11,29,17,12,20,10,10,,,,46,26,20,,,,44,19,25,,,
21/08/2021 20:00,178,87,91,28,14,14,40,23,17,16,8,8,,,,38,19,19,,,,30,15,15,,,
21/08/2021 21:00,96,46,50,28,12,16,24,9,15,11,11,0,,,,18,13,5,,,,18,11,7,,,
21/08/2021 22:00,51,24,27,9,3,6,4,1,3,5,2,3,,,,1,1,0,,,,10,6,4,,,
21/08/2021 23:00,23,17,6,2,2,0,6,4,2,2,1,1,,,,0,0,0,,,,14,7,7,,,
22/08/2021 00:00,0,0,0,5,3,2,5,1,4,3,3,0,,,,0,0,0,,,,11,4,7,,,
22/08/2021 01:00,13,2,11,2,2,0,8,7,1,0,0,0,,,,0,0,0,,,,4,4,0,,,
22/08/2021 02:00,5,4,1,0,0,0,0,0,0,0,0,0,,,,0,0,0,,,,5,4,1,,,
22/08/2021 03:00,0,0,0,0,0,0,0,0,0,1,1,0,,,,0,0,0,,,,5,3,2,,,
22/08/2021 04:00,1,1,0,0,0,0,0,0,0,0,0,0,,,,0,0,0,,,,2,1,1,,,
22/08/2021 05:00,1,1,0,0,0,0,0,0,0,2,0,2,,,,1,1,0,,,,3,3,0,,,
22/08/2021 06:00,14,6,8,5,2,3,3,2,1,1,1,0,,,,6,4,2,,,,6,3,3,,,
22/08/2021 07:00,35,16,19,8,5,3,8,5,3,7,1,6,,,,10,8,2,,,,13,9,4,,,
22/08/2021 08:00,103,45,58,24,14,10,24,9,15,10,4,6,,,,38,24,14,,,,24,12,12,,,
22/08/2021 09:00,168,70,98,54,26,28,32,24,8,31,12,19,,,,90,53,37,,,,37,19,18,,,
22/08/2021 10:00,283,147,136,74,44,30,37,23,14,37,21,16,,,,108,72,36,,,,34,20,14,,,
22/08/2021 11:00,407,219,188,49,25,24,72,40,32,37,23,14,,,,93,51,42,,,,47,29,18,,,
22/08/2021 12:00,526,252,274,56,37,19,64,44,20,59,25,34,,,,110,56,54,,,,51,22,29,,,
22/08/2021 13:00,551,311,240,80,46,34,111,67,44,48,30,18,,,,105,63,42,,,,59,20,39,,,
22/08/2021 14:00,515,270,245,56,30,26,57,27,30,61,31,30,,,,115,71,44,,,,70,32,38,,,
22/08/2021 15:00,436,221,215,64,37,27,65,27,38,60,25,35,,,,104,46,58,,,,57,27,30,,,
22/08/2021 16:00,426,191,235,61,26,35,61,29,32,30,13,17,,,,84,52,32,,,,51,27,24,,,
22/08/2021 17:00,371,197,174,41,22,19,35,16,19,30,15,15,,,,83,37,46,,,,53,29,24,,,
22/08/2021 18:00,299,156,143,38,23,15,56,35,21,27,14,13,,,,71,38,33,,,,47,25,22,,,
22/08/2021 19:00,261,131,130,39,19,20,44,25,19,27,18,9,,,,52,28,24,,,,43,17,26,,,
22/08/2021 20:00,260,129,131,37,21,16,48,21,27,11,6,5,,,,65,29,36,,,,38,22,16,,,
22/08/2021 21:00,147,92,55,29,15,14,26,10,16,11,2,9,,,,4,2,2,,,,25,12,13,,,
22/08/2021 22:00,35,15,20,11,1,10,12,3,9,3,3,0,,,,0,0,0,,,,41,21,20,,,
22/08/2021 23:00,21,11,10,3,0,3,7,3,4,1,1,0,,,,1,0,1,,,,4,4,0,,,
23/08/2021 00:00,3,2,1,1,1,0,5,2,3,0,0,0,,,,1,1,0,,,,6,5,1,,,
23/08/2021 01:00,7,4,3,6,4,2,6,6,0,0,0,0,,,,0,0,0,,,,5,4,1,,,
23/08/2021 02:00,10,5,5,0,0,0,0,0,0,1,0,1,,,,2,0,2,,,,1,1,0,,,
23/08/2021 03:00,0,0,0,0,0,0,0,0,0,0,0,0,,,,0,0,0,,,,1,1,0,,,
23/08/2021 04:00,0,0,0,4,0,4,0,0,0,1,1,0,,,,0,0,0,,,,1,0,1,,,
23/08/2021 05:00,6,3,3,1,1,0,1,1,0,0,0,0,,,,2,2,0,,,,1,1,0,,,
23/08/2021 06:00,32,12,20,7,3,4,13,5,8,5,3,2,,,,11,6,5,,,,14,5,9,,,
23/08/2021 07:00,119,57,62,25,13,12,18,10,8,23,12,11,,,,40,23,17,,,,41,18,23,,,
23/08/2021 08:00,125,63,62,41,16,25,35,15,20,15,7,8,,,,49,25,24,,,,25,9,16,,,
23/08/2021 09:00,135,62,73,35,22,13,26,15,11,25,18,7,,,,48,30,18,,,,41,20,21,,,
23/08/2021 10:00,186,87,99,41,18,23,34,22,12,32,16,16,,,,70,36,34,,,,63,33,30,,,
23/08/2021 11:00,216,115,101,62,29,33,45,32,13,31,15,16,,,,89,46,43,,,,49,34,15,,,
23/08/2021 12:00,284,147,137,51,30,21,68,44,24,37,25,12,,,,100,70,30,,,,78,50,28,,,
23/08/2021 13:00,333,155,178,70,32,38,55,22,33,37,15,22,,,,113,61,52,,,,60,36,24,,,
23/08/2021 14:00,307,155,152,55,23,32,52,22,30,20,13,7,,,,111,65,46,,,,63,35,28,,,
23/08/2021 15:00,333,159,174,71,33,38,42,25,17,27,10,17,,,,126,62,64,,,,49,31,18,,,
23/08/2021 16:00,246,127,119,55,25,30,50,30,20,42,19,23,,,,87,40,47,,,,79,33,46,,,
23/08/2021 17:00,232,99,133,68,37,31,49,28,21,36,11,25,,,,100,56,44,,,,90,56,34,,,
23/08/2021 18:00,215,99,116,80,46,34,43,23,20,28,12,16,,,,115,44,71,,,,93,49,44,,,
23/08/2021 19:00,301,142,159,58,27,31,42,31,11,32,16,16,,,,133,74,59,,,,65,32,33,,,
23/08/2021 20:00,280,151,129,51,17,34,53,29,24,34,22,12,,,,74,24,50,,,,45,19,26,,,
23/08/2021 21:00,132,71,61,24,14,10,20,11,9,13,7,6,,,,0,0,0,,,,20,9,11,,,
23/08/2021 22:00,41,25,16,10,8,2,5,4,1,1,0,1,,,,2,2,0,,,,14,7,7,,,
23/08/2021 23:00,16,9,7,3,1,2,12,9,3,1,0,1,,,,0,0,0,,,,12,7,5,,,
24/08/2021 00:00,1,0,1,1,1,0,0,0,0,1,1,0,,,,0,0,0,,,,3,1,2,,,
24/08/2021 01:00,5,1,4,0,0,0,0,0,0,5,1,4,,,,0,0,0,,,,3,2,1,,,
24/08/2021 02:00,0,0,0,0,0,0,0,0,0,0,0,0,,,,0,0,0,,,,1,1,0,,,
24/08/2021 03:00,0,0,0,1,1,0,0,0,0,0,0,0,,,,0,0,0,,,,0,0,0,,,
24/08/2021 04:00,0,0,0,0,0,0,2,2,0,0,0,0,,,,0,0,0,,,,2,1,1,,,
24/08/2021 05:00,14,5,9,1,1,0,2,1,1,0,0,0,,,,3,2,1,,,,1,1,0,,,
24/08/2021 06:00,42,18,24,14,8,6,12,6,6,7,3,4,,,,18,11,7,,,,21,11,10,,,
24/08/2021 07:00,96,47,49,26,8,18,19,10,9,23,11,12,,,,38,25,13,,,,29,17,12,,,
24/08/2021 08:00,114,54,60,42,23,19,35,17,18,28,14,14,,,,53,27,26,,,,41,21,20,,,
24/08/2021 09:00,100,51,49,38,18,20,22,16,6,21,14,7,,,,37,20,17,,,,26,13,13,,,
24/08/2021 10:00,151,80,71,53,25,28,34,20,14,30,12,18,,,,52,38,14,,,,37,20,17,,,
24/08/2021 11:00,208,97,111,38,25,13,33,19,14,50,29,21,,,,71,45,26,,,,59,31,28,,,
24/08/2021 12:00,239,108,131,84,45,39,47,27,20,30,13,17,,,,95,47,48,,,,50,28,22,,,
24/08/2021 13:00,296,155,141,98,58,40,80,47,33,43,22,21,,,,128,81,47,,,,61,33,28,,,
24/08/2021 14:00,336,173,163,63,35,28,63,41,22,22,15,7,,,,167,83,84,,,,51,25,26,,,
24/08/2021 15:00,399,187,212,60,29,31,47,26,21,36,15,21,,,,182,82,100,,,,46,30,16,,,
24/08/2021 16:00,449,247,202,64,24,40,46,25,21,28,9,19,,,,105,58,47,,,,68,39,29,,,
24/08/2021 17:00,349,134,215,89,47,42,54,22,32,44,26,18,,,,152,77,75,,,,83,49,34,,,
24/08/2021 18:00,372,187,185,82,48,34,74,50,24,25,7,18,,,,148,64,84,,,,127,74,53,,,
24/08/2021 19:00,383,186,197,105,60,45,71,44,27,30,16,14,,,,191,89,102,,,,86,35,51,,,
24/08/2021 20:00,401,197,204,67,24,43,58,25,33,26,18,8,,,,91,40,51,,,,86,41,45,,,
24/08/2021 21:00,229,121,108,36,7,29,40,15,25,13,7,6,,,,1,1,0,,,,29,15,14,,,
24/08/2021 22:00,76,40,36,17,9,8,14,8,6,3,3,0,,,,0,0,0,,,,11,5,6,,,
24/08/2021 23:00,22,16,6,3,0,3,2,1,1,0,0,0,,,,3,2,1,,,,16,12,4,,,
25/08/2021 00:00,0,0,0,2,0,2,2,0,2,1,0,1,,,,0,0,0,,,,6,2,4,,,
25/08/2021 01:00,4,3,1,2,1,1,1,0,1,0,0,0,,,,17,13,4,,,,2,2,0,,,
25/08/2021 02:00,1,1,0,0,0,0,0,0,0,0,0,0,,,,0,0,0,,,,0,0,0,,,
25/08/2021 03:00,2,1,1,2,1,1,0,0,0,0,0,0,,,,0,0,0,,,,0,0,0,,,
25/08/2021 04:00,2,2,0,2,0,2,2,0,2,0,0,0,,,,0,0,0,,,,1,1,0,,,
25/08/2021 05:00,14,4,10,1,1,0,0,0,0,4,3,1,,,,2,1,1,,,,3,2,1,,,
25/08/2021 06:00,45,19,26,5,1,4,9,5,4,5,3,2,,,,14,10,4,,,,12,1,11,,,
25/08/2021 07:00,116,58,58,38,20,18,19,11,8,20,10,10,,,,42,22,20,,,,40,20,20,,,
25/08/2021 08:00,137,73,64,55,22,33,26,9,17,26,13,13,,,,67,36,31,,,,55,33,22,,,
25/08/2021 09:00,139,65,74,54,20,34,31,19,12,24,16,8,,,,89,48,41,,,,42,19,23,,,
25/08/2021 10:00,180,86,94,35,17,18,36,21,15,27,13,14,,,,102,58,44,,,,37,13,24,,,
25/08/2021 11:00,208,107,101,29,17,12,43,26,17,36,18,18,,,,68,35,33,,,,42,24,18,,,
25/08/2021 12:00,319,165,154,63,32,31,55,26,29,33,21,12,,,,80,45,35,,,,68,29,39,,,
25/08/2021 13:00,318,183,135,74,40,34,79,36,43,45,17,28,,,,74,39,35,,,,68,37,31,,,
25/08/2021 14:00,387,196,191,70,34,36,75,37,38,34,14,20,,,,95,50,45,,,,48,20,28,,,
25/08/2021 15:00,369,189,180,91,49,42,57,28,29,27,19,8,,,,115,78,37,,,,78,43,35,,,
25/08/2021 16:00,374,173,201,82,35,47,67,35,32,34,17,17,,,,113,45,68,,,,81,40,41,,,
25/08/2021 17:00,307,161,146,84,33,51,78,41,37,38,18,20,,,,99,46,53,,,,108,70,38,,,
25/08/2021 18:00,374,196,178,106,60,46,75,40,35,39,18,21,,,,127,60,67,,,,115,61,54,,,
25/08/2021 19:00,382,192,190,92,50,42,55,36,19,25,12,13,,,,104,55,49,,,,86,50,36,,,
25/08/2021 20:00,440,224,216,77,38,39,69,30,39,27,18,9,,,,85,32,53,,,,50,26,24,,,
25/08/2021 21:00,229,108,121,43,12,31,37,17,20,9,2,7,,,,7,5,2,,,,34,20,14,,,
25/08/2021 22:00,45,26,19,13,7,6,14,4,10,1,1,0,,,,0,0,0,,,,19,9,10,,,
25/08/2021 23:00,23,9,14,8,1,7,19,9,10,1,0,1,,,,0,0,0,,,,7,6,1,,,
26/08/2021 00:00,0,0,0,3,0,3,4,0,4,4,4,0,,,,0,0,0,,,,4,3,1,,,
26/08/2021 01:00,2,0,2,4,1,3,1,1,0,0,0,0,,,,0,0,0,,,,3,0,3,,,
26/08/2021 02:00,0,0,0,1,0,1,0,0,0,0,0,0,,,,0,0,0,,,,0,0,0,,,
26/08/2021 03:00,3,0,3,2,0,2,1,1,0,0,0,0,,,,0,0,0,,,,1,0,1,,,
26/08/2021 04:00,1,1,0,0,0,0,0,0,0,0,0,0,,,,0,0,0,,,,1,1,0,,,
26/08/2021 05:00,8,1,7,1,1,0,0,0,0,2,1,1,,,,3,2,1,,,,1,1,0,,,
26/08/2021 06:00,41,17,24,8,4,4,6,4,2,7,6,1,,,,14,8,6,,,,11,3,8,,,
26/08/2021 07:00,110,54,56,30,13,17,26,11,15,20,9,11,,,,58,38,20,,,,35,15,20,,,
26/08/2021 08:00,146,85,61,37,15,22,34,11,23,23,12,11,,,,76,37,39,,,,48,37,11,,,
26/08/2021 09:00,140,66,74,31,14,17,14,4,10,16,9,7,,,,62,35,27,,,,37,21,16,,,
26/08/2021 10:00,160,75,85,50,32,18,52,27,25,20,10,10,,,,69,37,32,,,,47,29,18,,,
26/08/2021 11:00,217,127,90,59,39,20,44,26,18,30,18,12,,,,130,71,59,,,,43,30,13,,,
26/08/2021 12:00,259,125,134,62,38,24,46,19,27,32,19,13,,,,93,41,52,,,,56,26,30,,,
26/08/2021 13:00,283,159,124,88,57,31,66,42,24,35,21,14,,,,83,54,29,,,,92,44,48,,,
26/08/2021 14:00,222,93,129,75,48,27,32,21,11,33,11,22,,,,67,33,34,,,,63,26,37,,,
26/08/2021 15:00,286,151,135,54,31,23,47,19,28,34,23,11,,,,111,61,50,,,,85,41,44,,,
26/08/2021 16:00,336,159,177,91,45,46,57,29,28,64,31,33,,,,93,54,39,,,,98,53,45,,,
26/08/2021 17:00,278,131,147,55,34,21,66,28,38,48,28,20,,,,118,57,61,,,,81,52,29,,,
26/08/2021 18:00,333,157,176,79,59,20,52,33,19,39,19,20,,,,113,54,59,,,,99,65,34,,,
26/08/2021 19:00,321,154,167,79,33,46,50,29,21,21,13,8,,,,117,57,60,,,,110,58,52,,,
26/08/2021 20:00,322,175,147,75,40,35,41,20,21,28,18,10,,,,55,24,31,,,,55,24,31,,,
26/08/2021 21:00,141,69,72,36,11,25,41,20,21,13,5,8,,,,0,0,0,,,,23,10,13,,,
26/08/2021 22:00,40,22,18,17,8,9,7,4,3,3,1,2,,,,0,0,0,,,,22,6,16,,,
26/08/2021 23:00,16,10,6,6,5,1,8,0,8,1,1,0,,,,1,0,1,,,,14,13,1,,,
27/08/2021 00:00,3,3,0,2,1,1,7,3,4,1,0,1,,,,0,0,0,,,,10,3,7,,,
27/08/2021 01:00,0,0,0,1,0,1,3,2,1,2,0,2,,,,0,0,0,,,,1,1,0,,,
27/08/2021 02:00,3,1,2,0,0,0,0,0,0,0,0,0,,,,0,0,0,,,,0,0,0,,,
27/08/2021 03:00,2,2,0,0,0,0,0,0,0,0,0,0,,,,0,0,0,,,,3,3,0,,,
27/08/2021 04:00,0,0,0,0,0,0,2,1,1,1,1,0,,,,0,0,0,,,,0,0,0,,,
27/08/2021 05:00,12,4,8,2,2,0,0,0,0,2,1,1,,,,0,0,0,,,,3,2,1,,,
27/08/2021 06:00,38,14,24,7,4,3,6,5,1,4,2,2,,,,11,9,2,,,,15,6,9,,,
27/08/2021 07:00,95,49,46,18,6,12,24,15,9,17,10,7,,,,42,25,17,,,,25,9,16,,,
27/08/2021 08:00,145,64,81,37,17,20,33,11,22,21,10,11,,,,73,39,34,,,,91,66,25,,,
27/08/2021 09:00,142,75,67,33,17,16,59,31,28,21,9,12,,,,60,26,34,,,,41,23,18,,,
27/08/2021 10:00,164,91,73,23,11,12,18,5,13,19,9,10,,,,42,18,24,,,,43,28,15,,,
27/08/2021 11:00,209,101,108,61,27,34,30,19,11,27,19,8,,,,51,34,17,,,,71,34,37,,,
27/08/2021 12:00,260,120,140,45,13,32,25,12,13,33,20,13,,,,70,37,33,,,,53,20,33,,,
27/08/2021 13:00,280,139,141,64,40,24,41,17,24,34,21,13,,,,116,62,54,,,,114,35,79,,,
27/08/2021 14:00,268,132,136,63,29,34,29,11,18,25,8,17,,,,106,55,51,,,,59,32,27,,,
27/08/2021 15:00,311,173,138,70,34,36,72,30,42,26,12,14,,,,131,93,38,,,,73,50,23,,,
27/08/2021 16:00,283,152,131,81,47,34,34,21,13,46,7,39,,,,124,53,71,,,,107,74,33,,,
27/08/2021 17:00,289,129,160,85,33,52,59,31,28,32,16,16,,,,118,48,70,,,,74,49,25,,,
27/08/2021 18:00,291,133,158,102,55,47,55,29,26,22,8,14,,,,102,43,59,,,,93,72,21,,,
27/08/2021 19:00,296,132,164,58,31,27,47,20,27,26,13,13,,,,81,42,39,,,,70,36,34,,,
27/08/2021 20:00,252,122,130,50,27,23,37,17,20,12,4,8,,,,63,26,37,,,,42,20,22,,,
27/08/2021 21:00,131,68,63,28,11,17,32,10,22,9,7,2,,,,19,19,0,,,,37,20,17,,,
27/08/2021 22:00,51,31,20,13,6,7,22,4,18,5,2,3,,,,0,0,0,,,,20,13,7,,,
27/08/2021 23:00,34,21,13,10,0,10,14,12,2,9,5,4,,,,7,3,4,,,,15,3,12,,,
28/08/2021 00:00,1,1,0,0,0,0,2,2,0,1,1,0,,,,3,2,1,,,,8,6,2,,,
28/08/2021 01:00,4,3,1,7,5,2,2,2,0,5,1,4,,,,0,0,0,,,,1,0,1,,,
28/08/2021 02:00,5,3,2,2,0,2,4,4,0,0,0,0,,,,0,0,0,,,,5,3,2,,,
28/08/2021 03:00,1,0,1,0,0,0,1,0,1,1,0,1,,,,0,0,0,,,,3,2,1,,,
28/08/2021 04:00,4,2,2,2,1,1,3,3,0,1,0,1,,,,0,0,0,,,,1,1,0,,,
28/08/2021 05:00,5,1,4,1,1,0,0,0,0,1,0,1,,,,0,0,0,,,,2,2,0,,,
28/08/2021 06:00,26,8,18,7,5,2,10,7,3,0,0,0,,,,13,5,8,,,,4,2,2,,,
28/08/2021 07:00,76,39,37,16,8,8,13,8,5,10,4,6,,,,25,13,12,,,,12,7,5,,,
28/08/2021 08:00,124,58,66,43,25,18,31,22,9,11,6,5,,,,51,35,16,,,,19,6,13,,,
28/08/2021 09:00,181,96,85,52,26,26,44,24,20,20,10,10,,,,70,49,21,,,,34,20,14,,,
28/08/2021 10:00,251,120,131,72,43,29,55,33,22,36,16,20,,,,130,76,54,,,,49,28,21,,,
28/08/2021 11:00,317,165,152,95,46,49,50,20,30,38,14,24,,,,120,67,53,,,,47,28,19,,,
28/08/2021 12:00,401,195,206,101,57,44,81,40,41,45,24,21,,,,123,74,49,,,,61,33,28,,,
28/08/2021 13:00,439,227,212,137,79,58,69,42,27,42,28,14,,,,84,52,32,,,,70,44,26,,,
28/08/2021 14:00,470,247,223,73,49,24,51,30,21,34,15,19,,,,108,68,40,,,,77,43,34,,,
28/08/2021 15:00,514,276,238,73,39,34,60,31,29,58,34,24,,,,106,59,47,,,,62,39,23,,,
28/08/2021 16:00,566,290,276,85,45,40,73,36,37,31,15,16,,,,112,58,54,,,,52,28,24,,,
28/08/2021 17:00,452,194,258,112,53,59,82,31,51,46,16,30,,,,96,42,54,,,,61,36,25,,,
28/08/2021 18:00,379,192,187,99,34,65,83,45,38,35,17,18,,,,107,42,65,,,,65,45,20,,,
28/08/2021 19:00,332,133,199,48,21,27,37,15,22,25,14,11,,,,57,34,23,,,,51,28,23,,,
28/08/2021 20:00,217,119,98,27,13,14,33,13,20,19,10,9,,,,37,13,24,,,,43,21,22,,,
28/08/2021 21:00,121,56,65,17,5,12,27,14,13,6,1,5,,,,8,8,0,,,,37,21,16,,,
28/08/2021 22:00,49,31,18,12,2,10,14,12,2,3,1,2,,,,4,1,3,,,,20,13,7,,,
28/08/2021 23:00,36,22,14,5,3,2,8,3,5,4,0,4,,,,3,2,1,,,,16,11,5,,,
29/08/2021 00:00,0,0,0,3,0,3,6,1,5,3,2,1,,,,3,3,0,,,,21,12,9,,,
29/08/2021 01:00,2,0,2,1,0,1,0,0,0,6,0,6,,,,0,0,0,,,,23,13,10,,,
29/08/2021 02:00,4,3,1,5,3,2,0,0,0,0,0,0,,,,1,1,0,,,,7,5,2,,,
29/08/2021 03:00,1,1,0,4,0,4,1,0,1,3,3,0,,,,0,0,0,,,,9,6,3,,,
29/08/2021 04:00,0,0,0,1,1,0,0,0,0,2,1,1,,,,0,0,0,,,,0,0,0,,,
29/08/2021 05:00,0,0,0,1,0,1,2,2,0,0,0,0,,,,2,0,2,,,,2,2,0,,,
29/08/2021 06:00,15,3,12,12,7,5,0,0,0,3,2,1,,,,4,3,1,,,,8,4,4,,,
29/08/2021 07:00,59,36,23,9,5,4,7,4,3,5,3,2,,,,15,11,4,,,,10,5,5,,,
29/08/2021 08:00,85,36,49,25,16,9,15,12,3,13,8,5,,,,37,20,17,,,,16,9,7,,,
29/08/2021 09:00,184,89,95,45,30,15,29,18,11,19,7,12,,,,52,32,20,,,,58,35,23,,,
29/08/2021 10:00,305,174,131,66,29,37,46,22,24,42,20,22,,,,66,38,28,,,,41,24,17,,,
29/08/2021 11:00,259,124,135,56,40,16,41,21,20,26,12,14,,,,52,27,25,,,,51,15,36,,,
29/08/2021 12:00,433,215,218,55,42,13,46,29,17,41,16,25,,,,72,39,33,,,,43,18,25,,,
29/08/2021 13:00,425,233,192,80,41,39,48,25,23,49,28,21,,,,73,40,33,,,,39,17,22,,,
29/08/2021 14:00,537,275,262,69,41,28,75,43,32,52,31,21,,,,90,56,34,,,,52,23,29,,,
29/08/2021 15:00,547,269,278,86,42,44,83,41,42,46,20,26,,,,125,68,57,,,,48,28,20,,,
29/08/2021 16:00,575,296,279,94,42,52,66,38,28,50,24,26,,,,142,78,64,,,,65,31,34,,,
29/08/2021 17:00,416,217,199,84,45,39,66,15,51,26,11,15,,,,150,62,88,,,,44,17,27,,,
29/08/2021 18:00,240,120,120,47,30,17,37,16,21,29,14,15,,,,87,43,44,,,,57,34,23,,,
29/08/2021 19:00,194,96,98,33,9,24,31,19,12,35,18,17,,,,47,24,23,,,,46,25,21,,,
29/08/2021 20:00,126,76,50,24,11,13,16,9,7,15,5,10,,,,22,10,12,,,,54,26,28,,,
29/08/2021 21:00,63,39,24,13,3,10,14,6,8,5,4,1,,,,0,0,0,,,,19,7,12,,,
29/08/2021 22:00,32,14,18,7,4,3,9,2,7,6,2,4,,,,0,0,0,,,,12,7,5,,,
29/08/2021 23:00,15,11,4,2,0,2,3,1,2,0,0,0,,,,0,0,0,,,,8,3,5,,,
30/08/2021 00:00,0,0,0,0,0,0,1,0,1,0,0,0,,,,0,0,0,,,,2,2,0,,,
30/08/2021 01:00,0,0,0,0,0,0,0,0,0,1,1,0,,,,0,0,0,,,,5,3,2,,,
30/08/2021 02:00,1,1,0,2,0,2,0,0,0,0,0,0,,,,0,0,0,,,,6,2,4,,,
30/08/2021 03:00,0,0,0,0,0,0,0,0,0,0,0,0,,,,0,0,0,,,,2,2,0,,,
30/08/2021 04:00,0,0,0,0,0,0,0,0,0,0,0,0,,,,0,0,0,,,,0,0,0,,,
30/08/2021 05:00,6,1,5,0,0,0,0,0,0,0,0,0,,,,0,0,0,,,,0,0,0,,,
30/08/2021 06:00,42,20,22,8,5,3,9,4,5,6,4,2,,,,13,9,4,,,,16,10,6,,,
30/08/2021 07:00,93,44,49,31,16,15,13,6,7,22,9,13,,,,48,24,24,,,,29,13,16,,,
30/08/2021 08:00,94,45,49,36,16,20,21,11,10,38,23,15,,,,64,35,29,,,,88,60,28,,,
30/08/2021 09:00,147,78,69,32,21,11,19,15,4,31,19,12,,,,57,27,30,,,,41,23,18,,,
30/08/2021 10:00,145,65,80,45,25,20,28,20,8,30,16,14,,,,50,30,20,,,,35,18,17,,,
30/08/2021 11:00,176,88,88,31,20,11,29,16,13,31,17,14,,,,79,58,21,,,,47,27,20,,,
30/08/2021 12:00,173,96,77,44,26,18,25,12,13,44,26,18,,,,60,31,29,,,,53,18,35,,,
30/08/2021 13:00,162,71,91,52,24,28,44,26,18,31,9,22,,,,96,51,45,,,,67,25,42,,,
30/08/2021 14:00,152,72,80,23,15,8,31,15,16,35,19,16,,,,66,35,31,,,,55,26,29,,,
30/08/2021 15:00,156,81,75,32,16,16,42,14,28,28,9,19,,,,86,57,29,,,,112,27,85,,,
30/08/2021 16:00,145,82,63,55,34,21,32,16,16,36,19,17,,,,86,44,42,,,,47,22,25,,,
30/08/2021 17:00,134,67,67,42,19,23,38,18,20,43,23,20,,,,72,38,34,,,,74,29,45,,,
30/08/2021 18:00,151,73,78,46,21,25,40,20,20,29,9,20,,,,61,33,28,,,,59,31,28,,,
30/08/2021 19:00,202,102,100,43,19,24,25,12,13,24,13,11,,,,78,36,42,,,,50,23,27,,,
30/08/2021 20:00,202,113,89,34,14,20,45,21,24,24,17,7,,,,40,24,16,,,,49,24,25,,,
30/08/2021 21:00,93,54,39,24,7,17,15,4,11,7,3,4,,,,0,0,0,,,,18,10,8,,,
30/08/2021 22:00,23,13,10,10,3,7,11,3,8,6,4,2,,,,0,0,0,,,,21,8,13,,,
30/08/2021 23:00,4,2,2,3,2,1,3,0,3,4,2,2,,,,0,0,0,,,,4,2,2,,,
31/08/2021 00:00,1,1,0,0,0,0,2,0,2,2,1,1,,,,0,0,0,,,,6,4,2,,,
31/08/2021 01:00,1,0,1,1,0,1,0,0,0,0,0,0,,,,0,0,0,,,,0,0,0,,,
31/08/2021 02:00,0,0,0,0,0,0,1,0,1,0,0,0,,,,1,0,1,,,,3,0,3,,,
31/08/2021 03:00,2,0,2,0,0,0,0,0,0,0,0,0,,,,0,0,0,,,,0,0,0,,,
31/08/2021 04:00,3,2,1,0,0,0,0,0,0,0,0,0,,,,0,0,0,,,,4,1,3,,,
31/08/2021 05:00,9,1,8,1,0,1,0,0,0,2,2,0,,,,2,1,1,,,,2,2,0,,,
31/08/2021 06:00,47,25,22,10,6,4,14,9,5,3,3,0,,,,17,8,9,,,,12,5,7,,,
31/08/2021 07:00,94,42,52,40,14,26,18,7,11,28,13,15,,,,56,33,23,,,,38,21,17,,,
31/08/2021 08:00,95,49,46,35,16,19,24,17,7,36,18,18,,,,84,33,51,,,,105,78,27,,,
31/08/2021 09:00,117,48,69,34,17,17,25,13,12,26,17,9,,,,49,27,22,,,,41,17,24,,,
31/08/2021 10:00,118,61,57,26,11,15,25,14,11,27,14,13,,,,36,20,16,,,,35,16,19,,,
31/08/2021 11:00,128,60,68,22,6,16,28,13,15,22,8,14,,,,62,31,31,,,,54,26,28,,,
31/08/2021 12:00,168,97,71,40,18,22,37,19,18,38,18,20,,,,65,33,32,,,,63,33,30,,,
31/08/2021 13:00,193,85,108,29,18,11,46,26,20,39,17,22,,,,118,68,50,,,,55,22,33,,,
31/08/2021 14:00,164,83,81,39,22,17,28,12,16,27,8,19,,,,108,61,47,,,,92,33,59,,,
31/08/2021 15:00,200,93,107,40,27,13,52,29,23,35,14,21,,,,95,41,54,,,,105,21,84,,,
31/08/2021 16:00,125,68,57,34,13,21,24,6,18,35,12,23,,,,62,31,31,,,,86,41,45,,,
31/08/2021 17:00,137,48,89,33,19,14,35,16,19,34,18,16,,,,92,46,46,,,,63,32,31,,,
31/08/2021 18:00,159,78,81,46,24,22,42,20,22,36,16,20,,,,86,49,37,,,,66,33,33,,,
31/08/2021 19:00,203,93,110,64,36,28,44,28,16,29,17,12,,,,93,45,48,,,,81,43,38,,,
31/08/2021 20:00,223,128,95,30,11,19,47,27,20,20,11,9,,,,49,30,19,,,,61,27,34,,,
31/08/2021 21:00,97,50,47,19,12,7,12,7,5,11,9,2,,,,0,0,0,,,,29,16,13,,,
31/08/2021 22:00,39,30,9,3,2,1,8,3,5,2,1,1,,,,0,0,0,,,,33,18,15,,,
31/08/2021 23:00,15,9,6,0,0,0,6,4,2,2,1,1,,,,0,0,0,,,,12,8,4,,,
01/09/2021 00:00,0,0,0,0,0,0,0,0,0,0,0,0,,,,0,0,0,,,,3,1,2,,,
01/09/2021 01:00,0,0,0,0,0,0,0,0,0,0,0,0,,,,0,0,0,,,,3,2,1,,,
01/09/2021 02:00,0,0,0,0,0,0,0,0,0,0,0,0,,,,0,0,0,,,,0,0,0,,,
01/09/2021 03:00,1,0,1,0,0,0,0,0,0,0,0,0,,,,0,0,0,,,,0,0,0,,,
01/09/2021 04:00,2,2,0,0,0,0,0,0,0,0,0,0,,,,0,0,0,,,,1,1,0,,,
01/09/2021 05:00,11,4,7,1,1,0,0,0,0,1,1,0,,,,2,0,2,,,,3,2,1,,,
01/09/2021 06:00,43,18,25,9,5,4,14,10,4,9,4,5,,,,17,13,4,,,,21,10,11,,,
01/09/2021 07:00,106,52,54,44,13,31,17,11,6,16,10,6,,,,36,19,17,,,,43,22,21,,,
01/09/2021 08:00,137,65,72,62,35,27,32,19,13,35,19,16,,,,102,55,47,,,,134,94,40,,,
01/09/2021 09:00,183,80,103,30,16,14,33,20,13,28,15,13,,,,51,28,23,,,,58,32,26,,,
01/09/2021 10:00,204,112,92,44,28,16,38,21,17,34,23,11,,,,53,31,22,,,,37,16,21,,,
01/09/2021 11:00,188,92,96,54,22,32,31,14,17,38,18,20,,,,59,36,23,,,,43,25,18,,,
01/09/2021 12:00,162,73,89,57,25,32,31,18,13,41,26,15,,,,67,34,33,,,,44,20,24,,,
01/09/2021 13:00,189,100,89,48,27,21,59,31,28,39,20,19,,,,97,60,37,,,,58,23,35,,,
01/09/2021 14:00,122,68,54,20,9,11,31,10,21,34,16,18,,,,129,75,54,,,,88,36,52,,,
01/09/2021 15:00,143,59,84,36,28,8,33,18,15,29,16,13,,,,98,49,49,,,,111,31,80,,,
01/09/2021 16:00,152,67,85,20,6,14,21,16,5,21,6,15,,,,73,35,38,,,,78,37,41,,,
01/09/2021 17:00,145,74,71,30,20,10,35,14,21,41,20,21,,,,72,31,41,,,,74,23,51,,,
01/09/2021 18:00,187,104,83,45,23,22,35,18,17,27,13,14,,,,85,48,37,,,,82,42,40,,,
01/09/2021 19:00,200,93,107,27,15,12,44,24,20,32,15,17,,,,82,40,42,,,,62,26,36,,,
01/09/2021 20:00,196,105,91,41,18,23,25,8,17,15,10,5,,,,34,18,16,,,,56,23,33,,,
01/09/2021 21:00,111,53,58,6,3,3,15,5,10,3,3,0,,,,0,0,0,,,,21,11,10,,,
01/09/2021 22:00,36,21,15,13,6,7,9,3,6,9,4,5,,,,0,0,0,,,,15,9,6,,,
01/09/2021 23:00,8,5,3,5,0,5,8,2,6,2,1,1,,,,0,0,0,,,,11,9,2,,,
02/09/2021 00:00,0,0,0,0,0,0,3,2,1,0,0,0,,,,0,0,0,,,,0,0,0,,,
02/09/2021 01:00,3,1,2,0,0,0,0,0,0,0,0,0,,,,0,0,0,,,,3,3,0,,,
02/09/2021 02:00,0,0,0,1,0,1,0,0,0,0,0,0,,,,0,0,0,,,,2,0,2,,,
02/09/2021 03:00,0,0,0,0,0,0,0,0,0,0,0,0,,,,0,0,0,,,,0,0,0,,,
02/09/2021 04:00,0,0,0,0,0,0,0,0,0,0,0,0,,,,0,0,0,,,,1,0,1,,,
02/09/2021 05:00,12,5,7,3,2,1,1,0,1,0,0,0,,,,3,1,2,,,,3,1,2,,,
02/09/2021 06:00,57,26,31,9,6,3,16,10,6,3,2,1,,,,18,12,6,,,,11,7,4,,,
02/09/2021 07:00,98,51,47,30,12,18,16,5,11,22,14,8,,,,56,33,23,,,,39,19,20,,,
02/09/2021 08:00,125,55,70,36,19,17,26,10,16,34,23,11,,,,81,38,43,,,,128,92,36,,,
02/09/2021 09:00,156,62,94,38,20,18,19,9,10,32,14,18,,,,43,15,28,,,,53,22,31,,,
02/09/2021 10:00,113,63,50,31,11,20,26,14,12,20,14,6,,,,35,21,14,,,,33,17,16,,,
02/09/2021 11:00,149,72,77,27,14,13,22,12,10,23,12,11,,,,62,29,33,,,,38,19,19,,,
02/09/2021 12:00,154,72,82,33,14,19,24,14,10,39,16,23,,,,50,21,29,,,,72,36,36,,,
02/09/2021 13:00,142,66,76,52,28,24,44,19,25,36,21,15,,,,88,46,42,,,,49,27,22,,,
02/09/2021 14:00,119,51,68,36,16,20,25,13,12,28,12,16,,,,86,50,36,,,,88,25,63,,,
02/09/2021 15:00,117,62,55,30,9,21,27,12,15,27,13,14,,,,73,25,48,,,,113,21,92,,,
02/09/2021 16:00,127,64,63,26,12,14,23,13,10,45,9,36,,,,60,39,21,,,,79,30,49,,,
02/09/2021 17:00,127,63,64,33,20,13,30,19,11,38,21,17,,,,75,36,39,,,,65,32,33,,,
02/09/2021 18:00,138,70,68,38,20,18,37,12,25,38,21,17,,,,89,43,46,,,,84,40,44,,,
02/09/2021 19:00,203,99,104,57,30,27,37,18,19,23,10,13,,,,94,49,45,,,,67,31,36,,,
02/09/2021 20:00,201,113,88,30,12,18,36,14,22,20,10,10,,,,22,16,6,,,,61,31,30,,,
02/09/2021 21:00,81,43,38,15,5,10,16,5,11,4,3,1,,,,0,0,0,,,,27,15,12,,,
02/09/2021 22:00,33,17,16,3,2,1,7,4,3,2,1,1,,,,0,0,0,,,,36,16,20,,,
02/09/2021 23:00,15,9,6,3,2,1,7,2,5,4,2,2,,,,0,0,0,,,,13,8,5,,,
03/09/2021 00:00,0,0,0,0,0,0,4,0,4,5,5,0,,,,0,0,0,,,,10,6,4,,,
03/09/2021 01:00,0,0,0,1,0,1,1,0,1,0,0,0,,,,1,1,0,,,,3,3,0,,,
03/09/2021 02:00,2,2,0,4,1,3,0,0,0,0,0,0,,,,0,0,0,,,,0,0,0,,,
03/09/2021 03:00,0,0,0,0,0,0,0,0,0,0,0,0,,,,0,0,0,,,,1,0,1,,,
03/09/2021 04:00,0,0,0,0,0,0,0,0,0,1,1,0,,,,0,0,0,,,,1,1,0,,,
03/09/2021 05:00,3,1,2,0,0,0,3,2,1,0,0,0,,,,3,2,1,,,,1,1,0,,,
03/09/2021 06:00,40,14,26,7,4,3,5,4,1,2,0,2,,,,23,9,14,,,,11,4,7,,,
03/09/2021 07:00,86,46,40,29,13,16,12,7,5,21,10,11,,,,57,34,23,,,,38,15,23,,,
03/09/2021 08:00,110,45,65,37,20,17,14,10,4,33,12,21,,,,81,50,31,,,,104,72,32,,,
03/09/2021 09:00,146,72,74,32,17,15,32,20,12,23,11,12,,,,52,21,31,,,,48,22,26,,,
03/09/2021 10:00,134,61,73,31,16,15,31,17,14,28,14,14,,,,46,31,15,,,,38,20,18,,,
03/09/2021 11:00,148,71,77,38,16,22,29,13,16,36,21,15,,,,76,49,27,,,,41,15,26,,,
03/09/2021 12:00,142,65,77,44,16,28,22,12,10,32,14,18,,,,76,34,42,,,,53,24,29,,,
03/09/2021 13:00,152,68,84,23,8,15,19,13,6,30,13,17,,,,87,52,35,,,,110,26,84,,,
03/09/2021 14:00,125,45,80,40,27,13,31,11,20,28,17,11,,,,127,84,43,,,,89,37,52,,,
03/09/2021 15:00,152,77,75,29,13,16,27,12,15,21,6,15,,,,115,46,69,,,,57,23,34,,,
03/09/2021 16:00,167,83,84,41,15,26,33,20,13,31,16,15,,,,142,67,75,,,,69,33,36,,,
03/09/2021 17:00,131,64,67,42,21,21,43,20,23,37,20,17,,,,70,37,33,,,,67,42,25,,,
03/09/2021 18:00,136,69,67,34,11,23,40,12,28,31,15,16,,,,60,33,27,,,,77,37,40,,,
03/09/2021 19:00,123,58,65,23,14,9,48,23,25,19,11,8,,,,51,24,27,,,,48,21,27,,,
03/09/2021 20:00,138,85,53,38,23,15,30,14,16,13,6,7,,,,19,10,9,,,,31,12,19,,,
03/09/2021 21:00,56,31,25,16,4,12,20,10,10,9,5,4,,,,0,0,0,,,,21,11,10,,,
03/09/2021 22:00,56,30,26,6,2,4,25,12,13,4,2,2,,,,0,0,0,,,,19,6,13,,,
03/09/2021 23:00,40,23,17,2,2,0,15,6,9,5,2,3,,,,2,2,0,,,,17,17,0,,,
04/09/2021 00:00,4,4,0,0,0,0,2,2,0,0,0,0,,,,1,1,0,,,,8,5,3,,,
04/09/2021 01:00,9,7,2,5,4,1,5,1,4,0,0,0,,,,0,0,0,,,,5,2,3,,,
04/09/2021 02:00,2,1,1,5,4,1,2,2,0,3,0,3,,,,0,0,0,,,,2,2,0,,,
04/09/2021 03:00,0,0,0,1,1,0,0,0,0,0,0,0,,,,1,0,1,,,,0,0,0,,,
04/09/2021 04:00,1,0,1,0,0,0,0,0,0,0,0,0,,,,0,0,0,,,,0,0,0,,,
04/09/2021 05:00,7,2,5,2,2,0,2,2,0,0,0,0,,,,6,4,2,,,,7,3,4,,,
04/09/2021 06:00,17,4,13,5,3,2,4,3,1,2,1,1,,,,7,3,4,,,,13,5,8,,,
04/09/2021 07:00,59,29,30,11,8,3,12,3,9,8,1,7,,,,20,13,7,,,,44,27,17,,,
04/09/2021 08:00,103,44,59,33,18,15,10,9,1,11,8,3,,,,51,35,16,,,,0,0,0,,,
04/09/2021 09:00,140,63,77,54,33,21,39,27,12,25,11,14,,,,72,49,23,,,,55,28,27,,,
04/09/2021 10:00,203,99,104,71,43,28,44,21,23,31,21,10,,,,107,61,46,,,,61,28,33,,,
04/09/2021 11:00,203,112,91,75,32,43,58,25,33,33,28,5,,,,112,72,40,,,,55,30,25,,,
04/09/2021 12:00,276,117,159,88,35,53,35,12,23,36,16,20,,,,115,59,56,,,,53,16,37,,,
04/09/2021 13:00,292,140,152,60,30,30,61,29,32,41,23,18,,,,83,43,40,,,,50,29,21,,,
04/09/2021 14:00,361,173,188,84,44,40,76,37,39,50,21,29,,,,89,60,29,,,,56,34,22,,,
04/09/2021 15:00,353,178,175,72,33,39,65,35,30,34,17,17,,,,156,74,82,,,,36,15,21,,,
04/09/2021 16:00,263,130,133,56,33,23,59,33,26,48,21,27,,,,120,49,71,,,,59,31,28,,,
04/09/2021 17:00,293,154,139,47,20,27,47,22,25,37,12,25,,,,60,37,23,,,,49,23,26,,,
04/09/2021 18:00,161,71,90,41,22,19,25,17,8,12,4,8,,,,57,23,34,,,,55,25,30,,,
04/09/2021 19:00,212,101,111,25,13,12,36,25,11,18,15,3,,,,48,25,23,,,,44,17,27,,,
04/09/2021 20:00,158,75,83,15,4,11,26,15,11,9,5,4,,,,12,6,6,,,,35,18,17,,,
04/09/2021 21:00,72,37,35,12,3,9,17,9,8,3,1,2,,,,0,0,0,,,,28,12,16,,,
04/09/2021 22:00,14,6,8,2,0,2,4,2,2,1,0,1,,,,2,2,0,,,,11,5,6,,,
04/09/2021 23:00,8,5,3,1,1,0,6,4,2,3,1,2,,,,1,0,1,,,,6,4,2,,,
05/09/2021 00:00,0,0,0,2,2,0,1,1,0,4,2,2,,,,2,1,1,,,,34,19,15,,,
05/09/2021 01:00,4,3,1,1,0,1,2,1,1,5,2,3,,,,0,0,0,,,,17,9,8,,,
05/09/2021 02:00,5,2,3,2,1,1,1,0,1,0,0,0,,,,0,0,0,,,,39,15,24,,,
05/09/2021 03:00,1,1,0,0,0,0,3,1,2,1,0,1,,,,0,0,0,,,,2,1,1,,,
05/09/2021 04:00,0,0,0,0,0,0,0,0,0,0,0,0,,,,0,0,0,,,,17,11,6,,,
05/09/2021 05:00,1,0,1,0,0,0,0,0,0,0,0,0,,,,1,1,0,,,,29,18,11,,,
05/09/2021 06:00,10,2,8,9,3,6,3,2,1,1,1,0,,,,3,1,2,,,,12,5,7,,,
05/09/2021 07:00,39,16,23,8,6,2,8,5,3,2,0,2,,,,13,10,3,,,,8,5,3,,,
05/09/2021 08:00,94,36,58,31,17,14,22,10,12,16,7,9,,,,32,24,8,,,,18,8,10,,,
05/09/2021 09:00,176,88,88,50,33,17,29,22,7,30,13,17,,,,112,63,49,,,,22,10,12,,,
05/09/2021 10:00,347,179,168,66,29,37,69,34,35,44,21,23,,,,118,71,47,,,,47,29,18,,,
05/09/2021 11:00,419,208,211,83,32,51,69,45,24,51,27,24,,,,171,111,60,,,,47,24,23,,,
05/09/2021 12:00,619,323,296,190,142,48,80,49,31,76,37,39,,,,148,88,60,,,,51,37,14,,,
05/09/2021 13:00,642,361,281,178,145,33,160,129,31,41,16,25,,,,136,71,65,,,,66,28,38,,,
05/09/2021 14:00,690,331,359,99,62,37,115,88,27,48,28,20,,,,128,61,67,,,,39,17,22,,,
05/09/2021 15:00,682,341,341,93,44,49,78,45,33,56,30,26,,,,156,81,75,,,,44,22,22,,,
05/09/2021 16:00,624,324,300,79,38,41,55,34,21,39,12,27,,,,134,64,70,,,,64,35,29,,,
05/09/2021 17:00,476,234,242,55,18,37,47,29,18,24,9,15,,,,122,52,70,,,,93,48,45,,,
05/09/2021 18:00,283,138,145,35,19,16,36,27,9,21,9,12,,,,84,38,46,,,,47,31,16,,,
05/09/2021 19:00,202,110,92,24,12,12,21,7,14,12,5,7,,,,52,26,26,,,,54,27,27,,,
05/09/2021 20:00,173,92,81,44,16,28,23,10,13,18,13,5,,,,15,9,6,,,,38,16,22,,,
05/09/2021 21:00,89,41,48,16,9,7,16,7,9,11,7,4,,,,0,0,0,,,,16,5,11,,,
05/09/2021 22:00,21,6,15,5,2,3,5,5,0,4,2,2,,,,0,0,0,,,,21,11,10,,,
05/09/2021 23:00,9,4,5,0,0,0,2,0,2,8,2,6,,,,0,0,0,,,,13,11,2,,,
06/09/2021 00:00,0,0,0,0,0,0,0,0,0,0,0,0,,,,0,0,0,,,,5,4,1,,,
06/09/2021 01:00,3,0,3,1,1,0,2,2,0,0,0,0,,,,7,5,2,,,,2,1,1,,,
06/09/2021 02:00,0,0,0,0,0,0,0,0,0,0,0,0,,,,0,0,0,,,,2,1,1,,,
06/09/2021 03:00,1,0,1,0,0,0,0,0,0,0,0,0,,,,0,0,0,,,,0,0,0,,,
06/09/2021 04:00,0,0,0,0,0,0,0,0,0,0,0,0,,,,0,0,0,,,,0,0,0,,,
06/09/2021 05:00,5,1,4,1,0,1,0,0,0,0,0,0,,,,2,1,1,,,,3,1,2,,,
06/09/2021 06:00,51,24,27,4,3,1,18,10,8,9,4,5,,,,15,9,6,,,,17,10,7,,,
06/09/2021 07:00,83,40,43,28,16,12,26,12,14,26,10,16,,,,48,30,18,,,,33,16,17,,,
06/09/2021 08:00,122,53,69,43,20,23,34,12,22,50,25,25,,,,91,50,41,,,,147,103,44,,,
06/09/2021 09:00,159,80,79,39,20,19,30,20,10,28,18,10,,,,66,36,30,,,,60,32,28,,,
06/09/2021 10:00,195,98,97,47,28,19,45,23,22,19,8,11,,,,68,43,25,,,,45,24,21,,,
06/09/2021 11:00,224,120,104,53,28,25,65,28,37,30,7,23,,,,87,48,39,,,,39,23,16,,,
06/09/2021 12:00,233,113,120,86,48,38,50,23,27,35,17,18,,,,92,45,47,,,,46,26,20,,,
06/09/2021 13:00,265,127,138,56,28,28,58,32,26,48,19,29,,,,119,65,54,,,,58,31,27,,,
06/09/2021 14:00,240,122,118,49,21,28,42,22,20,46,27,19,,,,91,51,40,,,,83,55,28,,,
06/09/2021 15:00,234,127,107,31,16,15,29,16,13,27,13,14,,,,95,39,56,,,,116,64,52,,,
06/09/2021 16:00,269,149,120,51,24,27,39,24,15,29,14,15,,,,98,49,49,,,,93,44,49,,,
06/09/2021 17:00,317,159,158,59,39,20,55,32,23,41,24,17,,,,140,72,68,,,,67,43,24,,,
06/09/2021 18:00,313,136,177,75,33,42,74,42,32,40,23,17,,,,138,75,63,,,,84,51,33,,,
06/09/2021 19:00,351,172,179,86,44,42,56,32,24,29,20,9,,,,142,77,65,,,,69,35,34,,,
06/09/2021 20:00,288,139,149,75,29,46,50,21,29,17,8,9,,,,69,33,36,,,,73,24,49,,,
06/09/2021 21:00,148,76,72,50,25,25,33,16,17,6,2,4,,,,2,1,1,,,,31,18,13,,,
06/09/2021 22:00,39,20,19,4,0,4,9,4,5,0,0,0,,,,8,8,0,,,,10,4,6,,,
06/09/2021 23:00,9,3,6,0,0,0,2,0,2,1,1,0,,,,0,0,0,,,,15,11,4,,,
07/09/2021 00:00,0,0,0,1,1,0,0,0,0,2,0,2,,,,2,2,0,,,,1,0,1,,,
07/09/2021 01:00,1,0,1,1,0,1,2,0,2,0,0,0,,,,0,0,0,,,,1,1,0,,,
07/09/2021 02:00,3,2,1,0,0,0,1,1,0,0,0,0,,,,0,0,0,,,,0,0,0,,,
07/09/2021 03:00,4,2,2,0,0,0,0,0,0,0,0,0,,,,0,0,0,,,,0,0,0,,,
07/09/2021 04:00,1,1,0,0,0,0,0,0,0,1,0,1,,,,0,0,0,,,,0,0,0,,,
07/09/2021 05:00,4,1,3,4,4,0,2,1,1,2,2,0,,,,3,1,2,,,,2,1,1,,,
07/09/2021 06:00,58,31,27,10,6,4,7,5,2,4,3,1,,,,17,11,6,,,,18,8,10,,,
07/09/2021 07:00,100,55,45,22,14,8,14,6,8,16,8,8,,,,49,30,19,,,,41,18,23,,,
07/09/2021 08:00,110,49,61,29,12,17,27,19,8,50,28,22,,,,107,53,54,,,,146,101,45,,,
07/09/2021 09:00,117,57,60,49,21,28,15,10,5,24,13,11,,,,64,37,27,,,,56,29,27,,,
07/09/2021 10:00,152,78,74,69,37,32,31,17,14,41,23,18,,,,53,31,22,,,,43,27,16,,,
07/09/2021 11:00,246,126,120,60,33,27,55,30,25,26,12,14,,,,80,46,34,,,,37,21,16,,,
07/09/2021 12:00,274,136,138,79,42,37,46,23,23,30,14,16,,,,89,53,36,,,,39,26,13,,,
07/09/2021 13:00,261,142,119,81,38,43,44,20,24,33,17,16,,,,142,86,56,,,,53,34,19,,,
07/09/2021 14:00,270,150,120,59,24,35,31,22,9,45,24,21,,,,119,74,45,,,,88,46,42,,,
07/09/2021 15:00,304,154,150,73,42,31,35,14,21,31,11,20,,,,113,38,75,,,,131,53,78,,,
07/09/2021 16:00,326,141,185,83,25,58,45,21,24,19,12,7,,,,89,52,37,,,,71,38,33,,,
07/09/2021 17:00,316,138,178,69,38,31,55,28,27,38,24,14,,,,120,55,65,,,,82,52,30,,,
07/09/2021 18:00,333,166,167,81,52,29,49,28,21,39,19,20,,,,140,69,71,,,,97,60,37,,,
07/09/2021 19:00,391,181,210,111,59,52,62,28,34,44,25,19,,,,190,89,101,,,,93,51,42,,,
07/09/2021 20:00,416,223,193,52,20,32,67,34,33,24,13,11,,,,41,16,25,,,,77,29,48,,,
07/09/2021 21:00,149,83,66,20,9,11,31,15,16,3,3,0,,,,0,0,0,,,,55,20,35,,,
07/09/2021 22:00,47,32,15,11,7,4,10,8,2,3,3,0,,,,0,0,0,,,,22,6,16,,,
07/09/2021 23:00,21,10,11,8,7,1,3,0,3,3,2,1,,,,0,0,0,,,,14,10,4,,,
08/09/2021 00:00,1,0,1,0,0,0,0,0,0,0,0,0,,,,0,0,0,,,,11,6,5,,,
08/09/2021 01:00,2,0,2,1,0,1,0,0,0,0,0,0,,,,0,0,0,,,,2,1,1,,,
08/09/2021 02:00,2,1,1,2,0,2,3,3,0,0,0,0,,,,0,0,0,,,,0,0,0,,,
08/09/2021 03:00,0,0,0,0,0,0,0,0,0,0,0,0,,,,0,0,0,,,,1,1,0,,,
08/09/2021 04:00,0,0,0,0,0,0,0,0,0,0,0,0,,,,2,2,0,,,,0,0,0,,,
08/09/2021 05:00,4,1,3,3,1,2,1,0,1,4,2,2,,,,1,1,0,,,,3,2,1,,,
08/09/2021 06:00,41,18,23,8,4,4,4,3,1,3,0,3,,,,10,8,2,,,,15,10,5,,,
08/09/2021 07:00,133,63,70,30,17,13,19,7,12,20,11,9,,,,65,30,35,,,,43,19,24,,,
08/09/2021 08:00,123,73,50,48,24,24,39,18,21,42,23,19,,,,88,52,36,,,,124,93,31,,,
08/09/2021 09:00,148,76,72,48,23,25,34,18,16,26,15,11,,,,50,26,24,,,,39,16,23,,,
08/09/2021 10:00,156,75,81,35,22,13,26,16,10,16,5,11,,,,36,20,16,,,,28,18,10,,,
08/09/2021 11:00,198,87,111,49,30,19,39,25,14,33,12,21,,,,51,29,22,,,,41,22,19,,,
08/09/2021 12:00,204,111,93,38,12,26,33,18,15,35,21,14,,,,48,25,23,,,,52,24,28,,,
08/09/2021 13:00,166,72,94,54,28,26,57,29,28,35,19,16,,,,92,58,34,,,,79,34,45,,,
08/09/2021 14:00,123,56,67,31,9,22,21,14,7,19,11,8,,,,99,50,49,,,,97,42,55,,,
08/09/2021 15:00,132,61,71,35,16,19,24,12,12,21,11,10,,,,87,36,51,,,,125,34,91,,,
08/09/2021 16:00,153,81,72,29,8,21,32,22,10,23,11,12,,,,63,26,37,,,,62,28,34,,,
08/09/2021 17:00,156,73,83,32,19,13,30,20,10,36,15,21,,,,86,53,33,,,,64,34,30,,,
08/09/2021 18:00,182,100,82,50,30,20,42,20,22,39,13,26,,,,102,56,46,,,,73,38,35,,,
08/09/2021 19:00,249,115,134,63,27,36,33,16,17,22,14,8,,,,74,39,35,,,,55,29,26,,,
08/09/2021 20:00,211,108,103,55,25,30,29,14,15,16,6,10,,,,59,36,23,,,,58,26,32,,,
08/09/2021 21:00,118,65,53,22,15,7,20,13,7,7,4,3,,,,0,0,0,,,,19,7,12,,,
08/09/2021 22:00,48,22,26,15,5,10,12,2,10,5,3,2,,,,4,2,2,,,,8,3,5,,,
08/09/2021 23:00,14,7,7,4,2,2,3,0,3,2,2,0,,,,0,0,0,,,,15,11,4,,,
09/09/2021 00:00,0,0,0,0,0,0,2,0,2,2,1,1,,,,2,0,2,,,,12,8,4,,,
09/09/2021 01:00,2,1,1,1,1,0,4,4,0,1,1,0,,,,0,0,0,,,,2,2,0,,,
09/09/2021 02:00,1,0,1,1,0,1,0,0,0,0,0,0,,,,0,0,0,,,,0,0,0,,,
09/09/2021 03:00,3,2,1,0,0,0,0,0,0,0,0,0,,,,0,0,0,,,,0,0,0,,,
09/09/2021 04:00,0,0,0,0,0,0,0,0,0,0,0,0,,,,0,0,0,,,,0,0,0,,,
09/09/2021 05:00,7,2,5,5,2,3,1,0,1,1,0,1,,,,2,1,1,,,,7,6,1,,,
09/09/2021 06:00,54,27,27,6,4,2,5,2,3,2,0,2,,,,16,10,6,,,,17,9,8,,,
09/09/2021 07:00,92,53,39,29,11,18,26,14,12,14,8,6,,,,46,24,22,,,,46,20,26,,,
09/09/2021 08:00,104,49,55,28,11,17,25,12,13,30,15,15,,,,95,40,55,,,,133,98,35,,,
09/09/2021 09:00,101,47,54,37,14,23,19,14,5,22,12,10,,,,60,25,35,,,,30,18,12,,,
09/09/2021 10:00,101,52,49,30,13,17,14,5,9,12,9,3,,,,43,28,15,,,,33,20,13,,,
09/09/2021 11:00,148,74,74,33,16,17,24,20,4,31,15,16,,,,43,28,15,,,,35,12,23,,,
09/09/2021 12:00,175,88,87,42,23,19,27,12,15,36,15,21,,,,46,24,22,,,,36,14,22,,,
09/09/2021 13:00,189,88,101,57,32,25,38,19,19,44,23,21,,,,117,70,47,,,,40,21,19,,,
09/09/2021 14:00,176,81,95,33,23,10,29,15,14,30,15,15,,,,107,74,33,,,,79,28,51,,,
09/09/2021 15:00,166,82,84,37,14,23,50,29,21,25,11,14,,,,105,57,48,,,,114,39,75,,,
09/09/2021 16:00,165,89,76,43,14,29,33,14,19,40,19,21,,,,71,41,30,,,,87,38,49,,,
09/09/2021 17:00,170,81,89,62,37,25,29,18,11,30,21,9,,,,75,31,44,,,,66,38,28,,,
09/09/2021 18:00,131,71,60,68,25,43,32,19,13,26,12,14,,,,103,64,39,,,,76,51,25,,,
09/09/2021 19:00,177,81,96,44,18,26,40,18,22,17,10,7,,,,101,47,54,,,,90,46,44,,,
09/09/2021 20:00,147,74,73,51,24,27,34,14,20,11,7,4,,,,22,13,9,,,,76,23,53,,,
09/09/2021 21:00,93,50,43,27,14,13,12,6,6,12,8,4,,,,1,0,1,,,,12,5,7,,,
09/09/2021 22:00,34,21,13,8,3,5,9,0,9,1,1,0,,,,0,0,0,,,,6,3,3,,,
09/09/2021 23:00,23,13,10,4,1,3,3,0,3,2,0,2,,,,0,0,0,,,,25,15,10,,,
10/09/2021 00:00,1,1,0,0,0,0,1,0,1,0,0,0,,,,1,0,1,,,,10,8,2,,,
10/09/2021 01:00,4,1,3,0,0,0,0,0,0,0,0,0,,,,0,0,0,,,,4,1,3,,,
10/09/2021 02:00,0,0,0,0,0,0,0,0,0,0,0,0,,,,0,0,0,,,,0,0,0,,,
10/09/2021 03:00,0,0,0,0,0,0,0,0,0,0,0,0,,,,0,0,0,,,,0,0,0,,,
10/09/2021 04:00,1,0,1,0,0,0,1,0,1,0,0,0,,,,0,0,0,,,,0,0,0,,,
10/09/2021 05:00,10,5,5,7,5,2,0,0,0,2,1,1,,,,2,1,1,,,,3,3,0,,,
10/09/2021 06:00,52,24,28,5,2,3,9,5,4,5,1,4,,,,23,14,9,,,,13,7,6,,,
10/09/2021 07:00,88,49,39,38,16,22,17,6,11,10,6,4,,,,48,28,20,,,,48,25,23,,,
10/09/2021 08:00,110,52,58,41,25,16,30,17,13,33,14,19,,,,91,65,26,,,,112,83,29,,,
10/09/2021 09:00,143,63,80,80,61,19,22,13,9,23,12,11,,,,87,55,32,,,,35,11,24,,,
10/09/2021 10:00,169,107,62,33,17,16,32,17,15,32,14,18,,,,48,32,16,,,,45,24,21,,,
10/09/2021 11:00,185,76,109,30,20,10,28,18,10,41,21,20,,,,60,38,22,,,,42,21,21,,,
10/09/2021 12:00,169,76,93,47,16,31,35,16,19,46,27,19,,,,54,29,25,,,,78,31,47,,,
10/09/2021 13:00,143,68,75,39,18,21,28,17,11,21,9,12,,,,83,61,22,,,,146,34,112,,,
10/09/2021 14:00,140,56,84,34,15,19,33,9,24,26,17,9,,,,133,74,59,,,,87,35,52,,,
10/09/2021 15:00,163,85,78,68,19,49,36,21,15,28,16,12,,,,84,40,44,,,,73,29,44,,,
10/09/2021 16:00,139,63,76,48,26,22,33,16,17,39,20,19,,,,98,58,40,,,,70,27,43,,,
10/09/2021 17:00,139,70,69,36,16,20,33,17,16,38,11,27,,,,68,39,29,,,,68,38,30,,,
10/09/2021 18:00,175,76,99,26,15,11,38,20,18,24,12,12,,,,93,59,34,,,,50,21,29,,,
10/09/2021 19:00,142,76,66,26,15,11,20,9,11,30,17,13,,,,44,19,25,,,,71,40,31,,,
10/09/2021 20:00,130,60,70,24,12,12,33,13,20,14,6,8,,,,32,13,19,,,,38,15,23,,,
10/09/2021 21:00,88,52,36,20,7,13,22,8,14,7,4,3,,,,0,0,0,,,,23,12,11,,,
10/09/2021 22:00,35,22,13,6,0,6,8,3,5,4,3,1,,,,0,0,0,,,,15,10,5,,,
10/09/2021 23:00,20,17,3,4,3,1,9,5,4,7,4,3,,,,0,0,0,,,,15,8,7,,,
11/09/2021 00:00,0,0,0,1,0,1,1,1,0,1,1,0,,,,0,0,0,,,,16,13,3,,,
11/09/2021 01:00,11,4,7,0,0,0,0,0,0,3,0,3,,,,0,0,0,,,,9,4,5,,,
11/09/2021 02:00,4,1,3,2,2,0,2,2,0,0,0,0,,,,0,0,0,,,,1,1,0,,,
11/09/2021 03:00,2,1,1,0,0,0,0,0,0,1,1,0,,,,0,0,0,,,,2,2,0,,,
11/09/2021 04:00,1,0,1,1,0,1,0,0,0,0,0,0,,,,0,0,0,,,,1,0,1,,,
11/09/2021 05:00,8,4,4,1,1,0,1,0,1,0,0,0,,,,3,1,2,,,,2,1,1,,,
11/09/2021 06:00,24,10,14,4,3,1,6,4,2,1,1,0,,,,5,2,3,,,,8,7,1,,,
11/09/2021 07:00,65,32,33,24,12,12,18,9,9,14,9,5,,,,27,18,9,,,,13,6,7,,,
11/09/2021 08:00,100,52,48,32,18,14,32,26,6,18,9,9,,,,47,28,19,,,,28,12,16,,,
11/09/2021 09:00,143,68,75,55,32,23,48,27,21,23,15,8,,,,78,53,25,,,,44,29,15,,,
11/09/2021 10:00,164,75,89,65,42,23,49,26,23,42,29,13,,,,114,60,54,,,,49,31,18,,,
11/09/2021 11:00,256,147,109,73,33,40,31,15,16,41,24,17,,,,144,79,65,,,,54,24,30,,,
11/09/2021 12:00,293,127,166,79,44,35,65,40,25,47,25,22,,,,119,75,44,,,,52,18,34,,,
11/09/2021 13:00,293,135,158,57,36,21,63,38,25,42,26,16,,,,91,43,48,,,,51,23,28,,,
11/09/2021 14:00,315,165,150,84,50,34,59,32,27,30,10,20,,,,86,48,38,,,,47,17,30,,,
11/09/2021 15:00,332,155,177,66,36,30,53,25,28,40,16,24,,,,102,60,42,,,,40,17,23,,,
11/09/2021 16:00,296,158,138,54,23,31,69,41,28,39,19,20,,,,104,54,50,,,,64,29,35,,,
11/09/2021 17:00,258,127,131,49,25,24,42,29,13,31,18,13,,,,96,53,43,,,,43,21,22,,,
11/09/2021 18:00,196,104,92,45,21,24,47,28,19,20,10,10,,,,53,23,30,,,,56,33,23,,,
11/09/2021 19:00,184,77,107,27,11,16,37,16,21,17,8,9,,,,61,42,19,,,,56,20,36,,,
11/09/2021 20:00,151,90,61,30,13,17,34,10,24,17,11,6,,,,24,11,13,,,,29,12,17,,,
11/09/2021 21:00,62,36,26,17,9,8,20,11,9,4,3,1,,,,0,0,0,,,,30,17,13,,,
11/09/2021 22:00,42,19,23,7,3,4,10,6,4,5,3,2,,,,0,0,0,,,,13,5,8,,,
11/09/2021 23:00,15,9,6,3,0,3,3,3,0,1,1,0,,,,0,0,0,,,,11,7,4,,,
12/09/2021 00:00,1,0,1,1,0,1,2,0,2,7,3,4,,,,0,0,0,,,,21,12,9,,,
12/09/2021 01:00,11,5,6,0,0,0,2,0,2,2,2,0,,,,0,0,0,,,,78,39,39,,,
12/09/2021 02:00,4,3,1,0,0,0,0,0,0,1,0,1,,,,0,0,0,,,,3,2,1,,,
12/09/2021 03:00,6,1,5,0,0,0,0,0,0,4,0,4,,,,0,0,0,,,,12,7,5,,,
12/09/2021 04:00,1,1,0,0,0,0,0,0,0,0,0,0,,,,1,1,0,,,,7,4,3,,,
12/09/2021 05:00,30,18,12,1,0,1,0,0,0,0,0,0,,,,3,2,1,,,,0,0,0,,,
12/09/2021 06:00,15,5,10,4,3,1,3,2,1,2,1,1,,,,8,4,4,,,,12,7,5,,,
12/09/2021 07:00,27,11,16,10,5,5,9,6,3,1,0,1,,,,23,14,9,,,,7,2,5,,,
12/09/2021 08:00,105,47,58,28,17,11,19,9,10,15,6,9,,,,41,21,20,,,,15,8,7,,,
12/09/2021 09:00,149,71,78,38,25,13,25,12,13,27,16,11,,,,67,36,31,,,,30,9,21,,,
12/09/2021 10:00,200,106,94,55,30,25,40,22,18,28,11,17,,,,107,76,31,,,,43,19,24,,,
12/09/2021 11:00,361,160,201,68,37,31,46,30,16,36,20,16,,,,89,46,43,,,,52,23,29,,,
12/09/2021 12:00,416,219,197,68,34,34,57,31,26,51,30,21,,,,122,72,50,,,,51,30,21,,,
12/09/2021 13:00,417,216,201,79,49,30,55,23,32,36,15,21,,,,75,48,27,,,,58,28,30,,,
12/09/2021 14:00,468,247,221,65,48,17,57,34,23,43,23,20,,,,99,57,42,,,,55,31,24,,,
12/09/2021 15:00,519,276,243,74,24,50,48,28,20,37,17,20,,,,111,66,45,,,,43,16,27,,,
12/09/2021 16:00,453,226,227,83,37,46,40,21,19,51,23,28,,,,109,60,49,,,,50,28,22,,,
12/09/2021 17:00,315,146,169,57,25,32,53,22,31,36,20,16,,,,75,38,37,,,,38,21,17,,,
12/09/2021 18:00,173,91,82,49,30,19,32,12,20,25,6,19,,,,65,35,30,,,,40,19,21,,,
12/09/2021 19:00,202,109,93,31,16,15,16,7,9,26,10,16,,,,48,17,31,,,,34,19,15,,,
12/09/2021 20:00,139,73,66,30,11,19,23,10,13,10,4,6,,,,6,5,1,,,,44,23,21,,,
12/09/2021 21:00,50,25,25,11,3,8,9,3,6,4,4,0,,,,0,0,0,,,,8,2,6,,,
12/09/2021 22:00,10,4,6,3,2,1,3,2,1,0,0,0,,,,0,0,0,,,,20,11,9,,,
12/09/2021 23:00,4,2,2,3,0,3,2,0,2,3,3,0,,,,0,0,0,,,,6,3,3,,,
13/09/2021 00:00,0,0,0,0,0,0,1,1,0,2,1,1,,,,0,0,0,,,,4,4,0,,,
13/09/2021 01:00,0,0,0,3,2,1,0,0,0,2,2,0,,,,0,0,0,,,,1,1,0,,,
13/09/2021 02:00,0,0,0,0,0,0,0,0,0,0,0,0,,,,0,0,0,,,,3,2,1,,,
13/09/2021 03:00,2,1,1,0,0,0,0,0,0,1,0,1,,,,0,0,0,,,,3,2,1,,,
13/09/2021 04:00,1,1,0,0,0,0,0,0,0,0,0,0,,,,0,0,0,,,,1,0,1,,,
13/09/2021 05:00,9,4,5,0,0,0,0,0,0,1,1,0,,,,1,0,1,,,,1,1,0,,,
13/09/2021 06:00,36,18,18,10,7,3,16,11,5,10,4,6,,,,18,12,6,,,,13,5,8,,,
13/09/2021 07:00,94,45,49,25,7,18,14,6,8,17,8,9,,,,48,25,23,,,,34,16,18,,,
13/09/2021 08:00,97,50,47,34,17,17,24,11,13,45,21,24,,,,76,35,41,,,,83,41,42,,,
13/09/2021 09:00,135,63,72,31,7,24,24,13,11,26,9,17,,,,59,36,23,,,,34,16,18,,,
13/09/2021 10:00,105,51,54,26,16,10,23,11,12,18,13,5,,,,59,30,29,,,,29,12,17,,,
13/09/2021 11:00,257,170,87,58,22,36,27,16,11,30,15,15,,,,53,28,25,,,,54,32,22,,,
13/09/2021 12:00,172,88,84,54,23,31,31,9,22,29,15,14,,,,45,26,19,,,,41,19,22,,,
13/09/2021 13:00,137,71,66,36,22,14,41,20,21,45,21,24,,,,76,50,26,,,,44,22,22,,,
13/09/2021 14:00,92,37,55,26,13,13,17,11,6,33,22,11,,,,64,33,31,,,,78,40,38,,,
13/09/2021 15:00,107,42,65,31,17,14,27,11,16,18,9,9,,,,56,25,31,,,,52,18,34,,,
13/09/2021 16:00,115,57,58,29,15,14,36,19,17,31,9,22,,,,67,37,30,,,,71,32,39,,,
13/09/2021 17:00,117,55,62,28,17,11,26,12,14,25,11,14,,,,80,40,40,,,,55,30,25,,,
13/09/2021 18:00,137,68,69,42,21,21,43,18,25,36,20,16,,,,82,52,30,,,,64,35,29,,,
13/09/2021 19:00,191,99,92,66,25,41,34,13,21,28,16,12,,,,73,36,37,,,,50,24,26,,,
13/09/2021 20:00,194,107,87,39,22,17,31,16,15,23,14,9,,,,9,4,5,,,,40,15,25,,,
13/09/2021 21:00,75,41,34,15,5,10,15,5,10,3,2,1,,,,0,0,0,,,,18,8,10,,,
13/09/2021 22:00,20,14,6,10,2,8,2,1,1,3,2,1,,,,0,0,0,,,,3,2,1,,,
13/09/2021 23:00,4,3,1,1,1,0,2,0,2,2,1,1,,,,0,0,0,,,,4,1,3,,,
14/09/2021 00:00,0,0,0,0,0,0,3,1,2,1,0,1,,,,0,0,0,,,,7,7,0,,,
14/09/2021 01:00,1,0,1,0,0,0,3,0,3,1,1,0,,,,0,0,0,,,,3,2,1,,,
14/09/2021 02:00,0,0,0,0,0,0,0,0,0,0,0,0,,,,1,1,0,,,,0,0,0,,,
14/09/2021 03:00,1,0,1,0,0,0,0,0,0,2,2,0,,,,0,0,0,,,,0,0,0,,,
14/09/2021 04:00,0,0,0,0,0,0,0,0,0,0,0,0,,,,0,0,0,,,,1,1,0,,,
14/09/2021 05:00,13,6,7,1,1,0,3,1,2,1,0,1,,,,4,2,2,,,,0,0,0,,,
14/09/2021 06:00,56,23,33,8,5,3,10,7,3,3,0,3,,,,15,9,6,,,,10,4,6,,,
14/09/2021 07:00,104,58,46,19,5,14,19,7,12,21,11,10,,,,74,43,31,,,,27,16,11,,,
14/09/2021 08:00,127,51,76,41,18,23,35,17,18,34,15,19,,,,103,51,52,,,,139,99,40,,,
14/09/2021 09:00,177,85,92,50,25,25,34,19,15,27,15,12,,,,48,25,23,,,,62,27,35,,,
14/09/2021 10:00,236,126,110,37,23,14,26,15,11,25,17,8,,,,48,25,23,,,,57,12,45,,,
14/09/2021 11:00,335,163,172,45,22,23,56,18,38,22,6,16,,,,74,45,29,,,,38,23,15,,,
14/09/2021 12:00,307,141,166,48,19,29,53,20,33,28,12,16,,,,70,35,35,,,,59,27,32,,,
14/09/2021 13:00,275,141,134,50,28,22,57,33,24,29,16,13,,,,111,73,38,,,,52,30,22,,,
14/09/2021 14:00,287,139,148,55,33,22,45,23,22,38,17,21,,,,126,67,59,,,,85,45,40,,,
14/09/2021 15:00,250,123,127,32,12,20,25,8,17,30,16,14,,,,96,40,56,,,,143,60,83,,,
14/09/2021 16:00,218,106,112,38,20,18,44,26,18,33,15,18,,,,86,50,36,,,,100,59,41,,,
14/09/2021 17:00,212,108,104,58,34,24,50,27,23,42,22,20,,,,107,59,48,,,,60,31,29,,,
14/09/2021 18:00,245,118,127,60,32,28,47,25,22,30,14,16,,,,126,78,48,,,,73,45,28,,,
14/09/2021 19:00,310,159,151,102,57,45,60,25,35,20,12,8,,,,102,53,49,,,,113,52,61,,,
14/09/2021 20:00,223,120,103,73,29,44,45,23,22,23,14,9,,,,24,12,12,,,,55,21,34,,,
14/09/2021 21:00,97,51,46,18,8,10,20,11,9,7,4,3,,,,0,0,0,,,,33,18,15,,,
14/09/2021 22:00,23,15,8,6,1,5,2,0,2,5,4,1,,,,0,0,0,,,,27,10,17,,,
14/09/2021 23:00,27,14,13,0,0,0,2,0,2,0,0,0,,,,0,0,0,,,,15,10,5,,,
15/09/2021 00:00,1,1,0,0,0,0,0,0,0,2,2,0,,,,0,0,0,,,,0,0,0,,,
15/09/2021 01:00,3,0,3,5,5,0,0,0,0,0,0,0,,,,0,0,0,,,,2,2,0,,,
15/09/2021 02:00,0,0,0,0,0,0,0,0,0,0,0,0,,,,0,0,0,,,,0,0,0,,,
15/09/2021 03:00,0,0,0,0,0,0,2,2,0,0,0,0,,,,0,0,0,,,,0,0,0,,,
15/09/2021 04:00,0,0,0,0,0,0,0,0,0,0,0,0,,,,0,0,0,,,,0,0,0,,,
15/09/2021 05:00,6,3,3,0,0,0,0,0,0,4,2,2,,,,4,2,2,,,,2,1,1,,,
15/09/2021 06:00,52,20,32,20,7,13,11,4,7,6,3,3,,,,14,10,4,,,,18,7,11,,,
15/09/2021 07:00,108,53,55,26,11,15,16,9,7,15,5,10,,,,71,40,31,,,,33,16,17,,,
15/09/2021 08:00,123,62,61,47,24,23,29,16,13,39,20,19,,,,85,44,41,,,,139,99,40,,,
15/09/2021 09:00,149,72,77,35,17,18,31,17,14,26,17,9,,,,43,20,23,,,,45,22,23,,,
15/09/2021 10:00,140,62,78,33,15,18,23,10,13,17,6,11,,,,29,13,16,,,,38,20,18,,,
15/09/2021 11:00,198,100,98,32,15,17,31,12,19,19,8,11,,,,24,16,8,,,,62,35,27,,,
15/09/2021 12:00,161,76,85,49,30,19,23,8,15,32,16,16,,,,46,29,17,,,,53,27,26,,,
15/09/2021 13:00,193,81,112,51,32,19,37,20,17,40,16,24,,,,90,52,38,,,,70,28,42,,,
15/09/2021 14:00,99,46,53,33,18,15,20,11,9,33,20,13,,,,100,68,32,,,,94,34,60,,,
15/09/2021 15:00,68,35,33,19,7,12,13,8,5,23,10,13,,,,81,30,51,,,,104,21,83,,,
15/09/2021 16:00,123,54,69,20,14,6,34,17,17,21,7,14,,,,58,36,22,,,,78,27,51,,,
15/09/2021 17:00,135,62,73,37,19,18,43,18,25,35,26,9,,,,66,35,31,,,,75,40,35,,,
15/09/2021 18:00,169,93,76,51,32,19,40,22,18,29,10,19,,,,76,45,31,,,,74,36,38,,,
15/09/2021 19:00,222,104,118,69,28,41,61,30,31,27,17,10,,,,89,49,40,,,,61,30,31,,,
15/09/2021 20:00,236,129,107,67,17,50,43,22,21,8,6,2,,,,30,12,18,,,,49,23,26,,,
15/09/2021 21:00,83,52,31,20,10,10,13,5,8,3,1,2,,,,0,0,0,,,,24,10,14,,,
15/09/2021 22:00,41,24,17,14,6,8,7,3,4,3,2,1,,,,0,0,0,,,,11,7,4,,,
15/09/2021 23:00,2,2,0,3,1,2,7,3,4,2,0,2,,,,0,0,0,,,,6,5,1,,,
16/09/2021 00:00,2,1,1,0,0,0,1,1,0,0,0,0,,,,0,0,0,,,,1,0,1,,,
16/09/2021 01:00,1,1,0,0,0,0,0,0,0,1,0,1,,,,0,0,0,,,,1,1,0,,,
16/09/2021 02:00,0,0,0,2,2,0,0,0,0,0,0,0,,,,0,0,0,,,,1,0,1,,,
16/09/2021 03:00,2,1,1,0,0,0,0,0,0,1,1,0,,,,0,0,0,,,,0,0,0,,,
16/09/2021 04:00,3,2,1,0,0,0,1,0,1,0,0,0,,,,0,0,0,,,,5,3,2,,,
16/09/2021 05:00,10,3,7,3,3,0,3,3,0,1,0,1,,,,4,2,2,,,,3,2,1,,,
16/09/2021 06:00,59,27,32,14,5,9,12,9,3,2,1,1,,,,17,13,4,,,,9,5,4,,,
16/09/2021 07:00,109,55,54,40,18,22,15,4,11,17,8,9,,,,56,37,19,,,,30,15,15,,,
16/09/2021 08:00,116,56,60,48,22,26,29,18,11,35,13,22,,,,81,46,35,,,,122,91,31,,,
16/09/2021 09:00,132,64,68,31,19,12,26,16,10,26,15,11,,,,60,37,23,,,,39,18,21,,,
16/09/2021 10:00,194,104,90,44,20,24,30,17,13,32,17,15,,,,50,30,20,,,,34,17,17,,,
16/09/2021 11:00,275,129,146,48,9,39,26,11,15,30,16,14,,,,73,39,34,,,,30,14,16,,,
16/09/2021 12:00,249,125,124,54,33,21,32,21,11,27,10,17,,,,71,35,36,,,,52,29,23,,,
16/09/2021 13:00,263,102,161,53,30,23,49,24,25,33,14,19,,,,61,45,16,,,,69,37,32,,,
16/09/2021 14:00,188,100,88,36,9,27,29,19,10,31,12,19,,,,103,54,49,,,,83,30,53,,,
16/09/2021 15:00,181,81,100,47,20,27,18,15,3,20,7,13,,,,98,56,42,,,,109,25,84,,,
16/09/2021 16:00,144,76,68,21,15,6,34,12,22,25,12,13,,,,109,58,51,,,,92,36,56,,,
16/09/2021 17:00,164,74,90,38,24,14,53,30,23,30,12,18,,,,82,42,40,,,,64,35,29,,,
16/09/2021 18:00,227,113,114,47,22,25,38,20,18,29,13,16,,,,105,55,50,,,,82,37,45,,,
16/09/2021 19:00,202,97,105,70,37,33,53,30,23,20,8,12,,,,106,50,56,,,,73,35,38,,,
16/09/2021 20:00,206,107,99,53,24,29,37,26,11,14,7,7,,,,25,15,10,,,,56,26,30,,,
16/09/2021 21:00,101,56,45,33,11,22,23,10,13,3,2,1,,,,0,0,0,,,,11,6,5,,,
16/09/2021 22:00,35,17,18,8,3,5,9,4,5,3,2,1,,,,0,0,0,,,,25,12,13,,,
16/09/2021 23:00,13,5,8,0,0,0,10,3,7,3,1,2,,,,0,0,0,,,,17,13,4,,,
17/09/2021 00:00,3,3,0,0,0,0,8,3,5,1,1,0,,,,0,0,0,,,,9,6,3,,,
17/09/2021 01:00,2,1,1,0,0,0,0,0,0,1,1,0,,,,0,0,0,,,,3,2,1,,,
17/09/2021 02:00,2,1,1,1,1,0,2,1,1,0,0,0,,,,0,0,0,,,,4,2,2,,,
17/09/2021 03:00,3,2,1,0,0,0,0,0,0,0,0,0,,,,0,0,0,,,,1,1,0,,,
17/09/2021 04:00,1,1,0,0,0,0,0,0,0,0,0,0,,,,0,0,0,,,,0,0,0,,,
17/09/2021 05:00,10,4,6,1,0,1,2,1,1,3,1,2,,,,1,0,1,,,,3,3,0,,,
17/09/2021 06:00,54,27,27,9,3,6,19,10,9,5,3,2,,,,9,5,4,,,,11,7,4,,,
17/09/2021 07:00,89,39,50,20,7,13,9,4,5,17,6,11,,,,55,29,26,,,,39,19,20,,,
17/09/2021 08:00,70,38,32,22,10,12,15,12,3,19,12,7,,,,35,24,11,,,,80,61,19,,,
17/09/2021 09:00,60,25,35,46,26,20,19,14,5,8,1,7,,,,29,12,17,,,,26,12,14,,,
17/09/2021 10:00,50,22,28,16,6,10,11,4,7,21,5,16,,,,19,9,10,,,,25,11,14,,,
17/09/2021 11:00,33,17,16,16,11,5,8,4,4,12,3,9,,,,11,7,4,,,,19,10,9,,,
17/09/2021 12:00,60,25,35,19,8,11,19,10,9,15,5,10,,,,22,13,9,,,,29,10,19,,,
17/09/2021 13:00,55,21,34,20,8,12,11,2,9,16,11,5,,,,26,15,11,,,,101,18,83,,,
17/09/2021 14:00,79,38,41,26,14,12,28,10,18,6,1,5,,,,26,17,9,,,,52,17,35,,,
17/09/2021 15:00,131,67,64,49,25,24,32,15,17,25,7,18,,,,50,27,23,,,,51,25,26,,,
17/09/2021 16:00,203,89,114,48,19,29,30,18,12,28,14,14,,,,51,37,14,,,,71,34,37,,,
17/09/2021 17:00,166,73,93,53,34,19,34,21,13,32,17,15,,,,64,27,37,,,,70,30,40,,,
17/09/2021 18:00,137,78,59,36,19,17,43,20,23,38,24,14,,,,66,44,22,,,,69,34,35,,,
17/09/2021 19:00,173,75,98,31,9,22,41,20,21,20,9,11,,,,52,27,25,,,,60,36,24,,,
17/09/2021 20:00,137,71,66,31,14,17,34,12,22,8,4,4,,,,21,12,9,,,,33,15,18,,,
17/09/2021 21:00,76,43,33,15,3,12,11,5,6,3,1,2,,,,5,5,0,,,,21,10,11,,,
17/09/2021 22:00,41,29,12,8,3,5,6,4,2,3,2,1,,,,0,0,0,,,,21,12,9,,,
17/09/2021 23:00,14,8,6,9,4,5,3,1,2,12,5,7,,,,0,0,0,,,,8,5,3,,,
18/09/2021 00:00,1,0,1,1,0,1,8,1,7,3,2,1,,,,1,1,0,,,,10,10,0,,,
18/09/2021 01:00,3,1,2,4,1,3,2,2,0,6,4,2,,,,2,2,0,,,,19,3,16,,,
18/09/2021 02:00,0,0,0,0,0,0,1,1,0,0,0,0,,,,0,0,0,,,,9,3,6,,,
18/09/2021 03:00,10,8,2,1,0,1,0,0,0,0,0,0,,,,0,0,0,,,,1,0,1,,,
18/09/2021 04:00,4,3,1,1,1,0,0,0,0,0,0,0,,,,0,0,0,,,,2,2,0,,,
18/09/2021 05:00,3,0,3,0,0,0,1,0,1,1,0,1,,,,0,0,0,,,,0,0,0,,,
18/09/2021 06:00,19,4,15,5,4,1,5,1,4,1,0,1,,,,21,14,7,,,,7,3,4,,,
18/09/2021 07:00,81,45,36,21,13,8,18,13,5,13,9,4,,,,25,15,10,,,,16,9,7,,,
18/09/2021 08:00,114,49,65,32,16,16,35,18,17,24,9,15,,,,59,35,24,,,,21,10,11,,,
18/09/2021 09:00,170,77,93,46,27,19,37,23,14,27,15,12,,,,69,39,30,,,,39,26,13,,,
18/09/2021 10:00,262,136,126,89,61,28,35,20,15,43,32,11,,,,136,87,49,,,,48,26,22,,,
18/09/2021 11:00,410,241,169,125,69,56,69,51,18,60,38,22,,,,155,89,66,,,,57,28,29,,,
18/09/2021 12:00,442,234,208,76,35,41,85,43,42,62,34,28,,,,137,79,58,,,,62,31,31,,,
18/09/2021 13:00,385,203,182,59,26,33,53,33,20,53,29,24,,,,89,44,45,,,,76,35,41,,,
18/09/2021 14:00,437,218,219,60,30,30,61,26,35,39,21,18,,,,120,73,47,,,,73,36,37,,,
18/09/2021 15:00,584,314,270,67,30,37,59,33,26,62,30,32,,,,86,41,45,,,,97,59,38,,,
18/09/2021 16:00,488,262,226,58,33,25,78,33,45,46,18,28,,,,80,36,44,,,,72,37,35,,,
18/09/2021 17:00,384,191,193,69,29,40,65,27,38,36,17,19,,,,86,42,44,,,,61,39,22,,,
18/09/2021 18:00,290,132,158,55,33,22,50,20,30,44,24,20,,,,74,43,31,,,,65,40,25,,,
18/09/2021 19:00,177,94,83,25,13,12,26,11,15,24,13,11,,,,47,18,29,,,,56,28,28,,,
18/09/2021 20:00,152,87,65,20,4,16,38,20,18,12,6,6,,,,13,3,10,,,,34,13,21,,,
18/09/2021 21:00,93,55,38,11,6,5,24,13,11,6,4,2,,,,0,0,0,,,,19,6,13,,,
18/09/2021 22:00,27,19,8,3,2,1,15,10,5,6,4,2,,,,0,0,0,,,,31,17,14,,,
18/09/2021 23:00,32,20,12,5,1,4,7,4,3,3,2,1,,,,0,0,0,,,,20,13,7,,,
19/09/2021 00:00,1,1,0,2,0,2,6,4,2,6,2,4,,,,5,1,4,,,,16,10,6,,,
19/09/2021 01:00,6,4,2,7,2,5,5,1,4,0,0,0,,,,0,0,0,,,,18,13,5,,,
19/09/2021 02:00,6,1,5,1,1,0,2,2,0,1,1,0,,,,0,0,0,,,,10,2,8,,,
19/09/2021 03:00,2,1,1,0,0,0,0,0,0,0,0,0,,,,0,0,0,,,,0,0,0,,,
19/09/2021 04:00,0,0,0,0,0,0,0,0,0,0,0,0,,,,1,1,0,,,,6,4,2,,,
19/09/2021 05:00,1,1,0,2,2,0,1,1,0,0,0,0,,,,1,0,1,,,,7,6,1,,,
19/09/2021 06:00,15,5,10,6,4,2,5,3,2,1,0,1,,,,2,2,0,,,,5,2,3,,,
19/09/2021 07:00,38,18,20,6,3,3,10,6,4,7,3,4,,,,13,11,2,,,,18,10,8,,,
19/09/2021 08:00,83,35,48,33,23,10,21,10,11,14,6,8,,,,33,16,17,,,,23,11,12,,,
19/09/2021 09:00,246,111,135,48,21,27,44,27,17,37,23,14,,,,79,49,30,,,,27,10,17,,,
19/09/2021 10:00,400,221,179,81,47,34,52,30,22,28,12,16,,,,117,67,50,,,,43,24,19,,,
19/09/2021 11:00,599,312,287,130,63,67,87,58,29,68,46,22,,,,137,85,52,,,,81,40,41,,,
19/09/2021 12:00,727,398,329,160,61,99,90,56,34,47,19,28,,,,120,70,50,,,,66,30,36,,,
19/09/2021 13:00,654,329,325,98,53,45,99,53,46,58,31,27,,,,129,70,59,,,,60,39,21,,,
19/09/2021 14:00,811,440,371,99,56,43,81,59,22,50,24,26,,,,102,53,49,,,,81,39,42,,,
19/09/2021 15:00,954,485,469,80,36,44,83,42,41,56,33,23,,,,159,92,67,,,,66,35,31,,,
19/09/2021 16:00,876,412,464,92,43,49,94,40,54,49,17,32,,,,113,58,55,,,,57,27,30,,,
19/09/2021 17:00,552,293,259,105,61,44,74,37,37,42,22,20,,,,118,64,54,,,,59,22,37,,,
19/09/2021 18:00,404,211,193,65,28,37,69,31,38,29,12,17,,,,72,37,35,,,,39,19,20,,,
19/09/2021 19:00,248,124,124,41,23,18,41,24,17,20,5,15,,,,66,25,41,,,,51,17,34,,,
19/09/2021 20:00,179,104,75,23,8,15,27,19,8,12,6,6,,,,24,11,13,,,,21,13,8,,,
19/09/2021 21:00,49,24,25,14,4,10,16,4,12,8,2,6,,,,0,0,0,,,,7,2,5,,,
19/09/2021 22:00,16,12,4,3,0,3,5,3,2,7,6,1,,,,0,0,0,,,,20,11,9,,,
19/09/2021 23:00,6,5,1,4,2,2,6,1,5,0,0,0,,,,0,0,0,,,,14,11,3,,,
20/09/2021 00:00,0,0,0,0,0,0,0,0,0,1,0,1,,,,0,0,0,,,,2,1,1,,,
20/09/2021 01:00,1,0,1,1,1,0,0,0,0,0,0,0,,,,1,1,0,,,,1,1,0,,,
20/09/2021 02:00,0,0,0,3,1,2,1,0,1,0,0,0,,,,0,0,0,,,,2,0,2,,,
20/09/2021 03:00,1,1,0,0,0,0,0,0,0,0,0,0,,,,0,0,0,,,,3,2,1,,,
20/09/2021 04:00,0,0,0,0,0,0,0,0,0,1,1,0,,,,0,0,0,,,,0,0,0,,,
20/09/2021 05:00,9,4,5,2,1,1,1,1,0,4,3,1,,,,0,0,0,,,,0,0,0,,,
20/09/2021 06:00,61,30,31,8,3,5,23,14,9,3,1,2,,,,8,8,0,,,,17,10,7,,,
20/09/2021 07:00,90,52,38,20,12,8,8,4,4,19,8,11,,,,46,22,24,,,,36,22,14,,,
20/09/2021 08:00,121,59,62,47,17,30,21,14,7,37,25,12,,,,84,47,37,,,,144,106,38,,,
20/09/2021 09:00,143,78,65,30,15,15,39,24,15,30,20,10,,,,63,36,27,,,,51,27,24,,,
20/09/2021 10:00,170,87,83,34,15,19,37,16,21,23,11,12,,,,46,35,11,,,,31,19,12,,,
20/09/2021 11:00,222,115,107,46,24,22,26,17,9,35,22,13,,,,66,42,24,,,,56,33,23,,,
20/09/2021 12:00,215,101,114,67,36,31,48,26,22,39,20,19,,,,82,51,31,,,,52,26,26,,,
20/09/2021 13:00,271,133,138,75,48,27,69,31,38,41,20,21,,,,90,51,39,,,,56,32,24,,,
20/09/2021 14:00,221,96,125,41,11,30,34,16,18,23,14,9,,,,92,51,41,,,,119,44,75,,,
20/09/2021 15:00,170,91,79,22,15,7,25,12,13,30,19,11,,,,62,33,29,,,,99,47,52,,,
20/09/2021 16:00,112,63,49,23,16,7,32,15,17,35,12,23,,,,64,41,23,,,,104,47,57,,,
20/09/2021 17:00,124,61,63,43,21,22,37,25,12,39,18,21,,,,100,49,51,,,,65,32,33,,,
20/09/2021 18:00,183,76,107,49,27,22,37,19,18,25,11,14,,,,92,49,43,,,,65,35,30,,,
20/09/2021 19:00,220,123,97,61,29,32,43,28,15,28,11,17,,,,75,42,33,,,,63,31,32,,,
20/09/2021 20:00,185,107,78,39,11,28,29,17,12,10,6,4,,,,2,0,2,,,,48,26,22,,,
20/09/2021 21:00,83,49,34,20,11,9,16,7,9,8,3,5,,,,0,0,0,,,,22,10,12,,,
20/09/2021 22:00,32,16,16,19,11,8,7,2,5,3,1,2,,,,0,0,0,,,,27,9,18,,,
20/09/2021 23:00,16,10,6,3,0,3,1,1,0,3,1,2,,,,0,0,0,,,,5,2,3,,,
21/09/2021 00:00,4,2,2,0,0,0,0,0,0,1,0,1,,,,0,0,0,,,,2,0,2,,,
21/09/2021 01:00,4,2,2,0,0,0,0,0,0,0,0,0,,,,0,0,0,,,,1,0,1,,,
21/09/2021 02:00,1,1,0,0,0,0,0,0,0,0,0,0,,,,0,0,0,,,,0,0,0,,,
21/09/2021 03:00,0,0,0,2,2,0,0,0,0,0,0,0,,,,0,0,0,,,,1,1,0,,,
21/09/2021 04:00,0,0,0,0,0,0,0,0,0,0,0,0,,,,0,0,0,,,,0,0,0,,,
21/09/2021 05:00,7,1,6,2,2,0,2,0,2,1,0,1,,,,3,2,1,,,,0,0,0,,,
21/09/2021 06:00,53,28,25,13,6,7,13,10,3,4,1,3,,,,8,4,4,,,,15,8,7,,,
21/09/2021 07:00,100,44,56,32,19,13,17,7,10,17,9,8,,,,40,28,12,,,,38,17,21,,,
21/09/2021 08:00,140,63,77,47,18,29,35,22,13,37,15,22,,,,88,51,37,,,,144,105,39,,,
21/09/2021 09:00,144,64,80,37,15,22,31,15,16,33,21,12,,,,59,35,24,,,,44,18,26,,,
21/09/2021 10:00,148,65,83,47,23,24,31,19,12,30,13,17,,,,45,24,21,,,,46,11,35,,,
21/09/2021 11:00,228,103,125,44,24,20,51,26,25,30,11,19,,,,52,26,26,,,,44,26,18,,,
21/09/2021 12:00,215,116,99,47,24,23,45,16,29,26,16,10,,,,72,48,24,,,,61,31,30,,,
21/09/2021 13:00,240,119,121,61,36,25,61,32,29,44,28,16,,,,120,81,39,,,,59,31,28,,,
21/09/2021 14:00,195,92,103,33,13,20,34,16,18,31,18,13,,,,118,58,60,,,,108,44,64,,,
21/09/2021 15:00,182,84,98,29,26,3,26,13,13,19,8,11,,,,83,29,54,,,,116,49,67,,,
21/09/2021 16:00,185,105,80,57,33,24,53,30,23,17,6,11,,,,70,46,24,,,,109,53,56,,,
21/09/2021 17:00,175,84,91,58,30,28,44,23,21,51,29,22,,,,86,49,37,,,,79,39,40,,,
21/09/2021 18:00,201,113,88,54,39,15,42,21,21,38,14,24,,,,56,36,20,,,,90,40,50,,,
21/09/2021 19:00,217,104,113,74,37,37,35,17,18,28,14,14,,,,80,49,31,,,,136,58,78,,,
21/09/2021 20:00,232,124,108,39,12,27,43,26,17,15,10,5,,,,16,11,5,,,,61,26,35,,,
21/09/2021 21:00,91,45,46,19,9,10,18,8,10,9,4,5,,,,0,0,0,,,,27,12,15,,,
21/09/2021 22:00,44,19,25,12,5,7,11,10,1,1,1,0,,,,0,0,0,,,,14,9,5,,,
21/09/2021 23:00,8,5,3,2,2,0,5,0,5,5,2,3,,,,0,0,0,,,,12,5,7,,,
22/09/2021 00:00,0,0,0,0,0,0,1,1,0,0,0,0,,,,0,0,0,,,,4,1,3,,,
22/09/2021 01:00,1,0,1,2,0,2,2,2,0,0,0,0,,,,0,0,0,,,,1,1,0,,,
22/09/2021 02:00,1,1,0,0,0,0,0,0,0,0,0,0,,,,0,0,0,,,,0,0,0,,,
22/09/2021 03:00,0,0,0,0,0,0,1,1,0,0,0,0,,,,0,0,0,,,,1,1,0,,,
22/09/2021 04:00,0,0,0,0,0,0,0,0,0,0,0,0,,,,0,0,0,,,,0,0,0,,,
22/09/2021 05:00,5,1,4,0,0,0,0,0,0,2,1,1,,,,2,2,0,,,,3,2,1,,,
22/09/2021 06:00,50,26,24,10,6,4,14,9,5,4,1,3,,,,27,18,9,,,,13,6,7,,,
22/09/2021 07:00,98,50,48,28,12,16,18,10,8,20,8,12,,,,63,33,30,,,,40,16,24,,,
22/09/2021 08:00,128,44,84,36,13,23,29,20,9,31,16,15,,,,79,44,35,,,,140,94,46,,,
22/09/2021 09:00,158,96,62,33,18,15,29,20,9,21,13,8,,,,72,38,34,,,,48,24,24,,,
22/09/2021 10:00,162,77,85,34,16,18,32,21,11,14,10,4,,,,47,36,11,,,,49,34,15,,,
22/09/2021 11:00,227,108,119,45,24,21,51,22,29,44,17,27,,,,59,37,22,,,,48,22,26,,,
22/09/2021 12:00,186,97,89,51,30,21,29,17,12,38,24,14,,,,76,52,24,,,,60,24,36,,,
22/09/2021 13:00,195,98,97,56,30,26,43,26,17,32,20,12,,,,126,75,51,,,,88,40,48,,,
22/09/2021 14:00,169,83,86,37,12,25,24,8,16,37,21,16,,,,148,78,70,,,,75,28,47,,,
22/09/2021 15:00,167,89,78,42,28,14,38,15,23,21,12,9,,,,103,46,57,,,,140,39,101,,,
22/09/2021 16:00,173,75,98,39,20,19,29,16,13,27,14,13,,,,75,30,45,,,,71,22,49,,,
22/09/2021 17:00,176,83,93,54,29,25,30,15,15,28,17,11,,,,75,55,20,,,,102,56,46,,,
22/09/2021 18:00,218,109,109,49,16,33,38,14,24,33,17,16,,,,112,58,54,,,,103,59,44,,,
22/09/2021 19:00,260,136,124,64,34,30,41,21,20,36,19,17,,,,81,44,37,,,,98,50,48,,,
22/09/2021 20:00,203,112,91,47,20,27,33,20,13,9,6,3,,,,34,22,12,,,,61,31,30,,,
22/09/2021 21:00,100,61,39,20,7,13,17,9,8,7,5,2,,,,0,0,0,,,,21,12,9,,,
22/09/2021 22:00,24,16,8,2,1,1,7,3,4,5,3,2,,,,0,0,0,,,,16,7,9,,,
22/09/2021 23:00,6,5,1,0,0,0,6,2,4,1,0,1,,,,0,0,0,,,,7,4,3,,,
23/09/2021 00:00,0,0,0,1,1,0,4,2,2,0,0,0,,,,0,0,0,,,,1,0,1,,,
23/09/2021 01:00,4,2,2,0,0,0,0,0,0,0,0,0,,,,0,0,0,,,,7,2,5,,,
23/09/2021 02:00,11,3,8,0,0,0,0,0,0,0,0,0,,,,0,0,0,,,,0,0,0,,,
23/09/2021 03:00,0,0,0,2,1,1,0,0,0,2,2,0,,,,0,0,0,,,,0,0,0,,,
23/09/2021 04:00,2,1,1,0,0,0,0,0,0,0,0,0,,,,0,0,0,,,,1,0,1,,,
23/09/2021 05:00,9,2,7,0,0,0,3,3,0,1,0,1,,,,3,3,0,,,,1,1,0,,,
23/09/2021 06:00,59,33,26,8,3,5,9,7,2,0,0,0,,,,17,14,3,,,,14,5,9,,,
23/09/2021 07:00,111,58,53,27,9,18,18,11,7,16,7,9,,,,41,23,18,,,,50,25,25,,,
23/09/2021 08:00,142,64,78,61,28,33,51,20,31,41,26,15,,,,79,44,35,,,,127,88,39,,,
23/09/2021 09:00,154,83,71,49,22,27,29,12,17,29,16,13,,,,80,37,43,,,,36,14,22,,,
23/09/2021 10:00,152,76,76,34,21,13,39,23,16,29,20,9,,,,57,38,19,,,,23,9,14,,,
23/09/2021 11:00,174,94,80,45,25,20,38,10,28,24,15,9,,,,51,32,19,,,,40,16,24,,,
23/09/2021 12:00,157,73,84,54,22,32,41,19,22,35,17,18,,,,60,29,31,,,,51,25,26,,,
23/09/2021 13:00,189,99,90,42,33,9,39,21,18,27,11,16,,,,101,69,32,,,,50,16,34,,,
23/09/2021 14:00,181,90,91,37,19,18,21,14,7,31,22,9,,,,116,53,63,,,,74,27,47,,,
23/09/2021 15:00,191,89,102,49,28,21,22,12,10,22,12,10,,,,75,27,48,,,,104,33,71,,,
23/09/2021 16:00,157,92,65,33,15,18,21,14,7,27,12,15,,,,79,50,29,,,,67,26,41,,,
23/09/2021 17:00,150,75,75,34,17,17,27,11,16,34,12,22,,,,60,26,34,,,,96,52,44,,,
23/09/2021 18:00,191,102,89,63,23,40,52,24,28,25,9,16,,,,86,51,35,,,,96,48,48,,,
23/09/2021 19:00,215,103,112,62,28,34,34,17,17,20,10,10,,,,78,32,46,,,,80,39,41,,,
23/09/2021 20:00,175,96,79,55,21,34,44,20,24,18,10,8,,,,17,14,3,,,,58,19,39,,,
23/09/2021 21:00,113,65,48,17,8,9,12,7,5,8,4,4,,,,3,3,0,,,,30,11,19,,,
23/09/2021 22:00,43,26,17,13,4,9,4,1,3,6,4,2,,,,0,0,0,,,,24,11,13,,,
23/09/2021 23:00,20,7,13,4,3,1,1,0,1,1,1,0,,,,0,0,0,,,,6,5,1,,,
24/09/2021 00:00,0,0,0,0,0,0,2,0,2,1,1,0,,,,0,0,0,,,,15,13,2,,,
24/09/2021 01:00,2,0,2,0,0,0,0,0,0,4,3,1,,,,0,0,0,,,,4,3,1,,,
24/09/2021 02:00,2,0,2,0,0,0,0,0,0,0,0,0,,,,0,0,0,,,,0,0,0,,,
24/09/2021 03:00,0,0,0,0,0,0,0,0,0,0,0,0,,,,0,0,0,,,,7,2,5,,,
24/09/2021 04:00,0,0,0,2,2,0,0,0,0,0,0,0,,,,0,0,0,,,,4,3,1,,,
24/09/2021 05:00,4,2,2,0,0,0,0,0,0,2,1,1,,,,3,2,1,,,,3,3,0,,,
24/09/2021 06:00,47,23,24,9,6,3,13,9,4,4,1,3,,,,19,16,3,,,,14,6,8,,,
24/09/2021 07:00,97,51,46,26,12,14,25,12,13,18,8,10,,,,45,25,20,,,,41,18,23,,,
24/09/2021 08:00,128,53,75,41,17,24,23,13,10,41,20,21,,,,68,43,25,,,,89,59,30,,,
24/09/2021 09:00,152,75,77,29,12,17,28,13,15,20,12,8,,,,52,28,24,,,,46,18,28,,,
24/09/2021 10:00,174,74,100,32,8,24,23,15,8,21,10,11,,,,60,39,21,,,,32,17,15,,,
24/09/2021 11:00,170,85,85,31,16,15,31,20,11,19,10,9,,,,74,30,44,,,,50,20,30,,,
24/09/2021 12:00,182,91,91,34,17,17,28,16,12,18,8,10,,,,69,41,28,,,,72,25,47,,,
24/09/2021 13:00,196,111,85,42,22,20,54,27,27,25,14,11,,,,99,64,35,,,,60,16,44,,,
24/09/2021 14:00,148,67,81,16,8,8,36,27,9,36,14,22,,,,117,78,39,,,,75,35,40,,,
24/09/2021 15:00,154,72,82,40,18,22,31,14,17,42,24,18,,,,82,42,40,,,,62,29,33,,,
24/09/2021 16:00,162,70,92,41,28,13,30,18,12,23,10,13,,,,66,35,31,,,,71,28,43,,,
24/09/2021 17:00,157,94,63,29,18,11,36,25,11,30,18,12,,,,73,40,33,,,,66,29,37,,,
24/09/2021 18:00,139,76,63,45,24,21,43,25,18,31,15,16,,,,52,24,28,,,,48,30,18,,,
24/09/2021 19:00,178,73,105,25,13,12,36,19,17,42,24,18,,,,48,28,20,,,,45,18,27,,,
24/09/2021 20:00,148,72,76,18,8,10,24,16,8,16,8,8,,,,0,0,0,,,,43,20,23,,,
24/09/2021 21:00,65,49,16,18,9,9,22,15,7,8,5,3,,,,0,0,0,,,,39,17,22,,,
24/09/2021 22:00,38,19,19,3,1,2,12,7,5,4,1,3,,,,0,0,0,,,,17,5,12,,,
24/09/2021 23:00,24,13,11,5,0,5,4,0,4,11,5,6,,,,0,0,0,,,,10,6,4,,,
25/09/2021 00:00,0,0,0,1,0,1,4,1,3,5,1,4,,,,0,0,0,,,,7,6,1,,,
25/09/2021 01:00,16,9,7,2,2,0,3,1,2,6,1,5,,,,0,0,0,,,,6,5,1,,,
25/09/2021 02:00,4,2,2,2,1,1,0,0,0,0,0,0,,,,0,0,0,,,,0,0,0,,,
25/09/2021 03:00,1,0,1,0,0,0,0,0,0,0,0,0,,,,1,1,0,,,,2,2,0,,,
25/09/2021 04:00,1,1,0,0,0,0,0,0,0,1,0,1,,,,1,1,0,,,,1,1,0,,,
25/09/2021 05:00,4,1,3,2,1,1,2,0,2,1,0,1,,,,1,1,0,,,,3,2,1,,,
25/09/2021 06:00,29,9,20,6,6,0,4,2,2,0,0,0,,,,7,5,2,,,,5,3,2,,,
25/09/2021 07:00,68,36,32,15,7,8,18,7,11,9,4,5,,,,17,12,5,,,,14,7,7,,,
25/09/2021 08:00,118,59,59,34,19,15,30,18,12,22,7,15,,,,54,35,19,,,,25,16,9,,,
25/09/2021 09:00,151,71,80,44,25,19,35,24,11,18,11,7,,,,67,41,26,,,,42,19,23,,,
25/09/2021 10:00,225,112,113,58,29,29,46,24,22,38,22,16,,,,84,46,38,,,,53,36,17,,,
25/09/2021 11:00,356,213,143,67,38,29,33,24,9,42,22,20,,,,127,82,45,,,,58,27,31,,,
25/09/2021 12:00,418,205,213,85,45,40,75,41,34,40,21,19,,,,107,52,55,,,,56,22,34,,,
25/09/2021 13:00,561,279,282,73,33,40,40,16,24,45,29,16,,,,123,69,54,,,,49,23,26,,,
25/09/2021 14:00,565,277,288,73,30,43,61,38,23,43,22,21,,,,104,64,40,,,,50,21,29,,,
25/09/2021 15:00,648,323,325,106,57,49,77,40,37,69,44,25,,,,144,84,60,,,,48,26,22,,,
25/09/2021 16:00,549,246,303,85,49,36,61,33,28,33,15,18,,,,127,63,64,,,,54,31,23,,,
25/09/2021 17:00,377,195,182,65,27,38,75,39,36,48,27,21,,,,87,42,45,,,,49,29,20,,,
25/09/2021 18:00,250,115,135,43,22,21,34,13,21,24,11,13,,,,45,20,25,,,,39,21,18,,,
25/09/2021 19:00,252,139,113,41,21,20,29,15,14,30,5,25,,,,45,30,15,,,,60,24,36,,,
25/09/2021 20:00,153,81,72,19,10,9,24,18,6,8,2,6,,,,3,0,3,,,,41,18,23,,,
25/09/2021 21:00,87,59,28,12,7,5,16,4,12,7,2,5,,,,3,3,0,,,,19,11,8,,,
25/09/2021 22:00,57,29,28,5,2,3,14,8,6,6,3,3,,,,2,2,0,,,,12,4,8,,,
25/09/2021 23:00,33,19,14,6,0,6,18,2,16,5,2,3,,,,0,0,0,,,,12,9,3,,,
26/09/2021 00:00,2,1,1,4,3,1,7,4,3,26,12,14,,,,0,0,0,,,,15,8,7,,,
26/09/2021 01:00,4,3,1,1,1,0,6,2,4,0,0,0,,,,0,0,0,,,,7,3,4,,,
26/09/2021 02:00,7,4,3,2,0,2,8,3,5,0,0,0,,,,0,0,0,,,,7,4,3,,,
26/09/2021 03:00,3,1,2,0,0,0,3,1,2,3,0,3,,,,0,0,0,,,,2,2,0,,,
26/09/2021 04:00,3,2,1,0,0,0,0,0,0,0,0,0,,,,0,0,0,,,,4,1,3,,,
26/09/2021 05:00,1,0,1,0,0,0,0,0,0,0,0,0,,,,0,0,0,,,,2,2,0,,,
26/09/2021 06:00,9,5,4,3,1,2,3,1,2,0,0,0,,,,2,1,1,,,,6,5,1,,,
26/09/2021 07:00,44,25,19,18,15,3,6,4,2,7,4,3,,,,11,6,5,,,,11,3,8,,,
26/09/2021 08:00,104,47,57,33,16,17,16,8,8,20,11,9,,,,38,28,10,,,,22,12,10,,,
26/09/2021 09:00,214,112,102,41,23,18,30,13,17,29,15,14,,,,99,59,40,,,,28,12,16,,,
26/09/2021 10:00,326,159,167,72,39,33,63,43,20,24,16,8,,,,129,92,37,,,,42,21,21,,,
26/09/2021 11:00,546,265,281,79,33,46,76,41,35,59,30,29,,,,151,93,58,,,,62,27,35,,,
26/09/2021 12:00,698,397,301,74,32,42,56,37,19,59,29,30,,,,117,75,42,,,,46,23,23,,,
26/09/2021 13:00,603,308,295,92,38,54,75,37,38,52,32,20,,,,92,55,37,,,,52,27,25,,,
26/09/2021 14:00,688,352,336,85,46,39,55,37,18,55,31,24,,,,69,39,30,,,,68,24,44,,,
26/09/2021 15:00,453,234,219,94,54,40,65,42,23,53,30,23,,,,95,57,38,,,,37,23,14,,,
26/09/2021 16:00,469,215,254,78,34,44,64,35,29,38,19,19,,,,97,48,49,,,,48,19,29,,,
26/09/2021 17:00,215,113,102,33,17,16,28,8,20,28,11,17,,,,48,15,33,,,,26,15,11,,,
26/09/2021 18:00,73,44,29,11,6,5,25,20,5,9,6,3,,,,11,5,6,,,,18,8,10,,,
26/09/2021 19:00,35,18,17,6,3,3,7,6,1,4,2,2,,,,6,5,1,,,,15,5,10,,,
26/09/2021 20:00,17,10,7,5,3,2,7,3,4,7,5,2,,,,2,0,2,,,,11,3,8,,,
26/09/2021 21:00,27,19,8,8,5,3,4,2,2,1,0,1,,,,4,1,3,,,,18,10,8,,,
26/09/2021 22:00,10,6,4,4,1,3,2,2,0,2,1,1,,,,0,0,0,,,,5,4,1,,,
26/09/2021 23:00,6,3,3,0,0,0,4,2,2,0,0,0,,,,0,0,0,,,,7,6,1,,,
27/09/2021 00:00,0,0,0,0,0,0,3,3,0,0,0,0,,,,0,0,0,,,,2,1,1,,,
27/09/2021 01:00,0,0,0,0,0,0,1,1,0,2,0,2,,,,0,0,0,,,,0,0,0,,,
27/09/2021 02:00,0,0,0,0,0,0,0,0,0,0,0,0,,,,0,0,0,,,,1,0,1,,,
27/09/2021 03:00,0,0,0,0,0,0,0,0,0,1,1,0,,,,0,0,0,,,,2,2,0,,,
27/09/2021 04:00,0,0,0,0,0,0,0,0,0,1,1,0,,,,0,0,0,,,,3,3,0,,,
27/09/2021 05:00,5,1,4,2,0,2,0,0,0,0,0,0,,,,0,0,0,,,,2,2,0,,,
27/09/2021 06:00,33,15,18,12,7,5,17,11,6,5,3,2,,,,11,9,2,,,,16,7,9,,,
27/09/2021 07:00,103,49,54,20,10,10,14,6,8,15,3,12,,,,44,26,18,,,,31,14,17,,,
27/09/2021 08:00,133,59,74,42,20,22,33,16,17,32,20,12,,,,58,32,26,,,,92,54,38,,,
27/09/2021 09:00,186,104,82,36,22,14,25,15,10,28,13,15,,,,39,22,17,,,,43,19,24,,,
27/09/2021 10:00,194,108,86,29,14,15,31,18,13,28,16,12,,,,55,42,13,,,,31,10,21,,,
27/09/2021 11:00,217,97,120,48,25,23,51,27,24,47,27,20,,,,48,28,20,,,,34,16,18,,,
27/09/2021 12:00,241,122,119,45,18,27,51,19,32,48,26,22,,,,48,26,22,,,,55,32,23,,,
27/09/2021 13:00,213,102,111,51,19,32,61,35,26,36,19,17,,,,78,46,32,,,,50,24,26,,,
27/09/2021 14:00,183,93,90,41,17,24,22,12,10,42,21,21,,,,94,52,42,,,,82,32,50,,,
27/09/2021 15:00,118,59,59,29,14,15,34,15,19,31,13,18,,,,45,24,21,,,,63,25,38,,,
27/09/2021 16:00,154,73,81,33,19,14,25,11,14,28,10,18,,,,46,23,23,,,,81,33,48,,,
27/09/2021 17:00,128,65,63,39,20,19,39,17,22,30,16,14,,,,48,23,25,,,,69,33,36,,,
27/09/2021 18:00,89,36,53,39,23,16,41,19,22,18,12,6,,,,37,23,14,,,,68,35,33,,,
27/09/2021 19:00,133,68,65,46,20,26,23,17,6,9,7,2,,,,40,23,17,,,,45,19,26,,,
27/09/2021 20:00,104,59,45,17,9,8,27,12,15,17,9,8,,,,6,4,2,,,,29,17,12,,,
27/09/2021 21:00,56,35,21,38,23,15,13,7,6,9,7,2,,,,0,0,0,,,,22,10,12,,,
27/09/2021 22:00,19,11,8,5,3,2,8,3,5,3,0,3,,,,0,0,0,,,,15,4,11,,,
27/09/2021 23:00,13,11,2,1,0,1,5,4,1,1,1,0,,,,0,0,0,,,,10,6,4,,,
28/09/2021 00:00,4,1,3,0,0,0,0,0,0,0,0,0,,,,0,0,0,,,,4,2,2,,,
28/09/2021 01:00,0,0,0,0,0,0,1,0,1,0,0,0,,,,0,0,0,,,,2,0,2,,,
28/09/2021 02:00,0,0,0,0,0,0,0,0,0,0,0,0,,,,0,0,0,,,,0,0,0,,,
28/09/2021 03:00,2,0,2,0,0,0,0,0,0,0,0,0,,,,0,0,0,,,,0,0,0,,,
28/09/2021 04:00,2,2,0,0,0,0,0,0,0,0,0,0,,,,0,0,0,,,,1,1,0,,,
28/09/2021 05:00,11,3,8,2,2,0,4,3,1,1,0,1,,,,2,1,1,,,,2,1,1,,,
28/09/2021 06:00,44,23,21,12,5,7,15,8,7,5,2,3,,,,3,2,1,,,,18,7,11,,,
28/09/2021 07:00,92,45,47,29,7,22,17,10,7,17,4,13,,,,20,9,11,,,,27,11,16,,,
28/09/2021 08:00,134,65,69,30,11,19,37,19,18,51,24,27,,,,45,27,18,,,,142,100,42,,,
28/09/2021 09:00,125,64,61,31,14,17,20,13,7,20,11,9,,,,26,13,13,,,,34,18,16,,,
28/09/2021 10:00,175,69,106,24,11,13,23,14,9,30,17,13,,,,38,18,20,,,,67,27,40,,,
28/09/2021 11:00,185,83,102,40,20,20,41,17,24,31,15,16,,,,47,25,22,,,,52,27,25,,,
28/09/2021 12:00,174,99,75,42,13,29,34,21,13,43,25,18,,,,45,23,22,,,,53,27,26,,,
28/09/2021 13:00,187,103,84,47,19,28,38,18,20,38,19,19,,,,101,61,40,,,,56,23,33,,,
28/09/2021 14:00,228,129,99,43,16,27,44,21,23,36,18,18,,,,96,60,36,,,,93,44,49,,,
28/09/2021 15:00,114,62,52,20,7,13,18,5,13,34,14,20,,,,78,27,51,,,,96,24,72,,,
28/09/2021 16:00,81,43,38,36,27,9,31,20,11,21,11,10,,,,52,33,19,,,,66,28,38,,,
28/09/2021 17:00,149,76,73,53,30,23,40,22,18,31,15,16,,,,69,39,30,,,,74,36,38,,,
28/09/2021 18:00,155,72,83,57,32,25,43,23,20,31,11,20,,,,96,57,39,,,,87,47,40,,,
28/09/2021 19:00,242,115,127,59,26,33,47,24,23,25,14,11,,,,80,38,42,,,,78,36,42,,,
28/09/2021 20:00,132,71,61,38,12,26,23,11,12,6,1,5,,,,4,4,0,,,,45,19,26,,,
28/09/2021 21:00,64,32,32,14,6,8,7,4,3,8,3,5,,,,0,0,0,,,,26,11,15,,,
28/09/2021 22:00,29,17,12,4,2,2,13,8,5,3,1,2,,,,0,0,0,,,,8,2,6,,,
28/09/2021 23:00,3,1,2,3,3,0,2,1,1,2,2,0,,,,0,0,0,,,,6,4,2,,,
29/09/2021 00:00,0,0,0,0,0,0,0,0,0,0,0,0,,,,0,0,0,,,,4,3,1,,,
29/09/2021 01:00,0,0,0,0,0,0,0,0,0,0,0,0,,,,0,0,0,,,,3,3,0,,,
29/09/2021 02:00,1,0,1,0,0,0,1,0,1,0,0,0,,,,1,1,0,,,,0,0,0,,,
29/09/2021 03:00,0,0,0,0,0,0,0,0,0,0,0,0,,,,0,0,0,,,,1,1,0,,,
29/09/2021 04:00,0,0,0,0,0,0,0,0,0,1,1,0,,,,0,0,0,,,,0,0,0,,,
29/09/2021 05:00,8,4,4,1,0,1,0,0,0,1,1,0,,,,1,1,0,,,,0,0,0,,,
29/09/2021 06:00,45,25,20,7,2,5,13,7,6,3,1,2,,,,2,2,0,,,,15,8,7,,,
29/09/2021 07:00,95,41,54,37,17,20,18,10,8,21,5,16,,,,22,11,11,,,,37,17,20,,,
29/09/2021 08:00,100,45,55,42,25,17,27,18,9,34,13,21,,,,41,30,11,,,,149,105,44,,,
29/09/2021 09:00,138,76,62,31,11,20,32,14,18,39,22,17,,,,51,31,20,,,,42,21,21,,,
29/09/2021 10:00,154,76,78,27,12,15,19,12,7,25,15,10,,,,43,24,19,,,,43,22,21,,,
29/09/2021 11:00,184,85,99,46,20,26,39,23,16,32,13,19,,,,45,27,18,,,,32,18,14,,,
29/09/2021 12:00,182,84,98,41,22,19,47,21,26,48,28,20,,,,56,36,20,,,,49,17,32,,,
29/09/2021 13:00,186,84,102,62,25,37,46,26,20,50,25,25,,,,89,49,40,,,,64,32,32,,,
29/09/2021 14:00,164,91,73,37,20,17,22,12,10,37,18,19,,,,114,69,45,,,,87,40,47,,,
29/09/2021 15:00,188,95,93,47,24,23,41,15,26,32,14,18,,,,90,45,45,,,,131,39,92,,,
29/09/2021 16:00,152,83,69,46,24,22,19,9,10,27,13,14,,,,63,26,37,,,,72,25,47,,,
29/09/2021 17:00,111,52,59,51,38,13,46,30,16,31,17,14,,,,80,52,28,,,,93,49,44,,,
29/09/2021 18:00,145,70,75,57,38,19,44,22,22,26,10,16,,,,65,37,28,,,,76,40,36,,,
29/09/2021 19:00,165,85,80,56,28,28,52,26,26,19,7,12,,,,45,29,16,,,,69,29,40,,,
29/09/2021 20:00,126,71,55,36,18,18,36,19,17,8,5,3,,,,0,0,0,,,,44,22,22,,,
29/09/2021 21:00,62,34,28,22,7,15,23,12,11,4,3,1,,,,0,0,0,,,,26,9,17,,,
29/09/2021 22:00,23,15,8,7,2,5,5,1,4,5,1,4,,,,0,0,0,,,,14,7,7,,,
29/09/2021 23:00,9,4,5,2,1,1,4,2,2,2,0,2,,,,0,0,0,,,,11,9,2,,,
30/09/2021 00:00,0,0,0,1,1,0,2,2,0,0,0,0,,,,0,0,0,,,,5,1,4,,,
30/09/2021 01:00,0,0,0,0,0,0,0,0,0,0,0,0,,,,0,0,0,,,,0,0,0,,,
30/09/2021 02:00,0,0,0,0,0,0,0,0,0,0,0,0,,,,0,0,0,,,,1,1,0,,,
30/09/2021 03:00,0,0,0,0,0,0,0,0,0,0,0,0,,,,0,0,0,,,,0,0,0,,,
30/09/2021 04:00,0,0,0,1,0,1,0,0,0,0,0,0,,,,1,1,0,,,,0,0,0,,,
30/09/2021 05:00,5,1,4,5,1,4,4,2,2,0,0,0,,,,5,4,1,,,,2,1,1,,,
30/09/2021 06:00,31,15,16,8,6,2,20,15,5,4,1,3,,,,14,10,4,,,,12,5,7,,,
30/09/2021 07:00,105,52,53,25,15,10,21,10,11,15,4,11,,,,37,17,20,,,,38,17,21,,,
30/09/2021 08:00,97,47,50,42,21,21,39,25,14,36,18,18,,,,46,27,19,,,,133,96,37,,,
30/09/2021 09:00,82,32,50,29,10,19,29,9,20,30,10,20,,,,29,15,14,,,,29,15,14,,,
30/09/2021 10:00,104,61,43,26,13,13,11,8,3,22,8,14,,,,32,19,13,,,,25,8,17,,,
30/09/2021 11:00,98,47,51,22,7,15,23,10,13,15,10,5,,,,24,15,9,,,,23,12,11,,,
30/09/2021 12:00,97,47,50,18,12,6,20,9,11,28,11,17,,,,32,21,11,,,,43,17,26,,,
30/09/2021 13:00,68,36,32,20,6,14,31,9,22,22,8,14,,,,106,71,35,,,,62,29,33,,,
30/09/2021 14:00,84,44,40,32,21,11,15,12,3,24,12,12,,,,67,48,19,,,,87,29,58,,,
30/09/2021 15:00,125,59,66,31,20,11,24,10,14,20,9,11,,,,75,36,39,,,,107,32,75,,,
30/09/2021 16:00,112,61,51,28,14,14,27,11,16,29,12,17,,,,51,23,28,,,,77,22,55,,,
30/09/2021 17:00,111,54,57,49,30,19,28,16,12,23,16,7,,,,60,33,27,,,,86,49,37,,,
30/09/2021 18:00,130,61,69,54,29,25,44,25,19,28,11,17,,,,67,45,22,,,,62,37,25,,,
30/09/2021 19:00,148,82,66,32,9,23,40,16,24,25,12,13,,,,45,20,25,,,,66,32,34,,,
30/09/2021 20:00,100,61,39,15,8,7,22,12,10,15,7,8,,,,0,0,0,,,,35,13,22,,,
30/09/2021 21:00,44,25,19,20,9,11,24,6,18,11,7,4,,,,0,0,0,,,,15,11,4,,,
30/09/2021 22:00,18,14,4,5,2,3,10,2,8,3,3,0,,,,0,0,0,,,,6,5,1,,,
30/09/2021 23:00,12,8,4,3,1,2,5,1,4,3,0,3,,,,0,0,0,,,,9,7,2,,,
01/10/2021 00:00,0,0,0,1,1,0,2,2,0,2,0,2,,,,0,0,0,,,,4,1,3,,,
01/10/2021 01:00,1,0,1,0,0,0,4,4,0,1,1,0,,,,0,0,0,,,,5,5,0,,,
01/10/2021 02:00,0,0,0,0,0,0,2,1,1,0,0,0,,,,4,2,2,,,,0,0,0,,,
01/10/2021 03:00,0,0,0,0,0,0,1,0,1,2,2,0,,,,0,0,0,,,,0,0,0,,,
01/10/2021 04:00,1,1,0,0,0,0,0,0,0,0,0,0,,,,0,0,0,,,,1,1,0,,,
01/10/2021 05:00,6,1,5,1,1,0,1,0,1,2,1,1,,,,0,0,0,,,,2,2,0,,,
01/10/2021 06:00,24,12,12,6,3,3,8,6,2,1,0,1,,,,12,10,2,,,,14,4,10,,,
01/10/2021 07:00,76,37,39,32,13,19,16,9,7,17,11,6,,,,46,31,15,,,,36,15,21,,,
01/10/2021 08:00,134,64,70,38,19,19,40,22,18,35,21,14,,,,67,39,28,,,,128,94,34,,,
01/10/2021 09:00,144,74,70,40,21,19,30,16,14,37,16,21,,,,53,30,23,,,,25,9,16,,,
01/10/2021 10:00,155,78,77,51,24,27,29,18,11,15,9,6,,,,39,26,13,,,,31,23,8,,,
01/10/2021 11:00,162,72,90,46,18,28,22,13,9,37,21,16,,,,66,39,27,,,,48,28,20,,,
01/10/2021 12:00,186,97,89,46,22,24,35,16,19,41,24,17,,,,60,34,26,,,,67,30,37,,,
01/10/2021 13:00,180,81,99,34,15,19,35,19,16,39,20,19,,,,145,99,46,,,,124,38,86,,,
01/10/2021 14:00,174,93,81,48,28,20,31,15,16,25,17,8,,,,103,60,43,,,,80,39,41,,,
01/10/2021 15:00,117,48,69,23,9,14,15,7,8,22,10,12,,,,60,25,35,,,,56,23,33,,,
01/10/2021 16:00,153,76,77,36,21,15,41,21,20,24,16,8,,,,57,34,23,,,,67,41,26,,,
01/10/2021 17:00,132,59,73,59,32,27,31,14,17,21,8,13,,,,53,27,26,,,,67,30,37,,,
01/10/2021 18:00,177,86,91,40,19,21,50,24,26,31,17,14,,,,77,44,33,,,,74,38,36,,,
01/10/2021 19:00,100,60,40,30,17,13,48,27,21,16,9,7,,,,27,15,12,,,,41,14,27,,,
01/10/2021 20:00,55,31,24,19,15,4,28,20,8,9,6,3,,,,5,4,1,,,,33,17,16,,,
01/10/2021 21:00,22,19,3,8,2,6,8,3,5,5,3,2,,,,0,0,0,,,,15,7,8,,,
01/10/2021 22:00,22,15,7,7,1,6,5,3,2,2,2,0,,,,0,0,0,,,,22,16,6,,,
01/10/2021 23:00,19,10,9,3,2,1,8,4,4,3,2,1,,,,1,1,0,,,,14,7,7,,,
02/10/2021 00:00,4,4,0,0,0,0,7,2,5,3,1,2,,,,0,0,0,,,,6,5,1,,,
02/10/2021 01:00,1,1,0,3,3,0,2,0,2,0,0,0,,,,1,1,0,,,,7,5,2,,,
02/10/2021 02:00,2,2,0,2,0,2,1,1,0,1,1,0,,,,0,0,0,,,,2,0,2,,,
02/10/2021 03:00,6,2,4,1,1,0,6,6,0,0,0,0,,,,0,0,0,,,,0,0,0,,,
02/10/2021 04:00,2,2,0,0,0,0,0,0,0,1,1,0,,,,1,1,0,,,,2,0,2,,,
02/10/2021 05:00,1,0,1,1,1,0,1,0,1,1,0,1,,,,3,2,1,,,,4,4,0,,,
02/10/2021 06:00,16,6,10,4,3,1,1,1,0,1,0,1,,,,8,5,3,,,,5,4,1,,,
02/10/2021 07:00,42,20,22,6,5,1,11,8,3,8,4,4,,,,14,10,4,,,,7,5,2,,,
02/10/2021 08:00,53,24,29,31,17,14,18,11,7,21,10,11,,,,19,13,6,,,,21,13,8,,,
02/10/2021 09:00,123,73,50,46,30,16,37,15,22,21,13,8,,,,55,34,21,,,,25,13,12,,,
02/10/2021 10:00,172,87,85,65,35,30,49,24,25,28,14,14,,,,108,67,41,,,,37,23,14,,,
02/10/2021 11:00,221,113,108,56,30,26,43,22,21,40,19,21,,,,111,59,52,,,,55,20,35,,,
02/10/2021 12:00,197,91,106,74,40,34,32,16,16,36,21,15,,,,80,44,36,,,,50,28,22,,,
02/10/2021 13:00,196,102,94,59,23,36,27,13,14,33,22,11,,,,73,35,38,,,,55,23,32,,,
02/10/2021 14:00,177,83,94,52,26,26,37,22,15,29,17,12,,,,71,45,26,,,,49,22,27,,,
02/10/2021 15:00,265,109,156,65,26,39,48,23,25,41,26,15,,,,87,53,34,,,,54,27,27,,,
02/10/2021 16:00,230,112,118,48,31,17,50,25,25,32,16,16,,,,118,61,57,,,,42,26,16,,,
02/10/2021 17:00,208,107,101,46,24,22,51,25,26,25,12,13,,,,76,36,40,,,,32,17,15,,,
02/10/2021 18:00,163,87,76,34,16,18,32,13,19,25,12,13,,,,57,28,29,,,,61,24,37,,,
02/10/2021 19:00,121,55,66,32,21,11,26,15,11,14,9,5,,,,25,14,11,,,,37,25,12,,,
02/10/2021 20:00,61,29,32,11,4,7,22,15,7,6,2,4,,,,0,0,0,,,,31,11,20,,,
02/10/2021 21:00,24,13,11,5,2,3,15,4,11,8,4,4,,,,0,0,0,,,,14,10,4,,,
02/10/2021 22:00,16,10,6,1,0,1,4,2,2,2,1,1,,,,0,0,0,,,,13,7,6,,,
02/10/2021 23:00,7,6,1,1,1,0,13,9,4,3,0,3,,,,0,0,0,,,,4,4,0,,,
03/10/2021 00:00,0,0,0,3,3,0,1,0,1,3,2,1,,,,0,0,0,,,,9,8,1,,,
03/10/2021 01:00,1,1,0,2,2,0,2,1,1,3,1,2,,,,0,0,0,,,,4,0,4,,,
03/10/2021 02:00,0,0,0,0,0,0,0,0,0,0,0,0,,,,0,0,0,,,,5,1,4,,,
03/10/2021 03:00,0,0,0,0,0,0,2,0,2,2,0,2,,,,0,0,0,,,,2,1,1,,,
03/10/2021 04:00,0,0,0,0,0,0,0,0,0,0,0,0,,,,0,0,0,,,,5,5,0,,,
03/10/2021 05:00,1,1,0,1,1,0,0,0,0,0,0,0,,,,0,0,0,,,,8,5,3,,,
03/10/2021 06:00,8,2,6,5,3,2,2,1,1,1,0,1,,,,5,3,2,,,,5,5,0,,,
03/10/2021 07:00,35,19,16,9,7,2,10,4,6,4,3,1,,,,10,5,5,,,,8,3,5,,,
03/10/2021 08:00,101,43,58,28,14,14,32,10,22,19,10,9,,,,29,20,9,,,,13,6,7,,,
03/10/2021 09:00,172,99,73,63,42,21,44,27,17,25,11,14,,,,79,56,23,,,,31,11,20,,,
03/10/2021 10:00,306,152,154,90,42,48,50,32,18,39,15,24,,,,122,75,47,,,,52,30,22,,,
03/10/2021 11:00,453,209,244,116,53,63,81,46,35,59,29,30,,,,106,56,50,,,,48,25,23,,,
03/10/2021 12:00,483,257,226,107,55,52,61,37,24,55,29,26,,,,119,58,61,,,,64,29,35,,,
03/10/2021 13:00,539,289,250,86,40,46,70,45,25,59,30,29,,,,115,72,43,,,,56,28,28,,,
03/10/2021 14:00,498,241,257,57,32,25,66,29,37,66,29,37,,,,121,61,60,,,,62,37,25,,,
03/10/2021 15:00,398,193,205,45,26,19,48,15,33,55,36,19,,,,67,35,32,,,,46,18,28,,,
03/10/2021 16:00,335,137,198,51,24,27,37,9,28,27,9,18,,,,61,32,29,,,,52,22,30,,,
03/10/2021 17:00,214,102,112,55,35,20,39,21,18,31,16,15,,,,59,36,23,,,,44,24,20,,,
03/10/2021 18:00,200,108,92,46,22,24,20,10,10,20,12,8,,,,32,17,15,,,,42,22,20,,,
03/10/2021 19:00,115,60,55,30,16,14,29,13,16,8,4,4,,,,25,14,11,,,,50,26,24,,,
03/10/2021 20:00,66,41,25,25,7,18,19,11,8,3,2,1,,,,0,0,0,,,,29,14,15,,,
03/10/2021 21:00,52,22,30,14,8,6,8,0,8,2,2,0,,,,0,0,0,,,,17,9,8,,,
03/10/2021 22:00,9,4,5,4,1,3,6,2,4,3,1,2,,,,0,0,0,,,,4,2,2,,,
03/10/2021 23:00,7,4,3,3,2,1,3,2,1,3,2,1,,,,0,0,0,,,,6,6,0,,,
04/10/2021 00:00,0,0,0,0,0,0,0,0,0,1,0,1,,,,0,0,0,,,,9,4,5,,,
04/10/2021 01:00,0,0,0,3,2,1,0,0,0,0,0,0,,,,0,0,0,,,,3,2,1,,,
04/10/2021 02:00,0,0,0,0,0,0,0,0,0,0,0,0,,,,0,0,0,,,,2,2,0,,,
04/10/2021 03:00,0,0,0,2,1,1,0,0,0,0,0,0,,,,0,0,0,,,,1,1,0,,,
04/10/2021 04:00,0,0,0,0,0,0,0,0,0,1,1,0,,,,0,0,0,,,,0,0,0,,,
04/10/2021 05:00,6,2,4,3,2,1,0,0,0,2,2,0,,,,0,0,0,,,,2,1,1,,,
04/10/2021 06:00,32,12,20,7,5,2,8,6,2,8,4,4,,,,11,10,1,,,,12,6,6,,,
04/10/2021 07:00,86,44,42,23,10,13,22,15,7,15,7,8,,,,32,17,15,,,,44,23,21,,,
04/10/2021 08:00,104,49,55,47,21,26,36,24,12,33,17,16,,,,81,51,30,,,,128,83,45,,,
04/10/2021 09:00,120,61,59,48,25,23,18,10,8,36,19,17,,,,44,20,24,,,,36,16,20,,,
04/10/2021 10:00,166,67,99,34,13,21,36,21,15,27,15,12,,,,40,26,14,,,,29,15,14,,,
04/10/2021 11:00,204,107,97,30,9,21,25,12,13,33,15,18,,,,76,54,22,,,,48,17,31,,,
04/10/2021 12:00,166,82,84,46,20,26,40,23,17,33,19,14,,,,82,42,40,,,,45,23,22,,,
04/10/2021 13:00,219,109,110,48,25,23,55,27,28,46,30,16,,,,100,55,45,,,,45,20,25,,,
04/10/2021 14:00,137,81,56,33,13,20,28,15,13,33,16,17,,,,87,53,34,,,,76,27,49,,,
04/10/2021 15:00,127,71,56,26,18,8,25,11,14,35,10,25,,,,62,28,34,,,,86,20,66,,,
04/10/2021 16:00,156,78,78,39,21,18,35,22,13,30,16,14,,,,47,27,20,,,,69,24,45,,,
04/10/2021 17:00,156,72,84,52,26,26,34,19,15,36,20,16,,,,72,41,31,,,,79,34,45,,,
04/10/2021 18:00,89,40,49,36,15,21,28,23,5,26,18,8,,,,82,40,42,,,,35,25,10,,,
04/10/2021 19:00,62,32,30,27,6,21,24,10,14,14,9,5,,,,17,6,11,,,,40,17,23,,,
04/10/2021 20:00,49,30,19,18,6,12,13,7,6,11,6,5,,,,0,0,0,,,,22,10,12,,,
04/10/2021 21:00,42,28,14,3,1,2,4,2,2,2,1,1,,,,0,0,0,,,,24,15,9,,,
04/10/2021 22:00,17,9,8,6,3,3,5,4,1,2,1,1,,,,0,0,0,,,,13,2,11,,,
04/10/2021 23:00,6,3,3,3,2,1,6,2,4,1,1,0,,,,0,0,0,,,,13,12,1,,,
05/10/2021 00:00,0,0,0,0,0,0,1,0,1,0,0,0,,,,0,0,0,,,,3,2,1,,,
05/10/2021 01:00,0,0,0,2,2,0,0,0,0,0,0,0,,,,0,0,0,,,,1,1,0,,,
05/10/2021 02:00,0,0,0,0,0,0,0,0,0,0,0,0,,,,0,0,0,,,,0,0,0,,,
05/10/2021 03:00,0,0,0,1,1,0,0,0,0,0,0,0,,,,0,0,0,,,,0,0,0,,,
05/10/2021 04:00,0,0,0,0,0,0,0,0,0,0,0,0,,,,0,0,0,,,,0,0,0,,,
05/10/2021 05:00,4,1,3,3,3,0,0,0,0,2,1,1,,,,3,1,2,,,,2,1,1,,,
05/10/2021 06:00,43,18,25,14,6,8,18,9,9,4,2,2,,,,10,7,3,,,,14,8,6,,,
05/10/2021 07:00,85,40,45,19,6,13,12,5,7,13,8,5,,,,46,34,12,,,,35,17,18,,,
05/10/2021 08:00,133,66,67,31,20,11,28,18,10,43,14,29,,,,72,33,39,,,,132,100,32,,,
05/10/2021 09:00,136,76,60,40,20,20,34,24,10,34,18,16,,,,91,49,42,,,,37,17,20,,,
05/10/2021 10:00,113,50,63,23,11,12,21,10,11,24,11,13,,,,50,28,22,,,,51,16,35,,,
05/10/2021 11:00,140,73,67,44,18,26,41,13,28,25,17,8,,,,57,29,28,,,,36,14,22,,,
05/10/2021 12:00,116,59,57,40,20,20,22,6,16,37,21,16,,,,47,25,22,,,,80,38,42,,,
05/10/2021 13:00,154,69,85,41,26,15,36,20,16,45,18,27,,,,79,51,28,,,,44,17,27,,,
05/10/2021 14:00,118,63,55,28,13,15,31,23,8,28,12,16,,,,88,33,55,,,,71,27,44,,,
05/10/2021 15:00,100,43,57,34,17,17,28,10,18,26,10,16,,,,61,22,39,,,,121,30,91,,,
05/10/2021 16:00,115,61,54,28,14,14,39,23,16,37,12,25,,,,39,20,19,,,,87,40,47,,,
05/10/2021 17:00,105,43,62,47,26,21,33,14,19,27,13,14,,,,51,30,21,,,,64,36,28,,,
05/10/2021 18:00,146,80,66,70,38,32,35,21,14,23,11,12,,,,75,44,31,,,,76,41,35,,,
05/10/2021 19:00,163,85,78,72,29,43,42,22,20,32,16,16,,,,61,38,23,,,,82,30,52,,,
05/10/2021 20:00,98,55,43,35,17,18,28,19,9,11,6,5,,,,5,5,0,,,,59,30,29,,,
05/10/2021 21:00,58,28,30,16,10,6,11,6,5,3,1,2,,,,0,0,0,,,,94,49,45,,,
05/10/2021 22:00,25,17,8,5,2,3,3,2,1,2,1,1,,,,0,0,0,,,,14,2,12,,,
05/10/2021 23:00,6,4,2,1,1,0,3,1,2,3,0,3,,,,0,0,0,,,,11,3,8,,,
06/10/2021 00:00,0,0,0,0,0,0,6,5,1,0,0,0,,,,0,0,0,,,,4,4,0,,,
06/10/2021 01:00,2,1,1,2,0,2,0,0,0,0,0,0,,,,0,0,0,,,,2,1,1,,,
06/10/2021 02:00,0,0,0,0,0,0,0,0,0,0,0,0,,,,0,0,0,,,,0,0,0,,,
06/10/2021 03:00,0,0,0,0,0,0,0,0,0,0,0,0,,,,0,0,0,,,,2,2,0,,,
06/10/2021 04:00,0,0,0,0,0,0,0,0,0,1,1,0,,,,0,0,0,,,,0,0,0,,,
06/10/2021 05:00,2,1,1,2,1,1,1,0,1,4,2,2,,,,0,0,0,,,,2,1,1,,,
06/10/2021 06:00,37,14,23,11,7,4,12,6,6,1,1,0,,,,0,0,0,,,,9,2,7,,,
06/10/2021 07:00,113,55,58,32,14,18,22,12,10,17,6,11,,,,0,0,0,,,,39,18,21,,,
06/10/2021 08:00,147,68,79,59,19,40,40,23,17,32,12,20,,,,0,0,0,,,,110,80,30,,,
06/10/2021 09:00,126,61,65,35,18,17,26,14,12,33,22,11,,,,0,0,0,,,,38,14,24,,,
06/10/2021 10:00,182,86,96,47,23,24,27,15,12,17,6,11,,,,0,0,0,,,,36,24,12,,,
06/10/2021 11:00,151,58,93,24,9,15,23,11,12,32,19,13,,,,22,22,0,,,,44,24,20,,,
06/10/2021 12:00,130,74,56,40,24,16,40,19,21,28,12,16,,,,53,53,0,,,,66,36,30,,,
06/10/2021 13:00,118,61,57,34,10,24,36,21,15,27,15,12,,,,70,70,0,,,,67,25,42,,,
06/10/2021 14:00,61,24,37,23,9,14,21,10,11,20,11,9,,,,84,84,0,,,,83,31,52,,,
06/10/2021 15:00,67,32,35,22,12,10,17,8,9,11,4,7,,,,36,36,0,,,,107,25,82,,,
06/10/2021 16:00,100,48,52,30,14,16,25,9,16,15,7,8,,,,40,40,0,,,,72,36,36,,,
06/10/2021 17:00,125,60,65,42,24,18,34,18,16,39,20,19,,,,50,50,0,,,,71,35,36,,,
06/10/2021 18:00,191,90,101,30,19,11,36,14,22,37,17,20,,,,92,92,0,,,,62,33,29,,,
06/10/2021 19:00,198,108,90,48,19,29,48,23,25,23,13,10,,,,21,20,1,,,,43,24,19,,,
06/10/2021 20:00,175,102,73,32,13,19,24,13,11,14,5,9,,,,0,0,0,,,,37,18,19,,,
06/10/2021 21:00,71,37,34,17,9,8,12,4,8,12,6,6,,,,2,2,0,,,,27,18,9,,,
06/10/2021 22:00,49,32,17,4,1,3,6,3,3,4,2,2,,,,0,0,0,,,,17,6,11,,,
06/10/2021 23:00,5,2,3,4,1,3,3,0,3,2,2,0,,,,0,0,0,,,,8,4,4,,,
07/10/2021 00:00,0,0,0,1,1,0,2,1,1,1,0,1,,,,0,0,0,,,,7,2,5,,,
07/10/2021 01:00,1,0,1,0,0,0,0,0,0,2,1,1,,,,0,0,0,,,,1,1,0,,,
07/10/2021 02:00,1,1,0,2,0,2,1,0,1,0,0,0,,,,0,0,0,,,,0,0,0,,,
07/10/2021 03:00,0,0,0,1,1,0,1,1,0,0,0,0,,,,0,0,0,,,,1,1,0,,,
07/10/2021 04:00,0,0,0,0,0,0,2,1,1,0,0,0,,,,0,0,0,,,,0,0,0,,,
07/10/2021 05:00,7,3,4,1,1,0,1,0,1,1,0,1,,,,0,0,0,,,,3,2,1,,,
07/10/2021 06:00,52,24,28,10,5,5,15,10,5,6,4,2,,,,1,1,0,,,,11,4,7,,,
07/10/2021 07:00,105,58,47,28,7,21,21,13,8,17,7,10,,,,33,18,15,,,,42,22,20,,,
07/10/2021 08:00,106,49,57,34,14,20,23,8,15,33,15,18,,,,72,36,36,,,,133,94,39,,,
07/10/2021 09:00,89,41,48,30,18,12,24,14,10,39,22,17,,,,38,24,14,,,,33,13,20,,,
07/10/2021 10:00,123,56,67,26,8,18,28,16,12,21,10,11,,,,49,35,14,,,,20,12,8,,,
07/10/2021 11:00,194,90,104,31,16,15,38,21,17,35,19,16,,,,68,37,31,,,,33,18,15,,,
07/10/2021 12:00,157,74,83,45,27,18,26,11,15,31,15,16,,,,96,59,37,,,,56,20,36,,,
07/10/2021 13:00,207,83,124,52,21,31,47,19,28,32,17,15,,,,108,67,41,,,,67,38,29,,,
07/10/2021 14:00,148,65,83,33,12,21,29,17,12,40,18,22,,,,94,57,37,,,,92,39,53,,,
07/10/2021 15:00,110,51,59,23,12,11,15,4,11,22,10,12,,,,84,33,51,,,,93,29,64,,,
07/10/2021 16:00,132,60,72,46,25,21,29,17,12,31,15,16,,,,77,50,27,,,,71,35,36,,,
07/10/2021 17:00,130,61,69,44,28,16,39,17,22,37,17,20,,,,77,46,31,,,,102,52,50,,,
07/10/2021 18:00,179,89,90,33,18,15,45,24,21,26,11,15,,,,86,42,44,,,,68,33,35,,,
07/10/2021 19:00,193,91,102,52,19,33,57,25,32,36,19,17,,,,42,18,24,,,,83,33,50,,,
07/10/2021 20:00,129,72,57,36,22,14,31,20,11,16,7,9,,,,0,0,0,,,,55,20,35,,,
07/10/2021 21:00,84,53,31,11,9,2,20,9,11,4,3,1,,,,1,1,0,,,,29,6,23,,,
07/10/2021 22:00,55,36,19,13,4,9,11,1,10,10,6,4,,,,1,1,0,,,,40,24,16,,,
07/10/2021 23:00,4,2,2,5,3,2,2,1,1,2,1,1,,,,0,0,0,,,,6,5,1,,,
08/10/2021 00:00,2,0,2,0,0,0,2,1,1,3,2,1,,,,1,1,0,,,,9,6,3,,,
08/10/2021 01:00,0,0,0,0,0,0,0,0,0,0,0,0,,,,0,0,0,,,,0,0,0,,,
08/10/2021 02:00,1,1,0,1,0,1,0,0,0,4,3,1,,,,0,0,0,,,,1,0,1,,,
08/10/2021 03:00,0,0,0,0,0,0,3,0,3,0,0,0,,,,0,0,0,,,,1,1,0,,,
08/10/2021 04:00,0,0,0,0,0,0,1,1,0,1,1,0,,,,0,0,0,,,,0,0,0,,,
08/10/2021 05:00,3,2,1,2,1,1,2,0,2,2,1,1,,,,0,0,0,,,,3,1,2,,,
08/10/2021 06:00,23,12,11,4,3,1,8,5,3,3,2,1,,,,4,4,0,,,,10,3,7,,,
08/10/2021 07:00,66,39,27,23,12,11,17,9,8,18,7,11,,,,28,14,14,,,,48,23,25,,,
08/10/2021 08:00,107,49,58,29,7,22,25,9,16,35,17,18,,,,19,8,11,,,,105,71,34,,,
08/10/2021 09:00,156,77,79,29,14,15,20,13,7,20,9,11,,,,8,5,3,,,,37,9,28,,,
08/10/2021 10:00,123,58,65,46,34,12,21,15,6,21,13,8,,,,23,10,13,,,,26,16,10,,,
08/10/2021 11:00,146,79,67,49,25,24,25,11,14,29,16,13,,,,33,30,3,,,,43,19,24,,,
08/10/2021 12:00,169,84,85,44,21,23,29,10,19,27,10,17,,,,60,40,20,,,,46,21,25,,,
08/10/2021 13:00,150,83,67,31,15,16,37,15,22,44,20,24,,,,136,86,50,,,,124,25,99,,,
08/10/2021 14:00,141,64,77,45,26,19,29,19,10,33,17,16,,,,178,101,77,,,,83,39,44,,,
08/10/2021 15:00,174,77,97,36,21,15,42,18,24,30,12,18,,,,94,44,50,,,,76,39,37,,,
08/10/2021 16:00,187,97,90,47,22,25,26,14,12,33,16,17,,,,87,47,40,,,,44,26,18,,,
08/10/2021 17:00,173,94,79,26,14,12,36,17,19,33,19,14,,,,61,31,30,,,,62,39,23,,,
08/10/2021 18:00,132,67,65,41,17,24,34,17,17,26,12,14,,,,81,52,29,,,,72,32,40,,,
08/10/2021 19:00,108,54,54,30,13,17,30,18,12,20,9,11,,,,4,1,3,,,,54,22,32,,,
08/10/2021 20:00,100,52,48,24,12,12,27,17,10,8,4,4,,,,0,0,0,,,,39,23,16,,,
08/10/2021 21:00,53,30,23,22,10,12,24,15,9,15,12,3,,,,0,0,0,,,,22,6,16,,,
08/10/2021 22:00,32,20,12,8,3,5,8,6,2,5,1,4,,,,0,0,0,,,,13,6,7,,,
08/10/2021 23:00,23,15,8,7,4,3,5,0,5,4,1,3,,,,0,0,0,,,,12,6,6,,,
09/10/2021 00:00,0,0,0,1,0,1,12,3,9,2,0,2,,,,1,1,0,,,,9,7,2,,,
09/10/2021 01:00,1,0,1,0,0,0,2,2,0,3,1,2,,,,0,0,0,,,,6,5,1,,,
09/10/2021 02:00,0,0,0,0,0,0,1,0,1,1,1,0,,,,0,0,0,,,,7,1,6,,,
09/10/2021 03:00,1,0,1,3,2,1,0,0,0,0,0,0,,,,0,0,0,,,,7,2,5,,,
09/10/2021 04:00,0,0,0,0,0,0,1,0,1,0,0,0,,,,0,0,0,,,,4,4,0,,,
09/10/2021 05:00,1,0,1,2,2,0,2,0,2,2,0,2,,,,0,0,0,,,,3,0,3,,,
09/10/2021 06:00,10,4,6,2,2,0,6,2,4,1,0,1,,,,2,1,1,,,,6,5,1,,,
09/10/2021 07:00,26,9,17,5,3,2,6,3,3,3,0,3,,,,5,4,1,,,,7,4,3,,,
09/10/2021 08:00,39,22,17,14,8,6,12,8,4,2,0,2,,,,6,4,2,,,,26,11,15,,,
09/10/2021 09:00,55,22,33,32,12,20,16,6,10,17,9,8,,,,20,12,8,,,,17,9,8,,,
09/10/2021 10:00,103,59,44,51,34,17,22,18,4,17,9,8,,,,70,43,27,,,,29,13,16,,,
09/10/2021 11:00,215,107,108,49,27,22,53,28,25,27,14,13,,,,78,49,29,,,,36,18,18,,,
09/10/2021 12:00,227,111,116,55,14,41,49,22,27,35,15,20,,,,82,43,39,,,,55,26,29,,,
09/10/2021 13:00,240,133,107,47,21,26,40,15,25,31,14,17,,,,104,57,47,,,,53,23,30,,,
09/10/2021 14:00,283,140,143,63,32,31,65,31,34,40,21,19,,,,72,44,28,,,,59,23,36,,,
09/10/2021 15:00,348,180,168,82,47,35,56,33,23,38,16,22,,,,114,67,47,,,,53,31,22,,,
09/10/2021 16:00,431,215,216,71,42,29,67,31,36,29,14,15,,,,142,76,66,,,,85,45,40,,,
09/10/2021 17:00,299,167,132,52,20,32,48,23,25,37,10,27,,,,121,55,66,,,,98,48,50,,,
09/10/2021 18:00,267,124,143,49,26,23,35,20,15,32,15,17,,,,52,32,20,,,,79,46,33,,,
09/10/2021 19:00,154,81,73,24,6,18,31,19,12,17,10,7,,,,9,3,6,,,,46,23,23,,,
09/10/2021 20:00,105,61,44,12,5,7,22,13,9,6,3,3,,,,0,0,0,,,,47,17,30,,,
09/10/2021 21:00,49,28,21,17,6,11,22,7,15,13,2,11,,,,0,0,0,,,,41,24,17,,,
09/10/2021 22:00,42,24,18,2,2,0,7,2,5,4,4,0,,,,0,0,0,,,,17,6,11,,,
09/10/2021 23:00,18,10,8,1,1,0,12,6,6,1,1,0,,,,0,0,0,,,,9,6,3,,,
10/10/2021 00:00,2,1,1,7,0,7,3,3,0,5,3,2,,,,1,0,1,,,,16,7,9,,,
10/10/2021 01:00,3,2,1,5,5,0,0,0,0,1,1,0,,,,0,0,0,,,,5,2,3,,,
10/10/2021 02:00,5,4,1,3,2,1,3,1,2,0,0,0,,,,0,0,0,,,,1,0,1,,,
10/10/2021 03:00,0,0,0,0,0,0,0,0,0,1,0,1,,,,0,0,0,,,,11,5,6,,,
10/10/2021 04:00,1,1,0,0,0,0,0,0,0,4,2,2,,,,0,0,0,,,,6,4,2,,,
10/10/2021 05:00,0,0,0,1,1,0,0,0,0,1,1,0,,,,0,0,0,,,,7,4,3,,,
10/10/2021 06:00,11,5,6,2,2,0,2,1,1,0,0,0,,,,0,0,0,,,,6,4,2,,,
10/10/2021 07:00,38,18,20,8,4,4,6,5,1,6,2,4,,,,4,3,1,,,,5,2,3,,,
10/10/2021 08:00,110,58,52,26,14,12,37,18,19,13,8,5,,,,2,1,1,,,,16,6,10,,,
10/10/2021 09:00,182,85,97,30,19,11,42,29,13,30,11,19,,,,17,13,4,,,,41,17,24,,,
10/10/2021 10:00,340,175,165,60,29,31,61,30,31,32,16,16,,,,54,41,13,,,,65,41,24,,,
10/10/2021 11:00,495,260,235,95,44,51,70,47,23,51,24,27,,,,49,34,15,,,,83,39,44,,,
10/10/2021 12:00,600,308,292,127,69,58,62,30,32,53,23,30,,,,29,23,6,,,,87,33,54,,,
10/10/2021 13:00,710,373,337,110,51,59,85,40,45,50,29,21,,,,108,63,45,,,,58,28,30,,,
10/10/2021 14:00,744,363,381,96,51,45,97,60,37,36,15,21,,,,169,88,81,,,,60,23,37,,,
10/10/2021 15:00,756,389,367,112,55,57,87,46,41,44,18,26,,,,136,75,61,,,,54,24,30,,,
10/10/2021 16:00,709,324,385,93,44,49,65,25,40,51,24,27,,,,113,70,43,,,,58,30,28,,,
10/10/2021 17:00,344,167,177,46,18,28,74,32,42,33,19,14,,,,92,41,51,,,,50,25,25,,,
10/10/2021 18:00,223,119,104,47,24,23,41,21,20,26,14,12,,,,47,22,25,,,,40,20,20,,,
10/10/2021 19:00,136,72,64,30,15,15,25,17,8,14,4,10,,,,24,12,12,,,,46,26,20,,,
10/10/2021 20:00,77,41,36,3,2,1,20,13,7,12,7,5,,,,0,0,0,,,,28,10,18,,,
10/10/2021 21:00,33,16,17,10,4,6,17,9,8,3,1,2,,,,0,0,0,,,,18,10,8,,,
10/10/2021 22:00,14,7,7,2,1,1,3,1,2,4,4,0,,,,0,0,0,,,,8,2,6,,,
10/10/2021 23:00,8,5,3,3,0,3,0,0,0,4,3,1,,,,0,0,0,,,,4,4,0,,,
11/10/2021 00:00,0,0,0,1,0,1,2,0,2,1,1,0,,,,1,1,0,,,,1,0,1,,,
11/10/2021 01:00,2,1,1,0,0,0,2,2,0,0,0,0,,,,0,0,0,,,,1,1,0,,,
11/10/2021 02:00,0,0,0,2,1,1,0,0,0,0,0,0,,,,0,0,0,,,,1,1,0,,,
11/10/2021 03:00,0,0,0,0,0,0,0,0,0,0,0,0,,,,0,0,0,,,,1,1,0,,,
11/10/2021 04:00,0,0,0,0,0,0,0,0,0,1,1,0,,,,0,0,0,,,,0,0,0,,,
11/10/2021 05:00,5,2,3,2,1,1,0,0,0,3,2,1,,,,0,0,0,,,,1,1,0,,,
11/10/2021 06:00,37,16,21,4,1,3,9,5,4,3,3,0,,,,11,11,0,,,,13,7,6,,,
11/10/2021 07:00,80,38,42,26,13,13,21,13,8,27,14,13,,,,47,47,0,,,,53,25,28,,,
11/10/2021 08:00,121,51,70,40,23,17,26,15,11,42,24,18,,,,78,78,0,,,,126,89,37,,,
11/10/2021 09:00,136,69,67,32,21,11,18,9,9,31,19,12,,,,62,62,0,,,,51,24,27,,,
11/10/2021 10:00,123,66,57,25,13,12,21,11,10,24,14,10,,,,47,47,0,,,,36,16,20,,,
11/10/2021 11:00,250,115,135,32,15,17,48,32,16,19,10,9,,,,57,57,0,,,,47,27,20,,,
11/10/2021 12:00,191,96,95,59,28,31,36,16,20,27,17,10,,,,79,79,0,,,,46,25,21,,,
11/10/2021 13:00,229,94,135,59,30,29,50,22,28,36,19,17,,,,88,88,0,,,,45,19,26,,,
11/10/2021 14:00,182,89,93,44,14,30,34,12,22,33,19,14,,,,89,89,0,,,,104,42,62,,,
11/10/2021 15:00,170,80,90,39,23,16,28,14,14,20,6,14,,,,73,73,0,,,,90,27,63,,,
11/10/2021 16:00,221,105,116,52,30,22,17,10,7,50,18,32,,,,72,72,0,,,,69,24,45,,,
11/10/2021 17:00,201,101,100,55,25,30,49,23,26,36,21,15,,,,92,92,0,,,,88,52,36,,,
11/10/2021 18:00,211,105,106,73,40,33,47,31,16,35,21,14,,,,84,83,1,,,,,,,,,
11/10/2021 19:00,191,104,87,75,39,36,42,24,18,17,12,5,,,,31,20,11,,,,59,22,37,,,
11/10/2021 20:00,131,77,54,35,17,18,31,17,14,8,3,5,,,,0,0,0,,,,69,31,38,,,
11/10/2021 21:00,61,37,24,12,3,9,14,7,7,6,3,3,,,,0,0,0,,,,25,12,13,,,
11/10/2021 22:00,24,12,12,7,2,5,4,3,1,5,2,3,,,,0,0,0,,,,12,6,6,,,
11/10/2021 23:00,4,3,1,1,0,1,2,1,1,0,0,0,,,,0,0,0,,,,6,3,3,,,
12/10/2021 00:00,0,0,0,0,0,0,0,0,0,1,1,0,,,,0,0,0,,,,7,3,4,,,
12/10/2021 01:00,1,0,1,0,0,0,1,1,0,2,1,1,,,,0,0,0,,,,2,2,0,,,
12/10/2021 02:00,1,0,1,0,0,0,0,0,0,0,0,0,,,,0,0,0,,,,2,0,2,,,
12/10/2021 03:00,0,0,0,0,0,0,0,0,0,0,0,0,,,,0,0,0,,,,1,1,0,,,
12/10/2021 04:00,0,0,0,0,0,0,0,0,0,0,0,0,,,,0,0,0,,,,0,0,0,,,
12/10/2021 05:00,9,4,5,1,1,0,1,0,1,0,0,0,,,,1,0,1,,,,11,8,3,,,
12/10/2021 06:00,54,24,30,10,4,6,20,14,6,8,5,3,,,,13,12,1,,,,14,9,5,,,
12/10/2021 07:00,104,59,45,36,19,17,28,16,12,19,3,16,,,,31,16,15,,,,34,14,20,,,
12/10/2021 08:00,140,66,74,44,20,24,22,12,10,29,13,16,,,,66,40,26,,,,137,94,43,,,
12/10/2021 09:00,128,59,69,25,14,11,15,9,6,31,15,16,,,,38,20,18,,,,42,20,22,,,
12/10/2021 10:00,118,52,66,31,16,15,36,22,14,33,12,21,,,,57,32,25,,,,65,20,45,,,
12/10/2021 11:00,163,89,74,44,27,17,38,17,21,32,16,16,,,,53,27,26,,,,38,21,17,,,
12/10/2021 12:00,146,60,86,33,16,17,23,11,12,28,10,18,,,,54,31,23,,,,45,29,16,,,
12/10/2021 13:00,165,77,88,39,23,16,36,14,22,39,22,17,,,,85,58,27,,,,62,25,37,,,
12/10/2021 14:00,141,77,64,38,19,19,25,20,5,31,14,17,,,,71,37,34,,,,81,24,57,,,
12/10/2021 15:00,142,70,72,24,14,10,23,16,7,28,7,21,,,,69,36,33,,,,106,21,85,,,
12/10/2021 16:00,112,61,51,34,14,20,29,13,16,29,10,19,,,,74,30,44,,,,91,34,57,,,
12/10/2021 17:00,123,62,61,40,25,15,28,19,9,31,19,12,,,,60,41,19,,,,78,39,39,,,
12/10/2021 18:00,192,102,90,44,17,27,43,22,21,39,16,23,,,,75,36,39,,,,95,57,38,,,
12/10/2021 19:00,212,104,108,45,20,25,44,19,25,19,10,9,,,,4,3,1,,,,54,24,30,,,
12/10/2021 20:00,173,92,81,40,17,23,44,22,22,17,8,9,,,,0,0,0,,,,26,7,19,,,
12/10/2021 21:00,93,49,44,25,12,13,21,9,12,7,3,4,,,,0,0,0,,,,21,13,8,,,
12/10/2021 22:00,22,15,7,6,2,4,4,1,3,7,5,2,,,,0,0,0,,,,11,7,4,,,
12/10/2021 23:00,9,5,4,1,0,1,2,0,2,0,0,0,,,,0,0,0,,,,4,2,2,,,
13/10/2021 00:00,0,0,0,1,0,1,0,0,0,0,0,0,,,,0,0,0,,,,4,2,2,,,
13/10/2021 01:00,1,1,0,0,0,0,0,0,0,0,0,0,,,,0,0,0,,,,1,1,0,,,
13/10/2021 02:00,0,0,0,0,0,0,0,0,0,0,0,0,,,,0,0,0,,,,4,3,1,,,
13/10/2021 03:00,0,0,0,0,0,0,0,0,0,0,0,0,,,,0,0,0,,,,1,1,0,,,
13/10/2021 04:00,0,0,0,0,0,0,0,0,0,1,1,0,,,,0,0,0,,,,0,0,0,,,
13/10/2021 05:00,7,2,5,2,0,2,1,0,1,2,1,1,,,,0,0,0,,,,4,2,2,,,
13/10/2021 06:00,44,22,22,16,10,6,15,11,4,5,4,1,,,,5,4,1,,,,10,3,7,,,
13/10/2021 07:00,85,39,46,31,13,18,22,13,9,22,10,12,,,,8,6,2,,,,34,10,24,,,
13/10/2021 08:00,128,54,74,53,20,33,31,14,17,36,16,20,,,,0,0,0,,,,145,107,38,,,
13/10/2021 09:00,160,81,79,41,25,16,26,12,14,19,12,7,,,,0,0,0,,,,44,16,28,,,
13/10/2021 10:00,116,57,59,31,12,19,32,19,13,29,14,15,,,,0,0,0,,,,40,22,18,,,
13/10/2021 11:00,127,64,63,21,7,14,33,20,13,37,25,12,,,,0,0,0,,,,36,16,20,,,
13/10/2021 12:00,115,58,57,47,23,24,40,17,23,38,18,20,,,,0,0,0,,,,43,22,21,,,
13/10/2021 13:00,142,70,72,44,25,19,34,19,15,41,24,17,,,,0,0,0,,,,64,26,38,,,
13/10/2021 14:00,152,69,83,35,23,12,26,12,14,31,14,17,,,,0,0,0,,,,92,35,57,,,
13/10/2021 15:00,148,68,80,21,10,11,26,17,9,20,9,11,,,,0,0,0,,,,112,25,87,,,
13/10/2021 16:00,124,67,57,41,23,18,31,17,14,26,9,17,,,,0,0,0,,,,83,37,46,,,
13/10/2021 17:00,153,77,76,47,22,25,41,25,16,30,15,15,,,,0,0,0,,,,69,31,38,,,
13/10/2021 18:00,175,98,77,60,31,29,50,25,25,33,16,17,,,,0,0,0,,,,88,42,46,,,
13/10/2021 19:00,161,85,76,50,26,24,56,29,27,15,7,8,,,,0,0,0,,,,40,24,16,,,
13/10/2021 20:00,137,80,57,32,14,18,48,26,22,14,4,10,,,,0,0,0,,,,40,25,15,,,
13/10/2021 21:00,85,43,42,19,6,13,18,4,14,12,7,5,,,,0,0,0,,,,37,15,22,,,
13/10/2021 22:00,17,10,7,4,3,1,6,3,3,3,1,2,,,,0,0,0,,,,18,8,10,,,
13/10/2021 23:00,7,5,2,3,2,1,1,0,1,2,2,0,,,,0,0,0,,,,11,8,3,,,
14/10/2021 00:00,0,0,0,1,0,1,0,0,0,2,2,0,,,,0,0,0,,,,5,3,2,,,
14/10/2021 01:00,2,1,1,0,0,0,0,0,0,0,0,0,,,,0,0,0,,,,1,1,0,,,
14/10/2021 02:00,0,0,0,0,0,0,0,0,0,0,0,0,,,,0,0,0,,,,0,0,0,,,
14/10/2021 03:00,0,0,0,0,0,0,0,0,0,0,0,0,,,,0,0,0,,,,2,1,1,,,
14/10/2021 04:00,1,1,0,0,0,0,0,0,0,0,0,0,,,,0,0,0,,,,0,0,0,,,
14/10/2021 05:00,5,1,4,1,1,0,3,2,1,1,0,1,,,,2,1,1,,,,2,2,0,,,
14/10/2021 06:00,37,18,19,8,4,4,9,9,0,1,1,0,,,,1,1,0,,,,4,2,2,,,
14/10/2021 07:00,81,36,45,29,9,20,33,15,18,11,3,8,,,,2,1,1,,,,43,18,25,,,
14/10/2021 08:00,101,47,54,40,24,16,22,18,4,29,18,11,,,,1,1,0,,,,141,109,32,,,
14/10/2021 09:00,103,64,39,31,15,16,21,7,14,28,16,12,,,,1,0,1,,,,42,14,28,,,
14/10/2021 10:00,117,57,60,27,13,14,27,18,9,21,11,10,,,,0,0,0,,,,28,20,8,,,
14/10/2021 11:00,175,88,87,25,18,7,32,14,18,24,14,10,,,,4,3,1,,,,35,16,19,,,
14/10/2021 12:00,151,65,86,45,21,24,42,17,25,29,13,16,,,,0,0,0,,,,38,17,21,,,
14/10/2021 13:00,117,61,56,35,18,17,42,16,26,20,11,9,,,,0,0,0,,,,62,27,35,,,
14/10/2021 14:00,120,56,64,29,16,13,28,15,13,24,8,16,,,,7,3,4,,,,99,30,69,,,
14/10/2021 15:00,124,55,69,17,11,6,19,5,14,18,8,10,,,,9,7,2,,,,96,17,79,,,
14/10/2021 16:00,119,69,50,28,15,13,32,21,11,28,16,12,,,,1,1,0,,,,83,31,52,,,
14/10/2021 17:00,146,74,72,30,17,13,33,21,12,22,8,14,,,,2,1,1,,,,61,30,31,,,
14/10/2021 18:00,167,93,74,50,29,21,37,18,19,32,16,16,,,,5,1,4,,,,77,41,36,,,
14/10/2021 19:00,154,88,66,42,22,20,29,18,11,16,9,7,,,,0,0,0,,,,54,22,32,,,
14/10/2021 20:00,162,88,74,30,13,17,24,16,8,13,4,9,,,,0,0,0,,,,48,18,30,,,
14/10/2021 21:00,85,52,33,18,11,7,21,8,13,5,4,1,,,,0,0,0,,,,27,16,11,,,
14/10/2021 22:00,37,19,18,8,3,5,8,2,6,4,2,2,,,,0,0,0,,,,21,14,7,,,
14/10/2021 23:00,8,6,2,4,1,3,5,1,4,6,5,1,,,,0,0,0,,,,15,10,5,,,
15/10/2021 00:00,2,2,0,1,1,0,2,0,2,0,0,0,,,,0,0,0,,,,7,4,3,,,
15/10/2021 01:00,1,1,0,0,0,0,0,0,0,0,0,0,,,,0,0,0,,,,0,0,0,,,
15/10/2021 02:00,0,0,0,0,0,0,0,0,0,0,0,0,,,,0,0,0,,,,0,0,0,,,
15/10/2021 03:00,1,1,0,0,0,0,0,0,0,0,0,0,,,,0,0,0,,,,1,1,0,,,
15/10/2021 04:00,1,1,0,0,0,0,0,0,0,0,0,0,,,,0,0,0,,,,1,1,0,,,
15/10/2021 05:00,5,4,1,3,1,2,1,0,1,3,2,1,,,,4,3,1,,,,2,2,0,,,
15/10/2021 06:00,33,15,18,10,6,4,20,11,9,3,3,0,,,,13,7,6,,,,7,2,5,,,
15/10/2021 07:00,86,49,37,33,19,14,25,14,11,18,4,14,,,,35,18,17,,,,33,11,22,,,
15/10/2021 08:00,104,52,52,45,19,26,20,13,7,39,24,15,,,,73,44,29,,,,128,99,29,,,
15/10/2021 09:00,159,67,92,49,24,25,32,16,16,18,10,8,,,,142,81,61,,,,46,15,31,,,
15/10/2021 10:00,169,81,88,32,15,17,34,18,16,16,9,7,,,,64,34,30,,,,25,13,12,,,
15/10/2021 11:00,188,93,95,37,20,17,27,17,10,25,15,10,,,,82,39,43,,,,38,15,23,,,
15/10/2021 12:00,241,105,136,46,26,20,37,18,19,26,10,16,,,,72,45,27,,,,63,41,22,,,
15/10/2021 13:00,255,138,117,42,22,20,44,26,18,33,20,13,,,,141,91,50,,,,120,60,60,,,
15/10/2021 14:00,181,86,95,68,30,38,38,18,20,23,12,11,,,,141,94,47,,,,64,30,34,,,
15/10/2021 15:00,190,95,95,39,22,17,35,15,20,28,13,15,,,,80,37,43,,,,86,45,41,,,
15/10/2021 16:00,140,62,78,42,17,25,31,21,10,30,13,17,,,,102,45,57,,,,89,47,42,,,
15/10/2021 17:00,122,58,64,52,19,33,41,15,26,34,22,12,,,,63,35,28,,,,60,33,27,,,
15/10/2021 18:00,151,62,89,42,19,23,33,16,17,27,10,17,,,,78,49,29,,,,63,30,33,,,
15/10/2021 19:00,113,63,50,37,22,15,29,15,14,19,10,9,,,,25,19,6,,,,38,16,22,,,
15/10/2021 20:00,85,35,50,23,11,12,27,12,15,12,3,9,,,,2,2,0,,,,26,13,13,,,
15/10/2021 21:00,46,26,20,4,0,4,9,5,4,2,0,2,,,,0,0,0,,,,20,12,8,,,
15/10/2021 22:00,17,9,8,14,8,6,8,5,3,4,2,2,,,,0,0,0,,,,19,8,11,,,
15/10/2021 23:00,15,12,3,1,1,0,12,7,5,6,2,4,,,,2,0,2,,,,24,13,11,,,
16/10/2021 00:00,1,1,0,0,0,0,5,3,2,4,2,2,,,,0,0,0,,,,16,8,8,,,
16/10/2021 01:00,4,2,2,0,0,0,4,3,1,0,0,0,,,,0,0,0,,,,9,3,6,,,
16/10/2021 02:00,6,0,6,0,0,0,1,0,1,0,0,0,,,,0,0,0,,,,10,6,4,,,
16/10/2021 03:00,0,0,0,1,0,1,0,0,0,0,0,0,,,,0,0,0,,,,5,3,2,,,
16/10/2021 04:00,0,0,0,0,0,0,0,0,0,0,0,0,,,,1,0,1,,,,3,3,0,,,
16/10/2021 05:00,1,0,1,2,2,0,0,0,0,2,0,2,,,,0,0,0,,,,4,1,3,,,
16/10/2021 06:00,13,4,9,1,0,1,3,0,3,3,1,2,,,,0,0,0,,,,1,0,1,,,
16/10/2021 07:00,46,22,24,16,10,6,15,11,4,7,1,6,,,,0,0,0,,,,10,3,7,,,
16/10/2021 08:00,89,41,48,23,13,10,26,16,10,16,11,5,,,,0,0,0,,,,19,11,8,,,
16/10/2021 09:00,170,82,88,47,28,19,49,24,25,21,8,13,,,,0,0,0,,,,44,22,22,,,
16/10/2021 10:00,263,130,133,95,45,50,43,22,21,38,14,24,,,,0,0,0,,,,63,41,22,,,
16/10/2021 11:00,261,132,129,76,32,44,55,32,23,26,12,14,,,,0,0,0,,,,46,22,24,,,
16/10/2021 12:00,282,135,147,74,36,38,57,34,23,31,17,14,,,,0,0,0,,,,58,27,31,,,
16/10/2021 13:00,256,143,113,53,29,24,40,19,21,36,16,20,,,,0,0,0,,,,46,19,27,,,
16/10/2021 14:00,263,145,118,30,12,18,43,21,22,31,16,15,,,,0,0,0,,,,71,37,34,,,
16/10/2021 15:00,251,117,134,58,29,29,36,14,22,36,18,18,,,,0,0,0,,,,77,41,36,,,
16/10/2021 16:00,252,112,140,42,25,17,35,17,18,30,17,13,,,,0,0,0,,,,50,24,26,,,
16/10/2021 17:00,194,106,88,40,21,19,46,21,25,25,7,18,,,,0,0,0,,,,60,32,28,,,
16/10/2021 18:00,148,69,79,25,12,13,27,15,12,18,7,11,,,,24,10,14,,,,53,21,32,,,
16/10/2021 19:00,61,25,36,21,13,8,12,5,7,16,11,5,,,,0,0,0,,,,25,7,18,,,
16/10/2021 20:00,20,11,9,7,2,5,9,5,4,7,3,4,,,,0,0,0,,,,19,6,13,,,
16/10/2021 21:00,18,11,7,10,5,5,13,4,9,6,0,6,,,,0,0,0,,,,9,6,3,,,
16/10/2021 22:00,8,5,3,7,2,5,18,13,5,3,0,3,,,,0,0,0,,,,12,8,4,,,
16/10/2021 23:00,7,4,3,5,3,2,7,3,4,13,10,3,,,,0,0,0,,,,8,3,5,,,
17/10/2021 00:00,0,0,0,1,0,1,4,2,2,3,2,1,,,,3,3,0,,,,25,18,7,,,
17/10/2021 01:00,5,4,1,1,0,1,2,1,1,3,1,2,,,,0,0,0,,,,19,14,5,,,
17/10/2021 02:00,0,0,0,1,1,0,1,0,1,0,0,0,,,,0,0,0,,,,5,1,4,,,
17/10/2021 03:00,2,1,1,2,1,1,0,0,0,3,2,1,,,,0,0,0,,,,0,0,0,,,
17/10/2021 04:00,3,2,1,0,0,0,2,2,0,0,0,0,,,,0,0,0,,,,4,2,2,,,
17/10/2021 05:00,0,0,0,0,0,0,0,0,0,0,0,0,,,,0,0,0,,,,6,2,4,,,
17/10/2021 06:00,11,4,7,1,0,1,1,0,1,2,0,2,,,,0,0,0,,,,5,4,1,,,
17/10/2021 07:00,37,16,21,7,5,2,4,4,0,3,0,3,,,,0,0,0,,,,4,4,0,,,
17/10/2021 08:00,97,49,48,24,18,6,18,15,3,13,4,9,,,,0,0,0,,,,25,9,16,,,
17/10/2021 09:00,173,89,84,51,27,24,42,27,15,24,14,10,,,,0,0,0,,,,32,17,15,,,
17/10/2021 10:00,321,163,158,85,46,39,50,29,21,32,18,14,,,,0,0,0,,,,43,25,18,,,
17/10/2021 11:00,522,293,229,86,44,42,95,49,46,49,24,25,,,,0,0,0,,,,42,17,25,,,
17/10/2021 12:00,537,280,257,94,48,46,64,43,21,54,33,21,,,,0,0,0,,,,51,30,21,,,
17/10/2021 13:00,609,298,311,85,46,39,80,38,42,38,14,24,,,,0,0,0,,,,43,19,24,,,
17/10/2021 14:00,685,330,355,71,31,40,89,44,45,48,35,13,,,,0,0,0,,,,60,23,37,,,
17/10/2021 15:00,682,334,348,71,29,42,73,36,37,39,18,21,,,,0,0,0,,,,48,17,31,,,
17/10/2021 16:00,595,317,278,61,33,28,57,22,35,50,22,28,,,,0,0,0,,,,51,28,23,,,
17/10/2021 17:00,413,202,211,58,31,27,61,31,30,40,24,16,,,,0,0,0,,,,47,16,31,,,
17/10/2021 18:00,287,134,153,65,21,44,47,16,31,25,14,11,,,,0,0,0,,,,40,24,16,,,
17/10/2021 19:00,131,75,56,30,11,19,21,10,11,9,4,5,,,,0,0,0,,,,34,19,15,,,
17/10/2021 20:00,112,56,56,26,6,20,16,6,10,7,5,2,,,,0,0,0,,,,24,14,10,,,
17/10/2021 21:00,33,17,16,16,6,10,13,4,9,5,2,3,,,,0,0,0,,,,26,17,9,,,
17/10/2021 22:00,23,20,3,5,4,1,4,1,3,4,2,2,,,,0,0,0,,,,22,13,9,,,
17/10/2021 23:00,7,4,3,2,0,2,5,1,4,0,0,0,,,,0,0,0,,,,11,9,2,,,
18/10/2021 00:00,0,0,0,0,0,0,0,0,0,0,0,0,,,,0,0,0,,,,6,5,1,,,
18/10/2021 01:00,0,0,0,1,0,1,0,0,0,1,0,1,,,,0,0,0,,,,3,2,1,,,
18/10/2021 02:00,1,1,0,0,0,0,1,1,0,0,0,0,,,,0,0,0,,,,0,0,0,,,
18/10/2021 03:00,0,0,0,0,0,0,0,0,0,2,1,1,,,,0,0,0,,,,1,1,0,,,
18/10/2021 04:00,0,0,0,0,0,0,0,0,0,0,0,0,,,,0,0,0,,,,0,0,0,,,
18/10/2021 05:00,3,2,1,0,0,0,1,1,0,1,1,0,,,,1,1,0,,,,2,1,1,,,
18/10/2021 06:00,29,13,16,4,1,3,16,9,7,9,4,5,,,,8,6,2,,,,10,4,6,,,
18/10/2021 07:00,39,19,20,24,8,16,9,3,6,10,4,6,,,,21,12,9,,,,37,13,24,,,
18/10/2021 08:00,106,50,56,37,23,14,22,15,7,34,20,14,,,,61,38,23,,,,94,66,28,,,
18/10/2021 09:00,107,49,58,42,22,20,28,16,12,20,10,10,,,,51,27,24,,,,29,16,13,,,
18/10/2021 10:00,105,57,48,30,17,13,20,11,9,34,20,14,,,,44,27,17,,,,24,11,13,,,
18/10/2021 11:00,146,64,82,43,18,25,39,13,26,22,13,9,,,,33,15,18,,,,29,14,15,,,
18/10/2021 12:00,156,68,88,56,32,24,42,22,20,28,18,10,,,,63,48,15,,,,45,22,23,,,
18/10/2021 13:00,179,86,93,58,28,30,35,15,20,42,19,23,,,,130,72,58,,,,57,25,32,,,
18/10/2021 14:00,159,75,84,44,22,22,31,17,14,36,17,19,,,,100,59,41,,,,84,41,43,,,
18/10/2021 15:00,175,87,88,57,21,36,34,17,17,27,8,19,,,,79,28,51,,,,112,28,84,,,
18/10/2021 16:00,223,110,113,39,20,19,27,18,9,33,12,21,,,,91,47,44,,,,64,28,36,,,
18/10/2021 17:00,160,77,83,55,30,25,40,23,17,71,37,34,,,,81,42,39,,,,72,41,31,,,
18/10/2021 18:00,225,104,121,75,38,37,62,37,25,27,14,13,,,,101,66,35,,,,68,32,36,,,
18/10/2021 19:00,186,98,88,55,27,28,45,26,19,17,11,6,,,,49,48,1,,,,59,22,37,,,
18/10/2021 20:00,180,105,75,44,21,23,37,21,16,19,8,11,,,,31,31,0,,,,34,16,18,,,
18/10/2021 21:00,84,47,37,28,7,21,20,9,11,6,4,2,,,,0,0,0,,,,29,17,12,,,
18/10/2021 22:00,27,17,10,8,3,5,5,1,4,8,6,2,,,,0,0,0,,,,14,5,9,,,
18/10/2021 23:00,11,6,5,0,0,0,8,2,6,1,0,1,,,,0,0,0,,,,5,5,0,,,
19/10/2021 00:00,0,0,0,0,0,0,0,0,0,0,0,0,,,,0,0,0,,,,7,7,0,,,
19/10/2021 01:00,2,2,0,0,0,0,0,0,0,0,0,0,,,,0,0,0,,,,1,1,0,,,
19/10/2021 02:00,0,0,0,0,0,0,0,0,0,0,0,0,,,,0,0,0,,,,2,1,1,,,
19/10/2021 03:00,0,0,0,0,0,0,0,0,0,0,0,0,,,,0,0,0,,,,2,2,0,,,
19/10/2021 04:00,0,0,0,0,0,0,0,0,0,0,0,0,,,,0,0,0,,,,0,0,0,,,
19/10/2021 05:00,11,6,5,0,0,0,1,1,0,1,0,1,,,,0,0,0,,,,2,1,1,,,
19/10/2021 06:00,29,12,17,5,0,5,10,5,5,3,2,1,,,,7,7,0,,,,10,6,4,,,
19/10/2021 07:00,78,38,40,27,15,12,32,15,17,14,6,8,,,,35,22,13,,,,33,12,21,,,
19/10/2021 08:00,122,59,63,49,20,29,28,20,8,31,17,14,,,,77,36,41,,,,123,92,31,,,
19/10/2021 09:00,136,67,69,41,26,15,23,8,15,36,23,13,,,,57,31,26,,,,34,12,22,,,
19/10/2021 10:00,105,54,51,19,12,7,18,9,9,30,14,16,,,,35,25,10,,,,68,26,42,,,
19/10/2021 11:00,153,81,72,26,17,9,28,18,10,30,20,10,,,,62,32,30,,,,48,24,24,,,
19/10/2021 12:00,136,64,72,40,24,16,29,18,11,33,8,25,,,,64,35,29,,,,73,37,36,,,
19/10/2021 13:00,169,80,89,42,23,19,34,20,14,24,12,12,,,,98,53,45,,,,56,29,27,,,
19/10/2021 14:00,130,61,69,30,11,19,20,13,7,27,6,21,,,,119,69,50,,,,68,28,40,,,
19/10/2021 15:00,150,85,65,36,21,15,29,13,16,15,8,7,,,,68,20,48,,,,112,30,82,,,
19/10/2021 16:00,125,66,59,52,29,23,27,11,16,35,18,17,,,,58,34,24,,,,86,26,60,,,
19/10/2021 17:00,158,70,88,41,24,17,48,22,26,25,13,12,,,,93,62,31,,,,91,48,43,,,
19/10/2021 18:00,230,120,110,58,36,22,30,22,8,39,17,22,,,,112,54,58,,,,75,40,35,,,
19/10/2021 19:00,174,94,80,77,43,34,61,40,21,16,7,9,,,,55,47,8,,,,97,35,62,,,
19/10/2021 20:00,134,74,60,42,23,19,40,17,23,7,2,5,,,,24,24,0,,,,37,20,17,,,
19/10/2021 21:00,46,23,23,17,5,12,22,10,12,8,2,6,,,,2,2,0,,,,32,16,16,,,
19/10/2021 22:00,27,14,13,5,3,2,10,3,7,5,3,2,,,,2,1,1,,,,13,4,9,,,
19/10/2021 23:00,11,7,4,1,1,0,10,3,7,0,0,0,,,,0,0,0,,,,15,11,4,,,
20/10/2021 00:00,7,0,7,0,0,0,1,0,1,1,1,0,,,,0,0,0,,,,10,4,6,,,
20/10/2021 01:00,1,0,1,1,1,0,0,0,0,2,0,2,,,,0,0,0,,,,1,1,0,,,
20/10/2021 02:00,4,0,4,0,0,0,0,0,0,0,0,0,,,,0,0,0,,,,0,0,0,,,
20/10/2021 03:00,0,0,0,0,0,0,0,0,0,0,0,0,,,,0,0,0,,,,0,0,0,,,
20/10/2021 04:00,2,2,0,0,0,0,0,0,0,0,0,0,,,,0,0,0,,,,1,1,0,,,
20/10/2021 05:00,5,1,4,1,0,1,1,0,1,2,1,1,,,,6,3,3,,,,1,0,1,,,
20/10/2021 06:00,43,22,21,16,6,10,16,9,7,1,1,0,,,,11,8,3,,,,9,5,4,,,
20/10/2021 07:00,54,29,25,13,8,5,9,5,4,11,6,5,,,,17,9,8,,,,24,3,21,,,
20/10/2021 08:00,30,16,14,4,2,2,11,5,6,14,8,6,,,,29,18,11,,,,67,47,20,,,
20/10/2021 09:00,40,23,17,0,0,0,13,8,5,15,8,7,,,,25,11,14,,,,26,12,14,,,
20/10/2021 10:00,53,21,32,0,0,0,14,6,8,11,7,4,,,,13,8,5,,,,12,5,7,,,
20/10/2021 11:00,52,30,22,16,11,5,6,6,0,19,11,8,,,,43,30,13,,,,29,15,14,,,
20/10/2021 12:00,119,67,52,61,46,15,46,39,7,27,15,12,,,,52,26,26,,,,39,18,21,,,
20/10/2021 13:00,151,65,86,26,15,11,32,15,17,47,24,23,,,,88,50,38,,,,52,27,25,,,
20/10/2021 14:00,125,63,62,32,13,19,27,14,13,26,16,10,,,,118,64,54,,,,82,27,55,,,
20/10/2021 15:00,179,73,106,41,21,20,24,16,8,30,17,13,,,,79,40,39,,,,127,33,94,,,
20/10/2021 16:00,159,92,67,33,17,16,34,19,15,20,8,12,,,,79,46,33,,,,92,45,47,,,
20/10/2021 17:00,196,87,109,52,29,23,36,19,17,35,21,14,,,,87,41,46,,,,76,33,43,,,
20/10/2021 18:00,189,80,109,55,15,40,34,23,11,28,16,12,,,,95,55,40,,,,86,48,38,,,
20/10/2021 19:00,157,88,69,55,27,28,50,27,23,13,11,2,,,,27,17,10,,,,71,32,39,,,
20/10/2021 20:00,119,62,57,27,12,15,28,14,14,16,10,6,,,,5,5,0,,,,34,18,16,,,
20/10/2021 21:00,69,35,34,21,11,10,6,2,4,3,3,0,,,,0,0,0,,,,30,9,21,,,
20/10/2021 22:00,30,15,15,2,0,2,13,9,4,5,3,2,,,,2,1,1,,,,13,5,8,,,
20/10/2021 23:00,2,1,1,4,0,4,4,0,4,1,0,1,,,,1,1,0,,,,9,8,1,,,
21/10/2021 00:00,0,0,0,0,0,0,1,0,1,0,0,0,,,,0,0,0,,,,3,2,1,,,
21/10/2021 01:00,0,0,0,3,3,0,0,0,0,2,1,1,,,,0,0,0,,,,0,0,0,,,
21/10/2021 02:00,1,1,0,0,0,0,3,3,0,0,0,0,,,,0,0,0,,,,0,0,0,,,
21/10/2021 03:00,2,2,0,0,0,0,0,0,0,2,2,0,,,,0,0,0,,,,2,2,0,,,
21/10/2021 04:00,0,0,0,0,0,0,0,0,0,0,0,0,,,,0,0,0,,,,0,0,0,,,
21/10/2021 05:00,6,2,4,1,1,0,2,1,1,1,0,1,,,,6,4,2,,,,2,1,1,,,
21/10/2021 06:00,48,21,27,3,3,0,16,12,4,6,6,0,,,,18,13,5,,,,5,4,1,,,
21/10/2021 07:00,106,61,45,31,14,17,24,10,14,13,7,6,,,,35,16,19,,,,40,17,23,,,
21/10/2021 08:00,89,32,57,36,19,17,32,16,16,30,10,20,,,,83,52,31,,,,120,85,35,,,
21/10/2021 09:00,112,54,58,37,18,19,18,11,7,21,11,10,,,,70,34,36,,,,39,16,23,,,
21/10/2021 10:00,160,78,82,28,14,14,16,9,7,20,13,7,,,,58,29,29,,,,25,12,13,,,
21/10/2021 11:00,194,73,121,38,20,18,35,14,21,28,18,10,,,,74,42,32,,,,35,18,17,,,
21/10/2021 12:00,167,76,91,34,13,21,36,19,17,30,17,13,,,,72,36,36,,,,39,20,19,,,
21/10/2021 13:00,188,91,97,49,23,26,56,27,29,51,24,27,,,,75,39,36,,,,37,22,15,,,
21/10/2021 14:00,183,91,92,29,12,17,40,18,22,25,12,13,,,,123,74,49,,,,81,33,48,,,
21/10/2021 15:00,148,64,84,29,17,12,14,6,8,21,6,15,,,,84,37,47,,,,103,23,80,,,
21/10/2021 16:00,94,59,35,19,10,9,21,12,9,24,13,11,,,,45,21,24,,,,68,27,41,,,
21/10/2021 17:00,103,47,56,43,28,15,32,20,12,19,9,10,,,,67,39,28,,,,68,27,41,,,
21/10/2021 18:00,147,75,72,57,25,32,31,24,7,25,11,14,,,,73,44,29,,,,66,29,37,,,
21/10/2021 19:00,106,49,57,36,13,23,38,13,25,15,9,6,,,,20,6,14,,,,47,33,14,,,
21/10/2021 20:00,104,56,48,22,13,9,25,9,16,14,7,7,,,,23,21,2,,,,34,11,23,,,
21/10/2021 21:00,64,35,29,11,4,7,12,3,9,2,2,0,,,,9,9,0,,,,12,7,5,,,
21/10/2021 22:00,24,12,12,7,5,2,8,7,1,4,3,1,,,,10,10,0,,,,17,9,8,,,
21/10/2021 23:00,3,3,0,1,0,1,4,1,3,2,0,2,,,,0,0,0,,,,5,4,1,,,
22/10/2021 00:00,0,0,0,0,0,0,0,0,0,1,0,1,,,,0,0,0,,,,7,3,4,,,
22/10/2021 01:00,2,2,0,0,0,0,0,0,0,2,1,1,,,,3,3,0,,,,1,1,0,,,
22/10/2021 02:00,2,1,1,2,2,0,1,1,0,0,0,0,,,,1,0,1,,,,0,0,0,,,
22/10/2021 03:00,0,0,0,0,0,0,0,0,0,1,1,0,,,,0,0,0,,,,1,0,1,,,
22/10/2021 04:00,0,0,0,0,0,0,0,0,0,0,0,0,,,,0,0,0,,,,1,1,0,,,
22/10/2021 05:00,3,0,3,3,2,1,2,0,2,0,0,0,,,,0,0,0,,,,1,0,1,,,
22/10/2021 06:00,29,14,15,5,4,1,9,6,3,2,1,1,,,,13,13,0,,,,13,9,4,,,
22/10/2021 07:00,65,34,31,14,7,7,20,9,11,12,4,8,,,,26,26,0,,,,38,16,22,,,
22/10/2021 08:00,135,66,69,31,15,16,23,12,11,25,15,10,,,,66,62,4,,,,108,77,31,,,
22/10/2021 09:00,135,67,68,42,31,11,35,22,13,18,10,8,,,,56,54,2,,,,43,18,25,,,
22/10/2021 10:00,123,47,76,47,22,25,29,14,15,27,15,12,,,,36,25,11,,,,27,14,13,,,
22/10/2021 11:00,257,132,125,58,33,25,33,19,14,23,15,8,,,,79,44,35,,,,42,20,22,,,
22/10/2021 12:00,169,85,84,33,18,15,38,15,23,21,8,13,,,,51,33,18,,,,60,28,32,,,
22/10/2021 13:00,144,60,84,38,22,16,31,18,13,41,18,23,,,,146,104,42,,,,132,34,98,,,
22/10/2021 14:00,137,76,61,38,22,16,23,18,5,32,16,16,,,,104,69,35,,,,68,31,37,,,
22/10/2021 15:00,131,61,70,35,17,18,29,17,12,22,8,14,,,,68,34,34,,,,75,39,36,,,
22/10/2021 16:00,160,87,73,35,16,19,19,9,10,49,27,22,,,,82,51,31,,,,68,34,34,,,
22/10/2021 17:00,159,80,79,45,26,19,33,18,15,20,11,9,,,,72,32,40,,,,63,30,33,,,
22/10/2021 18:00,138,71,67,49,27,22,28,14,14,27,12,15,,,,33,14,19,,,,59,31,28,,,
22/10/2021 19:00,97,54,43,29,19,10,27,16,11,15,5,10,,,,0,0,0,,,,39,16,23,,,
22/10/2021 20:00,52,25,27,23,5,18,15,11,4,13,3,10,,,,0,0,0,,,,28,7,21,,,
22/10/2021 21:00,28,15,13,12,6,6,16,15,1,5,4,1,,,,1,1,0,,,,23,13,10,,,
22/10/2021 22:00,26,11,15,5,2,3,16,8,8,2,1,1,,,,0,0,0,,,,15,10,5,,,
22/10/2021 23:00,6,2,4,4,1,3,2,1,1,14,1,13,,,,0,0,0,,,,13,7,6,,,
23/10/2021 00:00,1,0,1,0,0,0,6,3,3,2,1,1,,,,0,0,0,,,,7,4,3,,,
23/10/2021 01:00,2,2,0,3,3,0,3,1,2,3,1,2,,,,0,0,0,,,,3,2,1,,,
23/10/2021 02:00,2,1,1,1,0,1,0,0,0,0,0,0,,,,1,1,0,,,,12,8,4,,,
23/10/2021 03:00,3,1,2,0,0,0,0,0,0,2,1,1,,,,0,0,0,,,,5,1,4,,,
23/10/2021 04:00,1,1,0,0,0,0,0,0,0,1,0,1,,,,0,0,0,,,,3,2,1,,,
23/10/2021 05:00,2,1,1,1,0,1,0,0,0,0,0,0,,,,2,1,1,,,,5,4,1,,,
23/10/2021 06:00,19,8,11,2,1,1,4,3,1,1,0,1,,,,1,1,0,,,,3,3,0,,,
23/10/2021 07:00,36,18,18,11,8,3,7,5,2,5,1,4,,,,19,11,8,,,,10,7,3,,,
23/10/2021 08:00,84,36,48,32,19,13,32,21,11,12,3,9,,,,47,24,23,,,,24,8,16,,,
23/10/2021 09:00,123,50,73,41,23,18,35,19,16,14,10,4,,,,49,27,22,,,,37,22,15,,,
23/10/2021 10:00,206,118,88,62,36,26,40,15,25,32,15,17,,,,94,68,26,,,,37,24,13,,,
23/10/2021 11:00,197,84,113,58,33,25,41,14,27,59,35,24,,,,129,67,62,,,,65,28,37,,,
23/10/2021 12:00,241,118,123,59,37,22,50,32,18,36,18,18,,,,106,54,52,,,,46,19,27,,,
23/10/2021 13:00,226,97,129,34,15,19,39,19,20,35,16,19,,,,72,35,37,,,,68,31,37,,,
23/10/2021 14:00,184,91,93,45,22,23,34,15,19,25,16,9,,,,71,43,28,,,,46,27,19,,,
23/10/2021 15:00,262,121,141,32,12,20,47,24,23,42,24,18,,,,77,36,41,,,,49,29,20,,,
23/10/2021 16:00,193,90,103,29,17,12,39,24,15,37,16,21,,,,80,49,31,,,,47,25,22,,,
23/10/2021 17:00,125,69,56,35,17,18,36,18,18,26,8,18,,,,79,34,45,,,,31,19,12,,,
23/10/2021 18:00,82,38,44,21,13,8,26,11,15,12,7,5,,,,19,10,9,,,,28,11,17,,,
23/10/2021 19:00,51,27,24,17,10,7,15,10,5,11,2,9,,,,0,0,0,,,,37,14,23,,,
23/10/2021 20:00,51,26,25,13,6,7,10,3,7,9,4,5,,,,0,0,0,,,,50,26,24,,,
23/10/2021 21:00,27,15,12,7,6,1,8,5,3,3,3,0,,,,0,0,0,,,,27,15,12,,,
23/10/2021 22:00,33,12,21,4,2,2,7,4,3,3,1,2,,,,1,1,0,,,,13,8,5,,,
23/10/2021 23:00,7,4,3,5,0,5,10,4,6,5,4,1,,,,0,0,0,,,,11,6,5,,,
24/10/2021 00:00,0,0,0,3,1,2,4,0,4,2,2,0,,,,0,0,0,,,,5,4,1,,,
24/10/2021 01:00,0,0,0,3,1,2,4,0,4,2,0,2,,,,0,0,0,,,,9,7,2,,,
24/10/2021 02:00,0,0,0,2,0,2,0,0,0,2,2,0,,,,0,0,0,,,,5,3,2,,,
24/10/2021 03:00,1,1,0,0,0,0,2,1,1,0,0,0,,,,0,0,0,,,,3,0,3,,,
24/10/2021 04:00,0,0,0,0,0,0,0,0,0,1,0,1,,,,0,0,0,,,,4,4,0,,,
24/10/2021 05:00,3,0,3,1,1,0,1,1,0,0,0,0,,,,0,0,0,,,,8,3,5,,,
24/10/2021 06:00,4,2,2,0,0,0,1,1,0,1,0,1,,,,0,0,0,,,,3,3,0,,,
24/10/2021 07:00,27,9,18,7,5,2,5,2,3,5,2,3,,,,0,0,0,,,,9,5,4,,,
24/10/2021 08:00,69,32,37,19,15,4,23,18,5,16,5,11,,,,0,0,0,,,,11,5,6,,,
24/10/2021 09:00,173,82,91,34,16,18,22,9,13,13,8,5,,,,0,0,0,,,,17,10,7,,,
24/10/2021 10:00,284,163,121,62,31,31,42,27,15,41,19,22,,,,0,0,0,,,,44,22,22,,,
24/10/2021 11:00,556,286,270,104,55,49,53,20,33,35,20,15,,,,0,0,0,,,,36,23,13,,,
24/10/2021 12:00,683,369,314,109,62,47,78,53,25,52,28,24,,,,2,2,0,,,,66,37,29,,,
24/10/2021 13:00,736,374,362,109,60,49,75,38,37,69,43,26,,,,8,3,5,,,,56,35,21,,,
24/10/2021 14:00,786,424,362,94,52,42,70,39,31,44,22,22,,,,78,69,9,,,,80,45,35,,,
24/10/2021 15:00,838,372,466,97,49,48,85,50,35,37,18,19,,,,119,96,23,,,,61,31,30,,,
24/10/2021 16:00,572,273,299,84,43,41,72,23,49,37,17,20,,,,138,133,5,,,,68,33,35,,,
24/10/2021 17:00,355,191,164,47,20,27,46,24,22,41,21,20,,,,71,61,10,,,,57,32,25,,,
24/10/2021 18:00,195,91,104,39,21,18,26,13,13,22,17,5,,,,46,41,5,,,,45,14,31,,,
24/10/2021 19:00,123,69,54,32,19,13,16,9,7,10,9,1,,,,1,1,0,,,,38,18,20,,,
24/10/2021 20:00,49,30,19,23,7,16,9,6,3,11,3,8,,,,0,0,0,,,,25,11,14,,,
24/10/2021 21:00,44,25,19,4,0,4,12,3,9,4,3,1,,,,0,0,0,,,,10,3,7,,,
24/10/2021 22:00,22,10,12,6,3,3,1,0,1,4,3,1,,,,0,0,0,,,,14,9,5,,,
24/10/2021 23:00,9,6,3,1,0,1,0,0,0,4,0,4,,,,0,0,0,,,,14,7,7,,,
25/10/2021 00:00,0,0,0,0,0,0,1,0,1,1,1,0,,,,0,0,0,,,,2,1,1,,,
25/10/2021 01:00,0,0,0,2,0,2,8,6,2,0,0,0,,,,0,0,0,,,,7,5,2,,,
25/10/2021 02:00,0,0,0,0,0,0,0,0,0,0,0,0,,,,0,0,0,,,,3,2,1,,,
25/10/2021 03:00,0,0,0,0,0,0,0,0,0,1,0,1,,,,0,0,0,,,,0,0,0,,,
25/10/2021 04:00,0,0,0,2,0,2,0,0,0,0,0,0,,,,0,0,0,,,,4,4,0,,,
25/10/2021 05:00,0,0,0,0,0,0,1,1,0,0,0,0,,,,0,0,0,,,,4,4,0,,,
25/10/2021 06:00,10,4,6,0,0,0,6,3,3,4,3,1,,,,0,0,0,,,,5,5,0,,,
25/10/2021 07:00,30,19,11,9,4,5,5,5,0,6,3,3,,,,0,0,0,,,,3,3,0,,,
25/10/2021 08:00,76,34,42,11,9,2,16,9,7,11,5,6,,,,0,0,0,,,,18,6,12,,,
25/10/2021 09:00,145,70,75,26,16,10,26,17,9,15,9,6,,,,0,0,0,,,,26,9,17,,,
25/10/2021 10:00,215,97,118,61,33,28,28,14,14,28,11,17,,,,0,0,0,,,,37,25,12,,,
25/10/2021 11:00,357,173,184,71,40,31,49,21,28,35,21,14,,,,0,0,0,,,,44,26,18,,,
25/10/2021 12:00,500,256,244,102,54,48,85,40,45,39,21,18,,,,0,0,0,,,,55,30,25,,,
25/10/2021 13:00,523,271,252,94,43,51,61,30,31,133,102,31,,,,0,0,0,,,,69,33,36,,,
25/10/2021 14:00,516,253,263,64,36,28,70,43,27,36,18,18,,,,0,0,0,,,,64,31,33,,,
25/10/2021 15:00,602,272,330,82,28,54,70,32,38,48,28,20,,,,0,0,0,,,,72,46,26,,,
25/10/2021 16:00,409,200,209,64,36,28,49,25,24,41,22,19,,,,0,0,0,,,,56,26,30,,,
25/10/2021 17:00,269,146,123,63,27,36,41,22,19,26,13,13,,,,0,0,0,,,,49,27,22,,,
25/10/2021 18:00,170,81,89,52,21,31,32,17,15,26,12,14,,,,0,0,0,,,,49,26,23,,,
25/10/2021 19:00,122,68,54,35,13,22,22,12,10,10,7,3,,,,0,0,0,,,,30,15,15,,,
25/10/2021 20:00,62,33,29,22,8,14,18,10,8,11,6,5,,,,0,0,0,,,,23,7,16,,,
25/10/2021 21:00,65,35,30,15,7,8,10,4,6,4,2,2,,,,0,0,0,,,,13,6,7,,,
25/10/2021 22:00,14,7,7,11,4,7,6,3,3,2,1,1,,,,0,0,0,,,,18,9,9,,,
25/10/2021 23:00,6,0,6,4,0,4,4,0,4,0,0,0,,,,0,0,0,,,,5,2,3,,,
26/10/2021 00:00,0,0,0,0,0,0,6,2,4,0,0,0,,,,1,1,0,,,,6,3,3,,,
26/10/2021 01:00,2,1,1,2,0,2,0,0,0,0,0,0,,,,1,0,1,,,,1,1,0,,,
26/10/2021 02:00,1,1,0,1,0,1,3,2,1,0,0,0,,,,0,0,0,,,,0,0,0,,,
26/10/2021 03:00,1,1,0,0,0,0,0,0,0,0,0,0,,,,0,0,0,,,,1,1,0,,,
26/10/2021 04:00,0,0,0,0,0,0,0,0,0,0,0,0,,,,0,0,0,,,,1,0,1,,,
26/10/2021 05:00,9,7,2,2,1,1,6,6,0,0,0,0,,,,2,1,1,,,,3,3,0,,,
26/10/2021 06:00,39,20,19,7,2,5,14,6,8,5,3,2,,,,12,8,4,,,,10,3,7,,,
26/10/2021 07:00,69,34,35,23,11,12,17,8,9,17,9,8,,,,20,11,9,,,,19,9,10,,,
26/10/2021 08:00,110,57,53,20,11,9,27,17,10,17,10,7,,,,48,28,20,,,,30,19,11,,,
26/10/2021 09:00,74,33,41,21,14,7,19,10,9,30,17,13,,,,35,16,19,,,,33,13,20,,,
26/10/2021 10:00,147,65,82,25,16,9,25,14,11,39,27,12,,,,41,30,11,,,,35,18,17,,,
26/10/2021 11:00,181,87,94,31,10,21,25,17,8,36,21,15,,,,14,10,4,,,,36,18,18,,,
26/10/2021 12:00,176,89,87,32,14,18,33,17,16,28,19,9,,,,23,14,9,,,,51,20,31,,,
26/10/2021 13:00,162,76,86,42,25,17,46,24,22,33,16,17,,,,47,30,17,,,,55,26,29,,,
26/10/2021 14:00,164,75,89,24,13,11,31,14,17,34,14,20,,,,56,37,19,,,,44,26,18,,,
26/10/2021 15:00,161,92,69,34,21,13,32,18,14,33,25,8,,,,66,30,36,,,,58,27,31,,,
26/10/2021 16:00,218,102,116,33,16,17,37,21,16,40,22,18,,,,37,21,16,,,,61,31,30,,,
26/10/2021 17:00,161,70,91,32,15,17,48,31,17,50,29,21,,,,31,16,15,,,,61,33,28,,,
26/10/2021 18:00,154,82,72,48,27,21,42,23,19,32,18,14,,,,47,31,16,,,,62,32,30,,,
26/10/2021 19:00,156,86,70,54,28,26,36,18,18,19,8,11,,,,3,3,0,,,,56,30,26,,,
26/10/2021 20:00,133,77,56,23,16,7,22,9,13,9,7,2,,,,0,0,0,,,,45,18,27,,,
26/10/2021 21:00,59,31,28,23,9,14,10,3,7,8,5,3,,,,2,2,0,,,,24,16,8,,,
26/10/2021 22:00,31,18,13,1,0,1,3,1,2,7,4,3,,,,3,3,0,,,,19,10,9,,,
26/10/2021 23:00,3,1,2,2,1,1,18,11,7,6,2,4,,,,0,0,0,,,,9,5,4,,,
27/10/2021 00:00,1,0,1,0,0,0,0,0,0,2,1,1,,,,0,0,0,,,,6,5,1,,,
27/10/2021 01:00,0,0,0,0,0,0,3,1,2,1,1,0,,,,0,0,0,,,,1,1,0,,,
27/10/2021 02:00,1,0,1,0,0,0,1,0,1,0,0,0,,,,0,0,0,,,,1,0,1,,,
27/10/2021 03:00,0,0,0,2,0,2,0,0,0,0,0,0,,,,0,0,0,,,,3,2,1,,,
27/10/2021 04:00,1,0,1,1,0,1,1,0,1,0,0,0,,,,0,0,0,,,,0,0,0,,,
27/10/2021 05:00,3,1,2,2,2,0,1,0,1,3,2,1,,,,1,1,0,,,,2,1,1,,,
27/10/2021 06:00,19,10,9,8,5,3,11,8,3,4,2,2,,,,11,6,5,,,,5,4,1,,,
27/10/2021 07:00,54,21,33,12,5,7,12,4,8,14,5,9,,,,23,14,9,,,,16,5,11,,,
27/10/2021 08:00,103,52,51,38,22,16,30,17,13,13,6,7,,,,41,21,20,,,,21,9,12,,,
27/10/2021 09:00,71,33,38,30,13,17,14,6,8,18,13,5,,,,37,18,19,,,,19,7,12,,,
27/10/2021 10:00,102,55,47,32,18,14,21,11,10,32,18,14,,,,53,37,16,,,,21,11,10,,,
27/10/2021 11:00,79,40,39,37,16,21,20,8,12,23,9,14,,,,46,22,24,,,,23,10,13,,,
27/10/2021 12:00,88,42,46,28,15,13,23,10,13,20,10,10,,,,30,18,12,,,,33,18,15,,,
27/10/2021 13:00,132,65,67,22,13,9,31,22,9,33,18,15,,,,67,35,32,,,,42,26,16,,,
27/10/2021 14:00,169,79,90,21,7,14,28,12,16,24,13,11,,,,64,33,31,,,,48,27,21,,,
27/10/2021 15:00,106,47,59,15,5,10,25,14,11,27,13,14,,,,54,29,25,,,,40,18,22,,,
27/10/2021 16:00,108,54,54,25,20,5,12,5,7,18,10,8,,,,26,11,15,,,,48,23,25,,,
27/10/2021 17:00,104,47,57,29,15,14,33,17,16,16,9,7,,,,50,23,27,,,,59,34,25,,,
27/10/2021 18:00,120,65,55,34,16,18,49,24,25,27,13,14,,,,58,35,23,,,,45,25,20,,,
27/10/2021 19:00,68,40,28,20,7,13,28,13,15,3,1,2,,,,10,7,3,,,,32,20,12,,,
27/10/2021 20:00,31,15,16,14,6,8,9,3,6,6,2,4,,,,6,4,2,,,,13,7,6,,,
27/10/2021 21:00,13,6,7,7,5,2,3,3,0,6,3,3,,,,5,3,2,,,,13,8,5,,,
27/10/2021 22:00,6,3,3,5,1,4,5,3,2,0,0,0,,,,0,0,0,,,,3,2,1,,,
27/10/2021 23:00,5,4,1,0,0,0,3,2,1,1,0,1,,,,1,1,0,,,,6,5,1,,,
28/10/2021 00:00,0,0,0,0,0,0,0,0,0,1,0,1,,,,0,0,0,,,,4,3,1,,,
28/10/2021 01:00,1,0,1,0,0,0,0,0,0,0,0,0,,,,0,0,0,,,,0,0,0,,,
28/10/2021 02:00,0,0,0,0,0,0,0,0,0,0,0,0,,,,1,1,0,,,,0,0,0,,,
28/10/2021 03:00,0,0,0,0,0,0,0,0,0,0,0,0,,,,0,0,0,,,,0,0,0,,,
28/10/2021 04:00,0,0,0,0,0,0,0,0,0,0,0,0,,,,0,0,0,,,,0,0,0,,,
28/10/2021 05:00,2,0,2,3,3,0,0,0,0,1,0,1,,,,4,1,3,,,,1,1,0,,,
28/10/2021 06:00,19,10,9,5,2,3,7,5,2,1,1,0,,,,7,5,2,,,,10,6,4,,,
28/10/2021 07:00,45,21,24,16,8,8,12,8,4,4,2,2,,,,28,15,13,,,,11,4,7,,,
28/10/2021 08:00,58,30,28,22,10,12,16,9,7,12,6,6,,,,39,17,22,,,,17,7,10,,,
28/10/2021 09:00,27,16,11,13,5,8,9,6,3,7,6,1,,,,13,8,5,,,,9,4,5,,,
28/10/2021 10:00,30,16,14,5,2,3,7,5,2,0,0,0,,,,7,4,3,,,,6,4,2,,,
28/10/2021 11:00,20,13,7,6,4,2,7,1,6,8,4,4,,,,11,9,2,,,,14,5,9,,,
28/10/2021 12:00,38,24,14,15,6,9,5,2,3,14,6,8,,,,12,7,5,,,,35,12,23,,,
28/10/2021 13:00,112,43,69,23,17,6,24,15,9,25,12,13,,,,40,26,14,,,,35,20,15,,,
28/10/2021 14:00,110,51,59,29,14,15,15,8,7,34,15,19,,,,50,28,22,,,,65,35,30,,,
28/10/2021 15:00,221,120,101,40,19,21,39,22,17,24,9,15,,,,88,54,34,,,,49,24,25,,,
28/10/2021 16:00,239,133,106,36,12,24,44,19,25,37,24,13,,,,82,37,45,,,,100,49,51,,,
28/10/2021 17:00,185,74,111,47,30,17,39,19,20,35,17,18,,,,77,32,45,,,,60,35,25,,,
28/10/2021 18:00,173,93,80,56,29,27,36,21,15,23,9,14,,,,64,33,31,,,,77,40,37,,,
28/10/2021 19:00,100,55,45,36,18,18,34,20,14,7,4,3,,,,42,40,2,,,,58,28,30,,,
28/10/2021 20:00,111,61,50,23,18,5,23,10,13,10,6,4,,,,26,26,0,,,,69,30,39,,,
28/10/2021 21:00,51,25,26,10,6,4,21,8,13,3,2,1,,,,16,14,2,,,,32,16,16,,,
28/10/2021 22:00,33,22,11,11,3,8,5,3,2,4,2,2,,,,5,2,3,,,,15,11,4,,,
28/10/2021 23:00,8,5,3,3,1,2,9,5,4,5,3,2,,,,4,2,2,,,,16,3,13,,,
29/10/2021 00:00,0,0,0,1,0,1,11,2,9,0,0,0,,,,4,1,3,,,,9,8,1,,,
29/10/2021 01:00,1,1,0,1,1,0,0,0,0,0,0,0,,,,2,1,1,,,,1,0,1,,,
29/10/2021 02:00,0,0,0,1,1,0,0,0,0,0,0,0,,,,0,0,0,,,,0,0,0,,,
29/10/2021 03:00,0,0,0,0,0,0,0,0,0,0,0,0,,,,1,1,0,,,,2,2,0,,,
29/10/2021 04:00,1,1,0,0,0,0,0,0,0,0,0,0,,,,0,0,0,,,,2,0,2,,,
29/10/2021 05:00,4,1,3,1,1,0,1,0,1,2,2,0,,,,1,0,1,,,,3,3,0,,,
29/10/2021 06:00,15,4,11,2,1,1,4,3,1,1,0,1,,,,6,5,1,,,,2,0,2,,,
29/10/2021 07:00,41,27,14,7,1,6,9,6,3,8,1,7,,,,12,9,3,,,,15,2,13,,,
29/10/2021 08:00,50,17,33,17,8,9,11,3,8,10,5,5,,,,11,7,4,,,,16,10,6,,,
29/10/2021 09:00,45,24,21,27,13,14,10,7,3,7,4,3,,,,22,13,9,,,,22,7,15,,,
29/10/2021 10:00,107,49,58,27,15,12,16,9,7,21,10,11,,,,28,13,15,,,,19,14,5,,,
29/10/2021 11:00,150,75,75,30,15,15,17,11,6,22,10,12,,,,51,38,13,,,,34,18,16,,,
29/10/2021 12:00,193,83,110,47,22,25,34,16,18,29,12,17,,,,72,46,26,,,,43,21,22,,,
29/10/2021 13:00,251,121,130,62,24,38,49,31,18,42,32,10,,,,105,60,45,,,,55,21,34,,,
29/10/2021 14:00,256,129,127,60,32,28,37,18,19,25,14,11,,,,136,81,55,,,,41,20,21,,,
29/10/2021 15:00,242,114,128,75,44,31,38,15,23,31,17,14,,,,104,52,52,,,,66,38,28,,,
29/10/2021 16:00,266,142,124,48,28,20,51,36,15,33,20,13,,,,81,42,39,,,,94,45,49,,,
29/10/2021 17:00,228,117,111,37,15,22,35,17,18,23,17,6,,,,100,46,54,,,,58,24,34,,,
29/10/2021 18:00,166,91,75,43,17,26,46,21,25,18,5,13,,,,62,31,31,,,,91,44,47,,,
29/10/2021 19:00,109,60,49,29,15,14,25,13,12,15,5,10,,,,26,24,2,,,,67,35,32,,,
29/10/2021 20:00,63,38,25,18,7,11,9,4,5,6,4,2,,,,13,13,0,,,,32,18,14,,,
29/10/2021 21:00,49,17,32,5,2,3,15,12,3,3,2,1,,,,5,5,0,,,,25,11,14,,,
29/10/2021 22:00,9,4,5,2,0,2,5,2,3,2,1,1,,,,3,2,1,,,,25,17,8,,,
29/10/2021 23:00,5,4,1,2,1,1,4,1,3,4,0,4,,,,0,0,0,,,,13,6,7,,,
30/10/2021 00:00,0,0,0,0,0,0,1,0,1,3,1,2,,,,0,0,0,,,,6,5,1,,,
30/10/2021 01:00,2,1,1,5,3,2,4,2,2,5,2,3,,,,1,1,0,,,,12,9,3,,,
30/10/2021 02:00,1,1,0,1,0,1,5,3,2,0,0,0,,,,0,0,0,,,,35,13,22,,,
30/10/2021 03:00,1,0,1,0,0,0,0,0,0,0,0,0,,,,3,1,2,,,,4,3,1,,,
30/10/2021 04:00,0,0,0,0,0,0,0,0,0,0,0,0,,,,0,0,0,,,,16,10,6,,,
30/10/2021 05:00,0,0,0,1,1,0,0,0,0,0,0,0,,,,0,0,0,,,,10,5,5,,,
30/10/2021 06:00,14,3,11,1,0,1,2,0,2,2,1,1,,,,0,0,0,,,,6,5,1,,,
30/10/2021 07:00,35,19,16,7,3,4,8,2,6,5,2,3,,,,0,0,0,,,,8,5,3,,,
30/10/2021 08:00,85,44,41,29,17,12,25,19,6,8,2,6,,,,0,0,0,,,,13,3,10,,,
30/10/2021 09:00,146,63,83,64,29,35,41,21,20,16,7,9,,,,38,24,14,,,,21,15,6,,,
30/10/2021 10:00,215,112,103,72,27,45,44,21,23,33,19,14,,,,63,47,16,,,,47,25,22,,,
30/10/2021 11:00,314,148,166,92,58,34,59,42,17,35,21,14,,,,72,39,33,,,,56,23,33,,,
30/10/2021 12:00,364,185,179,73,36,37,64,27,37,59,34,25,,,,96,52,44,,,,64,27,37,,,
30/10/2021 13:00,321,148,173,84,50,34,49,32,17,40,22,18,,,,81,48,33,,,,73,45,28,,,
30/10/2021 14:00,399,198,201,50,31,19,58,25,33,37,24,13,,,,85,49,36,,,,82,37,45,,,
30/10/2021 15:00,407,219,188,68,35,33,75,29,46,46,22,24,,,,69,37,32,,,,57,27,30,,,
30/10/2021 16:00,377,190,187,65,31,34,41,21,20,47,19,28,,,,39,22,17,,,,49,24,25,,,
30/10/2021 17:00,256,132,124,50,23,27,43,22,21,37,20,17,,,,67,30,37,,,,48,18,30,,,
30/10/2021 18:00,140,83,57,39,17,22,41,18,23,22,15,7,,,,54,21,33,,,,39,21,18,,,
30/10/2021 19:00,83,42,41,27,10,17,31,16,15,7,2,5,,,,0,0,0,,,,36,10,26,,,
30/10/2021 20:00,57,33,24,5,3,2,20,9,11,5,4,1,,,,9,8,1,,,,56,26,30,,,
30/10/2021 21:00,33,14,19,14,5,9,11,8,3,4,2,2,,,,1,1,0,,,,32,20,12,,,
30/10/2021 22:00,26,12,14,3,3,0,6,4,2,9,5,4,,,,1,1,0,,,,19,12,7,,,
30/10/2021 23:00,12,8,4,3,2,1,10,9,1,10,7,3,,,,2,1,1,,,,13,6,7,,,
31/10/2021 00:00,1,1,0,1,0,1,3,1,2,17,15,2,,,,3,1,2,,,,15,6,9,,,
31/10/2021 01:00,7,4,3,3,2,1,7,5,2,11,5,6,,,,2,2,0,,,,6,5,1,,,
31/10/2021 02:00,0,0,0,0,0,0,0,0,0,0,0,0,,,,0,0,0,,,,1,1,0,,,
31/10/2021 03:00,2,2,0,0,0,0,1,1,0,0,0,0,,,,0,0,0,,,,6,1,5,,,
31/10/2021 04:00,0,0,0,0,0,0,0,0,0,0,0,0,,,,0,0,0,,,,2,1,1,,,
31/10/2021 05:00,2,0,2,3,0,3,0,0,0,0,0,0,,,,2,2,0,,,,1,1,0,,,
31/10/2021 06:00,7,1,6,2,1,1,4,1,3,1,1,0,,,,5,5,0,,,,7,5,2,,,
31/10/2021 07:00,34,21,13,10,8,2,6,2,4,8,2,6,,,,12,11,1,,,,6,4,2,,,
31/10/2021 08:00,140,63,77,33,15,18,34,18,16,24,10,14,,,,52,33,19,,,,25,13,12,,,
31/10/2021 09:00,257,127,130,75,42,33,39,15,24,27,12,15,,,,111,56,55,,,,29,20,9,,,
31/10/2021 10:00,440,237,203,108,57,51,59,47,12,43,18,25,,,,116,70,46,,,,59,33,26,,,
31/10/2021 11:00,550,267,283,105,57,48,80,39,41,58,27,31,,,,171,90,81,,,,71,38,33,,,
31/10/2021 12:00,506,255,251,70,41,29,80,36,44,52,27,25,,,,106,53,53,,,,88,45,43,,,
31/10/2021 13:00,482,244,238,77,37,40,65,24,41,48,27,21,,,,97,54,43,,,,58,20,38,,,
31/10/2021 14:00,416,213,203,41,19,22,54,30,24,35,19,16,,,,85,46,39,,,,55,28,27,,,
31/10/2021 15:00,319,150,169,52,21,31,33,19,14,35,19,16,,,,80,46,34,,,,73,38,35,,,
31/10/2021 16:00,198,102,96,39,14,25,20,8,12,9,4,5,,,,70,38,32,,,,75,35,40,,,
31/10/2021 17:00,52,29,23,9,4,5,14,6,8,10,2,8,,,,29,11,18,,,,89,40,49,,,
31/10/2021 18:00,30,16,14,11,5,6,10,8,2,13,10,3,,,,11,7,4,,,,180,104,76,,,
31/10/2021 19:00,28,17,11,13,7,6,6,2,4,8,3,5,,,,9,6,3,,,,154,71,83,,,
31/10/2021 20:00,26,13,13,10,5,5,3,0,3,9,8,1,,,,8,3,5,,,,118,65,53,,,
31/10/2021 21:00,16,7,9,8,5,3,7,3,4,3,2,1,,,,1,1,0,,,,115,60,55,,,
31/10/2021 22:00,2,2,0,5,2,3,3,3,0,2,1,1,,,,11,9,2,,,,70,27,43,,,
31/10/2021 23:00,0,0,0,0,0,0,0,0,0,2,1,1,,,,3,1,2,,,,185,81,104,,,
01/11/2021 00:00,0,0,0,2,1,1,6,0,6,1,1,0,,,,0,0,0,,,,157,84,73,,,
01/11/2021 01:00,0,0,0,3,2,1,0,0,0,1,1,,,,,0,0,0,,,,13,4,9,,,
01/11/2021 02:00,0,0,0,0,0,0,0,0,0,1,1,0,,,,0,0,0,,,,6,3,3,,,
01/11/2021 03:00,0,0,0,0,0,0,0,0,0,6,1,5,,,,0,0,0,,,,4,0,4,,,
01/11/2021 04:00,0,0,0,0,0,0,0,0,0,0,0,0,,,,5,0,5,,,,0,0,,,,
01/11/2021 05:00,4,1,3,0,0,0,0,0,0,1,1,0,,,,2,1,1,,,,0,0,0,,,
01/11/2021 06:00,24,14,10,11,3,8,13,7,6,6,3,3,,,,6,5,1,,,,11,8,3,,,
01/11/2021 07:00,66,36,30,29,9,20,12,5,7,14,5,9,,,,38,23,15,,,,40,13,27,,,
01/11/2021 08:00,95,50,45,36,19,17,29,19,10,40,17,23,,,,73,38,35,,,,81,58,23,,,
01/11/2021 09:00,112,60,52,31,16,15,19,12,7,21,10,11,,,,37,19,18,,,,28,10,18,,,
01/11/2021 10:00,82,40,42,25,12,13,19,13,6,24,14,10,,,,34,24,10,,,,34,16,18,,,
01/11/2021 11:00,128,51,77,32,19,13,16,9,7,45,28,17,,,,43,32,11,,,,38,21,17,,,
01/11/2021 12:00,159,83,76,36,15,21,39,24,15,24,10,14,,,,63,33,30,,,,44,13,31,,,
01/11/2021 13:00,141,67,74,31,18,13,32,12,20,35,17,18,,,,64,38,26,,,,37,20,17,,,
01/11/2021 14:00,108,45,63,27,18,9,28,18,10,17,12,5,,,,68,36,32,,,,35,17,18,,,
01/11/2021 15:00,118,51,67,26,15,11,27,12,15,28,12,16,,,,60,27,33,,,,67,26,41,,,
01/11/2021 16:00,135,76,59,45,24,21,36,20,16,40,24,16,,,,69,38,31,,,,77,31,46,,,
01/11/2021 17:00,50,28,22,27,15,12,31,16,15,28,14,14,,,,27,10,17,,,,60,32,28,,,
01/11/2021 18:00,110,48,62,32,16,16,26,18,8,14,10,4,,,,21,13,8,,,,57,33,24,,,
01/11/2021 19:00,107,55,52,36,22,14,37,20,17,12,8,4,,,,31,20,11,,,,31,17,14,,,
01/11/2021 20:00,95,54,41,40,18,22,25,9,16,6,2,4,,,,30,15,15,,,,21,13,8,,,
01/11/2021 21:00,34,20,14,23,11,12,11,5,6,7,2,5,,,,5,2,3,,,,24,7,17,,,
01/11/2021 22:00,20,13,7,4,0,4,2,1,1,5,2,3,,,,6,3,3,,,,4,2,2,,,
01/11/2021 23:00,0,0,,0,0,,0,0,0,0,0,0,,,,0,0,0,,,,4,4,0,,,
02/11/2021 00:00,0,0,0,0,0,0,0,0,,0,0,0,,,,0,0,0,,,,1,1,0,,,
02/11/2021 01:00,0,0,0,0,0,0,0,0,0,0,0,0,,,,0,0,0,,,,0,0,0,,,
02/11/2021 02:00,0,0,0,0,0,0,0,0,0,0,0,0,,,,0,0,0,,,,0,0,0,,,
02/11/2021 03:00,0,0,0,0,0,0,0,0,0,0,0,0,,,,0,0,0,,,,0,0,0,,,
02/11/2021 04:00,0,0,0,0,0,0,0,0,0,1,1,0,,,,0,0,0,,,,1,1,0,,,
02/11/2021 05:00,7,3,4,1,1,0,1,1,0,1,0,1,,,,4,1,3,,,,6,4,2,,,
02/11/2021 06:00,50,28,22,13,6,7,15,10,5,4,4,0,,,,18,10,8,,,,12,6,6,,,
02/11/2021 07:00,106,48,58,25,14,11,26,15,11,23,12,11,,,,56,28,28,,,,39,15,24,,,
02/11/2021 08:00,160,75,85,50,23,27,32,20,12,50,27,23,,,,93,48,45,,,,112,83,29,,,
02/11/2021 09:00,120,57,63,45,23,22,38,21,17,32,18,14,,,,65,32,33,,,,46,23,23,,,
02/11/2021 10:00,108,50,58,55,17,38,22,12,10,27,18,9,,,,61,37,24,,,,31,23,8,,,
02/11/2021 11:00,149,86,63,69,30,39,36,19,17,32,15,17,,,,50,27,23,,,,40,19,21,,,
02/11/2021 12:00,161,79,82,73,38,35,49,19,30,37,12,25,,,,71,45,26,,,,53,19,34,,,
02/11/2021 13:00,179,88,91,31,15,16,45,23,22,40,19,21,,,,119,78,41,,,,49,19,30,,,
02/11/2021 14:00,210,105,105,41,20,21,32,16,16,29,11,18,,,,112,53,59,,,,104,33,71,,,
02/11/2021 15:00,150,76,74,35,18,17,37,14,23,36,17,19,,,,82,36,46,,,,111,35,76,,,
02/11/2021 16:00,150,73,77,31,23,8,36,19,17,29,13,16,,,,41,22,19,,,,88,39,49,,,
02/11/2021 17:00,118,57,61,46,26,20,35,20,15,20,12,8,,,,72,39,33,,,,80,38,42,,,
02/11/2021 18:00,129,68,61,49,21,28,36,18,18,27,19,8,,,,68,44,24,,,,89,40,49,,,
02/11/2021 19:00,136,70,66,80,42,38,54,30,24,15,8,7,,,,95,59,36,,,,85,41,44,,,
02/11/2021 20:00,102,59,43,25,9,16,23,9,14,9,3,6,,,,30,20,10,,,,37,17,20,,,
02/11/2021 21:00,56,27,29,29,8,21,16,7,9,8,5,3,,,,6,5,1,,,,19,9,10,,,
02/11/2021 22:00,15,9,6,5,2,3,5,1,4,3,0,3,,,,1,1,0,,,,9,5,4,,,
02/11/2021 23:00,5,3,2,3,2,1,1,0,1,3,2,1,,,,1,0,1,,,,5,4,1,,,
03/11/2021 00:00,0,0,0,0,0,0,1,1,0,1,0,1,,,,0,0,0,,,,2,2,0,,,
03/11/2021 01:00,0,0,0,0,0,0,0,0,0,0,0,0,,,,0,0,0,,,,4,3,1,,,
03/11/2021 02:00,0,0,0,0,0,0,0,0,0,0,0,0,,,,0,0,0,,,,3,2,1,,,
03/11/2021 03:00,0,0,0,0,0,0,0,0,0,0,0,0,,,,0,0,0,,,,2,2,0,,,
03/11/2021 04:00,0,0,0,1,0,1,1,0,1,1,1,0,,,,0,0,0,,,,1,1,0,,,
03/11/2021 05:00,6,3,3,3,1,2,2,1,1,2,1,1,,,,2,1,1,,,,1,0,1,,,
03/11/2021 06:00,44,22,22,8,2,6,12,8,4,8,4,4,,,,10,8,2,,,,17,8,9,,,
03/11/2021 07:00,90,43,47,29,7,22,18,12,6,21,10,11,,,,56,32,24,,,,45,20,25,,,
03/11/2021 08:00,123,65,58,35,19,16,32,16,16,37,14,23,,,,103,64,39,,,,114,92,22,,,
03/11/2021 09:00,115,61,54,48,27,21,19,11,8,20,14,6,,,,64,39,25,,,,45,17,28,,,
03/11/2021 10:00,129,56,73,56,28,28,29,21,8,34,19,15,,,,75,47,28,,,,38,20,18,,,
03/11/2021 11:00,136,71,65,34,12,22,36,21,15,28,12,16,,,,70,40,30,,,,31,11,20,,,
03/11/2021 12:00,160,77,83,36,24,12,44,20,24,52,36,16,,,,81,39,42,,,,33,15,18,,,
03/11/2021 13:00,135,60,75,37,21,16,32,22,10,45,28,17,,,,108,68,40,,,,51,22,29,,,
03/11/2021 14:00,103,49,54,20,10,10,36,13,23,46,20,26,,,,102,46,56,,,,69,26,43,,,
03/11/2021 15:00,103,56,47,23,13,10,22,13,9,27,18,9,,,,61,25,36,,,,116,29,87,,,
03/11/2021 16:00,99,50,49,35,25,10,25,15,10,25,9,16,,,,59,35,24,,,,56,22,34,,,
03/11/2021 17:00,120,66,54,37,23,14,37,20,17,24,14,10,,,,65,29,36,,,,70,30,40,,,
03/11/2021 18:00,101,52,49,41,19,22,38,20,18,22,8,14,,,,46,29,17,,,,46,25,21,,,
03/11/2021 19:00,156,84,72,31,17,14,29,19,10,15,8,7,,,,41,34,7,,,,42,19,23,,,
03/11/2021 20:00,105,52,53,23,11,12,18,11,7,9,6,3,,,,23,18,5,,,,29,15,14,,,
03/11/2021 21:00,38,16,22,10,5,5,13,4,9,6,4,2,,,,8,4,4,,,,15,4,11,,,
03/11/2021 22:00,13,8,5,8,3,5,4,1,3,6,2,4,,,,4,2,2,,,,11,5,6,,,
03/11/2021 23:00,6,5,1,2,0,2,2,1,1,3,1,2,,,,2,0,2,,,,8,3,5,,,
04/11/2021 00:00,0,0,0,0,0,0,3,1,2,0,0,0,,,,0,0,0,,,,1,1,0,,,
04/11/2021 01:00,1,0,1,1,0,1,1,0,1,0,0,0,,,,0,0,0,,,,0,0,0,,,
04/11/2021 02:00,0,0,0,0,0,0,0,0,0,0,0,0,,,,0,0,0,,,,0,0,0,,,
04/11/2021 03:00,0,0,0,0,0,0,0,0,0,0,0,0,,,,0,0,0,,,,0,0,0,,,
04/11/2021 04:00,2,2,0,0,0,0,0,0,0,0,0,0,,,,0,0,0,,,,1,1,0,,,
04/11/2021 05:00,7,4,3,1,1,0,1,1,0,0,0,0,,,,0,0,0,,,,2,1,1,,,
04/11/2021 06:00,43,22,21,4,1,3,8,4,4,6,3,3,,,,12,6,6,,,,10,6,4,,,
04/11/2021 07:00,89,49,40,30,13,17,25,13,12,13,5,8,,,,39,23,16,,,,26,9,17,,,
04/11/2021 08:00,135,69,66,45,20,25,28,15,13,39,14,25,,,,95,49,46,,,,145,102,43,,,
04/11/2021 09:00,116,63,53,43,18,25,26,17,9,27,17,10,,,,70,34,36,,,,39,16,23,,,
04/11/2021 10:00,144,72,72,35,9,26,31,14,17,25,17,8,,,,44,28,16,,,,46,25,21,,,
04/11/2021 11:00,164,83,81,47,21,26,31,18,13,33,16,17,,,,53,33,20,,,,31,16,15,,,
04/11/2021 12:00,204,95,109,58,30,28,30,11,19,23,14,9,,,,95,48,47,,,,44,24,20,,,
04/11/2021 13:00,203,108,95,54,20,34,52,24,28,46,17,29,,,,102,55,47,,,,61,27,34,,,
04/11/2021 14:00,140,60,80,17,11,6,14,11,3,25,13,12,,,,99,52,47,,,,75,26,49,,,
04/11/2021 15:00,137,70,67,16,9,7,27,14,13,34,18,16,,,,88,41,47,,,,95,27,68,,,
04/11/2021 16:00,110,52,58,43,25,18,28,13,15,35,18,17,,,,90,49,41,,,,52,21,31,,,
04/11/2021 17:00,104,52,52,27,14,13,31,19,12,29,13,16,,,,39,19,20,,,,90,44,46,,,
04/11/2021 18:00,89,39,50,45,24,21,38,22,16,14,6,8,,,,57,36,21,,,,47,29,18,,,
04/11/2021 19:00,118,66,52,30,15,15,24,9,15,11,7,4,,,,43,34,9,,,,66,29,37,,,
04/11/2021 20:00,72,34,38,16,12,4,17,8,9,8,2,6,,,,22,22,0,,,,44,21,23,,,
04/11/2021 21:00,58,35,23,15,6,9,12,5,7,7,4,3,,,,8,8,0,,,,19,8,11,,,
04/11/2021 22:00,21,16,5,1,0,1,7,4,3,1,1,0,,,,8,6,2,,,,15,9,6,,,
04/11/2021 23:00,2,2,0,1,0,1,3,0,3,3,3,0,,,,1,1,0,,,,5,5,0,,,
05/11/2021 00:00,0,0,0,0,0,0,3,0,3,2,0,2,,,,0,0,0,,,,5,4,1,,,
05/11/2021 01:00,0,0,0,1,0,1,0,0,0,0,0,0,,,,0,0,0,,,,2,1,1,,,
05/11/2021 02:00,1,0,1,1,0,1,0,0,0,0,0,0,,,,0,0,0,,,,6,5,1,,,
05/11/2021 03:00,0,0,0,0,0,0,0,0,0,1,1,0,,,,0,0,0,,,,1,1,0,,,
05/11/2021 04:00,0,0,0,0,0,0,0,0,0,0,0,0,,,,0,0,0,,,,0,0,0,,,
05/11/2021 05:00,8,2,6,2,1,1,2,2,0,2,2,0,,,,3,3,0,,,,0,0,0,,,
05/11/2021 06:00,39,18,21,9,5,4,11,8,3,5,3,2,,,,18,14,4,,,,11,8,3,,,
05/11/2021 07:00,89,47,42,30,13,17,25,13,12,20,4,16,,,,46,43,3,,,,31,15,16,,,
05/11/2021 08:00,126,68,58,35,14,21,33,14,19,28,13,15,,,,100,84,16,,,,131,93,38,,,
05/11/2021 09:00,145,76,69,37,15,22,27,12,15,24,16,8,,,,72,66,6,,,,42,16,26,,,
05/11/2021 10:00,116,60,56,41,20,21,24,12,12,19,10,9,,,,72,72,0,,,,33,22,11,,,
05/11/2021 11:00,141,67,74,38,15,23,25,16,9,33,12,21,,,,53,53,0,,,,33,14,19,,,
05/11/2021 12:00,148,73,75,34,17,17,31,14,17,27,16,11,,,,65,65,0,,,,45,15,30,,,
05/11/2021 13:00,152,68,84,45,21,24,26,13,13,39,14,25,,,,104,88,16,,,,112,23,89,,,
05/11/2021 14:00,117,57,60,26,14,12,24,13,11,37,22,15,,,,99,87,12,,,,73,32,41,,,
05/11/2021 15:00,112,58,54,23,13,10,33,21,12,22,11,11,,,,78,55,23,,,,56,27,29,,,
05/11/2021 16:00,141,73,68,33,12,21,29,16,13,31,17,14,,,,81,57,24,,,,71,32,39,,,
05/11/2021 17:00,152,78,74,38,18,20,33,18,15,25,8,17,,,,70,37,33,,,,72,29,43,,,
05/11/2021 18:00,106,55,51,39,21,18,34,20,14,16,7,9,,,,32,25,7,,,,69,44,25,,,
05/11/2021 19:00,112,61,51,31,16,15,29,16,13,23,13,10,,,,16,13,3,,,,91,51,40,,,
05/11/2021 20:00,83,50,33,23,11,12,28,16,12,9,4,5,,,,2,2,0,,,,64,18,46,,,
05/11/2021 21:00,48,34,14,6,1,5,12,5,7,1,0,1,,,,4,4,0,,,,29,16,13,,,
05/11/2021 22:00,21,11,10,6,3,3,9,3,6,5,2,3,,,,6,5,1,,,,24,10,14,,,
05/11/2021 23:00,8,5,3,7,0,7,5,3,2,2,1,1,,,,0,0,0,,,,11,9,2,,,
06/11/2021 00:00,1,1,0,1,0,1,8,4,4,5,4,1,,,,1,1,0,,,,14,7,7,,,
06/11/2021 01:00,4,4,0,2,1,1,2,1,1,2,0,2,,,,0,0,0,,,,15,11,4,,,
06/11/2021 02:00,9,7,2,1,0,1,0,0,0,0,0,0,,,,1,0,1,,,,8,3,5,,,
06/11/2021 03:00,2,2,0,0,0,0,0,0,0,0,0,0,,,,1,0,1,,,,13,7,6,,,
06/11/2021 04:00,2,2,0,0,0,0,0,0,0,1,0,1,,,,0,0,0,,,,7,2,5,,,
06/11/2021 05:00,0,0,0,0,0,0,0,0,0,0,0,0,,,,0,0,0,,,,15,6,9,,,
06/11/2021 06:00,22,6,16,3,3,0,5,4,1,2,0,2,,,,6,4,2,,,,7,4,3,,,
06/11/2021 07:00,49,24,25,7,3,4,18,10,8,5,2,3,,,,24,16,8,,,,5,2,3,,,
06/11/2021 08:00,94,46,48,29,15,14,29,17,12,12,4,8,,,,47,27,20,,,,24,11,13,,,
06/11/2021 09:00,163,73,90,32,12,20,25,11,14,21,11,10,,,,63,39,24,,,,27,18,9,,,
06/11/2021 10:00,172,90,82,68,44,24,27,14,13,34,19,15,,,,82,49,33,,,,46,28,18,,,
06/11/2021 11:00,198,114,84,69,27,42,50,35,15,72,53,19,,,,116,67,49,,,,63,34,29,,,
06/11/2021 12:00,242,115,127,71,36,35,52,20,32,63,45,18,,,,87,30,57,,,,41,14,27,,,
06/11/2021 13:00,205,106,99,42,21,21,30,15,15,33,20,13,,,,58,39,19,,,,35,13,22,,,
06/11/2021 14:00,183,96,87,51,32,19,34,20,14,23,11,12,,,,49,28,21,,,,46,28,18,,,
06/11/2021 15:00,229,106,123,40,26,14,37,24,13,43,28,15,,,,88,45,43,,,,53,20,33,,,
06/11/2021 16:00,205,118,87,49,18,31,44,24,20,35,20,15,,,,93,47,46,,,,68,34,34,,,
06/11/2021 17:00,141,71,70,46,25,21,40,18,22,28,9,19,,,,56,38,18,,,,46,21,25,,,
06/11/2021 18:00,86,47,39,20,10,10,26,13,13,7,4,3,,,,35,35,0,,,,38,20,18,,,
06/11/2021 19:00,59,34,25,24,17,7,22,17,5,4,3,1,,,,30,30,0,,,,32,14,18,,,
06/11/2021 20:00,46,17,29,10,5,5,8,4,4,7,3,4,,,,4,4,0,,,,33,16,17,,,
06/11/2021 21:00,28,16,12,11,3,8,9,3,6,4,2,2,,,,2,2,0,,,,21,8,13,,,
06/11/2021 22:00,11,9,2,2,1,1,9,6,3,7,2,5,,,,2,2,0,,,,13,7,6,,,
06/11/2021 23:00,10,3,7,2,0,2,9,3,6,1,0,1,,,,0,0,0,,,,7,3,4,,,
07/11/2021 00:00,0,0,0,0,0,0,4,4,0,4,0,4,,,,3,3,0,,,,35,23,12,,,
07/11/2021 01:00,0,0,0,2,2,0,5,5,0,3,1,2,,,,1,1,0,,,,15,6,9,,,
07/11/2021 02:00,0,0,0,0,0,0,0,0,0,0,0,0,,,,1,1,0,,,,8,5,3,,,
07/11/2021 03:00,0,0,0,0,0,0,0,0,0,0,0,0,,,,3,1,2,,,,1,0,1,,,
07/11/2021 04:00,1,1,0,1,0,1,0,0,0,0,0,0,,,,0,0,0,,,,2,2,0,,,
07/11/2021 05:00,1,1,0,0,0,0,0,0,0,1,1,0,,,,2,2,0,,,,0,0,0,,,
07/11/2021 06:00,11,2,9,2,0,2,4,1,3,1,0,1,,,,3,1,2,,,,6,6,0,,,
07/11/2021 07:00,35,13,22,6,2,4,18,10,8,6,4,2,,,,12,7,5,,,,2,1,1,,,
07/11/2021 08:00,97,45,52,24,12,12,26,19,7,13,6,7,,,,27,18,9,,,,12,3,9,,,
07/11/2021 09:00,199,99,100,43,23,20,37,22,15,29,15,14,,,,88,43,45,,,,32,26,6,,,
07/11/2021 10:00,299,166,133,78,41,37,55,35,20,36,23,13,,,,109,72,37,,,,44,22,22,,,
07/11/2021 11:00,553,313,240,106,61,45,69,39,30,46,23,23,,,,112,72,40,,,,68,42,26,,,
07/11/2021 12:00,566,272,294,110,63,47,86,47,39,59,25,34,,,,163,85,78,,,,49,15,34,,,
07/11/2021 13:00,549,283,266,119,51,68,93,53,40,57,32,25,,,,138,78,60,,,,60,27,33,,,
07/11/2021 14:00,641,321,320,87,39,48,64,35,29,77,51,26,,,,131,63,68,,,,58,27,31,,,
07/11/2021 15:00,632,322,310,92,45,47,74,35,39,47,25,22,,,,126,56,70,,,,48,26,22,,,
07/11/2021 16:00,503,214,289,87,46,41,68,23,45,55,30,25,,,,119,65,54,,,,72,35,37,,,
07/11/2021 17:00,208,111,97,54,26,28,53,28,25,17,9,8,,,,64,29,35,,,,36,20,16,,,
07/11/2021 18:00,107,56,51,27,8,19,29,16,13,19,10,9,,,,21,8,13,,,,42,20,22,,,
07/11/2021 19:00,81,40,41,12,5,7,7,3,4,8,4,4,,,,8,7,1,,,,31,17,14,,,
07/11/2021 20:00,71,37,34,14,5,9,11,8,3,6,4,2,,,,15,7,8,,,,21,10,11,,,
07/11/2021 21:00,25,14,11,12,6,6,7,5,2,2,2,0,,,,5,3,2,,,,13,9,4,,,
07/11/2021 22:00,13,10,3,2,0,2,15,5,10,2,2,0,,,,5,1,4,,,,7,5,2,,,
07/11/2021 23:00,5,1,4,1,0,1,2,1,1,2,1,1,,,,1,0,1,,,,8,6,2,,,
08/11/2021 00:00,0,0,0,0,0,0,1,0,1,0,0,0,,,,0,0,0,,,,0,0,0,,,
08/11/2021 01:00,1,1,0,0,0,0,0,0,0,0,0,0,,,,1,0,1,,,,7,6,1,,,
08/11/2021 02:00,0,0,0,1,0,1,1,0,1,0,0,0,,,,1,1,0,,,,0,0,0,,,
08/11/2021 03:00,0,0,0,0,0,0,0,0,0,0,0,0,,,,0,0,0,,,,4,3,1,,,
08/11/2021 04:00,0,0,0,0,0,0,0,0,0,0,0,0,,,,0,0,0,,,,1,0,1,,,
08/11/2021 05:00,6,1,5,0,0,0,0,0,0,4,2,2,,,,1,1,0,,,,2,1,1,,,
08/11/2021 06:00,48,20,28,13,7,6,7,5,2,7,2,5,,,,14,12,2,,,,12,7,5,,,
08/11/2021 07:00,69,41,28,23,9,14,24,10,14,17,8,9,,,,37,24,13,,,,39,22,17,,,
08/11/2021 08:00,72,34,38,22,11,11,23,12,11,33,17,16,,,,69,63,6,,,,107,79,28,,,
08/11/2021 09:00,54,29,25,18,12,6,17,10,7,20,13,7,,,,37,36,1,,,,27,14,13,,,
08/11/2021 10:00,75,39,36,26,13,13,16,6,10,19,13,6,,,,35,35,0,,,,24,15,9,,,
08/11/2021 11:00,134,67,67,27,11,16,21,12,9,23,11,12,,,,31,31,0,,,,28,10,18,,,
08/11/2021 12:00,164,92,72,55,28,27,28,9,19,28,15,13,,,,55,54,1,,,,33,16,17,,,
08/11/2021 13:00,152,71,81,54,27,27,50,19,31,36,19,17,,,,89,59,30,,,,62,36,26,,,
08/11/2021 14:00,135,56,79,36,14,22,36,15,21,35,22,13,,,,109,63,46,,,,95,42,53,,,
08/11/2021 15:00,203,97,106,44,26,18,40,20,20,25,12,13,,,,77,48,29,,,,135,37,98,,,
08/11/2021 16:00,213,111,102,49,23,26,42,22,20,43,23,20,,,,95,70,25,,,,64,28,36,,,
08/11/2021 17:00,209,105,104,60,35,25,51,29,22,23,14,9,,,,69,59,10,,,,75,30,45,,,
08/11/2021 18:00,147,83,64,40,19,21,45,33,12,20,10,10,,,,14,12,2,,,,61,32,29,,,
08/11/2021 19:00,183,92,91,50,26,24,32,13,19,26,14,12,,,,3,2,1,,,,60,26,34,,,
08/11/2021 20:00,174,107,67,27,13,14,24,12,12,20,11,9,,,,14,14,0,,,,45,24,21,,,
08/11/2021 21:00,63,40,23,28,6,22,11,4,7,5,3,2,,,,6,6,0,,,,24,12,12,,,
08/11/2021 22:00,34,16,18,5,3,2,8,2,6,2,1,1,,,,1,1,0,,,,12,4,8,,,
08/11/2021 23:00,5,3,2,3,0,3,2,0,2,2,0,2,,,,4,4,0,,,,9,3,6,,,
09/11/2021 00:00,0,0,0,1,0,1,2,1,1,0,0,0,,,,1,1,0,,,,2,2,0,,,
09/11/2021 01:00,6,3,3,0,0,0,0,0,0,17,16,1,,,,0,0,0,,,,0,0,0,,,
09/11/2021 02:00,0,0,0,0,0,0,0,0,0,0,0,0,,,,0,0,0,,,,0,0,0,,,
09/11/2021 03:00,0,0,0,0,0,0,0,0,0,0,0,0,,,,0,0,0,,,,0,0,0,,,
09/11/2021 04:00,3,0,3,0,0,0,0,0,0,0,0,0,,,,0,0,0,,,,1,1,0,,,
09/11/2021 05:00,5,0,5,3,0,3,0,0,0,2,1,1,,,,2,2,0,,,,5,4,1,,,
09/11/2021 06:00,50,24,26,7,2,5,13,9,4,7,4,3,,,,3,2,1,,,,8,4,4,,,
09/11/2021 07:00,96,50,46,25,5,20,20,8,12,28,13,15,,,,15,8,7,,,,39,18,21,,,
09/11/2021 08:00,107,60,47,33,11,22,31,19,12,41,25,16,,,,11,4,7,,,,121,93,28,,,
09/11/2021 09:00,123,68,55,43,25,18,25,12,13,21,13,8,,,,18,9,9,,,,46,23,23,,,
09/11/2021 10:00,101,43,58,32,20,12,35,26,9,36,22,14,,,,47,27,20,,,,56,18,38,,,
09/11/2021 11:00,125,63,62,39,18,21,31,12,19,23,11,12,,,,58,32,26,,,,51,30,21,,,
09/11/2021 12:00,143,74,69,38,18,20,38,17,21,30,17,13,,,,70,50,20,,,,57,33,24,,,
09/11/2021 13:00,162,69,93,41,22,19,41,25,16,29,21,8,,,,110,64,46,,,,50,23,27,,,
09/11/2021 14:00,157,83,74,26,13,13,20,14,6,22,8,14,,,,105,55,50,,,,79,38,41,,,
09/11/2021 15:00,139,74,65,32,16,16,23,13,10,20,12,8,,,,85,41,44,,,,138,39,99,,,
09/11/2021 16:00,199,98,101,22,14,8,30,16,14,29,12,17,,,,96,55,41,,,,78,25,53,,,
09/11/2021 17:00,156,78,78,40,23,17,46,26,20,28,12,16,,,,73,56,17,,,,95,42,53,,,
09/11/2021 18:00,138,70,68,46,18,28,47,24,23,20,14,6,,,,44,44,0,,,,74,48,26,,,
09/11/2021 19:00,167,78,89,56,32,24,49,29,20,17,10,7,,,,52,50,2,,,,62,35,27,,,
09/11/2021 20:00,160,94,66,48,21,27,31,13,18,23,9,14,,,,33,19,14,,,,53,19,34,,,
09/11/2021 21:00,72,43,29,32,19,13,12,6,6,11,5,6,,,,10,7,3,,,,20,7,13,,,
09/11/2021 22:00,26,13,13,6,1,5,8,4,4,4,2,2,,,,9,3,6,,,,9,4,5,,,
09/11/2021 23:00,12,10,2,6,2,4,5,1,4,0,0,0,,,,1,1,0,,,,5,4,1,,,
10/11/2021 00:00,0,0,0,0,0,0,3,0,3,1,1,0,,,,3,2,1,,,,4,3,1,,,
10/11/2021 01:00,1,0,1,0,0,0,2,0,2,1,1,0,,,,1,0,1,,,,0,0,0,,,
10/11/2021 02:00,0,0,0,0,0,0,0,0,0,0,0,0,,,,0,0,0,,,,0,0,0,,,
10/11/2021 03:00,0,0,0,0,0,0,0,0,0,0,0,0,,,,1,1,0,,,,1,1,0,,,
10/11/2021 04:00,0,0,0,1,1,0,0,0,0,0,0,0,,,,1,1,0,,,,1,1,0,,,
10/11/2021 05:00,13,4,9,5,1,4,3,1,2,1,1,0,,,,3,1,2,,,,2,2,0,,,
10/11/2021 06:00,44,23,21,9,3,6,16,8,8,4,2,2,,,,12,7,5,,,,11,6,5,,,
10/11/2021 07:00,80,33,47,26,7,19,24,12,12,19,7,12,,,,60,31,29,,,,40,22,18,,,
10/11/2021 08:00,131,57,74,43,22,21,22,15,7,42,24,18,,,,107,54,53,,,,127,95,32,,,
10/11/2021 09:00,181,98,83,42,24,18,29,18,11,27,17,10,,,,57,31,26,,,,38,14,24,,,
10/11/2021 10:00,189,81,108,31,11,20,25,18,7,28,17,11,,,,54,35,19,,,,34,21,13,,,
10/11/2021 11:00,170,87,83,25,7,18,24,13,11,29,9,20,,,,73,40,33,,,,36,20,16,,,
10/11/2021 12:00,176,95,81,51,29,22,43,25,18,28,7,21,,,,62,32,30,,,,67,22,45,,,
10/11/2021 13:00,178,87,91,39,19,20,42,19,23,42,22,20,,,,126,67,59,,,,68,23,45,,,
10/11/2021 14:00,112,52,60,30,17,13,31,14,17,19,7,12,,,,91,51,40,,,,74,27,47,,,
10/11/2021 15:00,141,70,71,36,17,19,41,22,19,22,15,7,,,,81,35,46,,,,155,45,110,,,
10/11/2021 16:00,122,70,52,18,12,6,32,13,19,40,16,24,,,,46,21,25,,,,79,34,45,,,
10/11/2021 17:00,128,61,67,51,29,22,44,26,18,23,16,7,,,,54,29,25,,,,59,31,28,,,
10/11/2021 18:00,123,64,59,44,18,26,43,24,19,18,9,9,,,,2,1,1,,,,60,28,32,,,
10/11/2021 19:00,141,73,68,59,33,26,43,19,24,15,11,4,,,,0,0,0,,,,52,33,19,,,
10/11/2021 20:00,111,71,40,44,10,34,21,9,12,11,3,8,,,,13,6,7,,,,39,14,25,,,
10/11/2021 21:00,85,41,44,24,9,15,18,10,8,3,2,1,,,,0,0,0,,,,19,9,10,,,
10/11/2021 22:00,27,15,12,6,2,4,7,3,4,2,1,1,,,,3,3,0,,,,7,3,4,,,
10/11/2021 23:00,9,3,6,3,2,1,6,2,4,1,1,0,,,,1,1,0,,,,8,6,2,,,
11/11/2021 00:00,0,0,0,0,0,0,3,0,3,1,0,1,,,,0,0,0,,,,4,3,1,,,
11/11/2021 01:00,0,0,0,2,2,0,0,0,0,2,0,2,,,,0,0,0,,,,0,0,0,,,
11/11/2021 02:00,0,0,0,0,0,0,0,0,0,0,0,0,,,,0,0,0,,,,0,0,0,,,
11/11/2021 03:00,0,0,0,1,0,1,1,0,1,0,0,0,,,,0,0,0,,,,0,0,0,,,
11/11/2021 04:00,1,0,1,0,0,0,0,0,0,0,0,0,,,,0,0,0,,,,1,1,0,,,
11/11/2021 05:00,3,1,2,2,1,1,1,0,1,0,0,0,,,,2,1,1,,,,1,0,1,,,
11/11/2021 06:00,45,17,28,12,5,7,10,5,5,6,6,0,,,,15,9,6,,,,12,5,7,,,
11/11/2021 07:00,73,36,37,23,10,13,14,8,6,20,7,13,,,,55,18,37,,,,35,17,18,,,
11/11/2021 08:00,127,60,67,41,25,16,27,19,8,33,14,19,,,,82,40,42,,,,127,95,32,,,
11/11/2021 09:00,102,56,46,27,10,17,20,12,8,32,14,18,,,,61,33,28,,,,42,25,17,,,
11/11/2021 10:00,120,66,54,35,19,16,25,9,16,28,17,11,,,,42,27,15,,,,40,22,18,,,
11/11/2021 11:00,179,85,94,41,17,24,34,19,15,24,11,13,,,,51,29,22,,,,48,21,27,,,
11/11/2021 12:00,155,79,76,30,16,14,29,12,17,25,9,16,,,,75,36,39,,,,39,17,22,,,
11/11/2021 13:00,129,55,74,42,19,23,34,19,15,25,14,11,,,,102,61,41,,,,46,26,20,,,
11/11/2021 14:00,104,53,51,23,13,10,28,20,8,28,9,19,,,,74,32,42,,,,73,24,49,,,
11/11/2021 15:00,122,64,58,24,15,9,24,11,13,24,12,12,,,,94,47,47,,,,111,30,81,,,
11/11/2021 16:00,93,45,48,20,6,14,21,11,10,35,17,18,,,,88,44,44,,,,65,25,40,,,
11/11/2021 17:00,84,44,40,49,23,26,25,12,13,20,7,13,,,,28,11,17,,,,61,29,32,,,
11/11/2021 18:00,62,38,24,29,18,11,32,15,17,10,6,4,,,,0,0,0,,,,52,31,21,,,
11/11/2021 19:00,44,20,24,20,6,14,33,21,12,15,8,7,,,,0,0,0,,,,33,18,15,,,
11/11/2021 20:00,31,17,14,17,10,7,13,7,6,11,7,4,,,,0,0,0,,,,14,7,7,,,
11/11/2021 21:00,23,15,8,3,2,1,16,7,9,2,1,1,,,,0,0,0,,,,14,8,6,,,
11/11/2021 22:00,20,13,7,5,1,4,6,1,5,7,5,2,,,,5,5,0,,,,9,2,7,,,
11/11/2021 23:00,15,7,8,5,3,2,5,1,4,1,0,1,,,,0,0,0,,,,5,5,0,,,
12/11/2021 00:00,0,0,0,0,0,0,5,3,2,2,1,1,,,,0,0,0,,,,4,4,0,,,
12/11/2021 01:00,0,0,0,0,0,0,1,1,0,1,1,0,,,,0,0,0,,,,2,0,2,,,
12/11/2021 02:00,0,0,0,2,2,0,1,1,0,0,0,0,,,,0,0,0,,,,1,1,0,,,
12/11/2021 03:00,0,0,0,0,0,0,1,1,0,0,0,0,,,,0,0,0,,,,2,2,0,,,
12/11/2021 04:00,1,1,0,1,0,1,1,0,1,0,0,0,,,,0,0,0,,,,1,1,0,,,
12/11/2021 05:00,5,2,3,4,3,1,3,1,2,1,1,0,,,,0,0,0,,,,5,2,3,,,
12/11/2021 06:00,30,16,14,12,3,9,12,7,5,7,3,4,,,,3,3,0,,,,6,5,1,,,
12/11/2021 07:00,78,39,39,9,6,3,15,9,6,18,8,10,,,,11,6,5,,,,28,14,14,,,
12/11/2021 08:00,111,54,57,36,18,18,29,13,16,50,31,19,,,,45,27,18,,,,103,81,22,,,
12/11/2021 09:00,106,51,55,43,24,19,27,18,9,23,14,9,,,,73,38,35,,,,35,17,18,,,
12/11/2021 10:00,146,76,70,33,19,14,24,13,11,30,19,11,,,,60,34,26,,,,39,19,20,,,
12/11/2021 11:00,152,65,87,26,11,15,27,13,14,22,13,9,,,,39,18,21,,,,36,9,27,,,
12/11/2021 12:00,174,88,86,23,14,9,40,22,18,48,30,18,,,,41,19,22,,,,60,24,36,,,
12/11/2021 13:00,145,83,62,38,22,16,29,17,12,36,21,15,,,,68,45,23,,,,97,21,76,,,
12/11/2021 14:00,126,71,55,31,19,12,16,9,7,30,19,11,,,,75,43,32,,,,75,40,35,,,
12/11/2021 15:00,128,67,61,32,17,15,26,16,10,29,18,11,,,,74,29,45,,,,51,25,26,,,
12/11/2021 16:00,140,78,62,32,19,13,22,13,9,35,17,18,,,,63,27,36,,,,58,29,29,,,
12/11/2021 17:00,91,42,49,51,29,22,25,16,9,26,8,18,,,,8,7,1,,,,64,38,26,,,
12/11/2021 18:00,83,48,35,35,19,16,39,12,27,27,14,13,,,,0,0,0,,,,54,25,29,,,
12/11/2021 19:00,70,33,37,21,11,10,25,17,8,13,7,6,,,,0,0,0,,,,53,28,25,,,
12/11/2021 20:00,71,32,39,18,5,13,25,17,8,5,3,2,,,,0,0,0,,,,45,28,17,,,
12/11/2021 21:00,37,31,6,8,6,2,16,8,8,9,3,6,,,,0,0,0,,,,35,14,21,,,
12/11/2021 22:00,24,10,14,7,2,5,5,3,2,4,2,2,,,,0,0,0,,,,11,7,4,,,
12/11/2021 23:00,11,8,3,3,0,3,2,0,2,2,0,2,,,,0,0,0,,,,8,3,5,,,
13/11/2021 00:00,0,0,0,0,0,0,3,1,2,0,0,0,,,,0,0,0,,,,7,7,0,,,
13/11/2021 01:00,4,3,1,2,2,0,0,0,0,2,1,1,,,,0,0,0,,,,7,3,4,,,
13/11/2021 02:00,0,0,0,1,1,0,3,3,0,0,0,0,,,,0,0,0,,,,0,0,0,,,
13/11/2021 03:00,0,0,0,0,0,0,0,0,0,0,0,0,,,,0,0,0,,,,3,1,2,,,
13/11/2021 04:00,0,0,0,1,1,0,0,0,0,0,0,0,,,,0,0,0,,,,4,3,1,,,
13/11/2021 05:00,3,2,1,0,0,0,1,1,0,1,1,0,,,,0,0,0,,,,4,3,1,,,
13/11/2021 06:00,13,4,9,1,1,0,3,1,2,1,0,1,,,,0,0,0,,,,7,5,2,,,
13/11/2021 07:00,57,29,28,13,9,4,22,12,10,4,1,3,,,,10,7,3,,,,10,7,3,,,
13/11/2021 08:00,81,38,43,29,14,15,14,8,6,20,10,10,,,,50,32,18,,,,21,10,11,,,
13/11/2021 09:00,156,81,75,49,26,23,25,18,7,26,9,17,,,,77,40,37,,,,36,20,16,,,
13/11/2021 10:00,202,102,100,50,21,29,43,25,18,42,24,18,,,,131,87,44,,,,47,24,23,,,
13/11/2021 11:00,262,126,136,59,32,27,54,32,22,48,28,20,,,,148,76,72,,,,47,19,28,,,
13/11/2021 12:00,220,104,116,63,31,32,48,24,24,47,27,20,,,,109,56,53,,,,42,18,24,,,
13/11/2021 13:00,236,135,101,50,22,28,50,30,20,49,30,19,,,,81,44,37,,,,67,34,33,,,
13/11/2021 14:00,251,129,122,49,20,29,41,16,25,43,21,22,,,,78,41,37,,,,68,32,36,,,
13/11/2021 15:00,248,126,122,43,22,21,50,36,14,17,9,8,,,,90,51,39,,,,64,38,26,,,
13/11/2021 16:00,257,122,135,41,19,22,38,15,23,20,14,6,,,,99,43,56,,,,64,16,48,,,
13/11/2021 17:00,189,99,90,38,21,17,29,9,20,14,11,3,,,,31,16,15,,,,39,27,12,,,
13/11/2021 18:00,125,67,58,24,11,13,24,14,10,18,5,13,,,,17,13,4,,,,51,28,23,,,
13/11/2021 19:00,85,42,43,21,15,6,21,8,13,16,6,10,,,,12,6,6,,,,35,17,18,,,
13/11/2021 20:00,85,53,32,11,7,4,6,5,1,8,3,5,,,,3,1,2,,,,26,13,13,,,
13/11/2021 21:00,33,21,12,28,8,20,18,4,14,5,4,1,,,,0,0,0,,,,16,10,6,,,
13/11/2021 22:00,17,12,5,7,2,5,15,11,4,6,3,3,,,,1,1,0,,,,11,7,4,,,
13/11/2021 23:00,20,12,8,7,1,6,3,0,3,8,2,6,,,,1,1,0,,,,13,7,6,,,
14/11/2021 00:00,0,0,0,5,3,2,10,9,1,2,1,1,,,,1,1,0,,,,9,6,3,,,
14/11/2021 01:00,5,3,2,2,1,1,2,1,1,0,0,0,,,,0,0,0,,,,17,16,1,,,
14/11/2021 02:00,2,2,0,2,1,1,3,1,2,0,0,0,,,,0,0,0,,,,4,3,1,,,
14/11/2021 03:00,1,0,1,0,0,0,0,0,0,2,0,2,,,,0,0,0,,,,5,3,2,,,
14/11/2021 04:00,0,0,0,0,0,0,0,0,0,0,0,0,,,,0,0,0,,,,1,1,0,,,
14/11/2021 05:00,2,2,0,0,0,0,2,0,2,0,0,0,,,,1,0,1,,,,5,5,0,,,
14/11/2021 06:00,5,0,5,4,1,3,3,1,2,0,0,0,,,,0,0,0,,,,5,5,0,,,
14/11/2021 07:00,35,16,19,3,1,2,10,4,6,1,0,1,,,,1,0,1,,,,6,5,1,,,
14/11/2021 08:00,90,43,47,32,18,14,24,12,12,37,21,16,,,,0,0,0,,,,22,11,11,,,
14/11/2021 09:00,191,84,107,67,34,33,38,23,15,22,6,16,,,,25,13,12,,,,23,12,11,,,
14/11/2021 10:00,329,191,138,94,48,46,52,27,25,54,32,22,,,,72,45,27,,,,40,24,16,,,
14/11/2021 11:00,477,208,269,84,43,41,49,25,24,65,40,25,,,,128,79,49,,,,43,24,19,,,
14/11/2021 12:00,564,287,277,75,38,37,79,36,43,55,28,27,,,,73,46,27,,,,54,24,30,,,
14/11/2021 13:00,592,303,289,88,52,36,81,50,31,36,21,15,,,,94,60,34,,,,47,19,28,,,
14/11/2021 14:00,523,279,244,112,68,44,55,35,20,42,21,21,,,,91,51,40,,,,53,32,21,,,
14/11/2021 15:00,630,307,323,51,36,15,76,38,38,46,21,25,,,,114,72,42,,,,35,14,21,,,
14/11/2021 16:00,459,238,221,68,35,33,61,28,33,56,29,27,,,,113,55,58,,,,52,24,28,,,
14/11/2021 17:00,250,126,124,74,33,41,54,27,27,21,5,16,,,,28,14,14,,,,34,13,21,,,
14/11/2021 18:00,124,84,40,28,11,17,27,6,21,9,4,5,,,,33,21,12,,,,39,24,15,,,
14/11/2021 19:00,94,57,37,36,19,17,36,21,15,5,3,2,,,,12,6,6,,,,45,21,24,,,
14/11/2021 20:00,62,29,33,13,2,11,20,7,13,8,6,2,,,,6,4,2,,,,19,9,10,,,
14/11/2021 21:00,32,20,12,11,7,4,7,3,4,3,1,2,,,,13,7,6,,,,20,9,11,,,
14/11/2021 22:00,22,12,10,3,0,3,8,2,6,1,1,0,,,,1,0,1,,,,14,8,6,,,
14/11/2021 23:00,8,4,4,1,0,1,3,1,2,3,0,3,,,,0,0,0,,,,9,4,5,,,
15/11/2021 00:00,0,0,0,0,0,0,0,0,0,0,0,0,,,,0,0,0,,,,7,3,4,,,
15/11/2021 01:00,2,0,2,0,0,0,4,0,4,0,0,0,,,,0,0,0,,,,0,0,0,,,
15/11/2021 02:00,1,1,0,1,1,0,1,1,0,0,0,0,,,,0,0,0,,,,0,0,0,,,
15/11/2021 03:00,0,0,0,0,0,0,0,0,0,2,0,2,,,,0,0,0,,,,1,1,0,,,
15/11/2021 04:00,0,0,0,0,0,0,0,0,0,2,1,1,,,,0,0,0,,,,0,0,0,,,
15/11/2021 05:00,3,1,2,3,2,1,1,0,1,2,1,1,,,,0,0,0,,,,2,2,0,,,
15/11/2021 06:00,34,16,18,12,7,5,14,8,6,4,2,2,,,,0,0,0,,,,16,6,10,,,
15/11/2021 07:00,77,42,35,25,8,17,16,8,8,11,7,4,,,,1,1,0,,,,28,14,14,,,
15/11/2021 08:00,115,46,69,37,17,20,25,14,11,29,14,15,,,,40,26,14,,,,120,85,35,,,
15/11/2021 09:00,114,66,48,38,25,13,21,14,7,27,13,14,,,,29,19,10,,,,49,22,27,,,
15/11/2021 10:00,123,52,71,50,26,24,33,15,18,14,7,7,,,,27,19,8,,,,34,19,15,,,
15/11/2021 11:00,185,90,95,50,14,36,32,17,15,18,12,6,,,,20,14,6,,,,44,21,23,,,
15/11/2021 12:00,175,90,85,41,20,21,27,10,17,37,17,20,,,,14,14,0,,,,43,17,26,,,
15/11/2021 13:00,191,98,93,46,20,26,44,15,29,44,25,19,,,,33,21,12,,,,73,42,31,,,
15/11/2021 14:00,201,101,100,34,15,19,52,32,20,30,17,13,,,,28,24,4,,,,65,32,33,,,
15/11/2021 15:00,232,114,118,32,12,20,26,13,13,32,17,15,,,,13,7,6,,,,110,30,80,,,
15/11/2021 16:00,159,72,87,39,25,14,31,19,12,28,12,16,,,,7,5,2,,,,84,31,53,,,
15/11/2021 17:00,117,63,54,55,21,34,40,23,17,21,11,10,,,,43,21,22,,,,86,36,50,,,
15/11/2021 18:00,149,73,76,49,30,19,34,26,8,20,6,14,,,,46,29,17,,,,71,41,30,,,
15/11/2021 19:00,174,89,85,48,31,17,39,20,19,13,8,5,,,,39,24,15,,,,52,26,26,,,
15/11/2021 20:00,115,61,54,38,18,20,26,10,16,10,4,6,,,,37,25,12,,,,43,22,21,,,
15/11/2021 21:00,70,44,26,23,9,14,15,8,7,8,3,5,,,,8,2,6,,,,38,21,17,,,
15/11/2021 22:00,26,19,7,5,4,1,9,3,6,4,2,2,,,,5,3,2,,,,9,5,4,,,
15/11/2021 23:00,10,5,5,7,3,4,4,1,3,4,3,1,,,,2,2,0,,,,6,1,5,,,
16/11/2021 00:00,0,0,0,0,0,0,2,2,0,0,0,0,,,,0,0,0,,,,3,2,1,,,
16/11/2021 01:00,0,0,0,0,0,0,0,0,0,0,0,0,,,,0,0,0,,,,2,1,1,,,
16/11/2021 02:00,1,0,1,0,0,0,1,0,1,0,0,0,,,,1,1,0,,,,0,0,0,,,
16/11/2021 03:00,0,0,0,0,0,0,0,0,0,0,0,0,,,,0,0,0,,,,1,1,0,,,
16/11/2021 04:00,1,1,0,0,0,0,0,0,0,0,0,0,,,,0,0,0,,,,1,1,0,,,
16/11/2021 05:00,3,2,1,0,0,0,2,1,1,6,4,2,,,,5,1,4,,,,3,2,1,,,
16/11/2021 06:00,52,27,25,7,2,5,17,11,6,8,3,5,,,,10,6,4,,,,11,8,3,,,
16/11/2021 07:00,104,61,43,46,27,19,28,12,16,19,8,11,,,,47,26,21,,,,33,18,15,,,
16/11/2021 08:00,108,48,60,56,17,39,26,18,8,43,21,22,,,,88,51,37,,,,116,92,24,,,
16/11/2021 09:00,131,70,61,34,21,13,27,16,11,29,14,15,,,,44,16,28,,,,53,31,22,,,
16/11/2021 10:00,125,62,63,33,14,19,21,11,10,24,10,14,,,,36,22,14,,,,74,31,43,,,
16/11/2021 11:00,132,69,63,27,17,10,36,19,17,26,22,4,,,,46,25,21,,,,48,23,25,,,
16/11/2021 12:00,137,67,70,42,21,21,29,10,19,30,17,13,,,,51,24,27,,,,71,44,27,,,
16/11/2021 13:00,149,72,77,28,17,11,38,21,17,27,11,16,,,,100,63,37,,,,51,24,27,,,
16/11/2021 14:00,117,52,65,27,18,9,20,13,7,30,14,16,,,,73,37,36,,,,82,29,53,,,
16/11/2021 15:00,126,69,57,34,20,14,28,14,14,23,13,10,,,,48,21,27,,,,101,22,79,,,
16/11/2021 16:00,164,69,95,37,16,21,28,12,16,31,20,11,,,,19,9,10,,,,65,20,45,,,
16/11/2021 17:00,156,86,70,49,21,28,48,29,19,29,14,15,,,,6,5,1,,,,75,43,32,,,
16/11/2021 18:00,140,71,69,52,28,24,58,34,24,19,9,10,,,,8,6,2,,,,63,37,26,,,
16/11/2021 19:00,162,82,80,66,41,25,47,28,19,14,6,8,,,,3,3,0,,,,82,32,50,,,
16/11/2021 20:00,121,61,60,35,17,18,21,6,15,10,7,3,,,,10,7,3,,,,40,20,20,,,
16/11/2021 21:00,61,32,29,19,8,11,12,3,9,4,2,2,,,,6,4,2,,,,20,9,11,,,
16/11/2021 22:00,21,11,10,5,1,4,5,1,4,2,1,1,,,,1,1,0,,,,10,7,3,,,
16/11/2021 23:00,8,5,3,4,1,3,3,0,3,1,0,1,,,,0,0,0,,,,9,3,6,,,
17/11/2021 00:00,0,0,0,0,0,0,1,0,1,3,2,1,,,,0,0,0,,,,2,2,0,,,
17/11/2021 01:00,1,1,0,0,0,0,0,0,0,0,0,0,,,,0,0,0,,,,2,1,1,,,
17/11/2021 02:00,0,0,0,0,0,0,0,0,0,0,0,0,,,,0,0,0,,,,0,0,0,,,
17/11/2021 03:00,0,0,0,0,0,0,0,0,0,0,0,0,,,,0,0,0,,,,1,1,0,,,
17/11/2021 04:00,1,1,0,0,0,0,0,0,0,0,0,0,,,,0,0,0,,,,0,0,0,,,
17/11/2021 05:00,5,1,4,3,0,3,2,0,2,0,0,0,,,,0,0,0,,,,4,3,1,,,
17/11/2021 06:00,39,19,20,9,3,6,6,4,2,6,2,4,,,,4,3,1,,,,7,5,2,,,
17/11/2021 07:00,95,45,50,22,10,12,18,7,11,16,7,9,,,,25,16,9,,,,38,20,18,,,
17/11/2021 08:00,128,63,65,58,29,29,39,21,18,37,14,23,,,,70,34,36,,,,123,95,28,,,
17/11/2021 09:00,107,54,53,58,30,28,30,18,12,21,12,9,,,,60,33,27,,,,32,19,13,,,
17/11/2021 10:00,125,53,72,43,18,25,20,10,10,20,11,9,,,,55,32,23,,,,47,23,24,,,
17/11/2021 11:00,168,80,88,25,9,16,28,15,13,27,10,17,,,,66,35,31,,,,65,24,41,,,
17/11/2021 12:00,179,98,81,46,29,17,27,12,15,43,26,17,,,,52,29,23,,,,56,23,33,,,
17/11/2021 13:00,126,66,60,59,32,27,42,22,20,33,18,15,,,,135,93,42,,,,57,25,32,,,
17/11/2021 14:00,127,46,81,42,21,21,39,27,12,28,13,15,,,,121,56,65,,,,82,37,45,,,
17/11/2021 15:00,123,62,61,30,16,14,23,8,15,17,9,8,,,,70,31,39,,,,119,44,75,,,
17/11/2021 16:00,108,48,60,22,8,14,27,11,16,17,10,7,,,,50,29,21,,,,71,26,45,,,
17/11/2021 17:00,112,55,57,40,20,20,42,17,25,23,8,15,,,,29,19,10,,,,57,28,29,,,
17/11/2021 18:00,161,79,82,40,20,20,54,33,21,14,9,5,,,,48,27,21,,,,77,39,38,,,
17/11/2021 19:00,164,101,63,47,26,21,48,30,18,11,6,5,,,,36,25,11,,,,61,35,26,,,
17/11/2021 20:00,154,95,59,32,14,18,44,20,24,16,10,6,,,,18,11,7,,,,43,21,22,,,
17/11/2021 21:00,75,38,37,30,14,16,18,7,11,5,3,2,,,,2,2,0,,,,23,9,14,,,
17/11/2021 22:00,22,16,6,1,0,1,8,5,3,2,1,1,,,,0,0,0,,,,11,3,8,,,
17/11/2021 23:00,2,2,0,4,1,3,2,1,1,0,0,0,,,,0,0,0,,,,4,2,2,,,
18/11/2021 00:00,0,0,0,1,0,1,5,1,4,1,1,0,,,,1,1,0,,,,8,4,4,,,
18/11/2021 01:00,1,0,1,0,0,0,1,0,1,0,0,0,,,,0,0,0,,,,4,3,1,,,
18/11/2021 02:00,1,0,1,0,0,0,0,0,0,0,0,0,,,,0,0,0,,,,1,0,1,,,
18/11/2021 03:00,0,0,0,0,0,0,0,0,0,0,0,0,,,,0,0,0,,,,2,2,0,,,
18/11/2021 04:00,0,0,0,0,0,0,0,0,0,0,0,0,,,,0,0,0,,,,1,0,1,,,
18/11/2021 05:00,3,2,1,2,1,1,1,0,1,59,54,5,,,,3,2,1,,,,3,2,1,,,
18/11/2021 06:00,38,16,22,10,5,5,14,12,2,30,25,5,,,,8,6,2,,,,11,5,6,,,
18/11/2021 07:00,68,33,35,18,3,15,26,7,19,24,17,7,,,,24,16,8,,,,34,15,19,,,
18/11/2021 08:00,144,68,76,27,16,11,29,18,11,48,31,17,,,,50,36,14,,,,102,74,28,,,
18/11/2021 09:00,139,70,69,33,16,17,19,12,7,33,23,10,,,,46,29,17,,,,40,16,24,,,
18/11/2021 10:00,165,80,85,30,19,11,28,17,11,26,15,11,,,,44,29,15,,,,38,25,13,,,
18/11/2021 11:00,171,88,83,54,28,26,50,27,23,22,14,8,,,,58,32,26,,,,27,11,16,,,
18/11/2021 12:00,160,82,78,46,21,25,33,16,17,25,13,12,,,,84,43,41,,,,38,18,20,,,
18/11/2021 13:00,166,89,77,28,13,15,31,15,16,34,11,23,,,,82,50,32,,,,65,30,35,,,
18/11/2021 14:00,139,70,69,24,12,12,35,17,18,20,11,9,,,,73,41,32,,,,78,22,56,,,
18/11/2021 15:00,125,61,64,18,10,8,33,16,17,31,17,14,,,,99,53,46,,,,98,31,67,,,
18/11/2021 16:00,121,52,69,33,19,14,34,15,19,24,16,8,,,,120,73,47,,,,75,29,46,,,
18/11/2021 17:00,127,71,56,37,18,19,43,17,26,30,13,17,,,,33,18,15,,,,48,25,23,,,
18/11/2021 18:00,111,62,49,28,13,15,33,16,17,17,11,6,,,,49,34,15,,,,59,39,20,,,
18/11/2021 19:00,128,64,64,37,19,18,28,17,11,14,8,6,,,,36,23,13,,,,57,29,28,,,
18/11/2021 20:00,121,67,54,29,10,19,24,11,13,5,3,2,,,,16,8,8,,,,49,29,20,,,
18/11/2021 21:00,66,32,34,27,11,16,14,4,10,6,5,1,,,,4,1,3,,,,18,9,9,,,
18/11/2021 22:00,21,15,6,4,0,4,5,2,3,4,4,0,,,,9,5,4,,,,20,5,15,,,
18/11/2021 23:00,13,8,5,5,3,2,5,2,3,2,2,0,,,,0,0,0,,,,8,6,2,,,
19/11/2021 00:00,0,0,0,0,0,0,1,0,1,1,0,1,,,,0,0,0,,,,6,5,1,,,
19/11/2021 01:00,2,1,1,1,1,0,1,0,1,2,1,1,,,,2,2,0,,,,1,0,1,,,
19/11/2021 02:00,0,0,0,0,0,0,1,1,0,0,0,0,,,,0,0,0,,,,0,0,0,,,
19/11/2021 03:00,0,0,0,0,0,0,0,0,0,0,0,0,,,,0,0,0,,,,1,1,0,,,
19/11/2021 04:00,1,1,0,0,0,0,0,0,0,0,0,0,,,,0,0,0,,,,1,1,0,,,
19/11/2021 05:00,5,4,1,3,0,3,4,2,2,2,1,1,,,,4,3,1,,,,0,0,0,,,
19/11/2021 06:00,42,18,24,9,6,3,16,8,8,5,3,2,,,,19,15,4,,,,12,2,10,,,
19/11/2021 07:00,84,48,36,21,11,10,17,11,6,15,6,9,,,,36,22,14,,,,36,18,18,,,
19/11/2021 08:00,147,63,84,37,25,12,23,15,8,37,18,19,,,,85,51,34,,,,115,85,30,,,
19/11/2021 09:00,144,76,68,36,20,16,33,24,9,26,11,15,,,,71,32,39,,,,36,19,17,,,
19/11/2021 10:00,158,78,80,32,12,20,19,7,12,12,4,8,,,,77,44,33,,,,37,17,20,,,
19/11/2021 11:00,215,99,116,31,14,17,38,17,21,16,7,9,,,,112,50,62,,,,56,31,25,,,
19/11/2021 12:00,234,105,129,54,30,24,38,18,20,43,21,22,,,,80,47,33,,,,53,29,24,,,
19/11/2021 13:00,265,134,131,49,19,30,35,22,13,36,15,21,,,,143,82,61,,,,98,33,65,,,
19/11/2021 14:00,159,73,86,39,16,23,42,24,18,22,14,8,,,,166,97,69,,,,86,37,49,,,
19/11/2021 15:00,181,83,98,34,24,10,18,6,12,29,17,12,,,,103,47,56,,,,52,24,28,,,
19/11/2021 16:00,170,86,84,45,21,24,28,14,14,29,18,11,,,,73,29,44,,,,47,22,25,,,
19/11/2021 17:00,131,59,72,42,26,16,35,24,11,19,4,15,,,,64,38,26,,,,80,36,44,,,
19/11/2021 18:00,90,51,39,28,19,9,34,15,19,16,6,10,,,,48,36,12,,,,52,27,25,,,
19/11/2021 19:00,127,59,68,21,9,12,28,17,11,14,9,5,,,,49,32,17,,,,59,23,36,,,
19/11/2021 20:00,94,58,36,17,7,10,22,9,13,12,4,8,,,,28,13,15,,,,29,14,15,,,
19/11/2021 21:00,52,31,21,10,3,7,7,5,2,7,4,3,,,,10,3,7,,,,24,10,14,,,
19/11/2021 22:00,19,12,7,8,0,8,12,6,6,9,3,6,,,,15,10,5,,,,9,5,4,,,
19/11/2021 23:00,6,6,0,3,1,2,5,2,3,2,1,1,,,,2,0,2,,,,11,3,8,,,
20/11/2021 00:00,0,0,0,6,1,5,10,2,8,2,0,2,,,,7,4,3,,,,12,11,1,,,
20/11/2021 01:00,2,1,1,0,0,0,1,1,0,4,1,3,,,,0,0,0,,,,8,5,3,,,
20/11/2021 02:00,2,0,2,0,0,0,5,0,5,0,0,0,,,,2,1,1,,,,6,4,2,,,
20/11/2021 03:00,0,0,0,3,0,3,0,0,0,0,0,0,,,,0,0,0,,,,4,2,2,,,
20/11/2021 04:00,2,2,0,2,1,1,1,1,0,0,0,0,,,,0,0,0,,,,0,0,0,,,
20/11/2021 05:00,0,0,0,0,0,0,1,0,1,0,0,0,,,,3,2,1,,,,1,1,0,,,
20/11/2021 06:00,21,10,11,3,3,0,3,2,1,2,0,2,,,,6,2,4,,,,8,5,3,,,
20/11/2021 07:00,47,17,30,19,8,11,17,9,8,10,3,7,,,,8,4,4,,,,8,3,5,,,
20/11/2021 08:00,85,42,43,32,19,13,20,13,7,17,6,11,,,,30,20,10,,,,27,14,13,,,
20/11/2021 09:00,150,81,69,52,26,26,30,13,17,29,14,15,,,,78,54,24,,,,29,16,13,,,
20/11/2021 10:00,265,143,122,69,28,41,51,29,22,53,25,28,,,,149,85,64,,,,30,14,16,,,
20/11/2021 11:00,328,184,144,71,47,24,39,22,17,151,119,32,,,,155,88,67,,,,40,20,20,,,
20/11/2021 12:00,336,160,176,82,40,42,47,24,23,474,415,59,,,,134,75,59,,,,72,34,38,,,
20/11/2021 13:00,320,164,156,61,32,29,59,37,22,256,231,25,,,,103,51,52,,,,61,30,31,,,
20/11/2021 14:00,254,125,129,63,29,34,48,26,22,72,42,30,,,,41,24,17,,,,48,26,22,,,
20/11/2021 15:00,135,77,58,27,8,19,27,18,9,18,9,9,,,,52,33,19,,,,37,18,19,,,
20/11/2021 16:00,165,100,65,36,23,13,35,25,10,24,12,12,,,,64,34,30,,,,45,22,23,,,
20/11/2021 17:00,94,44,50,35,25,10,29,17,12,28,7,21,,,,38,13,25,,,,31,13,18,,,
20/11/2021 18:00,78,39,39,22,12,10,21,10,11,22,8,14,,,,16,6,10,,,,32,18,14,,,
20/11/2021 19:00,59,30,29,14,9,5,7,3,4,9,4,5,,,,22,15,7,,,,23,9,14,,,
20/11/2021 20:00,57,23,34,10,7,3,19,8,11,5,3,2,,,,9,7,2,,,,15,9,6,,,
20/11/2021 21:00,34,20,14,11,5,6,6,4,2,7,4,3,,,,3,1,2,,,,12,5,7,,,
20/11/2021 22:00,12,6,6,7,2,5,4,2,2,21,9,12,,,,5,1,4,,,,13,8,5,,,
20/11/2021 23:00,10,7,3,2,0,2,3,1,2,9,7,2,,,,6,3,3,,,,8,6,2,,,
21/11/2021 00:00,0,0,0,4,3,1,5,0,5,4,2,2,,,,2,2,0,,,,13,8,5,,,
21/11/2021 01:00,0,0,0,2,1,1,3,0,3,10,10,0,,,,2,1,1,,,,9,6,3,,,
21/11/2021 02:00,0,0,0,0,0,0,0,0,0,0,0,0,,,,0,0,0,,,,0,0,0,,,
21/11/2021 03:00,0,0,0,0,0,0,0,0,0,1,1,0,,,,0,0,0,,,,1,0,1,,,
21/11/2021 04:00,1,1,0,0,0,0,0,0,0,0,0,0,,,,0,0,0,,,,5,3,2,,,
21/11/2021 05:00,2,0,2,0,0,0,1,0,1,0,0,0,,,,2,1,1,,,,7,7,0,,,
21/11/2021 06:00,11,5,6,2,1,1,0,0,0,2,1,1,,,,2,0,2,,,,6,6,0,,,
21/11/2021 07:00,40,21,19,6,5,1,9,7,2,2,0,2,,,,9,6,3,,,,5,0,5,,,
21/11/2021 08:00,98,48,50,28,10,18,26,18,8,14,5,9,,,,26,14,12,,,,12,7,5,,,
21/11/2021 09:00,171,80,91,37,22,15,36,15,21,24,15,9,,,,79,45,34,,,,36,18,18,,,
21/11/2021 10:00,367,203,164,79,44,35,62,41,21,37,23,14,,,,122,67,55,,,,48,28,20,,,
21/11/2021 11:00,511,255,256,83,41,42,53,29,24,47,31,16,,,,156,94,62,,,,71,34,37,,,
21/11/2021 12:00,604,328,276,92,48,44,93,44,49,61,33,28,,,,143,72,71,,,,60,26,34,,,
21/11/2021 13:00,515,244,271,76,37,39,63,36,27,69,34,35,,,,147,77,70,,,,70,46,24,,,
21/11/2021 14:00,435,258,177,40,20,20,46,27,19,45,31,14,,,,81,49,32,,,,63,23,40,,,
21/11/2021 15:00,386,190,196,56,24,32,44,21,23,33,11,22,,,,73,40,33,,,,43,13,30,,,
21/11/2021 16:00,270,138,132,65,38,27,52,29,23,35,17,18,,,,61,29,32,,,,49,33,16,,,
21/11/2021 17:00,161,96,65,52,23,29,44,25,19,14,12,2,,,,47,25,22,,,,28,9,19,,,
21/11/2021 18:00,75,43,32,34,20,14,31,8,23,12,7,5,,,,24,10,14,,,,26,12,14,,,
21/11/2021 19:00,63,27,36,20,10,10,18,7,11,11,4,7,,,,25,18,7,,,,24,10,14,,,
21/11/2021 20:00,55,31,24,16,12,4,8,6,2,7,0,7,,,,17,7,10,,,,22,11,11,,,
21/11/2021 21:00,31,17,14,6,5,1,10,4,6,2,1,1,,,,8,3,5,,,,15,11,4,,,
21/11/2021 22:00,5,1,4,8,2,6,3,1,2,1,1,0,,,,4,2,2,,,,6,5,1,,,
21/11/2021 23:00,3,1,2,1,0,1,3,0,3,2,1,1,,,,1,0,1,,,,3,2,1,,,
22/11/2021 00:00,1,1,0,0,0,0,1,1,0,3,2,1,,,,0,0,0,,,,9,8,1,,,
22/11/2021 01:00,1,0,1,0,0,0,0,0,0,1,0,1,,,,0,0,0,,,,0,0,0,,,
22/11/2021 02:00,2,1,1,1,0,1,0,0,0,0,0,0,,,,0,0,0,,,,0,0,0,,,
22/11/2021 03:00,0,0,0,0,0,0,0,0,0,1,0,1,,,,0,0,0,,,,1,1,0,,,
22/11/2021 04:00,0,0,0,0,0,0,0,0,0,0,0,0,,,,0,0,0,,,,0,0,0,,,
22/11/2021 05:00,6,1,5,0,0,0,2,0,2,1,0,1,,,,3,1,2,,,,4,3,1,,,
22/11/2021 06:00,39,24,15,7,3,4,14,9,5,7,3,4,,,,11,8,3,,,,10,4,6,,,
22/11/2021 07:00,75,36,39,24,9,15,21,8,13,13,6,7,,,,39,23,16,,,,36,19,17,,,
22/11/2021 08:00,135,56,79,40,22,18,26,19,7,46,24,22,,,,94,53,41,,,,29,20,9,,,
22/11/2021 09:00,164,94,70,37,24,13,27,14,13,32,16,16,,,,64,32,32,,,,0,0,0,,,
22/11/2021 10:00,122,55,67,30,18,12,21,12,9,19,12,7,,,,62,35,27,,,,0,0,0,,,
22/11/2021 11:00,217,106,111,44,29,15,31,14,17,18,13,5,,,,67,36,31,,,,0,0,0,,,
22/11/2021 12:00,244,125,119,48,16,32,38,16,22,52,23,29,,,,92,52,40,,,,0,0,0,,,
22/11/2021 13:00,271,142,129,63,35,28,47,25,22,55,19,36,,,,104,58,46,,,,0,0,0,,,
22/11/2021 14:00,195,84,111,49,28,21,33,21,12,34,20,14,,,,114,74,40,,,,0,0,0,,,
22/11/2021 15:00,190,110,80,36,23,13,30,24,6,37,15,22,,,,84,42,42,,,,0,0,0,,,
22/11/2021 16:00,146,64,82,38,15,23,38,16,22,29,12,17,,,,81,39,42,,,,0,0,0,,,
22/11/2021 17:00,120,69,51,46,24,22,31,16,15,20,10,10,,,,50,19,31,,,,0,0,0,,,
22/11/2021 18:00,127,55,72,41,20,21,41,29,12,19,7,12,,,,71,37,34,,,,0,0,0,,,
22/11/2021 19:00,138,66,72,54,26,28,36,17,19,20,10,10,,,,50,21,29,,,,0,0,0,,,
22/11/2021 20:00,108,56,52,19,8,11,18,10,8,5,3,2,,,,38,23,15,,,,0,0,0,,,
22/11/2021 21:00,68,45,23,19,6,13,14,6,8,7,2,5,,,,8,2,6,,,,0,0,0,,,
22/11/2021 22:00,20,10,10,7,5,2,8,4,4,8,7,1,,,,4,3,1,,,,0,0,0,,,
22/11/2021 23:00,3,1,2,1,0,1,4,1,3,1,0,1,,,,5,5,0,,,,0,0,0,,,
23/11/2021 00:00,0,0,0,0,0,0,4,1,3,0,0,0,,,,0,0,0,,,,0,0,0,,,
23/11/2021 01:00,0,0,0,0,0,0,0,0,0,0,0,0,,,,3,1,2,,,,0,0,0,,,
23/11/2021 02:00,0,0,0,1,1,0,0,0,0,0,0,0,,,,0,0,0,,,,0,0,0,,,
23/11/2021 03:00,0,0,0,0,0,0,0,0,0,0,0,0,,,,1,1,0,,,,0,0,0,,,
23/11/2021 04:00,0,0,0,0,0,0,0,0,0,0,0,0,,,,0,0,0,,,,0,0,0,,,
23/11/2021 05:00,7,2,5,1,1,0,1,0,1,1,1,0,,,,2,1,1,,,,0,0,0,,,
23/11/2021 06:00,40,20,20,4,2,2,13,8,5,7,3,4,,,,17,12,5,,,,0,0,0,,,
23/11/2021 07:00,86,43,43,26,10,16,24,9,15,12,4,8,,,,32,19,13,,,,0,0,0,,,
23/11/2021 08:00,136,74,62,36,16,20,29,18,11,50,19,31,,,,72,39,33,,,,0,0,0,,,
23/11/2021 09:00,120,64,56,38,20,18,33,21,12,33,17,16,,,,46,26,20,,,,0,0,0,,,
23/11/2021 10:00,106,48,58,26,14,12,24,10,14,21,10,11,,,,51,33,18,,,,0,0,0,,,
23/11/2021 11:00,153,76,77,41,18,23,25,14,11,29,14,15,,,,60,32,28,,,,0,0,0,,,
23/11/2021 12:00,146,73,73,30,15,15,27,11,16,39,17,22,,,,49,36,13,,,,0,0,0,,,
23/11/2021 13:00,151,76,75,32,14,18,43,21,22,36,21,15,,,,105,62,43,,,,0,0,0,,,
23/11/2021 14:00,153,65,88,26,13,13,23,14,9,31,17,14,,,,100,55,45,,,,0,0,0,,,
23/11/2021 15:00,126,70,56,33,18,15,11,2,9,25,13,12,,,,91,40,51,,,,0,0,0,,,
23/11/2021 16:00,95,50,45,36,21,15,32,21,11,26,14,12,,,,71,29,42,,,,0,0,0,,,
23/11/2021 17:00,90,40,50,40,25,15,46,21,25,17,7,10,,,,72,36,36,,,,0,0,0,,,
23/11/2021 18:00,114,56,58,44,25,19,53,24,29,17,5,12,,,,53,35,18,,,,0,0,0,,,
23/11/2021 19:00,131,66,65,39,18,21,42,24,18,8,5,3,,,,134,67,67,,,,0,0,0,,,
23/11/2021 20:00,128,72,56,27,15,12,17,8,9,15,9,6,,,,32,16,16,,,,0,0,0,,,
23/11/2021 21:00,65,40,25,11,4,7,23,15,8,6,5,1,,,,12,6,6,,,,0,0,0,,,
23/11/2021 22:00,21,13,8,4,2,2,12,5,7,2,0,2,,,,1,1,0,,,,0,0,0,,,
23/11/2021 23:00,2,2,0,0,0,0,3,1,2,2,1,1,,,,0,0,0,,,,0,0,0,,,
24/11/2021 00:00,0,0,0,0,0,0,4,2,2,0,0,0,,,,5,3,2,,,,0,0,0,,,
24/11/2021 01:00,0,0,0,1,1,0,0,0,0,0,0,0,,,,0,0,0,,,,0,0,0,,,
24/11/2021 02:00,0,0,0,0,0,0,0,0,0,0,0,0,,,,0,0,0,,,,0,0,0,,,
24/11/2021 03:00,0,0,0,0,0,0,0,0,0,0,0,0,,,,0,0,0,,,,0,0,0,,,
24/11/2021 04:00,0,0,0,0,0,0,0,0,0,0,0,0,,,,0,0,0,,,,0,0,0,,,
24/11/2021 05:00,8,3,5,1,0,1,1,0,1,0,0,0,,,,3,1,2,,,,0,0,0,,,
24/11/2021 06:00,41,19,22,11,6,5,12,11,1,5,3,2,,,,11,7,4,,,,0,0,0,,,
24/11/2021 07:00,85,42,43,29,9,20,20,9,11,14,3,11,,,,34,22,12,,,,0,0,0,,,
24/11/2021 08:00,122,61,61,49,26,23,34,18,16,42,19,23,,,,89,49,40,,,,0,0,0,,,
24/11/2021 09:00,125,72,53,30,16,14,20,12,8,21,13,8,,,,65,28,37,,,,0,0,0,,,
24/11/2021 10:00,65,35,30,22,12,10,18,8,10,16,9,7,,,,23,14,9,,,,0,0,0,,,
24/11/2021 11:00,54,26,28,25,11,14,22,16,6,15,9,6,,,,14,5,9,,,,0,0,0,,,
24/11/2021 12:00,49,29,20,16,7,9,15,6,9,12,7,5,,,,35,23,12,,,,0,0,0,,,
24/11/2021 13:00,89,40,49,28,10,18,30,15,15,37,19,18,,,,85,51,34,,,,0,0,0,,,
24/11/2021 14:00,97,47,50,25,16,9,22,13,9,34,19,15,,,,99,48,51,,,,0,0,0,,,
24/11/2021 15:00,141,69,72,33,21,12,30,16,14,34,15,19,,,,65,29,36,,,,0,0,0,,,
24/11/2021 16:00,118,69,49,27,18,9,34,16,18,28,14,14,,,,69,43,26,,,,0,0,0,,,
24/11/2021 17:00,109,67,42,46,25,21,30,15,15,18,13,5,,,,46,20,26,,,,0,0,0,,,
24/11/2021 18:00,99,48,51,34,23,11,44,30,14,22,10,12,,,,45,27,18,,,,0,0,0,,,
24/11/2021 19:00,104,44,60,32,16,16,24,11,13,8,2,6,,,,28,14,14,,,,0,0,0,,,
24/11/2021 20:00,83,47,36,34,16,18,27,13,14,7,4,3,,,,31,19,12,,,,0,0,0,,,
24/11/2021 21:00,53,29,24,16,1,15,5,2,3,7,3,4,,,,9,6,3,,,,0,0,0,,,
24/11/2021 22:00,12,8,4,0,0,0,6,1,5,2,1,1,,,,4,2,2,,,,0,0,0,,,
24/11/2021 23:00,4,2,2,2,2,0,4,2,2,2,0,2,,,,4,2,2,,,,0,0,0,,,
25/11/2021 00:00,0,0,0,0,0,0,0,0,0,0,0,0,,,,1,1,0,,,,0,0,0,,,
25/11/2021 01:00,0,0,0,1,0,1,0,0,0,0,0,0,,,,0,0,0,,,,0,0,0,,,
25/11/2021 02:00,0,0,0,0,0,0,0,0,0,0,0,0,,,,0,0,0,,,,0,0,0,,,
25/11/2021 03:00,0,0,0,0,0,0,0,0,0,0,0,0,,,,0,0,0,,,,0,0,0,,,
25/11/2021 04:00,0,0,0,0,0,0,0,0,0,0,0,0,,,,0,0,0,,,,0,0,0,,,
25/11/2021 05:00,4,1,3,4,3,1,0,0,0,3,3,0,,,,1,1,0,,,,0,0,0,,,
25/11/2021 06:00,22,10,12,15,5,10,14,7,7,6,4,2,,,,9,5,4,,,,0,0,0,,,
25/11/2021 07:00,78,42,36,25,12,13,24,15,9,15,5,10,,,,37,19,18,,,,0,0,0,,,
25/11/2021 08:00,127,65,62,35,19,16,31,18,13,39,16,23,,,,83,44,39,,,,0,0,0,,,
25/11/2021 09:00,127,62,65,26,8,18,21,14,7,24,14,10,,,,47,29,18,,,,0,0,0,,,
25/11/2021 10:00,108,49,59,27,12,15,28,14,14,29,19,10,,,,64,44,20,,,,0,0,0,,,
25/11/2021 11:00,136,56,80,24,8,16,22,8,14,29,14,15,,,,54,31,23,,,,0,0,0,,,
25/11/2021 12:00,136,63,73,44,27,17,18,11,7,53,24,29,,,,46,26,20,,,,0,0,0,,,
25/11/2021 13:00,177,82,95,55,24,31,37,21,16,45,23,22,,,,90,47,43,,,,0,0,0,,,
25/11/2021 14:00,124,69,55,27,17,10,21,13,8,31,18,13,,,,77,45,32,,,,0,0,0,,,
25/11/2021 15:00,84,40,44,27,10,17,24,10,14,27,9,18,,,,55,29,26,,,,0,0,0,,,
25/11/2021 16:00,99,55,44,31,23,8,24,10,14,25,12,13,,,,76,47,29,,,,0,0,0,,,
25/11/2021 17:00,71,33,38,39,14,25,35,18,17,28,10,18,,,,50,14,36,,,,0,0,0,,,
25/11/2021 18:00,88,43,45,32,18,14,23,16,7,14,5,9,,,,37,25,12,,,,0,0,0,,,
25/11/2021 19:00,93,49,44,26,11,15,28,20,8,16,8,8,,,,48,15,33,,,,0,0,0,,,
25/11/2021 20:00,62,35,27,24,12,12,24,9,15,5,3,2,,,,21,14,7,,,,0,0,0,,,
25/11/2021 21:00,36,23,13,6,3,3,6,4,2,7,5,2,,,,8,4,4,,,,0,0,0,,,
25/11/2021 22:00,13,5,8,1,0,1,0,0,0,8,7,1,,,,4,0,4,,,,0,0,0,,,
25/11/2021 23:00,4,2,2,2,1,1,5,1,4,42,38,4,,,,1,0,1,,,,0,0,0,,,
26/11/2021 00:00,0,0,0,0,0,0,2,1,1,13,11,2,,,,2,2,0,,,,,,,,,
26/11/2021 01:00,1,0,1,0,0,0,0,0,0,21,20,1,,,,2,0,2,,,,,,,,,
26/11/2021 02:00,0,0,0,0,0,0,3,1,2,5,5,0,,,,1,1,0,,,,,,,,,
26/11/2021 03:00,0,0,0,0,0,0,0,0,0,16,16,0,,,,0,0,0,,,,,,,,,
26/11/2021 04:00,1,1,0,1,1,0,0,0,0,3,3,0,,,,2,2,0,,,,,,,,,
26/11/2021 05:00,2,1,1,3,1,2,1,0,1,2,1,1,,,,1,1,0,,,,,,,,,
26/11/2021 06:00,23,10,13,11,6,5,9,4,5,6,4,2,,,,14,9,5,,,,,,,,,
26/11/2021 07:00,52,32,20,24,13,11,12,9,3,36,27,9,,,,37,23,14,,,,,,,,,
26/11/2021 08:00,90,48,42,38,16,22,23,17,6,31,15,16,,,,77,42,35,,,,,,,,,
26/11/2021 09:00,130,65,65,37,16,21,18,11,7,28,13,15,,,,50,25,25,,,,,,,,,
26/11/2021 10:00,109,46,63,27,15,12,17,9,8,28,18,10,,,,35,23,12,,,,,,,,,
26/11/2021 11:00,102,57,45,30,17,13,23,13,10,29,10,19,,,,44,30,14,,,,,,,,,
26/11/2021 12:00,121,62,59,28,17,11,25,14,11,169,153,16,,,,35,18,17,,,,,,,,,
26/11/2021 13:00,66,32,34,29,13,16,13,6,7,26,12,14,,,,37,25,12,,,,,,,,,
26/11/2021 14:00,42,20,22,17,10,7,14,8,6,22,9,13,,,,55,36,19,,,,,,,,,
26/11/2021 15:00,63,29,34,26,19,7,16,11,5,14,11,3,,,,54,29,25,,,,,,,,,
26/11/2021 16:00,78,42,36,24,7,17,20,15,5,20,12,8,,,,55,25,30,,,,,,,,,
26/11/2021 17:00,61,32,29,27,15,12,24,9,15,28,18,10,,,,22,8,14,,,,,,,,,
26/11/2021 18:00,43,25,18,21,7,14,18,10,8,12,4,8,,,,21,11,10,,,,,,,,,
26/11/2021 19:00,36,15,21,12,5,7,9,5,4,11,4,7,,,,14,6,8,,,,,,,,,
26/11/2021 20:00,28,16,12,4,3,1,8,4,4,10,5,5,,,,10,4,6,,,,,,,,,
26/11/2021 21:00,14,9,5,5,3,2,3,0,3,2,2,0,,,,6,3,3,,,,,,,,,
26/11/2021 22:00,0,0,0,4,3,1,5,3,2,3,3,0,,,,1,0,1,,,,,,,,,
26/11/2021 23:00,6,6,0,3,1,2,6,1,5,1,0,1,,,,2,2,0,,,,,,,,,
27/11/2021 00:00,0,0,0,0,0,0,1,0,1,2,2,0,,,,0,0,0,,,,,,,,,
27/11/2021 01:00,5,4,1,1,1,0,1,0,1,1,0,1,,,,1,1,0,,,,,,,,,
27/11/2021 02:00,1,0,1,0,0,0,2,1,1,0,0,0,,,,1,1,0,,,,,,,,,
27/11/2021 03:00,1,1,0,0,0,0,0,0,0,1,0,1,,,,1,1,0,,,,,,,,,
27/11/2021 04:00,0,0,0,0,0,0,0,0,0,0,0,0,,,,0,0,0,,,,,,,,,
27/11/2021 05:00,0,0,0,0,0,0,1,0,1,0,0,0,,,,0,0,0,,,,,,,,,
27/11/2021 06:00,10,2,8,0,0,0,1,0,1,0,0,0,,,,3,2,1,,,,,,,,,
27/11/2021 07:00,20,12,8,5,3,2,7,2,5,1,0,1,,,,7,6,1,,,,,,,,,
27/11/2021 08:00,40,16,24,24,15,9,18,11,7,8,2,6,,,,17,13,4,,,,,,,,,
27/11/2021 09:00,83,36,47,18,7,11,27,20,7,17,11,6,,,,54,33,21,,,,,,,,,
27/11/2021 10:00,146,70,76,37,24,13,27,13,14,40,15,25,,,,71,45,26,,,,,,,,,
27/11/2021 11:00,222,118,104,60,40,20,50,30,20,44,27,17,,,,124,80,44,,,,,,,,,
27/11/2021 12:00,206,109,97,60,29,31,39,26,13,58,33,25,,,,80,41,39,,,,,,,,,
27/11/2021 13:00,220,119,101,64,50,14,61,38,23,35,15,20,,,,91,65,26,,,,,,,,,
27/11/2021 14:00,225,131,94,40,22,18,28,16,12,44,24,20,,,,79,48,31,,,,,,,,,
27/11/2021 15:00,270,121,149,44,25,19,30,15,15,46,25,21,,,,68,40,28,,,,,,,,,
27/11/2021 16:00,207,126,81,47,24,23,35,15,20,42,16,26,,,,72,35,37,,,,,,,,,
27/11/2021 17:00,81,46,35,30,22,8,29,13,16,16,10,6,,,,29,17,12,,,,,,,,,
27/11/2021 18:00,63,34,29,27,17,10,22,13,9,15,5,10,,,,18,10,8,,,,,,,,,
27/11/2021 19:00,42,25,17,21,7,14,5,0,5,12,8,4,,,,7,4,3,,,,,,,,,
27/11/2021 20:00,24,15,9,7,4,3,13,9,4,7,4,3,,,,19,11,8,,,,,,,,,
27/11/2021 21:00,17,8,9,3,0,3,8,4,4,3,2,1,,,,8,1,7,,,,,,,,,
27/11/2021 22:00,17,8,9,1,1,0,4,2,2,5,1,4,,,,2,1,1,,,,,,,,,
27/11/2021 23:00,3,2,1,0,0,0,1,1,0,2,1,1,,,,2,0,2,,,,,,,,,
28/11/2021 00:00,0,0,0,0,0,0,2,0,2,3,0,3,,,,1,1,0,,,,,,,,,
28/11/2021 01:00,2,2,0,2,2,0,1,1,0,1,1,0,,,,0,0,0,,,,,,,,,
28/11/2021 02:00,0,0,0,0,0,0,0,0,0,0,0,0,,,,1,1,0,,,,,,,,,
28/11/2021 03:00,0,0,0,0,0,0,0,0,0,1,0,1,,,,0,0,0,,,,,,,,,
28/11/2021 04:00,1,1,0,0,0,0,0,0,0,0,0,0,,,,0,0,0,,,,,,,,,
28/11/2021 05:00,1,0,1,0,0,0,1,0,1,0,0,0,,,,3,1,2,,,,,,,,,
28/11/2021 06:00,8,1,7,4,1,3,1,0,1,0,0,0,,,,6,3,3,,,,,,,,,
28/11/2021 07:00,29,14,15,6,1,5,3,3,0,2,0,2,,,,11,7,4,,,,,,,,,
28/11/2021 08:00,65,25,40,32,19,13,15,12,3,10,3,7,,,,21,12,9,,,,,,,,,
28/11/2021 09:00,140,76,64,32,19,13,35,25,10,20,10,10,,,,54,37,17,,,,,,,,,
28/11/2021 10:00,261,140,121,60,28,32,31,14,17,26,12,14,,,,81,48,33,,,,,,,,,
28/11/2021 11:00,296,129,167,41,20,21,49,29,20,39,25,14,,,,107,54,53,,,,,,,,,
28/11/2021 12:00,390,199,191,72,38,34,62,32,30,50,22,28,,,,88,56,32,,,,,,,,,
28/11/2021 13:00,499,239,260,69,23,46,63,30,33,49,30,19,,,,117,70,47,,,,,,,,,
28/11/2021 14:00,434,227,207,59,35,24,49,34,15,52,35,17,,,,80,43,37,,,,,,,,,
28/11/2021 15:00,404,188,216,56,40,16,50,25,25,32,16,16,,,,86,49,37,,,,,,,,,
28/11/2021 16:00,314,166,148,74,26,48,39,12,27,38,15,23,,,,109,49,60,,,,,,,,,
28/11/2021 17:00,120,55,65,47,18,29,20,9,11,14,7,7,,,,42,15,27,,,,,,,,,
28/11/2021 18:00,55,39,16,23,10,13,31,16,15,14,9,5,,,,20,11,9,,,,,,,,,
28/11/2021 19:00,50,20,30,22,11,11,16,6,10,16,8,8,,,,26,12,14,,,,,,,,,
28/11/2021 20:00,46,24,22,13,6,7,12,5,7,9,8,1,,,,14,7,7,,,,,,,,,
28/11/2021 21:00,34,18,16,13,3,10,9,2,7,6,4,2,,,,7,3,4,,,,,,,,,
28/11/2021 22:00,9,5,4,3,2,1,7,3,4,7,3,4,,,,1,1,0,,,,,,,,,
28/11/2021 23:00,2,1,1,1,1,0,2,0,2,4,2,2,,,,2,2,0,,,,,,,,,
29/11/2021 00:00,0,0,0,0,0,0,1,1,0,2,2,0,,,,1,0,1,,,,,,,,,
29/11/2021 01:00,1,1,0,0,0,0,0,0,0,0,0,0,,,,0,0,0,,,,,,,,,
29/11/2021 02:00,0,0,0,0,0,0,0,0,0,0,0,0,,,,0,0,0,,,,,,,,,
29/11/2021 03:00,0,0,0,0,0,0,0,0,0,0,0,0,,,,0,0,0,,,,,,,,,
29/11/2021 04:00,0,0,0,0,0,0,0,0,0,0,0,0,,,,0,0,0,,,,,,,,,
29/11/2021 05:00,5,1,4,1,0,1,1,0,1,2,1,1,,,,3,1,2,,,,0,0,0,,,
29/11/2021 06:00,36,19,17,6,3,3,12,6,6,7,3,4,,,,15,12,3,,,,0,0,0,,,
29/11/2021 07:00,75,39,36,30,12,18,18,11,7,7,2,5,,,,36,20,16,,,,0,0,0,,,
29/11/2021 08:00,97,42,55,34,20,14,21,19,2,30,14,16,,,,76,41,35,,,,0,0,0,,,
29/11/2021 09:00,119,69,50,35,20,15,18,10,8,28,16,12,,,,60,30,30,,,,0,0,0,,,
29/11/2021 10:00,129,57,72,30,19,11,18,13,5,24,14,10,,,,30,16,14,,,,0,0,0,,,
29/11/2021 11:00,130,57,73,21,13,8,21,12,9,25,10,15,,,,36,19,17,,,,0,0,0,,,
29/11/2021 12:00,154,80,74,27,15,12,30,10,20,34,19,15,,,,45,28,17,,,,0,0,0,,,
29/11/2021 13:00,150,77,73,31,13,18,46,25,21,46,20,26,,,,78,49,29,,,,0,0,0,,,
29/11/2021 14:00,116,57,59,22,11,11,30,17,13,22,11,11,,,,74,39,35,,,,0,0,0,,,
29/11/2021 15:00,116,54,62,20,12,8,35,16,19,18,6,12,,,,60,28,32,,,,0,0,0,,,
29/11/2021 16:00,104,61,43,43,29,14,26,13,13,14,6,8,,,,54,21,33,,,,0,0,0,,,
29/11/2021 17:00,87,45,42,48,24,24,41,24,17,20,10,10,,,,49,25,24,,,,0,0,0,,,
29/11/2021 18:00,117,57,60,37,18,19,27,13,14,19,11,8,,,,64,34,30,,,,0,0,0,,,
29/11/2021 19:00,135,71,64,43,22,21,29,16,13,11,6,5,,,,28,15,13,,,,0,0,0,,,
29/11/2021 20:00,89,49,40,15,7,8,16,6,10,39,34,5,,,,25,15,10,,,,0,0,0,,,
29/11/2021 21:00,40,22,18,14,11,3,8,4,4,4,2,2,,,,6,3,3,,,,0,0,0,,,
29/11/2021 22:00,13,8,5,2,0,2,2,1,1,4,4,0,,,,5,3,2,,,,0,0,0,,,
29/11/2021 23:00,2,1,1,1,0,1,3,0,3,4,0,4,,,,3,2,1,,,,0,0,0,,,
30/11/2021 00:00,0,0,0,0,0,0,1,0,1,2,1,1,,,,1,0,1,,,,0,0,0,,,
30/11/2021 01:00,0,0,0,0,0,0,0,0,0,0,0,0,,,,0,0,0,,,,0,0,0,,,
30/11/2021 02:00,0,0,0,0,0,0,0,0,0,3,3,0,,,,0,0,0,,,,0,0,0,,,
30/11/2021 03:00,1,1,0,0,0,0,0,0,0,7,7,0,,,,0,0,0,,,,0,0,0,,,
30/11/2021 04:00,0,0,0,0,0,0,0,0,0,3,3,0,,,,0,0,0,,,,0,0,0,,,
30/11/2021 05:00,5,1,4,0,0,0,1,0,1,7,5,2,,,,3,2,1,,,,0,0,0,,,
30/11/2021 06:00,43,21,22,9,5,4,8,6,2,25,23,2,,,,14,10,4,,,,0,0,0,,,
30/11/2021 07:00,97,54,43,41,21,20,19,12,7,43,33,10,,,,39,19,20,,,,0,0,0,,,
30/11/2021 08:00,100,51,49,49,21,28,30,16,14,51,25,26,,,,69,35,34,,,,0,0,0,,,
30/11/2021 09:00,95,58,37,31,17,14,17,10,7,40,25,15,,,,52,27,25,,,,0,0,0,,,
30/11/2021 10:00,107,47,60,27,19,8,26,12,14,19,12,7,,,,46,27,19,,,,0,0,0,,,
30/11/2021 11:00,194,80,114,25,9,16,28,14,14,42,22,20,,,,51,30,21,,,,0,0,0,,,
30/11/2021 12:00,129,63,66,31,19,12,18,8,10,45,19,26,,,,49,24,25,,,,0,0,0,,,
30/11/2021 13:00,119,61,58,35,21,14,32,17,15,26,13,13,,,,84,51,33,,,,0,0,0,,,
30/11/2021 14:00,137,73,64,22,7,15,19,15,4,25,11,14,,,,84,47,37,,,,0,0,0,,,
30/11/2021 15:00,110,61,49,10,2,8,22,15,7,23,13,10,,,,44,22,22,,,,0,0,0,,,
30/11/2021 16:00,108,55,53,20,10,10,23,10,13,26,10,16,,,,33,14,19,,,,0,0,0,,,
30/11/2021 17:00,67,37,30,25,14,11,20,8,12,19,9,10,,,,23,11,12,,,,0,0,0,,,
30/11/2021 18:00,26,12,14,11,6,5,13,6,7,14,7,7,,,,38,25,13,,,,0,0,0,,,
30/11/2021 19:00,25,12,13,22,12,10,16,12,4,10,6,4,,,,20,12,8,,,,0,0,0,,,
30/11/2021 20:00,53,30,23,22,11,11,13,10,3,9,4,5,,,,11,4,7,,,,0,0,0,,,
30/11/2021 21:00,37,17,20,8,4,4,8,2,6,7,4,3,,,,6,3,3,,,,0,0,0,,,
30/11/2021 22:00,18,8,10,5,1,4,2,0,2,4,3,1,,,,1,0,1,,,,0,0,0,,,
30/11/2021 23:00,3,2,1,2,1,1,2,0,2,3,0,3,,,,1,1,0,,,,0,0,0,,,
01/12/2021 00:00,0,0,0,0,0,0,1,0,1,0,0,0,,,,0,0,0,,,,0,0,0,,,
01/12/2021 01:00,0,0,0,0,0,0,0,0,0,0,0,0,,,,0,0,0,,,,0,0,0,,,
01/12/2021 02:00,0,0,0,0,0,0,0,0,0,0,0,0,,,,0,0,0,,,,0,0,0,,,
01/12/2021 03:00,0,0,0,0,0,0,0,0,0,0,0,0,,,,0,0,0,,,,0,0,0,,,
01/12/2021 04:00,0,0,0,0,0,0,0,0,0,0,0,0,,,,0,0,0,,,,0,0,0,,,
01/12/2021 05:00,6,2,4,4,1,3,4,1,3,2,1,1,,,,1,0,1,,,,0,0,0,,,
01/12/2021 06:00,28,14,14,11,2,9,16,10,6,5,2,3,,,,13,10,3,,,,0,0,0,,,
01/12/2021 07:00,73,34,39,23,6,17,17,9,8,16,4,12,,,,27,14,13,,,,0,0,0,,,
01/12/2021 08:00,113,64,49,37,18,19,29,17,12,38,21,17,,,,72,40,32,,,,0,0,0,,,
01/12/2021 09:00,81,49,32,39,24,15,25,18,7,31,19,12,,,,41,23,18,,,,0,0,0,,,
01/12/2021 10:00,114,48,66,28,16,12,26,16,10,13,7,6,,,,38,26,12,,,,0,0,0,,,
01/12/2021 11:00,104,50,54,29,15,14,19,9,10,43,14,29,,,,66,38,28,,,,0,0,0,,,
01/12/2021 12:00,106,52,54,30,15,15,24,9,15,159,135,24,,,,77,47,30,,,,0,0,0,,,
01/12/2021 13:00,146,67,79,29,12,17,27,12,15,70,50,20,,,,65,34,31,,,,0,0,0,,,
01/12/2021 14:00,90,43,47,48,29,19,14,5,9,34,24,10,,,,58,38,20,,,,0,0,0,,,
01/12/2021 15:00,75,46,29,26,15,11,19,8,11,20,6,14,,,,46,21,25,,,,0,0,0,,,
01/12/2021 16:00,91,46,45,19,12,7,25,11,14,22,10,12,,,,52,27,25,,,,0,0,0,,,
01/12/2021 17:00,72,32,40,47,29,18,28,17,11,19,6,13,,,,29,15,14,,,,0,0,0,,,
01/12/2021 18:00,120,59,61,60,31,29,38,16,22,15,4,11,,,,32,17,15,,,,0,0,0,,,
01/12/2021 19:00,126,72,54,53,38,15,42,27,15,11,6,5,,,,28,18,10,,,,0,0,0,,,
01/12/2021 20:00,91,44,47,39,12,27,28,14,14,10,5,5,,,,27,17,10,,,,0,0,0,,,
01/12/2021 21:00,50,33,17,11,5,6,13,5,8,5,3,2,,,,8,3,5,,,,0,0,0,,,
01/12/2021 22:00,12,9,3,9,5,4,4,3,1,5,2,3,,,,2,1,1,,,,0,0,0,,,
01/12/2021 23:00,4,1,3,7,4,3,4,2,2,2,0,2,,,,2,0,2,,,,0,0,0,,,
02/12/2021 00:00,0,0,0,0,0,0,0,0,0,0,0,0,,,,0,0,0,,,,,,,,,
02/12/2021 01:00,0,0,0,3,0,3,1,0,1,0,0,0,,,,0,0,0,,,,,,,,,
02/12/2021 02:00,0,0,0,0,0,0,0,0,0,0,0,0,,,,0,0,0,,,,,,,,,
02/12/2021 03:00,0,0,0,0,0,0,0,0,0,1,1,0,,,,2,1,1,,,,,,,,,
02/12/2021 04:00,0,0,0,0,0,0,0,0,0,0,0,0,,,,1,1,0,,,,,,,,,
02/12/2021 05:00,4,2,2,6,1,5,2,1,1,1,1,0,,,,2,1,1,,,,,,,,,
02/12/2021 06:00,35,17,18,6,4,2,14,10,4,4,0,4,,,,20,14,6,,,,,,,,,
02/12/2021 07:00,79,46,33,33,12,21,20,8,12,12,5,7,,,,38,19,19,,,,,,,,,
02/12/2021 08:00,94,50,44,39,25,14,32,21,11,38,16,22,,,,74,37,37,,,,,,,,,
02/12/2021 09:00,89,48,41,42,22,20,28,14,14,30,19,11,,,,57,28,29,,,,,,,,,
02/12/2021 10:00,132,62,70,29,15,14,16,13,3,24,9,15,,,,55,28,27,,,,,,,,,
02/12/2021 11:00,139,59,80,45,27,18,28,11,17,28,14,14,,,,47,36,11,,,,,,,,,
02/12/2021 12:00,145,71,74,48,22,26,36,20,16,41,17,24,,,,67,39,28,,,,,,,,,
02/12/2021 13:00,162,90,72,44,27,17,37,23,14,36,20,16,,,,98,53,45,,,,,,,,,
02/12/2021 14:00,118,53,65,24,15,9,15,8,7,46,28,18,,,,91,57,34,,,,,,,,,
02/12/2021 15:00,146,76,70,38,20,18,19,10,9,36,19,17,,,,90,48,42,,,,,,,,,
02/12/2021 16:00,97,57,40,32,20,12,27,16,11,22,11,11,,,,56,20,36,,,,,,,,,
02/12/2021 17:00,80,37,43,30,16,14,31,15,16,24,15,9,,,,54,21,33,,,,,,,,,
02/12/2021 18:00,93,54,39,34,18,16,37,23,14,26,7,19,,,,41,20,21,,,,,,,,,
02/12/2021 19:00,33,21,12,16,7,9,11,4,7,4,3,1,,,,20,8,12,,,,,,,,,
02/12/2021 20:00,10,5,5,6,5,1,4,2,2,3,1,2,,,,2,1,1,,,,,,,,,
02/12/2021 21:00,7,5,2,2,1,1,1,0,1,2,1,1,,,,1,0,1,,,,,,,,,
02/12/2021 22:00,5,3,2,1,1,0,1,1,0,2,2,0,,,,5,4,1,,,,,,,,,
02/12/2021 23:00,3,3,0,3,1,2,2,0,2,5,1,4,,,,2,1,1,,,,,,,,,
03/12/2021 00:00,0,0,0,0,0,0,0,0,0,0,0,0,,,,0,0,0,,,,,,,,,
03/12/2021 01:00,2,2,0,0,0,0,0,0,0,5,0,5,,,,0,0,0,,,,,,,,,
03/12/2021 02:00,1,1,0,0,0,0,2,0,2,0,0,0,,,,0,0,0,,,,,,,,,
03/12/2021 03:00,1,0,1,0,0,0,1,0,1,0,0,0,,,,0,0,0,,,,,,,,,
03/12/2021 04:00,0,0,0,0,0,0,1,1,0,0,0,0,,,,0,0,0,,,,,,,,,
03/12/2021 05:00,2,1,1,1,0,1,2,0,2,1,1,0,,,,4,2,2,,,,,,,,,
03/12/2021 06:00,31,13,18,4,3,1,11,8,3,5,2,3,,,,8,6,2,,,,,,,,,
03/12/2021 07:00,69,33,36,28,12,16,19,11,8,10,3,7,,,,29,20,9,,,,,,,,,
03/12/2021 08:00,113,52,61,44,21,23,19,10,9,40,23,17,,,,78,41,37,,,,,,,,,
03/12/2021 09:00,127,69,58,47,25,22,20,14,6,25,16,9,,,,47,31,16,,,,,,,,,
03/12/2021 10:00,116,69,47,37,18,19,30,18,12,28,16,12,,,,43,21,22,,,,,,,,,
03/12/2021 11:00,138,59,79,42,20,22,24,8,16,20,12,8,,,,70,41,29,,,,,,,,,
03/12/2021 12:00,153,73,80,29,14,15,17,8,9,35,19,16,,,,69,33,36,,,,,,,,,
03/12/2021 13:00,126,71,55,40,25,15,35,21,14,37,20,17,,,,91,50,41,,,,,,,,,
03/12/2021 14:00,103,52,51,30,18,12,22,11,11,27,15,12,,,,91,39,52,,,,,,,,,
03/12/2021 15:00,119,58,61,37,23,14,24,8,16,19,12,7,,,,68,32,36,,,,,,,,,
03/12/2021 16:00,105,50,55,33,20,13,39,23,16,15,6,9,,,,54,25,29,,,,,,,,,
03/12/2021 17:00,100,49,51,41,25,16,43,17,26,14,3,11,,,,49,21,28,,,,,,,,,
03/12/2021 18:00,74,39,35,26,8,18,27,11,16,14,4,10,,,,38,21,17,,,,,,,,,
03/12/2021 19:00,103,51,52,25,11,14,28,15,13,15,5,10,,,,21,10,11,,,,,,,,,
03/12/2021 20:00,76,43,33,20,8,12,16,4,12,6,6,0,,,,12,7,5,,,,,,,,,
03/12/2021 21:00,47,30,17,16,5,11,3,3,0,6,2,4,,,,10,3,7,,,,,,,,,
03/12/2021 22:00,16,8,8,0,0,0,7,4,3,3,1,2,,,,6,2,4,,,,,,,,,
03/12/2021 23:00,8,6,2,0,0,0,3,0,3,4,2,2,,,,6,4,2,,,,,,,,,
04/12/2021 00:00,1,0,1,2,0,2,6,4,2,5,5,0,,,,6,2,4,,,,,,,,,
04/12/2021 01:00,1,1,0,3,3,0,0,0,0,0,0,0,,,,1,1,0,,,,,,,,,
04/12/2021 02:00,1,1,0,0,0,0,1,1,0,0,0,0,,,,0,0,0,,,,,,,,,
04/12/2021 03:00,0,0,0,1,0,1,0,0,0,0,0,0,,,,0,0,0,,,,,,,,,
04/12/2021 04:00,0,0,0,0,0,0,0,0,0,0,0,0,,,,0,0,0,,,,,,,,,
04/12/2021 05:00,1,1,0,0,0,0,1,0,1,0,0,0,,,,2,2,0,,,,,,,,,
04/12/2021 06:00,10,4,6,2,1,1,2,1,1,2,1,1,,,,11,5,6,,,,,,,,,
04/12/2021 07:00,41,16,25,7,1,6,13,4,9,7,1,6,,,,10,8,2,,,,,,,,,
04/12/2021 08:00,54,25,29,25,16,9,20,10,10,13,3,10,,,,34,18,16,,,,,,,,,
04/12/2021 09:00,90,48,42,22,10,12,24,11,13,32,23,9,,,,35,18,17,,,,,,,,,
04/12/2021 10:00,153,78,75,51,27,24,33,19,14,42,31,11,,,,67,45,22,,,,,,,,,
04/12/2021 11:00,159,76,83,56,33,23,44,23,21,48,32,16,,,,121,68,53,,,,,,,,,
04/12/2021 12:00,223,116,107,67,29,38,43,27,16,42,20,22,,,,95,48,47,,,,,,,,,
04/12/2021 13:00,241,125,116,60,34,26,36,22,14,44,23,21,,,,76,45,31,,,,,,,,,
04/12/2021 14:00,216,112,104,46,19,27,36,19,17,34,11,23,,,,69,45,24,,,,,,,,,
04/12/2021 15:00,235,110,125,49,26,23,54,28,26,59,25,34,,,,73,32,41,,,,,,,,,
04/12/2021 16:00,150,82,68,50,27,23,37,18,19,38,18,20,,,,65,36,29,,,,,,,,,
04/12/2021 17:00,75,40,35,29,15,14,17,9,8,35,17,18,,,,29,13,16,,,,,,,,,
04/12/2021 18:00,60,29,31,12,8,4,19,9,10,9,2,7,,,,23,15,8,,,,,,,,,
04/12/2021 19:00,57,26,31,23,15,8,20,15,5,13,3,10,,,,12,9,3,,,,,,,,,
04/12/2021 20:00,39,18,21,16,13,3,7,5,2,6,4,2,,,,7,3,4,,,,,,,,,
04/12/2021 21:00,16,12,4,11,10,1,9,4,5,4,3,1,,,,4,4,0,,,,,,,,,
04/12/2021 22:00,9,6,3,7,0,7,10,2,8,3,2,1,,,,4,2,2,,,,,,,,,
04/12/2021 23:00,14,6,8,4,2,2,4,4,0,5,2,3,,,,8,4,4,,,,,,,,,
05/12/2021 00:00,0,0,0,1,1,0,2,2,0,3,3,0,,,,3,1,2,,,,,,,,,
05/12/2021 01:00,2,1,1,0,0,0,0,0,0,2,1,1,,,,0,0,0,,,,,,,,,
05/12/2021 02:00,0,0,0,2,2,0,0,0,0,0,0,0,,,,0,0,0,,,,,,,,,
05/12/2021 03:00,3,2,1,1,0,1,1,1,0,0,0,0,,,,0,0,0,,,,,,,,,
05/12/2021 04:00,1,0,1,0,0,0,0,0,0,2,1,1,,,,0,0,0,,,,,,,,,
05/12/2021 05:00,1,0,1,1,0,1,1,0,1,0,0,0,,,,1,1,0,,,,,,,,,
05/12/2021 06:00,4,1,3,3,1,2,5,3,2,0,0,0,,,,2,1,1,,,,,,,,,
05/12/2021 07:00,12,4,8,8,4,4,5,0,5,6,1,5,,,,10,8,2,,,,,,,,,
05/12/2021 08:00,80,34,46,22,15,7,16,12,4,9,2,7,,,,23,13,10,,,,,,,,,
05/12/2021 09:00,138,66,72,39,23,16,29,15,14,21,4,17,,,,70,41,29,,,,,,,,,
05/12/2021 10:00,293,155,138,76,29,47,65,23,42,50,30,20,,,,110,64,46,,,,,,,,,
05/12/2021 11:00,436,240,196,77,40,37,47,28,19,54,30,24,,,,161,74,87,,,,,,,,,
05/12/2021 12:00,667,316,351,68,26,42,75,35,40,66,32,34,,,,145,90,55,,,,,,,,,
05/12/2021 13:00,529,279,250,52,36,16,61,36,25,53,29,24,,,,127,77,50,,,,,,,,,
05/12/2021 14:00,576,266,310,55,25,30,78,46,32,65,38,27,,,,109,65,44,,,,,,,,,
05/12/2021 15:00,481,251,230,56,33,23,61,32,29,42,26,16,,,,121,62,59,,,,,,,,,
05/12/2021 16:00,330,157,173,54,24,30,40,17,23,39,22,17,,,,74,36,38,,,,,,,,,
05/12/2021 17:00,140,76,64,42,20,22,26,15,11,9,6,3,,,,27,6,21,,,,,,,,,
05/12/2021 18:00,75,49,26,21,4,17,17,3,14,10,5,5,,,,10,4,6,,,,,,,,,
05/12/2021 19:00,51,29,22,18,11,7,17,6,11,8,0,8,,,,13,8,5,,,,,,,,,
05/12/2021 20:00,24,11,13,17,9,8,11,9,2,7,6,1,,,,18,8,10,,,,,,,,,
05/12/2021 21:00,14,6,8,7,3,4,13,6,7,6,4,2,,,,6,3,3,,,,,,,,,
05/12/2021 22:00,3,1,2,6,3,3,2,1,1,3,3,0,,,,3,0,3,,,,,,,,,
05/12/2021 23:00,3,0,3,1,0,1,0,0,0,0,0,0,,,,0,0,0,,,,,,,,,
06/12/2021 00:00,0,0,0,0,0,0,2,2,0,0,0,0,,,,0,0,0,,,,,,,,,
06/12/2021 01:00,1,0,1,0,0,0,1,1,0,0,0,0,,,,0,0,0,,,,,,,,,
06/12/2021 02:00,0,0,0,1,1,0,1,1,0,0,0,0,,,,0,0,0,,,,,,,,,
06/12/2021 03:00,0,0,0,0,0,0,0,0,0,2,1,1,,,,0,0,0,,,,,,,,,
06/12/2021 04:00,0,0,0,0,0,0,0,0,0,0,0,0,,,,0,0,0,,,,,,,,,
06/12/2021 05:00,5,2,3,3,1,2,2,1,1,2,1,1,,,,4,1,3,,,,,,,,,
06/12/2021 06:00,23,12,11,5,3,2,11,7,4,8,2,6,,,,15,10,5,,,,,,,,,
06/12/2021 07:00,61,32,29,18,5,13,10,2,8,8,4,4,,,,25,13,12,,,,,,,,,
06/12/2021 08:00,89,40,49,17,10,7,12,6,6,43,22,21,,,,70,36,34,,,,,,,,,
06/12/2021 09:00,118,61,57,33,24,9,17,12,5,32,21,11,,,,44,23,21,,,,,,,,,
06/12/2021 10:00,123,58,65,37,21,16,21,12,9,21,13,8,,,,57,39,18,,,,,,,,,
06/12/2021 11:00,131,71,60,23,7,16,25,10,15,32,17,15,,,,55,26,29,,,,,,,,,
06/12/2021 12:00,141,71,70,43,22,21,26,16,10,82,51,31,,,,59,33,26,,,,,,,,,
06/12/2021 13:00,123,58,65,49,26,23,29,14,15,46,25,21,,,,90,52,38,,,,,,,,,
06/12/2021 14:00,98,42,56,21,16,5,18,13,5,45,25,20,,,,54,29,25,,,,,,,,,
06/12/2021 15:00,83,37,46,42,24,18,17,9,8,41,24,17,,,,45,24,21,,,,,,,,,
06/12/2021 16:00,70,40,30,32,11,21,15,9,6,33,17,16,,,,39,16,23,,,,,,,,,
06/12/2021 17:00,70,30,40,38,20,18,35,23,12,26,12,14,,,,38,23,15,,,,,,,,,
06/12/2021 18:00,67,37,30,34,14,20,18,10,8,11,6,5,,,,40,23,17,,,,,,,,,
06/12/2021 19:00,64,34,30,40,22,18,18,10,8,16,9,7,,,,24,12,12,,,,,,,,,
06/12/2021 20:00,80,39,41,27,12,15,23,10,13,14,8,6,,,,27,12,15,,,,,,,,,
06/12/2021 21:00,29,20,9,11,6,5,18,8,10,3,3,0,,,,4,4,0,,,,,,,,,
06/12/2021 22:00,8,7,1,7,2,5,4,2,2,4,3,1,,,,6,2,4,,,,,,,,,
06/12/2021 23:00,4,2,2,2,1,1,0,0,0,1,0,1,,,,4,3,1,,,,,,,,,
07/12/2021 00:00,0,0,0,0,0,0,5,5,0,0,0,0,,,,1,0,1,,,,,,,,,
07/12/2021 01:00,1,1,0,0,0,0,1,0,1,1,1,0,,,,0,0,0,,,,,,,,,
07/12/2021 02:00,0,0,0,0,0,0,0,0,0,0,0,0,,,,0,0,0,,,,,,,,,
07/12/2021 03:00,0,0,0,0,0,0,0,0,0,0,0,0,,,,0,0,0,,,,,,,,,
07/12/2021 04:00,0,0,0,0,0,0,0,0,0,0,0,0,,,,0,0,0,,,,,,,,,
07/12/2021 05:00,2,1,1,2,0,2,0,0,0,0,0,0,,,,2,1,1,,,,,,,,,
07/12/2021 06:00,1,0,1,3,0,3,1,0,1,1,1,0,,,,5,5,0,,,,,,,,,
07/12/2021 07:00,11,5,6,1,0,1,4,1,3,4,2,2,,,,7,4,3,,,,,,,,,
07/12/2021 08:00,2,1,1,5,4,1,2,1,1,7,7,0,,,,9,8,1,,,,,,,,,
07/12/2021 09:00,9,4,5,5,4,1,7,3,4,16,13,3,,,,5,3,2,,,,,,,,,
07/12/2021 10:00,21,6,15,24,12,12,5,5,0,27,21,6,,,,11,6,5,,,,,,,,,
07/12/2021 11:00,73,34,39,13,3,10,18,7,11,31,17,14,,,,14,8,6,,,,,,,,,
07/12/2021 12:00,102,50,52,16,9,7,12,10,2,29,21,8,,,,31,22,9,,,,,,,,,
07/12/2021 13:00,105,55,50,24,12,12,26,12,14,28,16,12,,,,39,21,18,,,,,,,,,
07/12/2021 14:00,74,35,39,13,4,9,11,9,2,23,16,7,,,,21,9,12,,,,,,,,,
07/12/2021 15:00,54,26,28,18,9,9,18,8,10,22,5,17,,,,31,15,16,,,,,,,,,
07/12/2021 16:00,40,22,18,6,3,3,11,7,4,20,9,11,,,,17,9,8,,,,,,,,,
07/12/2021 17:00,29,13,16,24,12,12,20,7,13,12,4,8,,,,16,9,7,,,,,,,,,
07/12/2021 18:00,39,25,14,19,8,11,10,5,5,18,12,6,,,,31,14,17,,,,,,,,,
07/12/2021 19:00,55,25,30,33,18,15,16,10,6,359,329,30,,,,20,11,9,,,,,,,,,
07/12/2021 20:00,16,10,6,7,5,2,3,1,2,7,6,1,,,,5,3,2,,,,,,,,,
07/12/2021 21:00,6,5,1,3,0,3,7,2,5,14,14,0,,,,2,1,1,,,,,,,,,
07/12/2021 22:00,5,4,1,0,0,0,0,0,0,235,233,2,,,,2,2,0,,,,,,,,,
07/12/2021 23:00,1,0,1,2,0,2,0,0,0,0,0,0,,,,2,1,1,,,,,,,,,
08/12/2021 00:00,0,0,0,1,0,1,0,0,0,0,0,0,,,,0,0,0,,,,,,,,,
08/12/2021 01:00,0,0,0,0,0,0,0,0,0,0,0,0,,,,1,1,0,,,,,,,,,
08/12/2021 02:00,0,0,0,0,0,0,0,0,0,0,0,0,,,,0,0,0,,,,,,,,,
08/12/2021 03:00,0,0,0,0,0,0,1,1,0,0,0,0,,,,0,0,0,,,,,,,,,
08/12/2021 04:00,0,0,0,0,0,0,0,0,0,1,1,0,,,,0,0,0,,,,,,,,,
08/12/2021 05:00,0,0,0,0,0,0,0,0,0,0,0,0,,,,0,0,0,,,,0,0,0,,,
08/12/2021 06:00,1,0,1,1,0,1,1,0,1,2,1,1,,,,2,2,0,,,,0,0,0,,,
08/12/2021 07:00,18,10,8,4,1,3,6,2,4,10,3,7,,,,11,7,4,,,,0,0,0,,,
08/12/2021 08:00,38,17,21,10,3,7,6,3,3,260,258,2,,,,20,15,5,,,,0,0,0,,,
08/12/2021 09:00,43,25,18,15,9,6,10,4,6,141,127,14,,,,21,10,11,,,,0,0,0,,,
08/12/2021 10:00,66,35,31,17,8,9,7,4,3,571,499,72,,,,21,9,12,,,,0,0,0,,,
08/12/2021 11:00,61,27,34,25,16,9,11,3,8,444,404,40,,,,20,12,8,,,,0,0,0,,,
08/12/2021 12:00,66,39,27,17,9,8,17,10,7,147,132,15,,,,40,23,17,,,,0,0,0,,,
08/12/2021 13:00,65,28,37,19,7,12,25,10,15,302,268,34,,,,40,25,15,,,,0,0,0,,,
08/12/2021 14:00,52,33,19,18,8,10,16,10,6,307,291,16,,,,17,9,8,,,,0,0,0,,,
08/12/2021 15:00,51,33,18,5,2,3,5,3,2,499,406,93,,,,26,10,16,,,,0,0,0,,,
08/12/2021 16:00,57,23,34,19,8,11,11,5,6,623,515,108,,,,20,8,12,,,,0,0,0,,,
08/12/2021 17:00,57,30,27,22,15,7,17,7,10,930,791,139,,,,21,8,13,,,,0,0,0,,,
08/12/2021 18:00,48,31,17,36,23,13,21,12,9,959,844,115,,,,29,15,14,,,,0,0,0,,,
08/12/2021 19:00,57,25,32,27,11,16,26,11,15,1167,1075,92,,,,24,15,9,,,,0,0,0,,,
08/12/2021 20:00,46,21,25,13,5,8,17,5,12,692,614,78,,,,17,8,9,,,,0,0,0,,,
08/12/2021 21:00,20,12,8,6,3,3,12,5,7,21,15,6,,,,7,4,3,,,,0,0,0,,,
08/12/2021 22:00,16,12,4,3,1,2,4,2,2,7,5,2,,,,4,2,2,,,,0,0,0,,,
08/12/2021 23:00,4,3,1,1,1,0,2,1,1,17,14,3,,,,0,0,0,,,,0,0,0,,,
09/12/2021 00:00,0,0,0,0,0,0,2,0,2,2,2,0,,,,1,1,0,,,,,,,,,
09/12/2021 01:00,0,0,0,1,1,0,0,0,0,7,6,1,,,,0,0,0,,,,,,,,,
09/12/2021 02:00,0,0,0,0,0,0,0,0,0,0,0,0,,,,0,0,0,,,,,,,,,
09/12/2021 03:00,0,0,0,0,0,0,0,0,0,4,3,1,,,,0,0,0,,,,,,,,,
09/12/2021 04:00,1,1,0,0,0,0,0,0,0,0,0,0,,,,0,0,0,,,,,,,,,
09/12/2021 05:00,4,2,2,2,0,2,0,0,0,4,4,0,,,,0,0,0,,,,,,,,,
09/12/2021 06:00,38,15,23,4,2,2,9,4,5,6,4,2,,,,13,8,5,,,,,,,,,
09/12/2021 07:00,74,44,30,23,6,17,21,11,10,12,7,5,,,,34,15,19,,,,,,,,,
09/12/2021 08:00,103,56,47,34,19,15,23,15,8,39,16,23,,,,76,40,36,,,,,,,,,
09/12/2021 09:00,123,54,69,42,25,17,31,18,13,28,14,14,,,,67,41,26,,,,,,,,,
09/12/2021 10:00,100,42,58,27,19,8,28,14,14,25,16,9,,,,40,24,16,,,,,,,,,
09/12/2021 11:00,111,62,49,33,14,19,24,11,13,33,12,21,,,,64,36,28,,,,,,,,,
09/12/2021 12:00,108,55,53,44,22,22,21,7,14,36,17,19,,,,48,28,20,,,,,,,,,
09/12/2021 13:00,167,85,82,41,18,23,38,18,20,31,16,15,,,,69,40,29,,,,,,,,,
09/12/2021 14:00,101,46,55,42,21,21,17,12,5,29,14,15,,,,82,39,43,,,,,,,,,
09/12/2021 15:00,83,45,38,17,9,8,20,10,10,41,24,17,,,,45,17,28,,,,,,,,,
09/12/2021 16:00,53,27,26,28,17,11,17,5,12,14,8,6,,,,45,18,27,,,,,,,,,
09/12/2021 17:00,62,31,31,21,12,9,26,15,11,14,5,9,,,,49,19,30,,,,,,,,,
09/12/2021 18:00,77,41,36,26,13,13,33,19,14,18,11,7,,,,60,35,25,,,,,,,,,
09/12/2021 19:00,62,37,25,27,13,14,26,7,19,14,4,10,,,,54,28,26,,,,,,,,,
09/12/2021 20:00,51,30,21,28,16,12,22,13,9,12,5,7,,,,29,16,13,,,,,,,,,
09/12/2021 21:00,28,11,17,10,4,6,23,12,11,7,4,3,,,,9,3,6,,,,,,,,,
09/12/2021 22:00,25,14,11,8,3,5,4,1,3,8,5,3,,,,0,0,0,,,,,,,,,
09/12/2021 23:00,8,7,1,2,1,1,1,0,1,2,2,0,,,,1,0,1,,,,,,,,,
10/12/2021 00:00,0,0,0,0,0,0,3,1,2,2,1,1,,,,1,1,0,,,,,,,,,
10/12/2021 01:00,0,0,0,2,2,0,0,0,0,0,0,0,,,,1,1,0,,,,,,,,,
10/12/2021 02:00,0,0,0,0,0,0,0,0,0,0,0,0,,,,1,0,1,,,,,,,,,
10/12/2021 03:00,0,0,0,0,0,0,0,0,0,0,0,0,,,,0,0,0,,,,,,,,,
10/12/2021 04:00,0,0,0,0,0,0,0,0,0,0,0,0,,,,0,0,0,,,,,,,,,
10/12/2021 05:00,4,2,2,2,0,2,1,0,1,2,1,1,,,,2,1,1,,,,,,,,,
10/12/2021 06:00,26,11,15,11,6,5,5,2,3,7,7,0,,,,8,5,3,,,,,,,,,
10/12/2021 07:00,52,31,21,23,10,13,15,8,7,25,15,10,,,,25,11,14,,,,,,,,,
10/12/2021 08:00,93,46,47,31,17,14,16,11,5,50,26,24,,,,59,37,22,,,,,,,,,
10/12/2021 09:00,117,61,56,183,158,25,23,13,10,33,18,15,,,,50,31,19,,,,,,,,,
10/12/2021 10:00,139,61,78,181,163,18,21,11,10,25,18,7,,,,33,23,10,,,,,,,,,
10/12/2021 11:00,134,66,68,73,49,24,18,6,12,26,10,16,,,,51,33,18,,,,,,,,,
10/12/2021 12:00,121,50,71,35,17,18,26,10,16,28,12,16,,,,62,32,30,,,,,,,,,
10/12/2021 13:00,134,76,58,46,24,22,37,22,15,35,18,17,,,,85,52,33,,,,,,,,,
10/12/2021 14:00,134,58,76,38,18,20,23,8,15,21,11,10,,,,65,44,21,,,,,,,,,
10/12/2021 15:00,117,65,52,25,14,11,17,12,5,18,8,10,,,,59,28,31,,,,,,,,,
10/12/2021 16:00,110,52,58,41,23,18,22,16,6,27,10,17,,,,51,23,28,,,,,,,,,
10/12/2021 17:00,75,38,37,36,21,15,31,16,15,22,7,15,,,,48,22,26,,,,,,,,,
10/12/2021 18:00,72,40,32,29,13,16,28,10,18,13,4,9,,,,33,16,17,,,,,,,,,
10/12/2021 19:00,59,31,28,25,14,11,19,15,4,11,6,5,,,,28,18,10,,,,,,,,,
10/12/2021 20:00,43,22,21,11,8,3,11,5,6,7,6,1,,,,19,10,9,,,,,,,,,
10/12/2021 21:00,23,10,13,5,3,2,9,5,4,6,3,3,,,,6,3,3,,,,,,,,,
10/12/2021 22:00,20,12,8,11,4,7,12,5,7,4,2,2,,,,2,2,0,,,,,,,,,
10/12/2021 23:00,10,8,2,4,4,0,4,1,3,3,1,2,,,,2,1,1,,,,,,,,,
11/12/2021 00:00,0,0,0,0,0,0,7,1,6,1,0,1,,,,2,2,0,,,,,,,,,
11/12/2021 01:00,1,1,0,1,1,0,1,1,0,2,0,2,,,,1,1,0,,,,,,,,,
11/12/2021 02:00,0,0,0,3,1,2,1,0,1,0,0,0,,,,0,0,0,,,,,,,,,
11/12/2021 03:00,0,0,0,0,0,0,0,0,0,0,0,0,,,,0,0,0,,,,,,,,,
11/12/2021 04:00,0,0,0,0,0,0,2,1,1,0,0,0,,,,0,0,0,,,,,,,,,
11/12/2021 05:00,1,1,0,0,0,0,0,0,0,0,0,0,,,,2,1,1,,,,0,0,0,,,
11/12/2021 06:00,13,4,9,1,1,0,5,3,2,1,0,1,,,,6,4,2,,,,0,0,0,,,
11/12/2021 07:00,40,25,15,7,3,4,11,8,3,7,2,5,,,,17,12,5,,,,0,0,0,,,
11/12/2021 08:00,54,19,35,15,10,5,15,8,7,13,5,8,,,,35,15,20,,,,0,0,0,,,
11/12/2021 09:00,85,36,49,34,12,22,21,11,10,7,6,1,,,,54,38,16,,,,0,0,0,,,
11/12/2021 10:00,144,69,75,54,30,24,32,17,15,21,9,12,,,,82,39,43,,,,0,0,0,,,
11/12/2021 11:00,188,114,74,39,22,17,44,33,11,26,13,13,,,,85,54,31,,,,0,0,0,,,
11/12/2021 12:00,212,103,109,42,21,21,50,28,22,32,20,12,,,,76,34,42,,,,0,0,0,,,
11/12/2021 13:00,184,87,97,42,23,19,28,16,12,39,15,24,,,,83,52,31,,,,0,0,0,,,
11/12/2021 14:00,173,87,86,42,24,18,28,16,12,48,22,26,,,,79,42,37,,,,0,0,0,,,
11/12/2021 15:00,295,159,136,54,27,27,28,16,12,62,36,26,,,,80,44,36,,,,0,0,0,,,
11/12/2021 16:00,229,113,116,38,19,19,31,18,13,26,11,15,,,,51,24,27,,,,0,0,0,,,
11/12/2021 17:00,95,59,36,40,14,26,23,9,14,20,6,14,,,,30,14,16,,,,0,0,0,,,
11/12/2021 18:00,90,54,36,20,13,7,20,10,10,20,9,11,,,,14,10,4,,,,0,0,0,,,
11/12/2021 19:00,58,24,34,17,6,11,16,8,8,10,5,5,,,,6,4,2,,,,0,0,0,,,
11/12/2021 20:00,34,15,19,7,5,2,11,5,6,6,4,2,,,,13,8,5,,,,0,0,0,,,
11/12/2021 21:00,27,19,8,12,7,5,13,7,6,9,4,5,,,,3,2,1,,,,0,0,0,,,
11/12/2021 22:00,29,27,2,4,0,4,7,4,3,9,5,4,,,,9,6,3,,,,0,0,0,,,
11/12/2021 23:00,4,2,2,6,5,1,9,7,2,7,2,5,,,,3,3,0,,,,0,0,0,,,
12/12/2021 00:00,3,3,0,1,0,1,0,0,0,7,4,3,,,,2,1,1,,,,,,,,,
12/12/2021 01:00,4,4,0,3,2,1,2,1,1,2,1,1,,,,1,1,0,,,,,,,,,
12/12/2021 02:00,1,1,0,0,0,0,1,1,0,0,0,0,,,,0,0,0,,,,,,,,,
12/12/2021 03:00,0,0,0,0,0,0,0,0,0,1,0,1,,,,0,0,0,,,,,,,,,
12/12/2021 04:00,0,0,0,1,1,0,0,0,0,0,0,0,,,,0,0,0,,,,,,,,,
12/12/2021 05:00,1,0,1,0,0,0,0,0,0,0,0,0,,,,0,0,0,,,,,,,,,
12/12/2021 06:00,4,1,3,2,0,2,0,0,0,1,1,0,,,,2,0,2,,,,,,,,,
12/12/2021 07:00,25,12,13,10,6,4,9,5,4,4,2,2,,,,3,3,0,,,,,,,,,
12/12/2021 08:00,59,24,35,18,13,5,13,8,5,10,4,6,,,,24,8,16,,,,,,,,,
12/12/2021 09:00,159,77,82,41,26,15,24,10,14,30,11,19,,,,49,26,23,,,,,,,,,
12/12/2021 10:00,274,146,128,58,20,38,53,31,22,23,12,11,,,,101,61,40,,,,,,,,,
12/12/2021 11:00,425,200,225,77,43,34,60,27,33,55,33,22,,,,106,54,52,,,,,,,,,
12/12/2021 12:00,483,277,206,60,21,39,57,31,26,49,25,24,,,,154,77,77,,,,,,,,,
12/12/2021 13:00,535,276,259,62,30,32,82,47,35,65,36,29,,,,102,50,52,,,,,,,,,
12/12/2021 14:00,566,293,273,76,46,30,58,32,26,52,25,27,,,,73,35,38,,,,,,,,,
12/12/2021 15:00,560,296,264,67,24,43,54,23,31,37,13,24,,,,82,42,40,,,,,,,,,
12/12/2021 16:00,354,175,179,70,34,36,54,30,24,29,19,10,,,,55,23,32,,,,,,,,,
12/12/2021 17:00,140,90,50,36,14,22,28,14,14,25,14,11,,,,35,16,19,,,,,,,,,
12/12/2021 18:00,60,34,26,17,8,9,23,11,12,18,8,10,,,,31,13,18,,,,,,,,,
12/12/2021 19:00,57,19,38,17,9,8,17,6,11,20,9,11,,,,15,6,9,,,,,,,,,
12/12/2021 20:00,41,22,19,26,13,13,15,5,10,17,7,10,,,,17,6,11,,,,,,,,,
12/12/2021 21:00,19,13,6,5,2,3,12,5,7,9,7,2,,,,14,8,6,,,,,,,,,
12/12/2021 22:00,10,6,4,7,4,3,13,6,7,7,6,1,,,,0,0,0,,,,,,,,,
12/12/2021 23:00,4,3,1,0,0,0,3,2,1,1,0,1,,,,0,0,0,,,,,,,,,
13/12/2021 00:00,0,0,0,0,0,0,2,0,2,0,0,0,,,,0,0,0,,,,,,,,,
13/12/2021 01:00,0,0,0,0,0,0,0,0,0,0,0,0,,,,0,0,0,,,,,,,,,
13/12/2021 02:00,0,0,0,1,1,0,0,0,0,0,0,0,,,,2,0,2,,,,,,,,,
13/12/2021 03:00,0,0,0,0,0,0,0,0,0,0,0,0,,,,0,0,0,,,,,,,,,
13/12/2021 04:00,0,0,0,1,1,0,0,0,0,0,0,0,,,,0,0,0,,,,,,,,,
13/12/2021 05:00,6,2,4,1,1,0,0,0,0,1,1,0,,,,3,1,2,,,,,,,,,
13/12/2021 06:00,26,14,12,18,11,7,19,11,8,6,3,3,,,,19,14,5,,,,,,,,,
13/12/2021 07:00,63,27,36,17,7,10,10,3,7,12,6,6,,,,42,25,17,,,,,,,,,
13/12/2021 08:00,93,41,52,29,14,15,15,9,6,41,15,26,,,,86,40,46,,,,,,,,,
13/12/2021 09:00,126,59,67,34,24,10,15,10,5,26,17,9,,,,64,38,26,,,,,,,,,
13/12/2021 10:00,103,53,50,32,19,13,19,11,8,24,13,11,,,,54,26,28,,,,,,,,,
13/12/2021 11:00,116,60,56,24,12,12,27,14,13,27,17,10,,,,44,22,22,,,,,,,,,
13/12/2021 12:00,153,68,85,52,17,35,39,17,22,30,15,15,,,,67,41,26,,,,,,,,,
13/12/2021 13:00,156,80,76,58,27,31,34,16,18,49,22,27,,,,89,43,46,,,,,,,,,
13/12/2021 14:00,131,60,71,27,12,15,22,12,10,26,13,13,,,,100,49,51,,,,,,,,,
13/12/2021 15:00,75,45,30,25,15,10,17,9,8,26,13,13,,,,54,25,29,,,,,,,,,
13/12/2021 16:00,38,26,12,22,12,10,18,6,12,19,9,10,,,,48,21,27,,,,,,,,,
13/12/2021 17:00,97,45,52,39,14,25,31,23,8,25,10,15,,,,44,14,30,,,,,,,,,
13/12/2021 18:00,101,49,52,38,21,17,39,27,12,13,7,6,,,,56,28,28,,,,,,,,,
13/12/2021 19:00,134,75,59,51,24,27,28,17,11,15,10,5,,,,39,19,20,,,,,,,,,
13/12/2021 20:00,112,66,46,27,11,16,17,10,7,8,8,0,,,,28,16,12,,,,,,,,,
13/12/2021 21:00,52,33,19,14,4,10,16,7,9,3,1,2,,,,12,6,6,,,,,,,,,
13/12/2021 22:00,17,12,5,9,2,7,4,0,4,7,4,3,,,,7,7,0,,,,,,,,,
13/12/2021 23:00,8,4,4,7,1,6,7,1,6,3,1,2,,,,3,1,2,,,,,,,,,
14/12/2021 00:00,0,0,0,2,0,2,3,1,2,0,0,0,,,,0,0,0,,,,,,,,,
14/12/2021 01:00,0,0,0,0,0,0,1,1,0,0,0,0,,,,2,1,1,,,,,,,,,
14/12/2021 02:00,0,0,0,2,0,2,0,0,0,0,0,0,,,,0,0,0,,,,,,,,,
14/12/2021 03:00,0,0,0,0,0,0,0,0,0,0,0,0,,,,2,1,1,,,,,,,,,
14/12/2021 04:00,0,0,0,0,0,0,0,0,0,0,0,0,,,,0,0,0,,,,,,,,,
14/12/2021 05:00,5,1,4,2,2,0,1,1,0,0,0,0,,,,3,1,2,,,,,,,,,
14/12/2021 06:00,36,17,19,9,3,6,9,3,6,7,4,3,,,,18,13,5,,,,,,,,,
14/12/2021 07:00,81,40,41,24,9,15,17,13,4,10,5,5,,,,40,23,17,,,,,,,,,
14/12/2021 08:00,109,60,49,35,19,16,23,14,9,39,22,17,,,,112,58,54,,,,,,,,,
14/12/2021 09:00,123,58,65,42,23,19,23,9,14,20,11,9,,,,65,30,35,,,,,,,,,
14/12/2021 10:00,127,57,70,35,21,14,21,17,4,26,12,14,,,,70,51,19,,,,,,,,,
14/12/2021 11:00,192,85,107,41,20,21,16,9,7,31,17,14,,,,81,37,44,,,,,,,,,
14/12/2021 12:00,223,117,106,52,29,23,24,13,11,35,21,14,,,,75,40,35,,,,,,,,,
14/12/2021 13:00,188,95,93,54,29,25,46,27,19,34,14,20,,,,130,61,69,,,,,,,,,
14/12/2021 14:00,155,80,75,38,17,21,37,23,14,25,11,14,,,,105,55,50,,,,,,,,,
14/12/2021 15:00,185,101,84,29,10,19,33,14,19,29,11,18,,,,96,37,59,,,,,,,,,
14/12/2021 16:00,151,76,75,43,21,22,31,14,17,27,16,11,,,,77,36,41,,,,,,,,,
14/12/2021 17:00,124,65,59,41,23,18,35,19,16,25,8,17,,,,42,19,23,,,,,,,,,
14/12/2021 18:00,115,61,54,39,18,21,35,13,22,18,8,10,,,,55,31,24,,,,,,,,,
14/12/2021 19:00,108,49,59,35,22,13,37,19,18,24,14,10,,,,102,43,59,,,,,,,,,
14/12/2021 20:00,90,52,38,24,8,16,29,11,18,17,7,10,,,,25,15,10,,,,,,,,,
14/12/2021 21:00,47,26,21,13,6,7,13,7,6,6,4,2,,,,8,5,3,,,,,,,,,
14/12/2021 22:00,26,16,10,10,6,4,7,6,1,19,10,9,,,,8,5,3,,,,,,,,,
14/12/2021 23:00,8,5,3,2,1,1,9,7,2,22,13,9,,,,3,2,1,,,,,,,,,
15/12/2021 00:00,0,0,0,0,0,0,1,0,1,11,5,6,,,,1,0,1,,,,,,,,,
15/12/2021 01:00,0,0,0,0,0,0,0,0,0,1,0,1,,,,0,0,0,,,,,,,,,
15/12/2021 02:00,0,0,0,0,0,0,0,0,0,0,0,0,,,,0,0,0,,,,,,,,,
15/12/2021 03:00,0,0,0,0,0,0,0,0,0,2,2,0,,,,0,0,0,,,,,,,,,
15/12/2021 04:00,0,0,0,0,0,0,0,0,0,16,9,7,,,,0,0,0,,,,,,,,,
15/12/2021 05:00,4,1,3,1,1,0,0,0,0,39,21,18,,,,1,0,1,,,,,,,,,
15/12/2021 06:00,37,16,21,13,7,6,16,12,4,11,7,4,,,,12,7,5,,,,,,,,,
15/12/2021 07:00,63,26,37,26,6,20,17,8,9,20,13,7,,,,40,26,14,,,,,,,,,
15/12/2021 08:00,122,59,63,31,12,19,21,14,7,42,23,19,,,,88,46,42,,,,,,,,,
15/12/2021 09:00,135,65,70,29,16,13,19,9,10,32,23,9,,,,60,28,32,,,,,,,,,
15/12/2021 10:00,111,51,60,27,12,15,23,15,8,20,12,8,,,,59,34,25,,,,,,,,,
15/12/2021 11:00,155,69,86,54,27,27,34,19,15,32,6,26,,,,62,31,31,,,,,,,,,
15/12/2021 12:00,189,95,94,43,21,22,30,18,12,31,15,16,,,,99,50,49,,,,,,,,,
15/12/2021 13:00,209,105,104,44,20,24,40,19,21,27,16,11,,,,172,89,83,,,,,,,,,
15/12/2021 14:00,161,77,84,46,21,25,23,8,15,40,22,18,,,,104,50,54,,,,,,,,,
15/12/2021 15:00,172,86,86,23,12,11,42,29,13,35,18,17,,,,88,39,49,,,,,,,,,
15/12/2021 16:00,154,82,72,46,28,18,29,15,14,27,8,19,,,,69,31,38,,,,,,,,,
15/12/2021 17:00,91,45,46,44,22,22,27,12,15,20,8,12,,,,52,21,31,,,,,,,,,
15/12/2021 18:00,91,50,41,43,24,19,39,23,16,10,5,5,,,,52,31,21,,,,,,,,,
15/12/2021 19:00,131,56,75,39,24,15,29,15,14,19,7,12,,,,31,13,18,,,,,,,,,
15/12/2021 20:00,100,54,46,33,16,17,24,11,13,6,2,4,,,,18,8,10,,,,,,,,,
15/12/2021 21:00,63,37,26,27,11,16,11,5,6,7,4,3,,,,19,9,10,,,,,,,,,
15/12/2021 22:00,18,12,6,2,1,1,7,0,7,0,0,0,,,,5,3,2,,,,,,,,,
15/12/2021 23:00,4,2,2,4,1,3,4,1,3,2,1,1,,,,2,0,2,,,,,,,,,
16/12/2021 00:00,1,1,0,0,0,0,1,1,0,0,0,0,,,,0,0,0,,,,,,,,,
16/12/2021 01:00,1,1,0,0,0,0,1,1,0,1,0,1,,,,1,1,0,,,,,,,,,
16/12/2021 02:00,0,0,0,0,0,0,0,0,0,0,0,0,,,,0,0,0,,,,,,,,,
16/12/2021 03:00,0,0,0,0,0,0,0,0,0,0,0,0,,,,0,0,0,,,,,,,,,
16/12/2021 04:00,0,0,0,0,0,0,0,0,0,0,0,0,,,,0,0,0,,,,,,,,,
16/12/2021 05:00,4,2,2,0,0,0,0,0,0,0,0,0,,,,6,3,3,,,,,,,,,
16/12/2021 06:00,24,12,12,14,7,7,20,11,9,8,4,4,,,,14,12,2,,,,,,,,,
16/12/2021 07:00,49,23,26,20,4,16,17,7,10,14,6,8,,,,31,19,12,,,,,,,,,
16/12/2021 08:00,141,65,76,39,20,19,24,12,12,43,19,24,,,,86,45,41,,,,,,,,,
16/12/2021 09:00,101,56,45,30,15,15,24,12,12,18,9,9,,,,64,30,34,,,,,,,,,
16/12/2021 10:00,115,60,55,32,19,13,23,13,10,26,13,13,,,,42,28,14,,,,,,,,,
16/12/2021 11:00,137,64,73,29,13,16,36,15,21,25,12,13,,,,49,28,21,,,,,,,,,
16/12/2021 12:00,173,88,85,39,12,27,21,6,15,30,18,12,,,,81,35,46,,,,,,,,,
16/12/2021 13:00,131,58,73,41,15,26,38,18,20,33,15,18,,,,97,58,39,,,,,,,,,
16/12/2021 14:00,87,42,45,22,9,13,48,24,24,43,25,18,,,,81,39,42,,,,,,,,,
16/12/2021 15:00,109,63,46,27,18,9,34,19,15,19,7,12,,,,99,45,54,,,,,,,,,
16/12/2021 16:00,101,53,48,36,16,20,37,20,17,31,16,15,,,,68,28,40,,,,,,,,,
16/12/2021 17:00,80,36,44,41,27,14,28,19,9,19,13,6,,,,40,17,23,,,,,,,,,
16/12/2021 18:00,114,67,47,38,15,23,29,9,20,13,5,8,,,,47,37,10,,,,,,,,,
16/12/2021 19:00,103,37,66,40,16,24,24,12,12,12,6,6,,,,52,24,28,,,,,,,,,
16/12/2021 20:00,102,57,45,25,13,12,13,8,5,9,7,2,,,,19,8,11,,,,,,,,,
16/12/2021 21:00,49,28,21,8,6,2,8,3,5,30,19,11,,,,7,5,2,,,,,,,,,
16/12/2021 22:00,21,10,11,14,7,7,5,1,4,5,4,1,,,,6,3,3,,,,,,,,,
16/12/2021 23:00,5,3,2,2,2,0,7,3,4,3,1,2,,,,5,3,2,,,,,,,,,
17/12/2021 00:00,0,0,0,1,0,1,7,2,5,1,0,1,,,,1,0,1,,,,,,,,,
17/12/2021 01:00,0,0,0,0,0,0,1,0,1,0,0,0,,,,0,0,0,,,,,,,,,
17/12/2021 02:00,0,0,0,1,1,0,0,0,0,0,0,0,,,,0,0,0,,,,,,,,,
17/12/2021 03:00,0,0,0,0,0,0,0,0,0,0,0,0,,,,0,0,0,,,,,,,,,
17/12/2021 04:00,0,0,0,2,1,1,0,0,0,0,0,0,,,,0,0,0,,,,,,,,,
17/12/2021 05:00,2,1,1,2,2,0,0,0,0,1,1,0,,,,4,1,3,,,,,,,,,
17/12/2021 06:00,33,18,15,4,1,3,12,9,3,3,2,1,,,,15,12,3,,,,,,,,,
17/12/2021 07:00,71,36,35,17,4,13,19,8,11,11,7,4,,,,30,18,12,,,,,,,,,
17/12/2021 08:00,117,57,60,47,25,22,29,21,8,24,13,11,,,,77,39,38,,,,,,,,,
17/12/2021 09:00,126,69,57,35,15,20,21,14,7,24,12,12,,,,56,26,30,,,,,,,,,
17/12/2021 10:00,109,55,54,30,14,16,23,12,11,15,9,6,,,,48,29,19,,,,,,,,,
17/12/2021 11:00,126,61,65,24,17,7,18,8,10,21,10,11,,,,55,26,29,,,,,,,,,
17/12/2021 12:00,150,61,89,38,19,19,31,14,17,30,20,10,,,,74,31,43,,,,,,,,,
17/12/2021 13:00,153,69,84,34,22,12,29,19,10,42,23,19,,,,66,32,34,,,,,,,,,
17/12/2021 14:00,134,67,67,23,13,10,25,13,12,30,18,12,,,,80,38,42,,,,,,,,,
17/12/2021 15:00,122,64,58,28,7,21,30,7,23,28,16,12,,,,72,21,51,,,,,,,,,
17/12/2021 16:00,119,54,65,42,21,21,38,18,20,29,11,18,,,,72,41,31,,,,,,,,,
17/12/2021 17:00,104,60,44,24,11,13,42,17,25,16,7,9,,,,42,19,23,,,,,,,,,
17/12/2021 18:00,84,42,42,22,6,16,27,10,17,22,11,11,,,,39,14,25,,,,,,,,,
17/12/2021 19:00,64,40,24,31,10,21,33,23,10,17,10,7,,,,19,6,13,,,,,,,,,
17/12/2021 20:00,71,39,32,25,9,16,15,5,10,14,4,10,,,,17,11,6,,,,,,,,,
17/12/2021 21:00,40,21,19,10,4,6,16,9,7,10,4,6,,,,7,2,5,,,,,,,,,
17/12/2021 22:00,31,20,11,10,5,5,11,6,5,3,3,0,,,,5,2,3,,,,,,,,,
17/12/2021 23:00,14,9,5,5,2,3,5,1,4,1,0,1,,,,13,8,5,,,,,,,,,
18/12/2021 00:00,1,1,0,6,4,2,8,5,3,0,0,0,,,,5,1,4,,,,,,,,,
18/12/2021 01:00,3,3,0,1,0,1,0,0,0,5,3,2,,,,0,0,0,,,,,,,,,
18/12/2021 02:00,2,0,2,0,0,0,0,0,0,0,0,0,,,,1,1,0,,,,,,,,,
18/12/2021 03:00,5,4,1,0,0,0,1,1,0,0,0,0,,,,1,1,0,,,,,,,,,
18/12/2021 04:00,0,0,0,0,0,0,0,0,0,0,0,0,,,,0,0,0,,,,,,,,,
18/12/2021 05:00,2,2,0,0,0,0,0,0,0,1,0,1,,,,3,3,0,,,,,,,,,
18/12/2021 06:00,15,3,12,2,0,2,4,2,2,2,0,2,,,,7,3,4,,,,,,,,,
18/12/2021 07:00,35,19,16,10,5,5,9,3,6,6,2,4,,,,11,8,3,,,,,,,,,
18/12/2021 08:00,66,28,38,23,13,10,21,12,9,17,7,10,,,,40,19,21,,,,,,,,,
18/12/2021 09:00,126,65,61,41,26,15,27,17,10,10,4,6,,,,64,42,22,,,,,,,,,
18/12/2021 10:00,201,105,96,66,30,36,42,24,18,24,13,11,,,,106,66,40,,,,,,,,,
18/12/2021 11:00,277,137,140,82,45,37,61,31,30,37,11,26,,,,116,58,58,,,,,,,,,
18/12/2021 12:00,269,142,127,68,29,39,45,26,19,31,16,15,,,,103,47,56,,,,,,,,,
18/12/2021 13:00,286,119,167,52,28,24,67,36,31,48,27,21,,,,95,57,38,,,,,,,,,
18/12/2021 14:00,377,191,186,70,38,32,44,24,20,43,19,24,,,,103,59,44,,,,,,,,,
18/12/2021 15:00,385,188,197,70,27,43,49,17,32,67,40,27,,,,133,73,60,,,,,,,,,
18/12/2021 16:00,274,136,138,66,28,38,69,29,40,38,19,19,,,,86,45,41,,,,,,,,,
18/12/2021 17:00,158,94,64,44,27,17,43,19,24,20,13,7,,,,33,13,20,,,,,,,,,
18/12/2021 18:00,96,57,39,23,10,13,19,11,8,13,7,6,,,,23,13,10,,,,,,,,,
18/12/2021 19:00,78,43,35,30,12,18,18,8,10,8,1,7,,,,19,8,11,,,,,,,,,
18/12/2021 20:00,52,25,27,11,5,6,19,8,11,4,4,0,,,,9,3,6,,,,,,,,,
18/12/2021 21:00,34,23,11,11,4,7,10,4,6,19,12,7,,,,0,0,0,,,,,,,,,
18/12/2021 22:00,12,7,5,13,0,13,4,1,3,2,2,0,,,,4,1,3,,,,,,,,,
18/12/2021 23:00,10,8,2,2,2,0,3,1,2,5,3,2,,,,11,8,3,,,,,,,,,
19/12/2021 00:00,0,0,0,2,2,0,4,1,3,3,2,1,,,,3,0,3,,,,,,,,,
19/12/2021 01:00,3,2,1,1,0,1,2,0,2,5,1,4,,,,1,1,0,,,,,,,,,
19/12/2021 02:00,0,0,0,2,2,0,2,1,1,0,0,0,,,,0,0,0,,,,,,,,,
19/12/2021 03:00,0,0,0,1,1,0,3,3,0,8,0,8,,,,0,0,0,,,,,,,,,
19/12/2021 04:00,0,0,0,0,0,0,1,1,0,0,0,0,,,,1,0,1,,,,,,,,,
19/12/2021 05:00,1,0,1,0,0,0,0,0,0,0,0,0,,,,1,0,1,,,,,,,,,
19/12/2021 06:00,12,2,10,1,0,1,0,0,0,0,0,0,,,,3,2,1,,,,,,,,,
19/12/2021 07:00,24,14,10,11,5,6,9,7,2,1,0,1,,,,16,10,6,,,,,,,,,
19/12/2021 08:00,59,40,19,19,15,4,14,10,4,18,8,10,,,,27,15,12,,,,,,,,,
19/12/2021 09:00,143,63,80,25,13,12,23,15,8,28,12,16,,,,41,23,18,,,,,,,,,
19/12/2021 10:00,246,145,101,77,44,33,49,27,22,51,24,27,,,,100,60,40,,,,,,,,,
19/12/2021 11:00,443,211,232,95,48,47,61,39,22,62,29,33,,,,116,70,46,,,,,,,,,
19/12/2021 12:00,493,266,227,75,51,24,76,55,21,70,45,25,,,,117,63,54,,,,,,,,,
19/12/2021 13:00,448,218,230,58,24,34,49,21,28,48,19,29,,,,96,49,47,,,,,,,,,
19/12/2021 14:00,469,252,217,57,35,22,65,28,37,56,38,18,,,,68,39,29,,,,,,,,,
19/12/2021 15:00,538,310,228,64,31,33,60,27,33,51,29,22,,,,117,70,47,,,,,,,,,
19/12/2021 16:00,379,183,196,62,29,33,49,18,31,35,14,21,,,,98,39,59,,,,,,,,,
19/12/2021 17:00,147,89,58,28,7,21,35,11,24,18,11,7,,,,47,18,29,,,,,,,,,
19/12/2021 18:00,122,64,58,27,12,15,23,10,13,11,8,3,,,,20,8,12,,,,,,,,,
19/12/2021 19:00,57,32,25,19,14,5,22,15,7,11,7,4,,,,20,8,12,,,,,,,,,
19/12/2021 20:00,45,27,18,16,8,8,22,10,12,13,7,6,,,,12,6,6,,,,,,,,,
19/12/2021 21:00,37,21,16,8,3,5,4,1,3,4,2,2,,,,5,1,4,,,,,,,,,
19/12/2021 22:00,19,15,4,3,3,0,2,1,1,2,2,0,,,,4,2,2,,,,,,,,,
19/12/2021 23:00,11,8,3,3,0,3,6,5,1,3,1,2,,,,3,1,2,,,,,,,,,
20/12/2021 00:00,0,0,0,0,0,0,3,0,3,0,0,0,,,,0,0,0,,,,,,,,,
20/12/2021 01:00,0,0,0,4,2,2,0,0,0,1,0,1,,,,1,1,0,,,,,,,,,
20/12/2021 02:00,3,2,1,0,0,0,0,0,0,0,0,0,,,,2,1,1,,,,,,,,,
20/12/2021 03:00,1,0,1,1,0,1,2,1,1,0,0,0,,,,0,0,0,,,,,,,,,
20/12/2021 04:00,0,0,0,0,0,0,0,0,0,0,0,0,,,,0,0,0,,,,,,,,,
20/12/2021 05:00,2,0,2,1,0,1,1,1,0,0,0,0,,,,1,0,1,,,,,,,,,
20/12/2021 06:00,32,12,20,7,1,6,9,5,4,6,4,2,,,,17,12,5,,,,,,,,,
20/12/2021 07:00,60,26,34,18,5,13,15,5,10,12,4,8,,,,18,10,8,,,,,,,,,
20/12/2021 08:00,110,54,56,28,17,11,32,20,12,24,9,15,,,,61,36,25,,,,,,,,,
20/12/2021 09:00,119,62,57,29,13,16,25,12,13,30,16,14,,,,54,24,30,,,,,,,,,
20/12/2021 10:00,115,57,58,34,19,15,28,16,12,31,16,15,,,,58,28,30,,,,,,,,,
20/12/2021 11:00,151,63,88,39,18,21,30,17,13,33,19,14,,,,69,39,30,,,,,,,,,
20/12/2021 12:00,162,94,68,24,9,15,16,5,11,31,10,21,,,,78,44,34,,,,,,,,,
20/12/2021 13:00,132,61,71,33,21,12,39,19,20,32,13,19,,,,146,73,73,,,,,,,,,
20/12/2021 14:00,169,85,84,29,13,16,26,10,16,46,25,21,,,,100,50,50,,,,,,,,,
20/12/2021 15:00,148,64,84,23,4,19,20,11,9,31,16,15,,,,145,75,70,,,,,,,,,
20/12/2021 16:00,142,76,66,50,26,24,20,11,9,25,14,11,,,,113,49,64,,,,,,,,,
20/12/2021 17:00,127,64,63,26,16,10,31,16,15,23,10,13,,,,53,27,26,,,,,,,,,
20/12/2021 18:00,107,52,55,40,15,25,27,8,19,12,3,9,,,,30,19,11,,,,,,,,,
20/12/2021 19:00,99,42,57,24,7,17,43,15,28,15,9,6,,,,38,20,18,,,,,,,,,
20/12/2021 20:00,132,74,58,25,15,10,17,7,10,11,1,10,,,,20,10,10,,,,,,,,,
20/12/2021 21:00,75,39,36,22,10,12,10,6,4,12,5,7,,,,7,5,2,,,,,,,,,
20/12/2021 22:00,25,11,14,8,5,3,7,4,3,6,4,2,,,,5,1,4,,,,,,,,,
20/12/2021 23:00,5,2,3,0,0,0,5,4,1,1,1,0,,,,3,2,1,,,,,,,,,
21/12/2021 00:00,0,0,0,1,1,0,5,2,3,1,0,1,,,,1,0,1,,,,,,,,,
21/12/2021 01:00,0,0,0,1,1,0,1,0,1,0,0,0,,,,0,0,0,,,,,,,,,
21/12/2021 02:00,0,0,0,0,0,0,0,0,0,0,0,0,,,,0,0,0,,,,,,,,,
21/12/2021 03:00,0,0,0,0,0,0,0,0,0,0,0,0,,,,0,0,0,,,,,,,,,
21/12/2021 04:00,2,1,1,1,0,1,0,0,0,0,0,0,,,,0,0,0,,,,,,,,,
21/12/2021 05:00,8,4,4,2,2,0,2,1,1,0,0,0,,,,1,1,0,,,,,,,,,
21/12/2021 06:00,42,22,20,10,5,5,17,9,8,8,6,2,,,,17,13,4,,,,,,,,,
21/12/2021 07:00,69,34,35,34,16,18,16,9,7,11,5,6,,,,22,11,11,,,,,,,,,
21/12/2021 08:00,107,54,53,26,9,17,38,23,15,29,8,21,,,,73,37,36,,,,,,,,,
21/12/2021 09:00,101,40,61,30,15,15,14,6,8,30,14,16,,,,145,86,59,,,,,,,,,
21/12/2021 10:00,106,46,60,43,22,21,26,15,11,17,9,8,,,,69,37,32,,,,,,,,,
21/12/2021 11:00,133,64,69,32,13,19,25,13,12,37,19,18,,,,110,56,54,,,,,,,,,
21/12/2021 12:00,136,63,73,37,18,19,21,6,15,24,12,12,,,,86,44,42,,,,,,,,,
21/12/2021 13:00,114,47,67,27,12,15,25,11,14,37,16,21,,,,115,81,34,,,,,,,,,
21/12/2021 14:00,154,65,89,40,19,21,19,9,10,44,25,19,,,,111,47,64,,,,,,,,,
21/12/2021 15:00,124,58,66,38,15,23,27,13,14,27,16,11,,,,85,39,46,,,,,,,,,
21/12/2021 16:00,115,49,66,48,30,18,27,8,19,34,16,18,,,,60,25,35,,,,,,,,,
21/12/2021 17:00,80,37,43,39,23,16,28,13,15,19,11,8,,,,43,15,28,,,,,,,,,
21/12/2021 18:00,100,57,43,30,19,11,40,22,18,31,15,16,,,,58,31,27,,,,,,,,,
21/12/2021 19:00,98,44,54,40,21,19,21,11,10,9,6,3,,,,40,18,22,,,,,,,,,
21/12/2021 20:00,69,40,29,26,11,15,27,8,19,5,3,2,,,,18,11,7,,,,,,,,,
21/12/2021 21:00,36,22,14,16,6,10,18,11,7,3,3,0,,,,24,10,14,,,,,,,,,
21/12/2021 22:00,24,14,10,6,3,3,4,0,4,4,1,3,,,,3,0,3,,,,,,,,,
21/12/2021 23:00,5,2,3,0,0,0,2,2,0,0,0,0,,,,1,1,0,,,,,,,,,
22/12/2021 00:00,0,0,0,0,0,0,0,0,0,0,0,0,,,,0,0,0,,,,,,,,,
22/12/2021 01:00,0,0,0,0,0,0,1,0,1,2,2,0,,,,2,1,1,,,,,,,,,
22/12/2021 02:00,1,1,0,0,0,0,0,0,0,0,0,0,,,,0,0,0,,,,,,,,,
22/12/2021 03:00,0,0,0,0,0,0,0,0,0,0,0,0,,,,0,0,0,,,,,,,,,
22/12/2021 04:00,1,1,0,0,0,0,0,0,0,0,0,0,,,,0,0,0,,,,,,,,,
22/12/2021 05:00,4,3,1,3,1,2,1,0,1,2,1,1,,,,2,1,1,,,,,,,,,
22/12/2021 06:00,29,9,20,4,4,0,8,7,1,2,2,0,,,,6,2,4,,,,,,,,,
22/12/2021 07:00,28,13,15,6,2,4,11,4,7,11,2,9,,,,24,14,10,,,,,,,,,
22/12/2021 08:00,29,9,20,11,4,7,12,7,5,13,4,9,,,,29,18,11,,,,,,,,,
22/12/2021 09:00,38,21,17,18,8,10,11,8,3,19,11,8,,,,14,7,7,,,,,,,,,
22/12/2021 10:00,34,18,16,16,6,10,17,9,8,8,5,3,,,,19,8,11,,,,,,,,,
22/12/2021 11:00,55,24,31,21,9,12,12,4,8,14,7,7,,,,37,24,13,,,,,,,,,
22/12/2021 12:00,102,36,66,32,18,14,24,12,12,21,13,8,,,,47,25,22,,,,,,,,,
22/12/2021 13:00,79,41,38,28,13,15,26,11,15,40,19,21,,,,40,21,19,,,,,,,,,
22/12/2021 14:00,61,27,34,24,12,12,24,12,12,22,7,15,,,,55,32,23,,,,,,,,,
22/12/2021 15:00,86,34,52,21,9,12,33,17,16,23,16,7,,,,47,24,23,,,,,,,,,
22/12/2021 16:00,89,42,47,40,19,21,16,7,9,31,15,16,,,,67,24,43,,,,,,,,,
22/12/2021 17:00,70,32,38,27,10,17,19,6,13,18,10,8,,,,29,13,16,,,,,,,,,
22/12/2021 18:00,55,27,28,15,5,10,23,11,12,6,3,3,,,,25,12,13,,,,,,,,,
22/12/2021 19:00,39,22,17,10,5,5,22,8,14,11,7,4,,,,23,14,9,,,,,,,,,
22/12/2021 20:00,27,16,11,15,7,8,18,10,8,10,6,4,,,,11,2,9,,,,,,,,,
22/12/2021 21:00,8,3,5,8,2,6,7,2,5,9,7,2,,,,10,4,6,,,,,,,,,
22/12/2021 22:00,4,1,3,5,3,2,3,1,2,3,2,1,,,,2,2,0,,,,,,,,,
22/12/2021 23:00,4,2,2,2,1,1,4,2,2,0,0,0,,,,1,0,1,,,,,,,,,
23/12/2021 00:00,0,0,0,2,0,2,4,1,3,2,0,2,,,,0,0,0,,,,,,,,,
23/12/2021 01:00,0,0,0,1,1,0,0,0,0,0,0,0,,,,0,0,0,,,,,,,,,
23/12/2021 02:00,0,0,0,2,1,1,0,0,0,0,0,0,,,,0,0,0,,,,,,,,,
23/12/2021 03:00,1,0,1,1,0,1,1,0,1,0,0,0,,,,3,0,3,,,,,,,,,
23/12/2021 04:00,0,0,0,0,0,0,0,0,0,0,0,0,,,,0,0,0,,,,,,,,,
23/12/2021 05:00,1,0,1,0,0,0,0,0,0,0,0,0,,,,4,1,3,,,,,,,,,
23/12/2021 06:00,16,8,8,3,1,2,3,0,3,1,0,1,,,,4,4,0,,,,,,,,,
23/12/2021 07:00,29,8,21,13,9,4,11,6,5,12,3,9,,,,23,11,12,,,,,,,,,
23/12/2021 08:00,83,36,47,24,13,11,22,16,6,17,6,11,,,,47,26,21,,,,,,,,,
23/12/2021 09:00,84,43,41,28,17,11,16,9,7,22,12,10,,,,47,29,18,,,,,,,,,
23/12/2021 10:00,142,55,87,31,16,15,26,18,8,28,19,9,,,,67,40,27,,,,,,,,,
23/12/2021 11:00,191,102,89,66,36,30,42,23,19,41,24,17,,,,60,37,23,,,,,,,,,
23/12/2021 12:00,270,114,156,64,36,28,46,25,21,29,11,18,,,,121,61,60,,,,,,,,,
23/12/2021 13:00,263,124,139,64,39,25,49,27,22,39,19,20,,,,141,69,72,,,,,,,,,
23/12/2021 14:00,337,179,158,56,27,29,57,40,17,48,36,12,,,,87,51,36,,,,,,,,,
23/12/2021 15:00,364,168,196,80,49,31,55,20,35,45,24,21,,,,115,61,54,,,,,,,,,
23/12/2021 16:00,279,160,119,55,25,30,31,11,20,23,7,16,,,,100,43,57,,,,,,,,,
23/12/2021 17:00,129,63,66,30,9,21,30,14,16,19,7,12,,,,55,20,35,,,,,,,,,
23/12/2021 18:00,83,35,48,15,10,5,31,19,12,11,6,5,,,,35,15,20,,,,,,,,,
23/12/2021 19:00,95,54,41,29,16,13,24,13,11,4,2,2,,,,25,10,15,,,,,,,,,
23/12/2021 20:00,76,39,37,16,9,7,23,13,10,12,7,5,,,,14,6,8,,,,,,,,,
23/12/2021 21:00,71,39,32,15,5,10,13,4,9,2,1,1,,,,4,1,3,,,,,,,,,
23/12/2021 22:00,22,10,12,10,5,5,2,1,1,8,6,2,,,,3,1,2,,,,,,,,,
23/12/2021 23:00,11,5,6,12,3,9,9,3,6,2,1,1,,,,1,1,0,,,,,,,,,
24/12/2021 00:00,1,1,0,0,0,0,0,0,0,2,1,1,,,,0,0,0,,,,,,,,,
24/12/2021 01:00,0,0,0,1,0,1,0,0,0,1,1,0,,,,0,0,0,,,,,,,,,
24/12/2021 02:00,2,1,1,0,0,0,0,0,0,0,0,0,,,,1,1,0,,,,,,,,,
24/12/2021 03:00,0,0,0,1,1,0,0,0,0,0,0,0,,,,0,0,0,,,,,,,,,
24/12/2021 04:00,0,0,0,1,1,0,1,1,0,0,0,0,,,,0,0,0,,,,,,,,,
24/12/2021 05:00,2,2,0,3,3,0,0,0,0,2,1,1,,,,6,5,1,,,,,,,,,
24/12/2021 06:00,8,4,4,3,1,2,2,1,1,2,1,1,,,,9,4,5,,,,,,,,,
24/12/2021 07:00,48,21,27,22,15,7,15,9,6,4,0,4,,,,9,6,3,,,,,,,,,
24/12/2021 08:00,110,58,52,26,16,10,14,7,7,9,3,6,,,,43,25,18,,,,,,,,,
24/12/2021 09:00,142,66,76,35,21,14,29,17,12,30,15,15,,,,43,24,19,,,,,,,,,
24/12/2021 10:00,166,72,94,36,16,20,29,12,17,34,22,12,,,,67,41,26,,,,,,,,,
24/12/2021 11:00,231,108,123,41,29,12,22,9,13,35,15,20,,,,81,42,39,,,,,,,,,
24/12/2021 12:00,152,73,79,45,32,13,25,13,12,44,22,22,,,,90,43,47,,,,,,,,,
24/12/2021 13:00,131,55,76,41,19,22,34,17,17,31,10,21,,,,52,27,25,,,,,,,,,
24/12/2021 14:00,61,27,34,31,15,16,23,9,14,26,13,13,,,,42,25,17,,,,,,,,,
24/12/2021 15:00,76,40,36,25,12,13,18,6,12,10,4,6,,,,28,9,19,,,,,,,,,
24/12/2021 16:00,59,35,24,21,9,12,12,4,8,15,8,7,,,,25,14,11,,,,,,,,,
24/12/2021 17:00,57,28,29,17,7,10,16,4,12,9,2,7,,,,10,4,6,,,,,,,,,
24/12/2021 18:00,35,18,17,5,1,4,10,6,4,6,0,6,,,,9,4,5,,,,,,,,,
24/12/2021 19:00,44,22,22,11,5,6,4,2,2,3,2,1,,,,20,12,8,,,,,,,,,
24/12/2021 20:00,26,18,8,14,6,8,19,9,10,2,1,1,,,,8,6,2,,,,,,,,,
24/12/2021 21:00,29,14,15,8,2,6,9,2,7,3,3,0,,,,5,1,4,,,,,,,,,
24/12/2021 22:00,18,9,9,0,0,0,4,1,3,2,2,0,,,,2,1,1,,,,,,,,,
24/12/2021 23:00,4,3,1,1,1,0,2,2,0,0,0,0,,,,0,0,0,,,,,,,,,
25/12/2021 00:00,0,0,0,2,2,0,4,1,3,0,0,0,,,,0,0,0,,,,,,,,,
25/12/2021 01:00,0,0,0,0,0,0,0,0,0,2,1,1,,,,0,0,0,,,,,,,,,
25/12/2021 02:00,0,0,0,1,0,1,0,0,0,0,0,0,,,,0,0,0,,,,,,,,,
25/12/2021 03:00,0,0,0,0,0,0,0,0,0,0,0,0,,,,0,0,0,,,,,,,,,
25/12/2021 04:00,0,0,0,0,0,0,1,0,1,0,0,0,,,,0,0,0,,,,,,,,,
25/12/2021 05:00,0,0,0,1,1,0,0,0,0,0,0,0,,,,0,0,0,,,,,,,,,
25/12/2021 06:00,5,1,4,1,0,1,1,1,0,0,0,0,,,,3,1,2,,,,,,,,,
25/12/2021 07:00,19,9,10,3,3,0,4,3,1,5,2,3,,,,6,3,3,,,,,,,,,
25/12/2021 08:00,33,14,19,8,5,3,5,3,2,10,5,5,,,,5,2,3,,,,,,,,,
25/12/2021 09:00,33,22,11,24,11,13,5,2,3,9,2,7,,,,13,6,7,,,,,,,,,
25/12/2021 10:00,36,14,22,18,12,6,13,9,4,15,7,8,,,,16,11,5,,,,,,,,,
25/12/2021 11:00,50,28,22,32,19,13,16,6,10,17,5,12,,,,12,6,6,,,,,,,,,
25/12/2021 12:00,23,15,8,17,4,13,3,3,0,4,2,2,,,,11,6,5,,,,,,,,,
25/12/2021 13:00,17,6,11,7,5,2,0,0,0,4,3,1,,,,13,8,5,,,,,,,,,
25/12/2021 14:00,39,23,16,8,4,4,6,1,5,7,6,1,,,,12,8,4,,,,,,,,,
25/12/2021 15:00,37,16,21,7,1,6,14,5,9,11,5,6,,,,7,3,4,,,,,,,,,
25/12/2021 16:00,10,6,4,9,3,6,4,1,3,1,0,1,,,,7,4,3,,,,,,,,,
25/12/2021 17:00,3,1,2,1,1,0,0,0,0,1,0,1,,,,7,4,3,,,,,,,,,
25/12/2021 18:00,2,1,1,0,0,0,0,0,0,1,1,0,,,,0,0,0,,,,,,,,,
25/12/2021 19:00,4,1,3,0,0,0,1,0,1,0,0,0,,,,2,1,1,,,,,,,,,
25/12/2021 20:00,7,3,4,5,1,4,2,1,1,1,1,0,,,,2,2,0,,,,,,,,,
25/12/2021 21:00,10,5,5,4,0,4,12,8,4,2,1,1,,,,3,3,0,,,,,,,,,
25/12/2021 22:00,7,5,2,0,0,0,4,0,4,2,1,1,,,,7,3,4,,,,,,,,,
25/12/2021 23:00,8,6,2,0,0,0,4,3,1,1,0,1,,,,3,0,3,,,,,,,,,
26/12/2021 00:00,0,0,0,0,0,0,0,0,0,3,0,3,,,,0,0,0,,,,,,,,,
26/12/2021 01:00,2,0,2,0,0,0,0,0,0,1,0,1,,,,0,0,0,,,,,,,,,
26/12/2021 02:00,2,1,1,2,0,2,0,0,0,0,0,0,,,,0,0,0,,,,,,,,,
26/12/2021 03:00,0,0,0,0,0,0,0,0,0,0,0,0,,,,0,0,0,,,,,,,,,
26/12/2021 04:00,2,1,1,0,0,0,0,0,0,0,0,0,,,,0,0,0,,,,,,,,,
26/12/2021 05:00,0,0,0,0,0,0,0,0,0,0,0,0,,,,3,1,2,,,,0,0,0,,,
26/12/2021 06:00,12,5,7,2,1,1,1,0,1,2,0,2,,,,12,5,7,,,,0,0,0,,,
26/12/2021 07:00,18,11,7,7,4,3,7,4,3,2,2,0,,,,7,4,3,,,,0,0,0,,,
26/12/2021 08:00,57,23,34,8,6,2,10,8,2,8,3,5,,,,10,7,3,,,,0,0,0,,,
26/12/2021 09:00,124,54,70,20,9,11,21,15,6,15,4,11,,,,32,19,13,,,,0,0,0,,,
26/12/2021 10:00,333,146,187,40,32,8,34,21,13,39,29,10,,,,91,60,31,,,,0,0,0,,,
26/12/2021 11:00,631,285,346,94,56,38,101,69,32,69,31,38,,,,126,77,49,,,,0,0,0,,,
26/12/2021 12:00,817,450,367,137,84,53,114,72,42,71,36,35,,,,214,131,83,,,,0,0,0,,,
26/12/2021 13:00,896,429,467,160,62,98,148,63,85,109,44,65,,,,166,78,88,,,,0,0,0,,,
26/12/2021 14:00,900,469,431,128,62,66,110,47,63,97,45,52,,,,191,101,90,,,,0,0,0,,,
26/12/2021 15:00,804,393,411,156,78,78,97,45,52,60,35,25,,,,157,92,65,,,,0,0,0,,,
26/12/2021 16:00,612,334,278,106,39,67,85,41,44,51,20,31,,,,147,50,97,,,,0,0,0,,,
26/12/2021 17:00,237,133,104,37,12,25,36,12,24,20,5,15,,,,56,26,30,,,,0,0,0,,,
26/12/2021 18:00,96,53,43,22,6,16,25,7,18,14,10,4,,,,23,11,12,,,,0,0,0,,,
26/12/2021 19:00,92,50,42,14,7,7,10,5,5,6,5,1,,,,16,10,6,,,,0,0,0,,,
26/12/2021 20:00,75,43,32,23,14,9,12,5,7,10,5,5,,,,67,53,14,,,,0,0,0,,,
26/12/2021 21:00,34,17,17,14,10,4,7,3,4,4,1,3,,,,5,5,0,,,,0,0,0,,,
26/12/2021 22:00,33,24,9,1,0,1,6,4,2,2,2,0,,,,3,1,2,,,,0,0,0,,,
26/12/2021 23:00,7,3,4,1,1,0,5,3,2,0,0,0,,,,0,0,0,,,,0,0,0,,,
27/12/2021 00:00,1,1,0,0,0,0,0,0,0,1,0,1,,,,0,0,0,,,,,,,,,
27/12/2021 01:00,1,0,1,2,1,1,2,1,1,0,0,0,,,,0,0,0,,,,,,,,,
27/12/2021 02:00,1,1,0,0,0,0,0,0,0,0,0,0,,,,0,0,0,,,,,,,,,
27/12/2021 03:00,2,0,2,0,0,0,2,1,1,0,0,0,,,,2,2,0,,,,,,,,,
27/12/2021 04:00,0,0,0,1,0,1,1,0,1,0,0,0,,,,0,0,0,,,,,,,,,
27/12/2021 05:00,2,2,0,0,0,0,1,0,1,0,0,0,,,,2,1,1,,,,,,,,,
27/12/2021 06:00,5,2,3,2,1,1,1,0,1,1,1,0,,,,2,2,0,,,,,,,,,
27/12/2021 07:00,21,8,13,4,1,3,5,3,2,3,1,2,,,,4,2,2,,,,,,,,,
27/12/2021 08:00,60,29,31,7,4,3,14,11,3,15,8,7,,,,14,7,7,,,,,,,,,
27/12/2021 09:00,116,38,78,36,18,18,28,17,11,22,13,9,,,,44,28,16,,,,,,,,,
27/12/2021 10:00,200,91,109,45,26,19,26,9,17,41,22,19,,,,60,37,23,,,,,,,,,
27/12/2021 11:00,309,130,179,58,32,26,43,19,24,44,20,24,,,,105,64,41,,,,,,,,,
27/12/2021 12:00,495,250,245,52,24,28,50,30,20,59,24,35,,,,109,63,46,,,,,,,,,
27/12/2021 13:00,514,256,258,73,36,37,74,49,25,45,19,26,,,,94,53,41,,,,,,,,,
27/12/2021 14:00,586,290,296,105,59,46,76,47,29,54,31,23,,,,115,64,51,,,,,,,,,
27/12/2021 15:00,629,306,323,77,38,39,64,42,22,52,26,26,,,,163,76,87,,,,,,,,,
27/12/2021 16:00,383,191,192,75,27,48,51,20,31,49,25,24,,,,106,43,63,,,,,,,,,
27/12/2021 17:00,161,89,72,36,15,21,39,15,24,24,14,10,,,,34,16,18,,,,,,,,,
27/12/2021 18:00,109,59,50,10,3,7,16,8,8,20,6,14,,,,29,19,10,,,,,,,,,
27/12/2021 19:00,63,40,23,8,1,7,20,9,11,8,5,3,,,,17,6,11,,,,,,,,,
27/12/2021 20:00,67,35,32,29,11,18,17,4,13,10,5,5,,,,8,5,3,,,,,,,,,
27/12/2021 21:00,34,16,18,6,2,4,8,5,3,3,2,1,,,,13,5,8,,,,,,,,,
27/12/2021 22:00,15,10,5,5,1,4,4,0,4,5,3,2,,,,4,1,3,,,,,,,,,
27/12/2021 23:00,9,6,3,1,0,1,0,0,0,0,0,0,,,,0,0,0,,,,,,,,,
28/12/2021 00:00,0,0,0,2,0,2,2,0,2,1,0,1,,,,2,1,1,,,,,,,,,
28/12/2021 01:00,4,3,1,1,0,1,0,0,0,1,1,0,,,,0,0,0,,,,,,,,,
28/12/2021 02:00,1,0,1,1,1,0,1,0,1,0,0,0,,,,0,0,0,,,,,,,,,
28/12/2021 03:00,0,0,0,0,0,0,1,1,0,0,0,0,,,,0,0,0,,,,,,,,,
28/12/2021 04:00,0,0,0,0,0,0,0,0,0,0,0,0,,,,0,0,0,,,,,,,,,
28/12/2021 05:00,0,0,0,0,0,0,0,0,0,1,0,1,,,,1,1,0,,,,,,,,,
28/12/2021 06:00,0,0,0,1,0,1,0,0,0,2,1,1,,,,2,2,0,,,,,,,,,
28/12/2021 07:00,13,6,7,3,1,2,1,0,1,4,3,1,,,,2,2,0,,,,,,,,,
28/12/2021 08:00,56,36,20,16,8,8,14,10,4,5,2,3,,,,12,9,3,,,,,,,,,
28/12/2021 09:00,111,51,60,26,16,10,18,12,6,10,5,5,,,,36,24,12,,,,,,,,,
28/12/2021 10:00,234,111,123,44,23,21,32,17,15,30,15,15,,,,80,48,32,,,,,,,,,
28/12/2021 11:00,381,201,180,58,32,26,54,30,24,54,25,29,,,,86,45,41,,,,,,,,,
28/12/2021 12:00,539,254,285,102,50,52,68,46,22,49,32,17,,,,130,73,57,,,,,,,,,
28/12/2021 13:00,512,246,266,78,37,41,62,37,25,65,36,29,,,,159,85,74,,,,,,,,,
28/12/2021 14:00,613,310,303,85,41,44,75,42,33,69,36,33,,,,117,65,52,,,,,,,,,
28/12/2021 15:00,686,365,321,78,42,36,107,55,52,70,32,38,,,,152,80,72,,,,,,,,,
28/12/2021 16:00,428,213,215,94,44,50,58,26,32,44,22,22,,,,94,38,56,,,,,,,,,
28/12/2021 17:00,175,95,80,45,19,26,36,17,19,19,6,13,,,,28,14,14,,,,,,,,,
28/12/2021 18:00,127,73,54,33,18,15,18,7,11,12,3,9,,,,20,9,11,,,,,,,,,
28/12/2021 19:00,111,51,60,29,15,14,14,11,3,9,7,2,,,,17,11,6,,,,,,,,,
28/12/2021 20:00,85,48,37,23,10,13,21,5,16,7,3,4,,,,10,5,5,,,,,,,,,
28/12/2021 21:00,50,29,21,11,4,7,5,3,2,6,2,4,,,,6,3,3,,,,,,,,,
28/12/2021 22:00,36,15,21,8,6,2,5,2,3,4,2,2,,,,3,0,3,,,,,,,,,
28/12/2021 23:00,5,4,1,3,0,3,7,1,6,4,3,1,,,,0,0,0,,,,,,,,,
29/12/2021 00:00,1,0,1,0,0,0,0,0,0,1,1,0,,,,0,0,0,,,,,,,,,
29/12/2021 01:00,0,0,0,0,0,0,0,0,0,1,1,0,,,,0,0,0,,,,,,,,,
29/12/2021 02:00,0,0,0,0,0,0,0,0,0,0,0,0,,,,0,0,0,,,,,,,,,
29/12/2021 03:00,0,0,0,0,0,0,0,0,0,0,0,0,,,,0,0,0,,,,,,,,,
29/12/2021 04:00,0,0,0,0,0,0,1,1,0,0,0,0,,,,0,0,0,,,,,,,,,
29/12/2021 05:00,0,0,0,1,1,0,1,1,0,0,0,0,,,,0,0,0,,,,,,,,,
29/12/2021 06:00,4,0,4,1,0,1,3,3,0,6,3,3,,,,8,4,4,,,,,,,,,
29/12/2021 07:00,20,6,14,4,2,2,3,2,1,8,5,3,,,,2,2,0,,,,,,,,,
29/12/2021 08:00,57,26,31,14,9,5,9,7,2,138,66,72,,,,14,9,5,,,,,,,,,
29/12/2021 09:00,106,61,45,18,10,8,19,13,6,445,277,168,,,,30,19,11,,,,,,,,,
29/12/2021 10:00,169,88,81,51,34,17,22,7,15,684,465,219,,,,51,31,20,,,,,,,,,
29/12/2021 11:00,277,147,130,34,19,15,34,20,14,1138,823,315,,,,83,51,32,,,,,,,,,
29/12/2021 12:00,368,180,188,72,32,40,45,26,19,860,696,164,,,,65,41,24,,,,,,,,,
29/12/2021 13:00,357,187,170,69,40,29,58,22,36,611,459,152,,,,85,56,29,,,,,,,,,
29/12/2021 14:00,478,222,256,68,32,36,82,43,39,402,354,48,,,,83,47,36,,,,,,,,,
29/12/2021 15:00,570,289,281,98,56,42,79,42,37,96,64,32,,,,128,75,53,,,,,,,,,
29/12/2021 16:00,502,258,244,76,36,40,83,40,43,60,31,29,,,,130,75,55,,,,,,,,,
29/12/2021 17:00,270,144,126,61,27,34,50,15,35,32,14,18,,,,86,43,43,,,,,,,,,
29/12/2021 18:00,163,76,87,30,13,17,17,9,8,17,7,10,,,,30,11,19,,,,,,,,,
29/12/2021 19:00,115,68,47,18,7,11,13,4,9,11,5,6,,,,14,7,7,,,,,,,,,
29/12/2021 20:00,125,64,61,18,7,11,23,13,10,5,5,0,,,,20,10,10,,,,,,,,,
29/12/2021 21:00,84,49,35,17,4,13,13,6,7,40,30,10,,,,12,4,8,,,,,,,,,
29/12/2021 22:00,28,16,12,5,3,2,12,8,4,15,9,6,,,,6,2,4,,,,,,,,,
29/12/2021 23:00,9,5,4,3,0,3,2,1,1,3,2,1,,,,0,0,0,,,,,,,,,
30/12/2021 00:00,0,0,0,2,1,1,4,2,2,0,0,0,,,,2,0,2,,,,,,,,,
30/12/2021 01:00,1,0,1,4,3,1,0,0,0,1,1,0,,,,0,0,0,,,,,,,,,
30/12/2021 02:00,1,1,0,1,0,1,0,0,0,0,0,0,,,,0,0,0,,,,,,,,,
30/12/2021 03:00,0,0,0,2,2,0,0,0,0,0,0,0,,,,0,0,0,,,,,,,,,
30/12/2021 04:00,0,0,0,0,0,0,0,0,0,0,0,0,,,,0,0,0,,,,,,,,,
30/12/2021 05:00,1,1,0,0,0,0,1,1,0,1,1,0,,,,1,1,0,,,,,,,,,
30/12/2021 06:00,15,7,8,6,2,4,6,5,1,1,1,0,,,,2,1,1,,,,,,,,,
30/12/2021 07:00,38,18,20,4,2,2,9,5,4,1,0,1,,,,7,4,3,,,,,,,,,
30/12/2021 08:00,64,27,37,28,18,10,16,11,5,9,6,3,,,,27,17,10,,,,,,,,,
30/12/2021 09:00,139,77,62,34,9,25,23,18,5,26,12,14,,,,33,22,11,,,,,,,,,
30/12/2021 10:00,205,95,110,39,26,13,26,18,8,49,26,23,,,,86,57,29,,,,,,,,,
30/12/2021 11:00,350,166,184,56,26,30,52,26,26,53,22,31,,,,112,55,57,,,,,,,,,
30/12/2021 12:00,393,187,206,50,26,24,44,12,32,53,27,26,,,,107,55,52,,,,,,,,,
30/12/2021 13:00,244,129,115,44,21,23,36,16,20,43,18,25,,,,62,27,35,,,,,,,,,
30/12/2021 14:00,107,62,45,10,6,4,27,15,12,12,6,6,,,,28,13,15,,,,,,,,,
30/12/2021 15:00,138,69,69,17,9,8,29,20,9,15,8,7,,,,33,20,13,,,,,,,,,
30/12/2021 16:00,141,73,68,19,9,10,18,8,10,20,10,10,,,,27,12,15,,,,,,,,,
30/12/2021 17:00,90,59,31,21,8,13,19,7,12,14,4,10,,,,13,7,6,,,,,,,,,
30/12/2021 18:00,55,31,24,15,6,9,18,8,10,7,4,3,,,,13,8,5,,,,,,,,,
30/12/2021 19:00,78,42,36,16,7,9,22,10,12,10,5,5,,,,20,13,7,,,,,,,,,
30/12/2021 20:00,71,33,38,13,8,5,10,7,3,3,0,3,,,,24,17,7,,,,,,,,,
30/12/2021 21:00,29,12,17,7,6,1,9,3,6,3,3,0,,,,2,0,2,,,,,,,,,
30/12/2021 22:00,10,4,6,3,1,2,6,2,4,3,2,1,,,,5,4,1,,,,,,,,,
30/12/2021 23:00,5,2,3,1,1,0,1,1,0,6,2,4,,,,3,2,1,,,,,,,,,
31/12/2021 00:00,0,0,0,1,0,1,1,0,1,3,2,1,,,,1,0,1,,,,,,,,,
31/12/2021 01:00,0,0,0,0,0,0,0,0,0,0,0,0,,,,2,0,2,,,,,,,,,
31/12/2021 02:00,0,0,0,0,0,0,0,0,0,0,0,0,,,,0,0,0,,,,,,,,,
31/12/2021 03:00,2,1,1,0,0,0,0,0,0,0,0,0,,,,0,0,0,,,,,,,,,
31/12/2021 04:00,0,0,0,0,0,0,0,0,0,0,0,0,,,,0,0,0,,,,,,,,,
31/12/2021 05:00,1,1,0,0,0,0,0,0,0,1,1,0,,,,1,0,1,,,,,,,,,
31/12/2021 06:00,11,3,8,2,0,2,7,3,4,1,1,0,,,,5,2,3,,,,,,,,,
31/12/2021 07:00,40,16,24,5,3,2,5,2,3,4,2,2,,,,8,5,3,,,,,,,,,
31/12/2021 08:00,89,41,48,14,8,6,12,7,5,13,5,8,,,,20,12,8,,,,,,,,,
31/12/2021 09:00,151,75,76,26,14,12,20,11,9,22,12,10,,,,41,23,18,,,,,,,,,
31/12/2021 10:00,267,124,143,44,19,25,34,23,11,31,23,8,,,,67,41,26,,,,,,,,,
31/12/2021 11:00,425,221,204,50,24,26,47,26,21,64,26,38,,,,96,55,41,,,,,,,,,
31/12/2021 12:00,425,179,246,63,29,34,57,25,32,60,32,28,,,,145,87,58,,,,,,,,,
31/12/2021 13:00,450,236,214,84,36,48,64,27,37,69,28,41,,,,107,51,56,,,,,,,,,
31/12/2021 14:00,517,238,279,84,46,38,82,41,41,71,38,33,,,,162,85,77,,,,,,,,,
31/12/2021 15:00,549,299,250,77,43,34,66,24,42,52,26,26,,,,129,71,58,,,,,,,,,
31/12/2021 16:00,472,261,211,78,28,50,49,16,33,52,22,30,,,,90,39,51,,,,,,,,,
31/12/2021 17:00,252,133,119,43,12,31,31,18,13,21,12,9,,,,49,23,26,,,,,,,,,
31/12/2021 18:00,124,65,59,18,8,10,20,10,10,10,4,6,,,,16,6,10,,,,,,,,,
31/12/2021 19:00,84,41,43,12,3,9,16,6,10,16,8,8,,,,15,7,8,,,,,,,,,
31/12/2021 20:00,89,51,38,16,7,9,6,1,5,15,8,7,,,,20,7,13,,,,,,,,,
31/12/2021 21:00,70,32,38,15,7,8,18,7,11,11,6,5,,,,12,5,7,,,,,,,,,
31/12/2021 22:00,41,24,17,2,1,1,9,3,6,5,2,3,,,,10,4,6,,,,,,,,,
31/12/2021 23:00,44,8,36,4,3,1,19,4,15,6,3,3,,,,8,3,5,,,,,,,,,
