{
  "type" : "FeatureCollection",
  "features" : [
    {
      "type" : "Feature",
      "id" : 1,
      "geometry" : {
        "type" : "Polygon",
        "coordinates" : [
          [
            [
              -6.2326009501019488,
              53.280945781085407,
              0
            ],
            [
              -6.2326394922936998,
              53.280949786832544,
              0
            ],
            [
              -6.2326442509550075,
              53.280949675810412,
              0
            ],
            [
              -6.2326490019842655,
              53.280949422660733,
              0
            ],
            [
              -6.2326537248591301,
              53.280949052246356,
              0
            ],
            [
              -6.2326584247803067,
              53.280948547566759,
              0
            ],
            [
              -6.2326630718460061,
              53.280947906381023,
              0
            ],
            [
              -6.2326676607813489,
              53.280947147486266,
              0
            ],
            [
              -6.2326721818361479,
              53.280946252761488,
              0
            ],
            [
              -6.2326766492569021,
              53.280945240394381,
              0
            ],
            [
              -6.2326810154158503,
              53.280944101589519,
              0
            ],
            [
              -6.2326852950784462,
              53.280942841958712,
              0
            ],
            [
              -6.2326894771970904,
              53.280941474820601,
              0
            ],
            [
              -6.2326935277072852,
              53.280939989783164,
              0
            ],
            [
              -6.2326974766589984,
              53.280938385494203,
              0
            ],
            [
              -6.2327012962584369,
              53.280936681315893,
              0
            ],
            [
              -6.2327049870245448,
              53.280934864672382,
              0
            ],
            [
              -6.2327085300080034,
              53.28093295865223,
              0
            ],
            [
              -6.2327119257277879,
              53.280930950679597,
              0
            ],
            [
              -6.2330530381674958,
              53.280789101778602,
              0
            ],
            [
              -6.2334574798466109,
              53.28062185741453,
              0
            ],
            [
              -6.2340138819212365,
              53.280396027539034,
              0
            ],
            [
              -6.2345672723166885,
              53.280176900669652,
              0
            ],
            [
              -6.2346543148042981,
              53.280248587216619,
              0
            ],
            [
              -6.234590520406444,
              53.280275747038687,
              0
            ],
            [
              -6.2348119501059287,
              53.280470781618092,
              0
            ],
            [
              -6.2349579039491942,
              53.28041323266509,
              0
            ],
            [
              -6.2349985463325854,
              53.28039749371753,
              0
            ],
            [
              -6.2351285315453966,
              53.280339458286306,
              0
            ],
            [
              -6.2352003159096068,
              53.28030979008394,
              0
            ],
            [
              -6.2352900182111091,
              53.280257234246321,
              0
            ],
            [
              -6.235317435276472,
              53.280242971249216,
              0
            ],
            [
              -6.2353952882539572,
              53.280206795386171,
              0
            ],
            [
              -6.2355423815548718,
              53.280141531806365,
              0
            ],
            [
              -6.2355681780830441,
              53.280121134564567,
              0
            ],
            [
              -6.2356398081852875,
              53.280098798220948,
              0
            ],
            [
              -6.2357246704830365,
              53.280072333401513,
              0
            ],
            [
              -6.2357413373616959,
              53.280096228090407,
              0
            ],
            [
              -6.2357627496177832,
              53.280122152432632,
              0
            ],
            [
              -6.2357733411410097,
              53.280139171096131,
              0
            ],
            [
              -6.235774317247964,
              53.280156613734803,
              0
            ],
            [
              -6.2357751619664112,
              53.280158315124496,
              0
            ],
            [
              -6.2357760818823342,
              53.280160011335113,
              0
            ],
            [
              -6.2357770461136832,
              53.280161687528562,
              0
            ],
            [
              -6.2357780878553628,
              53.280163338803042,
              0
            ],
            [
              -6.2357791745601503,
              53.280164990742847,
              0
            ],
            [
              -6.2357803219928201,
              53.280166624705949,
              0
            ],
            [
              -6.2357815446229967,
              53.280168253489997,
              0
            ],
            [
              -6.2357827995414734,
              53.280169862977694,
              0
            ],
            [
              -6.2357841290467722,
              53.280171445705513,
              0
            ],
            [
              -6.2357855038482501,
              53.280173021014164,
              0
            ],
            [
              -6.2357869396736652,
              53.28017457115989,
              0
            ],
            [
              -6.2357884208692598,
              53.280176112089904,
              0
            ],
            [
              -6.235789976614706,
              53.280177627158317,
              0
            ],
            [
              -6.2357915646114561,
              53.280179123828631,
              0
            ],
            [
              -6.235793228619845,
              53.280180595557802,
              0
            ],
            [
              -6.2357949383314555,
              53.280182049986742,
              0
            ],
            [
              -6.2357966956521125,
              53.280183477256593,
              0
            ],
            [
              -6.2357984970662228,
              53.280184889898884,
              0
            ],
            [
              -6.2358003596153031,
              53.280186274683402,
              0
            ],
            [
              -6.2358022667758739,
              53.280187632264479,
              0
            ],
            [
              -6.2358042214715033,
              53.28018896448301,
              0
            ],
            [
              -6.2358062218703685,
              53.280190279401296,
              0
            ],
            [
              -6.2358082702483015,
              53.280191558177748,
              0
            ],
            [
              -6.2358103781514371,
              53.280192811769055,
              0
            ],
            [
              -6.2358125166961198,
              53.2801940496349,
              0
            ],
            [
              -6.2358147017581187,
              53.280195250438425,
              0
            ],
            [
              -6.2358169164439294,
              53.280196423816719,
              0
            ],
            [
              -6.235819182032361,
              53.280197562894045,
              0
            ],
            [
              -6.2358214858301722,
              53.280198684560226,
              0
            ],
            [
              -6.2358238439351759,
              53.280199762088763,
              0
            ],
            [
              -6.2358262297951805,
              53.280200821152633,
              0
            ],
            [
              -6.2358286455010203,
              53.280201847401592,
              0
            ],
            [
              -6.2358311092229286,
              53.2802028366104,
              0
            ],
            [
              -6.2358336040304039,
              53.280203799314414,
              0
            ],
            [
              -6.2358361317922419,
              53.280204726553031,
              0
            ],
            [
              -6.2358389663603297,
              53.280206178750376,
              0
            ],
            [
              -6.2358403913048033,
              53.280206900917662,
              0
            ],
            [
              -6.2358418301082779,
              53.28020761430178,
              0
            ],
            [
              -6.2358432861382935,
              53.280208309964287,
              0
            ],
            [
              -6.2358447571560705,
              53.280209005848548,
              0
            ],
            [
              -6.2358462315784369,
              53.280209691896111,
              0
            ],
            [
              -6.2358477183240337,
              53.280210370036571,
              0
            ],
            [
              -6.2358492192246473,
              53.280211032207617,
              0
            ],
            [
              -6.2358507216980783,
              53.280211692604304,
              0
            ],
            [
              -6.2358522395292741,
              53.280212344239963,
              0
            ],
            [
              -6.2358537727182339,
              53.280212987114616,
              0
            ],
            [
              -6.2358553047784797,
              53.280213620984306,
              0
            ],
            [
              -6.2358568690899938,
              53.280214236455883,
              0
            ],
            [
              -6.2358584333645348,
              53.280214852825722,
              0
            ],
            [
              -6.2358600010066878,
              53.280215460257097,
              0
            ],
            [
              -6.2358615798803081,
              53.280216049878213,
              0
            ],
            [
              -6.2358631752404401,
              53.280216639743223,
              0
            ],
            [
              -6.2358647713406494,
              53.280217211642693,
              0
            ],
            [
              -6.2358663824286023,
              53.280217783763916,
              0
            ],
            [
              -6.2358680077825559,
              53.28021833722088,
              0
            ],
            [
              -6.2358696349683491,
              53.280218882615543,
              0
            ],
            [
              -6.2358712771418681,
              53.280219428231931,
              0
            ],
            [
              -6.2358729199814737,
              53.280219957679329,
              0
            ],
            [
              -6.2358745813243646,
              53.280220474816957,
              0
            ],
            [
              -6.2358762383930024,
              53.280220986498378,
              0
            ],
            [
              -6.2358779127621986,
              53.280221478661637,
              0
            ],
            [
              -6.2358795871314197,
              53.280221970824876,
              0
            ],
            [
              -6.2358812768583949,
              53.280222454227086,
              0
            ],
            [
              -6.2358829808513585,
              53.280222918965059,
              0
            ],
            [
              -6.2358846713184413,
              53.280223384401673,
              0
            ],
            [
              -6.2358863925009889,
              53.280223832316302,
              0
            ],
            [
              -6.2358881170511236,
              53.280224271292482,
              0
            ],
            [
              -6.2358898374749883,
              53.280224701219339,
              0
            ],
            [
              -6.2358915597676834,
              53.280225122185584,
              0
            ],
            [
              -6.2358932977881265,
              53.280225525408063,
              0
            ],
            [
              -6.235895050796306,
              53.280225928852261,
              0
            ],
            [
              -6.2358968030457715,
              53.280226314308742,
              0
            ],
            [
              -6.2358985571640657,
              53.280226690804575,
              0
            ],
            [
              -6.2359003266400901,
              53.280227058539417,
              0
            ],
            [
              -6.2359020949873738,
              53.28022741726928,
              0
            ],
            [
              -6.2359038682380286,
              53.280227766184623,
              0
            ],
            [
              -6.235905654181888,
              53.280228098210067,
              0
            ],
            [
              -6.2359074401257759,
              53.28022843023551,
              0
            ],
            [
              -6.2359092252369228,
              53.280228746069788,
              0
            ],
            [
              -6.2359110272785951,
              53.280229051368622,
              0
            ],
            [
              -6.2359128297643043,
              53.280229345888138,
              0
            ],
            [
              -6.2359146358395847,
              53.28022962607956,
              0
            ],
            [
              -6.2359164524802786,
              53.280229904629607,
              0
            ],
            [
              -6.2359182563720887,
              53.280230165014551,
              0
            ],
            [
              -6.2359200756216175,
              53.280230416638453,
              0
            ],
            [
              -6.2359218952411899,
              53.28023065927956,
              0
            ],
            [
              -6.235923729089718,
              53.28023088415469,
              0
            ],
            [
              -6.235925549449342,
              53.280231108830208,
              0
            ],
            [
              -6.2359273855366872,
              53.280231315761938,
              0
            ],
            [
              -6.2359292249916054,
              53.280231513755204,
              0
            ],
            [
              -6.2359310753079331,
              53.280231702920936,
              0
            ],
            [
              -6.2359329125053478,
              53.280231882904289,
              0
            ],
            [
              -6.2359347654304864,
              53.280232045143848,
              0
            ],
            [
              -6.2359366172268764,
              53.280232198378449,
              0
            ],
            [
              -6.2359384708920498,
              53.280232342652418,
              0
            ],
            [
              -6.2359403249272534,
              53.280232477943599,
              0
            ],
            [
              -6.2359421826999961,
              53.280232595313556,
              0
            ],
            [
              -6.2359440359764449,
              53.280232712616971,
              0
            ],
            [
              -6.2359458914916761,
              53.280232811977001,
              0
            ],
            [
              -6.2359477623646224,
              53.280232902575989,
              0
            ],
            [
              -6.2359496189898724,
              53.280232974987683,
              0
            ],
            [
              -6.2359514891040675,
              53.280233047598948,
              0
            ],
            [
              -6.2359533464693291,
              53.28023310204501,
              0
            ],
            [
              -6.2359552191923031,
              53.280233147730087,
              0
            ],
            [
              -6.2362178243373547,
              53.280234713048877,
              0
            ],
            [
              -6.2363851367088721,
              53.280235255624135,
              0
            ],
            [
              -6.2364039192663858,
              53.280235461553303,
              0
            ],
            [
              -6.2364136028055626,
              53.280235568839899,
              0
            ],
            [
              -6.2364263272521452,
              53.280231389674881,
              0
            ],
            [
              -6.2364317326938394,
              53.280228753386197,
              0
            ],
            [
              -6.2364418451180708,
              53.280223835399092,
              0
            ],
            [
              -6.2364556086496554,
              53.280214817053732,
              0
            ],
            [
              -6.2364574095729282,
              53.280175124670059,
              0
            ],
            [
              -6.2364590620561664,
              53.280140093188194,
              0
            ],
            [
              -6.236453388311415,
              53.280129251242144,
              0
            ],
            [
              -6.2364419830622086,
              53.280119240418095,
              0
            ],
            [
              -6.2364109400774783,
              53.280105064282431,
              0
            ],
            [
              -6.236383030485614,
              53.280095609271228,
              0
            ],
            [
              -6.2363840909849406,
              53.28006002344673,
              0
            ],
            [
              -6.2363840091841949,
              53.280059096448205,
              0
            ],
            [
              -6.2364500642972871,
              53.280039895841796,
              0
            ],
            [
              -6.2364293258164913,
              53.27975213623764,
              0
            ],
            [
              -6.2366605078787742,
              53.279722100530392,
              0
            ],
            [
              -6.2370821232637539,
              53.279711185932719,
              0
            ],
            [
              -6.237077696393678,
              53.27959864256848,
              0
            ],
            [
              -6.2376798168421361,
              53.279565029072344,
              0
            ],
            [
              -6.2377932396831079,
              53.279556486852051,
              0
            ],
            [
              -6.2379520296394944,
              53.279547264990228,
              0
            ],
            [
              -6.238190361506482,
              53.279536182126108,
              0
            ],
            [
              -6.2383575361304029,
              53.279527209462167,
              0
            ],
            [
              -6.2385132669143095,
              53.279517978503996,
              0
            ],
            [
              -6.2386553295206228,
              53.279504851254281,
              0
            ],
            [
              -6.2389569621199872,
              53.279477705252539,
              0
            ],
            [
              -6.2390693233465626,
              53.279467688248253,
              0
            ],
            [
              -6.2391946554523692,
              53.27945040246847,
              0
            ],
            [
              -6.2393760395109457,
              53.279417516509319,
              0
            ],
            [
              -6.2395684895459942,
              53.279383272863697,
              0
            ],
            [
              -6.2395680972909009,
              53.279378951820362,
              0
            ],
            [
              -6.2391354382055129,
              53.279364949492269,
              0
            ],
            [
              -6.2390174720839129,
              53.27936171420891,
              0
            ],
            [
              -6.2389733058380541,
              53.27936138542816,
              0
            ],
            [
              -6.2386561939440828,
              53.279369331317227,
              0
            ],
            [
              -6.2385499677152412,
              53.279373118942445,
              0
            ],
            [
              -6.2384395649693474,
              53.27937705149391,
              0
            ],
            [
              -6.2384373967227802,
              53.279358341004254,
              0
            ],
            [
              -6.23802270597659,
              53.279365031277734,
              0
            ],
            [
              -6.2376878263631754,
              53.279370597973845,
              0
            ],
            [
              -6.2375691326857101,
              53.279373893039889,
              0
            ],
            [
              -6.2375688279579693,
              53.279379111599944,
              0
            ],
            [
              -6.237519703955817,
              53.279377504568799,
              0
            ],
            [
              -6.2374605582022715,
              53.279375668468383,
              0
            ],
            [
              -6.237404377744503,
              53.279373930106516,
              0
            ],
            [
              -6.2374100492029214,
              53.279274783809498,
              0
            ],
            [
              -6.2374097433118498,
              53.279184922976079,
              0
            ],
            [
              -6.2374058836096031,
              53.279093231728922,
              0
            ],
            [
              -6.2373999311325639,
              53.279011944885156,
              0
            ],
            [
              -6.2373940672781947,
              53.278927411899673,
              0
            ],
            [
              -6.2373819636126786,
              53.278851256279673,
              0
            ],
            [
              -6.2373709950545502,
              53.278813146675468,
              0
            ],
            [
              -6.2373667977202274,
              53.278798567717352,
              0
            ],
            [
              -6.2373588729474294,
              53.278771037327012,
              0
            ],
            [
              -6.2373219757627751,
              53.278691753953339,
              0
            ],
            [
              -6.2372988791277733,
              53.278642255798552,
              0
            ],
            [
              -6.2372593542548183,
              53.278570674223729,
              0
            ],
            [
              -6.2372091598959916,
              53.278484768516194,
              0
            ],
            [
              -6.237164443643028,
              53.27841617423902,
              0
            ],
            [
              -6.237086936975766,
              53.278340947131248,
              0
            ],
            [
              -6.2370112821770674,
              53.278284055499768,
              0
            ],
            [
              -6.2369774175069193,
              53.278263735659138,
              0
            ],
            [
              -6.2369757788572961,
              53.278262741596379,
              0
            ],
            [
              -6.2369741095311708,
              53.278261764157612,
              0
            ],
            [
              -6.2369724099352783,
              53.278260793461797,
              0
            ],
            [
              -6.2369706960376678,
              53.278259842328602,
              0
            ],
            [
              -6.2369689498908905,
              53.278258909593781,
              0
            ],
            [
              -6.2369671880546216,
              53.278257993704599,
              0
            ],
            [
              -6.236965410861643,
              53.278257086576517,
              0
            ],
            [
              -6.2369636010867122,
              53.278256205931314,
              0
            ],
            [
              -6.2369617620969997,
              53.278255342830562,
              0
            ],
            [
              -6.2369599077136151,
              53.278254489389198,
              0
            ],
            [
              -6.236958039139421,
              53.2782536528156,
              0
            ],
            [
              -6.2369561383530474,
              53.27825283374213,
              0
            ],
            [
              -6.2369542218401977,
              53.278252032412524,
              0
            ],
            [
              -6.2369522896008727,
              53.278251248826805,
              0
            ],
            [
              -6.2369503402103215,
              53.278250481166282,
              0
            ],
            [
              -6.2369483614940435,
              53.278249733745,
              0
            ],
            [
              -6.236946367088275,
              53.2782490031693,
              0
            ],
            [
              -6.2369443584547239,
              53.278248290359677,
              0
            ],
            [
              -6.2369423325959916,
              53.278247595271772,
              0
            ],
            [
              -6.236940276023768,
              53.278246917706113,
              0
            ],
            [
              -6.236938218712063,
              53.278246258105966,
              0
            ],
            [
              -6.2369361441382081,
              53.278245617125812,
              0
            ],
            [
              -6.2369340400167532,
              53.278245001774572,
              0
            ],
            [
              -6.2369319355255897,
              53.27824439540607,
              0
            ],
            [
              -6.2369298164368647,
              53.278243815786375,
              0
            ],
            [
              -6.2369276651359398,
              53.278243253666766,
              0
            ],
            [
              -6.2369255130955192,
              53.278242709512654,
              0
            ],
            [
              -6.2369233469012642,
              53.278242181328046,
              0
            ],
            [
              -6.2369211750276881,
              53.278241681821768,
              0
            ],
            [
              -6.2369189758077725,
              53.278241190899301,
              0
            ],
            [
              -6.2369167769403315,
              53.278240727845521,
              0
            ],
            [
              -6.2369145605148697,
              53.278240290597971,
              0
            ],
            [
              -6.2369123437196841,
              53.278239862333152,
              0
            ],
            [
              -6.2369101123269228,
              53.27823946081714,
              0
            ],
            [
              -6.2369078607115327,
              53.27823907697848,
              0
            ],
            [
              -6.2369056113540351,
              53.278238711149676,
              0
            ],
            [
              -6.2369033477687266,
              53.278238363086885,
              0
            ],
            [
              -6.2369010665884188,
              53.278238041728592,
              0
            ],
            [
              -6.2368987846685959,
              53.278237738335804,
              0
            ],
            [
              -6.2368965031381807,
              53.278237461913413,
              0
            ],
            [
              -6.2368942013851338,
              53.278237203168416,
              0
            ],
            [
              -6.23689190188996,
              53.278236962433276,
              0
            ],
            [
              -6.2368895881669584,
              53.278236739464127,
              0
            ],
            [
              -6.2368872868229532,
              53.27823654364272,
              0
            ],
            [
              -6.236884954765384,
              53.278236365343552,
              0
            ],
            [
              -6.2368826354565963,
              53.278236205209375,
              0
            ],
            [
              -6.2368803165372046,
              53.278236072045601,
              0
            ],
            [
              -6.2368779818912419,
              53.278235956625679,
              0
            ],
            [
              -6.236875648004446,
              53.278235859193437,
              0
            ],
            [
              -6.2368733264966254,
              53.278235788908944,
              0
            ],
            [
              -6.2368709892622372,
              53.278235736368281,
              0
            ],
            [
              -6.2368686494198293,
              53.278235710753755,
              0
            ],
            [
              -6.2368663103365458,
              53.278235703126875,
              0
            ],
            [
              -6.2368639705137152,
              53.27823571346552,
              0
            ],
            [
              -6.2368616464370188,
              53.278235742013436,
              0
            ],
            [
              -6.2368593047652752,
              53.2782357972658,
              0
            ],
            [
              -6.2368569769711737,
              53.27823587968809,
              0
            ],
            [
              -6.2368546503059816,
              53.278235971115279,
              0
            ],
            [
              -6.2368523180353312,
              53.278236089424233,
              0
            ],
            [
              -6.2368499880224952,
              53.278236225743015,
              0
            ],
            [
              -6.2368476733860199,
              53.27823638925387,
              0
            ],
            [
              -6.2368453565112425,
              53.278236570708067,
              0
            ],
            [
              -6.2368430538838888,
              53.278236770349366,
              0
            ],
            [
              -6.2368407516458522,
              53.278236996961127,
              0
            ],
            [
              -6.2368384475393075,
              53.278237232533435,
              0
            ],
            [
              -6.2368361539431936,
              53.278237504214104,
              0
            ],
            [
              -6.2368338644733701,
              53.278237784943997,
              0
            ],
            [
              -6.2368315873824685,
              53.278238092821624,
              0
            ],
            [
              -6.2368270460058168,
              53.278238761796757,
              0
            ],
            [
              -6.236822583152505,
              53.278240036841503,
              0
            ],
            [
              -6.2368181087530745,
              53.278241300929466,
              0
            ],
            [
              -6.2368136182744385,
              53.278242554892387,
              0
            ],
            [
              -6.2368091266296588,
              53.278243800748513,
              0
            ],
            [
              -6.2368046233648089,
              53.278245037444357,
              0
            ],
            [
              -6.2368001193775591,
              53.278246255254047,
              0
            ],
            [
              -6.2367956137804192,
              53.278247475736229,
              0
            ],
            [
              -6.2367910805212556,
              53.27824867603502,
              0
            ],
            [
              -6.2367865641543219,
              53.278249866696399,
              0
            ],
            [
              -6.2367820331329558,
              53.27825104905147,
              0
            ],
            [
              -6.2367774829980238,
              53.278252222135436,
              0
            ],
            [
              -6.2367729377657248,
              53.278253385404675,
              0
            ],
            [
              -6.2367683927920439,
              53.278254542385817,
              0
            ],
            [
              -6.2367638291485559,
              53.278255679316537,
              0
            ],
            [
              -6.236759255050913,
              53.278256815193636,
              0
            ],
            [
              -6.2367546782884427,
              53.278257942941728,
              0
            ],
            [
              -6.2367500887770229,
              53.278259052524646,
              0
            ],
            [
              -6.2367455011708577,
              53.278260152248492,
              0
            ],
            [
              -6.2367408973376168,
              53.27826124544039,
              0
            ],
            [
              -6.2367362924492014,
              53.278262327830632,
              0
            ],
            [
              -6.2367316759407565,
              53.278263401060606,
              0
            ],
            [
              -6.2367270583401755,
              53.278264464387156,
              0
            ],
            [
              -6.2367224245864641,
              53.278265519385236,
              0
            ],
            [
              -6.2367177945695635,
              53.278266556461929,
              0
            ],
            [
              -6.2367131630167636,
              53.278267594414544,
              0
            ],
            [
              -6.2367085158285924,
              53.278268611462778,
              0
            ],
            [
              -6.2367038718594916,
              53.2782696231655,
              0
            ],
            [
              -6.2366992268352561,
              53.278270624066543,
              0
            ],
            [
              -6.2366945507448692,
              53.278271614620905,
              0
            ],
            [
              -6.2366898929715182,
              53.278272597356541,
              0
            ],
            [
              -6.2366852194518696,
              53.278273561882628,
              0
            ],
            [
              -6.2366805294463017,
              53.278274526164729,
              0
            ],
            [
              -6.2366758432145533,
              53.278275471627147,
              0
            ],
            [
              -6.236671155742763,
              53.278276410779263,
              0
            ],
            [
              -6.2366664522288433,
              53.278277338908062,
              0
            ],
            [
              -6.2366617506202209,
              53.278278257177782,
              0
            ],
            [
              -6.2366570362257541,
              53.278279158180553,
              0
            ],
            [
              -6.2366523188336913,
              53.278280059138815,
              0
            ],
            [
              -6.2366476036797893,
              53.278280942153508,
              0
            ],
            [
              -6.2366428754441818,
              53.278281815087446,
              0
            ],
            [
              -6.2366381441000343,
              53.278282690671716,
              0
            ],
            [
              -6.2366334005248074,
              53.278283535514873,
              0
            ],
            [
              -6.2366286583001509,
              53.278284383973116,
              0
            ],
            [
              -6.2366239285457219,
              53.278285220930904,
              0
            ],
            [
              -6.2366191713882699,
              53.278286031417302,
              0
            ],
            [
              -6.2366144157293544,
              53.278286841925677,
              0
            ],
            [
              -6.2366096574426875,
              53.278287643406749,
              0
            ],
            [
              -6.2366048860373642,
              53.278288435705363,
              0
            ],
            [
              -6.2366001165373914,
              53.278289218144913,
              0
            ],
            [
              -6.236595329385656,
              53.278289992233752,
              0
            ],
            [
              -6.2365905443981795,
              53.278290750175586,
              0
            ],
            [
              -6.2365857613530462,
              53.278291497360065,
              0
            ],
            [
              -6.2365809757171764,
              53.278292234618981,
              0
            ],
            [
              -6.2365761784243725,
              53.27829296361589,
              0
            ],
            [
              -6.2365713800025517,
              53.278293683607643,
              0
            ],
            [
              -6.2365665658345302,
              53.27829438538982,
              0
            ],
            [
              -6.2365617546637564,
              53.278295087216158,
              0
            ],
            [
              -6.2365569577578421,
              53.278295770377959,
              0
            ],
            [
              -6.2365521446989076,
              53.278296445211247,
              0
            ],
            [
              -6.2365473203159203,
              53.278297103698023,
              0
            ],
            [
              -6.2365424945080719,
              53.278297760365867,
              0
            ],
            [
              -6.2365376679410698,
              53.278298399045802,
              0
            ],
            [
              -6.2365328294212912,
              53.278299036649948,
              0
            ],
            [
              -6.2365279901053814,
              53.278299657164432,
              0
            ],
            [
              -6.2365231496604885,
              53.278300268673775,
              0
            ],
            [
              -6.236518312952585,
              53.278300862261744,
              0
            ],
            [
              -6.2365134597588208,
              53.278301455605657,
              0
            ],
            [
              -6.236508605842908,
              53.278302030063415,
              0
            ],
            [
              -6.2364988884814379,
              53.278303155467889,
              0
            ],
            [
              -6.2364940952160302,
              53.278303713744499,
              0
            ],
            [
              -6.236489320674659,
              53.278304254321391,
              0
            ],
            [
              -6.2364845416370569,
              53.27830479483162,
              0
            ],
            [
              -6.2364797525152671,
              53.278305325305389,
              0
            ],
            [
              -6.2364749487392199,
              53.278305847472801,
              0
            ],
            [
              -6.23647015582383,
              53.278306360812422,
              0
            ],
            [
              -6.2364653527872917,
              53.278306865013896,
              0
            ],
            [
              -6.2364605497506282,
              53.278307369215199,
              0
            ],
            [
              -6.2364557459548946,
              53.278307855428551,
              0
            ],
            [
              -6.2364509410302222,
              53.278308332636811,
              0
            ],
            [
              -6.2364461391398374,
              53.278308808990943,
              0
            ],
            [
              -6.2364413198936921,
              53.278309269808119,
              0
            ],
            [
              -6.2364365026639819,
              53.278309718071412,
              0
            ],
            [
              -6.2364317017719531,
              53.278310170171466,
              0
            ],
            [
              -6.2364268683521988,
              53.278310611004287,
              0
            ],
            [
              -6.2364220521578533,
              53.278311034115234,
              0
            ],
            [
              -6.2364172374990892,
              53.278311456349869,
              0
            ],
            [
              -6.2364124201757258,
              53.278311870455504,
              0
            ],
            [
              -6.2364076047208652,
              53.278312275600314,
              0
            ],
            [
              -6.2364027761474476,
              53.278312671562645,
              0
            ],
            [
              -6.2363979479438374,
              53.278313058542018,
              0
            ],
            [
              -6.2363931006268718,
              53.278313436250215,
              0
            ],
            [
              -6.2363882731628646,
              53.27831380526365,
              0
            ],
            [
              -6.2363834430712455,
              53.278314165249789,
              0
            ],
            [
              -6.2363785995282139,
              53.278314524137933,
              0
            ],
            [
              -6.2363737581126122,
              53.278314867777318,
              0
            ],
            [
              -6.2363689172147803,
              53.278315198840652,
              0
            ],
            [
              -6.2363640716728028,
              53.278315533430366,
              0
            ],
            [
              -6.2363592315146068,
              53.278315846527747,
              0
            ],
            [
              -6.2363543882109713,
              53.278316163173692,
              0
            ],
            [
              -6.2363495487184455,
              53.278316460101742,
              0
            ],
            [
              -6.2363447077271568,
              53.278316757007381,
              0
            ],
            [
              -6.236339850619955,
              53.27831704468619,
              0
            ],
            [
              -6.2363350119040053,
              53.2783173227498,
              0
            ],
            [
              -6.2363301574050691,
              53.27831758350208,
              0
            ],
            [
              -6.2363253017772751,
              53.278317835249211,
              0
            ],
            [
              -6.23632044914683,
              53.27831808704051,
              0
            ],
            [
              -6.2363155953875298,
              53.278318329826625,
              0
            ],
            [
              -6.236310725512336,
              53.278318563385938,
              0
            ],
            [
              -6.2363058739914363,
              53.27831878822834,
              0
            ],
            [
              -6.2363010179743732,
              53.278319013003987,
              0
            ],
            [
              -6.236296152206144,
              53.278319219658734,
              0
            ],
            [
              -6.2362912868077895,
              53.278319417330508,
              0
            ],
            [
              -6.2362864368033177,
              53.278319605342752,
              0
            ],
            [
              -6.2362815672786578,
              53.27831979396484,
              0
            ],
            [
              -6.2362767029898878,
              53.278319964687711,
              0
            ],
            [
              -6.236271853614145,
              53.278320137428643,
              0
            ],
            [
              -6.2362669856430015,
              53.278320288322526,
              0
            ],
            [
              -6.2362621220939518,
              53.278320441079266,
              0
            ],
            [
              -6.2362572562133085,
              53.278320577622488,
              0
            ],
            [
              -6.2362523769182792,
              53.278320712169403,
              0
            ],
            [
              -6.2362475144788929,
              53.278320837977233,
              0
            ],
            [
              -6.2362426494119658,
              53.27832095475776,
              0
            ],
            [
              -6.2362377712266195,
              53.278321062355772,
              0
            ],
            [
              -6.2362329102668115,
              53.278321152231968,
              0
            ],
            [
              -6.236228031322546,
              53.278321241841851,
              0
            ],
            [
              -6.2362231557455834,
              53.278321322513172,
              0
            ],
            [
              -6.2362182940268633,
              53.278321394401004,
              0
            ],
            [
              -6.2362134158593836,
              53.278321465146533,
              0
            ],
            [
              -6.2362085413921573,
              53.278321518868921,
              0
            ],
            [
              -6.2362036807831691,
              53.278321563807886,
              0
            ],
            [
              -6.2361988190453967,
              53.278321599741695,
              0
            ],
            [
              -6.2361939456879067,
              53.278321626515201,
              0
            ],
            [
              -6.2361890708317143,
              53.27832165326631,
              0
            ],
            [
              -6.2361841952166692,
              53.278321662029519,
              0
            ],
            [
              -6.2361793225990443,
              53.278321670836867,
              0
            ],
            [
              -6.2361744477238608,
              53.278321661634109,
              0
            ],
            [
              -6.2361695743473851,
              53.278321652453371,
              0
            ],
            [
              -6.2361598320715776,
              53.278321598204542,
              0
            ],
            [
              -6.23615492664368,
              53.278321202054656,
              0
            ],
            [
              -6.2361500414388855,
              53.278320788227255,
              0
            ],
            [
              -6.236145153236774,
              53.278320374355353,
              0
            ],
            [
              -6.2361402669034121,
              53.278319951522619,
              0
            ],
            [
              -6.2361353828087083,
              53.278319510746364,
              0
            ],
            [
              -6.2361305107037461,
              53.278319070147241,
              0
            ],
            [
              -6.2361256273491419,
              53.278318611405034,
              0
            ],
            [
              -6.2361207424589518,
              53.278318153538727,
              0
            ],
            [
              -6.236115871834067,
              53.278317677007948,
              0
            ],
            [
              -6.236111004576637,
              53.278317191538584,
              0
            ],
            [
              -6.2361061182061404,
              53.27831669679798,
              0
            ],
            [
              -6.2361012513188845,
              53.278316202345422,
              0
            ],
            [
              -6.2360964001586838,
              53.278315690148894,
              0
            ],
            [
              -6.2360915328827984,
              53.27831516872547,
              0
            ],
            [
              -6.2360866644782789,
              53.278314638296933,
              0
            ],
            [
              -6.2360818144282861,
              53.278314099151473,
              0
            ],
            [
              -6.2360769648223391,
              53.278313549226539,
              0
            ],
            [
              -6.2360721109423896,
              53.278312993845184,
              0
            ],
            [
              -6.2360672620766033,
              53.278312425954311,
              0
            ],
            [
              -6.2360624258295001,
              53.278311842969906,
              0
            ],
            [
              -6.2360575911182288,
              53.278311259109209,
              0
            ],
            [
              -6.2360527432887114,
              53.278310666065991,
              0
            ],
            [
              -6.2360479078189188,
              53.278310064217216,
              0
            ],
            [
              -6.2360430760865802,
              53.278309444447032,
              0
            ],
            [
              -6.2360382578427176,
              53.27830882487622,
              0
            ],
            [
              -6.2360334238531792,
              53.278308187095789,
              0
            ],
            [
              -6.2360286074782652,
              53.278307558563995,
              0
            ],
            [
              -6.2360237907146727,
              53.278306903061548,
              0
            ],
            [
              -6.2360189724155335,
              53.278306248435015,
              0
            ],
            [
              -6.2360141578908665,
              53.278305574988828,
              0
            ],
            [
              -6.2360093418676561,
              53.278304901520237,
              0
            ],
            [
              -6.2360045401468351,
              53.278304208488969,
              0
            ],
            [
              -6.2359997417195618,
              53.278303508315645,
              0
            ],
            [
              -6.2359949585754499,
              53.278302801177645,
              0
            ],
            [
              -6.2359901710833743,
              53.278302090379825,
              0
            ],
            [
              -6.2359853737664857,
              53.278301363257619,
              0
            ],
            [
              -6.2359805887723496,
              53.278300628228116,
              0
            ],
            [
              -6.2359758056840491,
              53.278299883339585,
              0
            ],
            [
              -6.2359710394516332,
              53.278299129711975,
              0
            ],
            [
              -6.2359662556049154,
              53.278298366835337,
              0
            ],
            [
              -6.2359614886140884,
              53.278297595219662,
              0
            ],
            [
              -6.2359567234920945,
              53.278296814643205,
              0
            ],
            [
              -6.2359519736902858,
              53.278296026203819,
              0
            ],
            [
              -6.2359472048124989,
              53.278295227594946,
              0
            ],
            [
              -6.2359424557880105,
              53.278294420291381,
              0
            ],
            [
              -6.2359377041362682,
              53.278293603960492,
              0
            ],
            [
              -6.2359329708391167,
              53.278292778912757,
              0
            ],
            [
              -6.2359282364134305,
              53.278291944859909,
              0
            ],
            [
              -6.2359235008591982,
              53.278291101801919,
              0
            ],
            [
              -6.2359187840665564,
              53.278290240146042,
              0
            ],
            [
              -6.2359140507513828,
              53.278289379144347,
              0
            ],
            [
              -6.2359093312947129,
              53.278288509359271,
              0
            ],
            [
              -6.235904615205623,
              53.278287630635553,
              0
            ],
            [
              -6.2358998983579985,
              53.278286733923984,
              0
            ],
            [
              -6.2358951949618868,
              53.278285838310076,
              0
            ],
            [
              -6.2358904949703771,
              53.278284932859286,
              0
            ],
            [
              -6.2358857942203452,
              53.278284009420616,
              0
            ],
            [
              -6.2358811070328244,
              53.278283084384782,
              0
            ],
            [
              -6.2358764231389161,
              53.27828215220692,
              0
            ],
            [
              -6.2358717354890842,
              53.278281201996798,
              0
            ],
            [
              -6.2358670672855858,
              53.278280252973062,
              0
            ],
            [
              -6.2358623848722736,
              53.278279284863586,
              0
            ],
            [
              -6.2358577474202281,
              53.278278317419222,
              0
            ],
            [
              -6.2358530758682491,
              53.278277340481843,
              0
            ],
            [
              -6.2358484245395953,
              53.278276345867042,
              0
            ],
            [
              -6.2358437701767642,
              53.278275352105986,
              0
            ],
            [
              -6.2358391330768663,
              53.278274339724867,
              0
            ],
            [
              -6.2358344824888716,
              53.278273327143992,
              0
            ],
            [
              -6.23582522333251,
              53.278271264852869,
              0
            ],
            [
              -6.2358220767767865,
              53.278270509120169,
              0
            ],
            [
              -6.2358189287594747,
              53.278269752466947,
              0
            ],
            [
              -6.2358157979680131,
              53.278268978092015,
              0
            ],
            [
              -6.2358126473235345,
              53.27826821241149,
              0
            ],
            [
              -6.2358095169022913,
              53.278267429053635,
              0
            ],
            [
              -6.2358063849824639,
              53.278266645673561,
              0
            ],
            [
              -6.2358032668840755,
              53.278265854408481,
              0
            ],
            [
              -6.2358001503215021,
              53.278265062267224,
              0
            ],
            [
              -6.2357970341290549,
              53.278264261143136,
              0
            ],
            [
              -6.2357939198054275,
              53.278263451058336,
              0
            ],
            [
              -6.2357908190442393,
              53.278262639376564,
              0
            ],
            [
              -6.2357877170804636,
              53.27826182048625,
              0
            ],
            [
              -6.2357846169485276,
              53.2782609935336,
              0
            ],
            [
              -6.2357815183524128,
              53.278260165704744,
              0
            ],
            [
              -6.2357784336147448,
              53.278259329092641,
              0
            ],
            [
              -6.235775347748497,
              53.278258483475497,
              0
            ],
            [
              -6.2357722630110741,
              53.278257646863253,
              0
            ],
            [
              -6.2357691804754785,
              53.278256793205834,
              0
            ],
            [
              -6.2357661114653373,
              53.278255938849654,
              0
            ],
            [
              -6.2357630398279236,
              53.278255075466284,
              0
            ],
            [
              -6.2357599730567559,
              53.27825420316659,
              0
            ],
            [
              -6.2357569048610078,
              53.278253329048091,
              0
            ],
            [
              -6.2357538534471058,
              53.278252447987249,
              0
            ],
            [
              -6.2357508008676605,
              53.278251558819683,
              0
            ],
            [
              -6.2357477648110402,
              53.278250668997728,
              0
            ],
            [
              -6.2357447096414607,
              53.27824976990459,
              0
            ],
            [
              -6.2357416743251317,
              53.278248862116918,
              0
            ],
            [
              -6.2357386375102326,
              53.27824795430702,
              0
            ],
            [
              -6.2357356175141918,
              53.278247038656481,
              0
            ],
            [
              -6.2357325930591863,
              53.278246122041075,
              0
            ],
            [
              -6.2357295719717287,
              53.278245196487177,
              0
            ],
            [
              -6.2357265527531212,
              53.278244261972603,
              0
            ],
            [
              -6.2357235620099516,
              53.278243327879366,
              0
            ],
            [
              -6.2357205581856414,
              53.278242383705383,
              0
            ],
            [
              -6.2357175498283679,
              53.27824144036309,
              0
            ],
            [
              -6.2357145616943619,
              53.278240479343495,
              0
            ],
            [
              -6.2357115716917839,
              53.278239527284391,
              0
            ],
            [
              -6.2357085809306758,
              53.27823855723755,
              0
            ],
            [
              -6.2357056066184198,
              53.278237588332843,
              0
            ],
            [
              -6.2357026323432905,
              53.278236618529775,
              0
            ],
            [
              -6.2356996603070582,
              53.2782356307833,
              0
            ],
            [
              -6.2356967018332634,
              53.278234641439788,
              0
            ],
            [
              -6.2356937417498992,
              53.278233654768862,
              0
            ],
            [
              -6.2356907835724034,
              53.278232658239013,
              0
            ],
            [
              -6.2356878272637717,
              53.278231652748502,
              0
            ],
            [
              -6.2356848844435833,
              53.278230647457526,
              0
            ],
            [
              -6.2356819419935681,
              53.278229633183678,
              0
            ],
            [
              -6.2356790133650213,
              53.278228611024915,
              0
            ],
            [
              -6.2356760862723197,
              53.27822758798996,
              0
            ],
            [
              -6.2356731610484877,
              53.278226555994358,
              0
            ],
            [
              -6.2356702344001045,
              53.278225522179952,
              0
            ],
            [
              -6.2356673244965855,
              53.278224482321512,
              0
            ],
            [
              -6.2356644105041417,
              53.278223432515418,
              0
            ],
            [
              -6.2356615159949449,
              53.278222382997576,
              0
            ],
            [
              -6.2356586203572153,
              53.278221324474721,
              0
            ],
            [
              -6.2356557397066297,
              53.278220266173598,
              0
            ],
            [
              -6.2356528578905355,
              53.278219199765715,
              0
            ],
            [
              -6.2356499779803105,
              53.27821812349891,
              0
            ],
            [
              -6.2356470995689284,
              53.278217047254202,
              0
            ],
            [
              -6.2356442350900485,
              53.278215960429748,
              0
            ],
            [
              -6.2356413719989883,
              53.278214876322224,
              0
            ],
            [
              -6.2356385048190255,
              53.278213782267052,
              0
            ],
            [
              -6.2356356556236028,
              53.278212688477929,
              0
            ],
            [
              -6.2356328082970611,
              53.278211585728187,
              0
            ],
            [
              -6.2356299594349665,
              53.278210483854473,
              0
            ],
            [
              -6.2356271278357962,
              53.278209363360844,
              0
            ],
            [
              -6.2356242917406739,
              53.278208242800631,
              0
            ],
            [
              -6.235621473704108,
              53.278207120709936,
              0
            ],
            [
              -6.2356158400552149,
              53.278204854093595,
              0
            ],
            [
              -6.2355853389194227,
              53.278193508953429,
              0
            ],
            [
              -6.2355446627706259,
              53.278178381969582,
              0
            ],
            [
              -6.2354165701688151,
              53.278130996684169,
              0
            ],
            [
              -6.2351118731565718,
              53.278013234704162,
              0
            ],
            [
              -6.2348189618107934,
              53.277902783093531,
              0
            ],
            [
              -6.2346449257056982,
              53.277837469187602,
              0
            ],
            [
              -6.2346416628706667,
              53.277836261390568,
              0
            ],
            [
              -6.2346383986111844,
              53.277835051774716,
              0
            ],
            [
              -6.2346351327421203,
              53.27783384483137,
              0
            ],
            [
              -6.2346318530518596,
              53.27783264577274,
              0
            ],
            [
              -6.234628589847337,
              53.27783144695811,
              0
            ],
            [
              -6.2346253097872024,
              53.277830256882027,
              0
            ],
            [
              -6.2346220132046906,
              53.277829067460054,
              0
            ],
            [
              -6.2346187327746732,
              53.277827886366573,
              0
            ],
            [
              -6.2346154388566699,
              53.277826705073267,
              0
            ],
            [
              -6.2346121434771922,
              53.277825522859416,
              0
            ],
            [
              -6.2346088491893195,
              53.277824350548705,
              0
            ],
            [
              -6.2346055504055675,
              53.277823178171325,
              0
            ],
            [
              -6.2346022407609416,
              53.277822014621286,
              0
            ],
            [
              -6.2345989295808053,
              53.277820851947226,
              0
            ],
            [
              -6.2345956199365409,
              53.277819688396981,
              0
            ],
            [
              -6.2345923055002093,
              53.277818531966304,
              0
            ],
            [
              -6.2345889801289678,
              53.277817386159491,
              0
            ],
            [
              -6.2345856685792986,
              53.277816232467842,
              0
            ],
            [
              -6.2345823581952482,
              53.277815086882754,
              0
            ],
            [
              -6.2345790129713929,
              53.277813949769936,
              0
            ],
            [
              -6.2345756872305973,
              53.277812812945527,
              0
            ],
            [
              -6.234572344967436,
              53.277811676775158,
              0
            ],
            [
              -6.2345690038699066,
              53.277810548711393,
              0
            ],
            [
              -6.2345656582765052,
              53.277809420580944,
              0
            ],
            [
              -6.2345623168090718,
              53.277808301499775,
              0
            ],
            [
              -6.2345589588933112,
              53.277807181276096,
              0
            ],
            [
              -6.234555602069122,
              53.277806070955563,
              0
            ],
            [
              -6.2345522407490508,
              53.277804960568353,
              0
            ],
            [
              -6.234548883925215,
              53.277803850247622,
              0
            ],
            [
              -6.234545524862348,
              53.277802757870141,
              0
            ],
            [
              -6.2345421526447407,
              53.277801657208329,
              0
            ],
            [
              -6.2345387755980015,
              53.277800564564352,
              0
            ],
            [
              -6.2345354031215594,
              53.277799470190281,
              0
            ],
            [
              -6.2345320290725432,
              53.277798377590507,
              0
            ],
            [
              -6.2345286411282457,
              53.277797294671927,
              0
            ],
            [
              -6.2345252483548386,
              53.27779621977114,
              0
            ],
            [
              -6.2345218604479289,
              53.277795135954094,
              0
            ],
            [
              -6.2345184703019614,
              53.277794070080283,
              0
            ],
            [
              -6.2345150969749294,
              53.277792996365989,
              0
            ],
            [
              -6.2345116888450995,
              53.277791930225675,
              0
            ],
            [
              -6.2345082848412279,
              53.277790873134578,
              0
            ],
            [
              -6.2345048793388465,
              53.277789816021219,
              0
            ],
            [
              -6.2345014753723289,
              53.277788758031676,
              0
            ],
            [
              -6.2344980515158124,
              53.277787709634552,
              0
            ],
            [
              -6.2344946471423333,
              53.277786661525845,
              0
            ],
            [
              -6.2344912259132448,
              53.277785622155676,
              0
            ],
            [
              -6.2344878061830054,
              53.277784582807605,
              0
            ],
            [
              -6.2344843669330103,
              53.277783544069202,
              0
            ],
            [
              -6.2344809468328304,
              53.277782513703684,
              0
            ],
            [
              -6.2344775099510787,
              53.277781490280169,
              0
            ],
            [
              -6.2344740714967557,
              53.277780468630901,
              0
            ],
            [
              -6.2344706345042402,
              53.277779447902006,
              0
            ],
            [
              -6.234467198677331,
              53.2777784352797,
              0
            ],
            [
              -6.2344637613519076,
              53.277777422635104,
              0
            ],
            [
              -6.2344603075411316,
              53.277776409746266,
              0
            ],
            [
              -6.2344568548589221,
              53.277775405862315,
              0
            ],
            [
              -6.2344534032682484,
              53.277774411881467,
              0
            ],
            [
              -6.2344499502160824,
              53.27777341698004,
              0
            ],
            [
              -6.2344464956653995,
              53.27777242205633,
              0
            ],
            [
              -6.2344430273304994,
              53.277771434119011,
              0
            ],
            [
              -6.2344395604203982,
              53.277770448000311,
              0
            ],
            [
              -6.2344360919747377,
              53.277769462757611,
              0
            ],
            [
              -6.2344326216972989,
              53.27776848557707,
              0
            ],
            [
              -6.2344291525484161,
              53.277767517401408,
              0
            ],
            [
              -6.2344256699115537,
              53.277766549025898,
              0
            ],
            [
              -6.2344221857761575,
              53.277765580628092,
              0
            ],
            [
              -6.2344186997349231,
              53.277764622089023,
              0
            ],
            [
              -6.2344152152295562,
              53.27776366267377,
              0
            ],
            [
              -6.2344082320646521,
              53.277761759812179,
              0
            ],
            [
              -6.2344036506996705,
              53.277760452486724,
              0
            ],
            [
              -6.2343990570122436,
              53.277759153068025,
              0
            ],
            [
              -6.2343944618264304,
              53.277757853626959,
              0
            ],
            [
              -6.234389864771912,
              53.277756563146291,
              0
            ],
            [
              -6.2343852703077216,
              53.277755282590846,
              0
            ],
            [
              -6.2343806744562187,
              53.277753999318236,
              0
            ],
            [
              -6.2343760620454152,
              53.277752717597821,
              0
            ],
            [
              -6.2343714522619678,
              53.277751444904425,
              0
            ],
            [
              -6.2343668409430872,
              53.277750173086922,
              0
            ],
            [
              -6.234362212805709,
              53.277748909109555,
              0
            ],
            [
              -6.2343576022824916,
              53.277747654381123,
              0
            ],
            [
              -6.2343529602501899,
              53.277746400084702,
              0
            ],
            [
              -6.2343483313730195,
              53.277745154072335,
              0
            ],
            [
              -6.2343437054934956,
              53.277743908104199,
              0
            ],
            [
              -6.234339064331194,
              53.277742669100128,
              0
            ],
            [
              -6.2343344185620042,
              53.277741432724113,
              0
            ],
            [
              -6.2343297769558781,
              53.27774020449899,
              0
            ],
            [
              -6.2343251169955192,
              53.277738984990108,
              0
            ],
            [
              -6.2343204735209303,
              53.277737765725192,
              0
            ],
            [
              -6.2343158161511241,
              53.277736556141392,
              0
            ],
            [
              -6.2343111708080805,
              53.277735345836689,
              0
            ],
            [
              -6.2343064966941082,
              53.277734142296303,
              0
            ],
            [
              -6.2343018389918221,
              53.277732940796419,
              0
            ],
            [
              -6.2342971628982813,
              53.277731748911052,
              0
            ],
            [
              -6.2342924879704125,
              53.277730565132181,
              0
            ],
            [
              -6.2342878145414735,
              53.27772938137533,
              0
            ],
            [
              -6.2342831261259919,
              53.27772819739635,
              0
            ],
            [
              -6.2342784328073746,
              53.277727023231613,
              0
            ],
            [
              -6.2342737586385981,
              53.277725857439727,
              0
            ],
            [
              -6.2342690512028343,
              53.277724698345573,
              0
            ],
            [
              -6.2342643620477611,
              53.27772353233135,
              0
            ],
            [
              -6.2342596556297627,
              53.27772238493661,
              0
            ],
            [
              -6.234254962737201,
              53.277721236843171,
              0
            ],
            [
              -6.2342502574851162,
              53.277720097554727,
              0
            ],
            [
              -6.2342455507346068,
              53.277718958243923,
              0
            ],
            [
              -6.2342408424486271,
              53.277717819808991,
              0
            ],
            [
              -6.2342361214698396,
              53.277716698263539,
              0
            ],
            [
              -6.2342314139794377,
              53.2777155769177,
              0
            ],
            [
              -6.234226675016985,
              53.277714455105539,
              0
            ],
            [
              -6.2342219537056556,
              53.277713341644024,
              0
            ],
            [
              -6.2342172274911771,
              53.277712237996774,
              0
            ],
            [
              -6.2342124907861711,
              53.277711134193957,
              0
            ],
            [
              -6.2342077537110807,
              53.277710039373716,
              0
            ],
            [
              -6.2342030162659183,
              53.277708953536049,
              0
            ],
            [
              -6.2341982742879161,
              53.277707868529887,
              0
            ],
            [
              -6.2341935218564206,
              53.277706782469885,
              0
            ],
            [
              -6.234188781044284,
              53.277705705570014,
              0
            ],
            [
              -6.2341840264479904,
              53.277704635656413,
              0
            ],
            [
              -6.2341792732395298,
              53.27770356845965,
              0
            ],
            [
              -6.2341745167006355,
              53.277702509302749,
              0
            ],
            [
              -6.2341697616606586,
              53.277701450167882,
              0
            ],
            [
              -6.2341649927624632,
              53.277700399815828,
              0
            ],
            [
              -6.2341602204967961,
              53.277699358401918,
              0
            ],
            [
              -6.2341554511917012,
              53.277698317930508,
              0
            ],
            [
              -6.2341506800548405,
              53.277697285521185,
              0
            ],
            [
              -6.2341458924327453,
              53.277696252867514,
              0
            ],
            [
              -6.2341411224987677,
              53.277695227666229,
              0
            ],
            [
              -6.2341363360054594,
              53.277694204017109,
              0
            ],
            [
              -6.234131547606335,
              53.277693190226643,
              0
            ],
            [
              -6.234126746884681,
              53.277692184342911,
              0
            ],
            [
              -6.2341219596513664,
              53.277691178658728,
              0
            ],
            [
              -6.2341171559328181,
              53.277690172730217,
              0
            ],
            [
              -6.234112369457951,
              53.277689185033388,
              0
            ],
            [
              -6.2341075829462742,
              53.277688198234635,
              0
            ],
            [
              -6.2341027769890101,
              53.277687210248857,
              0
            ],
            [
              -6.2340979601708755,
              53.277686231090257,
              0
            ],
            [
              -6.234093155046101,
              53.277685259295247,
              0
            ],
            [
              -6.2340883363593669,
              53.277684289096804,
              0
            ],
            [
              -6.2340786982088146,
              53.277682367563173,
              0
            ],
            [
              -6.2340736114315156,
              53.277681752922952,
              0
            ],
            [
              -6.2340685081689058,
              53.277681138038332,
              0
            ],
            [
              -6.2340634180241921,
              53.277680532336042,
              0
            ],
            [
              -6.2340583151494586,
              53.277679944421465,
              0
            ],
            [
              -6.2340532077788398,
              53.277679356440082,
              0
            ],
            [
              -6.2340481045340326,
              53.27767877750783,
              0
            ],
            [
              -6.2340430008819636,
              53.277678208456393,
              0
            ],
            [
              -6.2340379088861502,
              53.277677647666827,
              0
            ],
            [
              -6.2340328030319858,
              53.277677095659996,
              0
            ],
            [
              -6.2340276833194848,
              53.277676552435906,
              0
            ],
            [
              -6.234022575596545,
              53.277676009389218,
              0
            ],
            [
              -6.2340174551435696,
              53.277675484130206,
              0
            ],
            [
              -6.2340123332661106,
              53.277674957052255,
              0
            ],
            [
              -6.2340072094456564,
              53.277674440731168,
              0
            ],
            [
              -6.2340020728951551,
              53.277673942197787,
              0
            ],
            [
              -6.2339969483342044,
              53.277673443841799,
              0
            ],
            [
              -6.2339918249016799,
              53.277672954490534,
              0
            ],
            [
              -6.2339866875737568,
              53.277672474820278,
              0
            ],
            [
              -6.2339815499126132,
              53.277672003234308,
              0
            ],
            [
              -6.2339764242410141,
              53.277671531825689,
              0
            ],
            [
              -6.2339712993274494,
              53.277671078404602,
              0
            ],
            [
              -6.2339661575581609,
              53.277670633721826,
              0
            ],
            [
              -6.233961018786335,
              53.277670189083238,
              0
            ],
            [
              -6.2339558612896937,
              53.277669762143532,
              0
            ],
            [
              -6.2339507202786431,
              53.277669335447833,
              0
            ],
            [
              -6.233945580395976,
              53.277668917756856,
              0
            ],
            [
              -6.2339404221588968,
              53.277668508782014,
              0
            ],
            [
              -6.233935266548885,
              53.277668108834106,
              0
            ],
            [
              -6.2339301240566876,
              53.277667718068557,
              0
            ],
            [
              -6.2339249647087431,
              53.277667336041318,
              0
            ],
            [
              -6.2339198079878582,
              53.277666963041007,
              0
            ],
            [
              -6.2339146497683782,
              53.277666590018278,
              0
            ],
            [
              -6.2339094893095419,
              53.27766623493865,
              0
            ],
            [
              -6.233904331848148,
              53.277665879903196,
              0
            ],
            [
              -6.2338991856354813,
              53.277665543010635,
              0
            ],
            [
              -6.2338940109109666,
              53.277665206594335,
              0
            ],
            [
              -6.2338888523386471,
              53.277664878506492,
              0
            ],
            [
              -6.2338836754118692,
              53.277664559134784,
              0
            ],
            [
              -6.2338785160989172,
              53.277664249012005,
              0
            ],
            [
              -6.2338733399301773,
              53.277663947627552,
              0
            ],
            [
              -6.2338681768792155,
              53.277663655425414,
              0
            ],
            [
              -6.2338630014684986,
              53.27766337202825,
              0
            ],
            [
              -6.2338578256874531,
              53.277663097613605,
              0
            ],
            [
              -6.2338526454104493,
              53.277662823132125,
              0
            ],
            [
              -6.2338474688887313,
              53.277662566682558,
              0
            ],
            [
              -6.2338422893697292,
              53.277662310188333,
              0
            ],
            [
              -6.2338371124777385,
              53.277662062721063,
              0
            ],
            [
              -6.2338319483330924,
              53.277661833418904,
              0
            ],
            [
              -6.2338267677030545,
              53.277661603872296,
              0
            ],
            [
              -6.2338215897000175,
              53.277661383352608,
              0
            ],
            [
              -6.2338164083292753,
              53.277661171771072,
              0
            ],
            [
              -6.2338112280868492,
              53.277660969194251,
              0
            ],
            [
              -6.2338060339859505,
              53.277660775400179,
              0
            ],
            [
              -6.2338008518745402,
              53.277660581783465,
              0
            ],
            [
              -6.2337956720197001,
              53.277660406176466,
              0
            ],
            [
              -6.2337904902958128,
              53.277660239529773,
              0
            ],
            [
              -6.2337852920865053,
              53.277660072638625,
              0
            ],
            [
              -6.2337801114909652,
              53.277659914996462,
              0
            ],
            [
              -6.2337749151678352,
              53.277659775097575,
              0
            ],
            [
              -6.2337697293355037,
              53.277659635353849,
              0
            ],
            [
              -6.2337645326420272,
              53.277659504437246,
              0
            ],
            [
              -6.2337593625543759,
              53.277659382902826,
              0
            ],
            [
              -6.2337541651201329,
              53.2776592699513,
              0
            ],
            [
              -6.2337489808035818,
              53.277659166182104,
              0
            ],
            [
              -6.2337437949884,
              53.277659062390477,
              0
            ],
            [
              -6.2337385964429535,
              53.277658976386554,
              0
            ],
            [
              -6.2337334095165362,
              53.277658899542743,
              0
            ],
            [
              -6.233728209102031,
              53.2776588224989,
              0
            ],
            [
              -6.233717821778149,
              53.277658704563613,
              0
            ],
            [
              -6.2337125416310721,
              53.277658779138022,
              0
            ],
            [
              -6.2337072596148726,
              53.27765886267273,
              0
            ],
            [
              -6.2337019607797988,
              53.277658954047453,
              0
            ],
            [
              -6.2336966795213664,
              53.27765905556943,
              0
            ],
            [
              -6.2336914095114713,
              53.277659175234298,
              0
            ],
            [
              -6.2336861410002289,
              53.277659294921136,
              0
            ],
            [
              -6.2336808582599659,
              53.277659432373412,
              0
            ],
            [
              -6.2336755717814389,
              53.27765958774657,
              0
            ],
            [
              -6.2336702883002308,
              53.27765974316393,
              0
            ],
            [
              -6.2336650175662109,
              53.277659916746352,
              0
            ],
            [
              -6.2336597299762309,
              53.277660099067099,
              0
            ],
            [
              -6.2336544599999177,
              53.27766029063676,
              0
            ],
            [
              -6.2336491862853149,
              53.277660500127347,
              0
            ],
            [
              -6.23364391406934,
              53.277660709639896,
              0
            ],
            [
              -6.2336386426110968,
              53.277660937139913,
              0
            ],
            [
              -6.2336333678220299,
              53.277661172679764,
              0
            ],
            [
              -6.2336280952523255,
              53.277661427127583,
              0
            ],
            [
              -6.2336228361706754,
              53.277661681775029,
              0
            ],
            [
              -6.2336175747752787,
              53.277661956162078,
              0
            ],
            [
              -6.2336123160808192,
              53.277662237779495,
              0
            ],
            [
              -6.233607041658594,
              53.277662537140188,
              0
            ],
            [
              -6.2336017777270474,
              53.277662836656056,
              0
            ],
            [
              -6.2335965175505565,
              53.277663154203822,
              0
            ],
            [
              -6.2335912689929538,
              53.277663480911741,
              0
            ],
            [
              -6.2335860081124403,
              53.277663815526282,
              0
            ],
            [
              -6.2335807599419759,
              53.277664169204229,
              0
            ],
            [
              -6.2335754952859821,
              53.27766452263765,
              0
            ],
            [
              -6.2335702478730992,
              53.277664894302838,
              0
            ],
            [
              -6.2335650000896807,
              53.277665274950557,
              0
            ],
            [
              -6.2335597620559895,
              53.277665673718978,
              0
            ],
            [
              -6.2335545135314421,
              53.277666072331726,
              0
            ],
            [
              -6.2335492942765036,
              53.277666488455601,
              0
            ],
            [
              -6.233544056629797,
              53.277666914193794,
              0
            ],
            [
              -6.2335388200371016,
              53.277667350733296,
              0
            ],
            [
              -6.2335335812787793,
              53.277667803419305,
              0
            ],
            [
              -6.2335283455177146,
              53.277668256149504,
              0
            ],
            [
              -6.233523122503696,
              53.277668727044826,
              0
            ],
            [
              -6.2335178976204038,
              53.277669206900462,
              0
            ],
            [
              -6.2335126754009487,
              53.277669694884779,
              0
            ],
            [
              -6.2335074494060096,
              53.277670201688217,
              0
            ],
            [
              -6.233502239525941,
              53.277670717718458,
              0
            ],
            [
              -6.233497030773945,
              53.277671242753428,
              0
            ],
            [
              -6.2334918186539818,
              53.277671776726514,
              0
            ],
            [
              -6.2334866091607752,
              53.277672319726541,
              0
            ],
            [
              -6.2334814123775413,
              53.277672881789982,
              0
            ],
            [
              -6.2334762137620663,
              53.27767345191549,
              0
            ],
            [
              -6.233471017773323,
              53.277674031067896,
              0
            ],
            [
              -6.2334658184165894,
              53.277674619158446,
              0
            ],
            [
              -6.2334606351747137,
              53.277675216475771,
              0
            ],
            [
              -6.2334554527274308,
              53.277675830882316,
              0
            ],
            [
              -6.2334502668751277,
              53.277676455125267,
              0
            ],
            [
              -6.2334450836495261,
              53.277677088395137,
              0
            ],
            [
              -6.2334399135414111,
              53.277677730847429,
              0
            ],
            [
              -6.2334347411934719,
              53.277678391242773,
              0
            ],
            [
              -6.2334295718797925,
              53.277679050784059,
              0
            ],
            [
              -6.2334243972177754,
              53.277679730918813,
              0
            ],
            [
              -6.2334192417420251,
              53.277680418528213,
              0
            ],
            [
              -6.2334140855251192,
              53.277681124102941,
              0
            ],
            [
              -6.2334089412974887,
              53.277681829855084,
              0
            ],
            [
              -6.2334037978644181,
              53.277682552696426,
              0
            ],
            [
              -6.2333986558928069,
              53.277683276458056,
              0
            ],
            [
              -6.233393510182669,
              53.27768401814054,
              0
            ],
            [
              -6.2333883820860025,
              53.277684769072039,
              0
            ],
            [
              -6.2333832521199781,
              53.277685528963893,
              0
            ],
            [
              -6.2333781199511415,
              53.277686305900517,
              0
            ],
            [
              -6.2333730053587146,
              53.277687092984458,
              0
            ],
            [
              -6.2333678888228041,
              53.277687890825277,
              0
            ],
            [
              -6.2333627704916381,
              53.277688695829873,
              0
            ],
            [
              -6.2333525683520374,
              53.277690341404103,
              0
            ],
            [
              -6.2333483862245771,
              53.2776909535512,
              0
            ],
            [
              -6.2333442082225341,
              53.277691574747529,
              0
            ],
            [
              -6.2333400586952878,
              53.277692196365663,
              0
            ],
            [
              -6.2333358952722371,
              53.277692827664815,
              0
            ],
            [
              -6.2333317270195598,
              53.27769346698166,
              0
            ],
            [
              -6.2333275628922902,
              53.277694115347735,
              0
            ],
            [
              -6.2333233987648846,
              53.277694763713669,
              0
            ],
            [
              -6.2333192447576042,
              53.277695421217672,
              0
            ],
            [
              -6.2333150802964976,
              53.277696077667812,
              0
            ],
            [
              -6.2333109285452819,
              53.277696753181431,
              0
            ],
            [
              -6.2333067752952758,
              53.27769742867271,
              0
            ],
            [
              -6.2333026400292804,
              53.277698104430357,
              0
            ],
            [
              -6.2332984875366382,
              53.277698797909089,
              0
            ],
            [
              -6.233294348939574,
              53.277699481706478,
              0
            ],
            [
              -6.2332902110629433,
              53.277700184389751,
              0
            ],
            [
              -6.2332860746848588,
              53.277700887095044,
              0
            ],
            [
              -6.2332819363633343,
              53.277701600557329,
              0
            ],
            [
              -6.2332778112333749,
              53.277702321405542,
              0
            ],
            [
              -6.2332736887671585,
              53.277703050382499,
              0
            ],
            [
              -6.2332695647650889,
              53.277703780235392,
              0
            ],
            [
              -6.2332654542509758,
              53.277704510288004,
              0
            ],
            [
              -6.2332613295075578,
              53.277705258106124,
              0
            ],
            [
              -6.2332572212494757,
              53.277706006168366,
              0
            ],
            [
              -6.2332531081617448,
              53.27770676224835,
              0
            ],
            [
              -6.2332489995328482,
              53.277707519293081,
              0
            ],
            [
              -6.2332448904591695,
              53.277708287116958,
              0
            ],
            [
              -6.2332407945770427,
              53.277709062326792,
              0
            ],
            [
              -6.233236700193447,
              53.277709837558689,
              0
            ],
            [
              -6.2332326006096421,
              53.277710629791052,
              0
            ],
            [
              -6.2332285058552186,
              53.277711414005438,
              0
            ],
            [
              -6.233224410359572,
              53.277712216185165,
              0
            ],
            [
              -6.233220325354532,
              53.277713018520224,
              0
            ],
            [
              -6.233216244437779,
              53.277713830802803,
              0
            ],
            [
              -6.2332121621333743,
              53.27771464036821,
              0
            ],
            [
              -6.2332080957955265,
              53.277715462753605,
              0
            ],
            [
              -6.2332040096782686,
              53.277716292036374,
              0
            ],
            [
              -6.2331999427101881,
              53.277717129692192,
              0
            ],
            [
              -6.2331959015530192,
              53.277717959640952,
              0
            ],
            [
              -6.2331918341770285,
              53.277718807177507,
              0
            ],
            [
              -6.2331877817877013,
              53.27771965493605,
              0
            ],
            [
              -6.2331837275660309,
              53.277720510756716,
              0
            ],
            [
              -6.2331796743611676,
              53.277721378277015,
              0
            ],
            [
              -6.2331756163636705,
              53.27772225291676,
              0
            ],
            [
              -6.233171577848851,
              53.277723127845093,
              0
            ],
            [
              -6.2331675374646398,
              53.277724011733831,
              0
            ],
            [
              -6.2331634956186424,
              53.277724894701961,
              0
            ],
            [
              -6.2331594713490368,
              53.277725787817467,
              0
            ],
            [
              -6.2331554452100359,
              53.277726689893413,
              0
            ],
            [
              -6.2331514172016229,
              53.27772760092973,
              0
            ],
            [
              -6.233147390728786,
              53.277728511089883,
              0
            ],
            [
              -6.2331433803336589,
              53.277729431375214,
              0
            ],
            [
              -6.233139353378764,
              53.277730353212661,
              0
            ],
            [
              -6.2331353546021777,
              53.277731282658152,
              0
            ],
            [
              -6.23313134350248,
              53.277732220010321,
              0
            ],
            [
              -6.2331273458536707,
              53.277733158460507,
              0
            ],
            [
              -6.2331233613222734,
              53.277734106093227,
              0
            ],
            [
              -6.2331193629690533,
              53.277735061610386,
              0
            ],
            [
              -6.2331153656326199,
              53.277736028827199,
              0
            ],
            [
              -6.2331113818582411,
              53.27773699444721,
              0
            ],
            [
              -6.2331073965850043,
              53.277737960044895,
              0
            ],
            [
              -6.2331034270930097,
              53.277738942953974,
              0
            ],
            [
              -6.2330994440756582,
              53.277739926561324,
              0
            ],
            [
              -6.2330954745462481,
              53.277740910368422,
              0
            ],
            [
              -6.2330915027768476,
              53.277741912118664,
              0
            ],
            [
              -6.2330875490284887,
              53.277742913237063,
              0
            ],
            [
              -6.2330835936700968,
              53.277743917027927,
              0
            ],
            [
              -6.2330796365163765,
              53.277744927982646,
              0
            ],
            [
              -6.2330756805276506,
              53.277745947043933,
              0
            ],
            [
              -6.233067799206693,
              53.277748005394585,
              0
            ],
            [
              -6.2330632157346644,
              53.277749294690281,
              0
            ],
            [
              -6.2330586495424427,
              53.277750601319582,
              0
            ],
            [
              -6.2330541109725797,
              53.277751929031041,
              0
            ],
            [
              -6.2330495706072853,
              53.277753263906305,
              0
            ],
            [
              -6.2330450314068848,
              53.277754606888095,
              0
            ],
            [
              -6.2330405079134854,
              53.277755968977822,
              0
            ],
            [
              -6.2330359990730839,
              53.27775733937397,
              0
            ],
            [
              -6.2330314998708447,
              53.277758730585745,
              0
            ],
            [
              -6.2330270194841262,
              53.277760138255083,
              0
            ],
            [
              -6.2330225357662377,
              53.277761553964282,
              0
            ],
            [
              -6.2330180681258973,
              53.27776297979868,
              0
            ],
            [
              -6.2330136162296093,
              53.277764423842733,
              0
            ],
            [
              -6.2330091770429243,
              53.277765886950306,
              0
            ],
            [
              -6.2330047510105668,
              53.277767358342103,
              0
            ],
            [
              -6.2330003426285456,
              53.277768838084768,
              0
            ],
            [
              -6.2329959469561338,
              53.277770336890924,
              0
            ],
            [
              -6.232991549414133,
              53.27777184465748,
              0
            ],
            [
              -6.2329871675791075,
              53.277773371531985,
              0
            ],
            [
              -6.2329828168825498,
              53.277774906957262,
              0
            ],
            [
              -6.2329784774710246,
              53.277776459627304,
              0
            ],
            [
              -6.2329741391502314,
              53.277778022200444,
              0
            ],
            [
              -6.2329698169440206,
              53.277779594000485,
              0
            ],
            [
              -6.2329655074473953,
              53.277781184864068,
              0
            ],
            [
              -6.2329611957476283,
              53.27778279277252,
              0
            ],
            [
              -6.232956916685028,
              53.277784409253968,
              0
            ],
            [
              -6.2329526507025879,
              53.277786035816177,
              0
            ],
            [
              -6.2329483978003122,
              53.277787672459205,
              0
            ],
            [
              -6.2329441453216621,
              53.277789335174262,
              0
            ],
            [
              -6.2329399243150165,
              53.277790998355641,
              0
            ],
            [
              -6.2329356999771477,
              53.277792669576925,
              0
            ],
            [
              -6.2329315063330126,
              53.277794360128262,
              0
            ],
            [
              -6.2329273134831027,
              53.277796067768918,
              0
            ],
            [
              -6.2329231486260381,
              53.277797787509073,
              0
            ],
            [
              -6.2329189969973573,
              53.277799513736902,
              0
            ],
            [
              -6.2329148460887707,
              53.277801258850587,
              0
            ],
            [
              -6.2329107263186447,
              53.277803012515072,
              0
            ],
            [
              -6.2329066195545364,
              53.277804778056911,
              0
            ],
            [
              -6.2329025256482096,
              53.277806559069198,
              0
            ],
            [
              -6.232898433960643,
              53.27780835898956,
              0
            ],
            [
              -6.2328943707476938,
              53.277810159331835,
              0
            ],
            [
              -6.2328903202442953,
              53.27781197873766,
              0
            ],
            [
              -6.2328862858925032,
              53.277813806472174,
              0
            ],
            [
              -6.232882267321739,
              53.277815651518111,
              0
            ],
            [
              -6.2328782618311003,
              53.277817506644872,
              0
            ],
            [
              -6.2328742694947161,
              53.277819370055909,
              0
            ],
            [
              -6.2328702931616959,
              53.277821245388722,
              0
            ],
            [
              -6.2328663326838178,
              53.277823136236442,
              0
            ],
            [
              -6.2328623852860705,
              53.277825037164959,
              0
            ],
            [
              -6.2328584655846644,
              53.277826957379197,
              0
            ],
            [
              -6.2328545489173317,
              53.277828876739477,
              0
            ],
            [
              -6.2328506603910796,
              53.277830804606118,
              0
            ],
            [
              -6.2328467722142564,
              53.277832760341433,
              0
            ],
            [
              -6.232842909551767,
              53.277834715555933,
              0
            ],
            [
              -6.2328390655193981,
              53.277836691719436,
              0
            ],
            [
              -6.2328352347153908,
              53.277838674370656,
              0
            ],
            [
              -6.2328314469651804,
              53.277840667546997,
              0
            ],
            [
              -6.2328276450222866,
              53.277842677590527,
              0
            ],
            [
              -6.2328238740695854,
              53.277844699777972,
              0
            ],
            [
              -6.2328201163452537,
              53.277846728453198,
              0
            ],
            [
              -6.232816371701043,
              53.277848767209235,
              0
            ],
            [
              -6.2328126428378194,
              53.277850823276751,
              0
            ],
            [
              -6.2328089299779519,
              53.277852891266065,
              0
            ],
            [
              -6.2328052303464396,
              53.277854965743131,
              0
            ],
            [
              -6.2328015618163226,
              53.277857049669322,
              0
            ],
            [
              -6.2327979032948342,
              53.277859145428494,
              0
            ],
            [
              -6.2327942636258156,
              53.277861256747002,
              0
            ],
            [
              -6.2327906520237493,
              53.277863378368536,
              0
            ],
            [
              -6.2327870415864535,
              53.277865508096625,
              0
            ],
            [
              -6.232779890296511,
              53.277869789256869,
              0
            ],
            [
              -6.2327765977030278,
              53.277871448217823,
              0
            ],
            [
              -6.2327733193919386,
              53.27787312446803,
              0
            ],
            [
              -6.2327700394707053,
              53.277874803390745,
              0
            ],
            [
              -6.2327667757753247,
              53.277876488845685,
              0
            ],
            [
              -6.2327635281575127,
              53.277878184425944,
              0
            ],
            [
              -6.2327602936569804,
              53.277879889188753,
              0
            ],
            [
              -6.2327570906656558,
              53.27788159351973,
              0
            ],
            [
              -6.2327538673386966,
              53.277883318222145,
              0
            ],
            [
              -6.2327506770937422,
              53.277885040718417,
              0
            ],
            [
              -6.2327474879395233,
              53.277886773117793,
              0
            ],
            [
              -6.2327443119396477,
              53.27788851380155,
              0
            ],
            [
              -6.2327411339589824,
              53.277890266140524,
              0
            ],
            [
              -6.232737987153949,
              53.277892026132186,
              0
            ],
            [
              -6.2327348415137624,
              53.277893794230422,
              0
            ],
            [
              -6.2327317093244323,
              53.277895563426789,
              0
            ],
            [
              -6.232728591788125,
              53.277897340929712,
              0
            ],
            [
              -6.2327254872578877,
              53.277899130310054,
              0
            ],
            [
              -6.2327223989535003,
              53.277900926222628,
              0
            ],
            [
              -6.2327193117398139,
              53.277902732038356,
              0
            ],
            [
              -6.2327162526673323,
              53.277904546360581,
              0
            ],
            [
              -6.2327131904860291,
              53.277906363333116,
              0
            ],
            [
              -6.2327101475279321,
              53.277908186882279,
              0
            ],
            [
              -6.2327071180206923,
              53.277910011529613,
              0
            ],
            [
              -6.2327041042945002,
              53.277911853488433,
              0
            ],
            [
              -6.2327011035743993,
              53.277913707324721,
              0
            ],
            [
              -6.232698101429472,
              53.277915559342148,
              0
            ],
            [
              -6.2326951304231217,
              53.277917419910523,
              0
            ],
            [
              -6.2326921590087965,
              53.277919290359854,
              0
            ],
            [
              -6.2326892037461796,
              53.277921169137933,
              0
            ],
            [
              -6.2326862614896275,
              53.277923059793459,
              0
            ],
            [
              -6.2326833463203863,
              53.277924948154002,
              0
            ],
            [
              -6.2326804352392333,
              53.27792684646213,
              0
            ],
            [
              -6.2326775372382786,
              53.27792875485116,
              0
            ],
            [
              -6.2326746404021591,
              53.277930671346802,
              0
            ],
            [
              -6.2326717717072535,
              53.277932596348975,
              0
            ],
            [
              -6.232668899977643,
              53.277934522204887,
              0
            ],
            [
              -6.2326660473971245,
              53.277936456434041,
              0
            ],
            [
              -6.2326632228095464,
              53.277938402762814,
              0
            ],
            [
              -6.2326603983329081,
              53.277940346396676,
              0
            ],
            [
              -6.2326575899338508,
              53.277942300155871,
              0
            ],
            [
              -6.2326547946891377,
              53.277944262199433,
              0
            ],
            [
              -6.2326520154478731,
              53.277946236164865,
              0
            ],
            [
              -6.2326492318214788,
              53.277948207368787,
              0
            ],
            [
              -6.2326464807582456,
              53.277950188942413,
              0
            ],
            [
              -6.2326437457725836,
              53.277952180641392,
              0
            ],
            [
              -6.2326410089543822,
              53.27795418040256,
              0
            ],
            [
              -6.232638302146758,
              53.277956179709712,
              0
            ],
            [
              -6.2326355934324624,
              53.277958188875616,
              0
            ],
            [
              -6.2326329007957364,
              53.27796020816686,
              0
            ],
            [
              -6.23263023779894,
              53.27796223598687,
              0
            ],
            [
              -6.2326275763376309,
              53.27796426293073,
              0
            ],
            [
              -6.2326249279565342,
              53.27796629995553,
              0
            ],
            [
              -6.2326222945991407,
              53.277968336304163,
              0
            ],
            [
              -6.2326196738771582,
              53.27797039351298,
              0
            ],
            [
              -6.2326170847385738,
              53.277972448493522,
              0
            ],
            [
              -6.2326144966907044,
              53.27797451337721,
              0
            ],
            [
              -6.2326119221678393,
              53.277976577562512,
              0
            ],
            [
              -6.2326093471628541,
              53.27797865342535,
              0
            ],
            [
              -6.2326068183575121,
              53.277980736264787,
              0
            ],
            [
              -6.2326042850187795,
              53.277982819935765,
              0
            ],
            [
              -6.2326017692563402,
              53.277984913754331,
              0
            ],
            [
              -6.2325992681839955,
              53.277987014981235,
              0
            ],
            [
              -6.2325967835599165,
              53.277989117350728,
              0
            ],
            [
              -6.2325943120901952,
              53.277991228004602,
              0
            ],
            [
              -6.2325918401383529,
              53.277993350336004,
              0
            ],
            [
              -6.232589396772573,
              53.277995470394636,
              0
            ],
            [
              -6.232586969484375,
              53.277997600578672,
              0
            ],
            [
              -6.2325845567751035,
              53.277999740865809,
              0
            ],
            [
              -6.2325797625688164,
              53.278004028194459,
              0
            ],
            [
              -6.2325776011772316,
              53.278005892672695,
              0
            ],
            [
              -6.2325754413212238,
              53.278007756274846,
              0
            ],
            [
              -6.2325732914739715,
              53.27800963171002,
              0
            ],
            [
              -6.2325711597220108,
              53.278011504716979,
              0
            ],
            [
              -6.2325690275621142,
              53.278013387604901,
              0
            ],
            [
              -6.2325669269115913,
              53.278015270061083,
              0
            ],
            [
              -6.2325648096640887,
              53.278017154967642,
              0
            ],
            [
              -6.2325627221307291,
              53.278019046606438,
              0
            ],
            [
              -6.2325606311920456,
              53.278020948081831,
              0
            ],
            [
              -6.2325585627706017,
              53.278022848992137,
              0
            ],
            [
              -6.2325565018053588,
              53.27802475091179,
              0
            ],
            [
              -6.2325544583793953,
              53.278026663877291,
              0
            ],
            [
              -6.2325524169338236,
              53.278028565187412,
              0
            ],
            [
              -6.2325503885685372,
              53.278030476578479,
              0
            ],
            [
              -6.2325483594246345,
              53.27803240683329,
              0
            ],
            [
              -6.2325463456751935,
              53.278034327429204,
              0
            ],
            [
              -6.2325443480775693,
              53.278036256353957,
              0
            ],
            [
              -6.2325423609335244,
              53.278038186332488,
              0
            ],
            [
              -6.2325403913658368,
              53.278040126458606,
              0
            ],
            [
              -6.2325384218350486,
              53.278042065686442,
              0
            ],
            [
              -6.2325364684560522,
              53.278044013243083,
              0
            ],
            [
              -6.2325345135411192,
              53.278045961675765,
              0
            ],
            [
              -6.2325325886368903,
              53.278047909654497,
              0
            ],
            [
              -6.2325306782375192,
              53.278049869532964,
              0
            ],
            [
              -6.2325287544609509,
              53.278051826516588,
              0
            ],
            [
              -6.2325268561248901,
              53.278053784776169,
              0
            ],
            [
              -6.2325249604524107,
              53.278055751164658,
              0
            ],
            [
              -6.2325230792847792,
              53.278057729452833,
              0
            ],
            [
              -6.2325212132150964,
              53.278059705268348,
              0
            ],
            [
              -6.232519348606858,
              53.278061682004335,
              0
            ],
            [
              -6.2325175125106664,
              53.278063658264131,
              0
            ],
            [
              -6.232515675932393,
              53.27806564620149,
              0
            ],
            [
              -6.2325138390944748,
              53.278067640426748,
              0
            ],
            [
              -6.2325120314358395,
              53.278069618006889,
              0
            ],
            [
              -6.2325102275688042,
              53.278071612720886,
              0
            ],
            [
              -6.2325084322118363,
              53.278073619245745,
              0
            ],
            [
              -6.2325066399632973,
              53.278075623120188,
              0
            ],
            [
              -6.2325048791500581,
              53.278077628359462,
              0
            ],
            [
              -6.2325031164302001,
              53.278079643457495,
              0
            ],
            [
              -6.2325013687341553,
              53.278081657879419,
              0
            ],
            [
              -6.2324996210750294,
              53.278083671403053,
              0
            ],
            [
              -6.2324978999844314,
              53.278085695207601,
              0
            ],
            [
              -6.23249618342681,
              53.278087718180501,
              0
            ],
            [
              -6.2324944802460553,
              53.278089744048181,
              0
            ],
            [
              -6.2324927768056488,
              53.278091776203766,
              0
            ],
            [
              -6.2324911033018688,
              53.278093809701929,
              0
            ],
            [
              -6.2324894298349847,
              53.27809584230183,
              0
            ],
            [
              -6.2324877723716696,
              53.278097886823687,
              0
            ],
            [
              -6.2324861285076301,
              53.278099928850644,
              0
            ],
            [
              -6.2324844842356786,
              53.278101980758599,
              0
            ],
            [
              -6.2324828549875573,
              53.278104031990459,
              0
            ],
            [
              -6.2324812406150016,
              53.278106086139303,
              0
            ],
            [
              -6.2324796432098264,
              53.278108128854925,
              0
            ],
            [
              -6.2324780405299398,
              53.278110190367684,
              0
            ],
            [
              -6.2324764708582352,
              53.278112251470922,
              0
            ],
            [
              -6.2324749007044531,
              53.278114324251753,
              0
            ],
            [
              -6.2324733306617279,
              53.278116394337694,
              0
            ],
            [
              -6.2324717920543602,
              53.278118465788502,
              0
            ],
            [
              -6.232470251985208,
              53.278120536318788,
              0
            ],
            [
              -6.2324687264209304,
              53.278122618748817,
              0
            ],
            [
              -6.2324672159546415,
              53.2781246987062,
              0
            ],
            [
              -6.2324657200673865,
              53.278126788766784,
              0
            ],
            [
              -6.2324642245877566,
              53.278128868946283,
              0
            ],
            [
              -6.2324627571012448,
              53.278130961225514,
              0
            ],
            [
              -6.2324612908537871,
              53.278133059814877,
              0
            ],
            [
              -6.2324598249398155,
              53.278135150319741,
              0
            ],
            [
              -6.2324583885918159,
              53.278137251149992,
              0
            ],
            [
              -6.2324569519100379,
              53.278139360064678,
              0
            ],
            [
              -6.2324541254504195,
              53.278143567803518,
              0
            ],
            [
              -6.2324384644100377,
              53.278166220591672,
              0
            ],
            [
              -6.2324382264506877,
              53.278173767190395,
              0
            ],
            [
              -6.2324416763754611,
              53.278178834678023,
              0
            ],
            [
              -6.2323781567022811,
              53.278286694757611,
              0
            ],
            [
              -6.2323575894023504,
              53.278302829322804,
              0
            ],
            [
              -6.2323482399185481,
              53.278324470122264,
              0
            ],
            [
              -6.2323467217564463,
              53.278327826294948,
              0
            ],
            [
              -6.2323452327525146,
              53.278331202674082,
              0
            ],
            [
              -6.2323438037705303,
              53.27833457814544,
              0
            ],
            [
              -6.2323424032265713,
              53.27833795493725,
              0
            ],
            [
              -6.2323410667187211,
              53.278341342565547,
              0
            ],
            [
              -6.2323397538933074,
              53.278344737735537,
              0
            ],
            [
              -6.2323385039389887,
              53.278348135635348,
              0
            ],
            [
              -6.2323372836619022,
              53.278351541165748,
              0
            ],
            [
              -6.2323361233326962,
              53.27835494758493,
              0
            ],
            [
              -6.2323349924953888,
              53.278358366126099,
              0
            ],
            [
              -6.2323339213464575,
              53.27836179184402,
              0
            ],
            [
              -6.2323328950842596,
              53.278365220025066,
              0
            ],
            [
              -6.2323319003687851,
              53.278368646876181,
              0
            ],
            [
              -6.2323309636576703,
              53.278372085373206,
              0
            ],
            [
              -6.2323300716108641,
              53.278375531723036,
              0
            ],
            [
              -6.2323292098716392,
              53.278378970432804,
              0
            ],
            [
              -6.2323284076725667,
              53.278382419912411,
              0
            ],
            [
              -6.2323276501378491,
              53.278385877244801,
              0
            ],
            [
              -6.2323269374899501,
              53.278389337040366,
              0
            ],
            [
              -6.232326270247901,
              53.278392786723252,
              0
            ],
            [
              -6.2323256475960873,
              53.278396246055507,
              0
            ],
            [
              -6.2323250694233199,
              53.278399717731951,
              0
            ],
            [
              -6.2323245366935192,
              53.27840317839744,
              0
            ],
            [
              -6.2323240484798426,
              53.278406650508842,
              0
            ],
            [
              -6.232323619917632,
              53.278410130695271,
              0
            ],
            [
              -6.232323221626018,
              53.278413604139892,
              0
            ],
            [
              -6.2323228683696037,
              53.278417076454602,
              0
            ],
            [
              -6.2323225746534723,
              53.278420559539164,
              0
            ],
            [
              -6.2323223112450252,
              53.278424034983651,
              0
            ],
            [
              -6.2323221074881214,
              53.278427518503165,
              0
            ],
            [
              -6.2323219336311082,
              53.278431004263631,
              0
            ],
            [
              -6.2323218205378712,
              53.278434471150902,
              0
            ],
            [
              -6.2323217516642693,
              53.278437956670288,
              0
            ],
            [
              -6.232321728048376,
              53.278441435670082,
              0
            ],
            [
              -6.2323217490599765,
              53.278444923420984,
              0
            ],
            [
              -6.232321815366368,
              53.278448403754027,
              0
            ],
            [
              -6.2323219267080709,
              53.27845188295715,
              0
            ],
            [
              -6.2323220810673501,
              53.278455373583952,
              0
            ],
            [
              -6.2323222823314053,
              53.278458854120331,
              0
            ],
            [
              -6.2323225289273942,
              53.278462326340552,
              0
            ],
            [
              -6.2323228200026222,
              53.278465810904962,
              0
            ],
            [
              -6.2323231715080745,
              53.278469284680668,
              0
            ],
            [
              -6.2323235529135514,
              53.278472760697298,
              0
            ],
            [
              -6.2323239797251402,
              53.278476226601256,
              0
            ],
            [
              -6.232324469408308,
              53.278479695235021,
              0
            ],
            [
              -6.2323249861424008,
              53.278483162472234,
              0
            ],
            [
              -6.2323255582916381,
              53.278486631429864,
              0
            ],
            [
              -6.2323261832293602,
              53.278490093080741,
              0
            ],
            [
              -6.232326835218025,
              53.278493553335053,
              0
            ],
            [
              -6.232327547080919,
              53.278497016274727,
              0
            ],
            [
              -6.2323283043500179,
              53.278500469101729,
              0
            ],
            [
              -6.2323290919640995,
              53.278503913390388,
              0
            ],
            [
              -6.2323299394153597,
              53.27850736126269,
              0
            ],
            [
              -6.2323308304404899,
              53.278510807084544,
              0
            ],
            [
              -6.232331768222263,
              53.278514246409053,
              0
            ],
            [
              -6.2323327517810316,
              53.278517666638109,
              0
            ],
            [
              -6.2323337679407782,
              53.278521096338785,
              0
            ],
            [
              -6.2323348383136699,
              53.278524520551436,
              0
            ],
            [
              -6.2323359586260496,
              53.278527933819809,
              0
            ],
            [
              -6.2323371073398874,
              53.278531349306888,
              0
            ],
            [
              -6.2323383164471275,
              53.278534754903518,
              0
            ],
            [
              -6.2323395555286947,
              53.278538160944528,
              0
            ],
            [
              -6.2323408537274103,
              53.278541551683169,
              0
            ],
            [
              -6.2323421984233658,
              53.278544942212378,
              0
            ],
            [
              -6.2323435734273511,
              53.278548325101482,
              0
            ],
            [
              -6.2323450084540477,
              53.278551707082862,
              0
            ],
            [
              -6.2323464906082489,
              53.278555073584094,
              0
            ],
            [
              -6.2323480013122854,
              53.278558438710959,
              0
            ],
            [
              -6.2323511743344344,
              53.278565128967742,
              0
            ],
            [
              -6.232373184313059,
              53.278630970615517,
              0
            ],
            [
              -6.2323996132068888,
              53.278699187751869,
              0
            ],
            [
              -6.2324461698795064,
              53.27876654200697,
              0
            ],
            [
              -6.2324851104630614,
              53.278807395642509,
              0
            ],
            [
              -6.2325522716980677,
              53.278857360160821,
              0
            ],
            [
              -6.2326037087439605,
              53.278891531991725,
              0
            ],
            [
              -6.2326893678042792,
              53.278944924619466,
              0
            ],
            [
              -6.2328725690990652,
              53.279054196694496,
              0
            ],
            [
              -6.2329320738401144,
              53.27908915308798,
              0
            ],
            [
              -6.2329533058617725,
              53.279101618981983,
              0
            ],
            [
              -6.2329073866294253,
              53.279128081991217,
              0
            ],
            [
              -6.2328349070656959,
              53.279169883426313,
              0
            ],
            [
              -6.2327899394308366,
              53.279169755293161,
              0
            ],
            [
              -6.2326787409994404,
              53.279257692821233,
              0
            ],
            [
              -6.2325026474650551,
              53.279318161863408,
              0
            ],
            [
              -6.2324116754504395,
              53.279344398990268,
              0
            ],
            [
              -6.232110753170522,
              53.279429818760107,
              0
            ],
            [
              -6.2320708907285614,
              53.279440356008472,
              0
            ],
            [
              -6.2319316463147256,
              53.279467268330613,
              0
            ],
            [
              -6.2320020468509876,
              53.279621284168599,
              0
            ],
            [
              -6.2320466570750535,
              53.279753200126791,
              0
            ],
            [
              -6.2320637575095654,
              53.279894708456141,
              0
            ],
            [
              -6.2320653792427736,
              53.279970985171737,
              0
            ],
            [
              -6.2321002024445873,
              53.280078830165259,
              0
            ],
            [
              -6.2321663025354113,
              53.280239988886876,
              0
            ],
            [
              -6.2322570724633604,
              53.280466341946457,
              0
            ],
            [
              -6.2323670161038018,
              53.280682978873436,
              0
            ],
            [
              -6.2325379169388135,
              53.280928020681351,
              0
            ],
            [
              -6.2326009501019488,
              53.280945781085407,
              0
            ]
          ]
        ]
      },
      "properties" : {
        "OBJECTID" : 1,
        "park_name" : "Ballawley Park",
        "irish_name" : " ",
        "previous_n" : " ",
        "address" : " ",
        "type" : "Local Park",
        "type2" : "Other",
        "Shape_Length" : 1614.8163588462378,
        "Shape_Area" : 88211.314931460336
      }
    },
    {
      "type" : "Feature",
      "id" : 2,
      "geometry" : {
        "type" : "Polygon",
        "coordinates" : [
          [
            [
              -6.194879182577461,
              53.309722794439892,
              0
            ],
            [
              -6.1949748943792429,
              53.309780168011223,
              0
            ],
            [
              -6.1950189048071271,
              53.309769994270745,
              0
            ],
            [
              -6.195027088843986,
              53.309768095776462,
              0
            ],
            [
              -6.1950324994960599,
              53.309766838414859,
              0
            ],
            [
              -6.1950375705062548,
              53.309765450077101,
              0
            ],
            [
              -6.1950464821728533,
              53.309763023298586,
              0
            ],
            [
              -6.1950548058959267,
              53.309760659527242,
              0
            ],
            [
              -6.195095161706818,
              53.30974711378213,
              0
            ],
            [
              -6.195130900199266,
              53.309732383602331,
              0
            ],
            [
              -6.1951597150375513,
              53.309717422796915,
              0
            ],
            [
              -6.1951763315705835,
              53.309708802855909,
              0
            ],
            [
              -6.1952155242773577,
              53.309683339019443,
              0
            ],
            [
              -6.1952289565164484,
              53.309671048616231,
              0
            ],
            [
              -6.1952577456613644,
              53.309643710571919,
              0
            ],
            [
              -6.1952720059776993,
              53.309632601168126,
              0
            ],
            [
              -6.1956163020620414,
              53.309365423529663,
              0
            ],
            [
              -6.195725802249016,
              53.309280152988464,
              0
            ],
            [
              -6.1957906882413631,
              53.30922938025482,
              0
            ],
            [
              -6.1958516831129407,
              53.309180840627128,
              0
            ],
            [
              -6.1959152099599306,
              53.309131436850109,
              0
            ],
            [
              -6.1960369873983732,
              53.309037845265671,
              0
            ],
            [
              -6.1960978205507846,
              53.308985368909141,
              0
            ],
            [
              -6.1961031368616197,
              53.308957054527916,
              0
            ],
            [
              -6.1960838904917663,
              53.308924664555349,
              0
            ],
            [
              -6.1960411879770056,
              53.308903705176135,
              0
            ],
            [
              -6.19582149518188,
              53.308778932529812,
              0
            ],
            [
              -6.1957344058230612,
              53.30872565389113,
              0
            ],
            [
              -6.1956231348982795,
              53.308657565199113,
              0
            ],
            [
              -6.1954351534480816,
              53.30853814323882,
              0
            ],
            [
              -6.1954148885644829,
              53.308525468759598,
              0
            ],
            [
              -6.1953666099599136,
              53.308495265724126,
              0
            ],
            [
              -6.1953475065807346,
              53.308489565719356,
              0
            ],
            [
              -6.1952755630166525,
              53.308468595010424,
              0
            ],
            [
              -6.1952505193731726,
              53.308459991772658,
              0
            ],
            [
              -6.1951289439387738,
              53.30837972038055,
              0
            ],
            [
              -6.1950713569601534,
              53.308344288995229,
              0
            ],
            [
              -6.1950603310086771,
              53.30833743485897,
              0
            ],
            [
              -6.1950229527617156,
              53.308314227728047,
              0
            ],
            [
              -6.1948600892449521,
              53.308213098586549,
              0
            ],
            [
              -6.1946345150253475,
              53.308041163163288,
              0
            ],
            [
              -6.194471424909306,
              53.307968918304852,
              0
            ],
            [
              -6.1943937817514669,
              53.307931196532607,
              0
            ],
            [
              -6.1941799834015105,
              53.307846903255317,
              0
            ],
            [
              -6.1938461359135193,
              53.307746904654124,
              0
            ],
            [
              -6.1937510830238836,
              53.307721340559958,
              0
            ],
            [
              -6.1935836202299246,
              53.3076763076063,
              0
            ],
            [
              -6.193262288907512,
              53.307588792872863,
              0
            ],
            [
              -6.1932109199723087,
              53.307575682737408,
              0
            ],
            [
              -6.1932068239764808,
              53.307574775785412,
              0
            ],
            [
              -6.1931203600941513,
              53.307555678032088,
              0
            ],
            [
              -6.193015738038385,
              53.307532503051434,
              0
            ],
            [
              -6.1929379775313391,
              53.307662463530733,
              0
            ],
            [
              -6.1929231225632622,
              53.307687297710103,
              0
            ],
            [
              -6.1927475318862086,
              53.307980710223006,
              0
            ],
            [
              -6.1927634307849821,
              53.307985166649559,
              0
            ],
            [
              -6.1928453582902048,
              53.308008114796408,
              0
            ],
            [
              -6.1928143115989123,
              53.30806028857463,
              0
            ],
            [
              -6.1927952512227611,
              53.308094793297123,
              0
            ],
            [
              -6.1927931067123287,
              53.308097601090161,
              0
            ],
            [
              -6.1927906510566899,
              53.308100314285532,
              0
            ],
            [
              -6.1927879146294318,
              53.308102924355268,
              0
            ],
            [
              -6.1927848828128438,
              53.308105422089582,
              0
            ],
            [
              -6.192781600977681,
              53.308107799187681,
              0
            ],
            [
              -6.1927780695033796,
              53.308110046667046,
              0
            ],
            [
              -6.1927743041458951,
              53.308112146789938,
              0
            ],
            [
              -6.1927703052846841,
              53.308114090573788,
              0
            ],
            [
              -6.1927661175316606,
              53.308115887682881,
              0
            ],
            [
              -6.1927617274074995,
              53.308117501959927,
              0
            ],
            [
              -6.1927571791446745,
              53.308118952051679,
              0
            ],
            [
              -6.1927530181321808,
              53.30811976085689,
              0
            ],
            [
              -6.1927477545424017,
              53.308120382176519,
              0
            ],
            [
              -6.1927424512733591,
              53.308120877058954,
              0
            ],
            [
              -6.1927371083250851,
              53.308121245504196,
              0
            ],
            [
              -6.1927317560713231,
              53.308121478984276,
              0
            ],
            [
              -6.192726394512106,
              53.308121577499215,
              0
            ],
            [
              -6.1927210382651587,
              53.30812155025874,
              0
            ],
            [
              -6.1927156727128594,
              53.308121388053124,
              0
            ],
            [
              -6.1927103274700421,
              53.30812110031939,
              0
            ],
            [
              -6.1927050179133101,
              53.308120678302309,
              0
            ],
            [
              -6.1926997286661525,
              53.308120130757139,
              0
            ],
            [
              -6.1926944901023075,
              53.308119449155896,
              0
            ],
            [
              -6.1926893018423517,
              53.308118642481105,
              0
            ],
            [
              -6.192684163886339,
              53.30811771073278,
              0
            ],
            [
              -6.1926790916108692,
              53.3081166451557,
              0
            ],
            [
              -6.1926740992541873,
              53.308115463942144,
              0
            ],
            [
              -6.1926692021929002,
              53.308114158336927,
              0
            ],
            [
              -6.1926643850504774,
              53.308112737095257,
              0
            ],
            [
              -6.1925582888562971,
              53.308085000310733,
              0
            ],
            [
              -6.1923426534224761,
              53.30800482845553,
              0
            ],
            [
              -6.1919890364906047,
              53.307869524687085,
              0
            ],
            [
              -6.1918700151580062,
              53.307823453017207,
              0
            ],
            [
              -6.1918374708330433,
              53.307808066042313,
              0
            ],
            [
              -6.191776825329117,
              53.307771229438686,
              0
            ],
            [
              -6.1917111959892113,
              53.307728043427218,
              0
            ],
            [
              -6.1917092332811654,
              53.307725838507487,
              0
            ],
            [
              -6.1917073916880359,
              53.307723608459419,
              0
            ],
            [
              -6.191705687345733,
              53.307721326562842,
              0
            ],
            [
              -6.1917041344919079,
              53.307719011010178,
              0
            ],
            [
              -6.1917027031325915,
              53.307716661346667,
              0
            ],
            [
              -6.1917014228820424,
              53.307714287009588,
              0
            ],
            [
              -6.1917002637463199,
              53.307711887544187,
              0
            ],
            [
              -6.1916992557193211,
              53.307709463405203,
              0
            ],
            [
              -6.191698398801023,
              53.307707014592694,
              0
            ],
            [
              -6.1916976772351342,
              53.30770455884425,
              0
            ],
            [
              -6.1916970914012781,
              53.307702087177375,
              0
            ],
            [
              -6.1916966712933519,
              53.307699600046867,
              0
            ],
            [
              -6.1916963865377479,
              53.307697105980438,
              0
            ],
            [
              -6.1916962367548001,
              53.307694613960592,
              0
            ],
            [
              -6.1916962523180468,
              53.307692115459616,
              0
            ],
            [
              -6.1916964028538972,
              53.307689619005217,
              0
            ],
            [
              -6.1916967033592716,
              53.30768712482481,
              0
            ],
            [
              -6.1916971534544869,
              53.307684641900892,
              0
            ],
            [
              -6.1916977527598576,
              53.307682179215959,
              0
            ],
            [
              -6.1916984870377201,
              53.307679718577589,
              0
            ],
            [
              -6.191699370525706,
              53.307677278178225,
              0
            ],
            [
              -6.1917003882268222,
              53.307674857790431,
              0
            ],
            [
              -6.1917015551380157,
              53.307672457641623,
              0
            ],
            [
              -6.1917028558826397,
              53.307670086486887,
              0
            ],
            [
              -6.191704305457626,
              53.307667744553633,
              0
            ],
            [
              -6.1917058888660161,
              53.307665431614438,
              0
            ],
            [
              -6.1917076057281246,
              53.30766315665182,
              0
            ],
            [
              -6.1917089131177852,
              53.307661693412278,
              0
            ],
            [
              -6.1917098979784013,
              53.307660405047528,
              0
            ],
            [
              -6.1917114251961527,
              53.307658711446365,
              0
            ],
            [
              -6.1917135270427313,
              53.307656559168514,
              0
            ],
            [
              -6.1917157623429828,
              53.307654444867239,
              0
            ],
            [
              -6.1917181153406409,
              53.307652386280097,
              0
            ],
            [
              -6.1917205864153377,
              53.307650374424604,
              0
            ],
            [
              -6.1917231751874144,
              53.307648418283243,
              0
            ],
            [
              -6.1917258816568896,
              53.307646517856021,
              0
            ],
            [
              -6.1917287058237198,
              53.307644673142946,
              0
            ],
            [
              -6.1917316169347574,
              53.307642901654184,
              0
            ],
            [
              -6.1917346461228124,
              53.307641176897029,
              0
            ],
            [
              -6.1917377622550775,
              53.307639525364202,
              0
            ],
            [
              -6.1917409807081203,
              53.307637938300573,
              0
            ],
            [
              -6.1917443014819442,
              53.307636415706135,
              0
            ],
            [
              -6.1917476942030572,
              53.30763496610863,
              0
            ],
            [
              -6.1917511738683952,
              53.307633589735417,
              0
            ],
            [
              -6.1917547404779674,
              53.307632286586482,
              0
            ],
            [
              -6.1917583640379066,
              53.307631056207065,
              0
            ],
            [
              -6.1917620741624617,
              53.307629908034407,
              0
            ],
            [
              -6.1917658408577818,
              53.307628841613756,
              0
            ],
            [
              -6.1917696645035036,
              53.307627847962593,
              0
            ],
            [
              -6.1917735597169639,
              53.307626936290788,
              0
            ],
            [
              -6.1917774811277155,
              53.307626114898717,
              0
            ],
            [
              -6.1917814744858886,
              53.307625366503501,
              0
            ],
            [
              -6.1917854790444595,
              53.307624708160581,
              0
            ],
            [
              -6.1917895401739163,
              53.307624131569632,
              0
            ],
            [
              -6.1917936275007559,
              53.307623645258367,
              0
            ],
            [
              -6.1917977414046517,
              53.307623240244332,
              0
            ],
            [
              -6.1918018815059925,
              53.307622925509946,
              0
            ],
            [
              -6.1918060328078575,
              53.307622700827856,
              0
            ],
            [
              -6.1918101953102971,
              53.307622566198077,
              0
            ],
            [
              -6.1918143693929473,
              53.307622512638126,
              0
            ],
            [
              -6.1918185396792689,
              53.307622548903083,
              0
            ],
            [
              -6.1918227065489271,
              53.307622666010417,
              0
            ],
            [
              -6.1918268542457486,
              53.307622881697824,
              0
            ],
            [
              -6.191830998525953,
              53.307623178227644,
              0
            ],
            [
              -6.1918351240130152,
              53.307623564354998,
              0
            ],
            [
              -6.1918392157099964,
              53.307624039852513,
              0
            ],
            [
              -6.1918432889935096,
              53.307624595965066,
              0
            ],
            [
              -6.1918473134900802,
              53.307625241220428,
              0
            ],
            [
              -6.1918513045762795,
              53.307625966863426,
              0
            ],
            [
              -6.1918591257706552,
              53.307627676367993,
              0
            ],
            [
              -6.1918815410864649,
              53.307632042959526,
              0
            ],
            [
              -6.1918900680457041,
              53.307616733101945,
              0
            ],
            [
              -6.192024413614579,
              53.307374699916572,
              0
            ],
            [
              -6.192022020101744,
              53.307354102979986,
              0
            ],
            [
              -6.1920212730004334,
              53.307352783861532,
              0
            ],
            [
              -6.1920194908212922,
              53.307350213164895,
              0
            ],
            [
              -6.1920174049097403,
              53.307347727746155,
              0
            ],
            [
              -6.1920150452594669,
              53.307345328060052,
              0
            ],
            [
              -6.1920124111113619,
              53.307343032071557,
              0
            ],
            [
              -6.1920095320795223,
              53.307340849217873,
              0
            ],
            [
              -6.1920041817874196,
              53.307337487389439,
              0
            ],
            [
              -6.1920006873198439,
              53.307335663724047,
              0
            ],
            [
              -6.1919969768234493,
              53.307333980595615,
              0
            ],
            [
              -6.1919930949091384,
              53.307332447668763,
              0
            ],
            [
              -6.1919890404381155,
              53.307331091890973,
              0
            ],
            [
              -6.1919848291663673,
              53.30732989552456,
              0
            ],
            [
              -6.1919490753355957,
              53.307321929164864,
              0
            ],
            [
              -6.1918890139031735,
              53.307307149675047,
              0
            ],
            [
              -6.1918092574949686,
              53.30728719990114,
              0
            ],
            [
              -6.191748295972741,
              53.307272415680735,
              0
            ],
            [
              -6.191687365244313,
              53.307256193773704,
              0
            ],
            [
              -6.1915720971995931,
              53.307224685756822,
              0
            ],
            [
              -6.1915171594339009,
              53.30720975906668,
              0
            ],
            [
              -6.1914425503304624,
              53.307186974903765,
              0
            ],
            [
              -6.1913553861843287,
              53.30716087236987,
              0
            ],
            [
              -6.1912924483261893,
              53.3071399549098,
              0
            ],
            [
              -6.1911179434707009,
              53.30708235391851,
              0
            ],
            [
              -6.1910771911408826,
              53.307068785492817,
              0
            ],
            [
              -6.1909846132409312,
              53.307037960824815,
              0
            ],
            [
              -6.1908661919392678,
              53.306992328662695,
              0
            ],
            [
              -6.1907402342420284,
              53.306944649568742,
              0
            ],
            [
              -6.1905969288907121,
              53.306889534501188,
              0
            ],
            [
              -6.1905499495208618,
              53.306871312565612,
              0
            ],
            [
              -6.1904534380306862,
              53.306832250271619,
              0
            ],
            [
              -6.1904310592141538,
              53.306822598860997,
              0
            ],
            [
              -6.1904199081110978,
              53.306817665876096,
              0
            ],
            [
              -6.1904121634248046,
              53.306836504611262,
              0
            ],
            [
              -6.1904116397607369,
              53.306847111806718,
              0
            ],
            [
              -6.1904129632243894,
              53.306855203351105,
              0
            ],
            [
              -6.1904174095721496,
              53.306871063201577,
              0
            ],
            [
              -6.1904127626868952,
              53.306878039490513,
              0
            ],
            [
              -6.1903932681399025,
              53.306891909187613,
              0
            ],
            [
              -6.1903763977351529,
              53.306908308450289,
              0
            ],
            [
              -6.1903288621687462,
              53.306955036181577,
              0
            ],
            [
              -6.1899420415380506,
              53.306844968351029,
              0
            ],
            [
              -6.1896929723888139,
              53.306774095748587,
              0
            ],
            [
              -6.1895132321544892,
              53.306722920412959,
              0
            ],
            [
              -6.1893819898199567,
              53.306678898757056,
              0
            ],
            [
              -6.1893440938515862,
              53.30666732175488,
              0
            ],
            [
              -6.1892632016618618,
              53.306643416154081,
              0
            ],
            [
              -6.1892485926177585,
              53.30663828674215,
              0
            ],
            [
              -6.1891928421712716,
              53.306618133434398,
              0
            ],
            [
              -6.1890876408732911,
              53.306578965038142,
              0
            ],
            [
              -6.1889696009334774,
              53.306535035540236,
              0
            ],
            [
              -6.1888673700717209,
              53.306496604152095,
              0
            ],
            [
              -6.1887744187643374,
              53.30650766819091,
              0
            ],
            [
              -6.1887327411268558,
              53.306473769616602,
              0
            ],
            [
              -6.1887497981657598,
              53.306460770982362,
              0
            ],
            [
              -6.1885656373590283,
              53.306388593382174,
              0
            ],
            [
              -6.1884883599595719,
              53.306364041069727,
              0
            ],
            [
              -6.1884712639742903,
              53.306358819854545,
              0
            ],
            [
              -6.1884601268603454,
              53.306354273391719,
              0
            ],
            [
              -6.1884520645080681,
              53.306348344499966,
              0
            ],
            [
              -6.1884461235042219,
              53.306342286043083,
              0
            ],
            [
              -6.1884441638936787,
              53.306334697141565,
              0
            ],
            [
              -6.1884430354490023,
              53.306328388211718,
              0
            ],
            [
              -6.1884432386272454,
              53.306314729129355,
              0
            ],
            [
              -6.1883857734792418,
              53.306347849825755,
              0
            ],
            [
              -6.1883261412681918,
              53.306310235849764,
              0
            ],
            [
              -6.1882959014959527,
              53.306293993059008,
              0
            ],
            [
              -6.1882937067483512,
              53.306290894717222,
              0
            ],
            [
              -6.1882918121474928,
              53.306287441404358,
              0
            ],
            [
              -6.18829129879789,
              53.306280782286464,
              0
            ],
            [
              -6.1882907172025323,
              53.306275380489502,
              0
            ],
            [
              -6.1883618283050996,
              53.306240004351778,
              0
            ],
            [
              -6.188482390565313,
              53.306180023446849,
              0
            ],
            [
              -6.188501580049242,
              53.306170176169331,
              0
            ],
            [
              -6.1885078418416306,
              53.306165822092701,
              0
            ],
            [
              -6.188510535467425,
              53.306161036308275,
              0
            ],
            [
              -6.1885124897465555,
              53.306153156316867,
              0
            ],
            [
              -6.1885120145587225,
              53.306145949495281,
              0
            ],
            [
              -6.1885092884022459,
              53.306141225196953,
              0
            ],
            [
              -6.1885015638250476,
              53.306134762142783,
              0
            ],
            [
              -6.1884925486973961,
              53.306129717607568,
              0
            ],
            [
              -6.1883655010702956,
              53.306039855435493,
              0
            ],
            [
              -6.1880024799924875,
              53.305758067707551,
              0
            ],
            [
              -6.1878797163666208,
              53.305666310647538,
              0
            ],
            [
              -6.1878566674071687,
              53.305650365759661,
              0
            ],
            [
              -6.1878506127351924,
              53.305645932420965,
              0
            ],
            [
              -6.1878459059525257,
              53.305644395810575,
              0
            ],
            [
              -6.1878373543379945,
              53.30564187498338,
              0
            ],
            [
              -6.187826320457777,
              53.305640565805284,
              0
            ],
            [
              -6.1878173326259285,
              53.305640195532952,
              0
            ],
            [
              -6.1877594653997789,
              53.305670065052354,
              0
            ],
            [
              -6.187651962916739,
              53.305727466325159,
              0
            ],
            [
              -6.1876179186728439,
              53.305744727742557,
              0
            ],
            [
              -6.1876062212990481,
              53.305749871027594,
              0
            ],
            [
              -6.1875967819953166,
              53.305752010593359,
              0
            ],
            [
              -6.187589209901204,
              53.305753288696913,
              0
            ],
            [
              -6.187576517395561,
              53.305755001312363,
              0
            ],
            [
              -6.1875582493743693,
              53.305754076521012,
              0
            ],
            [
              -6.1875417500823842,
              53.305753906658168,
              0
            ],
            [
              -6.187521735716877,
              53.305752407035506,
              0
            ],
            [
              -6.1875119012937843,
              53.305751475589027,
              0
            ],
            [
              -6.1874984763686971,
              53.305749932298724,
              0
            ],
            [
              -6.1874806671955902,
              53.305746677518798,
              0
            ],
            [
              -6.1874696787378207,
              53.305744649936493,
              0
            ],
            [
              -6.1874583632835236,
              53.305737943482249,
              0
            ],
            [
              -6.187433087029433,
              53.305723924102651,
              0
            ],
            [
              -6.1873799039029969,
              53.305694577996654,
              0
            ],
            [
              -6.1873364567579712,
              53.3056677797208,
              0
            ],
            [
              -6.1873072782641536,
              53.305648820368802,
              0
            ],
            [
              -6.1872862206455022,
              53.305634225115959,
              0
            ],
            [
              -6.1872300173173871,
              53.305594884814205,
              0
            ],
            [
              -6.1871932504347233,
              53.305566965624458,
              0
            ],
            [
              -6.1871602601292786,
              53.305541287982187,
              0
            ],
            [
              -6.187149119016401,
              53.30553294828244,
              0
            ],
            [
              -6.187134196857297,
              53.305536640329422,
              0
            ],
            [
              -6.1871164922549733,
              53.305538357598138,
              0
            ],
            [
              -6.1871015212061478,
              53.30553576609578,
              0
            ],
            [
              -6.1870875208656617,
              53.305528326693128,
              0
            ],
            [
              -6.1870756295040588,
              53.305518923953294,
              0
            ],
            [
              -6.1870730708528505,
              53.305508126094921,
              0
            ],
            [
              -6.1870770902620231,
              53.305498614688659,
              0
            ],
            [
              -6.1870819467211486,
              53.305493430377702,
              0
            ],
            [
              -6.1870884955347263,
              53.305487615649817,
              0
            ],
            [
              -6.187075172774624,
              53.305477642865114,
              0
            ],
            [
              -6.1870243347674823,
              53.305439002419902,
              0
            ],
            [
              -6.1869757817409265,
              53.305402392087046,
              0
            ],
            [
              -6.1869248912341508,
              53.305364640638579,
              0
            ],
            [
              -6.1869013350557802,
              53.305350054067745,
              0
            ],
            [
              -6.1867930463653815,
              53.305407586430306,
              0
            ],
            [
              -6.1867571075789609,
              53.305411480201379,
              0
            ],
            [
              -6.1867580796217103,
              53.305418640657734,
              0
            ],
            [
              -6.1867192440920835,
              53.305417591764552,
              0
            ],
            [
              -6.1866732131059914,
              53.305394771711477,
              0
            ],
            [
              -6.1865177784345207,
              53.305297878484922,
              0
            ],
            [
              -6.1861529821310421,
              53.305044344969751,
              0
            ],
            [
              -6.1861641112017773,
              53.305030554553063,
              0
            ],
            [
              -6.1861638064863644,
              53.3049722924208,
              0
            ],
            [
              -6.1861552162713034,
              53.304865026032033,
              0
            ],
            [
              -6.1861519901490869,
              53.304816494211998,
              0
            ],
            [
              -6.1861514484960374,
              53.304801484543809,
              0
            ],
            [
              -6.1861550920894777,
              53.304791284341711,
              0
            ],
            [
              -6.1861670029424083,
              53.304775439411266,
              0
            ],
            [
              -6.1861912419257008,
              53.304759746033405,
              0
            ],
            [
              -6.1862527477902489,
              53.304724037203513,
              0
            ],
            [
              -6.1862786794621858,
              53.304709438258257,
              0
            ],
            [
              -6.1863316252233567,
              53.30467640353983,
              0
            ],
            [
              -6.1864061566997357,
              53.304633942997228,
              0
            ],
            [
              -6.18648751827899,
              53.304587487622456,
              0
            ],
            [
              -6.1865341087296351,
              53.304560971538841,
              0
            ],
            [
              -6.1865651770848027,
              53.304542749273267,
              0
            ],
            [
              -6.1865798485127073,
              53.304533353122885,
              0
            ],
            [
              -6.1865868181533408,
              53.304521820189819,
              0
            ],
            [
              -6.1865930594071612,
              53.304512603244419,
              0
            ],
            [
              -6.1865951648850084,
              53.304502578281124,
              0
            ],
            [
              -6.1865954336801039,
              53.304492695267051,
              0
            ],
            [
              -6.186594187437052,
              53.304483508276803,
              0
            ],
            [
              -6.1865878444194227,
              53.30447384740048,
              0
            ],
            [
              -6.1865831791615591,
              53.304466378210499,
              0
            ],
            [
              -6.1865735031114513,
              53.304457539411345,
              0
            ],
            [
              -6.1865657619435801,
              53.30445144629067,
              0
            ],
            [
              -6.1865506168906634,
              53.304443764706747,
              0
            ],
            [
              -6.1864933971205174,
              53.304421519556534,
              0
            ],
            [
              -6.1864713999595189,
              53.30441339310557,
              0
            ],
            [
              -6.1864273120270763,
              53.304397118993457,
              0
            ],
            [
              -6.1863833671480855,
              53.304379984166005,
              0
            ],
            [
              -6.1863624813141476,
              53.304371836844986,
              0
            ],
            [
              -6.1863081325647347,
              53.304351991993066,
              0
            ],
            [
              -6.1862159307726499,
              53.304317502949054,
              0
            ],
            [
              -6.1861233758685374,
              53.304284267718934,
              0
            ],
            [
              -6.186058482860993,
              53.304260073833738,
              0
            ],
            [
              -6.1860165459366927,
              53.304243364895484,
              0
            ],
            [
              -6.1859651806959146,
              53.30422394187601,
              0
            ],
            [
              -6.1859003319089316,
              53.304199027716272,
              0
            ],
            [
              -6.1858424935111334,
              53.304177303145913,
              0
            ],
            [
              -6.1858093602439759,
              53.304164207421479,
              0
            ],
            [
              -6.1857729625603959,
              53.304150315998569,
              0
            ],
            [
              -6.1857465611885196,
              53.304139863655585,
              0
            ],
            [
              -6.1857020827575218,
              53.304120779886773,
              0
            ],
            [
              -6.1856561318339489,
              53.304101106537999,
              0
            ],
            [
              -6.1856184444460753,
              53.3040835902477,
              0
            ],
            [
              -6.1855756929462613,
              53.304065610399547,
              0
            ],
            [
              -6.1855531725852231,
              53.304055605355586,
              0
            ],
            [
              -6.1855324841410173,
              53.304045287524723,
              0
            ],
            [
              -6.1855091110310978,
              53.304034550435404,
              0
            ],
            [
              -6.1854896043006979,
              53.304024249678442,
              0
            ],
            [
              -6.1854537418311715,
              53.304006588527308,
              0
            ],
            [
              -6.1854077532184615,
              53.303982431155127,
              0
            ],
            [
              -6.18537029516862,
              53.30396096253385,
              0
            ],
            [
              -6.1853245863636328,
              53.303937356772529,
              0
            ],
            [
              -6.1852699917069014,
              53.303906351448013,
              0
            ],
            [
              -6.1852258249462473,
              53.303881698610127,
              0
            ],
            [
              -6.1852230225089571,
              53.303880199862157,
              0
            ],
            [
              -6.1852066501125815,
              53.303871429821285,
              0
            ],
            [
              -6.1851901807787266,
              53.303862433595988,
              0
            ],
            [
              -6.18517397173426,
              53.303853279540533,
              0
            ],
            [
              -6.1851577638152966,
              53.303844134488216,
              0
            ],
            [
              -6.1851415424072798,
              53.303834989228342,
              0
            ],
            [
              -6.1851251691701963,
              53.303825850643854,
              0
            ],
            [
              -6.1851088124351987,
              53.303816712308183,
              0
            ],
            [
              -6.185092451208539,
              53.303807573901864,
              0
            ],
            [
              -6.1850760625914942,
              53.303798480017761,
              0
            ],
            [
              -6.1850596117377457,
              53.303789403160707,
              0
            ],
            [
              -6.1850431773479553,
              53.303780327450724,
              0
            ],
            [
              -6.1850267381235913,
              53.303771259754264,
              0
            ],
            [
              -6.1850104879232424,
              53.303762087073046,
              0
            ],
            [
              -6.1849944534067793,
              53.303752746894965,
              0
            ],
            [
              -6.1849784335118407,
              53.303743415925481,
              0
            ],
            [
              -6.1849624122005329,
              53.303734083134586,
              0
            ],
            [
              -6.1849462219584792,
              53.303724877201475,
              0
            ],
            [
              -6.1849300183036364,
              53.303715669264328,
              0
            ],
            [
              -6.1849138278468976,
              53.303706468716392,
              0
            ],
            [
              -6.1848976238249787,
              53.3036972697574,
              0
            ],
            [
              -6.1848814306498063,
              53.303688062871814,
              0
            ],
            [
              -6.1848650721144622,
              53.303678969415785,
              0
            ],
            [
              -6.1848486367280264,
              53.303669883775981,
              0
            ],
            [
              -6.1848322020860405,
              53.303660816121742,
              0
            ],
            [
              -6.1848157783289226,
              53.303651739642589,
              0
            ],
            [
              -6.1847993290864656,
              53.303642662773179,
              0
            ],
            [
              -6.1847828929658597,
              53.30363359508943,
              0
            ],
            [
              -6.1847664733472518,
              53.303624527654591,
              0
            ],
            [
              -6.1847500642324515,
              53.303615460377294,
              0
            ],
            [
              -6.1847336446277739,
              53.303606392937994,
              0
            ],
            [
              -6.1847172381449216,
              53.303597334684412,
              0
            ],
            [
              -6.1847008177920477,
              53.303588285205656,
              0
            ],
            [
              -6.1846846393530246,
              53.303579086606348,
              0
            ],
            [
              -6.1846686049516126,
              53.303569782338094,
              0
            ],
            [
              -6.18465255444326,
              53.303560468834164,
              0
            ],
            [
              -6.1846364739129074,
              53.303551155769796,
              0
            ],
            [
              -6.1846204073046254,
              53.303541833028056,
              0
            ],
            [
              -6.1846043110687647,
              53.303532536797867,
              0
            ],
            [
              -6.1845875224901423,
              53.303523679439643,
              0
            ],
            [
              -6.1845707320378613,
              53.30351483103879,
              0
            ],
            [
              -6.1845539400929823,
              53.303505982612755,
              0
            ],
            [
              -6.1845371969026379,
              53.303497116949941,
              0
            ],
            [
              -6.1845206840109661,
              53.303488093001775,
              0
            ],
            [
              -6.1845041722447007,
              53.303479078056661,
              0
            ],
            [
              -6.1844878105143071,
              53.303469957534027,
              0
            ],
            [
              -6.1844720984426944,
              53.303460449617745,
              0
            ],
            [
              -6.184456388182511,
              53.303450934536279,
              0
            ],
            [
              -6.1844404595576314,
              53.303441579714857,
              0
            ],
            [
              -6.1844240656288836,
              53.303432546778168,
              0
            ],
            [
              -6.1844076738545244,
              53.303423498591869,
              0
            ],
            [
              -6.1843915839138246,
              53.303414445111578,
              0
            ],
            [
              -6.184350941139547,
              53.303390610495811,
              0
            ],
            [
              -6.1842988219835036,
              53.303358231244864,
              0
            ],
            [
              -6.1842506483276241,
              53.303330434947185,
              0
            ],
            [
              -6.1841991445114557,
              53.303298056032332,
              0
            ],
            [
              -6.1841641871300004,
              53.30327539370407,
              0
            ],
            [
              -6.1841369634110146,
              53.303258458711781,
              0
            ],
            [
              -6.184112535090299,
              53.303240146131387,
              0
            ],
            [
              -6.1840753268774264,
              53.303214906717876,
              0
            ],
            [
              -6.1840292941135617,
              53.30318122055143,
              0
            ],
            [
              -6.1839754953047983,
              53.303141795730561,
              0
            ],
            [
              -6.1839562121522471,
              53.303128083473347,
              0
            ],
            [
              -6.1838983975885577,
              53.303087752563599,
              0
            ],
            [
              -6.1838261260199818,
              53.303037342204952,
              0
            ],
            [
              -6.1837015298165774,
              53.302944996406772,
              0
            ],
            [
              -6.1835120544393867,
              53.30306250661247,
              0
            ],
            [
              -6.1834892065364926,
              53.303081519338356,
              0
            ],
            [
              -6.1834672550453122,
              53.303099845527754,
              0
            ],
            [
              -6.1834430044947952,
              53.303119026531498,
              0
            ],
            [
              -6.1834234453090815,
              53.303135148376498,
              0
            ],
            [
              -6.1834058262199232,
              53.303147877933995,
              0
            ],
            [
              -6.1833980571694518,
              53.303153485120426,
              0
            ],
            [
              -6.1833792326568746,
              53.303167463659008,
              0
            ],
            [
              -6.1833626824026178,
              53.30318329157366,
              0
            ],
            [
              -6.1833474101312067,
              53.303198069349158,
              0
            ],
            [
              -6.183327976057301,
              53.303217250897717,
              0
            ],
            [
              -6.183312517744076,
              53.303230048412985,
              0
            ],
            [
              -6.1832957008590812,
              53.303245510927781,
              0
            ],
            [
              -6.1832800227534088,
              53.303262071180093,
              0
            ],
            [
              -6.1832676605741916,
              53.303268103639297,
              0
            ],
            [
              -6.1832375219274347,
              53.303285621951204,
              0
            ],
            [
              -6.1831997685708835,
              53.30330998746696,
              0
            ],
            [
              -6.1831724556980054,
              53.303325588469242,
              0
            ],
            [
              -6.1831558441614876,
              53.30333727272361,
              0
            ],
            [
              -6.1831456234200726,
              53.303342627721676,
              0
            ],
            [
              -6.1831377495743745,
              53.303348934380743,
              0
            ],
            [
              -6.1831291361309919,
              53.303357746489674,
              0
            ],
            [
              -6.183124061807022,
              53.303367349557583,
              0
            ],
            [
              -6.183116742751614,
              53.303384620482916,
              0
            ],
            [
              -6.1831107251797839,
              53.303405164994338,
              0
            ],
            [
              -6.1831077766895488,
              53.303414458895439,
              0
            ],
            [
              -6.1831017098614369,
              53.303420614216584,
              0
            ],
            [
              -6.1830907622733493,
              53.303423261651858,
              0
            ],
            [
              -6.1830790234128177,
              53.303423729955924,
              0
            ],
            [
              -6.1830661109630878,
              53.303423990725221,
              0
            ],
            [
              -6.18304845544204,
              53.303423084454266,
              0
            ],
            [
              -6.1830240240094589,
              53.303420402221249,
              0
            ],
            [
              -6.1829744127272459,
              53.303411637754841,
              0
            ],
            [
              -6.1829353128584659,
              53.303403077474812,
              0
            ],
            [
              -6.1828896700485023,
              53.303393474612967,
              0
            ],
            [
              -6.1828581819735771,
              53.303387960471717,
              0
            ],
            [
              -6.1828392221365034,
              53.303383600771404,
              0
            ],
            [
              -6.1828295079895526,
              53.30338052346638,
              0
            ],
            [
              -6.1827965387387005,
              53.303364732008767,
              0
            ],
            [
              -6.1827789908117259,
              53.303356805692097,
              0
            ],
            [
              -6.1827595534032929,
              53.30335549471701,
              0
            ],
            [
              -6.1827458747545014,
              53.303353587487067,
              0
            ],
            [
              -6.1827339558615417,
              53.303352253559709,
              0
            ],
            [
              -6.1827142026190645,
              53.303346084092489,
              0
            ],
            [
              -6.1826764083235313,
              53.303335756752013,
              0
            ],
            [
              -6.1826697643683914,
              53.30333147505273,
              0
            ],
            [
              -6.1826461404904469,
              53.303314620641778,
              0
            ],
            [
              -6.1826091353766532,
              53.303291012537187,
              0
            ],
            [
              -6.1825860065652227,
              53.303275963314938,
              0
            ],
            [
              -6.182563009030428,
              53.303263794136463,
              0
            ],
            [
              -6.1825485942376659,
              53.30325413675417,
              0
            ],
            [
              -6.1825330576672339,
              53.303242663718464,
              0
            ],
            [
              -6.1825210791468717,
              53.303232171599561,
              0
            ],
            [
              -6.1825137224320112,
              53.303224464380214,
              0
            ],
            [
              -6.1825085244361393,
              53.3032211143232,
              0
            ],
            [
              -6.1825038257454921,
              53.303219397855898,
              0
            ],
            [
              -6.1824964424617148,
              53.303217262066248,
              0
            ],
            [
              -6.1824812130709752,
              53.303216221010707,
              0
            ],
            [
              -6.1824644832979168,
              53.303214788566166,
              0
            ],
            [
              -6.1824396350736528,
              53.303213726738853,
              0
            ],
            [
              -6.1824300164461921,
              53.303203809875384,
              0
            ],
            [
              -6.1824177042795023,
              53.303188809531392,
              0
            ],
            [
              -6.182408196041095,
              53.303177106579319,
              0
            ],
            [
              -6.1823989264094035,
              53.30317133773152,
              0
            ],
            [
              -6.1823898653047342,
              53.303167371515336,
              0
            ],
            [
              -6.1823774015803936,
              53.303164770888216,
              0
            ],
            [
              -6.1823610566066858,
              53.303162086833375,
              0
            ],
            [
              -6.1823450098125079,
              53.303159765953659,
              0
            ],
            [
              -6.1823279648600566,
              53.303158689115833,
              0
            ],
            [
              -6.1823126673858475,
              53.30315854493022,
              0
            ],
            [
              -6.1822976652808519,
              53.303158406143616,
              0
            ],
            [
              -6.182139322607946,
              53.303060944103919,
              0
            ],
            [
              -6.1820981099018635,
              53.303035586393285,
              0
            ],
            [
              -6.1818864728927494,
              53.302880754592707,
              0
            ],
            [
              -6.1819535949370978,
              53.302838572142711,
              0
            ],
            [
              -6.1819811147004433,
              53.302822695934985,
              0
            ],
            [
              -6.1819991406064787,
              53.302812299853862,
              0
            ],
            [
              -6.1820062439672245,
              53.302808660930062,
              0
            ],
            [
              -6.1820141527361328,
              53.302804359264243,
              0
            ],
            [
              -6.1820362415861263,
              53.302792347004655,
              0
            ],
            [
              -6.1820646873118266,
              53.302776889366775,
              0
            ],
            [
              -6.182098046291455,
              53.302758448807559,
              0
            ],
            [
              -6.182107141264841,
              53.302753420988694,
              0
            ],
            [
              -6.1822946216090147,
              53.30264973173005,
              0
            ],
            [
              -6.1824421987188742,
              53.30257437627499,
              0
            ],
            [
              -6.1825306269421079,
              53.302532218930189,
              0
            ],
            [
              -6.1825492973364806,
              53.30252575507609,
              0
            ],
            [
              -6.1825974395781103,
              53.302512485036175,
              0
            ],
            [
              -6.1825872414864342,
              53.302506711040053,
              0
            ],
            [
              -6.1825764337170783,
              53.302506141854018,
              0
            ],
            [
              -6.1825252939420166,
              53.302514314786073,
              0
            ],
            [
              -6.1825121918705426,
              53.30251226351384,
              0
            ],
            [
              -6.1824791892650373,
              53.302489856975534,
              0
            ],
            [
              -6.182463173514658,
              53.302486493043332,
              0
            ],
            [
              -6.1824570902341414,
              53.302487631720993,
              0
            ],
            [
              -6.1824535794425186,
              53.302483066992771,
              0
            ],
            [
              -6.1823874126472456,
              53.302397092265693,
              0
            ],
            [
              -6.1823819398079554,
              53.302389971023501,
              0
            ],
            [
              -6.1823777215501368,
              53.302388603427865,
              0
            ],
            [
              -6.1823070164355434,
              53.302365674304539,
              0
            ],
            [
              -6.1822060670539578,
              53.302333863891839,
              0
            ],
            [
              -6.1820818084653668,
              53.302294767192201,
              0
            ],
            [
              -6.1819908776291044,
              53.302266568912387,
              0
            ],
            [
              -6.1819823825986582,
              53.302257053837309,
              0
            ],
            [
              -6.1819836818055052,
              53.302244132313362,
              0
            ],
            [
              -6.1819026570298394,
              53.302221871642786,
              0
            ],
            [
              -6.181789641744615,
              53.302196483303518,
              0
            ],
            [
              -6.1817331731495795,
              53.302186031816156,
              0
            ],
            [
              -6.1816217916261307,
              53.302169834479287,
              0
            ],
            [
              -6.1815766903107772,
              53.302165534357222,
              0
            ],
            [
              -6.1815356791098726,
              53.302163497819571,
              0
            ],
            [
              -6.1814621170890742,
              53.30216367934316,
              0
            ],
            [
              -6.1813544960221067,
              53.302172015998039,
              0
            ],
            [
              -6.1812820653160028,
              53.302184095378657,
              0
            ],
            [
              -6.1812608149688693,
              53.302189443789352,
              0
            ],
            [
              -6.1812274240803635,
              53.302195963365349,
              0
            ],
            [
              -6.1811178661304504,
              53.302220141780161,
              0
            ],
            [
              -6.1810648995260378,
              53.302231828504851,
              0
            ],
            [
              -6.180969124134589,
              53.30225407869618,
              0
            ],
            [
              -6.1809650644612786,
              53.302255194235826,
              0
            ],
            [
              -6.1809508888619167,
              53.302324745969507,
              0
            ],
            [
              -6.1809312715387481,
              53.302420934167003,
              0
            ],
            [
              -6.1809290517310025,
              53.302450562544671,
              0
            ],
            [
              -6.1809300575222919,
              53.302637236697436,
              0
            ],
            [
              -6.1809336429349608,
              53.302665173947261,
              0
            ],
            [
              -6.1809562146022685,
              53.302702838511145,
              0
            ],
            [
              -6.1809901339650501,
              53.30275276360873,
              0
            ],
            [
              -6.1810330767307633,
              53.302801820543017,
              0
            ],
            [
              -6.1808781803489588,
              53.302935262661165,
              0
            ],
            [
              -6.1807668350586296,
              53.303040007850207,
              0
            ],
            [
              -6.1804762695304225,
              53.303298854235578,
              0
            ],
            [
              -6.1804922166031133,
              53.303359239060931,
              0
            ],
            [
              -6.1805409196685837,
              53.30337805758564,
              0
            ],
            [
              -6.1805366195003435,
              53.303384614544562,
              0
            ],
            [
              -6.1805353321371355,
              53.303391247131977,
              0
            ],
            [
              -6.1805380116902402,
              53.303396689973475,
              0
            ],
            [
              -6.1805438548775138,
              53.303399331797152,
              0
            ],
            [
              -6.1806086592398133,
              53.303425155143202,
              0
            ],
            [
              -6.1808914694833987,
              53.303539720737483,
              0
            ],
            [
              -6.1811985844124857,
              53.303664504800146,
              0
            ],
            [
              -6.1815415111093728,
              53.303802987600875,
              0
            ],
            [
              -6.1818650423983863,
              53.303934590677912,
              0
            ],
            [
              -6.1822055974215049,
              53.304072487089535,
              0
            ],
            [
              -6.1825552735809906,
              53.304213628767442,
              0
            ],
            [
              -6.1826241342871286,
              53.304241866848123,
              0
            ],
            [
              -6.1826419562989745,
              53.304234868726915,
              0
            ],
            [
              -6.1826758748444233,
              53.304229489311751,
              0
            ],
            [
              -6.1826949304143906,
              53.304227010412923,
              0
            ],
            [
              -6.1827096299839486,
              53.30422714453664,
              0
            ],
            [
              -6.1827254382150452,
              53.304228732779151,
              0
            ],
            [
              -6.1827422842900717,
              53.304233053991894,
              0
            ],
            [
              -6.182760496585316,
              53.3042399019538,
              0
            ],
            [
              -6.1827744412973615,
              53.304247563935682,
              0
            ],
            [
              -6.182784735754173,
              53.304256414270235,
              0
            ],
            [
              -6.182792783252097,
              53.304267188011529,
              0
            ],
            [
              -6.1827968325057965,
              53.304280030149812,
              0
            ],
            [
              -6.1827956399115349,
              53.304294932521145,
              0
            ],
            [
              -6.1827924570267347,
              53.304303135260461,
              0
            ],
            [
              -6.183003185031815,
              53.304388480190482,
              0
            ],
            [
              -6.1832935518108618,
              53.304507695096582,
              0
            ],
            [
              -6.1835148468357541,
              53.304597218742231,
              0
            ],
            [
              -6.1838237591329852,
              53.304722222835899,
              0
            ],
            [
              -6.1841063618506036,
              53.304840911212423,
              0
            ],
            [
              -6.1843973425943641,
              53.304959591634841,
              0
            ],
            [
              -6.1847646778298309,
              53.305112061032681,
              0
            ],
            [
              -6.1849723786141579,
              53.30519788664698,
              0
            ],
            [
              -6.1850089919622171,
              53.305213040847548,
              0
            ],
            [
              -6.1850312688832414,
              53.305206863388833,
              0
            ],
            [
              -6.1850495705530193,
              53.30520203568657,
              0
            ],
            [
              -6.1850651723264818,
              53.305196792080757,
              0
            ],
            [
              -6.1850814054065859,
              53.305191204841471,
              0
            ],
            [
              -6.1850950121764647,
              53.305189516293062,
              0
            ],
            [
              -6.1851088734273869,
              53.305188549779139,
              0
            ],
            [
              -6.1851215140161555,
              53.305188094995181,
              0
            ],
            [
              -6.1851358992879879,
              53.30518892511973,
              0
            ],
            [
              -6.1851502601096593,
              53.305188881210078,
              0
            ],
            [
              -6.1851654612944493,
              53.305190640551906,
              0
            ],
            [
              -6.185183000291735,
              53.305193533835855,
              0
            ],
            [
              -6.185198973730242,
              53.305197640978236,
              0
            ],
            [
              -6.185215693594726,
              53.305203926550462,
              0
            ],
            [
              -6.1852268960257639,
              53.305208333199602,
              0
            ],
            [
              -6.1852321209199355,
              53.30521038743408,
              0
            ],
            [
              -6.1852401523749592,
              53.305216675609891,
              0
            ],
            [
              -6.1852473299252795,
              53.305222222740625,
              0
            ],
            [
              -6.1852573924977587,
              53.305229800182147,
              0
            ],
            [
              -6.185264695835019,
              53.305238396251127,
              0
            ],
            [
              -6.1852727998517452,
              53.305248280838789,
              0
            ],
            [
              -6.1852791277235237,
              53.305257940655885,
              0
            ],
            [
              -6.1852850721063355,
              53.305269212526497,
              0
            ],
            [
              -6.1852889861377722,
              53.305279177165659,
              0
            ],
            [
              -6.1852899391938854,
              53.305288548462478,
              0
            ],
            [
              -6.185288395075232,
              53.305299481672435,
              0
            ],
            [
              -6.1852852455435237,
              53.305312179119255,
              0
            ],
            [
              -6.1852836825870332,
              53.305318249385813,
              0
            ],
            [
              -6.1852652848949905,
              53.305334539308554,
              0
            ],
            [
              -6.1852468871888586,
              53.305350829228281,
              0
            ],
            [
              -6.1852378911849755,
              53.305358790767272,
              0
            ],
            [
              -6.1852343442052717,
              53.305362107394004,
              0
            ],
            [
              -6.1852212052133044,
              53.305374347222227,
              0
            ],
            [
              -6.1852154715322616,
              53.305379688886838,
              0
            ],
            [
              -6.1854624665411846,
              53.305477347831683,
              0
            ],
            [
              -6.1858210011797148,
              53.305621365847131,
              0
            ],
            [
              -6.1860566834426498,
              53.305716217877901,
              0
            ],
            [
              -6.1868874048936053,
              53.306056626056495,
              0
            ],
            [
              -6.1869273817690935,
              53.306070770177882,
              0
            ],
            [
              -6.1871286070433298,
              53.306154831582049,
              0
            ],
            [
              -6.1871384218972798,
              53.306151268626564,
              0
            ],
            [
              -6.1871667877049621,
              53.306163914884856,
              0
            ],
            [
              -6.1871649632654417,
              53.306169432914324,
              0
            ],
            [
              -6.1872315444517332,
              53.306195657111068,
              0
            ],
            [
              -6.1875048606114333,
              53.306304857300013,
              0
            ],
            [
              -6.1876017008481483,
              53.306341913634057,
              0
            ],
            [
              -6.1876595163493366,
              53.306363240587302,
              0
            ],
            [
              -6.18768288328768,
              53.306369914447181,
              0
            ],
            [
              -6.1877035693838689,
              53.306377527284035,
              0
            ],
            [
              -6.1879127014949518,
              53.306451415929374,
              0
            ],
            [
              -6.1879687334184679,
              53.306473407725683,
              0
            ],
            [
              -6.1879751188624725,
              53.306476057417221,
              0
            ],
            [
              -6.1879906156322688,
              53.306482189184706,
              0
            ],
            [
              -6.1879942323320654,
              53.306483601366352,
              0
            ],
            [
              -6.1880018723198837,
              53.306486746496503,
              0
            ],
            [
              -6.1880102507216135,
              53.306490172493753,
              0
            ],
            [
              -6.1880198705713712,
              53.306494048789908,
              0
            ],
            [
              -6.1880516982399545,
              53.306506459808567,
              0
            ],
            [
              -6.1880625169984311,
              53.306511082366903,
              0
            ],
            [
              -6.1880730926109866,
              53.306515422593662,
              0
            ],
            [
              -6.1880772581009644,
              53.306516986923121,
              0
            ],
            [
              -6.1880892373026626,
              53.306521492286173,
              0
            ],
            [
              -6.1881009801472189,
              53.306526263705017,
              0
            ],
            [
              -6.1881097716201507,
              53.306529857759926,
              0
            ],
            [
              -6.188097486371186,
              53.306539666061809,
              0
            ],
            [
              -6.1880890048790702,
              53.306536193563176,
              0
            ],
            [
              -6.1880758791492978,
              53.306531122495905,
              0
            ],
            [
              -6.1880641771113778,
              53.306526450565549,
              0
            ],
            [
              -6.1880508963164669,
              53.306521143444492,
              0
            ],
            [
              -6.1880388290419681,
              53.306516591798072,
              0
            ],
            [
              -6.1880073417244654,
              53.306504293806597,
              0
            ],
            [
              -6.1879971227740693,
              53.306500390430038,
              0
            ],
            [
              -6.1879892601191102,
              53.306497187986743,
              0
            ],
            [
              -6.1879771292881518,
              53.306492365720175,
              0
            ],
            [
              -6.1879711831808777,
              53.306497767205308,
              0
            ],
            [
              -6.1880864263549178,
              53.306543929239339,
              0
            ],
            [
              -6.1882621671932059,
              53.30661720206821,
              0
            ],
            [
              -6.1883459718410743,
              53.306651695835463,
              0
            ],
            [
              -6.1884151402272813,
              53.306679936081068,
              0
            ],
            [
              -6.18855096457877,
              53.306735155882791,
              0
            ],
            [
              -6.1892088045691525,
              53.30700257928855,
              0
            ],
            [
              -6.1897299795276144,
              53.307219513765801,
              0
            ],
            [
              -6.1898062732350736,
              53.307251266103364,
              0
            ],
            [
              -6.1900865336462756,
              53.307368669491581,
              0
            ],
            [
              -6.1904146952545123,
              53.307506179554714,
              0
            ],
            [
              -6.1907644383399427,
              53.307663207848258,
              0
            ],
            [
              -6.1909929546898885,
              53.307769480360591,
              0
            ],
            [
              -6.1914777099923306,
              53.307993908082423,
              0
            ],
            [
              -6.1917482891310129,
              53.308119176404638,
              0
            ],
            [
              -6.1919624703993188,
              53.308218333868574,
              0
            ],
            [
              -6.1922279702402045,
              53.308347918433952,
              0
            ],
            [
              -6.192633846168917,
              53.30854601446444,
              0
            ],
            [
              -6.1927739916902462,
              53.308614415012109,
              0
            ],
            [
              -6.1929720343943089,
              53.308712907208246,
              0
            ],
            [
              -6.1932126068488191,
              53.308836293725733,
              0
            ],
            [
              -6.1933010622622922,
              53.308882671264584,
              0
            ],
            [
              -6.1939379052820014,
              53.309222244762928,
              0
            ],
            [
              -6.1939977181815262,
              53.309254544733299,
              0
            ],
            [
              -6.1942930337169395,
              53.309417964777332,
              0
            ],
            [
              -6.1944940159664679,
              53.309533738366774,
              0
            ],
            [
              -6.194655804967816,
              53.309622340042502,
              0
            ],
            [
              -6.1947883740545677,
              53.309695327028599,
              0
            ],
            [
              -6.1948365967063861,
              53.309721970090393,
              0
            ],
            [
              -6.1948431701922848,
              53.309721251657152,
              0
            ],
            [
              -6.1948495629475833,
              53.309720548464519,
              0
            ],
            [
              -6.1948693826443773,
              53.309720309162046,
              0
            ],
            [
              -6.194879182577461,
              53.309722794439892,
              0
            ]
          ]
        ]
      },
      "properties" : {
        "OBJECTID" : 2,
        "park_name" : "Blackrock Park",
        "irish_name" : " ",
        "previous_n" : " ",
        "address" : "Blackrock Park, Rock Road, Blackrock, Co. Dublin",
        "type" : "Regional Park",
        "type2" : "Flagship",
        "Shape_Length" : 3236.7996181998024,
        "Shape_Area" : 114239.39291221766
      }
    },
    {
      "type" : "Feature",
      "id" : 3,
      "geometry" : {
        "type" : "MultiPolygon",
        "coordinates" : [
          [
            [
              [
                -6.1550994921209128,
                53.26318121408849,
                0
              ],
              [
                -6.1552197807618976,
                53.263255377357993,
                0
              ],
              [
                -6.1553704495647352,
                53.263341166110315,
                0
              ],
              [
                -6.155451789568489,
                53.263387213887093,
                0
              ],
              [
                -6.1554873315298346,
                53.263403942942126,
                0
              ],
              [
                -6.1555216463188405,
                53.263421390044115,
                0
              ],
              [
                -6.1555660764191824,
                53.263440944131041,
                0
              ],
              [
                -6.1556435320053486,
                53.263473108448188,
                0
              ],
              [
                -6.1557425029309485,
                53.263513495592107,
                0
              ],
              [
                -6.1557837810249127,
                53.263529765014361,
                0
              ],
              [
                -6.1559045524786828,
                53.263579137918711,
                0
              ],
              [
                -6.1560037702750394,
                53.263620418509781,
                0
              ],
              [
                -6.156077755166744,
                53.263649641783495,
                0
              ],
              [
                -6.1561127523218877,
                53.26366545529369,
                0
              ],
              [
                -6.156150392489014,
                53.263682243568461,
                0
              ],
              [
                -6.1561938555608924,
                53.263703066896866,
                0
              ],
              [
                -6.1562325399193307,
                53.263723810001714,
                0
              ],
              [
                -6.1563332186473545,
                53.263773031666609,
                0
              ],
              [
                -6.1564492129531656,
                53.263828972527982,
                0
              ],
              [
                -6.1564959397084831,
                53.263850915835569,
                0
              ],
              [
                -6.156564946845446,
                53.263877348227915,
                0
              ],
              [
                -6.1566166010535701,
                53.263895953006951,
                0
              ],
              [
                -6.1566807089882021,
                53.263917824370026,
                0
              ],
              [
                -6.1567386385494594,
                53.263936884772512,
                0
              ],
              [
                -6.1568016102276397,
                53.263957293169028,
                0
              ],
              [
                -6.1568630509107942,
                53.263971751825594,
                0
              ],
              [
                -6.1569331154541755,
                53.263987585983394,
                0
              ],
              [
                -6.1570247026744971,
                53.264005208080519,
                0
              ],
              [
                -6.1571211859901149,
                53.264020567925883,
                0
              ],
              [
                -6.1571989492673849,
                53.264031684307014,
                0
              ],
              [
                -6.1572168412275747,
                53.264033920371531,
                0
              ],
              [
                -6.1573168065966719,
                53.264045388891788,
                0
              ],
              [
                -6.1574022528026271,
                53.264051769286922,
                0
              ],
              [
                -6.1574938044463972,
                53.264056628782491,
                0
              ],
              [
                -6.1575907359698405,
                53.264061919210228,
                0
              ],
              [
                -6.1576427792945596,
                53.264064898777448,
                0
              ],
              [
                -6.1577902008908136,
                53.264074045215665,
                0
              ],
              [
                -6.1578100660500628,
                53.264075367906756,
                0
              ],
              [
                -6.1578045284319316,
                53.26410378354911,
                0
              ],
              [
                -6.1578426977197083,
                53.264107590364681,
                0
              ],
              [
                -6.1579246777442123,
                53.264118582679828,
                0
              ],
              [
                -6.1579791923334808,
                53.26412681444225,
                0
              ],
              [
                -6.1580417414030597,
                53.264136427804907,
                0
              ],
              [
                -6.1580878679710169,
                53.264144529002934,
                0
              ],
              [
                -6.1581675493561638,
                53.2641597901615,
                0
              ],
              [
                -6.1582071598163779,
                53.264165993855023,
                0
              ],
              [
                -6.1582371933429645,
                53.264171859011213,
                0
              ],
              [
                -6.1582643248947848,
                53.26417534414437,
                0
              ],
              [
                -6.1582870966584542,
                53.264175696877167,
                0
              ],
              [
                -6.1583093706894081,
                53.264173713029081,
                0
              ],
              [
                -6.1583278411204665,
                53.264169503315415,
                0
              ],
              [
                -6.1583399724773304,
                53.264166635597704,
                0
              ],
              [
                -6.1583564531678281,
                53.264159888282109,
                0
              ],
              [
                -6.1583678705860505,
                53.264152703203656,
                0
              ],
              [
                -6.158382362419303,
                53.264143397627869,
                0
              ],
              [
                -6.158395933618964,
                53.264134618926903,
                0
              ],
              [
                -6.1584326071413811,
                53.264105175139768,
                0
              ],
              [
                -6.1584832349043612,
                53.264064979309509,
                0
              ],
              [
                -6.1585799318563232,
                53.263986144059984,
                0
              ],
              [
                -6.1587112691267611,
                53.263889858095276,
                0
              ],
              [
                -6.1587696260279774,
                53.263851228663455,
                0
              ],
              [
                -6.1587920221437908,
                53.263839700065347,
                0
              ],
              [
                -6.1588102082999594,
                53.263828494733566,
                0
              ],
              [
                -6.1588300638284794,
                53.263819991021435,
                0
              ],
              [
                -6.1588380523375665,
                53.263815881787529,
                0
              ],
              [
                -6.1588561409845326,
                53.263806561601413,
                0
              ],
              [
                -6.1588778520474161,
                53.263797019621926,
                0
              ],
              [
                -6.1589035629544266,
                53.263784472585627,
                0
              ],
              [
                -6.1589374515888498,
                53.263770983131771,
                0
              ],
              [
                -6.1589704963066083,
                53.263762864667335,
                0
              ],
              [
                -6.1590045336496466,
                53.263752263656613,
                0
              ],
              [
                -6.1590350434348258,
                53.263740338998495,
                0
              ],
              [
                -6.1590675340831726,
                53.263730774710119,
                0
              ],
              [
                -6.159100596405743,
                53.263722314923818,
                0
              ],
              [
                -6.1591360675799107,
                53.263713162473529,
                0
              ],
              [
                -6.159167536913766,
                53.263706817299543,
                0
              ],
              [
                -6.1592301508829079,
                53.263694321454423,
                0
              ],
              [
                -6.1592733361417373,
                53.263687096547969,
                0
              ],
              [
                -6.1593159452188244,
                53.263679673972923,
                0
              ],
              [
                -6.1593454196037527,
                53.263677611464686,
                0
              ],
              [
                -6.1593912381242744,
                53.263672216761499,
                0
              ],
              [
                -6.1594695089359401,
                53.263664813572632,
                0
              ],
              [
                -6.1595395519951905,
                53.263660878644252,
                0
              ],
              [
                -6.1596101325180079,
                53.263658042261923,
                0
              ],
              [
                -6.1596546079569459,
                53.263655680070158,
                0
              ],
              [
                -6.1597146186273237,
                53.263654647991814,
                0
              ],
              [
                -6.1597629722239295,
                53.263652706065912,
                0
              ],
              [
                -6.1598554495819995,
                53.263650027813497,
                0
              ],
              [
                -6.1599146760431474,
                53.263646276232059,
                0
              ],
              [
                -6.1599477559103937,
                53.263644280018227,
                0
              ],
              [
                -6.1599697613106636,
                53.263641212212313,
                0
              ],
              [
                -6.1599816390692697,
                53.26363726181026,
                0
              ],
              [
                -6.1599972277307131,
                53.2636306793693,
                0
              ],
              [
                -6.1600142921665411,
                53.263624291384126,
                0
              ],
              [
                -6.1600297589169433,
                53.263613565217369,
                0
              ],
              [
                -6.1600438586234789,
                53.263602905134512,
                0
              ],
              [
                -6.1600707377508366,
                53.263571449075791,
                0
              ],
              [
                -6.1600837904258618,
                53.263557242196086,
                0
              ],
              [
                -6.1601096338338923,
                53.263521695715028,
                0
              ],
              [
                -6.16016765516612,
                53.263449255178259,
                0
              ],
              [
                -6.1602286878991732,
                53.263383521472768,
                0
              ],
              [
                -6.1602631191318151,
                53.263350427402486,
                0
              ],
              [
                -6.1602818305770821,
                53.26333437533922,
                0
              ],
              [
                -6.160298572201623,
                53.263321151172562,
                0
              ],
              [
                -6.1603148228070053,
                53.263306129841475,
                0
              ],
              [
                -6.1603387320176042,
                53.263287624168107,
                0
              ],
              [
                -6.1603658025475552,
                53.263271674134543,
                0
              ],
              [
                -6.1603893114715866,
                53.263262177606201,
                0
              ],
              [
                -6.1604229713427241,
                53.263246697775088,
                0
              ],
              [
                -6.1604853020270163,
                53.263220172355041,
                0
              ],
              [
                -6.160521905668749,
                53.26320564485102,
                0
              ],
              [
                -6.1604956897208325,
                53.263181503809271,
                0
              ],
              [
                -6.1604543681233537,
                53.263145261406557,
                0
              ],
              [
                -6.1604151000187377,
                53.263110842960209,
                0
              ],
              [
                -6.1603677305935056,
                53.263126540853179,
                0
              ],
              [
                -6.1603745584849046,
                53.263133397391236,
                0
              ],
              [
                -6.1603886737266516,
                53.263160049121559,
                0
              ],
              [
                -6.1603834787872911,
                53.263182620534018,
                0
              ],
              [
                -6.1603560632347838,
                53.263199624975158,
                0
              ],
              [
                -6.1603432777798783,
                53.263210754795701,
                0
              ],
              [
                -6.1603166701173286,
                53.263222558442997,
                0
              ],
              [
                -6.1603092961157957,
                53.263223254488274,
                0
              ],
              [
                -6.1602856788863827,
                53.263225496615362,
                0
              ],
              [
                -6.1602497929118707,
                53.263222956326253,
                0
              ],
              [
                -6.160218557683363,
                53.263217610630832,
                0
              ],
              [
                -6.1601897893737512,
                53.263203305646634,
                0
              ],
              [
                -6.1601685563151598,
                53.263181406737999,
                0
              ],
              [
                -6.1601513606224181,
                53.263156324441901,
                0
              ],
              [
                -6.160140847268365,
                53.263129197963771,
                0
              ],
              [
                -6.1601370394042538,
                53.263106820172581,
                0
              ],
              [
                -6.1601358413358103,
                53.263099808729969,
                0
              ],
              [
                -6.16008672603986,
                53.263107984164066,
                0
              ],
              [
                -6.1600866053239782,
                53.263101368659434,
                0
              ],
              [
                -6.1600808088740981,
                53.263076111757563,
                0
              ],
              [
                -6.1600711482058097,
                53.263050076139486,
                0
              ],
              [
                -6.1600636825105957,
                53.26302874745398,
                0
              ],
              [
                -6.1600527685881818,
                53.263010603152345,
                0
              ],
              [
                -6.1600384532225991,
                53.262981600528938,
                0
              ],
              [
                -6.1600135435985344,
                53.262947958162933,
                0
              ],
              [
                -6.1599906696348015,
                53.262922070020593,
                0
              ],
              [
                -6.1599649143474968,
                53.262894159056145,
                0
              ],
              [
                -6.1599418548615805,
                53.262872941991773,
                0
              ],
              [
                -6.1599254876938589,
                53.262856150737491,
                0
              ],
              [
                -6.1599046690197099,
                53.262838922239929,
                0
              ],
              [
                -6.1598816536347316,
                53.262823277733972,
                0
              ],
              [
                -6.1598598262971329,
                53.26280765066489,
                0
              ],
              [
                -6.1598391835166542,
                53.26279330923839,
                0
              ],
              [
                -6.1598219470773614,
                53.262783147853334,
                0
              ],
              [
                -6.1597697864959313,
                53.26276237044663,
                0
              ],
              [
                -6.1597049101824268,
                53.262737450809134,
                0
              ],
              [
                -6.1596704047347286,
                53.262724137523094,
                0
              ],
              [
                -6.1595522321160097,
                53.262683635147411,
                0
              ],
              [
                -6.1594589498263916,
                53.262649990404917,
                0
              ],
              [
                -6.159407019759235,
                53.262630834302598,
                0
              ],
              [
                -6.1593869832705881,
                53.262622974682763,
                0
              ],
              [
                -6.1592863915232421,
                53.262578061468673,
                0
              ],
              [
                -6.1592254416721417,
                53.26255248312922,
                0
              ],
              [
                -6.159200210014169,
                53.26254003827848,
                0
              ],
              [
                -6.1591826697171514,
                53.26252987210637,
                0
              ],
              [
                -6.1591657795659334,
                53.262518285922226,
                0
              ],
              [
                -6.1591507940555754,
                53.262504203417649,
                0
              ],
              [
                -6.1591408086050858,
                53.262492723861499,
                0
              ],
              [
                -6.1591309470879727,
                53.262478010405076,
                0
              ],
              [
                -6.1591210077398726,
                53.262458792572133,
                0
              ],
              [
                -6.1591200055290951,
                53.262440630473165,
                0
              ],
              [
                -6.1591231164763194,
                53.262403456776291,
                0
              ],
              [
                -6.1591259010279149,
                53.26238120951966,
                0
              ],
              [
                -6.159129537716411,
                53.26236634498801,
                0
              ],
              [
                -6.1591435161537902,
                53.262347685285974,
                0
              ],
              [
                -6.1591541187723946,
                53.262331849726941,
                0
              ],
              [
                -6.1591668666017059,
                53.262314617246332,
                0
              ],
              [
                -6.1591922795364233,
                53.262282112266028,
                0
              ],
              [
                -6.1592271347560965,
                53.262238796272037,
                0
              ],
              [
                -6.1592455224326983,
                53.262216249766006,
                0
              ],
              [
                -6.1593701417161482,
                53.262067916457859,
                0
              ],
              [
                -6.1594360452775216,
                53.261986798365498,
                0
              ],
              [
                -6.1595275103586768,
                53.261890605931953,
                0
              ],
              [
                -6.1595409496515749,
                53.261877860297069,
                0
              ],
              [
                -6.159589677771427,
                53.261832977802435,
                0
              ],
              [
                -6.1596578617280384,
                53.261775256472831,
                0
              ],
              [
                -6.1596759797956917,
                53.261758629075395,
                0
              ],
              [
                -6.1597604250921156,
                53.261706217402256,
                0
              ],
              [
                -6.1597653866133308,
                53.261702699550618,
                0
              ],
              [
                -6.1598942976164386,
                53.261544723623189,
                0
              ],
              [
                -6.1599305098684427,
                53.261505382360696,
                0
              ],
              [
                -6.1599437039945109,
                53.261484724928174,
                0
              ],
              [
                -6.1599881786108295,
                53.261413513492712,
                0
              ],
              [
                -6.1601775944905937,
                53.261099363502574,
                0
              ],
              [
                -6.1604139825782305,
                53.260705654918269,
                0
              ],
              [
                -6.1611670597300705,
                53.260640657955392,
                0
              ],
              [
                -6.1616270507982192,
                53.260684928229608,
                0
              ],
              [
                -6.1616895759902084,
                53.260695069656578,
                0
              ],
              [
                -6.1617602343767315,
                53.260711268802567,
                0
              ],
              [
                -6.1617964787877062,
                53.260718650820422,
                0
              ],
              [
                -6.1619591414024812,
                53.260770980831943,
                0
              ],
              [
                -6.1619939929754981,
                53.260782844484126,
                0
              ],
              [
                -6.1620440029333379,
                53.26080553734834,
                0
              ],
              [
                -6.1621086824760454,
                53.260835323493104,
                0
              ],
              [
                -6.1621403301077127,
                53.260851990520777,
                0
              ],
              [
                -6.1621762798713071,
                53.260873588376136,
                0
              ],
              [
                -6.1622033956622335,
                53.260891451974587,
                0
              ],
              [
                -6.1622267343347978,
                53.26090654464236,
                0
              ],
              [
                -6.1622450761648286,
                53.260919239469288,
                0
              ],
              [
                -6.1622641588206246,
                53.260935353205319,
                0
              ],
              [
                -6.1622842362433703,
                53.260956514862023,
                0
              ],
              [
                -6.1623105389411563,
                53.260990231267741,
                0
              ],
              [
                -6.1624516469512978,
                53.260949255303309,
                0
              ],
              [
                -6.1624642582795275,
                53.260945583820835,
                0
              ],
              [
                -6.1626272684887233,
                53.261113967975433,
                0
              ],
              [
                -6.1628113678088621,
                53.261325516393825,
                0
              ],
              [
                -6.1628310387113796,
                53.261348128702679,
                0
              ],
              [
                -6.1628731009970927,
                53.261388675447598,
                0
              ],
              [
                -6.1628957824508825,
                53.261408935149589,
                0
              ],
              [
                -6.1629284311072174,
                53.261425067301381,
                0
              ],
              [
                -6.1629679557801911,
                53.261430046586234,
                0
              ],
              [
                -6.1630077059249135,
                53.261428751857679,
                0
              ],
              [
                -6.1630459256222769,
                53.261422978896036,
                0
              ],
              [
                -6.1630768734759478,
                53.261416121317829,
                0
              ],
              [
                -6.1631147197655967,
                53.261407518435185,
                0
              ],
              [
                -6.1634501269671205,
                53.261322596289062,
                0
              ],
              [
                -6.1637610375334981,
                53.261246794746356,
                0
              ],
              [
                -6.1638373206560875,
                53.261230416474909,
                0
              ],
              [
                -6.1638769176504153,
                53.261224294144085,
                0
              ],
              [
                -6.1639547315313195,
                53.261212386820773,
                0
              ],
              [
                -6.1639933780210248,
                53.261202592444761,
                0
              ],
              [
                -6.1640512779264753,
                53.261173031677671,
                0
              ],
              [
                -6.1641276303280863,
                53.261162343924013,
                0
              ],
              [
                -6.1641882367947067,
                53.261191760587558,
                0
              ],
              [
                -6.1642694192793765,
                53.26118806727461,
                0
              ],
              [
                -6.1643601052779173,
                53.261188861639717,
                0
              ],
              [
                -6.1645100643996971,
                53.261194910053305,
                0
              ],
              [
                -6.1646308795297369,
                53.26120245911077,
                0
              ],
              [
                -6.1646712102939576,
                53.261204681826499,
                0
              ],
              [
                -6.1647601412357469,
                53.261212575737716,
                0
              ],
              [
                -6.1648693471265519,
                53.261224099333631,
                0
              ],
              [
                -6.1649542304929135,
                53.261236165202817,
                0
              ],
              [
                -6.1650253103862047,
                53.261248835560004,
                0
              ],
              [
                -6.1650629835755488,
                53.261255816118606,
                0
              ],
              [
                -6.1651388873439856,
                53.261273460222846,
                0
              ],
              [
                -6.1651780229344002,
                53.261280562127951,
                0
              ],
              [
                -6.1652189167224396,
                53.261280560614715,
                0
              ],
              [
                -6.1652566842840475,
                53.261274833917383,
                0
              ],
              [
                -6.165284492352205,
                53.261266408406755,
                0
              ],
              [
                -6.1652966449116811,
                53.261260213721371,
                0
              ],
              [
                -6.1653154289417449,
                53.261251784130913,
                0
              ],
              [
                -6.1653382517504927,
                53.261232665719731,
                0
              ],
              [
                -6.1653746097879214,
                53.261197883978362,
                0
              ],
              [
                -6.1653931868397347,
                53.261178880875022,
                0
              ],
              [
                -6.1654147858327777,
                53.261157883921122,
                0
              ],
              [
                -6.1654444245170525,
                53.261131554764098,
                0
              ],
              [
                -6.16550995405757,
                53.261077464629068,
                0
              ],
              [
                -6.1655360906261389,
                53.261060141821446,
                0
              ],
              [
                -6.1655904108092772,
                53.261024178539103,
                0
              ],
              [
                -6.1656197615106132,
                53.261007409424629,
                0
              ],
              [
                -6.1656492516485484,
                53.260991899920832,
                0
              ],
              [
                -6.1656359674919061,
                53.260982158836043,
                0
              ],
              [
                -6.1656545385998101,
                53.260973060777495,
                0
              ],
              [
                -6.1656677778167577,
                53.260982801168645,
                0
              ],
              [
                -6.1657114296546887,
                53.260961432549628,
                0
              ],
              [
                -6.1657630496778637,
                53.260944035347535,
                0
              ],
              [
                -6.1657852405838653,
                53.260935890009286,
                0
              ],
              [
                -6.1659560290554323,
                53.26087304763174,
                0
              ],
              [
                -6.1660114550316756,
                53.260817920907243,
                0
              ],
              [
                -6.1660408521856347,
                53.26080702989578,
                0
              ],
              [
                -6.1660531505379028,
                53.260801065682003,
                0
              ],
              [
                -6.1660961610942566,
                53.26079593532085,
                0
              ],
              [
                -6.1661359592386535,
                53.260796304936441,
                0
              ],
              [
                -6.1663079954284399,
                53.260845114920862,
                0
              ],
              [
                -6.1663966681690878,
                53.260750420361504,
                0
              ],
              [
                -6.1665658377876742,
                53.260568753031706,
                0
              ],
              [
                -6.1666522723321382,
                53.26047624308584,
                0
              ],
              [
                -6.1666889575250341,
                53.260441762598944,
                0
              ],
              [
                -6.1667005350226303,
                53.260430463425202,
                0
              ],
              [
                -6.1665319713336491,
                53.260397185370003,
                0
              ],
              [
                -6.1665150096998715,
                53.260393830674801,
                0
              ],
              [
                -6.1663555958159995,
                53.260359055429149,
                0
              ],
              [
                -6.1662515749558864,
                53.260326239520055,
                0
              ],
              [
                -6.1662259126269809,
                53.260318132709479,
                0
              ],
              [
                -6.1661037764803179,
                53.260279222505595,
                0
              ],
              [
                -6.1660159325203026,
                53.26025059127862,
                0
              ],
              [
                -6.1659730710668184,
                53.260235576484511,
                0
              ],
              [
                -6.1659600449799079,
                53.260231017600788,
                0
              ],
              [
                -6.1658835570414201,
                53.260200088305552,
                0
              ],
              [
                -6.1657262707290128,
                53.260126803739141,
                0
              ],
              [
                -6.1653244537203591,
                53.259936538863514,
                0
              ],
              [
                -6.1652995252367271,
                53.259924640168194,
                0
              ],
              [
                -6.1651091840410528,
                53.25983394785198,
                0
              ],
              [
                -6.1649174877842503,
                53.259742398445255,
                0
              ],
              [
                -6.1647675457535849,
                53.259660141111837,
                0
              ],
              [
                -6.164412471871608,
                53.259467120563507,
                0
              ],
              [
                -6.164341563413724,
                53.259510331336472,
                0
              ],
              [
                -6.1639679569827326,
                53.259303616080807,
                0
              ],
              [
                -6.1640464131369477,
                53.259259836870818,
                0
              ],
              [
                -6.1638358169113445,
                53.259130566104545,
                0
              ],
              [
                -6.1636607825899237,
                53.258978709465012,
                0
              ],
              [
                -6.1635744926600848,
                53.259005529817713,
                0
              ],
              [
                -6.1634529708546033,
                53.258871233649579,
                0
              ],
              [
                -6.1633647771624291,
                53.258742085297257,
                0
              ],
              [
                -6.1634613601103316,
                53.258722362712426,
                0
              ],
              [
                -6.1634567701510257,
                53.258685321929022,
                0
              ],
              [
                -6.1634225871345487,
                53.258662469026731,
                0
              ],
              [
                -6.1632448240556581,
                53.258536938878116,
                0
              ],
              [
                -6.1631408919484709,
                53.258459888897242,
                0
              ],
              [
                -6.1630429579484431,
                53.258381043703643,
                0
              ],
              [
                -6.1630060012362451,
                53.258350103339524,
                0
              ],
              [
                -6.1629152894422417,
                53.258383588251533,
                0
              ],
              [
                -6.1627934639984021,
                53.258427075768559,
                0
              ],
              [
                -6.1625233152487731,
                53.258249804496359,
                0
              ],
              [
                -6.1624113918555086,
                53.258285352938756,
                0
              ],
              [
                -6.1623367652734098,
                53.258312498713629,
                0
              ],
              [
                -6.1622772507318953,
                53.258335382353039,
                0
              ],
              [
                -6.1622232236544638,
                53.25837183133001,
                0
              ],
              [
                -6.162151347083654,
                53.258421949625479,
                0
              ],
              [
                -6.1620756305755853,
                53.258473803646432,
                0
              ],
              [
                -6.1619902145357388,
                53.258524602024139,
                0
              ],
              [
                -6.1618991401662573,
                53.258567212764341,
                0
              ],
              [
                -6.1618701547377448,
                53.258579349498959,
                0
              ],
              [
                -6.1618098199679903,
                53.258604916770864,
                0
              ],
              [
                -6.161728185875389,
                53.258637805532004,
                0
              ],
              [
                -6.1616001917969667,
                53.258668153678641,
                0
              ],
              [
                -6.1615137584892121,
                53.258690612770465,
                0
              ],
              [
                -6.1614392285497752,
                53.258732597485739,
                0
              ],
              [
                -6.1613680414939669,
                53.258766536994614,
                0
              ],
              [
                -6.161247765049028,
                53.258723299159136,
                0
              ],
              [
                -6.1610231365389039,
                53.258648762678206,
                0
              ],
              [
                -6.1609530223797346,
                53.2586238428527,
                0
              ],
              [
                -6.1608675207295676,
                53.258556432119676,
                0
              ],
              [
                -6.1607957337486132,
                53.258500918728188,
                0
              ],
              [
                -6.1606764190243855,
                53.25843523140118,
                0
              ],
              [
                -6.1605273246127057,
                53.258347487115529,
                0
              ],
              [
                -6.1604866407545078,
                53.258318528798959,
                0
              ],
              [
                -6.1604239385636079,
                53.258278442806194,
                0
              ],
              [
                -6.1603903282735883,
                53.258258599975463,
                0
              ],
              [
                -6.1603547475908211,
                53.258231966567571,
                0
              ],
              [
                -6.1602826370876471,
                53.258184087981199,
                0
              ],
              [
                -6.1601696191212278,
                53.258232210148357,
                0
              ],
              [
                -6.1600539432577879,
                53.258285011875593,
                0
              ],
              [
                -6.1600211608149626,
                53.258301789571831,
                0
              ],
              [
                -6.1599364919773567,
                53.258335518317189,
                0
              ],
              [
                -6.1598539285901115,
                53.258375401489559,
                0
              ],
              [
                -6.1597089424459357,
                53.258445431419197,
                0
              ],
              [
                -6.1596057136464397,
                53.258495277162126,
                0
              ],
              [
                -6.1595523703044242,
                53.258519585015392,
                0
              ],
              [
                -6.1593434074265909,
                53.258614763943697,
                0
              ],
              [
                -6.1593230443460127,
                53.258623347979103,
                0
              ],
              [
                -6.1592899630268008,
                53.25863729941053,
                0
              ],
              [
                -6.15913164349978,
                53.258624023411137,
                0
              ],
              [
                -6.1589113007789615,
                53.258606174979732,
                0
              ],
              [
                -6.1588043365103378,
                53.258601349863341,
                0
              ],
              [
                -6.158649416106222,
                53.258561610016585,
                0
              ],
              [
                -6.158569626208271,
                53.258544890405133,
                0
              ],
              [
                -6.158516413906046,
                53.25853372270057,
                0
              ],
              [
                -6.1584035687764596,
                53.258510111442178,
                0
              ],
              [
                -6.1582594458237061,
                53.258480873641233,
                0
              ],
              [
                -6.1581775984413092,
                53.258467008141679,
                0
              ],
              [
                -6.1581271323265652,
                53.258455423390295,
                0
              ],
              [
                -6.1580825996894948,
                53.258445288451298,
                0
              ],
              [
                -6.1579780333696581,
                53.258471070016022,
                0
              ],
              [
                -6.1576621504679574,
                53.258547001590848,
                0
              ],
              [
                -6.1574362356909571,
                53.258605475401637,
                0
              ],
              [
                -6.157333125528262,
                53.258632617284427,
                0
              ],
              [
                -6.1572914924910975,
                53.258641851888996,
                0
              ],
              [
                -6.1571278901921191,
                53.258605417486656,
                0
              ],
              [
                -6.1570793093743248,
                53.258594924764587,
                0
              ],
              [
                -6.1562801559646934,
                53.25842369554163,
                0
              ],
              [
                -6.1559946201108255,
                53.258364188708725,
                0
              ],
              [
                -6.1558819665041904,
                53.25833261430661,
                0
              ],
              [
                -6.1558089903509714,
                53.258294514226208,
                0
              ],
              [
                -6.155788067987368,
                53.258299988915802,
                0
              ],
              [
                -6.1555889405520388,
                53.258329455620171,
                0
              ],
              [
                -6.1555636031970913,
                53.258324703284764,
                0
              ],
              [
                -6.1555554880813279,
                53.258317908330987,
                0
              ],
              [
                -6.1553591481664895,
                53.258281173415853,
                0
              ],
              [
                -6.1552985670844009,
                53.25827584862531,
                0
              ],
              [
                -6.1552806318667797,
                53.258273944154311,
                0
              ],
              [
                -6.1552574125213839,
                53.258244013919665,
                0
              ],
              [
                -6.1551534795360316,
                53.258255400732196,
                0
              ],
              [
                -6.1549981197177805,
                53.258277230506586,
                0
              ],
              [
                -6.1548897147228079,
                53.258288107437338,
                0
              ],
              [
                -6.1548265729714817,
                53.258292056529491,
                0
              ],
              [
                -6.154743901564097,
                53.258297050608796,
                0
              ],
              [
                -6.1546508190706817,
                53.258300535191239,
                0
              ],
              [
                -6.154530162279757,
                53.258299978547022,
                0
              ],
              [
                -6.1544183781104644,
                53.258302266463588,
                0
              ],
              [
                -6.1543329191900433,
                53.258302722006555,
                0
              ],
              [
                -6.154245393643115,
                53.258298643204931,
                0
              ],
              [
                -6.1541601430535149,
                53.258294609456037,
                0
              ],
              [
                -6.1540622465532078,
                53.258287673400091,
                0
              ],
              [
                -6.1539594843938152,
                53.258272562473572,
                0
              ],
              [
                -6.1538664106121788,
                53.258258061721222,
                0
              ],
              [
                -6.1537110553071654,
                53.25822865430559,
                0
              ],
              [
                -6.153434605601678,
                53.258174415310712,
                0
              ],
              [
                -6.1533245923337496,
                53.258153349946923,
                0
              ],
              [
                -6.1532383309469258,
                53.258137613177617,
                0
              ],
              [
                -6.1531462167206739,
                53.258118631634481,
                0
              ],
              [
                -6.1530890058365726,
                53.258107390547522,
                0
              ],
              [
                -6.1530517728248233,
                53.258101851129695,
                0
              ],
              [
                -6.1529855992620108,
                53.258089581262944,
                0
              ],
              [
                -6.1529232424503775,
                53.258076014157673,
                0
              ],
              [
                -6.1528695113606577,
                53.258070670237949,
                0
              ],
              [
                -6.1528303392896655,
                53.258074996913614,
                0
              ],
              [
                -6.1527986133322896,
                53.258080797117259,
                0
              ],
              [
                -6.152756115140094,
                53.258092705159278,
                0
              ],
              [
                -6.1527347971114601,
                53.258100014903164,
                0
              ],
              [
                -6.1527184315850159,
                53.258114592106146,
                0
              ],
              [
                -6.1526931020043625,
                53.258145872816598,
                0
              ],
              [
                -6.1526799899505447,
                53.258165230126096,
                0
              ],
              [
                -6.1526885814022974,
                53.258203077646357,
                0
              ],
              [
                -6.1526677737640982,
                53.258244136789081,
                0
              ],
              [
                -6.1526420914753537,
                53.258299908069276,
                0
              ],
              [
                -6.1526211305383205,
                53.258350816098329,
                0
              ],
              [
                -6.1525996713060058,
                53.258412935703163,
                0
              ],
              [
                -6.1525778505502444,
                53.258466088280478,
                0
              ],
              [
                -6.1525698784583271,
                53.258499419489155,
                0
              ],
              [
                -6.1525554970749852,
                53.258544047730915,
                0
              ],
              [
                -6.1525371545547847,
                53.258626079063355,
                0
              ],
              [
                -6.15252758754088,
                53.258668868294542,
                0
              ],
              [
                -6.1525221676845954,
                53.258693097870484,
                0
              ],
              [
                -6.1525055179144807,
                53.258782696689082,
                0
              ],
              [
                -6.1524907062570673,
                53.258846761028494,
                0
              ],
              [
                -6.1524736043321049,
                53.258895034126802,
                0
              ],
              [
                -6.1524530094265284,
                53.258954477775745,
                0
              ],
              [
                -6.1524145774909424,
                53.259027119427245,
                0
              ],
              [
                -6.1523915377975023,
                53.259091496645553,
                0
              ],
              [
                -6.1523671977279379,
                53.259150883125585,
                0
              ],
              [
                -6.1523166974100985,
                53.259242679779597,
                0
              ],
              [
                -6.1522632029763411,
                53.259317345775933,
                0
              ],
              [
                -6.1522040007601202,
                53.259385637688361,
                0
              ],
              [
                -6.1521435737081509,
                53.259447601636552,
                0
              ],
              [
                -6.1521315134742256,
                53.259464868315007,
                0
              ],
              [
                -6.1521005174808012,
                53.259505826037163,
                0
              ],
              [
                -6.1520735854685169,
                53.259536625165538,
                0
              ],
              [
                -6.1520465479843596,
                53.259563646632408,
                0
              ],
              [
                -6.1519815469329249,
                53.259626690999092,
                0
              ],
              [
                -6.1519152874790315,
                53.259691799327591,
                0
              ],
              [
                -6.1518981911182058,
                53.259708703866885,
                0
              ],
              [
                -6.1518290338733737,
                53.259778782737513,
                0
              ],
              [
                -6.1517425008666615,
                53.259866605763179,
                0
              ],
              [
                -6.1516537821813388,
                53.259955814100465,
                0
              ],
              [
                -6.1516017554584534,
                53.260010268812636,
                0
              ],
              [
                -6.1517324492654488,
                53.26005345324181,
                0
              ],
              [
                -6.1517648629707473,
                53.260065146384321,
                0
              ],
              [
                -6.1518221571045757,
                53.26008910884152,
                0
              ],
              [
                -6.1519743539714673,
                53.260152607588111,
                0
              ],
              [
                -6.1521671876522657,
                53.260231162466042,
                0
              ],
              [
                -6.1519784591857576,
                53.260420712926276,
                0
              ],
              [
                -6.1521139449708402,
                53.260476563043525,
                0
              ],
              [
                -6.1522408837416229,
                53.260529388049235,
                0
              ],
              [
                -6.1523749097768263,
                53.26058430830772,
                0
              ],
              [
                -6.1525198276045678,
                53.26064354986142,
                0
              ],
              [
                -6.1526669978878523,
                53.260705874104794,
                0
              ],
              [
                -6.1528347697450938,
                53.260775743180709,
                0
              ],
              [
                -6.1530166693408246,
                53.260851411814038,
                0
              ],
              [
                -6.1528647324249377,
                53.260953565346256,
                0
              ],
              [
                -6.1527736739009233,
                53.2610163402654,
                0
              ],
              [
                -6.1527042950225619,
                53.261064036028905,
                0
              ],
              [
                -6.1526414253909092,
                53.261107510122073,
                0
              ],
              [
                -6.1525522825218788,
                53.261155041506157,
                0
              ],
              [
                -6.1524684796373315,
                53.261203567014689,
                0
              ],
              [
                -6.1524001634913175,
                53.261241931159105,
                0
              ],
              [
                -6.1523001239398862,
                53.261298076003513,
                0
              ],
              [
                -6.1522566555562577,
                53.261279561149415,
                0
              ],
              [
                -6.152224825730455,
                53.261306139844358,
                0
              ],
              [
                -6.1522335890389339,
                53.261311148292158,
                0
              ],
              [
                -6.1520318646541376,
                53.261471024473771,
                0
              ],
              [
                -6.1520141373809549,
                53.261484745450765,
                0
              ],
              [
                -6.1520046635558678,
                53.261492076907238,
                0
              ],
              [
                -6.152063488204722,
                53.261511810554111,
                0
              ],
              [
                -6.1521812074046593,
                53.261550460001487,
                0
              ],
              [
                -6.1522923479981282,
                53.261589340824372,
                0
              ],
              [
                -6.1523896199169936,
                53.261623171724253,
                0
              ],
              [
                -6.1525013056722528,
                53.261662976715414,
                0
              ],
              [
                -6.1526043947071649,
                53.261700483063649,
                0
              ],
              [
                -6.1527325375493911,
                53.261747033402756,
                0
              ],
              [
                -6.1528547337925499,
                53.261792403857399,
                0
              ],
              [
                -6.1529271018917377,
                53.26182075916973,
                0
              ],
              [
                -6.1530235329535818,
                53.261860141220261,
                0
              ],
              [
                -6.1531078268200368,
                53.261896241335386,
                0
              ],
              [
                -6.1531833126258944,
                53.261934352245717,
                0
              ],
              [
                -6.1532298316144818,
                53.261958317830079,
                0
              ],
              [
                -6.1533334029100457,
                53.262011102265014,
                0
              ],
              [
                -6.1533560300297712,
                53.262001599747308,
                0
              ],
              [
                -6.1533823344336041,
                53.261996130652506,
                0
              ],
              [
                -6.153410496500249,
                53.261996602886114,
                0
              ],
              [
                -6.1534213330037026,
                53.261998765282229,
                0
              ],
              [
                -6.153435141265482,
                53.26200150492744,
                0
              ],
              [
                -6.1534547811934583,
                53.262010464985735,
                0
              ],
              [
                -6.1534900916174209,
                53.2620304709259,
                0
              ],
              [
                -6.1535062828587153,
                53.26204296481405,
                0
              ],
              [
                -6.1535137934136239,
                53.262055484222863,
                0
              ],
              [
                -6.1535138532245526,
                53.262066273001921,
                0
              ],
              [
                -6.1535106931939101,
                53.262076640683084,
                0
              ],
              [
                -6.1535042762404091,
                53.262085673472328,
                0
              ],
              [
                -6.1534830329795165,
                53.262103833490137,
                0
              ],
              [
                -6.1535499884016236,
                53.262151683055279,
                0
              ],
              [
                -6.1536210318611797,
                53.262201761205027,
                0
              ],
              [
                -6.1536848590361721,
                53.262245956996864,
                0
              ],
              [
                -6.1537779555338705,
                53.262311314420089,
                0
              ],
              [
                -6.1539840425754626,
                53.262453782038058,
                0
              ],
              [
                -6.1540584377444656,
                53.262505420074596,
                0
              ],
              [
                -6.1541557460205754,
                53.262572489087063,
                0
              ],
              [
                -6.1542386864129126,
                53.262630669842899,
                0
              ],
              [
                -6.1542918023024509,
                53.262667140212606,
                0
              ],
              [
                -6.1544404013489507,
                53.262766994598394,
                0
              ],
              [
                -6.1546371963571156,
                53.262899238512858,
                0
              ],
              [
                -6.1547730842815183,
                53.262986776657968,
                0
              ],
              [
                -6.1549413204086996,
                53.263089007099339,
                0
              ],
              [
                -6.1550994921209128,
                53.26318121408849,
                0
              ]
            ]
          ],
          [
            [
              [
                -6.1624902890743369,
                53.264946734226967,
                0
              ],
              [
                -6.1626116909784292,
                53.265018768722712,
                0
              ],
              [
                -6.1627205628481434,
                53.265083364448202,
                0
              ],
              [
                -6.1629358477412381,
                53.265205274876976,
                0
              ],
              [
                -6.1633658475503053,
                53.265437050339379,
                0
              ],
              [
                -6.163762987953902,
                53.26563871038762,
                0
              ],
              [
                -6.1641322875942413,
                53.265776509460125,
                0
              ],
              [
                -6.16448223754516,
                53.265883764496543,
                0
              ],
              [
                -6.1646393446049554,
                53.265920337500802,
                0
              ],
              [
                -6.1647502067659907,
                53.265934423131931,
                0
              ],
              [
                -6.1649454973099687,
                53.265941312598834,
                0
              ],
              [
                -6.1651510584587914,
                53.265931758339818,
                0
              ],
              [
                -6.1651613775244014,
                53.265929866031954,
                0
              ],
              [
                -6.1651665182926427,
                53.265928885433091,
                0
              ],
              [
                -6.165171641505216,
                53.265927894676608,
                0
              ],
              [
                -6.1651767684832697,
                53.265926886001154,
                0
              ],
              [
                -6.1651818801346545,
                53.265925850124503,
                0
              ],
              [
                -6.1651869756516602,
                53.265924805909748,
                0
              ],
              [
                -6.165192060452017,
                53.265923731868256,
                0
              ],
              [
                -6.1651971440616204,
                53.265922650617554,
                0
              ],
              [
                -6.1651996789137513,
                53.265922097301384,
                0
              ],
              [
                -6.1652022094635059,
                53.265921539424795,
                0
              ],
              [
                -6.1652047329836961,
                53.265920970653902,
                0
              ],
              [
                -6.1652097739541167,
                53.265919834816181,
                0
              ],
              [
                -6.1652148025942584,
                53.265918671823449,
                0
              ],
              [
                -6.1652198285838669,
                53.265917500700141,
                0
              ],
              [
                -6.1652248452780807,
                53.265916301569654,
                0
              ],
              [
                -6.1652298429568244,
                53.265915091360249,
                0
              ],
              [
                -6.1652348266916688,
                53.265913856667439,
                0
              ],
              [
                -6.1652398003618263,
                53.265912611932343,
                0
              ],
              [
                -6.1652447556703827,
                53.265911340848177,
                0
              ],
              [
                -6.1652496964196057,
                53.265910059652519,
                0
              ],
              [
                -6.1652546394360073,
                53.265908760514826,
                0
              ],
              [
                -6.1652595551784186,
                53.265907433093247,
                0
              ],
              [
                -6.1652644682702693,
                53.265906097541162,
                0
              ],
              [
                -6.1652693551632467,
                53.265904743608928,
                0
              ],
              [
                -6.1652742412884853,
                53.26590337258677,
                0
              ],
              [
                -6.1652791117408059,
                53.265901982447659,
                0
              ],
              [
                -6.1652839560711596,
                53.265900572131912,
                0
              ],
              [
                -6.1652887995568362,
                53.265899146522756,
                0
              ],
              [
                -6.1652936273695529,
                53.265897701796625,
                0
              ],
              [
                -6.1652984289449329,
                53.265896239588599,
                0
              ],
              [
                -6.1653032299063772,
                53.265894756697719,
                0
              ],
              [
                -6.1653080146948724,
                53.265893266367044,
                0
              ],
              [
                -6.1653127751288164,
                53.265891749595092,
                0
              ],
              [
                -6.1653175165087628,
                53.26589022264249,
                0
              ],
              [
                -6.1653222586191285,
                53.265888678623071,
                0
              ],
              [
                -6.1653269760672549,
                53.265887115348349,
                0
              ],
              [
                -6.1653316748075042,
                53.265885533808799,
                0
              ],
              [
                -6.1653363597575943,
                53.265883924192913,
                0
              ],
              [
                -6.1653410337967847,
                53.265882324296086,
                0
              ],
              [
                -6.1653456898588548,
                53.265880689067835,
                0
              ],
              [
                -6.1653503314384492,
                53.265879041931619,
                0
              ],
              [
                -6.1653549482019381,
                53.265877379133109,
                0
              ],
              [
                -6.1653595612781098,
                53.265875697402102,
                0
              ],
              [
                -6.1653641301383466,
                53.265873997912507,
                0
              ],
              [
                -6.1653687159015957,
                53.265872288795734,
                0
              ],
              [
                -6.165373274429192,
                53.265870550496835,
                0
              ],
              [
                -6.1653778017632401,
                53.265868805425846,
                0
              ],
              [
                -6.1653823284063654,
                53.265867041468518,
                0
              ],
              [
                -6.1653868284274687,
                53.265865269011755,
                0
              ],
              [
                -6.165391313237051,
                53.265863466659134,
                0
              ],
              [
                -6.1653957668530781,
                53.265861657534444,
                0
              ],
              [
                -6.1654002227745686,
                53.265859829569479,
                0
              ],
              [
                -6.1654046509604257,
                53.265857984099618,
                0
              ],
              [
                -6.1654090615904407,
                53.265856128472251,
                0
              ],
              [
                -6.1654134479427398,
                53.265854244607141,
                0
              ],
              [
                -6.1654178147794774,
                53.265852361340372,
                0
              ],
              [
                -6.1654221692472309,
                53.265850451816846,
                0
              ],
              [
                -6.1654265081188591,
                53.265848521379908,
                0
              ],
              [
                -6.1654308206761277,
                53.26584657525764,
                0
              ],
              [
                -6.1654351164065666,
                53.265844636965745,
                0
              ],
              [
                -6.1654393971562058,
                53.265842663388568,
                0
              ],
              [
                -6.1654436499394292,
                53.265840677695984,
                0
              ],
              [
                -6.1654478898921594,
                53.26583867652559,
                0
              ],
              [
                -6.1654520988051598,
                53.265836664990125,
                0
              ],
              [
                -6.1654562919681686,
                53.265834636134272,
                0
              ],
              [
                -6.1654604740296355,
                53.265832586434186,
                0
              ],
              [
                -6.1654646248975196,
                53.265830529962038,
                0
              ],
              [
                -6.165468760092323,
                53.265828454372993,
                0
              ],
              [
                -6.1654728675514656,
                53.265826361279103,
                0
              ],
              [
                -6.165476962026271,
                53.265824256300355,
                0
              ],
              [
                -6.1655777997751651,
                53.265757013038773,
                0
              ],
              [
                -6.1657102955749217,
                53.265606806244783,
                0
              ],
              [
                -6.1657351192373682,
                53.265559594874794,
                0
              ],
              [
                -6.165734644555414,
                53.265556324797068,
                0
              ],
              [
                -6.1657343391802604,
                53.265554703092683,
                0
              ],
              [
                -6.1657339892821224,
                53.265553070815997,
                0
              ],
              [
                -6.1657335937459106,
                53.265551454016105,
                0
              ],
              [
                -6.1657331535329067,
                53.265549830236878,
                0
              ],
              [
                -6.1657326826253618,
                53.26554822306322,
                0
              ],
              [
                -6.1657352159888363,
                53.265547668814094,
                0
              ],
              [
                -6.1657346854993431,
                53.265546052634093,
                0
              ],
              [
                -6.1657341243153336,
                53.265544453059654,
                0
              ],
              [
                -6.1657335182238429,
                53.265542851895361,
                0
              ],
              [
                -6.1657328667634541,
                53.26554125992012,
                0
              ],
              [
                -6.1657321714708306,
                53.265539676258783,
                0
              ],
              [
                -6.165731444293125,
                53.265538101993982,
                0
              ],
              [
                -6.1657306573028672,
                53.265536524112278,
                0
              ],
              [
                -6.165729839887268,
                53.265534956548457,
                0
              ],
              [
                -6.1657289767182872,
                53.26553340715612,
                0
              ],
              [
                -6.1657280836238426,
                53.265531856404465,
                0
              ],
              [
                -6.1657271297940373,
                53.265530323593772,
                0
              ],
              [
                -6.1657261445405798,
                53.265528789400705,
                0
              ],
              [
                -6.1657251151473096,
                53.265527270707452,
                0
              ],
              [
                -6.1657240403082927,
                53.265525762999744,
                0
              ],
              [
                -6.1657229351592999,
                53.265524262915143,
                0
              ],
              [
                -6.1657217842954024,
                53.265522780103815,
                0
              ],
              [
                -6.1657206030446572,
                53.265521306712088,
                0
              ],
              [
                -6.1657193780001682,
                53.265519840735941,
                0
              ],
              [
                -6.1657181061271116,
                53.265518383027569,
                0
              ],
              [
                -6.1657168035595848,
                53.265516941924758,
                0
              ],
              [
                -6.1657154552387192,
                53.265515518993453,
                0
              ],
              [
                -6.165714078067654,
                53.265514104606488,
                0
              ],
              [
                -6.1657126540295657,
                53.265512699385582,
                0
              ],
              [
                -6.1657111959161197,
                53.265511319706519,
                0
              ],
              [
                -6.1657096954686939,
                53.265509948364361,
                0
              ],
              [
                -6.165708164711349,
                53.265508584645325,
                0
              ],
              [
                -6.1657066046808398,
                53.265507239351329,
                0
              ],
              [
                -6.1657049974372518,
                53.26550591130755,
                0
              ],
              [
                -6.1657033594223201,
                53.265504601665775,
                0
              ],
              [
                -6.1657016727345724,
                53.265503308352869,
                0
              ],
              [
                -6.1656999747904955,
                53.265502032843486,
                0
              ],
              [
                -6.165698230094776,
                53.265500763805321,
                0
              ],
              [
                -6.1656964541662918,
                53.265499523948094,
                0
              ],
              [
                -6.1656946344441019,
                53.265498291506482,
                0
              ],
              [
                -6.1656927974727962,
                53.265497076776121,
                0
              ],
              [
                -6.165690899381679,
                53.26549588896912,
                0
              ],
              [
                -6.1656890125456369,
                53.26549471841318,
                0
              ],
              [
                -6.1656870698918862,
                53.265493555986616,
                0
              ],
              [
                -6.1656851096813856,
                53.265492418457256,
                0
              ],
              [
                -6.165683103640669,
                53.265491300895853,
                0
              ],
              [
                -6.1656810833856897,
                53.265490200193575,
                0
              ],
              [
                -6.1656790155331151,
                53.265489125723896,
                0
              ],
              [
                -6.1656769319296165,
                53.26548806898851,
                0
              ],
              [
                -6.1656748190529607,
                53.265487030678173,
                0
              ],
              [
                -6.1656726709872904,
                53.265486008904169,
                0
              ],
              [
                -6.1656704948005805,
                53.265485013662499,
                0
              ],
              [
                -6.1656683044380385,
                53.265484034381664,
                0
              ],
              [
                -6.1656660813829784,
                53.265483083360465,
                0
              ],
              [
                -6.1656638275565614,
                53.265482150741263,
                0
              ],
              [
                -6.1656615599003892,
                53.265481225998698,
                0
              ],
              [
                -6.1656592562476655,
                53.265480336655621,
                0
              ],
              [
                -6.1656569394558733,
                53.265479474075377,
                0
              ],
              [
                -6.165654593044831,
                53.265478638004367,
                0
              ],
              [
                -6.1656522293461995,
                53.265477820542806,
                0
              ],
              [
                -6.1656498499350754,
                53.26547701991732,
                0
              ],
              [
                -6.1656474379083201,
                53.265476245754947,
                0
              ],
              [
                -6.1656450116288113,
                53.265475489349903,
                0
              ],
              [
                -6.1656425543087527,
                53.265474757634557,
                0
              ],
              [
                -6.1656400821975854,
                53.265474056251939,
                0
              ],
              [
                -6.1656376075500683,
                53.26547337909885,
                0
              ],
              [
                -6.1656351036293637,
                53.265472720370752,
                0
              ],
              [
                -6.1656325790785633,
                53.265472088290188,
                0
              ],
              [
                -6.165630026406693,
                53.265471482741944,
                0
              ],
              [
                -6.1654751525203952,
                53.265442646628635,
                0
              ],
              [
                -6.1650356612573214,
                53.265381170895942,
                0
              ],
              [
                -6.1647224976606037,
                53.265327613120995,
                0
              ],
              [
                -6.1642969648664243,
                53.265209821761609,
                0
              ],
              [
                -6.1639280651399693,
                53.265068073540547,
                0
              ],
              [
                -6.1638546247595807,
                53.265037928798634,
                0
              ],
              [
                -6.1638180186964489,
                53.265022905357256,
                0
              ],
              [
                -6.1637936882294717,
                53.265009936981848,
                0
              ],
              [
                -6.1637726821878545,
                53.264996671063031,
                0
              ],
              [
                -6.1637601292743982,
                53.264988738716845,
                0
              ],
              [
                -6.1637547144268918,
                53.264982543219844,
                0
              ],
              [
                -6.1637488516990322,
                53.264972385944652,
                0
              ],
              [
                -6.1637464094158769,
                53.264966407016537,
                0
              ],
              [
                -6.1637438418807777,
                53.264956669024251,
                0
              ],
              [
                -6.1636589994315791,
                53.264922075449583,
                0
              ],
              [
                -6.163653097450843,
                53.264926477810107,
                0
              ],
              [
                -6.1635110579042234,
                53.264875645469651,
                0
              ],
              [
                -6.1634082606037275,
                53.264840660940628,
                0
              ],
              [
                -6.1617729359548727,
                53.264028325734934,
                0
              ],
              [
                -6.1616202068137875,
                53.263941255045019,
                0
              ],
              [
                -6.1615116884267156,
                53.263878972834746,
                0
              ],
              [
                -6.1614163784893767,
                53.263822645907638,
                0
              ],
              [
                -6.161337850778958,
                53.26378114970408,
                0
              ],
              [
                -6.1612965373274795,
                53.263758732736285,
                0
              ],
              [
                -6.1612575494479831,
                53.263738717364745,
                0
              ],
              [
                -6.1611890705038972,
                53.263706901937354,
                0
              ],
              [
                -6.1611391674431442,
                53.263682383957388,
                0
              ],
              [
                -6.1610815030061046,
                53.263657038837266,
                0
              ],
              [
                -6.1609994424221499,
                53.2636203299366,
                0
              ],
              [
                -6.1609428644255209,
                53.263597688131952,
                0
              ],
              [
                -6.1608979160185537,
                53.263576493087704,
                0
              ],
              [
                -6.1608614409745677,
                53.263560460448154,
                0
              ],
              [
                -6.1608339242674388,
                53.263544926449931,
                0
              ],
              [
                -6.1607981420947757,
                53.263519737245836,
                0
              ],
              [
                -6.1607396745568481,
                53.263471898761317,
                0
              ],
              [
                -6.1606754205874328,
                53.263418925789559,
                0
              ],
              [
                -6.1606520178520707,
                53.263398251862512,
                0
              ],
              [
                -6.1606189354625576,
                53.263373454808118,
                0
              ],
              [
                -6.1605960116807568,
                53.263355663638912,
                0
              ],
              [
                -6.1605780758218742,
                53.26334746811601,
                0
              ],
              [
                -6.1605629492476677,
                53.263343639346125,
                0
              ],
              [
                -6.1605489358638872,
                53.26334216562686,
                0
              ],
              [
                -6.1605278157887273,
                53.263338233577606,
                0
              ],
              [
                -6.1605069442401028,
                53.263335566427727,
                0
              ],
              [
                -6.1604856077426176,
                53.263336676201718,
                0
              ],
              [
                -6.160459763390393,
                53.263338066053123,
                0
              ],
              [
                -6.1604391519029571,
                53.263342960323996,
                0
              ],
              [
                -6.1604160324006543,
                53.263350683175304,
                0
              ],
              [
                -6.1603949750956088,
                53.263358978048544,
                0
              ],
              [
                -6.1603771572535955,
                53.263368951604775,
                0
              ],
              [
                -6.1603626284970012,
                53.263378784466838,
                0
              ],
              [
                -6.160353229977976,
                53.263387807553357,
                0
              ],
              [
                -6.1603399593782289,
                53.263403602039752,
                0
              ],
              [
                -6.1603087785226656,
                53.263437806923974,
                0
              ],
              [
                -6.1602283905142112,
                53.26352103980512,
                0
              ],
              [
                -6.1602068923683362,
                53.263546234062055,
                0
              ],
              [
                -6.1601977026626695,
                53.263564428494256,
                0
              ],
              [
                -6.1601891246291736,
                53.263582272831911,
                0
              ],
              [
                -6.1601852201924405,
                53.263596396212662,
                0
              ],
              [
                -6.160183773324067,
                53.263608796703537,
                0
              ],
              [
                -6.1601857902266532,
                53.263624286027664,
                0
              ],
              [
                -6.1601892368170263,
                53.263641776656691,
                0
              ],
              [
                -6.1602005897793859,
                53.26365633416966,
                0
              ],
              [
                -6.1602040701144025,
                53.2636625988482,
                0
              ],
              [
                -6.1602040469114936,
                53.263664885130723,
                0
              ],
              [
                -6.1602075246370651,
                53.263671140780495,
                0
              ],
              [
                -6.1602104379494786,
                53.263720990288306,
                0
              ],
              [
                -6.1602015643811772,
                53.263732169685134,
                0
              ],
              [
                -6.1601881398378957,
                53.263751196692226,
                0
              ],
              [
                -6.1601789628553583,
                53.263769023694941,
                0
              ],
              [
                -6.160175780733975,
                53.263779940388282,
                0
              ],
              [
                -6.1601738117515632,
                53.263790883895354,
                0
              ],
              [
                -6.1601730188888562,
                53.263802018131955,
                0
              ],
              [
                -6.1601749689247507,
                53.263812465747435,
                0
              ],
              [
                -6.1601784129657391,
                53.26381783013079,
                0
              ],
              [
                -6.1601784360931626,
                53.263815545644839,
                0
              ],
              [
                -6.1601839708691672,
                53.263824170020129,
                0
              ],
              [
                -6.1601986606145989,
                53.263844880337608,
                0
              ],
              [
                -6.1602271316924133,
                53.263886335483242,
                0
              ],
              [
                -6.1602623268645553,
                53.263932180053374,
                0
              ],
              [
                -6.1603218822260111,
                53.26399658493758,
                0
              ],
              [
                -6.1603814456341413,
                53.264053787536263,
                0
              ],
              [
                -6.1604099685711917,
                53.26407347361161,
                0
              ],
              [
                -6.1604358181276275,
                53.264092576424972,
                0
              ],
              [
                -6.160460051969519,
                53.26410769042905,
                0
              ],
              [
                -6.1604839536506351,
                53.264123348491367,
                0
              ],
              [
                -6.1605143435536709,
                53.264141452636508,
                0
              ],
              [
                -6.1605459698309311,
                53.264158659039303,
                0
              ],
              [
                -6.1605807314822112,
                53.264173056414265,
                0
              ],
              [
                -6.1606094706262224,
                53.26418770959517,
                0
              ],
              [
                -6.1606373493251763,
                53.264201802999168,
                0
              ],
              [
                -6.1606568329612132,
                53.264208943788582,
                0
              ],
              [
                -6.1606783651890042,
                53.264216835254381,
                0
              ],
              [
                -6.1607082480614279,
                53.264226113938342,
                0
              ],
              [
                -6.1607360200549017,
                53.264235360044324,
                0
              ],
              [
                -6.160771514483919,
                53.264246693749271,
                0
              ],
              [
                -6.1608283872577267,
                53.264262869451578,
                0
              ],
              [
                -6.1609169123380791,
                53.264288700704469,
                0
              ],
              [
                -6.1610056962999895,
                53.264315453596772,
                0
              ],
              [
                -6.1610657283027299,
                53.264334904746441,
                0
              ],
              [
                -6.1611174170086267,
                53.264352798007302,
                0
              ],
              [
                -6.1611739045641425,
                53.264370585505645,
                0
              ],
              [
                -6.1612335959864071,
                53.264390570617621,
                0
              ],
              [
                -6.161303728991526,
                53.264411814240326,
                0
              ],
              [
                -6.1613532283570409,
                53.264431821845946,
                0
              ],
              [
                -6.1614073047121733,
                53.264450291109462,
                0
              ],
              [
                -6.1614895130335459,
                53.264483216989788,
                0
              ],
              [
                -6.1615576816407573,
                53.264508741881428,
                0
              ],
              [
                -6.1616627818083387,
                53.264553174356273,
                0
              ],
              [
                -6.16177576903402,
                53.264602573990146,
                0
              ],
              [
                -6.1619299870042363,
                53.264669361799136,
                0
              ],
              [
                -6.1620842644317628,
                53.264740995947903,
                0
              ],
              [
                -6.1622553674837448,
                53.264819550569072,
                0
              ],
              [
                -6.1623452682111131,
                53.264861941439186,
                0
              ],
              [
                -6.1624022096925648,
                53.26489717276683,
                0
              ],
              [
                -6.1624902890743369,
                53.264946734226967,
                0
              ]
            ]
          ]
        ]
      },
      "properties" : {
        "OBJECTID" : 3,
        "park_name" : "Cabinteely Park",
        "irish_name" : " ",
        "previous_n" : " ",
        "address" : "Cabinteely Park, Old Bray Road, Cabinteely, Dublin 18\r\n",
        "type" : "Regional Park",
        "type2" : "Flagship",
        "Shape_Length" : 4256.9154943948361,
        "Shape_Area" : 392608.7078337266
      }
    },
    {
      "type" : "Feature",
      "id" : 4,
      "geometry" : {
        "type" : "Polygon",
        "coordinates" : [
          [
            [
              -6.1809315746252675,
              53.294182101820255,
              0
            ],
            [
              -6.1806739274217142,
              53.294209405346862,
              0
            ],
            [
              -6.1806552950090037,
              53.29421219595551,
              0
            ],
            [
              -6.1806048500625428,
              53.294217376519896,
              0
            ],
            [
              -6.1805264555301482,
              53.294227100217022,
              0
            ],
            [
              -6.1805066259005716,
              53.294229539068574,
              0
            ],
            [
              -6.180493987144672,
              53.294232178425247,
              0
            ],
            [
              -6.1804887491167806,
              53.294233293042069,
              0
            ],
            [
              -6.1804846400716364,
              53.294234281972145,
              0
            ],
            [
              -6.1804805729200707,
              53.294235379400881,
              0
            ],
            [
              -6.1804765937839941,
              53.294236559067208,
              0
            ],
            [
              -6.1804726958646627,
              53.294237839742813,
              0
            ],
            [
              -6.1804688740052489,
              53.294239201574754,
              0
            ],
            [
              -6.1804651536923751,
              53.294240644951948,
              0
            ],
            [
              -6.1804615329686143,
              53.294242180630462,
              0
            ],
            [
              -6.1804579957626302,
              53.294243798478014,
              0
            ],
            [
              -6.1804519393913413,
              53.294246906793632,
              0
            ],
            [
              -6.1804480663024286,
              53.294249120832525,
              0
            ],
            [
              -6.1804449988604286,
              53.294251051450132,
              0
            ],
            [
              -6.1804420505254338,
              53.294253038713791,
              0
            ],
            [
              -6.1804392296054225,
              53.294255098929227,
              0
            ],
            [
              -6.1804365443601794,
              53.294257214245889,
              0
            ],
            [
              -6.1804339928322678,
              53.294259395419864,
              0
            ],
            [
              -6.1804311403817174,
              53.294261562114706,
              0
            ],
            [
              -6.1804286391272321,
              53.294263584064055,
              0
            ],
            [
              -6.1804263425596977,
              53.294265696323279,
              0
            ],
            [
              -6.1804242842728492,
              53.29426788502375,
              0
            ],
            [
              -6.1804224478517007,
              53.294270148117363,
              0
            ],
            [
              -6.1804201043133276,
              53.294273753514616,
              0
            ],
            [
              -6.1804189274805807,
              53.294276063525317,
              0
            ],
            [
              -6.180417953273027,
              53.294278512351276,
              0
            ],
            [
              -6.18041723286301,
              53.294280990217388,
              0
            ],
            [
              -6.1804167665178706,
              53.294283490835852,
              0
            ],
            [
              -6.180416564084938,
              53.294286841280282,
              0
            ],
            [
              -6.1804240023467631,
              53.294318313155664,
              0
            ],
            [
              -6.1804512001745451,
              53.294477103765516,
              0
            ],
            [
              -6.180473928288051,
              53.294610538487213,
              0
            ],
            [
              -6.1804820419087445,
              53.294660710925186,
              0
            ],
            [
              -6.1805051369398001,
              53.294762154698866,
              0
            ],
            [
              -6.1805236422748511,
              53.294845614759232,
              0
            ],
            [
              -6.1805473006423917,
              53.294949762706239,
              0
            ],
            [
              -6.1805658290413774,
              53.295032683810732,
              0
            ],
            [
              -6.1805817874284719,
              53.295103009947205,
              0
            ],
            [
              -6.1805862489717134,
              53.295131776750658,
              0
            ],
            [
              -6.18058784442269,
              53.295148312592886,
              0
            ],
            [
              -6.1805928797881844,
              53.295179426905754,
              0
            ],
            [
              -6.1805992841129092,
              53.295221499962324,
              0
            ],
            [
              -6.1806023253238553,
              53.295243799586508,
              0
            ],
            [
              -6.1806079017431514,
              53.295279938521048,
              0
            ],
            [
              -6.1806206760122944,
              53.295365530322307,
              0
            ],
            [
              -6.1806299182282203,
              53.295420923286194,
              0
            ],
            [
              -6.1806324592978577,
              53.295460284049575,
              0
            ],
            [
              -6.1806413216734315,
              53.295573708634869,
              0
            ],
            [
              -6.1806466189508429,
              53.29565908747567,
              0
            ],
            [
              -6.1806521907501519,
              53.295770161745345,
              0
            ],
            [
              -6.180656713695484,
              53.295844393170697,
              0
            ],
            [
              -6.1806581910002683,
              53.295923287093487,
              0
            ],
            [
              -6.180660117051973,
              53.295996247498501,
              0
            ],
            [
              -6.1806605831146575,
              53.296013871665735,
              0
            ],
            [
              -6.1806627479201239,
              53.296096003772192,
              0
            ],
            [
              -6.1807254870915189,
              53.296091765758653,
              0
            ],
            [
              -6.1808631865347774,
              53.296242766613169,
              0
            ],
            [
              -6.1808957874541059,
              53.296299873128753,
              0
            ],
            [
              -6.1810639969800958,
              53.296280094219497,
              0
            ],
            [
              -6.1812018995786522,
              53.296261093195064,
              0
            ],
            [
              -6.1812223230592496,
              53.296257763552177,
              0
            ],
            [
              -6.181285202896956,
              53.296241851596101,
              0
            ],
            [
              -6.1813432872123775,
              53.296225390087955,
              0
            ],
            [
              -6.1813998848674148,
              53.29620747763871,
              0
            ],
            [
              -6.1814814751087015,
              53.296181234862168,
              0
            ],
            [
              -6.1815645881274852,
              53.296153011762009,
              0
            ],
            [
              -6.1816787430254561,
              53.296112705317718,
              0
            ],
            [
              -6.181789623279859,
              53.296070406463741,
              0
            ],
            [
              -6.1818574055258706,
              53.296045698414559,
              0
            ],
            [
              -6.1819381567416842,
              53.296013340384221,
              0
            ],
            [
              -6.182052370396482,
              53.295967112096321,
              0
            ],
            [
              -6.1821970575684997,
              53.295906983171172,
              0
            ],
            [
              -6.1823263748730692,
              53.295851646036112,
              0
            ],
            [
              -6.1824068736820736,
              53.295816029184131,
              0
            ],
            [
              -6.1825365369016367,
              53.295756030375685,
              0
            ],
            [
              -6.1825537971738767,
              53.295747656601371,
              0
            ],
            [
              -6.1826481725506186,
              53.295701869611868,
              0
            ],
            [
              -6.1827459316060525,
              53.29565341246127,
              0
            ],
            [
              -6.1828150051738548,
              53.295619744250729,
              0
            ],
            [
              -6.1829251858114729,
              53.295558917811405,
              0
            ],
            [
              -6.1830169908868289,
              53.295506476882835,
              0
            ],
            [
              -6.1831003236053972,
              53.295458850351451,
              0
            ],
            [
              -6.1831323374407088,
              53.295438376549434,
              0
            ],
            [
              -6.1832118051909584,
              53.295387501107065,
              0
            ],
            [
              -6.1832677909582054,
              53.295346882124434,
              0
            ],
            [
              -6.1833811712197422,
              53.295237145695275,
              0
            ],
            [
              -6.183439075473645,
              53.295164746298674,
              0
            ],
            [
              -6.1834638745933335,
              53.295128713423246,
              0
            ],
            [
              -6.1835316105567042,
              53.295037128146738,
              0
            ],
            [
              -6.183617515300992,
              53.294906265720286,
              0
            ],
            [
              -6.1836463501401404,
              53.294846464524674,
              0
            ],
            [
              -6.1836546984557321,
              53.294814548431852,
              0
            ],
            [
              -6.1836632599043977,
              53.294781745744039,
              0
            ],
            [
              -6.1836495129562712,
              53.294667673565328,
              0
            ],
            [
              -6.1836298202208466,
              53.29450419115588,
              0
            ],
            [
              -6.1836636680588564,
              53.294405862501108,
              0
            ],
            [
              -6.1836914550923545,
              53.294387750107965,
              0
            ],
            [
              -6.1836969320438948,
              53.294384185186495,
              0
            ],
            [
              -6.1837996675741653,
              53.29431730508832,
              0
            ],
            [
              -6.1847110263365277,
              53.294276030687335,
              0
            ],
            [
              -6.1847246439493855,
              53.294294026723271,
              0
            ],
            [
              -6.1847931499473914,
              53.294384556132655,
              0
            ],
            [
              -6.185091518373496,
              53.294375821222964,
              0
            ],
            [
              -6.1851486727370339,
              53.294374156430223,
              0
            ],
            [
              -6.1851605590382226,
              53.294383030813485,
              0
            ],
            [
              -6.1852042401965539,
              53.294381755057962,
              0
            ],
            [
              -6.1852730164917835,
              53.294379737675506,
              0
            ],
            [
              -6.1853408494408946,
              53.294377749040933,
              0
            ],
            [
              -6.1853458600524522,
              53.294441799445401,
              0
            ],
            [
              -6.1854442496070252,
              53.294436683149875,
              0
            ],
            [
              -6.1854682274374069,
              53.294419973876622,
              0
            ],
            [
              -6.1854817066949046,
              53.294410559727076,
              0
            ],
            [
              -6.1854994642624481,
              53.294390463381937,
              0
            ],
            [
              -6.1855007267372448,
              53.29437950879062,
              0
            ],
            [
              -6.1854974096862474,
              53.294371018311004,
              0
            ],
            [
              -6.1854888282676939,
              53.294358321198871,
              0
            ],
            [
              -6.1854811050912799,
              53.294337729249072,
              0
            ],
            [
              -6.1854758267469503,
              53.29430154206932,
              0
            ],
            [
              -6.1854771690797836,
              53.294290048497068,
              0
            ],
            [
              -6.185483629534648,
              53.294250184872141,
              0
            ],
            [
              -6.1854913450544249,
              53.294206548185826,
              0
            ],
            [
              -6.1854975547398059,
              53.294162725896321,
              0
            ],
            [
              -6.1855069606395849,
              53.294102215148996,
              0
            ],
            [
              -6.1855077834428398,
              53.294082804874279,
              0
            ],
            [
              -6.1855084149271589,
              53.294054778210061,
              0
            ],
            [
              -6.1855100204391498,
              53.294019380689775,
              0
            ],
            [
              -6.1855106949697207,
              53.29398793193954,
              0
            ],
            [
              -6.1855071856127912,
              53.293954675794375,
              0
            ],
            [
              -6.1855016602074482,
              53.293889245946431,
              0
            ],
            [
              -6.1854990263923888,
              53.293857595848685,
              0
            ],
            [
              -6.1854936835102272,
              53.293827214120121,
              0
            ],
            [
              -6.1854836452548501,
              53.293786919661287,
              0
            ],
            [
              -6.1854706633545238,
              53.293739272027722,
              0
            ],
            [
              -6.1854696133356031,
              53.293736120034623,
              0
            ],
            [
              -6.1854685322143679,
              53.293732958579959,
              0
            ],
            [
              -6.1854673746862803,
              53.293729830118046,
              0
            ],
            [
              -6.1854661875170365,
              53.293726693115588,
              0
            ],
            [
              -6.1854649380810809,
              53.293723574040982,
              0
            ],
            [
              -6.1854636302526158,
              53.293720452280127,
              0
            ],
            [
              -6.1854622769913723,
              53.293717340613817,
              0
            ],
            [
              -6.1854608784877581,
              53.293714234550819,
              0
            ],
            [
              -6.1854594210205054,
              53.293711139275295,
              0
            ],
            [
              -6.1854579163166878,
              53.293708061257526,
              0
            ],
            [
              -6.1854563667132245,
              53.293704980758797,
              0
            ],
            [
              -6.1854553650639392,
              53.293702421829963,
              0
            ],
            [
              -6.185454127194463,
              53.293699383825853,
              0
            ],
            [
              -6.1854524373327093,
              53.293696427028728,
              0
            ],
            [
              -6.185450308095743,
              53.293693572303681,
              0
            ],
            [
              -6.1854477702053181,
              53.293690838094733,
              0
            ],
            [
              -6.1854448189114866,
              53.293688265675726,
              0
            ],
            [
              -6.1854414993426321,
              53.293685852138069,
              0
            ],
            [
              -6.185437828080298,
              53.293683630990735,
              0
            ],
            [
              -6.1854338497577492,
              53.29368161100237,
              0
            ],
            [
              -6.1854295752643464,
              53.293679818404691,
              0
            ],
            [
              -6.1854250493856533,
              53.293678258373355,
              0
            ],
            [
              -6.1854203209859415,
              53.293676946033209,
              0
            ],
            [
              -6.1854153997599317,
              53.293675900407187,
              0
            ],
            [
              -6.1854103460562735,
              53.293675113425351,
              0
            ],
            [
              -6.1854052085869258,
              53.293674603805542,
              0
            ],
            [
              -6.1853999963469724,
              53.293674371684666,
              0
            ],
            [
              -6.185394773421109,
              53.293674427026232,
              0
            ],
            [
              -6.1853895705547952,
              53.293674752321557,
              0
            ],
            [
              -6.1853742862378205,
              53.293675050031098,
              0
            ],
            [
              -6.1853472397095421,
              53.293679969382296,
              0
            ],
            [
              -6.1853096690778031,
              53.293687163491619,
              0
            ],
            [
              -6.1852983492403908,
              53.293660826302784,
              0
            ],
            [
              -6.1852886416151867,
              53.293638215925839,
              0
            ],
            [
              -6.1853093743729488,
              53.293634701544711,
              0
            ],
            [
              -6.1853134120867157,
              53.293633586426566,
              0
            ],
            [
              -6.1853174198784195,
              53.293632434000926,
              0
            ],
            [
              -6.1853214003275472,
              53.293631254194146,
              0
            ],
            [
              -6.1853253533960135,
              53.293630047904529,
              0
            ],
            [
              -6.1853293061455448,
              53.293628813746167,
              0
            ],
            [
              -6.1853332139429238,
              53.293627542950446,
              0
            ],
            [
              -6.185337095934976,
              53.293626243898146,
              0
            ],
            [
              -6.1853409475479699,
              53.293624918317384,
              0
            ],
            [
              -6.1853447692007428,
              53.293623556327397,
              0
            ],
            [
              -6.1853485630920417,
              53.293622176837012,
              0
            ],
            [
              -6.1853523451277468,
              53.29362075851644,
              0
            ],
            [
              -6.185357605284489,
              53.293618763171438,
              0
            ],
            [
              -6.1853616209292319,
              53.293617071566381,
              0
            ],
            [
              -6.1853654380378611,
              53.293615215150595,
              0
            ],
            [
              -6.1853690318235692,
              53.293613212422244,
              0
            ],
            [
              -6.1853723930626776,
              53.293611068633986,
              0
            ],
            [
              -6.1853754885443619,
              53.29360878867341,
              0
            ],
            [
              -6.1853783359924757,
              53.293606379102044,
              0
            ],
            [
              -6.1853809051325586,
              53.293603881704172,
              0
            ],
            [
              -6.1853831743906085,
              53.293601274579579,
              0
            ],
            [
              -6.1853851337433294,
              53.293598581844122,
              0
            ],
            [
              -6.1853867964170002,
              53.293595809990954,
              0
            ],
            [
              -6.1853881464296583,
              53.293592982146343,
              0
            ],
            [
              -6.1853939442328212,
              53.293572252598096,
              0
            ],
            [
              -6.1853889308052015,
              53.29355147716857,
              0
            ],
            [
              -6.1853719887423431,
              53.293518654763233,
              0
            ],
            [
              -6.1854121044178516,
              53.293511580260159,
              0
            ],
            [
              -6.1854509639697062,
              53.293504729312289,
              0
            ],
            [
              -6.1854576378532906,
              53.293518538914881,
              0
            ],
            [
              -6.1854820367811891,
              53.293508870284349,
              0
            ],
            [
              -6.1855785680536561,
              53.293478529637689,
              0
            ],
            [
              -6.1857054815560151,
              53.293438853063243,
              0
            ],
            [
              -6.1858590889847491,
              53.293385292002824,
              0
            ],
            [
              -6.1860196726951084,
              53.29332636300758,
              0
            ],
            [
              -6.1861453727434972,
              53.293301212360277,
              0
            ],
            [
              -6.1862358023799802,
              53.293283819479178,
              0
            ],
            [
              -6.186272244129448,
              53.29323980985118,
              0
            ],
            [
              -6.1862735837234881,
              53.293236872181247,
              0
            ],
            [
              -6.1862750574066503,
              53.293233956325153,
              0
            ],
            [
              -6.1862766648744349,
              53.29323106946886,
              0
            ],
            [
              -6.1862783912491599,
              53.293228208689598,
              0
            ],
            [
              -6.1862802542926607,
              53.293225379650515,
              0
            ],
            [
              -6.1862822170200875,
              53.293222570104227,
              0
            ],
            [
              -6.1862843443678992,
              53.293219805306876,
              0
            ],
            [
              -6.1862865757829617,
              53.293217062765457,
              0
            ],
            [
              -6.1862889252295039,
              53.293214366960811,
              0
            ],
            [
              -6.1862913917030866,
              53.293211706192835,
              0
            ],
            [
              -6.1862939779737136,
              53.293209085896642,
              0
            ],
            [
              -6.186296682656371,
              53.293206503354668,
              0
            ],
            [
              -6.1862994916113614,
              53.293203973631933,
              0
            ],
            [
              -6.1863024173650016,
              53.293201484335349,
              0
            ],
            [
              -6.1863054596508489,
              53.293199041752644,
              0
            ],
            [
              -6.1863085911410813,
              53.293196653557622,
              0
            ],
            [
              -6.1863118407007462,
              53.29319431120102,
              0
            ],
            [
              -6.1863151947610779,
              53.293192016274126,
              0
            ],
            [
              -6.1863186495625238,
              53.293189786696317,
              0
            ],
            [
              -6.1863221906460968,
              53.293187609664031,
              0
            ],
            [
              -6.1863258361541966,
              53.293185481857904,
              0
            ],
            [
              -6.1863295850592612,
              53.293183427530714,
              0
            ],
            [
              -6.18633340593966,
              53.293181409352485,
              0
            ],
            [
              -6.1864646530213054,
              53.293144252595383,
              0
            ],
            [
              -6.1864470456437566,
              53.293114016943342,
              0
            ],
            [
              -6.1866965631417976,
              53.293049644490878,
              0
            ],
            [
              -6.1867190283401623,
              53.293077786003224,
              0
            ],
            [
              -6.1868006812529073,
              53.293056855364014,
              0
            ],
            [
              -6.1867824695415887,
              53.293027140881797,
              0
            ],
            [
              -6.1869424269208819,
              53.292986124681072,
              0
            ],
            [
              -6.1869640090078413,
              53.293014612250332,
              0
            ],
            [
              -6.1870390415686005,
              53.292994495794318,
              0
            ],
            [
              -6.1870213964836509,
              53.29296514230542,
              0
            ],
            [
              -6.1871934470449572,
              53.29292229536572,
              0
            ],
            [
              -6.1872134993489434,
              53.292950777608311,
              0
            ],
            [
              -6.1872961159846964,
              53.292928403383513,
              0
            ],
            [
              -6.1872805981430101,
              53.29289837219774,
              0
            ],
            [
              -6.1874423916304906,
              53.292857192693198,
              0
            ],
            [
              -6.1874660487600011,
              53.292885182302868,
              0
            ],
            [
              -6.1877330788351239,
              53.292817056137253,
              0
            ],
            [
              -6.1878075203526537,
              53.292796390921303,
              0
            ],
            [
              -6.1878396033723169,
              53.292787611588643,
              0
            ],
            [
              -6.1878609404032048,
              53.292777249684733,
              0
            ],
            [
              -6.1878794979973177,
              53.292759509296125,
              0
            ],
            [
              -6.1878858658789477,
              53.292730278185324,
              0
            ],
            [
              -6.1878756876687397,
              53.292702455754281,
              0
            ],
            [
              -6.1880013366329374,
              53.292668625097271,
              0
            ],
            [
              -6.1879726968137376,
              53.292633772818121,
              0
            ],
            [
              -6.1879732135261438,
              53.292633615285894,
              0
            ],
            [
              -6.187432431426851,
              53.292780686673069,
              0
            ],
            [
              -6.1873048922884379,
              53.292814250709426,
              0
            ],
            [
              -6.1869252354625894,
              53.292916346951785,
              0
            ],
            [
              -6.1868356054383939,
              53.292941059988117,
              0
            ],
            [
              -6.1865463435842338,
              53.293018013203017,
              0
            ],
            [
              -6.1860474013676576,
              53.293153788115553,
              0
            ],
            [
              -6.1860087396445484,
              53.293163096068277,
              0
            ],
            [
              -6.1859904905031504,
              53.293170596908979,
              0
            ],
            [
              -6.1859584106006604,
              53.293130577467849,
              0
            ],
            [
              -6.1849670426388661,
              53.293015061447761,
              0
            ],
            [
              -6.1848549310511212,
              53.293003171122621,
              0
            ],
            [
              -6.1848319180773519,
              53.293002092748729,
              0
            ],
            [
              -6.1847275387592404,
              53.293003174167602,
              0
            ],
            [
              -6.1846692034149475,
              53.293015785584885,
              0
            ],
            [
              -6.1845874641215177,
              53.293031619790042,
              0
            ],
            [
              -6.1843987896371218,
              53.293055702070781,
              0
            ],
            [
              -6.1843985846037901,
              53.293085647940245,
              0
            ],
            [
              -6.1843979376855209,
              53.293179772478894,
              0
            ],
            [
              -6.1843977423111278,
              53.293195696758467,
              0
            ],
            [
              -6.1843958117980993,
              53.293353295048369,
              0
            ],
            [
              -6.1843956521209948,
              53.293486862235447,
              0
            ],
            [
              -6.1843837577980487,
              53.293486674834185,
              0
            ],
            [
              -6.1842815048799995,
              53.293485342533899,
              0
            ],
            [
              -6.1842014436195498,
              53.293484545827667,
              0
            ],
            [
              -6.1841153709987466,
              53.29348368358778,
              0
            ],
            [
              -6.1840155041946243,
              53.293482684909421,
              0
            ],
            [
              -6.1839411279076382,
              53.293481938655326,
              0
            ],
            [
              -6.1838025877964231,
              53.293480178210558,
              0
            ],
            [
              -6.1837684162211879,
              53.293479740414533,
              0
            ],
            [
              -6.1836040738814511,
              53.293477649640835,
              0
            ],
            [
              -6.1832817189616867,
              53.293473773279977,
              0
            ],
            [
              -6.1832384038151602,
              53.293472807727241,
              0
            ],
            [
              -6.1831728655747042,
              53.293471340864805,
              0
            ],
            [
              -6.1831703748912954,
              53.293453713722386,
              0
            ],
            [
              -6.1831674676566015,
              53.293445794781128,
              0
            ],
            [
              -6.1831668904602459,
              53.293443135338592,
              0
            ],
            [
              -6.1831655846884983,
              53.293440004594238,
              0
            ],
            [
              -6.1831636262088434,
              53.293437018503326,
              0
            ],
            [
              -6.1831610912131563,
              53.293434184518546,
              0
            ],
            [
              -6.1831579605416884,
              53.293431565265969,
              0
            ],
            [
              -6.183154310169809,
              53.293429208642337,
              0
            ],
            [
              -6.1831502142944794,
              53.293427133754712,
              0
            ],
            [
              -6.1831456996465066,
              53.293425382356489,
              0
            ],
            [
              -6.1831408656802207,
              53.293423979332587,
              0
            ],
            [
              -6.1831357803669489,
              53.293422949088196,
              0
            ],
            [
              -6.1831305103694376,
              53.293422311514504,
              0
            ],
            [
              -6.183124999810456,
              53.293422110701485,
              0
            ],
            [
              -6.1831202920993444,
              53.293422398500958,
              0
            ],
            [
              -6.1831156183331242,
              53.293422911524857,
              0
            ],
            [
              -6.183111043014943,
              53.293423649857139,
              0
            ],
            [
              -6.1831065922409891,
              53.293424599514225,
              0
            ],
            [
              -6.1831022654392962,
              53.293425773969872,
              0
            ],
            [
              -6.1830981116895165,
              53.293427147905852,
              0
            ],
            [
              -6.1830941762722995,
              53.293428714821516,
              0
            ],
            [
              -6.1830827255334455,
              53.293434122970638,
              0
            ],
            [
              -6.183061484381847,
              53.293429537956001,
              0
            ],
            [
              -6.1830566023131563,
              53.293436690152895,
              0
            ],
            [
              -6.1830550215801354,
              53.293444243198032,
              0
            ],
            [
              -6.1830509319767799,
              53.293460045220748,
              0
            ],
            [
              -6.1830456340152313,
              53.293476359139902,
              0
            ],
            [
              -6.1830412628238758,
              53.293491267030333,
              0
            ],
            [
              -6.1830353807462437,
              53.293507240380286,
              0
            ],
            [
              -6.1830292158690927,
              53.293521040545272,
              0
            ],
            [
              -6.1830209232683506,
              53.293537184792605,
              0
            ],
            [
              -6.1830132478823305,
              53.293552606797412,
              0
            ],
            [
              -6.1830019561988312,
              53.293570170435061,
              0
            ],
            [
              -6.1829906587152168,
              53.29358755241973,
              0
            ],
            [
              -6.1829756973427203,
              53.293608868475339,
              0
            ],
            [
              -6.1829598585146694,
              53.29362965073576,
              0
            ],
            [
              -6.1829467978530488,
              53.293643968703535,
              0
            ],
            [
              -6.1829379243196776,
              53.293658671358529,
              0
            ],
            [
              -6.1829224645386551,
              53.293674057425562,
              0
            ],
            [
              -6.1829127379198123,
              53.293684436292821,
              0
            ],
            [
              -6.1828793961853243,
              53.29371395628926,
              0
            ],
            [
              -6.1828761614744634,
              53.293716650222187,
              0
            ],
            [
              -6.1828729137661087,
              53.293719332272182,
              0
            ],
            [
              -6.1828696318808243,
              53.293722006610643,
              0
            ],
            [
              -6.1828663384209754,
              53.293724670885474,
              0
            ],
            [
              -6.1828630315060638,
              53.293727334056364,
              0
            ],
            [
              -6.1828596938701903,
              53.293729978782423,
              0
            ],
            [
              -6.1828563430080266,
              53.293732617014982,
              0
            ],
            [
              -6.1828529727702568,
              53.293735252255708,
              0
            ],
            [
              -6.1828495778083088,
              53.293737869142959,
              0
            ],
            [
              -6.182846151629688,
              53.293740479262595,
              0
            ],
            [
              -6.1828427274455651,
              53.293743077727747,
              0
            ],
            [
              -6.1828392687794329,
              53.293745675667317,
              0
            ],
            [
              -6.1828357987675364,
              53.293748258153791,
              0
            ],
            [
              -6.1828323007661377,
              53.293750828528822,
              0
            ],
            [
              -6.1828287866544418,
              53.293753389669938,
              0
            ],
            [
              -6.1828252593164459,
              53.293755944317603,
              0
            ],
            [
              -6.1828216983734787,
              53.293758477779932,
              0
            ],
            [
              -6.1828181265543609,
              53.293761020064721,
              0
            ],
            [
              -6.1828145388918747,
              53.293763546827861,
              0
            ],
            [
              -6.1828109232398747,
              53.293766061479552,
              0
            ],
            [
              -6.1828072884410439,
              53.293768567749872,
              0
            ],
            [
              -6.182803643490586,
              53.293771065775921,
              0
            ],
            [
              -6.1827999678954138,
              53.293773543560583,
              0
            ],
            [
              -6.1827962757704569,
              53.293776021992073,
              0
            ],
            [
              -6.1827925708768214,
              53.293778483151051,
              0
            ],
            [
              -6.1827888525661985,
              53.293780942307826,
              0
            ],
            [
              -6.1827851034964754,
              53.293783383917948,
              0
            ],
            [
              -6.1827813382783114,
              53.293785817192393,
              0
            ],
            [
              -6.1827775599863752,
              53.293788240380337,
              0
            ],
            [
              -6.1827737540100003,
              53.293790644270842,
              0
            ],
            [
              -6.1827699165499537,
              53.293793047681419,
              0
            ],
            [
              -6.1827660928492447,
              53.293795445009735,
              0
            ],
            [
              -6.1827622419216954,
              53.293797812261651,
              0
            ],
            [
              -6.1827583620894018,
              53.293800188960056,
              0
            ],
            [
              -6.1827544814820454,
              53.293802548568756,
              0
            ],
            [
              -6.1827511048131862,
              53.293804734293936,
              0
            ],
            [
              -6.1827477243709215,
              53.293806902883752,
              0
            ],
            [
              -6.1827443169808172,
              53.293809070163952,
              0
            ],
            [
              -6.1827409113565075,
              53.293811231179184,
              0
            ],
            [
              -6.1827374867379694,
              53.293813380220023,
              0
            ],
            [
              -6.182734051967901,
              53.293815521016597,
              0
            ],
            [
              -6.182730601049462,
              53.293817653477518,
              0
            ],
            [
              -6.1827271366760037,
              53.293819784834454,
              0
            ],
            [
              -6.1827236566118069,
              53.293821897076747,
              0
            ],
            [
              -6.1827201630544373,
              53.293824009113251,
              0
            ],
            [
              -6.1827166502740427,
              53.293826114564908,
              0
            ],
            [
              -6.1827131274946288,
              53.293828208179306,
              0
            ],
            [
              -6.1827095885668735,
              53.293830293457994,
              0
            ],
            [
              -6.1827060515574468,
              53.293832368878704,
              0
            ],
            [
              -6.1827024799516259,
              53.293834446468523,
              0
            ],
            [
              -6.1826989137201709,
              53.29383650346707,
              0
            ],
            [
              -6.1826953163483296,
              53.293838551901466,
              0
            ],
            [
              -6.1826917190142803,
              53.293840599437495,
              0
            ],
            [
              -6.1826881054556049,
              53.293842640434328,
              0
            ],
            [
              -6.182684478899529,
              53.293844669548157,
              0
            ],
            [
              -6.1826808541855307,
              53.29384669060051,
              0
            ],
            [
              -6.1826771954090001,
              53.293848701246496,
              0
            ],
            [
              -6.1826735264046615,
              53.293850705444683,
              0
            ],
            [
              -6.1826698563965445,
              53.293852697942661,
              0
            ],
            [
              -6.1826661582464499,
              53.293854681922163,
              0
            ],
            [
              -6.1826624585586654,
              53.293856666776946,
              0
            ],
            [
              -6.1826587431801734,
              53.293858632517072,
              0
            ],
            [
              -6.1826550147280042,
              53.293860588170688,
              0
            ],
            [
              -6.1826512727445175,
              53.293862544516792,
              0
            ],
            [
              -6.1826475296047185,
              53.293864492755674,
              0
            ],
            [
              -6.1826437557821663,
              53.293866421651401,
              0
            ],
            [
              -6.1826399834966113,
              53.293868349671598,
              0
            ],
            [
              -6.1826361830690786,
              53.293870269173276,
              0
            ],
            [
              -6.1826323815615103,
              53.293872178771302,
              0
            ],
            [
              -6.1826285668277201,
              53.293874081875778,
              0
            ],
            [
              -6.1826249441324164,
              53.293875949257398,
              0
            ],
            [
              -6.1826213105228609,
              53.293877826359683,
              0
            ],
            [
              -6.1826176608412524,
              53.293879693329778,
              0
            ],
            [
              -6.1826139979334416,
              53.293881553806372,
              0
            ],
            [
              -6.1826103310234917,
              53.293883402537055,
              0
            ],
            [
              -6.1826066685726948,
              53.293885252234439,
              0
            ],
            [
              -6.1826029750577973,
              53.293887091571108,
              0
            ],
            [
              -6.1825992953023929,
              53.293888924825595,
              0
            ],
            [
              -6.1825955871762028,
              53.293890754951072,
              0
            ],
            [
              -6.1825918808921401,
              53.293892577015015,
              0
            ],
            [
              -6.1825881735280621,
              53.2938943891753,
              0
            ],
            [
              -6.1825844345659675,
              53.293896203550332,
              0
            ],
            [
              -6.1825807125906049,
              53.293898006499369,
              0
            ],
            [
              -6.18257696247327,
              53.2938998009299,
              0
            ],
            [
              -6.1825732108564191,
              53.293901595337459,
              0
            ],
            [
              -6.1825694580832957,
              53.293903381637811,
              0
            ],
            [
              -6.1825656922365324,
              53.293905157851661,
              0
            ],
            [
              -6.182561913316138,
              53.293906923979009,
              0
            ],
            [
              -6.1825581328580812,
              53.293908690981603,
              0
            ],
            [
              -6.1825543363279918,
              53.293910447852042,
              0
            ],
            [
              -6.182550541182378,
              53.293912207439909,
              0
            ],
            [
              -6.182546733420792,
              53.293913946162291,
              0
            ],
            [
              -6.1825429095108833,
              53.293915676548977,
              0
            ],
            [
              -6.1825390833768132,
              53.293917423979387,
              0
            ],
            [
              -6.1825352597714023,
              53.293919147179828,
              0
            ],
            [
              -6.1825314227491193,
              53.293920868377988,
              0
            ],
            [
              -6.1825275711539849,
              53.293922579466773,
              0
            ],
            [
              -6.1825237150227954,
              53.293924291385132,
              0
            ],
            [
              -6.1825198487401165,
              53.293925995059155,
              0
            ],
            [
              -6.1825159663853979,
              53.293927688600974,
              0
            ],
            [
              -6.1825120829506917,
              53.293929372239084,
              0
            ],
            [
              -6.1825082013581554,
              53.293931047815676,
              0
            ],
            [
              -6.1825043063105962,
              53.293932722288233,
              0
            ],
            [
              -6.1825003950384421,
              53.293934390221558,
              0
            ],
            [
              -6.1824964853414697,
              53.293936056381114,
              0
            ],
            [
              -6.1824901144845574,
              53.293938025682905,
              0
            ],
            [
              -6.1824850361951356,
              53.29393962010014,
              0
            ],
            [
              -6.182479985207908,
              53.293941242797018,
              0
            ],
            [
              -6.1824749511047052,
              53.29394289181711,
              0
            ],
            [
              -6.182469944761384,
              53.293944558337863,
              0
            ],
            [
              -6.1824649511095888,
              53.293946243927302,
              0
            ],
            [
              -6.1824599743418025,
              53.293947955839947,
              0
            ],
            [
              -6.1824550247998964,
              53.293949697828729,
              0
            ],
            [
              -6.1824501030559782,
              53.293951456419983,
              0
            ],
            [
              -6.1824451989588818,
              53.293953223369464,
              0
            ],
            [
              -6.1824403214011285,
              53.293955036563588,
              0
            ],
            [
              -6.1824354569925477,
              53.293956858047395,
              0
            ],
            [
              -6.1824306246888581,
              53.29395870069348,
              0
            ],
            [
              -6.1824258018493872,
              53.293960567752023,
              0
            ],
            [
              -6.1824210276823592,
              53.293962454427707,
              0
            ],
            [
              -6.1824162523325237,
              53.29396436894887,
              0
            ],
            [
              -6.1824126954834284,
              53.293965815776822,
              0
            ],
            [
              -6.182388671358531,
              53.293973700827458,
              0
            ],
            [
              -6.1823960523807626,
              53.293983978200146,
              0
            ],
            [
              -6.1824072457671306,
              53.293999474763197,
              0
            ],
            [
              -6.1824775457019099,
              53.294203968503574,
              0
            ],
            [
              -6.1825523554038195,
              53.294453203646249,
              0
            ],
            [
              -6.1825567527788339,
              53.294480684965123,
              0
            ],
            [
              -6.1825528725487358,
              53.29449787345974,
              0
            ],
            [
              -6.1825448034523118,
              53.29451446869767,
              0
            ],
            [
              -6.1825254905905904,
              53.294538973033646,
              0
            ],
            [
              -6.1824916261363194,
              53.294562727056011,
              0
            ],
            [
              -6.182458851659459,
              53.294575331526076,
              0
            ],
            [
              -6.18240868283673,
              53.294587429960345,
              0
            ],
            [
              -6.1817024477341951,
              53.29466374042785,
              0
            ],
            [
              -6.1812786698473356,
              53.294707504116531,
              0
            ],
            [
              -6.1812300463321126,
              53.294708290488678,
              0
            ],
            [
              -6.1812008086997965,
              53.294704339991206,
              0
            ],
            [
              -6.1811737594676108,
              53.294698704304906,
              0
            ],
            [
              -6.1811426908819707,
              53.294688451136075,
              0
            ],
            [
              -6.1811168155709906,
              53.294676372556658,
              0
            ],
            [
              -6.1810977306505857,
              53.294663047510262,
              0
            ],
            [
              -6.181079890271457,
              53.294645077418664,
              0
            ],
            [
              -6.181070347409257,
              53.294629651748146,
              0
            ],
            [
              -6.1810062273767414,
              53.294419920465394,
              0
            ],
            [
              -6.1809769072656096,
              53.294329697192225,
              0
            ],
            [
              -6.1809720024929371,
              53.294314532818426,
              0
            ],
            [
              -6.1809315746252675,
              53.294182101820255,
              0
            ]
          ]
        ]
      },
      "properties" : {
        "OBJECTID" : 4,
        "park_name" : "Carysfort Park",
        "irish_name" : " ",
        "previous_n" : " ",
        "address" : " ",
        "type" : "Local Park",
        "type2" : "Other",
        "Shape_Length" : 1764.6446996860673,
        "Shape_Area" : 55622.082226049388
      }
    },
    {
      "type" : "Feature",
      "id" : 5,
      "geometry" : {
        "type" : "Polygon",
        "coordinates" : [
          [
            [
              -6.1601484139704512,
              53.273427774412504,
              0
            ],
            [
              -6.1599477952721262,
              53.273468395606535,
              0
            ],
            [
              -6.1597582585936212,
              53.273502737490006,
              0
            ],
            [
              -6.1596437568273394,
              53.273521992791856,
              0
            ],
            [
              -6.1596058814295791,
              53.273528562816551,
              0
            ],
            [
              -6.1595395003140814,
              53.273540073181294,
              0
            ],
            [
              -6.1595301775929769,
              53.273541690971278,
              0
            ],
            [
              -6.1594637979747811,
              53.273553200418426,
              0
            ],
            [
              -6.1594285844474017,
              53.273559308135695,
              0
            ],
            [
              -6.1593042153931661,
              53.273580982337634,
              0
            ],
            [
              -6.158969851795554,
              53.273639213168977,
              0
            ],
            [
              -6.158928376380695,
              53.273555133748189,
              0
            ],
            [
              -6.158894439913956,
              53.273484393510863,
              0
            ],
            [
              -6.1588574509072584,
              53.273412112253972,
              0
            ],
            [
              -6.158822161610769,
              53.273339012329501,
              0
            ],
            [
              -6.1587866247178722,
              53.273265012429746,
              0
            ],
            [
              -6.1587457390650409,
              53.273186450109179,
              0
            ],
            [
              -6.1587054030914876,
              53.273107242809125,
              0
            ],
            [
              -6.1586685761143602,
              53.273032636902144,
              0
            ],
            [
              -6.1586320791715981,
              53.272959041876923,
              0
            ],
            [
              -6.1585909749384804,
              53.272877136045999,
              0
            ],
            [
              -6.1585522243046462,
              53.272796710983258,
              0
            ],
            [
              -6.1585152919668076,
              53.272721707906555,
              0
            ],
            [
              -6.1584806803624952,
              53.272646821561096,
              0
            ],
            [
              -6.1584393425432591,
              53.272565549336257,
              0
            ],
            [
              -6.1583999751077219,
              53.272485114688152,
              0
            ],
            [
              -6.1583658009076281,
              53.272413002576457,
              0
            ],
            [
              -6.1583254462797452,
              53.272330425105061,
              0
            ],
            [
              -6.1582235459583172,
              53.27211453151439,
              0
            ],
            [
              -6.1582122861898254,
              53.272093586356895,
              0
            ],
            [
              -6.1580915307267752,
              53.272117507362658,
              0
            ],
            [
              -6.1576143296075818,
              53.272214345248869,
              0
            ],
            [
              -6.1575473333487691,
              53.272223807327983,
              0
            ],
            [
              -6.1575442507815312,
              53.272217386939225,
              0
            ],
            [
              -6.1575251748767457,
              53.272183646428353,
              0
            ],
            [
              -6.1574689565274277,
              53.272066630849892,
              0
            ],
            [
              -6.1573988947528679,
              53.27192530976852,
              0
            ],
            [
              -6.15728208660523,
              53.271688683344351,
              0
            ],
            [
              -6.1572063810706652,
              53.271531252242056,
              0
            ],
            [
              -6.1572032941455292,
              53.271524830876906,
              0
            ],
            [
              -6.1571164727612118,
              53.271351434427579,
              0
            ],
            [
              -6.1570307555013715,
              53.2711802013959,
              0
            ],
            [
              -6.1569443186926183,
              53.271011106286181,
              0
            ],
            [
              -6.1568587830237762,
              53.270836101706749,
              0
            ],
            [
              -6.156790815524511,
              53.270694984271906,
              0
            ],
            [
              -6.1567177906634836,
              53.270552901441434,
              0
            ],
            [
              -6.1566895595347262,
              53.270516302932499,
              0
            ],
            [
              -6.1566731295468964,
              53.270507869468425,
              0
            ],
            [
              -6.1566602943432525,
              53.270501264093362,
              0
            ],
            [
              -6.1566045671631047,
              53.270488276171008,
              0
            ],
            [
              -6.1565613550379217,
              53.270483410388763,
              0
            ],
            [
              -6.1565190879433551,
              53.270483412921088,
              0
            ],
            [
              -6.1564646873903008,
              53.270492907368101,
              0
            ],
            [
              -6.1563646981394644,
              53.270515829152529,
              0
            ],
            [
              -6.1562223638292553,
              53.270547180463936,
              0
            ],
            [
              -6.1561120678984542,
              53.27057298878416,
              0
            ],
            [
              -6.156020693193379,
              53.270597487958128,
              0
            ],
            [
              -6.1559134271591995,
              53.270628905861905,
              0
            ],
            [
              -6.1558088772226789,
              53.270659466851988,
              0
            ],
            [
              -6.1557614223764947,
              53.270623624160585,
              0
            ],
            [
              -6.155737139748175,
              53.270640873776799,
              0
            ],
            [
              -6.1556702475182448,
              53.270688367066228,
              0
            ],
            [
              -6.1555739284918047,
              53.270760761204713,
              0
            ],
            [
              -6.1554768511868989,
              53.270829899633355,
              0
            ],
            [
              -6.1553883793983175,
              53.270894872907114,
              0
            ],
            [
              -6.1553536606871777,
              53.270881168623625,
              0
            ],
            [
              -6.1551798919127378,
              53.270746529523947,
              0
            ],
            [
              -6.155047712906029,
              53.270645469898739,
              0
            ],
            [
              -6.154870812989941,
              53.270507717737338,
              0
            ],
            [
              -6.1546953626693011,
              53.27036867544026,
              0
            ],
            [
              -6.1546072403711696,
              53.270298828956037,
              0
            ],
            [
              -6.1545919446499182,
              53.270286699665924,
              0
            ],
            [
              -6.1545258912379781,
              53.2702343355663,
              0
            ],
            [
              -6.154450989860222,
              53.27017498621175,
              0
            ],
            [
              -6.1543717863900689,
              53.270112206755293,
              0
            ],
            [
              -6.1542606414397349,
              53.270024431301849,
              0
            ],
            [
              -6.1541718859400936,
              53.269954349969147,
              0
            ],
            [
              -6.1541320115422185,
              53.269923190076128,
              0
            ],
            [
              -6.1540953582507969,
              53.269894524882865,
              0
            ],
            [
              -6.1540196770305684,
              53.269836285817576,
              0
            ],
            [
              -6.153940223033338,
              53.269775138964761,
              0
            ],
            [
              -6.1538608295326203,
              53.269714019958798,
              0
            ],
            [
              -6.1537713768507025,
              53.269645185890155,
              0
            ],
            [
              -6.1536827648911654,
              53.269576993958687,
              0
            ],
            [
              -6.1535928057850908,
              53.269507747430502,
              0
            ],
            [
              -6.1535033105988788,
              53.269438875641917,
              0
            ],
            [
              -6.153416428164233,
              53.269372006417029,
              0
            ],
            [
              -6.1533229593857826,
              53.269300060932437,
              0
            ],
            [
              -6.1531015100274722,
              53.269290977425484,
              0
            ],
            [
              -6.1530708205273905,
              53.26930902607883,
              0
            ],
            [
              -6.1530614525422758,
              53.269314526532455,
              0
            ],
            [
              -6.153037645122196,
              53.269328431203832,
              0
            ],
            [
              -6.1523894824073118,
              53.268776127630417,
              0
            ],
            [
              -6.1519085046935675,
              53.268363934503043,
              0
            ],
            [
              -6.1518966460949844,
              53.268378410692002,
              0
            ],
            [
              -6.1517606619190426,
              53.268262923969296,
              0
            ],
            [
              -6.1517395677824709,
              53.268271490010278,
              0
            ],
            [
              -6.151723434763138,
              53.268278040475437,
              0
            ],
            [
              -6.1515778158170678,
              53.268154483596476,
              0
            ],
            [
              -6.1515969166773221,
              53.268126368423538,
              0
            ],
            [
              -6.1515302373813512,
              53.268068446167966,
              0
            ],
            [
              -6.1514598979434041,
              53.268004734330539,
              0
            ],
            [
              -6.1514254504597714,
              53.26797332418333,
              0
            ],
            [
              -6.1513809741745664,
              53.267930452026427,
              0
            ],
            [
              -6.1513469884479912,
              53.267894215068473,
              0
            ],
            [
              -6.151315997139295,
              53.267859812326222,
              0
            ],
            [
              -6.1512597821854955,
              53.267795041262993,
              0
            ],
            [
              -6.1512210539139378,
              53.26775099981483,
              0
            ],
            [
              -6.1511886519400862,
              53.267713158677935,
              0
            ],
            [
              -6.1511569417141265,
              53.267673533281908,
              0
            ],
            [
              -6.1510898642274174,
              53.267588110050909,
              0
            ],
            [
              -6.1510335342487572,
              53.267518655044768,
              0
            ],
            [
              -6.1510091748096736,
              53.26748973821995,
              0
            ],
            [
              -6.150976450721096,
              53.267453151296273,
              0
            ],
            [
              -6.1509289440446038,
              53.267403050243402,
              0
            ],
            [
              -6.150926867632907,
              53.267401103510942,
              0
            ],
            [
              -6.1509247859746683,
              53.267398618293349,
              0
            ],
            [
              -6.1509224761677013,
              53.267396208634466,
              0
            ],
            [
              -6.15091993959396,
              53.267393877252232,
              0
            ],
            [
              -6.1509171574991743,
              53.267391641832432,
              0
            ],
            [
              -6.1509142199334725,
              53.267389500176591,
              0
            ],
            [
              -6.150911038990424,
              53.267387474290821,
              0
            ],
            [
              -6.1509076897376538,
              53.267385561744263,
              0
            ],
            [
              -6.1509041391748607,
              53.267383762923792,
              0
            ],
            [
              -6.1509004348196399,
              53.267382088453694,
              0
            ],
            [
              -6.1508965700587526,
              53.267380552612799,
              0
            ],
            [
              -6.1508912088483765,
              53.267378708627476,
              0
            ],
            [
              -6.1508577648439777,
              53.267391079172697,
              0
            ],
            [
              -6.1508385895206157,
              53.267398718455411,
              0
            ],
            [
              -6.1508114363273325,
              53.267410916022826,
              0
            ],
            [
              -6.1507811940577204,
              53.267424864237839,
              0
            ],
            [
              -6.1507008809148846,
              53.267462368112923,
              0
            ],
            [
              -6.1506165520233793,
              53.267502872872043,
              0
            ],
            [
              -6.1505298586904207,
              53.267542264979589,
              0
            ],
            [
              -6.150444720815103,
              53.26758042098853,
              0
            ],
            [
              -6.1503461126689141,
              53.26762557480729,
              0
            ],
            [
              -6.1503134224246958,
              53.267639334815399,
              0
            ],
            [
              -6.150275404411123,
              53.26765533743643,
              0
            ],
            [
              -6.1501763226288135,
              53.267697042117881,
              0
            ],
            [
              -6.1501974067045975,
              53.267717115859561,
              0
            ],
            [
              -6.1504202374342469,
              53.267938119125667,
              0
            ],
            [
              -6.1504439316839115,
              53.267960561309472,
              0
            ],
            [
              -6.1506498537727028,
              53.268157545497857,
              0
            ],
            [
              -6.1507166388790573,
              53.268219973968527,
              0
            ],
            [
              -6.1507869069030079,
              53.268285635617239,
              0
            ],
            [
              -6.1510038432167029,
              53.268493972457598,
              0
            ],
            [
              -6.1509138486674617,
              53.268536169251838,
              0
            ],
            [
              -6.1508294546813529,
              53.268575775219887,
              0
            ],
            [
              -6.1507537138044697,
              53.268612270560823,
              0
            ],
            [
              -6.1507468836510819,
              53.268619341822053,
              0
            ],
            [
              -6.1509424277536775,
              53.268683789086495,
              0
            ],
            [
              -6.1510494347399538,
              53.268721958728264,
              0
            ],
            [
              -6.1511401818775564,
              53.268755058321553,
              0
            ],
            [
              -6.1512208745375405,
              53.268784238478986,
              0
            ],
            [
              -6.1512938626003937,
              53.268811328844528,
              0
            ],
            [
              -6.151320406225512,
              53.268822309916139,
              0
            ],
            [
              -6.1513395184432653,
              53.268831747483809,
              0
            ],
            [
              -6.1513437284765722,
              53.2688332419239,
              0
            ],
            [
              -6.1513474786069935,
              53.268834935964321,
              0
            ],
            [
              -6.1513511807788053,
              53.268836664315543,
              0
            ],
            [
              -6.1513548258471431,
              53.268838430431089,
              0
            ],
            [
              -6.1513584354083966,
              53.268840220264501,
              0
            ],
            [
              -6.1513619999301161,
              53.268842046251677,
              0
            ],
            [
              -6.1513649299235613,
              53.268843601735846,
              0
            ],
            [
              -6.1513684167789497,
              53.268845490335821,
              0
            ],
            [
              -6.1513718440768921,
              53.268847404078407,
              0
            ],
            [
              -6.1513752691404529,
              53.268849334864122,
              0
            ],
            [
              -6.1513786311848646,
              53.268851301524819,
              0
            ],
            [
              -6.1513835983807761,
              53.268854289887926,
              0
            ],
            [
              -6.1513869444343419,
              53.268856383935272,
              0
            ],
            [
              -6.1513902096441742,
              53.268858509985847,
              0
            ],
            [
              -6.1513934148314986,
              53.268860671957846,
              0
            ],
            [
              -6.1513965600738043,
              53.268862868054804,
              0
            ],
            [
              -6.1514124682986822,
              53.268875016254022,
              0
            ],
            [
              -6.1514151325488395,
              53.268877205790432,
              0
            ],
            [
              -6.1514179074527373,
              53.268879575911306,
              0
            ],
            [
              -6.1514204494362783,
              53.268881819279486,
              0
            ],
            [
              -6.151423105922798,
              53.268884223517418,
              0
            ],
            [
              -6.1514356338866554,
              53.268896182671661,
              0
            ],
            [
              -6.151447898503128,
              53.268908338181504,
              0
            ],
            [
              -6.1514598431729404,
              53.268920611869312,
              0
            ],
            [
              -6.1514804960170348,
              53.268942298389661,
              0
            ],
            [
              -6.1515006951006033,
              53.268964146851374,
              0
            ],
            [
              -6.1515216796575611,
              53.268987563376548,
              0
            ],
            [
              -6.1515423276467942,
              53.269011101414968,
              0
            ],
            [
              -6.1515566160006658,
              53.269028131228467,
              0
            ],
            [
              -6.1515590099096764,
              53.269031061705618,
              0
            ],
            [
              -6.1515614629506166,
              53.269033976920568,
              0
            ],
            [
              -6.1515640067042767,
              53.269036874666469,
              0
            ],
            [
              -6.1515666104812308,
              53.269039736490718,
              0
            ],
            [
              -6.1515692909823319,
              53.269042592313859,
              0
            ],
            [
              -6.1515715598255065,
              53.269044946494482,
              0
            ],
            [
              -6.1515826914319671,
              53.269055598643291,
              0
            ],
            [
              -6.1515947318349831,
              53.269065933211614,
              0
            ],
            [
              -6.1515834467724417,
              53.269071070355857,
              0
            ],
            [
              -6.1516225760839935,
              53.26910067357089,
              0
            ],
            [
              -6.1516669129546315,
              53.269128738710734,
              0
            ],
            [
              -6.1517048798282703,
              53.269148797997332,
              0
            ],
            [
              -6.1517570214571249,
              53.269175699675287,
              0
            ],
            [
              -6.1517968867009607,
              53.269193809125362,
              0
            ],
            [
              -6.1518618989375735,
              53.269221223996126,
              0
            ],
            [
              -6.1518714395251388,
              53.269214540745494,
              0
            ],
            [
              -6.1518754398254059,
              53.269216310554299,
              0
            ],
            [
              -6.1518789703905323,
              53.269217847472348,
              0
            ],
            [
              -6.1518825173211447,
              53.269219387340527,
              0
            ],
            [
              -6.1518860216532794,
              53.269220906773761,
              0
            ],
            [
              -6.1518896144250528,
              53.269222426679178,
              0
            ],
            [
              -6.151893175693699,
              53.269223946994899,
              0
            ],
            [
              -6.151896739235851,
              53.269225449369024,
              0
            ],
            [
              -6.1519003192984885,
              53.269226951100322,
              0
            ],
            [
              -6.1519039135049125,
              53.269228437770565,
              0
            ],
            [
              -6.151907506290768,
              53.26922992262098,
              0
            ],
            [
              -6.1519111017763288,
              53.269231379649192,
              0
            ],
            [
              -6.1519147125424753,
              53.269232864778139,
              0
            ],
            [
              -6.1519183360703256,
              53.269234332128107,
              0
            ],
            [
              -6.1519219615229641,
              53.269235789620559,
              0
            ],
            [
              -6.1519256037285572,
              53.269237241080745,
              0
            ],
            [
              -6.1519292449010239,
              53.269238681738798,
              0
            ],
            [
              -6.1519328995973517,
              53.269240121707519,
              0
            ],
            [
              -6.151936556528403,
              53.269241544632905,
              0
            ],
            [
              -6.151941232523205,
              53.26924336086811,
              0
            ],
            [
              -6.1519459359143251,
              53.269245167640626,
              0
            ],
            [
              -6.1519506290888355,
              53.269246967962708,
              0
            ],
            [
              -6.1519553478126348,
              53.269248766883031,
              0
            ],
            [
              -6.1519600523673192,
              53.269250546707909,
              0
            ],
            [
              -6.1519647917323814,
              53.269252318982737,
              0
            ],
            [
              -6.1519695265641632,
              53.269254092085902,
              0
            ],
            [
              -6.1519742622099773,
              53.26925584632594,
              0
            ],
            [
              -6.1519790128393579,
              53.269257600798056,
              0
            ],
            [
              -6.151983783373459,
              53.269259345691346,
              0
            ],
            [
              -6.1519885501491487,
              53.269261073448263,
              0
            ],
            [
              -6.1519933199606012,
              53.269262800353232,
              0
            ],
            [
              -6.1519981185116919,
              53.269264521411657,
              0
            ],
            [
              -6.1520029040432478,
              53.269266231482021,
              0
            ],
            [
              -6.1520077019879293,
              53.269267931857406,
              0
            ],
            [
              -6.1520125152648575,
              53.269269624380733,
              0
            ],
            [
              -6.1520173304279444,
              53.26927130794477,
              0
            ],
            [
              -6.1520221621116393,
              53.269272990865851,
              0
            ],
            [
              -6.1520269910703087,
              53.269274667452621,
              0
            ],
            [
              -6.1520318223800317,
              53.269276324301238,
              0
            ],
            [
              -6.1520366702103759,
              53.269277980506892,
              0
            ],
            [
              -6.1520414992476695,
              53.269279655296636,
              0
            ],
            [
              -6.1520473781821687,
              53.269281669044112,
              0
            ],
            [
              -6.1520493790882256,
              53.269282553957225,
              0
            ],
            [
              -6.152004069810812,
              53.269323287961306,
              0
            ],
            [
              -6.1520828023873007,
              53.269378448582827,
              0
            ],
            [
              -6.1521871938292403,
              53.269452990323245,
              0
            ],
            [
              -6.1522098317836553,
              53.269487101546297,
              0
            ],
            [
              -6.1522861900565058,
              53.269542816660056,
              0
            ],
            [
              -6.152436876144546,
              53.269652600055998,
              0
            ],
            [
              -6.1523604782384655,
              53.269689264202697,
              0
            ],
            [
              -6.1524289597413091,
              53.269715179334831,
              0
            ],
            [
              -6.1524638362640411,
              53.269729005578064,
              0
            ],
            [
              -6.1525402666338946,
              53.269757684622256,
              0
            ],
            [
              -6.1527569212476108,
              53.269839008088518,
              0
            ],
            [
              -6.1527918060029876,
              53.269890934262207,
              0
            ],
            [
              -6.1528340470090956,
              53.269953805396476,
              0
            ],
            [
              -6.1528770173420986,
              53.270017777205474,
              0
            ],
            [
              -6.1529135534579424,
              53.270072165674478,
              0
            ],
            [
              -6.1529234357787441,
              53.270125683641204,
              0
            ],
            [
              -6.1529573599438718,
              53.270178269005086,
              0
            ],
            [
              -6.1529701513647508,
              53.270198394409846,
              0
            ],
            [
              -6.1529913617762704,
              53.270232949851561,
              0
            ],
            [
              -6.1530082605604433,
              53.270262173099873,
              0
            ],
            [
              -6.1530234953507881,
              53.270288538329396,
              0
            ],
            [
              -6.1530507520214819,
              53.270330657670343,
              0
            ],
            [
              -6.1530576566526047,
              53.27034442786465,
              0
            ],
            [
              -6.1530797903700289,
              53.270380175969002,
              0
            ],
            [
              -6.1530942643684048,
              53.270401584001171,
              0
            ],
            [
              -6.1531302483425145,
              53.270454464582315,
              0
            ],
            [
              -6.1531643861497018,
              53.270510522701052,
              0
            ],
            [
              -6.1531986256365681,
              53.270564606740876,
              0
            ],
            [
              -6.153232501773787,
              53.270620130470448,
              0
            ],
            [
              -6.1532655723321765,
              53.270673126764478,
              0
            ],
            [
              -6.1533014378636999,
              53.270731547681351,
              0
            ],
            [
              -6.1533199457885965,
              53.27076059896261,
              0
            ],
            [
              -6.1533336342585194,
              53.270783992009385,
              0
            ],
            [
              -6.1533709897242801,
              53.270841905669755,
              0
            ],
            [
              -6.1533855587492292,
              53.270865672783735,
              0
            ],
            [
              -6.1534006869628852,
              53.270890346495584,
              0
            ],
            [
              -6.1534868171666366,
              53.270846757685774,
              0
            ],
            [
              -6.153520246937048,
              53.270829127081782,
              0
            ],
            [
              -6.1535651750092839,
              53.270858225318321,
              0
            ],
            [
              -6.153641019112702,
              53.270906832547468,
              0
            ],
            [
              -6.153721577156924,
              53.270956976939402,
              0
            ],
            [
              -6.1538053155843935,
              53.271010217585619,
              0
            ],
            [
              -6.1539044605928472,
              53.271074482798397,
              0
            ],
            [
              -6.1540036832367493,
              53.271137301102442,
              0
            ],
            [
              -6.1540775278298288,
              53.271187342185769,
              0
            ],
            [
              -6.1541024909588993,
              53.271203422412796,
              0
            ],
            [
              -6.1541937377836673,
              53.271263727046424,
              0
            ],
            [
              -6.1544577804074692,
              53.271440877056385,
              0
            ],
            [
              -6.1544697202554177,
              53.271448773917513,
              0
            ],
            [
              -6.1544936571916677,
              53.271464631440772,
              0
            ],
            [
              -6.1545142729023787,
              53.271478263258309,
              0
            ],
            [
              -6.1545321737554683,
              53.271490107503865,
              0
            ],
            [
              -6.1545156344513616,
              53.271510317070664,
              0
            ],
            [
              -6.1545064207795965,
              53.271527577706948,
              0
            ],
            [
              -6.1545064102723019,
              53.271540699657997,
              0
            ],
            [
              -6.154509257098856,
              53.271556374495653,
              0
            ],
            [
              -6.1545183839533539,
              53.271572524064474,
              0
            ],
            [
              -6.1545400800187391,
              53.271589236735146,
              0
            ],
            [
              -6.154728225268582,
              53.271711371751756,
              0
            ],
            [
              -6.1548288280052512,
              53.27177667351846,
              0
            ],
            [
              -6.1548805341362973,
              53.271811332989301,
              0
            ],
            [
              -6.1548987112569664,
              53.271819901599599,
              0
            ],
            [
              -6.1549186282449861,
              53.271823653306456,
              0
            ],
            [
              -6.154971323027647,
              53.271818266901626,
              0
            ],
            [
              -6.1550977624398522,
              53.271901261917023,
              0
            ],
            [
              -6.1551935833190381,
              53.271985707382818,
              0
            ],
            [
              -6.1551692560535072,
              53.272024825782239,
              0
            ],
            [
              -6.1553056852702213,
              53.272156854777556,
              0
            ],
            [
              -6.1554101427815038,
              53.272261207201439,
              0
            ],
            [
              -6.1554990454333698,
              53.27235236842585,
              0
            ],
            [
              -6.155637474010395,
              53.272486415282351,
              0
            ],
            [
              -6.1557437030636484,
              53.272591693641665,
              0
            ],
            [
              -6.1558147249517834,
              53.272661535341186,
              0
            ],
            [
              -6.1558702101933305,
              53.272661046314795,
              0
            ],
            [
              -6.1560560292195241,
              53.272845116121943,
              0
            ],
            [
              -6.1560227736240396,
              53.272876348620699,
              0
            ],
            [
              -6.1562330045424911,
              53.273083114730881,
              0
            ],
            [
              -6.1563409121836106,
              53.27319203270892,
              0
            ],
            [
              -6.1563577381902723,
              53.273209020263451,
              0
            ],
            [
              -6.1563662218433945,
              53.273217492661452,
              0
            ],
            [
              -6.1564564735084799,
              53.273307712238882,
              0
            ],
            [
              -6.1565952242127029,
              53.273435109719799,
              0
            ],
            [
              -6.1566052816397931,
              53.273444261686599,
              0
            ],
            [
              -6.1566231770246143,
              53.273452467032627,
              0
            ],
            [
              -6.1566397987734298,
              53.273455807956573,
              0
            ],
            [
              -6.1566672690168343,
              53.273458246109378,
              0
            ],
            [
              -6.1567306533804711,
              53.273461301581989,
              0
            ],
            [
              -6.1568502817473503,
              53.273583771383713,
              0
            ],
            [
              -6.1568580872607042,
              53.273580965454094,
              0
            ],
            [
              -6.1568908627729222,
              53.273559774288515,
              0
            ],
            [
              -6.1570147763045728,
              53.273512469745221,
              0
            ],
            [
              -6.1583927204701174,
              53.274792933878715,
              0
            ],
            [
              -6.1591129291337898,
              53.275480475825276,
              0
            ],
            [
              -6.1593952533520708,
              53.275752823644773,
              0
            ],
            [
              -6.1596536346805388,
              53.276003568873129,
              0
            ],
            [
              -6.1596616367025421,
              53.276011342385601,
              0
            ],
            [
              -6.1595598635297284,
              53.276051440378041,
              0
            ],
            [
              -6.1595796805704781,
              53.276065948800763,
              0
            ],
            [
              -6.1595792454711358,
              53.276066233306452,
              0
            ],
            [
              -6.1597619916530224,
              53.276197541903443,
              0
            ],
            [
              -6.1597624267525086,
              53.276197257397101,
              0
            ],
            [
              -6.1598764797072167,
              53.276280100878857,
              0
            ],
            [
              -6.1599624661260064,
              53.276335917230632,
              0
            ],
            [
              -6.1600216773226837,
              53.276377925838027,
              0
            ],
            [
              -6.160081371885366,
              53.276420274443836,
              0
            ],
            [
              -6.1601517694068768,
              53.276470328521583,
              0
            ],
            [
              -6.1602038369198882,
              53.276507347013386,
              0
            ],
            [
              -6.1602185936942879,
              53.276519123873591,
              0
            ],
            [
              -6.1602521978629685,
              53.276548827624637,
              0
            ],
            [
              -6.1604325352335012,
              53.27669864274533,
              0
            ],
            [
              -6.1602857654461882,
              53.276756041714933,
              0
            ],
            [
              -6.1600712988702346,
              53.27684082678671,
              0
            ],
            [
              -6.1601545273098743,
              53.276910574607676,
              0
            ],
            [
              -6.1602277163059851,
              53.276972152528828,
              0
            ],
            [
              -6.1602991163623271,
              53.277032476786417,
              0
            ],
            [
              -6.1603728904464381,
              53.27709479169939,
              0
            ],
            [
              -6.160445169539023,
              53.277156550487653,
              0
            ],
            [
              -6.1604959006133182,
              53.277200549243751,
              0
            ],
            [
              -6.1602676421631051,
              53.277406682094167,
              0
            ],
            [
              -6.1603739009537666,
              53.27743744223941,
              0
            ],
            [
              -6.1603723297963837,
              53.277441202988818,
              0
            ],
            [
              -6.1614045319776709,
              53.277802529403587,
              0
            ],
            [
              -6.1614787914073164,
              53.277793482722096,
              0
            ],
            [
              -6.1614907611176539,
              53.277792020645663,
              0
            ],
            [
              -6.1616075817008031,
              53.277778452935834,
              0
            ],
            [
              -6.1616412750293756,
              53.277773247814025,
              0
            ],
            [
              -6.1617928846777152,
              53.277841729875554,
              0
            ],
            [
              -6.1619701036174792,
              53.27792157324707,
              0
            ],
            [
              -6.1620695573343145,
              53.277965944957892,
              0
            ],
            [
              -6.1620915573555015,
              53.277991127902183,
              0
            ],
            [
              -6.1621263900253114,
              53.277984186580866,
              0
            ],
            [
              -6.1621835628926451,
              53.277972833901522,
              0
            ],
            [
              -6.1622076818626157,
              53.277967508889958,
              0
            ],
            [
              -6.1622400183348711,
              53.277960376254313,
              0
            ],
            [
              -6.1622293864917532,
              53.277936599982432,
              0
            ],
            [
              -6.1621981850109817,
              53.277865873292193,
              0
            ],
            [
              -6.1621836860181221,
              53.277832968161938,
              0
            ],
            [
              -6.1621490893863653,
              53.277751586466721,
              0
            ],
            [
              -6.1621141320860007,
              53.277674384173146,
              0
            ],
            [
              -6.1620784150385095,
              53.277597416435697,
              0
            ],
            [
              -6.1620413101160239,
              53.277513619516256,
              0
            ],
            [
              -6.1620013211811084,
              53.277424765319765,
              0
            ],
            [
              -6.1619605427544739,
              53.277330514916272,
              0
            ],
            [
              -6.1619242758337407,
              53.277249949600495,
              0
            ],
            [
              -6.1618911528967963,
              53.277175797393859,
              0
            ],
            [
              -6.1618906054963993,
              53.277174575527276,
              0
            ],
            [
              -6.1618895091970982,
              53.277172131770939,
              0
            ],
            [
              -6.1618561683433404,
              53.277096351099978,
              0
            ],
            [
              -6.161855626977859,
              53.277095128427412,
              0
            ],
            [
              -6.1618549955326056,
              53.277093698532831,
              0
            ],
            [
              -6.1618170355967532,
              53.277007201731443,
              0
            ],
            [
              -6.1617802668724178,
              53.276927439375932,
              0
            ],
            [
              -6.1617430863893743,
              53.276844451032161,
              0
            ],
            [
              -6.1617072878225567,
              53.276764207452644,
              0
            ],
            [
              -6.1617062617648228,
              53.276761909489871,
              0
            ],
            [
              -6.1617052357071964,
              53.276759611527055,
              0
            ],
            [
              -6.1616704209408191,
              53.276682269262679,
              0
            ],
            [
              -6.1616694353723895,
              53.276680076188697,
              0
            ],
            [
              -6.1616693873940154,
              53.276679971184052,
              0
            ],
            [
              -6.1616328509792124,
              53.276601656784955,
              0
            ],
            [
              -6.161680753425661,
              53.276593165309279,
              0
            ],
            [
              -6.1616782552097522,
              53.276583904742502,
              0
            ],
            [
              -6.1616627643004369,
              53.276541321767795,
              0
            ],
            [
              -6.1615536905309867,
              53.276586585939043,
              0
            ],
            [
              -6.1614955574422137,
              53.276606793200763,
              0
            ],
            [
              -6.1613644747041647,
              53.276663115913557,
              0
            ],
            [
              -6.1611547817740098,
              53.276487205680532,
              0
            ],
            [
              -6.1610541646209578,
              53.276401540723079,
              0
            ],
            [
              -6.161383924099411,
              53.276258239111073,
              0
            ],
            [
              -6.1614873045757257,
              53.276339972655727,
              0
            ],
            [
              -6.1615114734100596,
              53.276330252357333,
              0
            ],
            [
              -6.1614840004839992,
              53.276276158359117,
              0
            ],
            [
              -6.1614402105062434,
              53.276182597448795,
              0
            ],
            [
              -6.1614031406494556,
              53.276098074577988,
              0
            ],
            [
              -6.1613646177519232,
              53.276010689864549,
              0
            ],
            [
              -6.1613283466969051,
              53.275931005130445,
              0
            ],
            [
              -6.161293027110851,
              53.275849384586365,
              0
            ],
            [
              -6.1612892257802168,
              53.275841349696478,
              0
            ],
            [
              -6.1612571503146381,
              53.275773586177955,
              0
            ],
            [
              -6.161253349074256,
              53.27576554949043,
              0
            ],
            [
              -6.1612178249130043,
              53.275686255545018,
              0
            ],
            [
              -6.1611811005438826,
              53.275606943074933,
              0
            ],
            [
              -6.1611429564628999,
              53.27552580922562,
              0
            ],
            [
              -6.1611075878422046,
              53.275449572781007,
              0
            ],
            [
              -6.1610702783817821,
              53.275369891712167,
              0
            ],
            [
              -6.1610362010479935,
              53.275291526046594,
              0
            ],
            [
              -6.1609989642647376,
              53.275210228169705,
              0
            ],
            [
              -6.1609734472642579,
              53.275153917119383,
              0
            ],
            [
              -6.1609631124153399,
              53.27513163736252,
              0
            ],
            [
              -6.1609272977398586,
              53.27505179953306,
              0
            ],
            [
              -6.1608920108978742,
              53.274973955360458,
              0
            ],
            [
              -6.1608557042146828,
              53.274892311346669,
              0
            ],
            [
              -6.1608211898755005,
              53.274816807049831,
              0
            ],
            [
              -6.1607841765367306,
              53.274737308414103,
              0
            ],
            [
              -6.1607486093656592,
              53.274658740798827,
              0
            ],
            [
              -6.1607100506590422,
              53.27457364641517,
              0
            ],
            [
              -6.1606746897345763,
              53.274497231070995,
              0
            ],
            [
              -6.1606397212626485,
              53.274419012414469,
              0
            ],
            [
              -6.1606034526760567,
              53.27434240417314,
              0
            ],
            [
              -6.1605672771302622,
              53.274264365510049,
              0
            ],
            [
              -6.1605307276020271,
              53.274187391576426,
              0
            ],
            [
              -6.1604924180409819,
              53.274110202615539,
              0
            ],
            [
              -6.1604551569113264,
              53.274035733514886,
              0
            ],
            [
              -6.1604162563807563,
              53.2739579961057,
              0
            ],
            [
              -6.1603809806607606,
              53.273886254120924,
              0
            ],
            [
              -6.1603419998978257,
              53.273810321205985,
              0
            ],
            [
              -6.1603017397191264,
              53.273729686499372,
              0
            ],
            [
              -6.1602613765271848,
              53.273651034815884,
              0
            ],
            [
              -6.1602222610662887,
              53.273571684203041,
              0
            ],
            [
              -6.1601846720810629,
              53.273498271470281,
              0
            ],
            [
              -6.1601484139704512,
              53.273427774412504,
              0
            ]
          ]
        ]
      },
      "properties" : {
        "OBJECTID" : 5,
        "park_name" : "Clonkeen Park",
        "irish_name" : " ",
        "previous_n" : " ",
        "address" : "Clonkeen Park, Deansgrange",
        "type" : "District Park",
        "type2" : "Other",
        "Shape_Length" : 3356.5011649477183,
        "Shape_Area" : 150180.47493485501
      }
    },
    {
      "type" : "Feature",
      "id" : 6,
      "geometry" : {
        "type" : "MultiPolygon",
        "coordinates" : [
          [
            [
              [
                -6.2476491061002974,
                53.309660286841947,
                0
              ],
              [
                -6.2478373859058225,
                53.309769103777654,
                0
              ],
              [
                -6.2479244541568093,
                53.309819423332485,
                0
              ],
              [
                -6.2478733730392548,
                53.309929965455368,
                0
              ],
              [
                -6.2477565984095005,
                53.310042570508813,
                0
              ],
              [
                -6.2474433262216236,
                53.310235483618584,
                0
              ],
              [
                -6.2476162609952874,
                53.310342700195932,
                0
              ],
              [
                -6.2476615783089064,
                53.310359197832405,
                0
              ],
              [
                -6.2477236003156316,
                53.310269113659913,
                0
              ],
              [
                -6.2479672098273165,
                53.309938622628103,
                0
              ],
              [
                -6.2480372257140102,
                53.309866474797417,
                0
              ],
              [
                -6.248073452770039,
                53.30977721143983,
                0
              ],
              [
                -6.2481827880160594,
                53.309578597658486,
                0
              ],
              [
                -6.2482692502974198,
                53.309600029036247,
                0
              ],
              [
                -6.2482886915524656,
                53.309571342084801,
                0
              ],
              [
                -6.2483251260642598,
                53.309530028252183,
                0
              ],
              [
                -6.2483608421245371,
                53.309486430745594,
                0
              ],
              [
                -6.2483975216340628,
                53.309444554234204,
                0
              ],
              [
                -6.2484301950871375,
                53.309394995100909,
                0
              ],
              [
                -6.2484556559994706,
                53.309351193022856,
                0
              ],
              [
                -6.248487891256107,
                53.309285171876276,
                0
              ],
              [
                -6.2485234375907623,
                53.309209421104846,
                0
              ],
              [
                -6.2485315901674694,
                53.30918663804799,
                0
              ],
              [
                -6.2485445482476267,
                53.3091230122605,
                0
              ],
              [
                -6.2485546542828585,
                53.309062005987592,
                0
              ],
              [
                -6.2485560300351564,
                53.309053694147245,
                0
              ],
              [
                -6.2485549266982945,
                53.309049120037223,
                0
              ],
              [
                -6.2485442778063938,
                53.309045673976129,
                0
              ],
              [
                -6.2485321110994132,
                53.30904268289607,
                0
              ],
              [
                -6.2485241149614383,
                53.309041521038878,
                0
              ],
              [
                -6.2485291143445574,
                53.309032635938934,
                0
              ],
              [
                -6.2485210859552174,
                53.309031932005112,
                0
              ],
              [
                -6.2485089753679448,
                53.309028266734394,
                0
              ],
              [
                -6.2484941729470904,
                53.309018873309597,
                0
              ],
              [
                -6.2484931400670991,
                53.309016170674226,
                0
              ],
              [
                -6.2484927025823902,
                53.309013403978661,
                0
              ],
              [
                -6.2484928728061204,
                53.309010639017515,
                0
              ],
              [
                -6.2484936317477811,
                53.309007899779942,
                0
              ],
              [
                -6.2484949858316927,
                53.309005249277511,
                0
              ],
              [
                -6.2484965581472274,
                53.309003133181619,
                0
              ],
              [
                -6.2485019654963336,
                53.308991284378997,
                0
              ],
              [
                -6.2485139059498014,
                53.308969413525688,
                0
              ],
              [
                -6.248521999252258,
                53.308954602115485,
                0
              ],
              [
                -6.2485274242118942,
                53.308940929868292,
                0
              ],
              [
                -6.2485332138722978,
                53.30892337109416,
                0
              ],
              [
                -6.2485363744350506,
                53.308904453345313,
                0
              ],
              [
                -6.2485403893251314,
                53.308876397275078,
                0
              ],
              [
                -6.2485421326533448,
                53.308837845601353,
                0
              ],
              [
                -6.2485334653290439,
                53.308827786373463,
                0
              ],
              [
                -6.248526290853941,
                53.308817515376063,
                0
              ],
              [
                -6.2485202896411991,
                53.308803585442398,
                0
              ],
              [
                -6.2485196233197344,
                53.308787603657692,
                0
              ],
              [
                -6.2485212462252244,
                53.308771421799825,
                0
              ],
              [
                -6.2485232598442213,
                53.308755226804735,
                0
              ],
              [
                -6.2485264132506426,
                53.308737216756981,
                0
              ],
              [
                -6.2485314913345507,
                53.308716914226245,
                0
              ],
              [
                -6.2485373419199908,
                53.308696400133222,
                0
              ],
              [
                -6.2485466219935999,
                53.308672466067648,
                0
              ],
              [
                -6.24855703624727,
                53.308652645470978,
                0
              ],
              [
                -6.2485678099296029,
                53.308631449567052,
                0
              ],
              [
                -6.2485828426933008,
                53.308606620268577,
                0
              ],
              [
                -6.2486047542382543,
                53.30857541959579,
                0
              ],
              [
                -6.2486485673817604,
                53.308513918708023,
                0
              ],
              [
                -6.2486612237299592,
                53.308496586598743,
                0
              ],
              [
                -6.2486723543654694,
                53.308483861895951,
                0
              ],
              [
                -6.2486876721838067,
                53.308470432886452,
                0
              ],
              [
                -6.2487060592209458,
                53.308455638699222,
                0
              ],
              [
                -6.2487175486021167,
                53.308445184282164,
                0
              ],
              [
                -6.2487263725477566,
                53.308435615607834,
                0
              ],
              [
                -6.2487340711852948,
                53.308421716081156,
                0
              ],
              [
                -6.2487448398638161,
                53.308404634877711,
                0
              ],
              [
                -6.2487521436794253,
                53.308393011651674,
                0
              ],
              [
                -6.248761488394841,
                53.308361554511464,
                0
              ],
              [
                -6.2487661866306698,
                53.308341032474154,
                0
              ],
              [
                -6.2487697046779092,
                53.308328042280877,
                0
              ],
              [
                -6.2487773897343502,
                53.308317333356626,
                0
              ],
              [
                -6.2489394733656045,
                53.30816349057752,
                0
              ],
              [
                -6.2489448262183043,
                53.308159164063085,
                0
              ],
              [
                -6.248953999027087,
                53.308155075196126,
                0
              ],
              [
                -6.2489646883384378,
                53.308151222513089,
                0
              ],
              [
                -6.2489791659484464,
                53.308148747611533,
                0
              ],
              [
                -6.2489928806876449,
                53.308148779097436,
                0
              ],
              [
                -6.2490084937927568,
                53.308149726486015,
                0
              ],
              [
                -6.2490237172832686,
                53.308152493652024,
                0
              ],
              [
                -6.2490324380560454,
                53.308158679723739,
                0
              ],
              [
                -6.2490411439683085,
                53.308165998986368,
                0
              ],
              [
                -6.2490494509719738,
                53.308177858614151,
                0
              ],
              [
                -6.249117204093813,
                53.30818486731593,
                0
              ],
              [
                -6.2491252029934428,
                53.30818306127734,
                0
              ],
              [
                -6.2491397061558063,
                53.308179228617178,
                0
              ],
              [
                -6.2491595389834931,
                53.308174935806669,
                0
              ],
              [
                -6.2491767110355552,
                53.308170865487263,
                0
              ],
              [
                -6.249190046837418,
                53.30816952248734,
                0
              ],
              [
                -6.2492087118995023,
                53.308169562805325,
                0
              ],
              [
                -6.2492342540120474,
                53.308167341083511,
                0
              ],
              [
                -6.2492838005036937,
                53.308160832935179,
                0
              ],
              [
                -6.2493409872074439,
                53.308151381836041,
                0
              ],
              [
                -6.2493848327748616,
                53.308144870854306,
                0
              ],
              [
                -6.2494370675121589,
                53.308136550537519,
                0
              ],
              [
                -6.2495373457264893,
                53.308117375669511,
                0
              ],
              [
                -6.2495457503007792,
                53.308113282672153,
                0
              ],
              [
                -6.2495530088095679,
                53.30811123294405,
                0
              ],
              [
                -6.2495663516468385,
                53.308110817585806,
                0
              ],
              [
                -6.249583864147362,
                53.308110418484155,
                0
              ],
              [
                -6.2495967981085734,
                53.308113394653866,
                0
              ],
              [
                -6.2496165718951682,
                53.308117548892838,
                0
              ],
              [
                -6.2496295026631454,
                53.30812214378355,
                0
              ],
              [
                -6.249643177681409,
                53.308126740607776,
                0
              ],
              [
                -6.2496640980832119,
                53.308134083596428,
                0
              ],
              [
                -6.2496827242819162,
                53.308138007961823,
                0
              ],
              [
                -6.2496922483940454,
                53.308136664690828,
                0
              ],
              [
                -6.2497177920374227,
                53.308134441090509,
                0
              ],
              [
                -6.2497440452062127,
                53.308132444512808,
                0
              ],
              [
                -6.2497753234220506,
                53.308131601155459,
                0
              ],
              [
                -6.2498278847141817,
                53.30813103327241,
                0
              ],
              [
                -6.2499391050660522,
                53.308130139715935,
                0
              ],
              [
                -6.2500666979721933,
                53.308129970756525,
                0
              ],
              [
                -6.2501181237576855,
                53.308129610788612,
                0
              ],
              [
                -6.2501508932656105,
                53.308127198306117,
                0
              ],
              [
                -6.2501943287978543,
                53.308124104609334,
                0
              ],
              [
                -6.2502457846792847,
                53.308118972304179,
                0
              ],
              [
                -6.2502663801329428,
                53.308114448717347,
                0
              ],
              [
                -6.2502919639521064,
                53.308106067781374,
                0
              ],
              [
                -6.2503384994530515,
                53.308092488061789,
                0
              ],
              [
                -6.2503846692793781,
                53.308078675558612,
                0
              ],
              [
                -6.2504090815616378,
                53.308073254296048,
                0
              ],
              [
                -6.250453706994425,
                53.308063079096641,
                0
              ],
              [
                -6.2505017823891027,
                53.308049968616487,
                0
              ],
              [
                -6.2505597726075557,
                53.308034802352914,
                0
              ],
              [
                -6.2505880197182773,
                53.308025510371195,
                0
              ],
              [
                -6.2506021164790031,
                53.308022804083457,
                0
              ],
              [
                -6.2506432813878456,
                53.308019489962788,
                0
              ],
              [
                -6.2507153089543781,
                53.308012573948567,
                0
              ],
              [
                -6.2507248515603058,
                53.308010079480844,
                0
              ],
              [
                -6.2507393281982919,
                53.308003954252349,
                0
              ],
              [
                -6.250836191098359,
                53.307989340936913,
                0
              ],
              [
                -6.2509010034364048,
                53.307979451757845,
                0
              ],
              [
                -6.2509883353469613,
                53.30796344917907,
                0
              ],
              [
                -6.2510340820571946,
                53.307953737819261,
                0
              ],
              [
                -6.2510497167506731,
                53.307951953749537,
                0
              ],
              [
                -6.251069545237546,
                53.307950402853002,
                0
              ],
              [
                -6.2511186831187571,
                53.307948003640568,
                0
              ],
              [
                -6.2511590710940528,
                53.307946035164321,
                0
              ],
              [
                -6.2511804071883601,
                53.307943579675673,
                0
              ],
              [
                -6.2511998428052795,
                53.307942021198905,
                0
              ],
              [
                -6.2512200375308344,
                53.307942524053878,
                0
              ],
              [
                -6.25124515147062,
                53.307944860720461,
                0
              ],
              [
                -6.2512721877351014,
                53.307947197705545,
                0
              ],
              [
                -6.2513212617707232,
                53.307955979667199,
                0
              ],
              [
                -6.2514038311200828,
                53.30796984747672,
                0
              ],
              [
                -6.2513973221170955,
                53.307913943539283,
                0
              ],
              [
                -6.2513944844506488,
                53.307888276634692,
                0
              ],
              [
                -6.2513915477206705,
                53.307861692381962,
                0
              ],
              [
                -6.2510608460213248,
                53.307877604950285,
                0
              ],
              [
                -6.250888658020946,
                53.307885434999349,
                0
              ],
              [
                -6.2507084555122274,
                53.307890279117025,
                0
              ],
              [
                -6.2505766621257735,
                53.307891130464789,
                0
              ],
              [
                -6.2504654643710911,
                53.30788928534605,
                0
              ],
              [
                -6.2503759785311592,
                53.307886804107085,
                0
              ],
              [
                -6.2502922153265272,
                53.307881591661264,
                0
              ],
              [
                -6.2502332073954197,
                53.307876439461218,
                0
              ],
              [
                -6.2499344651222106,
                53.307835617919686,
                0
              ],
              [
                -6.2497762355621882,
                53.307803329310964,
                0
              ],
              [
                -6.2496796354314572,
                53.307780304914822,
                0
              ],
              [
                -6.2495636716790468,
                53.307749012930195,
                0
              ],
              [
                -6.2494750842959235,
                53.307721206514721,
                0
              ],
              [
                -6.2493808342227721,
                53.307687700195274,
                0
              ],
              [
                -6.249296113420443,
                53.307655329577777,
                0
              ],
              [
                -6.2491844367133398,
                53.307606494100064,
                0
              ],
              [
                -6.2491077553504173,
                53.307567994583017,
                0
              ],
              [
                -6.2489836022111405,
                53.307503919637739,
                0
              ],
              [
                -6.2489563389449332,
                53.307488805691015,
                0
              ],
              [
                -6.2488633160368057,
                53.307430105119224,
                0
              ],
              [
                -6.2488147796272608,
                53.307395785615221,
                0
              ],
              [
                -6.2487427800205113,
                53.30733971079902,
                0
              ],
              [
                -6.2486802609756849,
                53.307287353355036,
                0
              ],
              [
                -6.2486204231898572,
                53.307231782428516,
                0
              ],
              [
                -6.24858260180158,
                53.307190861065934,
                0
              ],
              [
                -6.248545809894086,
                53.307149720218035,
                0
              ],
              [
                -6.2485090209207748,
                53.307095312841298,
                0
              ],
              [
                -6.248482590489072,
                53.307058802057732,
                0
              ],
              [
                -6.2484433694791397,
                53.306999218597909,
                0
              ],
              [
                -6.2484043697010545,
                53.306929212079154,
                0
              ],
              [
                -6.2483694966238623,
                53.306853306990909,
                0
              ],
              [
                -6.2483507059936914,
                53.306796198708355,
                0
              ],
              [
                -6.2483331439695586,
                53.306721617459807,
                0
              ],
              [
                -6.248320247908965,
                53.306656443465513,
                0
              ],
              [
                -6.2483118392899266,
                53.306603460442766,
                0
              ],
              [
                -6.2483079087278464,
                53.306546219876147,
                0
              ],
              [
                -6.2483076951526781,
                53.306512987418309,
                0
              ],
              [
                -6.2483071298496835,
                53.306473574910768,
                0
              ],
              [
                -6.2483095409732616,
                53.306429379465641,
                0
              ],
              [
                -6.2483224334488767,
                53.306342490392382,
                0
              ],
              [
                -6.2483346050918094,
                53.30628413001611,
                0
              ],
              [
                -6.2482406349771216,
                53.306290065234577,
                0
              ],
              [
                -6.2482058978010162,
                53.306292262225639,
                0
              ],
              [
                -6.2480396802537292,
                53.306302772510534,
                0
              ],
              [
                -6.2479297876680491,
                53.306383893444341,
                0
              ],
              [
                -6.2478994402295891,
                53.306406377357327,
                0
              ],
              [
                -6.247799205638132,
                53.30648059332588,
                0
              ],
              [
                -6.2477819606506735,
                53.306492394010355,
                0
              ],
              [
                -6.2479316699623597,
                53.306755646392347,
                0
              ],
              [
                -6.247778991474406,
                53.306911162988612,
                0
              ],
              [
                -6.2476293046303022,
                53.306927695895411,
                0
              ],
              [
                -6.2470943461853263,
                53.306972063588574,
                0
              ],
              [
                -6.2472110895703388,
                53.307068882553267,
                0
              ],
              [
                -6.2472703045917104,
                53.307117993329541,
                0
              ],
              [
                -6.2473526368378947,
                53.307186264171385,
                0
              ],
              [
                -6.2475770929991441,
                53.307411767594964,
                0
              ],
              [
                -6.2477563746713694,
                53.307595316928804,
                0
              ],
              [
                -6.2479488242672936,
                53.307805880169028,
                0
              ],
              [
                -6.2480353039759073,
                53.307900492895861,
                0
              ],
              [
                -6.2479614679602067,
                53.307925508992938,
                0
              ],
              [
                -6.2479352123464427,
                53.307928665516506,
                0
              ],
              [
                -6.2479566690502644,
                53.307963908818216,
                0
              ],
              [
                -6.2479183026300547,
                53.307975469337237,
                0
              ],
              [
                -6.2479197440529095,
                53.307977648576347,
                0
              ],
              [
                -6.2479516973308078,
                53.308025583702516,
                0
              ],
              [
                -6.2479774718563306,
                53.308064225947049,
                0
              ],
              [
                -6.2479675792704228,
                53.308080466076539,
                0
              ],
              [
                -6.247965099311596,
                53.308084518368744,
                0
              ],
              [
                -6.2479783512253535,
                53.308134732290156,
                0
              ],
              [
                -6.2479355077753267,
                53.308139047283774,
                0
              ],
              [
                -6.2478852482287532,
                53.308231155946501,
                0
              ],
              [
                -6.2479530190230328,
                53.308245426224694,
                0
              ],
              [
                -6.2479299339553709,
                53.30835327964337,
                0
              ],
              [
                -6.2479008264260889,
                53.30840367929769,
                0
              ],
              [
                -6.2479049132603208,
                53.308406085254191,
                0
              ],
              [
                -6.2478827586955052,
                53.308455338592857,
                0
              ],
              [
                -6.2478459122743519,
                53.308537245865431,
                0
              ],
              [
                -6.2478153887706629,
                53.308598762852341,
                0
              ],
              [
                -6.2478065060237062,
                53.308614451549296,
                0
              ],
              [
                -6.2478018745178838,
                53.308622632857407,
                0
              ],
              [
                -6.2477675846134577,
                53.308683186689365,
                0
              ],
              [
                -6.2477129998250716,
                53.308751864252272,
                0
              ],
              [
                -6.2476789751387782,
                53.308781645518486,
                0
              ],
              [
                -6.2476314666335249,
                53.308809744702941,
                0
              ],
              [
                -6.2475703832716807,
                53.30884798260908,
                0
              ],
              [
                -6.2474957591200457,
                53.308864349201706,
                0
              ],
              [
                -6.2475098928568542,
                53.308883099512144,
                0
              ],
              [
                -6.2473543148003081,
                53.308884246759177,
                0
              ],
              [
                -6.247340629083399,
                53.308862987221417,
                0
              ],
              [
                -6.2472607788790713,
                53.308869184034826,
                0
              ],
              [
                -6.2472733900417605,
                53.308888099850378,
                0
              ],
              [
                -6.2471906962324999,
                53.308877258171201,
                0
              ],
              [
                -6.2471080920852691,
                53.308866426740423,
                0
              ],
              [
                -6.2470183372042261,
                53.308815088260218,
                0
              ],
              [
                -6.2468937390301624,
                53.3087707246885,
                0
              ],
              [
                -6.2468607097095754,
                53.308771074166501,
                0
              ],
              [
                -6.2467705392253023,
                53.30876039372982,
                0
              ],
              [
                -6.2466806570139353,
                53.308751358705138,
                0
              ],
              [
                -6.2466817518198328,
                53.308794914464301,
                0
              ],
              [
                -6.2466826514034413,
                53.308850996882008,
                0
              ],
              [
                -6.2466821879137928,
                53.308914633602939,
                0
              ],
              [
                -6.2466841318968473,
                53.308963540826426,
                0
              ],
              [
                -6.2466984120859159,
                53.30898306727056,
                0
              ],
              [
                -6.2467335672413649,
                53.309008517313053,
                0
              ],
              [
                -6.2467719818759155,
                53.309020675897564,
                0
              ],
              [
                -6.2467899472569588,
                53.30902315109207,
                0
              ],
              [
                -6.2468349604769635,
                53.309022967910721,
                0
              ],
              [
                -6.2470221937779584,
                53.309022097876394,
                0
              ],
              [
                -6.247057867158853,
                53.309022379536785,
                0
              ],
              [
                -6.2470947163177426,
                53.309025536710386,
                0
              ],
              [
                -6.2471352672118909,
                53.309036836745435,
                0
              ],
              [
                -6.2471640599022233,
                53.309051623940952,
                0
              ],
              [
                -6.2471990735589342,
                53.309069144186452,
                0
              ],
              [
                -6.2472315910122731,
                53.309092246248625,
                0
              ],
              [
                -6.2472575918488742,
                53.3091242649812,
                0
              ],
              [
                -6.2472699084210772,
                53.309142314499653,
                0
              ],
              [
                -6.2472820364358039,
                53.309190571427528,
                0
              ],
              [
                -6.2473051875501966,
                53.309194750514763,
                0
              ],
              [
                -6.2473562103297366,
                53.309203967210095,
                0
              ],
              [
                -6.2474364896568151,
                53.309218448556543,
                0
              ],
              [
                -6.2475723126272618,
                53.309243120688279,
                0
              ],
              [
                -6.2475640301150381,
                53.309258072167708,
                0
              ],
              [
                -6.2475555175920752,
                53.309277246510213,
                0
              ],
              [
                -6.2475509841319248,
                53.309292666533743,
                0
              ],
              [
                -6.247542177202317,
                53.309323717128812,
                0
              ],
              [
                -6.2475566523610571,
                53.309324611132062,
                0
              ],
              [
                -6.2475784600475572,
                53.309326784935671,
                0
              ],
              [
                -6.247580769513549,
                53.309347670554835,
                0
              ],
              [
                -6.2475740308463505,
                53.309351383426112,
                0
              ],
              [
                -6.247570313767965,
                53.309353431143677,
                0
              ],
              [
                -6.2475750347813053,
                53.309367540953282,
                0
              ],
              [
                -6.2475730658879485,
                53.309403114212785,
                0
              ],
              [
                -6.2475769896360625,
                53.309405876411773,
                0
              ],
              [
                -6.2476089034430391,
                53.309428412229678,
                0
              ],
              [
                -6.2476154195471372,
                53.309433064083812,
                0
              ],
              [
                -6.247680579157378,
                53.309479619435272,
                0
              ],
              [
                -6.2476924797615689,
                53.309489438608956,
                0
              ],
              [
                -6.2477383128736301,
                53.309527250287886,
                0
              ],
              [
                -6.2477630254687293,
                53.309517456728528,
                0
              ],
              [
                -6.2477640072654861,
                53.309445853319794,
                0
              ],
              [
                -6.2479121176523984,
                53.309466598886509,
                0
              ],
              [
                -6.247910793316902,
                53.309503333004521,
                0
              ],
              [
                -6.2479097595401862,
                53.30953183641892,
                0
              ],
              [
                -6.2479122671867904,
                53.309547190917904,
                0
              ],
              [
                -6.247847455742332,
                53.309549617413296,
                0
              ],
              [
                -6.2476491061002974,
                53.309660286841947,
                0
              ]
            ]
          ],
          [
            [
              [
                -6.2388780217091995,
                53.313152960654534,
                0
              ],
              [
                -6.2388689149235734,
                53.313180986177692,
                0
              ],
              [
                -6.238815357328729,
                53.313345900671948,
                0
              ],
              [
                -6.2388114048274979,
                53.313358058153923,
                0
              ],
              [
                -6.2388730457488597,
                53.313368235197217,
                0
              ],
              [
                -6.2389019616938333,
                53.31337423395167,
                0
              ],
              [
                -6.2389270377862722,
                53.313380905841619,
                0
              ],
              [
                -6.2389536492653912,
                53.313389181419488,
                0
              ],
              [
                -6.2389791141896724,
                53.313397673754935,
                0
              ],
              [
                -6.2390041830171699,
                53.313405944519943,
                0
              ],
              [
                -6.2390285408466353,
                53.313411471473621,
                0
              ],
              [
                -6.2390513626469399,
                53.313415629312615,
                0
              ],
              [
                -6.2390756997681134,
                53.313419107542678,
                0
              ],
              [
                -6.239101962627613,
                53.31342236342951,
                0
              ],
              [
                -6.2391746483902404,
                53.313431885459494,
                0
              ],
              [
                -6.2392184050523722,
                53.313437914487594,
                0
              ],
              [
                -6.2392461924021196,
                53.313441398678556,
                0
              ],
              [
                -6.23926940396262,
                53.313443052727472,
                0
              ],
              [
                -6.2392960534464441,
                53.313444938187452,
                0
              ],
              [
                -6.2393207813200338,
                53.313449097148712,
                0
              ],
              [
                -6.2393534797682921,
                53.313455782602638,
                0
              ],
              [
                -6.2394105303832426,
                53.313467770134316,
                0
              ],
              [
                -6.2394527671976361,
                53.313476085705801,
                0
              ],
              [
                -6.2395090548119505,
                53.313487614315235,
                0
              ],
              [
                -6.2395413781232447,
                53.31349316885877,
                0
              ],
              [
                -6.2395687735636391,
                53.313497789587935,
                0
              ],
              [
                -6.2396102439486416,
                53.313503577996705,
                0
              ],
              [
                -6.2396384063226131,
                53.313507068529901,
                0
              ],
              [
                -6.2396851920503549,
                53.313515390039733,
                0
              ],
              [
                -6.2397418679342911,
                53.313526239369196,
                0
              ],
              [
                -6.2398122526159563,
                53.313538037010836,
                0
              ],
              [
                -6.2398944176879967,
                53.313552784913057,
                0
              ],
              [
                -6.2400005686783233,
                53.313570396216626,
                0
              ],
              [
                -6.2401067009249518,
                53.313588428694395,
                0
              ],
              [
                -6.2401812801308187,
                53.313600458786006,
                0
              ],
              [
                -6.2402756355565296,
                53.313615494152764,
                0
              ],
              [
                -6.2403533014090131,
                53.313619551316684,
                0
              ],
              [
                -6.2405219571398725,
                53.313627461180971,
                0
              ],
              [
                -6.2405954471061449,
                53.313630145206247,
                0
              ],
              [
                -6.2406434222935294,
                53.313631850603088,
                0
              ],
              [
                -6.2406773218884677,
                53.31363192821815,
                0
              ],
              [
                -6.2407096715251829,
                53.313631083243088,
                0
              ],
              [
                -6.2407638040898652,
                53.313628242412413,
                0
              ],
              [
                -6.240955036394829,
                53.313618874121197,
                0
              ],
              [
                -6.2410586698501671,
                53.313613410628825,
                0
              ],
              [
                -6.2411596373350484,
                53.313605657988667,
                0
              ],
              [
                -6.2412137412862387,
                53.31360099282935,
                0
              ],
              [
                -6.2412720554968457,
                53.313594967799546,
                0
              ],
              [
                -6.2413357028149621,
                53.31358735856675,
                0
              ],
              [
                -6.2413841136996036,
                53.313581313286619,
                0
              ],
              [
                -6.2414302932868511,
                53.31357445311486,
                0
              ],
              [
                -6.2414603531853761,
                53.313569394668825,
                0
              ],
              [
                -6.2415129710221251,
                53.313559257925682,
                0
              ],
              [
                -6.2415556913807961,
                53.313549543287657,
                0
              ],
              [
                -6.2416079422498099,
                53.313537342798092,
                0
              ],
              [
                -6.2416674355776642,
                53.313523112568404,
                0
              ],
              [
                -6.2417277000476759,
                53.313509107596474,
                0
              ],
              [
                -6.2418234478182999,
                53.313486295939846,
                0
              ],
              [
                -6.2418734132144351,
                53.313473864802333,
                0
              ],
              [
                -6.2419153830933753,
                53.313462321562625,
                0
              ],
              [
                -6.2419607733311517,
                53.31344942836639,
                0
              ],
              [
                -6.2420027476441788,
                53.313436753549141,
                0
              ],
              [
                -6.24203290435858,
                53.313426778951111,
                0
              ],
              [
                -6.2420584946700597,
                53.313415436448835,
                0
              ],
              [
                -6.2420951502892308,
                53.313400013713604,
                0
              ],
              [
                -6.2421215059047501,
                53.313387979601913,
                0
              ],
              [
                -6.2421306610467742,
                53.313385715592645,
                0
              ],
              [
                -6.2421496986081362,
                53.313385987195765,
                0
              ],
              [
                -6.2421668479272956,
                53.313385350123738,
                0
              ],
              [
                -6.2421817256591856,
                53.31338195704857,
                0
              ],
              [
                -6.2421954566327083,
                53.313378347532499,
                0
              ],
              [
                -6.2422095874540684,
                53.31337267752437,
                0
              ],
              [
                -6.2422561725348151,
                53.313352251751894,
                0
              ],
              [
                -6.2423012415000292,
                53.313330005082058,
                0
              ],
              [
                -6.242331817773934,
                53.313314564585987,
                0
              ],
              [
                -6.2423616114814822,
                53.31330027112643,
                0
              ],
              [
                -6.2423895094446076,
                53.313285725916671,
                0
              ],
              [
                -6.2424185511616805,
                53.313270739158,
                0
              ],
              [
                -6.2424441500209129,
                53.313256663393126,
                0
              ],
              [
                -6.2424628733718155,
                53.313246207412789,
                0
              ],
              [
                -6.2424865916006258,
                53.313231438800088,
                0
              ],
              [
                -6.2425057190541038,
                53.313218489153975,
                0
              ],
              [
                -6.2425259739401424,
                53.313205531850166,
                0
              ],
              [
                -6.2425458563460232,
                53.313192800050622,
                0
              ],
              [
                -6.2425688064104019,
                53.313177804386157,
                0
              ],
              [
                -6.2425898254993548,
                53.313163706946014,
                0
              ],
              [
                -6.2426177534571394,
                53.313144810945758,
                0
              ],
              [
                -6.2426479774202823,
                53.313125519134623,
                0
              ],
              [
                -6.2426972964253409,
                53.313092565297858,
                0
              ],
              [
                -6.2427389936054452,
                53.313064373434528,
                0
              ],
              [
                -6.2427780068820642,
                53.31303823626039,
                0
              ],
              [
                -6.2428123695193296,
                53.313016873388214,
                0
              ],
              [
                -6.242834189309292,
                53.313004836109727,
                0
              ],
              [
                -6.2428628595554772,
                53.312989384475372,
                0
              ],
              [
                -6.2428842768951949,
                53.312977352044427,
                0
              ],
              [
                -6.2428991559047269,
                53.312970999989524,
                0
              ],
              [
                -6.2429338999791959,
                53.312957849812996,
                0
              ],
              [
                -6.242953373636472,
                53.312951044126081,
                0
              ],
              [
                -6.242977415172958,
                53.312941988575723,
                0
              ],
              [
                -6.2429949715910453,
                53.312934724103563,
                0
              ],
              [
                -6.243015235229862,
                53.312924506445228,
                0
              ],
              [
                -6.243039664790297,
                53.312912470724058,
                0
              ],
              [
                -6.2430664150165383,
                53.312898854007386,
                0
              ],
              [
                -6.2430928040868361,
                53.312883396577519,
                0
              ],
              [
                -6.243116878061028,
                53.3128690914792,
                0
              ],
              [
                -6.2431413476290816,
                53.312853631828844,
                0
              ],
              [
                -6.2431711766068601,
                53.312835907000874,
                0
              ],
              [
                -6.2432044233542969,
                53.312815687055732,
                0
              ],
              [
                -6.2432262231026234,
                53.312802049514644,
                0
              ],
              [
                -6.2432430516160062,
                53.312792041876705,
                0
              ],
              [
                -6.2432525991320569,
                53.312786833640011,
                0
              ],
              [
                -6.243265176778352,
                53.31278389191381,
                0
              ],
              [
                -6.2433048314303488,
                53.312778741538551,
                0
              ],
              [
                -6.2433215999576159,
                53.312776041298136,
                0
              ],
              [
                -6.2433383829811575,
                53.312770831768084,
                0
              ],
              [
                -6.2433555803071696,
                53.312761746341387,
                0
              ],
              [
                -6.2433746957911458,
                53.312751305882557,
                0
              ],
              [
                -6.2433884549713463,
                53.312743347264202,
                0
              ],
              [
                -6.2434121018788939,
                53.312735417427298,
                0
              ],
              [
                -6.2434247204898234,
                53.312729284583817,
                0
              ],
              [
                -6.243501532142929,
                53.312687261786841,
                0
              ],
              [
                -6.2435821641179006,
                53.312642512460897,
                0
              ],
              [
                -6.2436146634559568,
                53.312624806176707,
                0
              ],
              [
                -6.2436520918029963,
                53.312606177477875,
                0
              ],
              [
                -6.2436734919989956,
                53.31259528345754,
                0
              ],
              [
                -6.2436987344834254,
                53.312578462580909,
                0
              ],
              [
                -6.2437277972931717,
                53.312558917910785,
                0
              ],
              [
                -6.2437526730752131,
                53.312540499815775,
                0
              ],
              [
                -6.2437714475561092,
                53.312521837275732,
                0
              ],
              [
                -6.2437768576322439,
                53.31250930741821,
                0
              ],
              [
                -6.2438214036172273,
                53.312510322887114,
                0
              ],
              [
                -6.2438442613108771,
                53.312509913441964,
                0
              ],
              [
                -6.24385181895238,
                53.312512666352482,
                0
              ],
              [
                -6.2438667202343598,
                53.312510882300977,
                0
              ],
              [
                -6.2438800685644438,
                53.312508174765455,
                0
              ],
              [
                -6.2438995155073949,
                53.312504570123316,
                0
              ],
              [
                -6.2439357836938605,
                53.312490506429846,
                0
              ],
              [
                -6.2439648094711018,
                53.312477343666224,
                0
              ],
              [
                -6.2439839139982061,
                53.3124671267555,
                0
              ],
              [
                -6.24399722855419,
                53.312461219815376,
                0
              ],
              [
                -6.2440335182777593,
                53.312452406407303,
                0
              ],
              [
                -6.244062885599833,
                53.31244518084943,
                0
              ],
              [
                -6.2440743224262238,
                53.312442240218992,
                0
              ],
              [
                -6.2440888091875415,
                53.312440681932152,
                0
              ],
              [
                -6.2441040375273564,
                53.312441166789618,
                0
              ],
              [
                -6.2441173672331409,
                53.312442568350725,
                0
              ],
              [
                -6.2441531166332762,
                53.3124499157937,
                0
              ],
              [
                -6.2442006675161696,
                53.312457797390245,
                0
              ],
              [
                -6.2442166421612493,
                53.312460576218548,
                0
              ],
              [
                -6.2442330199156517,
                53.312460152197787,
                0
              ],
              [
                -6.2442478929931049,
                53.312457226184428,
                0
              ],
              [
                -6.2442620123855033,
                53.312454745673783,
                0
              ],
              [
                -6.2442806649239015,
                53.312454076500345,
                0
              ],
              [
                -6.2442985726454365,
                53.312453234572324,
                0
              ],
              [
                -6.2443222038489994,
                53.312451237424845,
                0
              ],
              [
                -6.2443416058656247,
                53.312453113942119,
                0
              ],
              [
                -6.2443587192612533,
                53.312456304095512,
                0
              ],
              [
                -6.2443811498017041,
                53.312462315709112,
                0
              ],
              [
                -6.2443971156321636,
                53.312468966492382,
                0
              ],
              [
                -6.2444172288916553,
                53.312478818794041,
                0
              ],
              [
                -6.244432026134719,
                53.312487979847958,
                0
              ],
              [
                -6.2444399842071308,
                53.312494836327559,
                0
              ],
              [
                -6.2444874917129711,
                53.312508165806562,
                0
              ],
              [
                -6.2445061563452215,
                53.312508665239392,
                0
              ],
              [
                -6.2445244489517675,
                53.312508026682508,
                0
              ],
              [
                -6.244557946309496,
                53.312509472471341,
                0
              ],
              [
                -6.2445914494532584,
                53.312511143040432,
                0
              ],
              [
                -6.2446177241751117,
                53.312511655593866,
                0
              ],
              [
                -6.2446451206539519,
                53.312515590273598,
                0
              ],
              [
                -6.2447014051170289,
                53.312525991065684,
                0
              ],
              [
                -6.2447413629048549,
                53.312534290996645,
                0
              ],
              [
                -6.2447691202863291,
                53.312539598960441,
                0
              ],
              [
                -6.244788141172311,
                53.31254169450014,
                0
              ],
              [
                -6.2448280897945061,
                53.312549084662891,
                0
              ],
              [
                -6.2448512909879845,
                53.312553471679379,
                0
              ],
              [
                -6.2448737546151296,
                53.312554656133948,
                0
              ],
              [
                -6.2449064947232173,
                53.312556306397191,
                0
              ],
              [
                -6.2449274292086745,
                53.312557486315512,
                0
              ],
              [
                -6.2449483832536004,
                53.312556653165331,
                0
              ],
              [
                -6.2449697019314936,
                53.312557614025238,
                0
              ],
              [
                -6.2449967336554115,
                53.312559027464317,
                0
              ],
              [
                -6.2450126975306439,
                53.312563863421573,
                0
              ],
              [
                -6.2450286579708791,
                53.312570283043684,
                0
              ],
              [
                -6.2450484089770244,
                53.312577629394958,
                0
              ],
              [
                -6.2450613413760427,
                53.312581766399141,
                0
              ],
              [
                -6.2450712288358634,
                53.312584069050708,
                0
              ],
              [
                -6.2450857035485186,
                53.312584560669563,
                0
              ],
              [
                -6.2451134990780321,
                53.312582794516508,
                0
              ],
              [
                -6.2451382719798652,
                53.312581027924743,
                0
              ],
              [
                -6.2451481760566843,
                53.312580364714591,
                0
              ],
              [
                -6.2451615042559236,
                53.312581073147491,
                0
              ],
              [
                -6.2451759483663167,
                53.312583847303166,
                0
              ],
              [
                -6.2451904058905745,
                53.312585928665662,
                0
              ],
              [
                -6.2452018390770174,
                53.312585270871836,
                0
              ],
              [
                -6.2452129116366599,
                53.312582099169617,
                0
              ],
              [
                -6.2452232195982331,
                53.312577334296869,
                0
              ],
              [
                -6.2452346875692974,
                53.312570743014525,
                0
              ],
              [
                -6.2452453254122844,
                53.312566424313133,
                0
              ],
              [
                -6.2452549067424075,
                53.312564409017263,
                0
              ],
              [
                -6.24527053218024,
                53.312562166261891,
                0
              ],
              [
                -6.2452937793764063,
                53.312561079167637,
                0
              ],
              [
                -6.2453154561850122,
                53.31255952944278,
                0
              ],
              [
                -6.2453543686858719,
                53.312554824968295,
                0
              ],
              [
                -6.2453814310457094,
                53.312551466945521,
                0
              ],
              [
                -6.2454061995040373,
                53.312548783438459,
                0
              ],
              [
                -6.2454203072860404,
                53.312546987519475,
                0
              ],
              [
                -6.2454534663759231,
                53.312542045572648,
                0
              ],
              [
                -6.2454969068265589,
                53.312537120940192,
                0
              ],
              [
                -6.2455296389045012,
                53.312532417169088,
                0
              ],
              [
                -6.2455746828444161,
                53.312524988620112,
                0
              ],
              [
                -6.2456204285215735,
                53.312516880084338,
                0
              ],
              [
                -6.2456566667252353,
                53.312508291029637,
                0
              ],
              [
                -6.2456871618576022,
                53.312501737799948,
                0
              ],
              [
                -6.2457356171732457,
                53.312489769105298,
                0
              ],
              [
                -6.245765746002979,
                53.312481168353152,
                0
              ],
              [
                -6.2457905567895482,
                53.312473461895138,
                0
              ],
              [
                -6.2458169584133847,
                53.312454373728009,
                0
              ],
              [
                -6.245850216818984,
                53.312432769944465,
                0
              ],
              [
                -6.2458647180032045,
                53.31242756425079,
                0
              ],
              [
                -6.2459394776432671,
                53.312410623594801,
                0
              ],
              [
                -6.2459509105863056,
                53.312408140226502,
                0
              ],
              [
                -6.245958920626709,
                53.312407476058283,
                0
              ],
              [
                -6.2459949136458581,
                53.312376313076072,
                0
              ],
              [
                -6.2460094851582317,
                53.312358776615802,
                0
              ],
              [
                -6.246024083813194,
                53.312339882438891,
                0
              ],
              [
                -6.2460409389444704,
                53.312324409988605,
                0
              ],
              [
                -6.2460520222217806,
                53.312315080564417,
                0
              ],
              [
                -6.2460669905334525,
                53.312296650215764,
                0
              ],
              [
                -6.2460738925694548,
                53.312290504931923,
                0
              ],
              [
                -6.2460880684352826,
                53.312277528639463,
                0
              ],
              [
                -6.2461382009434345,
                53.312238187575254,
                0
              ],
              [
                -6.2461826233635707,
                53.31220088283483,
                0
              ],
              [
                -6.2462051949231752,
                53.312181091112649,
                0
              ],
              [
                -6.246227808741474,
                53.312158108304843,
                0
              ],
              [
                -6.2462451021098309,
                53.31213465177801,
                0
              ],
              [
                -6.2462547404367665,
                53.312116196960019,
                0
              ],
              [
                -6.2462628398520934,
                53.312099110882741,
                0
              ],
              [
                -6.2462698024092767,
                53.312082701975669,
                0
              ],
              [
                -6.246268365594827,
                53.31206832852174,
                0
              ],
              [
                -6.2462700300429459,
                53.312047131003617,
                0
              ],
              [
                -6.2462735493076336,
                53.312032307313544,
                0
              ],
              [
                -6.2462785603365933,
                53.312023195076975,
                0
              ],
              [
                -6.2462850703614263,
                53.312015920494289,
                0
              ],
              [
                -6.2462931052082311,
                53.312008865173688,
                0
              ],
              [
                -6.2463045860856594,
                53.312000450277878,
                0
              ],
              [
                -6.2463550970855657,
                53.311963615201407,
                0
              ],
              [
                -6.2463753580251158,
                53.31194746473998,
                0
              ],
              [
                -6.2463918333748083,
                53.311932902552421,
                0
              ],
              [
                -6.2464056188656869,
                53.311920620662356,
                0
              ],
              [
                -6.2464473782257031,
                53.311880572125915,
                0
              ],
              [
                -6.2464791971697684,
                53.311847567969295,
                0
              ],
              [
                -6.2465593369286037,
                53.311760851692959,
                0
              ],
              [
                -6.2466885528210128,
                53.3116188236231,
                0
              ],
              [
                -6.2468135984152457,
                53.31147746125658,
                0
              ],
              [
                -6.2468933667583819,
                53.311387322892557,
                0
              ],
              [
                -6.2469298722243183,
                53.311328565362359,
                0
              ],
              [
                -6.2469333954021948,
                53.311318766103497,
                0
              ],
              [
                -6.2469349686090672,
                53.311309637462536,
                0
              ],
              [
                -6.2470391501790035,
                53.311215230732927,
                0
              ],
              [
                -6.2470586637247871,
                53.311199761262152,
                0
              ],
              [
                -6.2470778045056639,
                53.31118566060227,
                0
              ],
              [
                -6.2470927168074075,
                53.311174070208104,
                0
              ],
              [
                -6.2471122948088489,
                53.31114970157973,
                0
              ],
              [
                -6.2471257357570495,
                53.31113080014196,
                0
              ],
              [
                -6.2471334500846458,
                53.311116909037786,
                0
              ],
              [
                -6.2471384827395333,
                53.311103232885444,
                0
              ],
              [
                -6.2471416129800135,
                53.311089103631765,
                0
              ],
              [
                -6.2471450717777408,
                53.311083401132059,
                0
              ],
              [
                -6.2471573611023254,
                53.311068833943317,
                0
              ],
              [
                -6.2471650479324765,
                53.311056272683707,
                0
              ],
              [
                -6.2471723578240539,
                53.311043094687456,
                0
              ],
              [
                -6.2471789285464485,
                53.311027372059144,
                0
              ],
              [
                -6.2471831935263982,
                53.311015948745151,
                0
              ],
              [
                -6.2471897365668996,
                53.311005736362944,
                0
              ],
              [
                -6.2472020121057685,
                53.310990698885227,
                0
              ],
              [
                -6.2472135316270325,
                53.310976567988604,
                0
              ],
              [
                -6.2472307941586269,
                53.3109563295355,
                0
              ],
              [
                -6.2472484434883295,
                53.310935807345054,
                0
              ],
              [
                -6.2472584057017562,
                53.310923092565126,
                0
              ],
              [
                -6.2472752359756631,
                53.310912634084204,
                0
              ],
              [
                -6.2472867394350802,
                53.310899663318686,
                0
              ],
              [
                -6.2472948242543476,
                53.310886910159724,
                0
              ],
              [
                -6.2473010024294231,
                53.310872781652051,
                0
              ],
              [
                -6.2473075656222452,
                53.310859109110069,
                0
              ],
              [
                -6.2473156426025511,
                53.310845448028246,
                0
              ],
              [
                -6.2473245066862662,
                53.310829498437521,
                0
              ],
              [
                -6.2473371350887374,
                53.310814673758692,
                0
              ],
              [
                -6.2473444557559619,
                53.310804453920632,
                0
              ],
              [
                -6.2473532681014445,
                53.310794895062728,
                0
              ],
              [
                -6.2473628263522629,
                53.310788302479402,
                0
              ],
              [
                -6.2473731770985426,
                53.310779656057377,
                0
              ],
              [
                -6.2473773843899663,
                53.310775097061139,
                0
              ],
              [
                -6.2473831870720362,
                53.310762806507128,
                0
              ],
              [
                -6.2473908851169933,
                53.310748906159034,
                0
              ],
              [
                -6.2473962822292277,
                53.310737283758009,
                0
              ],
              [
                -6.2474101457401021,
                53.31071428898904,
                0
              ],
              [
                -6.2474270628001927,
                53.310686726355726,
                0
              ],
              [
                -6.2474563240453822,
                53.310635924611582,
                0
              ],
              [
                -6.2474855565698491,
                53.310590145033672,
                0
              ],
              [
                -6.2475055850375556,
                53.310553705542553,
                0
              ],
              [
                -6.2475113476150312,
                53.31054345471005,
                0
              ],
              [
                -6.2475389009999116,
                53.310521846628347,
                0
              ],
              [
                -6.2475537110357111,
                53.31049589156207,
                0
              ],
              [
                -6.2474665333640234,
                53.310459943140145,
                0
              ],
              [
                -6.2474093038867791,
                53.31043705325559,
                0
              ],
              [
                -6.2473737624823702,
                53.31042282488923,
                0
              ],
              [
                -6.2473548641997576,
                53.310415265844789,
                0
              ],
              [
                -6.2472766486425391,
                53.310382226332251,
                0
              ],
              [
                -6.2472089154483417,
                53.310351211265349,
                0
              ],
              [
                -6.2471334425804015,
                53.310315299794844,
                0
              ],
              [
                -6.2470630309836386,
                53.310282302032839,
                0
              ],
              [
                -6.2470522310169621,
                53.310273748332605,
                0
              ],
              [
                -6.2470378039006107,
                53.310269843036657,
                0
              ],
              [
                -6.2470217269996127,
                53.310283492575905,
                0
              ],
              [
                -6.2470132251373247,
                53.310301956071093,
                0
              ],
              [
                -6.2470104079406985,
                53.310325659641421,
                0
              ],
              [
                -6.2470051827755304,
                53.310356853622764,
                0
              ],
              [
                -6.2470030213016523,
                53.310524308527974,
                0
              ],
              [
                -6.2470028947176086,
                53.310526958180922,
                0
              ],
              [
                -6.247002795612036,
                53.31052871750898,
                0
              ],
              [
                -6.2470026481066556,
                53.310530486012638,
                0
              ],
              [
                -6.2470024830080906,
                53.310532244370705,
                0
              ],
              [
                -6.2470023085055733,
                53.31053401247754,
                0
              ],
              [
                -6.2470020983013335,
                53.310535772869066,
                0
              ],
              [
                -6.2470018638419651,
                53.310537539195828,
                0
              ],
              [
                -6.2470015967173786,
                53.310539296953067,
                0
              ],
              [
                -6.2470013145575374,
                53.310541055388136,
                0
              ],
              [
                -6.2470010024376776,
                53.310542812484016,
                0
              ],
              [
                -6.2470006603577826,
                53.310544568240722,
                0
              ],
              [
                -6.2470003006110506,
                53.310546315648402,
                0
              ],
              [
                -6.2469999134990672,
                53.310548071641989,
                0
              ],
              [
                -6.2469994967215108,
                53.310549819110214,
                0
              ],
              [
                -6.2469990649823153,
                53.310551565459676,
                0
              ],
              [
                -6.24699860328308,
                53.31055331046997,
                0
              ],
              [
                -6.2469981122863381,
                53.310555037972101,
                0
              ],
              [
                -6.2469976055917993,
                53.310556782321008,
                0
              ],
              [
                -6.2469970687899465,
                53.310558528923856,
                0
              ],
              [
                -6.2469965028010321,
                53.310560255323665,
                0
              ],
              [
                -6.2469959214823749,
                53.310561989587526,
                0
              ],
              [
                -6.2469953104981171,
                53.310563715325998,
                0
              ],
              [
                -6.2469946845522157,
                53.310565439945698,
                0
              ],
              [
                -6.2469940135005846,
                53.310567166598908,
                0
              ],
              [
                -6.2469933429274151,
                53.310568881574476,
                0
              ],
              [
                -6.2469926269540368,
                53.310570605769733,
                0
              ],
              [
                -6.2469918967183764,
                53.310572311778991,
                0
              ],
              [
                -6.2469911364490072,
                53.310574018245603,
                0
              ],
              [
                -6.2469903627178214,
                53.310575723615536,
                0
              ],
              [
                -6.2469895575266836,
                53.310577427624196,
                0
              ],
              [
                -6.2469887376683566,
                53.310579123327948,
                0
              ],
              [
                -6.2469878731827908,
                53.310580809387524,
                0
              ],
              [
                -6.2469870086603594,
                53.31058249634539,
                0
              ],
              [
                -6.2469856446229253,
                53.310585019951297,
                0
              ],
              [
                -6.2468752692759715,
                53.310799876988312,
                0
              ],
              [
                -6.2468484744034507,
                53.310884224586225,
                0
              ],
              [
                -6.2468385551202807,
                53.310928883959839,
                0
              ],
              [
                -6.2468324899098286,
                53.310969987636703,
                0
              ],
              [
                -6.2468201974025028,
                53.311019053182726,
                0
              ],
              [
                -6.2468056575004924,
                53.311108344652119,
                0
              ],
              [
                -6.2467833475872059,
                53.311181791682976,
                0
              ],
              [
                -6.246769105659471,
                53.311206317796696,
                0
              ],
              [
                -6.2467674107282622,
                53.311209590644204,
                0
              ],
              [
                -6.2467195043739094,
                53.311292098973759,
                0
              ],
              [
                -6.2467178063620112,
                53.311295373572939,
                0
              ],
              [
                -6.2467081105549704,
                53.311314105317948,
                0
              ],
              [
                -6.2466749936676154,
                53.311370369841775,
                0
              ],
              [
                -6.2466549090794068,
                53.311410018949083,
                0
              ],
              [
                -6.2466455762466691,
                53.311425312653142,
                0
              ],
              [
                -6.2466290573006038,
                53.311450831725296,
                0
              ],
              [
                -6.2466044627813604,
                53.31148520856717,
                0
              ],
              [
                -6.2465737627581817,
                53.311522778125216,
                0
              ],
              [
                -6.2465484329695222,
                53.311554880023138,
                0
              ],
              [
                -6.2465192816293351,
                53.311587653772634,
                0
              ],
              [
                -6.2464924563363997,
                53.311615634162173,
                0
              ],
              [
                -6.24647288478414,
                53.311637268581002,
                0
              ],
              [
                -6.246438807633429,
                53.311669349703656,
                0
              ],
              [
                -6.2462258740793208,
                53.31186159483358,
                0
              ],
              [
                -6.2461848794125805,
                53.311897995450309,
                0
              ],
              [
                -6.2461427715241911,
                53.311934165764043,
                0
              ],
              [
                -6.2461105967743036,
                53.311963065090914,
                0
              ],
              [
                -6.2460795859130815,
                53.311990590155013,
                0
              ],
              [
                -6.2460485687140217,
                53.312017207311705,
                0
              ],
              [
                -6.2460114000505831,
                53.312051795493147,
                0
              ],
              [
                -6.2459972411052158,
                53.312064763037249,
                0
              ],
              [
                -6.2459734918440102,
                53.312087288682484,
                0
              ],
              [
                -6.245944361918033,
                53.312116189601809,
                0
              ],
              [
                -6.2459029973978861,
                53.312154643876084,
                0
              ],
              [
                -6.2458290296069068,
                53.312228373593129,
                0
              ],
              [
                -6.2458029657644847,
                53.312254306736421,
                0
              ],
              [
                -6.2457734897849146,
                53.312278428902054,
                0
              ],
              [
                -6.2457512988564892,
                53.312296618156893,
                0
              ],
              [
                -6.245709221307215,
                53.312325040055832,
                0
              ],
              [
                -6.2456969730924667,
                53.312334558142759,
                0
              ],
              [
                -6.2456744344785564,
                53.312346622217035,
                0
              ],
              [
                -6.2456495924164761,
                53.312359117992244,
                0
              ],
              [
                -6.2456201727800469,
                53.312373848300396,
                0
              ],
              [
                -6.2455953731077614,
                53.312383845973727,
                0
              ],
              [
                -6.2455739831728643,
                53.312392016168793,
                0
              ],
              [
                -6.2455484162892363,
                53.312400630051414,
                0
              ],
              [
                -6.2455308684647459,
                53.312405834931276,
                0
              ],
              [
                -6.2455121828345179,
                53.312411007790772,
                0
              ],
              [
                -6.2454957694530808,
                53.312415557936816,
                0
              ],
              [
                -6.2454759419148651,
                53.31241893253479,
                0
              ],
              [
                -6.2454561350132112,
                53.312421401424416,
                0
              ],
              [
                -6.2454359422574273,
                53.312422263839309,
                0
              ],
              [
                -6.2454127061465838,
                53.312421984920341,
                0
              ],
              [
                -6.2453906382074766,
                53.312420339002749,
                0
              ],
              [
                -6.245365124931582,
                53.312418460832362,
                0
              ],
              [
                -6.2453403897450004,
                53.312415212620351,
                0
              ],
              [
                -6.2453145252761351,
                53.312410590573478,
                0
              ],
              [
                -6.2452673445185702,
                53.312401365741643,
                0
              ],
              [
                -6.2452129553667124,
                53.312390751320372,
                0
              ],
              [
                -6.2450273712132276,
                53.312349964677693,
                0
              ],
              [
                -6.2447976770159448,
                53.312300879654615,
                0
              ],
              [
                -6.2447520136305439,
                53.312291183496704,
                0
              ],
              [
                -6.2446649712944557,
                53.31228489513925,
                0
              ],
              [
                -6.244573496759724,
                53.312277554580056,
                0
              ],
              [
                -6.2445059789258766,
                53.312289942400291,
                0
              ],
              [
                -6.2444045768059961,
                53.312312070748412,
                0
              ],
              [
                -6.2443965712934251,
                53.312311819881927,
                0
              ],
              [
                -6.2442884589380885,
                53.312306560334918,
                0
              ],
              [
                -6.2441806923969718,
                53.312301980793279,
                0
              ],
              [
                -6.2441468290908215,
                53.312300313793351,
                0
              ],
              [
                -6.24413884099586,
                53.31229755456409,
                0
              ],
              [
                -6.2441320056340874,
                53.312293659121273,
                0
              ],
              [
                -6.2441060533950132,
                53.31224182059271,
                0
              ],
              [
                -6.2440848140715515,
                53.3122301558193,
                0
              ],
              [
                -6.2440525276582362,
                53.312214571336035,
                0
              ],
              [
                -6.2440206268822758,
                53.312201950532803,
                0
              ],
              [
                -6.2440057926366155,
                53.312199179479755,
                0
              ],
              [
                -6.2439791433044034,
                53.312196134696208,
                0
              ],
              [
                -6.2439673534235416,
                53.312194954429792,
                0
              ],
              [
                -6.2439525219181329,
                53.312191312455454,
                0
              ],
              [
                -6.2439331290190694,
                53.312185561202234,
                0
              ],
              [
                -6.243917906415696,
                53.312183476510128,
                0
              ],
              [
                -6.2438383615998134,
                53.312175087746503,
                0
              ],
              [
                -6.2437777323599306,
                53.312189304116451,
                0
              ],
              [
                -6.2437563643024285,
                53.312194741901621,
                0
              ],
              [
                -6.2437433905788371,
                53.312199951856577,
                0
              ],
              [
                -6.2437281077447304,
                53.31220744945476,
                0
              ],
              [
                -6.2437078353209348,
                53.312221549099206,
                0
              ],
              [
                -6.2436990372377483,
                53.312227882043672,
                0
              ],
              [
                -6.2436864215188015,
                53.312233583525213,
                0
              ],
              [
                -6.2436753432777561,
                53.312239488309032,
                0
              ],
              [
                -6.2436604629065489,
                53.312246979241912,
                0
              ],
              [
                -6.2436409604023551,
                53.312258116921996,
                0
              ],
              [
                -6.2435633348699442,
                53.312307190734408,
                0
              ],
              [
                -6.2434306620296054,
                53.312391289653483,
                0
              ],
              [
                -6.2432899611665533,
                53.312479692366686,
                0
              ],
              [
                -6.2432341210752078,
                53.312516513280407,
                0
              ],
              [
                -6.243202388463577,
                53.312536743851801,
                0
              ],
              [
                -6.2431748596820897,
                53.312552185415626,
                0
              ],
              [
                -6.2431538450702222,
                53.312561727811264,
                0
              ],
              [
                -6.2430105999150092,
                53.312632098376767,
                0
              ],
              [
                -6.2429869087713454,
                53.312645050978709,
                0
              ],
              [
                -6.242882894410668,
                53.312712099355188,
                0
              ],
              [
                -6.2428461716100134,
                53.312736194037655,
                0
              ],
              [
                -6.2427425583325862,
                53.312803697612019,
                0
              ],
              [
                -6.2427127569702998,
                53.312816362392979,
                0
              ],
              [
                -6.2425679800636775,
                53.312885181873931,
                0
              ],
              [
                -6.2425550004452468,
                53.312891768604302,
                0
              ],
              [
                -6.2425366711735082,
                53.312901294735518,
                0
              ],
              [
                -6.2425060856755037,
                53.312916968839566,
                0
              ],
              [
                -6.2424793569792367,
                53.312928997536794,
                0
              ],
              [
                -6.242449216198966,
                53.312938960795698,
                0
              ],
              [
                -6.2424217278084724,
                53.312947561876165,
                0
              ],
              [
                -6.2423801489190618,
                53.312959102064596,
                0
              ],
              [
                -6.242344686093932,
                53.312966327263055,
                0
              ],
              [
                -6.2423065603818637,
                53.312972612590706,
                0
              ],
              [
                -6.2422867303917009,
                53.312977129922267,
                0
              ],
              [
                -6.2422608004998716,
                53.312980272040754,
                0
              ],
              [
                -6.2421872461644003,
                53.31298831009201,
                0
              ],
              [
                -6.2421480087592958,
                53.312990968430704,
                0
              ],
              [
                -6.2421316380573195,
                53.312990923087156,
                0
              ],
              [
                -6.2420105240744475,
                53.312991907191382,
                0
              ],
              [
                -6.2418593265853266,
                53.312993130810199,
                0
              ],
              [
                -6.2417138314460141,
                53.312994300784901,
                0
              ],
              [
                -6.2415752241290923,
                53.312996626447976,
                0
              ],
              [
                -6.241545877577181,
                53.312997120451712,
                0
              ],
              [
                -6.2413966242392807,
                53.313002892306905,
                0
              ],
              [
                -6.2411836015468305,
                53.31301112112596,
                0
              ],
              [
                -6.2411363576752192,
                53.313013254795308,
                0
              ],
              [
                -6.24110208019765,
                53.313014349187092,
                0
              ],
              [
                -6.2410685607240275,
                53.313015186001202,
                0
              ],
              [
                -6.2410373349236261,
                53.313014662565628,
                0
              ],
              [
                -6.2409413729900303,
                53.313012806846181,
                0
              ],
              [
                -6.2407600971587529,
                53.313009287293283,
                0
              ],
              [
                -6.2407170875230316,
                53.313008455133357,
                0
              ],
              [
                -6.2406950140874651,
                53.313008399175558,
                0
              ],
              [
                -6.2405678389673183,
                53.313011223968076,
                0
              ],
              [
                -6.2403846302585739,
                53.313015289223451,
                0
              ],
              [
                -6.2401949149751088,
                53.313019510759922,
                0
              ],
              [
                -6.2400333848448923,
                53.313023086408954,
                0
              ],
              [
                -6.2398632152410789,
                53.313032987857326,
                0
              ],
              [
                -6.2396807306033688,
                53.313043597130658,
                0
              ],
              [
                -6.2394901173995141,
                53.31305467935929,
                0
              ],
              [
                -6.2392945652459435,
                53.313083654861671,
                0
              ],
              [
                -6.2390364520400308,
                53.313125935555,
                0
              ],
              [
                -6.2389346511098234,
                53.313144872471035,
                0
              ],
              [
                -6.2389159858156145,
                53.313145513657659,
                0
              ],
              [
                -6.2389138622086033,
                53.31314532950141,
                0
              ],
              [
                -6.2389121926678834,
                53.313145089132526,
                0
              ],
              [
                -6.2389105673233862,
                53.313144759534346,
                0
              ],
              [
                -6.2389089936747482,
                53.313144340817587,
                0
              ],
              [
                -6.2389074983507937,
                53.313143842363665,
                0
              ],
              [
                -6.2389060813515558,
                53.313143264172517,
                0
              ],
              [
                -6.2389047591761999,
                53.313142606487858,
                0
              ],
              [
                -6.2389035431584601,
                53.313141885655732,
                0
              ],
              [
                -6.2389024350201341,
                53.313141096308691,
                0
              ],
              [
                -6.2389014490578267,
                53.313140255735355,
                0
              ],
              [
                -6.2389005849756751,
                53.313139371121956,
                0
              ],
              [
                -6.2388998731050069,
                53.313138434826961,
                0
              ],
              [
                -6.2388992992068379,
                53.31313746461651,
                0
              ],
              [
                -6.2388988748737582,
                53.313136470548805,
                0
              ],
              [
                -6.2388986013098373,
                53.313135459832168,
                0
              ],
              [
                -6.2388984754782228,
                53.313134433320577,
                0
              ],
              [
                -6.238898546436161,
                53.31313314725967,
                0
              ],
              [
                -6.2388832838694848,
                53.313136769734449,
                0
              ],
              [
                -6.2388780217091995,
                53.313152960654534,
                0
              ]
            ]
          ],
          [
            [
              [
                -6.2510467556333111,
                53.306581679289494,
                0
              ],
              [
                -6.2508590636378125,
                53.306589704338535,
                0
              ],
              [
                -6.2505805252767903,
                53.306600620941694,
                0
              ],
              [
                -6.2505338326091913,
                53.306610379363711,
                0
              ],
              [
                -6.2505080630540499,
                53.306617821054097,
                0
              ],
              [
                -6.2504803112429936,
                53.306627830345313,
                0
              ],
              [
                -6.2504459041567895,
                53.306647639782391,
                0
              ],
              [
                -6.2503327222005272,
                53.306703899175041,
                0
              ],
              [
                -6.2501668341826324,
                53.306795194960507,
                0
              ],
              [
                -6.2498924050242275,
                53.306948109839475,
                0
              ],
              [
                -6.2495698420239565,
                53.307126465145217,
                0
              ],
              [
                -6.2493179712152713,
                53.30726597677392,
                0
              ],
              [
                -6.2492694520764891,
                53.30729141114886,
                0
              ],
              [
                -6.249181527377428,
                53.30734094945921,
                0
              ],
              [
                -6.2491230559142075,
                53.30737412030448,
                0
              ],
              [
                -6.2491100347831567,
                53.307386188121065,
                0
              ],
              [
                -6.2491019649577622,
                53.307395964736074,
                0
              ],
              [
                -6.2490992449779883,
                53.307404859056916,
                0
              ],
              [
                -6.2491003126568581,
                53.307417638850495,
                0
              ],
              [
                -6.2491055628735781,
                53.307429752006421,
                0
              ],
              [
                -6.2491644086848774,
                53.307460446805308,
                0
              ],
              [
                -6.2492266760067245,
                53.30749183895243,
                0
              ],
              [
                -6.2493387053945346,
                53.307542281264297,
                0
              ],
              [
                -6.2494454747895434,
                53.307586317681363,
                0
              ],
              [
                -6.2495419888804058,
                53.307621664705181,
                0
              ],
              [
                -6.2496507243027164,
                53.307654702191513,
                0
              ],
              [
                -6.2496872030128454,
                53.307665789698433,
                0
              ],
              [
                -6.2497925545560955,
                53.307692044343689,
                0
              ],
              [
                -6.249889905158283,
                53.30771506168616,
                0
              ],
              [
                -6.2500089709675821,
                53.307736555914019,
                0
              ],
              [
                -6.2500987717639278,
                53.307751581463492,
                0
              ],
              [
                -6.2501855563314299,
                53.307762497335965,
                0
              ],
              [
                -6.250282975635665,
                53.307773202453888,
                0
              ],
              [
                -6.2503686411230417,
                53.307780697949973,
                0
              ],
              [
                -6.2504619306706832,
                53.307785239360172,
                0
              ],
              [
                -6.250602079956292,
                53.307786244531769,
                0
              ],
              [
                -6.2508706000375662,
                53.307786381068979,
                0
              ],
              [
                -6.251147874864043,
                53.307785636908513,
                0
              ],
              [
                -6.2513821681928565,
                53.307780228913678,
                0
              ],
              [
                -6.2513792879409511,
                53.307750794437716,
                0
              ],
              [
                -6.2513691514064522,
                53.307665456747813,
                0
              ],
              [
                -6.2512251291342915,
                53.306574453871058,
                0
              ],
              [
                -6.2510467556333111,
                53.306581679289494,
                0
              ]
            ]
          ],
          [
            [
              [
                -6.2514838681379734,
                53.307553312397516,
                0
              ],
              [
                -6.251509683563051,
                53.307667365286605,
                0
              ],
              [
                -6.2515172004074389,
                53.30774630991273,
                0
              ],
              [
                -6.2515216269632896,
                53.307770957480464,
                0
              ],
              [
                -6.2516328756977817,
                53.307764570988866,
                0
              ],
              [
                -6.2518218642414851,
                53.307751783782386,
                0
              ],
              [
                -6.252166306730059,
                53.307731556627822,
                0
              ],
              [
                -6.2522444537484629,
                53.307727344938037,
                0
              ],
              [
                -6.2522789109020049,
                53.307725486908083,
                0
              ],
              [
                -6.2525160662687762,
                53.307712710573789,
                0
              ],
              [
                -6.2529893897365865,
                53.307668142821377,
                0
              ],
              [
                -6.2537378537611774,
                53.307598849957806,
                0
              ],
              [
                -6.2542645404656207,
                53.307549827395306,
                0
              ],
              [
                -6.2542798313072208,
                53.3075402810748,
                0
              ],
              [
                -6.2543123347076577,
                53.307518223494839,
                0
              ],
              [
                -6.254335335731942,
                53.307493635961549,
                0
              ],
              [
                -6.2543695195584101,
                53.307449221507106,
                0
              ],
              [
                -6.2537785026846748,
                53.30743057439237,
                0
              ],
              [
                -6.25374267928136,
                53.307436206758005,
                0
              ],
              [
                -6.2537003493013987,
                53.30744341563976,
                0
              ],
              [
                -6.2536688639456628,
                53.30738986234239,
                0
              ],
              [
                -6.2535533875491982,
                53.307415296781294,
                0
              ],
              [
                -6.2533404698290918,
                53.307258202161158,
                0
              ],
              [
                -6.2533110218303971,
                53.307259738379933,
                0
              ],
              [
                -6.2531205956150835,
                53.307270350608732,
                0
              ],
              [
                -6.2529091032373003,
                53.307282696042762,
                0
              ],
              [
                -6.2529112204352328,
                53.307314599137221,
                0
              ],
              [
                -6.2527236063418803,
                53.30734816998639,
                0
              ],
              [
                -6.2525277634305372,
                53.307424153825878,
                0
              ],
              [
                -6.2521491578175494,
                53.307487196258393,
                0
              ],
              [
                -6.252140741256615,
                53.307368535906747,
                0
              ],
              [
                -6.2521365572731344,
                53.307307858308413,
                0
              ],
              [
                -6.2521412936756917,
                53.307281179802864,
                0
              ],
              [
                -6.2521542426562471,
                53.307221670095835,
                0
              ],
              [
                -6.2521475442562942,
                53.307132912526946,
                0
              ],
              [
                -6.2521472843749741,
                53.307114662714454,
                0
              ],
              [
                -6.2521470329729842,
                53.307093670732733,
                0
              ],
              [
                -6.2521437041282306,
                53.307078584721822,
                0
              ],
              [
                -6.2521384840087935,
                53.307058294699978,
                0
              ],
              [
                -6.2521305842928738,
                53.307042988000319,
                0
              ],
              [
                -6.2521128288850045,
                53.307019223686993,
                0
              ],
              [
                -6.2520886478925632,
                53.306988148586086,
                0
              ],
              [
                -6.2520712616353427,
                53.306966662787048,
                0
              ],
              [
                -6.2520614392517482,
                53.306952945775038,
                0
              ],
              [
                -6.2520223117580143,
                53.306876665755134,
                0
              ],
              [
                -6.2519900614843396,
                53.306852878621619,
                0
              ],
              [
                -6.251913899292334,
                53.306793159340152,
                0
              ],
              [
                -6.2518669097928692,
                53.306782970059857,
                0
              ],
              [
                -6.2517976848736234,
                53.306766485767419,
                0
              ],
              [
                -6.2517339934882781,
                53.306753068426083,
                0
              ],
              [
                -6.2514392734578026,
                53.30676666019972,
                0
              ],
              [
                -6.2514401762758451,
                53.306813196259412,
                0
              ],
              [
                -6.251441082130837,
                53.306859731464485,
                0
              ],
              [
                -6.2514421036559344,
                53.306912175397279,
                0
              ],
              [
                -6.2514355022461165,
                53.306912474088605,
                0
              ],
              [
                -6.2514460500624738,
                53.306972436090717,
                0
              ],
              [
                -6.2514469460560909,
                53.30698634944843,
                0
              ],
              [
                -6.2514275123964014,
                53.307001934046895,
                0
              ],
              [
                -6.2514838681379734,
                53.307553312397516,
                0
              ]
            ]
          ],
          [
            [
              [
                -6.2516853226848559,
                53.307965461653346,
                0
              ],
              [
                -6.2517363645583659,
                53.307965347029786,
                0
              ],
              [
                -6.2518117819582111,
                53.307964377190714,
                0
              ],
              [
                -6.2518567396061053,
                53.307964019631868,
                0
              ],
              [
                -6.2518822426972527,
                53.307964986676858,
                0
              ],
              [
                -6.2519214885297574,
                53.307964159777235,
                0
              ],
              [
                -6.2519653349974664,
                53.30795467367507,
                0
              ],
              [
                -6.2522610137544898,
                53.307936176270211,
                0
              ],
              [
                -6.2525871807012132,
                53.307915223467489,
                0
              ],
              [
                -6.2528119836752376,
                53.307901124051959,
                0
              ],
              [
                -6.2530216424386085,
                53.307872385340481,
                0
              ],
              [
                -6.2531721635886726,
                53.307861541101978,
                0
              ],
              [
                -6.2535234842503158,
                53.307836080781762,
                0
              ],
              [
                -6.2538340435282356,
                53.307813277243383,
                0
              ],
              [
                -6.2541731760891697,
                53.307790073254267,
                0
              ],
              [
                -6.2542604221262756,
                53.307785696831623,
                0
              ],
              [
                -6.2544749080904056,
                53.307778409102959,
                0
              ],
              [
                -6.2544717433391366,
                53.307733458758882,
                0
              ],
              [
                -6.2542946976186364,
                53.307660301178558,
                0
              ],
              [
                -6.2542650401174695,
                53.307662994042474,
                0
              ],
              [
                -6.2542459590649262,
                53.30766462202368,
                0
              ],
              [
                -6.2542421896086813,
                53.307673150553427,
                0
              ],
              [
                -6.2537649619647011,
                53.307720496482681,
                0
              ],
              [
                -6.2527687623631554,
                53.30781442994703,
                0
              ],
              [
                -6.2525096431477367,
                53.307833633283444,
                0
              ],
              [
                -6.2522272806624271,
                53.307847607657827,
                0
              ],
              [
                -6.2520024571482953,
                53.307857803901058,
                0
              ],
              [
                -6.2518971686052165,
                53.307839110303576,
                0
              ],
              [
                -6.2518608749257174,
                53.307849920494213,
                0
              ],
              [
                -6.2517834421229637,
                53.307861693372615,
                0
              ],
              [
                -6.2516794092947956,
                53.307875142639347,
                0
              ],
              [
                -6.2515330662718309,
                53.307884645892642,
                0
              ],
              [
                -6.2515359816635963,
                53.307909918453063,
                0
              ],
              [
                -6.2515403077788605,
                53.307950537439446,
                0
              ],
              [
                -6.2516228963075999,
                53.307959163472212,
                0
              ],
              [
                -6.2516853226848559,
                53.307965461653346,
                0
              ]
            ]
          ]
        ]
      },
      "properties" : {
        "OBJECTID" : 6,
        "park_name" : "Dodder Valley Park",
        "irish_name" : " ",
        "previous_n" : " ",
        "address" : "Dodder Valley Park, Rathfarnham Dublin",
        "type" : "District Park",
        "type2" : "Other",
        "Shape_Length" : 4612.6433845705114,
        "Shape_Area" : 78723.047794700571
      }
    },
    {
      "type" : "Feature",
      "id" : 7,
      "geometry" : {
        "type" : "Polygon",
        "coordinates" : [
          [
            [
              -6.2359840527084298,
              53.266526738382545,
              0
            ],
            [
              -6.2359745190057128,
              53.26651796857788,
              0
            ],
            [
              -6.2359666969178038,
              53.26651099478741,
              0
            ],
            [
              -6.2357304382876144,
              53.266583396164812,
              0
            ],
            [
              -6.2355321214878767,
              53.266644276665609,
              0
            ],
            [
              -6.2353103427604504,
              53.266714517743118,
              0
            ],
            [
              -6.2351337913186216,
              53.266771406321425,
              0
            ],
            [
              -6.2347593919937419,
              53.266892246705737,
              0
            ],
            [
              -6.234532963155698,
              53.266965833928722,
              0
            ],
            [
              -6.2342274431356648,
              53.266914030582996,
              0
            ],
            [
              -6.2338316966989664,
              53.266847055878408,
              0
            ],
            [
              -6.2333484359965352,
              53.266764564406223,
              0
            ],
            [
              -6.2329426313865479,
              53.266694382558462,
              0
            ],
            [
              -6.2326609682632395,
              53.266645796958159,
              0
            ],
            [
              -6.2322899357519788,
              53.266583130241571,
              0
            ],
            [
              -6.2320907495690774,
              53.266549049139904,
              0
            ],
            [
              -6.2320619170438736,
              53.265928179725904,
              0
            ],
            [
              -6.2320642492966316,
              53.265891201545358,
              0
            ],
            [
              -6.2320660353947934,
              53.265847911795525,
              0
            ],
            [
              -6.2320664830532762,
              53.265823290592792,
              0
            ],
            [
              -6.232070440511186,
              53.265778606607952,
              0
            ],
            [
              -6.2320724294972756,
              53.265736939551459,
              0
            ],
            [
              -6.2320789154553511,
              53.265668033741719,
              0
            ],
            [
              -6.2320816934144592,
              53.265628354904628,
              0
            ],
            [
              -6.2320844421827486,
              53.2655947975408,
              0
            ],
            [
              -6.2320881912392911,
              53.265559087941242,
              0
            ],
            [
              -6.2320909501137693,
              53.265530735830438,
              0
            ],
            [
              -6.2320931364875127,
              53.265512989469762,
              0
            ],
            [
              -6.2320961081888324,
              53.265491469797908,
              0
            ],
            [
              -6.2321002758286452,
              53.265464945220479,
              0
            ],
            [
              -6.2321057549014176,
              53.265436103143372,
              0
            ],
            [
              -6.2321109176976508,
              53.265407623096607,
              0
            ],
            [
              -6.2321148744844104,
              53.265395656379077,
              0
            ],
            [
              -6.2321158090557685,
              53.26538971910955,
              0
            ],
            [
              -6.2321163750988786,
              53.265384720142329,
              0
            ],
            [
              -6.232116261189188,
              53.265381303811502,
              0
            ],
            [
              -6.2321152707995191,
              53.265377692919202,
              0
            ],
            [
              -6.2321138768128064,
              53.265375506972994,
              0
            ],
            [
              -6.2321133893822784,
              53.265373513337835,
              0
            ],
            [
              -6.2321102213915331,
              53.265371121317045,
              0
            ],
            [
              -6.2321073714322877,
              53.265368542562719,
              0
            ],
            [
              -6.2321032974522961,
              53.265366307882502,
              0
            ],
            [
              -6.2321000837410194,
              53.265364624357417,
              0
            ],
            [
              -6.2320962617836386,
              53.265363112475718,
              0
            ],
            [
              -6.2320876717334421,
              53.26536060139243,
              0
            ],
            [
              -6.2320763173274294,
              53.265360740397348,
              0
            ],
            [
              -6.2320431134579453,
              53.265359187339584,
              0
            ],
            [
              -6.2319778791685252,
              53.265356817661512,
              0
            ],
            [
              -6.2318851317569184,
              53.265353006216287,
              0
            ],
            [
              -6.2317714458696631,
              53.265348423914759,
              0
            ],
            [
              -6.2317037675281002,
              53.265346718917677,
              0
            ],
            [
              -6.2316756506950464,
              53.26534544794778,
              0
            ],
            [
              -6.2316553173457621,
              53.265344508152182,
              0
            ],
            [
              -6.231627193435374,
              53.265343408741714,
              0
            ],
            [
              -6.2315787030395233,
              53.265341736644359,
              0
            ],
            [
              -6.2315278430874788,
              53.265339831632261,
              0
            ],
            [
              -6.2314793604859551,
              53.265337970856514,
              0
            ],
            [
              -6.2314126844973972,
              53.265334500888095,
              0
            ],
            [
              -6.2313288518548458,
              53.265331944804394,
              0
            ],
            [
              -6.2312364132804072,
              53.265328317201039,
              0
            ],
            [
              -6.2311409725357096,
              53.265324456224356,
              0
            ],
            [
              -6.2310389678346798,
              53.265320102282075,
              0
            ],
            [
              -6.2309719568652486,
              53.265317158302203,
              0
            ],
            [
              -6.2308989244085158,
              53.265314816119684,
              0
            ],
            [
              -6.230863626449815,
              53.265313222666862,
              0
            ],
            [
              -6.2307915167049472,
              53.265310354816378,
              0
            ],
            [
              -6.2307391690037095,
              53.265308066058424,
              0
            ],
            [
              -6.2306329553632818,
              53.265303624131853,
              0
            ],
            [
              -6.2304100750810525,
              53.265294544375507,
              0
            ],
            [
              -6.2303146255833637,
              53.265290862371359,
              0
            ],
            [
              -6.230287795975241,
              53.26541995802463,
              0
            ],
            [
              -6.2302820321333225,
              53.265446990055885,
              0
            ],
            [
              -6.2302742176102823,
              53.265534564468595,
              0
            ],
            [
              -6.2302637554401059,
              53.265643121330129,
              0
            ],
            [
              -6.2302528546980227,
              53.265747776163757,
              0
            ],
            [
              -6.2301893034621756,
              53.266129503592246,
              0
            ],
            [
              -6.230241911433346,
              53.266329473572775,
              0
            ],
            [
              -6.2302980234152932,
              53.266561135130814,
              0
            ],
            [
              -6.2302819707982442,
              53.266564670993361,
              0
            ],
            [
              -6.2303193335965821,
              53.266640547320236,
              0
            ],
            [
              -6.2303764490648978,
              53.266760409712425,
              0
            ],
            [
              -6.2304334258179219,
              53.266883674768344,
              0
            ],
            [
              -6.2304914800815698,
              53.267003000950709,
              0
            ],
            [
              -6.230529779029423,
              53.2670699127208,
              0
            ],
            [
              -6.2306165091719832,
              53.267213753925802,
              0
            ],
            [
              -6.2307029648862233,
              53.267356521384315,
              0
            ],
            [
              -6.2306219798498574,
              53.267393429616767,
              0
            ],
            [
              -6.2303186825489236,
              53.2675347171363,
              0
            ],
            [
              -6.2299909719261013,
              53.267686616080333,
              0
            ],
            [
              -6.2300543463052405,
              53.267756595891797,
              0
            ],
            [
              -6.2301093713211575,
              53.267810974815049,
              0
            ],
            [
              -6.2301643156759408,
              53.267867346110791,
              0
            ],
            [
              -6.230212098233296,
              53.267915514428587,
              0
            ],
            [
              -6.230273740773999,
              53.267976659008937,
              0
            ],
            [
              -6.2303399410243374,
              53.26804361651206,
              0
            ],
            [
              -6.2303497438827966,
              53.268053109827378,
              0
            ],
            [
              -6.2303545430724041,
              53.268060731211087,
              0
            ],
            [
              -6.230360126862827,
              53.26807070029124,
              0
            ],
            [
              -6.2303970767691199,
              53.268068723993707,
              0
            ],
            [
              -6.2304426636005124,
              53.268068860500236,
              0
            ],
            [
              -6.2305253489388628,
              53.268092029102931,
              0
            ],
            [
              -6.2306846732060901,
              53.268329885467651,
              0
            ],
            [
              -6.2308207859942373,
              53.268414661394573,
              0
            ],
            [
              -6.2308704412909979,
              53.268443359891577,
              0
            ],
            [
              -6.2309223810129071,
              53.268473378488302,
              0
            ],
            [
              -6.230979812059001,
              53.268506570512052,
              0
            ],
            [
              -6.2310218222579401,
              53.2685308510166,
              0
            ],
            [
              -6.231437408626725,
              53.269158465527589,
              0
            ],
            [
              -6.2316294239866226,
              53.269422539799379,
              0
            ],
            [
              -6.2321492300451657,
              53.269448747231294,
              0
            ],
            [
              -6.2321910556445852,
              53.269358064747777,
              0
            ],
            [
              -6.2322456873336582,
              53.269240401541325,
              0
            ],
            [
              -6.2323123211938265,
              53.269093433893524,
              0
            ],
            [
              -6.2325585590336203,
              53.26903434505698,
              0
            ],
            [
              -6.2326312225070897,
              53.269017437746321,
              0
            ],
            [
              -6.2327553279620149,
              53.268989265814881,
              0
            ],
            [
              -6.2328076685369247,
              53.268977989369731,
              0
            ],
            [
              -6.2328411641320924,
              53.268980462423002,
              0
            ],
            [
              -6.2329637582175517,
              53.268988930076951,
              0
            ],
            [
              -6.2330535351488283,
              53.268995161180243,
              0
            ],
            [
              -6.2330943934235226,
              53.268999388142504,
              0
            ],
            [
              -6.2331631064267352,
              53.269004829682906,
              0
            ],
            [
              -6.2332677199400726,
              53.269013399049499,
              0
            ],
            [
              -6.2332775944041652,
              53.269013904920655,
              0
            ],
            [
              -6.233283826651622,
              53.269015075873838,
              0
            ],
            [
              -6.2332894272079775,
              53.269017494922259,
              0
            ],
            [
              -6.2332956151380783,
              53.269020104238038,
              0
            ],
            [
              -6.2333081461233562,
              53.269029269214911,
              0
            ],
            [
              -6.2333562363308097,
              53.269062529272304,
              0
            ],
            [
              -6.2334615379125839,
              53.269134377005606,
              0
            ],
            [
              -6.2334984007742653,
              53.269156675733804,
              0
            ],
            [
              -6.2339044952615392,
              53.269140391873563,
              0
            ],
            [
              -6.233916407043357,
              53.269139849283214,
              0
            ],
            [
              -6.2340289766151562,
              53.269134697525338,
              0
            ],
            [
              -6.2340408884681331,
              53.269134153125961,
              0
            ],
            [
              -6.2341796499110025,
              53.269128656677815,
              0
            ],
            [
              -6.2343268530165039,
              53.269122379982925,
              0
            ],
            [
              -6.2346827065725741,
              53.269233900258122,
              0
            ],
            [
              -6.2346883407446319,
              53.269264543757807,
              0
            ],
            [
              -6.2346977818117386,
              53.269312322213544,
              0
            ],
            [
              -6.2347166005455668,
              53.26941560538517,
              0
            ],
            [
              -6.2347326261994906,
              53.269507352113301,
              0
            ],
            [
              -6.2347463310059634,
              53.269589527933107,
              0
            ],
            [
              -6.2347548909038748,
              53.269643412536638,
              0
            ],
            [
              -6.2347670747640009,
              53.269719274052179,
              0
            ],
            [
              -6.2347678683905006,
              53.269736365284764,
              0
            ],
            [
              -6.234799797956927,
              53.269735488939538,
              0
            ],
            [
              -6.2350469658177063,
              53.269728730261903,
              0
            ],
            [
              -6.2350650795862306,
              53.269732684520129,
              0
            ],
            [
              -6.2351082020071171,
              53.269729358219841,
              0
            ],
            [
              -6.2353031424663339,
              53.269714449133701,
              0
            ],
            [
              -6.2355411077023044,
              53.269696031163839,
              0
            ],
            [
              -6.2358389158724217,
              53.269673473886613,
              0
            ],
            [
              -6.2361141381368164,
              53.269652917730987,
              0
            ],
            [
              -6.236314142950147,
              53.269638800089766,
              0
            ],
            [
              -6.2364611804613768,
              53.269628931088178,
              0
            ],
            [
              -6.2364180660727442,
              53.269255810206189,
              0
            ],
            [
              -6.236394919871624,
              53.269067793064963,
              0
            ],
            [
              -6.2363834469561956,
              53.268974666821087,
              0
            ],
            [
              -6.2363718155770131,
              53.268885682713744,
              0
            ],
            [
              -6.2363586164748455,
              53.268791478402278,
              0
            ],
            [
              -6.2363441560229971,
              53.268690766806401,
              0
            ],
            [
              -6.2363143191557642,
              53.268483227027566,
              0
            ],
            [
              -6.2363006176274842,
              53.268386300816246,
              0
            ],
            [
              -6.2362894632708992,
              53.268315310143748,
              0
            ],
            [
              -6.2362725281615621,
              53.268201806685511,
              0
            ],
            [
              -6.2362568326176939,
              53.268102335149656,
              0
            ],
            [
              -6.2362471938014599,
              53.268037835738816,
              0
            ],
            [
              -6.2362345928455429,
              53.267965205767439,
              0
            ],
            [
              -6.2362217006174214,
              53.267899579626473,
              0
            ],
            [
              -6.2362052805182042,
              53.267817714337433,
              0
            ],
            [
              -6.2361849937758826,
              53.267720519889984,
              0
            ],
            [
              -6.236173225533264,
              53.267663721557376,
              0
            ],
            [
              -6.2361568483049803,
              53.267581146819658,
              0
            ],
            [
              -6.2361522972590295,
              53.267531455323173,
              0
            ],
            [
              -6.2361445671322011,
              53.267449368055694,
              0
            ],
            [
              -6.2361354656235655,
              53.267335441170751,
              0
            ],
            [
              -6.2361201830688451,
              53.267211347888981,
              0
            ],
            [
              -6.2361047243302634,
              53.267077005383321,
              0
            ],
            [
              -6.2360854928213021,
              53.266917809346566,
              0
            ],
            [
              -6.2360814772537578,
              53.266891495231654,
              0
            ],
            [
              -6.2360530673600092,
              53.266758237405881,
              0
            ],
            [
              -6.2360307508837787,
              53.266659746431195,
              0
            ],
            [
              -6.2360167904458077,
              53.266597869624512,
              0
            ],
            [
              -6.2360102713717538,
              53.266566855352075,
              0
            ],
            [
              -6.2360087323206663,
              53.266560539899153,
              0
            ],
            [
              -6.2360008831564588,
              53.266547668514946,
              0
            ],
            [
              -6.2359932142936305,
              53.26653730033135,
              0
            ],
            [
              -6.2359840527084298,
              53.266526738382545,
              0
            ]
          ]
        ]
      },
      "properties" : {
        "OBJECTID" : 7,
        "park_name" : "Fitzsimons Wood Park",
        "irish_name" : "Binn Trí Charraig",
        "previous_n" : "Part of Three Rockl Mountain",
        "address" : " ",
        "type" : "Local Park",
        "type2" : "Other",
        "Shape_Length" : 1819.9840062023156,
        "Shape_Area" : 125895.5422274188
      }
    },
    {
      "type" : "Feature",
      "id" : 8,
      "geometry" : {
        "type" : "Polygon",
        "coordinates" : [
          [
            [
              -6.1089608141821063,
              53.265682220614075,
              0
            ],
            [
              -6.1089266236831721,
              53.26574998045281,
              0
            ],
            [
              -6.108887462539851,
              53.265829168423068,
              0
            ],
            [
              -6.1088461215569518,
              53.265902748066196,
              0
            ],
            [
              -6.1087889723800428,
              53.265988291279243,
              0
            ],
            [
              -6.1087218443826385,
              53.266089317821475,
              0
            ],
            [
              -6.1086401586248904,
              53.266214560097822,
              0
            ],
            [
              -6.1085588150845798,
              53.266311593939172,
              0
            ],
            [
              -6.1085319271228364,
              53.266336506599622,
              0
            ],
            [
              -6.1084890406574521,
              53.266363869112496,
              0
            ],
            [
              -6.1083980775524935,
              53.266427483990562,
              0
            ],
            [
              -6.1082528717948561,
              53.26652475268758,
              0
            ],
            [
              -6.1080933578830328,
              53.26661832638252,
              0
            ],
            [
              -6.1080456472999805,
              53.266647635470932,
              0
            ],
            [
              -6.1078030916693358,
              53.266783628483822,
              0
            ],
            [
              -6.1076476227802878,
              53.266861677151347,
              0
            ],
            [
              -6.1076511451039197,
              53.26687018399889,
              0
            ],
            [
              -6.1076350247755427,
              53.266882142477691,
              0
            ],
            [
              -6.1075516015899227,
              53.266924314051046,
              0
            ],
            [
              -6.1072467936140189,
              53.267077992906295,
              0
            ],
            [
              -6.1070192534932337,
              53.267131538112473,
              0
            ],
            [
              -6.1070234573992197,
              53.267138257215862,
              0
            ],
            [
              -6.1070158696743411,
              53.267140293047547,
              0
            ],
            [
              -6.1070012412198542,
              53.267145625485661,
              0
            ],
            [
              -6.1069915799161247,
              53.267154280730828,
              0
            ],
            [
              -6.1065974127982026,
              53.267260348151062,
              0
            ],
            [
              -6.1062770218203806,
              53.267348181199125,
              0
            ],
            [
              -6.106133119156147,
              53.267383871170971,
              0
            ],
            [
              -6.1060362449598502,
              53.26740946004076,
              0
            ],
            [
              -6.1059424535225562,
              53.267433514052009,
              0
            ],
            [
              -6.1058628666553032,
              53.267460741909026,
              0
            ],
            [
              -6.1057725546383432,
              53.267491514206917,
              0
            ],
            [
              -6.1056768919664499,
              53.267527025503902,
              0
            ],
            [
              -6.1055776811966833,
              53.267566417274992,
              0
            ],
            [
              -6.1054786940405323,
              53.267606884839509,
              0
            ],
            [
              -6.1053810375222817,
              53.2676457708328,
              0
            ],
            [
              -6.1052719584252317,
              53.267689627362287,
              0
            ],
            [
              -6.1051797489295776,
              53.267727009716836,
              0
            ],
            [
              -6.1050706720267884,
              53.267771213952038,
              0
            ],
            [
              -6.1049953288412864,
              53.267801144107366,
              0
            ],
            [
              -6.1049680726865869,
              53.267811974225857,
              0
            ],
            [
              -6.1048721788482183,
              53.267851256355534,
              0
            ],
            [
              -6.1047783049993916,
              53.267886626396347,
              0
            ],
            [
              -6.1046645488784934,
              53.267928743357537,
              0
            ],
            [
              -6.1046984692942861,
              53.267953030148099,
              0
            ],
            [
              -6.1047360723396391,
              53.267980800076323,
              0
            ],
            [
              -6.1047713432779505,
              53.268002960978933,
              0
            ],
            [
              -6.1048107884694396,
              53.268025015657763,
              0
            ],
            [
              -6.1048516118444418,
              53.268074247215438,
              0
            ],
            [
              -6.1048819098164637,
              53.268114269951802,
              0
            ],
            [
              -6.1049114077267559,
              53.268152111948524,
              0
            ],
            [
              -6.1049348068367442,
              53.26818713438238,
              0
            ],
            [
              -6.1049700144816583,
              53.26823517194012,
              0
            ],
            [
              -6.1049830235170308,
              53.268253246870259,
              0
            ],
            [
              -6.1049892139147861,
              53.26827494540322,
              0
            ],
            [
              -6.1049944555967945,
              53.268302568415919,
              0
            ],
            [
              -6.1050042518900716,
              53.268349518871574,
              0
            ],
            [
              -6.1050093350659829,
              53.268364726326197,
              0
            ],
            [
              -6.1050395905652444,
              53.268405106981874,
              0
            ],
            [
              -6.1050517090342851,
              53.268422979888015,
              0
            ],
            [
              -6.1050564255557243,
              53.268429562495719,
              0
            ],
            [
              -6.1050611289518866,
              53.268436136804922,
              0
            ],
            [
              -6.1050660747299625,
              53.268443603923799,
              0
            ],
            [
              -6.1050791385370227,
              53.268460781767594,
              0
            ],
            [
              -6.1050860901470312,
              53.26846974588674,
              0
            ],
            [
              -6.1049537868750372,
              53.268535917983975,
              0
            ],
            [
              -6.104843545244,
              53.26858945328231,
              0
            ],
            [
              -6.1047241536756296,
              53.268650159594209,
              0
            ],
            [
              -6.1046087645349072,
              53.268709519141488,
              0
            ],
            [
              -6.1045556160061594,
              53.268735872180045,
              0
            ],
            [
              -6.1044185528973607,
              53.268806265381038,
              0
            ],
            [
              -6.1042895379123827,
              53.268872688585013,
              0
            ],
            [
              -6.104163103679892,
              53.268935942024264,
              0
            ],
            [
              -6.1040590883025603,
              53.268990321670195,
              0
            ],
            [
              -6.1039183355276823,
              53.269062435332629,
              0
            ],
            [
              -6.1037639831382418,
              53.269141261689441,
              0
            ],
            [
              -6.1035449465408869,
              53.26918867966365,
              0
            ],
            [
              -6.1034701666525093,
              53.269204177902282,
              0
            ],
            [
              -6.1035076994537993,
              53.269242753897288,
              0
            ],
            [
              -6.1036357370694434,
              53.269224783456011,
              0
            ],
            [
              -6.1037030778212298,
              53.26921689413745,
              0
            ],
            [
              -6.1037482736762074,
              53.269213369650096,
              0
            ],
            [
              -6.1038113130560019,
              53.269212216097415,
              0
            ],
            [
              -6.1039281498663795,
              53.269214009828708,
              0
            ],
            [
              -6.1040796868919118,
              53.269493832117639,
              0
            ],
            [
              -6.1041064666236533,
              53.269546956364366,
              0
            ],
            [
              -6.1041421544546948,
              53.269610641679485,
              0
            ],
            [
              -6.1042340554196839,
              53.269792113835933,
              0
            ],
            [
              -6.1041043768432717,
              53.269864242048527,
              0
            ],
            [
              -6.1039950946918919,
              53.269923436583206,
              0
            ],
            [
              -6.1037407008365587,
              53.270057542465075,
              0
            ],
            [
              -6.1034308407713977,
              53.270222844211609,
              0
            ],
            [
              -6.1034293099779182,
              53.270254442090909,
              0
            ],
            [
              -6.1034296830229096,
              53.270277817972364,
              0
            ],
            [
              -6.1034347018059574,
              53.270303955310517,
              0
            ],
            [
              -6.1034410091979518,
              53.270328486242008,
              0
            ],
            [
              -6.1034511384718213,
              53.270354372313463,
              0
            ],
            [
              -6.1034629238665312,
              53.270383152943516,
              0
            ],
            [
              -6.1034759377968903,
              53.27041158279377,
              0
            ],
            [
              -6.1034871010662988,
              53.270428676640087,
              0
            ],
            [
              -6.103505663842312,
              53.270447326356276,
              0
            ],
            [
              -6.1035319736996572,
              53.270473838365099,
              0
            ],
            [
              -6.1035618233519777,
              53.270501304626663,
              0
            ],
            [
              -6.1035944208150497,
              53.270527395319071,
              0
            ],
            [
              -6.1036409077920624,
              53.270569896936628,
              0
            ],
            [
              -6.1036654127887271,
              53.270596200433744,
              0
            ],
            [
              -6.1036756457764536,
              53.270613989549041,
              0
            ],
            [
              -6.103690758091818,
              53.270642102204754,
              0
            ],
            [
              -6.1037093102888456,
              53.270673866751771,
              0
            ],
            [
              -6.1037278792405507,
              53.270698817425824,
              0
            ],
            [
              -6.1037480067143504,
              53.270722703489447,
              0
            ],
            [
              -6.1037697845595753,
              53.270743212778505,
              0
            ],
            [
              -6.1037951818658565,
              53.270763588183442,
              0
            ],
            [
              -6.1038291200989505,
              53.270786833722077,
              0
            ],
            [
              -6.1038690029222264,
              53.270811242531529,
              0
            ],
            [
              -6.1039030650109716,
              53.270831962469288,
              0
            ],
            [
              -6.1039249226453434,
              53.270844912821467,
              0
            ],
            [
              -6.1039783036323296,
              53.270881436982847,
              0
            ],
            [
              -6.1040065551960261,
              53.270904743027401,
              0
            ],
            [
              -6.1040289571387687,
              53.270918608950595,
              0
            ],
            [
              -6.1041011608741433,
              53.270950238005611,
              0
            ],
            [
              -6.10417952029609,
              53.270972265488489,
              0
            ],
            [
              -6.1042269536237965,
              53.270982970034964,
              0
            ],
            [
              -6.1042723471709355,
              53.270999042378349,
              0
            ],
            [
              -6.1043202678421196,
              53.271024486688134,
              0
            ],
            [
              -6.1043678616609549,
              53.271050474075338,
              0
            ],
            [
              -6.1043963064722391,
              53.271076502100222,
              0
            ],
            [
              -6.1047448536243536,
              53.271267798212023,
              0
            ],
            [
              -6.1048213652935761,
              53.271316598510161,
              0
            ],
            [
              -6.1048636784519603,
              53.271346797315829,
              0
            ],
            [
              -6.1048923574876435,
              53.271373337686811,
              0
            ],
            [
              -6.1049553534192036,
              53.271384693822043,
              0
            ],
            [
              -6.105007676112745,
              53.27138111315449,
              0
            ],
            [
              -6.1050474186263468,
              53.271396179443428,
              0
            ],
            [
              -6.1051052891946442,
              53.271426833994155,
              0
            ],
            [
              -6.1051462001715278,
              53.271454502634427,
              0
            ],
            [
              -6.1051937220578489,
              53.27148857903164,
              0
            ],
            [
              -6.1052214095683883,
              53.271510796301797,
              0
            ],
            [
              -6.1052374629552428,
              53.271526170912423,
              0
            ],
            [
              -6.1052825903129939,
              53.27155336811397,
              0
            ],
            [
              -6.1053497260302825,
              53.271596941472545,
              0
            ],
            [
              -6.1053961618508792,
              53.27163459589908,
              0
            ],
            [
              -6.1054416450969997,
              53.271673482762615,
              0
            ],
            [
              -6.1055383270634334,
              53.27173787629652,
              0
            ],
            [
              -6.1055930772458531,
              53.271783571698712,
              0
            ],
            [
              -6.105652940379299,
              53.271828457570443,
              0
            ],
            [
              -6.1056933755697012,
              53.271860425713541,
              0
            ],
            [
              -6.1057751087510983,
              53.271868502654428,
              0
            ],
            [
              -6.1058541545707792,
              53.271863940445833,
              0
            ],
            [
              -6.1060776546289812,
              53.271856563346844,
              0
            ],
            [
              -6.1062296023485541,
              53.27185227013144,
              0
            ],
            [
              -6.1063761905052978,
              53.271852128734565,
              0
            ],
            [
              -6.106406036226451,
              53.271854983862688,
              0
            ],
            [
              -6.1064310834814206,
              53.271857574904296,
              0
            ],
            [
              -6.1064607236127486,
              53.27186474210027,
              0
            ],
            [
              -6.1064846424385122,
              53.271872169859734,
              0
            ],
            [
              -6.1065081648552049,
              53.271881747643178,
              0
            ],
            [
              -6.1065266556412183,
              53.271889789375244,
              0
            ],
            [
              -6.1065563218064742,
              53.271902169353588,
              0
            ],
            [
              -6.1065833054048673,
              53.271914857265806,
              0
            ],
            [
              -6.1066025557387382,
              53.271925798134838,
              0
            ],
            [
              -6.1066206287239586,
              53.271936169310059,
              0
            ],
            [
              -6.1066330263299049,
              53.27194640629893,
              0
            ],
            [
              -6.106646728644745,
              53.271960709702675,
              0
            ],
            [
              -6.1066621158373406,
              53.271977331016558,
              0
            ],
            [
              -6.1066881961654209,
              53.272007981425645,
              0
            ],
            [
              -6.1067120205178425,
              53.272036242827284,
              0
            ],
            [
              -6.1067340979704499,
              53.272063217200277,
              0
            ],
            [
              -6.1067744166176663,
              53.272121967750174,
              0
            ],
            [
              -6.1068495774472469,
              53.272228936376202,
              0
            ],
            [
              -6.1069389942980168,
              53.272233186814908,
              0
            ],
            [
              -6.1070131716307534,
              53.272236640605605,
              0
            ],
            [
              -6.107107194155116,
              53.272239174456416,
              0
            ],
            [
              -6.1072077315095425,
              53.272242901072545,
              0
            ],
            [
              -6.1073077083254246,
              53.272246079398109,
              0
            ],
            [
              -6.1073806988636292,
              53.272249143793516,
              0
            ],
            [
              -6.1074706378361849,
              53.272255561143403,
              0
            ],
            [
              -6.1075455599747892,
              53.272262080695612,
              0
            ],
            [
              -6.107631548325589,
              53.272268965525008,
              0
            ],
            [
              -6.1077097457946019,
              53.272276084362581,
              0
            ],
            [
              -6.1077805831729748,
              53.272280371815633,
              0
            ],
            [
              -6.1078493967090237,
              53.272283360633175,
              0
            ],
            [
              -6.1079176327308113,
              53.272285811724899,
              0
            ],
            [
              -6.1079802298903196,
              53.272286893328705,
              0
            ],
            [
              -6.1080155837786911,
              53.27228733039663,
              0
            ],
            [
              -6.1080527458821932,
              53.272284171117413,
              0
            ],
            [
              -6.1080559202187947,
              53.272283898811729,
              0
            ],
            [
              -6.1080890251728759,
              53.272275130168069,
              0
            ],
            [
              -6.1081250703735002,
              53.272261203875715,
              0
            ],
            [
              -6.1081565652991161,
              53.272248453853535,
              0
            ],
            [
              -6.1081838676776421,
              53.27222952695346,
              0
            ],
            [
              -6.1082445512026098,
              53.272177205644745,
              0
            ],
            [
              -6.1082835965055367,
              53.272150752997796,
              0
            ],
            [
              -6.1083381726915373,
              53.272119889882767,
              0
            ],
            [
              -6.1084013808213626,
              53.272083428195849,
              0
            ],
            [
              -6.1084698447097212,
              53.272044003691335,
              0
            ],
            [
              -6.1085190605570698,
              53.272018089860971,
              0
            ],
            [
              -6.1086134638324578,
              53.27196923451713,
              0
            ],
            [
              -6.1087145907756346,
              53.271917447682753,
              0
            ],
            [
              -6.1087911567285547,
              53.271877621220014,
              0
            ],
            [
              -6.1088354404189431,
              53.271854666205002,
              0
            ],
            [
              -6.1088606604677045,
              53.271835344783106,
              0
            ],
            [
              -6.1088884843201585,
              53.271805271354552,
              0
            ],
            [
              -6.1089281709517174,
              53.2717597902788,
              0
            ],
            [
              -6.1090434078522682,
              53.271788206057643,
              0
            ],
            [
              -6.1090953134710819,
              53.271731233790746,
              0
            ],
            [
              -6.1090926310444527,
              53.27161366571346,
              0
            ],
            [
              -6.1090789127736329,
              53.27148516432824,
              0
            ],
            [
              -6.1096906748029509,
              53.271780772451592,
              0
            ],
            [
              -6.1098510834873503,
              53.271687229643568,
              0
            ],
            [
              -6.1099591535121487,
              53.271783276689362,
              0
            ],
            [
              -6.1100453323962052,
              53.271860972747419,
              0
            ],
            [
              -6.1101307144917003,
              53.271936310128375,
              0
            ],
            [
              -6.1102195344949992,
              53.272015297316386,
              0
            ],
            [
              -6.1103065585702927,
              53.272093195331671,
              0
            ],
            [
              -6.1104008955900513,
              53.27217660225508,
              0
            ],
            [
              -6.1104918306402745,
              53.272254912670107,
              0
            ],
            [
              -6.1105107111872528,
              53.272267464056071,
              0
            ],
            [
              -6.1107902237278884,
              53.272444840357707,
              0
            ],
            [
              -6.1109178923738821,
              53.272526302364405,
              0
            ],
            [
              -6.1110373679665289,
              53.272603492539218,
              0
            ],
            [
              -6.1111106873048922,
              53.272649514644442,
              0
            ],
            [
              -6.1111241872035675,
              53.272661612147999,
              0
            ],
            [
              -6.1111323670858582,
              53.27268493099799,
              0
            ],
            [
              -6.1111464525593586,
              53.272678341850572,
              0
            ],
            [
              -6.1111568776450076,
              53.272686074388474,
              0
            ],
            [
              -6.1112697608761719,
              53.272633221384105,
              0
            ],
            [
              -6.1113221795331212,
              53.272609154834861,
              0
            ],
            [
              -6.1113541949798567,
              53.272592098674139,
              0
            ],
            [
              -6.1113994280847574,
              53.272567728595,
              0
            ],
            [
              -6.1114420123584683,
              53.272541879286265,
              0
            ],
            [
              -6.1114765501869588,
              53.27252270493225,
              0
            ],
            [
              -6.1115122068371388,
              53.272498524661103,
              0
            ],
            [
              -6.1115513938190897,
              53.272475281170429,
              0
            ],
            [
              -6.1115850468747439,
              53.272448929892875,
              0
            ],
            [
              -6.1116363894853398,
              53.272410113233001,
              0
            ],
            [
              -6.1116989467873601,
              53.272362135219382,
              0
            ],
            [
              -6.1117298731358805,
              53.272336442706454,
              0
            ],
            [
              -6.111750544081989,
              53.272317569952961,
              0
            ],
            [
              -6.1117708938995676,
              53.272300131156385,
              0
            ],
            [
              -6.1117908041712106,
              53.272279090922822,
              0
            ],
            [
              -6.111805982968054,
              53.272256536696204,
              0
            ],
            [
              -6.111834032124448,
              53.272215867910027,
              0
            ],
            [
              -6.1118721554204383,
              53.272158846940599,
              0
            ],
            [
              -6.1118862041952386,
              53.27213692466907,
              0
            ],
            [
              -6.1119063053784934,
              53.272105562435534,
              0
            ],
            [
              -6.1120323475559788,
              53.271852706241553,
              0
            ],
            [
              -6.1120457237833383,
              53.27183641173977,
              0
            ],
            [
              -6.1120618994002767,
              53.271799499875819,
              0
            ],
            [
              -6.1120919058269241,
              53.271724545115397,
              0
            ],
            [
              -6.1121130209166283,
              53.271672073406542,
              0
            ],
            [
              -6.1121386595337439,
              53.271612868193486,
              0
            ],
            [
              -6.1121605938590085,
              53.271556094106494,
              0
            ],
            [
              -6.1121742901195368,
              53.271520931660007,
              0
            ],
            [
              -6.1121878985870532,
              53.271487386637169,
              0
            ],
            [
              -6.1121973974321007,
              53.271464723537001,
              0
            ],
            [
              -6.1122119780930886,
              53.271435689917986,
              0
            ],
            [
              -6.1122300574326625,
              53.271402763984796,
              0
            ],
            [
              -6.1122431316838401,
              53.271380319292092,
              0
            ],
            [
              -6.1122615802117082,
              53.27134615969652,
              0
            ],
            [
              -6.1122215895132621,
              53.271317615552952,
              0
            ],
            [
              -6.1121724449971619,
              53.271298428997746,
              0
            ],
            [
              -6.1121205079125032,
              53.271275244187798,
              0
            ],
            [
              -6.1120728289404394,
              53.271250669767205,
              0
            ],
            [
              -6.1120388167465798,
              53.271228721571966,
              0
            ],
            [
              -6.1120058272566258,
              53.27120425392873,
              0
            ],
            [
              -6.1119665782177064,
              53.271172837056781,
              0
            ],
            [
              -6.1119367539214231,
              53.271145003921795,
              0
            ],
            [
              -6.1119084333486606,
              53.271116665177431,
              0
            ],
            [
              -6.1118883244873627,
              53.271092590267038,
              0
            ],
            [
              -6.1118707125398224,
              53.271066226898647,
              0
            ],
            [
              -6.1118555316739185,
              53.271045294190991,
              0
            ],
            [
              -6.1118399355092148,
              53.271019870576751,
              0
            ],
            [
              -6.1118208626673729,
              53.270987192161698,
              0
            ],
            [
              -6.1118034413837794,
              53.270950755774962,
              0
            ],
            [
              -6.1117981973827886,
              53.270928930605017,
              0
            ],
            [
              -6.1117958902265483,
              53.27090840853522,
              0
            ],
            [
              -6.1117941788112775,
              53.270881956348539,
              0
            ],
            [
              -6.1117932406113962,
              53.270851568691597,
              0
            ],
            [
              -6.1117941864333609,
              53.270818883772662,
              0
            ],
            [
              -6.1117962334648661,
              53.270783700435288,
              0
            ],
            [
              -6.1117981132060031,
              53.27075731321996,
              0
            ],
            [
              -6.1118048287451341,
              53.270723639281051,
              0
            ],
            [
              -6.1118121871361408,
              53.270689089265076,
              0
            ],
            [
              -6.1118179492518827,
              53.27065666938956,
              0
            ],
            [
              -6.1118297739457139,
              53.270616615492706,
              0
            ],
            [
              -6.1118455891384791,
              53.270574845092092,
              0
            ],
            [
              -6.1118628018836132,
              53.27054116753483,
              0
            ],
            [
              -6.1118905888935204,
              53.270499955275255,
              0
            ],
            [
              -6.1119285699349328,
              53.270445818215414,
              0
            ],
            [
              -6.1119621202194496,
              53.270396614826396,
              0
            ],
            [
              -6.1120073395600762,
              53.270335411528272,
              0
            ],
            [
              -6.1120368505232188,
              53.270295493008476,
              0
            ],
            [
              -6.1118649594568462,
              53.270231146773071,
              0
            ],
            [
              -6.1118703547871744,
              53.270223546224727,
              0
            ],
            [
              -6.1119366161126729,
              53.27013056687187,
              0
            ],
            [
              -6.111967119412121,
              53.270069830706021,
              0
            ],
            [
              -6.112000599779714,
              53.27000356166667,
              0
            ],
            [
              -6.1120054687531686,
              53.269995281340279,
              0
            ],
            [
              -6.1120084431850099,
              53.26999021852739,
              0
            ],
            [
              -6.1120258125654603,
              53.269953318378739,
              0
            ],
            [
              -6.1120559328818906,
              53.26989480255849,
              0
            ],
            [
              -6.11206120020507,
              53.269884559174002,
              0
            ],
            [
              -6.1120939168939588,
              53.269827991808789,
              0
            ],
            [
              -6.1121240919006325,
              53.269774423169963,
              0
            ],
            [
              -6.1121495336354679,
              53.269727484032984,
              0
            ],
            [
              -6.1121800880983796,
              53.269663259315259,
              0
            ],
            [
              -6.1121991615651776,
              53.269622726938906,
              0
            ],
            [
              -6.1122718750881715,
              53.269500297425473,
              0
            ],
            [
              -6.1123369437032586,
              53.26939422170102,
              0
            ],
            [
              -6.1123291519542384,
              53.269393738779364,
              0
            ],
            [
              -6.1123214495018452,
              53.269391637556311,
              0
            ],
            [
              -6.112339743058163,
              53.269344299352731,
              0
            ],
            [
              -6.1123565446057411,
              53.26931687115929,
              0
            ],
            [
              -6.1124220374906235,
              53.269191557880532,
              0
            ],
            [
              -6.1125189282317693,
              53.269027732833067,
              0
            ],
            [
              -6.1126017491988875,
              53.268897112010059,
              0
            ],
            [
              -6.1126396965560668,
              53.268839295229306,
              0
            ],
            [
              -6.1127264312580314,
              53.268728692397161,
              0
            ],
            [
              -6.1128039158146263,
              53.268630694046131,
              0
            ],
            [
              -6.1128130849968292,
              53.268619883210768,
              0
            ],
            [
              -6.1128294334336513,
              53.268609535681357,
              0
            ],
            [
              -6.112848527596717,
              53.268599142632162,
              0
            ],
            [
              -6.1128593699197795,
              53.268596706734044,
              0
            ],
            [
              -6.1128731222675246,
              53.268597643520906,
              0
            ],
            [
              -6.1129176209647174,
              53.268606509459637,
              0
            ],
            [
              -6.1135035569880465,
              53.267513362744644,
              0
            ],
            [
              -6.1135156073743122,
              53.26749162078309,
              0
            ],
            [
              -6.1139746213388246,
              53.267668046333995,
              0
            ],
            [
              -6.1139914457226272,
              53.267647280499837,
              0
            ],
            [
              -6.1143042987821454,
              53.267270112960219,
              0
            ],
            [
              -6.1147345766875061,
              53.267411727230495,
              0
            ],
            [
              -6.1148345166033051,
              53.267273474807546,
              0
            ],
            [
              -6.1148829377591216,
              53.267195519007899,
              0
            ],
            [
              -6.1149438775027143,
              53.267078034100102,
              0
            ],
            [
              -6.1149718298771054,
              53.267022037787484,
              0
            ],
            [
              -6.114993725141999,
              53.266954081858792,
              0
            ],
            [
              -6.1150312700021656,
              53.266796827973806,
              0
            ],
            [
              -6.1151910218307144,
              53.266443673825492,
              0
            ],
            [
              -6.1152277700506037,
              53.266303514056304,
              0
            ],
            [
              -6.1152447620688042,
              53.266237636875843,
              0
            ],
            [
              -6.1152685143675392,
              53.266093326586464,
              0
            ],
            [
              -6.1152960983753673,
              53.265875909261112,
              0
            ],
            [
              -6.1153307277216022,
              53.265627863785852,
              0
            ],
            [
              -6.1153292201061049,
              53.265623930881262,
              0
            ],
            [
              -6.1153221188739426,
              53.265605446254966,
              0
            ],
            [
              -6.1153136766417102,
              53.265589466174504,
              0
            ],
            [
              -6.1152731350045642,
              53.265512819005615,
              0
            ],
            [
              -6.1152350947861738,
              53.265450915545152,
              0
            ],
            [
              -6.1151195146960493,
              53.265277607611601,
              0
            ],
            [
              -6.1151074146857098,
              53.265273280701898,
              0
            ],
            [
              -6.115050930296114,
              53.265208040243706,
              0
            ],
            [
              -6.1150067146841698,
              53.265143702058651,
              0
            ],
            [
              -6.1149166148127199,
              53.265009140586749,
              0
            ],
            [
              -6.1148942045631554,
              53.264975654824653,
              0
            ],
            [
              -6.1148836736996239,
              53.264961152634797,
              0
            ],
            [
              -6.1148497370640245,
              53.26491436056935,
              0
            ],
            [
              -6.1148390805267061,
              53.264899648754941,
              0
            ],
            [
              -6.1147157433867099,
              53.264739161057406,
              0
            ],
            [
              -6.1145936373135825,
              53.264577972720332,
              0
            ],
            [
              -6.114482409633144,
              53.264428820155452,
              0
            ],
            [
              -6.1144699131045073,
              53.264413342148643,
              0
            ],
            [
              -6.1144550441437753,
              53.264396927769361,
              0
            ],
            [
              -6.114370053050239,
              53.264265207005842,
              0
            ],
            [
              -6.1142946047448978,
              53.264147891895874,
              0
            ],
            [
              -6.114174170865188,
              53.263959339990478,
              0
            ],
            [
              -6.1141425011777777,
              53.263913565107266,
              0
            ],
            [
              -6.1140796424258399,
              53.263832116029889,
              0
            ],
            [
              -6.1140135566422709,
              53.263763738073266,
              0
            ],
            [
              -6.1139171252760836,
              53.263682492964413,
              0
            ],
            [
              -6.1136233135451912,
              53.263446418405607,
              0
            ],
            [
              -6.1133764196811757,
              53.263250050564146,
              0
            ],
            [
              -6.1133316773198523,
              53.263216130123936,
              0
            ],
            [
              -6.1133066473659552,
              53.263197963811436,
              0
            ],
            [
              -6.1132780630592833,
              53.263179183950875,
              0
            ],
            [
              -6.1132525579338157,
              53.26316534163275,
              0
            ],
            [
              -6.1132473879043649,
              53.263162914715387,
              0
            ],
            [
              -6.1132296025117618,
              53.26315457056841,
              0
            ],
            [
              -6.1131717531096683,
              53.263133394933355,
              0
            ],
            [
              -6.1130602206784799,
              53.263098291292991,
              0
            ],
            [
              -6.113013310032394,
              53.263087508594474,
              0
            ],
            [
              -6.1128704005362176,
              53.263057157298981,
              0
            ],
            [
              -6.1126546700382578,
              53.263018884538525,
              0
            ],
            [
              -6.1124683435062206,
              53.262987314981643,
              0
            ],
            [
              -6.1124234629031866,
              53.26298521107185,
              0
            ],
            [
              -6.1122586075818282,
              53.262970879454912,
              0
            ],
            [
              -6.1121650171648927,
              53.262979716855178,
              0
            ],
            [
              -6.1120600987784686,
              53.262993605135279,
              0
            ],
            [
              -6.112021734042222,
              53.263001114043732,
              0
            ],
            [
              -6.111989571711355,
              53.263010140455798,
              0
            ],
            [
              -6.1119756282922566,
              53.263014261916524,
              0
            ],
            [
              -6.1119295436395138,
              53.263033701113692,
              0
            ],
            [
              -6.1118857357774923,
              53.263056583874729,
              0
            ],
            [
              -6.1118401065310293,
              53.263086099099944,
              0
            ],
            [
              -6.1117682819501287,
              53.263134082260109,
              0
            ],
            [
              -6.1116468354496831,
              53.263221584330573,
              0
            ],
            [
              -6.1115978821627293,
              53.263259845587285,
              0
            ],
            [
              -6.1115763994019758,
              53.263278938249137,
              0
            ],
            [
              -6.1114633007018346,
              53.263381475217933,
              0
            ],
            [
              -6.1113407778063173,
              53.263501498075556,
              0
            ],
            [
              -6.1111783225723562,
              53.263659187787724,
              0
            ],
            [
              -6.1110950075515307,
              53.263737559949554,
              0
            ],
            [
              -6.1110692180292183,
              53.263759458776825,
              0
            ],
            [
              -6.1110302950384465,
              53.263787093525671,
              0
            ],
            [
              -6.1109392665433075,
              53.263849343923553,
              0
            ],
            [
              -6.1108780504937821,
              53.263886889221325,
              0
            ],
            [
              -6.1108165835328405,
              53.263922982474057,
              0
            ],
            [
              -6.1107561332598879,
              53.263956415052505,
              0
            ],
            [
              -6.1107236026323744,
              53.263974792255752,
              0
            ],
            [
              -6.1106894522086952,
              53.264002671521567,
              0
            ],
            [
              -6.1104955638314564,
              53.264161156438448,
              0
            ],
            [
              -6.1104633689143535,
              53.264188539017219,
              0
            ],
            [
              -6.1104523055317674,
              53.264203149623512,
              0
            ],
            [
              -6.1103943189941834,
              53.264270820288495,
              0
            ],
            [
              -6.1103313872146732,
              53.264342929219872,
              0
            ],
            [
              -6.1102378915049727,
              53.264450058803384,
              0
            ],
            [
              -6.110097659512058,
              53.264611218379166,
              0
            ],
            [
              -6.1100430114797586,
              53.264673802218923,
              0
            ],
            [
              -6.109863191628147,
              53.264883033202238,
              0
            ],
            [
              -6.1097719419807035,
              53.264987281294744,
              0
            ],
            [
              -6.1097473381419025,
              53.265014486542256,
              0
            ],
            [
              -6.1096801628852759,
              53.265083062801921,
              0
            ],
            [
              -6.1096431978099144,
              53.265091823671675,
              0
            ],
            [
              -6.1095498698178714,
              53.26516870569472,
              0
            ],
            [
              -6.1094068019549832,
              53.265284887192941,
              0
            ],
            [
              -6.1092471421916921,
              53.265410502972479,
              0
            ],
            [
              -6.1091381904692899,
              53.265494874105471,
              0
            ],
            [
              -6.1090754147333275,
              53.265545284074754,
              0
            ],
            [
              -6.1090515119186897,
              53.265570243305163,
              0
            ],
            [
              -6.1090191093918653,
              53.26560459454047,
              0
            ],
            [
              -6.108992207291883,
              53.265636705918958,
              0
            ],
            [
              -6.1089572979716822,
              53.265680365346654,
              0
            ],
            [
              -6.1089608141821063,
              53.265682220614075,
              0
            ]
          ]
        ]
      },
      "properties" : {
        "OBJECTID" : 8,
        "park_name" : "Killiney Hill Park",
        "irish_name" : "Cill Iníon Léinín",
        "previous_n" : "Victoria Hill",
        "address" : "Killiney Hill Park, Killiney Hill Road, Co. Dublin",
        "type" : "Regional Park",
        "type2" : "Flagship",
        "Shape_Length" : 3265.7906102671959,
        "Shape_Area" : 445021.77125538868
      }
    },
    {
      "type" : "Feature",
      "id" : 9,
      "geometry" : {
        "type" : "Polygon",
        "coordinates" : [
          [
            [
              -6.278440711804266,
              53.275129444339015,
              0
            ],
            [
              -6.2784355706282557,
              53.275110774438417,
              0
            ],
            [
              -6.2783568504619574,
              53.274824908066108,
              0
            ],
            [
              -6.2782409667694612,
              53.274404143179851,
              0
            ],
            [
              -6.2781195701258126,
              53.27394383946443,
              0
            ],
            [
              -6.277892691504837,
              53.273100409308675,
              0
            ],
            [
              -6.2778218094725311,
              53.272835698824132,
              0
            ],
            [
              -6.2778101719197021,
              53.27283463189265,
              0
            ],
            [
              -6.2778009150149847,
              53.272833239822795,
              0
            ],
            [
              -6.2777876372417811,
              53.272827842952182,
              0
            ],
            [
              -6.2777827314045691,
              53.272823100020716,
              0
            ],
            [
              -6.277779000805622,
              53.272818551133902,
              0
            ],
            [
              -6.2777709726827098,
              53.27278625833177,
              0
            ],
            [
              -6.2777588644679927,
              53.272751397084072,
              0
            ],
            [
              -6.2777515026027402,
              53.272724164370011,
              0
            ],
            [
              -6.2777434098875649,
              53.272694187788076,
              0
            ],
            [
              -6.2776885405552028,
              53.272487756065303,
              0
            ],
            [
              -6.2776518268103771,
              53.272338039645099,
              0
            ],
            [
              -6.2776885754035421,
              53.27233468675302,
              0
            ],
            [
              -6.2776330727202874,
              53.272128361786429,
              0
            ],
            [
              -6.277565079209114,
              53.27195824771502,
              0
            ],
            [
              -6.2774778083495795,
              53.27163618109595,
              0
            ],
            [
              -6.2774350583695666,
              53.271477730721323,
              0
            ],
            [
              -6.2773695596545336,
              53.271253445655624,
              0
            ],
            [
              -6.2773513140132184,
              53.271197436329757,
              0
            ],
            [
              -6.2772909980752365,
              53.270952041819264,
              0
            ],
            [
              -6.2771422231561473,
              53.270442562166529,
              0
            ],
            [
              -6.2771092658689032,
              53.270329678595523,
              0
            ],
            [
              -6.2769927710040276,
              53.269869516039002,
              0
            ],
            [
              -6.2768476451767317,
              53.269288901202323,
              0
            ],
            [
              -6.2767184598456458,
              53.268799290158071,
              0
            ],
            [
              -6.2766126163978404,
              53.268407744155233,
              0
            ],
            [
              -6.276480073243353,
              53.267982690493902,
              0
            ],
            [
              -6.2764635341114561,
              53.267916073517604,
              0
            ],
            [
              -6.2764348144367119,
              53.267827970307714,
              0
            ],
            [
              -6.2764028614161909,
              53.267694276228944,
              0
            ],
            [
              -6.2763934813900866,
              53.267655014072773,
              0
            ],
            [
              -6.2759316743822318,
              53.267766405200106,
              0
            ],
            [
              -6.2754002116564145,
              53.267920891989029,
              0
            ],
            [
              -6.2749097042836253,
              53.268070953675142,
              0
            ],
            [
              -6.2746571565349774,
              53.268145361380427,
              0
            ],
            [
              -6.2744921261027571,
              53.268193988936574,
              0
            ],
            [
              -6.2744927521036091,
              53.26824206780325,
              0
            ],
            [
              -6.2744598150721664,
              53.268279665085174,
              0
            ],
            [
              -6.2744237687267796,
              53.268309551313521,
              0
            ],
            [
              -6.2743778886397514,
              53.268333371061836,
              0
            ],
            [
              -6.2743356469435714,
              53.268344056868571,
              0
            ],
            [
              -6.2742331264590838,
              53.268370104546001,
              0
            ],
            [
              -6.2741767917516116,
              53.268384398176416,
              0
            ],
            [
              -6.2741150591494987,
              53.268394684889579,
              0
            ],
            [
              -6.2740400527738913,
              53.268392448478011,
              0
            ],
            [
              -6.2739597354548478,
              53.268367933363436,
              0
            ],
            [
              -6.2739450898272757,
              53.268356343146415,
              0
            ],
            [
              -6.2735162824133273,
              53.268485892464788,
              0
            ],
            [
              -6.2732993174648009,
              53.268551194361642,
              0
            ],
            [
              -6.2729769461964207,
              53.268637835789569,
              0
            ],
            [
              -6.2724066541735839,
              53.268773924111656,
              0
            ],
            [
              -6.2720781336028564,
              53.268844176600602,
              0
            ],
            [
              -6.2717969117371712,
              53.268899584956685,
              0
            ],
            [
              -6.2712675516674317,
              53.268987184740439,
              0
            ],
            [
              -6.2708636845229329,
              53.269045610241953,
              0
            ],
            [
              -6.2707443909642224,
              53.269062252669428,
              0
            ],
            [
              -6.2702704498149551,
              53.269115822617877,
              0
            ],
            [
              -6.2698905720733107,
              53.269151143575954,
              0
            ],
            [
              -6.269447066152166,
              53.2691805053921,
              0
            ],
            [
              -6.2689781006717622,
              53.269207961593963,
              0
            ],
            [
              -6.2684995264298511,
              53.269229943688323,
              0
            ],
            [
              -6.2680166762589655,
              53.269235963395786,
              0
            ],
            [
              -6.2676287689078647,
              53.269244347773828,
              0
            ],
            [
              -6.2672692560598682,
              53.269232426673163,
              0
            ],
            [
              -6.2668569930213769,
              53.269215855596741,
              0
            ],
            [
              -6.2664804097551405,
              53.269193778929278,
              0
            ],
            [
              -6.2663286061931354,
              53.269186897530588,
              0
            ],
            [
              -6.2662223507152994,
              53.269182063460669,
              0
            ],
            [
              -6.2660013081003658,
              53.269182120223505,
              0
            ],
            [
              -6.2658173260239369,
              53.269192225228593,
              0
            ],
            [
              -6.2656519946118863,
              53.269202340629313,
              0
            ],
            [
              -6.2651675898516963,
              53.269231972369475,
              0
            ],
            [
              -6.264973038456449,
              53.26924386371865,
              0
            ],
            [
              -6.2649554448232312,
              53.269244738376685,
              0
            ],
            [
              -6.2647983034480275,
              53.269253192127984,
              0
            ],
            [
              -6.2647368658227931,
              53.269257143404374,
              0
            ],
            [
              -6.2646029975112363,
              53.269268937722607,
              0
            ],
            [
              -6.2645048815820754,
              53.269279725279574,
              0
            ],
            [
              -6.2644304868158498,
              53.269287863231305,
              0
            ],
            [
              -6.2643152954850017,
              53.269300423487714,
              0
            ],
            [
              -6.2642804925411761,
              53.269304267963037,
              0
            ],
            [
              -6.2642365036507828,
              53.269306774258709,
              0
            ],
            [
              -6.2640781287247851,
              53.269315801425321,
              0
            ],
            [
              -6.2635687836988794,
              53.269347356404687,
              0
            ],
            [
              -6.2632967182512074,
              53.269363005534629,
              0
            ],
            [
              -6.263169216903103,
              53.269380786371883,
              0
            ],
            [
              -6.2629879720263615,
              53.269426107674605,
              0
            ],
            [
              -6.2627548871713214,
              53.269486842174786,
              0
            ],
            [
              -6.2625831819469466,
              53.269531707762752,
              0
            ],
            [
              -6.2625256250341748,
              53.269546463468878,
              0
            ],
            [
              -6.2624861411935679,
              53.269561428631633,
              0
            ],
            [
              -6.2624599114593069,
              53.269579381398138,
              0
            ],
            [
              -6.2624345760064895,
              53.269598499482775,
              0
            ],
            [
              -6.2624266612573152,
              53.269608109373571,
              0
            ],
            [
              -6.2624167019318326,
              53.269622254578664,
              0
            ],
            [
              -6.2624170759667166,
              53.269641091243415,
              0
            ],
            [
              -6.2624287165962214,
              53.269664603308748,
              0
            ],
            [
              -6.2624554957772869,
              53.26972194206256,
              0
            ],
            [
              -6.262477894923423,
              53.269766689194803,
              0
            ],
            [
              -6.2624997675098468,
              53.269797728808236,
              0
            ],
            [
              -6.2626035153343542,
              53.269980856752099,
              0
            ],
            [
              -6.2626867369133015,
              53.270120388332188,
              0
            ],
            [
              -6.2628232863335569,
              53.270350644715094,
              0
            ],
            [
              -6.2628709901210824,
              53.270431378997053,
              0
            ],
            [
              -6.2629798333249784,
              53.270607947519871,
              0
            ],
            [
              -6.263077560766372,
              53.270790223284045,
              0
            ],
            [
              -6.2631354282916281,
              53.270933232965028,
              0
            ],
            [
              -6.2631623802396375,
              53.271014053067141,
              0
            ],
            [
              -6.2631643064172824,
              53.271019760781847,
              0
            ],
            [
              -6.2631748084459531,
              53.271117570727789,
              0
            ],
            [
              -6.2631726131605285,
              53.271251606940012,
              0
            ],
            [
              -6.2631375309992121,
              53.271484529619691,
              0
            ],
            [
              -6.2630994382144181,
              53.271917439300516,
              0
            ],
            [
              -6.2630974952979921,
              53.271948349320532,
              0
            ],
            [
              -6.2630921449115844,
              53.272024472536948,
              0
            ],
            [
              -6.2630849411630836,
              53.272154850362753,
              0
            ],
            [
              -6.2630792281499739,
              53.272258813775039,
              0
            ],
            [
              -6.2630736479522273,
              53.272370151252225,
              0
            ],
            [
              -6.2630677067942981,
              53.272497121159667,
              0
            ],
            [
              -6.2630622839328804,
              53.272589414005189,
              0
            ],
            [
              -6.2630556254513197,
              53.272682966071784,
              0
            ],
            [
              -6.2630534601841044,
              53.272789658752608,
              0
            ],
            [
              -6.2630488509134095,
              53.272859332029739,
              0
            ],
            [
              -6.2630436973581736,
              53.272926120249522,
              0
            ],
            [
              -6.2630385591128075,
              53.272966681090807,
              0
            ],
            [
              -6.2630378820091366,
              53.272995953919441,
              0
            ],
            [
              -6.2630379493065176,
              53.2730324209721,
              0
            ],
            [
              -6.2630395472738645,
              53.273079507426942,
              0
            ],
            [
              -6.2630456385850133,
              53.273127529406558,
              0
            ],
            [
              -6.2630541335623997,
              53.273187605441535,
              0
            ],
            [
              -6.2630606306198304,
              53.273243704744338,
              0
            ],
            [
              -6.2630754788361278,
              53.273340130883184,
              0
            ],
            [
              -6.2630872206340316,
              53.273402562389698,
              0
            ],
            [
              -6.2630966152325938,
              53.273475585560227,
              0
            ],
            [
              -6.2631056538983056,
              53.273525583837461,
              0
            ],
            [
              -6.2631069973754876,
              53.273570886913895,
              0
            ],
            [
              -6.263111037206377,
              53.273603977443528,
              0
            ],
            [
              -6.2631150363340229,
              53.273638145965037,
              0
            ],
            [
              -6.2631198351460755,
              53.273689906177246,
              0
            ],
            [
              -6.2631245532718678,
              53.273732525102311,
              0
            ],
            [
              -6.2631246041450703,
              53.273755715425793,
              0
            ],
            [
              -6.2631241191458251,
              53.273776552918129,
              0
            ],
            [
              -6.2631184507712936,
              53.273801304760951,
              0
            ],
            [
              -6.2631136837577221,
              53.273826051758938,
              0
            ],
            [
              -6.263108638586421,
              53.273850262602139,
              0
            ],
            [
              -6.263101481487376,
              53.27387445346227,
              0
            ],
            [
              -6.2630968345727203,
              53.273893649292951,
              0
            ],
            [
              -6.2630866911603205,
              53.273917455092359,
              0
            ],
            [
              -6.2630790138892234,
              53.273938572494146,
              0
            ],
            [
              -6.2630691690253375,
              53.273962041089661,
              0
            ],
            [
              -6.2630559093244083,
              53.273991033521312,
              0
            ],
            [
              -6.2630417138231396,
              53.274021988824707,
              0
            ],
            [
              -6.2630360603018111,
              53.27403342934074,
              0
            ],
            [
              -6.2630338390271998,
              53.274037918047377,
              0
            ],
            [
              -6.2630340109819906,
              53.274044031636578,
              0
            ],
            [
              -6.2630353471479472,
              53.274050684402837,
              0
            ],
            [
              -6.2630376169845654,
              53.274056461838235,
              0
            ],
            [
              -6.2630399162939501,
              53.274060772827148,
              0
            ],
            [
              -6.2630439760042123,
              53.274066747115945,
              0
            ],
            [
              -6.2630580091876693,
              53.274081952893354,
              0
            ],
            [
              -6.2630683449178317,
              53.274088869802107,
              0
            ],
            [
              -6.2630759194720662,
              53.274098095999896,
              0
            ],
            [
              -6.263072052368849,
              53.27413614876977,
              0
            ],
            [
              -6.2630678838953937,
              53.274147611821995,
              0
            ],
            [
              -6.263071251405032,
              53.274155532758108,
              0
            ],
            [
              -6.2630578613815038,
              53.274166215206471,
              0
            ],
            [
              -6.2630438499557322,
              53.274175618565835,
              0
            ],
            [
              -6.2630408451078132,
              53.274188707460006,
              0
            ],
            [
              -6.2630285615337824,
              53.27418878016401,
              0
            ],
            [
              -6.2630238732509644,
              53.274196828210968,
              0
            ],
            [
              -6.2630198120397926,
              53.274204166337206,
              0
            ],
            [
              -6.2630160379093498,
              53.274211857388501,
              0
            ],
            [
              -6.2630136459349082,
              53.274217153445356,
              0
            ],
            [
              -6.2630090592609902,
              53.274227835618788,
              0
            ],
            [
              -6.2630072696038548,
              53.274240169231092,
              0
            ],
            [
              -6.2630058491049088,
              53.27424935246146,
              0
            ],
            [
              -6.263021222105281,
              53.274284360812615,
              0
            ],
            [
              -6.2630422118976856,
              53.274332133358726,
              0
            ],
            [
              -6.2630556024298478,
              53.27436914415653,
              0
            ],
            [
              -6.263057189699321,
              53.274373635320849,
              0
            ],
            [
              -6.2630620424647923,
              53.274383349472103,
              0
            ],
            [
              -6.2630855505660596,
              53.274430404588365,
              0
            ],
            [
              -6.2631243376781276,
              53.274496781341796,
              0
            ],
            [
              -6.2631443623777088,
              53.27453463390156,
              0
            ],
            [
              -6.2631676756824275,
              53.274570225296245,
              0
            ],
            [
              -6.2632592378777492,
              53.274718840859308,
              0
            ],
            [
              -6.2633988665789877,
              53.274886067311265,
              0
            ],
            [
              -6.2634821670828238,
              53.274981811449621,
              0
            ],
            [
              -6.2634944360239393,
              53.274999490195057,
              0
            ],
            [
              -6.263547692583975,
              53.275055443603222,
              0
            ],
            [
              -6.2635881475788819,
              53.275094763014138,
              0
            ],
            [
              -6.2636162486539373,
              53.275123197527265,
              0
            ],
            [
              -6.2636592839073684,
              53.27516793033984,
              0
            ],
            [
              -6.2637016757817214,
              53.275213740440279,
              0
            ],
            [
              -6.2637505666461424,
              53.275263914570459,
              0
            ],
            [
              -6.2637974147174198,
              53.275311550321746,
              0
            ],
            [
              -6.2638586329077981,
              53.275373497815117,
              0
            ],
            [
              -6.2639104789097271,
              53.275426206440962,
              0
            ],
            [
              -6.2639440868959433,
              53.275462773598385,
              0
            ],
            [
              -6.2640221151575295,
              53.275562421439631,
              0
            ],
            [
              -6.2640573217343087,
              53.275607982070127,
              0
            ],
            [
              -6.2640853789849702,
              53.275652055307013,
              0
            ],
            [
              -6.2641165501564569,
              53.275703877667567,
              0
            ],
            [
              -6.2641294873762066,
              53.27572801870609,
              0
            ],
            [
              -6.2641906734124158,
              53.275781904926752,
              0
            ],
            [
              -6.2640861760660034,
              53.275824757317658,
              0
            ],
            [
              -6.2642038227740633,
              53.275928845912993,
              0
            ],
            [
              -6.2644342369811161,
              53.276127657906201,
              0
            ],
            [
              -6.2645493337740188,
              53.276226290035773,
              0
            ],
            [
              -6.2645627969955484,
              53.276237828228119,
              0
            ],
            [
              -6.2647284190962642,
              53.276377048433481,
              0
            ],
            [
              -6.264807329259539,
              53.276442462603448,
              0
            ],
            [
              -6.2648551868945015,
              53.27648078375092,
              0
            ],
            [
              -6.2649090518552555,
              53.276518659305331,
              0
            ],
            [
              -6.2649324973932554,
              53.276535722170827,
              0
            ],
            [
              -6.2649922196615631,
              53.276578523076815,
              0
            ],
            [
              -6.2650655147394776,
              53.276631054354368,
              0
            ],
            [
              -6.2651720333121688,
              53.276706855925049,
              0
            ],
            [
              -6.2652598546478711,
              53.276768912028878,
              0
            ],
            [
              -6.2653029751831584,
              53.276802364362219,
              0
            ],
            [
              -6.265446227942828,
              53.276909008379647,
              0
            ],
            [
              -6.2655622677296847,
              53.276986682835059,
              0
            ],
            [
              -6.265647295181215,
              53.277044068175286,
              0
            ],
            [
              -6.2657523107790594,
              53.27711218939718,
              0
            ],
            [
              -6.265856718656476,
              53.277178217320184,
              0
            ],
            [
              -6.2659847433842648,
              53.277254733624936,
              0
            ],
            [
              -6.2661557976027513,
              53.277353693527125,
              0
            ],
            [
              -6.2662932660452482,
              53.277437771982306,
              0
            ],
            [
              -6.26634588771062,
              53.277469968916257,
              0
            ],
            [
              -6.2663697517952262,
              53.277484572112229,
              0
            ],
            [
              -6.2663888357015374,
              53.277496236761806,
              0
            ],
            [
              -6.2665848495601901,
              53.277604752095399,
              0
            ],
            [
              -6.2667089719714228,
              53.277669519912351,
              0
            ],
            [
              -6.2667230154153533,
              53.277676824755268,
              0
            ],
            [
              -6.2667749382945726,
              53.277703922216872,
              0
            ],
            [
              -6.2668594298438025,
              53.277748017013096,
              0
            ],
            [
              -6.2669221478379011,
              53.277780503366913,
              0
            ],
            [
              -6.266941286381134,
              53.277790416919821,
              0
            ],
            [
              -6.2669740104455194,
              53.277807799401671,
              0
            ],
            [
              -6.2670911278943651,
              53.277870010310146,
              0
            ],
            [
              -6.2671767996329679,
              53.277912304616159,
              0
            ],
            [
              -6.2672415133250468,
              53.277941065433176,
              0
            ],
            [
              -6.2672622537791218,
              53.277944709576957,
              0
            ],
            [
              -6.2677194482168641,
              53.278165793751725,
              0
            ],
            [
              -6.2677564741323311,
              53.278183166612344,
              0
            ],
            [
              -6.2677874389876562,
              53.278196972068734,
              0
            ],
            [
              -6.2685846047303651,
              53.278520720495194,
              0
            ],
            [
              -6.2685935148077441,
              53.278512463902501,
              0
            ],
            [
              -6.2686063866118662,
              53.278507886186048,
              0
            ],
            [
              -6.2686258920219595,
              53.27850796271558,
              0
            ],
            [
              -6.2686473208625282,
              53.278515806909276,
              0
            ],
            [
              -6.2687603218752646,
              53.278561651777288,
              0
            ],
            [
              -6.2687909546752563,
              53.278575821561468,
              0
            ],
            [
              -6.2687985038815706,
              53.278584982293054,
              0
            ],
            [
              -6.2687961186825047,
              53.2785942774061,
              0
            ],
            [
              -6.2687918722338063,
              53.278599942125041,
              0
            ],
            [
              -6.2692528959716611,
              53.278783333573273,
              0
            ],
            [
              -6.269646388632677,
              53.278888974960353,
              0
            ],
            [
              -6.2697906605438369,
              53.2789096122807,
              0
            ],
            [
              -6.2699708105680516,
              53.278971438923818,
              0
            ],
            [
              -6.2701368324329056,
              53.279028417002777,
              0
            ],
            [
              -6.2702843784695164,
              53.279078618451763,
              0
            ],
            [
              -6.2703090302469562,
              53.279087622737457,
              0
            ],
            [
              -6.2703193447696233,
              53.279081012357246,
              0
            ],
            [
              -6.2703364633405956,
              53.279075993624978,
              0
            ],
            [
              -6.270353325107382,
              53.279075105733533,
              0
            ],
            [
              -6.2703675323479056,
              53.279077935495806,
              0
            ],
            [
              -6.2703774053983636,
              53.27908151401347,
              0
            ],
            [
              -6.2704330076849724,
              53.279101671312162,
              0
            ],
            [
              -6.2704520754197581,
              53.279108582105472,
              0
            ],
            [
              -6.2704610470049138,
              53.279118850034401,
              0
            ],
            [
              -6.270462018446854,
              53.279127510768127,
              0
            ],
            [
              -6.2704863800202872,
              53.279116890480658,
              0
            ],
            [
              -6.2704972404832571,
              53.279115699795668,
              0
            ],
            [
              -6.2714965382778392,
              53.279451985887192,
              0
            ],
            [
              -6.2715163885348915,
              53.27946069560371,
              0
            ],
            [
              -6.2715241984970573,
              53.279470399228458,
              0
            ],
            [
              -6.2715263610016816,
              53.279484110605914,
              0
            ],
            [
              -6.2715552916974264,
              53.279492224814007,
              0
            ],
            [
              -6.2716036464608083,
              53.279505787015495,
              0
            ],
            [
              -6.271634584915037,
              53.27951509787615,
              0
            ],
            [
              -6.2716380906817788,
              53.279526330905696,
              0
            ],
            [
              -6.2716774251468062,
              53.279535655609287,
              0
            ],
            [
              -6.2718027769900404,
              53.279400474664762,
              0
            ],
            [
              -6.271838698505988,
              53.279362776661408,
              0
            ],
            [
              -6.2720491946569839,
              53.279121393742784,
              0
            ],
            [
              -6.2721204420255567,
              53.278997248684625,
              0
            ],
            [
              -6.2721325379388482,
              53.278966584602983,
              0
            ],
            [
              -6.2721379696768507,
              53.278951230598345,
              0
            ],
            [
              -6.2721440665409016,
              53.278920616195208,
              0
            ],
            [
              -6.2721471819450878,
              53.278894244152831,
              0
            ],
            [
              -6.2721443889587336,
              53.278866493083207,
              0
            ],
            [
              -6.272131997833676,
              53.278755786619335,
              0
            ],
            [
              -6.2721506449997371,
              53.278701344843249,
              0
            ],
            [
              -6.2721708114358208,
              53.278622289348206,
              0
            ],
            [
              -6.2721836494076593,
              53.278584267495368,
              0
            ],
            [
              -6.2721942688432328,
              53.278553025640278,
              0
            ],
            [
              -6.2724619656750082,
              53.278196541248548,
              0
            ],
            [
              -6.2724811827680886,
              53.278171787585585,
              0
            ],
            [
              -6.2725733067506777,
              53.278098455689566,
              0
            ],
            [
              -6.2725979314796314,
              53.278078679821711,
              0
            ],
            [
              -6.2726129388724203,
              53.27806389596644,
              0
            ],
            [
              -6.2726954390515779,
              53.277976332855779,
              0
            ],
            [
              -6.2728147017962677,
              53.277760277679498,
              0
            ],
            [
              -6.2728244256154202,
              53.277742675856906,
              0
            ],
            [
              -6.2729137878488404,
              53.277451808328905,
              0
            ],
            [
              -6.2729226780174354,
              53.277424308309563,
              0
            ],
            [
              -6.272936044264033,
              53.277376989451589,
              0
            ],
            [
              -6.2729447599500769,
              53.277356047384238,
              0
            ],
            [
              -6.2729545004596243,
              53.277336540295948,
              0
            ],
            [
              -6.2729524409157502,
              53.27732141928746,
              0
            ],
            [
              -6.2729615768737439,
              53.277289346936882,
              0
            ],
            [
              -6.2729833866293987,
              53.277214072170111,
              0
            ],
            [
              -6.2730367598523644,
              53.277029471925545,
              0
            ],
            [
              -6.2730531131175837,
              53.276970135964049,
              0
            ],
            [
              -6.2730554938486573,
              53.276957578890297,
              0
            ],
            [
              -6.2730561556823403,
              53.276942316639278,
              0
            ],
            [
              -6.2730555808154342,
              53.276927936192678,
              0
            ],
            [
              -6.2730448904060507,
              53.276910047637891,
              0
            ],
            [
              -6.2730318341219764,
              53.276879056878748,
              0
            ],
            [
              -6.272959211623343,
              53.276725393481321,
              0
            ],
            [
              -6.2728592598049193,
              53.276535931428597,
              0
            ],
            [
              -6.2727819383168377,
              53.276391393857395,
              0
            ],
            [
              -6.2727747881335105,
              53.276376416607071,
              0
            ],
            [
              -6.2727726434209385,
              53.276364897725436,
              0
            ],
            [
              -6.2727709916633909,
              53.2763460255537,
              0
            ],
            [
              -6.2727715215732136,
              53.276322843691233,
              0
            ],
            [
              -6.2727707405366804,
              53.276291228988278,
              0
            ],
            [
              -6.2727537644188871,
              53.276221388360341,
              0
            ],
            [
              -6.272733700585543,
              53.27611611467745,
              0
            ],
            [
              -6.2727131119500772,
              53.276020919936947,
              0
            ],
            [
              -6.2726827229347091,
              53.275894367201708,
              0
            ],
            [
              -6.27265493708361,
              53.275760121425122,
              0
            ],
            [
              -6.2726406281795377,
              53.275691379125,
              0
            ],
            [
              -6.2726301478384237,
              53.275625530765303,
              0
            ],
            [
              -6.2726245203198916,
              53.275583619968302,
              0
            ],
            [
              -6.2726199978824395,
              53.275532563514979,
              0
            ],
            [
              -6.2726155061668258,
              53.275440549200219,
              0
            ],
            [
              -6.2726106157391328,
              53.275326778573366,
              0
            ],
            [
              -6.2726069856492863,
              53.275223810242053,
              0
            ],
            [
              -6.2726084954216823,
              53.275210169161397,
              0
            ],
            [
              -6.2726092682472139,
              53.275189517396498,
              0
            ],
            [
              -6.2726114410114331,
              53.27517282184602,
              0
            ],
            [
              -6.2726139560728518,
              53.275154703030736,
              0
            ],
            [
              -6.2726184184095546,
              53.27512994228951,
              0
            ],
            [
              -6.2726222318762099,
              53.275107885682857,
              0
            ],
            [
              -6.2726267129810802,
              53.275095339272006,
              0
            ],
            [
              -6.2726337886889381,
              53.275074563111538,
              0
            ],
            [
              -6.2726395221166529,
              53.275059519048966,
              0
            ],
            [
              -6.2726457848527115,
              53.275047710316151,
              0
            ],
            [
              -6.2726590374068882,
              53.27503183143444,
              0
            ],
            [
              -6.2726731600365975,
              53.275017393381695,
              0
            ],
            [
              -6.2726991156421716,
              53.274996584259945,
              0
            ],
            [
              -6.2727303012668756,
              53.27496953220394,
              0
            ],
            [
              -6.27275203172431,
              53.27495049634738,
              0
            ],
            [
              -6.2727695379121142,
              53.274932134521443,
              0
            ],
            [
              -6.2727858817365982,
              53.274911249944189,
              0
            ],
            [
              -6.2728050514578699,
              53.274886252859588,
              0
            ],
            [
              -6.2728218997971785,
              53.274870408077305,
              0
            ],
            [
              -6.2728456984057654,
              53.274851732931452,
              0
            ],
            [
              -6.2728922327681849,
              53.274822295715737,
              0
            ],
            [
              -6.2729895264327702,
              53.274761832200063,
              0
            ],
            [
              -6.2730564107073841,
              53.274720700352141,
              0
            ],
            [
              -6.2731246886833496,
              53.274683714236389,
              0
            ],
            [
              -6.2732035722499333,
              53.274641783590688,
              0
            ],
            [
              -6.2732805811789953,
              53.274603613367745,
              0
            ],
            [
              -6.2733408387076652,
              53.274576990302592,
              0
            ],
            [
              -6.2733798972462651,
              53.274559167031171,
              0
            ],
            [
              -6.273436113955313,
              53.274526023783075,
              0
            ],
            [
              -6.2736004212242236,
              53.274430906447357,
              0
            ],
            [
              -6.2737412625567668,
              53.274349482381233,
              0
            ],
            [
              -6.273873242856129,
              53.274371176352595,
              0
            ],
            [
              -6.2739648238294086,
              53.274386264100379,
              0
            ],
            [
              -6.2740601663681055,
              53.274401368482998,
              0
            ],
            [
              -6.2741361560222009,
              53.274224672182342,
              0
            ],
            [
              -6.2741874895100045,
              53.274105253915373,
              0
            ],
            [
              -6.2742337352839357,
              53.27399777739744,
              0
            ],
            [
              -6.2742436293965103,
              53.273974758041703,
              0
            ],
            [
              -6.2751384064136557,
              53.273994699825742,
              0
            ],
            [
              -6.2751604322033661,
              53.274006684268684,
              0
            ],
            [
              -6.2752206587475614,
              53.274038466894382,
              0
            ],
            [
              -6.2753270492201274,
              53.274100901036576,
              0
            ],
            [
              -6.2755594207808558,
              53.274201801353442,
              0
            ],
            [
              -6.2759616456158334,
              53.274352922630825,
              0
            ],
            [
              -6.2759728347503909,
              53.274358098948795,
              0
            ],
            [
              -6.276308242929713,
              53.27449245064782,
              0
            ],
            [
              -6.2765667483411773,
              53.274568912210611,
              0
            ],
            [
              -6.2767677457680913,
              53.27463574165062,
              0
            ],
            [
              -6.2769440815868647,
              53.274681739225038,
              0
            ],
            [
              -6.2772020307335881,
              53.274749382028681,
              0
            ],
            [
              -6.2774006990004265,
              53.274799637562495,
              0
            ],
            [
              -6.2775468448893061,
              53.27483532090033,
              0
            ],
            [
              -6.2776406204151778,
              53.274860737079742,
              0
            ],
            [
              -6.2777697342321224,
              53.274902643778958,
              0
            ],
            [
              -6.277906839692041,
              53.27494718336434,
              0
            ],
            [
              -6.2779968691851016,
              53.274976311201094,
              0
            ],
            [
              -6.2781267630691353,
              53.275021285658291,
              0
            ],
            [
              -6.2782356204419791,
              53.275059853188672,
              0
            ],
            [
              -6.2783587111276118,
              53.275102041670451,
              0
            ],
            [
              -6.278440711804266,
              53.275129444339015,
              0
            ]
          ]
        ]
      },
      "properties" : {
        "OBJECTID" : 9,
        "park_name" : "Marlay Park",
        "irish_name" : " ",
        "previous_n" : " ",
        "address" : "Marlay Park, Rathfarnham, Dublin 16",
        "type" : "Regional Park",
        "type2" : "Flagship",
        "Shape_Length" : 4243.0942439518622,
        "Shape_Area" : 842595.1799057225
      }
    },
    {
      "type" : "Feature",
      "id" : 10,
      "geometry" : {
        "type" : "Polygon",
        "coordinates" : [
          [
            [
              -6.2118535618484234,
              53.296214285538404,
              0
            ],
            [
              -6.2118467077129873,
              53.296146007779647,
              0
            ],
            [
              -6.2118329565990136,
              53.295993278158655,
              0
            ],
            [
              -6.2118234441992755,
              53.295871384269383,
              0
            ],
            [
              -6.2121884188012784,
              53.295888125418365,
              0
            ],
            [
              -6.2122588097175919,
              53.295891399958997,
              0
            ],
            [
              -6.2123052137096098,
              53.295893875325461,
              0
            ],
            [
              -6.2123291802754528,
              53.295895126261733,
              0
            ],
            [
              -6.2124579456022069,
              53.295901954300135,
              0
            ],
            [
              -6.2125926897555672,
              53.29590931314187,
              0
            ],
            [
              -6.2127296989892002,
              53.295916715667843,
              0
            ],
            [
              -6.2129220392088085,
              53.295928630663077,
              0
            ],
            [
              -6.2130070325875622,
              53.295933905073973,
              0
            ],
            [
              -6.2130453546909887,
              53.2959362770127,
              0
            ],
            [
              -6.2131762372876906,
              53.295943136002251,
              0
            ],
            [
              -6.2132991297722979,
              53.295947548070373,
              0
            ],
            [
              -6.2132973427092386,
              53.295989244741641,
              0
            ],
            [
              -6.2133870478843818,
              53.295992772954875,
              0
            ],
            [
              -6.2133901141617205,
              53.295946629188627,
              0
            ],
            [
              -6.213392164100104,
              53.295919802118412,
              0
            ],
            [
              -6.2133946296732869,
              53.29589056523433,
              0
            ],
            [
              -6.2135764561510189,
              53.295901045316711,
              0
            ],
            [
              -6.2137363553753033,
              53.295910263675282,
              0
            ],
            [
              -6.2138918115686286,
              53.295919215729583,
              0
            ],
            [
              -6.2140510103895394,
              53.295928396209327,
              0
            ],
            [
              -6.2142115864681697,
              53.295937649233494,
              0
            ],
            [
              -6.2143729077001133,
              53.295946950949862,
              0
            ],
            [
              -6.214376767089739,
              53.295919853451522,
              0
            ],
            [
              -6.2145384574497049,
              53.295928289510485,
              0
            ],
            [
              -6.2146942486054222,
              53.295936409625227,
              0
            ],
            [
              -6.2148533314727494,
              53.295944706447692,
              0
            ],
            [
              -6.2150166237429865,
              53.295953226958233,
              0
            ],
            [
              -6.2151741355474543,
              53.295961426130631,
              0
            ],
            [
              -6.2152849725179262,
              53.29596720078375,
              0
            ],
            [
              -6.2154619175854462,
              53.29597643016151,
              0
            ],
            [
              -6.215496634847165,
              53.295978944205608,
              0
            ],
            [
              -6.2154983388104261,
              53.295979059588021,
              0
            ],
            [
              -6.2155000135378913,
              53.295979192509414,
              0
            ],
            [
              -6.2155017175024669,
              53.295979343844792,
              0
            ],
            [
              -6.2155034060995007,
              53.295979503938419,
              0
            ],
            [
              -6.2155050928227453,
              53.29597967299221,
              0
            ],
            [
              -6.2155067653032523,
              53.295979859809343,
              0
            ],
            [
              -6.2155084524023225,
              53.295980055833461,
              0
            ],
            [
              -6.2155101267579775,
              53.29598026964333,
              0
            ],
            [
              -6.2155117962412261,
              53.295980492368514,
              0
            ],
            [
              -6.2155134664747962,
              53.295980733081386,
              0
            ],
            [
              -6.2155151213408484,
              53.295980982552514,
              0
            ],
            [
              -6.2155167754579068,
              53.295981249988905,
              0
            ],
            [
              -6.2155184123336484,
              53.295981535143731,
              0
            ],
            [
              -6.215520034592168,
              53.295981847044523,
              0
            ],
            [
              -6.2155216411086611,
              53.295982176686209,
              0
            ],
            [
              -6.215523246501685,
              53.295982533275811,
              0
            ],
            [
              -6.2155248226214885,
              53.295982908302634,
              0
            ],
            [
              -6.215526396230878,
              53.295983307560128,
              0
            ],
            [
              -6.2155279386558133,
              53.295983735113296,
              0
            ],
            [
              -6.2155294803317842,
              53.295984180631741,
              0
            ],
            [
              -6.2155309912726908,
              53.295984643666699,
              0
            ],
            [
              -6.2155324845228845,
              53.295985135199295,
              0
            ],
            [
              -6.2155339636052727,
              53.295985642698689,
              0
            ],
            [
              -6.2155352638945693,
              53.295986120557728,
              0
            ],
            [
              -6.2155368771681552,
              53.295986719947692,
              0
            ],
            [
              -6.2155384668661693,
              53.295987345050726,
              0
            ],
            [
              -6.2155400486557735,
              53.295987979922465,
              0
            ],
            [
              -6.2155416120792557,
              53.295988623507576,
              0
            ],
            [
              -6.2155431593862636,
              53.295989293816234,
              0
            ],
            [
              -6.2155446913257704,
              53.295989972883127,
              0
            ],
            [
              -6.21554619103091,
              53.295990669444151,
              0
            ],
            [
              -6.2155476768678835,
              53.295991374785842,
              0
            ],
            [
              -6.2155491470002957,
              53.295992096970174,
              0
            ],
            [
              -6.2155506043518898,
              53.295992837838526,
              0
            ],
            [
              -6.2155520238463993,
              53.295993587128599,
              0
            ],
            [
              -6.2155534350205626,
              53.295994356068292,
              0
            ],
            [
              -6.2155548275290133,
              53.295995140907451,
              0
            ],
            [
              -6.2155561900514158,
              53.295995925297902,
              0
            ],
            [
              -6.215557536494785,
              53.295996735513597,
              0
            ],
            [
              -6.2155588660338896,
              53.2959975553634,
              0
            ],
            [
              -6.2155601667117688,
              53.295998383769529,
              0
            ],
            [
              -6.2155614516476465,
              53.295999229916575,
              0
            ],
            [
              -6.2155627365835873,
              53.296000076063599,
              0
            ],
            [
              -6.2155640088135966,
              53.296000939098136,
              0
            ],
            [
              -6.2155652614403252,
              53.296001804535791,
              0
            ],
            [
              -6.215566485280724,
              53.296002676733217,
              0
            ],
            [
              -6.2155677241142193,
              53.296003549155024,
              0
            ],
            [
              -6.2155689325871553,
              53.296004430110735,
              0
            ],
            [
              -6.2155701407231003,
              53.296005319150794,
              0
            ],
            [
              -6.2155713319548092,
              53.296006217824967,
              0
            ],
            [
              -6.2155725096928096,
              53.296007116297183,
              0
            ],
            [
              -6.215573687056354,
              53.296008023752044,
              0
            ],
            [
              -6.2155748340593524,
              53.296008939740808,
              0
            ],
            [
              -6.2155759810998621,
              53.296009854831283,
              0
            ],
            [
              -6.2155771127354082,
              53.296010779578303,
              0
            ],
            [
              -6.2155782308023459,
              53.296011705919902,
              0
            ],
            [
              -6.2155793317029016,
              53.296012648183456,
              0
            ],
            [
              -6.2155804330154414,
              53.296013580566097,
              0
            ],
            [
              -6.2155814312115689,
              53.296014467363243,
              0
            ],
            [
              -6.2155823570638162,
              53.296015290160092,
              0
            ],
            [
              -6.2155832675485598,
              53.296016121715212,
              0
            ],
            [
              -6.215584161166487,
              53.296016962006171,
              0
            ],
            [
              -6.2155850412906846,
              53.2960178020952,
              0
            ],
            [
              -6.215585891091763,
              53.296018649819864,
              0
            ],
            [
              -6.2155867404809397,
              53.296019507425427,
              0
            ],
            [
              -6.2155875748021732,
              53.296020366603173,
              0
            ],
            [
              -6.2155883938307994,
              53.296021232742653,
              0
            ],
            [
              -6.2155892005279778,
              53.296022106786999,
              0
            ],
            [
              -6.2155899876967462,
              53.296022981437986,
              0
            ],
            [
              -6.2155907609973111,
              53.296023864869603,
              0
            ],
            [
              -6.2155915193048257,
              53.296024748076917,
              0
            ],
            [
              -6.2155922472517648,
              53.296025639818133,
              0
            ],
            [
              -6.2155929748616989,
              53.296026539643698,
              0
            ],
            [
              -6.2155936873662485,
              53.296027441939714,
              0
            ],
            [
              -6.2155943699595984,
              53.296028341990485,
              0
            ],
            [
              -6.2155950521784948,
              53.296029251023867,
              0
            ],
            [
              -6.2155957190298512,
              53.296030168815541,
              0
            ],
            [
              -6.2155963544332522,
              53.296031085237772,
              0
            ],
            [
              -6.215596991298538,
              53.296032002580731,
              0
            ],
            [
              -6.2155976127963095,
              53.296032928681939,
              0
            ],
            [
              -6.2155982193010217,
              53.2960338545588,
              0
            ],
            [
              -6.215598795445147,
              53.296034788969578,
              0
            ],
            [
              -6.2155993716267464,
              53.296035722482102,
              0
            ],
            [
              -6.215599932702939,
              53.296036658465027,
              0
            ],
            [
              -6.2156004784865235,
              53.296037601409743,
              0
            ],
            [
              -6.2156010122756555,
              53.296038544174934,
              0
            ],
            [
              -6.2156015431036629,
              53.296039485996992,
              0
            ],
            [
              -6.2156020420342966,
              53.296040437228811,
              0
            ],
            [
              -6.2156025274711961,
              53.296041388258693,
              0
            ],
            [
              -6.2156029975405591,
              53.296042348046853,
              0
            ],
            [
              -6.2156034530288,
              53.29604329772976,
              0
            ],
            [
              -6.2156038931120543,
              53.296044257069184,
              0
            ],
            [
              -6.215604332745964,
              53.296045227187804,
              0
            ],
            [
              -6.215613151910869,
              53.296069032398243,
              0
            ],
            [
              -6.215621646429268,
              53.296123296607611,
              0
            ],
            [
              -6.2156527506572585,
              53.296359272029903,
              0
            ],
            [
              -6.2156811162629335,
              53.296359732434922,
              0
            ],
            [
              -6.21571565718755,
              53.296360294224151,
              0
            ],
            [
              -6.2157444126177239,
              53.296360760447087,
              0
            ],
            [
              -6.2157678608356095,
              53.296361138264395,
              0
            ],
            [
              -6.2157804113173789,
              53.296362773161007,
              0
            ],
            [
              -6.2158056219619384,
              53.296362620070312,
              0
            ],
            [
              -6.2157983174961977,
              53.296297435889741,
              0
            ],
            [
              -6.215798959958625,
              53.296297571338016,
              0
            ],
            [
              -6.2157971939920333,
              53.296284475108799,
              0
            ],
            [
              -6.215787108496337,
              53.296284962369128,
              0
            ],
            [
              -6.2157766099818756,
              53.296206751369951,
              0
            ],
            [
              -6.2157759674459889,
              53.296206617718092,
              0
            ],
            [
              -6.2157627296649114,
              53.296207111738894,
              0
            ],
            [
              -6.2157381218640833,
              53.29595423588021,
              0
            ],
            [
              -6.2158653086526225,
              53.295948921358317,
              0
            ],
            [
              -6.2160060205612702,
              53.295943054935051,
              0
            ],
            [
              -6.2161819885389153,
              53.295935700595045,
              0
            ],
            [
              -6.2163398782140646,
              53.295929111026837,
              0
            ],
            [
              -6.2163225536240594,
              53.295877590130523,
              0
            ],
            [
              -6.2165561828945357,
              53.295852412074964,
              0
            ],
            [
              -6.2168135182363997,
              53.295824685764181,
              0
            ],
            [
              -6.2168721069282098,
              53.295921808897518,
              0
            ],
            [
              -6.2171956474886567,
              53.295902377390739,
              0
            ],
            [
              -6.2173719027058727,
              53.295891790722514,
              0
            ],
            [
              -6.2175639918452061,
              53.295880254927994,
              0
            ],
            [
              -6.2177418668878932,
              53.295869673950222,
              0
            ],
            [
              -6.2178583594859527,
              53.295864610925207,
              0
            ],
            [
              -6.2179053410549452,
              53.29586262468667,
              0
            ],
            [
              -6.2179247183050981,
              53.295861682887221,
              0
            ],
            [
              -6.2181087615886543,
              53.295853529589643,
              0
            ],
            [
              -6.2182911701663715,
              53.295842117613894,
              0
            ],
            [
              -6.2184711498590604,
              53.29583102770254,
              0
            ],
            [
              -6.2186500212834162,
              53.295818123315797,
              0
            ],
            [
              -6.2188402767447775,
              53.295805209840097,
              0
            ],
            [
              -6.2188460973584316,
              53.295837663437311,
              0
            ],
            [
              -6.2190960162828279,
              53.295826573712077,
              0
            ],
            [
              -6.2194129939136857,
              53.295813070188707,
              0
            ],
            [
              -6.2196160752307881,
              53.295802341485192,
              0
            ],
            [
              -6.2196032438398197,
              53.295618252317972,
              0
            ],
            [
              -6.2196031792513962,
              53.295617352529632,
              0
            ],
            [
              -6.2196026219172342,
              53.29560961611962,
              0
            ],
            [
              -6.2196012801221014,
              53.29560050537988,
              0
            ],
            [
              -6.2195954790019128,
              53.295504019891609,
              0
            ],
            [
              -6.2195943617685874,
              53.295476454254789,
              0
            ],
            [
              -6.2195907822616521,
              53.295388666598235,
              0
            ],
            [
              -6.2196349183358368,
              53.295367395171702,
              0
            ],
            [
              -6.2197283156776209,
              53.295324225008827,
              0
            ],
            [
              -6.2197025483157313,
              53.295302069890766,
              0
            ],
            [
              -6.2198361066440686,
              53.295241609943957,
              0
            ],
            [
              -6.2198563368814792,
              53.295232450934101,
              0
            ],
            [
              -6.2198765639996338,
              53.295223294570761,
              0
            ],
            [
              -6.2199131390727818,
              53.295206739549648,
              0
            ],
            [
              -6.2199444563192845,
              53.295190318151725,
              0
            ],
            [
              -6.2199973149208079,
              53.29516163476957,
              0
            ],
            [
              -6.2200928089202279,
              53.295105580421058,
              0
            ],
            [
              -6.2201170745017462,
              53.295091336733272,
              0
            ],
            [
              -6.2202833508311128,
              53.294993357880124,
              0
            ],
            [
              -6.2203489541684744,
              53.294954078672369,
              0
            ],
            [
              -6.2203311523448992,
              53.294907037288361,
              0
            ],
            [
              -6.220293799619208,
              53.294811690724877,
              0
            ],
            [
              -6.2202578666179154,
              53.29478294033278,
              0
            ],
            [
              -6.2202330243058483,
              53.294763073158641,
              0
            ],
            [
              -6.2201805967895547,
              53.294721116407956,
              0
            ],
            [
              -6.2200728495990241,
              53.294636014561739,
              0
            ],
            [
              -6.2200475775043564,
              53.294616385412183,
              0
            ],
            [
              -6.2200241374124561,
              53.294595704116318,
              0
            ],
            [
              -6.2200039235681679,
              53.29457669874585,
              0
            ],
            [
              -6.219984714812445,
              53.294555890953127,
              0
            ],
            [
              -6.2199775715228434,
              53.294547326385725,
              0
            ],
            [
              -6.219963061445906,
              53.294521394425395,
              0
            ],
            [
              -6.2199484477412321,
              53.294491136673443,
              0
            ],
            [
              -6.2199315375882058,
              53.294437459032409,
              0
            ],
            [
              -6.2198815737841491,
              53.294285809574838,
              0
            ],
            [
              -6.2198344114029229,
              53.294124486522627,
              0
            ],
            [
              -6.2197881549652294,
              53.293963355836667,
              0
            ],
            [
              -6.2197413031359687,
              53.293809046402572,
              0
            ],
            [
              -6.2197236394953421,
              53.293750413041451,
              0
            ],
            [
              -6.2197181700619302,
              53.293732265914713,
              0
            ],
            [
              -6.2197010712344518,
              53.293675527613907,
              0
            ],
            [
              -6.219668766008799,
              53.29356748298887,
              0
            ],
            [
              -6.2196472039713342,
              53.293538022071836,
              0
            ],
            [
              -6.2196179385456496,
              53.293513469661072,
              0
            ],
            [
              -6.2196024103046463,
              53.293504420343233,
              0
            ],
            [
              -6.2195687455043105,
              53.293491144496201,
              0
            ],
            [
              -6.2195221777138601,
              53.293478198193313,
              0
            ],
            [
              -6.2194861753097737,
              53.29347099133394,
              0
            ],
            [
              -6.2194667440549836,
              53.293468894547608,
              0
            ],
            [
              -6.2194212297437348,
              53.293466399285791,
              0
            ],
            [
              -6.2190091679881592,
              53.293444084571917,
              0
            ],
            [
              -6.2183870808926427,
              53.293411719513124,
              0
            ],
            [
              -6.2182828325383541,
              53.293407069011522,
              0
            ],
            [
              -6.2182812302454549,
              53.293407000128617,
              0
            ],
            [
              -6.2182796148334889,
              53.293406922061436,
              0
            ],
            [
              -6.218278013288371,
              53.293406835213176,
              0
            ],
            [
              -6.218276411743263,
              53.293406748364887,
              0
            ],
            [
              -6.2182748101981611,
              53.293406661516585,
              0
            ],
            [
              -6.2182731925355643,
              53.293406565439184,
              0
            ],
            [
              -6.21827159136435,
              53.293406469608172,
              0
            ],
            [
              -6.2182699905670411,
              53.293406364794507,
              0
            ],
            [
              -6.2182683897697411,
              53.293406259980813,
              0
            ],
            [
              -6.2182667889724517,
              53.293406155167069,
              0
            ],
            [
              -6.2182651904221578,
              53.293406032410417,
              0
            ],
            [
              -6.2182635899987719,
              53.293405918613985,
              0
            ],
            [
              -6.2182619899492826,
              53.293405795834879,
              0
            ],
            [
              -6.2182603902736773,
              53.293405664073106,
              0
            ],
            [
              -6.2182588067155971,
              53.29340554154038,
              0
            ],
            [
              -6.2182572044154876,
              53.293405400751084,
              0
            ],
            [
              -6.2182556051138178,
              53.293405260006566,
              0
            ],
            [
              -6.2182540058121445,
              53.29340511926204,
              0
            ],
            [
              -6.2182524233757741,
              53.29340496978125,
              0
            ],
            [
              -6.2182508244480275,
              53.293404820054029,
              0
            ],
            [
              -6.2182492405124652,
              53.2934046705508,
              0
            ],
            [
              -6.2182476569507914,
              53.293404512064889,
              0
            ],
            [
              -6.2182460707646081,
              53.293404344551483,
              0
            ],
            [
              -6.2182444890760795,
              53.29340417710528,
              0
            ],
            [
              -6.2182429058883359,
              53.29340400963666,
              0
            ],
            [
              -6.2182413230745119,
              53.293403833185344,
              0
            ],
            [
              -6.2182397406345915,
              53.293403647751347,
              0
            ],
            [
              -6.2182381596938878,
              53.293403462339739,
              0
            ],
            [
              -6.2182365772539985,
              53.293403276905728,
              0
            ],
            [
              -6.2182349951880171,
              53.293403082489,
              0
            ],
            [
              -6.2182334131220367,
              53.293402888072279,
              0
            ],
            [
              -6.2182318310560829,
              53.293402693655523,
              0
            ],
            [
              -6.2182302628569852,
              53.293402490457709,
              0
            ],
            [
              -6.2182286815388528,
              53.293402278075611,
              0
            ],
            [
              -6.218227115212895,
              53.293402065917498,
              0
            ],
            [
              -6.2182255488869655,
              53.293401853759384,
              0
            ],
            [
              -6.2182239694419925,
              53.293401632416959,
              0
            ],
            [
              -6.2182224034899782,
              53.293401411276122,
              0
            ],
            [
              -6.2182208375006054,
              53.293401191033539,
              0
            ],
            [
              -6.218219256930352,
              53.293400960685993,
              0
            ],
            [
              -6.2182176894791885,
              53.293400739522724,
              0
            ],
            [
              -6.2182161268995797,
              53.293400509443948,
              0
            ],
            [
              -6.2182145583231199,
              53.293400279275566,
              0
            ],
            [
              -6.2182129931190042,
              53.293400040169296,
              0
            ],
            [
              -6.2182114279149197,
              53.293399801062996,
              0
            ],
            [
              -6.2182098642100554,
              53.293399561979101,
              0
            ],
            [
              -6.2182082990060064,
              53.293399322872773,
              0
            ],
            [
              -6.2182067487941328,
              53.293399083990451,
              0
            ],
            [
              -6.2182051839640184,
              53.293398835901449,
              0
            ],
            [
              -6.2182036176346962,
              53.293398587789994,
              0
            ],
            [
              -6.2182020677967769,
              53.293398339924948,
              0
            ],
            [
              -6.2182005034154022,
              53.293398081056679,
              0
            ],
            [
              -6.2181989539514211,
              53.293397824208924,
              0
            ],
            [
              -6.2181973894952876,
              53.293397567137163,
              0
            ],
            [
              -6.2181958415305738,
              53.293397310311782,
              0
            ],
            [
              -6.2181942920666504,
              53.293397053463977,
              0
            ],
            [
              -6.2181927279844915,
              53.293396787409485,
              0
            ],
            [
              -6.2181911788945108,
              53.293396521578977,
              0
            ],
            [
              -6.2181896316776655,
              53.293396246788198,
              0
            ],
            [
              -6.2181880795892939,
              53.293395980912877,
              0
            ],
            [
              -6.218186530835899,
              53.29339570699792,
              0
            ],
            [
              -6.2181849821198991,
              53.293395432184688,
              0
            ],
            [
              -6.2181834498953039,
              53.293395157617866,
              0
            ],
            [
              -6.2181819015532644,
              53.293394873821939,
              0
            ],
            [
              -6.2181803532112321,
              53.29339459002599,
              0
            ],
            [
              -6.2181788198613877,
              53.293394306454047,
              0
            ],
            [
              -6.2181772865115654,
              53.293394022882076,
              0
            ],
            [
              -6.2181757520364558,
              53.293393730305034,
              0
            ],
            [
              -6.2181742040684131,
              53.293393437526355,
              0
            ],
            [
              -6.2181718674981425,
              53.29339298915162,
              0
            ],
            [
              -6.2181702603093116,
              53.293392677511449,
              0
            ],
            [
              -6.2181686549936268,
              53.293392356910992,
              0
            ],
            [
              -6.218167048178751,
              53.293392036288104,
              0
            ],
            [
              -6.2181654567299791,
              53.293391706906604,
              0
            ],
            [
              -6.2181638502890619,
              53.293391377301035,
              0
            ],
            [
              -6.2181622603395503,
              53.293391047941853,
              0
            ],
            [
              -6.2181606666028504,
              53.293390701448445,
              0
            ],
            [
              -6.21815907552807,
              53.293390363084178,
              0
            ],
            [
              -6.218157484827243,
              53.293390015737245,
              0
            ],
            [
              -6.2181558959995638,
              53.293389659430026,
              0
            ],
            [
              -6.2181543206648646,
              53.293389303324403,
              0
            ],
            [
              -6.2181527457041019,
              53.293388938236149,
              0
            ],
            [
              -6.2181511707433543,
              53.29338857314783,
              0
            ],
            [
              -6.2181495957826467,
              53.293388208059497,
              0
            ],
            [
              -6.2181480227698733,
              53.293387832214364,
              0
            ],
            [
              -6.2181464455586051,
              53.293387449115883,
              0
            ],
            [
              -6.2181448863379574,
              53.293387066286208,
              0
            ],
            [
              -6.218143327416481,
              53.293386676270394,
              0
            ],
            [
              -6.2181417701438138,
              53.293386282683898,
              0
            ],
            [
              -6.2181402269997657,
              53.293385874028495,
              0
            ],
            [
              -6.2181386992592174,
              53.293385455716198,
              0
            ],
            [
              -6.2181371565265344,
              53.293385037179817,
              0
            ],
            [
              -6.2181356310331033,
              53.293384600924547,
              0
            ],
            [
              -6.2181341164081134,
              53.293384155843427,
              0
            ],
            [
              -6.2181326047815961,
              53.293383710807099,
              0
            ],
            [
              -6.2181310939029419,
              53.29338324780543,
              0
            ],
            [
              -6.2181295980164855,
              53.293382785027795,
              0
            ],
            [
              -6.2181281193692692,
              53.293382304531242,
              0
            ],
            [
              -6.2181266392228576,
              53.293381824012279,
              0
            ],
            [
              -6.2181251597869389,
              53.293381326426235,
              0
            ],
            [
              -6.2181236953805943,
              53.293380828165965,
              0
            ],
            [
              -6.2181222328474286,
              53.293380320945417,
              0
            ],
            [
              -6.2181207811827219,
              53.293379804899011,
              0
            ],
            [
              -6.2181193482564776,
              53.293379271156113,
              0
            ],
            [
              -6.2181175608280626,
              53.293378604482605,
              0
            ],
            [
              -6.218115965979492,
              53.293377996414016,
              0
            ],
            [
              -6.218114373004096,
              53.29337737938517,
              0
            ],
            [
              -6.2181127934843028,
              53.293376763456166,
              0
            ],
            [
              -6.2181112297419503,
              53.293376128887637,
              0
            ],
            [
              -6.2181096809917884,
              53.293375494543106,
              0
            ],
            [
              -6.2181081191226601,
              53.293374851014256,
              0
            ],
            [
              -6.2181065681220069,
              53.293374198659563,
              0
            ],
            [
              -6.2181050354859213,
              53.293373537591044,
              0
            ],
            [
              -6.2181035032237917,
              53.293372867539858,
              0
            ],
            [
              -6.2181019874156913,
              53.293372198633357,
              0
            ],
            [
              -6.218100485511898,
              53.293371520047529,
              0
            ],
            [
              -6.2180989839820739,
              53.29337083247902,
              0
            ],
            [
              -6.2180974828262228,
              53.293370135927852,
              0
            ],
            [
              -6.2180959970365004,
              53.293369430618036,
              0
            ],
            [
              -6.2180945278129842,
              53.293368723758121,
              0
            ],
            [
              -6.2180930543910016,
              53.293368009644851,
              0
            ],
            [
              -6.2180915992961836,
              53.293367287716016,
              0
            ],
            [
              -6.2180901596049027,
              53.293366556130273,
              0
            ],
            [
              -6.2180887217867946,
              53.293365815584281,
              0
            ],
            [
              -6.218087297461679,
              53.29336507523989,
              0
            ],
            [
              -6.2180858731366158,
              53.293364334895472,
              0
            ],
            [
              -6.2180844795437631,
              53.293363577033823,
              0
            ],
            [
              -6.2180830682968979,
              53.293362810818891,
              0
            ],
            [
              -6.2180816795757217,
              53.293362044041778,
              0
            ],
            [
              -6.218080283358506,
              53.293361277152606,
              0
            ],
            [
              -6.2180788902145645,
              53.293360508511704,
              0
            ],
            [
              -6.218077496995873,
              53.293359741667295,
              0
            ],
            [
              -6.2180761041137789,
              53.293358966738509,
              0
            ],
            [
              -6.2180747127683418,
              53.293358190933823,
              0
            ],
            [
              -6.2180733195498146,
              53.293357424089386,
              0
            ],
            [
              -6.2180719416974037,
              53.293356648486309,
              0
            ],
            [
              -6.218070548852908,
              53.293355872659163,
              0
            ],
            [
              -6.2180691728737525,
              53.293355088095822,
              0
            ],
            [
              -6.2180677949841012,
              53.293354313390957,
              0
            ],
            [
              -6.2180664141334807,
              53.293353537743016,
              0
            ],
            [
              -6.2180650366552506,
              53.293352753157215,
              0
            ],
            [
              -6.2180636588779423,
              53.293351975757517,
              0
            ],
            [
              -6.218062282899024,
              53.293351191194084,
              0
            ],
            [
              -6.2180609053461735,
              53.29335040840477,
              0
            ],
            [
              -6.2180595428976915,
              53.293349623144657,
              0
            ],
            [
              -6.2180581654197269,
              53.293348838558771,
              0
            ],
            [
              -6.2180568033078805,
              53.293348045214259,
              0
            ],
            [
              -6.2180554423213819,
              53.293347260874789,
              0
            ],
            [
              -6.2180540802096367,
              53.293346467530242,
              0
            ],
            [
              -6.2180527146881923,
              53.293345684021808,
              0
            ],
            [
              -6.2180513525765484,
              53.293344890677218,
              0
            ],
            [
              -6.2180306589803553,
              53.293332831994618,
              0
            ],
            [
              -6.2180294891159278,
              53.293332141292304,
              0
            ],
            [
              -6.2180283481479179,
              53.293331441134718,
              0
            ],
            [
              -6.2180272195476034,
              53.293330732173715,
              0
            ],
            [
              -6.2180261096857823,
              53.293330005516268,
              0
            ],
            [
              -6.2180250151900651,
              53.293329270100173,
              0
            ],
            [
              -6.218023936060467,
              53.293328525925475,
              0
            ],
            [
              -6.2180228887509479,
              53.293327774136884,
              0
            ],
            [
              -6.2180218553457172,
              53.293327012668989,
              0
            ],
            [
              -6.2180208522987597,
              53.29332624266651,
              0
            ],
            [
              -6.2180198650666307,
              53.293325453126265,
              0
            ],
            [
              -6.2180188927518785,
              53.293324665606526,
              0
            ],
            [
              -6.2180179511319444,
              53.293323861467897,
              0
            ],
            [
              -6.2180170249155058,
              53.293323047672352,
              0
            ],
            [
              -6.2180161151904541,
              53.293322234123274,
              0
            ],
            [
              -6.2180152316999644,
              53.293321402989726,
              0
            ],
            [
              -6.2180143811922015,
              53.293320572349103,
              0
            ],
            [
              -6.2180135460131529,
              53.293319733848108,
              0
            ],
            [
              -6.2180127266115548,
              53.293318876707588,
              0
            ],
            [
              -6.218011922650855,
              53.293318009011927,
              0
            ],
            [
              -6.2180111485248899,
              53.293317145357427,
              0
            ],
            [
              -6.2180104067798903,
              53.293316260615029,
              0
            ],
            [
              -6.2180096784156662,
              53.293315378769094,
              0
            ],
            [
              -6.2180089804470819,
              53.293314487490335,
              0
            ],
            [
              -6.2180082978445945,
              53.293313587452921,
              0
            ],
            [
              -6.2180076302342719,
              53.293312687639585,
              0
            ],
            [
              -6.2180070079743324,
              53.293311779515726,
              0
            ],
            [
              -6.2180063860509662,
              53.293310863307475,
              0
            ],
            [
              -6.2180058095153576,
              53.293309937890449,
              0
            ],
            [
              -6.2180052449734884,
              53.293309012652642,
              0
            ],
            [
              -6.2180047003701437,
              53.293308076926948,
              0
            ],
            [
              -6.2180041871755174,
              53.293307143468262,
              0
            ],
            [
              -6.2180036983048605,
              53.293306202283659,
              0
            ],
            [
              -6.2180032278361308,
              53.293305251486984,
              0
            ],
            [
              -6.2180027873516925,
              53.293304301138434,
              0
            ],
            [
              -6.2180023768515289,
              53.293303351237967,
              0
            ],
            [
              -6.2179954071889378,
              53.293285945606364,
              0
            ],
            [
              -6.2179950165424875,
              53.293284879155372,
              0
            ],
            [
              -6.2179946232715766,
              53.29328380367695,
              0
            ],
            [
              -6.2179942656826306,
              53.29328273592234,
              0
            ],
            [
              -6.2179939053570257,
              53.293281661835067,
              0
            ],
            [
              -6.2179935585617629,
              53.293280587051164,
              0
            ],
            [
              -6.2179932312562736,
              53.293279512558556,
              0
            ],
            [
              -6.2179928975800038,
              53.293278446958951,
              0
            ],
            [
              -6.2179925975969148,
              53.293277364785212,
              0
            ],
            [
              -6.2179922972772879,
              53.293276290695864,
              0
            ],
            [
              -6.2179920153221655,
              53.293275207892748,
              0
            ],
            [
              -6.2179917424371176,
              53.293274123427501,
              0
            ],
            [
              -6.2179914724383343,
              53.293273041701887,
              0
            ],
            [
              -6.2179912324611895,
              53.293271959526081,
              0
            ],
            [
              -6.2179909924840731,
              53.293270877350288,
              0
            ],
            [
              -6.2179907678730189,
              53.293269786415884,
              0
            ],
            [
              -6.2179905578427608,
              53.293268705586449,
              0
            ],
            [
              -6.2179903632159714,
              53.293267615100156,
              0
            ],
            [
              -6.2179867168921383,
              53.293248575635495,
              0
            ],
            [
              -6.2179834826218938,
              53.293231818152343,
              0
            ],
            [
              -6.2179806560983613,
              53.29321503170857,
              0
            ],
            [
              -6.2179848446352128,
              53.293173191104827,
              0
            ],
            [
              -6.2179912412714193,
              53.293129046556153,
              0
            ],
            [
              -6.2179987342637162,
              53.293093916524072,
              0
            ],
            [
              -6.2175909186987379,
              53.29307705238363,
              0
            ],
            [
              -6.2175912561896309,
              53.293083358188952,
              0
            ],
            [
              -6.2175855463374319,
              53.293090463434936,
              0
            ],
            [
              -6.2175742198503041,
              53.293103047548136,
              0
            ],
            [
              -6.2175639056975651,
              53.293112611462156,
              0
            ],
            [
              -6.2175429793578978,
              53.293124521764959,
              0
            ],
            [
              -6.2175211519083557,
              53.293136420391498,
              0
            ],
            [
              -6.2174927587108559,
              53.293147841560234,
              0
            ],
            [
              -6.2174604382801784,
              53.293159583317859,
              0
            ],
            [
              -6.2173622722286543,
              53.293188289329208,
              0
            ],
            [
              -6.2172417381297143,
              53.293219895710109,
              0
            ],
            [
              -6.2171493687023451,
              53.293245999827796,
              0
            ],
            [
              -6.2170727540239366,
              53.293269106373053,
              0
            ],
            [
              -6.2170398910170706,
              53.2932793909997,
              0
            ],
            [
              -6.217006318465967,
              53.293285172681983,
              0
            ],
            [
              -6.2169979244051037,
              53.293285406696334,
              0
            ],
            [
              -6.2169861695747324,
              53.293286299629145,
              0
            ],
            [
              -6.2168750281569549,
              53.293295197967687,
              0
            ],
            [
              -6.2169154570990743,
              53.293499360253428,
              0
            ],
            [
              -6.2169192278461596,
              53.293518354874813,
              0
            ],
            [
              -6.2169213268212387,
              53.293546439477851,
              0
            ],
            [
              -6.216921519162578,
              53.293711159157809,
              0
            ],
            [
              -6.2169225486983235,
              53.293806657590146,
              0
            ],
            [
              -6.2169176965628994,
              53.293813658783378,
              0
            ],
            [
              -6.2169124302190735,
              53.293820555810619,
              0
            ],
            [
              -6.2169040173071197,
              53.293830891426886,
              0
            ],
            [
              -6.2169033063578842,
              53.293831752655464,
              0
            ],
            [
              -6.2169025657981747,
              53.293832604453037,
              0
            ],
            [
              -6.2169018106203042,
              53.293833447043738,
              0
            ],
            [
              -6.2169010404126883,
              53.293834290308524,
              0
            ],
            [
              -6.2169002571235543,
              53.293835123490602,
              0
            ],
            [
              -6.2168994577170285,
              53.293835947443441,
              0
            ],
            [
              -6.2168986433181592,
              53.29383677117206,
              0
            ],
            [
              -6.2168977989346459,
              53.293837594452306,
              0
            ],
            [
              -6.2168969553368649,
              53.293838398868957,
              0
            ],
            [
              -6.2168960963351534,
              53.293839212942338,
              0
            ],
            [
              -6.2168952080971422,
              53.293840008602039,
              0
            ],
            [
              -6.216894257644757,
              53.293840857260882,
              0
            ],
            [
              -6.2168932588801811,
              53.293841713286675,
              0
            ],
            [
              -6.2168922671252878,
              53.293842581102005,
              0
            ],
            [
              -6.216891238413421,
              53.293843435781142,
              0
            ],
            [
              -6.21689021592295,
              53.293844285160361,
              0
            ],
            [
              -6.2168891725180453,
              53.293845132429148,
              0
            ],
            [
              -6.2168881325231542,
              53.293845969861863,
              0
            ],
            [
              -6.2168870625061743,
              53.293846807744465,
              0
            ],
            [
              -6.2168859928633351,
              53.293847636644365,
              0
            ],
            [
              -6.2168849247196825,
              53.293848465566725,
              0
            ],
            [
              -6.216883825466323,
              53.293849285035591,
              0
            ],
            [
              -6.2168827262503248,
              53.293850103606196,
              0
            ],
            [
              -6.2168816123787467,
              53.293850913868219,
              0
            ],
            [
              -6.2168804838141547,
              53.293851716719885,
              0
            ],
            [
              -6.2168793257139061,
              53.293852508343996,
              0
            ],
            [
              -6.2168781679877982,
              53.293853290985432,
              0
            ],
            [
              -6.2168769791894016,
              53.293854063275155,
              0
            ],
            [
              -6.2168757952253983,
              53.293854827547719,
              0
            ],
            [
              -6.2168745752798138,
              53.293855591282231,
              0
            ],
            [
              -6.2168733440886932,
              53.293856336872047,
              0
            ],
            [
              -6.2168721132717168,
              53.293857073479217,
              0
            ],
            [
              -6.2168708525074914,
              53.293857808739709,
              0
            ],
            [
              -6.216869578961072,
              53.293858526731377,
              0
            ],
            [
              -6.216868319955438,
              53.293859219773395,
              0
            ],
            [
              -6.2168671228648043,
              53.293859867002404,
              0
            ],
            [
              -6.2168659111559847,
              53.29386050502454,
              0
            ],
            [
              -6.2168646998213317,
              53.293861134064002,
              0
            ],
            [
              -6.21686345891362,
              53.293861752774184,
              0
            ],
            [
              -6.2168622172175878,
              53.293862354394868,
              0
            ],
            [
              -6.2168609466619191,
              53.293862964572206,
              0
            ],
            [
              -6.2168596768546038,
              53.29386355678426,
              0
            ],
            [
              -6.2168583924291205,
              53.293864139789427,
              0
            ],
            [
              -6.2168571080035893,
              53.293864722794602,
              0
            ],
            [
              -6.2168557943792058,
              53.293865286487794,
              0
            ],
            [
              -6.216854482216581,
              53.293865851101643,
              0
            ],
            [
              -6.2168531543107495,
              53.293866397503592,
              0
            ],
            [
              -6.2168518113377385,
              53.293866945477845,
              0
            ],
            [
              -6.2168504688137078,
              53.293867482672901,
              0
            ],
            [
              -6.2168491120457148,
              53.293868001678447,
              0
            ],
            [
              -6.2168477417845978,
              53.293868520482199,
              0
            ],
            [
              -6.2168463673999339,
              53.293869030236031,
              0
            ],
            [
              -6.216844981432998,
              53.293869529929573,
              0
            ],
            [
              -6.2168435958028025,
              53.293870021538694,
              0
            ],
            [
              -6.2168421955544595,
              53.293870503940973,
              0
            ],
            [
              -6.2168407806879387,
              53.293870977136379,
              0
            ],
            [
              -6.2168393676948224,
              53.293871441371536,
              0
            ],
            [
              -6.2168379385843009,
              53.293871896377404,
              0
            ],
            [
              -6.2168318679286863,
              53.2938739726617,
              0
            ],
            [
              -6.2168248598507851,
              53.293873991898856,
              0
            ],
            [
              -6.2167894352088382,
              53.293874093118127,
              0
            ],
            [
              -6.2166730837183097,
              53.293874419470647,
              0
            ],
            [
              -6.2166903312730089,
              53.293880645611821,
              0
            ],
            [
              -6.216702475346481,
              53.293885861547601,
              0
            ],
            [
              -6.2167037055125931,
              53.293886581028332,
              0
            ],
            [
              -6.2167047587645818,
              53.293887225957263,
              0
            ],
            [
              -6.2167058135158335,
              53.293887870908613,
              0
            ],
            [
              -6.2167068514013497,
              53.293888524595971,
              0
            ],
            [
              -6.2167080047348566,
              53.293889287868815,
              0
            ],
            [
              -6.2167091581058296,
              53.293890050243384,
              0
            ],
            [
              -6.2167101498917994,
              53.293890730206037,
              0
            ],
            [
              -6.2167112724923399,
              53.293891510995714,
              0
            ],
            [
              -6.2167123632347945,
              53.293892300297223,
              0
            ],
            [
              -6.2167133081727881,
              53.293893024500434,
              0
            ],
            [
              -6.2167142074228048,
              53.293893765098012,
              0
            ],
            [
              -6.2167150609099959,
              53.293894523886536,
              0
            ],
            [
              -6.2167158685969666,
              53.293895301764238,
              0
            ],
            [
              -6.2167166306333606,
              53.293896095138059,
              0
            ],
            [
              -6.2167173319520472,
              53.293896905580311,
              0
            ],
            [
              -6.2167179875453211,
              53.293897733315255,
              0
            ],
            [
              -6.2167185843317219,
              53.293898568260126,
              0
            ],
            [
              -6.2167191492226239,
              53.293899412615076,
              0
            ],
            [
              -6.216719668388123,
              53.293900274262668,
              0
            ],
            [
              -6.2167212551244253,
              53.293908639085025,
              0
            ],
            [
              -6.2167177179445101,
              53.294256017844731,
              0
            ],
            [
              -6.2164396204228867,
              53.294254042679718,
              0
            ],
            [
              -6.2162587013895667,
              53.294252971414622,
              0
            ],
            [
              -6.2162582296902213,
              53.294257090862395,
              0
            ],
            [
              -6.216075734889829,
              53.294256321122305,
              0
            ],
            [
              -6.2158902537206711,
              53.294255539677053,
              0
            ],
            [
              -6.215709033679012,
              53.294254779460204,
              0
            ],
            [
              -6.2155715500438191,
              53.294254195305378,
              0
            ],
            [
              -6.2154334857590596,
              53.294253613087903,
              0
            ],
            [
              -6.2153050032480488,
              53.294253819477291,
              0
            ],
            [
              -6.2151690315677186,
              53.294254032274488,
              0
            ],
            [
              -6.2150339448182459,
              53.29425424917509,
              0
            ],
            [
              -6.2149003618868353,
              53.294254450684718,
              0
            ],
            [
              -6.2147667755095863,
              53.294254662778961,
              0
            ],
            [
              -6.2146361929435336,
              53.29425486397124,
              0
            ],
            [
              -6.2146361016902798,
              53.29408832833257,
              0
            ],
            [
              -6.2146361839757089,
              53.29407808296093,
              0
            ],
            [
              -6.2146371210789066,
              53.293952028711026,
              0
            ],
            [
              -6.2146368982685551,
              53.293873242472955,
              0
            ],
            [
              -6.2145924441929372,
              53.293873737252305,
              0
            ],
            [
              -6.2145468147580019,
              53.2938742494701,
              0
            ],
            [
              -6.214507762481194,
              53.293874679491424,
              0
            ],
            [
              -6.214505124884198,
              53.293950177243531,
              0
            ],
            [
              -6.2144983475862992,
              53.29414394420521,
              0
            ],
            [
              -6.2143305359371164,
              53.294146831453965,
              0
            ],
            [
              -6.2141591731988761,
              53.294147888306433,
              0
            ],
            [
              -6.2141175022487172,
              53.294148153147191,
              0
            ],
            [
              -6.2140653316774319,
              53.294149421998618,
              0
            ],
            [
              -6.2139898277661159,
              53.294152694465623,
              0
            ],
            [
              -6.2138188648877586,
              53.294155636261273,
              0
            ],
            [
              -6.2136710539850588,
              53.294174616334125,
              0
            ],
            [
              -6.2135409224372458,
              53.294191334497192,
              0
            ],
            [
              -6.2134017382820597,
              53.294209212989998,
              0
            ],
            [
              -6.2132653472200881,
              53.294226734993529,
              0
            ],
            [
              -6.213084128845118,
              53.294250014380722,
              0
            ],
            [
              -6.2130773200128191,
              53.29425108081854,
              0
            ],
            [
              -6.2130458347702771,
              53.29425379891687,
              0
            ],
            [
              -6.2130087587482077,
              53.294259382267313,
              0
            ],
            [
              -6.2129885600707464,
              53.294261652000529,
              0
            ],
            [
              -6.2129323443707953,
              53.294264980063502,
              0
            ],
            [
              -6.2129197133043315,
              53.294265687789839,
              0
            ],
            [
              -6.212910665765734,
              53.294263243112368,
              0
            ],
            [
              -6.2127313048881119,
              53.29426466251315,
              0
            ],
            [
              -6.2127065505184111,
              53.294264300465962,
              0
            ],
            [
              -6.2125437780400796,
              53.294263722059448,
              0
            ],
            [
              -6.2123652061859973,
              53.294263813487532,
              0
            ],
            [
              -6.2121709459667018,
              53.294262778693266,
              0
            ],
            [
              -6.2119871657652563,
              53.294261893538213,
              0
            ],
            [
              -6.2118056720410788,
              53.294260141765697,
              0
            ],
            [
              -6.2116219080255073,
              53.294259264379534,
              0
            ],
            [
              -6.2114351302382858,
              53.294257882205365,
              0
            ],
            [
              -6.2112498677253472,
              53.294256964691186,
              0
            ],
            [
              -6.2112464817784989,
              53.294358093766732,
              0
            ],
            [
              -6.2111055002059237,
              53.294356483954935,
              0
            ],
            [
              -6.2109870104241978,
              53.294355208730856,
              0
            ],
            [
              -6.2109856992314789,
              53.294350686842556,
              0
            ],
            [
              -6.2109359625962641,
              53.294355808154677,
              0
            ],
            [
              -6.210851496511606,
              53.294366711821077,
              0
            ],
            [
              -6.2108032436133316,
              53.294372297562639,
              0
            ],
            [
              -6.2107782220947305,
              53.294395193606505,
              0
            ],
            [
              -6.2107761729479067,
              53.294417299130572,
              0
            ],
            [
              -6.2108019224650883,
              53.294474249477695,
              0
            ],
            [
              -6.2108270787608948,
              53.294525976831437,
              0
            ],
            [
              -6.2108535331481498,
              53.294586883585076,
              0
            ],
            [
              -6.2108820820684523,
              53.294653600306319,
              0
            ],
            [
              -6.2109091926786206,
              53.294718838443515,
              0
            ],
            [
              -6.2109353391947097,
              53.294785680892858,
              0
            ],
            [
              -6.2109512161658262,
              53.294831112937899,
              0
            ],
            [
              -6.2109679203625303,
              53.294878002702504,
              0
            ],
            [
              -6.210982351047706,
              53.294922505229735,
              0
            ],
            [
              -6.210993563350006,
              53.294965511461719,
              0
            ],
            [
              -6.2109992845832931,
              53.294992947651671,
              0
            ],
            [
              -6.2110090250937171,
              53.29502981888961,
              0
            ],
            [
              -6.2110142182198675,
              53.295061743079238,
              0
            ],
            [
              -6.2110148088720383,
              53.295084582102156,
              0
            ],
            [
              -6.2110158922864347,
              53.295109235156609,
              0
            ],
            [
              -6.2110167535524852,
              53.295138198340418,
              0
            ],
            [
              -6.2110145182424619,
              53.295162965190556,
              0
            ],
            [
              -6.2110117955134996,
              53.295186113134235,
              0
            ],
            [
              -6.2110094476293485,
              53.29521321434197,
              0
            ],
            [
              -6.2110028237328114,
              53.295252816074843,
              0
            ],
            [
              -6.2109951779603039,
              53.295283593089962,
              0
            ],
            [
              -6.210987846598961,
              53.295314026077449,
              0
            ],
            [
              -6.2109797725970584,
              53.295341731672686,
              0
            ],
            [
              -6.2109698678634926,
              53.295369771128243,
              0
            ],
            [
              -6.2109593439510089,
              53.295398338790768,
              0
            ],
            [
              -6.2109512387683932,
              53.295420651863637,
              0
            ],
            [
              -6.2109407526790568,
              53.295442930113069,
              0
            ],
            [
              -6.2109292893575079,
              53.295466621932903,
              0
            ],
            [
              -6.2109117556932336,
              53.295502778363847,
              0
            ],
            [
              -6.2108954364806692,
              53.29553284999043,
              0
            ],
            [
              -6.2108744413499535,
              53.295566431478399,
              0
            ],
            [
              -6.2108481212248057,
              53.295609970246758,
              0
            ],
            [
              -6.2108369452933276,
              53.295633675358054,
              0
            ],
            [
              -6.2108362104961099,
              53.295636180144697,
              0
            ],
            [
              -6.2108398965099685,
              53.295640201067378,
              0
            ],
            [
              -6.2107840450543152,
              53.295719502301026,
              0
            ],
            [
              -6.2107533389310854,
              53.295777519128556,
              0
            ],
            [
              -6.2107079777823895,
              53.295857011888373,
              0
            ],
            [
              -6.2106534811479603,
              53.295950544716256,
              0
            ],
            [
              -6.2106134211512183,
              53.296014865722363,
              0
            ],
            [
              -6.2105774390295068,
              53.296076379758169,
              0
            ],
            [
              -6.2105736879629365,
              53.296082885790867,
              0
            ],
            [
              -6.2105823688321973,
              53.296093353447496,
              0
            ],
            [
              -6.2105732993118909,
              53.296100794443213,
              0
            ],
            [
              -6.2105670080051514,
              53.296109174156946,
              0
            ],
            [
              -6.2105510497715564,
              53.296136700287882,
              0
            ],
            [
              -6.2105376189119692,
              53.296160829933299,
              0
            ],
            [
              -6.2105192016294684,
              53.296190116808191,
              0
            ],
            [
              -6.2105106985574237,
              53.296210526459959,
              0
            ],
            [
              -6.2105027850667556,
              53.296231115735729,
              0
            ],
            [
              -6.210502009514375,
              53.296244964879932,
              0
            ],
            [
              -6.2105011088543707,
              53.296253589073572,
              0
            ],
            [
              -6.2105048590159573,
              53.296266948863376,
              0
            ],
            [
              -6.2105106225522739,
              53.296274028216075,
              0
            ],
            [
              -6.2105172928879213,
              53.296280948602252,
              0
            ],
            [
              -6.2105272109341083,
              53.296289168890304,
              0
            ],
            [
              -6.2105408482503588,
              53.296294192143058,
              0
            ],
            [
              -6.2105553856077442,
              53.296299218114811,
              0
            ],
            [
              -6.2105726832699037,
              53.296302489654337,
              0
            ],
            [
              -6.2105871010396259,
              53.29630212267439,
              0
            ],
            [
              -6.2106126467729617,
              53.296301526297952,
              0
            ],
            [
              -6.2106345983863376,
              53.296299985247593,
              0
            ],
            [
              -6.2106687716754649,
              53.296292831063681,
              0
            ],
            [
              -6.2108748243828176,
              53.296253912636764,
              0
            ],
            [
              -6.2109343058726907,
              53.296243586836873,
              0
            ],
            [
              -6.2109564412146963,
              53.296239515594884,
              0
            ],
            [
              -6.2109882195250137,
              53.296234382798389,
              0
            ],
            [
              -6.2110335812597244,
              53.296228061499711,
              0
            ],
            [
              -6.2110676386579957,
              53.296225112863802,
              0
            ],
            [
              -6.2111097769811296,
              53.296223047651196,
              0
            ],
            [
              -6.2111562196087924,
              53.296218539272807,
              0
            ],
            [
              -6.2111950886496796,
              53.296215689747029,
              0
            ],
            [
              -6.2112333163857736,
              53.296213538862666,
              0
            ],
            [
              -6.2112833772095017,
              53.296214316771511,
              0
            ],
            [
              -6.2113677963095331,
              53.296212879398098,
              0
            ],
            [
              -6.2114844974130046,
              53.296213317539745,
              0
            ],
            [
              -6.2116075245210638,
              53.296213876508737,
              0
            ],
            [
              -6.2117257751806587,
              53.296213457704219,
              0
            ],
            [
              -6.2118535618484234,
              53.296214285538404,
              0
            ]
          ]
        ]
      },
      "properties" : {
        "OBJECTID" : 10,
        "park_name" : "Deerpark",
        "irish_name" : " ",
        "previous_n" : "Glasthule Quarry",
        "address" : "Peoples Park, Park Road, Dun Laoghaire, Co. Dublin",
        "type" : "District Park",
        "type2" : "Other",
        "Shape_Length" : 2106.3102101778741,
        "Shape_Area" : 134228.10796081912
      }
    },
    {
      "type" : "Feature",
      "id" : 11,
      "geometry" : {
        "type" : "Polygon",
        "coordinates" : [
          [
            [
              -6.1294721326131523,
              53.289506360776457,
              0
            ],
            [
              -6.129474464378303,
              53.289494191141927,
              0
            ],
            [
              -6.1294741426641739,
              53.289489881561273,
              0
            ],
            [
              -6.129463657551768,
              53.289485141087056,
              0
            ],
            [
              -6.1292962078296185,
              53.289412010959722,
              0
            ],
            [
              -6.1291838271784256,
              53.289362921199029,
              0
            ],
            [
              -6.1291285456000244,
              53.289340392698314,
              0
            ],
            [
              -6.1290516137895272,
              53.289305928539825,
              0
            ],
            [
              -6.128954421545572,
              53.289261744553009,
              0
            ],
            [
              -6.1288186401749236,
              53.289200325490278,
              0
            ],
            [
              -6.1287902181924805,
              53.289187548287188,
              0
            ],
            [
              -6.1287628842822741,
              53.289175273525899,
              0
            ],
            [
              -6.1286682909233798,
              53.289132765073894,
              0
            ],
            [
              -6.1286052846373797,
              53.289168268097413,
              0
            ],
            [
              -6.1285927891667935,
              53.289174760227432,
              0
            ],
            [
              -6.1285119546240621,
              53.28920007998186,
              0
            ],
            [
              -6.1284135832544893,
              53.289282459476205,
              0
            ],
            [
              -6.1284348025979281,
              53.2892914843165,
              0
            ],
            [
              -6.1281651266939265,
              53.289512586911087,
              0
            ],
            [
              -6.1280112463531022,
              53.28944540257563,
              0
            ],
            [
              -6.1280017623283518,
              53.289451321727206,
              0
            ],
            [
              -6.1279548400834036,
              53.289490799025259,
              0
            ],
            [
              -6.1278650278610769,
              53.289452465503246,
              0
            ],
            [
              -6.1278272576251842,
              53.289436330638381,
              0
            ],
            [
              -6.1277825712201901,
              53.289459322335766,
              0
            ],
            [
              -6.1277397864419161,
              53.289497517160108,
              0
            ],
            [
              -6.1277306465119805,
              53.289505822715235,
              0
            ],
            [
              -6.1277207775132299,
              53.289514781062493,
              0
            ],
            [
              -6.1276991884748444,
              53.289534000765592,
              0
            ],
            [
              -6.1276414333325055,
              53.289585945494458,
              0
            ],
            [
              -6.1276087269468897,
              53.289614813999975,
              0
            ],
            [
              -6.1273200766040254,
              53.289871305105628,
              0
            ],
            [
              -6.1273385205243542,
              53.289901291492171,
              0
            ],
            [
              -6.1273593825107264,
              53.289934948057095,
              0
            ],
            [
              -6.1273710507301331,
              53.289955230229147,
              0
            ],
            [
              -6.1273853772410289,
              53.289971975876099,
              0
            ],
            [
              -6.1274008598764409,
              53.289989485714067,
              0
            ],
            [
              -6.127414350379623,
              53.290005488371115,
              0
            ],
            [
              -6.1274305425224878,
              53.290025536880108,
              0
            ],
            [
              -6.1274466846352409,
              53.290046112218867,
              0
            ],
            [
              -6.1274946072348531,
              53.29010694225817,
              0
            ],
            [
              -6.1275022565489277,
              53.290112725964633,
              0
            ],
            [
              -6.1275081895979646,
              53.29011361011753,
              0
            ],
            [
              -6.1275148909690307,
              53.290113355823664,
              0
            ],
            [
              -6.1275596941039128,
              53.290111687389171,
              0
            ],
            [
              -6.1275638742158485,
              53.290111528324282,
              0
            ],
            [
              -6.1275632930404651,
              53.290138842969469,
              0
            ],
            [
              -6.1275629142157397,
              53.290155735172064,
              0
            ],
            [
              -6.1275652315176714,
              53.290164795894974,
              0
            ],
            [
              -6.1275716094237493,
              53.29017574412736,
              0
            ],
            [
              -6.1275816177764622,
              53.290186273886135,
              0
            ],
            [
              -6.1275989812277469,
              53.290206708389412,
              0
            ],
            [
              -6.1276256551430803,
              53.290234766528805,
              0
            ],
            [
              -6.127674393644444,
              53.290280690393217,
              0
            ],
            [
              -6.127771640532977,
              53.290371632911537,
              0
            ],
            [
              -6.127926593435018,
              53.290516819327941,
              0
            ],
            [
              -6.1281465262139996,
              53.290719363918548,
              0
            ],
            [
              -6.1283396742779157,
              53.290899224326971,
              0
            ],
            [
              -6.1283794542719781,
              53.290937016596153,
              0
            ],
            [
              -6.1284371069356736,
              53.29099177990728,
              0
            ],
            [
              -6.1285336330726228,
              53.290989204383685,
              0
            ],
            [
              -6.1285550308982364,
              53.290958136648108,
              0
            ],
            [
              -6.1286199513644943,
              53.290863877908635,
              0
            ],
            [
              -6.128701340585752,
              53.290740388537841,
              0
            ],
            [
              -6.1287842246392996,
              53.290612992853831,
              0
            ],
            [
              -6.1288886397162896,
              53.290454890944098,
              0
            ],
            [
              -6.1289956575392708,
              53.2902941593401,
              0
            ],
            [
              -6.1290873128745798,
              53.290157822827204,
              0
            ],
            [
              -6.1292221564927001,
              53.289959712642805,
              0
            ],
            [
              -6.1292249539483361,
              53.289955802548398,
              0
            ],
            [
              -6.1292385325054868,
              53.289936817323316,
              0
            ],
            [
              -6.129252098030233,
              53.289917821106201,
              0
            ],
            [
              -6.1292755345662036,
              53.289885043283341,
              0
            ],
            [
              -6.1293439102643728,
              53.289782044140622,
              0
            ],
            [
              -6.1294495346748912,
              53.289624320256621,
              0
            ],
            [
              -6.1294721326131523,
              53.289506360776457,
              0
            ]
          ]
        ]
      },
      "properties" : {
        "OBJECTID" : 11,
        "park_name" : "Peoples Park",
        "irish_name" : " ",
        "previous_n" : "Glasthule Quarry",
        "address" : "Peoples Park, Park Road, Dun Laoghaire, Co. Dublin",
        "type" : "Regional Park",
        "type2" : "Flagship",
        "Shape_Length" : 545.69135723312525,
        "Shape_Area" : 15902.741852922085
      }
    },
    {
      "type" : "Feature",
      "id" : 12,
      "geometry" : {
        "type" : "MultiPolygon",
        "coordinates" : [
          [
            [
              [
                -6.1138039508896593,
                53.22844788683426,
                0
              ],
              [
                -6.1138274522186293,
                53.228512984910886,
                0
              ],
              [
                -6.1142025808472837,
                53.228417362461499,
                0
              ],
              [
                -6.114319869299897,
                53.22839279161844,
                0
              ],
              [
                -6.1143616501915616,
                53.228381714751556,
                0
              ],
              [
                -6.1144661511546596,
                53.228354002169091,
                0
              ],
              [
                -6.11456819325746,
                53.228326952588851,
                0
              ],
              [
                -6.1146018824904385,
                53.228318020788343,
                0
              ],
              [
                -6.1147821668284923,
                53.228269361209222,
                0
              ],
              [
                -6.114794472642326,
                53.228266040510306,
                0
              ],
              [
                -6.1148025731492073,
                53.228272281737432,
                0
              ],
              [
                -6.1149560796137479,
                53.228227943251525,
                0
              ],
              [
                -6.1152174231026919,
                53.228152446688568,
                0
              ],
              [
                -6.1154928897567542,
                53.228072880026417,
                0
              ],
              [
                -6.1156035099900681,
                53.228038405024435,
                0
              ],
              [
                -6.1156271654006034,
                53.228032145625953,
                0
              ],
              [
                -6.1156511160883742,
                53.228025711122783,
                0
              ],
              [
                -6.1157606470956249,
                53.227995534120275,
                0
              ],
              [
                -6.1159125485190211,
                53.22794915561299,
                0
              ],
              [
                -6.1160119826698143,
                53.227923123311847,
                0
              ],
              [
                -6.1160798227160296,
                53.227901302270531,
                0
              ],
              [
                -6.1161128029848646,
                53.227893150722437,
                0
              ],
              [
                -6.116140888346056,
                53.227887690227753,
                0
              ],
              [
                -6.1161763203426576,
                53.22788032976019,
                0
              ],
              [
                -6.1161965598824475,
                53.227876129436645,
                0
              ],
              [
                -6.1161987742616777,
                53.227923984054904,
                0
              ],
              [
                -6.1161893492600532,
                53.227962987066981,
                0
              ],
              [
                -6.1161631783135828,
                53.227982465711825,
                0
              ],
              [
                -6.1161183608599767,
                53.227994764369619,
                0
              ],
              [
                -6.1161182312035303,
                53.228206197419738,
                0
              ],
              [
                -6.1161182194958705,
                53.228218404488167,
                0
              ],
              [
                -6.1163031144905045,
                53.228223258315943,
                0
              ],
              [
                -6.1163921167915563,
                53.228280637453601,
                0
              ],
              [
                -6.1166957994612003,
                53.22828170746147,
                0
              ],
              [
                -6.1167417097337005,
                53.228247244091577,
                0
              ],
              [
                -6.1170762961285394,
                53.228247200714272,
                0
              ],
              [
                -6.1171252209445575,
                53.228284324128914,
                0
              ],
              [
                -6.1171565918826367,
                53.228285916437436,
                0
              ],
              [
                -6.1172170543910998,
                53.228286736098781,
                0
              ],
              [
                -6.1172596187346464,
                53.228286186220181,
                0
              ],
              [
                -6.1173169779646157,
                53.228283003664409,
                0
              ],
              [
                -6.1173465523538351,
                53.228278464360926,
                0
              ],
              [
                -6.117378183059464,
                53.22827413641005,
                0
              ],
              [
                -6.1174160094355594,
                53.228259660373695,
                0
              ],
              [
                -6.1174371873324169,
                53.228248140067272,
                0
              ],
              [
                -6.1174630396182268,
                53.228233115295176,
                0
              ],
              [
                -6.1174821508199546,
                53.228215098715239,
                0
              ],
              [
                -6.1174895460181125,
                53.22820423972118,
                0
              ],
              [
                -6.1175052134437484,
                53.228182401659254,
                0
              ],
              [
                -6.1175071190603383,
                53.228160510667259,
                0
              ],
              [
                -6.1175084807412476,
                53.228143813612355,
                0
              ],
              [
                -6.1175497379196155,
                53.228147107125963,
                0
              ],
              [
                -6.1175852263759083,
                53.228149043014724,
                0
              ],
              [
                -6.1176295650515842,
                53.228149051355913,
                0
              ],
              [
                -6.1176294304703687,
                53.228138803264855,
                0
              ],
              [
                -6.1176282828801272,
                53.228105177219838,
                0
              ],
              [
                -6.1178019916620334,
                53.228102510218946,
                0
              ],
              [
                -6.1179840025187939,
                53.228099722416196,
                0
              ],
              [
                -6.117956033858202,
                53.228069707670556,
                0
              ],
              [
                -6.1179288112109118,
                53.228040477710316,
                0
              ],
              [
                -6.1178996437439386,
                53.228009178437802,
                0
              ],
              [
                -6.1178660970714089,
                53.227973153954238,
                0
              ],
              [
                -6.1178306479097335,
                53.227935120146348,
                0
              ],
              [
                -6.1177901945766964,
                53.227891687000287,
                0
              ],
              [
                -6.1177604106199839,
                53.227859728985223,
                0
              ],
              [
                -6.117730339988019,
                53.227827443747351,
                0
              ],
              [
                -6.1176999564083356,
                53.227794849747212,
                0
              ],
              [
                -6.1176705295358795,
                53.227763256888245,
                0
              ],
              [
                -6.1176307466223587,
                53.227720562342164,
                0
              ],
              [
                -6.1179399032843138,
                53.227621638875007,
                0
              ],
              [
                -6.1180419858483193,
                53.227603206032931,
                0
              ],
              [
                -6.1181312351388062,
                53.22757844207861,
                0
              ],
              [
                -6.1182458438477596,
                53.227541744562402,
                0
              ],
              [
                -6.118325550637441,
                53.227514950272628,
                0
              ],
              [
                -6.1184196988170649,
                53.227483736933834,
                0
              ],
              [
                -6.1184988003195304,
                53.227457111841929,
                0
              ],
              [
                -6.1185646660506663,
                53.227436203810115,
                0
              ],
              [
                -6.118650045939817,
                53.227409794603844,
                0
              ],
              [
                -6.118726441744732,
                53.227384781420142,
                0
              ],
              [
                -6.1187799756293089,
                53.227369025812713,
                0
              ],
              [
                -6.1188157311511491,
                53.22735911694604,
                0
              ],
              [
                -6.118900173045061,
                53.227338106512704,
                0
              ],
              [
                -6.1189143636363719,
                53.227304182419658,
                0
              ],
              [
                -6.1189220402852857,
                53.227288941405583,
                0
              ],
              [
                -6.1189288269812421,
                53.227273158717907,
                0
              ],
              [
                -6.1188931527906227,
                53.227225899495444,
                0
              ],
              [
                -6.1188651585861358,
                53.227191750756177,
                0
              ],
              [
                -6.1188382564103101,
                53.227158967521895,
                0
              ],
              [
                -6.1188214647202894,
                53.227136059548094,
                0
              ],
              [
                -6.1188251322658971,
                53.227134913893401,
                0
              ],
              [
                -6.1187992306299073,
                53.227103055180834,
                0
              ],
              [
                -6.1187628860219379,
                53.227114516039265,
                0
              ],
              [
                -6.1187671236844938,
                53.22711997692948,
                0
              ],
              [
                -6.1187613904107492,
                53.227120956039762,
                0
              ],
              [
                -6.1187441869180557,
                53.227123191311051,
                0
              ],
              [
                -6.1187367316626453,
                53.227123064615554,
                0
              ],
              [
                -6.1187277901379309,
                53.227122024594344,
                0
              ],
              [
                -6.1187102386895056,
                53.22711716425647,
                0
              ],
              [
                -6.1185988512263076,
                53.227086272986298,
                0
              ],
              [
                -6.1185828907649285,
                53.227081338877312,
                0
              ],
              [
                -6.1185699547401402,
                53.227076091184941,
                0
              ],
              [
                -6.1185206912529431,
                53.227046693997686,
                0
              ],
              [
                -6.1185140718407265,
                53.227040827860961,
                0
              ],
              [
                -6.1185087466147046,
                53.227032842901998,
                0
              ],
              [
                -6.1185031734659274,
                53.227023577664191,
                0
              ],
              [
                -6.1184998251659239,
                53.227011840671253,
                0
              ],
              [
                -6.1184983267402879,
                53.227002323380603,
                0
              ],
              [
                -6.1184803246619346,
                53.226960909642358,
                0
              ],
              [
                -6.1184656446947212,
                53.22692749237612,
                0
              ],
              [
                -6.1184141243412906,
                53.226819050786176,
                0
              ],
              [
                -6.1183997202285356,
                53.226779686595357,
                0
              ],
              [
                -6.1183804992519546,
                53.226727133945246,
                0
              ],
              [
                -6.1183489741036219,
                53.226684372286819,
                0
              ],
              [
                -6.1183288528271857,
                53.226655460387228,
                0
              ],
              [
                -6.1183010873387813,
                53.226630015965419,
                0
              ],
              [
                -6.1182681953904012,
                53.226600356776132,
                0
              ],
              [
                -6.1182503874487617,
                53.226583249111364,
                0
              ],
              [
                -6.1182497973448031,
                53.22658953262566,
                0
              ],
              [
                -6.1182179665422307,
                53.226556751403564,
                0
              ],
              [
                -6.118192711278879,
                53.226528819937748,
                0
              ],
              [
                -6.1181624174803142,
                53.22649002451417,
                0
              ],
              [
                -6.1181331347954115,
                53.226438831063653,
                0
              ],
              [
                -6.1181155469107535,
                53.226407794711001,
                0
              ],
              [
                -6.118097875391415,
                53.226368488532898,
                0
              ],
              [
                -6.1180844160298529,
                53.226328698784151,
                0
              ],
              [
                -6.1180806732834654,
                53.226318753242872,
                0
              ],
              [
                -6.1180521961219876,
                53.226260741248154,
                0
              ],
              [
                -6.1180325804553952,
                53.226217987831149,
                0
              ],
              [
                -6.1180148104918421,
                53.226167884021322,
                0
              ],
              [
                -6.1180092785024707,
                53.226144776250969,
                0
              ],
              [
                -6.1180000832660637,
                53.226110286933711,
                0
              ],
              [
                -6.1179968422156348,
                53.226089552352093,
                0
              ],
              [
                -6.1179959520926239,
                53.226069583868636,
                0
              ],
              [
                -6.1179965425792515,
                53.226063292271292,
                0
              ],
              [
                -6.1179971331050949,
                53.226056999775714,
                0
              ],
              [
                -6.1179978720807879,
                53.226040833982616,
                0
              ],
              [
                -6.1179988478808607,
                53.226032928747237,
                0
              ],
              [
                -6.1180107725269002,
                53.226021271177935,
                0
              ],
              [
                -6.1180230749930171,
                53.226014283696912,
                0
              ],
              [
                -6.1177702658011173,
                53.225830107323745,
                0
              ],
              [
                -6.1174714808374482,
                53.225616054371827,
                0
              ],
              [
                -6.1173514240326856,
                53.225529557907151,
                0
              ],
              [
                -6.1173410553033616,
                53.22552039660723,
                0
              ],
              [
                -6.1174256410139014,
                53.225485833977906,
                0
              ],
              [
                -6.1181873710147334,
                53.225157715651768,
                0
              ],
              [
                -6.118345636712335,
                53.225090922012939,
                0
              ],
              [
                -6.1185377606407165,
                53.22501121784174,
                0
              ],
              [
                -6.1188294489504509,
                53.224889993665748,
                0
              ],
              [
                -6.1192623294613684,
                53.22470871544003,
                0
              ],
              [
                -6.1192777835029144,
                53.224705023317902,
                0
              ],
              [
                -6.1192891415999773,
                53.224699099420057,
                0
              ],
              [
                -6.1194057973723561,
                53.224651034853039,
                0
              ],
              [
                -6.1199699739703686,
                53.224416190310549,
                0
              ],
              [
                -6.1200436904957352,
                53.224389937671283,
                0
              ],
              [
                -6.1200579797032582,
                53.22438513766668,
                0
              ],
              [
                -6.1200722601863475,
                53.224380878629113,
                0
              ],
              [
                -6.1201212197727024,
                53.224358703504386,
                0
              ],
              [
                -6.1201377699272532,
                53.22435053342744,
                0
              ],
              [
                -6.120155596724719,
                53.224342931787092,
                0
              ],
              [
                -6.1202684860862524,
                53.224300830142518,
                0
              ],
              [
                -6.1206535296918965,
                53.224124581716218,
                0
              ],
              [
                -6.1227189341872847,
                53.223256138187935,
                0
              ],
              [
                -6.1230835615599855,
                53.223103945175147,
                0
              ],
              [
                -6.1231365988617199,
                53.223080925226178,
                0
              ],
              [
                -6.123166120004627,
                53.223069938028509,
                0
              ],
              [
                -6.1229303267838189,
                53.222876324949318,
                0
              ],
              [
                -6.1228927629913574,
                53.222845162456942,
                0
              ],
              [
                -6.1228094160631681,
                53.222793488718679,
                0
              ],
              [
                -6.1227194276424175,
                53.222735775187338,
                0
              ],
              [
                -6.1225603012762546,
                53.222637047173166,
                0
              ],
              [
                -6.1224624531401801,
                53.222574175148623,
                0
              ],
              [
                -6.1223005913274031,
                53.222449337085642,
                0
              ],
              [
                -6.1221129753564432,
                53.222303948808253,
                0
              ],
              [
                -6.1219525897851677,
                53.222179304301164,
                0
              ],
              [
                -6.1218263804335136,
                53.222080740868059,
                0
              ],
              [
                -6.1217716920569041,
                53.222030965275763,
                0
              ],
              [
                -6.1216479706742586,
                53.221916980680504,
                0
              ],
              [
                -6.1215367756957484,
                53.221811088022186,
                0
              ],
              [
                -6.1214866438776427,
                53.221803295615018,
                0
              ],
              [
                -6.1214224548134117,
                53.2217967385821,
                0
              ],
              [
                -6.1214182818996479,
                53.22180690976851,
                0
              ],
              [
                -6.1214118082219562,
                53.221813872644226,
                0
              ],
              [
                -6.121404800672801,
                53.221818661777213,
                0
              ],
              [
                -6.1213984207346446,
                53.221822011862365,
                0
              ],
              [
                -6.1213918020936999,
                53.221823390605223,
                0
              ],
              [
                -6.1213827719796834,
                53.221824740314212,
                0
              ],
              [
                -6.1213698955522551,
                53.221824967837243,
                0
              ],
              [
                -6.1213588416191325,
                53.221823967505301,
                0
              ],
              [
                -6.1213504600317989,
                53.221823879393206,
                0
              ],
              [
                -6.1213423255609234,
                53.221825604557985,
                0
              ],
              [
                -6.1213299675982578,
                53.221829076104484,
                0
              ],
              [
                -6.1213202994411944,
                53.221832034573659,
                0
              ],
              [
                -6.1213106051178157,
                53.221835898668225,
                0
              ],
              [
                -6.1212329597402118,
                53.221828480388602,
                0
              ],
              [
                -6.1212264965369565,
                53.221823571434768,
                0
              ],
              [
                -6.1212191796653617,
                53.221817567705294,
                0
              ],
              [
                -6.1212126996439631,
                53.221813727215796,
                0
              ],
              [
                -6.1212052790521252,
                53.221810777034413,
                0
              ],
              [
                -6.1211943367553099,
                53.221806542594535,
                0
              ],
              [
                -6.121183291851942,
                53.221804994091293,
                0
              ],
              [
                -6.1211701854445044,
                53.221802709281327,
                0
              ],
              [
                -6.1211636608537798,
                53.221800126473568,
                0
              ],
              [
                -6.1211548566987819,
                53.221793577955204,
                0
              ],
              [
                -6.1211508533538668,
                53.22178653257447,
                0
              ],
              [
                -6.1211489117201126,
                53.221780937188363,
                0
              ],
              [
                -6.1211479167417915,
                53.221773559932849,
                0
              ],
              [
                -6.12114593381696,
                53.221768873529768,
                0
              ],
              [
                -6.1210817318322635,
                53.221763024401007,
                0
              ],
              [
                -6.1210449174132071,
                53.221773635401071,
                0
              ],
              [
                -6.1209637128255858,
                53.221797639374635,
                0
              ],
              [
                -6.1209245221765629,
                53.221807141436159,
                0
              ],
              [
                -6.1208609334851101,
                53.221822515574658,
                0
              ],
              [
                -6.1208082110327853,
                53.221834213992032,
                0
              ],
              [
                -6.1207497918222193,
                53.221846758235436,
                0
              ],
              [
                -6.1206844441354686,
                53.221860504587127,
                0
              ],
              [
                -6.1206516322690048,
                53.221866647505585,
                0
              ],
              [
                -6.1205881622855225,
                53.221877528232525,
                0
              ],
              [
                -6.1205232155050489,
                53.22188731600108,
                0
              ],
              [
                -6.120486838195351,
                53.221893070057988,
                0
              ],
              [
                -6.1204453666509258,
                53.221898223309353,
                0
              ],
              [
                -6.1202623151517326,
                53.221907595819886,
                0
              ],
              [
                -6.1199137898553806,
                53.221925422797248,
                0
              ],
              [
                -6.1199229486168276,
                53.221948487946619,
                0
              ],
              [
                -6.119692129922127,
                53.222010298776596,
                0
              ],
              [
                -6.1194652355629788,
                53.222071093382894,
                0
              ],
              [
                -6.1191511312480458,
                53.22211301123339,
                0
              ],
              [
                -6.1190782534331634,
                53.222094917483126,
                0
              ],
              [
                -6.1189136841841387,
                53.222142887713282,
                0
              ],
              [
                -6.1188645863933191,
                53.222135424225286,
                0
              ],
              [
                -6.1185315678869818,
                53.222210829536124,
                0
              ],
              [
                -6.1184939396338853,
                53.222221532966863,
                0
              ],
              [
                -6.1184702644969544,
                53.222227984058172,
                0
              ],
              [
                -6.1184197911404237,
                53.222250869852999,
                0
              ],
              [
                -6.1182881465331977,
                53.222318460593975,
                0
              ],
              [
                -6.1182249390779644,
                53.222350683775687,
                0
              ],
              [
                -6.1181069732750881,
                53.222401413134982,
                0
              ],
              [
                -6.1179870638511931,
                53.222455166864229,
                0
              ],
              [
                -6.1179659784142473,
                53.222464648332107,
                0
              ],
              [
                -6.1179474198199539,
                53.222470162643738,
                0
              ],
              [
                -6.1179427667349477,
                53.222473845431608,
                0
              ],
              [
                -6.1179451137141792,
                53.222487913528234,
                0
              ],
              [
                -6.117949347082793,
                53.222506505664057,
                0
              ],
              [
                -6.117976395927041,
                53.222511275257588,
                0
              ],
              [
                -6.1180111505769919,
                53.222550329991378,
                0
              ],
              [
                -6.1181335693772709,
                53.222683253648178,
                0
              ],
              [
                -6.1182192470207051,
                53.222779020966861,
                0
              ],
              [
                -6.1172813973426949,
                53.223092869232715,
                0
              ],
              [
                -6.1178974437816365,
                53.22369829126697,
                0
              ],
              [
                -6.1177485896521153,
                53.223746171994854,
                0
              ],
              [
                -6.11730878091445,
                53.223889214192873,
                0
              ],
              [
                -6.1169851506281576,
                53.223994613471767,
                0
              ],
              [
                -6.1167364449647641,
                53.224073566446634,
                0
              ],
              [
                -6.1163988631671664,
                53.224182516999306,
                0
              ],
              [
                -6.1161272027248517,
                53.224271864146779,
                0
              ],
              [
                -6.1158466255560286,
                53.224050195735501,
                0
              ],
              [
                -6.115814531353065,
                53.224064465286524,
                0
              ],
              [
                -6.1156135061540171,
                53.224153839732786,
                0
              ],
              [
                -6.1154901989385051,
                53.224206917047546,
                0
              ],
              [
                -6.1153062581397837,
                53.22428610938104,
                0
              ],
              [
                -6.114756820826651,
                53.2245216685683,
                0
              ],
              [
                -6.1141901112407666,
                53.224765403760436,
                0
              ],
              [
                -6.1137995024136851,
                53.224923584402809,
                0
              ],
              [
                -6.1137273162005998,
                53.224957846401729,
                0
              ],
              [
                -6.1132863977053127,
                53.225173905769097,
                0
              ],
              [
                -6.1130056481801667,
                53.225309564341615,
                0
              ],
              [
                -6.1127326695111917,
                53.225442144545823,
                0
              ],
              [
                -6.1127205784958285,
                53.225448020262554,
                0
              ],
              [
                -6.1126166930414918,
                53.225494633936712,
                0
              ],
              [
                -6.1125948291451175,
                53.225501388512569,
                0
              ],
              [
                -6.1125755139746669,
                53.225509414880435,
                0
              ],
              [
                -6.1125605739517415,
                53.22551590700413,
                0
              ],
              [
                -6.1125606883008281,
                53.225516167683942,
                0
              ],
              [
                -6.1125951143805937,
                53.2255960409097,
                0
              ],
              [
                -6.1127128156385977,
                53.225866653863051,
                0
              ],
              [
                -6.1128345579422643,
                53.226150038604381,
                0
              ],
              [
                -6.1129324777963214,
                53.22637329854868,
                0
              ],
              [
                -6.1129861314105094,
                53.226499969097411,
                0
              ],
              [
                -6.1130186224950327,
                53.226582665377848,
                0
              ],
              [
                -6.1130745390630956,
                53.226710000910593,
                0
              ],
              [
                -6.1131397591855006,
                53.226861824557915,
                0
              ],
              [
                -6.1132073221904388,
                53.227017263578169,
                0
              ],
              [
                -6.1132745740265726,
                53.227174305665798,
                0
              ],
              [
                -6.1133365573384593,
                53.227321798514652,
                0
              ],
              [
                -6.1134229479034534,
                53.227528724918606,
                0
              ],
              [
                -6.1135154400040177,
                53.227750235486653,
                0
              ],
              [
                -6.1135992571727602,
                53.22794888754418,
                0
              ],
              [
                -6.1136608792977709,
                53.22810123814142,
                0
              ],
              [
                -6.1136656141105608,
                53.228112754537825,
                0
              ],
              [
                -6.1135961564284109,
                53.228121965627381,
                0
              ],
              [
                -6.1136343881361652,
                53.228216589518318,
                0
              ],
              [
                -6.1136432412793003,
                53.228237359140323,
                0
              ],
              [
                -6.113697786881942,
                53.228369732233709,
                0
              ],
              [
                -6.1137680089805686,
                53.228361200128681,
                0
              ],
              [
                -6.1138039508896593,
                53.22844788683426,
                0
              ]
            ]
          ],
          [
            [
              [
                -6.1082608385371335,
                53.230402161609668,
                0
              ],
              [
                -6.1082521220538286,
                53.230408917397099,
                0
              ],
              [
                -6.1082414887738921,
                53.230410257749689,
                0
              ],
              [
                -6.1082414871489545,
                53.230478884827235,
                0
              ],
              [
                -6.1083611574159073,
                53.230438485738986,
                0
              ],
              [
                -6.1083913267191816,
                53.230420203904359,
                0
              ],
              [
                -6.1084073373632863,
                53.230410751401983,
                0
              ],
              [
                -6.1084288272971525,
                53.230406095846156,
                0
              ],
              [
                -6.1084924880697695,
                53.230396004732732,
                0
              ],
              [
                -6.1085160595814276,
                53.230391362429515,
                0
              ],
              [
                -6.1085664042437546,
                53.230384649001884,
                0
              ],
              [
                -6.1086711307656119,
                53.230380459813503,
                0
              ],
              [
                -6.1087623317812563,
                53.230384127522136,
                0
              ],
              [
                -6.1088916214325764,
                53.230371896796122,
                0
              ],
              [
                -6.1089152692398434,
                53.230348190145811,
                0
              ],
              [
                -6.1089586837365539,
                53.230331801020483,
                0
              ],
              [
                -6.1089855254334768,
                53.230292760349798,
                0
              ],
              [
                -6.1090313850001543,
                53.230239960788666,
                0
              ],
              [
                -6.1090625867864565,
                53.230200214485727,
                0
              ],
              [
                -6.1090984821985757,
                53.230174934123923,
                0
              ],
              [
                -6.1091035250718457,
                53.230171382800187,
                0
              ],
              [
                -6.1094386351107337,
                53.230009110724389,
                0
              ],
              [
                -6.1106020973043478,
                53.229450023022324,
                0
              ],
              [
                -6.1118072581285876,
                53.228876154369161,
                0
              ],
              [
                -6.1119030653141078,
                53.228883497067599,
                0
              ],
              [
                -6.1121912481003422,
                53.228995501595918,
                0
              ],
              [
                -6.1121929390088638,
                53.228996153983694,
                0
              ],
              [
                -6.112310985421491,
                53.228968990450142,
                0
              ],
              [
                -6.1124261703972103,
                53.22894016444377,
                0
              ],
              [
                -6.1125192892366549,
                53.22891474687718,
                0
              ],
              [
                -6.1127011809969556,
                53.228867796726945,
                0
              ],
              [
                -6.1127372610231472,
                53.228858336143098,
                0
              ],
              [
                -6.1127683249902294,
                53.228847161996249,
                0
              ],
              [
                -6.1130775982471128,
                53.228752880149656,
                0
              ],
              [
                -6.113556600625154,
                53.228609108395034,
                0
              ],
              [
                -6.1134783606406611,
                53.228412261435672,
                0
              ],
              [
                -6.1135677614803496,
                53.228397164993218,
                0
              ],
              [
                -6.1134629650698695,
                53.228146470933396,
                0
              ],
              [
                -6.1133778843729631,
                53.228156701918252,
                0
              ],
              [
                -6.1133455934150174,
                53.228071797770369,
                0
              ],
              [
                -6.1132172381575787,
                53.227763213133542,
                0
              ],
              [
                -6.1130321656430695,
                53.227326785779823,
                0
              ],
              [
                -6.1130210821663606,
                53.227300543651054,
                0
              ],
              [
                -6.1130015609081498,
                53.227243417389253,
                0
              ],
              [
                -6.112981929887483,
                53.227188447520348,
                0
              ],
              [
                -6.1127994953805613,
                53.226766083549229,
                0
              ],
              [
                -6.1126862030001741,
                53.226495217886658,
                0
              ],
              [
                -6.1125764445310002,
                53.22623060293909,
                0
              ],
              [
                -6.1125142231873726,
                53.226085549840228,
                0
              ],
              [
                -6.1125090888418283,
                53.226073593816736,
                0
              ],
              [
                -6.1124077346485706,
                53.225931841524321,
                0
              ],
              [
                -6.1123812280242884,
                53.225894315332475,
                0
              ],
              [
                -6.1122119550650478,
                53.225620056294083,
                0
              ],
              [
                -6.1122017144653826,
                53.225593605414232,
                0
              ],
              [
                -6.112080558596543,
                53.225650836350496,
                0
              ],
              [
                -6.1107688633765331,
                53.226140601014428,
                0
              ],
              [
                -6.1102400378470758,
                53.226355650902164,
                0
              ],
              [
                -6.1100009073510311,
                53.226415208039818,
                0
              ],
              [
                -6.1100167363373066,
                53.226434967737596,
                0
              ],
              [
                -6.1100246169669417,
                53.226444817386458,
                0
              ],
              [
                -6.1100291039294401,
                53.226453093251656,
                0
              ],
              [
                -6.1100285072315694,
                53.226457118720347,
                0
              ],
              [
                -6.1100195217001181,
                53.226462900507897,
                0
              ],
              [
                -6.1100055300591993,
                53.22646770403928,
                0
              ],
              [
                -6.1098179711056897,
                53.226553022788273,
                0
              ],
              [
                -6.1095981439806399,
                53.226650024889707,
                0
              ],
              [
                -6.109361093749337,
                53.226756815024899,
                0
              ],
              [
                -6.1092577267251098,
                53.226802723942953,
                0
              ],
              [
                -6.1091106901552923,
                53.22686714817759,
                0
              ],
              [
                -6.1091029634970582,
                53.2268722298965,
                0
              ],
              [
                -6.1088883664126348,
                53.226953126329398,
                0
              ],
              [
                -6.1088806605596773,
                53.226944752592615,
                0
              ],
              [
                -6.1087300894200807,
                53.227001022533052,
                0
              ],
              [
                -6.1087380448168878,
                53.227010496836506,
                0
              ],
              [
                -6.1087194985847217,
                53.227016303848337,
                0
              ],
              [
                -6.1084581928238029,
                53.227116388298903,
                0
              ],
              [
                -6.1082417766804813,
                53.227197685252428,
                0
              ],
              [
                -6.1080466955074124,
                53.22727734580959,
                0
              ],
              [
                -6.1080201140255204,
                53.22728690096568,
                0
              ],
              [
                -6.1080136898676818,
                53.227289206976778,
                0
              ],
              [
                -6.1080424684853201,
                53.227372701423612,
                0
              ],
              [
                -6.1080442883508708,
                53.227377933757992,
                0
              ],
              [
                -6.108052619406104,
                53.227402020371677,
                0
              ],
              [
                -6.1080407673074628,
                53.227411248525641,
                0
              ],
              [
                -6.1080355417443819,
                53.22741531374168,
                0
              ],
              [
                -6.1080384164310244,
                53.227420742594731,
                0
              ],
              [
                -6.1080387842819164,
                53.227456221519354,
                0
              ],
              [
                -6.1080282037030935,
                53.227482879671818,
                0
              ],
              [
                -6.1080363177720818,
                53.227512193244252,
                0
              ],
              [
                -6.1080796915547095,
                53.227668527560368,
                0
              ],
              [
                -6.1081175714809284,
                53.227749783641769,
                0
              ],
              [
                -6.1081353547575192,
                53.227759556943894,
                0
              ],
              [
                -6.1081522124396255,
                53.227820218272889,
                0
              ],
              [
                -6.1081680528558318,
                53.22786417092027,
                0
              ],
              [
                -6.1081539889871586,
                53.227902904645489,
                0
              ],
              [
                -6.1081509379858749,
                53.22790656934967,
                0
              ],
              [
                -6.1081432984503383,
                53.227915715188956,
                0
              ],
              [
                -6.10816849561553,
                53.227976768689473,
                0
              ],
              [
                -6.1081723474786553,
                53.228018536444431,
                0
              ],
              [
                -6.1081875406376165,
                53.228019451803171,
                0
              ],
              [
                -6.10819502515238,
                53.228019903208292,
                0
              ],
              [
                -6.1082037762321715,
                53.228023528783481,
                0
              ],
              [
                -6.1082055805808126,
                53.228075045304678,
                0
              ],
              [
                -6.1082064883491292,
                53.22810130521168,
                0
              ],
              [
                -6.1081969539234224,
                53.228108345526998,
                0
              ],
              [
                -6.1081912331578447,
                53.228129313834422,
                0
              ],
              [
                -6.1081983613557265,
                53.228205452561951,
                0
              ],
              [
                -6.1082065649105326,
                53.2282371584771,
                0
              ],
              [
                -6.1082350400977941,
                53.228355448779702,
                0
              ],
              [
                -6.1082587639338088,
                53.2284414336089,
                0
              ],
              [
                -6.1082854925763135,
                53.228492902694597,
                0
              ],
              [
                -6.1082873867859542,
                53.228633467810496,
                0
              ],
              [
                -6.1083290860417909,
                53.228900872244154,
                0
              ],
              [
                -6.1083333086588665,
                53.229033034122807,
                0
              ],
              [
                -6.1083502121246189,
                53.229059072472545,
                0
              ],
              [
                -6.108350168328303,
                53.2291018210326,
                0
              ],
              [
                -6.1083366789318161,
                53.229145865304829,
                0
              ],
              [
                -6.1083004848931663,
                53.229246861528289,
                0
              ],
              [
                -6.1083224621933034,
                53.229314749940521,
                0
              ],
              [
                -6.1083089125953682,
                53.22942025743972,
                0
              ],
              [
                -6.1083128351617022,
                53.229482815777594,
                0
              ],
              [
                -6.1083450800687009,
                53.22952510797559,
                0
              ],
              [
                -6.1083411608489815,
                53.229562697636936,
                0
              ],
              [
                -6.1083123566509681,
                53.229688339862896,
                0
              ],
              [
                -6.1082998914754798,
                53.229702999941523,
                0
              ],
              [
                -6.1083041177169717,
                53.229729079721956,
                0
              ],
              [
                -6.1083200470534189,
                53.229794544093842,
                0
              ],
              [
                -6.1083339817999205,
                53.229901476648116,
                0
              ],
              [
                -6.1083478650365253,
                53.229939557460476,
                0
              ],
              [
                -6.1083354491305704,
                53.229968760799885,
                0
              ],
              [
                -6.1083199944723123,
                53.230003317977683,
                0
              ],
              [
                -6.1083337627763656,
                53.230037890557156,
                0
              ],
              [
                -6.108341562835542,
                53.230061124687438,
                0
              ],
              [
                -6.1083158501124286,
                53.230126530196529,
                0
              ],
              [
                -6.1083083085260776,
                53.230201427491259,
                0
              ],
              [
                -6.1082738581717004,
                53.230364094428317,
                0
              ],
              [
                -6.1082608385371335,
                53.230402161609668,
                0
              ]
            ]
          ]
        ]
      },
      "properties" : {
        "OBJECTID" : 12,
        "park_name" : "Shanganagh Regional Park",
        "irish_name" : " ",
        "previous_n" : " ",
        "address" : " ",
        "type" : "District Park",
        "type2" : "Flagship",
        "Shape_Length" : 4156.2766376011241,
        "Shape_Area" : 335489.18257337919
      }
    },
    {
      "type" : "Feature",
      "id" : 13,
      "geometry" : {
        "type" : "Polygon",
        "coordinates" : [
          [
            [
              -6.2252609859473278,
              53.260160763627439,
              0
            ],
            [
              -6.2253240555224219,
              53.26019609899032,
              0
            ],
            [
              -6.2253957137848026,
              53.260197165833084,
              0
            ],
            [
              -6.2255291076092041,
              53.260265793480833,
              0
            ],
            [
              -6.2257821126503048,
              53.260129825973657,
              0
            ],
            [
              -6.2257626353172189,
              53.259994102457547,
              0
            ],
            [
              -6.2257712235116305,
              53.259959834837154,
              0
            ],
            [
              -6.2257404009741348,
              53.259924979703996,
              0
            ],
            [
              -6.2256796680480768,
              53.259919776598259,
              0
            ],
            [
              -6.2256223420995207,
              53.259918923271513,
              0
            ],
            [
              -6.2258386007056687,
              53.259717915938005,
              0
            ],
            [
              -6.2264420929564688,
              53.259862331271904,
              0
            ],
            [
              -6.226885513574195,
              53.259976415283212,
              0
            ],
            [
              -6.2271885514232599,
              53.260017468071688,
              0
            ],
            [
              -6.2273382344784931,
              53.260039041422196,
              0
            ],
            [
              -6.2271652994172531,
              53.260406225701587,
              0
            ],
            [
              -6.2270800481028825,
              53.260473749534384,
              0
            ],
            [
              -6.2268555924642275,
              53.260526303602873,
              0
            ],
            [
              -6.2264379506124392,
              53.260655524795986,
              0
            ],
            [
              -6.2262020688111681,
              53.260550976783819,
              0
            ],
            [
              -6.2261323927145114,
              53.260588635366737,
              0
            ],
            [
              -6.226546293986515,
              53.260809768513703,
              0
            ],
            [
              -6.2266761694465345,
              53.26079020344897,
              0
            ],
            [
              -6.2268651526611478,
              53.26072852207178,
              0
            ],
            [
              -6.2270163489489399,
              53.260713572881549,
              0
            ],
            [
              -6.2270991123738026,
              53.260706204785912,
              0
            ],
            [
              -6.2270370196883293,
              53.260647238549517,
              0
            ],
            [
              -6.227113773015831,
              53.260611834699354,
              0
            ],
            [
              -6.2272448029210468,
              53.260564338939474,
              0
            ],
            [
              -6.2276047907897496,
              53.260268728682583,
              0
            ],
            [
              -6.2279424168203912,
              53.25982015228918,
              0
            ],
            [
              -6.2283372427064254,
              53.259288585177202,
              0
            ],
            [
              -6.2290236758714324,
              53.259421321080254,
              0
            ],
            [
              -6.2293844269860292,
              53.259540617499638,
              0
            ],
            [
              -6.2298796427111647,
              53.259702753315636,
              0
            ],
            [
              -6.2303694412688033,
              53.259301575284212,
              0
            ],
            [
              -6.2306528610394283,
              53.259123054574616,
              0
            ],
            [
              -6.2307212906852207,
              53.25911547121899,
              0
            ],
            [
              -6.2308590352098889,
              53.259078820273039,
              0
            ],
            [
              -6.2309394545620957,
              53.259041318404925,
              0
            ],
            [
              -6.2310069086213922,
              53.259057367658102,
              0
            ],
            [
              -6.2313152059030346,
              53.258623394825648,
              0
            ],
            [
              -6.2314908305663685,
              53.258363732688174,
              0
            ],
            [
              -6.2315230903616383,
              53.258190082369502,
              0
            ],
            [
              -6.2314283947188311,
              53.258139232880168,
              0
            ],
            [
              -6.231320253046909,
              53.258066686541724,
              0
            ],
            [
              -6.2312003012312731,
              53.258019762098222,
              0
            ],
            [
              -6.2310308117231772,
              53.257957054198776,
              0
            ],
            [
              -6.2308780828473269,
              53.257922541163829,
              0
            ],
            [
              -6.2307067661201678,
              53.257990940132721,
              0
            ],
            [
              -6.2304077106536129,
              53.258027346187667,
              0
            ],
            [
              -6.2300148138233871,
              53.257905426342901,
              0
            ],
            [
              -6.2299689482572056,
              53.257887547097262,
              0
            ],
            [
              -6.2296281645448639,
              53.257719106184581,
              0
            ],
            [
              -6.2295861487176252,
              53.257694834877348,
              0
            ],
            [
              -6.2294911568605613,
              53.257564439451571,
              0
            ],
            [
              -6.2295220361433632,
              53.257511154505011,
              0
            ],
            [
              -6.2296539427326199,
              53.257442171909815,
              0
            ],
            [
              -6.2298723333525414,
              53.257275585394162,
              0
            ],
            [
              -6.230018535163631,
              53.257120825632136,
              0
            ],
            [
              -6.2301509719972996,
              53.257038952190314,
              0
            ],
            [
              -6.2302640750749632,
              53.25699118699567,
              0
            ],
            [
              -6.2303687362315996,
              53.256887403655178,
              0
            ],
            [
              -6.2303719293659334,
              53.25681006018938,
              0
            ],
            [
              -6.2304496486792758,
              53.256751021313349,
              0
            ],
            [
              -6.23041295028258,
              53.256605330179823,
              0
            ],
            [
              -6.2304231705992823,
              53.256610894652098,
              0
            ],
            [
              -6.2303434834408726,
              53.256457079835322,
              0
            ],
            [
              -6.2304059859769465,
              53.256419312335062,
              0
            ],
            [
              -6.230361894248289,
              53.256358465029216,
              0
            ],
            [
              -6.2303355237622755,
              53.256042061803214,
              0
            ],
            [
              -6.2301628690379873,
              53.255882566540812,
              0
            ],
            [
              -6.229827969629298,
              53.255832448855124,
              0
            ],
            [
              -6.2297728996462842,
              53.255863877347366,
              0
            ],
            [
              -6.2295575560678458,
              53.255783288072351,
              0
            ],
            [
              -6.229288362973592,
              53.255878177511811,
              0
            ],
            [
              -6.2291359979522349,
              53.255835068491763,
              0
            ],
            [
              -6.2283390078977909,
              53.255950060469338,
              0
            ],
            [
              -6.228189724627704,
              53.256005884224514,
              0
            ],
            [
              -6.2279630445131327,
              53.256026161722275,
              0
            ],
            [
              -6.2277315375881148,
              53.256076463388247,
              0
            ],
            [
              -6.2277553726148511,
              53.255846795036661,
              0
            ],
            [
              -6.2277608497941417,
              53.255627602810137,
              0
            ],
            [
              -6.227845379659871,
              53.255577265965698,
              0
            ],
            [
              -6.2278174896191523,
              53.255471513111566,
              0
            ],
            [
              -6.2274580521941001,
              53.255148006550485,
              0
            ],
            [
              -6.2273884456346735,
              53.255097527749584,
              0
            ],
            [
              -6.2273247598244366,
              53.255077232435319,
              0
            ],
            [
              -6.2270750819740641,
              53.254873592479704,
              0
            ],
            [
              -6.2269646469438218,
              53.254856901591133,
              0
            ],
            [
              -6.2266990980012427,
              53.254863700270398,
              0
            ],
            [
              -6.2266984825472322,
              53.254618620101247,
              0
            ],
            [
              -6.2268165877243078,
              53.254536537122405,
              0
            ],
            [
              -6.2271751616250475,
              53.254447281810606,
              0
            ],
            [
              -6.227200920678424,
              53.254344477617934,
              0
            ],
            [
              -6.2269424554788246,
              53.254093412065131,
              0
            ],
            [
              -6.2269988580427498,
              53.254029759218,
              0
            ],
            [
              -6.2270011127415383,
              53.25380191991264,
              0
            ],
            [
              -6.226937429030154,
              53.253781624404688,
              0
            ],
            [
              -6.2267030677798605,
              53.253554564125857,
              0
            ],
            [
              -6.2266001836647247,
              53.253615376168383,
              0
            ],
            [
              -6.2262742647921634,
              53.253868495786001,
              0
            ],
            [
              -6.2264116678398471,
              53.253926434100094,
              0
            ],
            [
              -6.2262874043383398,
              53.25407076779959,
              0
            ],
            [
              -6.2262385474722244,
              53.254211923561193,
              0
            ],
            [
              -6.2262766481219938,
              53.254330726974381,
              0
            ],
            [
              -6.2263904508080588,
              53.254525897804037,
              0
            ],
            [
              -6.2263146240045639,
              53.254625806797499,
              0
            ],
            [
              -6.2260555294587032,
              53.25464989826871,
              0
            ],
            [
              -6.2258805582168586,
              53.254460265766902,
              0
            ],
            [
              -6.2258125813360543,
              53.254457103950855,
              0
            ],
            [
              -6.2257100865316044,
              53.254335192736875,
              0
            ],
            [
              -6.2255660524858119,
              53.254264256709767,
              0
            ],
            [
              -6.2248160701445086,
              53.25393707719136,
              0
            ],
            [
              -6.2240794500465508,
              53.253633738351198,
              0
            ],
            [
              -6.223873362219968,
              53.253589822033838,
              0
            ],
            [
              -6.2236416437043873,
              53.253472432382935,
              0
            ],
            [
              -6.2234534680488514,
              53.253428783179928,
              0
            ],
            [
              -6.2233329146139713,
              53.253396889873294,
              0
            ],
            [
              -6.2230975268290516,
              53.253281593550753,
              0
            ],
            [
              -6.2229473147747481,
              53.253186914891856,
              0
            ],
            [
              -6.222857379446908,
              53.253108182982615,
              0
            ],
            [
              -6.2227953220509313,
              53.253135204989917,
              0
            ],
            [
              -6.2227054070674024,
              53.253142463374388,
              0
            ],
            [
              -6.22238543941695,
              53.253251628323845,
              0
            ],
            [
              -6.2219767299853634,
              53.253426110571553,
              0
            ],
            [
              -6.2219930570235027,
              53.253551039745382,
              0
            ],
            [
              -6.2220795179168915,
              53.254145659319228,
              0
            ],
            [
              -6.2221241474588043,
              53.254279609725216,
              0
            ],
            [
              -6.2219245297998507,
              53.254338973962057,
              0
            ],
            [
              -6.2216983178472951,
              53.254434487496248,
              0
            ],
            [
              -6.2212268374392163,
              53.254739166312589,
              0
            ],
            [
              -6.2213559288440612,
              53.254910922042818,
              0
            ],
            [
              -6.2214249772477279,
              53.254888305087604,
              0
            ],
            [
              -6.2214747754609734,
              53.254897647255405,
              0
            ],
            [
              -6.2215569060622649,
              53.254905321827962,
              0
            ],
            [
              -6.2221114443946401,
              53.255190912192781,
              0
            ],
            [
              -6.2220328255018105,
              53.255271429579771,
              0
            ],
            [
              -6.2218380850366453,
              53.255558740315728,
              0
            ],
            [
              -6.221726973127188,
              53.255731212847834,
              0
            ],
            [
              -6.221619245944936,
              53.255822043892508,
              0
            ],
            [
              -6.2214548202976454,
              53.255896981536836,
              0
            ],
            [
              -6.2211564144734544,
              53.256004315925615,
              0
            ],
            [
              -6.2207780131542538,
              53.256052411811368,
              0
            ],
            [
              -6.2207299542681955,
              53.256260219212685,
              0
            ],
            [
              -6.2208678353796527,
              53.256479402114195,
              0
            ],
            [
              -6.2210063984480719,
              53.256509416651561,
              0
            ],
            [
              -6.2212910463575239,
              53.256560959284407,
              0
            ],
            [
              -6.2214018572020997,
              53.256655052002195,
              0
            ],
            [
              -6.2214957193970388,
              53.256639254353694,
              0
            ],
            [
              -6.2217119430508596,
              53.256698374096004,
              0
            ],
            [
              -6.222103627619874,
              53.256762259809904,
              0
            ],
            [
              -6.2225278934682366,
              53.25673204183208,
              0
            ],
            [
              -6.2225101787266084,
              53.256813467729451,
              0
            ],
            [
              -6.2223649311544307,
              53.256944586297621,
              0
            ],
            [
              -6.2221231278417122,
              53.257069964548414,
              0
            ],
            [
              -6.2218609861026675,
              53.257167092523893,
              0
            ],
            [
              -6.2215562084233422,
              53.257254984698356,
              0
            ],
            [
              -6.2222242324666182,
              53.257830333067311,
              0
            ],
            [
              -6.2232580671945366,
              53.258748640025651,
              0
            ],
            [
              -6.2239903824721594,
              53.259417375448749,
              0
            ],
            [
              -6.2242246715430989,
              53.259646589665607,
              0
            ],
            [
              -6.2245110818619844,
              53.259829284318378,
              0
            ],
            [
              -6.2252609859473278,
              53.260160763627439,
              0
            ]
          ]
        ]
      },
      "properties" : {
        "OBJECTID" : 13,
        "park_name" : "Fernhill Park & Gardens",
        "irish_name" : null,
        "previous_n" : null,
        "address" : "Stepaside",
        "type" : "Regional Park",
        "type2" : "Flagship",
        "Shape_Length" : 3418.4110624239929,
        "Shape_Area" : 321151.74316178437
      }
    },
    {
      "type" : "Feature",
      "id" : 14,
      "geometry" : {
        "type" : "Polygon",
        "coordinates" : [
          [
            [
              -6.1457035575445822,
              53.264436165844828,
              0
            ],
            [
              -6.1461852624959192,
              53.26453532990157,
              0
            ],
            [
              -6.1463318931319861,
              53.264553979843335,
              0
            ],
            [
              -6.1463716482599233,
              53.264518584288915,
              0
            ],
            [
              -6.1464803621696333,
              53.264530097284201,
              0
            ],
            [
              -6.1465224614637837,
              53.264566765661222,
              0
            ],
            [
              -6.1466752561561631,
              53.264569141376036,
              0
            ],
            [
              -6.1471370372215368,
              53.264497744584915,
              0
            ],
            [
              -6.1472419926872357,
              53.264469909334593,
              0
            ],
            [
              -6.1474233443873025,
              53.264443262228887,
              0
            ],
            [
              -6.1476141969693439,
              53.264449502681792,
              0
            ],
            [
              -6.1479376289459733,
              53.264294101871265,
              0
            ],
            [
              -6.1479938955669509,
              53.264255688757089,
              0
            ],
            [
              -6.147991833138204,
              53.26417708026004,
              0
            ],
            [
              -6.1478768227281977,
              53.264170229257161,
              0
            ],
            [
              -6.1478457313459991,
              53.264164938276238,
              0
            ],
            [
              -6.1477946384532967,
              53.264155623394949,
              0
            ],
            [
              -6.1477565586565257,
              53.264149764494888,
              0
            ],
            [
              -6.1477132712455012,
              53.264140220318708,
              0
            ],
            [
              -6.1476732571643726,
              53.264130556213182,
              0
            ],
            [
              -6.1476262294099975,
              53.264117718063581,
              0
            ],
            [
              -6.1475799401752953,
              53.264102015088859,
              0
            ],
            [
              -6.1475285416658947,
              53.264085208018471,
              0
            ],
            [
              -6.1474557025742262,
              53.264052517806839,
              0
            ],
            [
              -6.1473093946433863,
              53.263990857639264,
              0
            ],
            [
              -6.1472878963248725,
              53.263979189144834,
              0
            ],
            [
              -6.1472477181960326,
              53.263954601624796,
              0
            ],
            [
              -6.1472061960066426,
              53.263926775357476,
              0
            ],
            [
              -6.1471706057296176,
              53.263899751361812,
              0
            ],
            [
              -6.1471422356825816,
              53.263872857563072,
              0
            ],
            [
              -6.1471102812656166,
              53.263838717332298,
              0
            ],
            [
              -6.1470716075440803,
              53.263794944954796,
              0
            ],
            [
              -6.1470381495766304,
              53.263754669228881,
              0
            ],
            [
              -6.14699453982991,
              53.263701283417085,
              0
            ],
            [
              -6.1469415015362179,
              53.263631931455294,
              0
            ],
            [
              -6.1469040372311401,
              53.263581346647044,
              0
            ],
            [
              -6.1468815212877113,
              53.26355706053841,
              0
            ],
            [
              -6.1468540739880568,
              53.263529291161802,
              0
            ],
            [
              -6.1468221949294293,
              53.263500005749044,
              0
            ],
            [
              -6.1467913389181579,
              53.263468210495937,
              0
            ],
            [
              -6.1467303410929146,
              53.263402321052872,
              0
            ],
            [
              -6.1466247022964398,
              53.26329200898541,
              0
            ],
            [
              -6.1465459965742548,
              53.263207840371514,
              0
            ],
            [
              -6.1465917448662761,
              53.263188534567512,
              0
            ],
            [
              -6.1466187840798412,
              53.263178591378207,
              0
            ],
            [
              -6.1464905875602218,
              53.263042563211293,
              0
            ],
            [
              -6.1463307049388849,
              53.262897431277821,
              0
            ],
            [
              -6.146278224424341,
              53.26289840383447,
              0
            ],
            [
              -6.1461496723449045,
              53.262800786125567,
              0
            ],
            [
              -6.1461173227545558,
              53.262775816611004,
              0
            ],
            [
              -6.146058216422289,
              53.262733128287543,
              0
            ],
            [
              -6.1460194008902356,
              53.262705154929193,
              0
            ],
            [
              -6.1459833673469371,
              53.262683912189964,
              0
            ],
            [
              -6.1459203595144913,
              53.262627806365785,
              0
            ],
            [
              -6.14589419330325,
              53.262638365197461,
              0
            ],
            [
              -6.1458279819546906,
              53.262579387138864,
              0
            ],
            [
              -6.1458105579242739,
              53.262586423663819,
              0
            ],
            [
              -6.1457992654836646,
              53.262589295069411,
              0
            ],
            [
              -6.1457095225898115,
              53.262548242269823,
              0
            ],
            [
              -6.1456232047944139,
              53.26251083804123,
              0
            ],
            [
              -6.1455424711753732,
              53.262475686827493,
              0
            ],
            [
              -6.145472076669348,
              53.262443761457583,
              0
            ],
            [
              -6.1454325290662082,
              53.262424405367256,
              0
            ],
            [
              -6.1453611839266857,
              53.262387431641379,
              0
            ],
            [
              -6.1453098168597933,
              53.262358534693469,
              0
            ],
            [
              -6.1452572362449693,
              53.262329969387196,
              0
            ],
            [
              -6.1452154777932186,
              53.262306974477525,
              0
            ],
            [
              -6.1451726988117006,
              53.26228019753691,
              0
            ],
            [
              -6.1451211562293597,
              53.262248781024816,
              0
            ],
            [
              -6.1450951368637359,
              53.262228934239943,
              0
            ],
            [
              -6.1450436285884065,
              53.262190147746452,
              0
            ],
            [
              -6.1450327927918122,
              53.262181639691597,
              0
            ],
            [
              -6.1449007736713606,
              53.262075505863486,
              0
            ],
            [
              -6.1448808350038187,
              53.262059808327493,
              0
            ],
            [
              -6.144900257215407,
              53.262020462803626,
              0
            ],
            [
              -6.1448378974343285,
              53.262043284549158,
              0
            ],
            [
              -6.1448639568037207,
              53.262061855663369,
              0
            ],
            [
              -6.14484459419233,
              53.262071774115213,
              0
            ],
            [
              -6.144834144522922,
              53.262077687633521,
              0
            ],
            [
              -6.1448003674529685,
              53.262094725251984,
              0
            ],
            [
              -6.1447791401445109,
              53.262080885317509,
              0
            ],
            [
              -6.1447263555378324,
              53.262044236031876,
              0
            ],
            [
              -6.1446923604025514,
              53.262009524054228,
              0
            ],
            [
              -6.1446572352710049,
              53.261979099917497,
              0
            ],
            [
              -6.1446195533175558,
              53.261946101245307,
              0
            ],
            [
              -6.1445881441351835,
              53.261919528029104,
              0
            ],
            [
              -6.1445667035818099,
              53.261898152463402,
              0
            ],
            [
              -6.1445587541749864,
              53.261889597611535,
              0
            ],
            [
              -6.144539045558493,
              53.261868383825743,
              0
            ],
            [
              -6.1445167995623988,
              53.261844838498767,
              0
            ],
            [
              -6.1444885264416476,
              53.261815428797924,
              0
            ],
            [
              -6.1444841057230981,
              53.261810200645137,
              0
            ],
            [
              -6.144467234744484,
              53.261790271417247,
              0
            ],
            [
              -6.1444448368219113,
              53.261763658669175,
              0
            ],
            [
              -6.1444288292485298,
              53.261741100288589,
              0
            ],
            [
              -6.1444055975682454,
              53.261706393988412,
              0
            ],
            [
              -6.1443895296354487,
              53.261678998907172,
              0
            ],
            [
              -6.144386244508409,
              53.261672125576055,
              0
            ],
            [
              -6.1443759962299724,
              53.261656425104881,
              0
            ],
            [
              -6.1443378846676868,
              53.261570352178872,
              0
            ],
            [
              -6.1443210060929161,
              53.261529138295529,
              0
            ],
            [
              -6.1443160518817006,
              53.261507498013202,
              0
            ],
            [
              -6.1443137856366485,
              53.261477441499224,
              0
            ],
            [
              -6.1443167095116529,
              53.261453191391752,
              0
            ],
            [
              -6.1443234332000705,
              53.261432236261335,
              0
            ],
            [
              -6.1443275323140103,
              53.261417541134811,
              0
            ],
            [
              -6.1443442624504918,
              53.26138394231122,
              0
            ],
            [
              -6.1443683876927206,
              53.261345038608944,
              0
            ],
            [
              -6.1443771369352813,
              53.261331656270492,
              0
            ],
            [
              -6.1443889350684673,
              53.261313638442168,
              0
            ],
            [
              -6.1444213881464211,
              53.261276275550323,
              0
            ],
            [
              -6.1444255422363137,
              53.261259963365447,
              0
            ],
            [
              -6.1443515921023542,
              53.261155122039774,
              0
            ],
            [
              -6.1444002636139432,
              53.261136132239479,
              0
            ],
            [
              -6.1446155312935122,
              53.261059819080309,
              0
            ],
            [
              -6.1447870651996714,
              53.260999579227864,
              0
            ],
            [
              -6.1447532366768263,
              53.260961382353393,
              0
            ],
            [
              -6.1445857352318924,
              53.260772328913113,
              0
            ],
            [
              -6.1444919099066917,
              53.260661569528011,
              0
            ],
            [
              -6.1445355783104478,
              53.260646636454346,
              0
            ],
            [
              -6.1447329434632136,
              53.260584902231841,
              0
            ],
            [
              -6.1453951637282609,
              53.260375693135707,
              0
            ],
            [
              -6.1454071244164403,
              53.260371915352522,
              0
            ],
            [
              -6.1453844617977182,
              53.260348651326467,
              0
            ],
            [
              -6.1451148329205694,
              53.26004080088201,
              0
            ],
            [
              -6.1449650735067918,
              53.259861974181241,
              0
            ],
            [
              -6.1450759891043925,
              53.259827566952531,
              0
            ],
            [
              -6.14506175150564,
              53.259806375462766,
              0
            ],
            [
              -6.1450248860203827,
              53.259750046742596,
              0
            ],
            [
              -6.1449893871759365,
              53.259696085249509,
              0
            ],
            [
              -6.1449579198480331,
              53.25964595262468,
              0
            ],
            [
              -6.1449429118597241,
              53.259621090853081,
              0
            ],
            [
              -6.1449220303982575,
              53.259587859357318,
              0
            ],
            [
              -6.1448943550948734,
              53.259545704506081,
              0
            ],
            [
              -6.1448735131593848,
              53.259511215240792,
              0
            ],
            [
              -6.144840563293072,
              53.259460708960454,
              0
            ],
            [
              -6.1448113454879261,
              53.259413676347087,
              0
            ],
            [
              -6.1447882074557789,
              53.259377173881241,
              0
            ],
            [
              -6.1447726774576754,
              53.259350524258771,
              0
            ],
            [
              -6.1447022435404852,
              53.25923514950216,
              0
            ],
            [
              -6.1446650928027058,
              53.25916728770278,
              0
            ],
            [
              -6.1445681868012079,
              53.259013016986565,
              0
            ],
            [
              -6.1445539780094425,
              53.258992141371039,
              0
            ],
            [
              -6.1446500070813554,
              53.258957385966482,
              0
            ],
            [
              -6.1447540822631437,
              53.258920625472086,
              0
            ],
            [
              -6.1447027707403601,
              53.258865617789873,
              0
            ],
            [
              -6.1445750886836779,
              53.258907188085416,
              0
            ],
            [
              -6.1443843619487355,
              53.258968450099616,
              0
            ],
            [
              -6.1442060429713177,
              53.2590294375971,
              0
            ],
            [
              -6.1441170346071994,
              53.259057129220118,
              0
            ],
            [
              -6.1440477862486906,
              53.259081272434322,
              0
            ],
            [
              -6.1440163610363232,
              53.259092162427258,
              0
            ],
            [
              -6.1439594589635016,
              53.259109846420237,
              0
            ],
            [
              -6.1438391778861776,
              53.259148358275226,
              0
            ],
            [
              -6.1436076485489064,
              53.259217199049921,
              0
            ],
            [
              -6.143518621170081,
              53.259115888455199,
              0
            ],
            [
              -6.1434170937715189,
              53.258987220151468,
              0
            ],
            [
              -6.1432966550482879,
              53.258833179542243,
              0
            ],
            [
              -6.1432652037970623,
              53.258787095070836,
              0
            ],
            [
              -6.1426839495156704,
              53.258008132491256,
              0
            ],
            [
              -6.1426158558749302,
              53.257941591815545,
              0
            ],
            [
              -6.1425723484757491,
              53.25793763936057,
              0
            ],
            [
              -6.1425488967693722,
              53.25784887657958,
              0
            ],
            [
              -6.1424929905196972,
              53.257753059076414,
              0
            ],
            [
              -6.1424082985477844,
              53.257708653307319,
              0
            ],
            [
              -6.1423220025464245,
              53.257655298792344,
              0
            ],
            [
              -6.1422361933413594,
              53.257539709816946,
              0
            ],
            [
              -6.1421880135095863,
              53.257474808645533,
              0
            ],
            [
              -6.1423042473335947,
              53.257345964874034,
              0
            ],
            [
              -6.1423941482287079,
              53.257290361560912,
              0
            ],
            [
              -6.1424590070892018,
              53.257251248137642,
              0
            ],
            [
              -6.1425037299720966,
              53.257227137118655,
              0
            ],
            [
              -6.1426008713971987,
              53.25718014951596,
              0
            ],
            [
              -6.1426943851521978,
              53.257135586106209,
              0
            ],
            [
              -6.1427789424156609,
              53.257109884547354,
              0
            ],
            [
              -6.1427997199626851,
              53.257138530747163,
              0
            ],
            [
              -6.1428036659313747,
              53.257143976283579,
              0
            ],
            [
              -6.1428823342301335,
              53.257110623647421,
              0
            ],
            [
              -6.1429904005235541,
              53.257068857430426,
              0
            ],
            [
              -6.1429712665614806,
              53.257048632037993,
              0
            ],
            [
              -6.1430296489570537,
              53.257033398458596,
              0
            ],
            [
              -6.1431443555584719,
              53.256995079242174,
              0
            ],
            [
              -6.1431967605899604,
              53.256965928301767,
              0
            ],
            [
              -6.1433172380090522,
              53.256919294664996,
              0
            ],
            [
              -6.1434873246608719,
              53.256852328856553,
              0
            ],
            [
              -6.1436704154172865,
              53.256779264469664,
              0
            ],
            [
              -6.1438211698970866,
              53.256716347490418,
              0
            ],
            [
              -6.1439287378451688,
              53.256673583948206,
              0
            ],
            [
              -6.1440102344457257,
              53.256642719464381,
              0
            ],
            [
              -6.1440205062688173,
              53.2566381155589,
              0
            ],
            [
              -6.1440701326997456,
              53.256615994844125,
              0
            ],
            [
              -6.1444410393084725,
              53.256450630500616,
              0
            ],
            [
              -6.1445439307573988,
              53.256409914869288,
              0
            ],
            [
              -6.1445497141192886,
              53.256381574590542,
              0
            ],
            [
              -6.144842513345818,
              53.256278837698098,
              0
            ],
            [
              -6.1448602004586093,
              53.256283328547283,
              0
            ],
            [
              -6.144959836899373,
              53.256254426586104,
              0
            ],
            [
              -6.1450367712623191,
              53.256217423234666,
              0
            ],
            [
              -6.1451215446266882,
              53.256193233446012,
              0
            ],
            [
              -6.14522766424989,
              53.256159632350339,
              0
            ],
            [
              -6.145317570193173,
              53.256172006204103,
              0
            ],
            [
              -6.1452410902692511,
              53.256070456141401,
              0
            ],
            [
              -6.1451102700607825,
              53.255560950586876,
              0
            ],
            [
              -6.1449438957514451,
              53.255591772073593,
              0
            ],
            [
              -6.1447300299676524,
              53.255632852314463,
              0
            ],
            [
              -6.1445922069232521,
              53.255657537318235,
              0
            ],
            [
              -6.1443909288031096,
              53.255727434667079,
              0
            ],
            [
              -6.144199124058396,
              53.255780338299672,
              0
            ],
            [
              -6.144226121426267,
              53.25580623177364,
              0
            ],
            [
              -6.1440750699241482,
              53.255848749940824,
              0
            ],
            [
              -6.1439639505301242,
              53.2558835844629,
              0
            ],
            [
              -6.1438831771352733,
              53.255904357208074,
              0
            ],
            [
              -6.1438230811750483,
              53.255910054781474,
              0
            ],
            [
              -6.1437825473997574,
              53.255911895347388,
              0
            ],
            [
              -6.1437367379156997,
              53.255915460405262,
              0
            ],
            [
              -6.1436928901182792,
              53.255902454419633,
              0
            ],
            [
              -6.1436469918243288,
              53.255881767352165,
              0
            ],
            [
              -6.143613742379193,
              53.255865268122164,
              0
            ],
            [
              -6.1435708645484173,
              53.255843711251096,
              0
            ],
            [
              -6.1435249274290014,
              53.255798314413944,
              0
            ],
            [
              -6.1434608807593403,
              53.255729813928617,
              0
            ],
            [
              -6.1433698565835053,
              53.255634979617881,
              0
            ],
            [
              -6.1432687281510159,
              53.255525669305932,
              0
            ],
            [
              -6.1432353884001953,
              53.255485313338781,
              0
            ],
            [
              -6.1432037405201774,
              53.255437388517798,
              0
            ],
            [
              -6.1431610444452396,
              53.255382586222154,
              0
            ],
            [
              -6.1431325488001116,
              53.255329712936202,
              0
            ],
            [
              -6.1431041254126706,
              53.255274135258865,
              0
            ],
            [
              -6.1430605793323254,
              53.255223391428167,
              0
            ],
            [
              -6.1430489278223455,
              53.255183732833267,
              0
            ],
            [
              -6.1430713657717231,
              53.255131823830808,
              0
            ],
            [
              -6.1430885700535276,
              53.255105926622122,
              0
            ],
            [
              -6.1431012164706598,
              53.255081792036975,
              0
            ],
            [
              -6.1431293933920612,
              53.255065899081778,
              0
            ],
            [
              -6.1431983474492773,
              53.255038722751074,
              0
            ],
            [
              -6.14327369243858,
              53.255003448514415,
              0
            ],
            [
              -6.1432530608412161,
              53.254984251468713,
              0
            ],
            [
              -6.1432000545101459,
              53.254977169792141,
              0
            ],
            [
              -6.1431798274585727,
              53.254975623271847,
              0
            ],
            [
              -6.1431547582757977,
              53.254962334365253,
              0
            ],
            [
              -6.1431403566780629,
              53.254941526559058,
              0
            ],
            [
              -6.1431307855178945,
              53.254908165297692,
              0
            ],
            [
              -6.1431049357875214,
              53.254867916985269,
              0
            ],
            [
              -6.1430838976377844,
              53.254842538541631,
              0
            ],
            [
              -6.1430467380728446,
              53.254750943029165,
              0
            ],
            [
              -6.1430387994742652,
              53.25471311299161,
              0
            ],
            [
              -6.1430304236634257,
              53.254690565417008,
              0
            ],
            [
              -6.1429790103797828,
              53.254653639991218,
              0
            ],
            [
              -6.142954721308385,
              53.254637226241499,
              0
            ],
            [
              -6.1429281481848426,
              53.254623024000345,
              0
            ],
            [
              -6.1429174965588729,
              53.254601807195272,
              0
            ],
            [
              -6.1429233191882657,
              53.25452725820616,
              0
            ],
            [
              -6.1429150755800119,
              53.254419322837762,
              0
            ],
            [
              -6.1429047390536056,
              53.254306420222498,
              0
            ],
            [
              -6.1429017109037787,
              53.254199878418596,
              0
            ],
            [
              -6.1428923688681483,
              53.25413148389881,
              0
            ],
            [
              -6.1428967221614963,
              53.254082546943444,
              0
            ],
            [
              -6.1428883688126223,
              53.253939438224712,
              0
            ],
            [
              -6.1429144691338866,
              53.253807823199324,
              0
            ],
            [
              -6.1429470699481961,
              53.253734077933053,
              0
            ],
            [
              -6.1428570631621477,
              53.253712056115383,
              0
            ],
            [
              -6.1428428846095331,
              53.253708599364003,
              0
            ],
            [
              -6.1428250653018024,
              53.253706497060946,
              0
            ],
            [
              -6.1427953317711816,
              53.253702986683834,
              0
            ],
            [
              -6.1427738338118925,
              53.253700000118485,
              0
            ],
            [
              -6.1427284389535055,
              53.25369370196524,
              0
            ],
            [
              -6.1426232697546785,
              53.253681250048537,
              0
            ],
            [
              -6.1425384606736397,
              53.253669681607583,
              0
            ],
            [
              -6.1424260833630839,
              53.253652712863392,
              0
            ],
            [
              -6.1423231742905218,
              53.253637913977222,
              0
            ],
            [
              -6.1422138613760913,
              53.253619752393384,
              0
            ],
            [
              -6.14216720315925,
              53.253612175956114,
              0
            ],
            [
              -6.1421522899547734,
              53.25361080196938,
              0
            ],
            [
              -6.142145536935919,
              53.253619298611753,
              0
            ],
            [
              -6.1421135999320882,
              53.253665594433208,
              0
            ],
            [
              -6.1420771076959833,
              53.253718434706201,
              0
            ],
            [
              -6.1420597588303414,
              53.253745246338312,
              0
            ],
            [
              -6.1420539572042356,
              53.253758072241418,
              0
            ],
            [
              -6.1420427303738192,
              53.253782300757969,
              0
            ],
            [
              -6.1420262945542028,
              53.25381398035789,
              0
            ],
            [
              -6.1419973935145862,
              53.253876673386905,
              0
            ],
            [
              -6.1419787307739151,
              53.25391512248919,
              0
            ],
            [
              -6.1418952775928304,
              53.254090794254225,
              0
            ],
            [
              -6.1417951257463805,
              53.254152744966127,
              0
            ],
            [
              -6.1417654259039605,
              53.254173000206329,
              0
            ],
            [
              -6.1417473098444493,
              53.254185346474628,
              0
            ],
            [
              -6.1417268770112878,
              53.254199274532638,
              0
            ],
            [
              -6.141559357112981,
              53.254276704375023,
              0
            ],
            [
              -6.1415493444496292,
              53.254282597450995,
              0
            ],
            [
              -6.1413559857636377,
              53.254394912603608,
              0
            ],
            [
              -6.1413048611913039,
              53.254425341077734,
              0
            ],
            [
              -6.1412274817249815,
              53.254472608837268,
              0
            ],
            [
              -6.1411327088192467,
              53.254534211443215,
              0
            ],
            [
              -6.1410599753999833,
              53.254578711218521,
              0
            ],
            [
              -6.1410435103319356,
              53.254606893739584,
              0
            ],
            [
              -6.1410272540534008,
              53.254626459632391,
              0
            ],
            [
              -6.1410128862309579,
              53.254644643797214,
              0
            ],
            [
              -6.1410016978389104,
              53.254655525033009,
              0
            ],
            [
              -6.1409565385304408,
              53.254677300680306,
              0
            ],
            [
              -6.1408836746498583,
              53.254710284165412,
              0
            ],
            [
              -6.1408501564977591,
              53.254728016799746,
              0
            ],
            [
              -6.1408189027715814,
              53.254748139709271,
              0
            ],
            [
              -6.1407894692817848,
              53.254772254891868,
              0
            ],
            [
              -6.1407639444600299,
              53.254796098467587,
              0
            ],
            [
              -6.1407404228562745,
              53.254821788944795,
              0
            ],
            [
              -6.1407247872913588,
              53.254850191095819,
              0
            ],
            [
              -6.1407134775787764,
              53.254839678003137,
              0
            ],
            [
              -6.1405154168132583,
              53.254672612685631,
              0
            ],
            [
              -6.1404191307481817,
              53.254591131623712,
              0
            ],
            [
              -6.1403987629560559,
              53.254573142634911,
              0
            ],
            [
              -6.1402772713157638,
              53.254471880194266,
              0
            ],
            [
              -6.1399660310283393,
              53.254206224775118,
              0
            ],
            [
              -6.1400735419172481,
              53.25416092010402,
              0
            ],
            [
              -6.1400550219251802,
              53.254146294587422,
              0
            ],
            [
              -6.1399008176938707,
              53.254009709145414,
              0
            ],
            [
              -6.1398034486903477,
              53.253928030890471,
              0
            ],
            [
              -6.1397480707488068,
              53.253880318990262,
              0
            ],
            [
              -6.1397061539997884,
              53.25384603012948,
              0
            ],
            [
              -6.1392604090068392,
              53.253575246953034,
              0
            ],
            [
              -6.1391464586498623,
              53.253506024280966,
              0
            ],
            [
              -6.1391050179067959,
              53.253480848792378,
              0
            ],
            [
              -6.1390228179622444,
              53.253411280401835,
              0
            ],
            [
              -6.1388979493666929,
              53.253305442593195,
              0
            ],
            [
              -6.1388088518919268,
              53.253224917330428,
              0
            ],
            [
              -6.138745932966394,
              53.253164530375528,
              0
            ],
            [
              -6.1387096665675829,
              53.253137178557331,
              0
            ],
            [
              -6.1386460123290272,
              53.253090280659862,
              0
            ],
            [
              -6.1385857454630184,
              53.25304683324967,
              0
            ],
            [
              -6.138526587908304,
              53.252994064172093,
              0
            ],
            [
              -6.1384410145633774,
              53.252915247529316,
              0
            ],
            [
              -6.1383923891207868,
              53.252872934613464,
              0
            ],
            [
              -6.1383512578693784,
              53.252835790221447,
              0
            ],
            [
              -6.1383378540085358,
              53.252823482453621,
              0
            ],
            [
              -6.1383208875877138,
              53.252810381987786,
              0
            ],
            [
              -6.1382554079603517,
              53.25276377894361,
              0
            ],
            [
              -6.1382320467016385,
              53.252747118035366,
              0
            ],
            [
              -6.1382104963883055,
              53.252730170816257,
              0
            ],
            [
              -6.1381588997249308,
              53.252687263094842,
              0
            ],
            [
              -6.1381410267370633,
              53.252674678757117,
              0
            ],
            [
              -6.1380925684032785,
              53.25263991859174,
              0
            ],
            [
              -6.1380501516143084,
              53.252609953728545,
              0
            ],
            [
              -6.1380154613343558,
              53.252580496058592,
              0
            ],
            [
              -6.1379424764427553,
              53.252518648083765,
              0
            ],
            [
              -6.137882367536232,
              53.252467113198229,
              0
            ],
            [
              -6.1378038082820634,
              53.252407667834056,
              0
            ],
            [
              -6.1377395898007991,
              53.25236000559007,
              0
            ],
            [
              -6.1377112320422205,
              53.25233589600608,
              0
            ],
            [
              -6.1376888692657543,
              53.252317650650582,
              0
            ],
            [
              -6.1377154873720894,
              53.252305905235637,
              0
            ],
            [
              -6.1377150019145823,
              53.252274644930978,
              0
            ],
            [
              -6.137509762693691,
              53.252052219422971,
              0
            ],
            [
              -6.1372753315661539,
              53.251798039643397,
              0
            ],
            [
              -6.1367523434207456,
              53.251414054604908,
              0
            ],
            [
              -6.1366980692351474,
              53.251396165869522,
              0
            ],
            [
              -6.1365284467624459,
              53.251557626257103,
              0
            ],
            [
              -6.1364752355260475,
              53.251608613411065,
              0
            ],
            [
              -6.1364509503132192,
              53.251598067796031,
              0
            ],
            [
              -6.136378183787957,
              53.251671947352563,
              0
            ],
            [
              -6.1363020580716618,
              53.251748282106689,
              0
            ],
            [
              -6.1362333162929357,
              53.251815411290444,
              0
            ],
            [
              -6.1361562561693681,
              53.251886338290717,
              0
            ],
            [
              -6.1361552566385962,
              53.251887266443788,
              0
            ],
            [
              -6.1361154487633662,
              53.251924230782542,
              0
            ],
            [
              -6.1360274624756759,
              53.252004466916397,
              0
            ],
            [
              -6.1359197791344009,
              53.251970042471733,
              0
            ],
            [
              -6.1343676792412083,
              53.251382628260906,
              0
            ],
            [
              -6.1343141245083626,
              53.251358872165298,
              0
            ],
            [
              -6.1343423968618058,
              53.251336396951302,
              0
            ],
            [
              -6.1334394496515348,
              53.251011228378431,
              0
            ],
            [
              -6.133143668545129,
              53.251284886325173,
              0
            ],
            [
              -6.1330539978899345,
              53.251358619555809,
              0
            ],
            [
              -6.1330282848203019,
              53.251382225753254,
              0
            ],
            [
              -6.1330493220063325,
              53.251449438144405,
              0
            ],
            [
              -6.1330436642466628,
              53.251450302292213,
              0
            ],
            [
              -6.1330187537164544,
              53.251454136640959,
              0
            ],
            [
              -6.1330180143773037,
              53.251454250897467,
              0
            ],
            [
              -6.1329955177323159,
              53.251457718574812,
              0
            ],
            [
              -6.1330516993856046,
              53.251547646939876,
              0
            ],
            [
              -6.1331583755559498,
              53.251722174252173,
              0
            ],
            [
              -6.1332092343635578,
              53.251800127478269,
              0
            ],
            [
              -6.1332173539755468,
              53.251810186861377,
              0
            ],
            [
              -6.1332293587083226,
              53.251820855389354,
              0
            ],
            [
              -6.1332403514223941,
              53.251828263244732,
              0
            ],
            [
              -6.1332536713816355,
              53.251836606391898,
              0
            ],
            [
              -6.1332657921324731,
              53.251845299280305,
              0
            ],
            [
              -6.133278912137234,
              53.251852039353622,
              0
            ],
            [
              -6.1332871275646497,
              53.25185508027473,
              0
            ],
            [
              -6.13330050906149,
              53.251862354758089,
              0
            ],
            [
              -6.1333096146185069,
              53.251865948924269,
              0
            ],
            [
              -6.1333181057314885,
              53.251869542454749,
              0
            ],
            [
              -6.1334570455626221,
              53.25191580665637,
              0
            ],
            [
              -6.1336898567270763,
              53.251993597928639,
              0
            ],
            [
              -6.1339183855700545,
              53.252067528577705,
              0
            ],
            [
              -6.1341200788972072,
              53.252133749060548,
              0
            ],
            [
              -6.1341708213274364,
              53.252150722589882,
              0
            ],
            [
              -6.1342045313841469,
              53.252162000459414,
              0
            ],
            [
              -6.134275482202713,
              53.252185734991301,
              0
            ],
            [
              -6.1343607694123614,
              53.252215473445304,
              0
            ],
            [
              -6.1344199877395811,
              53.252239842184707,
              0
            ],
            [
              -6.1344727962686818,
              53.252260659013416,
              0
            ],
            [
              -6.1344889279115318,
              53.252266736004508,
              0
            ],
            [
              -6.1345069326199004,
              53.252272132225308,
              0
            ],
            [
              -6.1345213677226438,
              53.252276555753809,
              0
            ],
            [
              -6.1345352347473421,
              53.252280601863923,
              0
            ],
            [
              -6.1346379674636573,
              53.252314819747333,
              0
            ],
            [
              -6.1348767798189581,
              53.252392909322715,
              0
            ],
            [
              -6.1351579376145393,
              53.252485691896744,
              0
            ],
            [
              -6.1353581691770653,
              53.252551150330866,
              0
            ],
            [
              -6.135523895489011,
              53.252606037576776,
              0
            ],
            [
              -6.1355512451074876,
              53.252615741460325,
              0
            ],
            [
              -6.1355657663801866,
              53.252618188756543,
              0
            ],
            [
              -6.135594599249595,
              53.252623080063756,
              0
            ],
            [
              -6.1356509063947691,
              53.252634809869015,
              0
            ],
            [
              -6.1357191081126139,
              53.252648388556629,
              0
            ],
            [
              -6.1358439170608436,
              53.252673692623389,
              0
            ],
            [
              -6.1359684802581684,
              53.25269810286153,
              0
            ],
            [
              -6.1361513397729057,
              53.252736071326254,
              0
            ],
            [
              -6.1361624900656118,
              53.252718844119734,
              0
            ],
            [
              -6.136340803028995,
              53.252757631046094,
              0
            ],
            [
              -6.1365159767488988,
              53.252793824899335,
              0
            ],
            [
              -6.1365941761205951,
              53.252810840166589,
              0
            ],
            [
              -6.1366091962704887,
              53.252815605157203,
              0
            ],
            [
              -6.1366194296854966,
              53.252820502043257,
              0
            ],
            [
              -6.1366284589215772,
              53.252825173368628,
              0
            ],
            [
              -6.1366341623088578,
              53.252830502781947,
              0
            ],
            [
              -6.1366430206476394,
              53.252838416252544,
              0
            ],
            [
              -6.1367047865651267,
              53.25289249442833,
              0
            ],
            [
              -6.1368375230306462,
              53.253007850474788,
              0
            ],
            [
              -6.1370310070389822,
              53.253173852849066,
              0
            ],
            [
              -6.1370416720193335,
              53.253183065489367,
              0
            ],
            [
              -6.1372250394663999,
              53.253339340340119,
              0
            ],
            [
              -6.1377824301546529,
              53.253829328758194,
              0
            ],
            [
              -6.1381133403851651,
              53.254129159326816,
              0
            ],
            [
              -6.1385923261679087,
              53.254539343158278,
              0
            ],
            [
              -6.1389671790724973,
              53.25483330854501,
              0
            ],
            [
              -6.1391111061862063,
              53.254887232809523,
              0
            ],
            [
              -6.1391883004596952,
              53.254911905845617,
              0
            ],
            [
              -6.1391821318699336,
              53.254925220247031,
              0
            ],
            [
              -6.1390912913600859,
              53.254957327856246,
              0
            ],
            [
              -6.1391892821022642,
              53.255090236830405,
              0
            ],
            [
              -6.1392042236463489,
              53.255105641635119,
              0
            ],
            [
              -6.1392344196016877,
              53.255137185981795,
              0
            ],
            [
              -6.1392133793690498,
              53.255144429340334,
              0
            ],
            [
              -6.1387511237716508,
              53.255309988738233,
              0
            ],
            [
              -6.1387454953037404,
              53.25531199873982,
              0
            ],
            [
              -6.1386693807277712,
              53.255339698869911,
              0
            ],
            [
              -6.1385914616484971,
              53.255367532562175,
              0
            ],
            [
              -6.1385155621077123,
              53.255396143782761,
              0
            ],
            [
              -6.1384557493386058,
              53.25541775255747,
              0
            ],
            [
              -6.1384225753304911,
              53.255430285603346,
              0
            ],
            [
              -6.1384045134668481,
              53.255445490532111,
              0
            ],
            [
              -6.1383548273091293,
              53.255486204988834,
              0
            ],
            [
              -6.1382908339154314,
              53.255539531401588,
              0
            ],
            [
              -6.1382265791828505,
              53.255592314393915,
              0
            ],
            [
              -6.1381721847825146,
              53.255636514642646,
              0
            ],
            [
              -6.1381200022453388,
              53.255678789945314,
              0
            ],
            [
              -6.1380632349132735,
              53.255726890001114,
              0
            ],
            [
              -6.1380087868041597,
              53.255771628642293,
              0
            ],
            [
              -6.1379602821591703,
              53.255812729920024,
              0
            ],
            [
              -6.1379095734704316,
              53.255855225902295,
              0
            ],
            [
              -6.1379456462742814,
              53.255872238244621,
              0
            ],
            [
              -6.137891889380648,
              53.255911064269846,
              0
            ],
            [
              -6.1377864107123843,
              53.25598947610635,
              0
            ],
            [
              -6.1377278395612827,
              53.25603008744271,
              0
            ],
            [
              -6.1375124813876472,
              53.256110161844113,
              0
            ],
            [
              -6.1371765443151629,
              53.256234596780793,
              0
            ],
            [
              -6.1371435982691827,
              53.256202199974119,
              0
            ],
            [
              -6.1370303132194008,
              53.256243600707279,
              0
            ],
            [
              -6.1369305820062268,
              53.256279730263252,
              0
            ],
            [
              -6.1367693007832544,
              53.256336002374596,
              0
            ],
            [
              -6.1365701133283244,
              53.256408463015973,
              0
            ],
            [
              -6.1365367844478573,
              53.256376949907619,
              0
            ],
            [
              -6.1364146899863066,
              53.256420648192481,
              0
            ],
            [
              -6.1362567779460546,
              53.256480414856696,
              0
            ],
            [
              -6.1361187408359186,
              53.256529490298227,
              0
            ],
            [
              -6.1359305864759399,
              53.256602562845963,
              0
            ],
            [
              -6.1357501784643906,
              53.256443860618432,
              0
            ],
            [
              -6.1354924287671917,
              53.256524047653627,
              0
            ],
            [
              -6.1365534224587792,
              53.257436407022936,
              0
            ],
            [
              -6.1370098516480676,
              53.257851032336291,
              0
            ],
            [
              -6.1377661761531233,
              53.25850742074973,
              0
            ],
            [
              -6.138308056600712,
              53.259191148555502,
              0
            ],
            [
              -6.1383462427208206,
              53.259294057289239,
              0
            ],
            [
              -6.1383886043578668,
              53.259310572657341,
              0
            ],
            [
              -6.1384969482393004,
              53.259310169547049,
              0
            ],
            [
              -6.1385421992395273,
              53.259394691309055,
              0
            ],
            [
              -6.1384786142210208,
              53.259410460766915,
              0
            ],
            [
              -6.1384345274245673,
              53.259460060561338,
              0
            ],
            [
              -6.1386290245376118,
              53.259970175217184,
              0
            ],
            [
              -6.1386416290562815,
              53.260001802698355,
              0
            ],
            [
              -6.1387101978154899,
              53.260032208897066,
              0
            ],
            [
              -6.1388384955521502,
              53.260055166010723,
              0
            ],
            [
              -6.1389177218362097,
              53.260081547205203,
              0
            ],
            [
              -6.1395643462748932,
              53.260561001549988,
              0
            ],
            [
              -6.1402788312185228,
              53.261087609837432,
              0
            ],
            [
              -6.140481546750312,
              53.261247924710503,
              0
            ],
            [
              -6.1406711791448139,
              53.26126390707315,
              0
            ],
            [
              -6.1416227367841802,
              53.26085819989909,
              0
            ],
            [
              -6.1416641147757041,
              53.260894248508613,
              0
            ],
            [
              -6.1417516587446945,
              53.260852193971736,
              0
            ],
            [
              -6.1417763735551683,
              53.260841019287732,
              0
            ],
            [
              -6.1418465020404964,
              53.260808082462297,
              0
            ],
            [
              -6.1418723203143717,
              53.260795865228395,
              0
            ],
            [
              -6.142120300660002,
              53.260718142981254,
              0
            ],
            [
              -6.1421774993290876,
              53.260762151843778,
              0
            ],
            [
              -6.1422596464570436,
              53.260825766706127,
              0
            ],
            [
              -6.1423440408329721,
              53.260890108638883,
              0
            ],
            [
              -6.1424308734874087,
              53.260956304163692,
              0
            ],
            [
              -6.1425134404346924,
              53.261019242268382,
              0
            ],
            [
              -6.142525600253598,
              53.261028519026389,
              0
            ],
            [
              -6.1426028882683461,
              53.261088750192165,
              0
            ],
            [
              -6.1426880365365308,
              53.261155090054601,
              0
            ],
            [
              -6.1427733159972258,
              53.261221521781799,
              0
            ],
            [
              -6.1428131776023056,
              53.261252604534398,
              0
            ],
            [
              -6.142856679822156,
              53.261286503432679,
              0
            ],
            [
              -6.1428717974834299,
              53.261298441861236,
              0
            ],
            [
              -6.142941297744688,
              53.261353338193892,
              0
            ],
            [
              -6.1428889113056266,
              53.261377779411269,
              0
            ],
            [
              -6.142807155808292,
              53.261685580583887,
              0
            ],
            [
              -6.1429442373600018,
              53.261782917815026,
              0
            ],
            [
              -6.1432568791273336,
              53.261845452365613,
              0
            ],
            [
              -6.1432724373594247,
              53.26189933565194,
              0
            ],
            [
              -6.1432465739193223,
              53.261928435386011,
              0
            ],
            [
              -6.1432693600074995,
              53.261970362543352,
              0
            ],
            [
              -6.1433158860771231,
              53.261986185066093,
              0
            ],
            [
              -6.1433450307819069,
              53.262030546436719,
              0
            ],
            [
              -6.1432498527352335,
              53.262110866365411,
              0
            ],
            [
              -6.1428200258112762,
              53.262223522600927,
              0
            ],
            [
              -6.142767342015067,
              53.262252204355107,
              0
            ],
            [
              -6.1426897249326453,
              53.262288543100169,
              0
            ],
            [
              -6.1427345722155593,
              53.262323699792432,
              0
            ],
            [
              -6.14275006424905,
              53.262336727166939,
              0
            ],
            [
              -6.1427846340279046,
              53.262366451112378,
              0
            ],
            [
              -6.1428456247368901,
              53.262418841959047,
              0
            ],
            [
              -6.1428548268486836,
              53.262426158068422,
              0
            ],
            [
              -6.1428910252224274,
              53.262454280456126,
              0
            ],
            [
              -6.142940308694973,
              53.262490750176624,
              0
            ],
            [
              -6.1429906720223624,
              53.262527901840194,
              0
            ],
            [
              -6.1430280336295837,
              53.262555476037861,
              0
            ],
            [
              -6.1430865224546114,
              53.262598156268417,
              0
            ],
            [
              -6.1431157660329241,
              53.262619689609984,
              0
            ],
            [
              -6.1431534042617706,
              53.262647456832319,
              0
            ],
            [
              -6.143199405457425,
              53.262681843934523,
              0
            ],
            [
              -6.1432500688489275,
              53.262719000158462,
              0
            ],
            [
              -6.1432851268715565,
              53.262744390163959,
              0
            ],
            [
              -6.1433276338642786,
              53.262776736352329,
              0
            ],
            [
              -6.1433684438167679,
              53.262807078645729,
              0
            ],
            [
              -6.143399186542033,
              53.262828617288768,
              0
            ],
            [
              -6.1434289839442267,
              53.26285086925968,
              0
            ],
            [
              -6.1434579134610932,
              53.262872739181368,
              0
            ],
            [
              -6.1435010971890431,
              53.262903657702857,
              0
            ],
            [
              -6.1435370000807312,
              53.262929968617669,
              0
            ],
            [
              -6.1435546329554462,
              53.262943384266947,
              0
            ],
            [
              -6.1435862432068031,
              53.262965664430752,
              0
            ],
            [
              -6.1436351871854944,
              53.263001346575514,
              0
            ],
            [
              -6.143659501419398,
              53.263019369445331,
              0
            ],
            [
              -6.1436925404189111,
              53.263042930205174,
              0
            ],
            [
              -6.1437356937484635,
              53.263074558248036,
              0
            ],
            [
              -6.1437757217509299,
              53.263102200690476,
              0
            ],
            [
              -6.1438215097154307,
              53.263134957323921,
              0
            ],
            [
              -6.1438562224964857,
              53.263161411397661,
              0
            ],
            [
              -6.1439443581473769,
              53.263223293634198,
              0
            ],
            [
              -6.1439719597061107,
              53.263241915916375,
              0
            ],
            [
              -6.1440073343441979,
              53.263266591560125,
              0
            ],
            [
              -6.1440395909927439,
              53.263287803057018,
              0
            ],
            [
              -6.1440716102967201,
              53.263307572706928,
              0
            ],
            [
              -6.1440971544911713,
              53.263324895563152,
              0
            ],
            [
              -6.1441197801111809,
              53.263340725842284,
              0
            ],
            [
              -6.1441414992954497,
              53.263356371225051,
              0
            ],
            [
              -6.1441672727579881,
              53.263375324533975,
              0
            ],
            [
              -6.1442069557956165,
              53.26340402208578,
              0
            ],
            [
              -6.1442533893648168,
              53.263436078515646,
              0
            ],
            [
              -6.1442845768233436,
              53.26346086865469,
              0
            ],
            [
              -6.1443254585056293,
              53.263489584826083,
              0
            ],
            [
              -6.1443252891637288,
              53.263489756564582,
              0
            ],
            [
              -6.1443841755769535,
              53.26349638000351,
              0
            ],
            [
              -6.1444929417678713,
              53.263538881326369,
              0
            ],
            [
              -6.1445833885759633,
              53.263573219075646,
              0
            ],
            [
              -6.1447369578444233,
              53.263632793492796,
              0
            ],
            [
              -6.1448920322901737,
              53.263692930436832,
              0
            ],
            [
              -6.1450458785334003,
              53.263753398609872,
              0
            ],
            [
              -6.1451959696765153,
              53.263810581318751,
              0
            ],
            [
              -6.1453543029824544,
              53.263871307662768,
              0
            ],
            [
              -6.145507352153996,
              53.26392978538248,
              0
            ],
            [
              -6.145659756028877,
              53.263988980923116,
              0
            ],
            [
              -6.1458145340151953,
              53.264048752498184,
              0
            ],
            [
              -6.1460292796988441,
              53.264133087046979,
              0
            ],
            [
              -6.1459896904829332,
              53.264169569967578,
              0
            ],
            [
              -6.1457035575445822,
              53.264436165844828,
              0
            ]
          ]
        ]
      },
      "properties" : {
        "OBJECTID" : 14,
        "park_name" : "Kilbogget Park",
        "irish_name" : null,
        "previous_n" : null,
        "address" : null,
        "type" : "District Park",
        "type2" : "Other",
        "Shape_Length" : 5382.720493812405,
        "Shape_Area" : 398542.21059127734
      }
    },
    {
      "type" : "Feature",
      "id" : 15,
      "geometry" : {
        "type" : "Polygon",
        "coordinates" : [
          [
            [
              -6.2690706303217301,
              53.287571535626746,
              0
            ],
            [
              -6.2690879130478274,
              53.287571486310569,
              0
            ],
            [
              -6.2690704873732468,
              53.287603232176842,
              0
            ],
            [
              -6.2690627331996129,
              53.287617355993753,
              0
            ],
            [
              -6.2690520826444507,
              53.287617381144017,
              0
            ],
            [
              -6.2690504953204549,
              53.287728621919292,
              0
            ],
            [
              -6.2690462267409028,
              53.287994151764018,
              0
            ],
            [
              -6.2690375208728373,
              53.288179068688017,
              0
            ],
            [
              -6.2690340719308244,
              53.288252468247443,
              0
            ],
            [
              -6.2690338934494099,
              53.288256140924126,
              0
            ],
            [
              -6.2690316940968644,
              53.288290506769286,
              0
            ],
            [
              -6.2690286939414479,
              53.288337705101128,
              0
            ],
            [
              -6.2690264402313733,
              53.288381911317217,
              0
            ],
            [
              -6.2689583946505962,
              53.288379495252734,
              0
            ],
            [
              -6.2689557757345931,
              53.288432398523639,
              0
            ],
            [
              -6.2689532167631565,
              53.28848378186396,
              0
            ],
            [
              -6.2689251331621723,
              53.288503920237325,
              0
            ],
            [
              -6.2688638875341747,
              53.288549599733287,
              0
            ],
            [
              -6.2687896351817702,
              53.288604302341767,
              0
            ],
            [
              -6.2687774494668433,
              53.288618137992216,
              0
            ],
            [
              -6.2687912304182278,
              53.288626392388771,
              0
            ],
            [
              -6.2688069585453352,
              53.28863916734786,
              0
            ],
            [
              -6.2688257462635928,
              53.288654881819582,
              0
            ],
            [
              -6.268847650172269,
              53.288685194296065,
              0
            ],
            [
              -6.268868554128133,
              53.288712452447427,
              0
            ],
            [
              -6.2688790254226001,
              53.288745061696069,
              0
            ],
            [
              -6.2688762148732566,
              53.28876968446243,
              0
            ],
            [
              -6.268874207721634,
              53.288787792573892,
              0
            ],
            [
              -6.2688663069126793,
              53.288816627901738,
              0
            ],
            [
              -6.2688542842924715,
              53.288844272673529,
              0
            ],
            [
              -6.2688278160451931,
              53.288871158535798,
              0
            ],
            [
              -6.2688100401868683,
              53.288887879127813,
              0
            ],
            [
              -6.2687676555958021,
              53.288921887120836,
              0
            ],
            [
              -6.2687546597606296,
              53.288937652453875,
              0
            ],
            [
              -6.2687549965739677,
              53.288950096088726,
              0
            ],
            [
              -6.2687649882039409,
              53.288958213676572,
              0
            ],
            [
              -6.2687783495116216,
              53.28896905866624,
              0
            ],
            [
              -6.2687997437202805,
              53.288987830114372,
              0
            ],
            [
              -6.268820539544774,
              53.289005894488987,
              0
            ],
            [
              -6.268835135495908,
              53.289016254059327,
              0
            ],
            [
              -6.2688537428643105,
              53.289034652473561,
              0
            ],
            [
              -6.2688875755350235,
              53.289082977867977,
              0
            ],
            [
              -6.2689324377067486,
              53.289163912507462,
              0
            ],
            [
              -6.2689345287492033,
              53.289171924369455,
              0
            ],
            [
              -6.2689354178709493,
              53.289182209869622,
              0
            ],
            [
              -6.2689410671365842,
              53.289193888435129,
              0
            ],
            [
              -6.2689447889157286,
              53.289207162283276,
              0
            ],
            [
              -6.2689663793998749,
              53.289264156091988,
              0
            ],
            [
              -6.2689709483067313,
              53.28927732808733,
              0
            ],
            [
              -6.2689760173901661,
              53.289293265816411,
              0
            ],
            [
              -6.2689869219494687,
              53.289331488168258,
              0
            ],
            [
              -6.2689901545775806,
              53.289345063207996,
              0
            ],
            [
              -6.268991545899782,
              53.28935850995056,
              0
            ],
            [
              -6.2689945316168725,
              53.289373294810062,
              0
            ],
            [
              -6.2689970480793953,
              53.289387146175748,
              0
            ],
            [
              -6.2689990484082783,
              53.289396289230062,
              0
            ],
            [
              -6.2690033095322661,
              53.289409951105547,
              0
            ],
            [
              -6.2690085977425269,
              53.289429818949927,
              0
            ],
            [
              -6.2690101999641774,
              53.289441759638144,
              0
            ],
            [
              -6.2690121452583627,
              53.28944777490517,
              0
            ],
            [
              -6.2690113508961769,
              53.289459260155162,
              0
            ],
            [
              -6.2690083787578237,
              53.289509398020506,
              0
            ],
            [
              -6.2690057361358917,
              53.289558100762527,
              0
            ],
            [
              -6.2690024129980539,
              53.28961506454862,
              0
            ],
            [
              -6.2689981604548013,
              53.289672384256136,
              0
            ],
            [
              -6.2689955492020921,
              53.289718752322997,
              0
            ],
            [
              -6.2689923782760246,
              53.289760078883774,
              0
            ],
            [
              -6.2689904020642988,
              53.289803391199527,
              0
            ],
            [
              -6.2689877588602689,
              53.289851736201172,
              0
            ],
            [
              -6.2689853892535954,
              53.289903293954573,
              0
            ],
            [
              -6.2689824706857866,
              53.289949137142749,
              0
            ],
            [
              -6.2689811391862813,
              53.289987596211311,
              0
            ],
            [
              -6.2689773896032293,
              53.29002802274227,
              0
            ],
            [
              -6.2689735926765024,
              53.290100449202015,
              0
            ],
            [
              -6.2689709007209258,
              53.29015255864207,
              0
            ],
            [
              -6.2689678920561009,
              53.290180595835324,
              0
            ],
            [
              -6.2689663302124892,
              53.290213658650778,
              0
            ],
            [
              -6.2689639818183585,
              53.290235753456543,
              0
            ],
            [
              -6.2689630033097954,
              53.290269191457881,
              0
            ],
            [
              -6.2689610876449091,
              53.290306923888451,
              0
            ],
            [
              -6.2689588598891648,
              53.290345029291622,
              0
            ],
            [
              -6.2689572489579124,
              53.290381865530115,
              0
            ],
            [
              -6.2689549623321046,
              53.290422836408545,
              0
            ],
            [
              -6.268951846600066,
              53.290460569392728,
              0
            ],
            [
              -6.2689501555274951,
              53.290505323052983,
              0
            ],
            [
              -6.2689505534038998,
              53.290549720547311,
              0
            ],
            [
              -6.2689514161151383,
              53.290580284791311,
              0
            ],
            [
              -6.2689516388536379,
              53.290614434117266,
              0
            ],
            [
              -6.2689506887532405,
              53.290644980133081,
              0
            ],
            [
              -6.2689518810750835,
              53.290673031572759,
              0
            ],
            [
              -6.2689522525939179,
              53.290693521924943,
              0
            ],
            [
              -6.2689528010814106,
              53.29072480875022,
              0
            ],
            [
              -6.2689545981745969,
              53.29075159264778,
              0
            ],
            [
              -6.2689552515845222,
              53.29077442311965,
              0
            ],
            [
              -6.2689556232770789,
              53.290795280191702,
              0
            ],
            [
              -6.2689559185181878,
              53.290821700735265,
              0
            ],
            [
              -6.2689580334033632,
              53.290848490144647,
              0
            ],
            [
              -6.2689596503803244,
              53.29086485233001,
              0
            ],
            [
              -6.2689630397370602,
              53.290883383027172,
              0
            ],
            [
              -6.2689671575115371,
              53.290917732707335,
              0
            ],
            [
              -6.2689750897190066,
              53.290985698721627,
              0
            ],
            [
              -6.2689804740498083,
              53.291040551744899,
              0
            ],
            [
              -6.2689864289545252,
              53.291098099616924,
              0
            ],
            [
              -6.2689931655374362,
              53.291167144828606,
              0
            ],
            [
              -6.2689988093017073,
              53.291225228371374,
              0
            ],
            [
              -6.2690049891391055,
              53.291289419971768,
              0
            ],
            [
              -6.2690123426452677,
              53.291356490444812,
              0
            ],
            [
              -6.2690186435086472,
              53.291409898885242,
              0
            ],
            [
              -6.269022067043589,
              53.291452516593878,
              0
            ],
            [
              -6.2690270113678377,
              53.291493880057466,
              0
            ],
            [
              -6.2690333500362181,
              53.291544054199406,
              0
            ],
            [
              -6.2690379775865575,
              53.291585053536302,
              0
            ],
            [
              -6.2690424088163494,
              53.291617960663039,
              0
            ],
            [
              -6.2690463376325312,
              53.291641701543256,
              0
            ],
            [
              -6.2690524705631452,
              53.291657008454571,
              0
            ],
            [
              -6.2690580481342906,
              53.291668539459771,
              0
            ],
            [
              -6.2690680871755537,
              53.291682958414967,
              0
            ],
            [
              -6.269082937329971,
              53.291697034650589,
              0
            ],
            [
              -6.2690992799718384,
              53.291710222945596,
              0
            ],
            [
              -6.2691168655363789,
              53.291720904501311,
              0
            ],
            [
              -6.2691410289211431,
              53.291733219412706,
              0
            ],
            [
              -6.2691610166210117,
              53.291741922478465,
              0
            ],
            [
              -6.2691780269388238,
              53.291749728446447,
              0
            ],
            [
              -6.2692028580983479,
              53.29175665833403,
              0
            ],
            [
              -6.269262965112409,
              53.291773421874147,
              0
            ],
            [
              -6.2693146863120655,
              53.291789453373802,
              0
            ],
            [
              -6.2693613314141894,
              53.291802587092462,
              0
            ],
            [
              -6.2694026141177277,
              53.291814079023425,
              0
            ],
            [
              -6.2694340013641368,
              53.291823182079675,
              0
            ],
            [
              -6.269461510906468,
              53.291831023536453,
              0
            ],
            [
              -6.2694809782526919,
              53.291835234794519,
              0
            ],
            [
              -6.2695046128494925,
              53.291840187830637,
              0
            ],
            [
              -6.2695489435413077,
              53.291847195701017,
              0
            ],
            [
              -6.2696120999387128,
              53.291858591535195,
              0
            ],
            [
              -6.2697157164425361,
              53.291874816868663,
              0
            ],
            [
              -6.269814511552708,
              53.29189301426716,
              0
            ],
            [
              -6.2698998410423901,
              53.291908822194685,
              0
            ],
            [
              -6.2699869377568289,
              53.291925519464158,
              0
            ],
            [
              -6.2700683554737884,
              53.291942024624163,
              0
            ],
            [
              -6.270130306220647,
              53.291954679011411,
              0
            ],
            [
              -6.2701874736324275,
              53.291966952085822,
              0
            ],
            [
              -6.2702775579753878,
              53.291985821780884,
              0
            ],
            [
              -6.2703787199659349,
              53.292008158840694,
              0
            ],
            [
              -6.270445466035909,
              53.29202172031767,
              0
            ],
            [
              -6.2705094991365646,
              53.292035636988757,
              0
            ],
            [
              -6.2706256210167153,
              53.292060554705671,
              0
            ],
            [
              -6.2706665731962721,
              53.292069399776452,
              0
            ],
            [
              -6.270695943508354,
              53.292075748930287,
              0
            ],
            [
              -6.2707510118787209,
              53.292087297403661,
              0
            ],
            [
              -6.2708102656394775,
              53.292100291623761,
              0
            ],
            [
              -6.2708862792748263,
              53.292116942557215,
              0
            ],
            [
              -6.2709386499931261,
              53.292127948486979,
              0
            ],
            [
              -6.2709682838109595,
              53.292134535086639,
              0
            ],
            [
              -6.2709964257693054,
              53.292140398070515,
              0
            ],
            [
              -6.2710146773622979,
              53.29214389037007,
              0
            ],
            [
              -6.2710317543250209,
              53.292145935616546,
              0
            ],
            [
              -6.2710509562215684,
              53.29214673535035,
              0
            ],
            [
              -6.2710647615830828,
              53.292146252419364,
              0
            ],
            [
              -6.2710776629389757,
              53.292144678697241,
              0
            ],
            [
              -6.2710884960718705,
              53.292142389188513,
              0
            ],
            [
              -6.2711002289260049,
              53.292138659336182,
              0
            ],
            [
              -6.2711107820209717,
              53.292134389265662,
              0
            ],
            [
              -6.271121040800427,
              53.292129569344809,
              0
            ],
            [
              -6.2711279884502549,
              53.292125094198674,
              0
            ],
            [
              -6.271135252587059,
              53.292119394058631,
              0
            ],
            [
              -6.2711401075009556,
              53.292114735770639,
              0
            ],
            [
              -6.2711440459949017,
              53.292110074082522,
              0
            ],
            [
              -6.271147425603731,
              53.292102536164805,
              0
            ],
            [
              -6.2711602989381863,
              53.292078328906513,
              0
            ],
            [
              -6.2711681036529949,
              53.292062957237448,
              0
            ],
            [
              -6.2711691443422133,
              53.292058360493805,
              0
            ],
            [
              -6.2711653669608296,
              53.292055727020099,
              0
            ],
            [
              -6.2711379232199791,
              53.292051445331971,
              0
            ],
            [
              -6.2711311087844805,
              53.292049279250577,
              0
            ],
            [
              -6.2711299611545499,
              53.292045380618852,
              0
            ],
            [
              -6.2711350547967557,
              53.292035925208566,
              0
            ],
            [
              -6.2713917754587509,
              53.291569027181104,
              0
            ],
            [
              -6.2713930733913124,
              53.291565117265847,
              0
            ],
            [
              -6.2714014159441041,
              53.291562129195746,
              0
            ],
            [
              -6.2714250883922631,
              53.291565069048467,
              0
            ],
            [
              -6.271430369876323,
              53.291562809584669,
              0
            ],
            [
              -6.2714327558097613,
              53.291558665569838,
              0
            ],
            [
              -6.2714450106014263,
              53.291536803317086,
              0
            ],
            [
              -6.2714689155720169,
              53.291491965396652,
              0
            ],
            [
              -6.2714943238181311,
              53.291447492611034,
              0
            ],
            [
              -6.2715197265051783,
              53.291400852690572,
              0
            ],
            [
              -6.2715341201623298,
              53.291374312528397,
              0
            ],
            [
              -6.2715497399747884,
              53.291345973628097,
              0
            ],
            [
              -6.2715534201470131,
              53.291339161806057,
              0
            ],
            [
              -6.2715295336761594,
              53.291316595892773,
              0
            ],
            [
              -6.271537099912738,
              53.291301290850399,
              0
            ],
            [
              -6.2715479426563236,
              53.291279363177686,
              0
            ],
            [
              -6.271550131781062,
              53.291274928686093,
              0
            ],
            [
              -6.2715533013304157,
              53.291268503144373,
              0
            ],
            [
              -6.2715575408314681,
              53.291264222410504,
              0
            ],
            [
              -6.2715653794190747,
              53.291261379823055,
              0
            ],
            [
              -6.2715816103424897,
              53.291258029711706,
              0
            ],
            [
              -6.2715909301841117,
              53.291255727211343,
              0
            ],
            [
              -6.2715981811396952,
              53.291250719840846,
              0
            ],
            [
              -6.2716021965460316,
              53.291241214626545,
              0
            ],
            [
              -6.2716153976767837,
              53.291214485494706,
              0
            ],
            [
              -6.2716371953767949,
              53.291169816533348,
              0
            ],
            [
              -6.2716525220179333,
              53.291139855498692,
              0
            ],
            [
              -6.2716651266177399,
              53.291113298377176,
              0
            ],
            [
              -6.2716777120839566,
              53.291086211573493,
              0
            ],
            [
              -6.2716927451928939,
              53.29105679455774,
              0
            ],
            [
              -6.2717053226794643,
              53.291031316518783,
              0
            ],
            [
              -6.2717142507458119,
              53.291011220732649,
              0
            ],
            [
              -6.2715622567259421,
              53.290975394650886,
              0
            ],
            [
              -6.2712032303077452,
              53.290889646836206,
              0
            ],
            [
              -6.271213883867671,
              53.290847628775403,
              0
            ],
            [
              -6.2712248975241858,
              53.290802190540496,
              0
            ],
            [
              -6.2712383726199725,
              53.290750848604183,
              0
            ],
            [
              -6.2712503118481928,
              53.290702547569389,
              0
            ],
            [
              -6.2712613395207368,
              53.290654234216312,
              0
            ],
            [
              -6.2712732732127296,
              53.290607183353877,
              0
            ],
            [
              -6.2712855082238752,
              53.290559059176196,
              0
            ],
            [
              -6.2712965014590978,
              53.290514159928129,
              0
            ],
            [
              -6.2713081331850642,
              53.290466412594284,
              0
            ],
            [
              -6.2713304671366696,
              53.290373206319217,
              0
            ],
            [
              -6.2713458078454822,
              53.290315032538381,
              0
            ],
            [
              -6.2713599671096141,
              53.290255951798223,
              0
            ],
            [
              -6.2713712557063888,
              53.290212315168773,
              0
            ],
            [
              -6.2713835073512705,
              53.290162212923072,
              0
            ],
            [
              -6.271391108530878,
              53.290125939877981,
              0
            ],
            [
              -6.2714052280457855,
              53.290070812454147,
              0
            ],
            [
              -6.2714221762031572,
              53.290003656710972,
              0
            ],
            [
              -6.2714357047791838,
              53.28994726237157,
              0
            ],
            [
              -6.2714476308117071,
              53.289900391141551,
              0
            ],
            [
              -6.2714711679141111,
              53.28980523386668,
              0
            ],
            [
              -6.2714843259261146,
              53.289754596469216,
              0
            ],
            [
              -6.271496981444777,
              53.289704626797992,
              0
            ],
            [
              -6.2715003343743989,
              53.289691389978223,
              0
            ],
            [
              -6.271659528815138,
              53.289700302984116,
              0
            ],
            [
              -6.2718324127034144,
              53.289708687938777,
              0
            ],
            [
              -6.2718786961565831,
              53.289711048508188,
              0
            ],
            [
              -6.2719839131531048,
              53.289716500299406,
              0
            ],
            [
              -6.2720116649934505,
              53.289567429105844,
              0
            ],
            [
              -6.2718521890808896,
              53.289557621759641,
              0
            ],
            [
              -6.2717724700339517,
              53.28955226887156,
              0
            ],
            [
              -6.2717410079435298,
              53.289550213863805,
              0
            ],
            [
              -6.2715179555807037,
              53.289536517570603,
              0
            ],
            [
              -6.2715145253751565,
              53.289467664249116,
              0
            ],
            [
              -6.2714827722736546,
              53.289463939444921,
              0
            ],
            [
              -6.2714710999506167,
              53.289461730821451,
              0
            ],
            [
              -6.2714378377123019,
              53.289456746456182,
              0
            ],
            [
              -6.2713420428181301,
              53.289440894833682,
              0
            ],
            [
              -6.2713185388711334,
              53.289436411432277,
              0
            ],
            [
              -6.271329961631805,
              53.289415786481904,
              0
            ],
            [
              -6.271337063160404,
              53.289402956348113,
              0
            ],
            [
              -6.271361254058764,
              53.289358104610393,
              0
            ],
            [
              -6.2713888192592346,
              53.289307361498921,
              0
            ],
            [
              -6.2714127017138654,
              53.28926342207339,
              0
            ],
            [
              -6.2714418219211359,
              53.289208712539264,
              0
            ],
            [
              -6.2714779207289792,
              53.289143433398188,
              0
            ],
            [
              -6.2715030152813327,
              53.289099672414039,
              0
            ],
            [
              -6.2714999622337677,
              53.28905004936798,
              0
            ],
            [
              -6.2714973965979279,
              53.288983895139779,
              0
            ],
            [
              -6.2714959817260523,
              53.28892349294896,
              0
            ],
            [
              -6.271494469096778,
              53.288870639409978,
              0
            ],
            [
              -6.2714943655731412,
              53.288826055647213,
              0
            ],
            [
              -6.2714913320067645,
              53.288774464470059,
              0
            ],
            [
              -6.2714903320647339,
              53.288749112300216,
              0
            ],
            [
              -6.2714894623244035,
              53.288727185614817,
              0
            ],
            [
              -6.2716738424089966,
              53.28873564849556,
              0
            ],
            [
              -6.2716804701048927,
              53.288679594515678,
              0
            ],
            [
              -6.2717101509729609,
              53.28868079771231,
              0
            ],
            [
              -6.2717383843625516,
              53.288681072115466,
              0
            ],
            [
              -6.2717624846087974,
              53.28841771727064,
              0
            ],
            [
              -6.271767995636953,
              53.28835751433467,
              0
            ],
            [
              -6.271768263788168,
              53.2883545871763,
              0
            ],
            [
              -6.2717737763334194,
              53.288294383362746,
              0
            ],
            [
              -6.2717848448877858,
              53.288233505968996,
              0
            ],
            [
              -6.2717877115020615,
              53.288218971388375,
              0
            ],
            [
              -6.2717979809199145,
              53.288162580993678,
              0
            ],
            [
              -6.271819311234367,
              53.288048138073279,
              0
            ],
            [
              -6.2718417100147681,
              53.287890423564043,
              0
            ],
            [
              -6.271867053321051,
              53.287725974636842,
              0
            ],
            [
              -6.2718823416917315,
              53.287702871890588,
              0
            ],
            [
              -6.2718582056029142,
              53.28767538676572,
              0
            ],
            [
              -6.2718656162121738,
              53.287650093576104,
              0
            ],
            [
              -6.2718615267793574,
              53.287624652587027,
              0
            ],
            [
              -6.2718480941967671,
              53.287546852164461,
              0
            ],
            [
              -6.2718264211050876,
              53.28752300878687,
              0
            ],
            [
              -6.271406953892753,
              53.287553015055884,
              0
            ],
            [
              -6.2713838590499531,
              53.28757524147305,
              0
            ],
            [
              -6.2713735132216248,
              53.287575855480135,
              0
            ],
            [
              -6.2713109829439206,
              53.28757955986719,
              0
            ],
            [
              -6.2712537434654907,
              53.287582953539754,
              0
            ],
            [
              -6.2710741168507438,
              53.287589877456575,
              0
            ],
            [
              -6.2709092015175694,
              53.287596095846027,
              0
            ],
            [
              -6.270789649480399,
              53.287600770687398,
              0
            ],
            [
              -6.2707209979121066,
              53.28760001773604,
              0
            ],
            [
              -6.270634917915582,
              53.28759957912397,
              0
            ],
            [
              -6.2703794556150703,
              53.287597562581318,
              0
            ],
            [
              -6.2702220497212853,
              53.287595441858372,
              0
            ],
            [
              -6.2699416553697356,
              53.287586079762654,
              0
            ],
            [
              -6.2697266064108854,
              53.287577591569473,
              0
            ],
            [
              -6.2696670663999816,
              53.287573735384335,
              0
            ],
            [
              -6.2694201537112368,
              53.287559068646999,
              0
            ],
            [
              -6.2692585990640692,
              53.287548267667319,
              0
            ],
            [
              -6.2692152683888391,
              53.287544609685952,
              0
            ],
            [
              -6.2690704434464992,
              53.287535197284775,
              0
            ],
            [
              -6.2690707276959508,
              53.287550019329913,
              0
            ],
            [
              -6.2690706303217301,
              53.287571535626746,
              0
            ]
          ]
        ]
      },
      "properties" : {
        "OBJECTID" : 15,
        "park_name" : "Loreto Park",
        "irish_name" : " ",
        "previous_n" : " ",
        "address" : "Nutgrove, Dublin 14",
        "type" : "Local Park",
        "type2" : "Other",
        "Shape_Length" : 1460.4734388490167,
        "Shape_Area" : 83125.047974595189
      }
    }
  ]
}